tiempo_ms,ax,ay,az,etiqueta,muestra_id,grabacion_id
3008,1192,1760,12620,CD,0,D1_pwm150_grab1
3013,688,258,10116,CD,0,D1_pwm150_grab1
3022,-206,180,9540,CD,0,D1_pwm150_grab1
3027,-644,492,11394,CD,0,D1_pwm150_grab1
3032,3352,52,10828,CD,0,D1_pwm150_grab1
3037,676,-240,10430,CD,0,D1_pwm150_grab1
3043,706,542,9542,CD,0,D1_pwm150_grab1
3048,-2774,-1434,10668,CD,0,D1_pwm150_grab1
3052,586,-562,10380,CD,0,D1_pwm150_grab1
3057,242,690,10676,CD,0,D1_pwm150_grab1
3063,3558,132,10784,CD,0,D1_pwm150_grab1
3073,-284,-1472,10998,CD,0,D1_pwm150_grab1
3077,-450,-698,11074,CD,0,D1_pwm150_grab1
3083,2524,386,10630,CD,0,D1_pwm150_grab1
3088,1258,-658,9362,CD,0,D1_pwm150_grab1
3093,190,974,10918,CD,0,D1_pwm150_grab1
3098,-2634,-2912,7638,CD,0,D1_pwm150_grab1
3103,-376,-1624,10832,CD,0,D1_pwm150_grab1
3107,-130,-776,9672,CD,0,D1_pwm150_grab1
3112,2824,2026,12116,CD,0,D1_pwm150_grab1
3117,496,-1254,9690,CD,0,D1_pwm150_grab1
3123,460,-120,9956,CD,0,D1_pwm150_grab1
3127,-2770,-1240,9126,CD,0,D1_pwm150_grab1
3132,1072,266,11016,CD,0,D1_pwm150_grab1
3137,384,-1096,9378,CD,0,D1_pwm150_grab1
3142,-1022,2028,12056,CD,0,D1_pwm150_grab1
3147,-662,-36,9690,CD,0,D1_pwm150_grab1
3153,438,-708,10342,CD,0,D1_pwm150_grab1
3158,-2840,-1100,9116,CD,0,D1_pwm150_grab1
3164,1008,212,10934,CD,0,D1_pwm150_grab1
3168,448,-996,9152,CD,0,D1_pwm150_grab1
3173,-820,2170,12082,CD,0,D1_pwm150_grab1
3178,-618,-44,9652,CD,0,D1_pwm150_grab1
3183,416,-712,10356,CD,0,D1_pwm150_grab1
3188,2828,-832,8630,CD,0,D1_pwm150_grab1
3194,1390,1880,12278,CD,0,D1_pwm150_grab1
3200,322,-998,9072,CD,0,D1_pwm150_grab1
3209,-366,210,9194,CD,0,D1_pwm150_grab1
3214,-612,268,11232,CD,0,D1_pwm150_grab1
3223,574,288,11106,CD,0,D1_pwm150_grab1
3228,720,468,9756,CD,0,D1_pwm150_grab1
3238,-270,198,9170,CD,0,D1_pwm150_grab1
3244,54,642,10748,CD,0,D1_pwm150_grab1
3253,164,-2626,7588,CD,0,D1_pwm150_grab1
3259,-228,-818,10078,CD,0,D1_pwm150_grab1
3263,-694,-768,11088,CD,0,D1_pwm150_grab1
3269,2320,238,10620,CD,0,D1_pwm150_grab1
3273,1158,-444,9368,CD,0,D1_pwm150_grab1
3283,100,-2600,7730,CD,0,D1_pwm150_grab1
3289,-462,-1764,10672,CD,0,D1_pwm150_grab1
3294,-196,-726,10050,CD,0,D1_pwm150_grab1
3299,3140,1700,11822,CD,0,D1_pwm150_grab1
3303,614,-1218,9656,CD,0,D1_pwm150_grab1
3308,388,40,10152,CD,0,D1_pwm150_grab1
3314,-3024,-1150,9370,CD,0,D1_pwm150_grab1
3318,-428,-1714,10670,CD,0,D1_pwm150_grab1
3324,-182,-544,10134,CD,0,D1_pwm150_grab1
3329,-644,2248,12202,CD,0,D1_pwm150_grab1
3333,-574,-126,9778,CD,0,D1_pwm150_grab1
3338,560,-812,10304,CD,0,D1_pwm150_grab1
3343,2374,-904,8500,CD,0,D1_pwm150_grab1
3348,1442,1888,12380,CD,0,D1_pwm150_grab1
3353,850,-106,10088,CD,0,D1_pwm150_grab1
3358,-726,2134,12104,CD,0,D1_pwm150_grab1
3364,-590,-36,9730,CD,0,D1_pwm150_grab1
3368,544,-738,10374,CD,0,D1_pwm150_grab1
3378,618,602,11144,CD,0,D1_pwm150_grab1
3383,908,552,9800,CD,0,D1_pwm150_grab1
3393,370,-548,10180,CD,0,D1_pwm150_grab1
3399,-608,168,11170,CD,0,D1_pwm150_grab1
3409,726,566,11038,CD,0,D1_pwm150_grab1
3414,954,498,9552,CD,0,D1_pwm150_grab1
3425,418,-538,10238,CD,0,D1_pwm150_grab1
3430,64,688,10626,CD,0,D1_pwm150_grab1
3439,898,464,10968,CD,0,D1_pwm150_grab1
3444,788,628,9478,CD,0,D1_pwm150_grab1
3454,314,-520,10226,CD,0,D1_pwm150_grab1
3459,1154,-418,9392,CD,0,D1_pwm150_grab1
3465,298,1078,10910,CD,0,D1_pwm150_grab1
3474,-464,-1680,10958,CD,0,D1_pwm150_grab1
3480,-862,-866,11256,CD,0,D1_pwm150_grab1
3485,2228,260,10574,CD,0,D1_pwm150_grab1
3489,1138,-486,9474,CD,0,D1_pwm150_grab1
3494,162,1138,10870,CD,0,D1_pwm150_grab1
3499,-2792,-1144,9374,CD,0,D1_pwm150_grab1
3505,1122,42,10962,CD,0,D1_pwm150_grab1
3510,306,-1028,9270,CD,0,D1_pwm150_grab1
3514,-942,1964,12060,CD,0,D1_pwm150_grab1
3520,-676,-174,9594,CD,0,D1_pwm150_grab1
3524,568,216,9918,CD,0,D1_pwm150_grab1
3529,-2646,-1010,9584,CD,0,D1_pwm150_grab1
3535,1132,134,10856,CD,0,D1_pwm150_grab1
3540,274,-926,9254,CD,0,D1_pwm150_grab1
3550,-326,20,9374,CD,0,D1_pwm150_grab1
3554,-570,150,11184,CD,0,D1_pwm150_grab1
3564,1420,1658,12318,CD,0,D1_pwm150_grab1
3569,736,98,10224,CD,0,D1_pwm150_grab1
3579,-204,90,9374,CD,0,D1_pwm150_grab1
3585,256,576,10314,CD,0,D1_pwm150_grab1
3595,-116,-2678,6908,CD,0,D1_pwm150_grab1
3599,-348,-964,10486,CD,0,D1_pwm150_grab1
3610,562,-376,10582,CD,0,D1_pwm150_grab1
3614,260,504,10120,CD,0,D1_pwm150_grab1
3625,-234,-2720,7072,CD,0,D1_pwm150_grab1
3629,-224,-1466,10708,CD,0,D1_pwm150_grab1
3634,26,-962,9238,CD,0,D1_pwm150_grab1
3640,2668,1782,11990,CD,0,D1_pwm150_grab1
3645,1276,-542,9508,CD,0,D1_pwm150_grab1
3649,406,1114,10560,CD,0,D1_pwm150_grab1
3659,-200,-1480,10680,CD,0,D1_pwm150_grab1
3664,-136,-992,9262,CD,0,D1_pwm150_grab1
3670,2564,1794,12090,CD,0,D1_pwm150_grab1
3676,212,-1050,9888,CD,0,D1_pwm150_grab1
3680,464,-200,9882,CD,0,D1_pwm150_grab1
3690,-152,-1434,10730,CD,0,D1_pwm150_grab1
3696,-174,-922,9002,CD,0,D1_pwm150_grab1
3700,2544,1646,12198,CD,0,D1_pwm150_grab1
3705,132,-1008,9914,CD,0,D1_pwm150_grab1
3710,558,-152,9818,CD,0,D1_pwm150_grab1
3721,1178,1618,12516,CD,0,D1_pwm150_grab1
3726,206,-846,9568,CD,0,D1_pwm150_grab1
3731,-2148,1514,11904,CD,0,D1_pwm150_grab1
3735,-838,-196,9040,CD,0,D1_pwm150_grab1
3740,-246,-530,10696,CD,0,D1_pwm150_grab1
3751,1234,1678,12222,CD,0,D1_pwm150_grab1
3755,608,356,9686,CD,0,D1_pwm150_grab1
3761,-2430,-1174,11186,CD,0,D1_pwm150_grab1
3766,-130,-22,9630,CD,0,D1_pwm150_grab1
3770,-622,230,11032,CD,0,D1_pwm150_grab1
3780,786,-308,9918,CD,0,D1_pwm150_grab1
3786,540,408,9640,CD,0,D1_pwm150_grab1
3790,-2590,-1174,11204,CD,0,D1_pwm150_grab1
3796,926,-110,10724,CD,0,D1_pwm150_grab1
3801,1242,-682,9476,CD,0,D1_pwm150_grab1
3805,2202,552,11382,CD,0,D1_pwm150_grab1
3811,-686,-2978,6620,CD,0,D1_pwm150_grab1
3815,-628,-1064,11072,CD,0,D1_pwm150_grab1
3821,-190,-988,10806,CD,0,D1_pwm150_grab1
3825,2874,798,10600,CD,0,D1_pwm150_grab1
3830,1174,-758,9558,CD,0,D1_pwm150_grab1
3835,434,964,10674,CD,0,D1_pwm150_grab1
3840,-1188,-1136,9408,CD,0,D1_pwm150_grab1
3845,248,-1182,10902,CD,0,D1_pwm150_grab1
3851,-278,-970,8584,CD,0,D1_pwm150_grab1
3855,2056,1796,12290,CD,0,D1_pwm150_grab1
3860,-46,-858,9918,CD,0,D1_pwm150_grab1
3865,726,-234,9888,CD,0,D1_pwm150_grab1
3870,-1078,-1010,9540,CD,0,D1_pwm150_grab1
3875,1552,652,11246,CD,0,D1_pwm150_grab1
3881,314,-690,9668,CD,0,D1_pwm150_grab1
3886,-2726,1534,11698,CD,0,D1_pwm150_grab1
3891,-718,-66,8982,CD,0,D1_pwm150_grab1
3895,-310,-400,10688,CD,0,D1_pwm150_grab1
3905,1122,1612,12254,CD,0,D1_pwm150_grab1
3910,804,410,9900,CD,0,D1_pwm150_grab1
3921,-140,18,9958,CD,0,D1_pwm150_grab1
3927,-308,-406,10750,CD,0,D1_pwm150_grab1
3937,1090,1648,12104,CD,0,D1_pwm150_grab1
3942,760,506,9894,CD,0,D1_pwm150_grab1
3952,-106,112,9880,CD,0,D1_pwm150_grab1
3956,-484,394,10984,CD,0,D1_pwm150_grab1
3966,976,1638,12274,CD,0,D1_pwm150_grab1
3972,410,330,9806,CD,0,D1_pwm150_grab1
3977,-1766,-1254,11474,CD,0,D1_pwm150_grab1
3982,1210,-80,10830,CD,0,D1_pwm150_grab1
3986,580,302,9772,CD,0,D1_pwm150_grab1
3991,1414,826,11296,CD,0,D1_pwm150_grab1
4001,-762,-1312,11150,CD,0,D1_pwm150_grab1
4007,-1486,-1156,11484,CD,0,D1_pwm150_grab1
4011,3082,1060,10694,CD,0,D1_pwm150_grab1
4017,1054,-860,9702,CD,0,D1_pwm150_grab1
4022,314,642,10438,CD,0,D1_pwm150_grab1
4032,470,-1072,10620,CD,0,D1_pwm150_grab1
4036,-366,-896,8496,CD,0,D1_pwm150_grab1
4041,1424,1634,12198,CD,0,D1_pwm150_grab1
4047,1152,-812,9734,CD,0,D1_pwm150_grab1
4052,298,612,10480,CD,0,D1_pwm150_grab1
4056,140,-820,9214,CD,0,D1_pwm150_grab1
4062,1602,1094,11558,CD,0,D1_pwm150_grab1
4067,424,-556,9952,CD,0,D1_pwm150_grab1
4077,-690,-38,8884,CD,0,D1_pwm150_grab1
4081,-326,-296,10826,CD,0,D1_pwm150_grab1
4086,248,-1060,8988,CD,0,D1_pwm150_grab1
4091,1496,1202,11742,CD,0,D1_pwm150_grab1
4097,982,530,9698,CD,0,D1_pwm150_grab1
4106,-42,110,10152,CD,0,D1_pwm150_grab1
4111,-358,480,10606,CD,0,D1_pwm150_grab1
4121,328,-1326,8746,CD,0,D1_pwm150_grab1
4127,156,52,10214,CD,0,D1_pwm150_grab1
4137,-26,22,10132,CD,0,D1_pwm150_grab1
4141,864,164,9732,CD,0,D1_pwm150_grab1
4146,624,1000,10948,CD,0,D1_pwm150_grab1
4156,-734,-1470,11182,CD,0,D1_pwm150_grab1
4162,62,-828,10240,CD,0,D1_pwm150_grab1
4167,3360,1186,11012,CD,0,D1_pwm150_grab1
4172,868,144,9542,CD,0,D1_pwm150_grab1
4177,510,980,10998,CD,0,D1_pwm150_grab1
4182,-1676,-3396,6806,CD,0,D1_pwm150_grab1
4187,-758,-1482,11162,CD,0,D1_pwm150_grab1
4193,-16,-828,10278,CD,0,D1_pwm150_grab1
4197,3106,1132,10990,CD,0,D1_pwm150_grab1
4202,788,-1002,9868,CD,0,D1_pwm150_grab1
4207,296,384,10506,CD,0,D1_pwm150_grab1
4217,-768,-1494,11100,CD,0,D1_pwm150_grab1
4222,-28,-780,10150,CD,0,D1_pwm150_grab1
4228,162,1708,12248,CD,0,D1_pwm150_grab1
4232,-582,-724,9618,CD,0,D1_pwm150_grab1
4237,722,-426,10532,CD,0,D1_pwm150_grab1
4242,1968,-750,9062,CD,0,D1_pwm150_grab1
4247,1538,1636,12122,CD,0,D1_pwm150_grab1
4252,-58,-898,9142,CD,0,D1_pwm150_grab1
4257,-78,1938,12212,CD,0,D1_pwm150_grab1
4262,-586,-712,9624,CD,0,D1_pwm150_grab1
4267,-552,-86,10940,CD,0,D1_pwm150_grab1
4278,970,1024,11114,CD,0,D1_pwm150_grab1
4283,784,712,9650,CD,0,D1_pwm150_grab1
4292,-426,360,9470,CD,0,D1_pwm150_grab1
4297,-552,16,11142,CD,0,D1_pwm150_grab1
4308,774,694,11000,CD,0,D1_pwm150_grab1
4313,-310,-502,10416,CD,0,D1_pwm150_grab1
4318,-412,-1092,11048,CD,0,D1_pwm150_grab1
4322,2268,256,10426,CD,0,D1_pwm150_grab1
4328,1236,-342,9304,CD,0,D1_pwm150_grab1
4337,-74,-2708,6906,CD,0,D1_pwm150_grab1
4342,-392,-652,10324,CD,0,D1_pwm150_grab1
4347,-200,-1074,10952,CD,0,D1_pwm150_grab1
4353,2644,1508,11872,CD,0,D1_pwm150_grab1
4357,168,-1312,9940,CD,0,D1_pwm150_grab1
4362,502,16,10194,CD,0,D1_pwm150_grab1
4368,-1830,-1144,9546,CD,0,D1_pwm150_grab1
4373,-130,-1450,11060,CD,0,D1_pwm150_grab1
4378,-254,-754,9182,CD,0,D1_pwm150_grab1
4382,2342,1680,12136,CD,0,D1_pwm150_grab1
4387,174,-1266,9896,CD,0,D1_pwm150_grab1
4392,348,-88,10180,CD,0,D1_pwm150_grab1
4403,1184,1882,12428,CD,0,D1_pwm150_grab1
4407,726,336,10168,CD,0,D1_pwm150_grab1
4412,-2658,2104,12056,CD,0,D1_pwm150_grab1
4418,-700,62,9234,CD,0,D1_pwm150_grab1
4422,-72,-506,10622,CD,0,D1_pwm150_grab1
4433,1048,1718,12560,CD,0,D1_pwm150_grab1
4438,832,356,10152,CD,0,D1_pwm150_grab1
4449,-188,122,10190,CD,0,D1_pwm150_grab1
4454,-134,-446,10550,CD,0,D1_pwm150_grab1
4464,930,1600,12464,CD,0,D1_pwm150_grab1
4468,960,330,9980,CD,0,D1_pwm150_grab1
4480,-90,22,10404,CD,0,D1_pwm150_grab1
4483,738,278,9542,CD,0,D1_pwm150_grab1
4488,876,670,10902,CD,0,D1_pwm150_grab1
4493,190,-1498,8688,CD,0,D1_pwm150_grab1
4498,36,-78,9962,CD,0,D1_pwm150_grab1
4503,-732,-1498,11132,CD,0,D1_pwm150_grab1
4509,1878,-44,10384,CD,0,D1_pwm150_grab1
4513,930,86,9450,CD,0,D1_pwm150_grab1
4518,668,698,10880,CD,0,D1_pwm150_grab1
4528,784,-560,10900,CD,0,D1_pwm150_grab1
4533,22,-522,10154,CD,0,D1_pwm150_grab1
4543,722,-1360,9514,CD,0,D1_pwm150_grab1
4548,230,146,10948,CD,0,D1_pwm150_grab1
4559,994,-252,10764,CD,0,D1_pwm150_grab1
4563,140,-966,9058,CD,0,D1_pwm150_grab1
4573,-534,-418,9572,CD,0,D1_pwm150_grab1
4579,420,-612,10256,CD,0,D1_pwm150_grab1
4588,1390,1904,12582,CD,0,D1_pwm150_grab1
4593,822,-88,10340,CD,0,D1_pwm150_grab1
4604,-392,362,9730,CD,0,D1_pwm150_grab1
4608,212,718,10164,CD,0,D1_pwm150_grab1
4618,494,0,10522,CD,0,D1_pwm150_grab1
4624,628,454,9794,CD,0,D1_pwm150_grab1
4633,822,-222,10602,CD,0,D1_pwm150_grab1
4638,496,522,10066,CD,0,D1_pwm150_grab1
4644,2186,274,10684,CD,0,D1_pwm150_grab1
4653,168,-1288,10794,CD,0,D1_pwm150_grab1
4659,22,-634,10696,CD,0,D1_pwm150_grab1
4668,1010,-1028,9364,CD,0,D1_pwm150_grab1
4674,296,602,11450,CD,0,D1_pwm150_grab1
4683,570,-926,10704,CD,0,D1_pwm150_grab1
4688,-124,-758,8832,CD,0,D1_pwm150_grab1
4694,3444,856,10838,CD,0,D1_pwm150_grab1
4700,668,-1396,9614,CD,0,D1_pwm150_grab1
4705,382,484,11102,CD,0,D1_pwm150_grab1
4714,1080,-198,10806,CD,0,D1_pwm150_grab1
4719,48,-772,9216,CD,0,D1_pwm150_grab1
4725,-1324,2210,12470,CD,0,D1_pwm150_grab1
4729,-736,-376,9294,CD,0,D1_pwm150_grab1
4734,312,276,10658,CD,0,D1_pwm150_grab1
4745,1286,1856,12346,CD,0,D1_pwm150_grab1
4749,766,88,10216,CD,0,D1_pwm150_grab1
4760,-130,492,9982,CD,0,D1_pwm150_grab1
4764,-440,368,10666,CD,0,D1_pwm150_grab1
4774,1028,1774,12620,CD,0,D1_pwm150_grab1
4779,374,300,9538,CD,0,D1_pwm150_grab1
4785,-1148,-1742,11330,CD,0,D1_pwm150_grab1
4790,1384,-404,10416,CD,0,D1_pwm150_grab1
4794,654,470,9584,CD,0,D1_pwm150_grab1
4800,1012,678,10798,CD,0,D1_pwm150_grab1
4809,-764,-1528,10858,CD,0,D1_pwm150_grab1
4814,120,-456,10526,CD,0,D1_pwm150_grab1
4819,1852,-186,10354,CD,0,D1_pwm150_grab1
4824,834,-1360,9592,CD,0,D1_pwm150_grab1
4830,2,270,11286,CD,0,D1_pwm150_grab1
4835,-3146,-2078,8618,CD,0,D1_pwm150_grab1
4840,842,-588,10900,CD,0,D1_pwm150_grab1
4844,-162,-804,8886,CD,0,D1_pwm150_grab1
4849,340,2390,12556,CD,0,D1_pwm150_grab1
4855,-382,-586,9670,CD,0,D1_pwm150_grab1
4859,10,168,11138,CD,0,D1_pwm150_grab1
4865,2286,-588,8748,CD,0,D1_pwm150_grab1
4870,1520,1876,12406,CD,0,D1_pwm150_grab1
4874,836,-222,10330,CD,0,D1_pwm150_grab1
4884,-480,656,9366,CD,0,D1_pwm150_grab1
4889,-550,194,10744,CD,0,D1_pwm150_grab1
4899,1442,1976,12670,CD,0,D1_pwm150_grab1
4904,888,-156,10370,CD,0,D1_pwm150_grab1
4915,140,-376,10184,CD,0,D1_pwm150_grab1
4919,-112,764,10254,CD,0,D1_pwm150_grab1
4935,-432,-694,10320,CD,0,D1_pwm150_grab1
4945,208,-524,10198,CD,0,D1_pwm150_grab1
4951,26,860,10388,CD,0,D1_pwm150_grab1
4965,-462,-812,10278,CD,0,D1_pwm150_grab1
4971,48,-792,11062,CD,0,D1_pwm150_grab1
4975,2392,-60,10212,CD,0,D1_pwm150_grab1
4980,18,820,10324,CD,0,D1_pwm150_grab1
4996,-232,-1666,10720,CD,0,D1_pwm150_grab1
5001,218,-498,9672,CD,0,D1_pwm150_grab1
5010,432,-1370,9844,CD,0,D1_pwm150_grab1
5016,2,-190,10520,CD,0,D1_pwm150_grab1
5025,-348,-1756,10416,CD,0,D1_pwm150_grab1
5031,360,-482,9670,CD,0,D1_pwm150_grab1
5036,-1372,2644,12216,CD,0,D1_pwm150_grab1
5041,-492,456,9698,CD,0,D1_pwm150_grab1
5045,552,-398,10512,CD,0,D1_pwm150_grab1
5060,322,-1072,9560,CD,0,D1_pwm150_grab1
5066,-1336,2662,12154,CD,0,D1_pwm150_grab1
5070,-462,470,9670,CD,0,D1_pwm150_grab1
5075,496,-488,10394,CD,0,D1_pwm150_grab1
5085,640,-170,10080,CD,0,D1_pwm150_grab1
5090,566,572,9480,CD,0,D1_pwm150_grab1
5100,-244,318,9704,CD,0,D1_pwm150_grab1
5105,-578,632,10886,CD,0,D1_pwm150_grab1
5116,432,-334,10272,CD,0,D1_pwm150_grab1
5120,-596,-1180,10342,CD,0,D1_pwm150_grab1
5125,296,-486,11114,CD,0,D1_pwm150_grab1
5131,2674,250,10402,CD,0,D1_pwm150_grab1
5135,1164,-1290,8994,CD,0,D1_pwm150_grab1
5140,3386,158,10720,CD,0,D1_pwm150_grab1
5150,-512,-1238,10412,CD,0,D1_pwm150_grab1
5155,302,-302,11052,CD,0,D1_pwm150_grab1
5161,2878,408,10342,CD,0,D1_pwm150_grab1
5166,302,-1226,10054,CD,0,D1_pwm150_grab1
5170,148,-342,10504,CD,0,D1_pwm150_grab1
5176,-2062,-1026,9046,CD,0,D1_pwm150_grab1
5180,-94,-1454,10936,CD,0,D1_pwm150_grab1
5186,278,-908,9228,CD,0,D1_pwm150_grab1
5195,476,-1024,10088,CD,0,D1_pwm150_grab1
5200,134,-472,10408,CD,0,D1_pwm150_grab1
5207,-2014,-1098,8886,CD,0,D1_pwm150_grab1
5211,1480,932,11270,CD,0,D1_pwm150_grab1
5216,384,-918,9652,CD,0,D1_pwm150_grab1
5226,466,-1008,9928,CD,0,D1_pwm150_grab1
5231,154,-368,10526,CD,0,D1_pwm150_grab1
5236,-1920,-1058,8746,CD,0,D1_pwm150_grab1
5241,1536,868,11156,CD,0,D1_pwm150_grab1
5248,458,-844,9650,CD,0,D1_pwm150_grab1
5257,-326,214,9682,CD,0,D1_pwm150_grab1
5261,386,-344,10398,CD,0,D1_pwm150_grab1
5276,872,258,10190,CD,0,D1_pwm150_grab1
5287,-312,158,9772,CD,0,D1_pwm150_grab1
5291,40,516,10240,CD,0,D1_pwm150_grab1
5302,496,-598,10338,CD,0,D1_pwm150_grab1
5307,490,400,9582,CD,0,D1_pwm150_grab1
5317,258,-670,10188,CD,0,D1_pwm150_grab1
5321,72,596,10316,CD,0,D1_pwm150_grab1
5336,-182,-1556,10938,CD,0,D1_pwm150_grab1
5341,556,-486,9770,CD,0,D1_pwm150_grab1
5346,2534,316,10608,CD,0,D1_pwm150_grab1
5352,1064,-872,9058,CD,0,D1_pwm150_grab1
5356,-390,742,11174,CD,0,D1_pwm150_grab1
5367,-370,-1586,10720,CD,0,D1_pwm150_grab1
5371,636,-286,9744,CD,0,D1_pwm150_grab1
5381,-430,192,9540,CD,0,D1_pwm150_grab1
5386,-142,-196,10882,CD,0,D1_pwm150_grab1
5396,1166,482,10938,CD,0,D1_pwm150_grab1
5401,282,-936,9364,CD,0,D1_pwm150_grab1
5412,-416,40,9650,CD,0,D1_pwm150_grab1
5416,884,-580,10356,CD,0,D1_pwm150_grab1
5427,1370,2126,12666,CD,0,D1_pwm150_grab1
5431,696,-194,10632,CD,0,D1_pwm150_grab1
5441,-440,556,9326,CD,0,D1_pwm150_grab1
5447,-466,478,10830,CD,0,D1_pwm150_grab1
5456,528,236,11064,CD,0,D1_pwm150_grab1
5463,460,610,9888,CD,0,D1_pwm150_grab1
5473,-418,548,9354,CD,0,D1_pwm150_grab1
5477,-426,456,10742,CD,0,D1_pwm150_grab1
5487,470,340,11286,CD,0,D1_pwm150_grab1
5493,576,572,10162,CD,0,D1_pwm150_grab1
5502,-124,-734,10206,CD,0,D1_pwm150_grab1
5507,-188,898,10686,CD,0,D1_pwm150_grab1
5522,-130,-692,9798,CD,0,D1_pwm150_grab1
5528,26,-744,11036,CD,0,D1_pwm150_grab1
5532,2320,-82,10398,CD,0,D1_pwm150_grab1
5537,888,-858,9102,CD,0,D1_pwm150_grab1
5542,-134,798,10930,CD,0,D1_pwm150_grab1
5552,-574,-1860,10850,CD,0,D1_pwm150_grab1
5557,600,-190,9774,CD,0,D1_pwm150_grab1
5568,766,-1454,9758,CD,0,D1_pwm150_grab1
5572,-94,-172,11240,CD,0,D1_pwm150_grab1
5583,948,290,10954,CD,0,D1_pwm150_grab1
5587,508,-150,9764,CD,0,D1_pwm150_grab1
5598,-258,160,9808,CD,0,D1_pwm150_grab1
5603,906,-558,10366,CD,0,D1_pwm150_grab1
5608,2500,-918,8392,CD,0,D1_pwm150_grab1
5612,1486,2094,12676,CD,0,D1_pwm150_grab1
5618,748,-292,10374,CD,0,D1_pwm150_grab1
5627,-252,210,9728,CD,0,D1_pwm150_grab1
5633,-468,518,10940,CD,0,D1_pwm150_grab1
5643,592,380,11152,CD,0,D1_pwm150_grab1
5647,684,550,9794,CD,0,D1_pwm150_grab1
5658,-88,-992,9828,CD,0,D1_pwm150_grab1
5662,-170,822,10600,CD,0,D1_pwm150_grab1
5672,602,218,11140,CD,0,D1_pwm150_grab1
5678,-142,-590,9898,CD,0,D1_pwm150_grab1
5682,68,-678,11246,CD,0,D1_pwm150_grab1
5687,2332,20,10352,CD,0,D1_pwm150_grab1
5692,1062,-852,8872,CD,0,D1_pwm150_grab1
5698,-380,804,11498,CD,0,D1_pwm150_grab1
5708,-102,-632,9972,CD,0,D1_pwm150_grab1
5712,178,-670,11272,CD,0,D1_pwm150_grab1
5718,2482,32,10376,CD,0,D1_pwm150_grab1
5724,1116,-946,9016,CD,0,D1_pwm150_grab1
5728,-286,784,11546,CD,0,D1_pwm150_grab1
5738,-500,-1720,10582,CD,0,D1_pwm150_grab1
5744,578,-278,9708,CD,0,D1_pwm150_grab1
5749,2422,-24,10318,CD,0,D1_pwm150_grab1
5754,1128,-1016,9080,CD,0,D1_pwm150_grab1
5758,-308,718,11502,CD,0,D1_pwm150_grab1
5763,-2206,-1406,8468,CD,0,D1_pwm150_grab1
5768,1186,472,11102,CD,0,D1_pwm150_grab1
5774,234,-1076,9294,CD,0,D1_pwm150_grab1
5778,-856,2676,12376,CD,0,D1_pwm150_grab1
5784,-392,412,9666,CD,0,D1_pwm150_grab1
5789,90,-104,10834,CD,0,D1_pwm150_grab1
5793,-1952,-1166,8550,CD,0,D1_pwm150_grab1
5799,1218,740,10992,CD,0,D1_pwm150_grab1
5804,702,-42,10586,CD,0,D1_pwm150_grab1
5813,-360,178,9546,CD,0,D1_pwm150_grab1
5819,-564,674,10960,CD,0,D1_pwm150_grab1
5828,1358,2196,12488,CD,0,D1_pwm150_grab1
5833,894,166,10574,CD,0,D1_pwm150_grab1
5843,-358,124,9686,CD,0,D1_pwm150_grab1
5848,178,494,10096,CD,0,D1_pwm150_grab1
5859,-470,-3468,6866,CD,0,D1_pwm150_grab1
5864,-456,-1198,10210,CD,0,D1_pwm150_grab1
5873,456,-1254,10040,CD,0,D1_pwm150_grab1
5879,180,320,10062,CD,0,D1_pwm150_grab1
5884,2692,590,10834,CD,0,D1_pwm150_grab1
5889,-3044,-2694,8452,CD,0,D1_pwm150_grab1
5893,-134,-1456,10552,CD,0,D1_pwm150_grab1
5898,312,-806,9154,CD,0,D1_pwm150_grab1
5903,2620,3152,12906,CD,0,D1_pwm150_grab1
5909,1152,-1456,9068,CD,0,D1_pwm150_grab1
5913,-374,694,11630,CD,0,D1_pwm150_grab1
5919,-3046,-2500,8548,CD,0,D1_pwm150_grab1
5924,54,-1322,10452,CD,0,D1_pwm150_grab1
5928,188,-850,8900,CD,0,D1_pwm150_grab1
5933,-2902,1868,11616,CD,0,D1_pwm150_grab1
5939,-602,816,9494,CD,0,D1_pwm150_grab1
5944,128,-226,10328,CD,0,D1_pwm150_grab1
5954,1692,1474,11520,CD,0,D1_pwm150_grab1
5958,528,-736,9996,CD,0,D1_pwm150_grab1
5969,-524,844,9258,CD,0,D1_pwm150_grab1
5975,-42,-124,10356,CD,0,D1_pwm150_grab1
5984,960,1562,12492,CD,0,D1_pwm150_grab1
5990,578,-626,10034,CD,0,D1_pwm150_grab1
6000,-536,920,9242,CD,0,D1_pwm150_grab1
6005,-134,38,10438,CD,0,D1_pwm150_grab1
6014,998,1398,12040,CD,0,D1_pwm150_grab1
6019,220,-86,9898,CD,0,D1_pwm150_grab1
6024,-1180,-1048,11470,CD,0,D1_pwm150_grab1
6029,1470,-920,10232,CD,0,D1_pwm150_grab1
6035,-586,860,10762,CD,0,D1_pwm150_grab1
6044,224,-2040,8448,CD,0,D1_pwm150_grab1
6049,240,-174,9936,CD,0,D1_pwm150_grab1
6054,-840,-1038,11504,CD,0,D1_pwm150_grab1
6065,934,-1524,9436,CD,0,D1_pwm150_grab1
6069,-24,202,11722,CD,0,D1_pwm150_grab1
6074,-2028,-3558,7374,CD,0,D1_pwm150_grab1
6079,-762,-1858,10822,CD,0,D1_pwm150_grab1
6084,456,-62,10056,CD,0,D1_pwm150_grab1
6094,848,-1582,9586,CD,0,D1_pwm150_grab1
6099,54,170,11568,CD,0,D1_pwm150_grab1
6105,2104,-716,8648,CD,0,D1_pwm150_grab1
6110,1746,2008,12262,CD,0,D1_pwm150_grab1
6114,-96,-914,8762,CD,0,D1_pwm150_grab1
6119,-26,2916,12520,CD,0,D1_pwm150_grab1
6124,-430,256,9920,CD,0,D1_pwm150_grab1
6129,720,-388,10466,CD,0,D1_pwm150_grab1
6134,2754,-824,8484,CD,0,D1_pwm150_grab1
6139,1574,2010,12312,CD,0,D1_pwm150_grab1
6145,736,450,9748,CD,0,D1_pwm150_grab1
6154,-518,546,9406,CD,0,D1_pwm150_grab1
6159,-578,626,10630,CD,0,D1_pwm150_grab1
6170,750,98,10658,CD,0,D1_pwm150_grab1
6175,578,626,9690,CD,0,D1_pwm150_grab1
6184,48,-1188,9764,CD,0,D1_pwm150_grab1
6190,1160,-1288,8850,CD,0,D1_pwm150_grab1
6199,-318,-3106,7226,CD,0,D1_pwm150_grab1
6204,-378,-988,10654,CD,0,D1_pwm150_grab1
6210,114,-296,11092,CD,0,D1_pwm150_grab1
6215,2760,488,10398,CD,0,D1_pwm150_grab1
6220,1098,-1440,9006,CD,0,D1_pwm150_grab1
6224,-458,656,11390,CD,0,D1_pwm150_grab1
6236,-504,-1094,10730,CD,0,D1_pwm150_grab1
6240,316,-192,10912,CD,0,D1_pwm150_grab1
6251,1232,-1498,9072,CD,0,D1_pwm150_grab1
6256,-472,618,11624,CD,0,D1_pwm150_grab1
6266,34,-1264,11002,CD,0,D1_pwm150_grab1
6272,-68,-970,8672,CD,0,D1_pwm150_grab1
6275,2276,2998,13014,CD,0,D1_pwm150_grab1
6280,98,-896,10114,CD,0,D1_pwm150_grab1
6285,898,-364,10554,CD,0,D1_pwm150_grab1
6291,-498,-838,8694,CD,0,D1_pwm150_grab1
6295,1576,1442,11640,CD,0,D1_pwm150_grab1
6301,594,-774,9926,CD,0,D1_pwm150_grab1
6310,-710,836,9564,CD,0,D1_pwm150_grab1
6315,-130,30,10726,CD,0,D1_pwm150_grab1
6325,936,1590,12280,CD,0,D1_pwm150_grab1
6330,718,498,10086,CD,0,D1_pwm150_grab1
6341,-308,-448,9970,CD,0,D1_pwm150_grab1
6346,-494,910,10674,CD,0,D1_pwm150_grab1
6355,706,1246,12190,CD,0,D1_pwm150_grab1
6361,70,-102,9880,CD,0,D1_pwm150_grab1
6366,-434,-1082,11386,CD,0,D1_pwm150_grab1
6370,1826,-566,10272,CD,0,D1_pwm150_grab1
6376,858,-458,8952,CD,0,D1_pwm150_grab1
6381,-86,878,11372,CD,0,D1_pwm150_grab1
6386,-2120,-3632,7368,CD,0,D1_pwm150_grab1
6391,-620,-1730,10948,CD,0,D1_pwm150_grab1
6395,-56,-828,11134,CD,0,D1_pwm150_grab1
6405,714,-1496,9750,CD,0,D1_pwm150_grab1
6410,36,164,11074,CD,0,D1_pwm150_grab1
6415,-2672,-1160,8834,CD,0,D1_pwm150_grab1
6420,1186,226,10944,CD,0,D1_pwm150_grab1
6425,178,-930,9122,CD,0,D1_pwm150_grab1
6431,-768,2706,12278,CD,0,D1_pwm150_grab1
6435,614,-1410,9774,CD,0,D1_pwm150_grab1
6441,134,-48,10704,CD,0,D1_pwm150_grab1
6450,1294,1952,12688,CD,0,D1_pwm150_grab1
6455,778,162,10554,CD,0,D1_pwm150_grab1
6465,-372,106,9544,CD,0,D1_pwm150_grab1
6470,-610,536,10864,CD,0,D1_pwm150_grab1
6480,1144,1778,12800,CD,0,D1_pwm150_grab1
6486,776,160,10404,CD,0,D1_pwm150_grab1
6496,-240,-154,9932,CD,0,D1_pwm150_grab1
6502,-516,622,11030,CD,0,D1_pwm150_grab1
6511,448,-1004,9256,CD,0,D1_pwm150_grab1
6516,814,178,10230,CD,0,D1_pwm150_grab1
6526,-192,-416,10028,CD,0,D1_pwm150_grab1
6532,548,70,9554,CD,0,D1_pwm150_grab1
6536,870,712,11214,CD,0,D1_pwm150_grab1
6546,-746,-1602,10668,CD,0,D1_pwm150_grab1
6552,554,-130,10186,CD,0,D1_pwm150_grab1
6557,1556,-640,10316,CD,0,D1_pwm150_grab1
6562,726,-138,9434,CD,0,D1_pwm150_grab1
6566,214,852,11204,CD,0,D1_pwm150_grab1
6576,714,-532,10970,CD,0,D1_pwm150_grab1
6581,-240,-876,8720,CD,0,D1_pwm150_grab1
6592,-272,-440,9790,CD,0,D1_pwm150_grab1
6596,994,-442,10226,CD,0,D1_pwm150_grab1
6606,828,-36,10904,CD,0,D1_pwm150_grab1
6611,192,-858,8728,CD,0,D1_pwm150_grab1
6622,-388,418,9206,CD,0,D1_pwm150_grab1
6627,-502,246,10716,CD,0,D1_pwm150_grab1
6636,612,248,11028,CD,0,D1_pwm150_grab1
6641,718,-292,10454,CD,0,D1_pwm150_grab1
6651,-288,364,9402,CD,0,D1_pwm150_grab1
6656,56,802,10556,CD,0,D1_pwm150_grab1
6667,-610,-2948,7542,CD,0,D1_pwm150_grab1
6672,-342,-784,10216,CD,0,D1_pwm150_grab1
6677,558,-682,11142,CD,0,D1_pwm150_grab1
6681,454,-660,10438,CD,0,D1_pwm150_grab1
6686,290,704,10364,CD,0,D1_pwm150_grab1
6691,2262,422,11156,CD,0,D1_pwm150_grab1
6697,-992,-3196,7656,CD,0,D1_pwm150_grab1
6701,-204,-1488,10742,CD,0,D1_pwm150_grab1
6707,362,-626,8952,CD,0,D1_pwm150_grab1
6712,2258,2574,12694,CD,0,D1_pwm150_grab1
6717,202,-1298,9640,CD,0,D1_pwm150_grab1
6722,-220,840,12280,CD,0,D1_pwm150_grab1
6731,-16,-1340,10898,CD,0,D1_pwm150_grab1
6736,-82,-724,8592,CD,0,D1_pwm150_grab1
6743,1688,2830,13002,CD,0,D1_pwm150_grab1
6747,-120,-1052,9628,CD,0,D1_pwm150_grab1
6752,1000,-488,10516,CD,0,D1_pwm150_grab1
6758,502,-958,8754,CD,0,D1_pwm150_grab1
6763,384,-1156,11004,CD,0,D1_pwm150_grab1
6767,-354,-866,8350,CD,0,D1_pwm150_grab1
6778,-218,-666,9796,CD,0,D1_pwm150_grab1
6784,1122,-594,10480,CD,0,D1_pwm150_grab1
6792,988,1496,11874,CD,0,D1_pwm150_grab1
6798,814,658,10252,CD,0,D1_pwm150_grab1
6808,-454,832,9168,CD,0,D1_pwm150_grab1
6812,-542,268,10862,CD,0,D1_pwm150_grab1
6822,986,1044,11196,CD,0,D1_pwm150_grab1
6828,2,-182,10026,CD,0,D1_pwm150_grab1
6833,-52,-934,11468,CD,0,D1_pwm150_grab1
6837,1968,-412,10108,CD,0,D1_pwm150_grab1
6842,-288,1066,10562,CD,0,D1_pwm150_grab1
6852,-386,-2840,8066,CD,0,D1_pwm150_grab1
6858,-190,-420,10064,CD,0,D1_pwm150_grab1
6863,138,-590,11380,CD,0,D1_pwm150_grab1
6868,2294,-154,10234,CD,0,D1_pwm150_grab1
6873,504,-1604,9642,CD,0,D1_pwm150_grab1
6878,412,-68,10826,CD,0,D1_pwm150_grab1
6888,-396,-1740,10584,CD,0,D1_pwm150_grab1
6892,260,-432,9674,CD,0,D1_pwm150_grab1
6902,262,-1424,9804,CD,0,D1_pwm150_grab1
6908,670,-202,10570,CD,0,D1_pwm150_grab1
6918,1474,2192,12480,CD,0,D1_pwm150_grab1
6923,400,-1110,9368,CD,0,D1_pwm150_grab1
6928,-2276,2478,12196,CD,0,D1_pwm150_grab1
6933,-562,874,9490,CD,0,D1_pwm150_grab1
6938,28,-362,10278,CD,0,D1_pwm150_grab1
6947,1244,2040,12328,CD,0,D1_pwm150_grab1
6952,730,256,10218,CD,0,D1_pwm150_grab1
6957,-2352,-1788,10950,CD,0,D1_pwm150_grab1
6962,-292,-36,9884,CD,0,D1_pwm150_grab1
6968,-622,1074,11264,CD,0,D1_pwm150_grab1
6978,450,-1472,9324,CD,0,D1_pwm150_grab1
6982,362,260,9566,CD,0,D1_pwm150_grab1
6987,-1596,-1550,11064,CD,0,D1_pwm150_grab1
6993,1204,-994,10228,CD,0,D1_pwm150_grab1
6998,492,18,9378,CD,0,D1_pwm150_grab1
7008,222,-2092,8770,CD,0,D1_pwm150_grab1
7014,76,50,9512,CD,0,D1_pwm150_grab1
7019,-480,-1048,11152,CD,0,D1_pwm150_grab1
7023,1710,-794,9996,CD,0,D1_pwm150_grab1
7029,690,-454,8982,CD,0,D1_pwm150_grab1
7033,80,540,11308,CD,0,D1_pwm150_grab1
7043,-700,-1828,10624,CD,0,D1_pwm150_grab1
7048,386,32,9858,CD,0,D1_pwm150_grab1
7059,766,-1628,9632,CD,0,D1_pwm150_grab1
7064,-56,216,11352,CD,0,D1_pwm150_grab1
7068,-2632,-1658,8596,CD,0,D1_pwm150_grab1
7073,1100,28,11040,CD,0,D1_pwm150_grab1
7078,26,-1038,8854,CD,0,D1_pwm150_grab1
7088,-386,422,10200,CD,0,D1_pwm150_grab1
7094,754,-448,10176,CD,0,D1_pwm150_grab1
7099,3230,-718,8676,CD,0,D1_pwm150_grab1
7104,1448,2154,12850,CD,0,D1_pwm150_grab1
7108,860,-62,10470,CD,0,D1_pwm150_grab1
7118,-478,276,9692,CD,0,D1_pwm150_grab1
7123,484,-318,10182,CD,0,D1_pwm150_grab1
7133,496,-308,10118,CD,0,D1_pwm150_grab1
7139,420,474,9604,CD,0,D1_pwm150_grab1
7149,494,-1188,9590,CD,0,D1_pwm150_grab1
7153,238,376,9710,CD,0,D1_pwm150_grab1
7158,2436,228,11064,CD,0,D1_pwm150_grab1
7164,372,-752,9918,CD,0,D1_pwm150_grab1
7169,-612,-1232,10462,CD,0,D1_pwm150_grab1
7173,508,-40,10830,CD,0,D1_pwm150_grab1
7178,3132,1008,10760,CD,0,D1_pwm150_grab1
7183,1278,-1564,8858,CD,0,D1_pwm150_grab1
7189,-364,500,11852,CD,0,D1_pwm150_grab1
7194,-3196,-2570,8134,CD,0,D1_pwm150_grab1
7198,226,-1124,10866,CD,0,D1_pwm150_grab1
7204,572,-18,10590,CD,0,D1_pwm150_grab1
7208,3480,1446,11062,CD,0,D1_pwm150_grab1
7213,148,-564,10152,CD,0,D1_pwm150_grab1
7218,1092,-378,10530,CD,0,D1_pwm150_grab1
7223,-188,-870,8606,CD,0,D1_pwm150_grab1
7228,1680,1624,11870,CD,0,D1_pwm150_grab1
7233,690,-728,10070,CD,0,D1_pwm150_grab1
7243,-720,768,9584,CD,0,D1_pwm150_grab1
7248,1192,-454,10590,CD,0,D1_pwm150_grab1
7254,574,-694,8626,CD,0,D1_pwm150_grab1
7260,1742,1830,11922,CD,0,D1_pwm150_grab1
7265,830,-574,10296,CD,0,D1_pwm150_grab1
7274,-676,674,9400,CD,0,D1_pwm150_grab1
7280,-364,166,10508,CD,0,D1_pwm150_grab1
7290,1748,2022,12052,CD,0,D1_pwm150_grab1
7294,884,-376,10276,CD,0,D1_pwm150_grab1
7304,-256,-1070,9964,CD,0,D1_pwm150_grab1
7310,-280,980,10428,CD,0,D1_pwm150_grab1
7320,-30,-2578,8012,CD,0,D1_pwm150_grab1
7325,-128,-514,10208,CD,0,D1_pwm150_grab1
7335,-260,-1254,9720,CD,0,D1_pwm150_grab1
7339,1048,-1034,8772,CD,0,D1_pwm150_grab1
7344,-250,870,11630,CD,0,D1_pwm150_grab1
7349,-2458,-3360,7412,CD,0,D1_pwm150_grab1
7354,-540,-1744,10780,CD,0,D1_pwm150_grab1
7360,308,-380,9402,CD,0,D1_pwm150_grab1
7365,3770,2896,12644,CD,0,D1_pwm150_grab1
7369,1028,-1320,8856,CD,0,D1_pwm150_grab1
7375,-504,902,11652,CD,0,D1_pwm150_grab1
7380,-2794,-3320,7534,CD,0,D1_pwm150_grab1
7385,1404,650,11084,CD,0,D1_pwm150_grab1
7389,378,-1100,9148,CD,0,D1_pwm150_grab1
7394,-1332,2414,12018,CD,0,D1_pwm150_grab1
7400,-490,774,9942,CD,0,D1_pwm150_grab1
7405,338,-308,10246,CD,0,D1_pwm150_grab1
7410,-1712,-1010,8816,CD,0,D1_pwm150_grab1
7414,1514,894,11252,CD,0,D1_pwm150_grab1
7420,448,-976,9370,CD,0,D1_pwm150_grab1
7430,-468,-242,9706,CD,0,D1_pwm150_grab1
7434,-598,956,10800,CD,0,D1_pwm150_grab1
7445,430,-962,9736,CD,0,D1_pwm150_grab1
7449,730,328,10346,CD,0,D1_pwm150_grab1
7459,-376,-354,9782,CD,0,D1_pwm150_grab1
7464,-690,910,10694,CD,0,D1_pwm150_grab1
7470,1250,480,11376,CD,0,D1_pwm150_grab1
7475,-1204,-3702,6858,CD,0,D1_pwm150_grab1
7479,-692,-1552,10750,CD,0,D1_pwm150_grab1
7484,602,-112,10374,CD,0,D1_pwm150_grab1
7489,1328,-1032,10036,CD,0,D1_pwm150_grab1
7495,606,-228,9264,CD,0,D1_pwm150_grab1
7500,462,544,11316,CD,0,D1_pwm150_grab1
7504,-1556,-3722,7046,CD,0,D1_pwm150_grab1
7511,-748,-1590,10878,CD,0,D1_pwm150_grab1
7515,370,-196,10120,CD,0,D1_pwm150_grab1
7520,3760,1990,11532,CD,0,D1_pwm150_grab1
7525,924,-1624,9500,CD,0,D1_pwm150_grab1
7530,14,732,11324,CD,0,D1_pwm150_grab1
7540,-642,-1680,10906,CD,0,D1_pwm150_grab1
7545,258,-348,9840,CD,0,D1_pwm150_grab1
7550,3646,2360,11852,CD,0,D1_pwm150_grab1
7556,-382,144,10064,CD,0,D1_pwm150_grab1
7560,760,-288,10458,CD,0,D1_pwm150_grab1
7566,2708,-612,8554,CD,0,D1_pwm150_grab1
7570,1116,164,11086,CD,0,D1_pwm150_grab1
7576,148,-962,9066,CD,0,D1_pwm150_grab1
7580,-540,2698,12316,CD,0,D1_pwm150_grab1
7585,-454,428,10072,CD,0,D1_pwm150_grab1
7590,578,-304,10252,CD,0,D1_pwm150_grab1
7601,768,-64,10224,CD,0,D1_pwm150_grab1
7606,594,524,9652,CD,0,D1_pwm150_grab1
7615,-430,46,9504,CD,0,D1_pwm150_grab1
7620,-642,622,10850,CD,0,D1_pwm150_grab1
7631,606,-566,9580,CD,0,D1_pwm150_grab1
7636,402,324,9518,CD,0,D1_pwm150_grab1
7641,368,-358,10918,CD,0,D1_pwm150_grab1
7645,2994,940,10698,CD,0,D1_pwm150_grab1
7651,274,218,9602,CD,0,D1_pwm150_grab1
7656,1376,492,11260,CD,0,D1_pwm150_grab1
7665,-830,-1340,10678,CD,0,D1_pwm150_grab1
7671,590,-184,10530,CD,0,D1_pwm150_grab1
7675,3364,1384,11132,CD,0,D1_pwm150_grab1
7681,-78,-574,10094,CD,0,D1_pwm150_grab1
7686,1164,-184,10574,CD,0,D1_pwm150_grab1
7695,554,-552,10814,CD,0,D1_pwm150_grab1
7700,-306,-856,8514,CD,0,D1_pwm150_grab1
7710,-262,-388,10106,CD,0,D1_pwm150_grab1
7715,1116,-400,10232,CD,0,D1_pwm150_grab1
7721,1868,-1198,8742,CD,0,D1_pwm150_grab1
7725,868,922,11152,CD,0,D1_pwm150_grab1
7730,824,-398,10440,CD,0,D1_pwm150_grab1
7741,-428,532,9296,CD,0,D1_pwm150_grab1
7745,-396,94,10674,CD,0,D1_pwm150_grab1
7756,690,480,10744,CD,0,D1_pwm150_grab1
7760,726,458,9608,CD,0,D1_pwm150_grab1
7771,-268,348,9480,CD,0,D1_pwm150_grab1
7777,-436,264,10750,CD,0,D1_pwm150_grab1
7787,578,-42,10204,CD,0,D1_pwm150_grab1
7792,750,334,9744,CD,0,D1_pwm150_grab1
7797,-3146,-1910,10364,CD,0,D1_pwm150_grab1
7801,536,-638,10338,CD,0,D1_pwm150_grab1
7806,350,624,10142,CD,0,D1_pwm150_grab1
7811,-404,944,12042,CD,0,D1_pwm150_grab1
7822,-618,-1184,10880,CD,0,D1_pwm150_grab1
7827,662,-516,10642,CD,0,D1_pwm150_grab1
7832,3210,778,10554,CD,0,D1_pwm150_grab1
7836,1058,-1182,9058,CD,1,D1_pwm150_grab1
7841,-146,814,12214,CD,1,D1_pwm150_grab1
7851,1658,1234,11696,CD,1,D1_pwm150_grab1
7857,-78,-694,8438,CD,1,D1_pwm150_grab1
7861,1430,2566,12456,CD,1,D1_pwm150_grab1
7866,-122,-786,9856,CD,1,D1_pwm150_grab1
7872,1064,-342,10326,CD,1,D1_pwm150_grab1
7876,1266,-1014,8730,CD,1,D1_pwm150_grab1
7882,1792,1540,12010,CD,1,D1_pwm150_grab1
7886,798,-598,10310,CD,1,D1_pwm150_grab1
7897,-480,412,9120,CD,1,D1_pwm150_grab1
7901,-418,-256,10234,CD,1,D1_pwm150_grab1
7912,732,888,11540,CD,1,D1_pwm150_grab1
7916,848,410,9818,CD,1,D1_pwm150_grab1
7927,98,-374,10410,CD,1,D1_pwm150_grab1
7932,-58,752,10568,CD,1,D1_pwm150_grab1
7942,-286,-2586,7688,CD,1,D1_pwm150_grab1
7947,-248,-564,10534,CD,1,D1_pwm150_grab1
7952,222,-1138,10940,CD,1,D1_pwm150_grab1
7956,2396,-18,10264,CD,1,D1_pwm150_grab1
7962,1118,-658,9034,CD,1,D1_pwm150_grab1
7966,-192,970,11918,CD,1,D1_pwm150_grab1
7972,-3012,-3108,7766,CD,1,D1_pwm150_grab1
7976,-442,-798,10696,CD,1,D1_pwm150_grab1
7981,318,-474,9448,CD,1,D1_pwm150_grab1
7987,3146,2140,12368,CD,1,D1_pwm150_grab1
7992,188,-1452,9616,CD,1,D1_pwm150_grab1
7996,418,8,10762,CD,1,D1_pwm150_grab1
8001,-960,-1028,8634,CD,1,D1_pwm150_grab1
8006,1644,766,11100,CD,1,D1_pwm150_grab1
8012,458,-744,9574,CD,1,D1_pwm150_grab1
8016,2666,2360,12522,CD,1,D1_pwm150_grab1
8022,32,-1194,9836,CD,1,D1_pwm150_grab1
8028,852,-68,10696,CD,1,D1_pwm150_grab1
8032,-166,-830,8808,CD,1,D1_pwm150_grab1
8037,1718,1140,11394,CD,1,D1_pwm150_grab1
8042,534,-682,9866,CD,1,D1_pwm150_grab1
8053,-662,606,9302,CD,1,D1_pwm150_grab1
8057,1190,-212,10526,CD,1,D1_pwm150_grab1
8064,512,-916,8734,CD,1,D1_pwm150_grab1
8067,1070,1608,12092,CD,1,D1_pwm150_grab1
8073,748,392,10044,CD,1,D1_pwm150_grab1
8082,-100,-50,10190,CD,1,D1_pwm150_grab1
8087,-432,742,10756,CD,1,D1_pwm150_grab1
8097,834,1358,11740,CD,1,D1_pwm150_grab1
8103,728,486,9994,CD,1,D1_pwm150_grab1
8107,-560,-1420,11138,CD,1,D1_pwm150_grab1
8113,1738,-454,10414,CD,1,D1_pwm150_grab1
8117,924,-214,9266,CD,1,D1_pwm150_grab1
8122,-154,1002,11314,CD,1,D1_pwm150_grab1
8133,-694,-1646,10874,CD,1,D1_pwm150_grab1
8138,78,-1358,10992,CD,1,D1_pwm150_grab1
8143,1970,-190,10316,CD,1,D1_pwm150_grab1
8148,1080,-496,8942,CD,1,D1_pwm150_grab1
8152,188,138,11312,CD,1,D1_pwm150_grab1
8157,-2408,-1516,8610,CD,1,D1_pwm150_grab1
8162,1230,68,10836,CD,1,D1_pwm150_grab1
8168,178,-968,9206,CD,1,D1_pwm150_grab1
8173,-898,2666,12560,CD,1,D1_pwm150_grab1
8178,414,-1588,9794,CD,1,D1_pwm150_grab1
8183,194,-34,10808,CD,1,D1_pwm150_grab1
8187,-1984,-1428,8634,CD,1,D1_pwm150_grab1
8192,1332,2022,12714,CD,1,D1_pwm150_grab1
8198,816,78,10310,CD,1,D1_pwm150_grab1
8208,-264,478,9862,CD,1,D1_pwm150_grab1
8213,-502,640,10672,CD,1,D1_pwm150_grab1
8222,1180,2030,12966,CD,1,D1_pwm150_grab1
8227,776,198,10330,CD,1,D1_pwm150_grab1
8237,802,-640,10132,CD,1,D1_pwm150_grab1
8242,362,484,9536,CD,1,D1_pwm150_grab1
8248,1320,556,11476,CD,1,D1_pwm150_grab1
8258,166,298,9714,CD,1,D1_pwm150_grab1
8263,-1252,-1746,10906,CD,1,D1_pwm150_grab1
8268,1416,-622,9980,CD,1,D1_pwm150_grab1
8272,534,194,9184,CD,1,D1_pwm150_grab1
8279,380,766,11552,CD,1,D1_pwm150_grab1
8288,-900,-1514,10794,CD,1,D1_pwm150_grab1
8293,456,-42,9892,CD,1,D1_pwm150_grab1
8298,1840,-534,9938,CD,1,D1_pwm150_grab1
8304,872,-222,9004,CD,1,D1_pwm150_grab1
8308,-58,982,11650,CD,1,D1_pwm150_grab1
8318,-648,-1716,10668,CD,1,D1_pwm150_grab1
8324,-140,-950,8774,CD,1,D1_pwm150_grab1
8328,10,2878,12652,CD,1,D1_pwm150_grab1
8333,-412,-230,10044,CD,1,D1_pwm150_grab1
8338,26,30,11148,CD,1,D1_pwm150_grab1
8343,-2334,-1436,8646,CD,1,D1_pwm150_grab1
8348,1362,184,10870,CD,1,D1_pwm150_grab1
8354,226,-1046,9136,CD,1,D1_pwm150_grab1
8359,-878,2732,12450,CD,1,D1_pwm150_grab1
8363,-418,576,9820,CD,1,D1_pwm150_grab1
8369,-410,614,10834,CD,1,D1_pwm150_grab1
8378,1346,2054,12892,CD,1,D1_pwm150_grab1
8384,840,-16,10408,CD,1,D1_pwm150_grab1
8394,-304,248,10012,CD,1,D1_pwm150_grab1
8398,-460,770,10806,CD,1,D1_pwm150_grab1
8409,-1028,-3566,6800,CD,1,D1_pwm150_grab1
8413,-758,-1238,10648,CD,1,D1_pwm150_grab1
8419,-1552,-1732,10968,CD,1,D1_pwm150_grab1
8424,1140,-848,9932,CD,1,D1_pwm150_grab1
8428,640,216,9384,CD,1,D1_pwm150_grab1
8434,614,676,11548,CD,1,D1_pwm150_grab1
8444,-672,-1506,10760,CD,1,D1_pwm150_grab1
8449,-394,-872,8248,CD,1,D1_pwm150_grab1
8454,938,2942,12860,CD,1,D1_pwm150_grab1
8458,-202,-588,9970,CD,1,D1_pwm150_grab1
8463,52,422,11786,CD,1,D1_pwm150_grab1
8468,-2796,-1644,8488,CD,1,D1_pwm150_grab1
8474,926,-354,10644,CD,1,D1_pwm150_grab1
8479,-60,-916,8594,CD,1,D1_pwm150_grab1
8483,-62,2778,12612,CD,1,D1_pwm150_grab1
8489,-402,-110,9930,CD,1,D1_pwm150_grab1
8493,-420,318,10720,CD,1,D1_pwm150_grab1
8504,1620,2084,12536,CD,1,D1_pwm150_grab1
8509,912,-174,10446,CD,1,D1_pwm150_grab1
8518,-316,448,9764,CD,1,D1_pwm150_grab1
8523,-560,554,10780,CD,1,D1_pwm150_grab1
8534,516,-362,10046,CD,1,D1_pwm150_grab1
8539,484,478,9788,CD,1,D1_pwm150_grab1
8550,-276,324,9968,CD,1,D1_pwm150_grab1
8554,-490,836,10818,CD,1,D1_pwm150_grab1
8564,412,-1156,9154,CD,1,D1_pwm150_grab1
8569,244,304,9776,CD,1,D1_pwm150_grab1
8574,-918,-1612,11198,CD,1,D1_pwm150_grab1
8584,650,90,9108,CD,1,D1_pwm150_grab1
8589,6,804,11798,CD,1,D1_pwm150_grab1
8599,-760,-1610,10814,CD,1,D1_pwm150_grab1
8604,164,-216,9932,CD,1,D1_pwm150_grab1
8614,606,-1824,9690,CD,1,D1_pwm150_grab1
8619,540,-762,10212,CD,1,D1_pwm150_grab1
8624,-2500,-1664,8570,CD,1,D1_pwm150_grab1
8629,1180,-10,11000,CD,1,D1_pwm150_grab1
8634,218,-1004,9032,CD,1,D1_pwm150_grab1
8639,-1072,2576,12608,CD,1,D1_pwm150_grab1
8644,-566,174,9908,CD,1,D1_pwm150_grab1
8650,276,-600,10164,CD,1,D1_pwm150_grab1
8660,1324,2088,12754,CD,1,D1_pwm150_grab1
8665,734,60,10416,CD,1,D1_pwm150_grab1
8674,-256,172,9904,CD,1,D1_pwm150_grab1
8679,-456,814,10860,CD,1,D1_pwm150_grab1
8689,426,-1040,9200,CD,1,D1_pwm150_grab1
8694,182,334,9698,CD,1,D1_pwm150_grab1
8700,-748,-1464,11042,CD,1,D1_pwm150_grab1
8704,1630,-534,9930,CD,1,D1_pwm150_grab1
8709,682,88,8986,CD,1,D1_pwm150_grab1
8714,54,738,11836,CD,1,D1_pwm150_grab1
8725,-714,-1576,10736,CD,1,D1_pwm150_grab1
8729,156,-188,9898,CD,1,D1_pwm150_grab1
8739,762,-1702,9608,CD,1,D1_pwm150_grab1
8744,-216,1008,12010,CD,1,D1_pwm150_grab1
8750,-2334,-1680,8472,CD,1,D1_pwm150_grab1
8754,1186,116,11052,CD,1,D1_pwm150_grab1
8759,274,-1054,9142,CD,1,D1_pwm150_grab1
8765,-1400,2584,12442,CD,1,D1_pwm150_grab1
8769,-628,78,9874,CD,1,D1_pwm150_grab1
8774,298,-572,9920,CD,1,D1_pwm150_grab1
8785,1712,786,11372,CD,1,D1_pwm150_grab1
8791,490,-902,9626,CD,1,D1_pwm150_grab1
8796,-2890,2084,12218,CD,1,D1_pwm150_grab1
8801,-610,536,9478,CD,1,D1_pwm150_grab1
8806,-136,-470,9868,CD,1,D1_pwm150_grab1
8815,1040,1728,12418,CD,1,D1_pwm150_grab1
8821,898,344,10278,CD,1,D1_pwm150_grab1
8830,-514,600,9208,CD,1,D1_pwm150_grab1
8835,-246,794,10686,CD,1,D1_pwm150_grab1
8845,-246,-2374,8448,CD,1,D1_pwm150_grab1
8850,14,-298,10218,CD,1,D1_pwm150_grab1
8856,-66,-1112,11090,CD,1,D1_pwm150_grab1
8861,2148,-364,10118,CD,1,D1_pwm150_grab1
8865,-56,936,10428,CD,1,D1_pwm150_grab1
8880,-370,-1672,10742,CD,1,D1_pwm150_grab1
8885,74,-512,9410,CD,1,D1_pwm150_grab1
8895,176,-1376,9742,CD,1,D1_pwm150_grab1
8900,832,32,10828,CD,1,D1_pwm150_grab1
8910,118,-1286,10810,CD,1,D1_pwm150_grab1
8915,-374,-646,8664,CD,1,D1_pwm150_grab1
8925,-586,664,9316,CD,1,D1_pwm150_grab1
8931,-258,-294,10034,CD,1,D1_pwm150_grab1
8941,992,1434,11838,CD,1,D1_pwm150_grab1
8945,886,-498,10246,CD,1,D1_pwm150_grab1
8955,-470,770,9300,CD,1,D1_pwm150_grab1
8960,-268,962,10608,CD,1,D1_pwm150_grab1
8971,-318,-2736,8116,CD,1,D1_pwm150_grab1
8975,-124,-500,10320,CD,1,D1_pwm150_grab1
8980,32,-782,11042,CD,1,D1_pwm150_grab1
8985,220,-792,9820,CD,1,D1_pwm150_grab1
8990,-4,818,10264,CD,1,D1_pwm150_grab1
9000,-728,-3268,7384,CD,1,D1_pwm150_grab1
9006,-264,-1600,10732,CD,1,D1_pwm150_grab1
9010,26,-592,9150,CD,1,D1_pwm150_grab1
9021,22,-1126,9958,CD,1,D1_pwm150_grab1
9025,1036,-84,10790,CD,1,D1_pwm150_grab1
9035,266,-1044,10796,CD,1,D1_pwm150_grab1
9041,-384,-770,8602,CD,1,D1_pwm150_grab1
9047,1430,2868,12592,CD,1,D1_pwm150_grab1
9051,-246,-876,10046,CD,1,D1_pwm150_grab1
9057,1254,-338,10368,CD,1,D1_pwm150_grab1
9061,1320,-728,8700,CD,1,D1_pwm150_grab1
9067,774,-474,10742,CD,1,D1_pwm150_grab1
9071,-188,-808,8640,CD,1,D1_pwm150_grab1
9082,-364,-296,10030,CD,1,D1_pwm150_grab1
9088,780,-622,9980,CD,1,D1_pwm150_grab1
9096,598,544,10924,CD,1,D1_pwm150_grab1
9102,592,500,9874,CD,1,D1_pwm150_grab1
9111,-406,378,9598,CD,1,D1_pwm150_grab1
9116,-452,510,10662,CD,1,D1_pwm150_grab1
9126,388,-366,10236,CD,1,D1_pwm150_grab1
9132,-618,-970,10430,CD,1,D1_pwm150_grab1
9137,572,-318,10792,CD,1,D1_pwm150_grab1
9141,3072,602,10308,CD,1,D1_pwm150_grab1
9146,1184,-1366,8758,CD,1,D1_pwm150_grab1
9151,1240,476,11632,CD,1,D1_pwm150_grab1
9162,-674,-1374,10612,CD,1,D1_pwm150_grab1
9166,562,-192,10280,CD,1,D1_pwm150_grab1
9171,3664,1200,10834,CD,1,D1_pwm150_grab1
9176,-64,-850,10002,CD,1,D1_pwm150_grab1
9181,1136,-540,10290,CD,1,D1_pwm150_grab1
9186,1176,-852,8600,CD,1,D1_pwm150_grab1
9191,746,-552,10682,CD,1,D1_pwm150_grab1
9196,-164,-840,8398,CD,1,D1_pwm150_grab1
9207,-362,-348,10006,CD,1,D1_pwm150_grab1
9211,590,-750,9938,CD,1,D1_pwm150_grab1
9222,542,506,11128,CD,1,D1_pwm150_grab1
9227,726,450,10058,CD,1,D1_pwm150_grab1
9236,-384,386,9590,CD,1,D1_pwm150_grab1
9242,-594,584,10790,CD,1,D1_pwm150_grab1
9251,568,-238,10194,CD,1,D1_pwm150_grab1
9257,484,482,9810,CD,1,D1_pwm150_grab1
9262,612,-362,10736,CD,1,D1_pwm150_grab1
9266,3224,660,10410,CD,1,D1_pwm150_grab1
9271,532,466,9658,CD,1,D1_pwm150_grab1
9276,1076,286,11668,CD,1,D1_pwm150_grab1
9286,-818,-1340,10734,CD,1,D1_pwm150_grab1
9291,438,-182,10372,CD,1,D1_pwm150_grab1
9302,972,-1614,9290,CD,1,D1_pwm150_grab1
9307,266,606,11946,CD,1,D1_pwm150_grab1
9317,-726,-1664,10716,CD,1,D1_pwm150_grab1
9323,184,-254,9914,CD,1,D1_pwm150_grab1
9332,606,-1668,9736,CD,1,D1_pwm150_grab1
9337,248,362,11132,CD,1,D1_pwm150_grab1
9342,-2346,-1660,8570,CD,1,D1_pwm150_grab1
9347,1616,2164,12396,CD,1,D1_pwm150_grab1
9352,224,-1010,9066,CD,1,D1_pwm150_grab1
9357,-1292,2606,12654,CD,1,D1_pwm150_grab1
9362,-646,110,9828,CD,1,D1_pwm150_grab1
9368,132,-594,10060,CD,1,D1_pwm150_grab1
9377,1326,2158,12754,CD,1,D1_pwm150_grab1
9383,748,110,10432,CD,1,D1_pwm150_grab1
9387,-2098,-2012,10624,CD,1,D1_pwm150_grab1
9393,-176,228,9988,CD,1,D1_pwm150_grab1
9398,-420,836,10894,CD,1,D1_pwm150_grab1
9407,270,-1388,9012,CD,1,D1_pwm150_grab1
9413,80,228,9742,CD,1,D1_pwm150_grab1
9418,-320,-1540,11094,CD,1,D1_pwm150_grab1
9423,1824,-490,9948,CD,1,D1_pwm150_grab1
9427,816,-10,8926,CD,1,D1_pwm150_grab1
9433,-148,942,12044,CD,1,D1_pwm150_grab1
9437,-2232,-3878,6934,CD,1,D1_pwm150_grab1
9443,-650,-1726,10686,CD,1,D1_pwm150_grab1
9447,156,-158,9816,CD,1,D1_pwm150_grab1
9457,588,-1850,9664,CD,1,D1_pwm150_grab1
9463,294,314,10894,CD,1,D1_pwm150_grab1
9467,-1830,-1388,8664,CD,1,D1_pwm150_grab1
9472,1402,438,11236,CD,1,D1_pwm150_grab1
9477,366,-1022,9322,CD,1,D1_pwm150_grab1
9482,-2110,2610,12496,CD,1,D1_pwm150_grab1
9487,-588,358,9854,CD,1,D1_pwm150_grab1
9493,18,-730,9940,CD,1,D1_pwm150_grab1
9502,1116,1990,12666,CD,1,D1_pwm150_grab1
9508,952,128,10410,CD,1,D1_pwm150_grab1
9517,-246,-92,10304,CD,1,D1_pwm150_grab1
9522,-318,1058,10966,CD,1,D1_pwm150_grab1
9533,-146,-2034,8854,CD,1,D1_pwm150_grab1
9538,-98,-108,9914,CD,1,D1_pwm150_grab1
9542,48,-1220,11068,CD,1,D1_pwm150_grab1
9548,2210,-376,9894,CD,1,D1_pwm150_grab1
9553,-84,1102,10410,CD,1,D1_pwm150_grab1
9564,-582,-2850,8248,CD,1,D1_pwm150_grab1
9568,-274,-606,10384,CD,1,D1_pwm150_grab1
9574,292,-602,11118,CD,1,D1_pwm150_grab1
9578,2682,26,9944,CD,1,D1_pwm150_grab1
9583,1172,-1086,8828,CD,1,D1_pwm150_grab1
9588,-270,1080,12214,CD,1,D1_pwm150_grab1
9594,-1078,-3556,7386,CD,1,D1_pwm150_grab1
9598,-706,-1134,10538,CD,1,D1_pwm150_grab1
9603,-320,-714,8608,CD,1,D1_pwm150_grab1
9609,1970,2856,12792,CD,1,D1_pwm150_grab1
9613,-118,-1028,9938,CD,1,D1_pwm150_grab1
9618,1118,-408,10700,CD,1,D1_pwm150_grab1
9623,792,-532,9010,CD,1,D1_pwm150_grab1
9629,1754,1816,11876,CD,1,D1_pwm150_grab1
9633,-314,-732,8590,CD,1,D1_pwm150_grab1
9643,-446,772,9312,CD,1,D1_pwm150_grab1
9648,-554,140,10542,CD,1,D1_pwm150_grab1
9659,900,640,10826,CD,1,D1_pwm150_grab1
9663,636,590,9970,CD,1,D1_pwm150_grab1
9673,-298,442,9518,CD,1,D1_pwm150_grab1
9678,-624,524,10836,CD,1,D1_pwm150_grab1
9689,-1158,-3522,7432,CD,1,D1_pwm150_grab1
9693,-644,-1158,10446,CD,1,D1_pwm150_grab1
9698,478,-340,10764,CD,1,D1_pwm150_grab1
9709,1068,-1348,9198,CD,1,D1_pwm150_grab1
9714,-74,864,12118,CD,1,D1_pwm150_grab1
9724,-826,-1612,10470,CD,1,D1_pwm150_grab1
9729,-224,-736,8776,CD,1,D1_pwm150_grab1
9738,-484,-474,10058,CD,1,D1_pwm150_grab1
9743,672,-552,9950,CD,1,D1_pwm150_grab1
9748,3140,-490,8608,CD,1,D1_pwm150_grab1
9753,1604,2160,12624,CD,1,D1_pwm150_grab1
9758,360,-976,9220,CD,1,D1_pwm150_grab1
9768,-634,96,9776,CD,1,D1_pwm150_grab1
9774,-546,514,10836,CD,1,D1_pwm150_grab1
9783,354,-858,9374,CD,1,D1_pwm150_grab1
9788,260,234,9736,CD,1,D1_pwm150_grab1
9793,-744,-1692,10922,CD,1,D1_pwm150_grab1
9799,-30,-78,10228,CD,1,D1_pwm150_grab1
9804,-338,790,10984,CD,1,D1_pwm150_grab1
9814,-230,-2250,8758,CD,1,D1_pwm150_grab1
9819,-110,-368,10004,CD,1,D1_pwm150_grab1
9824,16,-1068,11022,CD,1,D1_pwm150_grab1
9829,2396,-378,9982,CD,1,D1_pwm150_grab1
9834,1118,-474,8928,CD,1,D1_pwm150_grab1
9844,-804,-3066,7958,CD,1,D1_pwm150_grab1
9850,-408,-888,10302,CD,1,D1_pwm150_grab1
9856,320,-400,11140,CD,1,D1_pwm150_grab1
9865,12,-1246,9722,CD,1,D1_pwm150_grab1
9869,1034,30,10640,CD,1,D1_pwm150_grab1
9874,266,-550,9218,CD,1,D1_pwm150_grab1
9879,468,-880,10774,CD,1,D1_pwm150_grab1
9884,-366,-676,8576,CD,1,D1_pwm150_grab1
9895,-390,-532,10058,CD,1,D1_pwm150_grab1
9899,-530,-88,10404,CD,1,D1_pwm150_grab1
9910,832,716,11188,CD,1,D1_pwm150_grab1
9915,674,384,9888,CD,1,D1_pwm150_grab1
9924,-224,434,9476,CD,1,D1_pwm150_grab1
9930,-670,300,10824,CD,1,D1_pwm150_grab1
9940,564,-478,9780,CD,1,D1_pwm150_grab1
9945,-630,-1174,10404,CD,1,D1_pwm150_grab1
9949,418,-376,10888,CD,1,D1_pwm150_grab1
9960,590,322,9484,CD,1,D1_pwm150_grab1
9965,150,668,11642,CD,1,D1_pwm150_grab1
9974,-686,-1576,10538,CD,1,D1_pwm150_grab1
9979,82,-164,10260,CD,1,D1_pwm150_grab1
9989,-508,-316,10030,CD,1,D1_pwm150_grab1
9994,534,-484,9902,CD,1,D1_pwm150_grab1
9999,-1878,-1236,8476,CD,1,D1_pwm150_grab1
10004,1286,422,11268,CD,1,D1_pwm150_grab1
10010,336,-954,9280,CD,1,D1_pwm150_grab1
10015,-2304,2432,12444,CD,1,D1_pwm150_grab1
10020,-608,300,9784,CD,1,D1_pwm150_grab1
10024,20,-480,9820,CD,1,D1_pwm150_grab1
10034,416,-1094,9270,CD,1,D1_pwm150_grab1
10039,936,144,10402,CD,1,D1_pwm150_grab1
10049,-62,-354,10054,CD,1,D1_pwm150_grab1
10055,-322,792,10768,CD,1,D1_pwm150_grab1
10065,-318,-2332,8416,CD,1,D1_pwm150_grab1
10070,-138,-472,10088,CD,1,D1_pwm150_grab1
10075,250,-870,10942,CD,1,D1_pwm150_grab1
10080,282,-678,10066,CD,1,D1_pwm150_grab1
10085,136,666,10262,CD,1,D1_pwm150_grab1
10090,2344,34,11320,CD,1,D1_pwm150_grab1
10100,-616,-1028,10464,CD,1,D1_pwm150_grab1
10106,486,-468,10826,CD,1,D1_pwm150_grab1
10115,-80,-1016,9868,CD,1,D1_pwm150_grab1
10120,254,826,12246,CD,1,D1_pwm150_grab1
10130,588,-728,10738,CD,1,D1_pwm150_grab1
10136,-200,-738,8696,CD,1,D1_pwm150_grab1
10145,-620,-548,9942,CD,1,D1_pwm150_grab1
10151,420,-652,10104,CD,1,D1_pwm150_grab1
10160,1546,2094,12308,CD,1,D1_pwm150_grab1
10165,856,-210,10360,CD,1,D1_pwm150_grab1
10175,-248,268,9608,CD,1,D1_pwm150_grab1
10180,-600,582,10708,CD,1,D1_pwm150_grab1
10191,394,-818,9658,CD,1,D1_pwm150_grab1
10195,296,270,9678,CD,1,D1_pwm150_grab1
10201,-708,-1562,11040,CD,1,D1_pwm150_grab1
10206,1610,-426,10144,CD,1,D1_pwm150_grab1
10211,670,210,9172,CD,1,D1_pwm150_grab1
10216,-138,892,12120,CD,1,D1_pwm150_grab1
10225,-642,-1632,10650,CD,1,D1_pwm150_grab1
10231,148,-300,9872,CD,1,D1_pwm150_grab1
10240,502,-1598,9852,CD,1,D1_pwm150_grab1
10246,544,354,10840,CD,1,D1_pwm150_grab1
10250,-1676,-1496,8732,CD,1,D1_pwm150_grab1
10256,1436,430,11496,CD,1,D1_pwm150_grab1
10260,418,-978,9238,CD,1,D1_pwm150_grab1
10271,-712,222,9610,CD,1,D1_pwm150_grab1
10276,-230,-624,10202,CD,1,D1_pwm150_grab1
10280,184,-948,8864,CD,1,D1_pwm150_grab1
10286,1046,1818,12372,CD,1,D1_pwm150_grab1
10290,886,182,10414,CD,1,D1_pwm150_grab1
10300,-38,-182,10044,CD,1,D1_pwm150_grab1
10305,-156,1106,10596,CD,1,D1_pwm150_grab1
10315,-336,-2378,8320,CD,1,D1_pwm150_grab1
10320,-296,-300,10142,CD,1,D1_pwm150_grab1
10332,328,-476,10130,CD,1,D1_pwm150_grab1
10336,258,954,10222,CD,1,D1_pwm150_grab1
10342,2158,30,11664,CD,1,D1_pwm150_grab1
10352,-642,-1080,10430,CD,1,D1_pwm150_grab1
10356,610,-416,10596,CD,1,D1_pwm150_grab1
10362,1164,-598,10122,CD,1,D1_pwm150_grab1
10368,702,508,9540,CD,1,D1_pwm150_grab1
10377,-2784,-2262,7874,CD,1,D1_pwm150_grab1
10382,642,-834,10670,CD,1,D1_pwm150_grab1
10386,-306,-790,8418,CD,1,D1_pwm150_grab1
10396,-512,-590,9896,CD,1,D1_pwm150_grab1
10401,404,-784,9856,CD,1,D1_pwm150_grab1
10406,-2024,-1604,8700,CD,1,D1_pwm150_grab1
10411,1652,2244,12260,CD,1,D1_pwm150_grab1
10416,898,-312,10344,CD,1,D1_pwm150_grab1
10426,-206,428,9694,CD,1,D1_pwm150_grab1
10432,-610,560,10682,CD,1,D1_pwm150_grab1
10442,346,-840,9768,CD,1,D1_pwm150_grab1
10446,816,174,10354,CD,1,D1_pwm150_grab1
10456,1504,-454,10124,CD,1,D1_pwm150_grab1
10461,782,274,9300,CD,1,D1_pwm150_grab1
10467,-218,802,12140,CD,1,D1_pwm150_grab1
10477,-672,-1704,10628,CD,1,D1_pwm150_grab1
10481,-30,-266,9996,CD,1,D1_pwm150_grab1
10486,2214,-36,10024,CD,1,D1_pwm150_grab1
10491,1186,-438,8736,CD,1,D1_pwm150_grab1
10497,596,400,10972,CD,1,D1_pwm150_grab1
10502,-1552,-1302,9006,CD,1,D1_pwm150_grab1
10507,1430,552,11430,CD,1,D1_pwm150_grab1
10512,364,-986,9284,CD,1,D1_pwm150_grab1
10522,-692,304,9590,CD,1,D1_pwm150_grab1
10526,1192,-126,10356,CD,1,D1_pwm150_grab1
10531,156,-726,8938,CD,1,D1_pwm150_grab1
10536,1784,1510,12028,CD,1,D1_pwm150_grab1
10541,806,264,10328,CD,1,D1_pwm150_grab1
10552,-20,-26,10056,CD,1,D1_pwm150_grab1
10556,-136,1210,10594,CD,1,D1_pwm150_grab1
10567,630,840,11436,CD,1,D1_pwm150_grab1
10571,818,508,10116,CD,1,D1_pwm150_grab1
10577,-3320,-2226,9916,CD,1,D1_pwm150_grab1
10582,334,-514,9972,CD,1,D1_pwm150_grab1
10588,350,988,10108,CD,1,D1_pwm150_grab1
10593,2092,34,11784,CD,1,D1_pwm150_grab1
10602,-626,-1060,10414,CD,1,D1_pwm150_grab1
10607,-1344,-1940,10720,CD,1,D1_pwm150_grab1
10612,1212,-654,10064,CD,1,D1_pwm150_grab1
10617,640,446,9654,CD,1,D1_pwm150_grab1
10622,-12,730,12052,CD,1,D1_pwm150_grab1
10628,-2758,-1796,8148,CD,1,D1_pwm150_grab1
10632,750,-672,10632,CD,1,D1_pwm150_grab1
10638,-126,-788,8506,CD,1,D1_pwm150_grab1
10648,580,-1762,9512,CD,1,D1_pwm150_grab1
10652,442,506,11404,CD,1,D1_pwm150_grab1
10657,-1742,-1142,8974,CD,1,D1_pwm150_grab1
10663,1342,324,11118,CD,1,D1_pwm150_grab1
10667,922,-210,10368,CD,1,D1_pwm150_grab1
10677,-188,418,9888,CD,1,D1_pwm150_grab1
10682,-578,648,10778,CD,1,D1_pwm150_grab1
10692,1260,2016,12210,CD,1,D1_pwm150_grab1
10698,818,316,10282,CD,1,D1_pwm150_grab1
10708,26,6,9994,CD,1,D1_pwm150_grab1
10712,916,36,9430,CD,1,D1_pwm150_grab1
10717,-242,984,11822,CD,1,D1_pwm150_grab1
10728,-258,-342,10138,CD,1,D1_pwm150_grab1
10732,388,-882,10960,CD,1,D1_pwm150_grab1
10737,2466,-46,10146,CD,1,D1_pwm150_grab1
10742,1162,-782,8856,CD,1,D1_pwm150_grab1
10748,-292,1192,12388,CD,1,D1_pwm150_grab1
10753,-822,-764,9046,CD,1,D1_pwm150_grab1
10758,1524,996,11530,CD,1,D1_pwm150_grab1
10762,574,-822,9632,CD,1,D1_pwm150_grab1
10767,1620,2630,12492,CD,1,D1_pwm150_grab1
10772,-242,-1144,9970,CD,1,D1_pwm150_grab1
10777,1172,-356,10272,CD,1,D1_pwm150_grab1
10782,1488,-620,8724,CD,1,D1_pwm150_grab1
10787,1746,1978,12422,CD,1,D1_pwm150_grab1
10792,924,-616,10260,CD,1,D1_pwm150_grab1
10802,214,-452,9936,CD,1,D1_pwm150_grab1
10807,-524,232,10598,CD,1,D1_pwm150_grab1
10818,476,-148,10234,CD,1,D1_pwm150_grab1
10822,470,328,9902,CD,1,D1_pwm150_grab1
10827,-1798,-1874,10582,CD,1,D1_pwm150_grab1
10832,1090,-800,9826,CD,1,D1_pwm150_grab1
10838,556,468,9778,CD,1,D1_pwm150_grab1
10844,556,600,11648,CD,1,D1_pwm150_grab1
10849,-12,-1724,9204,CD,1,D1_pwm150_grab1
10854,164,-74,9994,CD,1,D1_pwm150_grab1
10858,-238,-1324,11016,CD,1,D1_pwm150_grab1
10864,1912,-530,10012,CD,1,D1_pwm150_grab1
10868,1006,-348,9176,CD,1,D1_pwm150_grab1
10873,-286,1130,12076,CD,1,D1_pwm150_grab1
10883,1340,356,11072,CD,1,D1_pwm150_grab1
10889,14,-454,9414,CD,1,D1_pwm150_grab1
10894,3126,2354,12318,CD,1,D1_pwm150_grab1
10899,106,-1308,9814,CD,1,D1_pwm150_grab1
10903,1008,-30,10886,CD,1,D1_pwm150_grab1
10909,14,-744,8970,CD,1,D1_pwm150_grab1
10913,1652,1408,11672,CD,1,D1_pwm150_grab1
10919,738,-756,9810,CD,1,D1_pwm150_grab1
10928,-28,-292,9958,CD,1,D1_pwm150_grab1
10933,-564,-122,10352,CD,1,D1_pwm150_grab1
10943,924,738,10906,CD,1,D1_pwm150_grab1
10949,648,518,9958,CD,1,D1_pwm150_grab1
10958,458,-640,10010,CD,1,D1_pwm150_grab1
10964,180,770,10120,CD,1,D1_pwm150_grab1
10969,-366,1130,12382,CD,1,D1_pwm150_grab1
10973,-1274,-3312,7480,CD,1,D1_pwm150_grab1
10979,-682,-1188,10478,CD,1,D1_pwm150_grab1
10983,442,-260,10688,CD,1,D1_pwm150_grab1
10988,3346,1068,10610,CD,1,D1_pwm150_grab1
10993,984,-1404,9244,CD,1,D1_pwm150_grab1
10998,94,744,11866,CD,1,D1_pwm150_grab1
11003,-2720,-1890,8140,CD,1,D1_pwm150_grab1
11009,1680,1860,12140,CD,1,D1_pwm150_grab1
11014,68,-858,9000,CD,1,D1_pwm150_grab1
11018,-570,2626,12530,CD,1,D1_pwm150_grab1
11024,-622,-248,9954,CD,1,D1_pwm150_grab1
11028,302,-560,9598,CD,1,D1_pwm150_grab1
11038,1348,2054,12780,CD,1,D1_pwm150_grab1
11043,870,-142,10526,CD,1,D1_pwm150_grab1
11053,-58,38,9980,CD,1,D1_pwm150_grab1
11059,-448,600,10966,CD,1,D1_pwm150_grab1
11068,-88,-1748,9024,CD,1,D1_pwm150_grab1
11073,86,-162,9854,CD,1,D1_pwm150_grab1
11079,-20,-1344,10850,CD,1,D1_pwm150_grab1
11083,2320,-162,10162,CD,1,D1_pwm150_grab1
11089,1106,-326,9142,CD,1,D1_pwm150_grab1
11094,3300,-86,10742,CD,1,D1_pwm150_grab1
11099,-770,-2826,8290,CD,1,D1_pwm150_grab1
11104,-364,-784,10340,CD,1,D1_pwm150_grab1
11109,434,-632,11062,CD,1,D1_pwm150_grab1
11114,3112,364,10070,CD,1,D1_pwm150_grab1
11120,1124,-1046,8970,CD,1,D1_pwm150_grab1
11125,168,1054,12434,CD,1,D1_pwm150_grab1
11130,-3090,-2108,7878,CD,1,D1_pwm150_grab1
11134,-704,-1400,10532,CD,1,D1_pwm150_grab1
11139,-394,-650,8678,CD,1,D1_pwm150_grab1
11150,-514,-728,9950,CD,1,D1_pwm150_grab1
11155,628,-610,10104,CD,1,D1_pwm150_grab1
11159,3148,-888,8264,CD,1,D1_pwm150_grab1
11165,1576,2122,12374,CD,1,D1_pwm150_grab1
11170,812,-308,10298,CD,1,D1_pwm150_grab1
11175,-1864,2444,12712,CD,1,D1_pwm150_grab1
11179,-166,378,9602,CD,1,D1_pwm150_grab1
11184,-596,472,10816,CD,1,D1_pwm150_grab1
11194,434,-914,9482,CD,1,D1_pwm150_grab1
11200,308,186,9802,CD,1,D1_pwm150_grab1
11205,-598,-1554,10974,CD,1,D1_pwm150_grab1
11209,1648,-502,10252,CD,1,D1_pwm150_grab1
11214,-296,836,10806,CD,1,D1_pwm150_grab1
11224,-2526,-3494,7482,CD,1,D1_pwm150_grab1
11230,-580,-1696,10642,CD,1,D1_pwm150_grab1
11234,126,-438,9960,CD,1,D1_pwm150_grab1
11239,3182,1738,11516,CD,1,D1_pwm150_grab1
11244,322,-1392,9758,CD,1,D1_pwm150_grab1
11249,818,454,10784,CD,1,D1_pwm150_grab1
11259,-130,-1292,10584,CD,1,D1_pwm150_grab1
11265,572,-818,9658,CD,1,D1_pwm150_grab1
11274,-618,220,9228,CD,1,D1_pwm150_grab1
11279,-388,-464,10100,CD,1,D1_pwm150_grab1
11290,824,1266,11862,CD,1,D1_pwm150_grab1
11295,868,-610,10292,CD,1,D1_pwm150_grab1
11304,-268,236,9252,CD,1,D1_pwm150_grab1
11309,174,822,10470,CD,1,D1_pwm150_grab1
11314,2722,-266,10926,CD,1,D1_pwm150_grab1
11319,-1066,-2970,7508,CD,1,D1_pwm150_grab1
11324,-522,-884,10198,CD,1,D1_pwm150_grab1
11329,670,-708,10760,CD,1,D1_pwm150_grab1
11334,1200,-368,10416,CD,1,D1_pwm150_grab1
11339,588,572,10026,CD,1,D1_pwm150_grab1
11344,212,418,11500,CD,1,D1_pwm150_grab1
11350,-2132,-3684,7378,CD,1,D1_pwm150_grab1
11356,-750,-1636,10396,CD,1,D1_pwm150_grab1
11360,238,-178,10190,CD,1,D1_pwm150_grab1
11370,614,-1558,9542,CD,1,D1_pwm150_grab1
11376,-368,1122,12162,CD,1,D1_pwm150_grab1
11381,-2890,-3232,7656,CD,1,D1_pwm150_grab1
11386,-402,-1594,10564,CD,1,D1_pwm150_grab1
11392,-90,-504,9426,CD,1,D1_pwm150_grab1
11395,-2398,2396,12594,CD,1,D1_pwm150_grab1
11401,-748,162,9462,CD,1,D1_pwm150_grab1
11405,-248,-574,9774,CD,1,D1_pwm150_grab1
11416,1720,1482,11934,CD,1,D1_pwm150_grab1
11421,856,-762,9988,CD,1,D1_pwm150_grab1
11430,-444,524,9262,CD,1,D1_pwm150_grab1
11435,-330,944,10618,CD,1,D1_pwm150_grab1
11445,-512,-2618,8252,CD,1,D1_pwm150_grab1
11450,-348,-426,10222,CD,1,D1_pwm150_grab1
11456,-2984,-2130,9882,CD,1,D1_pwm150_grab1
11460,620,-406,10040,CD,1,D1_pwm150_grab1
11465,342,778,10268,CD,1,D1_pwm150_grab1
11471,1482,268,11312,CD,1,D1_pwm150_grab1
11475,-1462,-3408,7324,CD,1,D1_pwm150_grab1
11481,146,-1202,10660,CD,1,D1_pwm150_grab1
11486,-514,-630,8678,CD,1,D1_pwm150_grab1
11490,1124,2516,12566,CD,1,D1_pwm150_grab1
11495,904,-1452,9088,CD,1,D1_pwm150_grab1
11501,198,730,11998,CD,1,D1_pwm150_grab1
11506,-2484,-1544,8192,CD,1,D1_pwm150_grab1
11511,1046,-248,10808,CD,1,D1_pwm150_grab1
11515,146,-950,9028,CD,1,D1_pwm150_grab1
11525,-226,572,9534,CD,1,D1_pwm150_grab1
11530,-506,296,10656,CD,1,D1_pwm150_grab1
11540,1368,2086,12744,CD,1,D1_pwm150_grab1
11546,912,-106,10326,CD,1,D1_pwm150_grab1
11555,10,46,9968,CD,1,D1_pwm150_grab1
11561,-452,686,10780,CD,1,D1_pwm150_grab1
11566,276,736,11710,CD,1,D1_pwm150_grab1
11571,-2214,-3492,7468,CD,1,D1_pwm150_grab1
11575,-622,-1666,10322,CD,1,D1_pwm150_grab1
11581,-84,-1300,10964,CD,1,D1_pwm150_grab1
11586,2110,-298,10086,CD,1,D1_pwm150_grab1
11590,1064,-380,9136,CD,1,D1_pwm150_grab1
11595,-312,1152,12256,CD,1,D1_pwm150_grab1
11601,-3036,-2998,7638,CD,1,D1_pwm150_grab1
11607,-156,-1632,10542,CD,1,D1_pwm150_grab1
11611,-210,-530,9090,CD,1,D1_pwm150_grab1
11616,2404,2298,12354,CD,1,D1_pwm150_grab1
11621,1124,-1084,9152,CD,1,D1_pwm150_grab1
11627,-92,986,12244,CD,1,D1_pwm150_grab1
11632,-3070,-2280,7832,CD,1,D1_pwm150_grab1
11636,452,-874,10780,CD,1,D1_pwm150_grab1
11641,-278,-692,8748,CD,1,D1_pwm150_grab1
11646,370,2650,12666,CD,1,D1_pwm150_grab1
11651,-360,604,9170,CD,1,D1_pwm150_grab1
11657,-646,-86,10422,CD,1,D1_pwm150_grab1
11666,1522,2074,12628,CD,1,D1_pwm150_grab1
11672,822,-244,10582,CD,1,D1_pwm150_grab1
11681,-104,290,9670,CD,1,D1_pwm150_grab1
11686,-478,428,10940,CD,1,D1_pwm150_grab1
11691,1032,254,11424,CD,1,D1_pwm150_grab1
11697,-1714,-3454,7400,CD,1,D1_pwm150_grab1
11702,338,160,9714,CD,1,D1_pwm150_grab1
11706,-384,-1578,10856,CD,1,D1_pwm150_grab1
11712,1920,-384,10246,CD,1,D1_pwm150_grab1
11716,800,102,9304,CD,1,D1_pwm150_grab1
11721,-90,824,12008,CD,1,D1_pwm150_grab1
11727,-2616,-3478,7462,CD,1,D1_pwm150_grab1
11732,-672,-1744,10546,CD,1,D1_pwm150_grab1
11736,222,-892,9120,CD,1,D1_pwm150_grab1
11741,3222,1732,11682,CD,1,D1_pwm150_grab1
11747,384,-1484,9654,CD,1,D1_pwm150_grab1
11751,700,388,10836,CD,1,D1_pwm150_grab1
11756,-688,-998,8804,CD,1,D1_pwm150_grab1
11761,1760,844,11326,CD,1,D1_pwm150_grab1
11766,580,-822,9676,CD,1,D1_pwm150_grab1
11777,28,18,10042,CD,1,D1_pwm150_grab1
11782,-396,-468,9890,CD,1,D1_pwm150_grab1
11791,890,1332,11802,CD,1,D1_pwm150_grab1
11796,866,294,10106,CD,1,D1_pwm150_grab1
11806,258,-404,10262,CD,1,D1_pwm150_grab1
11811,96,794,10482,CD,1,D1_pwm150_grab1
11817,2694,-194,11050,CD,1,D1_pwm150_grab1
11822,-1050,-3102,7996,CD,1,D1_pwm150_grab1
11827,-554,-902,10394,CD,1,D1_pwm150_grab1
11832,630,-716,10844,CD,1,D1_pwm150_grab1
11841,1134,-1034,9072,CD,1,D1_pwm150_grab1
11847,272,1078,12490,CD,1,D1_pwm150_grab1
11856,616,-884,10486,CD,1,D1_pwm150_grab1
11862,194,-160,10270,CD,1,D1_pwm150_grab1
11873,590,-1588,9614,CD,1,D1_pwm150_grab1
11877,376,530,11286,CD,1,D1_pwm150_grab1
11882,-1912,-1486,8530,CD,1,D1_pwm150_grab1
11888,1350,100,11128,CD,1,D1_pwm150_grab1
11892,290,-932,9206,CD,1,D1_pwm150_grab1
11897,-2304,2438,12834,CD,1,D1_pwm150_grab1
11904,82,-1498,9698,CD,1,D1_pwm150_grab1
11907,-198,-696,9982,CD,1,D1_pwm150_grab1
11917,1100,1908,12522,CD,1,D1_pwm150_grab1
11922,894,156,10374,CD,1,D1_pwm150_grab1
11933,102,6,10028,CD,1,D1_pwm150_grab1
11937,-188,1018,10658,CD,1,D1_pwm150_grab1
11947,-466,-2438,8256,CD,1,D1_pwm150_grab1
11952,-360,-376,10226,CD,1,D1_pwm150_grab1
11958,634,-732,10946,CD,1,D1_pwm150_grab1
11962,2844,220,9976,CD,1,D1_pwm150_grab1
11967,1194,-898,8752,CD,1,D1_pwm150_grab1
11973,-94,1062,12256,CD,1,D1_pwm150_grab1
11982,-660,-1216,10438,CD,1,D1_pwm150_grab1
11988,476,-226,10330,CD,1,D1_pwm150_grab1
11993,960,2498,12658,CD,1,D1_pwm150_grab1
11997,-332,-996,9890,CD,1,D1_pwm150_grab1
12002,776,-742,10010,CD,1,D1_pwm150_grab1
12007,2486,-684,8354,CD,1,D1_pwm150_grab1
12012,1696,1996,12398,CD,1,D1_pwm150_grab1
12017,1000,-608,10322,CD,1,D1_pwm150_grab1
12022,-1396,2300,12702,CD,1,D1_pwm150_grab1
12027,-698,-150,9646,CD,1,D1_pwm150_grab1
12032,-530,514,10668,CD,1,D1_pwm150_grab1
12042,282,-572,10206,CD,1,D1_pwm150_grab1
12047,392,306,9930,CD,1,D1_pwm150_grab1
12052,-632,-1758,10862,CD,1,D1_pwm150_grab1
12058,1578,-258,10034,CD,1,D1_pwm150_grab1
12062,-316,954,10502,CD,1,D1_pwm150_grab1
12073,-406,-2122,8826,CD,1,D1_pwm150_grab1
12078,-570,-1634,10578,CD,1,D1_pwm150_grab1
12083,-18,-266,9648,CD,1,D1_pwm150_grab1
12093,266,-1626,9776,CD,1,D1_pwm150_grab1
12097,928,172,10944,CD,1,D1_pwm150_grab1
12108,74,-1388,10686,CD,1,D1_pwm150_grab1
12113,-720,-538,8364,CD,1,D1_pwm150_grab1
12124,-310,-1328,10066,CD,1,D1_pwm150_grab1
12128,822,-722,10060,CD,1,D1_pwm150_grab1
12133,2190,-578,8650,CD,1,D1_pwm150_grab1
12138,1704,1964,12298,CD,1,D1_pwm150_grab1
12143,126,-1000,8940,CD,1,D1_pwm150_grab1
12153,-642,-338,9824,CD,1,D1_pwm150_grab1
12160,-146,-882,9924,CD,1,D1_pwm150_grab1
12168,254,-410,10272,CD,1,D1_pwm150_grab1
12173,252,390,9950,CD,1,D1_pwm150_grab1
12178,-340,-1958,10696,CD,1,D1_pwm150_grab1
12183,-8,78,10236,CD,1,D1_pwm150_grab1
12189,-184,886,10618,CD,1,D1_pwm150_grab1
12199,-664,-2350,9050,CD,1,D1_pwm150_grab1
12203,-580,-1752,10402,CD,1,D1_pwm150_grab1
12209,100,-224,9470,CD,1,D1_pwm150_grab1
12213,3170,1526,11798,CD,1,D1_pwm150_grab1
12218,188,-1764,9626,CD,1,D1_pwm150_grab1
12223,884,240,10794,CD,1,D1_pwm150_grab1
12234,250,-1372,10610,CD,1,D1_pwm150_grab1
12238,-740,-504,8386,CD,1,D1_pwm150_grab1
12249,-438,338,9242,CD,1,D1_pwm150_grab1
12253,-644,-482,10328,CD,1,D1_pwm150_grab1
12264,810,1126,11490,CD,1,D1_pwm150_grab1
12268,902,-622,10306,CD,1,D1_pwm150_grab1
12279,-154,614,9760,CD,1,D1_pwm150_grab1
12283,-570,516,10850,CD,1,D1_pwm150_grab1
12288,974,142,12094,CD,1,D1_pwm150_grab1
12299,-762,-1156,10594,CD,1,D1_pwm150_grab1
12304,360,-146,10364,CD,1,D1_pwm150_grab1
12308,1730,-264,9760,CD,1,D1_pwm150_grab1
12313,976,418,8992,CD,1,D1_pwm150_grab1
12319,-176,1240,12410,CD,1,D1_pwm150_grab1
12328,-478,-1752,10492,CD,1,D1_pwm150_grab1
12333,140,-1072,8960,CD,1,D1_pwm150_grab1
12338,-1998,2762,13246,CD,1,D1_pwm150_grab1
12344,-698,-176,9724,CD,1,D1_pwm150_grab1
12349,1106,14,10482,CD,1,D1_pwm150_grab1
12353,-80,-788,8974,CD,1,D1_pwm150_grab1
12358,1732,1274,11764,CD,1,D1_pwm150_grab1
12364,846,-1042,9838,CD,1,D1_pwm150_grab1
12374,-492,412,9332,CD,1,D1_pwm150_grab1
12379,-476,-342,10496,CD,1,D1_pwm150_grab1
12389,1712,2280,12404,CD,1,D1_pwm150_grab1
12394,1014,-496,10326,CD,1,D1_pwm150_grab1
12404,-168,556,9928,CD,1,D1_pwm150_grab1
12410,-496,588,10762,CD,1,D1_pwm150_grab1
12420,-1800,-3816,6952,CD,1,D1_pwm150_grab1
12424,-664,-1260,10468,CD,1,D1_pwm150_grab1
12430,-46,-1864,10848,CD,1,D1_pwm150_grab1
12434,1716,-400,9656,CD,1,D1_pwm150_grab1
12439,1048,240,9198,CD,1,D1_pwm150_grab1
12445,-202,1354,12268,CD,1,D1_pwm150_grab1
12449,-2722,-3724,7174,CD,1,D1_pwm150_grab1
12454,-418,-1832,10478,CD,1,D1_pwm150_grab1
12459,232,-1060,8978,CD,1,D1_pwm150_grab1
12464,-2402,2728,12910,CD,1,D1_pwm150_grab1
12469,-24,-1744,9870,CD,1,D1_pwm150_grab1
12474,1168,-194,10528,CD,1,D1_pwm150_grab1
12480,410,-596,9082,CD,1,D1_pwm150_grab1
12485,1768,1532,11832,CD,1,D1_pwm150_grab1
12490,894,-868,10022,CD,1,D1_pwm150_grab1
12499,-462,684,9412,CD,1,D1_pwm150_grab1
12504,-14,1352,10362,CD,1,D1_pwm150_grab1
12515,588,508,10682,CD,1,D1_pwm150_grab1
12519,554,576,9970,CD,1,D1_pwm150_grab1
12525,-1842,-2122,10248,CD,1,D1_pwm150_grab1
12529,1008,-282,9942,CD,1,D1_pwm150_grab1
12534,488,908,9650,CD,1,D1_pwm150_grab1
12539,344,426,12148,CD,1,D1_pwm150_grab1
12545,-2866,-2432,7694,CD,1,D1_pwm150_grab1
12549,-878,-1536,10342,CD,1,D1_pwm150_grab1
12554,236,-108,10076,CD,1,D1_pwm150_grab1
12565,576,-1738,9452,CD,1,D1_pwm150_grab1
12570,494,598,11090,CD,1,D1_pwm150_grab1
12575,-1446,-1280,8922,CD,1,D1_pwm150_grab1
12580,1510,338,11200,CD,1,D1_pwm150_grab1
12584,370,-1002,9322,CD,1,D1_pwm150_grab1
12595,-638,58,9484,CD,1,D1_pwm150_grab1
12600,-332,-706,9926,CD,1,D1_pwm150_grab1
12610,896,1726,12132,CD,1,D1_pwm150_grab1
12614,1004,320,10304,CD,1,D1_pwm150_grab1
12624,322,-172,10262,CD,1,D1_pwm150_grab1
12631,-638,150,10378,CD,1,D1_pwm150_grab1
12641,468,-152,10260,CD,1,D1_pwm150_grab1
12645,370,430,9954,CD,1,D1_pwm150_grab1
12651,-1076,-1952,10706,CD,1,D1_pwm150_grab1
12656,1442,-420,10196,CD,1,D1_pwm150_grab1
12660,768,548,9574,CD,2,D1_pwm150_grab1
12665,34,750,11780,CD,2,D1_pwm150_grab1
12670,-252,-2260,8794,CD,2,D1_pwm150_grab1
12676,-632,-1774,10352,CD,2,D1_pwm150_grab1
12680,-164,-280,9988,CD,2,D1_pwm150_grab1
12686,3350,1442,11500,CD,2,D1_pwm150_grab1
12690,156,-1660,9726,CD,2,D1_pwm150_grab1
12695,1020,294,11056,CD,2,D1_pwm150_grab1
12700,-474,-766,9140,CD,2,D1_pwm150_grab1
12705,1656,1022,11580,CD,2,D1_pwm150_grab1
12711,-574,-580,8526,CD,2,D1_pwm150_grab1
12721,-438,426,9398,CD,2,D1_pwm150_grab1
12725,-458,-376,10234,CD,2,D1_pwm150_grab1
12736,684,894,11272,CD,2,D1_pwm150_grab1
12740,708,420,10120,CD,2,D1_pwm150_grab1
12746,-2386,-2234,10058,CD,2,D1_pwm150_grab1
12750,-102,452,9828,CD,2,D1_pwm150_grab1
12755,-456,520,10728,CD,2,D1_pwm150_grab1
12761,884,222,11574,CD,2,D1_pwm150_grab1
12765,-1818,-3628,7336,CD,2,D1_pwm150_grab1
12771,-734,-1428,10188,CD,2,D1_pwm150_grab1
12775,120,-96,10392,CD,2,D1_pwm150_grab1
12785,604,-1698,9266,CD,2,D1_pwm150_grab1
12790,-108,1168,12300,CD,2,D1_pwm150_grab1
12795,-2872,-3314,7512,CD,2,D1_pwm150_grab1
12801,1512,350,10902,CD,2,D1_pwm150_grab1
12806,372,-896,9196,CD,2,D1_pwm150_grab1
12811,-2758,2390,12726,CD,2,D1_pwm150_grab1
12816,-700,200,9406,CD,2,D1_pwm150_grab1
12820,-410,-690,9788,CD,2,D1_pwm150_grab1
12831,1104,1588,11958,CD,2,D1_pwm150_grab1
12836,842,-672,10172,CD,2,D1_pwm150_grab1
12846,372,-188,10172,CD,2,D1_pwm150_grab1
12850,92,1022,10540,CD,2,D1_pwm150_grab1
12855,2480,-446,10974,CD,2,D1_pwm150_grab1
12861,-1422,-3364,7992,CD,2,D1_pwm150_grab1
12865,-672,-1062,10526,CD,2,D1_pwm150_grab1
12871,288,-558,10860,CD,2,D1_pwm150_grab1
12876,1526,-312,10350,CD,2,D1_pwm150_grab1
12880,688,690,9588,CD,2,D1_pwm150_grab1
12887,-12,688,12054,CD,2,D1_pwm150_grab1
12892,-2550,-3774,7600,CD,2,D1_pwm150_grab1
12896,-662,-1660,10382,CD,2,D1_pwm150_grab1
12901,-64,-340,10022,CD,2,D1_pwm150_grab1
12907,3128,1486,11336,CD,2,D1_pwm150_grab1
12911,226,-1544,9626,CD,2,D1_pwm150_grab1
12917,-102,1350,12692,CD,2,D1_pwm150_grab1
12922,-2974,-2534,7834,CD,2,D1_pwm150_grab1
12926,52,-1270,10126,CD,2,D1_pwm150_grab1
12931,618,-858,9854,CD,2,D1_pwm150_grab1
12941,-464,198,9144,CD,2,D1_pwm150_grab1
12947,-470,-526,10154,CD,2,D1_pwm150_grab1
12957,1686,1982,12410,CD,2,D1_pwm150_grab1
12962,844,-476,10344,CD,2,D1_pwm150_grab1
12972,916,-414,10230,CD,2,D1_pwm150_grab1
12976,470,810,10360,CD,2,D1_pwm150_grab1
12981,894,106,11504,CD,2,D1_pwm150_grab1
12987,-1952,-3438,7694,CD,2,D1_pwm150_grab1
12991,-644,-1454,10352,CD,2,D1_pwm150_grab1
12996,-400,-1562,10784,CD,2,D1_pwm150_grab1
13002,1840,-274,10252,CD,2,D1_pwm150_grab1
13006,1082,150,9538,CD,2,D1_pwm150_grab1
13012,-284,1132,12260,CD,2,D1_pwm150_grab1
13016,-1402,-1092,8696,CD,2,D1_pwm150_grab1
13022,1348,194,10724,CD,2,D1_pwm150_grab1
13026,282,-804,9304,CD,2,D1_pwm150_grab1
13031,-2706,2118,12552,CD,2,D1_pwm150_grab1
13036,-184,-1276,9894,CD,2,D1_pwm150_grab1
13041,1320,124,10580,CD,2,D1_pwm150_grab1
13046,1150,-740,8938,CD,2,D1_pwm150_grab1
13051,1670,1598,11962,CD,2,D1_pwm150_grab1
13056,810,240,10078,CD,2,D1_pwm150_grab1
13066,398,-90,10038,CD,2,D1_pwm150_grab1
13072,-14,864,10498,CD,2,D1_pwm150_grab1
13081,562,26,10128,CD,2,D1_pwm150_grab1
13086,610,240,9800,CD,2,D1_pwm150_grab1
13091,-1104,-1808,10562,CD,2,D1_pwm150_grab1
13096,1524,-252,10272,CD,2,D1_pwm150_grab1
13101,998,-944,9330,CD,2,D1_pwm150_grab1
13107,298,1070,12078,CD,2,D1_pwm150_grab1
13111,-2620,-1998,7938,CD,2,D1_pwm150_grab1
13116,-680,-1644,10280,CD,2,D1_pwm150_grab1
13121,92,-458,10034,CD,2,D1_pwm150_grab1
13127,3254,1316,11314,CD,2,D1_pwm150_grab1
13132,374,-1446,9566,CD,2,D1_pwm150_grab1
13136,724,590,10992,CD,2,D1_pwm150_grab1
13142,-652,-1054,8772,CD,2,D1_pwm150_grab1
13147,1702,794,11230,CD,2,D1_pwm150_grab1
13152,608,-812,9716,CD,2,D1_pwm150_grab1
13157,1202,2146,12294,CD,2,D1_pwm150_grab1
13162,-488,-1190,9856,CD,2,D1_pwm150_grab1
13167,680,-314,10204,CD,2,D1_pwm150_grab1
13172,2568,-606,8650,CD,2,D1_pwm150_grab1
13178,1724,1920,12030,CD,2,D1_pwm150_grab1
13184,886,-502,10242,CD,2,D1_pwm150_grab1
13193,738,-268,10262,CD,2,D1_pwm150_grab1
13197,-658,186,10576,CD,2,D1_pwm150_grab1
13207,320,-814,9846,CD,2,D1_pwm150_grab1
13212,284,178,9870,CD,2,D1_pwm150_grab1
13217,-324,-1734,10722,CD,2,D1_pwm150_grab1
13223,1870,-124,10242,CD,2,D1_pwm150_grab1
13228,690,-1346,9480,CD,2,D1_pwm150_grab1
13232,682,844,11752,CD,2,D1_pwm150_grab1
13237,-2850,-3360,7686,CD,2,D1_pwm150_grab1
13243,-406,-1622,10368,CD,2,D1_pwm150_grab1
13247,-392,-494,9226,CD,2,D1_pwm150_grab1
13252,2320,1798,11768,CD,2,D1_pwm150_grab1
13257,-72,-1454,9840,CD,2,D1_pwm150_grab1
13262,1310,76,10792,CD,2,D1_pwm150_grab1
13268,574,-1072,8568,CD,2,D1_pwm150_grab1
13273,1168,1776,12060,CD,2,D1_pwm150_grab1
13277,912,-878,10022,CD,2,D1_pwm150_grab1
13287,-398,248,9248,CD,2,D1_pwm150_grab1
13293,-594,-44,10306,CD,2,D1_pwm150_grab1
13302,494,280,10986,CD,2,D1_pwm150_grab1
13308,606,356,10122,CD,2,D1_pwm150_grab1
13313,622,-676,10650,CD,2,D1_pwm150_grab1
13318,1372,-258,9898,CD,2,D1_pwm150_grab1
13322,730,600,9696,CD,2,D1_pwm150_grab1
13327,12,560,12194,CD,2,D1_pwm150_grab1
13338,-618,-1560,10290,CD,2,D1_pwm150_grab1
13343,-36,-294,9924,CD,2,D1_pwm150_grab1
13353,254,-1544,9660,CD,2,D1_pwm150_grab1
13358,-180,-876,9880,CD,2,D1_pwm150_grab1
13363,-470,-1186,9062,CD,2,D1_pwm150_grab1
13368,1624,804,11264,CD,2,D1_pwm150_grab1
13373,666,-1012,9492,CD,2,D1_pwm150_grab1
13382,-510,6,9082,CD,2,D1_pwm150_grab1
13387,-654,-404,10238,CD,2,D1_pwm150_grab1
13399,1722,2128,12382,CD,2,D1_pwm150_grab1
13404,920,-566,10376,CD,2,D1_pwm150_grab1
13413,-76,190,9748,CD,2,D1_pwm150_grab1
13419,-446,402,10714,CD,2,D1_pwm150_grab1
13428,-124,-1204,9728,CD,2,D1_pwm150_grab1
13434,-4,256,9972,CD,2,D1_pwm150_grab1
13443,2400,210,9840,CD,2,D1_pwm150_grab1
13448,1152,70,8990,CD,2,D1_pwm150_grab1
13454,-14,1220,12470,CD,2,D1_pwm150_grab1
13463,-272,-1648,10282,CD,2,D1_pwm150_grab1
13468,-698,-404,8490,CD,2,D1_pwm150_grab1
13474,1348,1732,12202,CD,2,D1_pwm150_grab1
13479,894,-1158,9272,CD,2,D1_pwm150_grab1
13483,590,-586,10006,CD,2,D1_pwm150_grab1
13489,2492,-216,8524,CD,2,D1_pwm150_grab1
13494,1782,2040,12196,CD,2,D1_pwm150_grab1
13499,966,-780,10236,CD,2,D1_pwm150_grab1
13509,-94,372,9748,CD,2,D1_pwm150_grab1
13514,-536,308,10636,CD,2,D1_pwm150_grab1
13523,1412,2176,12168,CD,2,D1_pwm150_grab1
13528,294,298,10006,CD,2,D1_pwm150_grab1
13533,-46,-1842,10668,CD,2,D1_pwm150_grab1
13539,1880,-46,9736,CD,2,D1_pwm150_grab1
13543,1134,252,9350,CD,2,D1_pwm150_grab1
13549,-110,1286,12278,CD,2,D1_pwm150_grab1
13559,-202,-1742,10416,CD,2,D1_pwm150_grab1
13563,624,-598,10594,CD,2,D1_pwm150_grab1
13568,1694,1744,12262,CD,2,D1_pwm150_grab1
13574,-418,-1614,9924,CD,2,D1_pwm150_grab1
13579,756,-438,10284,CD,2,D1_pwm150_grab1
13584,2232,-172,8970,CD,2,D1_pwm150_grab1
13588,1802,2032,12214,CD,2,D1_pwm150_grab1
13593,910,-768,10312,CD,2,D1_pwm150_grab1
13604,-774,-694,9676,CD,2,D1_pwm150_grab1
13609,-312,-1042,9934,CD,2,D1_pwm150_grab1
13618,30,-780,10030,CD,2,D1_pwm150_grab1
13623,160,414,9942,CD,2,D1_pwm150_grab1
13628,110,-1852,10544,CD,2,D1_pwm150_grab1
13633,2210,-20,9840,CD,2,D1_pwm150_grab1
13638,1108,298,9178,CD,2,D1_pwm150_grab1
13644,2728,-798,11308,CD,2,D1_pwm150_grab1
13648,-1276,-3180,8250,CD,2,D1_pwm150_grab1
13654,-586,-704,10194,CD,2,D1_pwm150_grab1
13660,654,-696,10726,CD,2,D1_pwm150_grab1
13664,3440,228,9670,CD,2,D1_pwm150_grab1
13669,926,-1112,9210,CD,2,D1_pwm150_grab1
13675,640,1358,12210,CD,2,D1_pwm150_grab1
13679,-2186,-2022,8156,CD,2,D1_pwm150_grab1
13685,-632,-1712,10334,CD,2,D1_pwm150_grab1
13689,-232,-308,9806,CD,2,D1_pwm150_grab1
13694,3092,1236,11470,CD,2,D1_pwm150_grab1
13699,-844,-528,9564,CD,2,D1_pwm150_grab1
13705,-410,-916,10026,CD,2,D1_pwm150_grab1
13715,1428,2214,12224,CD,2,D1_pwm150_grab1
13720,982,102,10386,CD,2,D1_pwm150_grab1
13730,-294,390,9394,CD,2,D1_pwm150_grab1
13734,-540,-246,10460,CD,2,D1_pwm150_grab1
13739,2394,-706,11416,CD,2,D1_pwm150_grab1
13744,-1234,-3286,7956,CD,2,D1_pwm150_grab1
13750,-758,-698,10168,CD,2,D1_pwm150_grab1
13754,542,-430,10612,CD,2,D1_pwm150_grab1
13760,3318,244,9830,CD,2,D1_pwm150_grab1
13764,882,828,9600,CD,2,D1_pwm150_grab1
13769,-22,942,12500,CD,2,D1_pwm150_grab1
13780,-588,-1830,10174,CD,2,D1_pwm150_grab1
13784,90,-978,8998,CD,2,D1_pwm150_grab1
13795,-778,-502,9612,CD,2,D1_pwm150_grab1
13800,-342,-1028,9790,CD,2,D1_pwm150_grab1
13805,668,-418,9026,CD,2,D1_pwm150_grab1
13810,1836,1548,11690,CD,2,D1_pwm150_grab1
13814,908,-882,9966,CD,2,D1_pwm150_grab1
13824,422,210,10358,CD,2,D1_pwm150_grab1
13830,288,1092,10674,CD,2,D1_pwm150_grab1
13834,2186,-430,11276,CD,2,D1_pwm150_grab1
13839,-1462,-3408,7942,CD,2,D1_pwm150_grab1
13844,444,350,10034,CD,2,D1_pwm150_grab1
13849,-602,-1994,10646,CD,2,D1_pwm150_grab1
13855,1634,-316,10166,CD,2,D1_pwm150_grab1
13859,932,626,9678,CD,2,D1_pwm150_grab1
13865,-58,906,12000,CD,2,D1_pwm150_grab1
13869,-1874,-1574,8468,CD,2,D1_pwm150_grab1
13874,1140,-300,10808,CD,2,D1_pwm150_grab1
13879,116,-942,9050,CD,2,D1_pwm150_grab1
13884,2444,1574,11648,CD,2,D1_pwm150_grab1
13890,-178,-1636,9818,CD,2,D1_pwm150_grab1
13894,1312,154,10744,CD,2,D1_pwm150_grab1
13899,884,-496,9134,CD,2,D1_pwm150_grab1
13904,1804,1674,11846,CD,2,D1_pwm150_grab1
13910,922,-808,10076,CD,2,D1_pwm150_grab1
13921,-260,504,9394,CD,2,D1_pwm150_grab1
13925,-28,-780,9450,CD,2,D1_pwm150_grab1
13936,1494,2264,12710,CD,2,D1_pwm150_grab1
13940,1038,-234,10428,CD,2,D1_pwm150_grab1
13950,242,282,10046,CD,2,D1_pwm150_grab1
13956,992,582,9718,CD,2,D1_pwm150_grab1
13960,42,774,12102,CD,2,D1_pwm150_grab1
13965,-692,-2408,8938,CD,2,D1_pwm150_grab1
13970,-200,-460,10122,CD,2,D1_pwm150_grab1
13975,340,-1096,11000,CD,2,D1_pwm150_grab1
13980,2792,-106,9650,CD,2,D1_pwm150_grab1
13985,1088,-598,9132,CD,2,D1_pwm150_grab1
13991,260,1278,12542,CD,2,D1_pwm150_grab1
13996,818,-364,9012,CD,2,D1_pwm150_grab1
14001,1872,1558,11592,CD,2,D1_pwm150_grab1
14005,-200,-644,9090,CD,2,D1_pwm150_grab1
14016,-768,-890,9836,CD,2,D1_pwm150_grab1
14020,84,-682,9790,CD,2,D1_pwm150_grab1
14036,902,-198,10390,CD,2,D1_pwm150_grab1
14041,-764,-1942,10686,CD,2,D1_pwm150_grab1
14045,1602,-370,10230,CD,2,D1_pwm150_grab1
14050,-280,750,10848,CD,2,D1_pwm150_grab1
14060,-516,-2332,8784,CD,2,D1_pwm150_grab1
14066,-344,-328,10042,CD,2,D1_pwm150_grab1
14070,442,-860,10866,CD,2,D1_pwm150_grab1
14076,2808,-4,9778,CD,2,D1_pwm150_grab1
14080,-108,-1654,9788,CD,2,D1_pwm150_grab1
14085,1302,90,10792,CD,2,D1_pwm150_grab1
14095,472,-1010,10492,CD,2,D1_pwm150_grab1
14100,-172,-736,8976,CD,2,D1_pwm150_grab1
14110,-726,-848,9876,CD,2,D1_pwm150_grab1
14115,68,-762,9540,CD,2,D1_pwm150_grab1
14125,380,-10,10580,CD,2,D1_pwm150_grab1
14130,1016,-320,10380,CD,2,D1_pwm150_grab1
14141,212,178,9944,CD,2,D1_pwm150_grab1
14146,-308,650,10694,CD,2,D1_pwm150_grab1
14155,-610,-2194,9084,CD,2,D1_pwm150_grab1
14160,-98,-394,10144,CD,2,D1_pwm150_grab1
14167,232,-1038,11016,CD,2,D1_pwm150_grab1
14171,932,-82,10246,CD,2,D1_pwm150_grab1
14177,496,966,10144,CD,2,D1_pwm150_grab1
14181,670,20,11320,CD,2,D1_pwm150_grab1
14192,-732,-1332,10390,CD,2,D1_pwm150_grab1
14196,-8,-494,10436,CD,2,D1_pwm150_grab1
14206,526,-1304,9686,CD,2,D1_pwm150_grab1
14212,706,880,11188,CD,2,D1_pwm150_grab1
14217,-1064,-1358,8556,CD,2,D1_pwm150_grab1
14222,1426,424,11034,CD,2,D1_pwm150_grab1
14226,474,-850,9502,CD,2,D1_pwm150_grab1
14236,-680,-218,9144,CD,2,D1_pwm150_grab1
14241,-432,-540,9830,CD,2,D1_pwm150_grab1
14252,796,1228,11780,CD,2,D1_pwm150_grab1
14257,842,276,10300,CD,2,D1_pwm150_grab1
14261,-2550,-1552,10134,CD,2,D1_pwm150_grab1
14266,946,-10,10284,CD,2,D1_pwm150_grab1
14271,568,764,10278,CD,2,D1_pwm150_grab1
14277,904,-38,11302,CD,2,D1_pwm150_grab1
14286,-542,-1366,10090,CD,2,D1_pwm150_grab1
14292,-318,-1708,10590,CD,2,D1_pwm150_grab1
14297,3856,774,10674,CD,2,D1_pwm150_grab1
14301,552,-1290,9594,CD,2,D1_pwm150_grab1
14306,666,870,11630,CD,2,D1_pwm150_grab1
14312,-1140,-1030,8748,CD,2,D1_pwm150_grab1
14316,1424,348,10974,CD,2,D1_pwm150_grab1
14321,378,-870,9354,CD,2,D1_pwm150_grab1
14331,-416,-1526,9880,CD,2,D1_pwm150_grab1
14336,-542,-620,9790,CD,2,D1_pwm150_grab1
14347,1104,1308,11344,CD,2,D1_pwm150_grab1
14351,762,374,10114,CD,2,D1_pwm150_grab1
14356,-2802,-1790,9956,CD,2,D1_pwm150_grab1
14361,824,66,10266,CD,2,D1_pwm150_grab1
14366,448,1036,10200,CD,2,D1_pwm150_grab1
14377,102,-916,9830,CD,2,D1_pwm150_grab1
14381,-698,-1254,10272,CD,2,D1_pwm150_grab1
14387,54,-332,10560,CD,2,D1_pwm150_grab1
14392,3456,866,10586,CD,2,D1_pwm150_grab1
14396,576,-1362,9562,CD,2,D1_pwm150_grab1
14401,610,934,11284,CD,2,D1_pwm150_grab1
14407,-1226,-1510,8382,CD,2,D1_pwm150_grab1
14412,-278,-1664,10194,CD,2,D1_pwm150_grab1
14417,-532,-434,8846,CD,2,D1_pwm150_grab1
14423,1424,1730,11808,CD,2,D1_pwm150_grab1
14427,-356,-1374,9752,CD,2,D1_pwm150_grab1
14433,834,-154,10290,CD,2,D1_pwm150_grab1
14437,2078,-356,8726,CD,2,D1_pwm150_grab1
14442,1788,1806,12018,CD,2,D1_pwm150_grab1
14447,884,-684,10198,CD,2,D1_pwm150_grab1
14457,-946,-534,9572,CD,2,D1_pwm150_grab1
14462,-274,-678,9744,CD,2,D1_pwm150_grab1
14473,166,-788,10004,CD,2,D1_pwm150_grab1
14477,406,126,9888,CD,2,D1_pwm150_grab1
14482,-450,-1642,10580,CD,2,D1_pwm150_grab1
14487,1890,-32,10280,CD,2,D1_pwm150_grab1
14493,-38,820,10620,CD,2,D1_pwm150_grab1
14498,2936,-734,10630,CD,2,D1_pwm150_grab1
14502,-978,-2742,8268,CD,2,D1_pwm150_grab1
14508,-312,-1666,10376,CD,2,D1_pwm150_grab1
14513,-736,-446,9030,CD,2,D1_pwm150_grab1
14517,1630,1628,11848,CD,2,D1_pwm150_grab1
14522,-406,-1404,9886,CD,2,D1_pwm150_grab1
14528,1142,-28,10470,CD,2,D1_pwm150_grab1
14532,-2590,-2086,7876,CD,2,D1_pwm150_grab1
14538,802,-626,10794,CD,2,D1_pwm150_grab1
14542,134,-826,9160,CD,2,D1_pwm150_grab1
14552,-120,264,9524,CD,2,D1_pwm150_grab1
14557,-534,-22,10592,CD,2,D1_pwm150_grab1
14567,128,-724,10026,CD,2,D1_pwm150_grab1
14573,1092,-72,10366,CD,2,D1_pwm150_grab1
14582,466,144,10204,CD,2,D1_pwm150_grab1
14588,108,724,10560,CD,2,D1_pwm150_grab1
14603,-362,-1718,10254,CD,2,D1_pwm150_grab1
14607,-582,-448,8876,CD,2,D1_pwm150_grab1
14612,3284,328,9840,CD,2,D1_pwm150_grab1
14618,890,-738,9362,CD,2,D1_pwm150_grab1
14623,592,1164,12292,CD,2,D1_pwm150_grab1
14627,-2342,-1914,8004,CD,2,D1_pwm150_grab1
14633,880,-514,10376,CD,2,D1_pwm150_grab1
14637,894,-670,10250,CD,2,D1_pwm150_grab1
14648,-16,302,9428,CD,2,D1_pwm150_grab1
14653,-712,-38,10454,CD,2,D1_pwm150_grab1
14662,1302,1926,12186,CD,2,D1_pwm150_grab1
14668,900,30,10322,CD,2,D1_pwm150_grab1
14679,580,392,10054,CD,2,D1_pwm150_grab1
14684,126,830,10632,CD,2,D1_pwm150_grab1
14688,2524,-664,10734,CD,2,D1_pwm150_grab1
14698,618,250,10078,CD,2,D1_pwm150_grab1
14704,-686,-1800,10542,CD,2,D1_pwm150_grab1
14709,1764,2,10126,CD,2,D1_pwm150_grab1
14713,932,666,9864,CD,2,D1_pwm150_grab1
14718,176,430,11864,CD,2,D1_pwm150_grab1
14723,-2214,-1878,8032,CD,2,D1_pwm150_grab1
14729,1008,-368,10712,CD,2,D1_pwm150_grab1
14734,152,-852,9190,CD,2,D1_pwm150_grab1
14738,2576,1270,11438,CD,2,D1_pwm150_grab1
14743,-186,-1478,9654,CD,2,D1_pwm150_grab1
14748,1128,338,11126,CD,2,D1_pwm150_grab1
14753,902,-668,9042,CD,2,D1_pwm150_grab1
14758,1750,1430,11480,CD,2,D1_pwm150_grab1
14763,1070,-2,10358,CD,2,D1_pwm150_grab1
14773,582,146,10238,CD,2,D1_pwm150_grab1
14778,-726,-220,10166,CD,2,D1_pwm150_grab1
14788,594,-54,10384,CD,2,D1_pwm150_grab1
14794,470,272,9936,CD,2,D1_pwm150_grab1
14798,-562,-1816,10576,CD,2,D1_pwm150_grab1
14804,1780,122,10362,CD,2,D1_pwm150_grab1
14808,728,-1054,9462,CD,2,D1_pwm150_grab1
14813,666,1128,11992,CD,2,D1_pwm150_grab1
14824,-444,-1648,10240,CD,2,D1_pwm150_grab1
14829,-600,-486,9232,CD,2,D1_pwm150_grab1
14834,1922,1322,11392,CD,2,D1_pwm150_grab1
14838,-176,-1514,9796,CD,2,D1_pwm150_grab1
14843,1270,156,10736,CD,2,D1_pwm150_grab1
14854,1146,1704,11876,CD,2,D1_pwm150_grab1
14859,940,-758,10080,CD,2,D1_pwm150_grab1
14868,-208,190,9390,CD,2,D1_pwm150_grab1
14874,-542,-162,10326,CD,2,D1_pwm150_grab1
14883,278,-400,10452,CD,2,D1_pwm150_grab1
14888,352,144,10080,CD,2,D1_pwm150_grab1
14893,100,-612,10458,CD,2,D1_pwm150_grab1
14899,2150,-64,9944,CD,2,D1_pwm150_grab1
14903,1126,488,9632,CD,2,D1_pwm150_grab1
14908,56,1126,12104,CD,2,D1_pwm150_grab1
14918,-204,-1700,10104,CD,2,D1_pwm150_grab1
14923,-722,-262,9022,CD,2,D1_pwm150_grab1
14929,1458,1622,11908,CD,2,D1_pwm150_grab1
14934,-502,-1582,9702,CD,2,D1_pwm150_grab1
14939,462,1342,12052,CD,2,D1_pwm150_grab1
14944,-2400,-1840,8116,CD,2,D1_pwm150_grab1
14949,880,-564,10786,CD,2,D1_pwm150_grab1
14955,106,-754,9158,CD,2,D1_pwm150_grab1
14965,-882,-576,9598,CD,2,D1_pwm150_grab1
14969,-396,-808,9728,CD,2,D1_pwm150_grab1
14979,1190,1870,12262,CD,2,D1_pwm150_grab1
14984,978,34,10460,CD,2,D1_pwm150_grab1
14995,598,298,10078,CD,2,D1_pwm150_grab1
14999,316,1020,10588,CD,2,D1_pwm150_grab1
15004,1982,-394,11252,CD,2,D1_pwm150_grab1
15009,-1548,-3042,7932,CD,2,D1_pwm150_grab1
15014,-560,-978,10152,CD,2,D1_pwm150_grab1
15019,90,-514,10586,CD,2,D1_pwm150_grab1
15024,3604,494,10214,CD,2,D1_pwm150_grab1
15029,564,-1218,9398,CD,2,D1_pwm150_grab1
15035,588,1090,11712,CD,2,D1_pwm150_grab1
15040,-1716,-1436,8502,CD,2,D1_pwm150_grab1
15045,1256,-62,10762,CD,2,D1_pwm150_grab1
15049,250,-900,9146,CD,2,D1_pwm150_grab1
15054,-3078,2298,12908,CD,2,D1_pwm150_grab1
15059,-410,-1552,9862,CD,2,D1_pwm150_grab1
15064,-550,-872,9832,CD,2,D1_pwm150_grab1
15075,1130,1448,11704,CD,2,D1_pwm150_grab1
15080,882,272,10152,CD,2,D1_pwm150_grab1
15085,-2660,-1720,10140,CD,2,D1_pwm150_grab1
15089,902,152,10346,CD,2,D1_pwm150_grab1
15095,524,1204,10116,CD,2,D1_pwm150_grab1
15109,-668,-1216,10350,CD,2,D1_pwm150_grab1
15114,-44,-340,10474,CD,2,D1_pwm150_grab1
15119,3362,844,10602,CD,2,D1_pwm150_grab1
15125,370,-1476,9618,CD,2,D1_pwm150_grab1
15129,822,780,11114,CD,2,D1_pwm150_grab1
15134,-968,-1362,8750,CD,2,D1_pwm150_grab1
15139,-122,-1504,10180,CD,2,D1_pwm150_grab1
15145,-568,-356,8850,CD,2,D1_pwm150_grab1
15154,-524,32,9304,CD,2,D1_pwm150_grab1
15159,-528,-418,9910,CD,2,D1_pwm150_grab1
15170,634,688,11226,CD,2,D1_pwm150_grab1
15174,700,258,10260,CD,2,D1_pwm150_grab1
15184,154,316,9934,CD,2,D1_pwm150_grab1
15191,-400,552,10542,CD,2,D1_pwm150_grab1
15200,-622,-1998,9558,CD,2,D1_pwm150_grab1
15206,-70,-226,10100,CD,2,D1_pwm150_grab1
15210,212,-1056,10926,CD,2,D1_pwm150_grab1
15215,2710,178,9644,CD,2,D1_pwm150_grab1
15220,518,890,10068,CD,2,D1_pwm150_grab1
15226,546,170,11478,CD,2,D1_pwm150_grab1
15235,494,-1114,10472,CD,2,D1_pwm150_grab1
15240,-128,-720,9190,CD,2,D1_pwm150_grab1
15250,-886,-846,9806,CD,2,D1_pwm150_grab1
15255,-204,-664,10054,CD,2,D1_pwm150_grab1
15260,-332,-1230,8678,CD,2,D1_pwm150_grab1
15265,1616,810,11440,CD,2,D1_pwm150_grab1
15270,814,-934,9744,CD,2,D1_pwm150_grab1
15281,496,224,9918,CD,2,D1_pwm150_grab1
15285,140,830,10450,CD,2,D1_pwm150_grab1
15290,2610,-666,11294,CD,2,D1_pwm150_grab1
15300,608,232,10020,CD,2,D1_pwm150_grab1
15306,-714,-1726,10488,CD,2,D1_pwm150_grab1
15311,1758,358,10364,CD,2,D1_pwm150_grab1
15315,988,590,10026,CD,2,D1_pwm150_grab1
15321,674,1100,11820,CD,2,D1_pwm150_grab1
15331,1054,-336,10574,CD,2,D1_pwm150_grab1
15336,150,-850,9084,CD,2,D1_pwm150_grab1
15345,-310,-1372,9860,CD,2,D1_pwm150_grab1
15351,1098,70,10860,CD,2,D1_pwm150_grab1
15355,1580,-604,8658,CD,2,D1_pwm150_grab1
15366,938,252,10188,CD,2,D1_pwm150_grab1
15376,876,352,10386,CD,2,D1_pwm150_grab1
15381,456,978,10176,CD,2,D1_pwm150_grab1
15390,154,-584,10104,CD,2,D1_pwm150_grab1
15396,214,228,10064,CD,2,D1_pwm150_grab1
15400,0,-1790,10392,CD,2,D1_pwm150_grab1
15405,3376,674,10356,CD,2,D1_pwm150_grab1
15411,478,-1180,9722,CD,2,D1_pwm150_grab1
15415,752,908,11210,CD,2,D1_pwm150_grab1
15420,-1030,-1544,8496,CD,2,D1_pwm150_grab1
15426,-282,-1656,10318,CD,2,D1_pwm150_grab1
15430,-624,-434,8844,CD,2,D1_pwm150_grab1
15435,826,1334,11782,CD,2,D1_pwm150_grab1
15440,-608,-1448,9704,CD,2,D1_pwm150_grab1
15446,478,-346,10104,CD,2,D1_pwm150_grab1
15452,3090,-324,8384,CD,2,D1_pwm150_grab1
15456,1774,2078,12340,CD,2,D1_pwm150_grab1
15462,1062,-594,10178,CD,2,D1_pwm150_grab1
15472,-906,-534,9264,CD,2,D1_pwm150_grab1
15476,-594,-566,9810,CD,2,D1_pwm150_grab1
15486,1280,1804,11678,CD,2,D1_pwm150_grab1
15491,96,-72,10118,CD,2,D1_pwm150_grab1
15496,122,-1608,10702,CD,2,D1_pwm150_grab1
15501,2358,216,9812,CD,2,D1_pwm150_grab1
15507,348,928,10372,CD,2,D1_pwm150_grab1
15511,1016,-274,11484,CD,2,D1_pwm150_grab1
15521,-818,-1154,10206,CD,2,D1_pwm150_grab1
15527,132,-598,10328,CD,2,D1_pwm150_grab1
15532,72,1770,12472,CD,2,D1_pwm150_grab1
15537,-882,-1380,9780,CD,2,D1_pwm150_grab1
15541,12,-614,10050,CD,2,D1_pwm150_grab1
15546,-1120,-1276,8734,CD,2,D1_pwm150_grab1
15551,1462,324,11152,CD,2,D1_pwm150_grab1
15556,570,-914,9500,CD,2,D1_pwm150_grab1
15567,-580,-286,9138,CD,2,D1_pwm150_grab1
15571,-572,-688,9796,CD,2,D1_pwm150_grab1
15576,3690,-942,10698,CD,2,D1_pwm150_grab1
15581,-802,-2306,8754,CD,2,D1_pwm150_grab1
15587,884,270,10142,CD,2,D1_pwm150_grab1
15591,-1648,-1920,10234,CD,2,D1_pwm150_grab1
15597,1314,254,10444,CD,2,D1_pwm150_grab1
15601,794,992,10348,CD,2,D1_pwm150_grab1
15607,38,460,11866,CD,2,D1_pwm150_grab1
15616,620,-888,10328,CD,2,D1_pwm150_grab1
15621,18,-688,8946,CD,2,D1_pwm150_grab1
15627,3512,840,11188,CD,2,D1_pwm150_grab1
15632,66,-1588,9692,CD,2,D1_pwm150_grab1
15636,1092,516,11218,CD,2,D1_pwm150_grab1
15641,270,-796,8922,CD,2,D1_pwm150_grab1
15646,1638,1080,11516,CD,2,D1_pwm150_grab1
15651,796,-878,9914,CD,2,D1_pwm150_grab1
15661,476,452,10172,CD,2,D1_pwm150_grab1
15667,-618,-328,10200,CD,2,D1_pwm150_grab1
15677,542,296,10498,CD,2,D1_pwm150_grab1
15681,514,360,9986,CD,2,D1_pwm150_grab1
15686,-502,-1984,10428,CD,2,D1_pwm150_grab1
15691,1872,158,10250,CD,2,D1_pwm150_grab1
15696,924,802,9742,CD,2,D1_pwm150_grab1
15702,14,938,11922,CD,2,D1_pwm150_grab1
15708,-818,-2372,9090,CD,2,D1_pwm150_grab1
15712,-326,-484,10140,CD,2,D1_pwm150_grab1
15717,494,-1098,10856,CD,2,D1_pwm150_grab1
15723,3130,102,9596,CD,2,D1_pwm150_grab1
15727,1082,-502,9284,CD,2,D1_pwm150_grab1
15733,460,1174,12590,CD,2,D1_pwm150_grab1
15737,-2744,-2244,7810,CD,2,D1_pwm150_grab1
15744,620,-964,10420,CD,2,D1_pwm150_grab1
15748,-96,-760,9142,CD,2,D1_pwm150_grab1
15752,-1166,2224,12870,CD,2,D1_pwm150_grab1
15758,-950,-840,9548,CD,2,D1_pwm150_grab1
15762,-376,-830,9872,CD,2,D1_pwm150_grab1
15773,1516,2210,12364,CD,2,D1_pwm150_grab1
15778,962,-98,10266,CD,2,D1_pwm150_grab1
15787,420,508,9984,CD,2,D1_pwm150_grab1
15792,22,1052,10432,CD,2,D1_pwm150_grab1
15797,2676,-608,11478,CD,2,D1_pwm150_grab1
15802,-1176,-2946,8224,CD,2,D1_pwm150_grab1
15808,-738,-642,10196,CD,2,D1_pwm150_grab1
15813,594,-824,10572,CD,2,D1_pwm150_grab1
15817,3244,372,9958,CD,2,D1_pwm150_grab1
15822,840,-1074,9308,CD,2,D1_pwm150_grab1
15828,-72,1018,12430,CD,2,D1_pwm150_grab1
15833,-2382,-1998,8028,CD,2,D1_pwm150_grab1
15837,1054,-472,10744,CD,2,D1_pwm150_grab1
15842,106,-882,9018,CD,2,D1_pwm150_grab1
15853,-800,-654,9500,CD,2,D1_pwm150_grab1
15858,-528,-1126,9930,CD,2,D1_pwm150_grab1
15868,1842,1462,11648,CD,2,D1_pwm150_grab1
15873,1126,-12,10284,CD,2,D1_pwm150_grab1
15877,-3460,-1570,9998,CD,2,D1_pwm150_grab1
15882,712,258,10238,CD,2,D1_pwm150_grab1
15888,608,1202,10410,CD,2,D1_pwm150_grab1
15892,1250,-244,11942,CD,2,D1_pwm150_grab1
15902,-726,-926,10298,CD,2,D1_pwm150_grab1
15908,-142,-1846,10532,CD,2,D1_pwm150_grab1
15913,1926,84,10004,CD,2,D1_pwm150_grab1
15918,554,-1392,9526,CD,2,D1_pwm150_grab1
15923,768,1008,11204,CD,2,D1_pwm150_grab1
15928,-1266,-1610,8684,CD,2,D1_pwm150_grab1
15932,1374,28,11032,CD,2,D1_pwm150_grab1
15938,362,-940,9324,CD,2,D1_pwm150_grab1
15947,-750,-306,9210,CD,2,D1_pwm150_grab1
15953,576,-480,10252,CD,2,D1_pwm150_grab1
15958,2714,-308,8600,CD,2,D1_pwm150_grab1
15963,1742,2092,12424,CD,2,D1_pwm150_grab1
15969,1036,-804,10198,CD,2,D1_pwm150_grab1
15978,108,274,9896,CD,2,D1_pwm150_grab1
15984,-406,248,10548,CD,2,D1_pwm150_grab1
15989,4812,-960,9502,CD,2,D1_pwm150_grab1
15994,1206,2052,12210,CD,2,D1_pwm150_grab1
15998,1020,232,10250,CD,2,D1_pwm150_grab1
16003,348,-1730,10748,CD,2,D1_pwm150_grab1
16008,2630,172,9608,CD,2,D1_pwm150_grab1
16013,1222,70,9284,CD,2,D1_pwm150_grab1
16019,318,1380,12470,CD,2,D1_pwm150_grab1
16029,234,-1502,10156,CD,2,D1_pwm150_grab1
16034,-24,-462,10596,CD,2,D1_pwm150_grab1
16038,3474,352,10200,CD,2,D1_pwm150_grab1
16043,-938,-1464,9616,CD,2,D1_pwm150_grab1
16049,-236,-778,10036,CD,2,D1_pwm150_grab1
16054,4550,16,8386,CD,2,D1_pwm150_grab1
16064,994,-410,10320,CD,2,D1_pwm150_grab1
16073,-516,-168,9262,CD,2,D1_pwm150_grab1
16078,-596,-704,10060,CD,2,D1_pwm150_grab1
16089,-872,-2452,8876,CD,2,D1_pwm150_grab1
16094,-528,-236,10164,CD,2,D1_pwm150_grab1
16099,732,-1020,10762,CD,2,D1_pwm150_grab1
16103,2946,-30,9566,CD,2,D1_pwm150_grab1
16108,1022,-700,9226,CD,2,D1_pwm150_grab1
16113,36,406,12250,CD,2,D1_pwm150_grab1
16124,-706,-1656,10170,CD,2,D1_pwm150_grab1
16129,-14,-838,9026,CD,2,D1_pwm150_grab1
16133,-1532,2478,13242,CD,2,D1_pwm150_grab1
16138,-868,-976,9618,CD,2,D1_pwm150_grab1
16144,-386,-1070,9720,CD,2,D1_pwm150_grab1
16153,1780,1202,11456,CD,2,D1_pwm150_grab1
16159,840,-1000,9800,CD,2,D1_pwm150_grab1
16169,-294,284,9168,CD,2,D1_pwm150_grab1
16173,372,962,10648,CD,2,D1_pwm150_grab1
16179,2222,-616,11184,CD,2,D1_pwm150_grab1
16183,-1634,-3222,8062,CD,2,D1_pwm150_grab1
16188,-642,-810,10194,CD,2,D1_pwm150_grab1
16193,-438,-2094,10402,CD,2,D1_pwm150_grab1
16198,1860,190,10388,CD,2,D1_pwm150_grab1
16203,1068,752,9766,CD,2,D1_pwm150_grab1
16209,-52,798,11938,CD,2,D1_pwm150_grab1
16220,-440,-1880,10252,CD,2,D1_pwm150_grab1
16224,-738,-316,9240,CD,2,D1_pwm150_grab1
16229,1508,1172,11444,CD,2,D1_pwm150_grab1
16234,942,-606,9258,CD,2,D1_pwm150_grab1
16239,404,1242,12314,CD,2,D1_pwm150_grab1
16244,-2314,-2072,7994,CD,2,D1_pwm150_grab1
16249,890,-676,10436,CD,2,D1_pwm150_grab1
16254,84,-718,9114,CD,2,D1_pwm150_grab1
16264,124,418,9792,CD,2,D1_pwm150_grab1
16269,-486,-40,10666,CD,2,D1_pwm150_grab1
16279,1258,2034,12408,CD,2,D1_pwm150_grab1
16284,980,74,10352,CD,2,D1_pwm150_grab1
16295,728,554,10334,CD,2,D1_pwm150_grab1
16300,1244,332,9438,CD,2,D1_pwm150_grab1
16305,134,1258,12640,CD,2,D1_pwm150_grab1
16310,-3108,-3044,7316,CD,2,D1_pwm150_grab1
16314,-668,-1052,10166,CD,2,D1_pwm150_grab1
16319,82,-496,10744,CD,2,D1_pwm150_grab1
16324,3432,266,9956,CD,2,D1_pwm150_grab1
16330,466,-1278,9628,CD,2,D1_pwm150_grab1
16334,554,1084,11492,CD,2,D1_pwm150_grab1
16339,-1432,-1302,8586,CD,2,D1_pwm150_grab1
16344,1768,2336,12372,CD,2,D1_pwm150_grab1
16349,934,-448,10218,CD,2,D1_pwm150_grab1
16359,-618,-234,9254,CD,2,D1_pwm150_grab1
16365,-482,-632,9786,CD,2,D1_pwm150_grab1
16374,806,1294,11592,CD,2,D1_pwm150_grab1
16379,766,314,10306,CD,2,D1_pwm150_grab1
16384,514,-1182,10802,CD,2,D1_pwm150_grab1
16390,2768,-80,9656,CD,2,D1_pwm150_grab1
16394,756,1034,10250,CD,2,D1_pwm150_grab1
16399,408,262,11688,CD,2,D1_pwm150_grab1
16404,-2340,-3602,7508,CD,2,D1_pwm150_grab1
16409,-626,-1524,10090,CD,2,D1_pwm150_grab1
16414,-130,-326,10196,CD,2,D1_pwm150_grab1
16419,3330,800,11060,CD,2,D1_pwm150_grab1
16424,94,-1652,9530,CD,2,D1_pwm150_grab1
16429,-274,-922,9596,CD,2,D1_pwm150_grab1
16439,1670,932,11322,CD,2,D1_pwm150_grab1
16445,788,-932,9680,CD,2,D1_pwm150_grab1
16455,-400,270,9132,CD,2,D1_pwm150_grab1
16460,-706,-404,10060,CD,2,D1_pwm150_grab1
16470,654,316,10806,CD,2,D1_pwm150_grab1
16476,952,-444,10372,CD,2,D1_pwm150_grab1
16485,388,452,9916,CD,2,D1_pwm150_grab1
16491,-138,654,10690,CD,2,D1_pwm150_grab1
16495,3918,-804,10170,CD,2,D1_pwm150_grab1
16501,-610,-2144,8754,CD,2,D1_pwm150_grab1
16505,-326,-340,10102,CD,2,D1_pwm150_grab1
16510,542,-1142,10686,CD,2,D1_pwm150_grab1
16515,2030,1244,11386,CD,2,D1_pwm150_grab1
16520,988,-506,9208,CD,2,D1_pwm150_grab1
16526,260,1132,12528,CD,2,D1_pwm150_grab1
16530,-2676,-2344,7740,CD,2,D1_pwm150_grab1
16536,648,-904,10272,CD,2,D1_pwm150_grab1
16541,34,-662,9112,CD,2,D1_pwm150_grab1
16551,-884,-876,9502,CD,2,D1_pwm150_grab1
16555,-588,-130,10452,CD,2,D1_pwm150_grab1
16570,1048,-138,10318,CD,2,D1_pwm150_grab1
16580,580,466,10136,CD,2,D1_pwm150_grab1
16586,170,802,10454,CD,2,D1_pwm150_grab1
16590,2534,-556,11004,CD,2,D1_pwm150_grab1
16595,-1462,-3054,8384,CD,2,D1_pwm150_grab1
16601,-580,-754,10206,CD,2,D1_pwm150_grab1
16605,244,-784,10676,CD,2,D1_pwm150_grab1
16611,3266,316,9774,CD,2,D1_pwm150_grab1
16615,702,-934,9588,CD,2,D1_pwm150_grab1
16621,590,1158,11744,CD,2,D1_pwm150_grab1
16626,-1934,-1712,8246,CD,2,D1_pwm150_grab1
16631,1176,-428,10744,CD,2,D1_pwm150_grab1
16635,164,-832,9280,CD,2,D1_pwm150_grab1
16640,-2738,2196,13178,CD,2,D1_pwm150_grab1
16645,-860,-550,9410,CD,2,D1_pwm150_grab1
16650,-518,-840,9836,CD,2,D1_pwm150_grab1
16661,996,1786,12222,CD,2,D1_pwm150_grab1
16665,954,226,10326,CD,2,D1_pwm150_grab1
16671,-2892,-1634,9856,CD,2,D1_pwm150_grab1
16675,918,356,10182,CD,2,D1_pwm150_grab1
16680,-484,-18,10290,CD,2,D1_pwm150_grab1
16685,952,-158,11648,CD,2,D1_pwm150_grab1
16695,-686,-1200,10198,CD,2,D1_pwm150_grab1
16701,34,-378,10484,CD,2,D1_pwm150_grab1
16710,362,-1458,9448,CD,2,D1_pwm150_grab1
16716,582,872,11364,CD,2,D1_pwm150_grab1
16720,-3212,-3214,7476,CD,2,D1_pwm150_grab1
16726,52,-1768,9978,CD,2,D1_pwm150_grab1
16731,-772,-284,8972,CD,2,D1_pwm150_grab1
16736,984,1616,12256,CD,2,D1_pwm150_grab1
16742,-630,-1492,9804,CD,2,D1_pwm150_grab1
16746,404,-440,10228,CD,2,D1_pwm150_grab1
16752,3426,-502,8538,CD,2,D1_pwm150_grab1
16757,1704,2210,12484,CD,2,D1_pwm150_grab1
16761,162,-940,9244,CD,2,D1_pwm150_grab1
16766,-3062,2358,13004,CD,2,D1_pwm150_grab1
16772,168,552,9864,CD,2,D1_pwm150_grab1
16776,-390,382,10680,CD,2,D1_pwm150_grab1
16786,-304,-1670,9432,CD,2,D1_pwm150_grab1
16791,-116,-38,10186,CD,2,D1_pwm150_grab1
16796,406,-1320,10706,CD,2,D1_pwm150_grab1
16802,1000,244,10314,CD,2,D1_pwm150_grab1
16806,598,900,10426,CD,2,D1_pwm150_grab1
16811,198,1122,12478,CD,2,D1_pwm150_grab1
16822,282,-1352,10154,CD,2,D1_pwm150_grab1
16826,-156,-592,9092,CD,2,D1_pwm150_grab1
16832,-196,2016,12536,CD,2,D1_pwm150_grab1
16837,-866,-1222,9710,CD,2,D1_pwm150_grab1
16841,804,816,11456,CD,2,D1_pwm150_grab1
16846,-694,-1182,8828,CD,2,D1_pwm150_grab1
16851,1502,454,11086,CD,2,D1_pwm150_grab1
16856,1168,-396,10256,CD,2,D1_pwm150_grab1
16867,312,488,10064,CD,2,D1_pwm150_grab1
16871,-106,820,10382,CD,2,D1_pwm150_grab1
16876,3416,-546,10944,CD,2,D1_pwm150_grab1
16882,920,986,11100,CD,2,D1_pwm150_grab1
16886,690,422,10102,CD,2,D1_pwm150_grab1
16891,-1298,-1872,10308,CD,2,D1_pwm150_grab1
16896,3002,182,9566,CD,2,D1_pwm150_grab1
16901,916,-704,9506,CD,2,D1_pwm150_grab1
16906,504,1226,11932,CD,2,D1_pwm150_grab1
16916,832,-892,10402,CD,2,D1_pwm150_grab1
16921,-194,-414,9738,CD,2,D1_pwm150_grab1
16926,2614,1022,11220,CD,2,D1_pwm150_grab1
16931,-6,-1656,9588,CD,2,D1_pwm150_grab1
16937,1232,316,10948,CD,2,D1_pwm150_grab1
16947,1286,2094,12468,CD,2,D1_pwm150_grab1
16952,1004,-50,10408,CD,2,D1_pwm150_grab1
16961,-288,126,9284,CD,2,D1_pwm150_grab1
16967,-618,-162,10236,CD,2,D1_pwm150_grab1
16976,198,-190,10670,CD,2,D1_pwm150_grab1
16982,414,280,10190,CD,2,D1_pwm150_grab1
16988,-434,-1906,10444,CD,2,D1_pwm150_grab1
16992,1952,80,10074,CD,2,D1_pwm150_grab1
16997,1094,504,9878,CD,2,D1_pwm150_grab1
17003,2888,-512,10886,CD,2,D1_pwm150_grab1
17008,-1210,-2774,8448,CD,2,D1_pwm150_grab1
17013,-614,-560,10172,CD,2,D1_pwm150_grab1
17017,436,-746,10648,CD,2,D1_pwm150_grab1
17024,3176,348,10002,CD,2,D1_pwm150_grab1
17027,-576,-1394,9872,CD,2,D1_pwm150_grab1
17032,600,-154,10306,CD,2,D1_pwm150_grab1
17038,2958,-304,8756,CD,2,D1_pwm150_grab1
17042,1008,-450,10628,CD,2,D1_pwm150_grab1
17047,152,-914,9194,CD,2,D1_pwm150_grab1
17057,-904,-712,9292,CD,2,D1_pwm150_grab1
17065,-904,-712,9292,CD,2,D1_pwm150_grab1
17072,-296,-1384,9514,CD,2,D1_pwm150_grab1
17078,-42,-26,10086,CD,2,D1_pwm150_grab1
17082,-2674,-1274,10056,CD,2,D1_pwm150_grab1
17088,1138,406,10442,CD,2,D1_pwm150_grab1
17093,632,836,10460,CD,2,D1_pwm150_grab1
17098,656,-334,11270,CD,2,D1_pwm150_grab1
17107,-606,-1474,10114,CD,2,D1_pwm150_grab1
17113,-80,-542,9172,CD,2,D1_pwm150_grab1
17117,-422,1860,12380,CD,2,D1_pwm150_grab1
17123,230,-1224,9764,CD,2,D1_pwm150_grab1
17128,1040,874,11452,CD,2,D1_pwm150_grab1
17133,-10,-774,9064,CD,2,D1_pwm150_grab1
17137,1622,832,11098,CD,2,D1_pwm150_grab1
17142,656,-810,9700,CD,2,D1_pwm150_grab1
17153,564,594,10152,CD,2,D1_pwm150_grab1
17157,140,720,10392,CD,2,D1_pwm150_grab1
17163,2614,-770,10926,CD,2,D1_pwm150_grab1
17168,656,460,10780,CD,2,D1_pwm150_grab1
17173,498,356,10026,CD,2,D1_pwm150_grab1
17177,-454,-2074,10252,CD,2,D1_pwm150_grab1
17182,1930,454,10402,CD,2,D1_pwm150_grab1
17188,966,906,9848,CD,2,D1_pwm150_grab1
17193,-22,732,11890,CD,2,D1_pwm150_grab1
17197,-1888,-1778,8292,CD,2,D1_pwm150_grab1
17202,1118,-372,10684,CD,2,D1_pwm150_grab1
17208,-560,-234,9254,CD,2,D1_pwm150_grab1
17212,1680,1012,11294,CD,2,D1_pwm150_grab1
17217,-430,-1666,9598,CD,2,D1_pwm150_grab1
17222,886,70,10490,CD,2,D1_pwm150_grab1
17227,2046,-224,8644,CD,2,D1_pwm150_grab1
17232,1794,1832,12086,CD,2,D1_pwm150_grab1
17238,946,-830,10188,CD,2,D1_pwm150_grab1
17248,-968,-820,9346,CD,2,D1_pwm150_grab1
17253,-520,-856,9592,CD,2,D1_pwm150_grab1
17264,1432,1972,12062,CD,2,D1_pwm150_grab1
17268,914,76,10208,CD,2,D1_pwm150_grab1
17273,-3508,-1364,9760,CD,2,D1_pwm150_grab1
17278,820,616,10240,CD,2,D1_pwm150_grab1
17283,1122,338,9674,CD,2,D1_pwm150_grab1
17289,1492,-626,11082,CD,2,D1_pwm150_grab1
17299,-832,-1130,10314,CD,2,D1_pwm150_grab1
17304,152,-572,10632,CD,2,D1_pwm150_grab1
17308,3448,362,10318,CD,2,D1_pwm150_grab1
17313,486,-1228,9604,CD,2,D1_pwm150_grab1
17319,630,1182,11160,CD,2,D1_pwm150_grab1
17324,4384,34,8974,CD,2,D1_pwm150_grab1
17328,1458,288,10888,CD,2,D1_pwm150_grab1
17333,488,-850,9616,CD,2,D1_pwm150_grab1
17344,-560,-390,9010,CD,2,D1_pwm150_grab1
17348,-606,-696,9810,CD,2,D1_pwm150_grab1
17359,706,1018,11556,CD,2,D1_pwm150_grab1
17363,914,220,10152,CD,2,D1_pwm150_grab1
17368,-1362,-1788,10300,CD,2,D1_pwm150_grab1
17373,1586,274,10586,CD,2,D1_pwm150_grab1
17378,808,878,10440,CD,2,D1_pwm150_grab1
17384,58,304,11552,CD,2,D1_pwm150_grab1
17393,-584,-1862,10122,CD,2,D1_pwm150_grab1
17399,-274,-400,9940,CD,2,D1_pwm150_grab1
17404,2936,796,11116,CD,2,D1_pwm150_grab1
17408,-156,-1476,9732,CD,2,D1_pwm150_grab1
17413,1218,448,11210,CD,2,D1_pwm150_grab1
17419,1122,-452,8980,CD,2,D1_pwm150_grab1
17423,1786,1446,11640,CD,2,D1_pwm150_grab1
17428,870,-784,10046,CD,2,D1_pwm150_grab1
17439,-176,264,9348,CD,2,D1_pwm150_grab1
17444,-606,-324,10302,CD,2,D1_pwm150_grab1
17453,246,-372,10280,CD,2,D1_pwm150_grab1
17458,210,294,10086,CD,2,D1_pwm150_grab1
17463,-6,-2164,10326,CD,2,D1_pwm150_grab1
17468,2252,134,10098,CD,2,D1_pwm150_grab1
17473,1152,644,9584,CD,2,D1_pwm150_grab1
17478,-34,1134,12298,CD,2,D1_pwm150_grab1
17489,-554,-882,10078,CD,3,D1_pwm150_grab1
17495,344,-592,10756,CD,3,D1_pwm150_grab1
17499,3674,80,9862,CD,3,D1_pwm150_grab1
17504,658,-1016,9494,CD,3,D1_pwm150_grab1
17509,612,1308,11842,CD,3,D1_pwm150_grab1
17514,-1570,-1360,8428,CD,3,D1_pwm150_grab1
17520,1290,-140,10480,CD,3,D1_pwm150_grab1
17524,252,-810,9314,CD,3,D1_pwm150_grab1
17529,1700,1346,11566,CD,3,D1_pwm150_grab1
17536,-556,-1782,9780,CD,3,D1_pwm150_grab1
17539,-648,-864,9728,CD,3,D1_pwm150_grab1
17549,1094,1428,11432,CD,3,D1_pwm150_grab1
17555,806,334,10092,CD,3,D1_pwm150_grab1
17560,-2216,-1842,9934,CD,3,D1_pwm150_grab1
17564,1278,342,10394,CD,3,D1_pwm150_grab1
17569,-440,86,10728,CD,3,D1_pwm150_grab1
17584,-792,-1502,10188,CD,3,D1_pwm150_grab1
17589,-36,-402,10238,CD,3,D1_pwm150_grab1
17594,2964,762,10940,CD,3,D1_pwm150_grab1
17599,74,-1568,9558,CD,3,D1_pwm150_grab1
17604,1096,712,10926,CD,3,D1_pwm150_grab1
17609,-3068,-2792,7484,CD,3,D1_pwm150_grab1
17615,226,-1448,10050,CD,3,D1_pwm150_grab1
17620,-312,-514,9180,CD,3,D1_pwm150_grab1
17630,-318,66,9160,CD,3,D1_pwm150_grab1
17635,-644,-294,10046,CD,3,D1_pwm150_grab1
17644,350,84,10980,CD,3,D1_pwm150_grab1
17649,1018,-300,10326,CD,3,D1_pwm150_grab1
17660,476,658,9962,CD,3,D1_pwm150_grab1
17664,1092,626,10078,CD,3,D1_pwm150_grab1
17669,-50,1054,11856,CD,3,D1_pwm150_grab1
17680,-258,-1832,9998,CD,3,D1_pwm150_grab1
17684,-758,-230,9188,CD,3,D1_pwm150_grab1
17690,3158,206,9894,CD,3,D1_pwm150_grab1
17695,878,-814,9382,CD,3,D1_pwm150_grab1
17700,356,1230,11920,CD,3,D1_pwm150_grab1
17704,-2212,-1888,7996,CD,3,D1_pwm150_grab1
17710,1772,2066,12306,CD,3,D1_pwm150_grab1
17715,880,-650,10268,CD,3,D1_pwm150_grab1
17724,114,490,9758,CD,3,D1_pwm150_grab1
17730,-410,-962,9624,CD,3,D1_pwm150_grab1
17740,1018,1752,12160,CD,3,D1_pwm150_grab1
17745,1024,80,10290,CD,3,D1_pwm150_grab1
17755,1018,430,10400,CD,3,D1_pwm150_grab1
17760,590,1004,10544,CD,3,D1_pwm150_grab1
17765,746,-12,11394,CD,3,D1_pwm150_grab1
17770,38,-968,10140,CD,3,D1_pwm150_grab1
17775,198,134,10142,CD,3,D1_pwm150_grab1
17781,-38,-1758,10548,CD,3,D1_pwm150_grab1
17785,2162,-10,9990,CD,3,D1_pwm150_grab1
17792,1174,362,9536,CD,3,D1_pwm150_grab1
17795,974,838,11378,CD,3,D1_pwm150_grab1
17800,-254,-1060,8800,CD,3,D1_pwm150_grab1
17805,1592,732,11122,CD,3,D1_pwm150_grab1
17810,690,-884,9722,CD,3,D1_pwm150_grab1
17816,270,1784,12248,CD,3,D1_pwm150_grab1
17820,-824,-1530,9846,CD,3,D1_pwm150_grab1
17826,120,-654,9674,CD,3,D1_pwm150_grab1
17835,634,448,10608,CD,3,D1_pwm150_grab1
17840,524,280,9950,CD,3,D1_pwm150_grab1
17845,-466,-1996,10354,CD,3,D1_pwm150_grab1
17851,1954,222,10296,CD,3,D1_pwm150_grab1
17856,-12,642,10752,CD,3,D1_pwm150_grab1
17865,-1186,-2386,9028,CD,3,D1_pwm150_grab1
17870,-422,-636,10384,CD,3,D1_pwm150_grab1
17876,316,-1048,10808,CD,3,D1_pwm150_grab1
17881,1388,1188,11306,CD,3,D1_pwm150_grab1
17885,-428,-1526,9598,CD,3,D1_pwm150_grab1
17891,730,-198,10138,CD,3,D1_pwm150_grab1
17895,-1888,-1826,8064,CD,3,D1_pwm150_grab1
17901,876,-750,10396,CD,3,D1_pwm150_grab1
17906,-54,-732,9506,CD,3,D1_pwm150_grab1
17911,-2284,1866,12828,CD,3,D1_pwm150_grab1
17915,-950,-714,9422,CD,3,D1_pwm150_grab1
17921,-446,272,10426,CD,3,D1_pwm150_grab1
17930,-618,-1584,10352,CD,3,D1_pwm150_grab1
17936,818,56,10594,CD,3,D1_pwm150_grab1
17941,-2826,-1122,10166,CD,3,D1_pwm150_grab1
17946,1190,564,10104,CD,3,D1_pwm150_grab1
17950,452,1002,10374,CD,3,D1_pwm150_grab1
17955,558,-4,11688,CD,3,D1_pwm150_grab1
17960,-2060,-3368,8060,CD,3,D1_pwm150_grab1
17966,376,-1266,10298,CD,3,D1_pwm150_grab1
17971,-144,-464,9326,CD,3,D1_pwm150_grab1
17976,3174,522,10772,CD,3,D1_pwm150_grab1
17980,176,-1378,9668,CD,3,D1_pwm150_grab1
17985,1092,824,10898,CD,3,D1_pwm150_grab1
17990,-146,-1304,8654,CD,3,D1_pwm150_grab1
17996,1582,908,11316,CD,3,D1_pwm150_grab1
18000,932,-932,9564,CD,3,D1_pwm150_grab1
18012,-280,-118,9152,CD,3,D1_pwm150_grab1
18017,-376,-874,9814,CD,3,D1_pwm150_grab1
18026,1730,2306,12054,CD,3,D1_pwm150_grab1
18032,1154,-362,10080,CD,3,D1_pwm150_grab1
18041,580,550,9868,CD,3,D1_pwm150_grab1
18052,-74,1150,12288,CD,3,D1_pwm150_grab1
18056,-1552,-2704,8920,CD,3,D1_pwm150_grab1
18062,-778,-738,10208,CD,3,D1_pwm150_grab1
18066,246,-854,10576,CD,3,D1_pwm150_grab1
18071,3270,386,9960,CD,3,D1_pwm150_grab1
18077,678,-926,9550,CD,3,D1_pwm150_grab1
18081,588,1256,11462,CD,3,D1_pwm150_grab1
18086,-1412,-1810,8084,CD,3,D1_pwm150_grab1
18092,1668,2050,12426,CD,3,D1_pwm150_grab1
18097,276,-804,9400,CD,3,D1_pwm150_grab1
18101,-3572,1968,13018,CD,3,D1_pwm150_grab1
18106,-772,-604,9226,CD,3,D1_pwm150_grab1
18111,-512,-704,9654,CD,3,D1_pwm150_grab1
18122,782,1182,11724,CD,3,D1_pwm150_grab1
18127,868,150,10298,CD,3,D1_pwm150_grab1
18131,-1490,-1424,10438,CD,3,D1_pwm150_grab1
18137,1504,440,10386,CD,3,D1_pwm150_grab1
18141,818,876,10320,CD,3,D1_pwm150_grab1
18147,2,458,11756,CD,3,D1_pwm150_grab1
18151,-2662,-3550,7752,CD,3,D1_pwm150_grab1
18156,-570,-1660,10102,CD,3,D1_pwm150_grab1
18161,-414,-390,9662,CD,3,D1_pwm150_grab1
18166,2932,946,11146,CD,3,D1_pwm150_grab1
18171,-200,-1538,9852,CD,3,D1_pwm150_grab1
18177,1266,304,10836,CD,3,D1_pwm150_grab1
18182,1240,-878,8574,CD,3,D1_pwm150_grab1
18186,1722,1350,11710,CD,3,D1_pwm150_grab1
18192,828,-934,9968,CD,3,D1_pwm150_grab1
18201,-188,190,9556,CD,3,D1_pwm150_grab1
18206,-528,-148,10522,CD,3,D1_pwm150_grab1
18216,1318,2142,12578,CD,3,D1_pwm150_grab1
18221,120,304,10184,CD,3,D1_pwm150_grab1
18226,286,-1770,10340,CD,3,D1_pwm150_grab1
18232,2532,378,9594,CD,3,D1_pwm150_grab1
18236,1142,408,9240,CD,3,D1_pwm150_grab1
18241,410,1264,12618,CD,3,D1_pwm150_grab1
18252,26,-1646,9982,CD,3,D1_pwm150_grab1
18257,286,-592,10376,CD,3,D1_pwm150_grab1
18262,3832,424,10174,CD,3,D1_pwm150_grab1
18267,350,-1268,9598,CD,3,D1_pwm150_grab1
18273,1070,1148,11206,CD,3,D1_pwm150_grab1
18278,-476,-1300,9038,CD,3,D1_pwm150_grab1
18282,1542,354,10914,CD,3,D1_pwm150_grab1
18288,566,-1130,9452,CD,3,D1_pwm150_grab1
18297,-820,-1928,9936,CD,3,D1_pwm150_grab1
18302,-108,-736,10320,CD,3,D1_pwm150_grab1
18312,406,798,11312,CD,3,D1_pwm150_grab1
18317,434,524,10358,CD,3,D1_pwm150_grab1
18322,-58,-2480,10160,CD,3,D1_pwm150_grab1
18328,2024,292,9540,CD,3,D1_pwm150_grab1
18333,1068,1128,9366,CD,3,D1_pwm150_grab1
18337,2308,-1310,11268,CD,3,D1_pwm150_grab1
18343,-1478,-3172,8634,CD,3,D1_pwm150_grab1
18348,-284,-2034,9952,CD,3,D1_pwm150_grab1
18352,-834,-18,8754,CD,3,D1_pwm150_grab1
18357,868,1616,12198,CD,3,D1_pwm150_grab1
18363,-682,-2008,9792,CD,3,D1_pwm150_grab1
18367,-156,-754,10262,CD,3,D1_pwm150_grab1
18378,1408,-64,10824,CD,3,D1_pwm150_grab1
18382,326,-1310,9066,CD,3,D1_pwm150_grab1
18393,358,958,10314,CD,3,D1_pwm150_grab1
18398,118,1102,10444,CD,3,D1_pwm150_grab1
18402,2700,-1422,10896,CD,3,D1_pwm150_grab1
18407,-1396,-2978,9002,CD,3,D1_pwm150_grab1
18412,-678,-510,10176,CD,3,D1_pwm150_grab1
18417,316,-296,10688,CD,3,D1_pwm150_grab1
18422,1902,8,9438,CD,3,D1_pwm150_grab1
18427,1078,1284,9432,CD,3,D1_pwm150_grab1
18433,774,1560,11356,CD,3,D1_pwm150_grab1
18437,-1418,-1642,8952,CD,3,D1_pwm150_grab1
18443,1340,-222,10948,CD,3,D1_pwm150_grab1
18447,236,-1352,8940,CD,3,D1_pwm150_grab1
18458,-500,-4,9794,CD,3,D1_pwm150_grab1
18463,-16,-712,10068,CD,3,D1_pwm150_grab1
18467,3710,550,10239,CD,3,D1_pwm150_grab1
18473,1766,2586,12254,CD,3,D1_pwm150_grab1
18478,734,542,10652,CD,3,D1_pwm150_grab1
18483,-400,-2484,10280,CD,3,D1_pwm150_grab1
18487,1666,-322,9480,CD,3,D1_pwm150_grab1
18492,1052,1178,9698,CD,3,D1_pwm150_grab1
18497,194,858,12304,CD,3,D1_pwm150_grab1
18503,-1416,-2910,9272,CD,3,D1_pwm150_grab1
18507,-588,-528,10050,CD,3,D1_pwm150_grab1
18512,356,-318,10868,CD,3,D1_pwm150_grab1
18519,3274,-218,9000,CD,3,D1_pwm150_grab1
18523,672,-1282,9322,CD,3,D1_pwm150_grab1
18529,798,1560,11308,CD,3,D1_pwm150_grab1
18534,-1502,-1620,8638,CD,3,D1_pwm150_grab1
18539,1278,-298,10976,CD,3,D1_pwm150_grab1
18543,-860,16,9012,CD,3,D1_pwm150_grab1
18549,1104,1782,11956,CD,3,D1_pwm150_grab1
18560,122,-662,9974,CD,3,D1_pwm150_grab1
18569,532,1010,11458,CD,3,D1_pwm150_grab1
18573,728,514,10694,CD,3,D1_pwm150_grab1
18579,-546,-2332,10258,CD,3,D1_pwm150_grab1
18584,318,852,10138,CD,3,D1_pwm150_grab1
18589,-70,986,10560,CD,3,D1_pwm150_grab1
18594,3060,-1494,10324,CD,3,D1_pwm150_grab1
18598,-1380,-2912,9230,CD,3,D1_pwm150_grab1
18603,-142,-2124,9678,CD,3,D1_pwm150_grab1
18609,-922,-120,9416,CD,3,D1_pwm150_grab1
18613,1070,1710,12094,CD,3,D1_pwm150_grab1
18618,-686,-1650,9808,CD,3,D1_pwm150_grab1
18624,690,1408,11626,CD,3,D1_pwm150_grab1
18628,-1366,-1468,8598,CD,3,D1_pwm150_grab1
18634,1192,-180,10942,CD,3,D1_pwm150_grab1
18639,284,-1064,9254,CD,3,D1_pwm150_grab1
18649,420,818,10072,CD,3,D1_pwm150_grab1
18654,-82,954,10786,CD,3,D1_pwm150_grab1
18659,3198,-1392,10122,CD,3,D1_pwm150_grab1
18664,558,848,11530,CD,3,D1_pwm150_grab1
18668,752,356,10660,CD,3,D1_pwm150_grab1
18674,-620,-2072,10360,CD,3,D1_pwm150_grab1
18679,1714,-456,9690,CD,3,D1_pwm150_grab1
18684,1036,938,9898,CD,3,D1_pwm150_grab1
18688,564,1270,11758,CD,3,D1_pwm150_grab1
18693,-1462,-1540,8520,CD,3,D1_pwm150_grab1
18699,1288,-220,10778,CD,3,D1_pwm150_grab1
18703,-948,-160,9432,CD,3,D1_pwm150_grab1
18709,1308,1648,11864,CD,3,D1_pwm150_grab1
18714,-620,-1508,9842,CD,3,D1_pwm150_grab1
18719,386,-416,10234,CD,3,D1_pwm150_grab1
18723,3240,360,8946,CD,3,D1_pwm150_grab1
18728,1774,2444,12162,CD,3,D1_pwm150_grab1
18734,778,368,10462,CD,3,D1_pwm150_grab1
18739,-808,-2022,10352,CD,3,D1_pwm150_grab1
18743,404,712,9998,CD,3,D1_pwm150_grab1
18749,-106,754,10724,CD,3,D1_pwm150_grab1
18754,3482,-1432,9688,CD,3,D1_pwm150_grab1
18759,-876,-2396,9264,CD,3,D1_pwm150_grab1
18763,-462,-584,10014,CD,3,D1_pwm150_grab1
18768,200,-728,10740,CD,3,D1_pwm150_grab1
18774,3062,-248,9566,CD,3,D1_pwm150_grab1
18780,740,-968,9276,CD,3,D1_pwm150_grab1
18784,274,286,11976,CD,3,D1_pwm150_grab1
18790,-2926,-3964,7696,CD,3,D1_pwm150_grab1
18794,-306,-1974,9524,CD,3,D1_pwm150_grab1
18799,-796,42,9514,CD,3,D1_pwm150_grab1
18804,1654,1258,11294,CD,3,D1_pwm150_grab1
18810,-542,-1554,9752,CD,3,D1_pwm150_grab1
18814,596,-206,10472,CD,3,D1_pwm150_grab1
18824,1734,2020,11896,CD,3,D1_pwm150_grab1
18830,936,-710,10002,CD,3,D1_pwm150_grab1
18839,364,638,9756,CD,3,D1_pwm150_grab1
18844,-280,476,10682,CD,3,D1_pwm150_grab1
18855,-606,-1950,10086,CD,3,D1_pwm150_grab1
18860,-450,-1830,9610,CD,3,D1_pwm150_grab1
18864,280,-1460,10346,CD,3,D1_pwm150_grab1
18869,2772,8,9426,CD,3,D1_pwm150_grab1
18874,956,-96,9488,CD,3,D1_pwm150_grab1
18879,504,1326,12322,CD,3,D1_pwm150_grab1
18884,-2506,-2048,7932,CD,3,D1_pwm150_grab1
18889,634,-1062,10378,CD,3,D1_pwm150_grab1
18894,-12,-646,9296,CD,3,D1_pwm150_grab1
18904,-864,-1054,9440,CD,3,D1_pwm150_grab1
18910,-572,-1002,9710,CD,3,D1_pwm150_grab1
18919,1248,2046,12140,CD,3,D1_pwm150_grab1
18925,1014,-138,10548,CD,3,D1_pwm150_grab1
18930,-3068,-1078,10328,CD,3,D1_pwm150_grab1
18934,1148,518,10132,CD,3,D1_pwm150_grab1
18939,622,1160,10472,CD,3,D1_pwm150_grab1
18950,-2164,-3430,8344,CD,3,D1_pwm150_grab1
18954,-592,-1258,9784,CD,3,D1_pwm150_grab1
18960,-138,-576,10556,CD,3,D1_pwm150_grab1
18964,3276,398,10468,CD,3,D1_pwm150_grab1
18969,60,-1412,9776,CD,3,D1_pwm150_grab1
18974,1290,906,10900,CD,3,D1_pwm150_grab1
18979,-4,-998,8942,CD,3,D1_pwm150_grab1
18984,178,-1486,9768,CD,3,D1_pwm150_grab1
18989,790,-892,9870,CD,3,D1_pwm150_grab1
19000,-278,4,9186,CD,3,D1_pwm150_grab1
19004,-678,-618,10114,CD,3,D1_pwm150_grab1
19015,388,342,10920,CD,3,D1_pwm150_grab1
19019,446,188,10080,CD,3,D1_pwm150_grab1
19030,666,634,9998,CD,3,D1_pwm150_grab1
19036,198,710,10474,CD,3,D1_pwm150_grab1
19041,2868,-974,10694,CD,3,D1_pwm150_grab1
19045,-1492,-2732,8894,CD,3,D1_pwm150_grab1
19050,-526,-664,10194,CD,3,D1_pwm150_grab1
19056,202,-1122,10812,CD,3,D1_pwm150_grab1
19061,3164,56,9632,CD,3,D1_pwm150_grab1
19065,1038,1056,9962,CD,3,D1_pwm150_grab1
19072,46,532,11918,CD,3,D1_pwm150_grab1
19076,-1512,-1820,8062,CD,3,D1_pwm150_grab1
19080,1184,-376,10562,CD,3,D1_pwm150_grab1
19086,232,-938,9282,CD,3,D1_pwm150_grab1
19095,-740,-184,9476,CD,3,D1_pwm150_grab1
19100,-542,-880,9776,CD,3,D1_pwm150_grab1
19111,1766,2100,12290,CD,3,D1_pwm150_grab1
19115,848,360,10442,CD,3,D1_pwm150_grab1
19121,-1610,-1986,10026,CD,3,D1_pwm150_grab1
19125,1422,124,10146,CD,3,D1_pwm150_grab1
19130,796,1110,10266,CD,3,D1_pwm150_grab1
19135,424,-158,11514,CD,3,D1_pwm150_grab1
19146,-678,-1876,9728,CD,3,D1_pwm150_grab1
19150,218,-1372,10936,CD,3,D1_pwm150_grab1
19155,2642,-390,9280,CD,3,D1_pwm150_grab1
19160,-188,-1766,9470,CD,3,D1_pwm150_grab1
19166,1062,402,11114,CD,3,D1_pwm150_grab1
19170,1058,-388,9026,CD,3,D1_pwm150_grab1
19176,1820,1544,11624,CD,3,D1_pwm150_grab1
19180,888,-1006,9786,CD,3,D1_pwm150_grab1
19190,-910,-904,9828,CD,3,D1_pwm150_grab1
19195,-332,-970,9800,CD,3,D1_pwm150_grab1
19206,60,-630,10534,CD,3,D1_pwm150_grab1
19210,206,260,10278,CD,3,D1_pwm150_grab1
19215,78,-1844,10486,CD,3,D1_pwm150_grab1
19220,2076,-462,9676,CD,3,D1_pwm150_grab1
19225,1120,300,9390,CD,3,D1_pwm150_grab1
19231,1616,-898,11344,CD,3,D1_pwm150_grab1
19236,-1788,-3494,8008,CD,3,D1_pwm150_grab1
19240,-768,-1076,9982,CD,3,D1_pwm150_grab1
19245,-556,-366,9324,CD,3,D1_pwm150_grab1
19250,218,2148,12540,CD,3,D1_pwm150_grab1
19255,-830,-1518,9962,CD,3,D1_pwm150_grab1
19261,-38,-966,9926,CD,3,D1_pwm150_grab1
19270,1632,274,10858,CD,3,D1_pwm150_grab1
19275,552,-1092,9326,CD,3,D1_pwm150_grab1
19286,-414,274,9420,CD,3,D1_pwm150_grab1
19292,-680,-666,10048,CD,3,D1_pwm150_grab1
19301,698,952,11344,CD,3,D1_pwm150_grab1
19306,628,468,10330,CD,3,D1_pwm150_grab1
19317,380,786,10036,CD,3,D1_pwm150_grab1
19321,40,1074,10698,CD,3,D1_pwm150_grab1
19326,3608,-1264,10236,CD,3,D1_pwm150_grab1
19337,-436,-1978,9884,CD,3,D1_pwm150_grab1
19341,-944,-14,9292,CD,3,D1_pwm150_grab1
19346,1680,1458,11648,CD,3,D1_pwm150_grab1
19351,780,-990,9018,CD,3,D1_pwm150_grab1
19356,484,1434,12004,CD,3,D1_pwm150_grab1
19361,-2066,-2248,7966,CD,3,D1_pwm150_grab1
19367,1114,-744,10424,CD,3,D1_pwm150_grab1
19371,1136,-966,10114,CD,3,D1_pwm150_grab1
19381,194,666,10186,CD,3,D1_pwm150_grab1
19387,-166,518,10654,CD,3,D1_pwm150_grab1
19396,1058,2038,11956,CD,3,D1_pwm150_grab1
19402,1064,470,10558,CD,3,D1_pwm150_grab1
19406,-1986,-2302,10098,CD,3,D1_pwm150_grab1
19411,1220,138,10254,CD,3,D1_pwm150_grab1
19416,984,-462,9122,CD,3,D1_pwm150_grab1
19422,736,1454,12454,CD,3,D1_pwm150_grab1
19431,-684,-1912,9880,CD,3,D1_pwm150_grab1
19437,-652,106,9926,CD,3,D1_pwm150_grab1
19442,2612,920,11004,CD,3,D1_pwm150_grab1
19446,-358,-1904,9726,CD,3,D1_pwm150_grab1
19451,1246,262,10810,CD,3,D1_pwm150_grab1
19461,1300,2340,11948,CD,3,D1_pwm150_grab1
19467,1086,400,10518,CD,3,D1_pwm150_grab1
19476,130,686,9964,CD,3,D1_pwm150_grab1
19481,-356,172,10532,CD,3,D1_pwm150_grab1
19491,-480,-1460,10542,CD,3,D1_pwm150_grab1
19497,-122,-120,10222,CD,3,D1_pwm150_grab1
19502,-490,110,9926,CD,3,D1_pwm150_grab1
19506,2642,780,10852,CD,3,D1_pwm150_grab1
19511,1080,-96,9208,CD,3,D1_pwm150_grab1
19516,582,1440,12726,CD,3,D1_pwm150_grab1
19521,-2550,-2726,7322,CD,3,D1_pwm150_grab1
19527,558,-1316,10160,CD,3,D1_pwm150_grab1
19531,-304,-862,9154,CD,3,D1_pwm150_grab1
19537,-1398,2836,13228,CD,3,D1_pwm150_grab1
19543,-942,-702,9818,CD,3,D1_pwm150_grab1
19548,-532,-1024,9704,CD,3,D1_pwm150_grab1
19552,986,-286,9406,CD,3,D1_pwm150_grab1
19558,1722,1716,11830,CD,3,D1_pwm150_grab1
19562,962,-1022,9806,CD,3,D1_pwm150_grab1
19572,64,836,9960,CD,3,D1_pwm150_grab1
19577,-448,86,10646,CD,3,D1_pwm150_grab1
19587,-2348,-3848,7786,CD,3,D1_pwm150_grab1
19592,-56,-54,10200,CD,3,D1_pwm150_grab1
19598,222,-1352,10708,CD,3,D1_pwm150_grab1
19603,2654,-658,8998,CD,3,D1_pwm150_grab1
19608,1074,72,9288,CD,3,D1_pwm150_grab1
19612,414,1332,12782,CD,3,D1_pwm150_grab1
19617,-2644,-2920,7178,CD,3,D1_pwm150_grab1
19622,428,-1446,10074,CD,3,D1_pwm150_grab1
19627,968,-942,9664,CD,3,D1_pwm150_grab1
19633,-1010,2692,12978,CD,3,D1_pwm150_grab1
19637,-968,-798,9866,CD,3,D1_pwm150_grab1
19643,-470,-1006,9666,CD,3,D1_pwm150_grab1
19652,1566,2524,12004,CD,3,D1_pwm150_grab1
19657,1112,134,10512,CD,3,D1_pwm150_grab1
19662,-3012,-1886,9646,CD,3,D1_pwm150_grab1
19667,774,326,9804,CD,3,D1_pwm150_grab1
19672,1076,96,9456,CD,3,D1_pwm150_grab1
19678,1238,-1062,11082,CD,3,D1_pwm150_grab1
19683,-2128,-3728,8040,CD,3,D1_pwm150_grab1
19688,-842,-1500,9666,CD,3,D1_pwm150_grab1
19692,-236,28,10564,CD,3,D1_pwm150_grab1
19697,3316,608,10612,CD,3,D1_pwm150_grab1
19702,112,-1804,9420,CD,3,D1_pwm150_grab1
19708,950,772,11120,CD,3,D1_pwm150_grab1
19718,1612,1006,11382,CD,3,D1_pwm150_grab1
19723,874,-1008,9606,CD,3,D1_pwm150_grab1
19732,-162,736,9758,CD,3,D1_pwm150_grab1
19738,-572,-54,10298,CD,3,D1_pwm150_grab1
19748,24,-374,10974,CD,3,D1_pwm150_grab1
19752,312,250,10242,CD,3,D1_pwm150_grab1
19757,-230,-1614,10546,CD,3,D1_pwm150_grab1
19763,1978,-642,9486,CD,3,D1_pwm150_grab1
19767,1118,324,9622,CD,3,D1_pwm150_grab1
19772,146,1102,12232,CD,3,D1_pwm150_grab1
19783,160,-1868,9872,CD,3,D1_pwm150_grab1
19788,-524,-506,9536,CD,3,D1_pwm150_grab1
19793,-52,2388,12520,CD,3,D1_pwm150_grab1
19798,304,-1624,9440,CD,3,D1_pwm150_grab1
19803,880,1038,11126,CD,3,D1_pwm150_grab1
19808,-292,-974,8952,CD,3,D1_pwm150_grab1
19814,1584,656,11024,CD,3,D1_pwm150_grab1
19818,808,-994,9548,CD,3,D1_pwm150_grab1
19828,-316,504,9560,CD,3,D1_pwm150_grab1
19833,-650,-300,10208,CD,3,D1_pwm150_grab1
19844,332,174,11008,CD,3,D1_pwm150_grab1
19848,560,256,10180,CD,3,D1_pwm150_grab1
19853,-454,-1876,10268,CD,3,D1_pwm150_grab1
19859,1912,-388,9850,CD,3,D1_pwm150_grab1
19863,1126,684,9894,CD,3,D1_pwm150_grab1
19868,74,920,12370,CD,3,D1_pwm150_grab1
19878,-790,-1084,9996,CD,3,D1_pwm150_grab1
19883,-590,-332,9720,CD,3,D1_pwm150_grab1
19888,288,1948,12146,CD,3,D1_pwm150_grab1
19894,-876,-1334,10006,CD,3,D1_pwm150_grab1
19898,34,-722,9626,CD,3,D1_pwm150_grab1
19913,1192,-350,10502,CD,3,D1_pwm150_grab1
19923,-394,322,9512,CD,3,D1_pwm150_grab1
19928,268,1172,10730,CD,3,D1_pwm150_grab1
19933,2682,-1444,10382,CD,3,D1_pwm150_grab1
19938,-1634,-3020,8752,CD,3,D1_pwm150_grab1
19943,-496,-1032,9958,CD,3,D1_pwm150_grab1
19949,-74,-252,11066,CD,3,D1_pwm150_grab1
19954,3722,6,9936,CD,3,D1_pwm150_grab1
19958,1062,730,10004,CD,3,D1_pwm150_grab1
19963,28,894,12052,CD,3,D1_pwm150_grab1
19968,-864,-1014,8754,CD,3,D1_pwm150_grab1
19974,1376,166,10652,CD,3,D1_pwm150_grab1
19978,442,-854,9440,CD,3,D1_pwm150_grab1
19988,-464,318,9500,CD,3,D1_pwm150_grab1
19993,-628,-492,9972,CD,3,D1_pwm150_grab1
19999,3724,268,8758,CD,3,D1_pwm150_grab1
20009,1204,-486,10410,CD,3,D1_pwm150_grab1
20014,-472,-1898,10274,CD,3,D1_pwm150_grab1
20019,1886,-232,10016,CD,3,D1_pwm150_grab1
20024,968,874,9762,CD,3,D1_pwm150_grab1
20028,58,652,11960,CD,3,D1_pwm150_grab1
20033,-3044,-3658,7764,CD,3,D1_pwm150_grab1
20038,-406,-772,9948,CD,3,D1_pwm150_grab1
20043,186,-654,10804,CD,3,D1_pwm150_grab1
20048,3470,-4,9722,CD,3,D1_pwm150_grab1
20054,672,-1020,9428,CD,3,D1_pwm150_grab1
20059,690,1322,11952,CD,3,D1_pwm150_grab1
20064,-1478,-1484,8286,CD,3,D1_pwm150_grab1
20070,1166,-252,10446,CD,3,D1_pwm150_grab1
20074,168,-922,9272,CD,3,D1_pwm150_grab1
20080,1600,1526,11574,CD,3,D1_pwm150_grab1
20085,-632,-1476,9934,CD,3,D1_pwm150_grab1
20089,656,-238,10156,CD,3,D1_pwm150_grab1
20094,2898,208,8976,CD,3,D1_pwm150_grab1
20099,1054,1310,11418,CD,3,D1_pwm150_grab1
20104,856,438,10334,CD,3,D1_pwm150_grab1
20110,-1052,-1862,10270,CD,3,D1_pwm150_grab1
20114,1640,12,10228,CD,3,D1_pwm150_grab1
20119,-212,588,10640,CD,3,D1_pwm150_grab1
20124,4006,-1400,9582,CD,3,D1_pwm150_grab1
20129,-908,-2126,9522,CD,3,D1_pwm150_grab1
20135,-272,-446,10042,CD,3,D1_pwm150_grab1
20139,-802,-128,9626,CD,3,D1_pwm150_grab1
20144,1650,1140,11192,CD,3,D1_pwm150_grab1
20149,-466,-1546,9742,CD,3,D1_pwm150_grab1
20155,876,-20,10370,CD,3,D1_pwm150_grab1
20159,-2130,-2016,7880,CD,3,D1_pwm150_grab1
20164,822,-692,10278,CD,3,D1_pwm150_grab1
20170,-38,-886,9202,CD,3,D1_pwm150_grab1
20180,-812,-350,9600,CD,3,D1_pwm150_grab1
20185,-402,346,10414,CD,3,D1_pwm150_grab1
20194,-778,-1848,10242,CD,3,D1_pwm150_grab1
20200,990,390,10432,CD,3,D1_pwm150_grab1
20205,-1812,-1728,10148,CD,3,D1_pwm150_grab1
20209,1382,248,10298,CD,3,D1_pwm150_grab1
20215,734,1218,10094,CD,3,D1_pwm150_grab1
20219,238,-240,11428,CD,3,D1_pwm150_grab1
20230,766,-968,10388,CD,3,D1_pwm150_grab1
20235,-156,-834,9254,CD,3,D1_pwm150_grab1
20244,-266,-1690,9654,CD,3,D1_pwm150_grab1
20249,1260,374,10798,CD,3,D1_pwm150_grab1
20254,1238,-220,8984,CD,3,D1_pwm150_grab1
20260,1742,1742,11776,CD,3,D1_pwm150_grab1
20265,908,-878,9866,CD,3,D1_pwm150_grab1
20269,-2468,-1902,9728,CD,3,D1_pwm150_grab1
20274,1084,254,10030,CD,3,D1_pwm150_grab1
20279,676,1186,10442,CD,3,D1_pwm150_grab1
20290,-402,-1206,10730,CD,3,D1_pwm150_grab1
20294,110,-70,10206,CD,3,D1_pwm150_grab1
20299,102,-1532,10754,CD,3,D1_pwm150_grab1
20305,2444,-502,9298,CD,3,D1_pwm150_grab1
20310,1020,16,9380,CD,3,D1_pwm150_grab1
20315,376,1382,12478,CD,3,D1_pwm150_grab1
20326,-648,-1522,9822,CD,3,D1_pwm150_grab1
20330,-192,-82,10680,CD,3,D1_pwm150_grab1
20335,3386,514,10570,CD,3,D1_pwm150_grab1
20340,140,-1794,9564,CD,3,D1_pwm150_grab1
20346,1078,770,11004,CD,3,D1_pwm150_grab1
20350,-58,-722,9038,CD,3,D1_pwm150_grab1
20356,1620,2418,12280,CD,3,D1_pwm150_grab1
20361,1098,-72,10570,CD,3,D1_pwm150_grab1
20371,-168,670,9534,CD,3,D1_pwm150_grab1
20375,-520,-268,10156,CD,3,D1_pwm150_grab1
20386,70,-240,11134,CD,3,D1_pwm150_grab1
20390,344,236,10294,CD,3,D1_pwm150_grab1
20395,-42,-112,10820,CD,3,D1_pwm150_grab1
20400,3672,204,10286,CD,3,D1_pwm150_grab1
20406,1080,470,9632,CD,3,D1_pwm150_grab1
20410,130,1234,12204,CD,3,D1_pwm150_grab1
20415,-3050,-3310,7256,CD,3,D1_pwm150_grab1
20421,114,-1918,9782,CD,3,D1_pwm150_grab1
20425,-826,-296,9378,CD,3,D1_pwm150_grab1
20431,724,2232,12464,CD,3,D1_pwm150_grab1
20435,-740,-1432,9892,CD,3,D1_pwm150_grab1
20441,-606,-450,10012,CD,3,D1_pwm150_grab1
20445,4088,154,8596,CD,3,D1_pwm150_grab1
20450,1848,2562,12348,CD,3,D1_pwm150_grab1
20455,1142,-466,10288,CD,3,D1_pwm150_grab1
20465,434,688,9928,CD,3,D1_pwm150_grab1
20471,-12,1106,10848,CD,3,D1_pwm150_grab1
20475,3256,-1184,10464,CD,3,D1_pwm150_grab1
20486,-564,-664,9846,CD,3,D1_pwm150_grab1
20490,338,-348,10840,CD,3,D1_pwm150_grab1
20496,3380,-134,9672,CD,3,D1_pwm150_grab1
20500,674,-1272,9162,CD,3,D1_pwm150_grab1
20505,454,1282,11872,CD,3,D1_pwm150_grab1
20510,-1708,-1716,8192,CD,3,D1_pwm150_grab1
20516,1224,-240,10502,CD,3,D1_pwm150_grab1
20520,142,-1014,9170,CD,3,D1_pwm150_grab1
20530,-666,116,9532,CD,3,D1_pwm150_grab1
20535,-490,-768,9706,CD,3,D1_pwm150_grab1
20545,1052,1492,11760,CD,3,D1_pwm150_grab1
20550,932,352,10400,CD,3,D1_pwm150_grab1
20556,-1576,-1940,10326,CD,3,D1_pwm150_grab1
20560,1426,-294,10126,CD,3,D1_pwm150_grab1
20566,-414,548,10826,CD,3,D1_pwm150_grab1
20576,-460,-1774,9854,CD,3,D1_pwm150_grab1
20581,-244,-248,10022,CD,3,D1_pwm150_grab1
20586,490,-966,10734,CD,3,D1_pwm150_grab1
20592,2836,-318,9608,CD,3,D1_pwm150_grab1
20597,986,-498,9174,CD,3,D1_pwm150_grab1
20601,350,1290,12526,CD,3,D1_pwm150_grab1
20611,676,-1032,10220,CD,3,D1_pwm150_grab1
20617,-150,-768,9280,CD,3,D1_pwm150_grab1
20622,-1604,2448,12916,CD,3,D1_pwm150_grab1
20626,-876,-570,9682,CD,3,D1_pwm150_grab1
20632,-416,-866,9482,CD,3,D1_pwm150_grab1
20641,1304,2160,12344,CD,3,D1_pwm150_grab1
20647,862,-826,9980,CD,3,D1_pwm150_grab1
20651,-3232,-1594,9880,CD,3,D1_pwm150_grab1
20657,964,172,10098,CD,3,D1_pwm150_grab1
20662,548,1226,10500,CD,3,D1_pwm150_grab1
20667,940,-742,11142,CD,3,D1_pwm150_grab1
20677,-746,-1580,9960,CD,3,D1_pwm150_grab1
20682,-182,-214,10892,CD,3,D1_pwm150_grab1
20687,2310,-352,9746,CD,3,D1_pwm150_grab1
20692,1102,256,9352,CD,3,D1_pwm150_grab1
20697,1214,804,10978,CD,3,D1_pwm150_grab1
20701,110,-604,9214,CD,3,D1_pwm150_grab1
20707,1572,1044,11328,CD,3,D1_pwm150_grab1
20712,896,-936,9886,CD,3,D1_pwm150_grab1
20721,-192,458,9418,CD,3,D1_pwm150_grab1
20727,-228,-892,9290,CD,3,D1_pwm150_grab1
20737,170,28,10888,CD,3,D1_pwm150_grab1
20741,356,108,10180,CD,3,D1_pwm150_grab1
20747,-158,-2024,10274,CD,3,D1_pwm150_grab1
20751,2256,-348,9826,CD,3,D1_pwm150_grab1
20757,1152,638,9734,CD,3,D1_pwm150_grab1
20767,-1982,-3332,8688,CD,3,D1_pwm150_grab1
20772,-692,-1080,10120,CD,3,D1_pwm150_grab1
20777,-48,-424,11134,CD,3,D1_pwm150_grab1
20781,512,1788,12154,CD,3,D1_pwm150_grab1
20786,-936,-1376,9772,CD,3,D1_pwm150_grab1
20791,-76,-646,9602,CD,3,D1_pwm150_grab1
20807,622,-938,9662,CD,3,D1_pwm150_grab1
20817,-414,212,9420,CD,3,D1_pwm150_grab1
20822,-538,-636,9880,CD,3,D1_pwm150_grab1
20832,538,668,11168,CD,3,D1_pwm150_grab1
20838,600,244,10164,CD,3,D1_pwm150_grab1
20842,-388,-2090,10218,CD,3,D1_pwm150_grab1
20847,490,610,9940,CD,3,D1_pwm150_grab1
20853,-16,886,10604,CD,3,D1_pwm150_grab1
20858,3206,-1324,10278,CD,3,D1_pwm150_grab1
20864,-1402,-2750,9232,CD,3,D1_pwm150_grab1
20867,-336,-1960,9750,CD,3,D1_pwm150_grab1
20872,-920,-88,9374,CD,3,D1_pwm150_grab1
20877,1244,1712,11776,CD,3,D1_pwm150_grab1
20883,-700,-1516,9756,CD,3,D1_pwm150_grab1
20887,312,-388,10036,CD,3,D1_pwm150_grab1
20892,-1542,-1404,8312,CD,3,D1_pwm150_grab1
20898,1216,-218,10504,CD,3,D1_pwm150_grab1
20903,242,-910,9384,CD,3,D1_pwm150_grab1
20913,354,696,9794,CD,3,D1_pwm150_grab1
20918,-304,786,10662,CD,3,D1_pwm150_grab1
20922,3726,-1346,9790,CD,3,D1_pwm150_grab1
20928,-892,-2424,9430,CD,3,D1_pwm150_grab1
20932,810,280,10408,CD,3,D1_pwm150_grab1
20937,-1016,-1960,10284,CD,3,D1_pwm150_grab1
20942,1582,-224,9848,CD,3,D1_pwm150_grab1
20947,818,986,10178,CD,3,D1_pwm150_grab1
20952,498,1288,12008,CD,3,D1_pwm150_grab1
20962,988,-582,10486,CD,3,D1_pwm150_grab1
20968,60,-914,9252,CD,3,D1_pwm150_grab1
20972,2006,1452,11342,CD,3,D1_pwm150_grab1
20978,-418,-1558,9646,CD,3,D1_pwm150_grab1
20982,744,-124,10510,CD,3,D1_pwm150_grab1
20987,2142,-18,8766,CD,3,D1_pwm150_grab1
20992,900,1562,12034,CD,3,D1_pwm150_grab1
20997,1070,252,10366,CD,3,D1_pwm150_grab1
21002,-1874,-1758,10186,CD,3,D1_pwm150_grab1
21007,1276,-146,10124,CD,3,D1_pwm150_grab1
21012,-542,404,10600,CD,3,D1_pwm150_grab1
21022,-418,-1688,10000,CD,3,D1_pwm150_grab1
21028,-180,-236,10050,CD,3,D1_pwm150_grab1
21032,490,-1128,10722,CD,3,D1_pwm150_grab1
21038,3092,1154,11154,CD,3,D1_pwm150_grab1
21043,-204,-1538,9888,CD,3,D1_pwm150_grab1
21048,1336,250,10790,CD,3,D1_pwm150_grab1
21052,-2724,-2470,7670,CD,3,D1_pwm150_grab1
21057,600,-1134,10194,CD,3,D1_pwm150_grab1
21062,-106,-754,9406,CD,3,D1_pwm150_grab1
21073,-914,-634,9780,CD,3,D1_pwm150_grab1
21078,-364,-934,9556,CD,3,D1_pwm150_grab1
21088,1234,2104,12510,CD,3,D1_pwm150_grab1
21094,844,-888,9954,CD,3,D1_pwm150_grab1
21104,-44,458,9362,CD,3,D1_pwm150_grab1
21108,-700,-46,10422,CD,3,D1_pwm150_grab1
21120,-26,-874,10556,CD,3,D1_pwm150_grab1
21123,-650,-1604,9888,CD,3,D1_pwm150_grab1
21129,-206,-292,10808,CD,3,D1_pwm150_grab1
21133,2244,-122,9998,CD,3,D1_pwm150_grab1
21139,1014,188,9518,CD,3,D1_pwm150_grab1
21143,160,1210,12420,CD,3,D1_pwm150_grab1
21153,210,-1604,10100,CD,3,D1_pwm150_grab1
21159,-280,-508,9454,CD,3,D1_pwm150_grab1
21168,-228,358,9456,CD,3,D1_pwm150_grab1
21174,-234,-776,9674,CD,3,D1_pwm150_grab1
21189,1342,-146,10374,CD,3,D1_pwm150_grab1
21198,668,450,10206,CD,3,D1_pwm150_grab1
21204,308,1054,10682,CD,3,D1_pwm150_grab1
21208,150,1286,12370,CD,3,D1_pwm150_grab1
21214,-1880,-3392,8516,CD,3,D1_pwm150_grab1
21218,-648,-1154,9968,CD,3,D1_pwm150_grab1
21224,88,-184,11002,CD,3,D1_pwm150_grab1
21233,412,-1480,9534,CD,3,D1_pwm150_grab1
21238,880,1054,11332,CD,3,D1_pwm150_grab1
21243,-854,-902,8960,CD,3,D1_pwm150_grab1
21249,1796,2482,12540,CD,3,D1_pwm150_grab1
21254,596,-1058,9516,CD,3,D1_pwm150_grab1
21263,-434,380,9560,CD,3,D1_pwm150_grab1
21268,-552,-392,10096,CD,3,D1_pwm150_grab1
21278,478,568,11042,CD,3,D1_pwm150_grab1
21283,516,364,10206,CD,3,D1_pwm150_grab1
21288,-174,-2060,10284,CD,3,D1_pwm150_grab1
21293,1966,-158,9832,CD,3,D1_pwm150_grab1
21298,996,750,9742,CD,3,D1_pwm150_grab1
21304,68,1118,12104,CD,3,D1_pwm150_grab1
21309,-2952,-3518,7322,CD,3,D1_pwm150_grab1
21314,-350,-1988,9692,CD,3,D1_pwm150_grab1
21319,-848,-200,9072,CD,3,D1_pwm150_grab1
21323,1166,1646,11738,CD,3,D1_pwm150_grab1
21328,-574,-1594,9770,CD,3,D1_pwm150_grab1
21334,786,1198,11734,CD,3,D1_pwm150_grab1
21340,-1632,-1662,8304,CD,3,D1_pwm150_grab1
21345,1218,-242,10778,CD,3,D1_pwm150_grab1
21350,270,-1000,9254,CD,3,D1_pwm150_grab1
21359,-752,-98,9490,CD,3,D1_pwm150_grab1
21364,-642,-590,9888,CD,3,D1_pwm150_grab1
21376,1778,2354,12308,CD,3,D1_pwm150_grab1
21379,746,426,10406,CD,3,D1_pwm150_grab1
21385,-1002,-2016,10134,CD,3,D1_pwm150_grab1
21389,1676,142,10220,CD,3,D1_pwm150_grab1
21394,822,1060,10128,CD,3,D1_pwm150_grab1
21399,154,266,11816,CD,3,D1_pwm150_grab1
21405,-2880,-3838,7362,CD,3,D1_pwm150_grab1
21410,-560,-2024,9716,CD,3,D1_pwm150_grab1
21414,446,-1140,10836,CD,3,D1_pwm150_grab1
21420,1712,1038,11026,CD,3,D1_pwm150_grab1
21424,-416,-1608,9592,CD,3,D1_pwm150_grab1
21429,740,-10,10316,CD,3,D1_pwm150_grab1
21435,2268,210,8916,CD,3,D1_pwm150_grab1
21440,1794,2080,12050,CD,3,D1_pwm150_grab1
21444,1064,-728,10110,CD,3,D1_pwm150_grab1
21454,-912,-460,9564,CD,3,D1_pwm150_grab1
21459,-528,-756,9708,CD,3,D1_pwm150_grab1
21465,4402,-1456,9174,CD,3,D1_pwm150_grab1
21469,-724,-1724,10146,CD,3,D1_pwm150_grab1
21475,-92,-252,9956,CD,3,D1_pwm150_grab1
21479,306,-1386,10840,CD,3,D1_pwm150_grab1
21485,2700,-158,9542,CD,3,D1_pwm150_grab1
21490,1000,-192,9498,CD,3,D1_pwm150_grab1
21494,432,1374,12192,CD,3,D1_pwm150_grab1
21499,-2600,-3948,7316,CD,3,D1_pwm150_grab1
21505,552,-1034,10426,CD,3,D1_pwm150_grab1
21509,-208,-762,9214,CD,3,D1_pwm150_grab1
21520,-936,-842,9652,CD,3,D1_pwm150_grab1
21524,-468,-878,9710,CD,3,D1_pwm150_grab1
21540,942,-904,9862,CD,3,D1_pwm150_grab1
21550,1010,158,10166,CD,3,D1_pwm150_grab1
21555,656,1192,10498,CD,3,D1_pwm150_grab1
21559,372,-288,11714,CD,3,D1_pwm150_grab1
21569,-530,-1720,9772,CD,3,D1_pwm150_grab1
21574,-274,-18,10556,CD,3,D1_pwm150_grab1
21579,2294,-384,9444,CD,3,D1_pwm150_grab1
21585,1040,2,9416,CD,3,D1_pwm150_grab1
21590,410,1564,12214,CD,3,D1_pwm150_grab1
21595,-2914,-2766,7414,CD,3,D1_pwm150_grab1
21601,438,-1354,10102,CD,3,D1_pwm150_grab1
21606,-316,-598,9270,CD,3,D1_pwm150_grab1
21610,-966,2508,13066,CD,3,D1_pwm150_grab1
21616,-892,-1062,9828,CD,3,D1_pwm150_grab1
21621,1188,682,11012,CD,3,D1_pwm150_grab1
21626,344,-528,8934,CD,3,D1_pwm150_grab1
21630,1738,1248,11532,CD,3,D1_pwm150_grab1
21636,1228,-56,10480,CD,3,D1_pwm150_grab1
21646,810,310,10124,CD,3,D1_pwm150_grab1
21650,530,1204,10652,CD,3,D1_pwm150_grab1
21655,1136,-552,11466,CD,3,D1_pwm150_grab1
21661,-84,-612,10894,CD,3,D1_pwm150_grab1
21666,258,174,10178,CD,3,D1_pwm150_grab1
21670,-66,-1790,10524,CD,3,D1_pwm150_grab1
21680,222,-1620,9542,CD,3,D1_pwm150_grab1
21686,1054,942,11354,CD,3,D1_pwm150_grab1
21691,64,-714,9210,CD,3,D1_pwm150_grab1
21696,1640,994,11036,CD,3,D1_pwm150_grab1
21700,-470,-474,9456,CD,3,D1_pwm150_grab1
21705,-82,2256,12588,CD,3,D1_pwm150_grab1
21710,-884,-1190,9928,CD,3,D1_pwm150_grab1
21716,-184,-802,9624,CD,3,D1_pwm150_grab1
21725,466,-6,10862,CD,3,D1_pwm150_grab1
21731,278,244,10138,CD,3,D1_pwm150_grab1
21736,-46,-1828,10262,CD,3,D1_pwm150_grab1
21740,728,438,10016,CD,3,D1_pwm150_grab1
21746,374,1108,10730,CD,3,D1_pwm150_grab1
21751,2238,-1304,10844,CD,3,D1_pwm150_grab1
21756,-1844,-3124,8376,CD,3,D1_pwm150_grab1
21760,-42,-1880,9920,CD,3,D1_pwm150_grab1
21765,-616,-302,9430,CD,3,D1_pwm150_grab1
21771,590,1736,11994,CD,3,D1_pwm150_grab1
21775,-808,-1432,9800,CD,3,D1_pwm150_grab1
21781,798,1306,11492,CD,3,D1_pwm150_grab1
21785,-632,-1092,8876,CD,3,D1_pwm150_grab1
21791,1474,328,10696,CD,3,D1_pwm150_grab1
21796,558,-950,9402,CD,3,D1_pwm150_grab1
21805,556,586,9930,CD,3,D1_pwm150_grab1
21810,84,982,10532,CD,3,D1_pwm150_grab1
21816,2852,-1452,10648,CD,3,D1_pwm150_grab1
21820,770,702,11092,CD,3,D1_pwm150_grab1
21826,572,284,10114,CD,3,D1_pwm150_grab1
21830,-330,-2058,10098,CD,3,D1_pwm150_grab1
21835,1904,82,10246,CD,3,D1_pwm150_grab1
21840,992,1056,9852,CD,3,D1_pwm150_grab1
21846,-50,842,12254,CD,3,D1_pwm150_grab1
21856,-246,-1876,9732,CD,3,D1_pwm150_grab1
21861,204,-810,10842,CD,3,D1_pwm150_grab1
21867,3464,-160,9658,CD,3,D1_pwm150_grab1
21871,612,-978,9528,CD,3,D1_pwm150_grab1
21876,662,1442,11794,CD,3,D1_pwm150_grab1
21881,-1226,-1176,8588,CD,3,D1_pwm150_grab1
21888,1246,-112,10466,CD,3,D1_pwm150_grab1
21891,1114,-644,10188,CD,3,D1_pwm150_grab1
21902,-542,-52,9300,CD,3,D1_pwm150_grab1
21906,-670,-818,9966,CD,3,D1_pwm150_grab1
21917,1012,1178,11116,CD,3,D1_pwm150_grab1
21921,822,240,10182,CD,3,D1_pwm150_grab1
21927,-768,-2076,10286,CD,3,D1_pwm150_grab1
21932,3170,-174,9250,CD,3,D1_pwm150_grab1
21936,628,-852,9582,CD,3,D1_pwm150_grab1
21947,-2868,-3594,7954,CD,3,D1_pwm150_grab1
21951,-362,-1774,9464,CD,3,D1_pwm150_grab1
21956,-772,0,9544,CD,3,D1_pwm150_grab1
21961,1440,1330,11250,CD,3,D1_pwm150_grab1
21966,-474,-1604,9668,CD,3,D1_pwm150_grab1
21972,576,-392,9872,CD,3,D1_pwm150_grab1
21987,1178,-686,9950,CD,3,D1_pwm150_grab1
21996,304,278,9664,CD,3,D1_pwm150_grab1
22001,-252,612,10468,CD,3,D1_pwm150_grab1
22007,3908,-1178,9840,CD,3,D1_pwm150_grab1
22011,-1238,-2226,10252,CD,3,D1_pwm150_grab1
22017,-442,-1792,9488,CD,3,D1_pwm150_grab1
22021,254,-1246,10778,CD,3,D1_pwm150_grab1
22027,3052,32,9314,CD,3,D1_pwm150_grab1
22032,800,-498,9632,CD,3,D1_pwm150_grab1
22036,792,1410,11782,CD,3,D1_pwm150_grab1
22041,-2028,-1522,8094,CD,3,D1_pwm150_grab1
22047,1028,-616,10466,CD,3,D1_pwm150_grab1
22051,0,-602,9532,CD,3,D1_pwm150_grab1
22061,298,404,9584,CD,3,D1_pwm150_grab1
22066,-612,-904,9826,CD,3,D1_pwm150_grab1
22077,946,1478,11586,CD,3,D1_pwm150_grab1
22081,996,108,10250,CD,3,D1_pwm150_grab1
22086,-1446,-1394,10268,CD,3,D1_pwm150_grab1
22091,1596,236,10184,CD,3,D1_pwm150_grab1
22097,794,990,10358,CD,3,D1_pwm150_grab1
22107,-882,-1654,10256,CD,3,D1_pwm150_grab1
22112,-184,-430,10104,CD,3,D1_pwm150_grab1
22117,196,-1522,10732,CD,3,D1_pwm150_grab1
22122,2808,156,9614,CD,3,D1_pwm150_grab1
22127,862,-242,9720,CD,3,D1_pwm150_grab1
22144,-560,-1704,9962,CD,3,D1_pwm150_grab1
22148,-36,-520,9340,CD,3,D1_pwm150_grab1
22158,-932,-744,9538,CD,3,D1_pwm150_grab1
22162,-510,-756,9698,CD,3,D1_pwm150_grab1
22172,1052,1638,12098,CD,3,D1_pwm150_grab1
22178,914,104,10500,CD,3,D1_pwm150_grab1
22182,-2012,-1384,10050,CD,3,D1_pwm150_grab1
22187,1390,452,10182,CD,3,D1_pwm150_grab1
22192,752,890,10340,CD,3,D1_pwm150_grab1
22198,180,24,11874,CD,3,D1_pwm150_grab1
22207,-604,-1702,9918,CD,3,D1_pwm150_grab1
22212,-342,-454,9946,CD,3,D1_pwm150_grab1
22217,2720,658,10696,CD,3,D1_pwm150_grab1
22222,-208,-1558,9540,CD,3,D1_pwm150_grab1
22228,608,1540,12390,CD,3,D1_pwm150_grab1
22233,1282,-510,8606,CD,3,D1_pwm150_grab1
22237,1838,1552,11428,CD,3,D1_pwm150_grab1
22243,894,-960,9802,CD,3,D1_pwm150_grab1
22253,-54,430,9616,CD,3,D1_pwm150_grab1
22257,-636,-24,10510,CD,3,D1_pwm150_grab1
22268,1282,2096,12470,CD,3,D1_pwm150_grab1
22273,-10,152,10120,CD,3,D1_pwm150_grab1
22278,550,-1852,10452,CD,3,D1_pwm150_grab1
22282,2358,96,9392,CD,3,D1_pwm150_grab1
22287,1032,162,9162,CD,3,D1_pwm150_grab1
22293,574,1486,12400,CD,3,D1_pwm150_grab1
22302,388,-1434,10238,CD,3,D1_pwm150_grab1
22308,116,-264,10298,CD,3,D1_pwm150_grab1
22312,3490,428,10598,CD,3,D1_pwm150_grab1
3010,28,-1702,10604,CD,0,D1_pwm150_grab2
3015,-350,-1030,8398,CD,0,D1_pwm150_grab2
3025,-68,-836,10070,CD,0,D1_pwm150_grab2
3030,1086,-986,10008,CD,0,D1_pwm150_grab2
3035,1292,-604,8696,CD,0,D1_pwm150_grab2
3040,1612,2592,12344,CD,0,D1_pwm150_grab2
3046,30,-1518,8402,CD,0,D1_pwm150_grab2
3050,-1134,3090,12788,CD,0,D1_pwm150_grab2
3055,-464,812,10136,CD,0,D1_pwm150_grab2
3060,-286,-654,10552,CD,0,D1_pwm150_grab2
3070,1184,2004,12040,CD,0,D1_pwm150_grab2
3075,2,-136,9616,CD,0,D1_pwm150_grab2
3081,38,-586,11872,CD,0,D1_pwm150_grab2
3085,-204,-1222,9452,CD,0,D1_pwm150_grab2
3091,116,1630,10434,CD,0,D1_pwm150_grab2
3100,-860,-2996,9172,CD,0,D1_pwm150_grab2
3105,-566,-1234,9684,CD,0,D1_pwm150_grab2
3111,800,564,11392,CD,0,D1_pwm150_grab2
3115,2358,3880,13166,CD,0,D1_pwm150_grab2
3121,-62,-916,9984,CD,0,D1_pwm150_grab2
3125,168,546,11588,CD,0,D1_pwm150_grab2
3131,-2942,-2470,7586,CD,0,D1_pwm150_grab2
3136,1040,-148,11690,CD,0,D1_pwm150_grab2
3140,-110,-1514,8376,CD,0,D1_pwm150_grab2
3146,-790,3234,12956,CD,0,D1_pwm150_grab2
3150,-532,734,10382,CD,0,D1_pwm150_grab2
3156,-234,-690,10802,CD,0,D1_pwm150_grab2
3165,1346,2182,12000,CD,0,D1_pwm150_grab2
3170,1006,308,10558,CD,0,D1_pwm150_grab2
3180,-150,-1152,9220,CD,0,D1_pwm150_grab2
3185,64,1698,10618,CD,0,D1_pwm150_grab2
3195,-706,-2946,9108,CD,0,D1_pwm150_grab2
3200,-92,-1876,10400,CD,0,D1_pwm150_grab2
3205,876,602,11278,CD,0,D1_pwm150_grab2
3215,744,-2188,8580,CD,0,D1_pwm150_grab2
3220,-50,590,11684,CD,0,D1_pwm150_grab2
3225,-2908,-2560,7518,CD,0,D1_pwm150_grab2
3230,920,-190,11572,CD,0,D1_pwm150_grab2
3236,-138,-1568,8258,CD,0,D1_pwm150_grab2
3240,-634,3206,12898,CD,0,D1_pwm150_grab2
3245,-404,808,10336,CD,0,D1_pwm150_grab2
3251,-286,-656,10636,CD,0,D1_pwm150_grab2
3260,1262,2170,11968,CD,0,D1_pwm150_grab2
3265,1288,380,10544,CD,0,D1_pwm150_grab2
3276,-174,-1244,9364,CD,0,D1_pwm150_grab2
3280,10,1620,10462,CD,0,D1_pwm150_grab2
3292,608,124,10998,CD,0,D1_pwm150_grab2
3296,524,496,10110,CD,0,D1_pwm150_grab2
3301,-2196,-1654,11150,CD,0,D1_pwm150_grab2
3307,926,-1610,8970,CD,0,D1_pwm150_grab2
3312,642,332,8994,CD,0,D1_pwm150_grab2
3316,-62,418,12026,CD,0,D1_pwm150_grab2
3321,-1928,-3312,7344,CD,0,D1_pwm150_grab2
3326,-360,-690,9578,CD,0,D1_pwm150_grab2
3331,238,-264,9480,CD,0,D1_pwm150_grab2
3342,164,-1676,9628,CD,0,D1_pwm150_grab2
3346,856,-176,9832,CD,0,D1_pwm150_grab2
3351,-804,-1444,8564,CD,0,D1_pwm150_grab2
3356,1504,1980,12222,CD,0,D1_pwm150_grab2
3361,864,-1038,9472,CD,0,D1_pwm150_grab2
3366,850,3638,13076,CD,0,D1_pwm150_grab2
3371,-348,810,9824,CD,0,D1_pwm150_grab2
3376,-630,848,11358,CD,0,D1_pwm150_grab2
3387,418,-262,11298,CD,0,D1_pwm150_grab2
3392,542,308,10130,CD,0,D1_pwm150_grab2
3396,-1688,-1602,11312,CD,0,D1_pwm150_grab2
3401,1024,-1628,8856,CD,0,D1_pwm150_grab2
3407,-356,1752,10878,CD,0,D1_pwm150_grab2
3417,-2194,-3420,6984,CD,0,D1_pwm150_grab2
3421,-208,-2050,10148,CD,0,D1_pwm150_grab2
3427,188,-316,9440,CD,0,D1_pwm150_grab2
3436,38,-1530,9636,CD,0,D1_pwm150_grab2
3442,932,-374,10140,CD,0,D1_pwm150_grab2
3451,550,-724,11482,CD,0,D1_pwm150_grab2
3456,976,-792,9644,CD,0,D1_pwm150_grab2
3466,-174,1020,9884,CD,0,D1_pwm150_grab2
3471,-686,862,11502,CD,0,D1_pwm150_grab2
3481,426,-442,11022,CD,0,D1_pwm150_grab2
3487,1252,106,10584,CD,0,D1_pwm150_grab2
3497,-212,-590,9868,CD,0,D1_pwm150_grab2
3501,808,80,8708,CD,0,D1_pwm150_grab2
3507,-308,780,11978,CD,0,D1_pwm150_grab2
3511,-2202,-3332,6990,CD,0,D1_pwm150_grab2
3516,-246,-1948,10368,CD,0,D1_pwm150_grab2
3521,80,-684,8986,CD,0,D1_pwm150_grab2
3526,3074,3756,12722,CD,0,D1_pwm150_grab2
3531,812,-1906,8304,CD,0,D1_pwm150_grab2
3537,172,894,12044,CD,0,D1_pwm150_grab2
3547,584,-374,11492,CD,0,D1_pwm150_grab2
3552,-306,-1364,8044,CD,0,D1_pwm150_grab2
3557,-310,3554,13006,CD,0,D1_pwm150_grab2
3562,-358,454,10292,CD,0,D1_pwm150_grab2
3567,716,-26,10120,CD,0,D1_pwm150_grab2
3573,-1394,-1438,8976,CD,0,D1_pwm150_grab2
3577,1552,1818,12138,CD,0,D1_pwm150_grab2
3582,726,-1062,9320,CD,0,D1_pwm150_grab2
3592,-272,-996,9410,CD,0,D1_pwm150_grab2
3598,-122,1824,10606,CD,0,D1_pwm150_grab2
3608,478,144,11072,CD,0,D1_pwm150_grab2
3612,612,406,10132,CD,0,D1_pwm150_grab2
3618,-2382,-1734,10988,CD,0,D1_pwm150_grab2
3623,904,-1798,8824,CD,0,D1_pwm150_grab2
3628,866,-2096,8646,CD,0,D1_pwm150_grab2
3633,50,760,11440,CD,0,D1_pwm150_grab2
3643,768,-156,11782,CD,0,D1_pwm150_grab2
3648,-100,-1506,8266,CD,0,D1_pwm150_grab2
3657,278,-1632,9646,CD,0,D1_pwm150_grab2
3662,700,-268,9962,CD,0,D1_pwm150_grab2
3668,-950,-1558,8532,CD,0,D1_pwm150_grab2
3673,1276,2022,12028,CD,0,D1_pwm150_grab2
3677,1196,314,10668,CD,0,D1_pwm150_grab2
3688,-228,-1372,9292,CD,0,D1_pwm150_grab2
3692,-736,874,11422,CD,0,D1_pwm150_grab2
3703,472,-144,11184,CD,0,D1_pwm150_grab2
3708,508,392,10130,CD,0,D1_pwm150_grab2
3713,856,442,11090,CD,0,D1_pwm150_grab2
3722,748,-2090,8714,CD,0,D1_pwm150_grab2
3728,140,554,11728,CD,0,D1_pwm150_grab2
3732,-2144,-3222,7520,CD,0,D1_pwm150_grab2
3737,-334,-2020,9916,CD,0,D1_pwm150_grab2
3742,212,-362,9492,CD,0,D1_pwm150_grab2
3752,114,-1470,9866,CD,0,D1_pwm150_grab2
3757,-428,-480,10894,CD,0,D1_pwm150_grab2
3768,1390,2016,11684,CD,0,D1_pwm150_grab2
3772,914,-924,9624,CD,0,D1_pwm150_grab2
3783,-376,800,9876,CD,0,D1_pwm150_grab2
3788,-670,1038,11472,CD,0,D1_pwm150_grab2
3798,360,-394,10910,CD,0,D1_pwm150_grab2
3803,384,268,9994,CD,0,D1_pwm150_grab2
3808,-1272,-1262,11322,CD,0,D1_pwm150_grab2
3813,-246,-858,9704,CD,0,D1_pwm150_grab2
3818,-186,1742,10930,CD,0,D1_pwm150_grab2
3828,-624,-2518,10152,CD,0,D1_pwm150_grab2
3834,-480,-1016,9466,CD,0,D1_pwm150_grab2
3840,682,230,11502,CD,0,D1_pwm150_grab2
3848,56,-1262,9732,CD,0,D1_pwm150_grab2
3854,242,646,11908,CD,0,D1_pwm150_grab2
3858,-2974,-2900,7114,CD,0,D1_pwm150_grab2
3863,718,-450,11562,CD,0,D1_pwm150_grab2
3868,-564,-1420,8122,CD,0,D1_pwm150_grab2
3874,-24,3548,13226,CD,0,D1_pwm150_grab2
3879,-506,304,10370,CD,0,D1_pwm150_grab2
3884,-776,1138,11466,CD,0,D1_pwm150_grab2
3894,1382,2392,11756,CD,0,D1_pwm150_grab2
3898,1254,324,10544,CD,0,D1_pwm150_grab2
3908,-136,-904,9416,CD,0,D1_pwm150_grab2
3913,-144,1694,10722,CD,0,D1_pwm150_grab2
3924,-758,-2742,9464,CD,0,D1_pwm150_grab2
3928,-132,-1830,10474,CD,0,D1_pwm150_grab2
3933,1046,408,11110,CD,0,D1_pwm150_grab2
3944,796,-1998,8582,CD,0,D1_pwm150_grab2
3948,40,634,11480,CD,0,D1_pwm150_grab2
3953,-2934,-2698,7700,CD,0,D1_pwm150_grab2
3958,936,88,11894,CD,0,D1_pwm150_grab2
3964,-82,-1594,8346,CD,0,D1_pwm150_grab2
3974,-480,606,10294,CD,0,D1_pwm150_grab2
3979,-414,-576,10866,CD,0,D1_pwm150_grab2
3989,1184,1724,11864,CD,0,D1_pwm150_grab2
3993,1236,464,10508,CD,0,D1_pwm150_grab2
4003,14,-1308,9366,CD,0,D1_pwm150_grab2
4009,358,1550,10338,CD,0,D1_pwm150_grab2
4014,2514,-628,11848,CD,0,D1_pwm150_grab2
4019,-1298,-3016,8836,CD,0,D1_pwm150_grab2
4023,-652,-1624,9654,CD,0,D1_pwm150_grab2
4028,714,386,10594,CD,0,D1_pwm150_grab2
4038,490,-2124,8970,CD,0,D1_pwm150_grab2
4044,412,404,10806,CD,0,D1_pwm150_grab2
4048,-2338,-2112,8568,CD,0,D1_pwm150_grab2
4054,-146,-1818,10514,CD,0,D1_pwm150_grab2
4059,-314,-886,8598,CD,0,D1_pwm150_grab2
4064,2488,3694,12900,CD,0,D1_pwm150_grab2
4069,-74,-1130,9978,CD,0,D1_pwm150_grab2
4075,868,-992,10084,CD,0,D1_pwm150_grab2
4079,1392,-542,8458,CD,0,D1_pwm150_grab2
4084,1706,2622,12260,CD,0,D1_pwm150_grab2
4090,1234,-332,10220,CD,0,D1_pwm150_grab2
4094,-1494,3162,12958,CD,0,D1_pwm150_grab2
4099,-240,160,9972,CD,0,D1_pwm150_grab2
4104,-444,1532,11370,CD,0,D1_pwm150_grab2
4114,-350,-1824,10878,CD,0,D1_pwm150_grab2
4119,-76,-524,9482,CD,0,D1_pwm150_grab2
4124,278,-264,11608,CD,0,D1_pwm150_grab2
4130,2570,-920,8638,CD,0,D1_pwm150_grab2
4135,292,1488,10124,CD,0,D1_pwm150_grab2
4140,22,1148,12014,CD,0,D1_pwm150_grab2
4145,-2814,-3050,6812,CD,0,D1_pwm150_grab2
4149,418,-1028,11212,CD,0,D1_pwm150_grab2
4155,-780,-1240,8038,CD,0,D1_pwm150_grab2
4159,840,3898,13346,CD,0,D1_pwm150_grab2
4164,-296,-150,10252,CD,0,D1_pwm150_grab2
4170,-136,-1022,10576,CD,0,D1_pwm150_grab2
4175,-1930,-1676,8788,CD,0,D1_pwm150_grab2
4179,1356,1302,12336,CD,0,D1_pwm150_grab2
4184,1204,142,10496,CD,0,D1_pwm150_grab2
4194,-194,-696,9492,CD,0,D1_pwm150_grab2
4199,-152,1880,10934,CD,0,D1_pwm150_grab2
4209,-714,-2682,9612,CD,0,D1_pwm150_grab2
4214,-608,-1336,9162,CD,0,D1_pwm150_grab2
4220,-1874,-1566,11334,CD,0,D1_pwm150_grab2
4225,3462,732,9696,CD,0,D1_pwm150_grab2
4229,722,-2130,8520,CD,0,D1_pwm150_grab2
4234,108,790,11434,CD,0,D1_pwm150_grab2
4239,-2890,-2192,8078,CD,0,D1_pwm150_grab2
4244,970,92,11874,CD,0,D1_pwm150_grab2
4249,72,-1594,8400,CD,0,D1_pwm150_grab2
4255,-1886,2812,12844,CD,0,D1_pwm150_grab2
4260,24,-1310,9780,CD,0,D1_pwm150_grab2
4264,1030,-642,10192,CD,0,D1_pwm150_grab2
4274,1042,1536,11826,CD,0,D1_pwm150_grab2
4280,1140,450,10416,CD,0,D1_pwm150_grab2
4289,138,-1900,9010,CD,0,D1_pwm150_grab2
4294,468,1236,10064,CD,0,D1_pwm150_grab2
4304,-20,-1190,10672,CD,0,D1_pwm150_grab2
4310,54,-92,9598,CD,0,D1_pwm150_grab2
4316,278,-370,11652,CD,0,D1_pwm150_grab2
4320,2044,-872,8886,CD,0,D1_pwm150_grab2
4325,874,-980,8498,CD,0,D1_pwm150_grab2
4330,-154,1162,11872,CD,0,D1_pwm150_grab2
4336,-2710,-2958,7270,CD,0,D1_pwm150_grab2
4340,-690,-1652,9526,CD,0,D1_pwm150_grab2
4345,666,492,10514,CD,0,D1_pwm150_grab2
4355,-262,-168,10360,CD,0,D1_pwm150_grab2
4361,128,-942,10410,CD,0,D1_pwm150_grab2
4366,3638,-180,7982,CD,0,D1_pwm150_grab2
4370,1514,2572,12248,CD,0,D1_pwm150_grab2
4375,1398,-128,10336,CD,0,D1_pwm150_grab2
4386,-452,814,9904,CD,0,D1_pwm150_grab2
4390,-808,360,11378,CD,0,D1_pwm150_grab2
4400,-840,-2696,9850,CD,0,D1_pwm150_grab2
4405,-516,-1142,9446,CD,0,D1_pwm150_grab2
4410,812,436,11388,CD,0,D1_pwm150_grab2
4415,3520,738,9376,CD,0,D1_pwm150_grab2
4420,630,422,9250,CD,0,D1_pwm150_grab2
4426,-106,630,12066,CD,0,D1_pwm150_grab2
4431,-2124,-3318,7572,CD,0,D1_pwm150_grab2
4435,-400,-2048,10048,CD,0,D1_pwm150_grab2
4441,-130,-1638,8426,CD,0,D1_pwm150_grab2
4446,-1910,2754,12970,CD,0,D1_pwm150_grab2
4451,-558,724,10240,CD,0,D1_pwm150_grab2
4455,-568,-264,11190,CD,0,D1_pwm150_grab2
4461,570,-816,8454,CD,0,D1_pwm150_grab2
4466,1690,2396,12364,CD,0,D1_pwm150_grab2
4470,1186,-742,9908,CD,0,D1_pwm150_grab2
4481,362,-1526,9086,CD,0,D1_pwm150_grab2
4485,520,1112,10024,CD,0,D1_pwm150_grab2
4490,1050,-138,12360,CD,0,D1_pwm150_grab2
4495,-1506,-3312,7920,CD,0,D1_pwm150_grab2
4501,36,-262,9586,CD,0,D1_pwm150_grab2
4505,238,-426,11618,CD,0,D1_pwm150_grab2
4510,2312,-836,8670,CD,0,D1_pwm150_grab2
4515,972,-842,8552,CD,0,D1_pwm150_grab2
4520,56,1150,11936,CD,0,D1_pwm150_grab2
4525,-988,-1428,8798,CD,0,D1_pwm150_grab2
4530,1572,1702,12194,CD,0,D1_pwm150_grab2
4535,808,-1208,9230,CD,0,D1_pwm150_grab2
4540,956,3682,13260,CD,0,D1_pwm150_grab2
4546,-434,-290,10202,CD,0,D1_pwm150_grab2
4550,-80,-918,10622,CD,0,D1_pwm150_grab2
4561,1560,2678,12020,CD,0,D1_pwm150_grab2
4567,1294,-76,10414,CD,0,D1_pwm150_grab2
4577,-106,-608,9688,CD,0,D1_pwm150_grab2
4581,-730,222,11316,CD,0,D1_pwm150_grab2
4591,434,530,11512,CD,0,D1_pwm150_grab2
4596,736,404,10378,CD,0,D1_pwm150_grab2
4601,-2174,-1928,11126,CD,0,D1_pwm150_grab2
4608,850,-1718,8664,CD,0,D1_pwm150_grab2
4611,762,-1914,8562,CD,0,D1_pwm150_grab2
4616,204,944,11558,CD,0,D1_pwm150_grab2
4621,-2170,-3422,7188,CD,0,D1_pwm150_grab2
4626,-378,-2154,10052,CD,0,D1_pwm150_grab2
4631,136,-180,9478,CD,0,D1_pwm150_grab2
4637,3676,3238,12490,CD,0,D1_pwm150_grab2
4641,-72,-1524,9654,CD,0,D1_pwm150_grab2
4646,996,-406,10280,CD,0,D1_pwm150_grab2
4657,1166,1864,12044,CD,0,D1_pwm150_grab2
4661,1056,-858,9828,CD,0,D1_pwm150_grab2
4671,-234,688,9718,CD,0,D1_pwm150_grab2
4676,-846,966,11680,CD,0,D1_pwm150_grab2
4686,216,-896,10856,CD,0,D1_pwm150_grab2
4692,164,76,9688,CD,0,D1_pwm150_grab2
4696,606,408,10460,CD,0,D1_pwm150_grab2
4702,1650,-1252,8566,CD,0,D1_pwm150_grab2
4706,960,-372,8584,CD,0,D1_pwm150_grab2
4711,-190,1234,11942,CD,0,D1_pwm150_grab2
4717,-2614,-3286,7104,CD,0,D1_pwm150_grab2
4721,22,-1784,10668,CD,0,D1_pwm150_grab2
4726,-754,-952,8082,CD,0,D1_pwm150_grab2
4731,1664,3836,12934,CD,0,D1_pwm150_grab2
4736,-364,1040,10198,CD,0,D1_pwm150_grab2
4742,-670,232,11424,CD,0,D1_pwm150_grab2
4747,2578,-362,8182,CD,0,D1_pwm150_grab2
4752,1516,2664,12366,CD,0,D1_pwm150_grab2
4756,1296,-340,10264,CD,0,D1_pwm150_grab2
4766,-316,-408,9856,CD,0,D1_pwm150_grab2
4772,-358,1718,11146,CD,0,D1_pwm150_grab2
4781,-2072,-3486,7248,CD,0,D1_pwm150_grab2
4786,-258,-582,9512,CD,0,D1_pwm150_grab2
4792,498,186,11614,CD,0,D1_pwm150_grab2
4796,3068,-220,8868,CD,0,D1_pwm150_grab2
4802,842,-1584,8400,CD,0,D1_pwm150_grab2
4807,218,990,11918,CD,0,D1_pwm150_grab2
4812,-2996,-2740,7292,CD,0,D1_pwm150_grab2
4816,720,-754,11382,CD,0,D1_pwm150_grab2
4822,-534,-1474,8098,CD,0,D1_pwm150_grab2
4833,246,-1912,9490,CD,0,D1_pwm150_grab2
4837,722,68,9764,CD,0,D1_pwm150_grab2
4843,-1274,-1472,8662,CD,0,D1_pwm150_grab2
4847,1540,1628,12236,CD,0,D1_pwm150_grab2
4852,860,-1252,9294,CD,0,D1_pwm150_grab2
4864,-368,-240,10256,CD,0,D1_pwm150_grab2
4867,-754,700,11468,CD,0,D1_pwm150_grab2
4877,248,-12,11478,CD,0,D1_pwm150_grab2
4882,536,348,10096,CD,0,D1_pwm150_grab2
4888,-1094,-1294,11498,CD,0,D1_pwm150_grab2
4893,1290,-1702,8514,CD,0,D1_pwm150_grab2
4897,920,104,8976,CD,0,D1_pwm150_grab2
4902,-108,850,11938,CD,0,D1_pwm150_grab2
4907,-2334,-3400,6952,CD,0,D1_pwm150_grab2
4913,-210,-2018,10264,CD,0,D1_pwm150_grab2
4918,-26,-578,8936,CD,0,D1_pwm150_grab2
4928,-72,-1114,9888,CD,0,D1_pwm150_grab2
4933,912,-758,10382,CD,0,D1_pwm150_grab2
4937,1020,-752,8490,CD,0,D1_pwm150_grab2
4943,1616,2628,12120,CD,0,D1_pwm150_grab2
4947,-174,-1628,8256,CD,0,D1_pwm150_grab2
4957,-254,356,9860,CD,0,D1_pwm150_grab2
4963,-576,1282,11492,CD,0,D1_pwm150_grab2
4973,-22,-1454,10584,CD,0,D1_pwm150_grab2
4977,-96,-150,9562,CD,0,D1_pwm150_grab2
4982,404,-474,11482,CD,0,D1_pwm150_grab2
4987,6,-1384,9036,CD,0,D1_pwm150_grab2
4992,884,-964,8402,CD,0,D1_pwm150_grab2
4997,-36,1214,12040,CD,0,D1_pwm150_grab2
5008,318,-1490,10856,CD,0,D1_pwm150_grab2
5012,-830,-1180,7864,CD,0,D1_pwm150_grab2
5022,-226,-354,10342,CD,0,D1_pwm150_grab2
5027,314,326,10724,CD,0,D1_pwm150_grab2
5032,-2004,-1828,8756,CD,0,D1_pwm150_grab2
5038,1508,2648,12310,CD,0,D1_pwm150_grab2
5042,1424,-148,10344,CD,0,D1_pwm150_grab2
5052,-208,-738,9692,CD,0,D1_pwm150_grab2
5057,-92,1810,10780,CD,0,D1_pwm150_grab2
5067,778,774,11402,CD,0,D1_pwm150_grab2
5072,668,540,10232,CD,0,D1_pwm150_grab2
5078,-2474,-1936,11018,CD,0,D1_pwm150_grab2
5083,818,-1688,8798,CD,0,D1_pwm150_grab2
5089,696,662,9220,CD,0,D1_pwm150_grab2
5094,58,532,12240,CD,0,D1_pwm150_grab2
5098,-2010,-3428,7502,CD,0,D1_pwm150_grab2
5103,-502,-2094,10002,CD,0,D1_pwm150_grab2
5108,818,280,11392,CD,0,D1_pwm150_grab2
5114,2972,-60,8978,CD,0,D1_pwm150_grab2
5118,820,-1634,8268,CD,0,D1_pwm150_grab2
5123,1114,-380,9952,CD,0,D1_pwm150_grab2
5128,68,-1040,8466,CD,0,D1_pwm150_grab2
5133,1660,2220,12278,CD,0,D1_pwm150_grab2
5138,1080,-972,9792,CD,0,D1_pwm150_grab2
5148,-434,326,10346,CD,0,D1_pwm150_grab2
5153,-430,-794,10770,CD,0,D1_pwm150_grab2
5164,-142,-1036,11210,CD,0,D1_pwm150_grab2
5168,142,-62,9812,CD,0,D1_pwm150_grab2
5173,30,-654,11666,CD,0,D1_pwm150_grab2
5178,1968,-1202,8448,CD,0,D1_pwm150_grab2
5184,980,-682,8628,CD,0,D1_pwm150_grab2
5189,2774,-512,11756,CD,0,D1_pwm150_grab2
5193,-1216,-3096,8866,CD,0,D1_pwm150_grab2
5198,-690,-1428,9674,CD,0,D1_pwm150_grab2
5204,800,446,10466,CD,0,D1_pwm150_grab2
5213,-330,-480,10196,CD,0,D1_pwm150_grab2
5219,246,-1020,10608,CD,0,D1_pwm150_grab2
5224,3084,-256,8174,CD,0,D1_pwm150_grab2
5229,1354,624,12092,CD,0,D1_pwm150_grab2
5233,230,-1536,8692,CD,0,D1_pwm150_grab2
5238,-3192,2046,12862,CD,0,D1_pwm150_grab2
5244,-496,810,10162,CD,0,D1_pwm150_grab2
5248,-268,1682,11088,CD,0,D1_pwm150_grab2
5259,-584,-2440,9832,CD,0,D1_pwm150_grab2
5264,-550,-874,9412,CD,0,D1_pwm150_grab2
5269,-2794,-2082,10886,CD,0,D1_pwm150_grab2
5274,678,-1764,8650,CD,0,D1_pwm150_grab2
5278,776,716,9498,CD,0,D1_pwm150_grab2
5283,334,344,12332,CD,0,D1_pwm150_grab2
5288,-2068,-3460,7422,CD,0,D1_pwm150_grab2
5293,886,-442,11530,CD,0,D1_pwm150_grab2
5298,-204,-1596,8290,CD,0,D1_pwm150_grab2
5303,-984,3192,13188,CD,0,D1_pwm150_grab2
5308,-4,-1606,9674,CD,0,D1_pwm150_grab2
5314,1052,-248,10340,CD,0,D1_pwm150_grab2
5318,-118,-1064,8858,CD,0,D1_pwm150_grab2
5323,1572,2198,12060,CD,0,D1_pwm150_grab2
5328,970,-994,9642,CD,0,D1_pwm150_grab2
5339,-248,724,9910,CD,0,D1_pwm150_grab2
5345,-758,906,11628,CD,0,D1_pwm150_grab2
5354,1314,2302,12226,CD,0,D1_pwm150_grab2
5359,1336,158,10524,CD,0,D1_pwm150_grab2
5370,-74,-1164,9310,CD,0,D1_pwm150_grab2
5374,344,1720,10516,CD,0,D1_pwm150_grab2
5379,-148,1216,12016,CD,0,D1_pwm150_grab2
5384,-2746,-3264,7104,CD,0,D1_pwm150_grab2
5390,-582,-1376,9596,CD,0,D1_pwm150_grab2
5395,792,542,10540,CD,0,D1_pwm150_grab2
5399,3984,1542,10258,CD,0,D1_pwm150_grab2
5404,552,-2034,8942,CD,0,D1_pwm150_grab2
5409,346,552,10954,CD,0,D1_pwm150_grab2
5414,-2138,-1912,8650,CD,0,D1_pwm150_grab2
5419,1544,2700,12344,CD,0,D1_pwm150_grab2
5424,1332,-274,10300,CD,0,D1_pwm150_grab2
5434,-392,858,10054,CD,0,D1_pwm150_grab2
5439,-868,-28,11328,CD,0,D1_pwm150_grab2
5450,782,974,11432,CD,0,D1_pwm150_grab2
5455,834,512,10246,CD,0,D1_pwm150_grab2
5460,-2536,-2000,10972,CD,0,D1_pwm150_grab2
5465,3292,356,8996,CD,0,D1_pwm150_grab2
5469,786,-1740,8584,CD,0,D1_pwm150_grab2
5474,76,524,12282,CD,0,D1_pwm150_grab2
5479,-1986,-3446,7654,CD,0,D1_pwm150_grab2
5484,-462,-2040,9970,CD,0,D1_pwm150_grab2
5489,100,-292,9390,CD,0,D1_pwm150_grab2
5495,3336,3320,12294,CD,0,D1_pwm150_grab2
5500,4,-1572,9666,CD,0,D1_pwm150_grab2
5504,-570,-534,11102,CD,0,D1_pwm150_grab2
5514,1586,2196,12298,CD,0,D1_pwm150_grab2
5520,1044,-920,9792,CD,0,D1_pwm150_grab2
5529,-156,324,9826,CD,0,D1_pwm150_grab2
5534,-696,1126,11414,CD,0,D1_pwm150_grab2
5545,-276,-1148,11058,CD,0,D1_pwm150_grab2
5550,-692,-1834,9674,CD,0,D1_pwm150_grab2
5554,134,-460,11560,CD,0,D1_pwm150_grab2
5559,2168,-964,8470,CD,0,D1_pwm150_grab2
5564,938,-738,8596,CD,0,D1_pwm150_grab2
5569,-26,1158,11922,CD,0,D1_pwm150_grab2
5574,-2842,-3098,7030,CD,0,D1_pwm150_grab2
5579,404,-1482,10794,CD,0,D1_pwm150_grab2
5584,-894,-1096,8004,CD,0,D1_pwm150_grab2
5590,782,3672,13214,CD,0,D1_pwm150_grab2
5595,364,-1970,9268,CD,0,D1_pwm150_grab2
5600,642,488,10228,CD,0,D1_pwm150_grab2
5606,-1696,-1698,8756,CD,0,D1_pwm150_grab2
5610,1422,1102,12144,CD,0,D1_pwm150_grab2
5615,504,-1380,8958,CD,0,D1_pwm150_grab2
5625,-356,686,10060,CD,0,D1_pwm150_grab2
5632,-814,448,11398,CD,0,D1_pwm150_grab2
5641,258,286,11442,CD,0,D1_pwm150_grab2
5645,690,406,10164,CD,0,D1_pwm150_grab2
5650,-942,-1316,11652,CD,0,D1_pwm150_grab2
5656,1376,-1592,8532,CD,0,D1_pwm150_grab2
5660,978,190,9180,CD,0,D1_pwm150_grab2
5666,-4,796,11906,CD,0,D1_pwm150_grab2
5671,-2442,-3338,7192,CD,0,D1_pwm150_grab2
5676,-128,-2026,10152,CD,0,D1_pwm150_grab2
5680,-362,-624,8652,CD,0,D1_pwm150_grab2
5686,2544,3604,12726,CD,0,D1_pwm150_grab2
5690,-276,-936,10052,CD,0,D1_pwm150_grab2
5696,716,-800,10452,CD,0,D1_pwm150_grab2
5701,1844,-380,8520,CD,0,D1_pwm150_grab2
5705,1694,2694,12200,CD,0,D1_pwm150_grab2
5710,1090,-572,10162,CD,0,D1_pwm150_grab2
5716,-2410,2536,13022,CD,0,D1_pwm150_grab2
5720,-96,-154,9866,CD,0,D1_pwm150_grab2
5726,-422,1484,11376,CD,0,D1_pwm150_grab2
5736,-398,-2046,10172,CD,0,D1_pwm150_grab2
5740,-420,-622,9414,CD,0,D1_pwm150_grab2
5746,778,258,11464,CD,0,D1_pwm150_grab2
5750,2876,20,8892,CD,0,D1_pwm150_grab2
5756,744,948,9788,CD,0,D1_pwm150_grab2
5761,200,1072,11960,CD,0,D1_pwm150_grab2
5770,786,-618,11338,CD,0,D1_pwm150_grab2
5775,-288,-1588,8204,CD,0,D1_pwm150_grab2
5780,-866,3130,13036,CD,0,D1_pwm150_grab2
5785,-532,474,10268,CD,0,D1_pwm150_grab2
5790,-524,-618,10886,CD,0,D1_pwm150_grab2
5795,-130,-944,8946,CD,0,D1_pwm150_grab2
5800,1632,2116,12078,CD,0,D1_pwm150_grab2
5805,1344,318,10392,CD,0,D1_pwm150_grab2
5815,164,-1484,9200,CD,0,D1_pwm150_grab2
5820,452,1422,10226,CD,0,D1_pwm150_grab2
5826,1694,-348,12174,CD,0,D1_pwm150_grab2
5830,-1450,-3206,8490,CD,0,D1_pwm150_grab2
5835,116,28,9618,CD,0,D1_pwm150_grab2
5840,202,-764,11528,CD,0,D1_pwm150_grab2
5846,1944,-934,8610,CD,0,D1_pwm150_grab2
5851,1000,-594,8448,CD,0,D1_pwm150_grab2
5857,-88,1322,12068,CD,0,D1_pwm150_grab2
5862,-2758,-3284,7144,CD,0,D1_pwm150_grab2
5866,122,-1672,10690,CD,0,D1_pwm150_grab2
5871,-904,-1004,7872,CD,0,D1_pwm150_grab2
5882,504,-1894,9030,CD,0,D1_pwm150_grab2
5886,478,432,10658,CD,0,D1_pwm150_grab2
5892,3716,-248,7760,CD,0,D1_pwm150_grab2
5897,1512,2612,12444,CD,0,D1_pwm150_grab2
5901,1484,-218,10294,CD,0,D1_pwm150_grab2
5911,-104,-794,9776,CD,0,D1_pwm150_grab2
5916,-938,132,11538,CD,0,D1_pwm150_grab2
5927,650,826,11480,CD,0,D1_pwm150_grab2
5931,-532,-1032,9556,CD,0,D1_pwm150_grab2
5937,922,334,11214,CD,0,D1_pwm150_grab2
5941,3448,552,9016,CD,0,D1_pwm150_grab2
5946,734,-1820,8738,CD,0,D1_pwm150_grab2
5951,432,852,11328,CD,0,D1_pwm150_grab2
5957,-2134,-3466,7406,CD,0,D1_pwm150_grab2
5961,-428,-2086,10098,CD,0,D1_pwm150_grab2
5966,90,-376,9122,CD,0,D1_pwm150_grab2
5972,3118,3328,12360,CD,0,D1_pwm150_grab2
5976,-480,628,10306,CD,0,D1_pwm150_grab2
5981,-654,-476,11242,CD,0,D1_pwm150_grab2
5991,908,1750,11986,CD,0,D1_pwm150_grab2
5996,1124,-792,9954,CD,0,D1_pwm150_grab2
6006,-124,240,9860,CD,0,D1_pwm150_grab2
6012,-706,1146,11338,CD,0,D1_pwm150_grab2
6016,1012,-10,12610,CD,0,D1_pwm150_grab2
6021,-1590,-3460,7706,CD,0,D1_pwm150_grab2
6027,-680,-1926,9792,CD,0,D1_pwm150_grab2
6031,482,306,9942,CD,0,D1_pwm150_grab2
6041,992,-764,8566,CD,0,D1_pwm150_grab2
6047,-14,1288,11908,CD,0,D1_pwm150_grab2
6051,-2884,-3110,7060,CD,0,D1_pwm150_grab2
6056,440,-1472,10824,CD,0,D1_pwm150_grab2
6062,716,-1238,9286,CD,0,D1_pwm150_grab2
6071,-268,782,9882,CD,0,D1_pwm150_grab2
6076,-1008,496,11476,CD,0,D1_pwm150_grab2
6082,4032,-104,7992,CD,0,D1_pwm150_grab2
6086,1512,2740,12396,CD,0,D1_pwm150_grab2
6091,1318,-192,10296,CD,0,D1_pwm150_grab2
6103,-36,-492,9744,CD,0,D1_pwm150_grab2
6108,-8,1710,10964,CD,0,D1_pwm150_grab2
6117,-794,-2844,9166,CD,0,D1_pwm150_grab2
6122,826,502,10256,CD,0,D1_pwm150_grab2
6128,-1740,-1852,11232,CD,0,D1_pwm150_grab2
6133,1012,-1660,8596,CD,0,D1_pwm150_grab2
6137,920,570,9336,CD,0,D1_pwm150_grab2
6142,-42,796,12114,CD,0,D1_pwm150_grab2
6147,-2686,-2362,8310,CD,0,D1_pwm150_grab2
6152,1214,0,11678,CD,0,D1_pwm150_grab2
6157,-80,-1604,8380,CD,0,D1_pwm150_grab2
6162,3406,3446,12728,CD,0,D1_pwm150_grab2
6167,-138,-1380,9814,CD,0,D1_pwm150_grab2
6172,1036,-662,10358,CD,0,D1_pwm150_grab2
6177,852,-678,8656,CD,0,D1_pwm150_grab2
6182,1736,2494,12236,CD,0,D1_pwm150_grab2
6188,1112,480,10316,CD,0,D1_pwm150_grab2
6192,-3982,-2676,10620,CD,0,D1_pwm150_grab2
6197,366,-1628,9100,CD,0,D1_pwm150_grab2
6202,-654,1202,11610,CD,0,D1_pwm150_grab2
6212,-176,-1336,10550,CD,0,D1_pwm150_grab2
6217,-104,-112,9580,CD,0,D1_pwm150_grab2
6222,598,-304,11414,CD,0,D1_pwm150_grab2
6227,2212,-878,8404,CD,0,D1_pwm150_grab2
6232,60,-2058,9434,CD,0,D1_pwm150_grab2
6238,936,30,9904,CD,0,D1_pwm150_grab2
6242,-2822,-3160,7256,CD,0,D1_pwm150_grab2
6248,268,-1444,10812,CD,0,D1_pwm150_grab2
6253,-920,-1150,7792,CD,0,D1_pwm150_grab2
6263,-366,-298,10252,CD,0,D1_pwm150_grab2
6268,-194,-1062,10444,CD,0,D1_pwm150_grab2
6278,86,-106,11346,CD,0,D1_pwm150_grab2
6282,1452,-104,10312,CD,0,D1_pwm150_grab2
6292,-132,-864,9690,CD,0,D1_pwm150_grab2
6297,-12,1884,10742,CD,0,D1_pwm150_grab2
6308,-1030,-2886,9394,CD,0,D1_pwm150_grab2
6312,-694,-1146,9670,CD,0,D1_pwm150_grab2
6318,-502,-716,8334,CD,0,D1_pwm150_grab2
6328,676,-2068,8788,CD,0,D1_pwm150_grab2
6332,388,758,11010,CD,0,D1_pwm150_grab2
6337,-2484,-2124,8502,CD,0,D1_pwm150_grab2
6342,1360,142,11888,CD,0,D1_pwm150_grab2
6348,54,-1658,8494,CD,0,D1_pwm150_grab2
6358,-446,898,10314,CD,0,D1_pwm150_grab2
6363,886,-864,10082,CD,0,D1_pwm150_grab2
6369,1386,-776,8142,CD,0,D1_pwm150_grab2
6373,1718,2552,12376,CD,0,D1_pwm150_grab2
6379,1192,-738,10042,CD,0,D1_pwm150_grab2
6389,-152,58,9882,CD,0,D1_pwm150_grab2
6394,-592,1552,11322,CD,0,D1_pwm150_grab2
6404,-582,-1720,10626,CD,0,D1_pwm150_grab2
6409,-86,-288,9638,CD,0,D1_pwm150_grab2
6413,536,62,11454,CD,0,D1_pwm150_grab2
6418,2614,-538,8512,CD,0,D1_pwm150_grab2
6424,896,-1366,8408,CD,0,D1_pwm150_grab2
6428,186,1186,11996,CD,0,D1_pwm150_grab2
6434,-2844,-2764,7360,CD,0,D1_pwm150_grab2
6439,724,-1068,11088,CD,0,D1_pwm150_grab2
6444,-630,-1480,8102,CD,0,D1_pwm150_grab2
6448,-60,3622,13364,CD,0,D1_pwm150_grab2
6453,-462,300,10462,CD,0,D1_pwm150_grab2
6458,-334,-848,10920,CD,0,D1_pwm150_grab2
6468,1300,2494,12394,CD,0,D1_pwm150_grab2
6473,1330,28,10392,CD,0,D1_pwm150_grab2
6483,-248,652,9974,CD,0,D1_pwm150_grab2
6488,326,1630,10564,CD,0,D1_pwm150_grab2
6494,2330,-446,12158,CD,0,D1_pwm150_grab2
6498,-1200,-3274,8404,CD,0,D1_pwm150_grab2
6503,-864,-1478,9712,CD,0,D1_pwm150_grab2
6508,762,608,10228,CD,0,D1_pwm150_grab2
6513,4028,1972,10732,CD,0,D1_pwm150_grab2
6518,406,-2116,8928,CD,0,D1_pwm150_grab2
6523,-104,1256,11802,CD,0,D1_pwm150_grab2
6529,-1612,-1712,8892,CD,0,D1_pwm150_grab2
6533,1642,1080,11932,CD,0,D1_pwm150_grab2
6538,452,-1478,8930,CD,0,D1_pwm150_grab2
6548,-394,838,9988,CD,0,D1_pwm150_grab2
6554,-960,442,11560,CD,0,D1_pwm150_grab2
6564,1622,2836,12408,CD,0,D1_pwm150_grab2
6568,1304,-444,10254,CD,0,D1_pwm150_grab2
6573,-1238,-1372,11508,CD,0,D1_pwm150_grab2
6579,1276,-1510,8578,CD,0,D1_pwm150_grab2
6584,888,178,9074,CD,0,D1_pwm150_grab2
6588,-250,1050,11998,CD,0,D1_pwm150_grab2
6593,-2334,-3442,7372,CD,0,D1_pwm150_grab2
6599,-350,-2160,10112,CD,0,D1_pwm150_grab2
6603,1146,534,11030,CD,0,D1_pwm150_grab2
6609,3454,812,9348,CD,0,D1_pwm150_grab2
6615,770,-1896,8504,CD,0,D1_pwm150_grab2
6620,218,778,11296,CD,0,D1_pwm150_grab2
6625,-2628,-2360,8372,CD,0,D1_pwm150_grab2
6629,1208,-42,11670,CD,0,D1_pwm150_grab2
6634,-98,-1678,8340,CD,0,D1_pwm150_grab2
6639,-2102,2698,12970,CD,0,D1_pwm150_grab2
6644,-154,-1096,9906,CD,0,D1_pwm150_grab2
6650,1038,-682,10374,CD,0,D1_pwm150_grab2
6654,1200,-578,8616,CD,0,D1_pwm150_grab2
6659,924,1670,12004,CD,0,D1_pwm150_grab2
6664,1110,536,10350,CD,0,D1_pwm150_grab2
6675,596,-1388,9196,CD,0,D1_pwm150_grab2
6679,698,1012,9726,CD,0,D1_pwm150_grab2
6689,-264,-1692,10340,CD,0,D1_pwm150_grab2
6694,-260,-240,9512,CD,0,D1_pwm150_grab2
6699,226,132,9796,CD,0,D1_pwm150_grab2
6709,-70,-1780,9572,CD,0,D1_pwm150_grab2
6714,1222,-144,9932,CD,0,D1_pwm150_grab2
6719,-264,-1074,8718,CD,0,D1_pwm150_grab2
6724,1722,2050,12380,CD,0,D1_pwm150_grab2
6729,-614,-1414,7942,CD,0,D1_pwm150_grab2
6734,-32,3592,13250,CD,0,D1_pwm150_grab2
6739,-464,-40,10152,CD,0,D1_pwm150_grab2
6745,-726,884,11564,CD,0,D1_pwm150_grab2
6755,-210,-844,11094,CD,0,D1_pwm150_grab2
6759,152,40,9736,CD,0,D1_pwm150_grab2
6764,302,-816,11524,CD,0,D1_pwm150_grab2
6769,36,-978,9494,CD,0,D1_pwm150_grab2
6774,318,1636,10416,CD,0,D1_pwm150_grab2
6780,2312,-490,12044,CD,0,D1_pwm150_grab2
6790,188,-1684,10576,CD,0,D1_pwm150_grab2
6794,-916,-1032,7866,CD,0,D1_pwm150_grab2
6799,1198,3780,13374,CD,0,D1_pwm150_grab2
6804,-556,-610,10074,CD,0,D1_pwm150_grab2
6810,640,500,10248,CD,0,D1_pwm150_grab2
6815,-1900,-1726,8832,CD,0,D1_pwm150_grab2
6819,1544,832,12110,CD,0,D1_pwm150_grab2
6825,422,-1598,8912,CD,0,D1_pwm150_grab2
6835,-86,-392,9724,CD,0,D1_pwm150_grab2
6839,-224,1736,10900,CD,0,D1_pwm150_grab2
6845,3774,-670,10856,CD,0,D1_pwm150_grab2
6849,340,762,11550,CD,0,D1_pwm150_grab2
6854,746,460,10174,CD,0,D1_pwm150_grab2
6859,-1662,-1908,11170,CD,0,D1_pwm150_grab2
6864,1130,-1542,8508,CD,0,D1_pwm150_grab2
6870,946,580,9280,CD,0,D1_pwm150_grab2
6875,-48,830,12280,CD,0,D1_pwm150_grab2
6881,-2328,-3620,7112,CD,0,D1_pwm150_grab2
6885,-468,-2164,10064,CD,0,D1_pwm150_grab2
6890,942,316,11258,CD,0,D1_pwm150_grab2
6896,3134,86,8732,CD,0,D1_pwm150_grab2
6901,810,-1694,8630,CD,0,D1_pwm150_grab2
6905,406,1086,11496,CD,0,D1_pwm150_grab2
6912,-2786,-2506,7922,CD,0,D1_pwm150_grab2
6916,1790,2656,12178,CD,0,D1_pwm150_grab2
6921,1072,-770,10000,CD,0,D1_pwm150_grab2
6931,-512,552,10304,CD,0,D1_pwm150_grab2
6936,-620,-588,11180,CD,0,D1_pwm150_grab2
6945,926,2048,12186,CD,0,D1_pwm150_grab2
6951,1196,330,10362,CD,0,D1_pwm150_grab2
6956,716,-194,11272,CD,0,D1_pwm150_grab2
6960,2454,-534,8612,CD,0,D1_pwm150_grab2
6965,976,-1140,8444,CD,0,D1_pwm150_grab2
6971,980,-138,12604,CD,0,D1_pwm150_grab2
6975,-1668,-3530,7768,CD,0,D1_pwm150_grab2
6980,-754,-1850,9820,CD,0,D1_pwm150_grab2
6985,484,376,9924,CD,0,D1_pwm150_grab2
6991,3988,2384,11662,CD,0,D1_pwm150_grab2
6995,116,-1940,9266,CD,0,D1_pwm150_grab2
7000,-400,-866,10824,CD,0,D1_pwm150_grab2
7010,1700,1814,12046,CD,0,D1_pwm150_grab2
7015,792,-1288,9366,CD,0,D1_pwm150_grab2
7025,-202,774,9856,CD,0,D1_pwm150_grab2
7030,-980,728,8191,CD,0,D1_pwm150_grab2
7041,-1412,-3238,8668,CD,0,D1_pwm150_grab2
7045,-770,-1458,9808,CD,0,D1_pwm150_grab2
7050,-20,-1090,11558,CD,0,D1_pwm150_grab2
7055,1710,-1242,8416,CD,0,D1_pwm150_grab2
7060,970,-262,8738,CD,0,D1_pwm150_grab2
7066,-84,1306,11966,CD,0,D1_pwm150_grab2
7070,-2644,-3434,7162,CD,0,D1_pwm150_grab2
7075,-24,-1888,10470,CD,0,D1_pwm150_grab2
7080,-940,-976,7916,CD,0,D1_pwm150_grab2
7090,-412,-742,10162,CD,0,D1_pwm150_grab2
7095,60,-998,10476,CD,0,D1_pwm150_grab2
7100,3586,-188,7988,CD,0,D1_pwm150_grab2
7105,1472,2822,12616,CD,0,D1_pwm150_grab2
7110,1572,-326,10220,CD,0,D1_pwm150_grab2
7121,-52,-650,9938,CD,0,D1_pwm150_grab2
7127,-6,1692,10880,CD,0,D1_pwm150_grab2
7136,460,778,11540,CD,0,D1_pwm150_grab2
7141,698,500,10090,CD,0,D1_pwm150_grab2
7147,-1410,-1768,11270,CD,0,D1_pwm150_grab2
7151,1214,-1328,8754,CD,0,D1_pwm150_grab2
7157,912,396,9184,CD,0,D1_pwm150_grab2
7161,-116,904,11988,CD,0,D1_pwm150_grab2
7166,-2356,-3560,7314,CD,0,D1_pwm150_grab2
7172,-328,-2134,10132,CD,0,D1_pwm150_grab2
7176,-640,-608,8474,CD,0,D1_pwm150_grab2
7182,2254,3324,12634,CD,0,D1_pwm150_grab2
7186,-326,-1214,9918,CD,0,D1_pwm150_grab2
7191,614,-784,10350,CD,0,D1_pwm150_grab2
7197,2290,-370,8252,CD,0,D1_pwm150_grab2
7201,1604,2834,12548,CD,0,D1_pwm150_grab2
7207,1384,-538,10204,CD,0,D1_pwm150_grab2
7216,-20,-244,10108,CD,0,D1_pwm150_grab2
7222,-224,1444,11056,CD,0,D1_pwm150_grab2
7227,4330,-1084,10148,CD,0,D1_pwm150_grab2
7232,-844,-2436,10148,CD,0,D1_pwm150_grab2
7236,-534,-772,9556,CD,0,D1_pwm150_grab2
7241,988,240,11198,CD,0,D1_pwm150_grab2
7247,3412,132,8548,CD,0,D1_pwm150_grab2
7251,826,884,9536,CD,0,D1_pwm150_grab2
7256,548,1110,11570,CD,0,D1_pwm150_grab2
7261,-2588,-2374,8076,CD,0,D1_pwm150_grab2
7266,1238,-154,11676,CD,0,D1_pwm150_grab2
7271,-172,-1700,8418,CD,0,D1_pwm150_grab2
7277,-2308,3104,13290,CD,0,D1_pwm150_grab2
7281,-550,398,10084,CD,0,D1_pwm150_grab2
7287,-798,-486,11238,CD,0,D1_pwm150_grab2
7292,1464,-476,8456,CD,0,D1_pwm150_grab2
7297,824,1526,11730,CD,0,D1_pwm150_grab2
7301,1070,478,10270,CD,0,D1_pwm150_grab2
7307,-2584,-2492,10754,CD,0,D1_pwm150_grab2
7311,766,-1186,8966,CD,0,D1_pwm150_grab2
7316,730,1100,9710,CD,0,D1_pwm150_grab2
7321,72,408,12332,CD,0,D1_pwm150_grab2
7327,-2154,-3694,7248,CD,0,D1_pwm150_grab2
7331,-604,-2184,9792,CD,0,D1_pwm150_grab2
7336,878,22,11350,CD,0,D1_pwm150_grab2
7342,2842,2900,12236,CD,0,D1_pwm150_grab2
7347,-166,-1564,9516,CD,0,D1_pwm150_grab2
7352,882,-482,10170,CD,0,D1_pwm150_grab2
7357,1086,-480,8438,CD,0,D1_pwm150_grab2
7362,1722,2516,12260,CD,0,D1_pwm150_grab2
7376,-584,252,10108,CD,0,D1_pwm150_grab2
7382,-584,252,10108,CD,0,D1_pwm150_grab2
7393,896,1780,11948,CD,0,D1_pwm150_grab2
7398,1178,400,10234,CD,0,D1_pwm150_grab2
7403,-3028,-2680,10572,CD,0,D1_pwm150_grab2
7408,642,-1234,8988,CD,0,D1_pwm150_grab2
7413,696,1312,9906,CD,0,D1_pwm150_grab2
7424,-698,-1866,10526,CD,0,D1_pwm150_grab2
7428,-716,-2114,9806,CD,0,D1_pwm150_grab2
7432,268,-58,9328,CD,0,D1_pwm150_grab2
7437,3170,3048,12188,CD,0,D1_pwm150_grab2
7442,-108,-1750,9420,CD,0,D1_pwm150_grab2
7448,1064,-428,10102,CD,0,D1_pwm150_grab2
7453,684,-630,8450,CD,0,D1_pwm150_grab2
7457,884,-780,11202,CD,0,D1_pwm150_grab2
7462,-424,-1552,8312,CD,0,D1_pwm150_grab2
7473,-70,506,10018,CD,0,D1_pwm150_grab2
7478,-670,1284,11352,CD,0,D1_pwm150_grab2
7487,-566,-1508,10432,CD,0,D1_pwm150_grab2
7492,-96,-144,9598,CD,0,D1_pwm150_grab2
7502,464,-1448,8946,CD,0,D1_pwm150_grab2
7508,590,1324,10028,CD,0,D1_pwm150_grab2
7512,226,1442,11900,CD,0,D1_pwm150_grab2
7522,676,-1038,11034,CD,0,D1_pwm150_grab2
7527,-470,-1536,8206,CD,0,D1_pwm150_grab2
7538,-2,-1820,9382,CD,0,D1_pwm150_grab2
7543,1152,-110,10118,CD,0,D1_pwm150_grab2
7547,140,-972,8586,CD,0,D1_pwm150_grab2
7553,1004,2228,12484,CD,0,D1_pwm150_grab2
7558,1446,176,10336,CD,0,D1_pwm150_grab2
7568,292,-1410,9148,CD,0,D1_pwm150_grab2
7572,616,1480,10268,CD,0,D1_pwm150_grab2
7583,-372,-916,10766,CD,0,D1_pwm150_grab2
7588,114,118,9686,CD,0,D1_pwm150_grab2
7593,332,-316,11430,CD,0,D1_pwm150_grab2
7603,118,-1820,9376,CD,0,D1_pwm150_grab2
7607,1124,106,10330,CD,0,D1_pwm150_grab2
7612,-442,-1094,9056,CD,0,D1_pwm150_grab2
7617,430,-1446,10734,CD,0,D1_pwm150_grab2
7623,-720,-1344,8092,CD,0,D1_pwm150_grab2
7628,142,3536,13168,CD,0,D1_pwm150_grab2
7632,-576,-152,10330,CD,0,D1_pwm150_grab2
7638,-332,-1012,10728,CD,0,D1_pwm150_grab2
7648,1274,2578,12684,CD,0,D1_pwm150_grab2
7653,1536,-80,10348,CD,0,D1_pwm150_grab2
7663,-186,606,9946,CD,0,D1_pwm150_grab2
7669,-922,596,11506,CD,0,D1_pwm150_grab2
7678,-46,-122,11172,CD,0,D1_pwm150_grab2
7684,-704,-1412,9768,CD,0,D1_pwm150_grab2
7689,756,490,10264,CD,0,D1_pwm150_grab2
7699,1094,-102,9020,CD,0,D1_pwm150_grab2
7704,-134,1188,11830,CD,0,D1_pwm150_grab2
7708,-2816,-3440,7118,CD,0,D1_pwm150_grab2
7713,116,-1914,10384,CD,0,D1_pwm150_grab2
7718,-1028,-892,7962,CD,0,D1_pwm150_grab2
7728,-238,672,9994,CD,0,D1_pwm150_grab2
7734,-998,202,11410,CD,0,D1_pwm150_grab2
7738,3800,-152,8142,CD,0,D1_pwm150_grab2
7743,1520,2832,12722,CD,0,D1_pwm150_grab2
7748,1484,-422,10294,CD,0,D1_pwm150_grab2
7758,90,-308,10048,CD,0,D1_pwm150_grab2
7764,116,1734,10936,CD,0,D1_pwm150_grab2
7768,-158,1100,12174,CD,0,D1_pwm150_grab2
7774,-2580,-3642,7086,CD,0,D1_pwm150_grab2
7778,-690,-996,9646,CD,0,D1_pwm150_grab2
7783,1062,382,10792,CD,0,D1_pwm150_grab2
7788,3682,424,9116,CD,0,D1_pwm150_grab2
7793,668,-1742,8690,CD,0,D1_pwm150_grab2
7799,470,876,11178,CD,0,D1_pwm150_grab2
7803,-2294,-2232,8376,CD,0,D1_pwm150_grab2
7809,1602,2870,12604,CD,0,D1_pwm150_grab2
7813,1364,-660,10134,CD,0,D1_pwm150_grab2
7819,-2868,2916,13112,CD,0,D1_pwm150_grab2
7823,-442,558,10050,CD,0,D1_pwm150_grab2
7828,-1004,-412,11318,CD,0,D1_pwm150_grab2
7838,866,1692,11760,CD,1,D1_pwm150_grab2
7844,992,622,10232,CD,1,D1_pwm150_grab2
7848,-2688,-2546,10620,CD,1,D1_pwm150_grab2
7854,2988,-168,8452,CD,1,D1_pwm150_grab2
7858,772,-1452,8640,CD,1,D1_pwm150_grab2
7864,16,504,12366,CD,1,D1_pwm150_grab2
7869,-2144,-3754,7418,CD,1,D1_pwm150_grab2
7874,-612,-2136,9944,CD,1,D1_pwm150_grab2
7879,20,-18,9256,CD,1,D1_pwm150_grab2
7883,3138,2804,12200,CD,1,D1_pwm150_grab2
7888,-198,-1828,9440,CD,1,D1_pwm150_grab2
7894,1090,-348,10106,CD,1,D1_pwm150_grab2
7900,-2802,-2792,7674,CD,1,D1_pwm150_grab2
7904,882,-844,11148,CD,1,D1_pwm150_grab2
7910,-402,-1626,8112,CD,1,D1_pwm150_grab2
7914,-1122,3570,13336,CD,1,D1_pwm150_grab2
7919,-572,106,10128,CD,1,D1_pwm150_grab2
7924,-808,-866,10956,CD,1,D1_pwm150_grab2
7936,1194,2456,12162,CD,1,D1_pwm150_grab2
7939,-78,4,9778,CD,1,D1_pwm150_grab2
7950,336,-800,9380,CD,1,D1_pwm150_grab2
7955,578,1632,10130,CD,1,D1_pwm150_grab2
7960,1174,-290,12236,CD,1,D1_pwm150_grab2
7964,-1668,-3556,7952,CD,1,D1_pwm150_grab2
7969,-830,-1776,9898,CD,1,D1_pwm150_grab2
7974,468,518,10062,CD,1,D1_pwm150_grab2
7980,244,3798,13650,CD,1,D1_pwm150_grab2
7985,164,-2104,9130,CD,1,D1_pwm150_grab2
7989,808,482,10064,CD,1,D1_pwm150_grab2
7995,-946,-1524,8600,CD,1,D1_pwm150_grab2
7999,1586,1428,12148,CD,1,D1_pwm150_grab2
8004,742,-1522,9262,CD,1,D1_pwm150_grab2
8015,-116,888,10096,CD,1,D1_pwm150_grab2
8020,-844,312,11340,CD,1,D1_pwm150_grab2
8030,136,84,11306,CD,1,D1_pwm150_grab2
8034,558,506,10002,CD,1,D1_pwm150_grab2
8040,-388,-1826,11374,CD,1,D1_pwm150_grab2
8044,1400,-1458,8404,CD,1,D1_pwm150_grab2
8049,1056,394,9194,CD,1,D1_pwm150_grab2
8055,-104,1064,11880,CD,1,D1_pwm150_grab2
8059,-2698,-3738,6936,CD,1,D1_pwm150_grab2
8065,-36,-2106,10202,CD,1,D1_pwm150_grab2
8070,-662,-524,8304,CD,1,D1_pwm150_grab2
8075,2376,3512,13162,CD,1,D1_pwm150_grab2
8079,-416,-1426,9782,CD,1,D1_pwm150_grab2
8084,454,-936,10460,CD,1,D1_pwm150_grab2
8090,2354,-322,8484,CD,1,D1_pwm150_grab2
8095,1656,2936,12580,CD,1,D1_pwm150_grab2
8099,1192,-582,10222,CD,1,D1_pwm150_grab2
8104,-2558,3374,13440,CD,1,D1_pwm150_grab2
8109,62,498,10258,CD,1,D1_pwm150_grab2
8114,-314,1540,11304,CD,1,D1_pwm150_grab2
8125,-512,-2118,10050,CD,1,D1_pwm150_grab2
8129,-536,-430,9702,CD,1,D1_pwm150_grab2
8134,1026,-42,11196,CD,1,D1_pwm150_grab2
8139,2842,-592,8408,CD,1,D1_pwm150_grab2
8144,804,1388,10024,CD,1,D1_pwm150_grab2
8150,466,64,12378,CD,1,D1_pwm150_grab2
8155,-2052,-3786,7482,CD,1,D1_pwm150_grab2
8160,-582,-2108,9886,CD,1,D1_pwm150_grab2
8165,198,348,9780,CD,1,D1_pwm150_grab2
8171,4186,2324,11962,CD,1,D1_pwm150_grab2
8175,-68,-2084,9346,CD,1,D1_pwm150_grab2
8180,1056,90,10400,CD,1,D1_pwm150_grab2
8185,-2854,-3030,7144,CD,1,D1_pwm150_grab2
8192,668,-1270,10954,CD,1,D1_pwm150_grab2
8195,960,-1162,9704,CD,1,D1_pwm150_grab2
8206,22,1082,10172,CD,1,D1_pwm150_grab2
8210,-724,610,11484,CD,1,D1_pwm150_grab2
8221,74,-660,10832,CD,1,D1_pwm150_grab2
8226,1514,102,10392,CD,1,D1_pwm150_grab2
8236,1882,-1418,8144,CD,1,D1_pwm150_grab2
8240,1034,-68,8590,CD,1,D1_pwm150_grab2
8246,-100,1474,12274,CD,1,D1_pwm150_grab2
8250,-2720,-3446,6980,CD,1,D1_pwm150_grab2
8256,42,-1924,10398,CD,1,D1_pwm150_grab2
8261,-928,-876,7720,CD,1,D1_pwm150_grab2
8266,4132,1074,9946,CD,1,D1_pwm150_grab2
8271,462,-2172,8750,CD,1,D1_pwm150_grab2
8275,464,802,10822,CD,1,D1_pwm150_grab2
8280,3516,-174,7930,CD,1,D1_pwm150_grab2
8286,1550,2924,12640,CD,1,D1_pwm150_grab2
8291,1464,-282,10286,CD,1,D1_pwm150_grab2
8300,-72,-172,10020,CD,1,D1_pwm150_grab2
8305,-926,-276,11286,CD,1,D1_pwm150_grab2
8316,654,1040,11390,CD,1,D1_pwm150_grab2
8321,-674,-952,9704,CD,1,D1_pwm150_grab2
8325,912,412,11124,CD,1,D1_pwm150_grab2
8331,3374,186,8732,CD,1,D1_pwm150_grab2
8335,650,-1912,8602,CD,1,D1_pwm150_grab2
8340,364,1172,11330,CD,1,D1_pwm150_grab2
8346,-2302,-3644,7308,CD,1,D1_pwm150_grab2
8350,-520,-2172,9964,CD,1,D1_pwm150_grab2
8356,-128,-286,8892,CD,1,D1_pwm150_grab2
8360,2884,3434,12548,CD,1,D1_pwm150_grab2
8366,-458,656,10276,CD,1,D1_pwm150_grab2
8370,-690,-726,11038,CD,1,D1_pwm150_grab2
8380,816,1752,11972,CD,1,D1_pwm150_grab2
8386,1150,-804,9982,CD,1,D1_pwm150_grab2
8395,-60,440,10012,CD,1,D1_pwm150_grab2
8400,-578,1418,11392,CD,1,D1_pwm150_grab2
8412,-530,-1622,10704,CD,1,D1_pwm150_grab2
8416,-150,-152,9714,CD,1,D1_pwm150_grab2
8421,466,-178,11408,CD,1,D1_pwm150_grab2
8427,292,-1282,9070,CD,1,D1_pwm150_grab2
8431,570,1560,9998,CD,1,D1_pwm150_grab2
8436,968,-152,12236,CD,1,D1_pwm150_grab2
8442,-1742,-3536,8028,CD,1,D1_pwm150_grab2
8446,-818,-1938,9828,CD,1,D1_pwm150_grab2
8452,-596,-1438,8038,CD,1,D1_pwm150_grab2
8457,-26,3638,13432,CD,1,D1_pwm150_grab2
8461,-548,-64,10412,CD,1,D1_pwm150_grab2
8467,970,250,10094,CD,1,D1_pwm150_grab2
8471,-522,-1416,8690,CD,1,D1_pwm150_grab2
8476,1628,1722,12234,CD,1,D1_pwm150_grab2
8481,886,-1332,9408,CD,1,D1_pwm150_grab2
8491,152,-930,9316,CD,1,D1_pwm150_grab2
8496,480,1722,10658,CD,1,D1_pwm150_grab2
8501,2218,-560,11972,CD,1,D1_pwm150_grab2
8507,-44,-400,11150,CD,1,D1_pwm150_grab2
8511,360,328,9894,CD,1,D1_pwm150_grab2
8516,-62,-1268,11448,CD,1,D1_pwm150_grab2
8522,1674,-1284,8318,CD,1,D1_pwm150_grab2
8527,966,-134,8984,CD,1,D1_pwm150_grab2
8532,-118,1176,11780,CD,1,D1_pwm150_grab2
8536,-1314,-1726,8722,CD,1,D1_pwm150_grab2
8541,1562,1148,11940,CD,1,D1_pwm150_grab2
8546,500,-1514,8980,CD,1,D1_pwm150_grab2
8552,1274,3622,13238,CD,1,D1_pwm150_grab2
8556,-490,-758,10134,CD,1,D1_pwm150_grab2
8561,-72,-1072,10542,CD,1,D1_pwm150_grab2
8566,3730,-120,8228,CD,1,D1_pwm150_grab2
8571,1464,2960,12620,CD,1,D1_pwm150_grab2
8577,594,534,10046,CD,1,D1_pwm150_grab2
8582,-698,-1790,11426,CD,1,D1_pwm150_grab2
8587,1400,-1408,8614,CD,1,D1_pwm150_grab2
8591,96,1816,11046,CD,1,D1_pwm150_grab2
8596,3714,-812,10926,CD,1,D1_pwm150_grab2
8602,-962,-2916,9330,CD,1,D1_pwm150_grab2
8607,-762,-1094,9638,CD,1,D1_pwm150_grab2
8611,934,536,10794,CD,1,D1_pwm150_grab2
8616,3614,694,9258,CD,1,D1_pwm150_grab2
8622,-364,-1210,9958,CD,1,D1_pwm150_grab2
8626,380,-1048,10188,CD,1,D1_pwm150_grab2
8632,-2182,-2234,8250,CD,1,D1_pwm150_grab2
8636,1416,316,11730,CD,1,D1_pwm150_grab2
8642,92,-1694,8426,CD,1,D1_pwm150_grab2
8646,-3144,2572,13028,CD,1,D1_pwm150_grab2
8651,-382,668,9978,CD,1,D1_pwm150_grab2
8657,-914,-300,11256,CD,1,D1_pwm150_grab2
8668,710,1290,11472,CD,1,D1_pwm150_grab2
8672,1220,-626,10222,CD,1,D1_pwm150_grab2
8683,14,40,10012,CD,1,D1_pwm150_grab2
8688,-254,1564,11254,CD,1,D1_pwm150_grab2
8697,-596,-2304,10056,CD,1,D1_pwm150_grab2
8702,-606,-670,9608,CD,1,D1_pwm150_grab2
8707,-248,-274,8920,CD,1,D1_pwm150_grab2
8712,3158,16,8704,CD,1,D1_pwm150_grab2
8717,792,-1570,8456,CD,1,D1_pwm150_grab2
8722,420,1112,11820,CD,1,D1_pwm150_grab2
8728,-2646,-2670,7732,CD,1,D1_pwm150_grab2
8732,1052,-402,11390,CD,1,D1_pwm150_grab2
8737,-188,-1732,8146,CD,1,D1_pwm150_grab2
8742,-1910,3218,13234,CD,1,D1_pwm150_grab2
8747,50,130,10116,CD,1,D1_pwm150_grab2
8752,-828,-664,11046,CD,1,D1_pwm150_grab2
8762,966,1948,11852,CD,1,D1_pwm150_grab2
8768,1200,650,10318,CD,1,D1_pwm150_grab2
8777,610,-1278,9244,CD,1,D1_pwm150_grab2
8782,698,1306,9854,CD,1,D1_pwm150_grab2
8788,356,-58,12216,CD,1,D1_pwm150_grab2
8792,-1984,-3584,8014,CD,1,D1_pwm150_grab2
8798,-624,-2228,9818,CD,1,D1_pwm150_grab2
8802,82,86,9652,CD,1,D1_pwm150_grab2
8807,3612,2546,11756,CD,1,D1_pwm150_grab2
8813,-142,-1760,9552,CD,1,D1_pwm150_grab2
8818,1306,-156,10072,CD,1,D1_pwm150_grab2
8823,344,-1088,8582,CD,1,D1_pwm150_grab2
8828,1664,2280,12532,CD,1,D1_pwm150_grab2
8833,1134,-1120,9762,CD,1,D1_pwm150_grab2
8842,40,468,10048,CD,1,D1_pwm150_grab2
8848,-620,998,11426,CD,1,D1_pwm150_grab2
8857,-378,-1354,11042,CD,1,D1_pwm150_grab2
8862,-72,-74,9794,CD,1,D1_pwm150_grab2
8867,492,-474,11408,CD,1,D1_pwm150_grab2
8872,344,-1020,9374,CD,1,D1_pwm150_grab2
8877,1020,-654,8538,CD,1,D1_pwm150_grab2
8882,282,1150,12162,CD,1,D1_pwm150_grab2
8887,-2890,-2960,6938,CD,1,D1_pwm150_grab2
8893,690,-1252,10898,CD,1,D1_pwm150_grab2
8897,-676,-1496,8078,CD,1,D1_pwm150_grab2
8902,-176,3538,13504,CD,1,D1_pwm150_grab2
8907,-684,-278,10178,CD,1,D1_pwm150_grab2
8912,1206,356,10140,CD,1,D1_pwm150_grab2
8919,-346,-1296,8770,CD,1,D1_pwm150_grab2
8923,1632,1870,12476,CD,1,D1_pwm150_grab2
8928,958,-1318,9532,CD,1,D1_pwm150_grab2
8938,-28,584,10024,CD,1,D1_pwm150_grab2
8944,-794,676,11440,CD,1,D1_pwm150_grab2
8954,1284,2642,12322,CD,1,D1_pwm150_grab2
8958,1478,304,10320,CD,1,D1_pwm150_grab2
8964,330,-984,11458,CD,1,D1_pwm150_grab2
8969,2144,-946,8216,CD,1,D1_pwm150_grab2
8974,1082,-282,8782,CD,1,D1_pwm150_grab2
8979,252,1160,12078,CD,1,D1_pwm150_grab2
8983,-2822,-3182,6842,CD,1,D1_pwm150_grab2
8988,520,-1502,10642,CD,1,D1_pwm150_grab2
8993,538,478,10154,CD,1,D1_pwm150_grab2
8998,3888,1586,10276,CD,1,D1_pwm150_grab2
9004,-658,-618,10076,CD,1,D1_pwm150_grab2
9009,-518,-1012,10696,CD,1,D1_pwm150_grab2
9013,4788,158,8052,CD,1,D1_pwm150_grab2
9019,1348,2784,12238,CD,1,D1_pwm150_grab2
9024,1434,98,10410,CD,1,D1_pwm150_grab2
9034,-108,664,10052,CD,1,D1_pwm150_grab2
9039,-852,408,11372,CD,1,D1_pwm150_grab2
9048,-1458,-3310,8682,CD,1,D1_pwm150_grab2
9053,-896,-1798,9506,CD,1,D1_pwm150_grab2
9059,720,422,10098,CD,1,D1_pwm150_grab2
9063,3874,1268,10196,CD,1,D1_pwm150_grab2
9068,288,-1954,8910,CD,1,D1_pwm150_grab2
9073,142,1118,12074,CD,1,D1_pwm150_grab2
9079,-2870,-3362,6782,CD,1,D1_pwm150_grab2
9083,334,-1670,10520,CD,1,D1_pwm150_grab2
9089,698,-1366,9276,CD,1,D1_pwm150_grab2
9099,-104,668,9962,CD,1,D1_pwm150_grab2
9104,-1070,260,11350,CD,1,D1_pwm150_grab2
9114,1410,2860,12270,CD,1,D1_pwm150_grab2
9118,1408,-12,10366,CD,1,D1_pwm150_grab2
9129,228,-226,9776,CD,1,D1_pwm150_grab2
9133,1096,252,9112,CD,1,D1_pwm150_grab2
9138,-42,1134,11912,CD,1,D1_pwm150_grab2
9143,-2792,-3402,7046,CD,1,D1_pwm150_grab2
9148,272,-1758,10438,CD,1,D1_pwm150_grab2
9154,-1044,-960,8000,CD,1,D1_pwm150_grab2
9158,3802,940,9808,CD,1,D1_pwm150_grab2
9164,372,-2034,8766,CD,1,D1_pwm150_grab2
9169,678,920,10452,CD,1,D1_pwm150_grab2
9174,-1174,-1410,8932,CD,1,D1_pwm150_grab2
9179,1558,1166,12008,CD,1,D1_pwm150_grab2
9184,574,-1428,9160,CD,1,D1_pwm150_grab2
9189,-4788,1788,12710,CD,1,D1_pwm150_grab2
9194,-94,894,10046,CD,1,D1_pwm150_grab2
9199,-322,-1158,10496,CD,1,D1_pwm150_grab2
9205,4192,46,7980,CD,1,D1_pwm150_grab2
9210,1458,2816,12352,CD,1,D1_pwm150_grab2
9216,1444,-122,10352,CD,1,D1_pwm150_grab2
9219,-186,-1544,11492,CD,1,D1_pwm150_grab2
9224,1506,-1474,8378,CD,1,D1_pwm150_grab2
9230,1112,280,9122,CD,1,D1_pwm150_grab2
9234,-44,1328,11982,CD,1,D1_pwm150_grab2
9239,-1272,-3224,8920,CD,1,D1_pwm150_grab2
9244,-870,-1552,9566,CD,1,D1_pwm150_grab2
9250,912,620,10394,CD,1,D1_pwm150_grab2
9254,3828,970,9702,CD,1,D1_pwm150_grab2
9260,-528,-1100,10110,CD,1,D1_pwm150_grab2
9264,-70,-1172,10296,CD,1,D1_pwm150_grab2
9269,3808,8,8212,CD,1,D1_pwm150_grab2
9274,1470,2778,12602,CD,1,D1_pwm150_grab2
9280,468,-1490,8994,CD,1,D1_pwm150_grab2
9289,-144,984,10116,CD,1,D1_pwm150_grab2
9294,-988,-30,11366,CD,1,D1_pwm150_grab2
9305,-1272,-3206,9114,CD,1,D1_pwm150_grab2
9309,-630,-1352,9572,CD,1,D1_pwm150_grab2
9315,830,648,10658,CD,1,D1_pwm150_grab2
9320,1360,-1596,8424,CD,1,D1_pwm150_grab2
9325,1078,392,9284,CD,1,D1_pwm150_grab2
9330,-144,1268,12068,CD,1,D1_pwm150_grab2
9334,-2652,-3346,7484,CD,1,D1_pwm150_grab2
9340,-94,-2032,10126,CD,1,D1_pwm150_grab2
9344,236,-1568,8784,CD,1,D1_pwm150_grab2
9349,-4042,2054,12754,CD,1,D1_pwm150_grab2
9354,-260,1054,10184,CD,1,D1_pwm150_grab2
9360,258,-1170,10260,CD,1,D1_pwm150_grab2
9364,3088,-294,8204,CD,1,D1_pwm150_grab2
9369,1584,2816,12636,CD,1,D1_pwm150_grab2
9374,1422,-428,10314,CD,1,D1_pwm150_grab2
9384,-8,-358,10122,CD,1,D1_pwm150_grab2
9389,902,612,9044,CD,1,D1_pwm150_grab2
9395,-58,1026,12282,CD,1,D1_pwm150_grab2
9399,-1034,-2834,9672,CD,1,D1_pwm150_grab2
9404,-632,-1074,9522,CD,1,D1_pwm150_grab2
9409,1010,656,11094,CD,1,D1_pwm150_grab2
9415,3758,492,8948,CD,1,D1_pwm150_grab2
9419,682,-1908,8612,CD,1,D1_pwm150_grab2
9425,488,1036,11278,CD,1,D1_pwm150_grab2
9431,-2210,-2148,8296,CD,1,D1_pwm150_grab2
9436,1370,186,11634,CD,1,D1_pwm150_grab2
9440,-512,-496,8622,CD,1,D1_pwm150_grab2
9445,2662,3614,12740,CD,1,D1_pwm150_grab2
9450,-354,-1390,9916,CD,1,D1_pwm150_grab2
9455,778,-1004,10134,CD,1,D1_pwm150_grab2
9461,2032,-380,8506,CD,1,D1_pwm150_grab2
9465,1672,2824,12548,CD,1,D1_pwm150_grab2
9470,1314,-664,10232,CD,1,D1_pwm150_grab2
9475,-2158,-2230,10954,CD,1,D1_pwm150_grab2
9480,54,34,10202,CD,1,D1_pwm150_grab2
9486,-270,1656,11292,CD,1,D1_pwm150_grab2
9495,-850,-2396,10118,CD,1,D1_pwm150_grab2
9501,-464,-740,9558,CD,1,D1_pwm150_grab2
9506,988,264,11262,CD,1,D1_pwm150_grab2
9510,3298,-78,8456,CD,1,D1_pwm150_grab2
9516,-280,-1570,9618,CD,1,D1_pwm150_grab2
9520,524,1284,11924,CD,1,D1_pwm150_grab2
9526,-2546,-2414,7930,CD,1,D1_pwm150_grab2
9531,1124,-326,11368,CD,1,D1_pwm150_grab2
9535,-278,-1712,8190,CD,1,D1_pwm150_grab2
9540,-1992,3208,13232,CD,1,D1_pwm150_grab2
9546,-520,610,10204,CD,1,D1_pwm150_grab2
9551,-836,-706,11136,CD,1,D1_pwm150_grab2
9561,1000,1906,11822,CD,1,D1_pwm150_grab2
9565,1128,528,10336,CD,1,D1_pwm150_grab2
9570,-3094,-2660,10592,CD,1,D1_pwm150_grab2
9576,612,-1272,9086,CD,1,D1_pwm150_grab2
9581,710,1330,9742,CD,1,D1_pwm150_grab2
9585,152,192,12322,CD,1,D1_pwm150_grab2
9591,-2116,-3656,7746,CD,1,D1_pwm150_grab2
9596,-676,-2160,9826,CD,1,D1_pwm150_grab2
9600,138,2,9484,CD,1,D1_pwm150_grab2
9605,3440,2848,12010,CD,1,D1_pwm150_grab2
9611,-164,-1906,9368,CD,1,D1_pwm150_grab2
9616,1154,-174,10082,CD,1,D1_pwm150_grab2
9621,676,-924,8498,CD,1,D1_pwm150_grab2
9626,1688,2344,12370,CD,1,D1_pwm150_grab2
9631,1102,-1010,9872,CD,1,D1_pwm150_grab2
9640,-532,264,10260,CD,1,D1_pwm150_grab2
9645,-686,1198,11396,CD,1,D1_pwm150_grab2
9655,-508,-1468,10818,CD,1,D1_pwm150_grab2
9660,-54,-208,9584,CD,1,D1_pwm150_grab2
9666,484,-342,11354,CD,1,D1_pwm150_grab2
9670,2444,-788,8154,CD,1,D1_pwm150_grab2
9675,884,-926,8604,CD,1,D1_pwm150_grab2
9680,690,-210,12148,CD,1,D1_pwm150_grab2
9686,-1856,-3592,8022,CD,1,D1_pwm150_grab2
9692,-792,-2042,9786,CD,1,D1_pwm150_grab2
9697,352,340,9860,CD,1,D1_pwm150_grab2
9707,14,-2060,9248,CD,1,D1_pwm150_grab2
9711,1208,180,10148,CD,1,D1_pwm150_grab2
9717,78,-1090,8626,CD,1,D1_pwm150_grab2
9722,630,-1228,10788,CD,1,D1_pwm150_grab2
9728,-592,-1436,8000,CD,1,D1_pwm150_grab2
9737,-26,664,10016,CD,1,D1_pwm150_grab2
9742,-752,1000,11430,CD,1,D1_pwm150_grab2
9751,-372,-1048,10996,CD,1,D1_pwm150_grab2
9757,78,-56,9650,CD,1,D1_pwm150_grab2
9766,282,-1008,9262,CD,1,D1_pwm150_grab2
9771,926,-710,8648,CD,1,D1_pwm150_grab2
9777,168,1444,11980,CD,1,D1_pwm150_grab2
9787,772,-1302,10786,CD,1,D1_pwm150_grab2
9791,-556,-1432,8130,CD,1,D1_pwm150_grab2
9802,22,-2092,9238,CD,1,D1_pwm150_grab2
9806,1274,208,10174,CD,1,D1_pwm150_grab2
9811,174,-1176,8740,CD,1,D1_pwm150_grab2
9816,1094,2374,12334,CD,1,D1_pwm150_grab2
9822,1382,212,10440,CD,1,D1_pwm150_grab2
9831,428,-1334,9030,CD,1,D1_pwm150_grab2
9837,662,1512,10316,CD,1,D1_pwm150_grab2
9842,708,-494,12294,CD,1,D1_pwm150_grab2
9847,-528,-1294,10980,CD,1,D1_pwm150_grab2
9851,-78,-202,9608,CD,1,D1_pwm150_grab2
9856,170,200,9848,CD,1,D1_pwm150_grab2
9866,-158,-1582,9484,CD,1,D1_pwm150_grab2
9871,1206,-244,10430,CD,1,D1_pwm150_grab2
9877,662,-862,8918,CD,1,D1_pwm150_grab2
9882,1648,2348,12242,CD,1,D1_pwm150_grab2
9886,-474,-1624,8144,CD,1,D1_pwm150_grab2
9891,-1286,3266,13434,CD,1,D1_pwm150_grab2
9896,-580,268,10374,CD,1,D1_pwm150_grab2
9901,-708,1278,11500,CD,1,D1_pwm150_grab2
9911,-432,-1656,10576,CD,1,D1_pwm150_grab2
9916,-276,-296,9520,CD,1,D1_pwm150_grab2
9922,814,-128,11346,CD,1,D1_pwm150_grab2
9926,610,-1410,8952,CD,1,D1_pwm150_grab2
9931,754,1282,10032,CD,1,D1_pwm150_grab2
9937,442,-152,12458,CD,1,D1_pwm150_grab2
9942,-2120,-3632,7766,CD,1,D1_pwm150_grab2
9947,-618,-2210,9662,CD,1,D1_pwm150_grab2
9952,232,122,9708,CD,1,D1_pwm150_grab2
9963,-200,-1654,9542,CD,1,D1_pwm150_grab2
9968,344,1264,11856,CD,1,D1_pwm150_grab2
9972,-2800,-2748,7462,CD,1,D1_pwm150_grab2
9977,964,-932,11142,CD,1,D1_pwm150_grab2
9984,-442,-1636,8138,CD,1,D1_pwm150_grab2
9992,20,560,10018,CD,1,D1_pwm150_grab2
9997,-634,1048,11446,CD,1,D1_pwm150_grab2
10007,1028,2170,12268,CD,1,D1_pwm150_grab2
10013,1276,372,10456,CD,1,D1_pwm150_grab2
10023,448,-1114,9134,CD,1,D1_pwm150_grab2
10028,924,-914,8518,CD,1,D1_pwm150_grab2
10032,262,1488,12158,CD,1,D1_pwm150_grab2
10042,658,-1060,11010,CD,1,D1_pwm150_grab2
10047,360,386,9850,CD,1,D1_pwm150_grab2
10057,-106,-1962,9254,CD,1,D1_pwm150_grab2
10063,1072,120,10478,CD,1,D1_pwm150_grab2
10068,-8,-1040,8874,CD,1,D1_pwm150_grab2
10072,1080,2386,12498,CD,1,D1_pwm150_grab2
10077,1488,292,10292,CD,1,D1_pwm150_grab2
10087,26,892,10046,CD,1,D1_pwm150_grab2
10092,-826,702,11528,CD,1,D1_pwm150_grab2
10102,-96,-924,10852,CD,1,D1_pwm150_grab2
10107,14,112,9674,CD,1,D1_pwm150_grab2
10113,452,566,10112,CD,1,D1_pwm150_grab2
10123,30,-2148,9208,CD,1,D1_pwm150_grab2
10127,36,1532,12252,CD,1,D1_pwm150_grab2
10133,-2798,-3216,7248,CD,1,D1_pwm150_grab2
10137,358,-1664,10650,CD,1,D1_pwm150_grab2
10143,-872,-1160,7918,CD,1,D1_pwm150_grab2
10147,646,3918,13466,CD,1,D1_pwm150_grab2
10152,-482,-702,10200,CD,1,D1_pwm150_grab2
10157,-782,344,11466,CD,1,D1_pwm150_grab2
10167,1370,2746,12774,CD,1,D1_pwm150_grab2
10172,1604,-74,10320,CD,1,D1_pwm150_grab2
10183,34,-502,9918,CD,1,D1_pwm150_grab2
10187,316,1988,10960,CD,1,D1_pwm150_grab2
10193,2926,-778,11626,CD,1,D1_pwm150_grab2
10199,-1388,-3212,9130,CD,1,D1_pwm150_grab2
10203,-726,-1258,9804,CD,1,D1_pwm150_grab2
10208,-452,-1846,11422,CD,1,D1_pwm150_grab2
10213,1366,-1612,8320,CD,1,D1_pwm150_grab2
10218,936,476,8970,CD,1,D1_pwm150_grab2
10223,-120,1414,12184,CD,1,D1_pwm150_grab2
10228,-2636,-3564,7296,CD,1,D1_pwm150_grab2
10233,-158,-2132,10204,CD,1,D1_pwm150_grab2
10240,-786,-630,8140,CD,1,D1_pwm150_grab2
10243,-3752,2522,13086,CD,1,D1_pwm150_grab2
10248,-346,-1432,9926,CD,1,D1_pwm150_grab2
10253,254,-1204,10138,CD,1,D1_pwm150_grab2
10258,2760,-364,8058,CD,1,D1_pwm150_grab2
10263,1566,2938,12780,CD,1,D1_pwm150_grab2
10269,1476,-516,10174,CD,1,D1_pwm150_grab2
10278,-22,44,10246,CD,1,D1_pwm150_grab2
10284,930,970,9410,CD,1,D1_pwm150_grab2
10288,4538,-980,10156,CD,1,D1_pwm150_grab2
10294,-950,-2508,10106,CD,1,D1_pwm150_grab2
10299,-546,-732,9706,CD,1,D1_pwm150_grab2
10304,1080,274,11272,CD,1,D1_pwm150_grab2
10308,3326,-250,8316,CD,1,D1_pwm150_grab2
10314,826,-1696,8416,CD,1,D1_pwm150_grab2
10318,554,1300,11668,CD,1,D1_pwm150_grab2
10323,-2594,-2412,7788,CD,1,D1_pwm150_grab2
10328,1194,-484,11364,CD,1,D1_pwm150_grab2
10334,-302,-1706,8320,CD,1,D1_pwm150_grab2
10338,-1518,3688,13558,CD,1,D1_pwm150_grab2
10343,-502,662,10386,CD,1,D1_pwm150_grab2
10349,-748,-930,11098,CD,1,D1_pwm150_grab2
10359,1054,2162,12020,CD,1,D1_pwm150_grab2
10363,1234,440,10334,CD,1,D1_pwm150_grab2
10368,718,-110,11284,CD,1,D1_pwm150_grab2
10374,318,-1372,8988,CD,1,D1_pwm150_grab2
10379,660,1604,10182,CD,1,D1_pwm150_grab2
10383,786,62,12554,CD,1,D1_pwm150_grab2
10388,-1878,-3790,7760,CD,1,D1_pwm150_grab2
10394,-856,-2018,9732,CD,1,D1_pwm150_grab2
10399,534,438,9778,CD,1,D1_pwm150_grab2
10408,78,-2248,9104,CD,1,D1_pwm150_grab2
10414,862,100,10268,CD,1,D1_pwm150_grab2
10418,-308,-1236,8732,CD,1,D1_pwm150_grab2
10424,1780,1900,12182,CD,1,D1_pwm150_grab2
10429,938,-1340,9552,CD,1,D1_pwm150_grab2
10439,-102,1110,10164,CD,1,D1_pwm150_grab2
10444,-872,786,11588,CD,1,D1_pwm150_grab2
10455,1390,2860,12470,CD,1,D1_pwm150_grab2
10460,1414,-24,10348,CD,1,D1_pwm150_grab2
10470,30,-766,9466,CD,1,D1_pwm150_grab2
10474,340,1992,10882,CD,1,D1_pwm150_grab2
10480,2576,-400,11824,CD,1,D1_pwm150_grab2
10484,-1352,-3470,8570,CD,1,D1_pwm150_grab2
10490,426,438,10046,CD,1,D1_pwm150_grab2
10494,-58,-1418,11638,CD,1,D1_pwm150_grab2
10500,3862,1324,10186,CD,1,D1_pwm150_grab2
10505,484,-2278,8726,CD,1,D1_pwm150_grab2
10509,418,650,10446,CD,1,D1_pwm150_grab2
10514,-1578,-1692,8654,CD,1,D1_pwm150_grab2
10520,1630,778,11890,CD,1,D1_pwm150_grab2
10524,360,-1632,8954,CD,1,D1_pwm150_grab2
10535,-486,-908,9996,CD,1,D1_pwm150_grab2
10539,-1000,18,11456,CD,1,D1_pwm150_grab2
10549,364,784,11392,CD,1,D1_pwm150_grab2
10555,800,618,10186,CD,1,D1_pwm150_grab2
10559,-1232,-1876,11352,CD,1,D1_pwm150_grab2
10565,1148,-1706,8496,CD,1,D1_pwm150_grab2
10569,1040,580,9382,CD,1,D1_pwm150_grab2
10574,4104,-656,10428,CD,1,D1_pwm150_grab2
10580,-822,-2866,9598,CD,1,D1_pwm150_grab2
10585,-256,-2252,9848,CD,1,D1_pwm150_grab2
10590,-600,-476,8500,CD,1,D1_pwm150_grab2
10595,2626,3820,12922,CD,1,D1_pwm150_grab2
10600,-348,-1364,9888,CD,1,D1_pwm150_grab2
10605,778,-1054,10172,CD,1,D1_pwm150_grab2
10609,2058,-624,8308,CD,1,D1_pwm150_grab2
10614,1360,-164,11624,CD,1,D1_pwm150_grab2
10619,-78,-1814,8360,CD,1,D1_pwm150_grab2
10630,-28,40,10200,CD,1,D1_pwm150_grab2
10635,-316,1742,11388,CD,1,D1_pwm150_grab2
10644,-794,-2426,10228,CD,1,D1_pwm150_grab2
10649,-480,-644,9626,CD,1,D1_pwm150_grab2
10654,-2964,-2400,10760,CD,1,D1_pwm150_grab2
10660,690,-1728,8884,CD,1,D1_pwm150_grab2
10665,810,1180,9778,CD,1,D1_pwm150_grab2
10670,464,1100,11960,CD,1,D1_pwm150_grab2
10675,-2664,-2632,7612,CD,1,D1_pwm150_grab2
10679,1070,-656,11232,CD,1,D1_pwm150_grab2
10685,-338,-1760,8080,CD,1,D1_pwm150_grab2
10690,-1422,3322,13288,CD,1,D1_pwm150_grab2
10694,-204,-1750,9640,CD,1,D1_pwm150_grab2
10699,1288,-488,10088,CD,1,D1_pwm150_grab2
10705,598,-1042,8606,CD,1,D1_pwm150_grab2
10710,1768,2578,12594,CD,1,D1_pwm150_grab2
10715,1204,-1102,9950,CD,1,D1_pwm150_grab2
10726,-36,442,10076,CD,1,D1_pwm150_grab2
10730,-644,1312,11602,CD,1,D1_pwm150_grab2
10741,966,2406,12270,CD,1,D1_pwm150_grab2
10745,1504,542,10384,CD,1,D1_pwm150_grab2
10755,2516,-716,8240,CD,1,D1_pwm150_grab2
10761,996,-872,8370,CD,1,D1_pwm150_grab2
10765,154,1176,12190,CD,1,D1_pwm150_grab2
10770,-2852,-3022,7196,CD,1,D1_pwm150_grab2
10775,-826,-1982,9706,CD,1,D1_pwm150_grab2
10781,348,486,9962,CD,1,D1_pwm150_grab2
10785,4240,2140,11030,CD,1,D1_pwm150_grab2
10791,66,-1930,9330,CD,1,D1_pwm150_grab2
10795,-588,-944,10822,CD,1,D1_pwm150_grab2
10805,1298,2790,12172,CD,1,D1_pwm150_grab2
10811,1486,406,10412,CD,1,D1_pwm150_grab2
10820,-40,650,10080,CD,1,D1_pwm150_grab2
10825,-812,542,11504,CD,1,D1_pwm150_grab2
10835,66,-726,11032,CD,1,D1_pwm150_grab2
10840,-882,-1882,9604,CD,1,D1_pwm150_grab2
10845,704,472,9980,CD,1,D1_pwm150_grab2
10851,3966,1334,10124,CD,1,D1_pwm150_grab2
10856,1122,38,8870,CD,1,D1_pwm150_grab2
10861,60,1054,12130,CD,1,D1_pwm150_grab2
10865,-2834,-3402,6946,CD,1,D1_pwm150_grab2
10871,244,-1780,10406,CD,1,D1_pwm150_grab2
10875,-978,-1020,7762,CD,1,D1_pwm150_grab2
10885,-140,648,9962,CD,1,D1_pwm150_grab2
10891,-952,218,11286,CD,1,D1_pwm150_grab2
10895,4130,32,7994,CD,1,D1_pwm150_grab2
10901,1470,2930,12254,CD,1,D1_pwm150_grab2
10906,1470,116,10400,CD,1,D1_pwm150_grab2
10915,32,-98,9844,CD,1,D1_pwm150_grab2
10920,66,1846,10888,CD,1,D1_pwm150_grab2
10926,26,952,11830,CD,1,D1_pwm150_grab2
10930,-2826,-3492,7082,CD,1,D1_pwm150_grab2
10936,-854,-1498,9528,CD,1,D1_pwm150_grab2
10940,982,612,10488,CD,1,D1_pwm150_grab2
10945,3796,722,9220,CD,1,D1_pwm150_grab2
10950,490,-2146,8684,CD,1,D1_pwm150_grab2
10955,486,958,10592,CD,1,D1_pwm150_grab2
10960,-1828,-1996,8374,CD,1,D1_pwm150_grab2
10967,1448,814,12118,CD,1,D1_pwm150_grab2
10971,240,-1668,8734,CD,1,D1_pwm150_grab2
10977,1834,3554,13154,CD,1,D1_pwm150_grab2
10982,-482,-1440,9792,CD,1,D1_pwm150_grab2
10986,82,-1108,10258,CD,1,D1_pwm150_grab2
10992,2766,-292,8192,CD,1,D1_pwm150_grab2
10996,1556,3060,12338,CD,1,D1_pwm150_grab2
11001,1404,-190,10308,CD,1,D1_pwm150_grab2
11012,960,-1578,8584,CD,1,D1_pwm150_grab2
11016,974,994,9690,CD,1,D1_pwm150_grab2
11021,4316,-1108,9868,CD,1,D1_pwm150_grab2
11026,-910,-2596,9988,CD,1,D1_pwm150_grab2
11031,-740,-1136,9398,CD,1,D1_pwm150_grab2
11036,1064,462,11070,CD,1,D1_pwm150_grab2
11041,3320,-156,8502,CD,1,D1_pwm150_grab2
11046,768,-1828,8424,CD,1,D1_pwm150_grab2
11052,710,-864,10274,CD,1,D1_pwm150_grab2
11056,1818,-454,8614,CD,1,D1_pwm150_grab2
11061,1168,30,11706,CD,1,D1_pwm150_grab2
11067,-112,-1754,8280,CD,1,D1_pwm150_grab2
11071,-2212,3626,13480,CD,1,D1_pwm150_grab2
11076,-414,642,10306,CD,1,D1_pwm150_grab2
11082,-724,-710,11032,CD,1,D1_pwm150_grab2
11092,716,1444,11740,CD,1,D1_pwm150_grab2
11097,-516,-794,9442,CD,1,D1_pwm150_grab2
11101,-3340,-2902,10634,CD,1,D1_pwm150_grab2
11106,462,-1744,8924,CD,1,D1_pwm150_grab2
11111,758,1390,10078,CD,1,D1_pwm150_grab2
11117,468,-2,12318,CD,1,D1_pwm150_grab2
11121,-2156,-3578,7884,CD,1,D1_pwm150_grab2
11126,-514,-2334,9654,CD,1,D1_pwm150_grab2
11132,248,212,9640,CD,1,D1_pwm150_grab2
11136,-900,3856,13374,CD,1,D1_pwm150_grab2
11141,-24,-1948,9514,CD,1,D1_pwm150_grab2
11146,1134,-180,10256,CD,1,D1_pwm150_grab2
11152,200,-910,8932,CD,1,D1_pwm150_grab2
11157,1700,2518,12362,CD,1,D1_pwm150_grab2
11162,1068,-902,9934,CD,1,D1_pwm150_grab2
11172,-82,930,10160,CD,1,D1_pwm150_grab2
11176,-692,1058,11720,CD,1,D1_pwm150_grab2
11187,-170,-1238,10770,CD,1,D1_pwm150_grab2
11191,-164,-176,9648,CD,1,D1_pwm150_grab2
11197,500,-366,11474,CD,1,D1_pwm150_grab2
11201,2354,-1150,8036,CD,1,D1_pwm150_grab2
11206,952,-796,8250,CD,1,D1_pwm150_grab2
11211,-46,1408,12270,CD,1,D1_pwm150_grab2
11222,-684,-2010,9546,CD,1,D1_pwm150_grab2
11227,564,684,10082,CD,1,D1_pwm150_grab2
11237,296,-2086,9104,CD,1,D1_pwm150_grab2
11243,816,350,10462,CD,1,D1_pwm150_grab2
11248,-942,-1520,8890,CD,1,D1_pwm150_grab2
11253,1618,1752,12270,CD,1,D1_pwm150_grab2
11258,680,-1366,9286,CD,1,D1_pwm150_grab2
11262,1034,4018,13306,CD,1,D1_pwm150_grab2
11268,-206,1108,10222,CD,1,D1_pwm150_grab2
11272,-922,432,11588,CD,1,D1_pwm150_grab2
11283,340,-94,10934,CD,1,D1_pwm150_grab2
11288,372,320,9948,CD,1,D1_pwm150_grab2
11292,-282,-1276,11632,CD,1,D1_pwm150_grab2
11298,1650,-1592,8200,CD,1,D1_pwm150_grab2
11303,104,2024,11124,CD,1,D1_pwm150_grab2
11307,-100,1080,12200,CD,1,D1_pwm150_grab2
11313,-2644,-3276,7274,CD,1,D1_pwm150_grab2
11318,-152,-2244,10014,CD,1,D1_pwm150_grab2
11322,-802,-916,7810,CD,1,D1_pwm150_grab2
11327,1860,3860,12984,CD,1,D1_pwm150_grab2
11333,-370,-1004,10012,CD,1,D1_pwm150_grab2
11338,308,-1164,10098,CD,1,D1_pwm150_grab2
11343,-2120,-2150,8244,CD,1,D1_pwm150_grab2
11347,1398,688,12006,CD,1,D1_pwm150_grab2
11353,1472,-142,10360,CD,1,D1_pwm150_grab2
11362,-90,-340,9930,CD,1,D1_pwm150_grab2
11367,-350,2002,11128,CD,1,D1_pwm150_grab2
11377,-926,-2682,10196,CD,1,D1_pwm150_grab2
11383,882,700,10334,CD,1,D1_pwm150_grab2
11387,-2188,-2168,11050,CD,1,D1_pwm150_grab2
11393,3244,284,8550,CD,1,D1_pwm150_grab2
11398,800,-1762,8524,CD,1,D1_pwm150_grab2
11402,434,1048,11258,CD,1,D1_pwm150_grab2
11407,-2578,-2424,7626,CD,1,D1_pwm150_grab2
11413,1274,-98,11826,CD,1,D1_pwm150_grab2
11418,-156,-1830,8202,CD,1,D1_pwm150_grab2
11422,3118,3376,12364,CD,1,D1_pwm150_grab2
11428,-174,-1534,9624,CD,1,D1_pwm150_grab2
11432,1012,-556,10072,CD,1,D1_pwm150_grab2
11442,824,1584,11728,CD,1,D1_pwm150_grab2
11447,1206,674,10514,CD,1,D1_pwm150_grab2
11452,-3208,-2546,10780,CD,1,D1_pwm150_grab2
11457,432,-1794,8732,CD,1,D1_pwm150_grab2
11462,-644,1592,11438,CD,1,D1_pwm150_grab2
11472,-536,-2032,10738,CD,1,D1_pwm150_grab2
11479,-312,-608,9408,CD,1,D1_pwm150_grab2
11483,522,16,11420,CD,1,D1_pwm150_grab2
11489,2614,-500,8254,CD,1,D1_pwm150_grab2
11493,946,-1218,8402,CD,1,D1_pwm150_grab2
11498,264,1108,11736,CD,1,D1_pwm150_grab2
11503,-1914,-3254,8342,CD,1,D1_pwm150_grab2
11508,-736,-2444,9492,CD,1,D1_pwm150_grab2
11513,298,156,9646,CD,1,D1_pwm150_grab2
11518,3974,2646,11584,CD,1,D1_pwm150_grab2
11523,-562,270,10468,CD,1,D1_pwm150_grab2
11528,-548,-920,10964,CD,1,D1_pwm150_grab2
11538,1106,2120,12066,CD,1,D1_pwm150_grab2
11543,1058,-916,9734,CD,1,D1_pwm150_grab2
11554,-38,610,10014,CD,1,D1_pwm150_grab2
11558,-800,1074,11554,CD,1,D1_pwm150_grab2
11563,1642,-700,12094,CD,1,D1_pwm150_grab2
11569,-1766,-3170,8670,CD,1,D1_pwm150_grab2
11574,-608,-2282,9418,CD,1,D1_pwm150_grab2
11578,422,382,9972,CD,1,D1_pwm150_grab2
11584,2034,-1052,8112,CD,1,D1_pwm150_grab2
11589,984,-526,8710,CD,1,D1_pwm150_grab2
11593,42,978,11718,CD,1,D1_pwm150_grab2
11598,-2880,-2956,6994,CD,1,D1_pwm150_grab2
11603,652,-1314,10870,CD,1,D1_pwm150_grab2
11608,866,-994,9474,CD,1,D1_pwm150_grab2
11618,-128,870,10060,CD,1,D1_pwm150_grab2
11623,-966,720,11662,CD,1,D1_pwm150_grab2
11628,4656,150,8166,CD,1,D1_pwm150_grab2
11634,1288,2512,12170,CD,1,D1_pwm150_grab2
11638,1478,360,10606,CD,1,D1_pwm150_grab2
11648,1782,-1236,8258,CD,1,D1_pwm150_grab2
11653,1014,-200,8680,CD,1,D1_pwm150_grab2
11659,58,880,11972,CD,1,D1_pwm150_grab2
11663,-2778,-2998,7208,CD,1,D1_pwm150_grab2
11668,-694,-1990,9292,CD,1,D1_pwm150_grab2
11673,600,480,10200,CD,1,D1_pwm150_grab2
11678,4216,1332,10038,CD,1,D1_pwm150_grab2
11683,330,-2064,8900,CD,1,D1_pwm150_grab2
11688,662,808,10720,CD,1,D1_pwm150_grab2
11694,4176,90,8012,CD,1,D1_pwm150_grab2
11699,1314,2502,12188,CD,1,D1_pwm150_grab2
11704,1584,208,10470,CD,1,D1_pwm150_grab2
11714,-170,974,10124,CD,1,D1_pwm150_grab2
11718,-1018,308,11530,CD,1,D1_pwm150_grab2
11729,396,-364,11128,CD,1,D1_pwm150_grab2
11734,316,122,9814,CD,1,D1_pwm150_grab2
11739,-210,-1472,11540,CD,1,D1_pwm150_grab2
11744,1520,-1450,8342,CD,1,D1_pwm150_grab2
11750,268,1914,11034,CD,1,D1_pwm150_grab2
11755,3180,-1114,11172,CD,1,D1_pwm150_grab2
11759,-1368,-2900,9472,CD,1,D1_pwm150_grab2
11764,-686,-1844,9314,CD,1,D1_pwm150_grab2
11770,748,610,10488,CD,1,D1_pwm150_grab2
11774,4064,970,9500,CD,1,D1_pwm150_grab2
11779,-408,-976,10164,CD,1,D1_pwm150_grab2
11785,-70,-1126,10198,CD,1,D1_pwm150_grab2
11790,-1496,-1982,8540,CD,1,D1_pwm150_grab2
11795,1390,1292,12128,CD,1,D1_pwm150_grab2
11800,340,-1294,8858,CD,1,D1_pwm150_grab2
11804,-4176,1988,12744,CD,1,D1_pwm150_grab2
11810,-238,1134,10176,CD,1,D1_pwm150_grab2
11814,-994,46,11512,CD,1,D1_pwm150_grab2
11820,3566,-1128,10816,CD,1,D1_pwm150_grab2
11825,-1298,-2912,9928,CD,1,D1_pwm150_grab2
11830,592,304,10006,CD,1,D1_pwm150_grab2
11835,-952,-1748,11546,CD,1,D1_pwm150_grab2
11840,1192,-1790,8358,CD,1,D1_pwm150_grab2
11844,852,592,9072,CD,1,D1_pwm150_grab2
11849,6,924,12224,CD,1,D1_pwm150_grab2
11854,-2614,-3148,7636,CD,1,D1_pwm150_grab2
11860,-36,-2100,10134,CD,1,D1_pwm150_grab2
11864,196,-1536,8770,CD,1,D1_pwm150_grab2
11869,1914,3972,12906,CD,1,D1_pwm150_grab2
11874,-302,-1150,10110,CD,1,D1_pwm150_grab2
11879,382,-1166,10026,CD,1,D1_pwm150_grab2
11885,2608,-292,8166,CD,1,D1_pwm150_grab2
11889,1544,2870,12398,CD,1,D1_pwm150_grab2
11895,1470,-144,10398,CD,1,D1_pwm150_grab2
11905,1170,-2018,8384,CD,1,D1_pwm150_grab2
11910,-268,2026,11274,CD,1,D1_pwm150_grab2
11914,4336,-1064,10006,CD,1,D1_pwm150_grab2
11920,-1074,-2642,10402,CD,1,D1_pwm150_grab2
11924,-566,-1292,9252,CD,1,D1_pwm150_grab2
11929,764,514,11296,CD,1,D1_pwm150_grab2
11935,3538,312,8604,CD,1,D1_pwm150_grab2
11940,772,-1888,8506,CD,1,D1_pwm150_grab2
11945,580,1036,11464,CD,1,D1_pwm150_grab2
11949,-2402,-2286,7830,CD,1,D1_pwm150_grab2
11954,1312,350,11890,CD,1,D1_pwm150_grab2
11959,-52,-1678,8410,CD,1,D1_pwm150_grab2
11964,-2462,3056,13358,CD,1,D1_pwm150_grab2
11969,-418,966,10510,CD,1,D1_pwm150_grab2
11974,-732,-532,11292,CD,1,D1_pwm150_grab2
11984,842,1226,11474,CD,1,D1_pwm150_grab2
11990,1322,-430,10258,CD,1,D1_pwm150_grab2
12001,-114,60,10012,CD,1,D1_pwm150_grab2
12005,-494,1642,11522,CD,1,D1_pwm150_grab2
12015,-666,-2138,10866,CD,1,D1_pwm150_grab2
12021,-280,-884,9430,CD,1,D1_pwm150_grab2
12025,516,216,11544,CD,1,D1_pwm150_grab2
12032,396,-1808,8996,CD,1,D1_pwm150_grab2
12035,864,-1458,8242,CD,1,D1_pwm150_grab2
12041,462,1206,12012,CD,1,D1_pwm150_grab2
12046,-2740,-2542,7332,CD,1,D1_pwm150_grab2
12050,994,-436,11418,CD,1,D1_pwm150_grab2
12055,-380,-1696,8126,CD,1,D1_pwm150_grab2
12061,-988,3612,13410,CD,1,D1_pwm150_grab2
12066,-498,678,10614,CD,1,D1_pwm150_grab2
12070,1236,-150,10032,CD,1,D1_pwm150_grab2
12080,1158,1988,11862,CD,1,D1_pwm150_grab2
12086,1242,420,10486,CD,1,D1_pwm150_grab2
12095,260,-1670,8950,CD,1,D1_pwm150_grab2
12101,524,1562,10352,CD,1,D1_pwm150_grab2
12105,1066,-374,12224,CD,1,D1_pwm150_grab2
12110,-356,-1544,11092,CD,1,D1_pwm150_grab2
12115,-54,-422,9604,CD,1,D1_pwm150_grab2
12120,372,218,9788,CD,1,D1_pwm150_grab2
12130,148,-1990,9250,CD,1,D1_pwm150_grab2
12136,962,54,10368,CD,1,D1_pwm150_grab2
12141,-166,-1430,8770,CD,1,D1_pwm150_grab2
12146,1644,2310,12230,CD,1,D1_pwm150_grab2
12151,-672,-1636,7994,CD,1,D1_pwm150_grab2
12155,-80,3710,13398,CD,1,D1_pwm150_grab2
12160,-148,878,10036,CD,1,D1_pwm150_grab2
12165,-916,1088,11712,CD,1,D1_pwm150_grab2
12175,-74,-1088,10962,CD,1,D1_pwm150_grab2
12180,54,-174,9644,CD,1,D1_pwm150_grab2
12185,154,-318,11686,CD,1,D1_pwm150_grab2
12190,134,-1376,9110,CD,1,D1_pwm150_grab2
12196,334,1826,10816,CD,1,D1_pwm150_grab2
12200,2122,-630,11806,CD,1,D1_pwm150_grab2
12206,-2750,-2846,7280,CD,1,D1_pwm150_grab2
12210,402,-1484,10624,CD,1,D1_pwm150_grab2
12216,-872,-1508,7778,CD,1,D1_pwm150_grab2
12220,596,3780,13126,CD,1,D1_pwm150_grab2
12225,-500,-230,10506,CD,1,D1_pwm150_grab2
12230,-192,-1168,10458,CD,1,D1_pwm150_grab2
12235,-932,-1752,8644,CD,1,D1_pwm150_grab2
12240,1572,1814,12298,CD,1,D1_pwm150_grab2
12246,678,-1242,9266,CD,1,D1_pwm150_grab2
12256,-262,954,10056,CD,1,D1_pwm150_grab2
12261,-1092,626,11648,CD,1,D1_pwm150_grab2
12271,1362,2864,12198,CD,1,D1_pwm150_grab2
12276,1460,180,10516,CD,1,D1_pwm150_grab2
12288,42,-966,9524,CD,1,D1_pwm150_grab2
12292,1044,-56,8880,CD,1,D1_pwm150_grab2
12297,-56,818,11834,CD,1,D1_pwm150_grab2
12301,-2762,-2998,7468,CD,1,D1_pwm150_grab2
12307,206,-1870,10352,CD,1,D1_pwm150_grab2
12311,-990,-1284,7756,CD,1,D1_pwm150_grab2
12316,3886,1266,9602,CD,1,D1_pwm150_grab2
12321,592,-2080,8632,CD,1,D1_pwm150_grab2
12326,408,662,10586,CD,1,D1_pwm150_grab2
12331,3364,-276,8258,CD,1,D1_pwm150_grab2
12337,1408,2864,12294,CD,1,D1_pwm150_grab2
12342,1518,52,10530,CD,1,D1_pwm150_grab2
12351,-26,-736,9942,CD,1,D1_pwm150_grab2
12357,-1006,124,11552,CD,1,D1_pwm150_grab2
12367,536,222,11202,CD,1,D1_pwm150_grab2
12372,660,334,10156,CD,1,D1_pwm150_grab2
12377,906,548,10854,CD,1,D1_pwm150_grab2
12381,3914,722,8820,CD,1,D1_pwm150_grab2
12387,698,-1820,8672,CD,1,D1_pwm150_grab2
12392,544,914,11230,CD,1,D1_pwm150_grab2
12397,-2574,-2998,7744,CD,1,D1_pwm150_grab2
12402,-86,-2096,10066,CD,1,D1_pwm150_grab2
12406,-540,-998,8334,CD,1,D1_pwm150_grab2
12412,2478,3566,12708,CD,1,D1_pwm150_grab2
12417,-436,830,10196,CD,1,D1_pwm150_grab2
12421,-940,-226,11456,CD,1,D1_pwm150_grab2
12431,852,696,11228,CD,1,D1_pwm150_grab2
12437,1436,-122,10464,CD,1,D1_pwm150_grab2
12447,-14,-116,10168,CD,1,D1_pwm150_grab2
12452,-306,1734,11410,CD,1,D1_pwm150_grab2
12461,-2490,-3202,7598,CD,1,D1_pwm150_grab2
12466,-392,-2286,9872,CD,1,D1_pwm150_grab2
12471,-158,-626,8654,CD,1,D1_pwm150_grab2
12476,3506,-72,8290,CD,1,D1_pwm150_grab2
12481,850,-1574,8404,CD,1,D1_pwm150_grab2
12486,478,1224,11884,CD,1,D1_pwm150_grab2
12491,-2464,-2694,7616,CD,1,D1_pwm150_grab2
12497,1076,340,11856,CD,1,D1_pwm150_grab2
12502,-168,-1658,8370,CD,1,D1_pwm150_grab2
12507,-2140,3392,13318,CD,1,D1_pwm150_grab2
12513,-504,792,10402,CD,1,D1_pwm150_grab2
12517,1142,-664,10078,CD,1,D1_pwm150_grab2
12522,1222,-662,8700,CD,1,D1_pwm150_grab2
12528,1652,2852,12388,CD,1,D1_pwm150_grab2
12533,1352,-408,10328,CD,1,D1_pwm150_grab2
12542,-46,330,10240,CD,1,D1_pwm150_grab2
12547,588,1286,9748,CD,1,D1_pwm150_grab2
12553,372,-194,12328,CD,1,D1_pwm150_grab2
12557,-650,-2070,10974,CD,1,D1_pwm150_grab2
12562,-352,-1088,9132,CD,1,D1_pwm150_grab2
12568,668,136,11338,CD,1,D1_pwm150_grab2
12572,3098,-630,8024,CD,1,D1_pwm150_grab2
12577,886,-1216,8228,CD,1,D1_pwm150_grab2
12582,336,1408,12324,CD,1,D1_pwm150_grab2
12588,718,-942,8638,CD,1,D1_pwm150_grab2
12592,1596,2636,12186,CD,1,D1_pwm150_grab2
12597,-332,-1630,8156,CD,1,D1_pwm150_grab2
12602,-1070,3724,13440,CD,1,D1_pwm150_grab2
12608,-582,530,10416,CD,1,D1_pwm150_grab2
12612,-652,-832,11058,CD,1,D1_pwm150_grab2
12623,1258,1788,11746,CD,1,D1_pwm150_grab2
12627,1204,498,10436,CD,1,D1_pwm150_grab2
12632,364,-80,11342,CD,1,D1_pwm150_grab2
12637,286,-1530,8888,CD,1,D1_pwm150_grab2
12643,444,1592,10182,CD,1,D1_pwm150_grab2
12647,896,-532,12102,CD,1,D1_pwm150_grab2
12652,-1944,-3170,8224,CD,1,D1_pwm150_grab2
12658,-706,-2308,9554,CD,1,D1_pwm150_grab2
12662,410,118,9610,CD,1,D1_pwm150_grab2
12672,-476,356,10568,CD,2,D1_pwm150_grab2
12678,1062,134,10202,CD,2,D1_pwm150_grab2
12683,-60,-1126,8788,CD,2,D1_pwm150_grab2
12688,1612,2364,12238,CD,2,D1_pwm150_grab2
12693,1114,-780,9836,CD,2,D1_pwm150_grab2
12702,-136,742,10122,CD,2,D1_pwm150_grab2
12708,-792,1210,11670,CD,2,D1_pwm150_grab2
12717,-290,-1388,11036,CD,2,D1_pwm150_grab2
12722,80,-460,9376,CD,2,D1_pwm150_grab2
12728,136,-206,11566,CD,2,D1_pwm150_grab2
12732,2208,-1126,8112,CD,2,D1_pwm150_grab2
12737,942,-884,8516,CD,2,D1_pwm150_grab2
12742,-54,1386,11922,CD,2,D1_pwm150_grab2
12748,-2862,-2838,7222,CD,2,D1_pwm150_grab2
12752,526,-1164,10912,CD,2,D1_pwm150_grab2
12758,510,414,9872,CD,2,D1_pwm150_grab2
12768,294,-2164,9118,CD,2,D1_pwm150_grab2
12773,830,276,10148,CD,2,D1_pwm150_grab2
12778,-746,-1444,8754,CD,2,D1_pwm150_grab2
12784,1556,1978,12268,CD,2,D1_pwm150_grab2
12788,874,-1092,9418,CD,2,D1_pwm150_grab2
12800,-484,8,10436,CD,2,D1_pwm150_grab2
12804,-896,902,11662,CD,2,D1_pwm150_grab2
12813,-18,-786,11148,CD,2,D1_pwm150_grab2
12819,318,-70,9696,CD,2,D1_pwm150_grab2
12823,-150,-674,11756,CD,2,D1_pwm150_grab2
12829,1746,-1472,8130,CD,2,D1_pwm150_grab2
12834,960,-354,8888,CD,2,D1_pwm150_grab2
12838,2878,-908,11350,CD,2,D1_pwm150_grab2
12844,-2834,-3100,7272,CD,2,D1_pwm150_grab2
12849,274,-1710,10486,CD,2,D1_pwm150_grab2
12853,-976,-1344,7744,CD,2,D1_pwm150_grab2
12863,-414,-338,10476,CD,2,D1_pwm150_grab2
12868,4,-1196,10454,CD,2,D1_pwm150_grab2
12873,3692,-66,8132,CD,2,D1_pwm150_grab2
12879,1484,1386,12232,CD,2,D1_pwm150_grab2
12883,414,-1434,8974,CD,2,D1_pwm150_grab2
12893,-122,-1086,9502,CD,2,D1_pwm150_grab2
12898,-16,2134,11152,CD,2,D1_pwm150_grab2
12903,3656,-972,10854,CD,2,D1_pwm150_grab2
12908,-1160,-2848,9764,CD,2,D1_pwm150_grab2
12914,-690,-1776,9166,CD,2,D1_pwm150_grab2
12919,-1076,-1244,11702,CD,2,D1_pwm150_grab2
12923,1300,-1806,8394,CD,2,D1_pwm150_grab2
12928,630,-2164,8616,CD,2,D1_pwm150_grab2
12933,404,722,10980,CD,2,D1_pwm150_grab2
12939,-2014,-2214,8208,CD,2,D1_pwm150_grab2
12943,1348,984,12078,CD,2,D1_pwm150_grab2
12949,138,-1554,8490,CD,2,D1_pwm150_grab2
12959,-370,1096,10252,CD,2,D1_pwm150_grab2
12963,604,-1074,10256,CD,2,D1_pwm150_grab2
12969,2360,-480,8388,CD,2,D1_pwm150_grab2
12973,738,618,11316,CD,2,D1_pwm150_grab2
12978,894,552,10230,CD,2,D1_pwm150_grab2
12984,-2196,-1780,11378,CD,2,D1_pwm150_grab2
12989,894,-1904,8684,CD,2,D1_pwm150_grab2
12994,704,686,9182,CD,2,D1_pwm150_grab2
12998,90,258,12324,CD,2,D1_pwm150_grab2
13003,-790,-2368,10512,CD,2,D1_pwm150_grab2
13009,-564,-1438,9092,CD,2,D1_pwm150_grab2
13014,884,580,11216,CD,2,D1_pwm150_grab2
13019,3472,406,8706,CD,2,D1_pwm150_grab2
13024,804,-1804,8306,CD,2,D1_pwm150_grab2
13029,434,896,11756,CD,2,D1_pwm150_grab2
13034,-2572,-2716,7566,CD,2,D1_pwm150_grab2
13039,948,330,11898,CD,2,D1_pwm150_grab2
13044,50,-600,8984,CD,2,D1_pwm150_grab2
13049,3656,3534,12400,CD,2,D1_pwm150_grab2
13054,-148,-1192,10008,CD,2,D1_pwm150_grab2
13059,-798,-302,11340,CD,2,D1_pwm150_grab2
13070,1046,1196,11482,CD,2,D1_pwm150_grab2
13075,1122,666,10428,CD,2,D1_pwm150_grab2
13085,-102,98,9912,CD,2,D1_pwm150_grab2
13089,-602,1574,11656,CD,2,D1_pwm150_grab2
13100,-2148,-2966,8310,CD,2,D1_pwm150_grab2
13104,-422,-2330,9678,CD,2,D1_pwm150_grab2
13109,254,-346,9358,CD,2,D1_pwm150_grab2
13114,3688,3088,11922,CD,2,D1_pwm150_grab2
13119,18,-1632,9674,CD,2,D1_pwm150_grab2
13124,220,1142,12214,CD,2,D1_pwm150_grab2
13130,-2750,-2946,7188,CD,2,D1_pwm150_grab2
13134,536,-334,11562,CD,2,D1_pwm150_grab2
13139,-402,-1710,7956,CD,2,D1_pwm150_grab2
13150,-90,234,9928,CD,2,D1_pwm150_grab2
13154,-712,1346,11572,CD,2,D1_pwm150_grab2
13165,1306,1644,11702,CD,2,D1_pwm150_grab2
13169,1276,552,10458,CD,2,D1_pwm150_grab2
13179,250,-1460,9148,CD,2,D1_pwm150_grab2
13185,948,-988,8380,CD,2,D1_pwm150_grab2
13189,168,1262,12178,CD,2,D1_pwm150_grab2
13194,-2720,-2926,6920,CD,2,D1_pwm150_grab2
13200,716,-524,11408,CD,2,D1_pwm150_grab2
13204,332,66,9710,CD,2,D1_pwm150_grab2
13215,80,-1900,9378,CD,2,D1_pwm150_grab2
13220,1210,220,10126,CD,2,D1_pwm150_grab2
13224,-210,-1076,8870,CD,2,D1_pwm150_grab2
13234,1286,364,10538,CD,2,D1_pwm150_grab2
13244,-114,612,10096,CD,2,D1_pwm150_grab2
13249,-806,1070,11658,CD,2,D1_pwm150_grab2
13259,-262,-1312,11334,CD,2,D1_pwm150_grab2
13264,46,-584,9418,CD,2,D1_pwm150_grab2
13270,104,-154,11630,CD,2,D1_pwm150_grab2
13276,2294,-1244,8002,CD,2,D1_pwm150_grab2
13280,1008,-836,8414,CD,2,D1_pwm150_grab2
13286,1908,-854,11782,CD,2,D1_pwm150_grab2
13290,-1740,-3026,8870,CD,2,D1_pwm150_grab2
13295,-566,-2100,9450,CD,2,D1_pwm150_grab2
13300,568,286,9834,CD,2,D1_pwm150_grab2
13305,4058,2668,10762,CD,2,D1_pwm150_grab2
13310,234,-2008,9302,CD,2,D1_pwm150_grab2
13316,-242,-1078,10720,CD,2,D1_pwm150_grab2
13325,1558,1982,12338,CD,2,D1_pwm150_grab2
13330,830,-1050,9444,CD,2,D1_pwm150_grab2
13341,-314,748,10108,CD,2,D1_pwm150_grab2
13345,-864,900,11704,CD,2,D1_pwm150_grab2
13356,-1476,-3040,8984,CD,2,D1_pwm150_grab2
13360,-756,-2134,9262,CD,2,D1_pwm150_grab2
13365,-86,-444,11856,CD,2,D1_pwm150_grab2
13371,1960,-1552,8006,CD,2,D1_pwm150_grab2
13376,986,-542,8614,CD,2,D1_pwm150_grab2
13380,-46,1286,11954,CD,2,D1_pwm150_grab2
13385,-2786,-3058,7168,CD,2,D1_pwm150_grab2
13390,304,-1574,10664,CD,2,D1_pwm150_grab2
13395,-984,-1382,7732,CD,2,D1_pwm150_grab2
13401,-4634,562,12366,CD,2,D1_pwm150_grab2
13406,-376,-162,10456,CD,2,D1_pwm150_grab2
13411,-48,-1066,10566,CD,2,D1_pwm150_grab2
13415,3862,-102,7832,CD,2,D1_pwm150_grab2
13420,1480,2718,12144,CD,2,D1_pwm150_grab2
13426,1378,158,10548,CD,2,D1_pwm150_grab2
13435,-70,-1242,9342,CD,2,D1_pwm150_grab2
13441,922,-192,8806,CD,2,D1_pwm150_grab2
13446,3412,-948,11144,CD,2,D1_pwm150_grab2
13451,-1200,-2900,9546,CD,2,D1_pwm150_grab2
13455,-744,-1860,9104,CD,2,D1_pwm150_grab2
13460,930,598,10408,CD,2,D1_pwm150_grab2
13466,3886,1696,9860,CD,2,D1_pwm150_grab2
13470,630,-2098,8720,CD,2,D1_pwm150_grab2
13475,372,728,10598,CD,2,D1_pwm150_grab2
13481,-1808,-1860,8548,CD,2,D1_pwm150_grab2
13486,1528,2774,12246,CD,2,D1_pwm150_grab2
13490,308,-1430,8856,CD,2,D1_pwm150_grab2
13495,-3780,1468,12836,CD,2,D1_pwm150_grab2
13500,-378,1030,10164,CD,2,D1_pwm150_grab2
13505,-1022,230,11602,CD,2,D1_pwm150_grab2
13515,458,310,11360,CD,2,D1_pwm150_grab2
13520,708,282,10062,CD,2,D1_pwm150_grab2
13526,-1638,-1174,11632,CD,2,D1_pwm150_grab2
13531,-174,-812,9638,CD,2,D1_pwm150_grab2
13536,-352,2004,11326,CD,2,D1_pwm150_grab2
13541,4420,-990,10008,CD,2,D1_pwm150_grab2
13546,-894,-2570,10228,CD,2,D1_pwm150_grab2
13552,-682,-1626,8964,CD,2,D1_pwm150_grab2
13557,1060,634,10922,CD,2,D1_pwm150_grab2
13561,3534,934,9178,CD,2,D1_pwm150_grab2
13566,890,430,9276,CD,2,D1_pwm150_grab2
13572,216,874,11196,CD,2,D1_pwm150_grab2
13577,-2430,-2406,8078,CD,2,D1_pwm150_grab2
13581,1248,612,12098,CD,2,D1_pwm150_grab2
13586,-30,-1712,8422,CD,2,D1_pwm150_grab2
13591,-2554,2568,13170,CD,2,D1_pwm150_grab2
13597,-392,820,10230,CD,2,D1_pwm150_grab2
13602,-898,-158,11506,CD,2,D1_pwm150_grab2
13611,806,956,11602,CD,2,D1_pwm150_grab2
13617,1028,532,10310,CD,2,D1_pwm150_grab2
13622,-2954,-2034,11140,CD,2,D1_pwm150_grab2
13626,750,-1890,8772,CD,2,D1_pwm150_grab2
13632,794,912,9588,CD,2,D1_pwm150_grab2
13636,216,-102,12232,CD,2,D1_pwm150_grab2
13641,-2220,-3048,8114,CD,2,D1_pwm150_grab2
13646,-386,-2288,9798,CD,2,D1_pwm150_grab2
13652,858,374,11188,CD,2,D1_pwm150_grab2
13657,3670,3452,12368,CD,2,D1_pwm150_grab2
13662,-156,-1492,9862,CD,2,D1_pwm150_grab2
13667,1286,-458,10168,CD,2,D1_pwm150_grab2
13672,812,-862,8700,CD,2,D1_pwm150_grab2
13676,1682,2872,12370,CD,2,D1_pwm150_grab2
13681,1366,-470,10256,CD,2,D1_pwm150_grab2
13691,-484,622,10344,CD,2,D1_pwm150_grab2
13697,-658,1514,11730,CD,2,D1_pwm150_grab2
13706,-524,-1894,11066,CD,2,D1_pwm150_grab2
13711,-260,-988,9144,CD,2,D1_pwm150_grab2
13716,560,160,11338,CD,2,D1_pwm150_grab2
13722,2998,-488,8180,CD,2,D1_pwm150_grab2
13726,1000,-1158,8268,CD,2,D1_pwm150_grab2
13731,902,-630,12104,CD,2,D1_pwm150_grab2
13737,-1974,-2992,8600,CD,2,D1_pwm150_grab2
13741,702,-492,11508,CD,2,D1_pwm150_grab2
13747,-578,-1734,8050,CD,2,D1_pwm150_grab2
13751,-458,3560,13382,CD,2,D1_pwm150_grab2
13756,-594,390,10462,CD,2,D1_pwm150_grab2
13762,-618,-740,11044,CD,2,D1_pwm150_grab2
13771,1568,2494,12480,CD,2,D1_pwm150_grab2
13776,1146,-780,9852,CD,2,D1_pwm150_grab2
13788,-164,544,10102,CD,2,D1_pwm150_grab2
13792,-790,1164,11776,CD,2,D1_pwm150_grab2
13803,-218,-1356,11286,CD,2,D1_pwm150_grab2
13807,-60,-632,9328,CD,2,D1_pwm150_grab2
13818,92,-1562,9140,CD,2,D1_pwm150_grab2
13822,418,1692,10442,CD,2,D1_pwm150_grab2
13828,-22,1136,12156,CD,2,D1_pwm150_grab2
13832,-2826,-3120,6898,CD,2,D1_pwm150_grab2
13837,396,-952,11068,CD,2,D1_pwm150_grab2
13842,-858,-1554,7852,CD,2,D1_pwm150_grab2
13852,186,-1916,9368,CD,2,D1_pwm150_grab2
13857,1068,302,10222,CD,2,D1_pwm150_grab2
13862,-744,-1558,8876,CD,2,D1_pwm150_grab2
13867,1482,2312,11868,CD,2,D1_pwm150_grab2
13873,1410,370,10486,CD,2,D1_pwm150_grab2
13882,24,-1330,9078,CD,2,D1_pwm150_grab2
13887,150,1724,10554,CD,2,D1_pwm150_grab2
13898,-36,-1028,11310,CD,2,D1_pwm150_grab2
13902,12,-532,9494,CD,2,D1_pwm150_grab2
13907,178,-468,11536,CD,2,D1_pwm150_grab2
13918,318,-1954,9134,CD,2,D1_pwm150_grab2
13922,756,482,10264,CD,2,D1_pwm150_grab2
13928,-816,-1684,8770,CD,2,D1_pwm150_grab2
13932,322,-1224,10882,CD,2,D1_pwm150_grab2
13937,-910,-1538,7768,CD,2,D1_pwm150_grab2
13943,620,3712,13376,CD,2,D1_pwm150_grab2
13948,-556,-110,10364,CD,2,D1_pwm150_grab2
13952,-972,892,11594,CD,2,D1_pwm150_grab2
13963,-58,-860,11392,CD,2,D1_pwm150_grab2
13967,242,-342,9484,CD,2,D1_pwm150_grab2
13978,58,-1156,9122,CD,2,D1_pwm150_grab2
13982,100,1686,10664,CD,2,D1_pwm150_grab2
13987,2410,-1234,11516,CD,2,D1_pwm150_grab2
13992,-1558,-2850,9120,CD,2,D1_pwm150_grab2
13997,370,-1268,10896,CD,2,D1_pwm150_grab2
14002,-930,-1440,7856,CD,2,D1_pwm150_grab2
14008,758,3802,13334,CD,2,D1_pwm150_grab2
14012,320,-1958,9112,CD,2,D1_pwm150_grab2
14017,810,494,10284,CD,2,D1_pwm150_grab2
14023,-896,-1388,8954,CD,2,D1_pwm150_grab2
14028,1486,1904,12292,CD,2,D1_pwm150_grab2
14033,844,-930,9526,CD,2,D1_pwm150_grab2
14043,-218,640,10082,CD,2,D1_pwm150_grab2
14048,-988,788,11540,CD,2,D1_pwm150_grab2
14059,1504,2398,11930,CD,2,D1_pwm150_grab2
14064,1434,198,10466,CD,2,D1_pwm150_grab2
14074,64,-1282,9058,CD,2,D1_pwm150_grab2
14080,204,1844,10656,CD,2,D1_pwm150_grab2
14084,-132,1588,11958,CD,2,D1_pwm150_grab2
14088,-2784,-3020,7300,CD,2,D1_pwm150_grab2
14093,-764,-1974,9430,CD,2,D1_pwm150_grab2
14099,614,444,9846,CD,2,D1_pwm150_grab2
14109,244,-1952,9194,CD,2,D1_pwm150_grab2
14113,998,236,10196,CD,2,D1_pwm150_grab2
14118,-550,-890,9036,CD,2,D1_pwm150_grab2
14123,1334,2404,12462,CD,2,D1_pwm150_grab2
14129,1524,148,10536,CD,2,D1_pwm150_grab2
14138,-218,534,9988,CD,2,D1_pwm150_grab2
14144,-930,1152,11606,CD,2,D1_pwm150_grab2
14154,-378,-1144,10992,CD,2,D1_pwm150_grab2
14158,84,-198,9404,CD,2,D1_pwm150_grab2
14163,288,-42,11434,CD,2,D1_pwm150_grab2
14169,4248,2916,11398,CD,2,D1_pwm150_grab2
14174,164,-1744,9448,CD,2,D1_pwm150_grab2
14179,-92,1478,11864,CD,2,D1_pwm150_grab2
14183,-2792,-2712,7476,CD,2,D1_pwm150_grab2
14188,564,-1192,10954,CD,2,D1_pwm150_grab2
14193,-630,-1636,7968,CD,2,D1_pwm150_grab2
14198,-90,3578,13264,CD,2,D1_pwm150_grab2
14203,-514,390,10632,CD,2,D1_pwm150_grab2
14208,-874,1158,11848,CD,2,D1_pwm150_grab2
14219,1236,2318,12372,CD,2,D1_pwm150_grab2
14224,1494,250,10530,CD,2,D1_pwm150_grab2
14234,84,-1772,8922,CD,2,D1_pwm150_grab2
14238,466,1626,10386,CD,2,D1_pwm150_grab2
14243,1740,-418,12306,CD,2,D1_pwm150_grab2
14248,-1736,-3356,8440,CD,2,D1_pwm150_grab2
14254,420,-1376,10818,CD,2,D1_pwm150_grab2
14259,618,452,9836,CD,2,D1_pwm150_grab2
14263,4270,2702,11282,CD,2,D1_pwm150_grab2
14268,268,-1912,9258,CD,2,D1_pwm150_grab2
14274,916,202,10480,CD,2,D1_pwm150_grab2
14278,-758,-1186,9110,CD,2,D1_pwm150_grab2
14283,1634,2032,12196,CD,2,D1_pwm150_grab2
14289,872,-1140,9492,CD,2,D1_pwm150_grab2
14300,-484,130,10594,CD,2,D1_pwm150_grab2
14304,-262,-1072,10784,CD,2,D1_pwm150_grab2
14310,4640,-128,7628,CD,2,D1_pwm150_grab2
14314,1336,2574,12430,CD,2,D1_pwm150_grab2
14319,1536,170,10584,CD,2,D1_pwm150_grab2
14329,-12,-1566,9106,CD,2,D1_pwm150_grab2
14334,292,1848,10698,CD,2,D1_pwm150_grab2
14339,2638,-704,11886,CD,2,D1_pwm150_grab2
14345,-1476,-3200,8958,CD,2,D1_pwm150_grab2
14350,-674,-1954,9282,CD,2,D1_pwm150_grab2
14354,856,562,10092,CD,2,D1_pwm150_grab2
14360,4234,2146,10516,CD,2,D1_pwm150_grab2
14365,466,-2000,9042,CD,2,D1_pwm150_grab2
14369,562,446,10518,CD,2,D1_pwm150_grab2
14374,-1434,-1730,8868,CD,2,D1_pwm150_grab2
14379,1474,1594,12230,CD,2,D1_pwm150_grab2
14385,518,-1326,9086,CD,2,D1_pwm150_grab2
14395,-382,816,10054,CD,2,D1_pwm150_grab2
14399,-1080,620,11778,CD,2,D1_pwm150_grab2
14410,420,-84,11234,CD,2,D1_pwm150_grab2
14415,458,214,9850,CD,2,D1_pwm150_grab2
14425,1382,-1452,8326,CD,2,D1_pwm150_grab2
14430,938,54,8822,CD,2,D1_pwm150_grab2
14434,-98,920,12094,CD,2,D1_pwm150_grab2
14439,-2596,-3136,7408,CD,2,D1_pwm150_grab2
14445,-32,-2032,10346,CD,2,D1_pwm150_grab2
14449,-686,-1108,7990,CD,2,D1_pwm150_grab2
14454,1986,3812,12958,CD,2,D1_pwm150_grab2
14459,632,-1938,8746,CD,2,D1_pwm150_grab2
14464,296,-996,10248,CD,2,D1_pwm150_grab2
14469,2808,-194,7954,CD,2,D1_pwm150_grab2
14474,1542,2858,12310,CD,2,D1_pwm150_grab2
14480,1534,-38,10408,CD,2,D1_pwm150_grab2
14489,-134,-744,9778,CD,2,D1_pwm150_grab2
14494,-240,1928,11066,CD,2,D1_pwm150_grab2
14505,688,560,11406,CD,2,D1_pwm150_grab2
14510,-588,-1484,9002,CD,2,D1_pwm150_grab2
14515,972,500,10956,CD,2,D1_pwm150_grab2
14519,3544,626,8764,CD,2,D1_pwm150_grab2
14524,686,-1872,8670,CD,2,D1_pwm150_grab2
14529,628,906,11088,CD,2,D1_pwm150_grab2
14535,-2416,-2350,7958,CD,2,D1_pwm150_grab2
14539,-202,-2218,10054,CD,2,D1_pwm150_grab2
14544,-290,-858,8558,CD,2,D1_pwm150_grab2
14550,2556,3588,12604,CD,2,D1_pwm150_grab2
14555,-188,-1152,9972,CD,2,D1_pwm150_grab2
14560,798,-770,10170,CD,2,D1_pwm150_grab2
14565,1752,-626,8184,CD,2,D1_pwm150_grab2
14570,1584,2968,12356,CD,2,D1_pwm150_grab2
14576,1414,-200,10340,CD,2,D1_pwm150_grab2
14581,-2310,2946,13108,CD,2,D1_pwm150_grab2
14585,-418,740,10250,CD,2,D1_pwm150_grab2
14592,-936,-274,11480,CD,2,D1_pwm150_grab2
14600,-820,-2216,10750,CD,2,D1_pwm150_grab2
14606,-420,-1212,8992,CD,2,D1_pwm150_grab2
14610,756,332,11150,CD,2,D1_pwm150_grab2
14616,3204,-58,8380,CD,2,D1_pwm150_grab2
14620,728,1140,9502,CD,2,D1_pwm150_grab2
14626,290,-116,12308,CD,2,D1_pwm150_grab2
14630,-2204,-3182,7902,CD,2,D1_pwm150_grab2
14636,1084,114,11946,CD,2,D1_pwm150_grab2
14640,-210,-1756,8376,CD,2,D1_pwm150_grab2
14651,-462,558,10472,CD,2,D1_pwm150_grab2
14655,-740,-520,11382,CD,2,D1_pwm150_grab2
14661,838,-754,8472,CD,2,D1_pwm150_grab2
14671,1324,-342,10214,CD,2,D1_pwm150_grab2
14680,496,-1748,8726,CD,2,D1_pwm150_grab2
14686,698,1176,9902,CD,2,D1_pwm150_grab2
14691,550,-290,12568,CD,2,D1_pwm150_grab2
14701,-200,-870,9132,CD,2,D1_pwm150_grab2
14705,494,-20,11230,CD,2,D1_pwm150_grab2
14710,2802,-508,8166,CD,2,D1_pwm150_grab2
14716,946,-1230,8386,CD,2,D1_pwm150_grab2
14721,1016,-90,10400,CD,2,D1_pwm150_grab2
14726,340,-1044,8746,CD,2,D1_pwm150_grab2
14735,1252,-528,10036,CD,2,D1_pwm150_grab2
14746,-510,290,10466,CD,2,D1_pwm150_grab2
14751,-592,-736,11146,CD,2,D1_pwm150_grab2
14760,1306,1916,11986,CD,2,D1_pwm150_grab2
14765,-224,-718,9174,CD,2,D1_pwm150_grab2
14770,484,-182,11238,CD,2,D1_pwm150_grab2
14775,2428,-806,8246,CD,2,D1_pwm150_grab2
14780,992,-976,8420,CD,2,D1_pwm150_grab2
14785,1340,-738,12226,CD,2,D1_pwm150_grab2
14791,-1792,-3214,8318,CD,2,D1_pwm150_grab2
14795,-660,-2266,9442,CD,2,D1_pwm150_grab2
14800,492,158,9630,CD,2,D1_pwm150_grab2
14811,112,-1936,9252,CD,2,D1_pwm150_grab2
14817,910,376,10420,CD,2,D1_pwm150_grab2
14821,-238,-1270,8948,CD,2,D1_pwm150_grab2
14827,602,-808,11322,CD,2,D1_pwm150_grab2
14831,-750,-1530,8092,CD,2,D1_pwm150_grab2
14842,-494,26,10488,CD,2,D1_pwm150_grab2
14846,-426,-930,10876,CD,2,D1_pwm150_grab2
14857,-182,-1070,11180,CD,2,D1_pwm150_grab2
14861,-54,-452,9354,CD,2,D1_pwm150_grab2
14871,156,-1308,9098,CD,2,D1_pwm150_grab2
14876,422,1672,10632,CD,2,D1_pwm150_grab2
14881,1836,-950,12012,CD,2,D1_pwm150_grab2
14886,-1688,-3170,8548,CD,2,D1_pwm150_grab2
14891,372,-996,11090,CD,2,D1_pwm150_grab2
14897,-804,-1600,7876,CD,2,D1_pwm150_grab2
14906,176,-2050,9094,CD,2,D1_pwm150_grab2
14911,746,432,10390,CD,2,D1_pwm150_grab2
14917,-504,-1282,9012,CD,2,D1_pwm150_grab2
14927,912,-856,9706,CD,2,D1_pwm150_grab2
14936,122,-1350,9294,CD,2,D1_pwm150_grab2
14951,-124,-908,11174,CD,2,D1_pwm150_grab2
14957,72,-324,9422,CD,2,D1_pwm150_grab2
14962,240,-522,11378,CD,2,D1_pwm150_grab2
14966,2064,-1272,8052,CD,2,D1_pwm150_grab2
14971,976,-572,8660,CD,2,D1_pwm150_grab2
14977,924,394,10438,CD,2,D1_pwm150_grab2
14981,-752,-1132,9192,CD,2,D1_pwm150_grab2
14986,330,-1184,10910,CD,2,D1_pwm150_grab2
14992,-882,-1492,7890,CD,2,D1_pwm150_grab2
15001,-466,-218,10454,CD,2,D1_pwm150_grab2
15006,-284,-1102,10608,CD,2,D1_pwm150_grab2
15016,1400,2276,12288,CD,2,D1_pwm150_grab2
15021,68,-362,9462,CD,2,D1_pwm150_grab2
15032,36,-1364,9386,CD,2,D1_pwm150_grab2
15036,348,1926,10890,CD,2,D1_pwm150_grab2
15041,2506,-906,11856,CD,2,D1_pwm150_grab2
15046,-1676,-3330,8936,CD,2,D1_pwm150_grab2
15051,-640,-1980,9378,CD,2,D1_pwm150_grab2
15057,772,536,9972,CD,2,D1_pwm150_grab2
15068,940,-476,8662,CD,2,D1_pwm150_grab2
15072,-208,1594,12064,CD,2,D1_pwm150_grab2
15077,-2622,-2974,7380,CD,2,D1_pwm150_grab2
15082,250,-1336,10786,CD,2,D1_pwm150_grab2
15087,-962,-1402,7822,CD,2,D1_pwm150_grab2
15098,-384,-150,10546,CD,2,D1_pwm150_grab2
15104,-156,-1174,10494,CD,2,D1_pwm150_grab2
15112,1416,2512,12480,CD,2,D1_pwm150_grab2
15117,1610,82,10444,CD,2,D1_pwm150_grab2
15128,14,-1634,9298,CD,2,D1_pwm150_grab2
15133,246,1860,10880,CD,2,D1_pwm150_grab2
15137,2694,-650,11938,CD,2,D1_pwm150_grab2
15142,-1576,-3390,9004,CD,2,D1_pwm150_grab2
15148,-704,-1858,9402,CD,2,D1_pwm150_grab2
15152,732,564,10086,CD,2,D1_pwm150_grab2
15163,422,-1960,9184,CD,2,D1_pwm150_grab2
15167,780,358,10408,CD,2,D1_pwm150_grab2
15173,-1242,-1100,9142,CD,2,D1_pwm150_grab2
15177,1612,1666,12220,CD,2,D1_pwm150_grab2
15182,638,-1208,9382,CD,2,D1_pwm150_grab2
15188,858,3962,13132,CD,2,D1_pwm150_grab2
15192,-364,854,10140,CD,2,D1_pwm150_grab2
15197,-960,840,11718,CD,2,D1_pwm150_grab2
15208,-28,-402,10970,CD,2,D1_pwm150_grab2
15212,246,80,9676,CD,2,D1_pwm150_grab2
15217,90,-426,11632,CD,2,D1_pwm150_grab2
15222,2136,-1272,8068,CD,2,D1_pwm150_grab2
15227,244,1738,10806,CD,2,D1_pwm150_grab2
15232,-178,1430,12196,CD,2,D1_pwm150_grab2
15237,-2680,-3022,7466,CD,2,D1_pwm150_grab2
15242,8,-1876,10374,CD,2,D1_pwm150_grab2
15248,-1034,-1366,7648,CD,2,D1_pwm150_grab2
15253,942,3770,13052,CD,2,D1_pwm150_grab2
15257,-404,-42,10426,CD,2,D1_pwm150_grab2
15262,-278,-1068,10456,CD,2,D1_pwm150_grab2
15268,-1316,-1482,8902,CD,2,D1_pwm150_grab2
15273,1574,1614,12302,CD,2,D1_pwm150_grab2
15278,1602,190,10436,CD,2,D1_pwm150_grab2
15287,-76,-1236,9330,CD,2,D1_pwm150_grab2
15292,36,1860,10620,CD,2,D1_pwm150_grab2
15297,3114,-978,11388,CD,2,D1_pwm150_grab2
15302,-1434,-3060,9408,CD,2,D1_pwm150_grab2
15308,312,122,9796,CD,2,D1_pwm150_grab2
15312,-300,-854,11574,CD,2,D1_pwm150_grab2
15319,1872,-1440,8134,CD,2,D1_pwm150_grab2
15324,982,-206,8740,CD,2,D1_pwm150_grab2
15328,-164,1222,12198,CD,2,D1_pwm150_grab2
15333,-2682,-3308,7230,CD,2,D1_pwm150_grab2
15338,-104,-1994,10274,CD,2,D1_pwm150_grab2
15343,-950,-1222,7682,CD,2,D1_pwm150_grab2
15353,556,-1860,8966,CD,2,D1_pwm150_grab2
15360,668,672,10650,CD,2,D1_pwm150_grab2
15364,3506,-216,7550,CD,2,D1_pwm150_grab2
15368,1588,2856,12280,CD,2,D1_pwm150_grab2
15373,1572,58,10424,CD,2,D1_pwm150_grab2
15383,-70,-872,9628,CD,2,D1_pwm150_grab2
15388,-1050,262,11562,CD,2,D1_pwm150_grab2
15398,356,350,11208,CD,2,D1_pwm150_grab2
15403,-658,-1546,9138,CD,2,D1_pwm150_grab2
15409,1018,654,10558,CD,2,D1_pwm150_grab2
15413,3662,1218,9216,CD,2,D1_pwm150_grab2
15418,670,-1992,8878,CD,2,D1_pwm150_grab2
15423,474,870,10596,CD,2,D1_pwm150_grab2
15428,-2196,-1922,8416,CD,2,D1_pwm150_grab2
15434,-292,-2184,10078,CD,2,D1_pwm150_grab2
15439,-496,-956,8124,CD,2,D1_pwm150_grab2
15444,2112,3886,12928,CD,2,D1_pwm150_grab2
15448,-420,812,10244,CD,2,D1_pwm150_grab2
15454,-918,96,11546,CD,2,D1_pwm150_grab2
15463,402,634,11592,CD,2,D1_pwm150_grab2
15469,924,400,10282,CD,2,D1_pwm150_grab2
15478,-126,-552,9812,CD,2,D1_pwm150_grab2
15483,-398,1918,10974,CD,2,D1_pwm150_grab2
15488,84,620,12332,CD,2,D1_pwm150_grab2
15494,-2468,-3372,7398,CD,2,D1_pwm150_grab2
15499,-148,-2208,10002,CD,2,D1_pwm150_grab2
15504,-392,-818,8560,CD,2,D1_pwm150_grab2
15508,2640,3804,12924,CD,2,D1_pwm150_grab2
15514,780,-1858,8674,CD,2,D1_pwm150_grab2
15518,434,1076,10990,CD,2,D1_pwm150_grab2
15523,-2490,-2244,8028,CD,2,D1_pwm150_grab2
15529,1208,350,12056,CD,2,D1_pwm150_grab2
15533,1294,-306,10370,CD,2,D1_pwm150_grab2
15543,-72,-344,9836,CD,2,D1_pwm150_grab2
15548,-402,1768,11414,CD,2,D1_pwm150_grab2
15558,604,978,11792,CD,2,D1_pwm150_grab2
15564,1088,466,10428,CD,2,D1_pwm150_grab2
15568,-2508,-1958,11106,CD,2,D1_pwm150_grab2
15574,770,-1996,8362,CD,2,D1_pwm150_grab2
15579,904,814,9554,CD,2,D1_pwm150_grab2
15585,204,230,12462,CD,2,D1_pwm150_grab2
15589,-2328,-3382,7634,CD,2,D1_pwm150_grab2
15595,-460,-1016,9014,CD,2,D1_pwm150_grab2
15599,826,484,11124,CD,2,D1_pwm150_grab2
15605,3158,198,8504,CD,2,D1_pwm150_grab2
15610,886,-1666,8484,CD,2,D1_pwm150_grab2
15614,326,1220,11386,CD,2,D1_pwm150_grab2
15620,1194,-622,8728,CD,2,D1_pwm150_grab2
15624,1696,2948,12308,CD,2,D1_pwm150_grab2
15629,1234,-418,10248,CD,2,D1_pwm150_grab2
15634,-1770,3148,13362,CD,2,D1_pwm150_grab2
15639,-472,706,10456,CD,2,D1_pwm150_grab2
15645,-748,-416,11362,CD,2,D1_pwm150_grab2
15654,834,1430,11978,CD,2,D1_pwm150_grab2
15659,-472,-952,9048,CD,2,D1_pwm150_grab2
15664,824,334,11128,CD,2,D1_pwm150_grab2
15670,2874,-148,8540,CD,2,D1_pwm150_grab2
15674,796,1110,9794,CD,2,D1_pwm150_grab2
15680,530,-206,12478,CD,2,D1_pwm150_grab2
15684,-2146,-3398,7864,CD,2,D1_pwm150_grab2
15689,-422,-2308,9638,CD,2,D1_pwm150_grab2
15695,156,-224,9452,CD,2,D1_pwm150_grab2
15704,-484,578,10356,CD,2,D1_pwm150_grab2
15710,-666,-574,11216,CD,2,D1_pwm150_grab2
15714,576,-862,8902,CD,2,D1_pwm150_grab2
15720,1672,2714,12306,CD,2,D1_pwm150_grab2
15725,1192,-602,10106,CD,2,D1_pwm150_grab2
15734,-118,208,9930,CD,2,D1_pwm150_grab2
15739,-718,1368,11704,CD,2,D1_pwm150_grab2
15744,744,-434,12160,CD,2,D1_pwm150_grab2
15755,-298,-682,9174,CD,2,D1_pwm150_grab2
15760,584,116,11160,CD,2,D1_pwm150_grab2
15764,2582,-470,8344,CD,2,D1_pwm150_grab2
15769,1000,-1220,8218,CD,2,D1_pwm150_grab2
15774,122,1228,12092,CD,2,D1_pwm150_grab2
15780,-2714,-2804,7368,CD,2,D1_pwm150_grab2
15785,632,-706,11302,CD,2,D1_pwm150_grab2
15790,1214,-780,9944,CD,2,D1_pwm150_grab2
15799,-512,320,10430,CD,2,D1_pwm150_grab2
15804,-574,-776,10950,CD,2,D1_pwm150_grab2
15814,1204,2046,12146,CD,2,D1_pwm150_grab2
15819,1444,450,10442,CD,2,D1_pwm150_grab2
15831,254,-1668,8980,CD,2,D1_pwm150_grab2
15835,-860,1176,11794,CD,2,D1_pwm150_grab2
15846,-124,-1298,10964,CD,2,D1_pwm150_grab2
15850,-150,-480,9260,CD,2,D1_pwm150_grab2
15855,434,-148,11264,CD,2,D1_pwm150_grab2
15860,2260,-814,8184,CD,2,D1_pwm150_grab2
15866,984,-912,8328,CD,2,D1_pwm150_grab2
15872,-88,1212,12144,CD,2,D1_pwm150_grab2
15876,-2708,-2978,7190,CD,2,D1_pwm150_grab2
15881,480,-1042,11068,CD,2,D1_pwm150_grab2
15885,-810,-1668,7900,CD,2,D1_pwm150_grab2
15895,-444,158,10440,CD,2,D1_pwm150_grab2
15900,-454,-882,10802,CD,2,D1_pwm150_grab2
15910,1228,2198,12204,CD,2,D1_pwm150_grab2
15915,1508,404,10522,CD,2,D1_pwm150_grab2
15925,118,-1556,9118,CD,2,D1_pwm150_grab2
15931,412,1686,10466,CD,2,D1_pwm150_grab2
15936,2018,-946,11882,CD,2,D1_pwm150_grab2
15940,-1700,-3090,8986,CD,2,D1_pwm150_grab2
15945,-628,-1978,9490,CD,2,D1_pwm150_grab2
15950,592,298,9882,CD,2,D1_pwm150_grab2
15955,2080,-1142,8108,CD,2,D1_pwm150_grab2
15960,196,-1968,9308,CD,2,D1_pwm150_grab2
15966,954,344,10244,CD,2,D1_pwm150_grab2
15970,-990,-1332,8996,CD,2,D1_pwm150_grab2
15975,1634,1950,12448,CD,2,D1_pwm150_grab2
15981,856,-1098,9582,CD,2,D1_pwm150_grab2
15991,-270,732,10152,CD,2,D1_pwm150_grab2
15995,-940,796,11706,CD,2,D1_pwm150_grab2
16005,-92,-672,11294,CD,2,D1_pwm150_grab2
16010,118,-288,9568,CD,2,D1_pwm150_grab2
16015,60,-716,11552,CD,2,D1_pwm150_grab2
16020,2054,-1388,8010,CD,2,D1_pwm150_grab2
16026,1100,-334,8666,CD,2,D1_pwm150_grab2
16030,-136,1222,12132,CD,2,D1_pwm150_grab2
16036,-2756,-3326,7012,CD,2,D1_pwm150_grab2
16041,-636,-1756,9358,CD,2,D1_pwm150_grab2
16045,-968,-1342,7750,CD,2,D1_pwm150_grab2
16055,-528,-340,10290,CD,2,D1_pwm150_grab2
16061,-234,-1110,10580,CD,2,D1_pwm150_grab2
16065,3896,86,7648,CD,2,D1_pwm150_grab2
16070,1566,2820,12108,CD,2,D1_pwm150_grab2
16076,1480,140,10420,CD,2,D1_pwm150_grab2
16086,-332,752,10196,CD,2,D1_pwm150_grab2
16091,-992,476,11602,CD,2,D1_pwm150_grab2
16101,184,-182,11336,CD,2,D1_pwm150_grab2
16106,362,-18,9852,CD,2,D1_pwm150_grab2
16112,-584,-1160,11546,CD,2,D1_pwm150_grab2
16116,1730,-1560,8124,CD,2,D1_pwm150_grab2
16122,-16,1874,10828,CD,2,D1_pwm150_grab2
16128,3604,-1240,11044,CD,2,D1_pwm150_grab2
16131,-2642,-3430,7126,CD,2,D1_pwm150_grab2
16137,-18,-1902,10362,CD,2,D1_pwm150_grab2
16141,-820,-1146,8016,CD,2,D1_pwm150_grab2
16146,1658,3696,13176,CD,2,D1_pwm150_grab2
16151,-498,-704,10156,CD,2,D1_pwm150_grab2
16157,-30,-1082,10406,CD,2,D1_pwm150_grab2
16162,-1958,-1888,8540,CD,2,D1_pwm150_grab2
16166,1510,1132,12322,CD,2,D1_pwm150_grab2
16172,1462,50,10424,CD,2,D1_pwm150_grab2
16181,-84,-524,9624,CD,2,D1_pwm150_grab2
16187,-282,1798,10964,CD,2,D1_pwm150_grab2
16191,3946,-1306,10438,CD,2,D1_pwm150_grab2
16196,-1120,-2740,9834,CD,2,D1_pwm150_grab2
16201,612,154,10094,CD,2,D1_pwm150_grab2
16206,-1206,-1572,11312,CD,2,D1_pwm150_grab2
16211,1338,-1660,8280,CD,2,D1_pwm150_grab2
16216,722,-1952,8650,CD,2,D1_pwm150_grab2
16222,326,1064,10750,CD,2,D1_pwm150_grab2
16226,-2092,-2082,8380,CD,2,D1_pwm150_grab2
16231,1340,780,12202,CD,2,D1_pwm150_grab2
16236,198,-1512,8760,CD,2,D1_pwm150_grab2
16246,-432,-974,10012,CD,2,D1_pwm150_grab2
16252,306,-990,10338,CD,2,D1_pwm150_grab2
16262,410,520,11566,CD,2,D1_pwm150_grab2
16266,840,352,10118,CD,2,D1_pwm150_grab2
16271,-1586,-1670,11292,CD,2,D1_pwm150_grab2
16276,1074,-1710,8368,CD,2,D1_pwm150_grab2
16282,-410,1764,11074,CD,2,D1_pwm150_grab2
16286,4288,-1422,9766,CD,2,D1_pwm150_grab2
16291,-992,-2556,10102,CD,2,D1_pwm150_grab2
16296,-778,-1454,8934,CD,2,D1_pwm150_grab2
16301,-452,-838,8472,CD,2,D1_pwm150_grab2
16307,2730,3672,12764,CD,2,D1_pwm150_grab2
16311,-328,-1034,10120,CD,2,D1_pwm150_grab2
16317,692,-918,10288,CD,2,D1_pwm150_grab2
16321,-2300,-2304,8226,CD,2,D1_pwm150_grab2
16326,1276,516,12100,CD,2,D1_pwm150_grab2
16331,40,-1542,8624,CD,2,D1_pwm150_grab2
16336,-2922,2698,13286,CD,2,D1_pwm150_grab2
16342,-408,668,10222,CD,2,D1_pwm150_grab2
16348,-902,-150,11448,CD,2,D1_pwm150_grab2
16358,488,778,11674,CD,2,D1_pwm150_grab2
16362,1388,-146,10382,CD,2,D1_pwm150_grab2
16372,-72,-224,9794,CD,2,D1_pwm150_grab2
16378,-520,1730,11196,CD,2,D1_pwm150_grab2
16387,-2436,-3330,7648,CD,2,D1_pwm150_grab2
16392,-206,-2190,10004,CD,2,D1_pwm150_grab2
16398,-366,-734,8670,CD,2,D1_pwm150_grab2
16403,3430,436,8834,CD,2,D1_pwm150_grab2
16407,786,-1796,8536,CD,2,D1_pwm150_grab2
16413,392,1316,11114,CD,2,D1_pwm150_grab2
16418,-2288,-2344,8124,CD,2,D1_pwm150_grab2
16422,1254,422,12028,CD,2,D1_pwm150_grab2
16427,1380,-266,10394,CD,2,D1_pwm150_grab2
16437,-92,-402,9894,CD,2,D1_pwm150_grab2
16442,-860,-222,11390,CD,2,D1_pwm150_grab2
16453,462,740,11586,CD,2,D1_pwm150_grab2
16457,922,316,10136,CD,2,D1_pwm150_grab2
16462,-1714,-1730,11252,CD,2,D1_pwm150_grab2
16467,1090,-1690,8470,CD,2,D1_pwm150_grab2
16472,678,-1784,8530,CD,2,D1_pwm150_grab2
16477,490,1250,11440,CD,2,D1_pwm150_grab2
16483,-2534,-3290,7672,CD,2,D1_pwm150_grab2
16488,-144,-2072,10000,CD,2,D1_pwm150_grab2
16493,-722,-784,8324,CD,2,D1_pwm150_grab2
16497,2420,3704,12736,CD,2,D1_pwm150_grab2
16502,-380,-930,10194,CD,2,D1_pwm150_grab2
16507,518,-960,10302,CD,2,D1_pwm150_grab2
16518,684,680,11492,CD,2,D1_pwm150_grab2
16522,1472,-150,10494,CD,2,D1_pwm150_grab2
16532,-34,-642,9804,CD,2,D1_pwm150_grab2
16538,-66,1944,11112,CD,2,D1_pwm150_grab2
16542,3836,-1552,10294,CD,2,D1_pwm150_grab2
16548,-1248,-2710,9966,CD,2,D1_pwm150_grab2
16552,-610,-1548,9042,CD,2,D1_pwm150_grab2
16557,-986,-982,7940,CD,2,D1_pwm150_grab2
16563,1542,3684,12742,CD,2,D1_pwm150_grab2
16568,554,-1924,8734,CD,2,D1_pwm150_grab2
16572,568,1174,11010,CD,2,D1_pwm150_grab2
16577,-1620,-1828,8638,CD,2,D1_pwm150_grab2
16582,1378,1090,12190,CD,2,D1_pwm150_grab2
16588,304,-1376,8822,CD,2,D1_pwm150_grab2
16592,-4168,1692,12834,CD,2,D1_pwm150_grab2
16599,-290,868,10196,CD,2,D1_pwm150_grab2
16603,78,-1100,10390,CD,2,D1_pwm150_grab2
16609,3456,212,8162,CD,2,D1_pwm150_grab2
16613,1570,2734,12226,CD,2,D1_pwm150_grab2
16618,1530,4,10544,CD,2,D1_pwm150_grab2
16623,-4986,-2206,10758,CD,2,D1_pwm150_grab2
16628,-6,-952,9524,CD,2,D1_pwm150_grab2
16633,160,1930,10988,CD,2,D1_pwm150_grab2
16640,3198,-1354,11174,CD,2,D1_pwm150_grab2
16644,-2598,-3188,7482,CD,2,D1_pwm150_grab2
16649,-596,-1734,9202,CD,2,D1_pwm150_grab2
16653,604,422,10234,CD,2,D1_pwm150_grab2
16659,4156,1506,9814,CD,2,D1_pwm150_grab2
16664,376,-1916,8950,CD,2,D1_pwm150_grab2
16668,742,850,10672,CD,2,D1_pwm150_grab2
16674,-1254,-1324,9068,CD,2,D1_pwm150_grab2
16678,1472,1612,12158,CD,2,D1_pwm150_grab2
16683,1602,136,10468,CD,2,D1_pwm150_grab2
16689,-4900,1088,12440,CD,2,D1_pwm150_grab2
16693,-196,816,10118,CD,2,D1_pwm150_grab2
16698,-1066,508,11656,CD,2,D1_pwm150_grab2
16709,108,-434,11176,CD,2,D1_pwm150_grab2
16714,240,-146,9614,CD,2,D1_pwm150_grab2
16718,-14,-878,11410,CD,2,D1_pwm150_grab2
16723,1816,-1366,8120,CD,2,D1_pwm150_grab2
16729,1038,-218,8674,CD,2,D1_pwm150_grab2
16733,-138,1418,12252,CD,2,D1_pwm150_grab2
16738,-2636,-3152,7352,CD,2,D1_pwm150_grab2
16744,222,-1596,10644,CD,2,D1_pwm150_grab2
16748,-956,-1296,7886,CD,2,D1_pwm150_grab2
16753,720,3844,13170,CD,2,D1_pwm150_grab2
16758,-456,-402,10404,CD,2,D1_pwm150_grab2
16763,-298,-1070,10372,CD,2,D1_pwm150_grab2
16774,1454,2358,12320,CD,2,D1_pwm150_grab2
16779,1576,82,10368,CD,2,D1_pwm150_grab2
16788,64,-1246,9338,CD,2,D1_pwm150_grab2
16793,344,1916,10676,CD,2,D1_pwm150_grab2
16798,2308,-794,11856,CD,2,D1_pwm150_grab2
16803,-1670,-3262,8980,CD,2,D1_pwm150_grab2
16808,116,-72,9536,CD,2,D1_pwm150_grab2
16813,440,506,10128,CD,2,D1_pwm150_grab2
16823,170,-2098,9286,CD,2,D1_pwm150_grab2
16829,1086,218,10294,CD,2,D1_pwm150_grab2
16833,-858,-884,9130,CD,2,D1_pwm150_grab2
16839,1712,1846,12344,CD,2,D1_pwm150_grab2
16843,968,-1212,9568,CD,2,D1_pwm150_grab2
16855,-412,260,10590,CD,2,D1_pwm150_grab2
16859,-306,-984,10548,CD,2,D1_pwm150_grab2
16870,1254,2320,12606,CD,2,D1_pwm150_grab2
16875,1446,178,10548,CD,2,D1_pwm150_grab2
16885,246,-1820,8908,CD,2,D1_pwm150_grab2
16890,-888,1184,11792,CD,2,D1_pwm150_grab2
16899,-1804,-3332,8820,CD,2,D1_pwm150_grab2
16905,-638,-1968,9582,CD,2,D1_pwm150_grab2
16909,246,232,9938,CD,2,D1_pwm150_grab2
16915,4068,2824,11128,CD,2,D1_pwm150_grab2
16920,22,-1642,9616,CD,2,D1_pwm150_grab2
16924,1418,-40,10200,CD,2,D1_pwm150_grab2
16930,-2722,-2658,7690,CD,2,D1_pwm150_grab2
16934,584,-1178,10894,CD,2,D1_pwm150_grab2
16940,1122,-1044,9834,CD,2,D1_pwm150_grab2
16949,-72,232,10050,CD,2,D1_pwm150_grab2
16955,-800,1224,11698,CD,2,D1_pwm150_grab2
16964,-480,-1418,11026,CD,2,D1_pwm150_grab2
16970,1432,310,10404,CD,2,D1_pwm150_grab2
16975,-4128,-2420,10824,CD,2,D1_pwm150_grab2
16979,368,-1720,8940,CD,2,D1_pwm150_grab2
16984,994,-968,8312,CD,2,D1_pwm150_grab2
16989,204,1390,12270,CD,2,D1_pwm150_grab2
16995,-2750,-2816,7566,CD,2,D1_pwm150_grab2
17000,662,-1028,11062,CD,2,D1_pwm150_grab2
17005,-638,-1658,8088,CD,2,D1_pwm150_grab2
17009,4156,2858,11432,CD,2,D1_pwm150_grab2
17014,-42,-1676,9640,CD,2,D1_pwm150_grab2
17019,1370,-4,10162,CD,2,D1_pwm150_grab2
17029,1316,2366,12166,CD,2,D1_pwm150_grab2
17034,1372,350,10368,CD,2,D1_pwm150_grab2
17039,-3984,-2560,10770,CD,2,D1_pwm150_grab2
17044,302,-1542,8816,CD,2,D1_pwm150_grab2
17050,-800,1170,11690,CD,2,D1_pwm150_grab2
17059,-504,-1382,11016,CD,2,D1_pwm150_grab2
17065,-210,-500,9376,CD,2,D1_pwm150_grab2
17069,372,230,9622,CD,2,D1_pwm150_grab2
17075,3932,2752,11404,CD,2,D1_pwm150_grab2
17079,76,-1728,9338,CD,2,D1_pwm150_grab2
17084,1068,144,10260,CD,2,D1_pwm150_grab2
17090,-2738,-2856,7474,CD,2,D1_pwm150_grab2
17094,584,-1108,10976,CD,2,D1_pwm150_grab2
17099,-656,-1610,7994,CD,2,D1_pwm150_grab2
17104,-284,3560,13462,CD,2,D1_pwm150_grab2
17110,-618,192,10486,CD,2,D1_pwm150_grab2
17115,-574,-866,11028,CD,2,D1_pwm150_grab2
17125,1390,2516,12196,CD,2,D1_pwm150_grab2
17131,1060,-1090,9778,CD,2,D1_pwm150_grab2
17140,-78,542,10146,CD,2,D1_pwm150_grab2
17145,-830,1018,11704,CD,2,D1_pwm150_grab2
17156,-1660,-3406,8262,CD,2,D1_pwm150_grab2
17161,-868,-2032,9582,CD,2,D1_pwm150_grab2
17166,444,334,9744,CD,2,D1_pwm150_grab2
17170,2522,-942,7962,CD,2,D1_pwm150_grab2
17176,1030,-696,8346,CD,2,D1_pwm150_grab2
17181,96,1434,12264,CD,2,D1_pwm150_grab2
17185,-2694,-2980,7392,CD,2,D1_pwm150_grab2
17191,442,-1258,10836,CD,2,D1_pwm150_grab2
17195,1064,-1118,9668,CD,2,D1_pwm150_grab2
17206,-136,512,10034,CD,2,D1_pwm150_grab2
17210,-508,-1028,10916,CD,2,D1_pwm150_grab2
17220,1396,2572,12204,CD,2,D1_pwm150_grab2
17225,1464,186,10344,CD,2,D1_pwm150_grab2
17236,196,-1368,8972,CD,2,D1_pwm150_grab2
17240,1044,-722,8574,CD,2,D1_pwm150_grab2
17245,-6,1480,11848,CD,2,D1_pwm150_grab2
17251,-2776,-2906,7396,CD,2,D1_pwm150_grab2
17256,-846,-2042,9520,CD,2,D1_pwm150_grab2
17260,430,360,9794,CD,2,D1_pwm150_grab2
17265,4022,2550,11080,CD,2,D1_pwm150_grab2
17270,184,-1938,9200,CD,2,D1_pwm150_grab2
17276,1074,346,10308,CD,2,D1_pwm150_grab2
17286,1222,2466,12390,CD,2,D1_pwm150_grab2
17291,1500,160,10450,CD,2,D1_pwm150_grab2
17300,-162,536,10046,CD,2,D1_pwm150_grab2
17305,-956,1048,11574,CD,2,D1_pwm150_grab2
17316,-442,-922,11122,CD,2,D1_pwm150_grab2
17321,62,-158,9548,CD,2,D1_pwm150_grab2
17326,312,360,9882,CD,2,D1_pwm150_grab2
17330,4180,2602,11188,CD,2,D1_pwm150_grab2
17335,810,-830,8748,CD,2,D1_pwm150_grab2
17341,32,1424,11976,CD,2,D1_pwm150_grab2
17346,-2774,-2870,7066,CD,2,D1_pwm150_grab2
17350,544,-1360,10836,CD,2,D1_pwm150_grab2
17355,-512,-1570,8050,CD,2,D1_pwm150_grab2
17360,-318,3588,13522,CD,2,D1_pwm150_grab2
17367,-470,164,10642,CD,2,D1_pwm150_grab2
17372,-392,-944,10836,CD,2,D1_pwm150_grab2
17377,-84,-1112,8650,CD,2,D1_pwm150_grab2
17381,1494,2018,12314,CD,2,D1_pwm150_grab2
17386,1118,-1094,9614,CD,2,D1_pwm150_grab2
17396,-238,488,10094,CD,2,D1_pwm150_grab2
17401,-832,1280,11562,CD,2,D1_pwm150_grab2
17411,-1954,-3426,8516,CD,2,D1_pwm150_grab2
17416,-30,-276,9566,CD,2,D1_pwm150_grab2
17421,182,-46,11270,CD,2,D1_pwm150_grab2
17426,2544,-676,8036,CD,2,D1_pwm150_grab2
17432,954,-1080,8442,CD,2,D1_pwm150_grab2
17436,104,1502,11926,CD,2,D1_pwm150_grab2
17441,-2738,-2800,7448,CD,2,D1_pwm150_grab2
17447,640,-1126,10962,CD,2,D1_pwm150_grab2
17451,1102,-962,9720,CD,2,D1_pwm150_grab2
17457,-786,3310,13454,CD,2,D1_pwm150_grab2
17461,-516,478,10764,CD,2,D1_pwm150_grab2
17467,-542,-748,11106,CD,2,D1_pwm150_grab2
17476,1132,2126,12286,CD,2,D1_pwm150_grab2
17481,1344,262,10570,CD,2,D1_pwm150_grab2
17491,426,-1960,8544,CD,3,D1_pwm150_grab2
17496,454,1306,10046,CD,3,D1_pwm150_grab2
17501,870,-416,12448,CD,3,D1_pwm150_grab2
17507,-2016,-3374,8084,CD,3,D1_pwm150_grab2
17512,-336,-2108,9366,CD,3,D1_pwm150_grab2
17516,162,156,9634,CD,3,D1_pwm150_grab2
17527,-48,-1500,9818,CD,3,D1_pwm150_grab2
17532,1186,-362,10422,CD,3,D1_pwm150_grab2
17536,688,-534,8894,CD,3,D1_pwm150_grab2
17542,1684,2490,12164,CD,3,D1_pwm150_grab2
17547,1116,-846,9932,CD,3,D1_pwm150_grab2
17556,-114,-74,9884,CD,3,D1_pwm150_grab2
17561,-724,1574,11676,CD,3,D1_pwm150_grab2
17572,-586,-1806,10658,CD,3,D1_pwm150_grab2
17576,1278,406,10498,CD,3,D1_pwm150_grab2
17581,680,360,11256,CD,3,D1_pwm150_grab2
17586,3074,102,8486,CD,3,D1_pwm150_grab2
17592,912,-1506,8206,CD,3,D1_pwm150_grab2
17596,412,1186,11598,CD,3,D1_pwm150_grab2
17601,-2638,-2544,7874,CD,3,D1_pwm150_grab2
17607,914,-402,11474,CD,3,D1_pwm150_grab2
17612,-230,-1842,8156,CD,3,D1_pwm150_grab2
17616,3328,3218,11962,CD,3,D1_pwm150_grab2
17623,-164,-1000,9962,CD,3,D1_pwm150_grab2
17628,880,-540,10434,CD,3,D1_pwm150_grab2
17632,1474,-312,8614,CD,3,D1_pwm150_grab2
17638,1622,2808,12298,CD,3,D1_pwm150_grab2
17643,1260,-560,10210,CD,3,D1_pwm150_grab2
17652,-74,-310,9896,CD,3,D1_pwm150_grab2
17657,-846,-226,11464,CD,3,D1_pwm150_grab2
17668,-768,-2242,10420,CD,3,D1_pwm150_grab2
17672,-534,-1006,8962,CD,3,D1_pwm150_grab2
17677,764,488,10920,CD,3,D1_pwm150_grab2
17682,3514,346,8480,CD,3,D1_pwm150_grab2
17687,764,-1494,8464,CD,3,D1_pwm150_grab2
17693,374,1192,11136,CD,3,D1_pwm150_grab2
17697,-2572,-3492,7546,CD,3,D1_pwm150_grab2
17702,-22,-2184,9814,CD,3,D1_pwm150_grab2
17708,30,-1710,8396,CD,3,D1_pwm150_grab2
17713,-3256,2516,13434,CD,3,D1_pwm150_grab2
17718,-388,550,10200,CD,3,D1_pwm150_grab2
17722,-998,-196,11528,CD,3,D1_pwm150_grab2
17732,586,956,11832,CD,3,D1_pwm150_grab2
17738,1354,-356,10418,CD,3,D1_pwm150_grab2
17748,-30,-508,9808,CD,3,D1_pwm150_grab2
17752,972,518,9282,CD,3,D1_pwm150_grab2
17757,168,636,11872,CD,3,D1_pwm150_grab2
17763,-2564,-3384,7624,CD,3,D1_pwm150_grab2
17768,18,-2046,10040,CD,3,D1_pwm150_grab2
17772,-940,-938,8032,CD,3,D1_pwm150_grab2
17778,3820,794,8718,CD,3,D1_pwm150_grab2
17782,642,-1716,8588,CD,3,D1_pwm150_grab2
17787,474,1136,10700,CD,3,D1_pwm150_grab2
17792,3238,188,8150,CD,3,D1_pwm150_grab2
17798,1552,2842,12276,CD,3,D1_pwm150_grab2
17803,1510,-274,10450,CD,3,D1_pwm150_grab2
17812,-8,-724,9928,CD,3,D1_pwm150_grab2
17818,-1150,128,11494,CD,3,D1_pwm150_grab2
17827,348,412,11882,CD,3,D1_pwm150_grab2
17833,544,192,10094,CD,3,D1_pwm150_grab2
17838,622,560,10182,CD,3,D1_pwm150_grab2
17842,4242,1188,9534,CD,3,D1_pwm150_grab2
17847,590,-1648,9220,CD,3,D1_pwm150_grab2
17852,800,1060,10868,CD,3,D1_pwm150_grab2
17858,-1024,-1368,8736,CD,3,D1_pwm150_grab2
17862,212,-1730,10368,CD,3,D1_pwm150_grab2
17867,-932,-1190,8116,CD,3,D1_pwm150_grab2
17873,598,3446,13020,CD,3,D1_pwm150_grab2
17878,-416,-418,10784,CD,3,D1_pwm150_grab2
17883,-82,-1202,10600,CD,3,D1_pwm150_grab2
17888,4362,240,7804,CD,3,D1_pwm150_grab2
17894,1560,2404,12198,CD,3,D1_pwm150_grab2
17898,928,-1014,9412,CD,3,D1_pwm150_grab2
17909,-526,474,10036,CD,3,D1_pwm150_grab2
17914,-910,642,10968,CD,3,D1_pwm150_grab2
17923,-2238,-3592,8538,CD,3,D1_pwm150_grab2
17929,-394,-1872,9728,CD,3,D1_pwm150_grab2
17934,-142,-94,10084,CD,3,D1_pwm150_grab2
17943,872,-794,9092,CD,3,D1_pwm150_grab2
17949,212,1530,12256,CD,3,D1_pwm150_grab2
17954,-2612,-1932,8276,CD,3,D1_pwm150_grab2
17958,630,-978,10226,CD,3,D1_pwm150_grab2
17963,1112,-726,10118,CD,3,D1_pwm150_grab2
17973,50,234,9914,CD,3,D1_pwm150_grab2
17978,-336,578,10530,CD,3,D1_pwm150_grab2
17988,720,1258,11992,CD,3,D1_pwm150_grab2
17994,816,-86,10412,CD,3,D1_pwm150_grab2
17999,-1008,-1870,10188,CD,3,D1_pwm150_grab2
18003,1904,374,9644,CD,3,D1_pwm150_grab2
18008,528,-484,9498,CD,3,D1_pwm150_grab2
18013,832,1456,11466,CD,3,D1_pwm150_grab2
18018,-1356,-1160,8548,CD,3,D1_pwm150_grab2
18023,128,-1784,9686,CD,3,D1_pwm150_grab2
18029,-730,-76,9554,CD,3,D1_pwm150_grab2
18034,576,1160,11760,CD,3,D1_pwm150_grab2
18039,-650,-1560,9804,CD,3,D1_pwm150_grab2
18044,-222,-464,10382,CD,3,D1_pwm150_grab2
18054,230,122,11366,CD,3,D1_pwm150_grab2
18058,344,66,10038,CD,3,D1_pwm150_grab2
18069,1032,658,9704,CD,3,D1_pwm150_grab2
18073,578,1106,10444,CD,3,D1_pwm150_grab2
18078,798,-688,11636,CD,3,D1_pwm150_grab2
18083,-2266,-3202,8652,CD,3,D1_pwm150_grab2
18088,-302,-1364,9894,CD,3,D1_pwm150_grab2
18094,-192,-372,9060,CD,3,D1_pwm150_grab2
18104,-140,-1320,9630,CD,3,D1_pwm150_grab2
18108,1168,702,11374,CD,3,D1_pwm150_grab2
18113,1522,-158,8970,CD,3,D1_pwm150_grab2
18119,1658,1884,11310,CD,3,D1_pwm150_grab2
18123,1332,-924,9546,CD,3,D1_pwm150_grab2
18135,144,654,10080,CD,3,D1_pwm150_grab2
18139,-436,640,10626,CD,3,D1_pwm150_grab2
18149,838,1788,11856,CD,3,D1_pwm150_grab2
18154,1110,76,10774,CD,3,D1_pwm150_grab2
18159,-968,-2390,10370,CD,3,D1_pwm150_grab2
18164,1634,-578,9032,CD,3,D1_pwm150_grab2
18170,928,1182,9938,CD,3,D1_pwm150_grab2
18176,186,818,12526,CD,3,D1_pwm150_grab2
18179,-1622,-1244,8694,CD,3,D1_pwm150_grab2
18185,-200,-2010,9504,CD,3,D1_pwm150_grab2
18189,-1096,-6,9178,CD,3,D1_pwm150_grab2
18194,1168,2196,12286,CD,3,D1_pwm150_grab2
18199,-614,-1438,9928,CD,3,D1_pwm150_grab2
18205,-18,-968,10214,CD,3,D1_pwm150_grab2
18210,3576,496,8476,CD,3,D1_pwm150_grab2
18215,1808,2882,12038,CD,3,D1_pwm150_grab2
18220,524,190,10654,CD,3,D1_pwm150_grab2
18229,510,192,9584,CD,3,D1_pwm150_grab2
18234,162,1624,10758,CD,3,D1_pwm150_grab2
18240,2664,-1390,11036,CD,3,D1_pwm150_grab2
18244,-1562,-3442,9216,CD,3,D1_pwm150_grab2
18250,-650,-1278,9482,CD,3,D1_pwm150_grab2
18255,130,212,10478,CD,3,D1_pwm150_grab2
18259,3636,616,9858,CD,3,D1_pwm150_grab2
18264,446,-1760,9254,CD,3,D1_pwm150_grab2
18269,730,860,10730,CD,3,D1_pwm150_grab2
18274,-636,-544,9168,CD,3,D1_pwm150_grab2
18279,1572,976,11184,CD,3,D1_pwm150_grab2
18284,1094,-1242,9048,CD,3,D1_pwm150_grab2
18295,-308,646,9880,CD,3,D1_pwm150_grab2
18299,-950,174,10848,CD,3,D1_pwm150_grab2
18310,-38,-340,11348,CD,3,D1_pwm150_grab2
18315,178,196,10164,CD,3,D1_pwm150_grab2
18319,8,-1452,10408,CD,3,D1_pwm150_grab2
18324,2070,-902,8778,CD,3,D1_pwm150_grab2
18330,964,34,9230,CD,3,D1_pwm150_grab2
18335,-124,1594,12328,CD,3,D1_pwm150_grab2
18340,-2842,-3054,7804,CD,3,D1_pwm150_grab2
18344,-594,-1540,9512,CD,3,D1_pwm150_grab2
18349,-636,-782,8858,CD,3,D1_pwm150_grab2
18355,138,3172,13154,CD,3,D1_pwm150_grab2
18359,-640,-736,10370,CD,3,D1_pwm150_grab2
18365,-256,-1102,10124,CD,3,D1_pwm150_grab2
18374,1394,2604,12582,CD,3,D1_pwm150_grab2
18380,1312,-280,10904,CD,3,D1_pwm150_grab2
18391,-216,744,9804,CD,3,D1_pwm150_grab2
18395,-954,342,10848,CD,3,D1_pwm150_grab2
18406,-110,-530,11294,CD,3,D1_pwm150_grab2
18410,224,168,9924,CD,3,D1_pwm150_grab2
18416,160,-1360,10606,CD,3,D1_pwm150_grab2
18420,2036,-942,8854,CD,3,D1_pwm150_grab2
18425,312,1474,10734,CD,3,D1_pwm150_grab2
18430,1708,-526,11920,CD,3,D1_pwm150_grab2
18435,-2810,-2854,7946,CD,3,D1_pwm150_grab2
18441,174,-1636,9986,CD,3,D1_pwm150_grab2
18445,-560,-818,8694,CD,3,D1_pwm150_grab2
18455,-576,-668,10358,CD,3,D1_pwm150_grab2
18460,-246,-1002,10276,CD,3,D1_pwm150_grab2
18465,-300,-310,8936,CD,3,D1_pwm150_grab2
18471,1652,1324,11438,CD,3,D1_pwm150_grab2
18476,1364,-260,10674,CD,3,D1_pwm150_grab2
18486,688,-6,9670,CD,3,D1_pwm150_grab2
18490,450,1404,10706,CD,3,D1_pwm150_grab2
18495,1232,-238,12122,CD,3,D1_pwm150_grab2
18500,-2006,-3576,8306,CD,3,D1_pwm150_grab2
18505,-410,-1624,9462,CD,3,D1_pwm150_grab2
18511,168,-1700,10642,CD,3,D1_pwm150_grab2
18515,2194,-502,9062,CD,3,D1_pwm150_grab2
18521,230,-1522,9412,CD,3,D1_pwm150_grab2
18526,1292,606,10820,CD,3,D1_pwm150_grab2
18531,218,-438,8972,CD,3,D1_pwm150_grab2
18536,1592,1432,11526,CD,3,D1_pwm150_grab2
18541,1016,-1216,9588,CD,3,D1_pwm150_grab2
18550,-760,-956,10158,CD,3,D1_pwm150_grab2
18555,-442,-934,10464,CD,3,D1_pwm150_grab2
18565,-244,-772,10972,CD,3,D1_pwm150_grab2
18570,24,220,9780,CD,3,D1_pwm150_grab2
18575,482,-1564,10648,CD,3,D1_pwm150_grab2
18581,2578,-588,8588,CD,3,D1_pwm150_grab2
18585,992,-92,8902,CD,3,D1_pwm150_grab2
18591,812,-250,12130,CD,3,D1_pwm150_grab2
18596,-2186,-3744,7900,CD,3,D1_pwm150_grab2
18601,-390,-1742,9480,CD,3,D1_pwm150_grab2
18606,-344,-854,8482,CD,3,D1_pwm150_grab2
18611,-634,3080,13454,CD,3,D1_pwm150_grab2
18616,-716,-858,9988,CD,3,D1_pwm150_grab2
18620,-614,-966,10342,CD,3,D1_pwm150_grab2
18630,1702,1644,11630,CD,3,D1_pwm150_grab2
18635,1058,-1230,9702,CD,3,D1_pwm150_grab2
18646,-60,690,9836,CD,3,D1_pwm150_grab2
18652,-694,422,11046,CD,3,D1_pwm150_grab2
18661,-312,-1000,10764,CD,3,D1_pwm150_grab2
18667,-40,72,9724,CD,3,D1_pwm150_grab2
18676,762,-308,9624,CD,3,D1_pwm150_grab2
18681,542,1604,10696,CD,3,D1_pwm150_grab2
18686,620,-124,12104,CD,3,D1_pwm150_grab2
18691,-2772,-2572,7832,CD,3,D1_pwm150_grab2
18697,264,-1292,10192,CD,3,D1_pwm150_grab2
18701,-240,-944,8546,CD,3,D1_pwm150_grab2
18711,44,-1730,9564,CD,3,D1_pwm150_grab2
18716,1256,306,10810,CD,3,D1_pwm150_grab2
18721,692,-220,9052,CD,3,D1_pwm150_grab2
18726,1726,1694,11556,CD,3,D1_pwm150_grab2
18732,1236,64,10640,CD,3,D1_pwm150_grab2
18742,788,-248,9558,CD,3,D1_pwm150_grab2
18746,442,1628,10398,CD,3,D1_pwm150_grab2
18756,-320,-1008,10876,CD,3,D1_pwm150_grab2
18761,102,68,9676,CD,3,D1_pwm150_grab2
18766,562,-1354,10732,CD,3,D1_pwm150_grab2
18771,2550,-674,8736,CD,3,D1_pwm150_grab2
18776,40,-1806,9584,CD,3,D1_pwm150_grab2
18781,1336,316,10610,CD,3,D1_pwm150_grab2
18786,566,-320,8996,CD,3,D1_pwm150_grab2
18791,338,-1462,10062,CD,3,D1_pwm150_grab2
18797,-164,-866,8514,CD,3,D1_pwm150_grab2
18807,-728,-510,10108,CD,3,D1_pwm150_grab2
18811,-558,-1084,10000,CD,3,D1_pwm150_grab2
18822,-522,-1174,11242,CD,3,D1_pwm150_grab2
18827,18,-28,10022,CD,3,D1_pwm150_grab2
18836,668,-468,9484,CD,3,D1_pwm150_grab2
18842,494,1588,10180,CD,3,D1_pwm150_grab2
18846,1054,-780,11566,CD,3,D1_pwm150_grab2
18852,-2498,-4088,8128,CD,3,D1_pwm150_grab2
18857,-716,-1866,9870,CD,3,D1_pwm150_grab2
18862,-452,-916,8884,CD,3,D1_pwm150_grab2
18872,74,-1846,9652,CD,3,D1_pwm150_grab2
18876,1212,376,10536,CD,3,D1_pwm150_grab2
18882,350,-170,9476,CD,3,D1_pwm150_grab2
18887,1752,1778,11814,CD,3,D1_pwm150_grab2
18892,1226,-1064,9560,CD,3,D1_pwm150_grab2
18903,-174,732,10024,CD,3,D1_pwm150_grab2
18907,-646,640,10974,CD,3,D1_pwm150_grab2
18918,1504,2542,11938,CD,3,D1_pwm150_grab2
18922,1506,256,10536,CD,3,D1_pwm150_grab2
18933,650,-812,9212,CD,3,D1_pwm150_grab2
18937,346,1566,10222,CD,3,D1_pwm150_grab2
18944,1286,-756,11734,CD,3,D1_pwm150_grab2
18948,-2598,-2744,7470,CD,3,D1_pwm150_grab2
18952,-772,-1872,9628,CD,3,D1_pwm150_grab2
18957,-48,268,10498,CD,3,D1_pwm150_grab2
18962,3696,1590,10980,CD,3,D1_pwm150_grab2
18968,148,-1758,9738,CD,3,D1_pwm150_grab2
18972,1140,398,10476,CD,3,D1_pwm150_grab2
18978,26,-228,9332,CD,3,D1_pwm150_grab2
18982,1706,1668,11930,CD,3,D1_pwm150_grab2
18988,1390,188,10392,CD,3,D1_pwm150_grab2
18998,-282,748,9944,CD,3,D1_pwm150_grab2
19002,-712,574,11010,CD,3,D1_pwm150_grab2
19012,-292,-1030,11360,CD,3,D1_pwm150_grab2
19018,96,-80,10044,CD,3,D1_pwm150_grab2
19023,188,-900,10588,CD,3,D1_pwm150_grab2
19027,2462,-1028,8456,CD,3,D1_pwm150_grab2
19032,1000,-434,8956,CD,3,D1_pwm150_grab2
19038,64,1648,12530,CD,3,D1_pwm150_grab2
19042,-2750,-2802,7692,CD,3,D1_pwm150_grab2
19047,250,-1576,9998,CD,3,D1_pwm150_grab2
19053,-634,-810,8826,CD,3,D1_pwm150_grab2
19057,100,3068,13056,CD,3,D1_pwm150_grab2
19062,-654,-414,10290,CD,3,D1_pwm150_grab2
19068,-340,-990,10274,CD,3,D1_pwm150_grab2
19077,1724,2718,12396,CD,3,D1_pwm150_grab2
19082,1258,-96,10690,CD,3,D1_pwm150_grab2
19093,454,-300,9374,CD,3,D1_pwm150_grab2
19097,226,1458,10736,CD,3,D1_pwm150_grab2
19102,2266,-592,11862,CD,3,D1_pwm150_grab2
19107,-1646,-3404,8568,CD,3,D1_pwm150_grab2
19112,398,326,10108,CD,3,D1_pwm150_grab2
19117,348,256,10678,CD,3,D1_pwm150_grab2
19123,3828,802,9790,CD,3,D1_pwm150_grab2
19128,466,-1682,9194,CD,3,D1_pwm150_grab2
19132,616,782,10622,CD,3,D1_pwm150_grab2
19137,-976,-856,8838,CD,3,D1_pwm150_grab2
19143,1524,808,11416,CD,3,D1_pwm150_grab2
19147,754,-1488,9022,CD,3,D1_pwm150_grab2
19158,-576,-964,10260,CD,3,D1_pwm150_grab2
19163,-254,-972,10270,CD,3,D1_pwm150_grab2
19168,4234,-210,7512,CD,3,D1_pwm150_grab2
19174,1790,2898,12358,CD,3,D1_pwm150_grab2
19178,1330,-358,10542,CD,3,D1_pwm150_grab2
19188,336,-22,9530,CD,3,D1_pwm150_grab2
19194,-880,-138,10828,CD,3,D1_pwm150_grab2
19203,-1416,-3140,9132,CD,3,D1_pwm150_grab2
19208,-538,-1024,9270,CD,3,D1_pwm150_grab2
19213,634,140,10790,CD,3,D1_pwm150_grab2
19218,3664,284,9098,CD,3,D1_pwm150_grab2
19224,718,-1596,9032,CD,3,D1_pwm150_grab2
19229,346,1136,10894,CD,3,D1_pwm150_grab2
19234,-1730,-1256,8640,CD,3,D1_pwm150_grab2
19239,-184,-2242,9764,CD,3,D1_pwm150_grab2
19243,426,-1518,8648,CD,3,D1_pwm150_grab2
19253,-542,290,9902,CD,3,D1_pwm150_grab2
19258,-948,-384,10732,CD,3,D1_pwm150_grab2
19268,550,1152,12076,CD,3,D1_pwm150_grab2
19274,832,500,10562,CD,3,D1_pwm150_grab2
19283,196,410,9854,CD,3,D1_pwm150_grab2
19288,908,938,9902,CD,3,D1_pwm150_grab2
19293,-98,1064,12238,CD,3,D1_pwm150_grab2
19299,-2582,-3706,7726,CD,3,D1_pwm150_grab2
19304,-354,-2232,9576,CD,3,D1_pwm150_grab2
19309,-436,-28,9528,CD,3,D1_pwm150_grab2
19313,2652,2490,12186,CD,3,D1_pwm150_grab2
19318,854,-1356,8762,CD,3,D1_pwm150_grab2
19324,306,1452,11646,CD,3,D1_pwm150_grab2
19328,1982,-284,8032,CD,3,D1_pwm150_grab2
19334,1818,2510,12452,CD,3,D1_pwm150_grab2
19338,1226,-1010,10234,CD,3,D1_pwm150_grab2
19349,60,556,9992,CD,3,D1_pwm150_grab2
19354,-350,1336,11080,CD,3,D1_pwm150_grab2
19364,794,1642,12468,CD,3,D1_pwm150_grab2
19369,872,266,11004,CD,3,D1_pwm150_grab2
19374,698,-370,10820,CD,3,D1_pwm150_grab2
19379,3164,-576,8618,CD,3,D1_pwm150_grab2
19384,826,-1154,8966,CD,3,D1_pwm150_grab2
19388,282,1496,12236,CD,3,D1_pwm150_grab2
19393,-2212,-2096,8004,CD,3,D1_pwm150_grab2
19398,-514,-2090,9310,CD,3,D1_pwm150_grab2
19403,-406,72,9992,CD,3,D1_pwm150_grab2
19408,3066,2228,12210,CD,3,D1_pwm150_grab2
19415,-234,-1802,9944,CD,3,D1_pwm150_grab2
19419,1202,-216,10740,CD,3,D1_pwm150_grab2
19425,1558,-14,8932,CD,3,D1_pwm150_grab2
19429,1886,2584,12076,CD,3,D1_pwm150_grab2
19434,1220,-868,9984,CD,3,D1_pwm150_grab2
19440,-1990,3166,13546,CD,3,D1_pwm150_grab2
19445,-674,332,10422,CD,3,D1_pwm150_grab2
19449,-534,-696,10616,CD,3,D1_pwm150_grab2
19459,-808,-2090,10696,CD,3,D1_pwm150_grab2
19464,-214,-560,9652,CD,3,D1_pwm150_grab2
19469,862,112,11008,CD,3,D1_pwm150_grab2
19475,3188,-216,8566,CD,3,D1_pwm150_grab2
19480,708,1156,9628,CD,3,D1_pwm150_grab2
19484,424,-68,12108,CD,3,D1_pwm150_grab2
19495,-438,-1946,10032,CD,3,D1_pwm150_grab2
19499,-288,-1540,8210,CD,3,D1_pwm150_grab2
19510,-638,426,10756,CD,3,D1_pwm150_grab2
19514,-656,-622,10994,CD,3,D1_pwm150_grab2
19519,594,-426,8688,CD,3,D1_pwm150_grab2
19525,1772,2348,11920,CD,3,D1_pwm150_grab2
19530,1282,-1042,9926,CD,3,D1_pwm150_grab2
19540,-250,448,10140,CD,3,D1_pwm150_grab2
19545,412,1316,9574,CD,3,D1_pwm150_grab2
19549,858,-202,12212,CD,3,D1_pwm150_grab2
19560,-134,-344,9768,CD,3,D1_pwm150_grab2
19564,476,-306,10670,CD,3,D1_pwm150_grab2
19570,2958,-716,8628,CD,3,D1_pwm150_grab2
19574,930,-1050,8624,CD,3,D1_pwm150_grab2
19580,16,1456,12590,CD,3,D1_pwm150_grab2
19585,300,-670,8646,CD,3,D1_pwm150_grab2
19590,1652,2090,11930,CD,3,D1_pwm150_grab2
19595,1218,-922,9720,CD,3,D1_pwm150_grab2
19605,-694,184,10472,CD,3,D1_pwm150_grab2
19610,-546,-1002,10204,CD,3,D1_pwm150_grab2
19619,1668,2370,12198,CD,3,D1_pwm150_grab2
19625,1138,258,10696,CD,3,D1_pwm150_grab2
19630,198,-602,10732,CD,3,D1_pwm150_grab2
19634,2454,-836,8966,CD,3,D1_pwm150_grab2
19640,300,1480,10050,CD,3,D1_pwm150_grab2
19644,1376,-432,11902,CD,3,D1_pwm150_grab2
19654,-678,-1788,9718,CD,3,D1_pwm150_grab2
19659,-98,150,10202,CD,3,D1_pwm150_grab2
19664,3676,2042,11634,CD,3,D1_pwm150_grab2
19671,268,-1636,9732,CD,3,D1_pwm150_grab2
19675,988,224,10484,CD,3,D1_pwm150_grab2
19681,-2690,-2664,7796,CD,3,D1_pwm150_grab2
19685,188,-1428,10174,CD,3,D1_pwm150_grab2
19690,-592,-1106,8664,CD,3,D1_pwm150_grab2
19701,-708,16,10466,CD,3,D1_pwm150_grab2
19705,-414,-778,10052,CD,3,D1_pwm150_grab2
19716,-238,-972,10882,CD,3,D1_pwm150_grab2
19721,1202,140,10664,CD,3,D1_pwm150_grab2
19730,568,-754,8894,CD,3,D1_pwm150_grab2
19736,266,1374,10080,CD,3,D1_pwm150_grab2
19740,1764,-470,11706,CD,3,D1_pwm150_grab2
19745,-1984,-3564,8128,CD,3,D1_pwm150_grab2
19750,-662,-1622,9712,CD,3,D1_pwm150_grab2
19756,-570,-1080,8892,CD,3,D1_pwm150_grab2
19765,328,-1682,9654,CD,3,D1_pwm150_grab2
19771,784,296,10528,CD,3,D1_pwm150_grab2
19775,-358,-610,8800,CD,3,D1_pwm150_grab2
19780,1508,1404,11748,CD,3,D1_pwm150_grab2
19785,1056,-1132,9686,CD,3,D1_pwm150_grab2
19795,-408,478,9664,CD,3,D1_pwm150_grab2
19801,354,1448,10470,CD,3,D1_pwm150_grab2
19810,-150,-770,11168,CD,3,D1_pwm150_grab2
19816,242,-4,9888,CD,3,D1_pwm150_grab2
19820,-16,-960,10536,CD,3,D1_pwm150_grab2
19825,2142,-806,8916,CD,3,D1_pwm150_grab2
19831,884,-296,9444,CD,3,D1_pwm150_grab2
19835,-166,1646,12418,CD,3,D1_pwm150_grab2
19840,-292,-404,8716,CD,3,D1_pwm150_grab2
19846,246,-1618,9974,CD,3,D1_pwm150_grab2
19850,-524,-526,9242,CD,3,D1_pwm150_grab2
19856,112,2474,12910,CD,3,D1_pwm150_grab2
19861,-696,-862,10160,CD,3,D1_pwm150_grab2
19866,-382,-914,10182,CD,3,D1_pwm150_grab2
19875,1626,2438,12444,CD,3,D1_pwm150_grab2
19881,1196,-300,10614,CD,3,D1_pwm150_grab2
19891,622,18,9422,CD,3,D1_pwm150_grab2
19896,442,1348,10570,CD,3,D1_pwm150_grab2
19901,1934,-666,11854,CD,3,D1_pwm150_grab2
19906,-1998,-3348,8486,CD,3,D1_pwm150_grab2
19910,-290,-1368,9588,CD,3,D1_pwm150_grab2
19916,164,140,10578,CD,3,D1_pwm150_grab2
19926,968,158,9456,CD,3,D1_pwm150_grab2
19932,-62,1676,12328,CD,3,D1_pwm150_grab2
19936,-2862,-2980,7520,CD,3,D1_pwm150_grab2
19942,244,-1698,10120,CD,3,D1_pwm150_grab2
19946,-534,-580,8968,CD,3,D1_pwm150_grab2
19952,132,2866,13342,CD,3,D1_pwm150_grab2
19956,-736,-902,10200,CD,3,D1_pwm150_grab2
19961,-460,-1132,10226,CD,3,D1_pwm150_grab2
19966,-460,-1132,10226,CD,3,D1_pwm150_grab2
19971,1682,2488,12422,CD,3,D1_pwm150_grab2
19976,1160,-236,10610,CD,3,D1_pwm150_grab2
19986,614,-68,9356,CD,3,D1_pwm150_grab2
19992,428,1456,10626,CD,3,D1_pwm150_grab2
19996,1848,-940,11804,CD,3,D1_pwm150_grab2
20001,-2132,-3506,8314,CD,3,D1_pwm150_grab2
20007,250,86,9990,CD,3,D1_pwm150_grab2
20011,190,336,10752,CD,3,D1_pwm150_grab2
20022,180,-1786,9414,CD,3,D1_pwm150_grab2
20026,852,654,11080,CD,3,D1_pwm150_grab2
20032,100,-618,9054,CD,3,D1_pwm150_grab2
20036,1450,1264,11286,CD,3,D1_pwm150_grab2
20042,936,-1124,9572,CD,3,D1_pwm150_grab2
20052,-738,-626,10262,CD,3,D1_pwm150_grab2
20057,-756,342,10816,CD,3,D1_pwm150_grab2
20067,26,-604,11066,CD,3,D1_pwm150_grab2
20071,232,174,10018,CD,3,D1_pwm150_grab2
20077,266,-1448,10600,CD,3,D1_pwm150_grab2
20082,2176,-758,8972,CD,3,D1_pwm150_grab2
20086,424,1510,10614,CD,3,D1_pwm150_grab2
20092,1650,-974,11848,CD,3,D1_pwm150_grab2
20096,-2726,-3038,7462,CD,3,D1_pwm150_grab2
20102,212,-1702,10090,CD,3,D1_pwm150_grab2
20106,-436,-996,8978,CD,3,D1_pwm150_grab2
20116,-666,-606,10320,CD,3,D1_pwm150_grab2
20122,-502,-1152,10094,CD,3,D1_pwm150_grab2
20127,224,-370,9150,CD,3,D1_pwm150_grab2
20131,1504,1452,11384,CD,3,D1_pwm150_grab2
20137,978,-1180,9564,CD,3,D1_pwm150_grab2
20146,626,-438,9382,CD,3,D1_pwm150_grab2
20151,534,1592,10502,CD,3,D1_pwm150_grab2
20156,1278,-414,11920,CD,3,D1_pwm150_grab2
20161,-2192,-3614,8462,CD,3,D1_pwm150_grab2
20167,118,144,9978,CD,3,D1_pwm150_grab2
20171,302,-1150,10736,CD,3,D1_pwm150_grab2
20177,2342,-830,8700,CD,3,D1_pwm150_grab2
20182,902,-432,8960,CD,3,D1_pwm150_grab2
20187,-22,1686,12484,CD,3,D1_pwm150_grab2
20193,-2714,-2576,7808,CD,3,D1_pwm150_grab2
20198,250,-1534,10238,CD,3,D1_pwm150_grab2
20202,-300,-1030,8830,CD,3,D1_pwm150_grab2
20212,60,-1742,9572,CD,3,D1_pwm150_grab2
20217,1068,212,11022,CD,3,D1_pwm150_grab2
20222,364,-328,8840,CD,3,D1_pwm150_grab2
20228,1422,2364,12652,CD,3,D1_pwm150_grab2
20232,1242,-8,10594,CD,3,D1_pwm150_grab2
20242,658,-766,9158,CD,3,D1_pwm150_grab2
20248,-700,630,11048,CD,3,D1_pwm150_grab2
20257,-248,-1166,10650,CD,3,D1_pwm150_grab2
20262,56,44,9804,CD,3,D1_pwm150_grab2
20267,-60,170,10596,CD,3,D1_pwm150_grab2
20273,3884,1656,11152,CD,3,D1_pwm150_grab2
20278,-2,-1670,9820,CD,3,D1_pwm150_grab2
20283,1342,130,10846,CD,3,D1_pwm150_grab2
20287,-2686,-2382,7794,CD,3,D1_pwm150_grab2
20292,370,-1392,10456,CD,3,D1_pwm150_grab2
20298,-196,-1172,8822,CD,3,D1_pwm150_grab2
20303,-1260,3006,13468,CD,3,D1_pwm150_grab2
20308,-752,-242,10256,CD,3,D1_pwm150_grab2
20312,-586,712,10898,CD,3,D1_pwm150_grab2
20323,-578,-1364,10730,CD,3,D1_pwm150_grab2
20327,-12,-196,9748,CD,3,D1_pwm150_grab2
20332,-3248,-2158,10068,CD,3,D1_pwm150_grab2
20337,956,-698,9300,CD,3,D1_pwm150_grab2
20343,634,1374,10220,CD,3,D1_pwm150_grab2
20347,360,-60,12146,CD,3,D1_pwm150_grab2
20353,-2502,-2308,7756,CD,3,D1_pwm150_grab2
20357,428,-1180,10450,CD,3,D1_pwm150_grab2
20362,-230,-1172,8684,CD,3,D1_pwm150_grab2
20368,-1576,3050,13428,CD,3,D1_pwm150_grab2
20372,-84,-1612,9882,CD,3,D1_pwm150_grab2
20377,1258,-132,10680,CD,3,D1_pwm150_grab2
20383,1224,-266,8674,CD,3,D1_pwm150_grab2
20387,1660,2058,12130,CD,3,D1_pwm150_grab2
20392,1114,-1048,9868,CD,3,D1_pwm150_grab2
20398,-2684,-2286,9940,CD,3,D1_pwm150_grab2
20402,1202,-488,9268,CD,3,D1_pwm150_grab2
20407,606,1234,9942,CD,3,D1_pwm150_grab2
20417,-898,-1784,10626,CD,3,D1_pwm150_grab2
20423,-72,-374,9520,CD,3,D1_pwm150_grab2
20428,590,-666,10876,CD,3,D1_pwm150_grab2
20432,3198,-386,8394,CD,3,D1_pwm150_grab2
20438,814,-820,9024,CD,3,D1_pwm150_grab2
20444,506,1458,12120,CD,3,D1_pwm150_grab2
20449,-2204,-2028,7990,CD,3,D1_pwm150_grab2
20453,-218,-2032,9496,CD,3,D1_pwm150_grab2
20459,-692,8,9668,CD,3,D1_pwm150_grab2
20463,2528,1924,11566,CD,3,D1_pwm150_grab2
20469,-368,-1656,9948,CD,3,D1_pwm150_grab2
20473,636,-480,10372,CD,3,D1_pwm150_grab2
20480,2522,266,8452,CD,3,D1_pwm150_grab2
20484,1012,1498,11806,CD,3,D1_pwm150_grab2
20488,678,298,10794,CD,3,D1_pwm150_grab2
20499,276,280,10016,CD,3,D1_pwm150_grab2
20504,-6,1338,10900,CD,3,D1_pwm150_grab2
20514,-1606,-2778,9752,CD,3,D1_pwm150_grab2
20518,-184,-890,9300,CD,3,D1_pwm150_grab2
20524,-902,-148,8978,CD,3,D1_pwm150_grab2
20529,1326,2268,12222,CD,3,D1_pwm150_grab2
20533,540,-1272,9230,CD,3,D1_pwm150_grab2
20539,868,1296,11096,CD,3,D1_pwm150_grab2
20544,-770,-748,9078,CD,3,D1_pwm150_grab2
20549,1256,482,11140,CD,3,D1_pwm150_grab2
20553,690,-1268,9132,CD,3,D1_pwm150_grab2
20563,-290,330,9946,CD,3,D1_pwm150_grab2
20569,274,1586,10558,CD,3,D1_pwm150_grab2
20578,6,-330,10992,CD,3,D1_pwm150_grab2
20584,22,44,10122,CD,3,D1_pwm150_grab2
20588,268,-1246,10528,CD,3,D1_pwm150_grab2
20593,2496,-600,8734,CD,3,D1_pwm150_grab2
20599,804,-202,9172,CD,3,D1_pwm150_grab2
20604,252,1686,12610,CD,3,D1_pwm150_grab2
20609,944,26,9134,CD,3,D1_pwm150_grab2
20614,284,-1198,10278,CD,3,D1_pwm150_grab2
20619,-226,-1038,8748,CD,3,D1_pwm150_grab2
20623,-2072,2774,13236,CD,3,D1_pwm150_grab2
20628,-720,-322,10070,CD,3,D1_pwm150_grab2
20634,-728,-808,10510,CD,3,D1_pwm150_grab2
20643,964,1476,11986,CD,3,D1_pwm150_grab2
20648,862,150,10670,CD,3,D1_pwm150_grab2
20653,-642,-1958,10568,CD,3,D1_pwm150_grab2
20659,1730,-454,9270,CD,3,D1_pwm150_grab2
20663,834,902,9758,CD,3,D1_pwm150_grab2
20668,100,1296,12452,CD,3,D1_pwm150_grab2
20673,-2782,-3026,8436,CD,3,D1_pwm150_grab2
20679,64,-1952,9782,CD,3,D1_pwm150_grab2
20684,-620,-342,9386,CD,3,D1_pwm150_grab2
20689,274,1836,12054,CD,3,D1_pwm150_grab2
20694,168,-1172,9418,CD,3,D1_pwm150_grab2
20699,1220,1004,11156,CD,3,D1_pwm150_grab2
20704,180,-382,9014,CD,3,D1_pwm150_grab2
20709,1386,1154,11290,CD,3,D1_pwm150_grab2
20715,822,-1024,9416,CD,3,D1_pwm150_grab2
20724,-26,8,9944,CD,3,D1_pwm150_grab2
20730,-632,16,10658,CD,3,D1_pwm150_grab2
20739,-638,-1480,10580,CD,3,D1_pwm150_grab2
20744,-200,-546,9846,CD,3,D1_pwm150_grab2
20749,176,-1876,9932,CD,3,D1_pwm150_grab2
20755,2828,190,9146,CD,3,D1_pwm150_grab2
20759,642,60,9764,CD,3,D1_pwm150_grab2
20764,940,1452,11382,CD,3,D1_pwm150_grab2
20769,-1350,-1298,7990,CD,3,D1_pwm150_grab2
20774,84,-1762,9874,CD,3,D1_pwm150_grab2
20779,510,-876,9152,CD,3,D1_pwm150_grab2
20790,-430,-924,9642,CD,3,D1_pwm150_grab2
20794,-960,-590,10310,CD,3,D1_pwm150_grab2
20804,-150,-456,11260,CD,3,D1_pwm150_grab2
20810,30,-242,10000,CD,3,D1_pwm150_grab2
20815,-2032,-1572,10408,CD,3,D1_pwm150_grab2
20819,1304,406,9734,CD,3,D1_pwm150_grab2
20825,838,-14,9104,CD,3,D1_pwm150_grab2
20829,756,1732,11704,CD,3,D1_pwm150_grab2
20835,-2254,-2244,8100,CD,3,D1_pwm150_grab2
20839,904,-516,11078,CD,3,D1_pwm150_grab2
20845,0,-1156,8412,CD,3,D1_pwm150_grab2
20855,-602,-1608,9870,CD,3,D1_pwm150_grab2
20859,-294,-670,10564,CD,3,D1_pwm150_grab2
20869,128,554,11816,CD,3,D1_pwm150_grab2
20875,282,-110,10246,CD,3,D1_pwm150_grab2
20880,-136,-1776,10366,CD,3,D1_pwm150_grab2
20884,1962,-506,8516,CD,3,D1_pwm150_grab2
20890,854,296,9038,CD,3,D1_pwm150_grab2
20894,788,-1098,11602,CD,3,D1_pwm150_grab2
20900,-2240,-3398,8286,CD,3,D1_pwm150_grab2
20904,-294,-1416,10002,CD,3,D1_pwm150_grab2
20909,-412,-778,8482,CD,3,D1_pwm150_grab2
20919,-724,-652,10468,CD,3,D1_pwm150_grab2
20924,-802,-842,10738,CD,3,D1_pwm150_grab2
20934,878,1724,12368,CD,3,D1_pwm150_grab2
20940,1248,-1066,9848,CD,3,D1_pwm150_grab2
20950,184,272,10248,CD,3,D1_pwm150_grab2
20956,-2,1088,10694,CD,3,D1_pwm150_grab2
20960,3162,-1622,10918,CD,3,D1_pwm150_grab2
20965,-1546,-2662,9778,CD,3,D1_pwm150_grab2
20971,-304,-780,9610,CD,3,D1_pwm150_grab2
20975,-136,-2108,10402,CD,3,D1_pwm150_grab2
20981,1838,-550,8572,CD,3,D1_pwm150_grab2
20986,960,778,9024,CD,3,D1_pwm150_grab2
20990,264,1608,12382,CD,3,D1_pwm150_grab2
20995,-544,-792,8914,CD,3,D1_pwm150_grab2
21001,1464,972,12046,CD,3,D1_pwm150_grab2
21005,852,-1402,9270,CD,3,D1_pwm150_grab2
21015,116,482,10302,CD,3,D1_pwm150_grab2
21020,-796,-1088,10602,CD,3,D1_pwm150_grab2
21031,1138,2158,12414,CD,3,D1_pwm150_grab2
21036,-202,-264,9690,CD,3,D1_pwm150_grab2
21041,662,-770,10666,CD,3,D1_pwm150_grab2
21045,3136,-630,7744,CD,3,D1_pwm150_grab2
21051,696,-696,8844,CD,3,D1_pwm150_grab2
21056,938,1684,11640,CD,3,D1_pwm150_grab2
21060,-2416,-3522,8068,CD,3,D1_pwm150_grab2
21065,-250,-1872,10014,CD,3,D1_pwm150_grab2
21071,-920,74,8804,CD,3,D1_pwm150_grab2
21075,1678,2372,12044,CD,3,D1_pwm150_grab2
21081,-418,-6,10228,CD,3,D1_pwm150_grab2
21086,-1080,-574,10964,CD,3,D1_pwm150_grab2
21095,172,876,11486,CD,3,D1_pwm150_grab2
21100,1596,-826,10122,CD,3,D1_pwm150_grab2
21111,344,-76,10020,CD,3,D1_pwm150_grab2
21116,446,1538,10676,CD,3,D1_pwm150_grab2
21120,342,1554,12520,CD,3,D1_pwm150_grab2
21126,-2814,-3344,7352,CD,3,D1_pwm150_grab2
21131,184,-1794,10196,CD,3,D1_pwm150_grab2
21136,-538,-628,8482,CD,3,D1_pwm150_grab2
21141,4062,862,9836,CD,3,D1_pwm150_grab2
21146,-144,-1706,9402,CD,3,D1_pwm150_grab2
21150,1470,722,10808,CD,3,D1_pwm150_grab2
21156,622,-660,8924,CD,3,D1_pwm150_grab2
21160,1664,1546,12080,CD,3,D1_pwm150_grab2
21166,1258,-142,10246,CD,3,D1_pwm150_grab2
21171,-2942,-2210,10202,CD,3,D1_pwm150_grab2
21176,948,-94,9646,CD,3,D1_pwm150_grab2
21180,-400,628,10982,CD,3,D1_pwm150_grab2
21185,4490,-1604,8900,CD,3,D1_pwm150_grab2
21190,-880,-1448,10636,CD,3,D1_pwm150_grab2
21195,-300,-330,9628,CD,3,D1_pwm150_grab2
21200,908,-744,10432,CD,3,D1_pwm150_grab2
21206,3214,-422,7976,CD,3,D1_pwm150_grab2
21211,586,-840,8916,CD,3,D1_pwm150_grab2
21216,650,1696,11636,CD,3,D1_pwm150_grab2
21222,-2694,-3892,7404,CD,3,D1_pwm150_grab2
21226,-130,-1936,10092,CD,3,D1_pwm150_grab2
21232,-956,148,8796,CD,3,D1_pwm150_grab2
21236,1670,2294,12340,CD,3,D1_pwm150_grab2
21241,-704,-1826,9856,CD,3,D1_pwm150_grab2
21248,-222,-786,10562,CD,3,D1_pwm150_grab2
21256,306,926,11634,CD,3,D1_pwm150_grab2
21262,1550,-820,10188,CD,3,D1_pwm150_grab2
21271,448,366,10106,CD,3,D1_pwm150_grab2
21276,650,1678,10748,CD,3,D1_pwm150_grab2
21282,1816,-1042,11736,CD,3,D1_pwm150_grab2
21287,-1848,-3262,8578,CD,3,D1_pwm150_grab2
21292,298,-1728,10476,CD,3,D1_pwm150_grab2
21297,-696,-558,8624,CD,3,D1_pwm150_grab2
21301,3994,632,10086,CD,3,D1_pwm150_grab2
21306,-190,-1904,9148,CD,3,D1_pwm150_grab2
21311,1338,724,11010,CD,3,D1_pwm150_grab2
21317,442,-524,9042,CD,3,D1_pwm150_grab2
21321,1750,1502,11960,CD,3,D1_pwm150_grab2
21327,950,-1330,9650,CD,3,D1_pwm150_grab2
21337,816,-216,9664,CD,3,D1_pwm150_grab2
21342,-490,586,11128,CD,3,D1_pwm150_grab2
21352,-626,-1328,10510,CD,3,D1_pwm150_grab2
21356,-414,-230,9568,CD,3,D1_pwm150_grab2
21362,1022,-718,10474,CD,3,D1_pwm150_grab2
21366,2968,-714,8026,CD,3,D1_pwm150_grab2
21371,658,-974,8608,CD,3,D1_pwm150_grab2
21376,544,-456,10332,CD,3,D1_pwm150_grab2
21382,-2204,-2144,8274,CD,3,D1_pwm150_grab2
21387,1302,-380,11424,CD,3,D1_pwm150_grab2
21392,10,-1320,8578,CD,3,D1_pwm150_grab2
21402,-482,-8,9940,CD,3,D1_pwm150_grab2
21406,-1118,-786,10782,CD,3,D1_pwm150_grab2
21417,224,954,11798,CD,3,D1_pwm150_grab2
21422,388,208,10106,CD,3,D1_pwm150_grab2
21427,-86,-2302,10540,CD,3,D1_pwm150_grab2
21431,1712,-928,8470,CD,3,D1_pwm150_grab2
21437,998,806,9328,CD,3,D1_pwm150_grab2
21441,268,1646,12296,CD,3,D1_pwm150_grab2
21446,-2802,-3460,7382,CD,3,D1_pwm150_grab2
21452,300,-1734,10468,CD,3,D1_pwm150_grab2
21457,-612,-704,8700,CD,3,D1_pwm150_grab2
21463,3712,680,10040,CD,3,D1_pwm150_grab2
21467,-178,-1932,9048,CD,3,D1_pwm150_grab2
21473,1196,606,10886,CD,3,D1_pwm150_grab2
21477,616,-602,8932,CD,3,D1_pwm150_grab2
21483,1784,1576,11902,CD,3,D1_pwm150_grab2
21488,940,-1298,9606,CD,3,D1_pwm150_grab2
21497,132,744,10324,CD,3,D1_pwm150_grab2
21502,-948,-1152,10874,CD,3,D1_pwm150_grab2
21508,4472,-1608,8630,CD,3,D1_pwm150_grab2
21512,-774,-1474,10436,CD,3,D1_pwm150_grab2
21518,-478,-298,9590,CD,3,D1_pwm150_grab2
21523,1038,-492,10564,CD,3,D1_pwm150_grab2
21527,3092,-512,8062,CD,3,D1_pwm150_grab2
21533,606,-1146,8686,CD,3,D1_pwm150_grab2
21537,710,1766,11020,CD,3,D1_pwm150_grab2
21542,-2640,-3918,7462,CD,3,D1_pwm150_grab2
21547,1342,-390,11518,CD,3,D1_pwm150_grab2
21552,146,-1392,8710,CD,3,D1_pwm150_grab2
21558,-4070,2958,14038,CD,3,D1_pwm150_grab2
21562,-300,86,10156,CD,3,D1_pwm150_grab2
21567,-1134,-564,11018,CD,3,D1_pwm150_grab2
21577,-60,802,11800,CD,3,D1_pwm150_grab2
21582,1466,-760,10084,CD,3,D1_pwm150_grab2
21588,-4232,-1764,10526,CD,3,D1_pwm150_grab2
21593,1696,-914,8366,CD,3,D1_pwm150_grab2
21598,1074,552,9326,CD,3,D1_pwm150_grab2
21602,314,1728,12092,CD,3,D1_pwm150_grab2
21607,-2814,-3380,7390,CD,3,D1_pwm150_grab2
21612,468,-1696,10488,CD,3,D1_pwm150_grab2
21617,-716,-762,8578,CD,3,D1_pwm150_grab2
21622,-796,3324,13708,CD,3,D1_pwm150_grab2
21627,-796,3324,13708,CD,3,D1_pwm150_grab2
21633,-816,-1184,10792,CD,3,D1_pwm150_grab2
21643,982,2404,12704,CD,3,D1_pwm150_grab2
21648,1370,-124,10290,CD,3,D1_pwm150_grab2
21652,-2264,-2480,10352,CD,3,D1_pwm150_grab2
21657,958,-674,9258,CD,3,D1_pwm150_grab2
21663,1056,1462,10128,CD,3,D1_pwm150_grab2
21667,4124,-1678,9314,CD,3,D1_pwm150_grab2
21672,-1112,-1812,10364,CD,3,D1_pwm150_grab2
21678,-192,-1928,9924,CD,3,D1_pwm150_grab2
21682,-932,190,8838,CD,3,D1_pwm150_grab2
21688,2000,2284,12008,CD,3,D1_pwm150_grab2
21693,-666,-1654,9786,CD,3,D1_pwm150_grab2
21697,-18,-800,10472,CD,3,D1_pwm150_grab2
21702,3458,184,8076,CD,3,D1_pwm150_grab2
21707,1454,-206,11660,CD,3,D1_pwm150_grab2
21712,254,-1556,8746,CD,3,D1_pwm150_grab2
21724,-274,154,10158,CD,3,D1_pwm150_grab2
21729,-1128,-392,11074,CD,3,D1_pwm150_grab2
21738,-198,402,11740,CD,3,D1_pwm150_grab2
21744,276,206,9990,CD,3,D1_pwm150_grab2
21749,-4208,-1884,10408,CD,3,D1_pwm150_grab2
21754,604,30,9774,CD,3,D1_pwm150_grab2
21758,676,1776,10406,CD,3,D1_pwm150_grab2
21763,510,1554,12128,CD,3,D1_pwm150_grab2
21768,-2860,-3254,7430,CD,3,D1_pwm150_grab2
21773,718,-1568,10624,CD,3,D1_pwm150_grab2
21779,-650,-944,8526,CD,3,D1_pwm150_grab2
21789,-334,-1832,9424,CD,3,D1_pwm150_grab2
21794,1218,180,10442,CD,3,D1_pwm150_grab2
21799,1364,-358,8448,CD,3,D1_pwm150_grab2
21803,860,2254,12404,CD,3,D1_pwm150_grab2
21808,1084,60,10362,CD,3,D1_pwm150_grab2
21814,-1832,-2482,10386,CD,3,D1_pwm150_grab2
21819,1240,-486,9240,CD,3,D1_pwm150_grab2
21824,1140,1332,10016,CD,3,D1_pwm150_grab2
21828,3862,-1644,9940,CD,3,D1_pwm150_grab2
21833,-1270,-2130,10316,CD,3,D1_pwm150_grab2
21839,-506,-458,9594,CD,3,D1_pwm150_grab2
21843,830,-168,10512,CD,3,D1_pwm150_grab2
21848,1624,2066,12130,CD,3,D1_pwm150_grab2
21854,-806,-1716,9704,CD,3,D1_pwm150_grab2
21858,-252,-838,10396,CD,3,D1_pwm150_grab2
21864,3878,170,7680,CD,3,D1_pwm150_grab2
21868,1604,140,11688,CD,3,D1_pwm150_grab2
21874,446,-1586,8962,CD,3,D1_pwm150_grab2
21884,-144,194,10228,CD,3,D1_pwm150_grab2
21889,368,1570,10702,CD,3,D1_pwm150_grab2
21894,1878,-1120,11474,CD,3,D1_pwm150_grab2
21899,-1690,-3306,8582,CD,3,D1_pwm150_grab2
21903,-774,-1176,9826,CD,3,D1_pwm150_grab2
21909,504,-1672,10460,CD,3,D1_pwm150_grab2
21914,2344,-674,8064,CD,3,D1_pwm150_grab2
21918,1046,284,8954,CD,3,D1_pwm150_grab2
21923,532,1600,12392,CD,3,D1_pwm150_grab2
21928,-2758,-3298,7426,CD,3,D1_pwm150_grab2
21933,1770,1526,12130,CD,3,D1_pwm150_grab2
21939,1090,-1384,9554,CD,3,D1_pwm150_grab2
21949,-908,-802,10082,CD,3,D1_pwm150_grab2
21953,-1144,-962,10892,CD,3,D1_pwm150_grab2
21963,912,2302,12254,CD,3,D1_pwm150_grab2
21968,1060,116,10302,CD,3,D1_pwm150_grab2
21975,-1464,-2616,10294,CD,3,D1_pwm150_grab2
21979,1268,-130,9356,CD,3,D1_pwm150_grab2
21984,1114,1498,9814,CD,3,D1_pwm150_grab2
21989,3592,-1778,10134,CD,3,D1_pwm150_grab2
21994,-1312,-2490,10030,CD,3,D1_pwm150_grab2
22000,-600,-622,9568,CD,3,D1_pwm150_grab2
22004,808,-24,10384,CD,3,D1_pwm150_grab2
22009,3724,-278,8166,CD,3,D1_pwm150_grab2
22014,346,-1196,8994,CD,3,D1_pwm150_grab2
22019,-504,-842,10354,CD,3,D1_pwm150_grab2
22025,4430,408,7610,CD,3,D1_pwm150_grab2
22030,1656,722,11782,CD,3,D1_pwm150_grab2
22035,662,-1506,9182,CD,3,D1_pwm150_grab2
22045,42,422,10196,CD,3,D1_pwm150_grab2
22049,-856,-118,11064,CD,3,D1_pwm150_grab2
22060,-2122,-3732,8344,CD,3,D1_pwm150_grab2
22064,-540,-1486,9920,CD,3,D1_pwm150_grab2
22069,832,-1216,10500,CD,3,D1_pwm150_grab2
22074,2604,-874,7836,CD,3,D1_pwm150_grab2
22080,812,-244,8742,CD,3,D1_pwm150_grab2
22085,774,1866,12200,CD,3,D1_pwm150_grab2
22089,-2368,-2594,8000,CD,3,D1_pwm150_grab2
22094,896,-898,11096,CD,3,D1_pwm150_grab2
22100,-312,-1236,8372,CD,3,D1_pwm150_grab2
22109,-470,-270,10064,CD,3,D1_pwm150_grab2
22114,-1232,-924,10880,CD,3,D1_pwm150_grab2
22125,430,1328,11818,CD,3,D1_pwm150_grab2
22129,514,180,10122,CD,3,D1_pwm150_grab2
22135,-144,-2442,10572,CD,3,D1_pwm150_grab2
22139,1568,-912,8538,CD,3,D1_pwm150_grab2
22144,98,-1674,9024,CD,3,D1_pwm150_grab2
22149,1398,1356,10776,CD,3,D1_pwm150_grab2
22155,-2832,-3578,7516,CD,3,D1_pwm150_grab2
22159,278,-1884,10296,CD,3,D1_pwm150_grab2
22164,-668,-696,8698,CD,3,D1_pwm150_grab2
22174,-762,-1036,10120,CD,3,D1_pwm150_grab2
22179,-852,-1280,10508,CD,3,D1_pwm150_grab2
22189,-696,-962,10990,CD,3,D1_pwm150_grab2
22194,1324,-50,10270,CD,3,D1_pwm150_grab2
22199,-2136,-2548,10484,CD,3,D1_pwm150_grab2
22204,1052,-590,9514,CD,3,D1_pwm150_grab2
22210,1076,1724,10242,CD,3,D1_pwm150_grab2
22214,226,286,12096,CD,3,D1_pwm150_grab2
22219,-2552,-3898,7994,CD,3,D1_pwm150_grab2
22224,-240,-2024,9898,CD,3,D1_pwm150_grab2
22231,830,-18,10526,CD,3,D1_pwm150_grab2
22236,3346,-378,8100,CD,3,D1_pwm150_grab2
22240,446,-1392,8670,CD,3,D1_pwm150_grab2
22246,840,1746,10850,CD,3,D1_pwm150_grab2
22250,-1150,-1342,8936,CD,3,D1_pwm150_grab2
22255,1590,354,11698,CD,3,D1_pwm150_grab2
22260,586,-1532,8974,CD,3,D1_pwm150_grab2
22270,-836,-1398,10104,CD,3,D1_pwm150_grab2
22275,-1076,-94,11040,CD,3,D1_pwm150_grab2
22285,-318,-214,11282,CD,3,D1_pwm150_grab2
22290,-44,74,9750,CD,3,D1_pwm150_grab2
22295,502,-1084,10708,CD,3,D1_pwm150_grab2
22301,2424,-906,7946,CD,3,D1_pwm150_grab2
22306,840,-310,8826,CD,3,D1_pwm150_grab2
22310,652,1974,11880,CD,3,D1_pwm150_grab2
3003,880,-1860,8660,CD,0,D1_pwm150_grab3
3008,30,706,11518,CD,0,D1_pwm150_grab3
3012,-2904,-2666,7448,CD,0,D1_pwm150_grab3
3018,842,-262,11736,CD,0,D1_pwm150_grab3
3023,216,-286,9638,CD,0,D1_pwm150_grab3
3028,3872,3552,12374,CD,0,D1_pwm150_grab3
3032,-512,694,10456,CD,0,D1_pwm150_grab3
3037,-446,-348,11126,CD,0,D1_pwm150_grab3
3048,1286,2134,11968,CD,0,D1_pwm150_grab3
3052,1352,274,10356,CD,0,D1_pwm150_grab3
3063,-422,482,9906,CD,0,D1_pwm150_grab3
3068,-832,1064,11460,CD,0,D1_pwm150_grab3
3073,2900,-186,11792,CD,0,D1_pwm150_grab3
3077,-1026,-3210,8396,CD,0,D1_pwm150_grab3
3082,-766,-1540,9568,CD,0,D1_pwm150_grab3
3087,966,574,10140,CD,0,D1_pwm150_grab3
3093,3772,2300,11212,CD,0,D1_pwm150_grab3
3097,590,-1968,9026,CD,0,D1_pwm150_grab3
3103,-378,1314,12026,CD,0,D1_pwm150_grab3
3107,-2492,-3402,7318,CD,0,D1_pwm150_grab3
3112,-88,-1890,10598,CD,0,D1_pwm150_grab3
3118,266,-1540,8864,CD,0,D1_pwm150_grab3
3122,-3276,1224,12190,CD,0,D1_pwm150_grab3
3128,-412,902,10120,CD,0,D1_pwm150_grab3
3132,-928,528,11650,CD,0,D1_pwm150_grab3
3142,1750,2906,12356,CD,0,D1_pwm150_grab3
3147,1280,-298,10202,CD,0,D1_pwm150_grab3
3159,-354,-604,9556,CD,0,D1_pwm150_grab3
3164,-550,1792,11184,CD,0,D1_pwm150_grab3
3174,-424,-2040,9784,CD,0,D1_pwm150_grab3
3179,-304,-564,9152,CD,0,D1_pwm150_grab3
3189,336,-2108,8366,CD,0,D1_pwm150_grab3
3194,536,672,9606,CD,0,D1_pwm150_grab3
3200,1178,196,12356,CD,0,D1_pwm150_grab3
3204,-2794,-2598,7714,CD,0,D1_pwm150_grab3
3208,408,-970,11168,CD,0,D1_pwm150_grab3
3214,-526,-1594,7778,CD,0,D1_pwm150_grab3
3218,-84,3290,13240,CD,0,D1_pwm150_grab3
3223,346,-1494,9762,CD,0,D1_pwm150_grab3
3228,664,-128,10590,CD,0,D1_pwm150_grab3
3233,-892,-758,9052,CD,0,D1_pwm150_grab3
3238,1542,1822,11422,CD,0,D1_pwm150_grab3
3243,1314,222,10760,CD,0,D1_pwm150_grab3
3253,-104,-1788,8812,CD,0,D1_pwm150_grab3
3259,162,1376,10038,CD,0,D1_pwm150_grab3
3268,412,-214,10904,CD,0,D1_pwm150_grab3
3274,430,386,9912,CD,0,D1_pwm150_grab3
3278,-326,-1016,11298,CD,0,D1_pwm150_grab3
3283,1716,-1146,8688,CD,0,D1_pwm150_grab3
3288,530,-1852,9310,CD,0,D1_pwm150_grab3
3294,524,492,10832,CD,0,D1_pwm150_grab3
3298,-1980,-1078,8606,CD,0,D1_pwm150_grab3
3303,-190,-1942,10566,CD,0,D1_pwm150_grab3
3308,-1020,-936,8264,CD,0,D1_pwm150_grab3
3319,-48,-552,10454,CD,0,D1_pwm150_grab3
3323,762,-898,10390,CD,0,D1_pwm150_grab3
3333,480,828,11514,CD,0,D1_pwm150_grab3
3338,770,444,10340,CD,0,D1_pwm150_grab3
3349,-296,-408,9560,CD,0,D1_pwm150_grab3
3353,-408,1318,10626,CD,0,D1_pwm150_grab3
3364,-752,-2366,9638,CD,0,D1_pwm150_grab3
3368,-112,-562,9556,CD,0,D1_pwm150_grab3
3373,2,-524,9652,CD,0,D1_pwm150_grab3
3383,174,-1276,9802,CD,0,D1_pwm150_grab3
3388,-54,1146,12328,CD,0,D1_pwm150_grab3
3398,752,-670,11148,CD,0,D1_pwm150_grab3
3403,-324,-1458,8452,CD,0,D1_pwm150_grab3
3414,-518,552,10420,CD,0,D1_pwm150_grab3
3420,-334,-516,10858,CD,0,D1_pwm150_grab3
3425,-300,-620,8454,CD,0,D1_pwm150_grab3
3430,1716,1840,11942,CD,0,D1_pwm150_grab3
3434,1032,-1086,9656,CD,0,D1_pwm150_grab3
3444,-512,472,10052,CD,0,D1_pwm150_grab3
3449,-630,896,11034,CD,0,D1_pwm150_grab3
3459,-1340,-3462,7968,CD,0,D1_pwm150_grab3
3465,234,176,9824,CD,0,D1_pwm150_grab3
3469,-64,-1066,11440,CD,0,D1_pwm150_grab3
3474,1856,-1328,8400,CD,0,D1_pwm150_grab3
3479,900,-496,8854,CD,0,D1_pwm150_grab3
3484,-254,1600,12220,CD,0,D1_pwm150_grab3
3494,36,-1794,10684,CD,0,D1_pwm150_grab3
3499,566,-1458,9066,CD,0,D1_pwm150_grab3
3509,-170,-754,10124,CD,0,D1_pwm150_grab3
3514,432,-920,10306,CD,0,D1_pwm150_grab3
3519,2508,-394,8140,CD,0,D1_pwm150_grab3
3524,1810,2846,12586,CD,0,D1_pwm150_grab3
3529,1230,-494,10162,CD,0,D1_pwm150_grab3
3539,-336,-178,9724,CD,0,D1_pwm150_grab3
3544,612,472,9362,CD,0,D1_pwm150_grab3
3554,-538,-2214,9542,CD,0,D1_pwm150_grab3
3560,-450,-404,9282,CD,0,D1_pwm150_grab3
3564,1064,250,11134,CD,0,D1_pwm150_grab3
3569,2698,-332,9096,CD,0,D1_pwm150_grab3
3574,892,-1676,8324,CD,0,D1_pwm150_grab3
3579,-192,1238,11924,CD,0,D1_pwm150_grab3
3585,-68,-754,8498,CD,0,D1_pwm150_grab3
3589,662,-1018,11210,CD,0,D1_pwm150_grab3
3594,-632,-1590,8058,CD,0,D1_pwm150_grab3
3605,-374,552,10516,CD,0,D1_pwm150_grab3
3610,-420,-742,10756,CD,0,D1_pwm150_grab3
3619,1344,2510,12544,CD,0,D1_pwm150_grab3
3624,1474,86,10392,CD,0,D1_pwm150_grab3
3634,-186,-1480,9096,CD,0,D1_pwm150_grab3
3639,192,1710,10312,CD,0,D1_pwm150_grab3
3645,3656,-390,11522,CD,0,D1_pwm150_grab3
3650,-1076,-3160,8912,CD,0,D1_pwm150_grab3
3654,-672,-1138,9754,CD,0,D1_pwm150_grab3
3659,992,650,10694,CD,0,D1_pwm150_grab3
3670,782,-146,8652,CD,0,D1_pwm150_grab3
3675,-294,1090,12168,CD,0,D1_pwm150_grab3
3680,-2164,-3674,7200,CD,0,D1_pwm150_grab3
3685,-372,-2114,10380,CD,0,D1_pwm150_grab3
3690,-42,-736,8958,CD,0,D1_pwm150_grab3
3700,110,-996,10126,CD,0,D1_pwm150_grab3
3705,1016,-678,10302,CD,0,D1_pwm150_grab3
3710,-2766,-2622,7622,CD,0,D1_pwm150_grab3
3716,1780,2572,12454,CD,0,D1_pwm150_grab3
3720,1320,-796,9962,CD,0,D1_pwm150_grab3
3730,-482,34,9766,CD,0,D1_pwm150_grab3
3735,-680,1474,11308,CD,0,D1_pwm150_grab3
3745,-318,-1366,10726,CD,0,D1_pwm150_grab3
3751,1242,336,10440,CD,0,D1_pwm150_grab3
3756,228,-292,11492,CD,0,D1_pwm150_grab3
3760,2132,-1094,8482,CD,0,D1_pwm150_grab3
3765,1014,-1188,8502,CD,0,D1_pwm150_grab3
3770,-254,1258,11784,CD,0,D1_pwm150_grab3
3776,-2796,-3340,7032,CD,0,D1_pwm150_grab3
3780,292,-1630,10852,CD,0,D1_pwm150_grab3
3786,-924,-1194,7992,CD,0,D1_pwm150_grab3
3790,3766,2118,10754,CD,0,D1_pwm150_grab3
3795,530,-2122,9110,CD,0,D1_pwm150_grab3
3800,172,-1032,10634,CD,0,D1_pwm150_grab3
3805,3018,-170,7994,CD,0,D1_pwm150_grab3
3810,1672,2996,12320,CD,0,D1_pwm150_grab3
3816,1372,-290,10244,CD,0,D1_pwm150_grab3
3826,-136,-662,9574,CD,0,D1_pwm150_grab3
3831,-788,356,11434,CD,0,D1_pwm150_grab3
3840,-590,-2536,9536,CD,0,D1_pwm150_grab3
3845,-666,-780,9320,CD,0,D1_pwm150_grab3
3850,1134,448,10906,CD,0,D1_pwm150_grab3
3855,3002,370,9420,CD,0,D1_pwm150_grab3
3861,866,-1906,8298,CD,0,D1_pwm150_grab3
3866,-34,962,11744,CD,0,D1_pwm150_grab3
3871,-1886,-3732,7350,CD,0,D1_pwm150_grab3
3875,-444,-2000,10004,CD,0,D1_pwm150_grab3
3880,210,-120,9558,CD,0,D1_pwm150_grab3
3886,-686,3418,13256,CD,0,D1_pwm150_grab3
3891,-448,602,10412,CD,0,D1_pwm150_grab3
3896,-562,-422,11064,CD,0,D1_pwm150_grab3
3906,1194,2288,12402,CD,0,D1_pwm150_grab3
3911,1112,-994,9660,CD,0,D1_pwm150_grab3
3920,-254,768,10040,CD,0,D1_pwm150_grab3
3926,-848,980,11544,CD,0,D1_pwm150_grab3
3936,24,-614,10750,CD,0,D1_pwm150_grab3
3942,-4,142,9698,CD,0,D1_pwm150_grab3
3946,-62,-768,11354,CD,0,D1_pwm150_grab3
3951,-104,-1314,9146,CD,0,D1_pwm150_grab3
3957,364,1760,10494,CD,0,D1_pwm150_grab3
3966,-1180,-3212,8668,CD,0,D1_pwm150_grab3
3971,-54,-1852,10712,CD,0,D1_pwm150_grab3
3976,-904,-1092,8044,CD,0,D1_pwm150_grab3
3981,1902,4210,13408,CD,0,D1_pwm150_grab3
3986,-320,-580,10228,CD,0,D1_pwm150_grab3
3991,284,708,11082,CD,0,D1_pwm150_grab3
3996,-2314,-1832,8560,CD,0,D1_pwm150_grab3
4001,1462,624,11982,CD,0,D1_pwm150_grab3
4006,158,-1590,8618,CD,0,D1_pwm150_grab3
4017,-212,-610,9736,CD,0,D1_pwm150_grab3
4022,-288,1826,10868,CD,0,D1_pwm150_grab3
4031,730,1278,11718,CD,0,D1_pwm150_grab3
4036,888,520,10222,CD,0,D1_pwm150_grab3
4047,670,-1908,8438,CD,0,D1_pwm150_grab3
4052,722,826,9274,CD,0,D1_pwm150_grab3
4057,138,1088,11596,CD,0,D1_pwm150_grab3
4067,1014,-466,11608,CD,0,D1_pwm150_grab3
4071,-346,-1686,8378,CD,0,D1_pwm150_grab3
4081,44,-1684,9660,CD,0,D1_pwm150_grab3
4087,1040,-290,10306,CD,0,D1_pwm150_grab3
4091,-172,-808,8510,CD,0,D1_pwm150_grab3
4096,1132,2140,12314,CD,0,D1_pwm150_grab3
4101,1264,192,10352,CD,0,D1_pwm150_grab3
4111,198,-1768,8630,CD,0,D1_pwm150_grab3
4117,-794,1330,11442,CD,0,D1_pwm150_grab3
4127,-376,-1028,10850,CD,0,D1_pwm150_grab3
4131,94,28,9670,CD,0,D1_pwm150_grab3
4137,192,-362,11402,CD,0,D1_pwm150_grab3
4146,278,-2052,9134,CD,0,D1_pwm150_grab3
4151,392,192,10492,CD,0,D1_pwm150_grab3
4157,-2680,-3300,7156,CD,0,D1_pwm150_grab3
4161,290,-1636,10802,CD,0,D1_pwm150_grab3
4166,-1072,-1172,8026,CD,0,D1_pwm150_grab3
4172,1204,4172,13562,CD,0,D1_pwm150_grab3
4177,-410,-156,10488,CD,0,D1_pwm150_grab3
4183,-50,-1024,10644,CD,0,D1_pwm150_grab3
4187,3638,-12,7812,CD,0,D1_pwm150_grab3
4192,1686,2838,12282,CD,0,D1_pwm150_grab3
4197,482,-1442,8960,CD,0,D1_pwm150_grab3
4207,-450,894,10298,CD,0,D1_pwm150_grab3
4222,50,506,11470,CD,0,D1_pwm150_grab3
4228,-748,-1122,9386,CD,0,D1_pwm150_grab3
4232,1074,668,10546,CD,0,D1_pwm150_grab3
4238,1294,-1892,8232,CD,0,D1_pwm150_grab3
4242,1040,72,9146,CD,0,D1_pwm150_grab3
4247,-186,1056,12248,CD,0,D1_pwm150_grab3
4252,-2256,-3620,7216,CD,0,D1_pwm150_grab3
4257,-186,-2024,10286,CD,0,D1_pwm150_grab3
4262,-510,-712,8754,CD,0,D1_pwm150_grab3
4268,-2704,2412,12916,CD,0,D1_pwm150_grab3
4273,-420,1024,10314,CD,0,D1_pwm150_grab3
4277,872,-828,10520,CD,0,D1_pwm150_grab3
4282,1484,-346,8248,CD,0,D1_pwm150_grab3
4287,1912,2794,12426,CD,0,D1_pwm150_grab3
4292,1246,-658,10100,CD,0,D1_pwm150_grab3
4303,-170,-400,9738,CD,0,D1_pwm150_grab3
4308,-498,1724,11270,CD,0,D1_pwm150_grab3
4313,78,820,12228,CD,0,D1_pwm150_grab3
4318,-550,-2000,9842,CD,0,D1_pwm150_grab3
4323,-462,-496,9290,CD,0,D1_pwm150_grab3
4328,946,492,11046,CD,0,D1_pwm150_grab3
4332,2938,270,9194,CD,0,D1_pwm150_grab3
4337,928,-1726,8314,CD,0,D1_pwm150_grab3
4342,58,1058,11812,CD,0,D1_pwm150_grab3
4347,-2796,-2330,8032,CD,0,D1_pwm150_grab3
4352,1886,2440,12518,CD,0,D1_pwm150_grab3
4358,-360,-1708,8398,CD,0,D1_pwm150_grab3
4363,-1028,3042,13052,CD,0,D1_pwm150_grab3
4368,-552,708,10404,CD,0,D1_pwm150_grab3
4372,-582,-394,11150,CD,0,D1_pwm150_grab3
4382,1038,2160,12414,CD,0,D1_pwm150_grab3
4387,1330,294,10312,CD,0,D1_pwm150_grab3
4397,332,-1810,8758,CD,0,D1_pwm150_grab3
4402,562,1176,9802,CD,0,D1_pwm150_grab3
4408,1338,130,12174,CD,0,D1_pwm150_grab3
4413,-1532,-3472,8270,CD,0,D1_pwm150_grab3
4417,-738,-1704,9934,CD,0,D1_pwm150_grab3
4422,318,262,9968,CD,0,D1_pwm150_grab3
4432,94,-1750,9522,CD,0,D1_pwm150_grab3
4438,-260,1406,11972,CD,0,D1_pwm150_grab3
4444,-2638,-3048,7570,CD,0,D1_pwm150_grab3
4448,288,-1564,10802,CD,0,D1_pwm150_grab3
4453,-1010,-1254,8024,CD,0,D1_pwm150_grab3
4459,726,3818,13258,CD,0,D1_pwm150_grab3
4464,-460,98,10430,CD,0,D1_pwm150_grab3
4469,-322,-890,10602,CD,0,D1_pwm150_grab3
4474,4420,-440,7126,CD,0,D1_pwm150_grab3
4480,1762,1392,12122,CD,0,D1_pwm150_grab3
4483,1640,-120,10232,CD,0,D1_pwm150_grab3
4494,-42,-1372,9188,CD,0,D1_pwm150_grab3
4499,174,1724,10404,CD,0,D1_pwm150_grab3
4503,3440,-460,11636,CD,0,D1_pwm150_grab3
4508,-1224,-3084,9134,CD,0,D1_pwm150_grab3
4513,-704,-1104,9652,CD,0,D1_pwm150_grab3
4518,-610,-980,11348,CD,0,D1_pwm150_grab3
4523,3768,1798,10256,CD,0,D1_pwm150_grab3
4528,458,-2022,9052,CD,0,D1_pwm150_grab3
4534,534,492,10552,CD,0,D1_pwm150_grab3
4538,-2196,-1720,8598,CD,0,D1_pwm150_grab3
4543,1692,596,12092,CD,0,D1_pwm150_grab3
4548,320,-1690,8920,CD,0,D1_pwm150_grab3
4553,-3492,1506,12854,CD,0,D1_pwm150_grab3
4559,-290,-520,10172,CD,0,D1_pwm150_grab3
4564,574,-930,10356,CD,0,D1_pwm150_grab3
4573,268,1006,11664,CD,0,D1_pwm150_grab3
4579,718,370,10284,CD,0,D1_pwm150_grab3
4584,-1756,-1578,11184,CD,0,D1_pwm150_grab3
4589,1202,-1798,8194,CD,0,D1_pwm150_grab3
4593,974,272,9136,CD,0,D1_pwm150_grab3
4603,-894,-2350,9980,CD,0,D1_pwm150_grab3
4608,-466,-2154,10026,CD,0,D1_pwm150_grab3
4613,-106,-550,9096,CD,0,D1_pwm150_grab3
4623,-216,-968,9956,CD,0,D1_pwm150_grab3
4628,852,-732,10646,CD,0,D1_pwm150_grab3
4633,1100,-672,8122,CD,0,D1_pwm150_grab3
4638,1138,-496,11624,CD,0,D1_pwm150_grab3
4644,-258,-1756,8476,CD,0,D1_pwm150_grab3
4649,-1518,2920,13288,CD,0,D1_pwm150_grab3
4653,-162,-96,9714,CD,0,D1_pwm150_grab3
4658,-698,1486,11184,CD,0,D1_pwm150_grab3
4669,-516,-1682,10140,CD,0,D1_pwm150_grab3
4673,-370,-262,9418,CD,0,D1_pwm150_grab3
4678,880,172,10912,CD,0,D1_pwm150_grab3
4683,540,-1692,8492,CD,0,D1_pwm150_grab3
4688,766,1014,9810,CD,0,D1_pwm150_grab3
4694,964,78,12438,CD,0,D1_pwm150_grab3
4700,-1662,-3624,7756,CD,0,D1_pwm150_grab3
4704,-704,-1920,9854,CD,0,D1_pwm150_grab3
4710,284,182,9772,CD,0,D1_pwm150_grab3
4715,3824,2780,12154,CD,0,D1_pwm150_grab3
4719,958,-1140,8602,CD,0,D1_pwm150_grab3
4725,-10,1310,11796,CD,0,D1_pwm150_grab3
4729,-2786,-3018,7232,CD,0,D1_pwm150_grab3
4736,666,-1278,11042,CD,0,D1_pwm150_grab3
4739,1118,-1142,9568,CD,0,D1_pwm150_grab3
4749,-186,632,9944,CD,0,D1_pwm150_grab3
4755,-1006,1046,11392,CD,0,D1_pwm150_grab3
4765,1354,2712,12540,CD,0,D1_pwm150_grab3
4769,1432,-80,10386,CD,0,D1_pwm150_grab3
4780,1950,-1278,8296,CD,0,D1_pwm150_grab3
4784,982,-544,8680,CD,0,D1_pwm150_grab3
4790,-168,1446,11964,CD,0,D1_pwm150_grab3
4794,-2592,-3394,7298,CD,0,D1_pwm150_grab3
4799,156,-1758,10730,CD,0,D1_pwm150_grab3
4805,764,638,10010,CD,0,D1_pwm150_grab3
4809,3944,1762,10986,CD,0,D1_pwm150_grab3
4814,352,-2152,8910,CD,0,D1_pwm150_grab3
4819,382,546,10592,CD,0,D1_pwm150_grab3
4824,3946,-44,7692,CD,0,D1_pwm150_grab3
4829,1500,2868,12676,CD,0,D1_pwm150_grab3
4834,1658,-296,10152,CD,0,D1_pwm150_grab3
4844,-374,940,10150,CD,0,D1_pwm150_grab3
4850,-1108,500,11446,CD,0,D1_pwm150_grab3
4859,112,480,11310,CD,0,D1_pwm150_grab3
4864,-758,-1118,9654,CD,0,D1_pwm150_grab3
4869,1044,652,10416,CD,0,D1_pwm150_grab3
4874,3912,1072,9836,CD,0,D1_pwm150_grab3
4879,554,-2080,8822,CD,0,D1_pwm150_grab3
4885,-184,1356,12164,CD,0,D1_pwm150_grab3
4889,-2322,-3700,7280,CD,0,D1_pwm150_grab3
4894,-232,-2106,10368,CD,0,D1_pwm150_grab3
4899,-916,-758,8416,CD,0,D1_pwm150_grab3
4905,2172,4006,13266,CD,0,D1_pwm150_grab3
4909,-488,964,10380,CD,0,D1_pwm150_grab3
4914,-982,52,11368,CD,0,D1_pwm150_grab3
4925,1804,2936,12600,CD,0,D1_pwm150_grab3
4929,1542,-520,10110,CD,0,D1_pwm150_grab3
4939,-88,-334,9974,CD,0,D1_pwm150_grab3
4945,-152,1846,11080,CD,0,D1_pwm150_grab3
4955,-960,-2558,9900,CD,0,D1_pwm150_grab3
4961,-528,-742,9434,CD,0,D1_pwm150_grab3
4965,-2630,-2340,10840,CD,0,D1_pwm150_grab3
4971,870,-1820,8508,CD,0,D1_pwm150_grab3
4976,880,814,9380,CD,0,D1_pwm150_grab3
4981,76,738,12272,CD,0,D1_pwm150_grab3
4986,-1934,-3820,7566,CD,0,D1_pwm150_grab3
4990,-510,-2086,10120,CD,0,D1_pwm150_grab3
4995,-218,-1672,8510,CD,0,D1_pwm150_grab3
5000,-1978,3230,13310,CD,0,D1_pwm150_grab3
5006,-290,-1580,9876,CD,0,D1_pwm150_grab3
5011,1170,-672,10320,CD,0,D1_pwm150_grab3
5016,814,-392,8374,CD,0,D1_pwm150_grab3
5020,1868,2602,12614,CD,0,D1_pwm150_grab3
5025,1398,-830,9956,CD,0,D1_pwm150_grab3
5036,596,-1850,8444,CD,0,D1_pwm150_grab3
5040,688,1098,9684,CD,0,D1_pwm150_grab3
5050,-728,-1730,10438,CD,0,D1_pwm150_grab3
5055,-236,-346,9474,CD,0,D1_pwm150_grab3
5060,738,108,11112,CD,0,D1_pwm150_grab3
5065,2872,-574,8364,CD,0,D1_pwm150_grab3
5071,950,-1422,8284,CD,0,D1_pwm150_grab3
5075,32,1424,12082,CD,0,D1_pwm150_grab3
5081,-104,-750,8534,CD,0,D1_pwm150_grab3
5085,650,-1106,11116,CD,0,D1_pwm150_grab3
5090,-662,-1502,8292,CD,0,D1_pwm150_grab3
5095,-290,3732,13448,CD,0,D1_pwm150_grab3
5101,-646,510,10560,CD,0,D1_pwm150_grab3
5106,-560,-770,11070,CD,0,D1_pwm150_grab3
5115,1358,2608,12318,CD,0,D1_pwm150_grab3
5121,2,104,9612,CD,0,D1_pwm150_grab3
5130,228,-1568,8708,CD,0,D1_pwm150_grab3
5135,398,1504,10236,CD,0,D1_pwm150_grab3
5140,2014,-60,12198,CD,0,D1_pwm150_grab3
5146,-1352,-3566,8072,CD,0,D1_pwm150_grab3
5151,-962,-1624,9762,CD,0,D1_pwm150_grab3
5156,694,512,9844,CD,0,D1_pwm150_grab3
5161,3948,2512,11318,CD,0,D1_pwm150_grab3
5165,314,-1992,9182,CD,0,D1_pwm150_grab3
5171,584,236,10318,CD,0,D1_pwm150_grab3
5175,-1230,-1172,8826,CD,0,D1_pwm150_grab3
5180,1840,1434,12234,CD,0,D1_pwm150_grab3
5185,862,-1358,9316,CD,0,D1_pwm150_grab3
5195,-322,756,10168,CD,0,D1_pwm150_grab3
5200,-1004,814,11522,CD,0,D1_pwm150_grab3
5206,4088,-256,7338,CD,0,D1_pwm150_grab3
5212,1608,2948,12366,CD,0,D1_pwm150_grab3
5216,1516,-212,10218,CD,0,D1_pwm150_grab3
5227,80,-1178,9074,CD,0,D1_pwm150_grab3
5231,118,1724,10626,CD,0,D1_pwm150_grab3
5237,3208,-532,11534,CD,0,D1_pwm150_grab3
5241,-1094,-3230,8764,CD,0,D1_pwm150_grab3
5246,378,300,9966,CD,0,D1_pwm150_grab3
5252,1016,682,10152,CD,0,D1_pwm150_grab3
5256,3750,1730,10310,CD,0,D1_pwm150_grab3
5261,538,-2090,8914,CD,0,D1_pwm150_grab3
5266,306,560,10450,CD,0,D1_pwm150_grab3
5272,-1970,-1490,8754,CD,0,D1_pwm150_grab3
5276,1692,714,12114,CD,0,D1_pwm150_grab3
5282,470,-1544,8992,CD,0,D1_pwm150_grab3
5286,1748,4012,13398,CD,0,D1_pwm150_grab3
5291,-352,808,10254,CD,0,D1_pwm150_grab3
5296,-990,430,11556,CD,0,D1_pwm150_grab3
5306,42,728,11554,CD,0,D1_pwm150_grab3
5311,688,460,9978,CD,0,D1_pwm150_grab3
5317,-1066,-1332,11348,CD,0,D1_pwm150_grab3
5321,1302,-1784,8196,CD,0,D1_pwm150_grab3
5327,-190,1728,10876,CD,0,D1_pwm150_grab3
5332,4010,-790,10740,CD,0,D1_pwm150_grab3
5336,-2374,-3520,7612,CD,0,D1_pwm150_grab3
5341,-258,-2134,10202,CD,0,D1_pwm150_grab3
5346,-1016,-750,8446,CD,0,D1_pwm150_grab3
5351,2264,4008,13094,CD,0,D1_pwm150_grab3
5356,-374,-664,10246,CD,0,D1_pwm150_grab3
5362,522,-1006,10360,CD,0,D1_pwm150_grab3
5367,-2356,-1828,8528,CD,0,D1_pwm150_grab3
5372,1484,252,11994,CD,0,D1_pwm150_grab3
5377,1498,-594,10218,CD,0,D1_pwm150_grab3
5387,-82,-748,9730,CD,0,D1_pwm150_grab3
5391,-54,1888,10946,CD,0,D1_pwm150_grab3
5396,4474,-944,10422,CD,0,D1_pwm150_grab3
5402,-1022,-2666,9566,CD,0,D1_pwm150_grab3
5406,-546,-852,9376,CD,0,D1_pwm150_grab3
5411,-1774,-1604,11208,CD,0,D1_pwm150_grab3
5416,1122,-1846,8314,CD,0,D1_pwm150_grab3
5421,696,-1896,8596,CD,0,D1_pwm150_grab3
5426,472,852,11318,CD,0,D1_pwm150_grab3
5431,-2444,-1836,8528,CD,0,D1_pwm150_grab3
5436,1400,58,11806,CD,0,D1_pwm150_grab3
5441,-54,-1688,8558,CD,0,D1_pwm150_grab3
5447,-2948,2270,12848,CD,0,D1_pwm150_grab3
5451,-316,-834,10198,CD,0,D1_pwm150_grab3
5456,784,-960,10314,CD,0,D1_pwm150_grab3
5462,2030,-382,8044,CD,0,D1_pwm150_grab3
5467,1824,2846,12528,CD,0,D1_pwm150_grab3
5472,1446,-684,10132,CD,0,D1_pwm150_grab3
5483,-106,-674,9738,CD,0,D1_pwm150_grab3
5487,-190,1916,10978,CD,0,D1_pwm150_grab3
5497,296,1312,11896,CD,0,D1_pwm150_grab3
5504,990,382,10190,CD,0,D1_pwm150_grab3
5507,994,498,10692,CD,0,D1_pwm150_grab3
5512,3474,748,9334,CD,0,D1_pwm150_grab3
5517,732,-1850,8638,CD,0,D1_pwm150_grab3
5523,502,862,11342,CD,0,D1_pwm150_grab3
5527,-2404,-1884,8476,CD,0,D1_pwm150_grab3
5532,-394,-2190,10038,CD,0,D1_pwm150_grab3
5537,-712,-582,8764,CD,0,D1_pwm150_grab3
5543,2688,3810,12842,CD,0,D1_pwm150_grab3
5548,-492,852,10376,CD,0,D1_pwm150_grab3
5553,-986,48,11584,CD,0,D1_pwm150_grab3
5562,548,1344,11682,CD,0,D1_pwm150_grab3
5568,808,378,10208,CD,0,D1_pwm150_grab3
5577,-70,-790,9734,CD,0,D1_pwm150_grab3
5582,-170,1862,10986,CD,0,D1_pwm150_grab3
5587,4458,-1088,10190,CD,0,D1_pwm150_grab3
5592,-2188,-3642,7550,CD,0,D1_pwm150_grab3
5598,-430,-2148,10114,CD,0,D1_pwm150_grab3
5602,-798,-648,8522,CD,0,D1_pwm150_grab3
5608,2190,3608,12716,CD,0,D1_pwm150_grab3
5612,672,-1712,8726,CD,0,D1_pwm150_grab3
5617,576,802,11198,CD,0,D1_pwm150_grab3
5622,-2348,-1888,8516,CD,0,D1_pwm150_grab3
5627,1402,72,11768,CD,0,D1_pwm150_grab3
5633,1546,-702,10038,CD,0,D1_pwm150_grab3
5643,-34,-780,9648,CD,0,D1_pwm150_grab3
5647,-232,1720,10746,CD,0,D1_pwm150_grab3
5657,450,1248,11582,CD,0,D1_pwm150_grab3
5663,758,372,10184,CD,0,D1_pwm150_grab3
5667,-1372,-1596,11162,CD,0,D1_pwm150_grab3
5673,1308,-1448,8408,CD,0,D1_pwm150_grab3
5678,650,-1796,8920,CD,0,D1_pwm150_grab3
5682,662,858,10782,CD,0,D1_pwm150_grab3
5687,-2224,-1816,8502,CD,0,D1_pwm150_grab3
5692,-308,-2098,10096,CD,0,D1_pwm150_grab3
5697,-1060,-676,8352,CD,0,D1_pwm150_grab3
5702,1910,3530,12794,CD,0,D1_pwm150_grab3
5707,-398,-708,10102,CD,0,D1_pwm150_grab3
5713,390,-818,10264,CD,0,D1_pwm150_grab3
5719,2754,-314,7552,CD,0,D1_pwm150_grab3
5723,1650,2988,12584,CD,0,D1_pwm150_grab3
5728,1644,-558,10126,CD,0,D1_pwm150_grab3
5733,-3662,1898,12914,CD,0,D1_pwm150_grab3
5738,-400,550,10156,CD,0,D1_pwm150_grab3
5743,-1082,238,11538,CD,0,D1_pwm150_grab3
5754,316,908,11382,CD,0,D1_pwm150_grab3
5758,584,390,10114,CD,0,D1_pwm150_grab3
5763,826,590,10484,CD,0,D1_pwm150_grab3
5769,3568,1082,9392,CD,0,D1_pwm150_grab3
5774,1062,232,8918,CD,0,D1_pwm150_grab3
5778,-212,1278,12328,CD,0,D1_pwm150_grab3
5783,-2380,-3586,7468,CD,0,D1_pwm150_grab3
5789,-184,-2080,10300,CD,0,D1_pwm150_grab3
5794,-1142,-856,8190,CD,0,D1_pwm150_grab3
5798,1592,3476,12956,CD,0,D1_pwm150_grab3
5803,-394,480,10244,CD,0,D1_pwm150_grab3
5809,-1092,220,11374,CD,0,D1_pwm150_grab3
5813,3452,-236,7438,CD,0,D1_pwm150_grab3
5818,1550,2992,12600,CD,0,D1_pwm150_grab3
5824,1664,-412,10154,CD,0,D1_pwm150_grab3
5833,76,-814,9602,CD,0,D1_pwm150_grab3
5839,188,1692,10576,CD,0,D1_pwm150_grab3
5843,3360,-1016,11310,CD,0,D1_pwm150_grab3
5848,-2648,-3506,7280,CD,0,D1_pwm150_grab3
5853,-730,-1148,9490,CD,0,D1_pwm150_grab3
5859,730,596,10318,CD,0,D1_pwm150_grab3
5863,3736,1298,9806,CD,0,D1_pwm150_grab3
5869,298,-1858,9126,CD,0,D1_pwm150_grab3
5874,776,730,10408,CD,0,D1_pwm150_grab3
5878,-1672,-1466,8786,CD,0,D1_pwm150_grab3
5883,1764,902,12268,CD,0,D1_pwm150_grab3
5889,1608,-316,10192,CD,0,D1_pwm150_grab3
5893,-5118,-2362,10772,CD,0,D1_pwm150_grab3
5898,-264,578,10256,CD,0,D1_pwm150_grab3
5903,-1020,350,11334,CD,0,D1_pwm150_grab3
5913,-140,198,11334,CD,0,D1_pwm150_grab3
5918,274,214,9910,CD,0,D1_pwm150_grab3
5923,50,-1124,11186,CD,0,D1_pwm150_grab3
5929,1946,-1302,8032,CD,0,D1_pwm150_grab3
5933,390,-1828,9008,CD,0,D1_pwm150_grab3
5938,42,1416,12172,CD,0,D1_pwm150_grab3
5944,-2710,-3460,7222,CD,0,D1_pwm150_grab3
5948,180,-1818,10452,CD,0,D1_pwm150_grab3
5954,-1118,-994,8264,CD,0,D1_pwm150_grab3
5959,880,3680,13546,CD,0,D1_pwm150_grab3
5963,-662,-596,10182,CD,0,D1_pwm150_grab3
5968,-456,-1140,10630,CD,0,D1_pwm150_grab3
5974,4264,-46,7460,CD,0,D1_pwm150_grab3
5980,1742,1214,12332,CD,0,D1_pwm150_grab3
5984,814,-1436,9328,CD,0,D1_pwm150_grab3
5995,-194,588,10232,CD,0,D1_pwm150_grab3
5999,-962,588,11364,CD,0,D1_pwm150_grab3
6010,-272,-208,11188,CD,0,D1_pwm150_grab3
6014,1672,-140,10226,CD,0,D1_pwm150_grab3
6020,294,-828,11060,CD,0,D1_pwm150_grab3
6024,2148,-1268,7986,CD,0,D1_pwm150_grab3
6030,1120,-368,8720,CD,0,D1_pwm150_grab3
6034,42,1518,12158,CD,0,D1_pwm150_grab3
6039,-2676,-3320,7262,CD,0,D1_pwm150_grab3
6044,294,-1650,10656,CD,0,D1_pwm150_grab3
6049,-1020,-1190,8286,CD,0,D1_pwm150_grab3
6059,-666,-344,10306,CD,0,D1_pwm150_grab3
6065,-534,-1038,10800,CD,0,D1_pwm150_grab3
6080,1564,-174,10220,CD,0,D1_pwm150_grab3
6090,298,-1052,8982,CD,0,D1_pwm150_grab3
6095,450,1574,10492,CD,0,D1_pwm150_grab3
6104,-1554,-3476,8204,CD,0,D1_pwm150_grab3
6109,-882,-1660,9702,CD,0,D1_pwm150_grab3
6114,522,390,9874,CD,0,D1_pwm150_grab3
6120,3758,2198,11238,CD,0,D1_pwm150_grab3
6125,120,-1880,9236,CD,0,D1_pwm150_grab3
6130,904,362,10460,CD,0,D1_pwm150_grab3
6134,-500,-942,8706,CD,0,D1_pwm150_grab3
6140,478,-1448,10832,CD,0,D1_pwm150_grab3
6144,1116,-1252,9570,CD,0,D1_pwm150_grab3
6154,-100,526,10046,CD,0,D1_pwm150_grab3
6159,-950,988,11282,CD,0,D1_pwm150_grab3
6170,-476,-804,10888,CD,0,D1_pwm150_grab3
6175,-14,2,9500,CD,0,D1_pwm150_grab3
6185,500,-1216,8812,CD,0,D1_pwm150_grab3
6189,1052,-788,8676,CD,0,D1_pwm150_grab3
6194,-40,1568,11814,CD,0,D1_pwm150_grab3
6199,-2736,-3016,7490,CD,0,D1_pwm150_grab3
6204,520,-1228,10974,CD,0,D1_pwm150_grab3
6210,-654,-1530,8426,CD,0,D1_pwm150_grab3
6219,-56,-1750,9412,CD,0,D1_pwm150_grab3
6224,1094,14,10518,CD,0,D1_pwm150_grab3
6231,150,-692,8630,CD,0,D1_pwm150_grab3
6236,1894,2116,12350,CD,0,D1_pwm150_grab3
6240,1268,-1120,9756,CD,0,D1_pwm150_grab3
6250,-30,294,9994,CD,0,D1_pwm150_grab3
6256,-782,1312,11112,CD,0,D1_pwm150_grab3
6266,1068,2244,12230,CD,0,D1_pwm150_grab3
6272,1278,192,10268,CD,0,D1_pwm150_grab3
6276,716,-48,10762,CD,0,D1_pwm150_grab3
6281,2636,-252,8488,CD,0,D1_pwm150_grab3
6285,972,-1118,8688,CD,0,D1_pwm150_grab3
6290,314,1556,11560,CD,0,D1_pwm150_grab3
6296,-2684,-2416,7974,CD,0,D1_pwm150_grab3
6300,-730,-2080,9896,CD,0,D1_pwm150_grab3
6305,-74,-192,9260,CD,0,D1_pwm150_grab3
6310,2940,2880,12186,CD,0,D1_pwm150_grab3
6316,-610,130,10230,CD,0,D1_pwm150_grab3
6321,-798,-510,11218,CD,0,D1_pwm150_grab3
6331,508,1668,12248,CD,0,D1_pwm150_grab3
6335,1138,228,10316,CD,0,D1_pwm150_grab3
6346,46,66,10000,CD,0,D1_pwm150_grab3
6350,-378,1574,10888,CD,0,D1_pwm150_grab3
6355,4360,-1282,9868,CD,0,D1_pwm150_grab3
6360,-2244,-3568,7768,CD,0,D1_pwm150_grab3
6366,-252,-2082,10052,CD,0,D1_pwm150_grab3
6370,-1014,-498,8656,CD,0,D1_pwm150_grab3
6376,2342,3404,12874,CD,0,D1_pwm150_grab3
6381,698,-1632,8868,CD,0,D1_pwm150_grab3
6385,588,1112,10698,CD,0,D1_pwm150_grab3
6390,-2276,-1356,8650,CD,0,D1_pwm150_grab3
6396,1486,218,11942,CD,0,D1_pwm150_grab3
6400,1502,-638,10138,CD,0,D1_pwm150_grab3
6411,164,-612,9544,CD,0,D1_pwm150_grab3
6416,186,1706,10954,CD,0,D1_pwm150_grab3
6426,-182,478,11394,CD,0,D1_pwm150_grab3
6431,480,220,9974,CD,0,D1_pwm150_grab3
6435,-196,-1152,11138,CD,0,D1_pwm150_grab3
6440,1728,-1448,8040,CD,0,D1_pwm150_grab3
6445,364,-1862,8908,CD,0,D1_pwm150_grab3
6451,640,666,10534,CD,0,D1_pwm150_grab3
6455,-1372,-1018,8804,CD,0,D1_pwm150_grab3
6460,252,-1830,10490,CD,0,D1_pwm150_grab3
6466,-1114,-992,8518,CD,0,D1_pwm150_grab3
6470,656,3550,13480,CD,0,D1_pwm150_grab3
6476,-612,-364,10364,CD,0,D1_pwm150_grab3
6480,-324,-958,10738,CD,0,D1_pwm150_grab3
6492,1420,2674,12620,CD,0,D1_pwm150_grab3
6496,1568,-322,10168,CD,0,D1_pwm150_grab3
6507,-196,246,9978,CD,0,D1_pwm150_grab3
6511,-956,776,11266,CD,0,D1_pwm150_grab3
6522,-540,-708,10862,CD,0,D1_pwm150_grab3
6528,62,-4,9612,CD,0,D1_pwm150_grab3
6532,310,90,9876,CD,0,D1_pwm150_grab3
6537,3602,2228,11538,CD,0,D1_pwm150_grab3
6541,986,-780,8788,CD,0,D1_pwm150_grab3
6547,142,1470,11936,CD,0,D1_pwm150_grab3
6551,-2844,-2344,8050,CD,0,D1_pwm150_grab3
6556,764,-1122,10980,CD,0,D1_pwm150_grab3
6561,-654,-1406,8660,CD,0,D1_pwm150_grab3
6567,-798,3274,13482,CD,0,D1_pwm150_grab3
6572,-76,290,9818,CD,0,D1_pwm150_grab3
6577,-852,1064,11200,CD,0,D1_pwm150_grab3
6586,816,2056,12412,CD,0,D1_pwm150_grab3
6592,1272,48,10222,CD,0,D1_pwm150_grab3
6597,-2924,-2222,10692,CD,0,D1_pwm150_grab3
6602,896,-1370,8644,CD,0,D1_pwm150_grab3
6607,996,1014,9838,CD,0,D1_pwm150_grab3
6612,186,826,12560,CD,0,D1_pwm150_grab3
6616,-2754,-2132,8234,CD,0,D1_pwm150_grab3
6621,938,-636,11380,CD,0,D1_pwm150_grab3
6627,-294,-246,9182,CD,0,D1_pwm150_grab3
6632,2686,3034,12416,CD,0,D1_pwm150_grab3
6637,-390,-1344,9700,CD,0,D1_pwm150_grab3
6641,688,-608,10646,CD,0,D1_pwm150_grab3
6646,1614,-566,7810,CD,0,D1_pwm150_grab3
6651,1892,2612,12370,CD,0,D1_pwm150_grab3
6657,1130,252,10096,CD,0,D1_pwm150_grab3
6661,-1694,-1874,11004,CD,0,D1_pwm150_grab3
6666,-4,-194,9758,CD,0,D1_pwm150_grab3
6672,-364,1608,10940,CD,0,D1_pwm150_grab3
6676,4366,-1006,9922,CD,0,D1_pwm150_grab3
6682,-868,-2390,9660,CD,0,D1_pwm150_grab3
6687,-762,-708,9356,CD,0,D1_pwm150_grab3
6691,1166,220,10346,CD,0,D1_pwm150_grab3
6696,3254,564,9132,CD,0,D1_pwm150_grab3
6701,-488,-1152,10038,CD,0,D1_pwm150_grab3
6706,498,1120,10864,CD,0,D1_pwm150_grab3
6711,-2290,-1814,8508,CD,0,D1_pwm150_grab3
6716,1446,-32,11834,CD,0,D1_pwm150_grab3
6722,122,-1524,8894,CD,0,D1_pwm150_grab3
6726,-3496,2514,13478,CD,0,D1_pwm150_grab3
6732,-446,188,10022,CD,0,D1_pwm150_grab3
6736,-1072,-268,11198,CD,0,D1_pwm150_grab3
6747,1784,2828,12426,CD,0,D1_pwm150_grab3
6753,1548,-648,10044,CD,0,D1_pwm150_grab3
6763,208,-64,9784,CD,0,D1_pwm150_grab3
6768,-34,1626,10796,CD,0,D1_pwm150_grab3
6773,3738,-1046,10738,CD,0,D1_pwm150_grab3
6778,-1098,-2814,9232,CD,0,D1_pwm150_grab3
6782,-840,-808,9516,CD,0,D1_pwm150_grab3
6788,1078,440,10184,CD,0,D1_pwm150_grab3
6792,3392,558,9342,CD,0,D1_pwm150_grab3
6797,522,-1818,8794,CD,0,D1_pwm150_grab3
6803,456,1224,10724,CD,0,D1_pwm150_grab3
6807,-2086,-1706,8566,CD,0,D1_pwm150_grab3
6812,1526,260,11956,CD,0,D1_pwm150_grab3
6818,306,-1530,8966,CD,0,D1_pwm150_grab3
6822,-3762,2566,13426,CD,0,D1_pwm150_grab3
6827,-374,528,10178,CD,0,D1_pwm150_grab3
6833,-1100,-282,11162,CD,0,D1_pwm150_grab3
6843,68,1040,11700,CD,0,D1_pwm150_grab3
6847,770,390,9942,CD,0,D1_pwm150_grab3
6852,-1066,-2162,10760,CD,0,D1_pwm150_grab3
6858,1216,-1384,8198,CD,0,D1_pwm150_grab3
6862,1188,706,9584,CD,0,D1_pwm150_grab3
6868,3948,-914,10776,CD,0,D1_pwm150_grab3
6872,-2538,-3808,7440,CD,0,D1_pwm150_grab3
6878,-332,-2082,10302,CD,0,D1_pwm150_grab3
6883,-1028,-378,8724,CD,0,D1_pwm150_grab3
6893,-508,-1392,9904,CD,0,D1_pwm150_grab3
6897,280,-1162,10386,CD,0,D1_pwm150_grab3
6903,2722,-232,7908,CD,0,D1_pwm150_grab3
6907,1510,16,11880,CD,0,D1_pwm150_grab3
6912,1524,-802,10016,CD,0,D1_pwm150_grab3
6922,110,2,10006,CD,0,D1_pwm150_grab3
6928,114,1882,10986,CD,0,D1_pwm150_grab3
6932,4314,-944,10654,CD,0,D1_pwm150_grab3
6938,-1086,-2606,9306,CD,0,D1_pwm150_grab3
6942,-590,-654,9610,CD,0,D1_pwm150_grab3
6947,-1730,-2354,10536,CD,0,D1_pwm150_grab3
6953,1060,-1454,8356,CD,0,D1_pwm150_grab3
6957,636,-1818,8566,CD,0,D1_pwm150_grab3
6962,488,1212,11418,CD,0,D1_pwm150_grab3
6968,-2418,-1900,8434,CD,0,D1_pwm150_grab3
6973,1398,-136,11658,CD,0,D1_pwm150_grab3
6978,-20,-1578,8650,CD,0,D1_pwm150_grab3
6982,-2802,3162,13430,CD,0,D1_pwm150_grab3
6987,-460,-1568,9860,CD,0,D1_pwm150_grab3
6992,632,-982,10404,CD,0,D1_pwm150_grab3
6998,2052,-300,8044,CD,0,D1_pwm150_grab3
7004,1890,2786,12716,CD,0,D1_pwm150_grab3
7009,1438,-864,10022,CD,0,D1_pwm150_grab3
7018,80,280,10094,CD,0,D1_pwm150_grab3
7024,-48,1754,11012,CD,0,D1_pwm150_grab3
7033,344,1690,12140,CD,0,D1_pwm150_grab3
7040,1076,344,10166,CD,0,D1_pwm150_grab3
7043,1208,110,10556,CD,0,D1_pwm150_grab3
7048,3186,-218,8790,CD,0,D1_pwm150_grab3
7054,734,-1672,8462,CD,0,D1_pwm150_grab3
7058,452,1342,11750,CD,0,D1_pwm150_grab3
7064,-2560,-2170,8278,CD,0,D1_pwm150_grab3
7068,-550,-2092,10126,CD,0,D1_pwm150_grab3
7073,-248,-42,9476,CD,0,D1_pwm150_grab3
7078,3442,3302,12836,CD,0,D1_pwm150_grab3
7084,-508,486,10264,CD,0,D1_pwm150_grab3
7089,-1008,-650,11120,CD,0,D1_pwm150_grab3
7098,816,1908,12074,CD,0,D1_pwm150_grab3
7103,970,388,10190,CD,0,D1_pwm150_grab3
7114,30,330,10134,CD,0,D1_pwm150_grab3
7118,-260,1550,11054,CD,0,D1_pwm150_grab3
7128,-2032,-3914,7566,CD,0,D1_pwm150_grab3
7133,-584,-1986,10170,CD,0,D1_pwm150_grab3
7138,-306,-160,9354,CD,0,D1_pwm150_grab3
7143,3012,3172,12562,CD,0,D1_pwm150_grab3
7148,812,-1480,8452,CD,0,D1_pwm150_grab3
7154,470,1484,11932,CD,0,D1_pwm150_grab3
7158,-2616,-2334,8158,CD,0,D1_pwm150_grab3
7163,970,-634,11346,CD,0,D1_pwm150_grab3
7169,1400,-990,9874,CD,0,D1_pwm150_grab3
7179,50,272,10074,CD,0,D1_pwm150_grab3
7184,-416,1482,10930,CD,0,D1_pwm150_grab3
7188,5148,-1246,9254,CD,0,D1_pwm150_grab3
7193,870,2028,12206,CD,0,D1_pwm150_grab3
7199,1064,330,10224,CD,0,D1_pwm150_grab3
7204,-3080,-2802,10260,CD,0,D1_pwm150_grab3
7208,750,-1270,8736,CD,0,D1_pwm150_grab3
7213,830,-1404,8614,CD,0,D1_pwm150_grab3
7218,398,1406,11632,CD,0,D1_pwm150_grab3
7224,-2682,-2366,8040,CD,0,D1_pwm150_grab3
7228,1124,-786,11352,CD,0,D1_pwm150_grab3
7233,-142,-12,9508,CD,0,D1_pwm150_grab3
7239,3208,3064,12402,CD,0,D1_pwm150_grab3
7243,-274,-1894,9502,CD,0,D1_pwm150_grab3
7248,1056,-434,10418,CD,0,D1_pwm150_grab3
7254,1116,-552,8102,CD,0,D1_pwm150_grab3
7259,1914,2456,12582,CD,0,D1_pwm150_grab3
7265,1358,-1100,9828,CD,0,D1_pwm150_grab3
7275,-594,344,10312,CD,0,D1_pwm150_grab3
7279,-964,-756,11112,CD,0,D1_pwm150_grab3
7290,908,2118,12192,CD,0,D1_pwm150_grab3
7296,1118,328,10192,CD,0,D1_pwm150_grab3
7300,878,-84,10772,CD,0,D1_pwm150_grab3
7305,2866,-542,8270,CD,0,D1_pwm150_grab3
7309,840,-1480,8574,CD,0,D1_pwm150_grab3
7315,142,686,12320,CD,0,D1_pwm150_grab3
7319,-2006,-3896,7598,CD,0,D1_pwm150_grab3
7325,-586,-1974,10104,CD,0,D1_pwm150_grab3
7330,-242,-30,9404,CD,0,D1_pwm150_grab3
7339,-572,464,10476,CD,0,D1_pwm150_grab3
7344,-872,-658,11102,CD,0,D1_pwm150_grab3
7354,1844,2548,12602,CD,0,D1_pwm150_grab3
7359,1372,-1024,9882,CD,0,D1_pwm150_grab3
7369,84,260,10034,CD,0,D1_pwm150_grab3
7374,-372,1546,10944,CD,0,D1_pwm150_grab3
7379,4978,-1364,9274,CD,0,D1_pwm150_grab3
7384,-2116,-3888,7408,CD,0,D1_pwm150_grab3
7389,-564,-1994,10000,CD,0,D1_pwm150_grab3
7394,900,-8,10786,CD,0,D1_pwm150_grab3
7400,3000,-350,8402,CD,0,D1_pwm150_grab3
7405,794,-1546,8632,CD,0,D1_pwm150_grab3
7410,462,1398,11454,CD,0,D1_pwm150_grab3
7415,-2600,-2318,8118,CD,0,D1_pwm150_grab3
7419,1224,-604,11460,CD,0,D1_pwm150_grab3
7425,1340,-914,9890,CD,0,D1_pwm150_grab3
7434,-522,472,10442,CD,0,D1_pwm150_grab3
7439,-940,-630,11140,CD,0,D1_pwm150_grab3
7449,570,1848,12176,CD,0,D1_pwm150_grab3
7454,976,302,10288,CD,0,D1_pwm150_grab3
7459,-2388,-2674,10352,CD,0,D1_pwm150_grab3
7464,940,-1432,8470,CD,0,D1_pwm150_grab3
7470,780,-1568,8534,CD,0,D1_pwm150_grab3
7474,66,874,12708,CD,0,D1_pwm150_grab3
7480,-2160,-3898,7414,CD,0,D1_pwm150_grab3
7484,-486,-2040,10014,CD,0,D1_pwm150_grab3
7490,-284,-158,9228,CD,0,D1_pwm150_grab3
7494,2742,3080,12724,CD,0,D1_pwm150_grab3
7500,-468,-1712,9620,CD,0,D1_pwm150_grab3
7505,576,-834,10566,CD,0,D1_pwm150_grab3
7511,1684,-330,8126,CD,0,D1_pwm150_grab3
7516,1362,-478,11576,CD,0,D1_pwm150_grab3
7520,-138,-1552,8690,CD,0,D1_pwm150_grab3
7525,-2428,3328,13804,CD,0,D1_pwm150_grab3
7531,-510,460,10396,CD,0,D1_pwm150_grab3
7535,-946,-554,11180,CD,0,D1_pwm150_grab3
7545,478,1684,11996,CD,0,D1_pwm150_grab3
7552,908,250,10288,CD,0,D1_pwm150_grab3
7555,-1650,-2536,10562,CD,0,D1_pwm150_grab3
7561,1134,-1480,8350,CD,0,D1_pwm150_grab3
7566,1170,1008,9566,CD,0,D1_pwm150_grab3
7571,26,988,12732,CD,0,D1_pwm150_grab3
7576,-2310,-3880,7330,CD,0,D1_pwm150_grab3
7580,-394,-2094,10032,CD,0,D1_pwm150_grab3
7586,-686,-206,8888,CD,0,D1_pwm150_grab3
7591,2302,3310,12942,CD,0,D1_pwm150_grab3
7595,-534,-1538,9766,CD,0,D1_pwm150_grab3
7600,262,-956,10450,CD,0,D1_pwm150_grab3
7605,2334,-118,7966,CD,0,D1_pwm150_grab3
7610,1884,2940,12400,CD,0,D1_pwm150_grab3
7615,1486,-788,9996,CD,0,D1_pwm150_grab3
7625,100,110,9892,CD,0,D1_pwm150_grab3
7630,-164,1728,10978,CD,0,D1_pwm150_grab3
7641,-980,-2754,9348,CD,0,D1_pwm150_grab3
7645,-860,-744,9482,CD,0,D1_pwm150_grab3
7651,1170,482,10430,CD,0,D1_pwm150_grab3
7655,3440,422,9134,CD,0,D1_pwm150_grab3
7661,602,-1946,8656,CD,0,D1_pwm150_grab3
7665,470,1290,10814,CD,0,D1_pwm150_grab3
7670,-2012,-1750,8570,CD,0,D1_pwm150_grab3
7675,-232,-2054,10180,CD,0,D1_pwm150_grab3
7680,272,-1614,8940,CD,0,D1_pwm150_grab3
7685,-3846,2490,13520,CD,0,D1_pwm150_grab3
7691,-356,616,10218,CD,0,D1_pwm150_grab3
7695,-1098,-106,11242,CD,0,D1_pwm150_grab3
7705,-44,892,11670,CD,0,D1_pwm150_grab3
7710,648,416,9964,CD,0,D1_pwm150_grab3
7721,194,-174,9600,CD,0,D1_pwm150_grab3
7725,1186,472,9442,CD,0,D1_pwm150_grab3
7731,-106,1546,12166,CD,0,D1_pwm150_grab3
7736,-2602,-3668,7586,CD,0,D1_pwm150_grab3
7740,-58,-2064,10292,CD,0,D1_pwm150_grab3
7745,-1252,-596,8504,CD,0,D1_pwm150_grab3
7751,1500,3692,13420,CD,0,D1_pwm150_grab3
7755,370,-1958,8852,CD,0,D1_pwm150_grab3
7761,622,1028,10496,CD,0,D1_pwm150_grab3
7767,-1386,-1396,8738,CD,0,D1_pwm150_grab3
7771,1744,778,12124,CD,0,D1_pwm150_grab3
7777,692,-1500,9200,CD,0,D1_pwm150_grab3
7782,-4934,1676,13078,CD,0,D1_pwm150_grab3
7786,-216,636,10182,CD,0,D1_pwm150_grab3
7792,-1100,254,11242,CD,0,D1_pwm150_grab3
7797,4254,-124,7376,CD,0,D1_pwm150_grab3
7802,1586,2880,12462,CD,0,D1_pwm150_grab3
7806,1572,-402,10064,CD,0,D1_pwm150_grab3
7812,76,-1398,10730,CD,0,D1_pwm150_grab3
7816,1732,-1334,7962,CD,0,D1_pwm150_grab3
7822,1114,-42,9066,CD,0,D1_pwm150_grab3
7827,-6,1714,12082,CD,0,D1_pwm150_grab3
7831,-2704,-3350,7526,CD,0,D1_pwm150_grab3
7837,-940,-1334,9856,CD,1,D1_pwm150_grab3
7841,576,536,10050,CD,1,D1_pwm150_grab3
7846,3798,1670,10862,CD,1,D1_pwm150_grab3
7851,-642,-604,10354,CD,1,D1_pwm150_grab3
7856,-536,-1108,10694,CD,1,D1_pwm150_grab3
7867,1184,2738,12760,CD,1,D1_pwm150_grab3
7872,1592,-216,10258,CD,1,D1_pwm150_grab3
7881,-22,720,10132,CD,1,D1_pwm150_grab3
7886,-874,874,11172,CD,1,D1_pwm150_grab3
7896,-1862,-3640,8070,CD,1,D1_pwm150_grab3
7901,-586,-1580,9884,CD,1,D1_pwm150_grab3
7907,206,396,10050,CD,1,D1_pwm150_grab3
7912,3974,2164,11716,CD,1,D1_pwm150_grab3
7917,-216,-1996,9322,CD,1,D1_pwm150_grab3
7922,150,1704,11872,CD,1,D1_pwm150_grab3
7926,-2708,-2926,7680,CD,1,D1_pwm150_grab3
7931,648,-1278,10952,CD,1,D1_pwm150_grab3
7937,1090,-1274,9708,CD,1,D1_pwm150_grab3
7947,70,750,10174,CD,1,D1_pwm150_grab3
7952,-596,1198,11380,CD,1,D1_pwm150_grab3
7962,850,2300,12546,CD,1,D1_pwm150_grab3
7967,1354,198,10372,CD,1,D1_pwm150_grab3
7971,-2976,-2694,10312,CD,1,D1_pwm150_grab3
7977,740,-1456,8608,CD,1,D1_pwm150_grab3
7981,866,-1324,8336,CD,1,D1_pwm150_grab3
7987,300,1614,11908,CD,1,D1_pwm150_grab3
7991,-2500,-2496,8028,CD,1,D1_pwm150_grab3
7996,922,-758,11392,CD,1,D1_pwm150_grab3
8002,-336,-24,9406,CD,1,D1_pwm150_grab3
8006,3194,3052,12534,CD,1,D1_pwm150_grab3
8012,-400,-1698,9732,CD,1,D1_pwm150_grab3
8016,830,-650,10704,CD,1,D1_pwm150_grab3
8022,1548,-96,8622,CD,1,D1_pwm150_grab3
8027,1940,2610,12484,CD,1,D1_pwm150_grab3
8033,1308,-954,9986,CD,1,D1_pwm150_grab3
8042,-504,490,10360,CD,1,D1_pwm150_grab3
8047,-926,-440,11112,CD,1,D1_pwm150_grab3
8058,322,1526,12074,CD,1,D1_pwm150_grab3
8062,964,412,10344,CD,1,D1_pwm150_grab3
8068,1004,258,10526,CD,1,D1_pwm150_grab3
8073,3226,158,8864,CD,1,D1_pwm150_grab3
8078,662,-1738,8508,CD,1,D1_pwm150_grab3
8083,44,1082,12542,CD,1,D1_pwm150_grab3
8088,-2382,-3738,7476,CD,1,D1_pwm150_grab3
8092,-218,-2078,10130,CD,1,D1_pwm150_grab3
8097,-1006,-370,8684,CD,1,D1_pwm150_grab3
8102,2040,3278,13042,CD,1,D1_pwm150_grab3
8108,-404,470,10072,CD,1,D1_pwm150_grab3
8112,-1128,-312,11214,CD,1,D1_pwm150_grab3
8123,1850,2870,12484,CD,1,D1_pwm150_grab3
8127,1482,-732,10092,CD,1,D1_pwm150_grab3
8137,264,-70,9828,CD,1,D1_pwm150_grab3
8143,206,1682,10992,CD,1,D1_pwm150_grab3
8148,3544,-1084,10852,CD,1,D1_pwm150_grab3
8153,-2474,-3762,7644,CD,1,D1_pwm150_grab3
8157,-210,-2116,10298,CD,1,D1_pwm150_grab3
8162,856,378,10262,CD,1,D1_pwm150_grab3
8167,3514,656,9454,CD,1,D1_pwm150_grab3
8172,474,-1934,8722,CD,1,D1_pwm150_grab3
8178,556,1106,10786,CD,1,D1_pwm150_grab3
8182,-1588,-1336,8700,CD,1,D1_pwm150_grab3
8187,1724,624,11954,CD,1,D1_pwm150_grab3
8192,1732,-552,10116,CD,1,D1_pwm150_grab3
8203,-290,674,10056,CD,1,D1_pwm150_grab3
8207,-1214,36,11264,CD,1,D1_pwm150_grab3
8217,-40,508,11164,CD,1,D1_pwm150_grab3
8222,322,326,9936,CD,1,D1_pwm150_grab3
8228,-56,-1720,10862,CD,1,D1_pwm150_grab3
8232,1614,-1370,8180,CD,1,D1_pwm150_grab3
8238,280,-1980,8988,CD,1,D1_pwm150_grab3
8243,-102,1746,12326,CD,1,D1_pwm150_grab3
8247,-2604,-3532,7606,CD,1,D1_pwm150_grab3
8253,72,-1906,10436,CD,1,D1_pwm150_grab3
8257,-1038,-768,8552,CD,1,D1_pwm150_grab3
8262,860,3756,13568,CD,1,D1_pwm150_grab3
8267,-650,-908,10322,CD,1,D1_pwm150_grab3
8272,-386,-1218,10394,CD,1,D1_pwm150_grab3
8283,1834,1244,12106,CD,1,D1_pwm150_grab3
8288,868,-1420,9356,CD,1,D1_pwm150_grab3
8298,-98,836,10044,CD,1,D1_pwm150_grab3
8313,-244,-250,10760,CD,1,D1_pwm150_grab3
8318,30,210,9758,CD,1,D1_pwm150_grab3
8323,344,-1124,10772,CD,1,D1_pwm150_grab3
8328,1944,-1210,8148,CD,1,D1_pwm150_grab3
8334,1062,-318,8744,CD,1,D1_pwm150_grab3
8338,-22,1782,12264,CD,1,D1_pwm150_grab3
8343,-2650,-3088,7718,CD,1,D1_pwm150_grab3
8348,310,-1622,10596,CD,1,D1_pwm150_grab3
8354,-716,-1164,8610,CD,1,D1_pwm150_grab3
8363,-632,-514,10388,CD,1,D1_pwm150_grab3
8368,-590,-1250,10574,CD,1,D1_pwm150_grab3
8383,1612,-114,10198,CD,1,D1_pwm150_grab3
8394,408,-1052,9100,CD,1,D1_pwm150_grab3
8399,780,1808,10498,CD,1,D1_pwm150_grab3
8409,-1874,-3708,8322,CD,1,D1_pwm150_grab3
8414,-708,-1710,9870,CD,1,D1_pwm150_grab3
8419,198,442,10008,CD,1,D1_pwm150_grab3
8428,-172,-2044,9466,CD,1,D1_pwm150_grab3
8434,1188,-174,10706,CD,1,D1_pwm150_grab3
8439,304,-568,8870,CD,1,D1_pwm150_grab3
8443,588,-1232,10900,CD,1,D1_pwm150_grab3
8448,1112,-1196,9792,CD,1,D1_pwm150_grab3
8458,0,654,10170,CD,1,D1_pwm150_grab3
8463,-548,1312,11382,CD,1,D1_pwm150_grab3
8473,-636,-1328,10100,CD,1,D1_pwm150_grab3
8478,-290,2,9534,CD,1,D1_pwm150_grab3
8484,954,-42,10806,CD,1,D1_pwm150_grab3
8489,624,-1582,8640,CD,1,D1_pwm150_grab3
8493,896,-1302,8284,CD,1,D1_pwm150_grab3
8499,250,1588,12190,CD,1,D1_pwm150_grab3
8503,-2630,-2512,7964,CD,1,D1_pwm150_grab3
8508,726,-1058,11130,CD,1,D1_pwm150_grab3
8514,-486,-1534,8412,CD,1,D1_pwm150_grab3
8519,-1506,3572,13550,CD,1,D1_pwm150_grab3
8523,-558,596,10436,CD,1,D1_pwm150_grab3
8528,1112,-718,10550,CD,1,D1_pwm150_grab3
8534,1004,-482,8650,CD,1,D1_pwm150_grab3
8539,1872,2392,12530,CD,1,D1_pwm150_grab3
8544,1266,-1088,9874,CD,1,D1_pwm150_grab3
8555,-56,236,9994,CD,1,D1_pwm150_grab3
8560,-322,1754,11272,CD,1,D1_pwm150_grab3
8570,516,2006,12356,CD,1,D1_pwm150_grab3
8576,1218,276,10216,CD,1,D1_pwm150_grab3
8580,1084,198,10766,CD,1,D1_pwm150_grab3
8584,3202,-160,8666,CD,1,D1_pwm150_grab3
8589,782,-1738,8412,CD,1,D1_pwm150_grab3
8594,440,1294,11736,CD,1,D1_pwm150_grab3
8599,-2406,-2164,8268,CD,1,D1_pwm150_grab3
8605,1062,-576,11404,CD,1,D1_pwm150_grab3
8609,-506,-124,9168,CD,1,D1_pwm150_grab3
8614,3028,3414,12668,CD,1,D1_pwm150_grab3
8620,-522,668,10324,CD,1,D1_pwm150_grab3
8624,-976,-390,11254,CD,1,D1_pwm150_grab3
8634,622,1724,11914,CD,1,D1_pwm150_grab3
8640,938,380,10184,CD,1,D1_pwm150_grab3
8644,-1754,-2200,10730,CD,1,D1_pwm150_grab3
8650,34,-150,9854,CD,1,D1_pwm150_grab3
8654,-74,1808,11048,CD,1,D1_pwm150_grab3
8660,4344,-1058,10012,CD,1,D1_pwm150_grab3
8664,-2282,-3810,7762,CD,1,D1_pwm150_grab3
8669,-378,-2150,10102,CD,1,D1_pwm150_grab3
8674,-956,-272,8796,CD,1,D1_pwm150_grab3
8680,2072,3518,12786,CD,1,D1_pwm150_grab3
8685,-436,-1208,10008,CD,1,D1_pwm150_grab3
8690,578,1088,11218,CD,1,D1_pwm150_grab3
8695,-2102,-1818,8492,CD,1,D1_pwm150_grab3
8699,1444,-18,11698,CD,1,D1_pwm150_grab3
8704,1614,-830,9964,CD,1,D1_pwm150_grab3
8715,92,-512,9804,CD,1,D1_pwm150_grab3
8719,52,1886,10862,CD,1,D1_pwm150_grab3
8724,3830,-972,10638,CD,1,D1_pwm150_grab3
8730,318,1178,11456,CD,1,D1_pwm150_grab3
8735,596,438,10130,CD,1,D1_pwm150_grab3
8739,-644,-1840,10938,CD,1,D1_pwm150_grab3
8745,1492,-1446,8294,CD,1,D1_pwm150_grab3
8750,482,-1948,8884,CD,1,D1_pwm150_grab3
8755,832,792,10704,CD,1,D1_pwm150_grab3
8760,-1730,-1536,8642,CD,1,D1_pwm150_grab3
8764,1736,314,11944,CD,1,D1_pwm150_grab3
8769,-1200,-588,8426,CD,1,D1_pwm150_grab3
8774,1510,3622,13242,CD,1,D1_pwm150_grab3
8779,-510,-902,10210,CD,1,D1_pwm150_grab3
8785,-22,-1110,10186,CD,1,D1_pwm150_grab3
8790,3682,-264,7400,CD,1,D1_pwm150_grab3
8795,1468,3022,12834,CD,1,D1_pwm150_grab3
8800,1746,-616,10044,CD,1,D1_pwm150_grab3
8810,-320,806,10204,CD,1,D1_pwm150_grab3
8815,-1140,304,11446,CD,1,D1_pwm150_grab3
8825,54,412,11028,CD,1,D1_pwm150_grab3
8830,300,396,9978,CD,1,D1_pwm150_grab3
8836,656,616,10290,CD,1,D1_pwm150_grab3
8840,3896,1468,9948,CD,1,D1_pwm150_grab3
8845,212,-1994,9100,CD,1,D1_pwm150_grab3
8850,-144,1614,12346,CD,1,D1_pwm150_grab3
8856,-2662,-3400,7690,CD,1,D1_pwm150_grab3
8861,106,-1976,10418,CD,1,D1_pwm150_grab3
8865,-1006,-912,8400,CD,1,D1_pwm150_grab3
8870,774,3668,13494,CD,1,D1_pwm150_grab3
8876,-176,712,10256,CD,1,D1_pwm150_grab3
8880,-972,476,11364,CD,1,D1_pwm150_grab3
8891,1298,2902,12926,CD,1,D1_pwm150_grab3
8895,1740,-318,10152,CD,1,D1_pwm150_grab3
8906,358,-1026,9136,CD,1,D1_pwm150_grab3
8911,568,1820,10474,CD,1,D1_pwm150_grab3
8915,1978,-446,11904,CD,1,D1_pwm150_grab3
8920,-2774,-3280,7544,CD,1,D1_pwm150_grab3
8925,344,-1768,10460,CD,1,D1_pwm150_grab3
8931,342,500,10228,CD,1,D1_pwm150_grab3
8935,3960,1960,10918,CD,1,D1_pwm150_grab3
8940,-66,-1908,9434,CD,1,D1_pwm150_grab3
8946,1262,152,10482,CD,1,D1_pwm150_grab3
8950,-422,-1090,8786,CD,1,D1_pwm150_grab3
8955,1824,1550,12456,CD,1,D1_pwm150_grab3
8960,1526,-130,10136,CD,1,D1_pwm150_grab3
8965,-4156,-2720,10306,CD,1,D1_pwm150_grab3
8970,-30,548,10130,CD,1,D1_pwm150_grab3
8975,-764,954,11384,CD,1,D1_pwm150_grab3
8985,-520,-782,10594,CD,1,D1_pwm150_grab3
8990,-180,60,9616,CD,1,D1_pwm150_grab3
8996,678,-396,10838,CD,1,D1_pwm150_grab3
9001,2620,-696,8156,CD,1,D1_pwm150_grab3
9005,-32,-1872,9392,CD,1,D1_pwm150_grab3
9011,1184,36,10646,CD,1,D1_pwm150_grab3
9015,-2702,-2972,7598,CD,1,D1_pwm150_grab3
9021,682,-1354,10860,CD,1,D1_pwm150_grab3
9025,-668,-1490,8452,CD,1,D1_pwm150_grab3
9035,-784,150,10386,CD,1,D1_pwm150_grab3
9040,-802,-798,11052,CD,1,D1_pwm150_grab3
9052,1874,2138,12640,CD,1,D1_pwm150_grab3
9057,1266,-1272,9748,CD,1,D1_pwm150_grab3
9066,106,218,10080,CD,1,D1_pwm150_grab3
9071,-530,1200,11196,CD,1,D1_pwm150_grab3
9082,-692,-1494,10314,CD,1,D1_pwm150_grab3
9086,-354,-184,9518,CD,1,D1_pwm150_grab3
9091,-32,24,9490,CD,1,D1_pwm150_grab3
9097,2978,-366,8290,CD,1,D1_pwm150_grab3
9102,940,-946,8598,CD,1,D1_pwm150_grab3
9107,512,1380,11944,CD,1,D1_pwm150_grab3
9112,-2500,-2802,7708,CD,1,D1_pwm150_grab3
9116,1026,-870,11240,CD,1,D1_pwm150_grab3
9121,-434,-1564,8522,CD,1,D1_pwm150_grab3
9126,-2030,3466,13870,CD,1,D1_pwm150_grab3
9131,204,400,10086,CD,1,D1_pwm150_grab3
9136,-1066,-732,11096,CD,1,D1_pwm150_grab3
9146,768,2060,11992,CD,1,D1_pwm150_grab3
9152,964,410,10280,CD,1,D1_pwm150_grab3
9157,-1932,-2768,10282,CD,1,D1_pwm150_grab3
9161,1034,-1016,8714,CD,1,D1_pwm150_grab3
9167,988,1384,9632,CD,1,D1_pwm150_grab3
9171,88,416,12366,CD,1,D1_pwm150_grab3
9177,-2404,-4108,7328,CD,1,D1_pwm150_grab3
9181,-526,-2190,9940,CD,1,D1_pwm150_grab3
9187,-712,-82,8844,CD,1,D1_pwm150_grab3
9192,2268,2978,12662,CD,1,D1_pwm150_grab3
9196,-522,-1748,9650,CD,1,D1_pwm150_grab3
9201,280,-888,10262,CD,1,D1_pwm150_grab3
9206,2624,36,8136,CD,1,D1_pwm150_grab3
9211,1744,2888,12502,CD,1,D1_pwm150_grab3
9216,1608,-692,10048,CD,1,D1_pwm150_grab3
9227,236,210,10060,CD,1,D1_pwm150_grab3
9231,90,1938,10860,CD,1,D1_pwm150_grab3
9236,3686,-1470,10632,CD,1,D1_pwm150_grab3
9241,-1432,-2972,9422,CD,1,D1_pwm150_grab3
9247,-692,-804,9578,CD,1,D1_pwm150_grab3
9251,884,438,10372,CD,1,D1_pwm150_grab3
9257,1578,-1236,8152,CD,1,D1_pwm150_grab3
9261,330,-1888,8894,CD,1,D1_pwm150_grab3
9266,750,1178,10588,CD,1,D1_pwm150_grab3
9272,-1580,-1358,8798,CD,1,D1_pwm150_grab3
9276,1652,586,12158,CD,1,D1_pwm150_grab3
9281,582,-1618,9056,CD,1,D1_pwm150_grab3
9292,-192,734,10278,CD,1,D1_pwm150_grab3
9296,-486,-1274,10166,CD,1,D1_pwm150_grab3
9307,1536,2982,12748,CD,1,D1_pwm150_grab3
9313,1708,-312,10160,CD,1,D1_pwm150_grab3
9323,274,-328,9520,CD,1,D1_pwm150_grab3
9327,478,2122,10648,CD,1,D1_pwm150_grab3
9333,2344,-912,11678,CD,1,D1_pwm150_grab3
9338,-172,-90,10730,CD,1,D1_pwm150_grab3
9342,-4,274,9778,CD,1,D1_pwm150_grab3
9347,532,676,10232,CD,1,D1_pwm150_grab3
9353,3820,1614,10438,CD,1,D1_pwm150_grab3
9357,26,-2210,9118,CD,1,D1_pwm150_grab3
9362,986,460,10478,CD,1,D1_pwm150_grab3
9368,-570,-658,8978,CD,1,D1_pwm150_grab3
9373,1784,1512,12406,CD,1,D1_pwm150_grab3
9377,-786,-1152,8404,CD,1,D1_pwm150_grab3
9382,6,4058,13784,CD,1,D1_pwm150_grab3
9387,10,824,10262,CD,1,D1_pwm150_grab3
9392,-714,830,11232,CD,1,D1_pwm150_grab3
9403,-602,-912,10692,CD,1,D1_pwm150_grab3
9407,-22,32,9624,CD,1,D1_pwm150_grab3
9412,512,-526,10980,CD,1,D1_pwm150_grab3
9417,426,-1196,8966,CD,1,D1_pwm150_grab3
9422,726,1778,10060,CD,1,D1_pwm150_grab3
9428,850,176,12028,CD,1,D1_pwm150_grab3
9432,-2760,-2542,7948,CD,1,D1_pwm150_grab3
9438,786,-1240,10948,CD,1,D1_pwm150_grab3
9443,-606,-1526,8526,CD,1,D1_pwm150_grab3
9448,-1026,3850,13964,CD,1,D1_pwm150_grab3
9453,-668,376,10576,CD,1,D1_pwm150_grab3
9458,1218,-324,10498,CD,1,D1_pwm150_grab3
9463,698,-450,8562,CD,1,D1_pwm150_grab3
9467,1848,2208,12636,CD,1,D1_pwm150_grab3
9473,1254,196,10294,CD,1,D1_pwm150_grab3
9477,-3000,-2756,10274,CD,1,D1_pwm150_grab3
9483,784,-1508,8580,CD,1,D1_pwm150_grab3
9487,954,1352,9932,CD,1,D1_pwm150_grab3
9492,314,668,12424,CD,1,D1_pwm150_grab3
9497,-888,-1710,10296,CD,1,D1_pwm150_grab3
9503,-292,-230,9560,CD,1,D1_pwm150_grab3
9507,824,44,11020,CD,1,D1_pwm150_grab3
9512,3080,-430,8238,CD,1,D1_pwm150_grab3
9517,-328,-1694,9622,CD,1,D1_pwm150_grab3
9523,752,-662,10684,CD,1,D1_pwm150_grab3
9527,1368,-296,8330,CD,1,D1_pwm150_grab3
9532,1964,2672,12452,CD,1,D1_pwm150_grab3
9538,-300,-1668,8560,CD,1,D1_pwm150_grab3
9542,-2248,3350,13852,CD,1,D1_pwm150_grab3
9547,-560,644,10554,CD,1,D1_pwm150_grab3
9552,-890,-574,11184,CD,1,D1_pwm150_grab3
9564,522,1740,11974,CD,1,D1_pwm150_grab3
9568,984,350,10284,CD,1,D1_pwm150_grab3
9574,-1892,-2538,10560,CD,1,D1_pwm150_grab3
9578,102,20,10032,CD,1,D1_pwm150_grab3
9583,-144,1624,10970,CD,1,D1_pwm150_grab3
9594,-1104,-2376,9966,CD,1,D1_pwm150_grab3
9600,-518,-530,9538,CD,1,D1_pwm150_grab3
9604,-786,-194,8776,CD,1,D1_pwm150_grab3
9609,2132,3456,12910,CD,1,D1_pwm150_grab3
9613,-448,-1344,9860,CD,1,D1_pwm150_grab3
9619,608,1258,11154,CD,1,D1_pwm150_grab3
9624,-2164,-1928,8306,CD,1,D1_pwm150_grab3
9628,1458,-104,11782,CD,1,D1_pwm150_grab3
9634,10,-1712,8756,CD,1,D1_pwm150_grab3
9639,-3414,2640,13634,CD,1,D1_pwm150_grab3
9643,114,-78,9780,CD,1,D1_pwm150_grab3
9649,-142,1932,11004,CD,1,D1_pwm150_grab3
9653,4002,-1096,10168,CD,1,D1_pwm150_grab3
9658,214,1266,11492,CD,1,D1_pwm150_grab3
9664,682,354,10210,CD,1,D1_pwm150_grab3
9668,-684,-1954,10894,CD,1,D1_pwm150_grab3
9673,1602,-1582,8222,CD,1,D1_pwm150_grab3
9678,1186,562,9204,CD,1,D1_pwm150_grab3
9683,-44,1286,12614,CD,1,D1_pwm150_grab3
9688,-1904,-1882,8352,CD,1,D1_pwm150_grab3
9693,1586,146,11918,CD,1,D1_pwm150_grab3
9699,234,-1706,8846,CD,1,D1_pwm150_grab3
9704,1598,3546,13252,CD,1,D1_pwm150_grab3
9708,-520,-994,10112,CD,1,D1_pwm150_grab3
9714,2,-1112,10332,CD,1,D1_pwm150_grab3
9718,3138,-220,7690,CD,1,D1_pwm150_grab3
9723,1720,3084,12504,CD,1,D1_pwm150_grab3
9728,638,476,10102,CD,1,D1_pwm150_grab3
9733,-514,-1854,10858,CD,1,D1_pwm150_grab3
9738,1460,-1454,8236,CD,1,D1_pwm150_grab3
9744,12,1832,10780,CD,1,D1_pwm150_grab3
9749,3434,-846,10926,CD,1,D1_pwm150_grab3
9753,-1202,-3014,9180,CD,1,D1_pwm150_grab3
9758,-890,-922,9656,CD,1,D1_pwm150_grab3
9763,832,604,10392,CD,1,D1_pwm150_grab3
9768,3628,1052,9446,CD,1,D1_pwm150_grab3
9774,-624,-832,10274,CD,1,D1_pwm150_grab3
9779,2,-1118,10394,CD,1,D1_pwm150_grab3
9784,-1600,-1608,8542,CD,1,D1_pwm150_grab3
9789,1626,476,12022,CD,1,D1_pwm150_grab3
9793,464,-1594,8998,CD,1,D1_pwm150_grab3
9799,-4544,2000,13318,CD,1,D1_pwm150_grab3
9804,-356,658,10144,CD,1,D1_pwm150_grab3
9808,-1036,34,11188,CD,1,D1_pwm150_grab3
9820,-102,646,11324,CD,1,D1_pwm150_grab3
9824,1614,-536,10032,CD,1,D1_pwm150_grab3
9835,258,-400,9394,CD,1,D1_pwm150_grab3
9839,178,1852,10670,CD,1,D1_pwm150_grab3
9845,3058,-860,11166,CD,1,D1_pwm150_grab3
9850,-1338,-3146,9058,CD,1,D1_pwm150_grab3
9854,-916,-986,9774,CD,1,D1_pwm150_grab3
9860,-1142,-618,8450,CD,1,D1_pwm150_grab3
9864,3706,1334,9870,CD,1,D1_pwm150_grab3
9869,338,-2036,9010,CD,1,D1_pwm150_grab3
9875,660,812,10450,CD,1,D1_pwm150_grab3
9879,-1196,-1580,8580,CD,1,D1_pwm150_grab3
9885,1644,868,12156,CD,1,D1_pwm150_grab3
9889,732,-1692,9150,CD,1,D1_pwm150_grab3
9900,400,-650,9326,CD,1,D1_pwm150_grab3
9905,-1068,470,11232,CD,1,D1_pwm150_grab3
9914,-308,82,11006,CD,1,D1_pwm150_grab3
9919,218,438,9886,CD,1,D1_pwm150_grab3
9925,128,-1366,10712,CD,1,D1_pwm150_grab3
9930,1790,-1068,8070,CD,1,D1_pwm150_grab3
9934,1098,-126,9082,CD,1,D1_pwm150_grab3
9939,4,1380,11978,CD,1,D1_pwm150_grab3
9944,-2842,-3516,7282,CD,1,D1_pwm150_grab3
9950,522,-1846,10484,CD,1,D1_pwm150_grab3
9954,-818,-1120,8536,CD,1,D1_pwm150_grab3
9965,-774,-562,10396,CD,1,D1_pwm150_grab3
9970,-652,-1054,10794,CD,1,D1_pwm150_grab3
9980,1188,2774,12624,CD,1,D1_pwm150_grab3
9984,1514,14,10358,CD,1,D1_pwm150_grab3
9995,708,-758,8948,CD,1,D1_pwm150_grab3
10000,954,1624,10342,CD,1,D1_pwm150_grab3
10005,830,-534,11988,CD,1,D1_pwm150_grab3
10010,-2100,-3926,7936,CD,1,D1_pwm150_grab3
10015,-560,-1908,9806,CD,1,D1_pwm150_grab3
10019,-54,246,9840,CD,1,D1_pwm150_grab3
10025,2548,-690,8066,CD,1,D1_pwm150_grab3
10029,-412,-1928,9436,CD,1,D1_pwm150_grab3
10034,920,-100,11074,CD,1,D1_pwm150_grab3
10040,1294,-318,8954,CD,1,D1_pwm150_grab3
10044,1794,2574,12464,CD,1,D1_pwm150_grab3
10049,1272,-1052,9898,CD,1,D1_pwm150_grab3
10059,272,616,10230,CD,1,D1_pwm150_grab3
10064,-980,-828,10966,CD,1,D1_pwm150_grab3
10076,500,1734,12108,CD,1,D1_pwm150_grab3
10081,906,280,10416,CD,1,D1_pwm150_grab3
10086,-1224,-2624,10574,CD,1,D1_pwm150_grab3
10090,1206,-1218,8488,CD,1,D1_pwm150_grab3
10096,1194,1176,9768,CD,1,D1_pwm150_grab3
10100,160,796,12562,CD,1,D1_pwm150_grab3
10105,-1312,-2722,9776,CD,1,D1_pwm150_grab3
10112,-648,-748,9428,CD,1,D1_pwm150_grab3
10115,-1124,-196,8726,CD,1,D1_pwm150_grab3
10120,1734,3226,13242,CD,1,D1_pwm150_grab3
10125,-766,-1612,9836,CD,1,D1_pwm150_grab3
10131,-190,-1096,10394,CD,1,D1_pwm150_grab3
10135,3494,268,8162,CD,1,D1_pwm150_grab3
10141,1644,3076,12442,CD,1,D1_pwm150_grab3
10146,530,-1594,9006,CD,1,D1_pwm150_grab3
10155,384,18,9606,CD,1,D1_pwm150_grab3
10161,474,2012,11036,CD,1,D1_pwm150_grab3
10165,2572,-1314,11224,CD,1,D1_pwm150_grab3
10170,-1546,-3378,8838,CD,1,D1_pwm150_grab3
10176,-852,-1380,9542,CD,1,D1_pwm150_grab3
10180,546,550,10244,CD,1,D1_pwm150_grab3
10185,1980,-1404,7854,CD,1,D1_pwm150_grab3
10191,1100,30,8870,CD,1,D1_pwm150_grab3
10195,234,1744,12506,CD,1,D1_pwm150_grab3
10201,-194,-712,9038,CD,1,D1_pwm150_grab3
10206,1804,1582,12280,CD,1,D1_pwm150_grab3
10211,1000,-1354,9542,CD,1,D1_pwm150_grab3
10220,150,968,10184,CD,1,D1_pwm150_grab3
10225,-788,-1164,10752,CD,1,D1_pwm150_grab3
10236,1120,2514,12360,CD,1,D1_pwm150_grab3
10240,-230,-82,9498,CD,1,D1_pwm150_grab3
10245,684,-388,10760,CD,1,D1_pwm150_grab3
10250,2626,-892,8138,CD,1,D1_pwm150_grab3
10255,904,-958,8654,CD,1,D1_pwm150_grab3
10261,294,1830,11632,CD,1,D1_pwm150_grab3
10265,-2412,-2372,8034,CD,1,D1_pwm150_grab3
10270,-560,-2122,9798,CD,1,D1_pwm150_grab3
10275,-488,20,9102,CD,1,D1_pwm150_grab3
10280,2378,2886,12368,CD,1,D1_pwm150_grab3
10286,-472,222,10282,CD,1,D1_pwm150_grab3
10290,-942,-688,10960,CD,1,D1_pwm150_grab3
10301,292,1466,11940,CD,1,D1_pwm150_grab3
10306,922,334,10228,CD,1,D1_pwm150_grab3
10316,266,274,9912,CD,1,D1_pwm150_grab3
10321,28,1872,10918,CD,1,D1_pwm150_grab3
10326,3488,-1424,10554,CD,1,D1_pwm150_grab3
10332,-1298,-2988,9232,CD,1,D1_pwm150_grab3
10337,-746,-868,9518,CD,1,D1_pwm150_grab3
10341,686,698,10422,CD,1,D1_pwm150_grab3
10346,3682,916,9460,CD,1,D1_pwm150_grab3
10351,1126,312,9098,CD,1,D1_pwm150_grab3
10357,-30,1760,12728,CD,1,D1_pwm150_grab3
10361,-2708,-3318,7932,CD,1,D1_pwm150_grab3
10366,98,-2004,10250,CD,1,D1_pwm150_grab3
10371,758,-1554,9282,CD,1,D1_pwm150_grab3
10381,-114,746,10148,CD,1,D1_pwm150_grab3
10386,-902,682,11210,CD,1,D1_pwm150_grab3
10396,1366,2734,12540,CD,1,D1_pwm150_grab3
10401,1510,-96,10168,CD,1,D1_pwm150_grab3
10406,-3720,-2782,10194,CD,1,D1_pwm150_grab3
10411,2388,-1012,7960,CD,1,D1_pwm150_grab3
10417,902,-836,8756,CD,1,D1_pwm150_grab3
10421,152,1768,12032,CD,1,D1_pwm150_grab3
10426,-2846,-2416,8210,CD,1,D1_pwm150_grab3
10431,-708,-1892,9888,CD,1,D1_pwm150_grab3
10436,14,176,9704,CD,1,D1_pwm150_grab3
10442,3350,2914,11966,CD,1,D1_pwm150_grab3
10447,-228,-1792,9586,CD,1,D1_pwm150_grab3
10451,1102,-528,10512,CD,1,D1_pwm150_grab3
10461,706,2054,12392,CD,1,D1_pwm150_grab3
10466,1208,196,10354,CD,1,D1_pwm150_grab3
10476,60,54,9908,CD,1,D1_pwm150_grab3
10482,-372,1722,11064,CD,1,D1_pwm150_grab3
10492,-998,-2258,9874,CD,1,D1_pwm150_grab3
10497,-384,-2148,9916,CD,1,D1_pwm150_grab3
10501,-750,-208,8958,CD,1,D1_pwm150_grab3
10506,2388,3560,12932,CD,1,D1_pwm150_grab3
10512,602,-1794,8780,CD,1,D1_pwm150_grab3
10516,544,1168,10890,CD,1,D1_pwm150_grab3
10522,-2286,-1592,8574,CD,1,D1_pwm150_grab3
10527,1470,-148,11774,CD,1,D1_pwm150_grab3
10532,118,-1664,8726,CD,1,D1_pwm150_grab3
10536,-3638,2322,13554,CD,1,D1_pwm150_grab3
10541,154,-314,9632,CD,1,D1_pwm150_grab3
10547,10,1880,11098,CD,1,D1_pwm150_grab3
10557,4,928,11592,CD,1,D1_pwm150_grab3
10562,650,386,10176,CD,1,D1_pwm150_grab3
10567,-320,-1702,10988,CD,1,D1_pwm150_grab3
10571,1720,-1596,8040,CD,1,D1_pwm150_grab3
10576,1172,314,9144,CD,1,D1_pwm150_grab3
10583,-44,1560,12524,CD,1,D1_pwm150_grab3
10587,-2696,-3414,7680,CD,1,D1_pwm150_grab3
10593,-752,-1066,9618,CD,1,D1_pwm150_grab3
10597,704,662,10358,CD,1,D1_pwm150_grab3
10603,3728,1272,9616,CD,1,D1_pwm150_grab3
10607,270,-1992,9142,CD,1,D1_pwm150_grab3
10613,862,734,10460,CD,1,D1_pwm150_grab3
10617,-1282,-1278,8694,CD,1,D1_pwm150_grab3
10622,1736,848,12280,CD,1,D1_pwm150_grab3
10627,1618,-408,10118,CD,1,D1_pwm150_grab3
10637,-204,728,10216,CD,1,D1_pwm150_grab3
10643,-946,356,11264,CD,1,D1_pwm150_grab3
10652,-352,-86,11116,CD,1,D1_pwm150_grab3
10657,154,210,9878,CD,1,D1_pwm150_grab3
10662,230,-1056,10860,CD,1,D1_pwm150_grab3
10667,3686,1682,10666,CD,1,D1_pwm150_grab3
10672,1094,-274,8742,CD,1,D1_pwm150_grab3
10677,128,1610,12398,CD,1,D1_pwm150_grab3
10683,-2822,-3168,7588,CD,1,D1_pwm150_grab3
10687,492,-1694,10528,CD,1,D1_pwm150_grab3
10693,-836,-1102,8588,CD,1,D1_pwm150_grab3
10697,70,3700,13906,CD,1,D1_pwm150_grab3
10703,-788,-260,10424,CD,1,D1_pwm150_grab3
10707,-674,-1164,10676,CD,1,D1_pwm150_grab3
10717,1264,2726,12474,CD,1,D1_pwm150_grab3
10722,1500,-146,10168,CD,1,D1_pwm150_grab3
10728,-3972,-2768,10042,CD,1,D1_pwm150_grab3
10733,598,-1080,8844,CD,1,D1_pwm150_grab3
10737,726,1574,10246,CD,1,D1_pwm150_grab3
10742,936,8,12122,CD,1,D1_pwm150_grab3
10747,-1868,-3710,8086,CD,1,D1_pwm150_grab3
10752,-796,-1808,9798,CD,1,D1_pwm150_grab3
10757,260,184,9846,CD,1,D1_pwm150_grab3
10763,3432,2510,11780,CD,1,D1_pwm150_grab3
10768,-178,-1786,9452,CD,1,D1_pwm150_grab3
10772,1026,-142,10752,CD,1,D1_pwm150_grab3
10777,820,-636,8550,CD,1,D1_pwm150_grab3
10782,1890,2224,12392,CD,1,D1_pwm150_grab3
10788,1224,-1258,9752,CD,1,D1_pwm150_grab3
10798,78,384,9896,CD,1,D1_pwm150_grab3
10803,-586,1388,11064,CD,1,D1_pwm150_grab3
10812,-778,-1654,10092,CD,1,D1_pwm150_grab3
10818,-388,-248,9442,CD,1,D1_pwm150_grab3
10822,868,128,10810,CD,1,D1_pwm150_grab3
10827,3016,-16,8576,CD,1,D1_pwm150_grab3
10832,1016,1046,9628,CD,1,D1_pwm150_grab3
10839,72,716,12472,CD,1,D1_pwm150_grab3
10843,-2418,-3924,7642,CD,1,D1_pwm150_grab3
10848,-510,-2176,9814,CD,1,D1_pwm150_grab3
10854,-674,-166,8836,CD,1,D1_pwm150_grab3
10859,2004,2962,12494,CD,1,D1_pwm150_grab3
10863,-540,-1298,9860,CD,1,D1_pwm150_grab3
10869,232,-672,10470,CD,1,D1_pwm150_grab3
10873,-2044,-2026,8268,CD,1,D1_pwm150_grab3
10880,1476,-172,11756,CD,1,D1_pwm150_grab3
10883,1532,-820,9974,CD,1,D1_pwm150_grab3
10894,334,-128,9750,CD,1,D1_pwm150_grab3
10899,30,1764,10712,CD,1,D1_pwm150_grab3
10903,3366,-1242,10540,CD,1,D1_pwm150_grab3
10909,-1286,-2760,9504,CD,1,D1_pwm150_grab3
10914,510,390,10174,CD,1,D1_pwm150_grab3
10919,-52,-1926,10656,CD,1,D1_pwm150_grab3
10923,3518,768,9206,CD,1,D1_pwm150_grab3
10928,342,-1726,9016,CD,1,D1_pwm150_grab3
10934,880,1150,10558,CD,1,D1_pwm150_grab3
10938,-1060,-1530,8660,CD,1,D1_pwm150_grab3
10943,1632,774,12222,CD,1,D1_pwm150_grab3
10948,690,-1610,9178,CD,1,D1_pwm150_grab3
10958,-752,-1018,10134,CD,1,D1_pwm150_grab3
10963,-660,-1200,10320,CD,1,D1_pwm150_grab3
10974,-396,-256,10972,CD,1,D1_pwm150_grab3
10978,104,240,9814,CD,1,D1_pwm150_grab3
10984,336,-1046,10692,CD,1,D1_pwm150_grab3
10989,2098,-984,7974,CD,1,D1_pwm150_grab3
10993,1002,-318,8924,CD,1,D1_pwm150_grab3
10998,924,-656,11718,CD,1,D1_pwm150_grab3
11004,-2026,-3806,8256,CD,1,D1_pwm150_grab3
11009,764,-1360,10808,CD,1,D1_pwm150_grab3
11014,-578,-1324,8514,CD,1,D1_pwm150_grab3
11024,-690,-214,10370,CD,1,D1_pwm150_grab3
11028,-838,-1068,10844,CD,1,D1_pwm150_grab3
11038,1762,2372,12572,CD,1,D1_pwm150_grab3
11043,1330,-1080,9784,CD,1,D1_pwm150_grab3
11053,1012,-1164,8732,CD,1,D1_pwm150_grab3
11059,1176,1458,9938,CD,1,D1_pwm150_grab3
11063,216,478,12510,CD,1,D1_pwm150_grab3
11069,-2480,-4006,7542,CD,1,D1_pwm150_grab3
11074,-336,-2094,9904,CD,1,D1_pwm150_grab3
11078,866,182,10686,CD,1,D1_pwm150_grab3
11083,3294,-282,8222,CD,1,D1_pwm150_grab3
11089,476,-1616,8810,CD,1,D1_pwm150_grab3
11095,740,1552,10918,CD,1,D1_pwm150_grab3
11099,-1724,-1692,8560,CD,1,D1_pwm150_grab3
11105,1550,72,11892,CD,1,D1_pwm150_grab3
11110,284,-1638,8872,CD,1,D1_pwm150_grab3
11119,-638,-1476,9974,CD,1,D1_pwm150_grab3
11124,-308,-1252,10000,CD,1,D1_pwm150_grab3
11130,4070,240,7600,CD,1,D1_pwm150_grab3
11134,1408,2982,12660,CD,1,D1_pwm150_grab3
11140,208,300,10036,CD,1,D1_pwm150_grab3
11144,162,-1620,10708,CD,1,D1_pwm150_grab3
11150,2040,-1460,7804,CD,1,D1_pwm150_grab3
11154,1100,210,8962,CD,1,D1_pwm150_grab3
11160,1828,-1136,11520,CD,1,D1_pwm150_grab3
11164,-1856,-3524,8874,CD,1,D1_pwm150_grab3
11170,-686,-1452,9744,CD,1,D1_pwm150_grab3
11175,172,528,10344,CD,1,D1_pwm150_grab3
11180,-370,3844,13982,CD,1,D1_pwm150_grab3
11184,-816,-396,10350,CD,1,D1_pwm150_grab3
11189,-784,-1206,10702,CD,1,D1_pwm150_grab3
11200,1806,1954,12582,CD,1,D1_pwm150_grab3
11204,1220,-1254,9720,CD,1,D1_pwm150_grab3
11214,222,676,10236,CD,1,D1_pwm150_grab3
11219,-440,1360,11210,CD,1,D1_pwm150_grab3
11225,268,262,12294,CD,1,D1_pwm150_grab3
11229,-2310,-4090,7700,CD,1,D1_pwm150_grab3
11234,-602,-2128,9760,CD,1,D1_pwm150_grab3
11239,836,18,10894,CD,1,D1_pwm150_grab3
11245,3336,-456,8062,CD,1,D1_pwm150_grab3
11249,704,-1412,8682,CD,1,D1_pwm150_grab3
11254,736,1556,11396,CD,1,D1_pwm150_grab3
11260,-1982,-1798,8490,CD,1,D1_pwm150_grab3
11264,1796,2842,12458,CD,1,D1_pwm150_grab3
11269,1544,-766,10076,CD,1,D1_pwm150_grab3
11280,-412,662,10274,CD,1,D1_pwm150_grab3
11284,-1080,-352,11114,CD,1,D1_pwm150_grab3
11295,74,814,11266,CD,1,D1_pwm150_grab3
11299,388,292,10066,CD,1,D1_pwm150_grab3
11305,-26,-1956,10600,CD,1,D1_pwm150_grab3
11309,3580,722,9282,CD,1,D1_pwm150_grab3
11315,242,-1942,8974,CD,1,D1_pwm150_grab3
11319,30,1682,12772,CD,1,D1_pwm150_grab3
11325,-2798,-3490,7526,CD,1,D1_pwm150_grab3
11329,88,-1952,10282,CD,1,D1_pwm150_grab3
11335,-800,-872,8538,CD,1,D1_pwm150_grab3
11340,128,3732,13704,CD,1,D1_pwm150_grab3
11344,-754,-670,10266,CD,1,D1_pwm150_grab3
11351,-772,-1224,10364,CD,1,D1_pwm150_grab3
11360,1792,1746,12376,CD,1,D1_pwm150_grab3
11365,1048,-1268,9764,CD,1,D1_pwm150_grab3
11375,146,692,10272,CD,1,D1_pwm150_grab3
11380,-508,1124,11194,CD,1,D1_pwm150_grab3
11392,-798,-1546,10060,CD,1,D1_pwm150_grab3
11396,-538,-1958,9922,CD,1,D1_pwm150_grab3
11400,878,-110,10762,CD,1,D1_pwm150_grab3
11405,3084,-720,8092,CD,1,D1_pwm150_grab3
11411,716,-1272,8578,CD,1,D1_pwm150_grab3
11415,576,1694,11758,CD,1,D1_pwm150_grab3
11421,-2110,-1918,8492,CD,1,D1_pwm150_grab3
11425,1220,-380,11498,CD,1,D1_pwm150_grab3
11430,-140,-1598,8540,CD,1,D1_pwm150_grab3
11441,-334,518,10238,CD,1,D1_pwm150_grab3
11445,-1148,-516,11132,CD,1,D1_pwm150_grab3
11456,286,1018,11430,CD,1,D1_pwm150_grab3
11461,418,330,10110,CD,1,D1_pwm150_grab3
11465,-116,-1952,10674,CD,1,D1_pwm150_grab3
11471,1676,-1210,8140,CD,1,D1_pwm150_grab3
11475,1170,522,8984,CD,1,D1_pwm150_grab3
11481,-76,1638,12706,CD,1,D1_pwm150_grab3
11486,-2706,-3554,7668,CD,1,D1_pwm150_grab3
11490,100,-1932,10304,CD,1,D1_pwm150_grab3
11496,-872,-834,8608,CD,1,D1_pwm150_grab3
11505,-742,-740,10216,CD,1,D1_pwm150_grab3
11510,-722,-1234,10252,CD,1,D1_pwm150_grab3
11520,-526,-714,10794,CD,1,D1_pwm150_grab3
11525,1526,-96,10212,CD,1,D1_pwm150_grab3
11531,-3510,-2824,10076,CD,1,D1_pwm150_grab3
11536,696,-1008,9056,CD,1,D1_pwm150_grab3
11540,880,1762,10156,CD,1,D1_pwm150_grab3
11545,458,10,11876,CD,1,D1_pwm150_grab3
11550,-2242,-3924,8208,CD,1,D1_pwm150_grab3
11555,-494,-2028,9870,CD,1,D1_pwm150_grab3
11560,-640,150,9406,CD,1,D1_pwm150_grab3
11565,2828,2830,12124,CD,1,D1_pwm150_grab3
11571,-500,-1886,9830,CD,1,D1_pwm150_grab3
11576,736,-756,10336,CD,1,D1_pwm150_grab3
11580,2048,120,8512,CD,1,D1_pwm150_grab3
11586,1748,2762,12744,CD,1,D1_pwm150_grab3
11591,1600,-858,10038,CD,1,D1_pwm150_grab3
11600,306,-2,10016,CD,1,D1_pwm150_grab3
11607,-1212,-280,11196,CD,1,D1_pwm150_grab3
11617,126,846,11462,CD,1,D1_pwm150_grab3
11621,394,314,10044,CD,1,D1_pwm150_grab3
11627,-72,-1718,10758,CD,1,D1_pwm150_grab3
11631,1646,-1372,8148,CD,1,D1_pwm150_grab3
11637,1038,220,9050,CD,1,D1_pwm150_grab3
11642,-32,1744,12510,CD,1,D1_pwm150_grab3
11646,-1686,-3562,8682,CD,1,D1_pwm150_grab3
11651,242,-1856,10390,CD,1,D1_pwm150_grab3
11656,-726,-1098,8644,CD,1,D1_pwm150_grab3
11667,-664,-460,10370,CD,1,D1_pwm150_grab3
11671,-680,-1146,10492,CD,1,D1_pwm150_grab3
11681,960,2536,12782,CD,1,D1_pwm150_grab3
11686,1124,-1244,9762,CD,1,D1_pwm150_grab3
11691,-2754,-2694,10278,CD,1,D1_pwm150_grab3
11696,818,-1206,8902,CD,1,D1_pwm150_grab3
11701,1022,1562,10232,CD,1,D1_pwm150_grab3
11706,222,430,12044,CD,1,D1_pwm150_grab3
11711,-2368,-3936,8094,CD,1,D1_pwm150_grab3
11716,-392,-2108,9868,CD,1,D1_pwm150_grab3
11722,-892,112,9020,CD,1,D1_pwm150_grab3
11727,3300,-260,8386,CD,1,D1_pwm150_grab3
11732,606,-1554,8682,CD,1,D1_pwm150_grab3
11737,350,-882,10360,CD,1,D1_pwm150_grab3
11741,2852,186,8302,CD,1,D1_pwm150_grab3
11746,1772,2796,12664,CD,1,D1_pwm150_grab3
11751,1570,-794,10180,CD,1,D1_pwm150_grab3
11761,280,-208,9736,CD,1,D1_pwm150_grab3
11766,-1062,-46,11172,CD,1,D1_pwm150_grab3
11776,-1676,-3268,8984,CD,1,D1_pwm150_grab3
11781,-582,-1184,9614,CD,1,D1_pwm150_grab3
11786,384,674,10462,CD,1,D1_pwm150_grab3
11791,3968,1306,10370,CD,1,D1_pwm150_grab3
11796,-60,-2048,9100,CD,1,D1_pwm150_grab3
11801,1286,506,11016,CD,1,D1_pwm150_grab3
11807,-2766,-2752,8080,CD,1,D1_pwm150_grab3
11811,494,-1546,10618,CD,1,D1_pwm150_grab3
11816,-722,-1196,8562,CD,1,D1_pwm150_grab3
11826,188,782,10182,CD,1,D1_pwm150_grab3
11832,-536,1052,11382,CD,1,D1_pwm150_grab3
11836,5012,-1908,8096,CD,1,D1_pwm150_grab3
11841,-608,-1674,9970,CD,1,D1_pwm150_grab3
11846,1276,190,10384,CD,1,D1_pwm150_grab3
11851,-1590,-2448,10628,CD,1,D1_pwm150_grab3
11857,978,-1626,8558,CD,1,D1_pwm150_grab3
11862,1070,1188,9770,CD,1,D1_pwm150_grab3
11867,138,990,12474,CD,1,D1_pwm150_grab3
11873,-2468,-3598,7970,CD,1,D1_pwm150_grab3
11877,-92,-2068,9930,CD,1,D1_pwm150_grab3
11883,-1186,-260,8660,CD,1,D1_pwm150_grab3
11887,3542,470,8688,CD,1,D1_pwm150_grab3
11893,442,-1888,8894,CD,1,D1_pwm150_grab3
11897,836,1240,10616,CD,1,D1_pwm150_grab3
11904,-1436,-966,8904,CD,1,D1_pwm150_grab3
11907,1628,2890,12564,CD,1,D1_pwm150_grab3
11912,1572,-562,10130,CD,1,D1_pwm150_grab3
11917,-4280,-2410,10222,CD,1,D1_pwm150_grab3
11923,468,-728,9102,CD,1,D1_pwm150_grab3
11928,-932,428,11272,CD,1,D1_pwm150_grab3
11937,-456,-506,10822,CD,1,D1_pwm150_grab3
11942,100,38,9696,CD,1,D1_pwm150_grab3
11947,82,376,9938,CD,1,D1_pwm150_grab3
11952,3470,2190,11244,CD,1,D1_pwm150_grab3
11958,-230,-1740,9446,CD,1,D1_pwm150_grab3
11962,1016,-234,10764,CD,1,D1_pwm150_grab3
11967,-2790,-1912,8490,CD,1,D1_pwm150_grab3
11972,952,-1026,10980,CD,1,D1_pwm150_grab3
11978,-558,-1522,8616,CD,1,D1_pwm150_grab3
11982,-2496,2882,13806,CD,1,D1_pwm150_grab3
11988,-522,430,10500,CD,1,D1_pwm150_grab3
11993,-440,1506,11024,CD,1,D1_pwm150_grab3
11998,4074,-1342,9484,CD,1,D1_pwm150_grab3
12002,-936,-2368,9574,CD,1,D1_pwm150_grab3
12007,746,116,10246,CD,1,D1_pwm150_grab3
12012,-512,-1704,10876,CD,1,D1_pwm150_grab3
12017,1764,-1110,8412,CD,1,D1_pwm150_grab3
12022,1228,536,9396,CD,1,D1_pwm150_grab3
12027,10,1324,12710,CD,1,D1_pwm150_grab3
12033,-1278,-1202,8696,CD,1,D1_pwm150_grab3
12038,1608,600,12076,CD,1,D1_pwm150_grab3
12043,622,-1538,9254,CD,1,D1_pwm150_grab3
12047,254,2950,13400,CD,1,D1_pwm150_grab3
12052,-832,-752,10206,CD,1,D1_pwm150_grab3
12058,-586,-1050,10456,CD,1,D1_pwm150_grab3
12067,1312,2672,12340,CD,1,D1_pwm150_grab3
12072,1524,-154,10102,CD,1,D1_pwm150_grab3
12078,312,-798,10674,CD,1,D1_pwm150_grab3
12082,2280,-572,8072,CD,1,D1_pwm150_grab3
12088,754,1496,10122,CD,1,D1_pwm150_grab3
12092,466,82,11910,CD,1,D1_pwm150_grab3
12098,-2144,-3714,8146,CD,1,D1_pwm150_grab3
12103,-678,-1914,9786,CD,1,D1_pwm150_grab3
12107,-474,112,9168,CD,1,D1_pwm150_grab3
12112,2414,2302,11706,CD,1,D1_pwm150_grab3
12119,-524,-1584,9722,CD,1,D1_pwm150_grab3
12124,512,-384,10562,CD,1,D1_pwm150_grab3
12128,-2108,-1808,8582,CD,1,D1_pwm150_grab3
12134,1300,-284,11588,CD,1,D1_pwm150_grab3
12139,-54,-1550,8736,CD,1,D1_pwm150_grab3
12143,-3720,2686,13798,CD,1,D1_pwm150_grab3
12149,-446,188,10056,CD,1,D1_pwm150_grab3
12153,-1146,-362,11100,CD,1,D1_pwm150_grab3
12163,-1494,-2938,9472,CD,1,D1_pwm150_grab3
12169,332,226,9996,CD,1,D1_pwm150_grab3
12173,56,-1656,10540,CD,1,D1_pwm150_grab3
12178,2004,-954,8092,CD,1,D1_pwm150_grab3
12183,1084,444,9078,CD,1,D1_pwm150_grab3
12188,62,1656,12738,CD,1,D1_pwm150_grab3
12194,-2850,-3152,7884,CD,1,D1_pwm150_grab3
12199,202,-1756,10378,CD,1,D1_pwm150_grab3
12203,892,-1390,9512,CD,1,D1_pwm150_grab3
12213,-714,-542,10172,CD,1,D1_pwm150_grab3
12219,-828,-1070,10462,CD,1,D1_pwm150_grab3
12229,1128,2404,12542,CD,1,D1_pwm150_grab3
12234,1414,42,10150,CD,1,D1_pwm150_grab3
12239,-2768,-2512,10318,CD,1,D1_pwm150_grab3
12243,946,-964,9022,CD,1,D1_pwm150_grab3
12248,742,-876,8826,CD,1,D1_pwm150_grab3
12253,240,548,12056,CD,1,D1_pwm150_grab3
12259,-2376,-3696,8164,CD,1,D1_pwm150_grab3
12264,-410,-1964,10000,CD,1,D1_pwm150_grab3
12269,-888,-58,8966,CD,1,D1_pwm150_grab3
12274,1910,2802,12304,CD,1,D1_pwm150_grab3
12278,-562,-1582,9854,CD,1,D1_pwm150_grab3
12283,260,-754,10250,CD,1,D1_pwm150_grab3
12293,1568,2784,12816,CD,1,D1_pwm150_grab3
12298,1684,-784,10044,CD,1,D1_pwm150_grab3
12308,346,-246,9736,CD,1,D1_pwm150_grab3
12314,414,1868,10886,CD,1,D1_pwm150_grab3
12319,2546,-1168,11272,CD,1,D1_pwm150_grab3
12323,-1692,-3052,9402,CD,1,D1_pwm150_grab3
12328,-620,-1092,9620,CD,1,D1_pwm150_grab3
12333,370,502,10432,CD,1,D1_pwm150_grab3
12339,3854,1154,10064,CD,1,D1_pwm150_grab3
12344,-88,-1970,9336,CD,1,D1_pwm150_grab3
12349,1440,514,10710,CD,1,D1_pwm150_grab3
12353,-20,-708,8960,CD,1,D1_pwm150_grab3
12359,1728,1494,12410,CD,1,D1_pwm150_grab3
12364,1002,-1280,9696,CD,1,D1_pwm150_grab3
12375,-704,-228,10248,CD,1,D1_pwm150_grab3
12379,-890,-1146,10668,CD,1,D1_pwm150_grab3
12390,876,2238,12702,CD,1,D1_pwm150_grab3
12395,1260,12,10122,CD,1,D1_pwm150_grab3
12400,-2186,-2360,10490,CD,1,D1_pwm150_grab3
12404,1070,-1248,8864,CD,1,D1_pwm150_grab3
12409,1092,1392,9908,CD,1,D1_pwm150_grab3
12416,4186,-1516,9394,CD,1,D1_pwm150_grab3
12419,-2474,-3700,8072,CD,1,D1_pwm150_grab3
12424,-318,-2042,9960,CD,1,D1_pwm150_grab3
12429,-1104,-194,8910,CD,1,D1_pwm150_grab3
12440,-670,-1524,10068,CD,1,D1_pwm150_grab3
12444,96,-1096,10182,CD,1,D1_pwm150_grab3
12449,3564,-118,7858,CD,1,D1_pwm150_grab3
12454,1596,424,12046,CD,1,D1_pwm150_grab3
12460,1716,-678,10108,CD,1,D1_pwm150_grab3
12470,530,-378,9632,CD,1,D1_pwm150_grab3
12474,572,1952,10906,CD,1,D1_pwm150_grab3
12479,2000,-864,11552,CD,1,D1_pwm150_grab3
12485,-1880,-3266,9026,CD,1,D1_pwm150_grab3
12489,-576,-1330,9624,CD,1,D1_pwm150_grab3
12494,276,-830,10716,CD,1,D1_pwm150_grab3
12499,2194,-940,8070,CD,1,D1_pwm150_grab3
12504,-200,-1804,9456,CD,1,D1_pwm150_grab3
12509,1310,138,10840,CD,1,D1_pwm150_grab3
12515,658,-322,9066,CD,1,D1_pwm150_grab3
12520,1824,1848,12374,CD,1,D1_pwm150_grab3
12525,1068,-1236,9852,CD,1,D1_pwm150_grab3
12534,-608,-36,10270,CD,1,D1_pwm150_grab3
12539,-820,-850,10904,CD,1,D1_pwm150_grab3
12544,4558,-1688,9158,CD,1,D1_pwm150_grab3
12549,-932,-1900,9818,CD,1,D1_pwm150_grab3
12555,-502,-362,9360,CD,1,D1_pwm150_grab3
12560,822,228,10618,CD,1,D1_pwm150_grab3
12564,3442,96,8506,CD,1,D1_pwm150_grab3
12569,470,-1658,8720,CD,1,D1_pwm150_grab3
12575,60,1206,12348,CD,1,D1_pwm150_grab3
12579,-2758,-3610,7926,CD,1,D1_pwm150_grab3
12585,128,-2068,10042,CD,1,D1_pwm150_grab3
12589,416,-1610,8950,CD,1,D1_pwm150_grab3
12600,-136,704,10124,CD,1,D1_pwm150_grab3
12614,1304,2714,12578,CD,1,D1_pwm150_grab3
12620,1592,-392,10188,CD,1,D1_pwm150_grab3
12624,-3642,-2318,10028,CD,1,D1_pwm150_grab3
12631,680,-952,8896,CD,1,D1_pwm150_grab3
12635,792,1752,10420,CD,1,D1_pwm150_grab3
12640,736,-190,12108,CD,1,D1_pwm150_grab3
12645,-2196,-3614,8152,CD,1,D1_pwm150_grab3
12650,-396,-1706,9806,CD,1,D1_pwm150_grab3
12656,610,-244,10728,CD,1,D1_pwm150_grab3
12661,2930,-270,8110,CD,2,D1_pwm150_grab3
12665,766,-1088,8916,CD,2,D1_pwm150_grab3
12670,568,1644,11142,CD,2,D1_pwm150_grab3
12675,2270,20,8534,CD,2,D1_pwm150_grab3
12681,1772,2518,12370,CD,2,D1_pwm150_grab3
12685,1392,-962,9992,CD,2,D1_pwm150_grab3
12695,-382,42,10084,CD,2,D1_pwm150_grab3
12701,-1144,-286,11150,CD,2,D1_pwm150_grab3
12710,-148,878,11692,CD,2,D1_pwm150_grab3
12716,-716,-912,9482,CD,2,D1_pwm150_grab3
12720,578,358,10378,CD,2,D1_pwm150_grab3
12726,3488,844,9676,CD,2,D1_pwm150_grab3
12731,90,-1596,9124,CD,2,D1_pwm150_grab3
12735,328,1558,12530,CD,2,D1_pwm150_grab3
12740,-2866,-3126,7724,CD,2,D1_pwm150_grab3
12746,560,-1716,10498,CD,2,D1_pwm150_grab3
12750,-796,-1112,8760,CD,2,D1_pwm150_grab3
12756,-874,3292,13960,CD,2,D1_pwm150_grab3
12760,160,408,9862,CD,2,D1_pwm150_grab3
12765,-830,940,11016,CD,2,D1_pwm150_grab3
12775,-720,-1306,10268,CD,2,D1_pwm150_grab3
12780,1152,74,10298,CD,2,D1_pwm150_grab3
12786,-1394,-2236,10482,CD,2,D1_pwm150_grab3
12791,1368,-796,8958,CD,2,D1_pwm150_grab3
12796,1160,1084,9730,CD,2,D1_pwm150_grab3
12801,776,1512,10892,CD,2,D1_pwm150_grab3
12806,-1778,-1824,8562,CD,2,D1_pwm150_grab3
12810,1304,-144,11776,CD,2,D1_pwm150_grab3
12815,156,-1610,8854,CD,2,D1_pwm150_grab3
12820,906,2602,12912,CD,2,D1_pwm150_grab3
12826,-764,-1248,10068,CD,2,D1_pwm150_grab3
12831,-392,-1040,10206,CD,2,D1_pwm150_grab3
12840,1432,2832,12432,CD,2,D1_pwm150_grab3
12846,188,200,9804,CD,2,D1_pwm150_grab3
12851,206,-1188,10648,CD,2,D1_pwm150_grab3
12855,2168,-688,8066,CD,2,D1_pwm150_grab3
12861,748,1710,10284,CD,2,D1_pwm150_grab3
12866,534,-318,11814,CD,2,D1_pwm150_grab3
12870,-2202,-3800,8152,CD,2,D1_pwm150_grab3
12875,-442,-1810,9818,CD,2,D1_pwm150_grab3
12880,-772,162,9082,CD,2,D1_pwm150_grab3
12886,1876,1856,11582,CD,2,D1_pwm150_grab3
12891,-614,-1726,9710,CD,2,D1_pwm150_grab3
12897,254,-670,10248,CD,2,D1_pwm150_grab3
12901,-1408,-876,9130,CD,2,D1_pwm150_grab3
12906,1492,178,11694,CD,2,D1_pwm150_grab3
12911,338,-1436,9112,CD,2,D1_pwm150_grab3
12921,50,472,10064,CD,2,D1_pwm150_grab3
12926,-924,130,11170,CD,2,D1_pwm150_grab3
12931,1026,-446,11546,CD,2,D1_pwm150_grab3
12936,-1924,-3458,8926,CD,2,D1_pwm150_grab3
12942,-218,-70,9560,CD,2,D1_pwm150_grab3
12947,518,-314,10726,CD,2,D1_pwm150_grab3
12952,2858,-592,8002,CD,2,D1_pwm150_grab3
12956,708,-810,8804,CD,2,D1_pwm150_grab3
12961,648,1648,11452,CD,2,D1_pwm150_grab3
12967,-1992,-1136,8944,CD,2,D1_pwm150_grab3
12972,1504,2496,12848,CD,2,D1_pwm150_grab3
12976,1668,-858,10014,CD,2,D1_pwm150_grab3
12986,-138,0,9876,CD,2,D1_pwm150_grab3
12992,-1224,-176,11088,CD,2,D1_pwm150_grab3
13002,-232,-194,10766,CD,2,D1_pwm150_grab3
13006,-2,36,9716,CD,2,D1_pwm150_grab3
13011,344,-930,10640,CD,2,D1_pwm150_grab3
13021,848,-298,9072,CD,2,D1_pwm150_grab3
13026,530,1720,11724,CD,2,D1_pwm150_grab3
13032,-2386,-1740,8696,CD,2,D1_pwm150_grab3
13036,1036,-776,11180,CD,2,D1_pwm150_grab3
13041,-270,-1334,8868,CD,2,D1_pwm150_grab3
13052,-314,-384,9852,CD,2,D1_pwm150_grab3
13057,286,1356,10924,CD,2,D1_pwm150_grab3
13067,-224,408,11294,CD,2,D1_pwm150_grab3
13071,336,130,9820,CD,2,D1_pwm150_grab3
13076,-76,-1468,10482,CD,2,D1_pwm150_grab3
13082,1990,-598,8268,CD,2,D1_pwm150_grab3
13087,1028,332,9360,CD,2,D1_pwm150_grab3
13091,450,1794,12128,CD,2,D1_pwm150_grab3
13097,-2698,-1988,8616,CD,2,D1_pwm150_grab3
13102,782,-1018,10824,CD,2,D1_pwm150_grab3
13106,-492,-1188,8764,CD,2,D1_pwm150_grab3
13116,-484,-604,9846,CD,2,D1_pwm150_grab3
13121,-1016,-796,10836,CD,2,D1_pwm150_grab3
13131,-132,682,11518,CD,2,D1_pwm150_grab3
13136,550,-58,9916,CD,2,D1_pwm150_grab3
13148,738,62,9490,CD,2,D1_pwm150_grab3
13152,554,1626,10552,CD,2,D1_pwm150_grab3
13157,914,-222,11484,CD,2,D1_pwm150_grab3
13163,-1852,-2954,9152,CD,2,D1_pwm150_grab3
13167,-502,-1530,9790,CD,2,D1_pwm150_grab3
13173,-400,-112,9192,CD,2,D1_pwm150_grab3
13178,2254,874,10614,CD,2,D1_pwm150_grab3
13182,728,-26,9324,CD,2,D1_pwm150_grab3
13187,722,136,10702,CD,2,D1_pwm150_grab3
13193,2852,-732,7710,CD,2,D1_pwm150_grab3
13197,1466,2178,12604,CD,2,D1_pwm150_grab3
13203,1590,-948,9888,CD,2,D1_pwm150_grab3
13213,862,464,9924,CD,2,D1_pwm150_grab3
13217,464,1044,10438,CD,2,D1_pwm150_grab3
13227,-1668,-2636,9572,CD,2,D1_pwm150_grab3
13232,-468,-1278,9810,CD,2,D1_pwm150_grab3
13237,-248,-290,9534,CD,2,D1_pwm150_grab3
13242,2768,366,10308,CD,2,D1_pwm150_grab3
13248,-592,-1534,9656,CD,2,D1_pwm150_grab3
13253,1012,418,10960,CD,2,D1_pwm150_grab3
13258,2286,-968,7990,CD,2,D1_pwm150_grab3
13263,1220,-354,11344,CD,2,D1_pwm150_grab3
13268,-102,-858,9028,CD,2,D1_pwm150_grab3
13278,832,440,10078,CD,2,D1_pwm150_grab3
13282,444,858,10674,CD,2,D1_pwm150_grab3
13287,1708,-842,10936,CD,2,D1_pwm150_grab3
13292,-1610,-2518,9804,CD,2,D1_pwm150_grab3
13298,-512,-1154,9736,CD,2,D1_pwm150_grab3
13302,214,-1842,10008,CD,2,D1_pwm150_grab3
13308,2208,4,8590,CD,2,D1_pwm150_grab3
13313,-464,-1212,9684,CD,2,D1_pwm150_grab3
13317,1176,714,11208,CD,2,D1_pwm150_grab3
13322,1922,-916,8258,CD,2,D1_pwm150_grab3
13327,1582,1858,12480,CD,2,D1_pwm150_grab3
13332,1400,-962,9924,CD,2,D1_pwm150_grab3
13342,-454,-1292,9408,CD,2,D1_pwm150_grab3
13348,-1334,-956,10614,CD,2,D1_pwm150_grab3
13357,-1456,-2298,9620,CD,2,D1_pwm150_grab3
13362,-410,-958,9650,CD,2,D1_pwm150_grab3
13368,44,-540,9720,CD,2,D1_pwm150_grab3
13372,3052,-120,9738,CD,2,D1_pwm150_grab3
13378,-344,-1158,9504,CD,2,D1_pwm150_grab3
13382,1202,894,11420,CD,2,D1_pwm150_grab3
13387,-2704,-2392,8188,CD,2,D1_pwm150_grab3
13392,880,-860,11026,CD,2,D1_pwm150_grab3
13399,-388,-722,8956,CD,2,D1_pwm150_grab3
13409,-544,-1296,9494,CD,2,D1_pwm150_grab3
13414,-1260,-970,10516,CD,2,D1_pwm150_grab3
13429,1638,-752,9876,CD,2,D1_pwm150_grab3
13433,-3376,-712,10638,CD,2,D1_pwm150_grab3
13440,1114,926,9916,CD,2,D1_pwm150_grab3
13443,976,908,9690,CD,2,D1_pwm150_grab3
13449,690,1564,12298,CD,2,D1_pwm150_grab3
13454,-2840,-2356,8316,CD,2,D1_pwm150_grab3
13458,986,-938,10892,CD,2,D1_pwm150_grab3
13464,-680,148,9296,CD,2,D1_pwm150_grab3
13469,1446,692,11020,CD,2,D1_pwm150_grab3
13473,-748,-1988,9522,CD,2,D1_pwm150_grab3
13478,132,88,10524,CD,2,D1_pwm150_grab3
13489,-22,754,11342,CD,2,D1_pwm150_grab3
13494,224,-136,9860,CD,2,D1_pwm150_grab3
13499,-104,-2258,9998,CD,2,D1_pwm150_grab3
13504,2176,-370,8402,CD,2,D1_pwm150_grab3
13508,854,1372,10576,CD,2,D1_pwm150_grab3
13513,458,-422,11368,CD,2,D1_pwm150_grab3
13518,-2164,-3010,9216,CD,2,D1_pwm150_grab3
13524,-352,-1480,9940,CD,2,D1_pwm150_grab3
13528,-558,-718,9006,CD,2,D1_pwm150_grab3
13538,-646,-1168,9600,CD,2,D1_pwm150_grab3
13544,-1222,-1108,10524,CD,2,D1_pwm150_grab3
13548,3816,-752,7806,CD,2,D1_pwm150_grab3
13553,1244,2230,12656,CD,2,D1_pwm150_grab3
13559,1696,-824,9940,CD,2,D1_pwm150_grab3
13563,-3552,-530,10698,CD,2,D1_pwm150_grab3
13569,2122,-32,8654,CD,2,D1_pwm150_grab3
13574,1000,990,9614,CD,2,D1_pwm150_grab3
13578,456,1532,12602,CD,2,D1_pwm150_grab3
13583,-2912,-2298,8260,CD,2,D1_pwm150_grab3
13589,-278,-1470,9814,CD,2,D1_pwm150_grab3
13594,-602,-38,9202,CD,2,D1_pwm150_grab3
13598,2138,718,10970,CD,2,D1_pwm150_grab3
13603,-728,-1700,9674,CD,2,D1_pwm150_grab3
13608,272,-62,10684,CD,2,D1_pwm150_grab3
13618,354,868,11370,CD,2,D1_pwm150_grab3
13623,370,-148,9836,CD,2,D1_pwm150_grab3
13629,-3722,-220,10750,CD,2,D1_pwm150_grab3
13633,1036,610,9776,CD,2,D1_pwm150_grab3
13639,806,1338,10588,CD,2,D1_pwm150_grab3
13644,660,-556,11428,CD,2,D1_pwm150_grab3
13648,-2158,-2762,8894,CD,2,D1_pwm150_grab3
13654,-244,-1314,9922,CD,2,D1_pwm150_grab3
13659,-560,-198,9118,CD,2,D1_pwm150_grab3
13665,1980,636,10920,CD,2,D1_pwm150_grab3
13669,648,60,9612,CD,2,D1_pwm150_grab3
13674,1068,1756,11084,CD,2,D1_pwm150_grab3
13680,-1574,-1800,8382,CD,2,D1_pwm150_grab3
13684,1346,-112,11696,CD,2,D1_pwm150_grab3
13689,372,-964,9250,CD,2,D1_pwm150_grab3
13700,1146,774,9738,CD,2,D1_pwm150_grab3
13704,758,1126,10604,CD,2,D1_pwm150_grab3
13714,-480,-464,10944,CD,2,D1_pwm150_grab3
13719,-110,-232,9576,CD,2,D1_pwm150_grab3
13724,384,-1784,10128,CD,2,D1_pwm150_grab3
13729,2754,-332,7904,CD,2,D1_pwm150_grab3
13735,604,44,9594,CD,2,D1_pwm150_grab3
13739,142,276,10882,CD,2,D1_pwm150_grab3
13745,3624,-264,7756,CD,2,D1_pwm150_grab3
13749,1482,40,11564,CD,2,D1_pwm150_grab3
13754,470,-1082,9286,CD,2,D1_pwm150_grab3
13764,74,-334,9800,CD,2,D1_pwm150_grab3
13770,-874,-598,10548,CD,2,D1_pwm150_grab3
13779,-430,-704,10476,CD,2,D1_pwm150_grab3
13785,-460,-1448,10008,CD,2,D1_pwm150_grab3
13790,438,-1462,10196,CD,2,D1_pwm150_grab3
13795,2868,-420,7904,CD,2,D1_pwm150_grab3
13799,576,30,9496,CD,2,D1_pwm150_grab3
13805,1146,1732,11522,CD,2,D1_pwm150_grab3
13809,-1304,-1260,8610,CD,2,D1_pwm150_grab3
13814,1522,106,11542,CD,2,D1_pwm150_grab3
13820,374,-1066,9212,CD,2,D1_pwm150_grab3
13829,102,-254,9742,CD,2,D1_pwm150_grab3
13834,-840,-512,10680,CD,2,D1_pwm150_grab3
13844,-286,-688,10346,CD,2,D1_pwm150_grab3
13849,-300,-276,9572,CD,2,D1_pwm150_grab3
13854,436,-1370,10176,CD,2,D1_pwm150_grab3
13859,2788,-290,8090,CD,2,D1_pwm150_grab3
13864,548,-100,9374,CD,2,D1_pwm150_grab3
13870,1030,1716,11482,CD,2,D1_pwm150_grab3
13875,-1364,-1586,8352,CD,2,D1_pwm150_grab3
13880,1394,106,11580,CD,2,D1_pwm150_grab3
13885,436,-996,9100,CD,2,D1_pwm150_grab3
13894,36,-344,9600,CD,2,D1_pwm150_grab3
13899,-1018,-514,10676,CD,2,D1_pwm150_grab3
13911,852,2036,12354,CD,2,D1_pwm150_grab3
13915,1300,-450,10014,CD,2,D1_pwm150_grab3
13921,-1450,-1470,10522,CD,2,D1_pwm150_grab3
13925,1572,534,9620,CD,2,D1_pwm150_grab3
13930,1300,1404,10288,CD,2,D1_pwm150_grab3
13935,156,388,12250,CD,2,D1_pwm150_grab3
13941,-2908,-3236,8270,CD,2,D1_pwm150_grab3
13946,220,-1624,10084,CD,2,D1_pwm150_grab3
13952,322,-822,10202,CD,2,D1_pwm150_grab3
13956,86,1474,12724,CD,2,D1_pwm150_grab3
13961,-1060,-1858,9640,CD,2,D1_pwm150_grab3
13966,-698,-716,10462,CD,2,D1_pwm150_grab3
13976,1032,2094,12160,CD,2,D1_pwm150_grab3
13981,1300,-502,9920,CD,2,D1_pwm150_grab3
13985,-1418,-1600,10434,CD,2,D1_pwm150_grab3
13991,598,122,9988,CD,2,D1_pwm150_grab3
13995,1284,1450,10270,CD,2,D1_pwm150_grab3
14000,110,384,12254,CD,2,D1_pwm150_grab3
14006,-2898,-3484,8250,CD,2,D1_pwm150_grab3
14010,-2,-1714,10006,CD,2,D1_pwm150_grab3
14016,-628,-54,9358,CD,2,D1_pwm150_grab3
14025,-998,-1934,9576,CD,2,D1_pwm150_grab3
14030,1724,1288,11420,CD,2,D1_pwm150_grab3
14036,754,-676,8734,CD,2,D1_pwm150_grab3
14040,1128,2198,12350,CD,2,D1_pwm150_grab3
14046,1258,-410,9944,CD,2,D1_pwm150_grab3
14051,-1548,-1668,10414,CD,2,D1_pwm150_grab3
14055,1606,850,9934,CD,2,D1_pwm150_grab3
14061,1186,1552,10088,CD,2,D1_pwm150_grab3
14066,44,502,12048,CD,2,D1_pwm150_grab3
14070,-2844,-3410,8344,CD,2,D1_pwm150_grab3
14076,-354,-726,9564,CD,2,D1_pwm150_grab3
14081,-706,-10,9334,CD,2,D1_pwm150_grab3
14085,190,1722,12714,CD,2,D1_pwm150_grab3
14090,-978,-1974,9626,CD,2,D1_pwm150_grab3
14095,-676,-764,10176,CD,2,D1_pwm150_grab3
14105,916,2032,12598,CD,2,D1_pwm150_grab3
14110,1316,-402,9900,CD,2,D1_pwm150_grab3
14120,666,502,9982,CD,2,D1_pwm150_grab3
14126,1180,1604,10296,CD,2,D1_pwm150_grab3
14130,142,580,11922,CD,2,D1_pwm150_grab3
14135,-2924,-3204,8626,CD,2,D1_pwm150_grab3
14141,128,-1756,10078,CD,2,D1_pwm150_grab3
14145,-654,-58,9446,CD,2,D1_pwm150_grab3
14150,44,1806,12702,CD,2,D1_pwm150_grab3
14156,-184,-1058,9300,CD,2,D1_pwm150_grab3
14160,1400,1234,11486,CD,2,D1_pwm150_grab3
14166,924,-864,8460,CD,2,D1_pwm150_grab3
14172,1648,1352,11986,CD,2,D1_pwm150_grab3
14176,1000,-1180,9708,CD,2,D1_pwm150_grab3
14187,564,500,9904,CD,2,D1_pwm150_grab3
14192,-202,418,10614,CD,2,D1_pwm150_grab3
14201,188,1144,11652,CD,2,D1_pwm150_grab3
14206,428,-238,9956,CD,2,D1_pwm150_grab3
14211,446,-528,10246,CD,2,D1_pwm150_grab3
14217,3018,-304,8852,CD,2,D1_pwm150_grab3
14222,-22,-1080,9312,CD,2,D1_pwm150_grab3
14226,1500,1406,11300,CD,2,D1_pwm150_grab3
14231,626,-1040,8344,CD,2,D1_pwm150_grab3
14237,762,-1286,10538,CD,2,D1_pwm150_grab3
14242,-676,-544,9114,CD,2,D1_pwm150_grab3
14252,574,378,9906,CD,2,D1_pwm150_grab3
14256,-276,482,10426,CD,2,D1_pwm150_grab3
14262,3252,-1544,9628,CD,2,D1_pwm150_grab3
14267,-1132,-1852,10096,CD,2,D1_pwm150_grab3
14271,-436,-602,9454,CD,2,D1_pwm150_grab3
14276,-328,-2240,9954,CD,2,D1_pwm150_grab3
14282,2078,92,8786,CD,2,D1_pwm150_grab3
14286,1098,1200,9778,CD,2,D1_pwm150_grab3
14291,408,1422,12804,CD,2,D1_pwm150_grab3
14296,482,-1176,8346,CD,2,D1_pwm150_grab3
14301,1476,1054,12226,CD,2,D1_pwm150_grab3
14307,966,-1254,9598,CD,2,D1_pwm150_grab3
14316,-680,-1350,9620,CD,2,D1_pwm150_grab3
14322,-1246,-1104,10586,CD,2,D1_pwm150_grab3
14332,580,1392,11696,CD,2,D1_pwm150_grab3
14336,-418,-532,9534,CD,2,D1_pwm150_grab3
14342,256,-770,10400,CD,2,D1_pwm150_grab3
14347,3044,-286,8466,CD,2,D1_pwm150_grab3
14351,-76,-876,9634,CD,2,D1_pwm150_grab3
14357,274,1336,12696,CD,2,D1_pwm150_grab3
14361,-2954,-3034,8044,CD,2,D1_pwm150_grab3
14367,558,-1306,10564,CD,2,D1_pwm150_grab3
14371,-662,-402,9118,CD,2,D1_pwm150_grab3
14381,572,110,10060,CD,2,D1_pwm150_grab3
14386,-120,320,10668,CD,2,D1_pwm150_grab3
14392,3354,-1876,9610,CD,2,D1_pwm150_grab3
14396,462,1486,12032,CD,2,D1_pwm150_grab3
14401,534,-256,9968,CD,2,D1_pwm150_grab3
14406,-544,-2308,9848,CD,2,D1_pwm150_grab3
14411,1774,138,9136,CD,2,D1_pwm150_grab3
14416,1110,1212,9842,CD,2,D1_pwm150_grab3
14422,376,1386,12500,CD,2,D1_pwm150_grab3
14428,-2860,-3184,7980,CD,2,D1_pwm150_grab3
14433,530,-1356,10508,CD,2,D1_pwm150_grab3
14437,-432,178,9394,CD,2,D1_pwm150_grab3
14443,1944,334,10470,CD,2,D1_pwm150_grab3
14447,-742,-1688,9456,CD,2,D1_pwm150_grab3
14452,188,160,10936,CD,2,D1_pwm150_grab3
14458,3308,104,8320,CD,2,D1_pwm150_grab3
14464,1564,2216,12188,CD,2,D1_pwm150_grab3
14467,598,-102,9878,CD,2,D1_pwm150_grab3
14472,-564,-2560,9912,CD,2,D1_pwm150_grab3
14477,1058,928,9738,CD,2,D1_pwm150_grab3
14482,586,1232,10600,CD,2,D1_pwm150_grab3
14487,668,-988,11042,CD,2,D1_pwm150_grab3
14492,-2074,-3214,8866,CD,2,D1_pwm150_grab3
14498,-472,-1312,9886,CD,2,D1_pwm150_grab3
14502,-442,374,9374,CD,2,D1_pwm150_grab3
14512,-608,-1202,9702,CD,2,D1_pwm150_grab3
14518,248,140,10780,CD,2,D1_pwm150_grab3
14522,3472,-248,7942,CD,2,D1_pwm150_grab3
14527,1416,2204,12376,CD,2,D1_pwm150_grab3
14532,1624,-926,9886,CD,2,D1_pwm150_grab3
14538,-3614,-556,10592,CD,2,D1_pwm150_grab3
14543,980,756,9820,CD,2,D1_pwm150_grab3
14547,612,1422,10542,CD,2,D1_pwm150_grab3
14552,578,1524,12578,CD,2,D1_pwm150_grab3
14558,-2142,-3024,9224,CD,2,D1_pwm150_grab3
14562,-324,-1306,9908,CD,2,D1_pwm150_grab3
14567,-528,246,9474,CD,2,D1_pwm150_grab3
14572,1864,702,10558,CD,2,D1_pwm150_grab3
14577,-632,-1770,9576,CD,2,D1_pwm150_grab3
14582,430,64,10678,CD,2,D1_pwm150_grab3
14588,3310,-360,7976,CD,2,D1_pwm150_grab3
14592,248,1228,11580,CD,2,D1_pwm150_grab3
14598,1634,-1020,9922,CD,2,D1_pwm150_grab3
14608,1006,606,9868,CD,2,D1_pwm150_grab3
14613,662,1378,10696,CD,2,D1_pwm150_grab3
14617,838,-1002,11090,CD,2,D1_pwm150_grab3
14623,-2108,-2856,9512,CD,2,D1_pwm150_grab3
14627,-316,-1188,9832,CD,2,D1_pwm150_grab3
14632,-568,108,9520,CD,2,D1_pwm150_grab3
14642,-662,-1790,9596,CD,2,D1_pwm150_grab3
14647,632,46,10776,CD,2,D1_pwm150_grab3
14652,2974,-198,8428,CD,2,D1_pwm150_grab3
14657,1460,2124,12500,CD,2,D1_pwm150_grab3
14662,1610,-1098,9924,CD,2,D1_pwm150_grab3
14672,986,678,10090,CD,2,D1_pwm150_grab3
14678,594,1256,10786,CD,2,D1_pwm150_grab3
14689,-214,158,10960,CD,2,D1_pwm150_grab3
14693,-64,-8,9760,CD,2,D1_pwm150_grab3
14698,302,-1806,10142,CD,2,D1_pwm150_grab3
14704,2416,-304,8290,CD,2,D1_pwm150_grab3
14708,816,276,9490,CD,2,D1_pwm150_grab3
14713,708,1862,11532,CD,2,D1_pwm150_grab3
14720,-2708,-3656,8204,CD,2,D1_pwm150_grab3
14723,1046,-694,11190,CD,2,D1_pwm150_grab3
14728,-48,-1012,8902,CD,2,D1_pwm150_grab3
14738,-326,-748,9594,CD,2,D1_pwm150_grab3
14743,-1270,-906,10486,CD,2,D1_pwm150_grab3
14753,-330,448,11292,CD,2,D1_pwm150_grab3
14759,168,46,9742,CD,2,D1_pwm150_grab3
14763,150,-2132,10080,CD,2,D1_pwm150_grab3
14769,2112,-436,8152,CD,2,D1_pwm150_grab3
14773,862,528,9532,CD,2,D1_pwm150_grab3
14778,710,1880,11866,CD,2,D1_pwm150_grab3
14784,-2452,-2348,8290,CD,2,D1_pwm150_grab3
14788,1076,-914,11014,CD,2,D1_pwm150_grab3
14793,-216,-936,8822,CD,2,D1_pwm150_grab3
14804,-894,-2014,9624,CD,2,D1_pwm150_grab3
14808,-1214,-1112,10492,CD,2,D1_pwm150_grab3
14818,-174,598,11440,CD,2,D1_pwm150_grab3
14823,250,-22,9850,CD,2,D1_pwm150_grab3
14828,2,-2116,10300,CD,2,D1_pwm150_grab3
14833,2238,-610,8114,CD,2,D1_pwm150_grab3
14838,902,656,9458,CD,2,D1_pwm150_grab3
14843,444,-268,11390,CD,2,D1_pwm150_grab3
14848,-2658,-2272,8294,CD,2,D1_pwm150_grab3
14853,1000,-974,10800,CD,2,D1_pwm150_grab3
14859,-408,-916,8860,CD,2,D1_pwm150_grab3
14868,-470,-672,9902,CD,2,D1_pwm150_grab3
14873,-1128,-1170,10494,CD,2,D1_pwm150_grab3
14883,1262,2340,12706,CD,2,D1_pwm150_grab3
14889,1682,-902,9914,CD,2,D1_pwm150_grab3
14894,-24,-2114,10130,CD,2,D1_pwm150_grab3
14898,2180,-566,8326,CD,2,D1_pwm150_grab3
14904,998,786,9478,CD,2,D1_pwm150_grab3
14909,542,1722,12740,CD,2,D1_pwm150_grab3
14913,-2802,-2552,8248,CD,2,D1_pwm150_grab3
14918,768,-1206,10602,CD,2,D1_pwm150_grab3
14923,-664,196,9374,CD,2,D1_pwm150_grab3
14929,2104,1140,11074,CD,2,D1_pwm150_grab3
14934,-778,-1892,9686,CD,2,D1_pwm150_grab3
14940,336,-210,10594,CD,2,D1_pwm150_grab3
14944,3546,-128,8236,CD,2,D1_pwm150_grab3
14949,1392,2312,12564,CD,2,D1_pwm150_grab3
14954,1660,-1052,9956,CD,2,D1_pwm150_grab3
14959,-3710,-568,10432,CD,2,D1_pwm150_grab3
14964,-52,-134,9682,CD,2,D1_pwm150_grab3
14969,-1122,-558,10576,CD,2,D1_pwm150_grab3
14979,-2292,-3122,9036,CD,2,D1_pwm150_grab3
14984,-206,-1314,9792,CD,2,D1_pwm150_grab3
14989,-532,206,9442,CD,2,D1_pwm150_grab3
14994,2544,582,10668,CD,2,D1_pwm150_grab3
14999,-690,-1684,9582,CD,2,D1_pwm150_grab3
15005,842,1926,11342,CD,2,D1_pwm150_grab3
15009,-1726,-2134,8290,CD,2,D1_pwm150_grab3
15014,1206,-514,11362,CD,2,D1_pwm150_grab3
15020,1480,-1124,9918,CD,2,D1_pwm150_grab3
15024,-4000,-48,10642,CD,2,D1_pwm150_grab3
15030,1022,798,9830,CD,2,D1_pwm150_grab3
15034,670,1280,10770,CD,2,D1_pwm150_grab3
15039,1290,-1314,10990,CD,2,D1_pwm150_grab3
15044,-342,234,11216,CD,2,D1_pwm150_grab3
15049,62,6,9702,CD,2,D1_pwm150_grab3
15055,278,-1914,10276,CD,2,D1_pwm150_grab3
15059,2306,-600,7930,CD,2,D1_pwm150_grab3
15064,-614,-1714,9366,CD,2,D1_pwm150_grab3
15069,612,360,11226,CD,2,D1_pwm150_grab3
15074,2360,-154,8552,CD,2,D1_pwm150_grab3
15080,1668,2024,12224,CD,2,D1_pwm150_grab3
15085,-94,-1032,8782,CD,2,D1_pwm150_grab3
15095,-294,-488,9866,CD,2,D1_pwm150_grab3
15099,-1122,-1090,10522,CD,2,D1_pwm150_grab3
15105,1836,-1446,10532,CD,2,D1_pwm150_grab3
15109,-1582,-2770,9328,CD,2,D1_pwm150_grab3
15114,-660,-956,9718,CD,2,D1_pwm150_grab3
15120,116,162,10048,CD,2,D1_pwm150_grab3
15124,2294,-756,8022,CD,2,D1_pwm150_grab3
15129,928,634,9380,CD,2,D1_pwm150_grab3
15135,724,1850,12526,CD,2,D1_pwm150_grab3
15139,-2650,-2460,8180,CD,2,D1_pwm150_grab3
15145,972,-1114,10764,CD,2,D1_pwm150_grab3
15150,1264,-1264,9774,CD,2,D1_pwm150_grab3
15159,640,778,10044,CD,2,D1_pwm150_grab3
15165,-1134,-1224,10540,CD,2,D1_pwm150_grab3
15174,174,1136,11360,CD,2,D1_pwm150_grab3
15179,364,-10,10032,CD,2,D1_pwm150_grab3
15185,-96,-2270,10040,CD,2,D1_pwm150_grab3
15190,2132,-554,8482,CD,2,D1_pwm150_grab3
15195,994,862,9576,CD,2,D1_pwm150_grab3
15201,378,1640,12894,CD,2,D1_pwm150_grab3
15206,-2308,-3158,9188,CD,2,D1_pwm150_grab3
15210,-350,-1232,9814,CD,2,D1_pwm150_grab3
15215,-496,268,9550,CD,2,D1_pwm150_grab3
15220,2662,820,10704,CD,2,D1_pwm150_grab3
15225,-688,-1854,9616,CD,2,D1_pwm150_grab3
15230,588,72,10786,CD,2,D1_pwm150_grab3
15240,638,1828,11904,CD,2,D1_pwm150_grab3
15245,1524,-1200,9956,CD,2,D1_pwm150_grab3
15255,880,686,10106,CD,2,D1_pwm150_grab3
15261,618,1388,10824,CD,2,D1_pwm150_grab3
15265,1596,-1432,10848,CD,2,D1_pwm150_grab3
15270,-1944,-3020,9156,CD,2,D1_pwm150_grab3
15275,288,-1794,10226,CD,2,D1_pwm150_grab3
15280,-690,-384,8976,CD,2,D1_pwm150_grab3
15290,-528,-1778,9396,CD,2,D1_pwm150_grab3
15295,974,552,11268,CD,2,D1_pwm150_grab3
15300,1930,-40,8986,CD,2,D1_pwm150_grab3
15306,1696,1912,12270,CD,2,D1_pwm150_grab3
15310,1192,-1314,9840,CD,2,D1_pwm150_grab3
15320,1510,-72,9420,CD,2,D1_pwm150_grab3
15325,1202,1644,10140,CD,2,D1_pwm150_grab3
15330,2590,-1846,10184,CD,2,D1_pwm150_grab3
15335,-1450,-2572,9492,CD,2,D1_pwm150_grab3
15341,-602,-710,9660,CD,2,D1_pwm150_grab3
15345,246,220,10576,CD,2,D1_pwm150_grab3
15351,3350,-94,9454,CD,2,D1_pwm150_grab3
15355,-266,-1720,9106,CD,2,D1_pwm150_grab3
15361,-672,-1364,9984,CD,2,D1_pwm150_grab3
15370,1684,1356,12028,CD,2,D1_pwm150_grab3
15375,986,-1388,9562,CD,2,D1_pwm150_grab3
15385,504,788,10082,CD,2,D1_pwm150_grab3
15390,-270,820,10872,CD,2,D1_pwm150_grab3
15395,3476,-1842,9316,CD,2,D1_pwm150_grab3
15401,-1092,-2032,9830,CD,2,D1_pwm150_grab3
15405,-10,-1832,9928,CD,2,D1_pwm150_grab3
15410,534,24,10808,CD,2,D1_pwm150_grab3
15416,3202,-252,8504,CD,2,D1_pwm150_grab3
15421,92,-1412,9100,CD,2,D1_pwm150_grab3
15425,1430,1510,11102,CD,2,D1_pwm150_grab3
15430,144,-1100,8722,CD,2,D1_pwm150_grab3
15435,1550,744,12014,CD,2,D1_pwm150_grab3
15440,806,-1510,9348,CD,2,D1_pwm150_grab3
15452,-874,-958,10018,CD,2,D1_pwm150_grab3
15456,-974,-1258,10462,CD,2,D1_pwm150_grab3
15467,848,2138,12100,CD,2,D1_pwm150_grab3
15471,978,-186,10174,CD,2,D1_pwm150_grab3
15477,-638,-2518,10052,CD,2,D1_pwm150_grab3
15482,1766,-100,9154,CD,2,D1_pwm150_grab3
15486,1172,1536,9926,CD,2,D1_pwm150_grab3
15492,178,878,12558,CD,2,D1_pwm150_grab3
15496,-2940,-3888,7776,CD,2,D1_pwm150_grab3
15502,76,-2014,9934,CD,2,D1_pwm150_grab3
15506,-658,-114,9106,CD,2,D1_pwm150_grab3
15516,-922,-1510,9892,CD,2,D1_pwm150_grab3
15521,-882,-1148,10174,CD,2,D1_pwm150_grab3
15531,1084,2560,12502,CD,2,D1_pwm150_grab3
15536,1278,-198,10056,CD,2,D1_pwm150_grab3
15542,-1358,-2518,10142,CD,2,D1_pwm150_grab3
15546,1480,138,9590,CD,2,D1_pwm150_grab3
15552,1182,1686,10092,CD,2,D1_pwm150_grab3
15557,192,428,11998,CD,2,D1_pwm150_grab3
15561,-2890,-4054,8032,CD,2,D1_pwm150_grab3
15567,-6,-1980,10024,CD,2,D1_pwm150_grab3
15572,304,42,10822,CD,2,D1_pwm150_grab3
15581,-898,-1768,9922,CD,2,D1_pwm150_grab3
15587,-592,-1074,10038,CD,2,D1_pwm150_grab3
15597,1064,2596,12752,CD,2,D1_pwm150_grab3
15601,1494,-456,10010,CD,2,D1_pwm150_grab3
15606,-2252,-2316,10150,CD,2,D1_pwm150_grab3
15611,556,770,10180,CD,2,D1_pwm150_grab3
15616,1090,1812,10482,CD,2,D1_pwm150_grab3
15621,402,-6,11616,CD,2,D1_pwm150_grab3
15626,-2720,-3762,8454,CD,2,D1_pwm150_grab3
15631,-162,-1806,9886,CD,2,D1_pwm150_grab3
15636,-740,324,9436,CD,2,D1_pwm150_grab3
15641,1052,2070,12234,CD,2,D1_pwm150_grab3
15647,-878,-1986,9892,CD,2,D1_pwm150_grab3
15651,1160,1790,11312,CD,2,D1_pwm150_grab3
15656,-246,-1194,8724,CD,2,D1_pwm150_grab3
15661,1186,2544,12614,CD,2,D1_pwm150_grab3
15667,1674,-802,9960,CD,2,D1_pwm150_grab3
15671,-2856,-1922,10046,CD,2,D1_pwm150_grab3
15677,1022,176,9598,CD,2,D1_pwm150_grab3
15682,950,1866,10810,CD,2,D1_pwm150_grab3
15686,476,-630,11310,CD,2,D1_pwm150_grab3
15691,-584,-868,10418,CD,2,D1_pwm150_grab3
15696,-352,-142,9684,CD,2,D1_pwm150_grab3
15703,512,-618,10814,CD,2,D1_pwm150_grab3
15707,3046,-654,7942,CD,2,D1_pwm150_grab3
15713,478,-824,9088,CD,2,D1_pwm150_grab3
15718,918,1890,11120,CD,2,D1_pwm150_grab3
15723,-1064,-1814,8452,CD,2,D1_pwm150_grab3
15728,1320,-260,11554,CD,2,D1_pwm150_grab3
15732,-664,-16,9182,CD,2,D1_pwm150_grab3
15737,136,2414,13234,CD,2,D1_pwm150_grab3
15742,-1014,-1534,9948,CD,2,D1_pwm150_grab3
15747,-1026,-270,10712,CD,2,D1_pwm150_grab3
15757,-456,-70,10960,CD,2,D1_pwm150_grab3
15762,-40,148,9738,CD,2,D1_pwm150_grab3
15767,436,-1314,10592,CD,2,D1_pwm150_grab3
15773,1326,108,9550,CD,2,D1_pwm150_grab3
15777,1052,1730,10250,CD,2,D1_pwm150_grab3
15782,398,4,11900,CD,2,D1_pwm150_grab3
15788,-1874,-2302,8218,CD,2,D1_pwm150_grab3
15793,1208,-820,11226,CD,2,D1_pwm150_grab3
15798,60,-1340,8632,CD,2,D1_pwm150_grab3
15808,-268,-240,9856,CD,2,D1_pwm150_grab3
15812,-408,-898,10088,CD,2,D1_pwm150_grab3
15823,1348,2738,12586,CD,2,D1_pwm150_grab3
15827,1638,-664,9990,CD,2,D1_pwm150_grab3
15832,204,-2002,10516,CD,2,D1_pwm150_grab3
15837,2276,-724,8030,CD,2,D1_pwm150_grab3
15842,904,384,9402,CD,2,D1_pwm150_grab3
15847,704,1698,12174,CD,2,D1_pwm150_grab3
15852,-2530,-3894,8444,CD,2,D1_pwm150_grab3
15857,-246,-1716,9870,CD,2,D1_pwm150_grab3
15862,-784,518,9394,CD,2,D1_pwm150_grab3
15867,1566,1270,11408,CD,2,D1_pwm150_grab3
15873,-470,-646,9902,CD,2,D1_pwm150_grab3
15878,-1190,-1026,10642,CD,2,D1_pwm150_grab3
15887,130,1232,11568,CD,2,D1_pwm150_grab3
15892,284,90,10104,CD,2,D1_pwm150_grab3
15902,966,666,9934,CD,2,D1_pwm150_grab3
15907,878,1682,10704,CD,2,D1_pwm150_grab3
15913,726,-1390,11042,CD,2,D1_pwm150_grab3
15917,-2780,-3368,7788,CD,2,D1_pwm150_grab3
15922,658,-1592,10426,CD,2,D1_pwm150_grab3
15928,-696,-786,8736,CD,2,D1_pwm150_grab3
15938,-744,-2090,9576,CD,2,D1_pwm150_grab3
15942,600,-20,10740,CD,2,D1_pwm150_grab3
15948,2814,430,8952,CD,2,D1_pwm150_grab3
15953,1552,2398,12592,CD,2,D1_pwm150_grab3
15958,1624,-1212,9926,CD,2,D1_pwm150_grab3
15969,868,896,10250,CD,2,D1_pwm150_grab3
15974,610,1492,11012,CD,2,D1_pwm150_grab3
15983,-160,588,11214,CD,2,D1_pwm150_grab3
15989,120,276,9938,CD,2,D1_pwm150_grab3
15994,236,-1838,10496,CD,2,D1_pwm150_grab3
15998,2174,-1092,8004,CD,2,D1_pwm150_grab3
16003,-502,-2016,9322,CD,2,D1_pwm150_grab3
16008,1084,602,11230,CD,2,D1_pwm150_grab3
16014,1672,88,9238,CD,2,D1_pwm150_grab3
16018,808,-1334,10708,CD,2,D1_pwm150_grab3
16024,-438,-1140,8530,CD,2,D1_pwm150_grab3
16033,-476,-512,9904,CD,2,D1_pwm150_grab3
16038,-1126,-1068,10502,CD,2,D1_pwm150_grab3
16043,3118,-2122,9812,CD,2,D1_pwm150_grab3
16049,-1414,-2540,9550,CD,2,D1_pwm150_grab3
16054,-540,-580,9590,CD,2,D1_pwm150_grab3
16058,-284,-2478,10114,CD,2,D1_pwm150_grab3
16064,1612,-932,8374,CD,2,D1_pwm150_grab3
16068,992,932,9670,CD,2,D1_pwm150_grab3
16073,322,1624,12566,CD,2,D1_pwm150_grab3
16079,-2880,-3398,7778,CD,2,D1_pwm150_grab3
16083,658,-1716,10314,CD,2,D1_pwm150_grab3
16088,878,-1522,9444,CD,2,D1_pwm150_grab3
16098,-778,-912,10044,CD,2,D1_pwm150_grab3
16104,-972,-1348,10374,CD,2,D1_pwm150_grab3
16113,614,1954,12314,CD,2,D1_pwm150_grab3
16119,934,8,10306,CD,2,D1_pwm150_grab3
16123,-602,-2790,10120,CD,2,D1_pwm150_grab3
16129,3204,-712,8064,CD,2,D1_pwm150_grab3
16133,272,-1346,8900,CD,2,D1_pwm150_grab3
16138,312,1156,12664,CD,2,D1_pwm150_grab3
16143,-2892,-3698,7780,CD,2,D1_pwm150_grab3
16149,370,-1936,10078,CD,2,D1_pwm150_grab3
16153,-776,-322,9072,CD,2,D1_pwm150_grab3
16164,-916,-1120,10206,CD,2,D1_pwm150_grab3
16169,-748,-1486,10210,CD,2,D1_pwm150_grab3
16179,1036,2468,12312,CD,2,D1_pwm150_grab3
16184,1228,-258,10148,CD,2,D1_pwm150_grab3
16188,-1244,-2690,10226,CD,2,D1_pwm150_grab3
16193,1340,-602,9148,CD,2,D1_pwm150_grab3
16198,1152,1680,10158,CD,2,D1_pwm150_grab3
16203,238,856,12362,CD,2,D1_pwm150_grab3
16208,-2846,-3968,8042,CD,2,D1_pwm150_grab3
16214,-88,-2024,9814,CD,2,D1_pwm150_grab3
16219,350,398,11026,CD,2,D1_pwm150_grab3
16224,3732,100,8756,CD,2,D1_pwm150_grab3
16230,-8,-1700,9232,CD,2,D1_pwm150_grab3
16234,1622,1098,11150,CD,2,D1_pwm150_grab3
16239,296,-514,9162,CD,2,D1_pwm150_grab3
16244,1698,1062,12012,CD,2,D1_pwm150_grab3
16249,866,-1550,9516,CD,2,D1_pwm150_grab3
16260,390,578,10192,CD,2,D1_pwm150_grab3
16264,-242,770,11000,CD,2,D1_pwm150_grab3
16270,4116,-2020,8830,CD,2,D1_pwm150_grab3
16274,-1042,-1694,9942,CD,2,D1_pwm150_grab3
16280,-332,-336,9520,CD,2,D1_pwm150_grab3
16284,456,-100,10996,CD,2,D1_pwm150_grab3
16290,3470,-416,8054,CD,2,D1_pwm150_grab3
16294,322,-1138,9110,CD,2,D1_pwm150_grab3
16300,1212,1682,11400,CD,2,D1_pwm150_grab3
16305,-570,-852,9064,CD,2,D1_pwm150_grab3
16309,1636,426,11662,CD,2,D1_pwm150_grab3
16314,580,-1538,9142,CD,2,D1_pwm150_grab3
16325,286,640,10034,CD,2,D1_pwm150_grab3
16329,-700,-22,10948,CD,2,D1_pwm150_grab3
16340,820,2400,12616,CD,2,D1_pwm150_grab3
16345,-322,-52,9650,CD,2,D1_pwm150_grab3
16350,582,-518,10868,CD,2,D1_pwm150_grab3
16354,2988,-854,7794,CD,2,D1_pwm150_grab3
16360,548,-752,8944,CD,2,D1_pwm150_grab3
16364,756,1968,11512,CD,2,D1_pwm150_grab3
16370,-1408,-1532,8700,CD,2,D1_pwm150_grab3
16374,1362,-236,11400,CD,2,D1_pwm150_grab3
16380,-748,-34,9212,CD,2,D1_pwm150_grab3
16390,-50,520,9974,CD,2,D1_pwm150_grab3
16395,-1032,-498,10872,CD,2,D1_pwm150_grab3
16405,-264,-72,10886,CD,2,D1_pwm150_grab3
16410,-62,136,9830,CD,2,D1_pwm150_grab3
16414,458,-1120,10786,CD,2,D1_pwm150_grab3
16419,1092,-348,9200,CD,2,D1_pwm150_grab3
16424,1088,1770,10486,CD,2,D1_pwm150_grab3
16429,570,1902,11898,CD,2,D1_pwm150_grab3
16434,-2114,-2408,8268,CD,2,D1_pwm150_grab3
16440,1060,-950,11008,CD,2,D1_pwm150_grab3
16444,-116,-1284,8642,CD,2,D1_pwm150_grab3
16455,-236,-228,9908,CD,2,D1_pwm150_grab3
16460,-234,-856,10450,CD,2,D1_pwm150_grab3
16471,1410,2710,12264,CD,2,D1_pwm150_grab3
16476,1564,-758,10026,CD,2,D1_pwm150_grab3
16481,-2962,-1658,10042,CD,2,D1_pwm150_grab3
16485,1056,392,9516,CD,2,D1_pwm150_grab3
16490,844,1758,10708,CD,2,D1_pwm150_grab3
16495,602,-906,11350,CD,2,D1_pwm150_grab3
16501,-696,-724,10814,CD,2,D1_pwm150_grab3
16505,-210,-80,9656,CD,2,D1_pwm150_grab3
16510,518,-890,10808,CD,2,D1_pwm150_grab3
16515,1558,1184,11198,CD,2,D1_pwm150_grab3
16521,-702,-1962,9510,CD,2,D1_pwm150_grab3
16525,56,-316,10616,CD,2,D1_pwm150_grab3
16530,3602,512,8308,CD,2,D1_pwm150_grab3
16536,1452,2570,12376,CD,2,D1_pwm150_grab3
16541,430,-1492,8996,CD,2,D1_pwm150_grab3
16551,46,158,9946,CD,2,D1_pwm150_grab3
16555,684,1644,10604,CD,2,D1_pwm150_grab3
16560,872,-1504,10874,CD,2,D1_pwm150_grab3
16565,-2196,-3390,9056,CD,2,D1_pwm150_grab3
16570,-402,-1338,9778,CD,2,D1_pwm150_grab3
16576,-524,558,9620,CD,2,D1_pwm150_grab3
16581,2260,784,10596,CD,2,D1_pwm150_grab3
16585,654,-136,9250,CD,2,D1_pwm150_grab3
16590,812,1906,11812,CD,2,D1_pwm150_grab3
16596,-1646,-2222,8294,CD,2,D1_pwm150_grab3
16601,1348,2384,12622,CD,2,D1_pwm150_grab3
16606,1554,-1156,9868,CD,2,D1_pwm150_grab3
16616,884,800,9984,CD,2,D1_pwm150_grab3
16621,530,1502,10750,CD,2,D1_pwm150_grab3
16630,-88,390,11142,CD,2,D1_pwm150_grab3
16635,-62,212,9962,CD,2,D1_pwm150_grab3
16641,-378,528,10024,CD,2,D1_pwm150_grab3
16646,3006,428,10216,CD,2,D1_pwm150_grab3
16650,-554,-1924,9454,CD,2,D1_pwm150_grab3
16655,932,330,10950,CD,2,D1_pwm150_grab3
16660,2282,160,9160,CD,2,D1_pwm150_grab3
16666,1042,-922,11018,CD,2,D1_pwm150_grab3
16670,-206,-1232,8580,CD,2,D1_pwm150_grab3
16680,-250,-410,9740,CD,2,D1_pwm150_grab3
16685,482,1248,10940,CD,2,D1_pwm150_grab3
16691,1924,-2250,10240,CD,2,D1_pwm150_grab3
16695,-1990,-2982,9772,CD,2,D1_pwm150_grab3
16700,-416,-894,9584,CD,2,D1_pwm150_grab3
16705,170,-1968,10386,CD,2,D1_pwm150_grab3
16711,2138,-674,8378,CD,2,D1_pwm150_grab3
16715,860,418,9432,CD,2,D1_pwm150_grab3
16721,562,1958,12224,CD,2,D1_pwm150_grab3
16727,-2354,-2792,8088,CD,2,D1_pwm150_grab3
16731,852,-1122,10878,CD,2,D1_pwm150_grab3
16736,-248,-1124,8600,CD,2,D1_pwm150_grab3
16746,-924,-2106,9544,CD,2,D1_pwm150_grab3
16751,-274,-654,10530,CD,2,D1_pwm150_grab3
16756,4124,780,8226,CD,2,D1_pwm150_grab3
16762,1540,2756,12286,CD,2,D1_pwm150_grab3
16766,1506,-796,10056,CD,2,D1_pwm150_grab3
16771,-50,-2118,10360,CD,2,D1_pwm150_grab3
16777,1908,-918,8108,CD,2,D1_pwm150_grab3
16781,922,596,9518,CD,2,D1_pwm150_grab3
16787,564,-866,11280,CD,2,D1_pwm150_grab3
16792,-2428,-3932,8342,CD,2,D1_pwm150_grab3
16797,-418,-1744,9790,CD,2,D1_pwm150_grab3
16801,-608,612,9332,CD,2,D1_pwm150_grab3
16807,1368,1458,11470,CD,2,D1_pwm150_grab3
16812,-330,-444,9970,CD,2,D1_pwm150_grab3
16817,-1048,-1128,10478,CD,2,D1_pwm150_grab3
16826,1464,2602,12460,CD,2,D1_pwm150_grab3
16832,1632,-802,10000,CD,2,D1_pwm150_grab3
16836,-3098,-1734,10136,CD,2,D1_pwm150_grab3
16841,914,390,9636,CD,2,D1_pwm150_grab3
16847,772,1918,10604,CD,2,D1_pwm150_grab3
16851,642,-864,11214,CD,2,D1_pwm150_grab3
16856,-2644,-2550,8298,CD,2,D1_pwm150_grab3
16862,882,-1336,10522,CD,2,D1_pwm150_grab3
16867,-590,590,9522,CD,2,D1_pwm150_grab3
16871,1536,1504,11298,CD,2,D1_pwm150_grab3
16876,-684,-1892,9704,CD,2,D1_pwm150_grab3
16881,182,-524,10476,CD,2,D1_pwm150_grab3
16886,3624,324,8200,CD,2,D1_pwm150_grab3
16891,1364,2572,12624,CD,2,D1_pwm150_grab3
16897,306,10,10150,CD,2,D1_pwm150_grab3
16901,-90,-1980,10428,CD,2,D1_pwm150_grab3
16907,914,262,9598,CD,2,D1_pwm150_grab3
16911,752,1804,10834,CD,2,D1_pwm150_grab3
16916,752,-1056,11128,CD,2,D1_pwm150_grab3
16922,-2342,-3388,9240,CD,2,D1_pwm150_grab3
16926,-266,-1480,9734,CD,2,D1_pwm150_grab3
16931,-594,510,9574,CD,2,D1_pwm150_grab3
16937,2362,1514,11106,CD,2,D1_pwm150_grab3
16941,-570,-334,10104,CD,2,D1_pwm150_grab3
16946,390,-418,10644,CD,2,D1_pwm150_grab3
16951,3158,254,8594,CD,2,D1_pwm150_grab3
16956,1508,2466,12594,CD,2,D1_pwm150_grab3
16962,1646,-1040,10040,CD,2,D1_pwm150_grab3
16971,892,374,9838,CD,2,D1_pwm150_grab3
16976,672,1736,10984,CD,2,D1_pwm150_grab3
16983,1014,-1200,10958,CD,2,D1_pwm150_grab3
16988,-414,-156,10858,CD,2,D1_pwm150_grab3
16992,-70,20,9768,CD,2,D1_pwm150_grab3
16998,284,-826,10848,CD,2,D1_pwm150_grab3
17002,2686,-834,7930,CD,2,D1_pwm150_grab3
17007,648,-442,9122,CD,2,D1_pwm150_grab3
17012,676,1942,11540,CD,2,D1_pwm150_grab3
17017,-1860,-1970,8592,CD,2,D1_pwm150_grab3
17022,1176,-684,11190,CD,2,D1_pwm150_grab3
17028,112,-1394,8726,CD,2,D1_pwm150_grab3
17037,-146,68,9970,CD,2,D1_pwm150_grab3
17043,-1062,-484,10792,CD,2,D1_pwm150_grab3
17052,-436,288,11328,CD,2,D1_pwm150_grab3
17057,138,170,9802,CD,2,D1_pwm150_grab3
17062,182,-1408,10626,CD,2,D1_pwm150_grab3
17068,2428,-774,7886,CD,2,D1_pwm150_grab3
17072,788,-46,9352,CD,2,D1_pwm150_grab3
17077,628,1850,11762,CD,2,D1_pwm150_grab3
17082,-2256,-2298,8416,CD,2,D1_pwm150_grab3
17088,1066,-1048,10974,CD,2,D1_pwm150_grab3
17092,-160,-1266,8546,CD,2,D1_pwm150_grab3
17103,-320,-304,9924,CD,2,D1_pwm150_grab3
17108,-224,-698,10320,CD,2,D1_pwm150_grab3
17117,-224,706,11630,CD,2,D1_pwm150_grab3
17123,254,214,10064,CD,2,D1_pwm150_grab3
17127,68,-1854,10552,CD,2,D1_pwm150_grab3
17132,2258,-798,8046,CD,2,D1_pwm150_grab3
17138,906,414,9390,CD,2,D1_pwm150_grab3
17142,682,1628,12392,CD,2,D1_pwm150_grab3
17147,-2402,-3732,8752,CD,2,D1_pwm150_grab3
17152,950,-1276,10670,CD,2,D1_pwm150_grab3
17158,-458,-1144,8670,CD,2,D1_pwm150_grab3
17167,-470,-534,10002,CD,2,D1_pwm150_grab3
17173,-1070,-966,10652,CD,2,D1_pwm150_grab3
17183,158,1176,11522,CD,2,D1_pwm150_grab3
17187,374,82,10140,CD,2,D1_pwm150_grab3
17198,2048,-736,8294,CD,2,D1_pwm150_grab3
17202,1000,846,9514,CD,2,D1_pwm150_grab3
17208,378,1650,12866,CD,2,D1_pwm150_grab3
17212,-2782,-3094,8048,CD,2,D1_pwm150_grab3
17218,644,-1548,10402,CD,2,D1_pwm150_grab3
17222,-676,-920,8636,CD,2,D1_pwm150_grab3
17233,-730,-1960,9670,CD,2,D1_pwm150_grab3
17238,532,-94,10794,CD,2,D1_pwm150_grab3
17243,2918,348,8766,CD,2,D1_pwm150_grab3
17249,1556,2366,12546,CD,2,D1_pwm150_grab3
17253,1592,-1074,9992,CD,2,D1_pwm150_grab3
17263,890,622,10044,CD,2,D1_pwm150_grab3
17268,640,1430,10922,CD,2,D1_pwm150_grab3
17278,-308,232,11136,CD,2,D1_pwm150_grab3
17283,-270,-1208,9612,CD,2,D1_pwm150_grab3
17289,-168,482,9986,CD,2,D1_pwm150_grab3
17293,3348,664,10492,CD,2,D1_pwm150_grab3
17298,-576,-1836,9532,CD,2,D1_pwm150_grab3
17304,738,314,11038,CD,2,D1_pwm150_grab3
17308,2352,298,9014,CD,2,D1_pwm150_grab3
17314,994,-938,10976,CD,2,D1_pwm150_grab3
17318,-170,-1240,8644,CD,2,D1_pwm150_grab3
17329,754,700,9936,CD,2,D1_pwm150_grab3
17334,444,1488,11004,CD,2,D1_pwm150_grab3
17338,2094,-1940,10396,CD,2,D1_pwm150_grab3
17344,-1722,-2900,9400,CD,2,D1_pwm150_grab3
17348,-472,-958,9574,CD,2,D1_pwm150_grab3
17354,28,-1790,10492,CD,2,D1_pwm150_grab3
17359,2096,-924,7962,CD,2,D1_pwm150_grab3
17363,862,358,9414,CD,2,D1_pwm150_grab3
17368,998,566,11244,CD,2,D1_pwm150_grab3
17373,1706,-92,9030,CD,2,D1_pwm150_grab3
17378,1582,1838,12226,CD,2,D1_pwm150_grab3
17384,1170,-1374,9726,CD,2,D1_pwm150_grab3
17393,-392,-366,10028,CD,2,D1_pwm150_grab3
17398,-1070,-1060,10552,CD,2,D1_pwm150_grab3
17408,-1450,-2632,9632,CD,2,D1_pwm150_grab3
17414,-622,-724,9460,CD,2,D1_pwm150_grab3
17418,282,322,10570,CD,2,D1_pwm150_grab3
17424,3192,-2,9350,CD,2,D1_pwm150_grab3
17429,-186,-1648,9104,CD,2,D1_pwm150_grab3
17433,550,1688,12780,CD,2,D1_pwm150_grab3
17438,-2732,-3064,7806,CD,2,D1_pwm150_grab3
17443,772,-1490,10470,CD,2,D1_pwm150_grab3
17448,-718,-966,8740,CD,2,D1_pwm150_grab3
17458,526,770,10014,CD,2,D1_pwm150_grab3
17464,-196,1012,10664,CD,2,D1_pwm150_grab3
17469,3546,-2094,9176,CD,2,D1_pwm150_grab3
17474,470,1598,11790,CD,2,D1_pwm150_grab3
17479,578,48,10244,CD,2,D1_pwm150_grab3
17483,-282,-2338,10156,CD,2,D1_pwm150_grab3
17488,1896,-708,8506,CD,2,D1_pwm150_grab3
17494,1110,1066,9678,CD,3,D1_pwm150_grab3
17499,196,1398,12898,CD,3,D1_pwm150_grab3
17504,-2818,-3428,7966,CD,3,D1_pwm150_grab3
17510,408,-1854,10218,CD,3,D1_pwm150_grab3
17515,-202,428,10050,CD,3,D1_pwm150_grab3
17520,3426,812,10490,CD,3,D1_pwm150_grab3
17525,-568,-1830,9612,CD,3,D1_pwm150_grab3
17530,960,222,10992,CD,3,D1_pwm150_grab3
17534,2116,224,9034,CD,3,D1_pwm150_grab3
17540,868,2076,12178,CD,3,D1_pwm150_grab3
17545,932,-78,10212,CD,3,D1_pwm150_grab3
17550,-662,-2506,10214,CD,3,D1_pwm150_grab3
17554,718,698,10152,CD,3,D1_pwm150_grab3
17559,392,1410,10978,CD,3,D1_pwm150_grab3
17564,2332,-1914,10364,CD,3,D1_pwm150_grab3
17570,-1822,-2838,9388,CD,3,D1_pwm150_grab3
17574,-350,-814,9558,CD,3,D1_pwm150_grab3
17579,-716,-258,9062,CD,3,D1_pwm150_grab3
17589,-852,-1334,9944,CD,3,D1_pwm150_grab3
17595,1348,786,11404,CD,3,D1_pwm150_grab3
17599,1300,-38,9198,CD,3,D1_pwm150_grab3
17605,1728,1672,12166,CD,3,D1_pwm150_grab3
17609,1054,-1422,9742,CD,3,D1_pwm150_grab3
17620,654,778,10098,CD,3,D1_pwm150_grab3
17625,1070,1712,10232,CD,3,D1_pwm150_grab3
17630,284,558,11930,CD,3,D1_pwm150_grab3
17634,-1252,-2384,9652,CD,3,D1_pwm150_grab3
17640,-564,-528,9492,CD,3,D1_pwm150_grab3
17645,346,246,10794,CD,3,D1_pwm150_grab3
17649,3336,-206,9004,CD,3,D1_pwm150_grab3
17654,-94,-1530,9076,CD,3,D1_pwm150_grab3
17659,1374,1338,11418,CD,3,D1_pwm150_grab3
17669,1028,2658,12722,CD,3,D1_pwm150_grab3
17674,896,-1562,9432,CD,3,D1_pwm150_grab3
17684,454,772,9966,CD,3,D1_pwm150_grab3
17689,-410,678,10822,CD,3,D1_pwm150_grab3
17694,3968,-1986,8536,CD,3,D1_pwm150_grab3
17699,-850,-1850,9900,CD,3,D1_pwm150_grab3
17704,-628,-384,9448,CD,3,D1_pwm150_grab3
17709,-800,264,9394,CD,3,D1_pwm150_grab3
17714,1074,1964,12352,CD,3,D1_pwm150_grab3
17720,218,-1216,9098,CD,3,D1_pwm150_grab3
17724,1240,1788,11094,CD,3,D1_pwm150_grab3
17729,-260,-1138,8800,CD,3,D1_pwm150_grab3
17734,1498,612,12042,CD,3,D1_pwm150_grab3
17740,760,-1532,9220,CD,3,D1_pwm150_grab3
17750,370,626,9970,CD,3,D1_pwm150_grab3
17756,-936,-1358,10338,CD,3,D1_pwm150_grab3
17765,954,2206,12158,CD,3,D1_pwm150_grab3
17770,1086,-176,10150,CD,3,D1_pwm150_grab3
17775,-786,-2630,10176,CD,3,D1_pwm150_grab3
17780,1552,-208,9184,CD,3,D1_pwm150_grab3
17786,1178,1518,10004,CD,3,D1_pwm150_grab3
17792,158,890,12506,CD,3,D1_pwm150_grab3
17795,-922,-1462,8746,CD,3,D1_pwm150_grab3
17800,10,-1964,9934,CD,3,D1_pwm150_grab3
17806,-664,-240,9022,CD,3,D1_pwm150_grab3
17816,-852,-1426,10054,CD,3,D1_pwm150_grab3
17821,-810,-1214,10128,CD,3,D1_pwm150_grab3
17830,1188,2464,12454,CD,3,D1_pwm150_grab3
17836,-58,-62,9640,CD,3,D1_pwm150_grab3
17840,-1406,-2400,10320,CD,3,D1_pwm150_grab3
17846,1338,-204,9318,CD,3,D1_pwm150_grab3
17850,1132,1768,10118,CD,3,D1_pwm150_grab3
17856,286,542,12018,CD,3,D1_pwm150_grab3
17860,-2776,-4016,8126,CD,3,D1_pwm150_grab3
17866,-36,-2024,9936,CD,3,D1_pwm150_grab3
17870,-708,46,9278,CD,3,D1_pwm150_grab3
17880,-844,-1642,10022,CD,3,D1_pwm150_grab3
17885,-518,-1028,10016,CD,3,D1_pwm150_grab3
17895,1110,2696,12736,CD,3,D1_pwm150_grab3
17901,1550,-522,10054,CD,3,D1_pwm150_grab3
17906,-2110,-2160,10262,CD,3,D1_pwm150_grab3
17910,1256,-140,9534,CD,3,D1_pwm150_grab3
17915,1060,1820,10446,CD,3,D1_pwm150_grab3
17921,412,-126,11598,CD,3,D1_pwm150_grab3
17926,-2638,-3854,8554,CD,3,D1_pwm150_grab3
17931,-142,-1968,9806,CD,3,D1_pwm150_grab3
17935,-840,226,9486,CD,3,D1_pwm150_grab3
17941,1004,1948,12266,CD,3,D1_pwm150_grab3
17945,-904,-1942,9922,CD,3,D1_pwm150_grab3
17951,-232,-928,10216,CD,3,D1_pwm150_grab3
17960,1560,654,11986,CD,3,D1_pwm150_grab3
17965,1692,-724,10032,CD,3,D1_pwm150_grab3
17970,-2724,-1794,10070,CD,3,D1_pwm150_grab3
17975,1068,198,9610,CD,3,D1_pwm150_grab3
17980,992,1890,10730,CD,3,D1_pwm150_grab3
17986,446,-718,11374,CD,3,D1_pwm150_grab3
17990,-2606,-3714,8744,CD,3,D1_pwm150_grab3
17995,-216,-1784,9692,CD,3,D1_pwm150_grab3
18001,522,-538,10800,CD,3,D1_pwm150_grab3
18006,3044,-674,7940,CD,3,D1_pwm150_grab3
18011,460,-844,9130,CD,3,D1_pwm150_grab3
18016,1004,1980,11074,CD,3,D1_pwm150_grab3
18021,-798,-1600,8690,CD,3,D1_pwm150_grab3
18026,1300,54,11750,CD,3,D1_pwm150_grab3
18031,574,-1568,9048,CD,3,D1_pwm150_grab3
18041,-968,-1440,10030,CD,3,D1_pwm150_grab3
18046,-680,-1238,10206,CD,3,D1_pwm150_grab3
18056,-640,-444,10882,CD,3,D1_pwm150_grab3
18061,-80,-86,9626,CD,3,D1_pwm150_grab3
18067,246,-980,10710,CD,3,D1_pwm150_grab3
18071,2756,-794,7608,CD,3,D1_pwm150_grab3
18076,598,-408,9330,CD,3,D1_pwm150_grab3
18082,292,492,12146,CD,3,D1_pwm150_grab3
18092,1190,-478,11434,CD,3,D1_pwm150_grab3
18096,264,-1350,8864,CD,3,D1_pwm150_grab3
18106,16,132,9910,CD,3,D1_pwm150_grab3
18111,-968,-422,10680,CD,3,D1_pwm150_grab3
18122,1212,2662,12528,CD,3,D1_pwm150_grab3
18127,1472,-460,10000,CD,3,D1_pwm150_grab3
18131,-1762,-2194,10332,CD,3,D1_pwm150_grab3
18136,2736,-860,7690,CD,3,D1_pwm150_grab3
18141,612,-210,9342,CD,3,D1_pwm150_grab3
18146,936,1790,11610,CD,3,D1_pwm150_grab3
18151,-1742,-1944,8522,CD,3,D1_pwm150_grab3
18157,1288,-686,11200,CD,3,D1_pwm150_grab3
18162,-688,146,9352,CD,3,D1_pwm150_grab3
18167,574,2176,12540,CD,3,D1_pwm150_grab3
18171,-804,-1724,10004,CD,3,D1_pwm150_grab3
18176,-948,-698,10650,CD,3,D1_pwm150_grab3
18186,-406,116,11066,CD,3,D1_pwm150_grab3
18192,-60,106,9866,CD,3,D1_pwm150_grab3
18196,328,-1372,10518,CD,3,D1_pwm150_grab3
18202,1302,-50,9506,CD,3,D1_pwm150_grab3
18206,1092,1788,10502,CD,3,D1_pwm150_grab3
18212,442,-290,11516,CD,3,D1_pwm150_grab3
18216,-2770,-3794,8676,CD,3,D1_pwm150_grab3
18222,1198,-710,11156,CD,3,D1_pwm150_grab3
18227,4,-1370,8690,CD,3,D1_pwm150_grab3
18236,-162,-54,9936,CD,3,D1_pwm150_grab3
18242,-284,-1078,10150,CD,3,D1_pwm150_grab3
18252,1028,2576,12482,CD,3,D1_pwm150_grab3
18256,1642,-590,10074,CD,3,D1_pwm150_grab3
18263,-1768,-2070,10212,CD,3,D1_pwm150_grab3
18267,1326,128,9542,CD,3,D1_pwm150_grab3
18273,1116,1664,10626,CD,3,D1_pwm150_grab3
18278,442,-418,11472,CD,3,D1_pwm150_grab3
18282,-980,-1602,10220,CD,3,D1_pwm150_grab3
18287,-500,-390,9484,CD,3,D1_pwm150_grab3
18293,-4,-156,10734,CD,3,D1_pwm150_grab3
18297,2870,-342,8270,CD,3,D1_pwm150_grab3
18304,24,-1092,9262,CD,3,D1_pwm150_grab3
18307,-382,-878,10266,CD,3,D1_pwm150_grab3
18318,1160,2550,12298,CD,3,D1_pwm150_grab3
18322,852,-1524,9260,CD,3,D1_pwm150_grab3
18333,538,406,9898,CD,3,D1_pwm150_grab3
18337,-268,534,10538,CD,3,D1_pwm150_grab3
18342,3606,-2406,8654,CD,3,D1_pwm150_grab3
18347,-2874,-3930,8094,CD,3,D1_pwm150_grab3
18352,172,-1764,9852,CD,3,D1_pwm150_grab3
18358,-672,230,9408,CD,3,D1_pwm150_grab3
18362,344,1602,12490,CD,3,D1_pwm150_grab3
18367,-54,-1004,9428,CD,3,D1_pwm150_grab3
18372,1696,1536,11260,CD,3,D1_pwm150_grab3
18377,326,-438,9106,CD,3,D1_pwm150_grab3
18382,1520,960,12174,CD,3,D1_pwm150_grab3
18387,930,-1466,9440,CD,3,D1_pwm150_grab3
18393,-1558,-2230,10206,CD,3,D1_pwm150_grab3
18398,1382,266,9608,CD,3,D1_pwm150_grab3
18402,1208,1712,10530,CD,3,D1_pwm150_grab3
18408,3416,-2562,9154,CD,3,D1_pwm150_grab3
18412,-1324,-2168,10024,CD,3,D1_pwm150_grab3
18417,-332,-532,9456,CD,3,D1_pwm150_grab3
18422,94,34,10978,CD,3,D1_pwm150_grab3
18427,3444,-528,8314,CD,3,D1_pwm150_grab3
18433,-926,-1842,9936,CD,3,D1_pwm150_grab3
18437,-624,-1014,10080,CD,3,D1_pwm150_grab3
18447,1626,1322,12166,CD,3,D1_pwm150_grab3
18452,994,-1388,9712,CD,3,D1_pwm150_grab3
18462,636,726,10370,CD,3,D1_pwm150_grab3
18468,66,878,10924,CD,3,D1_pwm150_grab3
18472,3140,-2240,9516,CD,3,D1_pwm150_grab3
18478,-2792,-3624,8448,CD,3,D1_pwm150_grab3
18483,44,-1986,9816,CD,3,D1_pwm150_grab3
18488,-82,266,10734,CD,3,D1_pwm150_grab3
18493,3550,-222,8998,CD,3,D1_pwm150_grab3
18497,-258,-1442,9270,CD,3,D1_pwm150_grab3
18502,1506,1082,11456,CD,3,D1_pwm150_grab3
18507,1028,20,9128,CD,3,D1_pwm150_grab3
18512,1608,1534,12178,CD,3,D1_pwm150_grab3
18519,984,-1342,9738,CD,3,D1_pwm150_grab3
18528,-420,-518,10062,CD,3,D1_pwm150_grab3
18534,-896,-1102,10438,CD,3,D1_pwm150_grab3
18543,2,1042,11778,CD,3,D1_pwm150_grab3
18548,478,46,10036,CD,3,D1_pwm150_grab3
18553,-318,-1790,10440,CD,3,D1_pwm150_grab3
18558,1876,-1112,8176,CD,3,D1_pwm150_grab3
18564,-274,-1602,9192,CD,3,D1_pwm150_grab3
18569,464,1788,12506,CD,3,D1_pwm150_grab3
18573,-2732,-2388,8616,CD,3,D1_pwm150_grab3
18578,880,-1390,10436,CD,3,D1_pwm150_grab3
18584,-570,-1028,8690,CD,3,D1_pwm150_grab3
18593,-394,-360,10230,CD,3,D1_pwm150_grab3
18599,-972,-1072,10540,CD,3,D1_pwm150_grab3
18604,2996,-1888,9596,CD,3,D1_pwm150_grab3
18608,100,1068,11666,CD,3,D1_pwm150_grab3
18613,404,-2,10106,CD,3,D1_pwm150_grab3
18618,-236,-1760,10472,CD,3,D1_pwm150_grab3
18623,2060,-1032,8174,CD,3,D1_pwm150_grab3
18629,916,688,9478,CD,3,D1_pwm150_grab3
18634,522,1702,12796,CD,3,D1_pwm150_grab3
18638,-2776,-2468,8510,CD,3,D1_pwm150_grab3
18644,772,-1424,10468,CD,3,D1_pwm150_grab3
18648,772,-1424,10468,CD,3,D1_pwm150_grab3
18658,-550,-428,10120,CD,3,D1_pwm150_grab3
18663,-976,-1026,10600,CD,3,D1_pwm150_grab3
18673,284,1200,11538,CD,3,D1_pwm150_grab3
18678,472,-86,10060,CD,3,D1_pwm150_grab3
18684,-312,-1904,10322,CD,3,D1_pwm150_grab3
18688,2130,-708,8400,CD,3,D1_pwm150_grab3
18693,952,738,9540,CD,3,D1_pwm150_grab3
18698,370,1588,12962,CD,3,D1_pwm150_grab3
18704,-2760,-2906,8182,CD,3,D1_pwm150_grab3
18708,536,-1540,10402,CD,3,D1_pwm150_grab3
18713,-656,-846,8756,CD,3,D1_pwm150_grab3
18724,-538,-712,9966,CD,3,D1_pwm150_grab3
18728,416,-176,10820,CD,3,D1_pwm150_grab3
18739,538,1536,11904,CD,3,D1_pwm150_grab3
18743,490,-44,10056,CD,3,D1_pwm150_grab3
18748,-298,-2228,10234,CD,3,D1_pwm150_grab3
18753,1782,-550,8638,CD,3,D1_pwm150_grab3
18759,1052,1076,9554,CD,3,D1_pwm150_grab3
18764,270,1422,12768,CD,3,D1_pwm150_grab3
18768,-2258,-3226,9166,CD,3,D1_pwm150_grab3
18774,-160,-1316,9586,CD,3,D1_pwm150_grab3
18780,-510,450,9608,CD,3,D1_pwm150_grab3
18784,2672,810,10690,CD,3,D1_pwm150_grab3
18789,-636,-1728,9570,CD,3,D1_pwm150_grab3
18795,398,2,11032,CD,3,D1_pwm150_grab3
18799,2976,490,8982,CD,3,D1_pwm150_grab3
18805,1596,2342,12336,CD,3,D1_pwm150_grab3
18810,136,-1308,8790,CD,3,D1_pwm150_grab3
18820,1062,704,9712,CD,3,D1_pwm150_grab3
18824,600,1466,10906,CD,3,D1_pwm150_grab3
18829,1328,-1678,10850,CD,3,D1_pwm150_grab3
18835,-1956,-3216,9036,CD,3,D1_pwm150_grab3
18840,-398,-1208,9638,CD,3,D1_pwm150_grab3
18844,-340,382,9762,CD,3,D1_pwm150_grab3
18849,2558,-736,7836,CD,3,D1_pwm150_grab3
18854,730,56,9420,CD,3,D1_pwm150_grab3
18859,346,176,11136,CD,3,D1_pwm150_grab3
18865,2638,382,8676,CD,3,D1_pwm150_grab3
18870,1648,2242,12266,CD,3,D1_pwm150_grab3
18875,1440,-1114,9934,CD,3,D1_pwm150_grab3
18885,940,850,9732,CD,3,D1_pwm150_grab3
18890,-1090,-814,10620,CD,3,D1_pwm150_grab3
18899,-366,292,11320,CD,3,D1_pwm150_grab3
18904,-598,-1198,9604,CD,3,D1_pwm150_grab3
18909,-232,534,9780,CD,3,D1_pwm150_grab3
18914,2562,482,10140,CD,3,D1_pwm150_grab3
18920,-554,-1808,9360,CD,3,D1_pwm150_grab3
18924,630,364,10980,CD,3,D1_pwm150_grab3
18929,-2106,-2178,8466,CD,3,D1_pwm150_grab3
18934,1090,-790,11030,CD,3,D1_pwm150_grab3
18939,-132,-1236,8740,CD,3,D1_pwm150_grab3
18950,886,854,9966,CD,3,D1_pwm150_grab3
18955,410,1496,10696,CD,3,D1_pwm150_grab3
18960,1796,-1956,10448,CD,3,D1_pwm150_grab3
18965,-1944,-3056,9484,CD,3,D1_pwm150_grab3
18970,2,126,9914,CD,3,D1_pwm150_grab3
18975,284,-1704,10362,CD,3,D1_pwm150_grab3
18980,2386,-820,8012,CD,3,D1_pwm150_grab3
18984,820,256,9284,CD,3,D1_pwm150_grab3
18990,942,410,10944,CD,3,D1_pwm150_grab3
18995,2178,120,8866,CD,3,D1_pwm150_grab3
19000,1500,2076,12574,CD,3,D1_pwm150_grab3
19005,1462,-1204,9862,CD,3,D1_pwm150_grab3
19014,-142,-192,9882,CD,3,D1_pwm150_grab3
19020,-1202,-736,10716,CD,3,D1_pwm150_grab3
19030,-80,562,11296,CD,3,D1_pwm150_grab3
19036,84,120,9848,CD,3,D1_pwm150_grab3
19040,192,-1762,10466,CD,3,D1_pwm150_grab3
19046,2100,-962,8136,CD,3,D1_pwm150_grab3
19050,868,422,9260,CD,3,D1_pwm150_grab3
19055,418,-412,11608,CD,3,D1_pwm150_grab3
19060,-2566,-3668,8406,CD,3,D1_pwm150_grab3
19066,-2,-1730,9728,CD,3,D1_pwm150_grab3
19070,-710,454,9370,CD,3,D1_pwm150_grab3
19080,-214,-380,9782,CD,3,D1_pwm150_grab3
19085,-1248,-1050,10554,CD,3,D1_pwm150_grab3
19096,1514,2600,12412,CD,3,D1_pwm150_grab3
19101,1542,-808,10006,CD,3,D1_pwm150_grab3
19105,-2570,-1902,9960,CD,3,D1_pwm150_grab3
19110,1088,424,9590,CD,3,D1_pwm150_grab3
19115,848,552,9464,CD,3,D1_pwm150_grab3
19121,492,1954,12306,CD,3,D1_pwm150_grab3
19125,-2538,-2552,8416,CD,3,D1_pwm150_grab3
19130,780,-1174,10774,CD,3,D1_pwm150_grab3
19135,-710,514,9312,CD,3,D1_pwm150_grab3
19140,1314,1488,11738,CD,3,D1_pwm150_grab3
19146,-856,-2054,9572,CD,3,D1_pwm150_grab3
19150,-236,-544,10542,CD,3,D1_pwm150_grab3
19160,-208,960,11744,CD,3,D1_pwm150_grab3
19165,302,86,9850,CD,3,D1_pwm150_grab3
19170,-142,-2048,10332,CD,3,D1_pwm150_grab3
19175,1044,548,9520,CD,3,D1_pwm150_grab3
19180,752,1808,10708,CD,3,D1_pwm150_grab3
19186,646,-766,11186,CD,3,D1_pwm150_grab3
19191,-2300,-3700,8566,CD,3,D1_pwm150_grab3
19195,-422,-1668,9758,CD,3,D1_pwm150_grab3
19200,-450,-992,8628,CD,3,D1_pwm150_grab3
19211,-410,-540,9988,CD,3,D1_pwm150_grab3
19216,18,-428,10540,CD,3,D1_pwm150_grab3
19220,3848,332,8066,CD,3,D1_pwm150_grab3
19226,1458,2572,12536,CD,3,D1_pwm150_grab3
19231,1640,-850,10010,CD,3,D1_pwm150_grab3
19236,-3242,-1362,10172,CD,3,D1_pwm150_grab3
19241,996,582,9680,CD,3,D1_pwm150_grab3
19245,932,770,9562,CD,3,D1_pwm150_grab3
19251,662,1744,12684,CD,3,D1_pwm150_grab3
19255,-2258,-3570,9006,CD,3,D1_pwm150_grab3
19260,-272,-1572,9716,CD,3,D1_pwm150_grab3
19265,-612,578,9638,CD,3,D1_pwm150_grab3
19270,1768,1312,11152,CD,3,D1_pwm150_grab3
19275,-754,-2044,9626,CD,3,D1_pwm150_grab3
19280,176,-332,10594,CD,3,D1_pwm150_grab3
19287,3562,260,8292,CD,3,D1_pwm150_grab3
19291,1380,2474,12720,CD,3,D1_pwm150_grab3
19296,424,-1400,8850,CD,3,D1_pwm150_grab3
19306,208,548,10032,CD,3,D1_pwm150_grab3
19311,-822,-340,10846,CD,3,D1_pwm150_grab3
19321,-406,-664,10542,CD,3,D1_pwm150_grab3
19326,-308,-120,9660,CD,3,D1_pwm150_grab3
19331,-654,526,9686,CD,3,D1_pwm150_grab3
19336,2754,-966,7848,CD,3,D1_pwm150_grab3
19342,444,-644,9014,CD,3,D1_pwm150_grab3
19347,804,2078,11464,CD,3,D1_pwm150_grab3
19351,-1254,-1490,8828,CD,3,D1_pwm150_grab3
19356,1272,-126,11638,CD,3,D1_pwm150_grab3
19361,402,-1418,8992,CD,3,D1_pwm150_grab3
19371,1004,480,9730,CD,3,D1_pwm150_grab3
19376,-922,-234,10726,CD,3,D1_pwm150_grab3
19387,-560,-446,10810,CD,3,D1_pwm150_grab3
19391,-130,-158,9652,CD,3,D1_pwm150_grab3
19396,232,-682,10796,CD,3,D1_pwm150_grab3
19402,2872,-894,7796,CD,3,D1_pwm150_grab3
19406,504,-572,9178,CD,3,D1_pwm150_grab3
19411,892,2010,11240,CD,3,D1_pwm150_grab3
19417,-1206,-1448,8922,CD,3,D1_pwm150_grab3
19422,1214,-224,11552,CD,3,D1_pwm150_grab3
19427,402,-1400,8982,CD,3,D1_pwm150_grab3
19437,188,350,9978,CD,3,D1_pwm150_grab3
19442,-864,-272,10628,CD,3,D1_pwm150_grab3
19452,-694,-486,10902,CD,3,D1_pwm150_grab3
19456,-80,-166,9596,CD,3,D1_pwm150_grab3
19461,184,-802,10822,CD,3,D1_pwm150_grab3
19466,2840,-850,7588,CD,3,D1_pwm150_grab3
19472,384,-544,9364,CD,3,D1_pwm150_grab3
19476,1084,2024,11298,CD,3,D1_pwm150_grab3
19482,-1040,-1302,8970,CD,3,D1_pwm150_grab3
19486,1344,-210,11548,CD,3,D1_pwm150_grab3
19491,520,-1398,8978,CD,3,D1_pwm150_grab3
19496,-406,2560,13126,CD,3,D1_pwm150_grab3
19501,262,294,10110,CD,3,D1_pwm150_grab3
19507,-674,-308,10728,CD,3,D1_pwm150_grab3
19516,-708,-624,10882,CD,3,D1_pwm150_grab3
19521,-114,-180,9654,CD,3,D1_pwm150_grab3
19527,168,-850,10926,CD,3,D1_pwm150_grab3
19532,3008,-812,7652,CD,3,D1_pwm150_grab3
19536,1060,1678,10196,CD,3,D1_pwm150_grab3
19542,340,732,12108,CD,3,D1_pwm150_grab3
19547,-2792,-3688,8354,CD,3,D1_pwm150_grab3
19553,198,-1902,9948,CD,3,D1_pwm150_grab3
19557,-650,-82,9312,CD,3,D1_pwm150_grab3
19562,-514,2472,13196,CD,3,D1_pwm150_grab3
19568,-822,-1346,10224,CD,3,D1_pwm150_grab3
19573,-658,-1258,10080,CD,3,D1_pwm150_grab3
19578,1364,-150,8978,CD,3,D1_pwm150_grab3
19582,1624,1526,12098,CD,3,D1_pwm150_grab3
19588,1316,-350,10050,CD,3,D1_pwm150_grab3
19592,-1262,-2250,10190,CD,3,D1_pwm150_grab3
19598,1536,-222,9326,CD,3,D1_pwm150_grab3
19603,1220,1574,10428,CD,3,D1_pwm150_grab3
19607,188,584,11948,CD,3,D1_pwm150_grab3
19613,-2874,-3662,8404,CD,3,D1_pwm150_grab3
19617,-586,-726,9436,CD,3,D1_pwm150_grab3
19623,58,170,10492,CD,3,D1_pwm150_grab3
19627,-204,2566,13224,CD,3,D1_pwm150_grab3
19632,-876,-1574,10140,CD,3,D1_pwm150_grab3
19638,-572,-1158,10174,CD,3,D1_pwm150_grab3
19648,912,2382,12496,CD,3,D1_pwm150_grab3
19652,1386,-386,10160,CD,3,D1_pwm150_grab3
19662,622,734,10034,CD,3,D1_pwm150_grab3
19667,-50,984,10610,CD,3,D1_pwm150_grab3
19672,238,540,12086,CD,3,D1_pwm150_grab3
19678,-2922,-3636,8240,CD,3,D1_pwm150_grab3
19682,406,-1952,9810,CD,3,D1_pwm150_grab3
19687,-752,80,9266,CD,3,D1_pwm150_grab3
19693,-86,2428,13336,CD,3,D1_pwm150_grab3
19697,-872,-1550,10076,CD,3,D1_pwm150_grab3
19702,1584,1122,11158,CD,3,D1_pwm150_grab3
19707,872,-498,8856,CD,3,D1_pwm150_grab3
19712,1030,2438,12316,CD,3,D1_pwm150_grab3
19717,1290,-402,10110,CD,3,D1_pwm150_grab3
19722,-1280,-2390,10166,CD,3,D1_pwm150_grab3
19728,1422,-138,9244,CD,3,D1_pwm150_grab3
19732,1246,1722,10424,CD,3,D1_pwm150_grab3
19737,384,444,12192,CD,3,D1_pwm150_grab3
19743,-1406,-2198,10074,CD,3,D1_pwm150_grab3
19747,-368,-618,9418,CD,3,D1_pwm150_grab3
19752,-68,234,10890,CD,3,D1_pwm150_grab3
19757,-22,2480,13286,CD,3,D1_pwm150_grab3
19762,-942,-1672,9990,CD,3,D1_pwm150_grab3
19767,-614,-1186,10186,CD,3,D1_pwm150_grab3
19777,1208,2458,12144,CD,3,D1_pwm150_grab3
19783,1040,-1408,9580,CD,3,D1_pwm150_grab3
19793,634,774,10276,CD,3,D1_pwm150_grab3
19799,46,990,10948,CD,3,D1_pwm150_grab3
19803,3186,-2410,9434,CD,3,D1_pwm150_grab3
19808,-1512,-2230,10070,CD,3,D1_pwm150_grab3
19813,-376,-564,9468,CD,3,D1_pwm150_grab3
19818,40,204,10914,CD,3,D1_pwm150_grab3
19823,1740,-1014,8524,CD,3,D1_pwm150_grab3
19828,938,812,9562,CD,3,D1_pwm150_grab3
19834,362,1630,12572,CD,3,D1_pwm150_grab3
19838,-2708,-3066,8314,CD,3,D1_pwm150_grab3
19844,1634,1258,12048,CD,3,D1_pwm150_grab3
19848,960,-1402,9686,CD,3,D1_pwm150_grab3
19859,518,570,10054,CD,3,D1_pwm150_grab3
19864,-964,-1132,10380,CD,3,D1_pwm150_grab3
19874,118,1404,12132,CD,3,D1_pwm150_grab3
19879,582,4,9976,CD,3,D1_pwm150_grab3
19884,-6,8,10732,CD,3,D1_pwm150_grab3
19889,3338,-204,8998,CD,3,D1_pwm150_grab3
19893,-156,-1284,9322,CD,3,D1_pwm150_grab3
19898,1532,1320,11538,CD,3,D1_pwm150_grab3
19903,-2780,-2786,8380,CD,3,D1_pwm150_grab3
19908,624,-1488,10356,CD,3,D1_pwm150_grab3
19913,-600,-746,8806,CD,3,D1_pwm150_grab3
19923,-532,-794,9954,CD,3,D1_pwm150_grab3
19928,32,780,10950,CD,3,D1_pwm150_grab3
19933,3058,-2136,9282,CD,3,D1_pwm150_grab3
19938,-1248,-2302,9716,CD,3,D1_pwm150_grab3
19944,530,-48,10126,CD,3,D1_pwm150_grab3
19948,-452,-2208,10280,CD,3,D1_pwm150_grab3
19954,1840,-894,8414,CD,3,D1_pwm150_grab3
19959,894,886,9694,CD,3,D1_pwm150_grab3
19964,584,1642,12572,CD,3,D1_pwm150_grab3
19969,1144,-380,8978,CD,3,D1_pwm150_grab3
19973,1626,1412,12184,CD,3,D1_pwm150_grab3
19979,1036,-1404,9544,CD,3,D1_pwm150_grab3
19989,-458,-602,10122,CD,3,D1_pwm150_grab3
19993,-964,-1158,10490,CD,3,D1_pwm150_grab3
20004,238,1296,11672,CD,3,D1_pwm150_grab3
20008,356,-90,10146,CD,3,D1_pwm150_grab3
20013,-50,354,10528,CD,3,D1_pwm150_grab3
20019,3126,-12,9010,CD,3,D1_pwm150_grab3
20024,930,718,9494,CD,3,D1_pwm150_grab3
20029,432,1658,12860,CD,3,D1_pwm150_grab3
20034,-2702,-2876,8138,CD,3,D1_pwm150_grab3
20039,702,-1454,10438,CD,3,D1_pwm150_grab3
20043,-546,-932,8774,CD,3,D1_pwm150_grab3
20054,-538,-474,10062,CD,3,D1_pwm150_grab3
20060,-1034,-990,10624,CD,3,D1_pwm150_grab3
20065,3410,446,8610,CD,3,D1_pwm150_grab3
20070,1408,2452,12538,CD,3,D1_pwm150_grab3
20074,1686,-1014,10028,CD,3,D1_pwm150_grab3
20080,-3238,-1160,10140,CD,3,D1_pwm150_grab3
20084,1036,422,9750,CD,3,D1_pwm150_grab3
20090,762,1612,10898,CD,3,D1_pwm150_grab3
20096,710,-1076,11056,CD,3,D1_pwm150_grab3
20099,-2728,-2892,8260,CD,3,D1_pwm150_grab3
20104,-218,-1480,9600,CD,3,D1_pwm150_grab3
20109,-556,478,9530,CD,3,D1_pwm150_grab3
20114,2362,1178,10980,CD,3,D1_pwm150_grab3
20119,-756,-1714,9712,CD,3,D1_pwm150_grab3
20125,278,-288,10786,CD,3,D1_pwm150_grab3
20129,3384,392,8580,CD,3,D1_pwm150_grab3
20134,1552,2328,12502,CD,3,D1_pwm150_grab3
20139,492,4,10036,CD,3,D1_pwm150_grab3
20144,-3322,-988,10140,CD,3,D1_pwm150_grab3
20150,994,432,9538,CD,3,D1_pwm150_grab3
20154,770,1572,10814,CD,3,D1_pwm150_grab3
20159,894,-1140,11086,CD,3,D1_pwm150_grab3
20164,-2206,-3280,9006,CD,3,D1_pwm150_grab3
20170,-226,-1352,9652,CD,3,D1_pwm150_grab3
20174,-518,478,9504,CD,3,D1_pwm150_grab3
20179,2282,1158,10946,CD,3,D1_pwm150_grab3
20184,-740,-1826,9558,CD,3,D1_pwm150_grab3
20190,222,-162,10974,CD,3,D1_pwm150_grab3
20194,3156,338,8582,CD,3,D1_pwm150_grab3
20200,1592,2366,12356,CD,3,D1_pwm150_grab3
20204,1508,-1088,9978,CD,3,D1_pwm150_grab3
20210,-3466,-916,10206,CD,3,D1_pwm150_grab3
20214,988,648,9620,CD,3,D1_pwm150_grab3
20219,638,1532,10966,CD,3,D1_pwm150_grab3
20224,276,1456,12506,CD,3,D1_pwm150_grab3
20229,-2022,-3322,9038,CD,3,D1_pwm150_grab3
20235,-446,-1352,9622,CD,3,D1_pwm150_grab3
20240,-380,466,9610,CD,3,D1_pwm150_grab3
20245,2196,968,10658,CD,3,D1_pwm150_grab3
20249,-596,-1894,9398,CD,3,D1_pwm150_grab3
20255,242,36,10952,CD,3,D1_pwm150_grab3
20260,2894,294,8476,CD,3,D1_pwm150_grab3
20264,1254,-610,11288,CD,3,D1_pwm150_grab3
20269,1510,-1156,9898,CD,3,D1_pwm150_grab3
20279,894,742,9598,CD,3,D1_pwm150_grab3
20284,436,1602,10750,CD,3,D1_pwm150_grab3
20289,1342,-1534,10706,CD,3,D1_pwm150_grab3
20295,-1904,-3280,9156,CD,3,D1_pwm150_grab3
20299,-530,-1264,9620,CD,3,D1_pwm150_grab3
20305,-318,570,9770,CD,3,D1_pwm150_grab3
20310,2704,-942,7922,CD,3,D1_pwm150_grab3
20315,710,38,9250,CD,3,D1_pwm150_grab3
20320,686,2006,12188,CD,3,D1_pwm150_grab3
20325,-2002,-1944,8648,CD,3,D1_pwm150_grab3
20331,1124,-734,11116,CD,3,D1_pwm150_grab3
20335,-50,-1326,8750,CD,3,D1_pwm150_grab3
20345,-850,-1932,9918,CD,3,D1_pwm150_grab3
20352,-240,-1000,10164,CD,3,D1_pwm150_grab3
20360,-116,364,11008,CD,3,D1_pwm150_grab3
20365,-78,98,9842,CD,3,D1_pwm150_grab3
20371,322,-1474,10462,CD,3,D1_pwm150_grab3
20375,2424,-922,8036,CD,3,D1_pwm150_grab3
20380,760,68,9140,CD,3,D1_pwm150_grab3
20385,536,2018,12358,CD,3,D1_pwm150_grab3
20390,-2734,-3552,8638,CD,3,D1_pwm150_grab3
20395,904,-818,11034,CD,3,D1_pwm150_grab3
20401,-146,-1240,8654,CD,3,D1_pwm150_grab3
20410,-254,-166,9856,CD,3,D1_pwm150_grab3
20415,-1224,-878,10660,CD,3,D1_pwm150_grab3
20425,-12,616,11386,CD,3,D1_pwm150_grab3
20431,1554,-700,10078,CD,3,D1_pwm150_grab3
20435,-2568,-1950,10032,CD,3,D1_pwm150_grab3
20441,2132,-976,8184,CD,3,D1_pwm150_grab3
20445,824,198,9312,CD,3,D1_pwm150_grab3
20451,444,1980,12318,CD,3,D1_pwm150_grab3
20455,-2394,-2532,8438,CD,3,D1_pwm150_grab3
20461,832,-1020,11004,CD,3,D1_pwm150_grab3
20465,-228,-1178,8748,CD,3,D1_pwm150_grab3
20470,1148,1740,12144,CD,3,D1_pwm150_grab3
20476,-952,-1878,9734,CD,3,D1_pwm150_grab3
20481,-1196,-884,10696,CD,3,D1_pwm150_grab3
20490,-174,832,11664,CD,3,D1_pwm150_grab3
20496,254,-4,9914,CD,3,D1_pwm150_grab3
20501,-98,-1568,10494,CD,3,D1_pwm150_grab3
20505,2102,-1048,8110,CD,3,D1_pwm150_grab3
20510,926,1738,10762,CD,3,D1_pwm150_grab3
20516,458,-428,11542,CD,3,D1_pwm150_grab3
20521,-2502,-3700,8454,CD,3,D1_pwm150_grab3
20526,790,-1126,10788,CD,3,D1_pwm150_grab3
20530,-358,-1062,8714,CD,3,D1_pwm150_grab3
20541,-300,-312,9956,CD,3,D1_pwm150_grab3
20546,-1024,-910,10556,CD,3,D1_pwm150_grab3
20550,4212,392,7868,CD,3,D1_pwm150_grab3
20556,1472,2594,12358,CD,3,D1_pwm150_grab3
20561,1584,-862,9968,CD,3,D1_pwm150_grab3
20567,-2672,-1570,10220,CD,3,D1_pwm150_grab3
20571,1106,218,9330,CD,3,D1_pwm150_grab3
20577,778,1820,10534,CD,3,D1_pwm150_grab3
20582,476,-540,11352,CD,3,D1_pwm150_grab3
20586,-2394,-3644,8664,CD,3,D1_pwm150_grab3
20592,-188,-182,9528,CD,3,D1_pwm150_grab3
20597,378,-488,10910,CD,3,D1_pwm150_grab3
20601,3176,-680,7944,CD,3,D1_pwm150_grab3
20606,358,-782,9230,CD,3,D1_pwm150_grab3
20611,0,-514,10388,CD,3,D1_pwm150_grab3
20616,4122,206,7828,CD,3,D1_pwm150_grab3
20622,1354,2596,12574,CD,3,D1_pwm150_grab3
20627,1620,-798,10014,CD,3,D1_pwm150_grab3
20637,246,446,9994,CD,3,D1_pwm150_grab3
20641,-678,-78,10852,CD,3,D1_pwm150_grab3
20647,4722,-2030,7602,CD,3,D1_pwm150_grab3
20651,-2402,-3522,9096,CD,3,D1_pwm150_grab3
20656,-216,-1692,9662,CD,3,D1_pwm150_grab3
20661,-620,410,9604,CD,3,D1_pwm150_grab3
20666,1446,1424,11342,CD,3,D1_pwm150_grab3
20671,370,-684,9148,CD,3,D1_pwm150_grab3
20677,1022,2020,11456,CD,3,D1_pwm150_grab3
20682,-822,-1268,8890,CD,3,D1_pwm150_grab3
20686,1338,178,11702,CD,3,D1_pwm150_grab3
20691,456,-1404,9038,CD,3,D1_pwm150_grab3
20696,-3024,-1344,10264,CD,3,D1_pwm150_grab3
20701,1060,264,9624,CD,3,D1_pwm150_grab3
20707,874,1758,10878,CD,3,D1_pwm150_grab3
20712,4606,-1998,7354,CD,3,D1_pwm150_grab3
20716,-542,-822,10532,CD,3,D1_pwm150_grab3
20722,-326,-278,9554,CD,3,D1_pwm150_grab3
20727,424,-712,10736,CD,3,D1_pwm150_grab3
20731,2918,-748,7910,CD,3,D1_pwm150_grab3
20736,-806,-1894,9772,CD,3,D1_pwm150_grab3
20742,118,-576,10588,CD,3,D1_pwm150_grab3
20746,3828,280,8408,CD,3,D1_pwm150_grab3
20752,1350,-44,11768,CD,3,D1_pwm150_grab3
20756,562,-1452,9058,CD,3,D1_pwm150_grab3
20767,276,458,9988,CD,3,D1_pwm150_grab3
20771,-858,-102,10646,CD,3,D1_pwm150_grab3
20781,-2526,-3404,8962,CD,3,D1_pwm150_grab3
20786,-2,-1584,9588,CD,3,D1_pwm150_grab3
20791,-634,406,9460,CD,3,D1_pwm150_grab3
20797,2880,-638,7782,CD,3,D1_pwm150_grab3
20801,428,-744,9280,CD,3,D1_pwm150_grab3
20806,1114,1956,11078,CD,3,D1_pwm150_grab3
20812,-782,-1584,8792,CD,3,D1_pwm150_grab3
20816,1242,4,11772,CD,3,D1_pwm150_grab3
20822,514,-1504,9042,CD,3,D1_pwm150_grab3
20833,-844,-1218,10064,CD,3,D1_pwm150_grab3
20838,-790,-1164,10168,CD,3,D1_pwm150_grab3
20848,1052,2244,12300,CD,3,D1_pwm150_grab3
20852,1128,-264,10114,CD,3,D1_pwm150_grab3
20858,-1000,-2116,10234,CD,3,D1_pwm150_grab3
20862,1612,-8,9356,CD,3,D1_pwm150_grab3
20867,282,-604,9524,CD,3,D1_pwm150_grab3
20872,184,820,12396,CD,3,D1_pwm150_grab3
20878,-2768,-3826,8090,CD,3,D1_pwm150_grab3
20883,214,-1882,10106,CD,3,D1_pwm150_grab3
20888,-668,-174,9210,CD,3,D1_pwm150_grab3
20892,-668,2400,13354,CD,3,D1_pwm150_grab3
20897,-844,-1372,10000,CD,3,D1_pwm150_grab3
20903,-788,-1132,10126,CD,3,D1_pwm150_grab3
20913,-862,-784,10806,CD,3,D1_pwm150_grab3
20918,1122,-282,10172,CD,3,D1_pwm150_grab3
20923,-1110,-2220,10198,CD,3,D1_pwm150_grab3
20928,1644,28,9400,CD,3,D1_pwm150_grab3
20933,1146,1466,10206,CD,3,D1_pwm150_grab3
20938,172,664,12204,CD,3,D1_pwm150_grab3
20942,-2850,-3850,8090,CD,3,D1_pwm150_grab3
20947,266,-1928,10028,CD,3,D1_pwm150_grab3
20953,602,-1468,9122,CD,3,D1_pwm150_grab3
20963,-826,-1546,10042,CD,3,D1_pwm150_grab3
20967,-756,-1148,10154,CD,3,D1_pwm150_grab3
20978,736,2316,12532,CD,3,D1_pwm150_grab3
20982,1236,-304,10114,CD,3,D1_pwm150_grab3
20987,-1114,-2350,10042,CD,3,D1_pwm150_grab3
20992,3016,-594,7950,CD,3,D1_pwm150_grab3
20998,1246,1498,10422,CD,3,D1_pwm150_grab3
21002,204,552,12080,CD,3,D1_pwm150_grab3
21007,-2918,-3856,8022,CD,3,D1_pwm150_grab3
21012,390,-1940,9936,CD,3,D1_pwm150_grab3
21018,-744,-116,9232,CD,3,D1_pwm150_grab3
21027,-930,-1462,10068,CD,3,D1_pwm150_grab3
21032,-732,-1106,10262,CD,3,D1_pwm150_grab3
21043,846,2236,12392,CD,3,D1_pwm150_grab3
21047,1220,-256,10234,CD,3,D1_pwm150_grab3
21052,-1052,-2262,10138,CD,3,D1_pwm150_grab3
21057,1566,-74,9222,CD,3,D1_pwm150_grab3
21063,1262,1406,10258,CD,3,D1_pwm150_grab3
21068,230,596,12272,CD,3,D1_pwm150_grab3
21073,-2928,-3826,7886,CD,3,D1_pwm150_grab3
21078,-350,-694,9450,CD,3,D1_pwm150_grab3
21084,-42,186,10380,CD,3,D1_pwm150_grab3
21089,3006,-24,9194,CD,3,D1_pwm150_grab3
21093,-304,-1428,9526,CD,3,D1_pwm150_grab3
21098,1502,800,11080,CD,3,D1_pwm150_grab3
21103,1282,-88,9050,CD,3,D1_pwm150_grab3
21108,1602,1588,12408,CD,3,D1_pwm150_grab3
21113,1272,-1352,9632,CD,3,D1_pwm150_grab3
21124,740,468,10014,CD,3,D1_pwm150_grab3
21128,202,986,10692,CD,3,D1_pwm150_grab3
21134,2480,-2198,10132,CD,3,D1_pwm150_grab3
21139,-1748,-2530,9840,CD,3,D1_pwm150_grab3
21144,-296,-668,9482,CD,3,D1_pwm150_grab3
21149,-112,150,10532,CD,3,D1_pwm150_grab3
21153,3284,-126,9184,CD,3,D1_pwm150_grab3
21159,938,782,9466,CD,3,D1_pwm150_grab3
21164,1548,844,11182,CD,3,D1_pwm150_grab3
21169,1430,8,9228,CD,3,D1_pwm150_grab3
21174,1548,1602,12320,CD,3,D1_pwm150_grab3
21179,1312,-1348,9750,CD,3,D1_pwm150_grab3
21188,768,662,10152,CD,3,D1_pwm150_grab3
21194,302,970,10868,CD,3,D1_pwm150_grab3
21203,66,1176,11866,CD,3,D1_pwm150_grab3
21208,-284,-762,9390,CD,3,D1_pwm150_grab3
21213,-74,246,10386,CD,3,D1_pwm150_grab3
21218,3420,-152,9326,CD,3,D1_pwm150_grab3
21224,-416,-1474,9436,CD,3,D1_pwm150_grab3
21228,1294,966,11418,CD,3,D1_pwm150_grab3
21233,1762,106,9280,CD,3,D1_pwm150_grab3
21239,740,-1304,10708,CD,3,D1_pwm150_grab3
21244,-400,-1040,8660,CD,3,D1_pwm150_grab3
21253,806,728,10032,CD,3,D1_pwm150_grab3
21258,324,1106,10924,CD,3,D1_pwm150_grab3
21263,2344,-2368,9942,CD,3,D1_pwm150_grab3
21268,-1708,-2710,9570,CD,3,D1_pwm150_grab3
21273,-356,-822,9438,CD,3,D1_pwm150_grab3
21278,-140,-1946,10290,CD,3,D1_pwm150_grab3
21284,2116,-648,8202,CD,3,D1_pwm150_grab3
21288,818,532,9670,CD,3,D1_pwm150_grab3
21293,1044,748,11462,CD,3,D1_pwm150_grab3
21299,1802,140,9132,CD,3,D1_pwm150_grab3
21303,1538,1858,12200,CD,3,D1_pwm150_grab3
21308,1264,-1336,9762,CD,3,D1_pwm150_grab3
21318,-404,-710,9884,CD,3,D1_pwm150_grab3
21324,-1080,-922,10520,CD,3,D1_pwm150_grab3
21335,-88,876,11820,CD,3,D1_pwm150_grab3
21339,164,82,10114,CD,3,D1_pwm150_grab3
21344,-24,-2014,10354,CD,3,D1_pwm150_grab3
21350,2326,-576,8234,CD,3,D1_pwm150_grab3
21354,854,558,9600,CD,3,D1_pwm150_grab3
21359,494,-754,11320,CD,3,D1_pwm150_grab3
21364,-2520,-3820,8742,CD,3,D1_pwm150_grab3
21369,-80,-1698,9744,CD,3,D1_pwm150_grab3
21374,-670,350,9584,CD,3,D1_pwm150_grab3
21385,-388,-788,9826,CD,3,D1_pwm150_grab3
21389,-1172,-1056,10516,CD,3,D1_pwm150_grab3
21400,1222,2592,12682,CD,3,D1_pwm150_grab3
21405,1660,-728,9974,CD,3,D1_pwm150_grab3
21409,-2466,-1358,10364,CD,3,D1_pwm150_grab3
21414,1258,574,9772,CD,3,D1_pwm150_grab3
21420,814,774,9648,CD,3,D1_pwm150_grab3
21424,736,1868,12416,CD,3,D1_pwm150_grab3
21429,-2202,-2360,8392,CD,3,D1_pwm150_grab3
21434,986,-902,10894,CD,3,D1_pwm150_grab3
21440,-732,346,9610,CD,3,D1_pwm150_grab3
21444,892,1286,11822,CD,3,D1_pwm150_grab3
21449,-910,-2234,9810,CD,3,D1_pwm150_grab3
21455,-236,-674,10362,CD,3,D1_pwm150_grab3
21464,-28,526,11190,CD,3,D1_pwm150_grab3
21470,-128,128,9946,CD,3,D1_pwm150_grab3
21474,228,-1764,10272,CD,3,D1_pwm150_grab3
21479,1306,594,9708,CD,3,D1_pwm150_grab3
21485,1120,1786,10756,CD,3,D1_pwm150_grab3
21490,394,-556,11462,CD,3,D1_pwm150_grab3
21494,-2808,-3766,8478,CD,3,D1_pwm150_grab3
21499,260,-1752,9680,CD,3,D1_pwm150_grab3
21504,-60,-1172,8662,CD,3,D1_pwm150_grab3
21514,-102,-320,9776,CD,3,D1_pwm150_grab3
21519,-1148,-814,10566,CD,3,D1_pwm150_grab3
21529,1234,2468,12258,CD,3,D1_pwm150_grab3
21534,1396,-568,10068,CD,3,D1_pwm150_grab3
21540,-1568,-1864,10280,CD,3,D1_pwm150_grab3
21545,1394,374,9470,CD,3,D1_pwm150_grab3
21550,638,86,9376,CD,3,D1_pwm150_grab3
21555,738,2064,11706,CD,3,D1_pwm150_grab3
21559,-1564,-1980,8730,CD,3,D1_pwm150_grab3
21564,150,-1754,9878,CD,3,D1_pwm150_grab3
21570,-614,138,9440,CD,3,D1_pwm150_grab3
21579,-1072,-2074,9926,CD,3,D1_pwm150_grab3
21584,-656,-1080,10508,CD,3,D1_pwm150_grab3
21595,1298,2422,11786,CD,3,D1_pwm150_grab3
21600,1204,-472,10254,CD,3,D1_pwm150_grab3
21610,596,664,10424,CD,3,D1_pwm150_grab3
21615,156,788,10846,CD,3,D1_pwm150_grab3
21621,2622,-2818,9596,CD,3,D1_pwm150_grab3
21625,-1664,-2320,10260,CD,3,D1_pwm150_grab3
21630,-304,-626,9478,CD,3,D1_pwm150_grab3
21636,-692,-50,9164,CD,3,D1_pwm150_grab3
21646,-350,-1436,9302,CD,3,D1_pwm150_grab3
21650,1420,1008,11320,CD,3,D1_pwm150_grab3
21656,1616,380,9510,CD,3,D1_pwm150_grab3
21661,1482,1576,12146,CD,3,D1_pwm150_grab3
21665,1336,-1258,9794,CD,3,D1_pwm150_grab3
21675,1570,266,9436,CD,3,D1_pwm150_grab3
21681,1072,1764,10008,CD,3,D1_pwm150_grab3
21686,1830,-2422,10166,CD,3,D1_pwm150_grab3
21691,-1938,-2886,9528,CD,3,D1_pwm150_grab3
21696,-148,-950,9452,CD,3,D1_pwm150_grab3
21700,-442,308,9970,CD,3,D1_pwm150_grab3
21705,2896,-152,9450,CD,3,D1_pwm150_grab3
21711,-556,-1586,9288,CD,3,D1_pwm150_grab3
21716,676,454,11238,CD,3,D1_pwm150_grab3
21725,1562,2010,12194,CD,3,D1_pwm150_grab3
21730,1412,-1138,9894,CD,3,D1_pwm150_grab3
21735,-3154,-142,10736,CD,3,D1_pwm150_grab3
21741,1018,900,9908,CD,3,D1_pwm150_grab3
21745,668,1354,11006,CD,3,D1_pwm150_grab3
21750,834,-1412,10944,CD,3,D1_pwm150_grab3
21756,-2010,-3212,9210,CD,3,D1_pwm150_grab3
21760,604,-1422,10332,CD,3,D1_pwm150_grab3
21766,-374,462,9642,CD,3,D1_pwm150_grab3
21770,1666,792,10506,CD,3,D1_pwm150_grab3
21775,-744,-1796,9428,CD,3,D1_pwm150_grab3
21781,6,-252,10770,CD,3,D1_pwm150_grab3
21786,3862,168,8088,CD,3,D1_pwm150_grab3
21790,1422,2372,12168,CD,3,D1_pwm150_grab3
21795,1502,-780,9936,CD,3,D1_pwm150_grab3
21801,-2014,-1006,10780,CD,3,D1_pwm150_grab3
21805,1156,490,9496,CD,3,D1_pwm150_grab3
21810,726,1622,10760,CD,3,D1_pwm150_grab3
21815,500,-404,11460,CD,3,D1_pwm150_grab3
21821,-2476,-3274,8876,CD,3,D1_pwm150_grab3
21826,-144,-1750,9564,CD,3,D1_pwm150_grab3
21830,-516,116,9264,CD,3,D1_pwm150_grab3
21835,568,1274,11254,CD,3,D1_pwm150_grab3
21840,-712,-1688,9838,CD,3,D1_pwm150_grab3
21846,1718,1636,11368,CD,3,D1_pwm150_grab3
21852,66,-458,9124,CD,3,D1_pwm150_grab3
21856,1498,938,11874,CD,3,D1_pwm150_grab3
21861,750,-1252,9516,CD,3,D1_pwm150_grab3
21872,556,248,10160,CD,3,D1_pwm150_grab3
21876,-66,546,10838,CD,3,D1_pwm150_grab3
21882,3082,-2240,9362,CD,3,D1_pwm150_grab3
21888,242,1142,11892,CD,3,D1_pwm150_grab3
21892,-320,-804,9310,CD,3,D1_pwm150_grab3
21896,-272,-170,10334,CD,3,D1_pwm150_grab3
21902,3186,-152,8704,CD,3,D1_pwm150_grab3
21907,-218,-1052,9272,CD,3,D1_pwm150_grab3
21911,1466,1162,11460,CD,3,D1_pwm150_grab3
21916,1214,-222,9048,CD,3,D1_pwm150_grab3
21922,1460,1508,12068,CD,3,D1_pwm150_grab3
21926,-440,-808,8840,CD,3,D1_pwm150_grab3
21937,840,462,9954,CD,3,D1_pwm150_grab3
21941,196,1004,10956,CD,3,D1_pwm150_grab3
21946,2026,-1974,10140,CD,3,D1_pwm150_grab3
21952,-1550,-2506,9832,CD,3,D1_pwm150_grab3
21957,-398,-1100,9302,CD,3,D1_pwm150_grab3
21961,-344,42,9802,CD,3,D1_pwm150_grab3
21966,2350,-356,8200,CD,3,D1_pwm150_grab3
21971,726,474,9546,CD,3,D1_pwm150_grab3
21977,650,452,11124,CD,3,D1_pwm150_grab3
21981,2410,84,8774,CD,3,D1_pwm150_grab3
21987,1404,1838,12056,CD,3,D1_pwm150_grab3
21991,1374,-996,9856,CD,3,D1_pwm150_grab3
21997,-3000,562,11384,CD,3,D1_pwm150_grab3
22001,998,688,9678,CD,3,D1_pwm150_grab3
22006,-1016,-726,10660,CD,3,D1_pwm150_grab3
22016,-2142,-2920,9348,CD,3,D1_pwm150_grab3
22021,-314,-1296,9528,CD,3,D1_pwm150_grab3
22027,-276,172,9552,CD,3,D1_pwm150_grab3
22031,1518,226,9966,CD,3,D1_pwm150_grab3
22037,-658,-1566,9502,CD,3,D1_pwm150_grab3
22042,302,-4,10704,CD,3,D1_pwm150_grab3
22046,-1104,-1384,9104,CD,3,D1_pwm150_grab3
22052,1228,-56,11566,CD,3,D1_pwm150_grab3
22056,384,-1092,9124,CD,3,D1_pwm150_grab3
22061,-2546,-310,11122,CD,3,D1_pwm150_grab3
22067,1188,686,9866,CD,3,D1_pwm150_grab3
22071,748,1406,10512,CD,3,D1_pwm150_grab3
22076,438,-840,11316,CD,3,D1_pwm150_grab3
22081,-2446,-3312,8912,CD,3,D1_pwm150_grab3
22086,-318,-422,9456,CD,3,D1_pwm150_grab3
22091,172,-1018,10540,CD,3,D1_pwm150_grab3
22096,2884,-552,7850,CD,3,D1_pwm150_grab3
22103,202,-308,9364,CD,3,D1_pwm150_grab3
22108,1510,1704,11320,CD,3,D1_pwm150_grab3
22113,-258,-810,9244,CD,3,D1_pwm150_grab3
22117,1376,666,11708,CD,3,D1_pwm150_grab3
22122,668,-1236,9328,CD,3,D1_pwm150_grab3
22133,-726,-1486,9908,CD,3,D1_pwm150_grab3
22137,-912,-984,10542,CD,3,D1_pwm150_grab3
22148,-964,-1740,10072,CD,3,D1_pwm150_grab3
22153,-418,-624,9228,CD,3,D1_pwm150_grab3
22158,-22,-610,10254,CD,3,D1_pwm150_grab3
22163,2754,-590,8304,CD,3,D1_pwm150_grab3
22168,1000,1102,9898,CD,3,D1_pwm150_grab3
22172,564,1520,12548,CD,3,D1_pwm150_grab3
22178,-2822,-2588,8448,CD,3,D1_pwm150_grab3
22183,762,-1242,10586,CD,3,D1_pwm150_grab3
22187,1036,-1218,9650,CD,3,D1_pwm150_grab3
22198,800,548,9942,CD,3,D1_pwm150_grab3
22202,-8,738,10534,CD,3,D1_pwm150_grab3
22208,2282,-2148,10102,CD,3,D1_pwm150_grab3
22212,58,828,11598,CD,3,D1_pwm150_grab3
22218,190,-298,9880,CD,3,D1_pwm150_grab3
22222,-128,-2024,10128,CD,3,D1_pwm150_grab3
22228,2228,-348,8288,CD,3,D1_pwm150_grab3
22232,-412,-1292,9348,CD,3,D1_pwm150_grab3
22237,1010,664,11060,CD,3,D1_pwm150_grab3
22243,2118,-38,8432,CD,3,D1_pwm150_grab3
22248,1502,1854,12342,CD,3,D1_pwm150_grab3
22253,-106,-930,8954,CD,3,D1_pwm150_grab3
22262,-118,-624,9862,CD,3,D1_pwm150_grab3
22267,-1080,-730,10672,CD,3,D1_pwm150_grab3
22272,788,-972,10944,CD,3,D1_pwm150_grab3
22278,-2006,-2826,9702,CD,3,D1_pwm150_grab3
22283,-198,-1314,9554,CD,3,D1_pwm150_grab3
22287,-332,-206,9630,CD,3,D1_pwm150_grab3
22292,2532,-198,8096,CD,3,D1_pwm150_grab3
22298,420,422,9640,CD,3,D1_pwm150_grab3
22302,1278,1684,11392,CD,3,D1_pwm150_grab3
22307,-966,-1454,8510,CD,3,D1_pwm150_grab3
22312,1328,272,11466,CD,3,D1_pwm150_grab3
22317,1608,-908,9846,CD,3,D1_pwm150_grab3
3007,-632,-474,10204,CD,0,D1_pwm150_grab4
3013,1052,60,11158,CD,0,D1_pwm150_grab4
3017,1400,566,9406,CD,0,D1_pwm150_grab4
3022,1806,1882,11400,CD,0,D1_pwm150_grab4
3027,1044,-986,9826,CD,0,D1_pwm150_grab4
3032,-1306,-2160,10580,CD,0,D1_pwm150_grab4
3038,1368,-626,9486,CD,0,D1_pwm150_grab4
3043,802,1330,9866,CD,0,D1_pwm150_grab4
3048,142,840,11768,CD,0,D1_pwm150_grab4
3053,-1198,-2334,9720,CD,0,D1_pwm150_grab4
3057,-378,-654,9628,CD,0,D1_pwm150_grab4
3062,206,-110,10976,CD,0,D1_pwm150_grab4
3067,3456,16,9022,CD,0,D1_pwm150_grab4
3073,-650,-1260,10178,CD,0,D1_pwm150_grab4
3077,-74,-1014,10052,CD,0,D1_pwm150_grab4
3082,4240,282,8260,CD,0,D1_pwm150_grab4
3087,1404,2202,12180,CD,0,D1_pwm150_grab4
3093,758,-1078,9342,CD,0,D1_pwm150_grab4
3102,2,232,9932,CD,0,D1_pwm150_grab4
3107,-758,38,10696,CD,0,D1_pwm150_grab4
3117,-2336,-3332,8616,CD,0,D1_pwm150_grab4
3123,-246,-1542,9760,CD,0,D1_pwm150_grab4
3128,-766,44,10148,CD,0,D1_pwm150_grab4
3132,2666,-334,8658,CD,0,D1_pwm150_grab4
3137,598,-160,9442,CD,0,D1_pwm150_grab4
3143,854,1572,10996,CD,0,D1_pwm150_grab4
3148,-1610,-1184,8786,CD,0,D1_pwm150_grab4
3152,1230,-196,11032,CD,0,D1_pwm150_grab4
3159,584,-900,9212,CD,0,D1_pwm150_grab4
3168,-90,-606,9674,CD,0,D1_pwm150_grab4
3174,-556,-594,10324,CD,0,D1_pwm150_grab4
3183,1148,1724,11668,CD,0,D1_pwm150_grab4
3188,986,-348,10178,CD,0,D1_pwm150_grab4
3193,-1152,-820,10572,CD,0,D1_pwm150_grab4
3198,1922,1054,10068,CD,0,D1_pwm150_grab4
3204,580,252,9844,CD,0,D1_pwm150_grab4
3208,1108,1520,11008,CD,0,D1_pwm150_grab4
3213,-2880,-2584,8478,CD,0,D1_pwm150_grab4
3219,116,-1584,9836,CD,0,D1_pwm150_grab4
3223,-512,-188,9776,CD,0,D1_pwm150_grab4
3228,-954,606,11588,CD,0,D1_pwm150_grab4
3234,-714,-1572,9768,CD,0,D1_pwm150_grab4
3239,-690,-506,10394,CD,0,D1_pwm150_grab4
3248,-796,-1288,10978,CD,0,D1_pwm150_grab4
3254,688,-366,10162,CD,0,D1_pwm150_grab4
3259,-836,-866,10336,CD,0,D1_pwm150_grab4
3264,2110,1062,9830,CD,0,D1_pwm150_grab4
3268,1002,1058,10052,CD,0,D1_pwm150_grab4
3273,62,386,12042,CD,0,D1_pwm150_grab4
3278,-2978,-2116,8532,CD,0,D1_pwm150_grab4
3283,496,-1252,10056,CD,0,D1_pwm150_grab4
3289,916,-760,9612,CD,0,D1_pwm150_grab4
3299,-598,-1600,9516,CD,0,D1_pwm150_grab4
3303,-818,-636,10246,CD,0,D1_pwm150_grab4
3314,368,382,11306,CD,0,D1_pwm150_grab4
3318,372,-354,10014,CD,0,D1_pwm150_grab4
3323,-592,-1296,9940,CD,0,D1_pwm150_grab4
3329,2258,-292,9202,CD,0,D1_pwm150_grab4
3334,766,822,10012,CD,0,D1_pwm150_grab4
3338,632,888,11678,CD,0,D1_pwm150_grab4
3344,-2372,-1576,8556,CD,0,D1_pwm150_grab4
3348,1004,-566,10462,CD,0,D1_pwm150_grab4
3354,168,-258,9498,CD,0,D1_pwm150_grab4
3363,-298,-1438,9574,CD,0,D1_pwm150_grab4
3368,-828,-724,10122,CD,0,D1_pwm150_grab4
3378,-224,-670,11052,CD,0,D1_pwm150_grab4
3384,12,-544,9914,CD,0,D1_pwm150_grab4
3388,-450,-1682,9782,CD,0,D1_pwm150_grab4
3394,2250,678,9066,CD,0,D1_pwm150_grab4
3398,424,450,10298,CD,0,D1_pwm150_grab4
3403,1398,1220,11266,CD,0,D1_pwm150_grab4
3408,-728,-1546,8124,CD,0,D1_pwm150_grab4
3414,334,-1286,9806,CD,0,D1_pwm150_grab4
3419,-390,-402,9710,CD,0,D1_pwm150_grab4
3424,-1610,92,11336,CD,0,D1_pwm150_grab4
3430,-644,-1502,9726,CD,0,D1_pwm150_grab4
3435,-772,-340,10326,CD,0,D1_pwm150_grab4
3444,614,530,11104,CD,0,D1_pwm150_grab4
3449,480,-572,9856,CD,0,D1_pwm150_grab4
3454,-2232,1540,11872,CD,0,D1_pwm150_grab4
3459,2296,1236,9958,CD,0,D1_pwm150_grab4
3464,770,794,10028,CD,0,D1_pwm150_grab4
3470,512,372,11758,CD,0,D1_pwm150_grab4
3475,-2624,-1584,8662,CD,0,D1_pwm150_grab4
3480,1088,-660,10188,CD,0,D1_pwm150_grab4
3485,88,-146,9818,CD,0,D1_pwm150_grab4
3494,-726,-940,9952,CD,0,D1_pwm150_grab4
3499,-858,-632,10014,CD,0,D1_pwm150_grab4
3509,78,-558,10920,CD,0,D1_pwm150_grab4
3514,-138,-622,9996,CD,0,D1_pwm150_grab4
3520,-394,-1448,9492,CD,0,D1_pwm150_grab4
3524,2344,866,9566,CD,0,D1_pwm150_grab4
3529,286,420,10324,CD,0,D1_pwm150_grab4
3534,292,-246,11508,CD,0,D1_pwm150_grab4
3544,1124,330,10680,CD,0,D1_pwm150_grab4
3549,790,-262,9950,CD,0,D1_pwm150_grab4
3559,416,-936,9260,CD,0,D1_pwm150_grab4
3564,14,-98,9674,CD,0,D1_pwm150_grab4
3570,2202,-576,9986,CD,0,D1_pwm150_grab4
3574,458,256,10982,CD,0,D1_pwm150_grab4
3580,150,-750,9768,CD,0,D1_pwm150_grab4
3585,-322,-1728,9468,CD,0,D1_pwm150_grab4
3590,1362,60,9854,CD,0,D1_pwm150_grab4
3594,-280,-28,10344,CD,0,D1_pwm150_grab4
3600,780,720,11360,CD,0,D1_pwm150_grab4
3605,3214,-1584,7918,CD,0,D1_pwm150_grab4
3609,912,948,11446,CD,0,D1_pwm150_grab4
3615,1356,-656,9534,CD,0,D1_pwm150_grab4
3625,-140,-1302,9292,CD,0,D1_pwm150_grab4
3629,784,334,9974,CD,0,D1_pwm150_grab4
3635,302,-510,10634,CD,0,D1_pwm150_grab4
3640,-2574,-1818,10168,CD,0,D1_pwm150_grab4
3644,292,-906,10086,CD,0,D1_pwm150_grab4
3649,-622,-1146,9944,CD,0,D1_pwm150_grab4
3655,-530,-396,10466,CD,0,D1_pwm150_grab4
3659,40,206,10266,CD,0,D1_pwm150_grab4
3664,1426,952,11420,CD,0,D1_pwm150_grab4
3676,1228,478,10700,CD,0,D1_pwm150_grab4
3680,1098,-394,9698,CD,0,D1_pwm150_grab4
3691,814,-540,9176,CD,0,D1_pwm150_grab4
3696,224,-34,9556,CD,0,D1_pwm150_grab4
3705,262,-30,11024,CD,0,D1_pwm150_grab4
3712,-76,-896,9888,CD,0,D1_pwm150_grab4
3715,-388,-1630,9386,CD,0,D1_pwm150_grab4
3720,538,-358,9948,CD,0,D1_pwm150_grab4
3726,-476,-350,10110,CD,0,D1_pwm150_grab4
3731,400,720,11306,CD,0,D1_pwm150_grab4
3741,1170,-24,10406,CD,0,D1_pwm150_grab4
3746,546,60,10000,CD,0,D1_pwm150_grab4
3756,1896,886,9738,CD,0,D1_pwm150_grab4
3760,828,456,9938,CD,0,D1_pwm150_grab4
3766,152,-528,10920,CD,0,D1_pwm150_grab4
3775,474,-724,10040,CD,0,D1_pwm150_grab4
3781,-306,-2146,9148,CD,0,D1_pwm150_grab4
3786,1846,26,9774,CD,0,D1_pwm150_grab4
3791,-194,112,10106,CD,0,D1_pwm150_grab4
3795,1016,990,11498,CD,0,D1_pwm150_grab4
3806,602,658,11538,CD,0,D1_pwm150_grab4
3810,654,-1028,9622,CD,0,D1_pwm150_grab4
3815,-1148,-12,10286,CD,0,D1_pwm150_grab4
3821,1246,244,9286,CD,0,D1_pwm150_grab4
3826,526,70,9870,CD,0,D1_pwm150_grab4
3830,406,-866,10634,CD,0,D1_pwm150_grab4
3835,-2254,-1528,10150,CD,0,D1_pwm150_grab4
3840,922,-638,9956,CD,0,D1_pwm150_grab4
3846,-110,146,10112,CD,0,D1_pwm150_grab4
3850,-2730,586,12426,CD,0,D1_pwm150_grab4
3856,-570,-1900,9420,CD,0,D1_pwm150_grab4
3861,-98,506,11018,CD,0,D1_pwm150_grab4
3870,910,818,11322,CD,0,D1_pwm150_grab4
3875,1030,-912,9388,CD,0,D1_pwm150_grab4
3881,-1518,1102,11342,CD,0,D1_pwm150_grab4
3886,2336,1012,9396,CD,0,D1_pwm150_grab4
3891,316,674,10490,CD,0,D1_pwm150_grab4
3895,1470,1080,11450,CD,0,D1_pwm150_grab4
3905,644,-826,9634,CD,0,D1_pwm150_grab4
3910,-334,-212,10340,CD,0,D1_pwm150_grab4
3915,-1502,-260,11260,CD,0,D1_pwm150_grab4
3920,-776,-1556,9598,CD,0,D1_pwm150_grab4
3926,-606,-370,9802,CD,0,D1_pwm150_grab4
3937,538,894,11746,CD,0,D1_pwm150_grab4
3941,1186,-918,9438,CD,0,D1_pwm150_grab4
3946,-2330,1712,11922,CD,0,D1_pwm150_grab4
3952,1646,690,9392,CD,0,D1_pwm150_grab4
3956,776,244,10070,CD,0,D1_pwm150_grab4
3961,288,-1016,10904,CD,0,D1_pwm150_grab4
3966,-2582,-2278,9620,CD,0,D1_pwm150_grab4
3971,1088,-668,10272,CD,0,D1_pwm150_grab4
3977,106,52,9444,CD,0,D1_pwm150_grab4
3981,-196,-504,10226,CD,0,D1_pwm150_grab4
3987,-788,-1276,9710,CD,0,D1_pwm150_grab4
3992,-348,84,10854,CD,0,D1_pwm150_grab4
4002,1186,1744,11506,CD,0,D1_pwm150_grab4
4006,1058,-584,9924,CD,0,D1_pwm150_grab4
4011,-246,-1854,9954,CD,0,D1_pwm150_grab4
4016,2146,-174,8392,CD,0,D1_pwm150_grab4
4022,994,1298,10214,CD,0,D1_pwm150_grab4
4026,54,0,11898,CD,0,D1_pwm150_grab4
4031,-2872,-3338,8420,CD,0,D1_pwm150_grab4
4037,310,-1582,9942,CD,0,D1_pwm150_grab4
4041,-634,96,9460,CD,0,D1_pwm150_grab4
4052,-724,-1866,9658,CD,0,D1_pwm150_grab4
4057,-278,-482,10160,CD,0,D1_pwm150_grab4
4066,778,1230,11450,CD,0,D1_pwm150_grab4
4072,536,-258,10224,CD,0,D1_pwm150_grab4
4077,-366,-1904,9698,CD,0,D1_pwm150_grab4
4082,1932,698,9590,CD,0,D1_pwm150_grab4
4086,846,1290,9758,CD,0,D1_pwm150_grab4
4096,1322,-284,9422,CD,0,D1_pwm150_grab4
4101,836,-964,10428,CD,0,D1_pwm150_grab4
4107,-270,-362,8928,CD,0,D1_pwm150_grab4
4116,-480,-1422,9664,CD,0,D1_pwm150_grab4
4122,-1012,-1022,10290,CD,0,D1_pwm150_grab4
4132,66,258,11346,CD,0,D1_pwm150_grab4
4137,128,-208,10176,CD,0,D1_pwm150_grab4
4142,-48,-1884,9862,CD,0,D1_pwm150_grab4
4146,2254,-2,8760,CD,0,D1_pwm150_grab4
4151,664,636,9632,CD,0,D1_pwm150_grab4
4157,832,1656,11458,CD,0,D1_pwm150_grab4
4161,-1656,-2144,8754,CD,0,D1_pwm150_grab4
4166,1132,-426,10812,CD,0,D1_pwm150_grab4
4171,308,-756,8736,CD,0,D1_pwm150_grab4
4182,-920,-1846,9800,CD,0,D1_pwm150_grab4
4188,-580,-544,10534,CD,0,D1_pwm150_grab4
4198,1254,1922,11594,CD,0,D1_pwm150_grab4
4203,1024,-558,10044,CD,0,D1_pwm150_grab4
4207,-1058,-1210,10432,CD,0,D1_pwm150_grab4
4213,1920,1140,9956,CD,0,D1_pwm150_grab4
4217,1052,1468,10010,CD,0,D1_pwm150_grab4
4224,2212,-2220,9982,CD,0,D1_pwm150_grab4
4228,-2792,-3560,8256,CD,0,D1_pwm150_grab4
4233,156,-1546,10144,CD,0,D1_pwm150_grab4
4237,-512,220,9332,CD,0,D1_pwm150_grab4
4248,-818,-1796,9832,CD,0,D1_pwm150_grab4
4253,-792,-948,10364,CD,0,D1_pwm150_grab4
4263,1490,1468,11538,CD,0,D1_pwm150_grab4
4268,980,-442,10204,CD,0,D1_pwm150_grab4
4272,-910,-1988,10178,CD,0,D1_pwm150_grab4
4278,1790,664,9846,CD,0,D1_pwm150_grab4
4282,1018,1490,9924,CD,0,D1_pwm150_grab4
4287,118,744,12208,CD,0,D1_pwm150_grab4
4293,-2864,-3356,8292,CD,0,D1_pwm150_grab4
4297,364,-1626,10242,CD,0,D1_pwm150_grab4
4302,-594,-30,9246,CD,0,D1_pwm150_grab4
4307,2728,-286,9394,CD,0,D1_pwm150_grab4
4312,-786,-1598,9908,CD,0,D1_pwm150_grab4
4317,-902,-1182,10308,CD,0,D1_pwm150_grab4
4332,846,-374,10374,CD,0,D1_pwm150_grab4
4337,-834,-2134,9802,CD,0,D1_pwm150_grab4
4342,1762,376,9584,CD,0,D1_pwm150_grab4
4347,408,1026,10664,CD,0,D1_pwm150_grab4
4353,228,838,12248,CD,0,D1_pwm150_grab4
4357,-2938,-3786,7714,CD,0,D1_pwm150_grab4
4362,442,-1518,10218,CD,0,D1_pwm150_grab4
4367,-628,-274,9052,CD,0,D1_pwm150_grab4
4378,-728,-1260,10078,CD,0,D1_pwm150_grab4
4382,-704,-1160,10394,CD,0,D1_pwm150_grab4
4388,2864,690,9098,CD,0,D1_pwm150_grab4
4392,1560,1962,11368,CD,0,D1_pwm150_grab4
4397,692,-222,10412,CD,0,D1_pwm150_grab4
4402,-524,-2172,9844,CD,0,D1_pwm150_grab4
4408,1682,-496,8848,CD,0,D1_pwm150_grab4
4413,896,1086,9742,CD,0,D1_pwm150_grab4
4417,300,1474,12356,CD,0,D1_pwm150_grab4
4422,-2824,-3310,7962,CD,0,D1_pwm150_grab4
4427,-226,-1144,10122,CD,0,D1_pwm150_grab4
4433,-476,470,10044,CD,0,D1_pwm150_grab4
4438,1754,730,10298,CD,0,D1_pwm150_grab4
4444,-506,-1872,9448,CD,0,D1_pwm150_grab4
4448,426,-30,10760,CD,0,D1_pwm150_grab4
4453,3236,620,8714,CD,0,D1_pwm150_grab4
4458,1484,2082,11692,CD,0,D1_pwm150_grab4
4464,1462,-1092,9704,CD,0,D1_pwm150_grab4
4473,4,240,10354,CD,0,D1_pwm150_grab4
4478,-668,-468,10714,CD,0,D1_pwm150_grab4
4483,744,-1434,11118,CD,0,D1_pwm150_grab4
4489,-2268,-3370,9100,CD,0,D1_pwm150_grab4
4493,-222,-1222,10138,CD,0,D1_pwm150_grab4
4498,-506,474,10094,CD,0,D1_pwm150_grab4
4504,1782,938,10480,CD,0,D1_pwm150_grab4
4508,440,-452,8846,CD,0,D1_pwm150_grab4
4513,822,1940,11590,CD,0,D1_pwm150_grab4
4519,-1184,-1612,9116,CD,0,D1_pwm150_grab4
4523,1410,2148,11820,CD,0,D1_pwm150_grab4
4528,1520,-1136,9736,CD,0,D1_pwm150_grab4
4533,-3220,-758,10978,CD,0,D1_pwm150_grab4
4539,914,454,9894,CD,0,D1_pwm150_grab4
4543,628,1488,10762,CD,0,D1_pwm150_grab4
4553,-316,-452,11184,CD,0,D1_pwm150_grab4
4558,-108,-134,10078,CD,0,D1_pwm150_grab4
4564,304,-1094,10594,CD,0,D1_pwm150_grab4
4568,2004,944,10530,CD,0,D1_pwm150_grab4
4573,-578,-1808,9768,CD,0,D1_pwm150_grab4
4578,352,-396,10666,CD,0,D1_pwm150_grab4
4584,3316,544,8682,CD,0,D1_pwm150_grab4
4588,1154,-358,10962,CD,0,D1_pwm150_grab4
4593,478,-1258,8434,CD,0,D1_pwm150_grab4
4604,-16,8,10246,CD,0,D1_pwm150_grab4
4608,650,1478,10766,CD,0,D1_pwm150_grab4
4614,522,-1228,11206,CD,0,D1_pwm150_grab4
4619,-2374,-3396,8910,CD,0,D1_pwm150_grab4
4623,-12,-1194,9970,CD,0,D1_pwm150_grab4
4629,166,-1272,10530,CD,0,D1_pwm150_grab4
4633,2734,-472,7880,CD,0,D1_pwm150_grab4
4639,560,-268,9012,CD,0,D1_pwm150_grab4
4644,958,1966,11254,CD,0,D1_pwm150_grab4
4648,-1354,-1776,8968,CD,0,D1_pwm150_grab4
4654,1642,2324,11812,CD,0,D1_pwm150_grab4
4659,1380,-1174,9818,CD,0,D1_pwm150_grab4
4663,-3154,-530,10734,CD,0,D1_pwm150_grab4
4668,-10,-78,10218,CD,0,D1_pwm150_grab4
4673,-756,-374,10574,CD,0,D1_pwm150_grab4
4684,-660,-510,11386,CD,0,D1_pwm150_grab4
4689,-18,-68,10010,CD,0,D1_pwm150_grab4
4695,218,-1196,10660,CD,0,D1_pwm150_grab4
4699,2728,-776,7536,CD,0,D1_pwm150_grab4
4704,438,-370,9088,CD,0,D1_pwm150_grab4
4709,118,528,12102,CD,0,D1_pwm150_grab4
4714,-2716,-3816,8152,CD,0,D1_pwm150_grab4
4719,98,-1742,10162,CD,0,D1_pwm150_grab4
4725,-660,84,9232,CD,0,D1_pwm150_grab4
4730,-68,2252,12502,CD,0,D1_pwm150_grab4
4734,-718,-1562,10098,CD,0,D1_pwm150_grab4
4739,-678,-384,10732,CD,0,D1_pwm150_grab4
4750,1132,2210,12198,CD,0,D1_pwm150_grab4
4754,1146,-446,10292,CD,0,D1_pwm150_grab4
4760,-1236,-2236,10550,CD,0,D1_pwm150_grab4
4764,1460,22,9630,CD,0,D1_pwm150_grab4
4770,972,1558,9972,CD,0,D1_pwm150_grab4
4774,158,672,12098,CD,0,D1_pwm150_grab4
4780,-1118,-1164,9222,CD,0,D1_pwm150_grab4
4785,1316,-14,11004,CD,0,D1_pwm150_grab4
4789,-638,-56,9346,CD,0,D1_pwm150_grab4
4795,-516,2362,12590,CD,0,D1_pwm150_grab4
4799,-626,-1398,10382,CD,0,D1_pwm150_grab4
4804,-644,-1230,10430,CD,0,D1_pwm150_grab4
4814,936,2074,12246,CD,0,D1_pwm150_grab4
4819,1206,-508,10258,CD,0,D1_pwm150_grab4
4824,256,-874,10614,CD,0,D1_pwm150_grab4
4829,3006,-642,7700,CD,0,D1_pwm150_grab4
4834,1018,1524,10148,CD,0,D1_pwm150_grab4
4839,118,734,12074,CD,0,D1_pwm150_grab4
4844,-2876,-3456,8540,CD,0,D1_pwm150_grab4
4849,264,-1698,10170,CD,0,D1_pwm150_grab4
4855,-706,-34,9208,CD,0,D1_pwm150_grab4
4860,-494,2164,12626,CD,0,D1_pwm150_grab4
4864,118,298,10352,CD,0,D1_pwm150_grab4
4869,-652,-142,10928,CD,0,D1_pwm150_grab4
4880,966,2012,12104,CD,0,D1_pwm150_grab4
4884,1102,-528,10344,CD,0,D1_pwm150_grab4
4889,-1162,-1910,10458,CD,0,D1_pwm150_grab4
4895,1490,-38,9428,CD,0,D1_pwm150_grab4
4899,1006,1316,9924,CD,0,D1_pwm150_grab4
4905,146,764,12150,CD,0,D1_pwm150_grab4
4910,-984,-1468,9124,CD,0,D1_pwm150_grab4
4915,428,-1662,10154,CD,0,D1_pwm150_grab4
4919,-654,70,9240,CD,0,D1_pwm150_grab4
4929,-740,-1280,10268,CD,0,D1_pwm150_grab4
4934,-610,-978,10640,CD,0,D1_pwm150_grab4
4945,1144,2112,11960,CD,0,D1_pwm150_grab4
4950,986,-570,10318,CD,0,D1_pwm150_grab4
4960,546,274,10224,CD,0,D1_pwm150_grab4
4966,104,920,10648,CD,0,D1_pwm150_grab4
4970,2336,-1974,10388,CD,0,D1_pwm150_grab4
4976,-1766,-2392,10230,CD,0,D1_pwm150_grab4
4980,-256,-636,10088,CD,0,D1_pwm150_grab4
4986,-180,-120,10414,CD,0,D1_pwm150_grab4
4992,2964,-78,9040,CD,0,D1_pwm150_grab4
4995,-302,-1306,9510,CD,0,D1_pwm150_grab4
5000,1388,678,11192,CD,0,D1_pwm150_grab4
5005,1594,-162,9376,CD,0,D1_pwm150_grab4
5010,1496,1560,11664,CD,0,D1_pwm150_grab4
5015,1268,-1342,9402,CD,0,D1_pwm150_grab4
5025,690,492,10430,CD,0,D1_pwm150_grab4
5031,314,808,10798,CD,0,D1_pwm150_grab4
5035,1864,-2234,10442,CD,0,D1_pwm150_grab4
5040,-1960,-2694,9908,CD,0,D1_pwm150_grab4
5046,-278,-876,9986,CD,0,D1_pwm150_grab4
5050,-272,156,10178,CD,0,D1_pwm150_grab4
5055,3010,-134,9314,CD,0,D1_pwm150_grab4
5061,-420,-1336,9464,CD,0,D1_pwm150_grab4
5065,940,706,11302,CD,0,D1_pwm150_grab4
5071,2420,362,9364,CD,0,D1_pwm150_grab4
5075,896,-846,10858,CD,0,D1_pwm150_grab4
5080,1332,-1188,9614,CD,0,D1_pwm150_grab4
5086,-3588,546,11310,CD,0,D1_pwm150_grab4
5090,880,774,10190,CD,0,D1_pwm150_grab4
5096,512,1056,10636,CD,0,D1_pwm150_grab4
5100,1166,-2066,10730,CD,0,D1_pwm150_grab4
5106,-2124,-3002,9210,CD,0,D1_pwm150_grab4
5110,-200,-1036,10054,CD,0,D1_pwm150_grab4
5116,140,-1750,10134,CD,0,D1_pwm150_grab4
5121,2306,68,9796,CD,0,D1_pwm150_grab4
5125,-508,-1592,9454,CD,0,D1_pwm150_grab4
5130,360,296,11180,CD,0,D1_pwm150_grab4
5135,3222,720,9156,CD,0,D1_pwm150_grab4
5141,1604,2126,11508,CD,0,D1_pwm150_grab4
5145,1368,-1158,9656,CD,0,D1_pwm150_grab4
5151,-2960,-16,11094,CD,0,D1_pwm150_grab4
5156,-40,-420,10204,CD,0,D1_pwm150_grab4
5160,-800,-644,10444,CD,0,D1_pwm150_grab4
5165,600,-1634,11114,CD,0,D1_pwm150_grab4
5171,-2278,-3422,8712,CD,0,D1_pwm150_grab4
5175,-284,-1366,9986,CD,0,D1_pwm150_grab4
5180,-518,338,9872,CD,0,D1_pwm150_grab4
5185,1148,236,10250,CD,0,D1_pwm150_grab4
5190,-656,-1728,9500,CD,0,D1_pwm150_grab4
5195,1416,1890,11540,CD,0,D1_pwm150_grab4
5201,-856,-1434,9022,CD,0,D1_pwm150_grab4
5207,1294,-6,10936,CD,0,D1_pwm150_grab4
5211,552,-1314,8664,CD,0,D1_pwm150_grab4
5221,204,18,10452,CD,0,D1_pwm150_grab4
5227,-494,-422,10420,CD,0,D1_pwm150_grab4
5231,3978,-2018,8238,CD,0,D1_pwm150_grab4
5236,876,1972,12178,CD,0,D1_pwm150_grab4
5241,968,-196,10502,CD,0,D1_pwm150_grab4
5248,-750,-2036,9950,CD,0,D1_pwm150_grab4
5251,2858,-790,7922,CD,0,D1_pwm150_grab4
5256,242,-472,9252,CD,0,D1_pwm150_grab4
5261,1608,1868,11748,CD,0,D1_pwm150_grab4
5267,214,-890,9352,CD,0,D1_pwm150_grab4
5272,1328,738,11042,CD,0,D1_pwm150_grab4
5276,-702,-454,9090,CD,0,D1_pwm150_grab4
5282,-2104,2354,13408,CD,0,D1_pwm150_grab4
5286,-694,-1464,10126,CD,0,D1_pwm150_grab4
5291,-84,158,10354,CD,0,D1_pwm150_grab4
5296,3068,-2474,8940,CD,0,D1_pwm150_grab4
5302,-1160,-1782,10570,CD,0,D1_pwm150_grab4
5306,-308,-566,10014,CD,0,D1_pwm150_grab4
5311,-132,-294,10282,CD,0,D1_pwm150_grab4
5317,1804,-118,8900,CD,0,D1_pwm150_grab4
5321,802,1194,9770,CD,0,D1_pwm150_grab4
5326,478,1496,12270,CD,0,D1_pwm150_grab4
5332,-2702,-3250,7988,CD,0,D1_pwm150_grab4
5336,1406,1270,11058,CD,0,D1_pwm150_grab4
5341,1002,-1168,9158,CD,0,D1_pwm150_grab4
5352,724,906,10278,CD,0,D1_pwm150_grab4
5357,-812,-1160,10366,CD,0,D1_pwm150_grab4
5366,130,836,12000,CD,0,D1_pwm150_grab4
5372,196,-130,10446,CD,0,D1_pwm150_grab4
5377,-298,-60,10074,CD,0,D1_pwm150_grab4
5381,2338,-518,9136,CD,0,D1_pwm150_grab4
5387,-302,-1454,9146,CD,0,D1_pwm150_grab4
5392,806,722,11206,CD,0,D1_pwm150_grab4
5397,-1976,-2346,8610,CD,0,D1_pwm150_grab4
5401,948,-734,10686,CD,0,D1_pwm150_grab4
5406,24,-864,8634,CD,0,D1_pwm150_grab4
5416,-136,-270,10464,CD,0,D1_pwm150_grab4
5421,382,1280,10544,CD,0,D1_pwm150_grab4
5427,878,-1872,10826,CD,0,D1_pwm150_grab4
5431,-2140,-3262,9058,CD,0,D1_pwm150_grab4
5437,-196,-1148,10172,CD,0,D1_pwm150_grab4
5441,166,-1250,10352,CD,0,D1_pwm150_grab4
5447,2622,-866,7758,CD,0,D1_pwm150_grab4
5452,474,-226,8958,CD,0,D1_pwm150_grab4
5457,1108,1972,11682,CD,0,D1_pwm150_grab4
5462,-1030,-912,9504,CD,0,D1_pwm150_grab4
5468,1288,-58,10794,CD,0,D1_pwm150_grab4
5473,368,-1108,8490,CD,0,D1_pwm150_grab4
5477,-774,1956,12432,CD,0,D1_pwm150_grab4
5483,-756,-1530,10130,CD,0,D1_pwm150_grab4
5487,-556,-1056,10472,CD,0,D1_pwm150_grab4
5498,696,1730,12056,CD,0,D1_pwm150_grab4
5502,952,-472,10368,CD,0,D1_pwm150_grab4
5507,34,-562,10522,CD,0,D1_pwm150_grab4
5512,2748,-672,7932,CD,0,D1_pwm150_grab4
5517,86,-762,8852,CD,0,D1_pwm150_grab4
5522,314,1388,12372,CD,0,D1_pwm150_grab4
5527,-2750,-2888,8594,CD,0,D1_pwm150_grab4
5532,654,-1408,10222,CD,0,D1_pwm150_grab4
5537,-614,-368,8762,CD,0,D1_pwm150_grab4
5542,-2162,2416,13476,CD,0,D1_pwm150_grab4
5547,620,578,10378,CD,0,D1_pwm150_grab4
5552,-70,634,10906,CD,0,D1_pwm150_grab4
5557,2334,-2454,9468,CD,0,D1_pwm150_grab4
5562,140,908,11626,CD,0,D1_pwm150_grab4
5568,228,-348,10268,CD,0,D1_pwm150_grab4
5573,-348,-1820,10316,CD,0,D1_pwm150_grab4
5578,2160,-384,8282,CD,0,D1_pwm150_grab4
5582,706,642,9252,CD,0,D1_pwm150_grab4
5587,1032,1848,11798,CD,0,D1_pwm150_grab4
5592,2484,508,9238,CD,0,D1_pwm150_grab4
5598,1440,1652,11264,CD,0,D1_pwm150_grab4
5602,86,-738,8602,CD,0,D1_pwm150_grab4
5613,92,-460,10372,CD,0,D1_pwm150_grab4
5617,-638,-606,10652,CD,0,D1_pwm150_grab4
5627,-466,-718,10852,CD,0,D1_pwm150_grab4
5632,8,-1264,10192,CD,0,D1_pwm150_grab4
5637,-492,72,9774,CD,0,D1_pwm150_grab4
5643,2460,-670,7760,CD,0,D1_pwm150_grab4
5648,224,20,9214,CD,0,D1_pwm150_grab4
5652,1824,1646,11672,CD,0,D1_pwm150_grab4
5657,340,-602,9252,CD,0,D1_pwm150_grab4
5663,1304,790,10968,CD,0,D1_pwm150_grab4
5667,766,-976,9122,CD,0,D1_pwm150_grab4
5672,-3050,2484,13020,CD,0,D1_pwm150_grab4
5678,1900,1236,10364,CD,0,D1_pwm150_grab4
5683,100,-52,10458,CD,0,D1_pwm150_grab4
5687,1500,-1718,9948,CD,0,D1_pwm150_grab4
5693,-1406,-1958,10442,CD,0,D1_pwm150_grab4
5697,-306,-1018,10004,CD,0,D1_pwm150_grab4
5702,-264,-870,9758,CD,0,D1_pwm150_grab4
5708,1420,-720,8834,CD,0,D1_pwm150_grab4
5713,-540,-718,9452,CD,0,D1_pwm150_grab4
5719,472,746,11424,CD,0,D1_pwm150_grab4
5723,-1468,-1454,8894,CD,0,D1_pwm150_grab4
5728,1300,-100,10974,CD,0,D1_pwm150_grab4
5734,364,-612,8938,CD,0,D1_pwm150_grab4
5743,294,-1022,9974,CD,0,D1_pwm150_grab4
5748,-566,-706,10414,CD,0,D1_pwm150_grab4
5753,3588,-1492,8948,CD,0,D1_pwm150_grab4
5760,-742,-1230,10974,CD,0,D1_pwm150_grab4
5763,-452,-784,9854,CD,0,D1_pwm150_grab4
5768,-244,-1504,10244,CD,0,D1_pwm150_grab4
5773,2512,-476,8176,CD,0,D1_pwm150_grab4
5778,-20,118,9750,CD,0,D1_pwm150_grab4
5784,1726,1470,11622,CD,0,D1_pwm150_grab4
5789,1220,-860,8638,CD,0,D1_pwm150_grab4
5793,1322,1230,11580,CD,0,D1_pwm150_grab4
5799,1156,-930,9502,CD,0,D1_pwm150_grab4
5804,-2908,2122,12400,CD,0,D1_pwm150_grab4
5809,1028,128,9998,CD,0,D1_pwm150_grab4
5813,380,84,10434,CD,0,D1_pwm150_grab4
5818,742,-1358,10442,CD,0,D1_pwm150_grab4
5823,-1788,-2124,10210,CD,0,D1_pwm150_grab4
5828,-26,-1262,9904,CD,0,D1_pwm150_grab4
5833,-416,-654,9540,CD,0,D1_pwm150_grab4
5838,1094,-538,9378,CD,0,D1_pwm150_grab4
5843,476,770,9826,CD,0,D1_pwm150_grab4
5848,230,690,11250,CD,0,D1_pwm150_grab4
5853,4364,-766,7838,CD,0,D1_pwm150_grab4
5858,1060,1802,11636,CD,0,D1_pwm150_grab4
5863,1312,-810,9706,CD,0,D1_pwm150_grab4
5868,-1796,652,11572,CD,0,D1_pwm150_grab4
5873,1812,1128,10078,CD,0,D1_pwm150_grab4
5879,960,958,10358,CD,0,D1_pwm150_grab4
5883,2602,-1668,9422,CD,0,D1_pwm150_grab4
5889,-2790,-2456,9232,CD,0,D1_pwm150_grab4
5893,384,-1398,9942,CD,0,D1_pwm150_grab4
5898,-554,-220,9302,CD,0,D1_pwm150_grab4
5903,-780,10,11034,CD,0,D1_pwm150_grab4
5908,-832,-1732,9748,CD,0,D1_pwm150_grab4
5914,-662,-324,10718,CD,0,D1_pwm150_grab4
5923,1166,1366,11544,CD,0,D1_pwm150_grab4
5928,1310,-968,9464,CD,0,D1_pwm150_grab4
5933,-744,-976,10382,CD,0,D1_pwm150_grab4
5938,2240,1426,9832,CD,0,D1_pwm150_grab4
5944,876,1096,9772,CD,0,D1_pwm150_grab4
5948,628,762,11960,CD,0,D1_pwm150_grab4
5953,-2738,-2376,8652,CD,0,D1_pwm150_grab4
5958,686,-892,10432,CD,0,D1_pwm150_grab4
5963,-442,-544,9492,CD,0,D1_pwm150_grab4
5969,352,-608,9582,CD,0,D1_pwm150_grab4
5975,-712,-1204,9846,CD,0,D1_pwm150_grab4
5980,-116,168,10954,CD,0,D1_pwm150_grab4
5989,1132,1672,11664,CD,0,D1_pwm150_grab4
5994,1188,-830,9818,CD,0,D1_pwm150_grab4
5999,-1548,294,11322,CD,0,D1_pwm150_grab4
6005,660,-492,9932,CD,0,D1_pwm150_grab4
6009,42,-22,10140,CD,0,D1_pwm150_grab4
6016,1532,-1620,10324,CD,0,D1_pwm150_grab4
6019,-2980,-2746,8690,CD,0,D1_pwm150_grab4
6024,628,-1318,10166,CD,0,D1_pwm150_grab4
6029,-528,54,9322,CD,0,D1_pwm150_grab4
6035,-1410,504,11946,CD,0,D1_pwm150_grab4
6039,-766,-1922,9754,CD,0,D1_pwm150_grab4
6044,678,806,11264,CD,0,D1_pwm150_grab4
6049,3438,-348,8228,CD,0,D1_pwm150_grab4
6055,1094,1594,11602,CD,0,D1_pwm150_grab4
6060,258,-570,10142,CD,0,D1_pwm150_grab4
6064,-546,-1654,9870,CD,0,D1_pwm150_grab4
6069,2268,1180,9430,CD,0,D1_pwm150_grab4
6075,768,1024,9642,CD,0,D1_pwm150_grab4
6079,1006,1154,11660,CD,0,D1_pwm150_grab4
6085,-2716,-2812,9176,CD,0,D1_pwm150_grab4
6089,284,-1314,10180,CD,0,D1_pwm150_grab4
6095,-588,-244,9630,CD,0,D1_pwm150_grab4
6100,-428,-256,10458,CD,0,D1_pwm150_grab4
6104,-20,-1422,9698,CD,0,D1_pwm150_grab4
6109,-664,-654,10388,CD,0,D1_pwm150_grab4
6119,-312,-586,10940,CD,0,D1_pwm150_grab4
6124,-296,-500,9942,CD,0,D1_pwm150_grab4
6129,-1180,-970,10236,CD,0,D1_pwm150_grab4
6135,1932,1440,10176,CD,0,D1_pwm150_grab4
6139,868,994,10128,CD,0,D1_pwm150_grab4
6145,1596,1352,11558,CD,0,D1_pwm150_grab4
6149,1042,-806,8964,CD,0,D1_pwm150_grab4
6154,1308,914,10888,CD,0,D1_pwm150_grab4
6160,938,-910,9166,CD,0,D1_pwm150_grab4
6164,-2704,2388,12788,CD,0,D1_pwm150_grab4
6170,-464,-1880,9722,CD,0,D1_pwm150_grab4
6175,-878,-708,10354,CD,0,D1_pwm150_grab4
6184,-98,40,11580,CD,0,D1_pwm150_grab4
6189,-114,-1086,10174,CD,0,D1_pwm150_grab4
6194,-282,-704,9642,CD,0,D1_pwm150_grab4
6200,406,-926,9130,CD,0,D1_pwm150_grab4
6204,-612,-1024,9632,CD,0,D1_pwm150_grab4
6209,1836,1468,11702,CD,0,D1_pwm150_grab4
6214,-386,-1202,8848,CD,0,D1_pwm150_grab4
6219,1260,392,10758,CD,0,D1_pwm150_grab4
6225,640,-754,9118,CD,0,D1_pwm150_grab4
6235,578,-514,10114,CD,0,D1_pwm150_grab4
6241,84,-518,10118,CD,0,D1_pwm150_grab4
6246,2044,-1714,9808,CD,0,D1_pwm150_grab4
6250,148,656,11536,CD,0,D1_pwm150_grab4
6255,328,-354,10082,CD,0,D1_pwm150_grab4
6260,-590,-2002,9632,CD,0,D1_pwm150_grab4
6265,1896,734,9238,CD,0,D1_pwm150_grab4
6270,726,1140,9908,CD,0,D1_pwm150_grab4
6276,728,1102,11714,CD,0,D1_pwm150_grab4
6281,3252,-318,8660,CD,0,D1_pwm150_grab4
6285,1232,1660,11350,CD,0,D1_pwm150_grab4
6290,250,-584,8776,CD,0,D1_pwm150_grab4
6300,32,-1248,9844,CD,0,D1_pwm150_grab4
6305,-546,-968,10008,CD,0,D1_pwm150_grab4
6310,3574,-1472,8726,CD,0,D1_pwm150_grab4
6315,-2662,-2618,9258,CD,0,D1_pwm150_grab4
6320,144,-1434,9998,CD,0,D1_pwm150_grab4
6326,-680,-208,9686,CD,0,D1_pwm150_grab4
6331,2072,-446,8348,CD,0,D1_pwm150_grab4
6335,-64,138,9848,CD,0,D1_pwm150_grab4
6341,1752,1532,11578,CD,0,D1_pwm150_grab4
6346,1352,-922,8978,CD,0,D1_pwm150_grab4
6351,1154,1078,11332,CD,0,D1_pwm150_grab4
6356,1168,-962,9214,CD,0,D1_pwm150_grab4
6360,-1010,-638,10490,CD,0,D1_pwm150_grab4
6365,2214,1534,10080,CD,0,D1_pwm150_grab4
6371,366,74,10314,CD,0,D1_pwm150_grab4
6376,678,-1996,10424,CD,0,D1_pwm150_grab4
6381,-2210,-2354,10094,CD,0,D1_pwm150_grab4
6385,30,-1102,10070,CD,0,D1_pwm150_grab4
6390,-394,-606,9906,CD,0,D1_pwm150_grab4
6395,1032,-756,9240,CD,0,D1_pwm150_grab4
6400,-630,-1916,9720,CD,0,D1_pwm150_grab4
6405,-1000,-792,10408,CD,0,D1_pwm150_grab4
6415,1162,1658,11508,CD,0,D1_pwm150_grab4
6420,1332,-960,9782,CD,0,D1_pwm150_grab4
6425,-1924,282,11280,CD,0,D1_pwm150_grab4
6431,1802,1336,10182,CD,0,D1_pwm150_grab4
6435,1018,958,10382,CD,0,D1_pwm150_grab4
6440,86,-410,11562,CD,0,D1_pwm150_grab4
6445,-1112,-1780,8916,CD,0,D1_pwm150_grab4
6450,454,-1392,10150,CD,0,D1_pwm150_grab4
6455,-632,274,9658,CD,0,D1_pwm150_grab4
6460,-808,570,11690,CD,0,D1_pwm150_grab4
6465,-908,-1910,9784,CD,0,D1_pwm150_grab4
6470,-702,-498,10696,CD,0,D1_pwm150_grab4
6480,606,1300,11552,CD,0,D1_pwm150_grab4
6486,464,-568,10158,CD,0,D1_pwm150_grab4
6491,-2796,1348,12040,CD,0,D1_pwm150_grab4
6497,1418,966,10194,CD,0,D1_pwm150_grab4
6502,712,450,10374,CD,0,D1_pwm150_grab4
6506,142,-1086,11016,CD,0,D1_pwm150_grab4
6511,-2502,-2862,9446,CD,0,D1_pwm150_grab4
6516,96,-1332,10214,CD,0,D1_pwm150_grab4
6521,-566,-68,9870,CD,0,D1_pwm150_grab4
6528,34,-228,10098,CD,0,D1_pwm150_grab4
6531,-824,-1710,9810,CD,0,D1_pwm150_grab4
6536,-364,-276,10630,CD,0,D1_pwm150_grab4
6547,898,1692,12026,CD,0,D1_pwm150_grab4
6552,1190,-760,9912,CD,0,D1_pwm150_grab4
6556,-1496,-682,10636,CD,0,D1_pwm150_grab4
6562,1920,1394,10286,CD,0,D1_pwm150_grab4
6566,1030,1182,10530,CD,0,D1_pwm150_grab4
6572,286,214,11848,CD,0,D1_pwm150_grab4
6577,-3000,-3032,8558,CD,0,D1_pwm150_grab4
6581,702,-1320,10106,CD,0,D1_pwm150_grab4
6586,-494,64,9342,CD,0,D1_pwm150_grab4
6596,-770,-1960,9752,CD,0,D1_pwm150_grab4
6602,-844,-850,10478,CD,0,D1_pwm150_grab4
6611,1178,1602,11478,CD,0,D1_pwm150_grab4
6616,220,-454,10180,CD,0,D1_pwm150_grab4
6621,-540,-1968,9774,CD,0,D1_pwm150_grab4
6626,2188,718,9090,CD,0,D1_pwm150_grab4
6631,776,1094,9710,CD,0,D1_pwm150_grab4
6636,1076,1466,11708,CD,0,D1_pwm150_grab4
6641,-1806,-2208,8582,CD,0,D1_pwm150_grab4
6646,1100,-488,10736,CD,0,D1_pwm150_grab4
6651,-512,-64,9760,CD,0,D1_pwm150_grab4
6662,26,-1280,9964,CD,0,D1_pwm150_grab4
6666,-660,-852,10354,CD,0,D1_pwm150_grab4
6677,-430,-512,11172,CD,0,D1_pwm150_grab4
6682,-164,-610,9906,CD,0,D1_pwm150_grab4
6687,-186,-1944,9862,CD,0,D1_pwm150_grab4
6692,1936,1312,10208,CD,0,D1_pwm150_grab4
6696,1026,1336,10154,CD,0,D1_pwm150_grab4
6702,1834,1666,11710,CD,0,D1_pwm150_grab4
6706,820,-908,9226,CD,0,D1_pwm150_grab4
6712,1200,786,10860,CD,0,D1_pwm150_grab4
6717,878,-934,9082,CD,0,D1_pwm150_grab4
6727,986,282,10166,CD,0,D1_pwm150_grab4
6731,314,48,10360,CD,0,D1_pwm150_grab4
6742,12,558,11792,CD,0,D1_pwm150_grab4
6747,152,-438,10088,CD,0,D1_pwm150_grab4
6752,-414,-2320,9760,CD,0,D1_pwm150_grab4
6758,2028,234,8502,CD,0,D1_pwm150_grab4
6762,554,808,9790,CD,0,D1_pwm150_grab4
6768,1386,1724,11400,CD,0,D1_pwm150_grab4
6772,-2854,-3368,8462,CD,0,D1_pwm150_grab4
6777,328,-1392,10150,CD,0,D1_pwm150_grab4
6784,-568,272,9546,CD,0,D1_pwm150_grab4
6792,302,-736,10134,CD,0,D1_pwm150_grab4
6798,-374,-662,10310,CD,0,D1_pwm150_grab4
6803,3252,-2154,8838,CD,0,D1_pwm150_grab4
6808,-1010,-1128,11222,CD,0,D1_pwm150_grab4
6812,-220,-554,10044,CD,0,D1_pwm150_grab4
6818,-790,-1930,9852,CD,0,D1_pwm150_grab4
6823,1860,934,9828,CD,0,D1_pwm150_grab4
6828,-158,-116,9538,CD,0,D1_pwm150_grab4
6832,1528,1458,11532,CD,0,D1_pwm150_grab4
6838,1814,-250,9450,CD,0,D1_pwm150_grab4
6842,1320,1132,11074,CD,0,D1_pwm150_grab4
6847,1178,-1062,9322,CD,0,D1_pwm150_grab4
6853,-2802,2100,12396,CD,0,D1_pwm150_grab4
6857,-344,-1656,9754,CD,0,D1_pwm150_grab4
6863,-998,-924,10312,CD,0,D1_pwm150_grab4
6868,4800,-1366,7388,CD,0,D1_pwm150_grab4
6873,-2242,-2658,9576,CD,0,D1_pwm150_grab4
6877,154,-1004,10144,CD,0,D1_pwm150_grab4
6882,-424,-176,9856,CD,0,D1_pwm150_grab4
6887,914,-792,9264,CD,0,D1_pwm150_grab4
6892,-766,-1302,9510,CD,0,D1_pwm150_grab4
6897,1648,1808,11400,CD,0,D1_pwm150_grab4
6903,-362,-1278,9066,CD,0,D1_pwm150_grab4
6908,1162,174,10856,CD,0,D1_pwm150_grab4
6913,1234,-1006,9674,CD,0,D1_pwm150_grab4
6917,-1784,-100,11152,CD,0,D1_pwm150_grab4
6922,1834,1324,10236,CD,0,D1_pwm150_grab4
6928,1088,966,10436,CD,0,D1_pwm150_grab4
6932,190,-600,11526,CD,0,D1_pwm150_grab4
6938,-1470,-1810,10778,CD,0,D1_pwm150_grab4
6943,-212,-584,10142,CD,0,D1_pwm150_grab4
6947,-184,-890,10276,CD,0,D1_pwm150_grab4
6953,2050,-848,8340,CD,0,D1_pwm150_grab4
6958,-972,-1882,9840,CD,0,D1_pwm150_grab4
6963,-770,-518,10602,CD,0,D1_pwm150_grab4
6973,800,1514,11508,CD,0,D1_pwm150_grab4
6978,1340,-1116,9390,CD,0,D1_pwm150_grab4
6982,-2790,1258,11928,CD,0,D1_pwm150_grab4
6987,1404,1054,10376,CD,0,D1_pwm150_grab4
6993,670,448,10616,CD,0,D1_pwm150_grab4
6998,268,-1506,10788,CD,0,D1_pwm150_grab4
7004,-2520,-3110,9402,CD,0,D1_pwm150_grab4
7008,-6,-1346,10058,CD,0,D1_pwm150_grab4
7013,-554,200,9972,CD,0,D1_pwm150_grab4
7018,2054,-516,8132,CD,0,D1_pwm150_grab4
7024,220,150,9442,CD,0,D1_pwm150_grab4
7028,1718,1648,11412,CD,0,D1_pwm150_grab4
7034,542,-886,9164,CD,0,D1_pwm150_grab4
7038,1272,686,11110,CD,0,D1_pwm150_grab4
7043,1228,-736,9976,CD,0,D1_pwm150_grab4
7048,-1458,-800,10686,CD,0,D1_pwm150_grab4
7054,1868,1102,10162,CD,0,D1_pwm150_grab4
7058,152,252,10216,CD,0,D1_pwm150_grab4
7063,1444,-2270,9960,CD,0,D1_pwm150_grab4
7068,-1856,-2188,10372,CD,0,D1_pwm150_grab4
7073,-56,-814,10140,CD,0,D1_pwm150_grab4
7078,-242,-488,10184,CD,0,D1_pwm150_grab4
7088,-756,-1766,9956,CD,0,D1_pwm150_grab4
7093,-800,-888,10496,CD,0,D1_pwm150_grab4
7098,3588,332,8716,CD,0,D1_pwm150_grab4
7103,1186,1676,11554,CD,0,D1_pwm150_grab4
7108,1336,-1084,9458,CD,0,D1_pwm150_grab4
7114,-2524,574,11760,CD,0,D1_pwm150_grab4
7118,1620,1168,10214,CD,0,D1_pwm150_grab4
7124,840,928,10520,CD,0,D1_pwm150_grab4
7133,-1876,-2348,8664,CD,0,D1_pwm150_grab4
7138,262,-1388,10112,CD,0,D1_pwm150_grab4
7144,-622,128,9872,CD,0,D1_pwm150_grab4
7148,-248,216,10570,CD,0,D1_pwm150_grab4
7153,-902,-1950,9910,CD,0,D1_pwm150_grab4
7158,-512,-646,10528,CD,0,D1_pwm150_grab4
7168,-296,-258,11194,CD,0,D1_pwm150_grab4
7173,-198,-358,10078,CD,0,D1_pwm150_grab4
7178,-1270,-1210,10296,CD,0,D1_pwm150_grab4
7183,1794,1150,10130,CD,0,D1_pwm150_grab4
7188,1006,1332,10378,CD,0,D1_pwm150_grab4
7203,682,-1256,10176,CD,0,D1_pwm150_grab4
7208,-464,176,9212,CD,0,D1_pwm150_grab4
7218,-646,-1886,9802,CD,0,D1_pwm150_grab4
7223,-942,-974,10410,CD,0,D1_pwm150_grab4
7239,182,-454,10228,CD,0,D1_pwm150_grab4
7243,-444,-2436,9830,CD,0,D1_pwm150_grab4
7248,2050,114,8466,CD,0,D1_pwm150_grab4
7254,604,858,9654,CD,0,D1_pwm150_grab4
7259,244,-804,11380,CD,0,D1_pwm150_grab4
7264,-2932,-3654,8430,CD,0,D1_pwm150_grab4
7269,354,-1394,10210,CD,0,D1_pwm150_grab4
7275,-518,362,9766,CD,0,D1_pwm150_grab4
7279,-810,848,11652,CD,0,D1_pwm150_grab4
7284,-868,-1936,9884,CD,0,D1_pwm150_grab4
7289,-824,-806,10368,CD,0,D1_pwm150_grab4
7299,638,1616,12062,CD,0,D1_pwm150_grab4
7305,638,-608,10104,CD,0,D1_pwm150_grab4
7309,-1016,-2154,9854,CD,0,D1_pwm150_grab4
7314,1630,444,9652,CD,0,D1_pwm150_grab4
7320,834,1448,9972,CD,0,D1_pwm150_grab4
7324,622,1140,11874,CD,0,D1_pwm150_grab4
7330,-2462,-2990,8382,CD,0,D1_pwm150_grab4
7335,758,-1094,10182,CD,0,D1_pwm150_grab4
7340,1026,-1134,9152,CD,0,D1_pwm150_grab4
7350,-298,-1290,10014,CD,0,D1_pwm150_grab4
7354,-832,-1144,10280,CD,0,D1_pwm150_grab4
7365,-228,170,11638,CD,0,D1_pwm150_grab4
7369,10,-320,10154,CD,0,D1_pwm150_grab4
7374,-286,-1842,10150,CD,0,D1_pwm150_grab4
7379,2064,-650,7930,CD,0,D1_pwm150_grab4
7385,320,392,9566,CD,0,D1_pwm150_grab4
7390,1520,2018,11554,CD,0,D1_pwm150_grab4
7395,-328,-1590,9018,CD,0,D1_pwm150_grab4
7400,1218,12,10846,CD,0,D1_pwm150_grab4
7404,658,-1106,8718,CD,0,D1_pwm150_grab4
7414,540,-6,10440,CD,0,D1_pwm150_grab4
7420,-88,-236,10492,CD,0,D1_pwm150_grab4
7424,2774,-2510,8820,CD,0,D1_pwm150_grab4
7430,-1352,-1416,11200,CD,0,D1_pwm150_grab4
7435,-210,-576,10058,CD,0,D1_pwm150_grab4
7439,-222,-722,10456,CD,0,D1_pwm150_grab4
7444,2330,-790,8292,CD,0,D1_pwm150_grab4
7449,-336,-668,9356,CD,0,D1_pwm150_grab4
7454,1270,1428,11550,CD,0,D1_pwm150_grab4
7459,2316,8,9692,CD,0,D1_pwm150_grab4
7465,886,-968,10528,CD,0,D1_pwm150_grab4
7469,1246,-1140,9310,CD,0,D1_pwm150_grab4
7474,-2760,1510,12076,CD,0,D1_pwm150_grab4
7479,1312,1030,10386,CD,0,D1_pwm150_grab4
7485,628,598,10654,CD,0,D1_pwm150_grab4
7489,660,-2470,10348,CD,0,D1_pwm150_grab4
7494,-2442,-2876,9460,CD,0,D1_pwm150_grab4
7499,176,-1132,10056,CD,0,D1_pwm150_grab4
7505,-204,-1928,10060,CD,0,D1_pwm150_grab4
7510,2056,-614,7908,CD,0,D1_pwm150_grab4
7516,354,460,9462,CD,0,D1_pwm150_grab4
7521,1660,2020,11516,CD,0,D1_pwm150_grab4
7526,-154,-1432,9114,CD,0,D1_pwm150_grab4
7531,1102,170,10890,CD,0,D1_pwm150_grab4
7536,580,-1174,8612,CD,0,D1_pwm150_grab4
7545,-772,-1808,9784,CD,0,D1_pwm150_grab4
7550,-946,-916,10502,CD,0,D1_pwm150_grab4
7555,2624,-2704,9000,CD,0,D1_pwm150_grab4
7560,-1496,-1764,10936,CD,0,D1_pwm150_grab4
7566,-204,-490,10064,CD,0,D1_pwm150_grab4
7570,-144,-650,10428,CD,0,D1_pwm150_grab4
7576,2244,-984,8314,CD,0,D1_pwm150_grab4
7580,-438,-870,9392,CD,0,D1_pwm150_grab4
7585,630,1500,11920,CD,0,D1_pwm150_grab4
7590,-2100,-2802,8438,CD,0,D1_pwm150_grab4
7596,1342,1468,11376,CD,0,D1_pwm150_grab4
7600,1320,-1258,9280,CD,0,D1_pwm150_grab4
7611,1290,1190,10500,CD,0,D1_pwm150_grab4
7615,608,636,10738,CD,0,D1_pwm150_grab4
7620,480,-2300,10568,CD,0,D1_pwm150_grab4
7625,-280,-102,11444,CD,0,D1_pwm150_grab4
7630,-130,-212,10152,CD,0,D1_pwm150_grab4
7636,40,-1684,10122,CD,0,D1_pwm150_grab4
7640,838,-254,9730,CD,0,D1_pwm150_grab4
7646,-846,-1872,9542,CD,0,D1_pwm150_grab4
7651,-54,-32,10766,CD,0,D1_pwm150_grab4
7660,1232,2064,11824,CD,0,D1_pwm150_grab4
7666,770,-1288,8648,CD,0,D1_pwm150_grab4
7676,766,496,10422,CD,0,D1_pwm150_grab4
7680,980,1396,10568,CD,0,D1_pwm150_grab4
7686,190,-350,11700,CD,0,D1_pwm150_grab4
7691,-2956,-3864,8190,CD,0,D1_pwm150_grab4
7696,524,-1602,10064,CD,0,D1_pwm150_grab4
7700,-686,308,9620,CD,0,D1_pwm150_grab4
7705,1904,-850,8570,CD,0,D1_pwm150_grab4
7711,-432,-1082,9262,CD,0,D1_pwm150_grab4
7716,804,894,11202,CD,0,D1_pwm150_grab4
7721,2916,788,9280,CD,0,D1_pwm150_grab4
7726,616,1558,11794,CD,0,D1_pwm150_grab4
7731,392,-486,10276,CD,0,D1_pwm150_grab4
7736,-532,-2280,9868,CD,0,D1_pwm150_grab4
7740,2028,118,9070,CD,0,D1_pwm150_grab4
7745,748,948,10656,CD,0,D1_pwm150_grab4
7751,328,-1372,11022,CD,0,D1_pwm150_grab4
7756,-2670,-3430,9094,CD,0,D1_pwm150_grab4
7760,108,-1424,10078,CD,0,D1_pwm150_grab4
7767,-636,434,10066,CD,0,D1_pwm150_grab4
7771,136,544,10550,CD,0,D1_pwm150_grab4
7777,-886,-1998,9870,CD,0,D1_pwm150_grab4
7782,-384,-658,10420,CD,0,D1_pwm150_grab4
7786,1350,20,9586,CD,0,D1_pwm150_grab4
7791,1400,988,10920,CD,0,D1_pwm150_grab4
7797,1072,-1200,9016,CD,0,D1_pwm150_grab4
7801,-2880,1516,12268,CD,0,D1_pwm150_grab4
7806,1174,994,10220,CD,0,D1_pwm150_grab4
7811,910,1478,10512,CD,0,D1_pwm150_grab4
7816,358,558,12034,CD,0,D1_pwm150_grab4
7821,-2820,-3230,8552,CD,0,D1_pwm150_grab4
7826,-142,-1034,10178,CD,0,D1_pwm150_grab4
7832,-320,256,10180,CD,0,D1_pwm150_grab4
7837,872,-338,9304,CD,1,D1_pwm150_grab4
7842,-656,-1644,9320,CD,1,D1_pwm150_grab4
7847,214,230,10930,CD,1,D1_pwm150_grab4
7857,62,724,11770,CD,1,D1_pwm150_grab4
7861,158,-384,10226,CD,1,D1_pwm150_grab4
7866,-2038,-796,11106,CD,1,D1_pwm150_grab4
7871,1704,1014,10314,CD,1,D1_pwm150_grab4
7877,820,1462,10568,CD,1,D1_pwm150_grab4
7881,290,-560,11368,CD,1,D1_pwm150_grab4
7887,-2950,-3444,8816,CD,1,D1_pwm150_grab4
7891,366,-1512,10096,CD,1,D1_pwm150_grab4
7896,402,-890,8724,CD,1,D1_pwm150_grab4
7901,-3528,2634,13444,CD,1,D1_pwm150_grab4
7907,-818,-1708,10022,CD,1,D1_pwm150_grab4
7912,-742,-1096,10152,CD,1,D1_pwm150_grab4
7922,634,1542,11886,CD,1,D1_pwm150_grab4
7926,674,-542,10154,CD,1,D1_pwm150_grab4
7932,-978,-1856,10148,CD,1,D1_pwm150_grab4
7937,2536,-838,8090,CD,1,D1_pwm150_grab4
7941,-66,-406,9228,CD,1,D1_pwm150_grab4
7946,1518,1644,11602,CD,1,D1_pwm150_grab4
7952,-2446,-2878,8426,CD,1,D1_pwm150_grab4
7956,820,-1058,10272,CD,1,D1_pwm150_grab4
7961,-246,-348,8820,CD,1,D1_pwm150_grab4
7967,-3038,2372,13654,CD,1,D1_pwm150_grab4
7971,-356,-1274,10094,CD,1,D1_pwm150_grab4
7976,-860,-1010,10402,CD,1,D1_pwm150_grab4
7981,990,-2604,10000,CD,1,D1_pwm150_grab4
7986,-2160,-2472,9896,CD,1,D1_pwm150_grab4
7992,24,-366,10184,CD,1,D1_pwm150_grab4
7997,-312,-1888,10084,CD,1,D1_pwm150_grab4
8001,2082,-516,7994,CD,1,D1_pwm150_grab4
8006,372,526,9568,CD,1,D1_pwm150_grab4
8012,1556,2126,11586,CD,1,D1_pwm150_grab4
8016,-284,-1636,9158,CD,1,D1_pwm150_grab4
8023,1096,90,10874,CD,1,D1_pwm150_grab4
8027,604,-1028,8656,CD,1,D1_pwm150_grab4
8032,-1332,1430,12256,CD,1,D1_pwm150_grab4
8038,-848,-1854,9806,CD,1,D1_pwm150_grab4
8043,-878,-944,10380,CD,1,D1_pwm150_grab4
8053,644,1328,11764,CD,1,D1_pwm150_grab4
8057,406,-430,10302,CD,1,D1_pwm150_grab4
8062,-492,-2284,9830,CD,1,D1_pwm150_grab4
8067,2320,-922,8274,CD,1,D1_pwm150_grab4
8072,722,1212,9782,CD,1,D1_pwm150_grab4
8078,768,1560,11772,CD,1,D1_pwm150_grab4
8083,-2010,-2662,8456,CD,1,D1_pwm150_grab4
8088,944,-826,10644,CD,1,D1_pwm150_grab4
8093,50,-534,8640,CD,1,D1_pwm150_grab4
8103,-78,-934,10082,CD,1,D1_pwm150_grab4
8107,642,788,10718,CD,1,D1_pwm150_grab4
8118,-430,-330,11580,CD,1,D1_pwm150_grab4
8123,-90,-346,10114,CD,1,D1_pwm150_grab4
8127,-188,-1512,10196,CD,1,D1_pwm150_grab4
8132,2014,-776,7788,CD,1,D1_pwm150_grab4
8137,274,156,9364,CD,1,D1_pwm150_grab4
8143,1792,2000,11468,CD,1,D1_pwm150_grab4
8147,580,-912,9518,CD,1,D1_pwm150_grab4
8153,1110,642,11066,CD,1,D1_pwm150_grab4
8157,862,-1226,8726,CD,1,D1_pwm150_grab4
8168,838,468,10392,CD,1,D1_pwm150_grab4
8172,186,292,10436,CD,1,D1_pwm150_grab4
8177,1622,-2870,9708,CD,1,D1_pwm150_grab4
8182,-1914,-2344,10394,CD,1,D1_pwm150_grab4
8187,12,-824,10072,CD,1,D1_pwm150_grab4
8192,-302,-174,10436,CD,1,D1_pwm150_grab4
8198,1714,-820,8798,CD,1,D1_pwm150_grab4
8202,-590,-1258,9386,CD,1,D1_pwm150_grab4
8207,572,530,11108,CD,1,D1_pwm150_grab4
8212,3518,1026,9138,CD,1,D1_pwm150_grab4
8218,1270,1834,11514,CD,1,D1_pwm150_grab4
8223,1386,-1118,9530,CD,1,D1_pwm150_grab4
8227,-2400,-44,11268,CD,1,D1_pwm150_grab4
8232,406,-114,10150,CD,1,D1_pwm150_grab4
8237,872,1134,10874,CD,1,D1_pwm150_grab4
8243,230,-1068,11152,CD,1,D1_pwm150_grab4
8253,310,-1494,10108,CD,1,D1_pwm150_grab4
8257,-658,480,9806,CD,1,D1_pwm150_grab4
8263,-158,662,11016,CD,1,D1_pwm150_grab4
8267,-946,-2146,9866,CD,1,D1_pwm150_grab4
8272,1282,1404,11356,CD,1,D1_pwm150_grab4
8278,1944,434,9686,CD,1,D1_pwm150_grab4
8283,1338,1240,11036,CD,1,D1_pwm150_grab4
8288,1256,-1182,9134,CD,1,D1_pwm150_grab4
8294,-3056,1408,12144,CD,1,D1_pwm150_grab4
8299,1320,1198,10438,CD,1,D1_pwm150_grab4
8303,486,780,10562,CD,1,D1_pwm150_grab4
8308,638,-2348,10480,CD,1,D1_pwm150_grab4
8314,-234,16,11310,CD,1,D1_pwm150_grab4
8320,-88,-310,10078,CD,1,D1_pwm150_grab4
8323,-378,324,10200,CD,1,D1_pwm150_grab4
8329,660,-422,9416,CD,1,D1_pwm150_grab4
8334,-820,-1842,9454,CD,1,D1_pwm150_grab4
8338,-6,-22,10738,CD,1,D1_pwm150_grab4
8348,1216,1974,11806,CD,1,D1_pwm150_grab4
8354,694,-1096,8706,CD,1,D1_pwm150_grab4
8363,1738,1132,10540,CD,1,D1_pwm150_grab4
8368,964,1420,10548,CD,1,D1_pwm150_grab4
8374,130,-256,11618,CD,1,D1_pwm150_grab4
8378,-2882,-3778,8548,CD,1,D1_pwm150_grab4
8384,430,-1440,10176,CD,1,D1_pwm150_grab4
8389,-632,248,9498,CD,1,D1_pwm150_grab4
8393,1702,-1088,8366,CD,1,D1_pwm150_grab4
8399,-532,-1050,9066,CD,1,D1_pwm150_grab4
8403,518,818,11364,CD,1,D1_pwm150_grab4
8413,406,1378,12042,CD,1,D1_pwm150_grab4
8418,492,-578,10058,CD,1,D1_pwm150_grab4
8423,-760,-2388,9984,CD,1,D1_pwm150_grab4
8428,1558,60,9102,CD,1,D1_pwm150_grab4
8434,646,1076,10696,CD,1,D1_pwm150_grab4
8438,414,-1378,11020,CD,1,D1_pwm150_grab4
8444,-2720,-3568,8746,CD,1,D1_pwm150_grab4
8448,996,-872,10402,CD,1,D1_pwm150_grab4
8454,38,-474,8574,CD,1,D1_pwm150_grab4
8464,78,-694,10260,CD,1,D1_pwm150_grab4
8469,-694,-1074,10308,CD,1,D1_pwm150_grab4
8478,1044,1864,11932,CD,1,D1_pwm150_grab4
8483,960,-594,9986,CD,1,D1_pwm150_grab4
8488,-1076,-1972,10318,CD,1,D1_pwm150_grab4
8493,2332,-984,7588,CD,1,D1_pwm150_grab4
8498,62,-240,9322,CD,1,D1_pwm150_grab4
8504,1882,1734,11596,CD,1,D1_pwm150_grab4
8509,938,-186,9660,CD,1,D1_pwm150_grab4
8514,684,-1254,10154,CD,1,D1_pwm150_grab4
8518,-352,-224,8926,CD,1,D1_pwm150_grab4
8528,-386,-1202,10072,CD,1,D1_pwm150_grab4
8534,-938,-1116,10390,CD,1,D1_pwm150_grab4
8544,-64,300,11414,CD,1,D1_pwm150_grab4
8549,74,-336,10140,CD,1,D1_pwm150_grab4
8555,-1466,-1126,10818,CD,1,D1_pwm150_grab4
8560,1726,812,10158,CD,1,D1_pwm150_grab4
8565,1006,1440,10602,CD,1,D1_pwm150_grab4
8570,266,-114,11926,CD,1,D1_pwm150_grab4
8579,1118,-20,10748,CD,1,D1_pwm150_grab4
8584,538,-1044,8668,CD,1,D1_pwm150_grab4
8594,-780,-1422,10024,CD,1,D1_pwm150_grab4
8600,-808,-902,10452,CD,1,D1_pwm150_grab4
8609,606,1276,11322,CD,1,D1_pwm150_grab4
8615,312,-396,10134,CD,1,D1_pwm150_grab4
8619,-220,-460,10566,CD,1,D1_pwm150_grab4
8625,2076,-710,8026,CD,1,D1_pwm150_grab4
8629,-384,-670,9392,CD,1,D1_pwm150_grab4
8634,1138,1048,11250,CD,1,D1_pwm150_grab4
8639,-1792,-1686,9248,CD,1,D1_pwm150_grab4
8645,986,-658,10388,CD,1,D1_pwm150_grab4
8649,44,-518,8484,CD,1,D1_pwm150_grab4
8659,118,-794,10060,CD,1,D1_pwm150_grab4
8664,636,746,10810,CD,1,D1_pwm150_grab4
8669,276,-1690,10812,CD,1,D1_pwm150_grab4
8674,-2722,-3080,9772,CD,1,D1_pwm150_grab4
8680,-272,-502,10042,CD,1,D1_pwm150_grab4
8684,-74,-1336,10258,CD,1,D1_pwm150_grab4
8689,2022,-666,7836,CD,1,D1_pwm150_grab4
8695,62,58,9192,CD,1,D1_pwm150_grab4
8700,1674,1706,11380,CD,1,D1_pwm150_grab4
8710,998,1792,11830,CD,1,D1_pwm150_grab4
8714,1066,-824,9972,CD,1,D1_pwm150_grab4
8720,-3092,2116,12754,CD,1,D1_pwm150_grab4
8725,1178,612,10314,CD,1,D1_pwm150_grab4
8729,316,462,10500,CD,1,D1_pwm150_grab4
8735,796,-2582,10084,CD,1,D1_pwm150_grab4
8740,-2218,-2556,10098,CD,1,D1_pwm150_grab4
8744,138,-1028,10080,CD,1,D1_pwm150_grab4
8750,-476,50,9104,CD,1,D1_pwm150_grab4
8755,-2020,1852,13198,CD,1,D1_pwm150_grab4
8759,-708,-1448,9358,CD,1,D1_pwm150_grab4
8764,156,196,10882,CD,1,D1_pwm150_grab4
8775,1170,1762,11484,CD,1,D1_pwm150_grab4
8779,1228,-926,9688,CD,1,D1_pwm150_grab4
8784,-1884,-406,11228,CD,1,D1_pwm150_grab4
8790,1834,1328,10640,CD,1,D1_pwm150_grab4
8795,890,1342,10532,CD,1,D1_pwm150_grab4
8800,1828,-2968,9176,CD,1,D1_pwm150_grab4
8805,-1632,-1894,10406,CD,1,D1_pwm150_grab4
8811,-114,-858,10024,CD,1,D1_pwm150_grab4
8816,-276,-444,10180,CD,1,D1_pwm150_grab4
8821,1564,-1080,8360,CD,1,D1_pwm150_grab4
8825,-580,-1020,9088,CD,1,D1_pwm150_grab4
8830,464,626,11358,CD,1,D1_pwm150_grab4
8840,1292,1690,10944,CD,1,D1_pwm150_grab4
8846,1240,-986,9378,CD,1,D1_pwm150_grab4
8850,-2032,374,11582,CD,1,D1_pwm150_grab4
8855,1650,1372,10330,CD,1,D1_pwm150_grab4
8860,796,1102,10636,CD,1,D1_pwm150_grab4
8866,340,-1096,11288,CD,1,D1_pwm150_grab4
8870,-2906,-3448,8578,CD,1,D1_pwm150_grab4
8876,966,-530,10648,CD,1,D1_pwm150_grab4
8881,-544,308,9550,CD,1,D1_pwm150_grab4
8886,-412,536,10932,CD,1,D1_pwm150_grab4
8891,-872,-1996,9786,CD,1,D1_pwm150_grab4
8896,-800,-670,10404,CD,1,D1_pwm150_grab4
8905,958,1550,11736,CD,1,D1_pwm150_grab4
8911,642,-658,10056,CD,1,D1_pwm150_grab4
8916,-800,-1978,10084,CD,1,D1_pwm150_grab4
8920,1698,588,9806,CD,1,D1_pwm150_grab4
8926,820,1424,9884,CD,1,D1_pwm150_grab4
8930,674,1182,11906,CD,1,D1_pwm150_grab4
8935,-2272,-2602,8702,CD,1,D1_pwm150_grab4
8941,768,-930,10430,CD,1,D1_pwm150_grab4
8945,-152,-232,8696,CD,1,D1_pwm150_grab4
8955,-174,-1184,9968,CD,1,D1_pwm150_grab4
8961,-1006,-986,10360,CD,1,D1_pwm150_grab4
8971,-246,-194,11332,CD,1,D1_pwm150_grab4
8975,-142,-400,10078,CD,1,D1_pwm150_grab4
8981,-210,-1728,10202,CD,1,D1_pwm150_grab4
8985,2048,-776,7872,CD,1,D1_pwm150_grab4
8991,210,244,9316,CD,1,D1_pwm150_grab4
8996,1796,1836,11406,CD,1,D1_pwm150_grab4
9001,-2718,-3126,8572,CD,1,D1_pwm150_grab4
9006,1180,618,10918,CD,1,D1_pwm150_grab4
9010,882,-1166,8832,CD,1,D1_pwm150_grab4
9020,1018,688,10444,CD,1,D1_pwm150_grab4
9025,240,408,10440,CD,1,D1_pwm150_grab4
9030,1252,-2678,9926,CD,1,D1_pwm150_grab4
9036,-2028,-2620,10038,CD,1,D1_pwm150_grab4
9040,-24,-292,10066,CD,1,D1_pwm150_grab4
9046,-250,-2108,10040,CD,1,D1_pwm150_grab4
9051,1978,-544,8176,CD,1,D1_pwm150_grab4
9056,446,550,9354,CD,1,D1_pwm150_grab4
9061,1526,1848,11668,CD,1,D1_pwm150_grab4
9067,-298,-716,9668,CD,1,D1_pwm150_grab4
9072,1092,92,10566,CD,1,D1_pwm150_grab4
9077,566,-998,8622,CD,1,D1_pwm150_grab4
9081,-1312,1678,12504,CD,1,D1_pwm150_grab4
9088,-682,-1642,10028,CD,1,D1_pwm150_grab4
9092,-60,-128,10562,CD,1,D1_pwm150_grab4
9097,2164,-2478,9280,CD,1,D1_pwm150_grab4
9101,-1364,-2110,10274,CD,1,D1_pwm150_grab4
9106,-142,-806,10016,CD,1,D1_pwm150_grab4
9111,-224,-284,10274,CD,1,D1_pwm150_grab4
9116,1558,-802,8484,CD,1,D1_pwm150_grab4
9121,544,850,9682,CD,1,D1_pwm150_grab4
9127,1436,1790,11666,CD,1,D1_pwm150_grab4
9131,3556,562,8794,CD,1,D1_pwm150_grab4
9136,1298,1686,11214,CD,1,D1_pwm150_grab4
9142,1220,-932,9418,CD,1,D1_pwm150_grab4
9146,-2058,110,11492,CD,1,D1_pwm150_grab4
9152,1626,1124,10196,CD,1,D1_pwm150_grab4
9157,756,1128,10552,CD,1,D1_pwm150_grab4
9161,2976,-2440,8798,CD,1,D1_pwm150_grab4
9167,-1164,-1622,10714,CD,1,D1_pwm150_grab4
9172,-150,-802,9974,CD,1,D1_pwm150_grab4
9176,-508,256,9556,CD,1,D1_pwm150_grab4
9181,-402,858,11110,CD,1,D1_pwm150_grab4
9186,-780,-1748,9852,CD,1,D1_pwm150_grab4
9191,-752,-826,10296,CD,1,D1_pwm150_grab4
9201,1262,1564,11122,CD,1,D1_pwm150_grab4
9206,1290,-944,9430,CD,1,D1_pwm150_grab4
9211,-2462,828,11698,CD,1,D1_pwm150_grab4
9217,1650,316,9664,CD,1,D1_pwm150_grab4
9221,690,1310,9872,CD,1,D1_pwm150_grab4
9227,822,1336,11858,CD,1,D1_pwm150_grab4
9231,-2206,-1956,9066,CD,1,D1_pwm150_grab4
9237,950,-810,10416,CD,1,D1_pwm150_grab4
9242,-20,-472,8668,CD,1,D1_pwm150_grab4
9246,38,246,10440,CD,1,D1_pwm150_grab4
9251,-804,-1746,9750,CD,1,D1_pwm150_grab4
9256,-482,-576,10458,CD,1,D1_pwm150_grab4
9262,4098,-1944,7490,CD,1,D1_pwm150_grab4
9266,-476,-690,11132,CD,1,D1_pwm150_grab4
9271,-196,-494,10010,CD,1,D1_pwm150_grab4
9277,-314,-1392,10292,CD,1,D1_pwm150_grab4
9281,1952,-614,7938,CD,1,D1_pwm150_grab4
9286,854,1392,10206,CD,1,D1_pwm150_grab4
9292,614,892,12304,CD,1,D1_pwm150_grab4
9296,-2624,-2380,8938,CD,1,D1_pwm150_grab4
9302,688,-1132,10128,CD,1,D1_pwm150_grab4
9308,-336,-158,8932,CD,1,D1_pwm150_grab4
9317,-332,-1382,9976,CD,1,D1_pwm150_grab4
9323,-860,-992,10446,CD,1,D1_pwm150_grab4
9333,1028,1730,11770,CD,1,D1_pwm150_grab4
9337,1146,-788,9894,CD,1,D1_pwm150_grab4
9342,-1444,-738,10742,CD,1,D1_pwm150_grab4
9347,2024,-416,8308,CD,1,D1_pwm150_grab4
9352,262,402,9330,CD,1,D1_pwm150_grab4
9357,1636,1808,11594,CD,1,D1_pwm150_grab4
9363,388,-704,9418,CD,1,D1_pwm150_grab4
9367,778,-1298,10016,CD,1,D1_pwm150_grab4
9373,-438,70,9276,CD,1,D1_pwm150_grab4
9382,-586,-1646,10014,CD,1,D1_pwm150_grab4
9387,92,242,10546,CD,1,D1_pwm150_grab4
9392,1390,-2608,9646,CD,1,D1_pwm150_grab4
9397,-1788,-2152,10294,CD,1,D1_pwm150_grab4
9403,-84,-1020,9980,CD,1,D1_pwm150_grab4
9408,-442,-1958,10036,CD,1,D1_pwm150_grab4
9412,2206,-82,8416,CD,1,D1_pwm150_grab4
9417,452,662,9552,CD,1,D1_pwm150_grab4
9422,1646,1932,11770,CD,1,D1_pwm150_grab4
9427,-316,-1374,9348,CD,1,D1_pwm150_grab4
9432,1136,1604,11224,CD,1,D1_pwm150_grab4
9438,1274,-830,9510,CD,1,D1_pwm150_grab4
9442,-1842,340,11506,CD,1,D1_pwm150_grab4
9448,598,-368,10230,CD,1,D1_pwm150_grab4
9452,56,-134,10378,CD,1,D1_pwm150_grab4
9457,2170,-2794,9162,CD,1,D1_pwm150_grab4
9463,-1476,-1592,10578,CD,1,D1_pwm150_grab4
9468,48,-780,9922,CD,1,D1_pwm150_grab4
9472,-510,206,9532,CD,1,D1_pwm150_grab4
9478,-1018,700,11620,CD,1,D1_pwm150_grab4
9482,-834,-1856,9718,CD,1,D1_pwm150_grab4
9487,648,736,11456,CD,1,D1_pwm150_grab4
9492,3438,790,9184,CD,1,D1_pwm150_grab4
9498,1314,1580,11078,CD,1,D1_pwm150_grab4
9502,1168,-1036,9506,CD,1,D1_pwm150_grab4
9508,-2076,714,11500,CD,1,D1_pwm150_grab4
9512,1754,1298,10224,CD,1,D1_pwm150_grab4
9518,642,1046,9840,CD,1,D1_pwm150_grab4
9522,996,1548,11508,CD,1,D1_pwm150_grab4
9527,-2756,-3282,8708,CD,1,D1_pwm150_grab4
9532,284,-1418,10074,CD,1,D1_pwm150_grab4
9537,-616,286,9656,CD,1,D1_pwm150_grab4
9543,-512,452,11144,CD,1,D1_pwm150_grab4
9548,-868,-1812,9798,CD,1,D1_pwm150_grab4
9552,-696,-482,10622,CD,1,D1_pwm150_grab4
9563,760,1430,11542,CD,1,D1_pwm150_grab4
9568,1360,-1106,9384,CD,1,D1_pwm150_grab4
9574,-2576,794,11684,CD,1,D1_pwm150_grab4
9579,1518,1040,10322,CD,1,D1_pwm150_grab4
9583,700,608,10668,CD,1,D1_pwm150_grab4
9588,212,-790,11074,CD,1,D1_pwm150_grab4
9594,-2668,-3120,9356,CD,1,D1_pwm150_grab4
9600,308,-1508,9998,CD,1,D1_pwm150_grab4
9603,28,-382,8618,CD,1,D1_pwm150_grab4
9609,-190,114,10624,CD,1,D1_pwm150_grab4
9614,-800,-1612,9884,CD,1,D1_pwm150_grab4
9619,-582,-452,10574,CD,1,D1_pwm150_grab4
9628,596,1364,11794,CD,1,D1_pwm150_grab4
9634,630,-560,10166,CD,1,D1_pwm150_grab4
9639,-940,-1448,10256,CD,1,D1_pwm150_grab4
9643,1888,-646,8312,CD,1,D1_pwm150_grab4
9648,708,1156,9996,CD,1,D1_pwm150_grab4
9653,900,1078,11768,CD,1,D1_pwm150_grab4
9658,-2296,-1878,9046,CD,1,D1_pwm150_grab4
9663,1022,-790,10412,CD,1,D1_pwm150_grab4
9668,-10,-232,8886,CD,1,D1_pwm150_grab4
9678,-140,-1346,10000,CD,1,D1_pwm150_grab4
9683,-682,-842,10446,CD,1,D1_pwm150_grab4
9689,4114,-1872,8172,CD,1,D1_pwm150_grab4
9693,-478,-714,11094,CD,1,D1_pwm150_grab4
9698,-196,-682,9896,CD,1,D1_pwm150_grab4
9703,-270,-1682,10158,CD,1,D1_pwm150_grab4
9709,2334,-494,8096,CD,1,D1_pwm150_grab4
9714,94,302,9524,CD,1,D1_pwm150_grab4
9719,1682,1564,11530,CD,1,D1_pwm150_grab4
9723,1394,-294,9368,CD,1,D1_pwm150_grab4
9728,1222,1050,10972,CD,1,D1_pwm150_grab4
9733,1078,-854,9274,CD,1,D1_pwm150_grab4
9738,-2720,2260,12608,CD,1,D1_pwm150_grab4
9744,1244,456,10142,CD,1,D1_pwm150_grab4
9748,442,264,10554,CD,1,D1_pwm150_grab4
9754,704,-2008,10554,CD,1,D1_pwm150_grab4
9759,-2166,-2462,9778,CD,1,D1_pwm150_grab4
9763,120,-1242,9990,CD,1,D1_pwm150_grab4
9768,-344,-2008,10050,CD,1,D1_pwm150_grab4
9773,566,-734,9278,CD,1,D1_pwm150_grab4
9779,-768,-1398,9512,CD,1,D1_pwm150_grab4
9784,-102,190,10944,CD,1,D1_pwm150_grab4
9793,1212,1758,11536,CD,1,D1_pwm150_grab4
9798,1064,-776,9822,CD,1,D1_pwm150_grab4
9804,-1328,-486,10772,CD,1,D1_pwm150_grab4
9808,2014,1348,10336,CD,1,D1_pwm150_grab4
9814,268,74,10456,CD,1,D1_pwm150_grab4
9820,1014,-1872,10320,CD,1,D1_pwm150_grab4
9825,-1912,-2418,10222,CD,1,D1_pwm150_grab4
9830,-2,-1066,10072,CD,1,D1_pwm150_grab4
9835,-450,-316,10156,CD,1,D1_pwm150_grab4
9839,1346,-684,8934,CD,1,D1_pwm150_grab4
9844,-606,-1130,9612,CD,1,D1_pwm150_grab4
9849,1614,1430,11278,CD,1,D1_pwm150_grab4
9856,-412,-616,9146,CD,1,D1_pwm150_grab4
9859,1086,1842,11848,CD,1,D1_pwm150_grab4
9865,1304,-864,9768,CD,1,D1_pwm150_grab4
9869,-1764,384,11308,CD,1,D1_pwm150_grab4
9875,1884,1242,10326,CD,1,D1_pwm150_grab4
9879,958,860,10458,CD,1,D1_pwm150_grab4
9884,180,-12,11658,CD,1,D1_pwm150_grab4
9889,-1560,-2026,10372,CD,1,D1_pwm150_grab4
9895,-48,-1024,10056,CD,1,D1_pwm150_grab4
9899,-502,-20,9324,CD,1,D1_pwm150_grab4
9905,-1476,530,12018,CD,1,D1_pwm150_grab4
9909,-688,-1792,9892,CD,1,D1_pwm150_grab4
9914,-828,-550,10662,CD,1,D1_pwm150_grab4
9924,76,96,11282,CD,1,D1_pwm150_grab4
9930,-16,-666,9984,CD,1,D1_pwm150_grab4
9935,-1876,1078,11880,CD,1,D1_pwm150_grab4
9940,1926,1054,10414,CD,1,D1_pwm150_grab4
9944,478,710,9768,CD,1,D1_pwm150_grab4
9949,1884,1096,11406,CD,1,D1_pwm150_grab4
9954,-254,-1168,8788,CD,1,D1_pwm150_grab4
9959,1212,590,10788,CD,1,D1_pwm150_grab4
9965,762,-428,9370,CD,1,D1_pwm150_grab4
9970,-2888,2076,13092,CD,1,D1_pwm150_grab4
9975,-668,-1822,9820,CD,1,D1_pwm150_grab4
9980,-896,-424,10678,CD,1,D1_pwm150_grab4
9984,1106,-1206,10280,CD,1,D1_pwm150_grab4
9989,-1546,-1642,10586,CD,1,D1_pwm150_grab4
9994,58,-1222,10094,CD,1,D1_pwm150_grab4
9999,-408,-1396,9514,CD,1,D1_pwm150_grab4
10005,1044,-402,9164,CD,1,D1_pwm150_grab4
10009,-422,-258,9902,CD,1,D1_pwm150_grab4
10014,1856,1016,11080,CD,1,D1_pwm150_grab4
10019,-286,-1456,8536,CD,1,D1_pwm150_grab4
10025,1168,598,11014,CD,1,D1_pwm150_grab4
10029,1078,-688,9684,CD,1,D1_pwm150_grab4
10034,-1500,1144,11680,CD,1,D1_pwm150_grab4
10040,2124,1030,10104,CD,1,D1_pwm150_grab4
10044,962,438,10142,CD,1,D1_pwm150_grab4
10050,328,-118,11906,CD,1,D1_pwm150_grab4
10054,-1618,-1682,10872,CD,1,D1_pwm150_grab4
10059,14,-1176,10136,CD,1,D1_pwm150_grab4
10064,-406,-1420,9656,CD,1,D1_pwm150_grab4
10070,960,-300,9128,CD,1,D1_pwm150_grab4
10075,-460,-342,10088,CD,1,D1_pwm150_grab4
10081,292,294,11122,CD,1,D1_pwm150_grab4
10090,806,1334,11596,CD,1,D1_pwm150_grab4
10096,732,-480,9204,CD,1,D1_pwm150_grab4
10100,-2796,1834,13150,CD,1,D1_pwm150_grab4
10105,658,-960,9514,CD,1,D1_pwm150_grab4
10110,78,34,10088,CD,1,D1_pwm150_grab4
10116,360,32,11442,CD,1,D1_pwm150_grab4
10125,870,-1044,10092,CD,1,D1_pwm150_grab4
10131,-338,-254,9112,CD,1,D1_pwm150_grab4
10135,442,-534,9098,CD,1,D1_pwm150_grab4
10140,-476,-358,9914,CD,1,D1_pwm150_grab4
10145,62,472,11076,CD,1,D1_pwm150_grab4
10156,-68,-484,11258,CD,1,D1_pwm150_grab4
10160,-132,-754,10008,CD,1,D1_pwm150_grab4
10166,-518,-1598,10006,CD,1,D1_pwm150_grab4
10171,2180,968,8882,CD,1,D1_pwm150_grab4
10175,916,492,9980,CD,1,D1_pwm150_grab4
10180,440,-86,11654,CD,1,D1_pwm150_grab4
10190,984,-802,10198,CD,1,D1_pwm150_grab4
10195,-258,-254,9142,CD,1,D1_pwm150_grab4
10206,888,-738,9788,CD,1,D1_pwm150_grab4
10210,454,-78,10250,CD,1,D1_pwm150_grab4
10221,-30,-542,11034,CD,1,D1_pwm150_grab4
10226,-248,-834,9998,CD,1,D1_pwm150_grab4
10231,-426,-1410,9790,CD,1,D1_pwm150_grab4
10235,1996,1038,9144,CD,1,D1_pwm150_grab4
10241,-564,-340,10106,CD,1,D1_pwm150_grab4
10245,-156,238,10964,CD,1,D1_pwm150_grab4
10256,1024,752,11050,CD,1,D1_pwm150_grab4
10260,1138,-416,9258,CD,1,D1_pwm150_grab4
10265,-2818,1728,12910,CD,1,D1_pwm150_grab4
10270,930,-754,9516,CD,1,D1_pwm150_grab4
10276,454,150,10042,CD,1,D1_pwm150_grab4
10280,476,-776,10970,CD,1,D1_pwm150_grab4
10286,-2624,-1712,8966,CD,1,D1_pwm150_grab4
10290,1112,-480,10270,CD,1,D1_pwm150_grab4
10296,-462,-1356,9522,CD,1,D1_pwm150_grab4
10300,-276,-524,9594,CD,1,D1_pwm150_grab4
10305,-624,-636,10222,CD,1,D1_pwm150_grab4
10310,-428,-60,10802,CD,1,D1_pwm150_grab4
10321,520,864,11582,CD,1,D1_pwm150_grab4
10326,668,-810,9780,CD,1,D1_pwm150_grab4
10332,-1220,426,10908,CD,1,D1_pwm150_grab4
10336,1306,-238,9402,CD,1,D1_pwm150_grab4
10341,576,102,10176,CD,1,D1_pwm150_grab4
10346,416,-694,11064,CD,1,D1_pwm150_grab4
10351,-2420,-1878,9776,CD,1,D1_pwm150_grab4
10356,238,-1172,10046,CD,1,D1_pwm150_grab4
10361,-516,-1114,9302,CD,1,D1_pwm150_grab4
10366,-600,-640,9870,CD,1,D1_pwm150_grab4
10371,-246,-1830,9590,CD,1,D1_pwm150_grab4
10376,-672,102,10934,CD,1,D1_pwm150_grab4
10386,664,764,11180,CD,1,D1_pwm150_grab4
10391,466,-672,9820,CD,1,D1_pwm150_grab4
10396,-774,-50,10604,CD,1,D1_pwm150_grab4
10401,2140,1546,10088,CD,1,D1_pwm150_grab4
10406,668,500,9682,CD,1,D1_pwm150_grab4
10411,1184,706,11222,CD,1,D1_pwm150_grab4
10416,2590,-1664,8110,CD,1,D1_pwm150_grab4
10421,1192,-188,10494,CD,1,D1_pwm150_grab4
10427,174,-80,9060,CD,1,D1_pwm150_grab4
10436,-94,-1670,9470,CD,1,D1_pwm150_grab4
10442,-556,-342,10390,CD,1,D1_pwm150_grab4
10447,2886,-576,9560,CD,1,D1_pwm150_grab4
10451,-576,-1090,10850,CD,1,D1_pwm150_grab4
10456,514,-1130,10108,CD,1,D1_pwm150_grab4
10461,-182,-1744,9528,CD,1,D1_pwm150_grab4
10466,1560,196,8878,CD,1,D1_pwm150_grab4
10472,-160,330,9782,CD,1,D1_pwm150_grab4
10477,806,742,11362,CD,1,D1_pwm150_grab4
10482,3290,-1720,7772,CD,1,D1_pwm150_grab4
10487,902,1016,11138,CD,1,D1_pwm150_grab4
10492,1264,-598,9322,CD,1,D1_pwm150_grab4
10496,-814,-584,10414,CD,1,D1_pwm150_grab4
10502,1742,490,9954,CD,1,D1_pwm150_grab4
10506,834,212,9940,CD,1,D1_pwm150_grab4
10511,66,-512,11106,CD,1,D1_pwm150_grab4
10517,-2844,-1382,9956,CD,1,D1_pwm150_grab4
10521,646,-926,10028,CD,1,D1_pwm150_grab4
10527,-454,-822,9382,CD,1,D1_pwm150_grab4
10532,-1244,-448,10712,CD,1,D1_pwm150_grab4
10536,-722,-1230,9968,CD,1,D1_pwm150_grab4
10541,-852,-186,10808,CD,1,D1_pwm150_grab4
10551,318,20,11014,CD,1,D1_pwm150_grab4
10556,144,-864,9884,CD,1,D1_pwm150_grab4
10562,-698,-422,10182,CD,1,D1_pwm150_grab4
10566,2136,1490,9830,CD,1,D1_pwm150_grab4
10571,500,546,9758,CD,1,D1_pwm150_grab4
10576,1544,948,10996,CD,1,D1_pwm150_grab4
10582,-2894,-1482,9676,CD,1,D1_pwm150_grab4
10588,712,-870,9958,CD,1,D1_pwm150_grab4
10593,-452,-730,9328,CD,1,D1_pwm150_grab4
10598,-1482,-408,10868,CD,1,D1_pwm150_grab4
10602,-684,-1330,10034,CD,1,D1_pwm150_grab4
10608,-768,-230,10854,CD,1,D1_pwm150_grab4
10617,444,116,10898,CD,1,D1_pwm150_grab4
10622,1174,-830,9416,CD,1,D1_pwm150_grab4
10627,-466,-878,9920,CD,1,D1_pwm150_grab4
10632,2250,1476,9664,CD,1,D1_pwm150_grab4
10637,414,394,9654,CD,1,D1_pwm150_grab4
10642,1774,836,11226,CD,1,D1_pwm150_grab4
10648,-80,-1950,8446,CD,1,D1_pwm150_grab4
10653,1000,328,10564,CD,1,D1_pwm150_grab4
10658,706,-124,9372,CD,1,D1_pwm150_grab4
10663,-1814,-254,11584,CD,1,D1_pwm150_grab4
10668,604,-1178,9480,CD,1,D1_pwm150_grab4
10672,246,46,10198,CD,1,D1_pwm150_grab4
10678,804,-776,10512,CD,1,D1_pwm150_grab4
10682,-1602,-1158,10634,CD,1,D1_pwm150_grab4
10687,46,-956,10310,CD,1,D1_pwm150_grab4
10693,-400,-1688,9264,CD,1,D1_pwm150_grab4
10697,146,-614,9168,CD,1,D1_pwm150_grab4
10702,332,600,10006,CD,1,D1_pwm150_grab4
10707,1988,964,11274,CD,1,D1_pwm150_grab4
10718,874,1030,11176,CD,1,D1_pwm150_grab4
10722,844,-824,9508,CD,1,D1_pwm150_grab4
10728,-1248,1138,11510,CD,1,D1_pwm150_grab4
10732,2194,1388,10180,CD,1,D1_pwm150_grab4
10737,836,372,9888,CD,1,D1_pwm150_grab4
10743,506,-1042,10592,CD,1,D1_pwm150_grab4
10747,-2020,-1446,10612,CD,1,D1_pwm150_grab4
10752,900,-786,10048,CD,1,D1_pwm150_grab4
10757,-230,-66,9324,CD,1,D1_pwm150_grab4
10762,-2228,102,12092,CD,1,D1_pwm150_grab4
10768,-556,-1802,9578,CD,1,D1_pwm150_grab4
10772,-924,-344,10588,CD,1,D1_pwm150_grab4
10782,712,1066,11428,CD,1,D1_pwm150_grab4
10787,856,-872,9662,CD,1,D1_pwm150_grab4
10792,-1306,904,11176,CD,1,D1_pwm150_grab4
10797,1988,1132,9416,CD,1,D1_pwm150_grab4
10803,228,616,9844,CD,1,D1_pwm150_grab4
10808,1708,958,11132,CD,1,D1_pwm150_grab4
10812,898,-1740,8292,CD,1,D1_pwm150_grab4
10818,1152,536,10764,CD,1,D1_pwm150_grab4
10822,-202,-92,9270,CD,1,D1_pwm150_grab4
10828,-2408,138,12290,CD,1,D1_pwm150_grab4
10833,-474,-1838,9716,CD,1,D1_pwm150_grab4
10838,-798,-340,10546,CD,1,D1_pwm150_grab4
10848,-40,-182,11236,CD,1,D1_pwm150_grab4
10854,-228,-812,10074,CD,1,D1_pwm150_grab4
10859,-372,-1662,9706,CD,1,D1_pwm150_grab4
10863,1986,1420,10318,CD,1,D1_pwm150_grab4
10868,916,420,10130,CD,1,D1_pwm150_grab4
10873,638,222,11382,CD,1,D1_pwm150_grab4
10878,-2594,-2202,9006,CD,1,D1_pwm150_grab4
10884,1060,644,10614,CD,1,D1_pwm150_grab4
10888,1000,-372,9310,CD,1,D1_pwm150_grab4
10893,-2368,2100,12926,CD,1,D1_pwm150_grab4
10898,1108,-718,9466,CD,1,D1_pwm150_grab4
10903,-792,-410,10474,CD,1,D1_pwm150_grab4
10914,-376,-434,11550,CD,1,D1_pwm150_grab4
10918,-250,-642,10094,CD,1,D1_pwm150_grab4
10923,-576,-1184,9378,CD,1,D1_pwm150_grab4
10928,-262,-870,9454,CD,1,D1_pwm150_grab4
10933,-770,-488,10034,CD,1,D1_pwm150_grab4
10938,-432,224,10966,CD,1,D1_pwm150_grab4
10944,1428,-1226,8628,CD,1,D1_pwm150_grab4
10949,1080,902,10980,CD,1,D1_pwm150_grab4
10953,1240,-696,9236,CD,1,D1_pwm150_grab4
10964,1218,-424,9784,CD,1,D1_pwm150_grab4
10969,786,446,9874,CD,1,D1_pwm150_grab4
10973,778,254,11508,CD,1,D1_pwm150_grab4
10979,-2384,-1864,9154,CD,1,D1_pwm150_grab4
10984,274,-1188,10112,CD,1,D1_pwm150_grab4
10988,-598,-850,9648,CD,1,D1_pwm150_grab4
10994,-208,-808,9700,CD,1,D1_pwm150_grab4
10999,-714,-838,10100,CD,1,D1_pwm150_grab4
11003,-420,182,10920,CD,1,D1_pwm150_grab4
11008,3794,-826,8936,CD,1,D1_pwm150_grab4
11014,-264,-656,10966,CD,1,D1_pwm150_grab4
11018,-302,-628,10020,CD,1,D1_pwm150_grab4
11023,-206,-2006,9592,CD,1,D1_pwm150_grab4
11029,2130,1566,10302,CD,1,D1_pwm150_grab4
11034,674,622,9930,CD,1,D1_pwm150_grab4
11038,994,376,11216,CD,1,D1_pwm150_grab4
11043,-2176,-1900,8900,CD,1,D1_pwm150_grab4
11049,1170,-570,10306,CD,1,D1_pwm150_grab4
11053,1178,-720,9170,CD,1,D1_pwm150_grab4
11059,-2214,2158,12628,CD,1,D1_pwm150_grab4
11063,1436,176,9594,CD,1,D1_pwm150_grab4
11068,-528,-580,10366,CD,1,D1_pwm150_grab4
11074,3416,-780,9430,CD,1,D1_pwm150_grab4
11078,-586,-834,11196,CD,1,D1_pwm150_grab4
11083,-360,-784,10034,CD,1,D1_pwm150_grab4
11088,-280,-1918,9650,CD,1,D1_pwm150_grab4
11094,2136,200,8896,CD,1,D1_pwm150_grab4
11099,-74,676,9992,CD,1,D1_pwm150_grab4
11105,1218,1094,11476,CD,1,D1_pwm150_grab4
11110,-2132,-1904,8798,CD,1,D1_pwm150_grab4
11114,1220,-454,10436,CD,1,D1_pwm150_grab4
11119,164,-80,9140,CD,1,D1_pwm150_grab4
11130,-180,-1866,9560,CD,1,D1_pwm150_grab4
11134,-570,-570,10194,CD,1,D1_pwm150_grab4
11139,330,-856,10918,CD,1,D1_pwm150_grab4
11145,-2616,-1868,9808,CD,1,D1_pwm150_grab4
11150,-316,-728,10064,CD,1,D1_pwm150_grab4
11154,-292,-1798,9806,CD,1,D1_pwm150_grab4
11159,1628,208,8716,CD,1,D1_pwm150_grab4
11165,-78,552,9996,CD,1,D1_pwm150_grab4
11170,1248,1040,11280,CD,1,D1_pwm150_grab4
11175,2448,-1332,8270,CD,1,D1_pwm150_grab4
11180,550,862,11116,CD,1,D1_pwm150_grab4
11184,436,-836,9866,CD,1,D1_pwm150_grab4
11195,1444,202,9836,CD,1,D1_pwm150_grab4
11200,774,54,10204,CD,1,D1_pwm150_grab4
11204,160,-758,10916,CD,1,D1_pwm150_grab4
11209,-2674,-1938,10060,CD,1,D1_pwm150_grab4
11214,452,-1158,10114,CD,1,D1_pwm150_grab4
11220,-636,-646,9582,CD,1,D1_pwm150_grab4
11230,-740,-1194,10074,CD,1,D1_pwm150_grab4
11235,-588,-186,10796,CD,1,D1_pwm150_grab4
11244,488,812,11556,CD,1,D1_pwm150_grab4
11250,332,-824,9898,CD,1,D1_pwm150_grab4
11255,-872,-434,10366,CD,1,D1_pwm150_grab4
11259,2100,1508,10068,CD,1,D1_pwm150_grab4
11265,-186,372,9756,CD,1,D1_pwm150_grab4
11270,1156,1018,11120,CD,1,D1_pwm150_grab4
11274,-1528,-2072,8966,CD,1,D1_pwm150_grab4
11279,1080,-484,10466,CD,1,D1_pwm150_grab4
11285,368,-100,9050,CD,1,D1_pwm150_grab4
11294,48,-1584,9810,CD,1,D1_pwm150_grab4
11299,-272,-454,10248,CD,1,D1_pwm150_grab4
11304,2654,-1774,9354,CD,1,D1_pwm150_grab4
11309,-1118,-1108,11248,CD,1,D1_pwm150_grab4
11315,-130,-572,10130,CD,1,D1_pwm150_grab4
11319,-380,-1850,9926,CD,1,D1_pwm150_grab4
11324,1774,-238,8698,CD,1,D1_pwm150_grab4
11329,-286,282,9944,CD,1,D1_pwm150_grab4
11334,926,772,11464,CD,1,D1_pwm150_grab4
11340,3248,-350,8614,CD,1,D1_pwm150_grab4
11344,1084,1390,11184,CD,1,D1_pwm150_grab4
11350,432,-288,9004,CD,1,D1_pwm150_grab4
11360,176,-1434,9626,CD,1,D1_pwm150_grab4
11365,-254,-482,10014,CD,1,D1_pwm150_grab4
11370,2306,-1424,9538,CD,1,D1_pwm150_grab4
11375,-1156,-1422,10788,CD,1,D1_pwm150_grab4
11380,-198,-634,10160,CD,1,D1_pwm150_grab4
11385,-300,-1594,9834,CD,1,D1_pwm150_grab4
11392,2224,1334,9848,CD,1,D1_pwm150_grab4
11395,-226,146,9822,CD,1,D1_pwm150_grab4
11400,728,648,11228,CD,1,D1_pwm150_grab4
11405,3474,-208,8424,CD,1,D1_pwm150_grab4
11411,1014,1350,11294,CD,1,D1_pwm150_grab4
11416,1268,-1070,9328,CD,1,D1_pwm150_grab4
11425,1854,892,10198,CD,1,D1_pwm150_grab4
11430,-6,-282,10260,CD,1,D1_pwm150_grab4
11436,174,-424,11256,CD,1,D1_pwm150_grab4
11440,-2816,-2822,8998,CD,1,D1_pwm150_grab4
11445,604,-1230,10018,CD,1,D1_pwm150_grab4
11451,-466,2,9732,CD,1,D1_pwm150_grab4
11455,-1260,-304,10924,CD,1,D1_pwm150_grab4
11461,-846,-1724,9832,CD,1,D1_pwm150_grab4
11465,-784,-406,10694,CD,1,D1_pwm150_grab4
11471,3846,238,8614,CD,1,D1_pwm150_grab4
11476,1114,1394,11008,CD,1,D1_pwm150_grab4
11481,186,-626,9976,CD,1,D1_pwm150_grab4
11485,-696,-1740,9742,CD,1,D1_pwm150_grab4
11490,1844,1258,9592,CD,1,D1_pwm150_grab4
11496,614,864,10002,CD,1,D1_pwm150_grab4
11500,1552,1224,11078,CD,1,D1_pwm150_grab4
11505,-726,-1630,9128,CD,1,D1_pwm150_grab4
11510,442,-1338,9820,CD,1,D1_pwm150_grab4
11515,-482,208,9526,CD,1,D1_pwm150_grab4
11526,420,-1370,9724,CD,1,D1_pwm150_grab4
11531,-38,-294,10048,CD,1,D1_pwm150_grab4
11536,1806,-1900,9726,CD,1,D1_pwm150_grab4
11540,-1602,-1708,10882,CD,1,D1_pwm150_grab4
11546,-42,-676,10288,CD,1,D1_pwm150_grab4
11551,-418,-1776,9802,CD,1,D1_pwm150_grab4
11555,1904,1132,9650,CD,1,D1_pwm150_grab4
11560,492,800,9698,CD,1,D1_pwm150_grab4
11566,644,622,11426,CD,1,D1_pwm150_grab4
11570,3870,-204,8350,CD,1,D1_pwm150_grab4
11575,980,1530,11520,CD,1,D1_pwm150_grab4
11580,1352,-1138,9432,CD,1,D1_pwm150_grab4
11585,-2040,1136,11682,CD,1,D1_pwm150_grab4
11590,516,-1094,9650,CD,1,D1_pwm150_grab4
11595,-86,-370,10122,CD,1,D1_pwm150_grab4
11601,1662,-1742,9676,CD,1,D1_pwm150_grab4
11607,-1362,-1688,10598,CD,1,D1_pwm150_grab4
11612,-242,-834,10172,CD,1,D1_pwm150_grab4
11616,-364,-1330,9924,CD,1,D1_pwm150_grab4
11621,1132,-708,8518,CD,1,D1_pwm150_grab4
11626,-400,-118,9750,CD,1,D1_pwm150_grab4
11631,1640,1152,11522,CD,1,D1_pwm150_grab4
11637,-376,-1274,9216,CD,1,D1_pwm150_grab4
11641,1200,24,10454,CD,1,D1_pwm150_grab4
11648,626,-462,9100,CD,1,D1_pwm150_grab4
11651,-1950,1222,11820,CD,1,D1_pwm150_grab4
11656,1922,1244,10454,CD,1,D1_pwm150_grab4
11661,950,566,10210,CD,1,D1_pwm150_grab4
11666,252,-396,11212,CD,1,D1_pwm150_grab4
11671,-1402,-1550,10636,CD,1,D1_pwm150_grab4
11677,-98,-838,10170,CD,1,D1_pwm150_grab4
11681,-476,-1524,9862,CD,1,D1_pwm150_grab4
11686,1486,-694,8598,CD,1,D1_pwm150_grab4
11692,-810,-1778,9694,CD,1,D1_pwm150_grab4
11696,-874,-440,10524,CD,1,D1_pwm150_grab4
11706,238,780,11536,CD,1,D1_pwm150_grab4
11711,168,-530,10106,CD,1,D1_pwm150_grab4
11717,-1956,1386,11888,CD,1,D1_pwm150_grab4
11721,1852,1104,10226,CD,1,D1_pwm150_grab4
11726,996,450,10292,CD,1,D1_pwm150_grab4
11731,162,-692,11162,CD,1,D1_pwm150_grab4
11736,-1362,-1620,9000,CD,1,D1_pwm150_grab4
11741,1158,-262,10546,CD,1,D1_pwm150_grab4
11747,478,-456,8896,CD,1,D1_pwm150_grab4
11756,-816,-1606,9760,CD,1,D1_pwm150_grab4
11761,-812,-302,10706,CD,1,D1_pwm150_grab4
11772,692,1056,11152,CD,1,D1_pwm150_grab4
11776,-346,-778,10078,CD,1,D1_pwm150_grab4
11782,-256,-1544,10166,CD,1,D1_pwm150_grab4
11786,1880,-428,8232,CD,1,D1_pwm150_grab4
11791,-302,236,9836,CD,1,D1_pwm150_grab4
11797,954,902,11344,CD,1,D1_pwm150_grab4
11801,-2002,-1734,9160,CD,1,D1_pwm150_grab4
11807,1098,-500,10338,CD,1,D1_pwm150_grab4
11812,198,-180,8760,CD,1,D1_pwm150_grab4
11822,1384,586,10054,CD,1,D1_pwm150_grab4
11826,742,324,10546,CD,1,D1_pwm150_grab4
11831,140,-1062,10784,CD,1,D1_pwm150_grab4
11836,-546,-1016,10800,CD,1,D1_pwm150_grab4
11842,-430,-644,9918,CD,1,D1_pwm150_grab4
11846,-166,-1746,9942,CD,1,D1_pwm150_grab4
11851,1878,-280,8342,CD,1,D1_pwm150_grab4
11856,-118,256,9630,CD,1,D1_pwm150_grab4
11862,1286,1300,11400,CD,1,D1_pwm150_grab4
11868,2194,-672,8708,CD,1,D1_pwm150_grab4
11872,1130,1164,11022,CD,1,D1_pwm150_grab4
11877,66,-124,8988,CD,1,D1_pwm150_grab4
11887,-96,-1642,9902,CD,1,D1_pwm150_grab4
11892,-708,-894,10362,CD,1,D1_pwm150_grab4
11897,3836,-1480,8472,CD,1,D1_pwm150_grab4
11904,-414,-602,11170,CD,1,D1_pwm150_grab4
11907,402,-1198,10078,CD,1,D1_pwm150_grab4
11912,-542,-486,9554,CD,1,D1_pwm150_grab4
11918,2204,-50,8390,CD,1,D1_pwm150_grab4
11922,-2,478,9704,CD,1,D1_pwm150_grab4
11927,1562,1532,11592,CD,1,D1_pwm150_grab4
11932,1858,-716,9192,CD,1,D1_pwm150_grab4
11938,1038,972,10770,CD,1,D1_pwm150_grab4
11942,1146,-706,9144,CD,1,D1_pwm150_grab4
11947,-1052,-114,10816,CD,1,D1_pwm150_grab4
11953,1956,1422,10430,CD,1,D1_pwm150_grab4
11958,502,8,10472,CD,1,D1_pwm150_grab4
11962,466,-1884,10640,CD,1,D1_pwm150_grab4
11967,-2402,-2388,9678,CD,1,D1_pwm150_grab4
11972,324,-1106,10026,CD,1,D1_pwm150_grab4
11977,-584,-422,9730,CD,1,D1_pwm150_grab4
11982,132,-856,9326,CD,1,D1_pwm150_grab4
11987,-812,-1160,9738,CD,1,D1_pwm150_grab4
11993,-948,-780,10370,CD,1,D1_pwm150_grab4
12002,1148,1686,11404,CD,1,D1_pwm150_grab4
12007,760,-904,9812,CD,1,D1_pwm150_grab4
12013,-1024,-354,10636,CD,1,D1_pwm150_grab4
12017,2168,1516,10376,CD,1,D1_pwm150_grab4
12022,852,952,10160,CD,1,D1_pwm150_grab4
12028,506,396,11974,CD,1,D1_pwm150_grab4
12032,914,-758,9194,CD,1,D1_pwm150_grab4
12037,684,-1238,10070,CD,1,D1_pwm150_grab4
12043,-334,284,9172,CD,1,D1_pwm150_grab4
12053,-508,-1828,9736,CD,1,D1_pwm150_grab4
12058,-954,-652,10488,CD,1,D1_pwm150_grab4
12067,60,60,11404,CD,1,D1_pwm150_grab4
12072,-216,-376,10110,CD,1,D1_pwm150_grab4
12077,-222,-2356,9652,CD,1,D1_pwm150_grab4
12082,1850,152,8766,CD,1,D1_pwm150_grab4
12087,264,746,9622,CD,1,D1_pwm150_grab4
12092,1722,1426,11394,CD,1,D1_pwm150_grab4
12098,780,-754,9226,CD,1,D1_pwm150_grab4
12103,1240,514,10596,CD,1,D1_pwm150_grab4
12107,954,-854,8950,CD,1,D1_pwm150_grab4
12119,-474,-1868,9850,CD,1,D1_pwm150_grab4
12123,-802,-758,10390,CD,1,D1_pwm150_grab4
12134,-90,208,11654,CD,1,D1_pwm150_grab4
12139,-148,-526,10154,CD,1,D1_pwm150_grab4
12144,-306,-2256,9750,CD,1,D1_pwm150_grab4
12148,2126,84,8592,CD,1,D1_pwm150_grab4
12154,256,804,9824,CD,1,D1_pwm150_grab4
12158,492,188,11694,CD,1,D1_pwm150_grab4
12164,1052,-974,9258,CD,1,D1_pwm150_grab4
12168,1074,490,10540,CD,1,D1_pwm150_grab4
12173,968,-740,9086,CD,1,D1_pwm150_grab4
12184,1080,-176,9908,CD,1,D1_pwm150_grab4
12188,428,14,10256,CD,1,D1_pwm150_grab4
12194,920,-2330,10130,CD,1,D1_pwm150_grab4
12198,-146,208,11882,CD,1,D1_pwm150_grab4
12203,286,-972,10096,CD,1,D1_pwm150_grab4
12208,-524,-732,9932,CD,1,D1_pwm150_grab4
12213,414,-1038,8948,CD,1,D1_pwm150_grab4
12218,-652,-886,9680,CD,1,D1_pwm150_grab4
12224,-96,286,10976,CD,1,D1_pwm150_grab4
12233,1146,1728,11350,CD,1,D1_pwm150_grab4
12238,986,-870,8846,CD,1,D1_pwm150_grab4
12248,2192,1632,10504,CD,1,D1_pwm150_grab4
12253,966,934,10368,CD,1,D1_pwm150_grab4
12258,510,120,11970,CD,1,D1_pwm150_grab4
12269,724,-1282,9972,CD,1,D1_pwm150_grab4
12273,-424,390,9468,CD,1,D1_pwm150_grab4
12278,672,-976,8728,CD,1,D1_pwm150_grab4
12284,-650,-990,9786,CD,1,D1_pwm150_grab4
12289,-916,-592,10442,CD,1,D1_pwm150_grab4
12298,218,470,11526,CD,1,D1_pwm150_grab4
12304,-182,-392,10196,CD,1,D1_pwm150_grab4
12308,-206,-2428,9662,CD,1,D1_pwm150_grab4
12313,1932,130,8710,CD,1,D1_pwm150_grab4
12318,286,772,9678,CD,1,D1_pwm150_grab4
12323,444,26,11536,CD,1,D1_pwm150_grab4
12328,-2770,-3216,8752,CD,1,D1_pwm150_grab4
12334,1072,372,10394,CD,1,D1_pwm150_grab4
12338,916,-852,8864,CD,1,D1_pwm150_grab4
12348,1120,104,9954,CD,1,D1_pwm150_grab4
12354,322,-182,10268,CD,1,D1_pwm150_grab4
12358,868,-2196,9970,CD,1,D1_pwm150_grab4
12364,-90,338,11846,CD,1,D1_pwm150_grab4
12368,-112,-520,10216,CD,1,D1_pwm150_grab4
12375,-370,-2370,9908,CD,1,D1_pwm150_grab4
12379,2094,-116,8280,CD,1,D1_pwm150_grab4
12385,280,794,9836,CD,1,D1_pwm150_grab4
12389,1932,1578,11628,CD,1,D1_pwm150_grab4
12394,792,-748,9368,CD,1,D1_pwm150_grab4
12399,1116,408,10502,CD,1,D1_pwm150_grab4
12404,-400,290,9462,CD,1,D1_pwm150_grab4
12414,-518,-1850,9892,CD,1,D1_pwm150_grab4
12419,430,-2,10310,CD,1,D1_pwm150_grab4
12425,950,-2406,9832,CD,1,D1_pwm150_grab4
12429,-2144,-2222,10262,CD,1,D1_pwm150_grab4
12434,248,-1012,10076,CD,1,D1_pwm150_grab4
12439,-542,-376,10174,CD,1,D1_pwm150_grab4
12445,1756,-32,8510,CD,1,D1_pwm150_grab4
12450,330,820,9844,CD,1,D1_pwm150_grab4
12454,1782,1678,11432,CD,1,D1_pwm150_grab4
12464,1092,1742,11338,CD,1,D1_pwm150_grab4
12469,1038,-872,9724,CD,1,D1_pwm150_grab4
12475,-1362,8,10862,CD,1,D1_pwm150_grab4
12480,2178,1478,10334,CD,1,D1_pwm150_grab4
12485,300,-122,10136,CD,1,D1_pwm150_grab4
12489,1048,-2616,9816,CD,1,D1_pwm150_grab4
12494,-2100,-2164,10580,CD,1,D1_pwm150_grab4
12499,148,-912,10076,CD,1,D1_pwm150_grab4
12505,-490,296,9592,CD,1,D1_pwm150_grab4
12514,-688,-1892,9848,CD,1,D1_pwm150_grab4
12519,-846,-714,10452,CD,1,D1_pwm150_grab4
12529,976,1610,11578,CD,1,D1_pwm150_grab4
12534,1166,-1030,9636,CD,1,D1_pwm150_grab4
12539,-1686,228,10986,CD,1,D1_pwm150_grab4
12544,1930,172,8836,CD,1,D1_pwm150_grab4
12550,350,832,9756,CD,1,D1_pwm150_grab4
12554,1726,1582,11692,CD,1,D1_pwm150_grab4
12560,500,-1216,9332,CD,1,D1_pwm150_grab4
12565,748,-1214,9964,CD,1,D1_pwm150_grab4
12569,-498,464,9574,CD,1,D1_pwm150_grab4
12579,-710,-2116,9794,CD,1,D1_pwm150_grab4
12585,-844,-750,10400,CD,1,D1_pwm150_grab4
12589,1220,-2618,9592,CD,1,D1_pwm150_grab4
12594,-1926,-1934,10236,CD,1,D1_pwm150_grab4
12599,124,-812,10102,CD,1,D1_pwm150_grab4
12605,-480,-2450,9648,CD,1,D1_pwm150_grab4
12609,1782,158,8654,CD,1,D1_pwm150_grab4
12615,310,824,9946,CD,1,D1_pwm150_grab4
12619,1870,1606,11598,CD,1,D1_pwm150_grab4
12624,428,-1524,9148,CD,1,D1_pwm150_grab4
12631,1014,140,10514,CD,1,D1_pwm150_grab4
12635,920,-716,8918,CD,1,D1_pwm150_grab4
12645,-712,-2074,9684,CD,1,D1_pwm150_grab4
12651,-972,-768,10428,CD,1,D1_pwm150_grab4
12661,196,702,11872,CD,1,D1_pwm150_grab4
12666,-118,-450,10280,CD,2,D1_pwm150_grab4
12670,-356,-2438,9474,CD,2,D1_pwm150_grab4
12676,1342,-1194,8554,CD,2,D1_pwm150_grab4
12681,-572,-782,9590,CD,2,D1_pwm150_grab4
12686,1516,1646,11384,CD,2,D1_pwm150_grab4
12691,-60,-1474,9278,CD,2,D1_pwm150_grab4
12696,984,-18,10622,CD,2,D1_pwm150_grab4
12701,754,-878,8722,CD,2,D1_pwm150_grab4
12710,668,-224,10048,CD,2,D1_pwm150_grab4
12716,1036,822,10420,CD,2,D1_pwm150_grab4
12720,408,-404,11570,CD,2,D1_pwm150_grab4
12725,-1800,-2090,10434,CD,2,D1_pwm150_grab4
12730,38,-690,10156,CD,2,D1_pwm150_grab4
12736,-416,-432,10558,CD,2,D1_pwm150_grab4
12740,1136,-1086,8464,CD,2,D1_pwm150_grab4
12745,-510,-770,9458,CD,2,D1_pwm150_grab4
12751,410,582,11270,CD,2,D1_pwm150_grab4
12760,262,972,11666,CD,2,D1_pwm150_grab4
12766,1242,-1132,9456,CD,2,D1_pwm150_grab4
12771,-1942,-36,11128,CD,2,D1_pwm150_grab4
12776,1796,1366,10534,CD,2,D1_pwm150_grab4
12781,956,1084,10692,CD,2,D1_pwm150_grab4
12785,382,-626,11312,CD,2,D1_pwm150_grab4
12796,704,-1402,9848,CD,2,D1_pwm150_grab4
12800,684,-720,8834,CD,2,D1_pwm150_grab4
12806,-1458,998,12018,CD,2,D1_pwm150_grab4
12810,-780,-2008,9894,CD,2,D1_pwm150_grab4
12816,-746,-914,10300,CD,2,D1_pwm150_grab4
12825,184,868,11888,CD,2,D1_pwm150_grab4
12831,12,-536,10196,CD,2,D1_pwm150_grab4
12835,-518,-2194,9718,CD,2,D1_pwm150_grab4
12840,1708,170,8812,CD,2,D1_pwm150_grab4
12846,356,938,9982,CD,2,D1_pwm150_grab4
12850,1624,1736,11536,CD,2,D1_pwm150_grab4
12855,-226,-1910,9030,CD,2,D1_pwm150_grab4
12861,1036,-226,10512,CD,2,D1_pwm150_grab4
12865,720,-686,8806,CD,2,D1_pwm150_grab4
12875,562,-482,10244,CD,2,D1_pwm150_grab4
12880,56,-342,10286,CD,2,D1_pwm150_grab4
12891,544,1036,11692,CD,2,D1_pwm150_grab4
12896,66,-420,10234,CD,2,D1_pwm150_grab4
12901,-420,-2152,9600,CD,2,D1_pwm150_grab4
12906,1770,440,9432,CD,2,D1_pwm150_grab4
12912,512,962,9772,CD,2,D1_pwm150_grab4
12917,1164,1690,11564,CD,2,D1_pwm150_grab4
12921,-828,-2126,8932,CD,2,D1_pwm150_grab4
12928,664,-1418,9882,CD,2,D1_pwm150_grab4
12931,518,-640,8648,CD,2,D1_pwm150_grab4
12942,350,-650,10062,CD,2,D1_pwm150_grab4
12946,-260,-444,10126,CD,2,D1_pwm150_grab4
12952,2720,-2572,8640,CD,2,D1_pwm150_grab4
12956,-1242,-1264,11110,CD,2,D1_pwm150_grab4
12962,-134,-556,10016,CD,2,D1_pwm150_grab4
12967,-384,-2042,9698,CD,2,D1_pwm150_grab4
12971,1684,-986,8292,CD,2,D1_pwm150_grab4
12976,-322,-410,9378,CD,2,D1_pwm150_grab4
12982,784,954,11298,CD,2,D1_pwm150_grab4
12986,3126,722,9484,CD,2,D1_pwm150_grab4
12991,1138,1424,11104,CD,2,D1_pwm150_grab4
12997,1338,-1164,9266,CD,2,D1_pwm150_grab4
13002,-2572,1122,11932,CD,2,D1_pwm150_grab4
13006,1688,1184,10320,CD,2,D1_pwm150_grab4
13011,-372,-582,10340,CD,2,D1_pwm150_grab4
13017,382,-1362,10934,CD,2,D1_pwm150_grab4
13022,-2860,-3470,8912,CD,2,D1_pwm150_grab4
13026,554,-1258,10100,CD,2,D1_pwm150_grab4
13031,-578,370,9936,CD,2,D1_pwm150_grab4
13036,-490,-38,10492,CD,2,D1_pwm150_grab4
13041,-944,-1900,9894,CD,2,D1_pwm150_grab4
13047,-756,-726,10420,CD,2,D1_pwm150_grab4
13051,2906,652,9682,CD,2,D1_pwm150_grab4
13062,410,-788,10062,CD,2,D1_pwm150_grab4
13067,-840,-1952,9856,CD,2,D1_pwm150_grab4
13071,1606,946,9896,CD,2,D1_pwm150_grab4
13077,798,1304,10094,CD,2,D1_pwm150_grab4
13081,962,1468,11424,CD,2,D1_pwm150_grab4
13086,-1706,-2660,8764,CD,2,D1_pwm150_grab4
13092,366,-1216,10046,CD,2,D1_pwm150_grab4
13097,-590,292,9754,CD,2,D1_pwm150_grab4
13106,32,-1348,9984,CD,2,D1_pwm150_grab4
13111,-660,-844,10214,CD,2,D1_pwm150_grab4
13121,-890,-796,11560,CD,2,D1_pwm150_grab4
13127,-200,-630,10066,CD,2,D1_pwm150_grab4
13131,-700,-1912,9996,CD,2,D1_pwm150_grab4
13136,1670,908,10006,CD,2,D1_pwm150_grab4
13143,734,1332,9938,CD,2,D1_pwm150_grab4
13147,824,1236,11692,CD,2,D1_pwm150_grab4
13152,-1904,-2228,9188,CD,2,D1_pwm150_grab4
13157,980,-862,10348,CD,2,D1_pwm150_grab4
13162,68,-290,8724,CD,2,D1_pwm150_grab4
13172,-870,-1692,9828,CD,2,D1_pwm150_grab4
13178,-534,-416,10546,CD,2,D1_pwm150_grab4
13188,-790,-980,10970,CD,2,D1_pwm150_grab4
13192,-350,-472,10110,CD,2,D1_pwm150_grab4
13197,-120,-1250,10270,CD,2,D1_pwm150_grab4
13202,1822,-830,8136,CD,2,D1_pwm150_grab4
13208,-160,-30,9488,CD,2,D1_pwm150_grab4
13212,1032,1164,11858,CD,2,D1_pwm150_grab4
13217,-1706,-1994,9164,CD,2,D1_pwm150_grab4
13222,1010,-840,10174,CD,2,D1_pwm150_grab4
13227,1318,-1110,9052,CD,2,D1_pwm150_grab4
13232,-2662,1220,12022,CD,2,D1_pwm150_grab4
13237,1568,1030,10210,CD,2,D1_pwm150_grab4
13242,716,662,10392,CD,2,D1_pwm150_grab4
13247,602,-1596,10722,CD,2,D1_pwm150_grab4
13253,-706,-754,11008,CD,2,D1_pwm150_grab4
13257,-222,-530,10084,CD,2,D1_pwm150_grab4
13263,-218,-1306,10172,CD,2,D1_pwm150_grab4
13268,1926,-792,8300,CD,2,D1_pwm150_grab4
13272,-764,-1658,9878,CD,2,D1_pwm150_grab4
13277,-666,-590,10308,CD,2,D1_pwm150_grab4
13288,716,1414,11876,CD,2,D1_pwm150_grab4
13293,1190,-984,9100,CD,2,D1_pwm150_grab4
13297,-2372,1530,12068,CD,2,D1_pwm150_grab4
13303,1632,1170,10082,CD,2,D1_pwm150_grab4
13307,748,550,10620,CD,2,D1_pwm150_grab4
13312,864,1148,11618,CD,2,D1_pwm150_grab4
13317,-1796,-2648,8644,CD,2,D1_pwm150_grab4
13323,998,-778,10290,CD,2,D1_pwm150_grab4
13327,92,-162,8898,CD,2,D1_pwm150_grab4
13333,-70,-304,9974,CD,2,D1_pwm150_grab4
13337,-844,-1662,9730,CD,2,D1_pwm150_grab4
13342,-620,-388,10408,CD,2,D1_pwm150_grab4
13352,1034,1552,11426,CD,2,D1_pwm150_grab4
13358,-274,-612,10116,CD,2,D1_pwm150_grab4
13362,-264,-1602,10220,CD,2,D1_pwm150_grab4
13368,1762,-752,7972,CD,2,D1_pwm150_grab4
13373,716,1332,10018,CD,2,D1_pwm150_grab4
13378,724,920,11870,CD,2,D1_pwm150_grab4
13382,-2082,-2816,8562,CD,2,D1_pwm150_grab4
13388,846,-914,10258,CD,2,D1_pwm150_grab4
13392,-84,-90,8890,CD,2,D1_pwm150_grab4
13404,-196,-1328,9902,CD,2,D1_pwm150_grab4
13409,-814,-862,10398,CD,2,D1_pwm150_grab4
13418,920,1680,11674,CD,2,D1_pwm150_grab4
13423,658,-764,10100,CD,2,D1_pwm150_grab4
13429,-928,-1252,10144,CD,2,D1_pwm150_grab4
13434,1974,1016,10044,CD,2,D1_pwm150_grab4
13440,748,1264,10194,CD,2,D1_pwm150_grab4
13443,1492,1620,11346,CD,2,D1_pwm150_grab4
13449,1672,-20,9626,CD,2,D1_pwm150_grab4
13454,874,-1032,10170,CD,2,D1_pwm150_grab4
13458,-192,96,9150,CD,2,D1_pwm150_grab4
13468,-240,-1522,10022,CD,2,D1_pwm150_grab4
13473,-738,-940,10298,CD,2,D1_pwm150_grab4
13483,-2496,-2788,9478,CD,2,D1_pwm150_grab4
13488,338,-1020,10104,CD,2,D1_pwm150_grab4
13494,-258,-2018,9978,CD,2,D1_pwm150_grab4
13503,30,482,9574,CD,2,D1_pwm150_grab4
13508,1534,1782,11666,CD,2,D1_pwm150_grab4
13514,1756,-66,9744,CD,2,D1_pwm150_grab4
13518,1094,756,10556,CD,2,D1_pwm150_grab4
13523,1048,-926,9026,CD,2,D1_pwm150_grab4
13529,-1076,-1290,10248,CD,2,D1_pwm150_grab4
13533,1754,1278,10476,CD,2,D1_pwm150_grab4
13538,624,262,10570,CD,2,D1_pwm150_grab4
13543,846,-2512,10218,CD,2,D1_pwm150_grab4
13548,-2416,-2634,9568,CD,2,D1_pwm150_grab4
13554,278,-1156,9986,CD,2,D1_pwm150_grab4
13558,-660,134,10132,CD,2,D1_pwm150_grab4
13564,302,-814,9360,CD,2,D1_pwm150_grab4
13568,-320,-1696,9906,CD,2,D1_pwm150_grab4
13573,-930,-1040,10242,CD,2,D1_pwm150_grab4
13583,1138,1722,11336,CD,2,D1_pwm150_grab4
13588,812,-774,9862,CD,2,D1_pwm150_grab4
13593,-980,-1234,10278,CD,2,D1_pwm150_grab4
13599,2030,1362,10226,CD,2,D1_pwm150_grab4
13603,850,1352,10334,CD,2,D1_pwm150_grab4
13614,1272,-474,9590,CD,2,D1_pwm150_grab4
13618,714,-1210,10028,CD,2,D1_pwm150_grab4
13623,-346,152,9098,CD,2,D1_pwm150_grab4
13633,-350,-1586,9910,CD,2,D1_pwm150_grab4
13639,-872,-874,10428,CD,2,D1_pwm150_grab4
13649,-32,62,11534,CD,2,D1_pwm150_grab4
13655,-238,-452,10086,CD,2,D1_pwm150_grab4
13659,-1176,-1010,10270,CD,2,D1_pwm150_grab4
13665,1884,1190,10290,CD,2,D1_pwm150_grab4
13670,864,1218,10450,CD,2,D1_pwm150_grab4
13680,-2502,-3180,8496,CD,2,D1_pwm150_grab4
13685,880,-1158,10034,CD,2,D1_pwm150_grab4
13690,-224,264,9302,CD,2,D1_pwm150_grab4
13700,-346,-1656,10052,CD,2,D1_pwm150_grab4
13704,-756,-946,10286,CD,2,D1_pwm150_grab4
13715,-272,138,11744,CD,2,D1_pwm150_grab4
13719,-194,-682,10108,CD,2,D1_pwm150_grab4
13724,-242,-2154,9992,CD,2,D1_pwm150_grab4
13729,2132,-736,8000,CD,2,D1_pwm150_grab4
13735,138,608,9668,CD,2,D1_pwm150_grab4
13739,1764,1816,11680,CD,2,D1_pwm150_grab4
13744,1404,-160,9714,CD,2,D1_pwm150_grab4
13749,1074,592,10500,CD,2,D1_pwm150_grab4
13755,1060,-870,9018,CD,2,D1_pwm150_grab4
13764,1294,600,10370,CD,2,D1_pwm150_grab4
13770,566,178,10512,CD,2,D1_pwm150_grab4
13774,900,-2708,9974,CD,2,D1_pwm150_grab4
13780,-280,-2,11764,CD,2,D1_pwm150_grab4
13784,294,-1040,10074,CD,2,D1_pwm150_grab4
13790,-670,72,10172,CD,2,D1_pwm150_grab4
13794,538,-864,9084,CD,2,D1_pwm150_grab4
13799,-810,-1536,9532,CD,2,D1_pwm150_grab4
13804,-268,6,10834,CD,2,D1_pwm150_grab4
13814,1114,1844,11312,CD,2,D1_pwm150_grab4
13819,1094,-998,8812,CD,2,D1_pwm150_grab4
13824,-1150,-1086,10548,CD,2,D1_pwm150_grab4
13829,1918,1350,10380,CD,2,D1_pwm150_grab4
13834,942,1374,10450,CD,2,D1_pwm150_grab4
13839,692,264,12038,CD,2,D1_pwm150_grab4
13845,-2554,-3114,8484,CD,2,D1_pwm150_grab4
13849,798,-1298,9828,CD,2,D1_pwm150_grab4
13854,-422,194,9334,CD,2,D1_pwm150_grab4
13859,814,-814,8956,CD,2,D1_pwm150_grab4
13864,-692,-1462,9644,CD,2,D1_pwm150_grab4
13869,-798,-766,10414,CD,2,D1_pwm150_grab4
13879,102,306,11482,CD,2,D1_pwm150_grab4
13885,-244,-434,10208,CD,2,D1_pwm150_grab4
13889,-256,-2096,9780,CD,2,D1_pwm150_grab4
13895,1872,-554,8288,CD,2,D1_pwm150_grab4
13899,904,1130,10652,CD,2,D1_pwm150_grab4
13904,528,214,11660,CD,2,D1_pwm150_grab4
13911,-2660,-3374,8588,CD,2,D1_pwm150_grab4
13915,802,-1278,9950,CD,2,D1_pwm150_grab4
13921,-340,362,9444,CD,2,D1_pwm150_grab4
13931,-532,-1776,9992,CD,2,D1_pwm150_grab4
13935,-806,-958,10238,CD,2,D1_pwm150_grab4
13941,4614,1036,8212,CD,2,D1_pwm150_grab4
13945,1178,1578,11678,CD,2,D1_pwm150_grab4
13950,966,-920,9652,CD,2,D1_pwm150_grab4
13955,-440,-2272,9946,CD,2,D1_pwm150_grab4
13961,1912,-644,8048,CD,2,D1_pwm150_grab4
13965,252,614,9726,CD,2,D1_pwm150_grab4
13971,1806,1726,11702,CD,2,D1_pwm150_grab4
13976,574,-590,9640,CD,2,D1_pwm150_grab4
13980,714,-1336,10016,CD,2,D1_pwm150_grab4
13985,-360,234,9498,CD,2,D1_pwm150_grab4
13996,1016,446,10484,CD,2,D1_pwm150_grab4
14001,404,24,10428,CD,2,D1_pwm150_grab4
14006,1240,-2618,9680,CD,2,D1_pwm150_grab4
14010,-2050,-2374,10144,CD,2,D1_pwm150_grab4
14015,190,-964,10114,CD,2,D1_pwm150_grab4
14020,-448,-2064,9954,CD,2,D1_pwm150_grab4
14025,1810,-494,8230,CD,2,D1_pwm150_grab4
14030,366,682,9606,CD,2,D1_pwm150_grab4
14035,1670,1906,11428,CD,2,D1_pwm150_grab4
14045,1170,1866,11354,CD,2,D1_pwm150_grab4
14051,1150,-942,9594,CD,2,D1_pwm150_grab4
14056,-1566,-586,10928,CD,2,D1_pwm150_grab4
14061,784,184,10406,CD,2,D1_pwm150_grab4
14065,148,10,10372,CD,2,D1_pwm150_grab4
14071,1582,-2864,9436,CD,2,D1_pwm150_grab4
14075,-1884,-2280,10672,CD,2,D1_pwm150_grab4
14081,742,-1484,9780,CD,2,D1_pwm150_grab4
14085,-572,302,9568,CD,2,D1_pwm150_grab4
14091,-1436,1432,12170,CD,2,D1_pwm150_grab4
14096,-726,-1658,10074,CD,2,D1_pwm150_grab4
14100,432,378,11224,CD,2,D1_pwm150_grab4
14106,3988,1000,8938,CD,2,D1_pwm150_grab4
14110,1064,1750,11488,CD,2,D1_pwm150_grab4
14115,1322,-1076,9492,CD,2,D1_pwm150_grab4
14120,-2000,-116,11220,CD,2,D1_pwm150_grab4
14126,1928,-158,8666,CD,2,D1_pwm150_grab4
14131,438,698,9560,CD,2,D1_pwm150_grab4
14135,1422,1712,11690,CD,2,D1_pwm150_grab4
14140,-416,-1066,9734,CD,2,D1_pwm150_grab4
14146,688,-1422,9946,CD,2,D1_pwm150_grab4
14150,-602,406,9658,CD,2,D1_pwm150_grab4
14155,-1242,1042,11940,CD,2,D1_pwm150_grab4
14160,-852,-1796,9950,CD,2,D1_pwm150_grab4
14166,-762,-750,10352,CD,2,D1_pwm150_grab4
14176,282,1020,11990,CD,2,D1_pwm150_grab4
14181,1222,-1008,9364,CD,2,D1_pwm150_grab4
14186,-1962,204,11288,CD,2,D1_pwm150_grab4
14191,1850,1356,10504,CD,2,D1_pwm150_grab4
14197,910,1034,10482,CD,2,D1_pwm150_grab4
14202,316,-486,11290,CD,2,D1_pwm150_grab4
14208,-2828,-3354,8904,CD,2,D1_pwm150_grab4
14211,1120,-270,10338,CD,2,D1_pwm150_grab4
14216,668,-642,8856,CD,2,D1_pwm150_grab4
14227,-774,-1836,9814,CD,2,D1_pwm150_grab4
14231,-848,-896,10192,CD,2,D1_pwm150_grab4
14241,350,1068,11816,CD,2,D1_pwm150_grab4
14246,104,-466,10158,CD,2,D1_pwm150_grab4
14251,-508,-390,10562,CD,2,D1_pwm150_grab4
14256,2072,-1044,8468,CD,2,D1_pwm150_grab4
14261,-498,-702,9428,CD,2,D1_pwm150_grab4
14266,1232,1712,11570,CD,2,D1_pwm150_grab4
14271,-728,-1376,9358,CD,2,D1_pwm150_grab4
14277,1016,-352,10452,CD,2,D1_pwm150_grab4
14282,638,-810,8634,CD,2,D1_pwm150_grab4
14292,420,-176,10234,CD,2,D1_pwm150_grab4
14296,954,938,10576,CD,2,D1_pwm150_grab4
14301,436,-782,11260,CD,2,D1_pwm150_grab4
14306,-1466,-1874,10746,CD,2,D1_pwm150_grab4
14311,-90,-668,10126,CD,2,D1_pwm150_grab4
14317,-370,-528,10618,CD,2,D1_pwm150_grab4
14321,1676,-936,8432,CD,2,D1_pwm150_grab4
14326,-388,-598,9422,CD,2,D1_pwm150_grab4
14332,686,786,11252,CD,2,D1_pwm150_grab4
14342,442,1080,11510,CD,2,D1_pwm150_grab4
14346,1256,-1060,9354,CD,2,D1_pwm150_grab4
14352,-2316,294,11404,CD,2,D1_pwm150_grab4
14357,1620,1148,10326,CD,2,D1_pwm150_grab4
14362,886,1076,10752,CD,2,D1_pwm150_grab4
14366,366,-762,11122,CD,2,D1_pwm150_grab4
14372,-2848,-3208,9270,CD,2,D1_pwm150_grab4
14376,594,-1350,9922,CD,2,D1_pwm150_grab4
14382,476,-568,8778,CD,2,D1_pwm150_grab4
14386,-754,766,11292,CD,2,D1_pwm150_grab4
14392,-832,-1846,9956,CD,2,D1_pwm150_grab4
14396,-684,-884,10256,CD,2,D1_pwm150_grab4
14406,358,1102,11812,CD,2,D1_pwm150_grab4
14412,188,-634,10084,CD,2,D1_pwm150_grab4
14416,-656,-2046,10000,CD,2,D1_pwm150_grab4
14423,1620,200,9150,CD,2,D1_pwm150_grab4
14427,736,1038,10578,CD,2,D1_pwm150_grab4
14432,456,-1138,10980,CD,2,D1_pwm150_grab4
14437,-2816,-3060,9060,CD,2,D1_pwm150_grab4
14443,434,-1386,9914,CD,2,D1_pwm150_grab4
14447,-566,320,9768,CD,2,D1_pwm150_grab4
14452,-410,632,10848,CD,2,D1_pwm150_grab4
14458,-822,-1720,9866,CD,2,D1_pwm150_grab4
14464,-744,-808,10208,CD,2,D1_pwm150_grab4
14472,732,1256,11606,CD,2,D1_pwm150_grab4
14478,332,-604,10074,CD,2,D1_pwm150_grab4
14482,-638,-1888,10038,CD,2,D1_pwm150_grab4
14488,1608,394,9654,CD,2,D1_pwm150_grab4
14493,638,1274,9998,CD,2,D1_pwm150_grab4
14497,968,1476,11642,CD,2,D1_pwm150_grab4
14502,-1648,-2198,8940,CD,2,D1_pwm150_grab4
14508,1030,-686,10416,CD,2,D1_pwm150_grab4
14512,202,-438,8712,CD,2,D1_pwm150_grab4
14523,76,-1008,10080,CD,2,D1_pwm150_grab4
14527,-662,-788,10204,CD,2,D1_pwm150_grab4
14532,3416,-2344,8056,CD,2,D1_pwm150_grab4
14538,-812,-962,11264,CD,2,D1_pwm150_grab4
14542,-270,-654,9988,CD,2,D1_pwm150_grab4
14547,-640,-1566,10080,CD,2,D1_pwm150_grab4
14552,1798,-734,8002,CD,2,D1_pwm150_grab4
14558,-112,-96,9380,CD,2,D1_pwm150_grab4
14562,1264,1258,11202,CD,2,D1_pwm150_grab4
14567,2426,300,9512,CD,2,D1_pwm150_grab4
14572,996,1154,11006,CD,2,D1_pwm150_grab4
14577,1314,-1060,9100,CD,2,D1_pwm150_grab4
14588,-10,-1162,9976,CD,2,D1_pwm150_grab4
14592,636,648,10576,CD,2,D1_pwm150_grab4
14597,466,-1700,10776,CD,2,D1_pwm150_grab4
14603,-2710,-3044,9320,CD,2,D1_pwm150_grab4
14607,480,-1248,10052,CD,2,D1_pwm150_grab4
14613,-564,194,10000,CD,2,D1_pwm150_grab4
14618,-40,-164,9898,CD,2,D1_pwm150_grab4
14622,-870,-1768,9880,CD,2,D1_pwm150_grab4
14627,1130,1262,11402,CD,2,D1_pwm150_grab4
14632,2202,300,9656,CD,2,D1_pwm150_grab4
14637,830,1436,11906,CD,2,D1_pwm150_grab4
14642,542,-866,9960,CD,2,D1_pwm150_grab4
14647,-1076,-1564,10026,CD,2,D1_pwm150_grab4
14652,1612,916,10104,CD,2,D1_pwm150_grab4
14657,794,1280,10228,CD,2,D1_pwm150_grab4
14662,722,1108,11558,CD,2,D1_pwm150_grab4
14667,-2640,-3020,9060,CD,2,D1_pwm150_grab4
14672,258,-1192,9986,CD,2,D1_pwm150_grab4
14678,-536,180,9886,CD,2,D1_pwm150_grab4
14683,114,-406,9612,CD,2,D1_pwm150_grab4
14688,-848,-1652,9716,CD,2,D1_pwm150_grab4
14694,-484,-230,10486,CD,2,D1_pwm150_grab4
14703,1178,1598,11690,CD,2,D1_pwm150_grab4
14708,1150,-966,9230,CD,2,D1_pwm150_grab4
14718,1328,706,10224,CD,2,D1_pwm150_grab4
14724,878,1306,10092,CD,2,D1_pwm150_grab4
14733,-2482,-2662,9018,CD,2,D1_pwm150_grab4
14739,792,-1064,10130,CD,2,D1_pwm150_grab4
14743,-204,46,8944,CD,2,D1_pwm150_grab4
14748,468,-558,9428,CD,2,D1_pwm150_grab4
14754,-866,-1570,9664,CD,2,D1_pwm150_grab4
14758,-272,-66,10726,CD,2,D1_pwm150_grab4
14769,-268,-126,11328,CD,2,D1_pwm150_grab4
14773,-218,-442,10118,CD,2,D1_pwm150_grab4
14778,-172,-1846,10130,CD,2,D1_pwm150_grab4
14783,1986,-628,7892,CD,2,D1_pwm150_grab4
14789,952,1240,10388,CD,2,D1_pwm150_grab4
14794,610,478,12072,CD,2,D1_pwm150_grab4
14803,776,-1296,9886,CD,2,D1_pwm150_grab4
14808,1120,-1082,8888,CD,2,D1_pwm150_grab4
14818,1024,370,10314,CD,2,D1_pwm150_grab4
14823,382,240,10394,CD,2,D1_pwm150_grab4
14828,720,-1952,10282,CD,2,D1_pwm150_grab4
14834,-72,-38,11068,CD,2,D1_pwm150_grab4
14838,-210,-404,10092,CD,2,D1_pwm150_grab4
14843,-182,-1876,9962,CD,2,D1_pwm150_grab4
14849,680,-736,8838,CD,2,D1_pwm150_grab4
14853,-660,-1154,9636,CD,2,D1_pwm150_grab4
14859,8,116,10816,CD,2,D1_pwm150_grab4
14869,992,1626,11678,CD,2,D1_pwm150_grab4
14873,890,-834,8854,CD,2,D1_pwm150_grab4
14879,-2846,2390,13040,CD,2,D1_pwm150_grab4
14884,1044,144,10188,CD,2,D1_pwm150_grab4
14889,270,16,10504,CD,2,D1_pwm150_grab4
14893,366,132,11666,CD,2,D1_pwm150_grab4
14898,-2740,-2842,9110,CD,2,D1_pwm150_grab4
14904,688,-1158,10002,CD,2,D1_pwm150_grab4
14908,-432,188,9338,CD,2,D1_pwm150_grab4
14913,704,-960,8564,CD,2,D1_pwm150_grab4
14919,-624,-930,9396,CD,2,D1_pwm150_grab4
14923,88,386,11142,CD,2,D1_pwm150_grab4
14934,1202,1692,11132,CD,2,D1_pwm150_grab4
14940,1126,-818,9536,CD,2,D1_pwm150_grab4
14944,-1508,234,11312,CD,2,D1_pwm150_grab4
14949,1968,1406,10434,CD,2,D1_pwm150_grab4
14954,138,-180,10416,CD,2,D1_pwm150_grab4
14960,1724,-2464,9558,CD,2,D1_pwm150_grab4
14964,-1748,-1962,10670,CD,2,D1_pwm150_grab4
14970,64,-1046,9990,CD,2,D1_pwm150_grab4
14974,-436,-716,10218,CD,2,D1_pwm150_grab4
14979,-1292,796,11792,CD,2,D1_pwm150_grab4
14985,-812,-1914,9818,CD,2,D1_pwm150_grab4
14989,-956,-820,10508,CD,2,D1_pwm150_grab4
14994,3764,366,8902,CD,2,D1_pwm150_grab4
14999,1222,1814,11258,CD,2,D1_pwm150_grab4
15005,1256,-952,9530,CD,2,D1_pwm150_grab4
15010,-2078,580,11518,CD,2,D1_pwm150_grab4
15014,1704,1132,10186,CD,2,D1_pwm150_grab4
15020,622,1004,9678,CD,2,D1_pwm150_grab4
15025,1090,1658,11370,CD,2,D1_pwm150_grab4
15030,-1376,-1664,9232,CD,2,D1_pwm150_grab4
15035,570,-1514,9906,CD,2,D1_pwm150_grab4
15039,-662,230,9576,CD,2,D1_pwm150_grab4
15044,-682,358,10978,CD,2,D1_pwm150_grab4
15049,-954,-1722,9948,CD,2,D1_pwm150_grab4
15054,-704,-608,10614,CD,2,D1_pwm150_grab4
15064,-1048,-1350,10892,CD,2,D1_pwm150_grab4
15069,-180,-640,9904,CD,2,D1_pwm150_grab4
15074,-504,-1600,10130,CD,2,D1_pwm150_grab4
15080,2076,778,9694,CD,2,D1_pwm150_grab4
15084,718,1148,9814,CD,2,D1_pwm150_grab4
15089,944,1364,11668,CD,2,D1_pwm150_grab4
15094,-1896,-1814,9360,CD,2,D1_pwm150_grab4
15099,910,-668,10478,CD,2,D1_pwm150_grab4
15104,1324,-1094,9246,CD,2,D1_pwm150_grab4
15109,-2732,1444,12318,CD,2,D1_pwm150_grab4
15114,68,-1196,9944,CD,2,D1_pwm150_grab4
15119,-624,-796,10420,CD,2,D1_pwm150_grab4
15124,3784,-2166,8320,CD,2,D1_pwm150_grab4
15129,-662,-902,10936,CD,2,D1_pwm150_grab4
15135,-250,-594,9866,CD,2,D1_pwm150_grab4
15139,-160,-1598,10182,CD,2,D1_pwm150_grab4
15145,2026,-630,8096,CD,2,D1_pwm150_grab4
15150,-850,-1714,9940,CD,2,D1_pwm150_grab4
15154,1136,1224,11426,CD,2,D1_pwm150_grab4
15159,2218,98,9290,CD,2,D1_pwm150_grab4
15164,1258,1246,10820,CD,2,D1_pwm150_grab4
15169,1184,-948,9184,CD,2,D1_pwm150_grab4
15174,-2410,1876,12358,CD,2,D1_pwm150_grab4
15179,1490,886,10022,CD,2,D1_pwm150_grab4
15185,566,546,10568,CD,2,D1_pwm150_grab4
15190,500,-1584,10798,CD,2,D1_pwm150_grab4
15196,-638,-696,11474,CD,2,D1_pwm150_grab4
15200,-234,-740,9962,CD,2,D1_pwm150_grab4
15205,-232,-1646,10248,CD,2,D1_pwm150_grab4
15211,2302,-610,7926,CD,2,D1_pwm150_grab4
15216,-56,238,9552,CD,2,D1_pwm150_grab4
15220,1506,1440,11466,CD,2,D1_pwm150_grab4
15225,2122,-160,9528,CD,2,D1_pwm150_grab4
15230,1110,1214,11018,CD,2,D1_pwm150_grab4
15235,1220,-958,9274,CD,2,D1_pwm150_grab4
15241,-2616,1956,12432,CD,2,D1_pwm150_grab4
15246,1366,654,10172,CD,2,D1_pwm150_grab4
15250,628,408,10578,CD,2,D1_pwm150_grab4
15256,498,-1890,10690,CD,2,D1_pwm150_grab4
15260,-2650,-2706,9544,CD,2,D1_pwm150_grab4
15265,532,-1256,9914,CD,2,D1_pwm150_grab4
15270,-702,-160,9802,CD,2,D1_pwm150_grab4
15276,56,-602,9686,CD,2,D1_pwm150_grab4
15281,-786,-1476,9804,CD,2,D1_pwm150_grab4
15285,-382,-170,10654,CD,2,D1_pwm150_grab4
15296,986,1558,11406,CD,2,D1_pwm150_grab4
15300,592,-846,9988,CD,2,D1_pwm150_grab4
15305,-894,-864,10428,CD,2,D1_pwm150_grab4
15310,2148,1198,10122,CD,2,D1_pwm150_grab4
15316,546,204,10468,CD,2,D1_pwm150_grab4
15321,774,836,11918,CD,2,D1_pwm150_grab4
15325,-2278,-2530,8954,CD,2,D1_pwm150_grab4
15330,830,-932,10268,CD,2,D1_pwm150_grab4
15336,-136,68,9030,CD,2,D1_pwm150_grab4
15346,-268,-1594,9884,CD,2,D1_pwm150_grab4
15351,-806,-838,10318,CD,2,D1_pwm150_grab4
15361,-338,-238,11238,CD,2,D1_pwm150_grab4
15365,-168,-500,9992,CD,2,D1_pwm150_grab4
15370,-210,-2074,9996,CD,2,D1_pwm150_grab4
15375,2032,-434,8162,CD,2,D1_pwm150_grab4
15380,98,382,9406,CD,2,D1_pwm150_grab4
15386,1616,1544,11518,CD,2,D1_pwm150_grab4
15390,1572,-120,9594,CD,2,D1_pwm150_grab4
15396,854,-1006,10206,CD,2,D1_pwm150_grab4
15401,-126,158,9014,CD,2,D1_pwm150_grab4
15410,1384,632,10040,CD,2,D1_pwm150_grab4
15415,494,312,10586,CD,2,D1_pwm150_grab4
15421,742,-2094,10506,CD,2,D1_pwm150_grab4
15426,-2410,-2608,9654,CD,2,D1_pwm150_grab4
15430,316,-1146,10024,CD,2,D1_pwm150_grab4
15435,-544,-74,9926,CD,2,D1_pwm150_grab4
15440,1986,-472,7922,CD,2,D1_pwm150_grab4
15446,138,432,9696,CD,2,D1_pwm150_grab4
15451,1830,1486,11426,CD,2,D1_pwm150_grab4
15456,1390,-402,9570,CD,2,D1_pwm150_grab4
15461,1092,856,10876,CD,2,D1_pwm150_grab4
15466,1174,-956,9138,CD,2,D1_pwm150_grab4
15476,-386,-1710,9834,CD,2,D1_pwm150_grab4
15481,-988,-714,10386,CD,2,D1_pwm150_grab4
15491,-2448,-2722,9708,CD,2,D1_pwm150_grab4
15496,438,-1198,9976,CD,2,D1_pwm150_grab4
15502,-648,-96,10112,CD,2,D1_pwm150_grab4
15506,444,-814,9272,CD,2,D1_pwm150_grab4
15512,-770,-1250,9706,CD,2,D1_pwm150_grab4
15516,-226,60,10820,CD,2,D1_pwm150_grab4
15521,1150,-192,9456,CD,2,D1_pwm150_grab4
15527,1096,754,10846,CD,2,D1_pwm150_grab4
15532,776,-820,9972,CD,2,D1_pwm150_grab4
15536,-1148,-900,10290,CD,2,D1_pwm150_grab4
15541,2056,1282,10258,CD,2,D1_pwm150_grab4
15546,900,1148,10262,CD,2,D1_pwm150_grab4
15556,-2478,-2640,8948,CD,2,D1_pwm150_grab4
15561,304,-1036,10128,CD,2,D1_pwm150_grab4
15567,-496,78,10354,CD,2,D1_pwm150_grab4
15572,422,-782,9242,CD,2,D1_pwm150_grab4
15577,-406,-1662,9974,CD,2,D1_pwm150_grab4
15582,-724,-696,10374,CD,2,D1_pwm150_grab4
15592,-272,-122,11266,CD,2,D1_pwm150_grab4
15596,-82,-492,9972,CD,2,D1_pwm150_grab4
15601,-1394,-1162,10254,CD,2,D1_pwm150_grab4
15607,1608,1178,10342,CD,2,D1_pwm150_grab4
15612,924,1164,10414,CD,2,D1_pwm150_grab4
15616,1682,1366,11578,CD,2,D1_pwm150_grab4
15621,1168,62,9550,CD,2,D1_pwm150_grab4
15627,1244,764,10600,CD,2,D1_pwm150_grab4
15632,1034,-966,9048,CD,2,D1_pwm150_grab4
15636,-2666,2186,12510,CD,2,D1_pwm150_grab4
15641,-386,-1646,9924,CD,2,D1_pwm150_grab4
15646,-806,-898,10268,CD,2,D1_pwm150_grab4
15656,-490,-408,11454,CD,2,D1_pwm150_grab4
15662,176,-1248,10084,CD,2,D1_pwm150_grab4
15667,-660,180,10160,CD,2,D1_pwm150_grab4
15671,396,-634,9548,CD,2,D1_pwm150_grab4
15676,-786,-1490,9584,CD,2,D1_pwm150_grab4
15682,1686,1376,11356,CD,2,D1_pwm150_grab4
15687,1178,-148,9340,CD,2,D1_pwm150_grab4
15691,1250,928,10954,CD,2,D1_pwm150_grab4
15697,1216,-1030,9046,CD,2,D1_pwm150_grab4
15708,1204,456,10390,CD,2,D1_pwm150_grab4
15712,630,138,10524,CD,2,D1_pwm150_grab4
15717,628,-1638,10400,CD,2,D1_pwm150_grab4
15723,-284,-566,11032,CD,2,D1_pwm150_grab4
15727,-280,-446,10130,CD,2,D1_pwm150_grab4
15733,-126,-1684,9966,CD,2,D1_pwm150_grab4
15737,1808,-460,8374,CD,2,D1_pwm150_grab4
15742,76,422,9622,CD,2,D1_pwm150_grab4
15748,-282,-112,10556,CD,2,D1_pwm150_grab4
15757,868,1596,11698,CD,2,D1_pwm150_grab4
15763,1174,-974,8926,CD,2,D1_pwm150_grab4
15772,1214,456,10032,CD,2,D1_pwm150_grab4
15778,542,302,10276,CD,2,D1_pwm150_grab4
15782,680,-1760,10548,CD,2,D1_pwm150_grab4
15788,-2422,-2188,9000,CD,2,D1_pwm150_grab4
15793,970,-1004,10140,CD,2,D1_pwm150_grab4
15797,-118,-18,9146,CD,2,D1_pwm150_grab4
15802,288,-622,9470,CD,2,D1_pwm150_grab4
15808,-656,-1276,9738,CD,2,D1_pwm150_grab4
15812,-330,-214,10494,CD,2,D1_pwm150_grab4
15822,888,1426,11722,CD,2,D1_pwm150_grab4
15827,698,-756,9940,CD,2,D1_pwm150_grab4
15832,-340,-1894,10020,CD,2,D1_pwm150_grab4
15837,2186,-464,8226,CD,2,D1_pwm150_grab4
15843,814,1284,10320,CD,2,D1_pwm150_grab4
15848,670,714,11748,CD,2,D1_pwm150_grab4
15852,-2342,-2598,8830,CD,2,D1_pwm150_grab4
15858,834,-912,10280,CD,2,D1_pwm150_grab4
15863,-150,26,9116,CD,2,D1_pwm150_grab4
15872,1236,420,10152,CD,2,D1_pwm150_grab4
15877,650,292,10440,CD,2,D1_pwm150_grab4
15887,-376,-384,11658,CD,2,D1_pwm150_grab4
15892,-210,-600,10040,CD,2,D1_pwm150_grab4
15897,-300,-1898,10012,CD,2,D1_pwm150_grab4
15902,1838,-308,8146,CD,2,D1_pwm150_grab4
15907,158,490,9724,CD,2,D1_pwm150_grab4
15913,1834,1480,11278,CD,2,D1_pwm150_grab4
15922,1070,802,11104,CD,2,D1_pwm150_grab4
15927,1084,-968,8916,CD,2,D1_pwm150_grab4
15937,1006,154,10178,CD,2,D1_pwm150_grab4
15943,506,198,10364,CD,2,D1_pwm150_grab4
15947,736,-2176,10328,CD,2,D1_pwm150_grab4
15953,-2270,-2456,10108,CD,2,D1_pwm150_grab4
15959,246,-1102,9922,CD,2,D1_pwm150_grab4
15963,-206,-2004,9762,CD,2,D1_pwm150_grab4
15968,1976,-192,8538,CD,2,D1_pwm150_grab4
15974,218,516,9570,CD,2,D1_pwm150_grab4
15978,1684,1480,11378,CD,2,D1_pwm150_grab4
15983,550,-662,9434,CD,2,D1_pwm150_grab4
15988,1168,564,10846,CD,2,D1_pwm150_grab4
15993,886,-934,8836,CD,2,D1_pwm150_grab4
16003,984,150,9980,CD,2,D1_pwm150_grab4
16008,318,146,10184,CD,2,D1_pwm150_grab4
16014,950,-2182,10192,CD,2,D1_pwm150_grab4
16018,-2014,-2308,9914,CD,2,D1_pwm150_grab4
16023,146,-982,10030,CD,2,D1_pwm150_grab4
16028,-392,-422,10120,CD,2,D1_pwm150_grab4
16034,746,-894,8842,CD,2,D1_pwm150_grab4
16039,-598,-1156,9508,CD,2,D1_pwm150_grab4
16044,-914,-918,10384,CD,2,D1_pwm150_grab4
16054,1188,1614,11534,CD,2,D1_pwm150_grab4
16059,1032,-952,9686,CD,2,D1_pwm150_grab4
16063,-1616,-104,11064,CD,2,D1_pwm150_grab4
16068,1930,1482,10586,CD,2,D1_pwm150_grab4
16073,886,1230,10464,CD,2,D1_pwm150_grab4
16079,422,142,11748,CD,2,D1_pwm150_grab4
16084,-1896,-2048,10176,CD,2,D1_pwm150_grab4
16088,676,-1294,10148,CD,2,D1_pwm150_grab4
16093,-414,258,9432,CD,2,D1_pwm150_grab4
16099,-1914,980,12478,CD,2,D1_pwm150_grab4
16104,-660,-2058,9856,CD,2,D1_pwm150_grab4
16108,-974,-846,10518,CD,2,D1_pwm150_grab4
16118,126,546,11724,CD,2,D1_pwm150_grab4
16124,36,-488,10174,CD,2,D1_pwm150_grab4
16128,-482,-2174,9806,CD,2,D1_pwm150_grab4
16134,1860,304,8766,CD,2,D1_pwm150_grab4
16138,564,854,9732,CD,2,D1_pwm150_grab4
16143,1526,1636,11152,CD,2,D1_pwm150_grab4
16149,-446,-1302,9404,CD,2,D1_pwm150_grab4
16154,948,116,10908,CD,2,D1_pwm150_grab4
16158,608,-780,8696,CD,2,D1_pwm150_grab4
16168,-766,-1938,9828,CD,2,D1_pwm150_grab4
16173,-88,-126,10200,CD,2,D1_pwm150_grab4
16179,2174,-2366,9610,CD,2,D1_pwm150_grab4
16184,-1658,-1874,10670,CD,2,D1_pwm150_grab4
16189,58,-832,9920,CD,2,D1_pwm150_grab4
16194,-360,-902,10468,CD,2,D1_pwm150_grab4
16199,1696,-1008,8320,CD,2,D1_pwm150_grab4
16204,-536,-570,9590,CD,2,D1_pwm150_grab4
16208,1202,1452,11384,CD,2,D1_pwm150_grab4
16214,-862,-1278,9550,CD,2,D1_pwm150_grab4
16220,1044,-184,10670,CD,2,D1_pwm150_grab4
16224,470,-648,8644,CD,2,D1_pwm150_grab4
16235,440,-530,9920,CD,2,D1_pwm150_grab4
16240,-232,-296,10302,CD,2,D1_pwm150_grab4
16244,2492,-2364,9290,CD,2,D1_pwm150_grab4
16250,382,1092,11808,CD,2,D1_pwm150_grab4
16254,12,-684,10064,CD,2,D1_pwm150_grab4
16259,-170,-1002,10176,CD,2,D1_pwm150_grab4
16264,1492,-1036,8220,CD,2,D1_pwm150_grab4
16269,-384,-450,9366,CD,2,D1_pwm150_grab4
16274,578,718,11290,CD,2,D1_pwm150_grab4
16280,3460,594,8564,CD,2,D1_pwm150_grab4
16285,1330,1502,11144,CD,2,D1_pwm150_grab4
16289,540,-516,8858,CD,2,D1_pwm150_grab4
16299,1842,1478,10534,CD,2,D1_pwm150_grab4
16304,910,864,10398,CD,2,D1_pwm150_grab4
16309,154,-346,11312,CD,2,D1_pwm150_grab4
16319,480,-1342,10126,CD,2,D1_pwm150_grab4
16324,-496,362,9620,CD,2,D1_pwm150_grab4
16329,1758,-1090,8216,CD,2,D1_pwm150_grab4
16334,-420,-386,9434,CD,2,D1_pwm150_grab4
16339,612,698,11518,CD,2,D1_pwm150_grab4
16350,368,1000,11790,CD,2,D1_pwm150_grab4
16354,154,-582,10086,CD,2,D1_pwm150_grab4
16359,-586,-2142,9850,CD,2,D1_pwm150_grab4
16364,1750,600,9392,CD,2,D1_pwm150_grab4
16369,974,676,10540,CD,2,D1_pwm150_grab4
16374,228,-530,11378,CD,2,D1_pwm150_grab4
16379,-2818,-3074,9018,CD,2,D1_pwm150_grab4
16384,1042,-394,10592,CD,2,D1_pwm150_grab4
16389,464,-626,8632,CD,2,D1_pwm150_grab4
16400,354,-754,9990,CD,2,D1_pwm150_grab4
16404,-324,-478,10192,CD,2,D1_pwm150_grab4
16415,592,1186,11410,CD,2,D1_pwm150_grab4
16420,172,-514,10048,CD,2,D1_pwm150_grab4
16424,-364,-2112,9938,CD,2,D1_pwm150_grab4
16429,1708,-1006,8040,CD,2,D1_pwm150_grab4
16435,-330,-274,9518,CD,2,D1_pwm150_grab4
16439,924,866,11318,CD,2,D1_pwm150_grab4
16445,3198,164,8682,CD,2,D1_pwm150_grab4
16450,1040,-424,10396,CD,2,D1_pwm150_grab4
16455,410,-508,8650,CD,2,D1_pwm150_grab4
16464,386,-784,9932,CD,2,D1_pwm150_grab4
16470,-276,-608,10396,CD,2,D1_pwm150_grab4
16475,2614,-1958,9012,CD,2,D1_pwm150_grab4
16480,-1140,-1722,10510,CD,2,D1_pwm150_grab4
16485,-228,-804,9938,CD,2,D1_pwm150_grab4
16491,-672,-1832,10086,CD,2,D1_pwm150_grab4
16495,1906,562,9242,CD,2,D1_pwm150_grab4
16500,572,1016,9968,CD,2,D1_pwm150_grab4
16506,1406,1390,11578,CD,2,D1_pwm150_grab4
16512,-930,-1172,9498,CD,2,D1_pwm150_grab4
16515,1210,1566,11064,CD,2,D1_pwm150_grab4
16520,1202,-930,9372,CD,2,D1_pwm150_grab4
16525,-1940,902,11632,CD,2,D1_pwm150_grab4
16531,450,-836,10148,CD,2,D1_pwm150_grab4
16535,-104,-500,10372,CD,2,D1_pwm150_grab4
16541,2430,-2138,9222,CD,2,D1_pwm150_grab4
16546,-1290,-1670,10730,CD,2,D1_pwm150_grab4
16550,-34,-922,9998,CD,2,D1_pwm150_grab4
16555,-486,122,9514,CD,2,D1_pwm150_grab4
16560,-832,352,11090,CD,2,D1_pwm150_grab4
16565,-828,-1758,9748,CD,2,D1_pwm150_grab4
16570,712,876,11440,CD,2,D1_pwm150_grab4
16575,3564,112,8936,CD,2,D1_pwm150_grab4
16581,1126,1652,11108,CD,2,D1_pwm150_grab4
16586,1212,-904,9518,CD,2,D1_pwm150_grab4
16591,-2070,862,11584,CD,2,D1_pwm150_grab4
16596,1696,1008,10134,CD,2,D1_pwm150_grab4
16600,600,1098,9810,CD,2,D1_pwm150_grab4
16606,1208,1540,11460,CD,2,D1_pwm150_grab4
16610,-2916,-2640,9198,CD,2,D1_pwm150_grab4
16615,648,-1514,9882,CD,2,D1_pwm150_grab4
16621,-636,110,9564,CD,2,D1_pwm150_grab4
16625,-800,164,11052,CD,2,D1_pwm150_grab4
16631,-798,-1752,9936,CD,2,D1_pwm150_grab4
16636,-728,-606,10580,CD,2,D1_pwm150_grab4
16640,2378,-2446,8942,CD,2,D1_pwm150_grab4
16646,-1268,-1624,10866,CD,2,D1_pwm150_grab4
16650,-104,-872,9938,CD,2,D1_pwm150_grab4
16656,-474,-1628,9922,CD,2,D1_pwm150_grab4
16660,1982,776,9466,CD,2,D1_pwm150_grab4
16666,558,952,9794,CD,2,D1_pwm150_grab4
16670,1312,1616,11704,CD,2,D1_pwm150_grab4
16675,-690,-1382,9520,CD,2,D1_pwm150_grab4
16680,972,-106,10642,CD,2,D1_pwm150_grab4
16685,1258,-920,9408,CD,2,D1_pwm150_grab4
16690,-2182,964,11766,CD,2,D1_pwm150_grab4
16696,490,-754,10000,CD,2,D1_pwm150_grab4
16700,-76,-268,10440,CD,2,D1_pwm150_grab4
16705,2346,-2556,9070,CD,2,D1_pwm150_grab4
16710,-1326,-1422,10692,CD,2,D1_pwm150_grab4
16715,-60,-888,9916,CD,2,D1_pwm150_grab4
16720,-378,-1198,10116,CD,2,D1_pwm150_grab4
16727,1438,-1004,8412,CD,2,D1_pwm150_grab4
16731,-414,-374,9334,CD,2,D1_pwm150_grab4
16737,1432,1510,11326,CD,2,D1_pwm150_grab4
16742,-828,-1556,9414,CD,2,D1_pwm150_grab4
16746,1066,-102,10672,CD,2,D1_pwm150_grab4
16752,598,-436,8848,CD,2,D1_pwm150_grab4
16762,422,-838,10116,CD,2,D1_pwm150_grab4
16766,-58,-288,10378,CD,2,D1_pwm150_grab4
16771,200,-360,11404,CD,2,D1_pwm150_grab4
16776,-1514,-1634,10880,CD,2,D1_pwm150_grab4
16781,-46,-856,9864,CD,2,D1_pwm150_grab4
16787,-376,-1130,10310,CD,2,D1_pwm150_grab4
16792,2060,-964,8312,CD,2,D1_pwm150_grab4
16796,-422,-346,9634,CD,2,D1_pwm150_grab4
16801,700,710,11402,CD,2,D1_pwm150_grab4
16806,3384,380,8804,CD,2,D1_pwm150_grab4
16812,598,1016,11528,CD,2,D1_pwm150_grab4
16816,1300,-1070,9546,CD,2,D1_pwm150_grab4
16821,-2204,854,11438,CD,2,D1_pwm150_grab4
16826,1642,1100,10270,CD,2,D1_pwm150_grab4
16831,968,648,10466,CD,2,D1_pwm150_grab4
16836,142,-356,11248,CD,2,D1_pwm150_grab4
16841,-2810,-2946,9124,CD,2,D1_pwm150_grab4
16847,604,-1476,9988,CD,2,D1_pwm150_grab4
16851,-642,326,9548,CD,2,D1_pwm150_grab4
16856,-760,366,11326,CD,2,D1_pwm150_grab4
16861,-844,-1718,9934,CD,2,D1_pwm150_grab4
16866,-756,-492,10640,CD,2,D1_pwm150_grab4
16876,400,954,11392,CD,2,D1_pwm150_grab4
16882,162,-626,10040,CD,2,D1_pwm150_grab4
16886,-452,-1670,10084,CD,2,D1_pwm150_grab4
16892,2178,712,9306,CD,2,D1_pwm150_grab4
16897,562,982,9892,CD,2,D1_pwm150_grab4
16901,1294,1264,11558,CD,2,D1_pwm150_grab4
16906,-1064,-996,9518,CD,2,D1_pwm150_grab4
16912,1166,-158,10520,CD,2,D1_pwm150_grab4
16916,448,-546,8932,CD,2,D1_pwm150_grab4
16926,358,-1004,10012,CD,2,D1_pwm150_grab4
16931,-78,-420,10284,CD,2,D1_pwm150_grab4
16941,-1170,-1602,10464,CD,2,D1_pwm150_grab4
16947,-38,-854,9940,CD,2,D1_pwm150_grab4
16952,-412,-1104,10148,CD,2,D1_pwm150_grab4
16957,1722,-636,8648,CD,2,D1_pwm150_grab4
16961,-338,-170,9572,CD,2,D1_pwm150_grab4
16967,562,756,11504,CD,2,D1_pwm150_grab4
16971,3454,-196,8546,CD,2,D1_pwm150_grab4
16976,1134,-166,10676,CD,2,D1_pwm150_grab4
16982,560,-586,8842,CD,2,D1_pwm150_grab4
16992,258,-1146,9978,CD,2,D1_pwm150_grab4
16998,-192,-472,10236,CD,2,D1_pwm150_grab4
17003,2714,-1760,9406,CD,2,D1_pwm150_grab4
17008,-1142,-1688,10954,CD,2,D1_pwm150_grab4
17012,-126,-870,9916,CD,2,D1_pwm150_grab4
17017,-484,-1646,9966,CD,2,D1_pwm150_grab4
17022,1880,904,9720,CD,2,D1_pwm150_grab4
17028,-358,-182,9722,CD,2,D1_pwm150_grab4
17033,928,824,11418,CD,2,D1_pwm150_grab4
17038,3024,-424,8684,CD,2,D1_pwm150_grab4
17042,1198,1736,11400,CD,2,D1_pwm150_grab4
17047,1404,-1002,9514,CD,2,D1_pwm150_grab4
17052,-2336,1076,11808,CD,2,D1_pwm150_grab4
17057,194,-1022,9862,CD,2,D1_pwm150_grab4
17062,-442,-494,10236,CD,2,D1_pwm150_grab4
17068,116,-618,10962,CD,2,D1_pwm150_grab4
17072,-2848,-2598,9584,CD,2,D1_pwm150_grab4
17077,684,-1520,9914,CD,2,D1_pwm150_grab4
17083,-700,-64,9494,CD,2,D1_pwm150_grab4
17087,-628,-122,10674,CD,2,D1_pwm150_grab4
17093,-792,-1532,10004,CD,2,D1_pwm150_grab4
17097,950,978,11262,CD,2,D1_pwm150_grab4
17102,2986,-212,8556,CD,2,D1_pwm150_grab4
17107,1100,1510,11266,CD,2,D1_pwm150_grab4
17113,258,-644,10140,CD,2,D1_pwm150_grab4
17117,-566,-1188,10266,CD,2,D1_pwm150_grab4
17123,2160,1116,9606,CD,2,D1_pwm150_grab4
17127,666,1004,9830,CD,2,D1_pwm150_grab4
17133,1212,1272,11482,CD,2,D1_pwm150_grab4
17138,-2760,-2542,9544,CD,2,D1_pwm150_grab4
17142,566,-1388,10088,CD,2,D1_pwm150_grab4
17148,-608,-230,9544,CD,2,D1_pwm150_grab4
17158,176,-1494,9950,CD,2,D1_pwm150_grab4
17162,-312,-438,10416,CD,2,D1_pwm150_grab4
17168,3012,-2164,8942,CD,2,D1_pwm150_grab4
17172,-1016,-1194,10962,CD,2,D1_pwm150_grab4
17178,266,-680,10040,CD,2,D1_pwm150_grab4
17182,-796,-1336,10036,CD,2,D1_pwm150_grab4
17187,1802,1166,9830,CD,2,D1_pwm150_grab4
17193,754,1026,9910,CD,2,D1_pwm150_grab4
17197,872,864,11466,CD,2,D1_pwm150_grab4
17203,2976,174,9060,CD,2,D1_pwm150_grab4
17207,1186,1384,10930,CD,2,D1_pwm150_grab4
17212,1156,-938,9444,CD,2,D1_pwm150_grab4
17222,86,-1468,9810,CD,2,D1_pwm150_grab4
17227,-402,-424,10218,CD,2,D1_pwm150_grab4
17232,3124,-2024,9156,CD,2,D1_pwm150_grab4
17238,-1112,-1388,11046,CD,2,D1_pwm150_grab4
17243,-118,-706,9864,CD,2,D1_pwm150_grab4
17249,-284,-1534,10294,CD,2,D1_pwm150_grab4
17254,1878,-684,8286,CD,2,D1_pwm150_grab4
17258,666,952,9776,CD,2,D1_pwm150_grab4
17264,846,946,11314,CD,2,D1_pwm150_grab4
17269,-1638,-1372,9468,CD,2,D1_pwm150_grab4
17274,1092,-390,10538,CD,2,D1_pwm150_grab4
17278,272,-386,8752,CD,2,D1_pwm150_grab4
17283,-2516,1354,11922,CD,2,D1_pwm150_grab4
17288,1566,856,10214,CD,2,D1_pwm150_grab4
17294,832,390,10564,CD,2,D1_pwm150_grab4
17298,3058,-1690,9084,CD,2,D1_pwm150_grab4
17303,-886,-1484,10540,CD,2,D1_pwm150_grab4
17309,-328,-728,9928,CD,2,D1_pwm150_grab4
17314,-124,-1336,10078,CD,2,D1_pwm150_grab4
17319,1738,-646,8250,CD,2,D1_pwm150_grab4
17323,-870,-1668,9942,CD,2,D1_pwm150_grab4
17329,-694,-312,10678,CD,2,D1_pwm150_grab4
17338,352,946,11648,CD,2,D1_pwm150_grab4
17344,1370,-930,9308,CD,2,D1_pwm150_grab4
17349,-2398,1430,12178,CD,2,D1_pwm150_grab4
17353,1606,918,10266,CD,2,D1_pwm150_grab4
17358,746,514,10350,CD,2,D1_pwm150_grab4
17363,174,-560,11024,CD,2,D1_pwm150_grab4
17369,-1572,-1348,9432,CD,2,D1_pwm150_grab4
17373,1184,-342,10510,CD,2,D1_pwm150_grab4
17378,384,-384,8878,CD,2,D1_pwm150_grab4
17384,-560,-278,10450,CD,2,D1_pwm150_grab4
17388,-776,-1584,9898,CD,2,D1_pwm150_grab4
17394,-758,-370,10542,CD,2,D1_pwm150_grab4
17404,494,1010,11648,CD,2,D1_pwm150_grab4
17408,-272,-886,9858,CD,2,D1_pwm150_grab4
17414,-404,-1440,10258,CD,2,D1_pwm150_grab4
17418,2298,-516,8152,CD,2,D1_pwm150_grab4
17423,762,1012,9934,CD,2,D1_pwm150_grab4
17429,936,1202,11312,CD,2,D1_pwm150_grab4
17433,-1768,-1560,9324,CD,2,D1_pwm150_grab4
17439,1068,-420,10568,CD,2,D1_pwm150_grab4
17443,318,-322,8856,CD,2,D1_pwm150_grab4
17453,1460,660,10034,CD,2,D1_pwm150_grab4
17459,768,302,10376,CD,2,D1_pwm150_grab4
17463,3442,-1738,8788,CD,2,D1_pwm150_grab4
17468,-808,-1356,10974,CD,2,D1_pwm150_grab4
17474,-300,-794,9880,CD,2,D1_pwm150_grab4
17478,-310,-1538,10266,CD,2,D1_pwm150_grab4
17484,1814,-470,7910,CD,2,D1_pwm150_grab4
17489,-168,318,9726,CD,2,D1_pwm150_grab4
17495,1356,1006,11274,CD,3,D1_pwm150_grab4
17500,2204,-360,8802,CD,3,D1_pwm150_grab4
17504,928,-614,10398,CD,3,D1_pwm150_grab4
17510,72,-170,8760,CD,3,D1_pwm150_grab4
17519,-22,-1472,9782,CD,3,D1_pwm150_grab4
17524,-714,-632,10470,CD,3,D1_pwm150_grab4
17530,3824,-1620,8478,CD,3,D1_pwm150_grab4
17534,-550,-1004,10802,CD,3,D1_pwm150_grab4
17539,418,-1372,9998,CD,3,D1_pwm150_grab4
17545,-178,-1628,9974,CD,3,D1_pwm150_grab4
17550,1880,-404,8294,CD,3,D1_pwm150_grab4
17554,-62,324,9520,CD,3,D1_pwm150_grab4
17559,1246,1140,11290,CD,3,D1_pwm150_grab4
17565,1882,-260,8814,CD,3,D1_pwm150_grab4
17569,1314,1268,10964,CD,3,D1_pwm150_grab4
17574,1186,-962,9206,CD,3,D1_pwm150_grab4
17579,-914,-1006,10296,CD,3,D1_pwm150_grab4
17585,1410,628,9930,CD,3,D1_pwm150_grab4
17590,572,240,10262,CD,3,D1_pwm150_grab4
17594,260,-1004,10872,CD,3,D1_pwm150_grab4
17600,-2420,-2558,9352,CD,3,D1_pwm150_grab4
17604,274,-1358,10120,CD,3,D1_pwm150_grab4
17609,-536,-260,9478,CD,3,D1_pwm150_grab4
17614,-106,-456,9808,CD,3,D1_pwm150_grab4
17620,-766,-1414,9866,CD,3,D1_pwm150_grab4
17624,-466,-134,10552,CD,3,D1_pwm150_grab4
17634,794,1260,11614,CD,3,D1_pwm150_grab4
17639,626,-684,9954,CD,3,D1_pwm150_grab4
17644,-852,-784,10546,CD,3,D1_pwm150_grab4
17650,1810,1262,10192,CD,3,D1_pwm150_grab4
17654,778,1070,10012,CD,3,D1_pwm150_grab4
17659,752,812,11524,CD,3,D1_pwm150_grab4
17664,-2300,-1602,9518,CD,3,D1_pwm150_grab4
17669,1004,-700,10404,CD,3,D1_pwm150_grab4
17674,-16,-192,8934,CD,3,D1_pwm150_grab4
17684,-100,-1608,9768,CD,3,D1_pwm150_grab4
17689,-890,-658,10340,CD,3,D1_pwm150_grab4
17694,3708,-1648,8244,CD,3,D1_pwm150_grab4
17699,-600,-988,10966,CD,3,D1_pwm150_grab4
17704,594,-730,9948,CD,3,D1_pwm150_grab4
17709,-286,-1726,10116,CD,3,D1_pwm150_grab4
17715,1782,-332,8008,CD,3,D1_pwm150_grab4
17719,-12,302,9642,CD,3,D1_pwm150_grab4
17724,1552,1124,11136,CD,3,D1_pwm150_grab4
17729,2024,-462,8832,CD,3,D1_pwm150_grab4
17735,1040,1286,11286,CD,3,D1_pwm150_grab4
17739,1330,-912,9160,CD,3,D1_pwm150_grab4
17751,-40,-1456,9866,CD,3,D1_pwm150_grab4
17756,-780,-538,10610,CD,3,D1_pwm150_grab4
17760,3848,-1804,8268,CD,3,D1_pwm150_grab4
17765,-440,-842,10920,CD,3,D1_pwm150_grab4
17770,-322,-690,9916,CD,3,D1_pwm150_grab4
17776,-220,-1658,10054,CD,3,D1_pwm150_grab4
17780,1938,-316,8272,CD,3,D1_pwm150_grab4
17786,762,886,10018,CD,3,D1_pwm150_grab4
17790,926,870,11374,CD,3,D1_pwm150_grab4
17796,1940,-210,9004,CD,3,D1_pwm150_grab4
17800,1200,1190,10762,CD,3,D1_pwm150_grab4
17806,1160,-882,9184,CD,3,D1_pwm150_grab4
17810,-2392,1852,12462,CD,3,D1_pwm150_grab4
17815,1376,484,9832,CD,3,D1_pwm150_grab4
17821,524,110,10352,CD,3,D1_pwm150_grab4
17826,3996,-1794,8546,CD,3,D1_pwm150_grab4
17831,-630,-818,11220,CD,3,D1_pwm150_grab4
17836,188,-1334,10020,CD,3,D1_pwm150_grab4
17841,-522,-412,9434,CD,3,D1_pwm150_grab4
17846,-72,-552,9608,CD,3,D1_pwm150_grab4
17851,-770,-1224,9934,CD,3,D1_pwm150_grab4
17855,-496,126,10716,CD,3,D1_pwm150_grab4
17866,1308,1222,11016,CD,3,D1_pwm150_grab4
17871,1200,-734,9410,CD,3,D1_pwm150_grab4
17876,-2686,2278,12594,CD,3,D1_pwm150_grab4
17880,1920,1410,10260,CD,3,D1_pwm150_grab4
17886,872,1124,9980,CD,3,D1_pwm150_grab4
17891,570,566,11772,CD,3,D1_pwm150_grab4
17896,-2694,-1744,9332,CD,3,D1_pwm150_grab4
17900,972,-882,10338,CD,3,D1_pwm150_grab4
17905,-648,-304,9718,CD,3,D1_pwm150_grab4
17910,274,-670,9566,CD,3,D1_pwm150_grab4
17915,-776,-1302,9796,CD,3,D1_pwm150_grab4
17920,-1098,-724,10462,CD,3,D1_pwm150_grab4
17930,-240,-672,10952,CD,3,D1_pwm150_grab4
17936,-334,-628,9982,CD,3,D1_pwm150_grab4
17941,-204,-1920,9972,CD,3,D1_pwm150_grab4
17945,2052,-98,8206,CD,3,D1_pwm150_grab4
17950,896,914,10082,CD,3,D1_pwm150_grab4
17955,584,556,11952,CD,3,D1_pwm150_grab4
17961,-2700,-1962,9324,CD,3,D1_pwm150_grab4
17965,1190,1066,11114,CD,3,D1_pwm150_grab4
17970,1208,-942,9054,CD,3,D1_pwm150_grab4
17980,1112,134,9988,CD,3,D1_pwm150_grab4
17986,460,160,10168,CD,3,D1_pwm150_grab4
17995,-202,-402,10926,CD,3,D1_pwm150_grab4
18001,-270,-560,9976,CD,3,D1_pwm150_grab4
18007,-234,-1862,10044,CD,3,D1_pwm150_grab4
18011,2096,-30,8316,CD,3,D1_pwm150_grab4
18016,138,564,9540,CD,3,D1_pwm150_grab4
18021,1722,1248,11458,CD,3,D1_pwm150_grab4
18027,1164,-382,9140,CD,3,D1_pwm150_grab4
18031,940,-924,10238,CD,3,D1_pwm150_grab4
18036,-184,18,9018,CD,3,D1_pwm150_grab4
18048,-414,-1838,9836,CD,3,D1_pwm150_grab4
18052,496,-66,10418,CD,3,D1_pwm150_grab4
18056,484,-1154,10692,CD,3,D1_pwm150_grab4
18061,-2132,-2272,9950,CD,3,D1_pwm150_grab4
18067,112,-1334,10006,CD,3,D1_pwm150_grab4
18071,-410,-1988,10104,CD,3,D1_pwm150_grab4
18077,2062,-118,8094,CD,3,D1_pwm150_grab4
18081,158,586,9754,CD,3,D1_pwm150_grab4
18086,1964,1292,11326,CD,3,D1_pwm150_grab4
18096,978,1474,11388,CD,3,D1_pwm150_grab4
18102,840,-566,9840,CD,3,D1_pwm150_grab4
18106,-1002,-282,10804,CD,3,D1_pwm150_grab4
18112,1088,-2,10148,CD,3,D1_pwm150_grab4
18117,464,28,10454,CD,3,D1_pwm150_grab4
18121,500,-1274,10616,CD,3,D1_pwm150_grab4
18126,-2154,-2228,10220,CD,3,D1_pwm150_grab4
18131,252,-1466,9886,CD,3,D1_pwm150_grab4
18136,-296,-164,8978,CD,3,D1_pwm150_grab4
18147,-554,-1832,9716,CD,3,D1_pwm150_grab4
18151,-154,366,11020,CD,3,D1_pwm150_grab4
18162,976,1614,11546,CD,3,D1_pwm150_grab4
18167,950,-656,9898,CD,3,D1_pwm150_grab4
18171,-1298,22,10972,CD,3,D1_pwm150_grab4
18176,2054,264,8632,CD,3,D1_pwm150_grab4
18181,334,698,9614,CD,3,D1_pwm150_grab4
18186,1854,1232,11180,CD,3,D1_pwm150_grab4
18192,-2900,-1734,9434,CD,3,D1_pwm150_grab4
18196,846,-1218,10070,CD,3,D1_pwm150_grab4
18201,-372,-110,9226,CD,3,D1_pwm150_grab4
18206,-2188,854,12592,CD,3,D1_pwm150_grab4
18211,-554,-1804,9904,CD,3,D1_pwm150_grab4
18216,-876,-520,10660,CD,3,D1_pwm150_grab4
18221,832,-1058,10542,CD,3,D1_pwm150_grab4
18226,-1784,-1852,10358,CD,3,D1_pwm150_grab4
18231,-126,-636,9940,CD,3,D1_pwm150_grab4
18236,-390,-1534,9932,CD,3,D1_pwm150_grab4
18241,2334,652,8750,CD,3,D1_pwm150_grab4
18247,372,762,9692,CD,3,D1_pwm150_grab4
18252,1882,1200,11382,CD,3,D1_pwm150_grab4
18257,254,-1148,8970,CD,3,D1_pwm150_grab4
18262,1094,836,10956,CD,3,D1_pwm150_grab4
18268,832,-542,9248,CD,3,D1_pwm150_grab4
18272,-2322,510,12424,CD,3,D1_pwm150_grab4
18278,-664,-1984,9794,CD,3,D1_pwm150_grab4
18283,-864,-580,10610,CD,3,D1_pwm150_grab4
18292,-84,-224,11486,CD,3,D1_pwm150_grab4
18297,-122,-718,9932,CD,3,D1_pwm150_grab4
18302,-540,-1708,9948,CD,3,D1_pwm150_grab4
18307,576,-760,9006,CD,3,D1_pwm150_grab4
18312,294,624,9872,CD,3,D1_pwm150_grab4
18318,1988,1192,11176,CD,3,D1_pwm150_grab4
18323,214,-1310,8982,CD,3,D1_pwm150_grab4
18327,1088,720,11108,CD,3,D1_pwm150_grab4
18332,948,-588,9198,CD,3,D1_pwm150_grab4
18342,694,-784,9868,CD,3,D1_pwm150_grab4
18348,956,704,10156,CD,3,D1_pwm150_grab4
18352,940,-1582,10430,CD,3,D1_pwm150_grab4
18357,-2004,-1924,10536,CD,3,D1_pwm150_grab4
18362,166,-1216,9838,CD,3,D1_pwm150_grab4
18367,-370,-1202,9818,CD,3,D1_pwm150_grab4
18372,1022,-578,8890,CD,3,D1_pwm150_grab4
18377,-532,-506,9950,CD,3,D1_pwm150_grab4
18383,162,290,11170,CD,3,D1_pwm150_grab4
18392,1044,1502,11522,CD,3,D1_pwm150_grab4
18397,1090,-826,9738,CD,3,D1_pwm150_grab4
18403,-1566,906,11440,CD,3,D1_pwm150_grab4
18407,1986,1124,10220,CD,3,D1_pwm150_grab4
18412,956,518,10250,CD,3,D1_pwm150_grab4
18417,356,116,11708,CD,3,D1_pwm150_grab4
18428,830,-1160,10142,CD,3,D1_pwm150_grab4
18432,-400,-54,9214,CD,3,D1_pwm150_grab4
18437,-1936,240,12246,CD,3,D1_pwm150_grab4
18443,-634,-1790,9898,CD,3,D1_pwm150_grab4
18447,-866,-260,10756,CD,3,D1_pwm150_grab4
18458,-36,4,11392,CD,3,D1_pwm150_grab4
18462,-118,-690,9964,CD,3,D1_pwm150_grab4
18468,-362,-1882,9878,CD,3,D1_pwm150_grab4
18472,1898,1362,10448,CD,3,D1_pwm150_grab4
18478,436,762,9804,CD,3,D1_pwm150_grab4
18482,1900,1002,11282,CD,3,D1_pwm150_grab4
18488,54,-926,9138,CD,3,D1_pwm150_grab4
18492,1144,612,10842,CD,3,D1_pwm150_grab4
18497,836,-578,9222,CD,3,D1_pwm150_grab4
18502,-2962,2522,13330,CD,3,D1_pwm150_grab4
18508,794,-812,9750,CD,3,D1_pwm150_grab4
18513,-1012,-298,10666,CD,3,D1_pwm150_grab4
18523,-102,54,11476,CD,3,D1_pwm150_grab4
18528,-14,-608,9970,CD,3,D1_pwm150_grab4
18533,-502,-1996,9842,CD,3,D1_pwm150_grab4
18538,2034,838,8790,CD,3,D1_pwm150_grab4
18544,416,788,9876,CD,3,D1_pwm150_grab4
18548,1910,1040,11004,CD,3,D1_pwm150_grab4
18554,-2752,-2216,9426,CD,3,D1_pwm150_grab4
18560,560,-1348,10046,CD,3,D1_pwm150_grab4
18563,790,-706,8940,CD,3,D1_pwm150_grab4
18573,598,-876,9884,CD,3,D1_pwm150_grab4
18578,180,-200,10120,CD,3,D1_pwm150_grab4
18583,980,-1152,10374,CD,3,D1_pwm150_grab4
18588,-1758,-1984,10612,CD,3,D1_pwm150_grab4
18593,60,-1186,9998,CD,3,D1_pwm150_grab4
18599,-376,-1662,9794,CD,3,D1_pwm150_grab4
18604,1048,-682,8882,CD,3,D1_pwm150_grab4
18608,-558,-422,9982,CD,3,D1_pwm150_grab4
18613,198,456,11164,CD,3,D1_pwm150_grab4
18623,862,1546,11626,CD,3,D1_pwm150_grab4
18628,1104,-730,9816,CD,3,D1_pwm150_grab4
18633,-1588,570,11142,CD,3,D1_pwm150_grab4
18638,770,-652,9626,CD,3,D1_pwm150_grab4
18643,162,-94,9984,CD,3,D1_pwm150_grab4
18648,366,6,11472,CD,3,D1_pwm150_grab4
18658,862,-1236,9966,CD,3,D1_pwm150_grab4
18663,-316,-150,9272,CD,3,D1_pwm150_grab4
18668,-2052,476,12422,CD,3,D1_pwm150_grab4
18673,-600,-1864,9802,CD,3,D1_pwm150_grab4
18679,30,422,11088,CD,3,D1_pwm150_grab4
18688,-144,-268,11390,CD,3,D1_pwm150_grab4
18693,-98,-576,10046,CD,3,D1_pwm150_grab4
18698,-438,-1662,9954,CD,3,D1_pwm150_grab4
18703,2298,676,8772,CD,3,D1_pwm150_grab4
18708,348,744,9960,CD,3,D1_pwm150_grab4
18714,1924,1096,11424,CD,3,D1_pwm150_grab4
18724,820,-1120,10170,CD,3,D1_pwm150_grab4
18728,-288,-300,9228,CD,3,D1_pwm150_grab4
18738,724,-708,9878,CD,3,D1_pwm150_grab4
18744,414,-46,10254,CD,3,D1_pwm150_grab4
18749,908,-1490,10434,CD,3,D1_pwm150_grab4
18753,-1900,-1772,10516,CD,3,D1_pwm150_grab4
18759,-126,-550,10078,CD,3,D1_pwm150_grab4
18763,-434,-1642,9758,CD,3,D1_pwm150_grab4
18768,2102,712,8958,CD,3,D1_pwm150_grab4
18775,376,726,9872,CD,3,D1_pwm150_grab4
18780,1812,1224,11108,CD,3,D1_pwm150_grab4
18785,102,-1416,8744,CD,3,D1_pwm150_grab4
18789,1032,636,11138,CD,3,D1_pwm150_grab4
18794,798,-608,8976,CD,3,D1_pwm150_grab4
18800,-2102,452,12066,CD,3,D1_pwm150_grab4
18804,-622,-1792,9724,CD,3,D1_pwm150_grab4
18809,-890,-448,10748,CD,3,D1_pwm150_grab4
18819,-1920,-1896,10530,CD,3,D1_pwm150_grab4
18825,168,-1126,9892,CD,3,D1_pwm150_grab4
18829,-400,-1276,9918,CD,3,D1_pwm150_grab4
18835,814,-608,9114,CD,3,D1_pwm150_grab4
18839,360,610,9654,CD,3,D1_pwm150_grab4
18845,1648,1106,11242,CD,3,D1_pwm150_grab4
18850,22,-1204,8918,CD,3,D1_pwm150_grab4
18854,1126,616,10938,CD,3,D1_pwm150_grab4
18859,1092,-836,9736,CD,3,D1_pwm150_grab4
18864,-1730,882,11184,CD,3,D1_pwm150_grab4
18869,1840,1258,10156,CD,3,D1_pwm150_grab4
18874,922,580,10342,CD,3,D1_pwm150_grab4
18880,1050,-1374,10436,CD,3,D1_pwm150_grab4
18884,-1692,-1836,10112,CD,3,D1_pwm150_grab4
18889,44,-1108,9898,CD,3,D1_pwm150_grab4
18894,-228,-1260,9618,CD,3,D1_pwm150_grab4
18899,646,-688,9046,CD,3,D1_pwm150_grab4
18904,-708,-1982,9766,CD,3,D1_pwm150_grab4
18909,-892,-488,10640,CD,3,D1_pwm150_grab4
18919,1148,1430,11366,CD,3,D1_pwm150_grab4
18925,1026,-750,9738,CD,3,D1_pwm150_grab4
18929,-1580,860,11360,CD,3,D1_pwm150_grab4
18935,2020,1492,10328,CD,3,D1_pwm150_grab4
18940,870,686,10004,CD,3,D1_pwm150_grab4
18944,1912,1060,11230,CD,3,D1_pwm150_grab4
18950,18,-1452,8874,CD,3,D1_pwm150_grab4
18954,1126,626,11068,CD,3,D1_pwm150_grab4
18959,-420,-28,9310,CD,3,D1_pwm150_grab4
18965,-2100,418,12290,CD,3,D1_pwm150_grab4
18969,-616,-1976,9670,CD,3,D1_pwm150_grab4
18974,-970,-408,10716,CD,3,D1_pwm150_grab4
18984,96,-2,11328,CD,3,D1_pwm150_grab4
18989,148,-1150,9856,CD,3,D1_pwm150_grab4
18994,-338,-1122,9854,CD,3,D1_pwm150_grab4
19000,2200,870,9206,CD,3,D1_pwm150_grab4
19005,402,614,9764,CD,3,D1_pwm150_grab4
19009,1708,960,10978,CD,3,D1_pwm150_grab4
19014,-152,-1296,8848,CD,3,D1_pwm150_grab4
19019,1166,546,11080,CD,3,D1_pwm150_grab4
19025,786,-646,9032,CD,3,D1_pwm150_grab4
19030,-3460,2146,13294,CD,3,D1_pwm150_grab4
19036,584,-850,9606,CD,3,D1_pwm150_grab4
19041,-866,-192,10754,CD,3,D1_pwm150_grab4
19050,108,112,11110,CD,3,D1_pwm150_grab4
19056,-112,-438,10002,CD,3,D1_pwm150_grab4
19060,-278,-1838,9766,CD,3,D1_pwm150_grab4
19065,2232,904,9090,CD,3,D1_pwm150_grab4
19070,350,690,9764,CD,3,D1_pwm150_grab4
19076,168,442,11114,CD,3,D1_pwm150_grab4
19081,-144,-1014,9062,CD,3,D1_pwm150_grab4
19085,1242,556,10766,CD,3,D1_pwm150_grab4
19090,786,-640,9068,CD,3,D1_pwm150_grab4
19101,704,-762,9612,CD,3,D1_pwm150_grab4
19105,174,-40,10172,CD,3,D1_pwm150_grab4
19111,1064,-1062,10446,CD,3,D1_pwm150_grab4
19120,34,-1146,9938,CD,3,D1_pwm150_grab4
19126,-254,-1128,9652,CD,3,D1_pwm150_grab4
19131,582,-862,8870,CD,3,D1_pwm150_grab4
19135,-508,-444,9822,CD,3,D1_pwm150_grab4
19141,78,374,11122,CD,3,D1_pwm150_grab4
19151,1214,1598,11328,CD,3,D1_pwm150_grab4
19155,1016,-762,9656,CD,3,D1_pwm150_grab4
19160,-446,-1932,9884,CD,3,D1_pwm150_grab4
19165,2074,1488,10340,CD,3,D1_pwm150_grab4
19170,916,644,9996,CD,3,D1_pwm150_grab4
19176,184,50,11768,CD,3,D1_pwm150_grab4
19185,696,-1202,10132,CD,3,D1_pwm150_grab4
19190,-404,56,9178,CD,3,D1_pwm150_grab4
19196,-1986,494,12240,CD,3,D1_pwm150_grab4
19200,672,-826,9890,CD,3,D1_pwm150_grab4
19205,-1046,-298,10728,CD,3,D1_pwm150_grab4
19215,96,-166,11014,CD,3,D1_pwm150_grab4
19220,-216,-522,10036,CD,3,D1_pwm150_grab4
19225,-320,-1816,9850,CD,3,D1_pwm150_grab4
19230,2072,754,8952,CD,3,D1_pwm150_grab4
19235,406,710,9678,CD,3,D1_pwm150_grab4
19240,1792,1002,11030,CD,3,D1_pwm150_grab4
19246,236,-932,8966,CD,3,D1_pwm150_grab4
19251,1184,642,10986,CD,3,D1_pwm150_grab4
19256,932,-738,9042,CD,3,D1_pwm150_grab4
19265,874,-610,9716,CD,3,D1_pwm150_grab4
19270,262,54,10064,CD,3,D1_pwm150_grab4
19275,606,-1306,10554,CD,3,D1_pwm150_grab4
19280,-2078,-2080,10208,CD,3,D1_pwm150_grab4
19286,-154,-664,10060,CD,3,D1_pwm150_grab4
19291,-308,-1724,9916,CD,3,D1_pwm150_grab4
19296,2180,594,8732,CD,3,D1_pwm150_grab4
19301,272,704,9758,CD,3,D1_pwm150_grab4
19306,1798,1054,11398,CD,3,D1_pwm150_grab4
19312,846,-602,9114,CD,3,D1_pwm150_grab4
19316,1148,830,10694,CD,3,D1_pwm150_grab4
19322,942,-610,9250,CD,3,D1_pwm150_grab4
19328,-2474,662,12748,CD,3,D1_pwm150_grab4
19332,1124,-452,9712,CD,3,D1_pwm150_grab4
19336,378,-202,10248,CD,3,D1_pwm150_grab4
19341,554,-1036,10718,CD,3,D1_pwm150_grab4
19347,-1978,-2030,10156,CD,3,D1_pwm150_grab4
19352,152,-1308,10092,CD,3,D1_pwm150_grab4
19357,-508,-868,9528,CD,3,D1_pwm150_grab4
19362,192,-920,9158,CD,3,D1_pwm150_grab4
19366,186,744,9992,CD,3,D1_pwm150_grab4
19372,-226,272,10996,CD,3,D1_pwm150_grab4
19381,948,1506,11288,CD,3,D1_pwm150_grab4
19386,908,-632,9782,CD,3,D1_pwm150_grab4
19391,-1026,62,10894,CD,3,D1_pwm150_grab4
19397,2196,1518,10300,CD,3,D1_pwm150_grab4
19401,856,762,10072,CD,3,D1_pwm150_grab4
19406,424,-1086,10656,CD,3,D1_pwm150_grab4
19411,-2166,-2124,10434,CD,3,D1_pwm150_grab4
19416,812,-1088,10172,CD,3,D1_pwm150_grab4
19422,-336,-96,9000,CD,3,D1_pwm150_grab4
19427,-2460,872,12766,CD,3,D1_pwm150_grab4
19431,-528,-1904,9638,CD,3,D1_pwm150_grab4
19437,-978,-348,10690,CD,3,D1_pwm150_grab4
19446,824,1488,11604,CD,3,D1_pwm150_grab4
19451,962,-696,9916,CD,3,D1_pwm150_grab4
19456,-218,-1718,9856,CD,3,D1_pwm150_grab4
19462,2078,482,8758,CD,3,D1_pwm150_grab4
19466,248,684,9698,CD,3,D1_pwm150_grab4
19471,1756,916,11178,CD,3,D1_pwm150_grab4
19476,584,-916,8816,CD,3,D1_pwm150_grab4
19481,1318,960,10904,CD,3,D1_pwm150_grab4
19486,-210,-146,9124,CD,3,D1_pwm150_grab4
19491,-2490,730,12882,CD,3,D1_pwm150_grab4
19497,-508,-1860,9780,CD,3,D1_pwm150_grab4
19502,276,-170,10098,CD,3,D1_pwm150_grab4
19506,424,-896,10734,CD,3,D1_pwm150_grab4
19511,-1948,-2040,10048,CD,3,D1_pwm150_grab4
19517,10,-1350,10098,CD,3,D1_pwm150_grab4
19521,-392,-780,9538,CD,3,D1_pwm150_grab4
19527,2392,356,8482,CD,3,D1_pwm150_grab4
19532,228,790,9874,CD,3,D1_pwm150_grab4
19536,1878,1216,11398,CD,3,D1_pwm150_grab4
19543,948,-1076,8616,CD,3,D1_pwm150_grab4
19548,1240,1118,11016,CD,3,D1_pwm150_grab4
19553,1122,-596,9346,CD,3,D1_pwm150_grab4
19557,-2692,2314,12790,CD,3,D1_pwm150_grab4
19563,1070,-368,9784,CD,3,D1_pwm150_grab4
19567,-938,-628,10472,CD,3,D1_pwm150_grab4
19578,-302,-808,11066,CD,3,D1_pwm150_grab4
19582,-242,-724,9940,CD,3,D1_pwm150_grab4
19588,-584,-792,9558,CD,3,D1_pwm150_grab4
19592,150,-784,9434,CD,3,D1_pwm150_grab4
19597,-688,-876,9894,CD,3,D1_pwm150_grab4
19602,-206,184,10908,CD,3,D1_pwm150_grab4
19608,1114,-1306,8536,CD,3,D1_pwm150_grab4
19613,1148,1136,11366,CD,3,D1_pwm150_grab4
19618,1198,-696,9180,CD,3,D1_pwm150_grab4
19622,-2924,2024,12890,CD,3,D1_pwm150_grab4
19627,2278,1400,10182,CD,3,D1_pwm150_grab4
19633,846,682,10058,CD,3,D1_pwm150_grab4
19637,604,226,11778,CD,3,D1_pwm150_grab4
19642,-2682,-1584,9452,CD,3,D1_pwm150_grab4
19648,302,-1344,9938,CD,3,D1_pwm150_grab4
19652,-586,-912,9632,CD,3,D1_pwm150_grab4
19657,124,-562,9516,CD,3,D1_pwm150_grab4
19662,-670,-918,10076,CD,3,D1_pwm150_grab4
19667,-270,226,10864,CD,3,D1_pwm150_grab4
19677,-184,-660,10846,CD,3,D1_pwm150_grab4
19683,-316,-644,9926,CD,3,D1_pwm150_grab4
19687,-1150,142,10828,CD,3,D1_pwm150_grab4
19693,1958,1296,10178,CD,3,D1_pwm150_grab4
19698,754,782,10200,CD,3,D1_pwm150_grab4
19702,686,398,11394,CD,3,D1_pwm150_grab4
19708,-2660,-1584,9368,CD,3,D1_pwm150_grab4
19712,1180,1154,10946,CD,3,D1_pwm150_grab4
19718,1132,-572,9320,CD,3,D1_pwm150_grab4
19723,-2358,2064,12644,CD,3,D1_pwm150_grab4
19728,-328,-1810,9754,CD,3,D1_pwm150_grab4
19732,-696,-738,10458,CD,3,D1_pwm150_grab4
19738,3974,-1148,8714,CD,3,D1_pwm150_grab4
19743,-452,-824,11318,CD,3,D1_pwm150_grab4
19747,-324,-820,9918,CD,3,D1_pwm150_grab4
19753,-358,-1650,10002,CD,3,D1_pwm150_grab4
19757,-216,-638,9694,CD,3,D1_pwm150_grab4
19762,-650,-982,9982,CD,3,D1_pwm150_grab4
19768,-444,-30,10728,CD,3,D1_pwm150_grab4
19773,1780,-1228,8612,CD,3,D1_pwm150_grab4
19778,1070,1244,11192,CD,3,D1_pwm150_grab4
19782,1304,-682,9464,CD,3,D1_pwm150_grab4
19788,-2518,1830,12424,CD,3,D1_pwm150_grab4
19793,1130,-70,9778,CD,3,D1_pwm150_grab4
19798,598,110,10224,CD,3,D1_pwm150_grab4
19803,344,-1042,10892,CD,3,D1_pwm150_grab4
19809,-428,-822,11124,CD,3,D1_pwm150_grab4
19813,-222,-694,9916,CD,3,D1_pwm150_grab4
19818,-300,-1538,9834,CD,3,D1_pwm150_grab4
19823,1860,404,8762,CD,3,D1_pwm150_grab4
19829,24,438,9898,CD,3,D1_pwm150_grab4
19833,1506,1104,11194,CD,3,D1_pwm150_grab4
19838,1828,-1076,8522,CD,3,D1_pwm150_grab4
19843,748,1114,11316,CD,3,D1_pwm150_grab4
19848,482,-732,10070,CD,3,D1_pwm150_grab4
19854,-2812,1710,12578,CD,3,D1_pwm150_grab4
19858,1172,-138,9658,CD,3,D1_pwm150_grab4
19863,550,154,10164,CD,3,D1_pwm150_grab4
19868,300,-858,11002,CD,3,D1_pwm150_grab4
19874,-2422,-2086,10044,CD,3,D1_pwm150_grab4
19878,414,-1310,10038,CD,3,D1_pwm150_grab4
19883,68,-182,9162,CD,3,D1_pwm150_grab4
19888,-2936,892,12948,CD,3,D1_pwm150_grab4
19894,-656,-960,10172,CD,3,D1_pwm150_grab4
19899,-456,-162,10724,CD,3,D1_pwm150_grab4
19908,556,922,11598,CD,3,D1_pwm150_grab4
19913,520,-786,9898,CD,3,D1_pwm150_grab4
19918,-1060,-46,10616,CD,3,D1_pwm150_grab4
19924,2024,1294,10104,CD,3,D1_pwm150_grab4
19929,0,444,9788,CD,3,D1_pwm150_grab4
19934,742,818,11258,CD,3,D1_pwm150_grab4
19938,-2432,-1900,9044,CD,3,D1_pwm150_grab4
19943,1050,-480,10640,CD,3,D1_pwm150_grab4
19949,96,-108,9008,CD,3,D1_pwm150_grab4
19959,-250,-1850,9660,CD,3,D1_pwm150_grab4
19963,-782,-522,10318,CD,3,D1_pwm150_grab4
19968,362,-926,10992,CD,3,D1_pwm150_grab4
19974,-578,-842,11426,CD,3,D1_pwm150_grab4
19978,-334,-860,9884,CD,3,D1_pwm150_grab4
19983,-404,-1582,10066,CD,3,D1_pwm150_grab4
19989,2186,498,8550,CD,3,D1_pwm150_grab4
19993,-72,258,9908,CD,3,D1_pwm150_grab4
19999,1574,812,11204,CD,3,D1_pwm150_grab4
20004,1850,-968,8742,CD,3,D1_pwm150_grab4
20009,1076,1266,11302,CD,3,D1_pwm150_grab4
20014,1388,-752,9476,CD,3,D1_pwm150_grab4
20019,-2520,1798,12496,CD,3,D1_pwm150_grab4
20023,1278,-154,9774,CD,3,D1_pwm150_grab4
20028,598,274,10532,CD,3,D1_pwm150_grab4
20033,150,-720,10992,CD,3,D1_pwm150_grab4
20039,-2562,-2188,9930,CD,3,D1_pwm150_grab4
20044,562,-1224,9880,CD,3,D1_pwm150_grab4
20048,-632,-870,9208,CD,3,D1_pwm150_grab4
20054,1974,480,8764,CD,3,D1_pwm150_grab4
20060,-52,288,9752,CD,3,D1_pwm150_grab4
20064,1152,640,11064,CD,3,D1_pwm150_grab4
20070,2408,-616,8520,CD,3,D1_pwm150_grab4
20075,1084,1180,11134,CD,3,D1_pwm150_grab4
20080,1348,-790,9446,CD,3,D1_pwm150_grab4
20089,1448,52,9772,CD,3,D1_pwm150_grab4
20094,-414,-72,10494,CD,3,D1_pwm150_grab4
20100,134,-396,11112,CD,3,D1_pwm150_grab4
20104,-2606,-2336,9678,CD,3,D1_pwm150_grab4
20110,506,-1220,10148,CD,3,D1_pwm150_grab4
20114,-564,-594,9376,CD,3,D1_pwm150_grab4
20119,-870,-682,10344,CD,3,D1_pwm150_grab4
20124,-768,-1180,10080,CD,3,D1_pwm150_grab4
20129,-746,-14,10888,CD,3,D1_pwm150_grab4
20134,3044,-396,8520,CD,3,D1_pwm150_grab4
20139,354,776,11704,CD,3,D1_pwm150_grab4
20144,258,-746,9896,CD,3,D1_pwm150_grab4
20149,-696,-750,10208,CD,3,D1_pwm150_grab4
20154,2008,1610,9950,CD,3,D1_pwm150_grab4
20160,662,594,9808,CD,3,D1_pwm150_grab4
20164,1178,764,10920,CD,3,D1_pwm150_grab4
20170,-1272,-1356,9304,CD,3,D1_pwm150_grab4
20174,416,-1414,9904,CD,3,D1_pwm150_grab4
20180,-562,-256,9278,CD,3,D1_pwm150_grab4
20190,200,-1792,9460,CD,3,D1_pwm150_grab4
20195,-252,-220,10110,CD,3,D1_pwm150_grab4
20200,2284,-880,9888,CD,3,D1_pwm150_grab4
20204,-1152,-1604,10820,CD,3,D1_pwm150_grab4
20209,-278,-1004,9888,CD,3,D1_pwm150_grab4
20215,-314,-1086,10052,CD,3,D1_pwm150_grab4
20220,2122,1478,9660,CD,3,D1_pwm150_grab4
20224,-332,306,10166,CD,3,D1_pwm150_grab4
20229,712,710,11470,CD,3,D1_pwm150_grab4
20239,806,1444,11728,CD,3,D1_pwm150_grab4
20245,1400,-798,9616,CD,3,D1_pwm150_grab4
20249,-2030,1508,11732,CD,3,D1_pwm150_grab4
20255,418,-1454,9350,CD,3,D1_pwm150_grab4
20259,-142,-266,10212,CD,3,D1_pwm150_grab4
20264,1608,-812,9952,CD,3,D1_pwm150_grab4
20270,-2768,-1640,10072,CD,3,D1_pwm150_grab4
20275,796,-1272,9824,CD,3,D1_pwm150_grab4
20280,-572,-298,9286,CD,3,D1_pwm150_grab4
20284,-1606,-136,11552,CD,3,D1_pwm150_grab4
20290,-718,-1756,9754,CD,3,D1_pwm150_grab4
20294,308,658,11388,CD,3,D1_pwm150_grab4
20304,946,1394,11274,CD,3,D1_pwm150_grab4
20311,1174,-584,9686,CD,3,D1_pwm150_grab4
20316,-1528,1328,11684,CD,3,D1_pwm150_grab4
20321,1966,1078,10190,CD,3,D1_pwm150_grab4
20326,884,440,9964,CD,3,D1_pwm150_grab4
20330,226,-352,11366,CD,3,D1_pwm150_grab4
20335,-1550,-1516,10858,CD,3,D1_pwm150_grab4
20341,82,-1272,9874,CD,3,D1_pwm150_grab4
20345,-574,-1382,9674,CD,3,D1_pwm150_grab4
20350,1186,-430,8946,CD,3,D1_pwm150_grab4
20355,-598,-1710,9720,CD,3,D1_pwm150_grab4
20360,-900,-304,10718,CD,3,D1_pwm150_grab4
20371,194,-168,11000,CD,3,D1_pwm150_grab4
20375,1054,-664,9656,CD,3,D1_pwm150_grab4
20380,-1480,1170,11630,CD,3,D1_pwm150_grab4
20385,2070,974,10032,CD,3,D1_pwm150_grab4
20391,930,460,10146,CD,3,D1_pwm150_grab4
20396,1628,1032,11018,CD,3,D1_pwm150_grab4
20400,-414,-1648,8544,CD,3,D1_pwm150_grab4
20406,1108,586,11154,CD,3,D1_pwm150_grab4
20411,812,-540,9128,CD,3,D1_pwm150_grab4
20415,-1870,38,11636,CD,3,D1_pwm150_grab4
20421,-672,-1648,9918,CD,3,D1_pwm150_grab4
20425,-810,-356,10750,CD,3,D1_pwm150_grab4
20435,224,-74,10912,CD,3,D1_pwm150_grab4
20440,106,-1098,9894,CD,3,D1_pwm150_grab4
20446,-400,-1426,9700,CD,3,D1_pwm150_grab4
20450,906,-300,9180,CD,3,D1_pwm150_grab4
20455,-352,-128,9974,CD,3,D1_pwm150_grab4
20460,1650,1020,11326,CD,3,D1_pwm150_grab4
20465,-288,-1562,8678,CD,3,D1_pwm150_grab4
20471,1100,548,10886,CD,3,D1_pwm150_grab4
20475,772,-414,9284,CD,3,D1_pwm150_grab4
20481,-1660,1164,11702,CD,3,D1_pwm150_grab4
20486,1918,1058,10124,CD,3,D1_pwm150_grab4
20491,820,482,10116,CD,3,D1_pwm150_grab4
20495,200,58,11692,CD,3,D1_pwm150_grab4
20501,-1594,-1532,10520,CD,3,D1_pwm150_grab4
20506,104,-1104,9868,CD,3,D1_pwm150_grab4
20510,-370,-1550,9484,CD,3,D1_pwm150_grab4
20515,610,-522,9172,CD,3,D1_pwm150_grab4
20520,-444,-278,9870,CD,3,D1_pwm150_grab4
20525,-836,-346,10694,CD,3,D1_pwm150_grab4
20536,-94,-42,11502,CD,3,D1_pwm150_grab4
20541,956,-684,9688,CD,3,D1_pwm150_grab4
20546,-1286,1214,11574,CD,3,D1_pwm150_grab4
20551,2078,1132,9946,CD,3,D1_pwm150_grab4
20555,820,498,9874,CD,3,D1_pwm150_grab4
20560,230,128,11896,CD,3,D1_pwm150_grab4
20571,624,-1210,10106,CD,3,D1_pwm150_grab4
20577,-404,-206,9196,CD,3,D1_pwm150_grab4
20582,1022,-390,9208,CD,3,D1_pwm150_grab4
20586,-462,-172,10108,CD,3,D1_pwm150_grab4
20591,112,216,11110,CD,3,D1_pwm150_grab4
20601,1050,1542,11436,CD,3,D1_pwm150_grab4
20608,1028,-794,9804,CD,3,D1_pwm150_grab4
20611,-288,-1492,9764,CD,3,D1_pwm150_grab4
20617,2298,1194,9402,CD,3,D1_pwm150_grab4
20621,960,334,10016,CD,3,D1_pwm150_grab4
20627,312,158,11790,CD,3,D1_pwm150_grab4
20636,818,-1236,10164,CD,3,D1_pwm150_grab4
20642,-420,-136,9356,CD,3,D1_pwm150_grab4
20646,-2188,146,12246,CD,3,D1_pwm150_grab4
20651,632,-1010,9398,CD,3,D1_pwm150_grab4
20656,142,76,9990,CD,3,D1_pwm150_grab4
20666,-64,-126,11076,CD,3,D1_pwm150_grab4
20671,-124,-590,9940,CD,3,D1_pwm150_grab4
20677,-384,-1700,9810,CD,3,D1_pwm150_grab4
20682,2508,1050,9082,CD,3,D1_pwm150_grab4
20686,370,690,9880,CD,3,D1_pwm150_grab4
20692,1894,750,11206,CD,3,D1_pwm150_grab4
20701,1232,796,10804,CD,3,D1_pwm150_grab4
20706,890,-536,9296,CD,3,D1_pwm150_grab4
20717,812,-952,9540,CD,3,D1_pwm150_grab4
20721,338,-106,10176,CD,3,D1_pwm150_grab4
20726,638,-832,10840,CD,3,D1_pwm150_grab4
20732,-1864,-1760,10204,CD,3,D1_pwm150_grab4
20737,864,-1094,10308,CD,3,D1_pwm150_grab4
20742,-450,-1236,9476,CD,3,D1_pwm150_grab4
20746,364,-640,9176,CD,3,D1_pwm150_grab4
20751,-652,-334,9998,CD,3,D1_pwm150_grab4
20756,-98,422,11142,CD,3,D1_pwm150_grab4
20767,948,1484,11244,CD,3,D1_pwm150_grab4
20771,976,-770,9690,CD,3,D1_pwm150_grab4
20776,-1172,682,11268,CD,3,D1_pwm150_grab4
20781,2252,1354,10258,CD,3,D1_pwm150_grab4
20786,904,372,10010,CD,3,D1_pwm150_grab4
20791,436,38,11790,CD,3,D1_pwm150_grab4
20796,-2872,-1578,9616,CD,3,D1_pwm150_grab4
20801,860,-1076,10128,CD,3,D1_pwm150_grab4
20807,-304,-150,9044,CD,3,D1_pwm150_grab4
20812,-2430,330,12358,CD,3,D1_pwm150_grab4
20817,-504,-1778,9638,CD,3,D1_pwm150_grab4
20822,-90,330,10998,CD,3,D1_pwm150_grab4
20833,752,1302,11486,CD,3,D1_pwm150_grab4
20838,936,-758,9806,CD,3,D1_pwm150_grab4
20842,-1302,568,11140,CD,3,D1_pwm150_grab4
20848,2042,1390,10300,CD,3,D1_pwm150_grab4
20852,792,338,10050,CD,3,D1_pwm150_grab4
20857,528,190,11404,CD,3,D1_pwm150_grab4
20864,-2124,-1860,10268,CD,3,D1_pwm150_grab4
20868,1054,-826,10262,CD,3,D1_pwm150_grab4
20873,-130,-126,9126,CD,3,D1_pwm150_grab4
20877,-2570,448,12842,CD,3,D1_pwm150_grab4
20882,-416,-1890,9746,CD,3,D1_pwm150_grab4
20888,-814,-368,10610,CD,3,D1_pwm150_grab4
20892,4204,-994,8726,CD,3,D1_pwm150_grab4
20897,-402,-824,11146,CD,3,D1_pwm150_grab4
20903,692,-752,9756,CD,3,D1_pwm150_grab4
20908,-386,-1844,9928,CD,3,D1_pwm150_grab4
20912,2292,584,8624,CD,3,D1_pwm150_grab4
20917,130,858,10010,CD,3,D1_pwm150_grab4
20922,1678,1106,11340,CD,3,D1_pwm150_grab4
20927,1652,-1428,8292,CD,3,D1_pwm150_grab4
20932,1154,1236,11086,CD,3,D1_pwm150_grab4
20938,1350,-520,9442,CD,3,D1_pwm150_grab4
20947,-302,-2014,9500,CD,3,D1_pwm150_grab4
20952,574,-162,10206,CD,3,D1_pwm150_grab4
20958,296,-820,10864,CD,3,D1_pwm150_grab4
20963,-2384,-1478,10468,CD,3,D1_pwm150_grab4
20967,490,-1328,9998,CD,3,D1_pwm150_grab4
20972,-696,-820,9470,CD,3,D1_pwm150_grab4
20977,-236,-864,9772,CD,3,D1_pwm150_grab4
20983,42,690,9936,CD,3,D1_pwm150_grab4
20988,1606,956,11088,CD,3,D1_pwm150_grab4
20997,582,868,11054,CD,3,D1_pwm150_grab4
21003,502,-890,9832,CD,3,D1_pwm150_grab4
21008,-670,-112,10662,CD,3,D1_pwm150_grab4
21012,2318,1538,10076,CD,3,D1_pwm150_grab4
21017,774,656,9826,CD,3,D1_pwm150_grab4
21023,186,-608,10970,CD,3,D1_pwm150_grab4
21028,-2512,-1712,10456,CD,3,D1_pwm150_grab4
21032,446,-1208,10028,CD,3,D1_pwm150_grab4
21037,142,-154,9076,CD,3,D1_pwm150_grab4
21047,-20,-1782,9574,CD,3,D1_pwm150_grab4
21052,-510,-324,10492,CD,3,D1_pwm150_grab4
21058,3434,-984,9288,CD,3,D1_pwm150_grab4
21062,-684,-974,10850,CD,3,D1_pwm150_grab4
21068,404,-820,9848,CD,3,D1_pwm150_grab4
21073,-838,-288,10588,CD,3,D1_pwm150_grab4
21078,2024,1534,9886,CD,3,D1_pwm150_grab4
21083,696,680,9948,CD,3,D1_pwm150_grab4
21088,1082,658,10970,CD,3,D1_pwm150_grab4
21093,-1842,-1448,9222,CD,3,D1_pwm150_grab4
21099,1140,-220,10654,CD,3,D1_pwm150_grab4
21104,-520,-694,9270,CD,3,D1_pwm150_grab4
21109,-822,-558,10208,CD,3,D1_pwm150_grab4
21113,-774,-1198,10002,CD,3,D1_pwm150_grab4
21120,-656,-100,10744,CD,3,D1_pwm150_grab4
21123,2668,-974,9590,CD,3,D1_pwm150_grab4
21128,-918,-1368,11236,CD,3,D1_pwm150_grab4
21134,-292,-978,9972,CD,3,D1_pwm150_grab4
21138,-460,-1720,9996,CD,3,D1_pwm150_grab4
21143,1904,-30,8600,CD,3,D1_pwm150_grab4
21148,634,774,9792,CD,3,D1_pwm150_grab4
21153,1124,832,11148,CD,3,D1_pwm150_grab4
21158,-1558,-1358,9026,CD,3,D1_pwm150_grab4
21164,886,1502,11386,CD,3,D1_pwm150_grab4
21169,1380,-778,9504,CD,3,D1_pwm150_grab4
21173,-2150,1660,12076,CD,3,D1_pwm150_grab4
21179,1676,494,9936,CD,3,D1_pwm150_grab4
21183,798,256,10366,CD,3,D1_pwm150_grab4
21188,2300,-1016,9608,CD,3,D1_pwm150_grab4
21194,-976,-1354,10842,CD,3,D1_pwm150_grab4
21198,-238,-970,10004,CD,3,D1_pwm150_grab4
21204,-366,-1628,9826,CD,3,D1_pwm150_grab4
21209,-1108,-374,10866,CD,3,D1_pwm150_grab4
21213,-770,-1358,10072,CD,3,D1_pwm150_grab4
21218,-680,-180,10830,CD,3,D1_pwm150_grab4
21228,932,1298,11222,CD,3,D1_pwm150_grab4
21234,1244,-706,9402,CD,3,D1_pwm150_grab4
21238,-2106,1450,12146,CD,3,D1_pwm150_grab4
21243,1838,616,10100,CD,3,D1_pwm150_grab4
21248,542,652,9800,CD,3,D1_pwm150_grab4
21253,1518,820,11192,CD,3,D1_pwm150_grab4
21258,-916,-1638,8968,CD,3,D1_pwm150_grab4
21263,1142,228,10798,CD,3,D1_pwm150_grab4
21268,-418,-510,9366,CD,3,D1_pwm150_grab4
21273,-1554,-338,11060,CD,3,D1_pwm150_grab4
21279,-818,-1476,9984,CD,3,D1_pwm150_grab4
21284,-774,-252,10812,CD,3,D1_pwm150_grab4
21293,-1374,-1354,10890,CD,3,D1_pwm150_grab4
21298,50,-1228,9890,CD,3,D1_pwm150_grab4
21303,-492,-1524,9716,CD,3,D1_pwm150_grab4
21308,2082,1356,9480,CD,3,D1_pwm150_grab4
21313,582,712,9872,CD,3,D1_pwm150_grab4
21318,1610,956,10972,CD,3,D1_pwm150_grab4
21323,-722,-1574,8718,CD,3,D1_pwm150_grab4
21328,1118,366,11024,CD,3,D1_pwm150_grab4
21334,654,-364,9136,CD,3,D1_pwm150_grab4
21339,-3568,1760,13388,CD,3,D1_pwm150_grab4
21345,420,-1372,9590,CD,3,D1_pwm150_grab4
21349,-838,-260,10860,CD,3,D1_pwm150_grab4
21359,380,50,10926,CD,3,D1_pwm150_grab4
21365,-110,-668,9924,CD,3,D1_pwm150_grab4
21370,-460,-1236,9946,CD,3,D1_pwm150_grab4
21374,2146,1084,9440,CD,3,D1_pwm150_grab4
21380,-458,-196,10042,CD,3,D1_pwm150_grab4
21384,324,514,11322,CD,3,D1_pwm150_grab4
21394,1120,566,10820,CD,3,D1_pwm150_grab4
21399,812,-396,9152,CD,3,D1_pwm150_grab4
21404,-2764,1942,13204,CD,3,D1_pwm150_grab4
21410,690,-902,9534,CD,3,D1_pwm150_grab4
21414,168,-108,10120,CD,3,D1_pwm150_grab4
21420,362,-168,11354,CD,3,D1_pwm150_grab4
21429,56,-1162,10074,CD,3,D1_pwm150_grab4
21434,-328,-1174,9546,CD,3,D1_pwm150_grab4
21439,348,-552,9078,CD,3,D1_pwm150_grab4
21445,-504,-432,9868,CD,3,D1_pwm150_grab4
21449,-118,376,10922,CD,3,D1_pwm150_grab4
21460,908,1064,11180,CD,3,D1_pwm150_grab4
21464,-214,-836,10000,CD,3,D1_pwm150_grab4
21470,-1242,608,11226,CD,3,D1_pwm150_grab4
21474,2060,1332,10254,CD,3,D1_pwm150_grab4
21480,830,746,10016,CD,3,D1_pwm150_grab4
21484,578,202,11630,CD,3,D1_pwm150_grab4
21495,998,-716,10312,CD,3,D1_pwm150_grab4
21500,-166,-182,9108,CD,3,D1_pwm150_grab4
21505,-2644,1956,12802,CD,3,D1_pwm150_grab4
21510,-388,-1714,9648,CD,3,D1_pwm150_grab4
21515,-948,-624,10504,CD,3,D1_pwm150_grab4
21524,-194,-676,11028,CD,3,D1_pwm150_grab4
21530,-346,-854,10008,CD,3,D1_pwm150_grab4
21535,-292,-1482,9902,CD,3,D1_pwm150_grab4
21539,1934,542,8776,CD,3,D1_pwm150_grab4
21544,52,426,9766,CD,3,D1_pwm150_grab4
21549,1424,1046,11066,CD,3,D1_pwm150_grab4
21554,1996,-1248,8456,CD,3,D1_pwm150_grab4
21559,962,980,11006,CD,3,D1_pwm150_grab4
21564,1294,-648,9208,CD,3,D1_pwm150_grab4
21569,-2510,1668,12664,CD,3,D1_pwm150_grab4
21574,1310,-126,9720,CD,3,D1_pwm150_grab4
21580,614,324,10186,CD,3,D1_pwm150_grab4
21585,298,-742,11008,CD,3,D1_pwm150_grab4
21591,-520,-726,11000,CD,3,D1_pwm150_grab4
21596,-222,-916,9906,CD,3,D1_pwm150_grab4
21600,-360,-1482,9848,CD,3,D1_pwm150_grab4
21606,1876,352,8984,CD,3,D1_pwm150_grab4
21610,-178,402,9776,CD,3,D1_pwm150_grab4
21615,964,680,11396,CD,3,D1_pwm150_grab4
21620,2992,-966,8554,CD,3,D1_pwm150_grab4
21626,1006,1138,10708,CD,3,D1_pwm150_grab4
21630,444,-178,9064,CD,3,D1_pwm150_grab4
21635,-1926,1566,12174,CD,3,D1_pwm150_grab4
21641,1636,246,9666,CD,3,D1_pwm150_grab4
21646,808,292,10256,CD,3,D1_pwm150_grab4
21651,226,-456,11308,CD,3,D1_pwm150_grab4
21661,504,-1314,9942,CD,3,D1_pwm150_grab4
21666,-482,-706,9374,CD,3,D1_pwm150_grab4
21671,1768,108,8956,CD,3,D1_pwm150_grab4
21676,-700,-1206,9988,CD,3,D1_pwm150_grab4
21680,-728,-330,10788,CD,3,D1_pwm150_grab4
21691,578,488,11014,CD,3,D1_pwm150_grab4
21696,50,-720,9942,CD,3,D1_pwm150_grab4
21700,-512,-660,10102,CD,3,D1_pwm150_grab4
21705,2246,1276,9746,CD,3,D1_pwm150_grab4
21711,792,438,10374,CD,3,D1_pwm150_grab4
21716,164,-154,11356,CD,3,D1_pwm150_grab4
21720,-608,-1652,9068,CD,3,D1_pwm150_grab4
21725,960,118,10804,CD,3,D1_pwm150_grab4
21731,594,-304,9030,CD,3,D1_pwm150_grab4
21741,284,-1184,9530,CD,3,D1_pwm150_grab4
21746,18,198,10340,CD,3,D1_pwm150_grab4
21750,1504,-1468,10006,CD,3,D1_pwm150_grab4
21756,194,278,11672,CD,3,D1_pwm150_grab4
21761,44,-922,9914,CD,3,D1_pwm150_grab4
21765,-316,-1432,9578,CD,3,D1_pwm150_grab4
21770,716,-168,9134,CD,3,D1_pwm150_grab4
21775,-318,-174,9836,CD,3,D1_pwm150_grab4
21780,128,110,11026,CD,3,D1_pwm150_grab4
21790,1146,1196,11000,CD,3,D1_pwm150_grab4
21796,866,-394,9362,CD,3,D1_pwm150_grab4
21806,2020,1054,10052,CD,3,D1_pwm150_grab4
21810,808,470,9922,CD,3,D1_pwm150_grab4
21815,424,336,11792,CD,3,D1_pwm150_grab4
21826,784,-1002,10184,CD,3,D1_pwm150_grab4
21830,-332,-252,9084,CD,3,D1_pwm150_grab4
21836,304,-400,9276,CD,3,D1_pwm150_grab4
21841,-560,-340,10074,CD,3,D1_pwm150_grab4
21846,-78,12,10830,CD,3,D1_pwm150_grab4
21857,920,1322,11222,CD,3,D1_pwm150_grab4
21862,654,-906,9796,CD,3,D1_pwm150_grab4
21866,-990,820,11278,CD,3,D1_pwm150_grab4
21872,2336,1028,10062,CD,3,D1_pwm150_grab4
21877,496,310,10378,CD,3,D1_pwm150_grab4
21881,396,-1058,10934,CD,3,D1_pwm150_grab4
21891,908,-744,10374,CD,3,D1_pwm150_grab4
21896,-50,-122,9074,CD,3,D1_pwm150_grab4
21907,-218,-1638,9764,CD,3,D1_pwm150_grab4
21912,-566,-2,10770,CD,3,D1_pwm150_grab4
21922,630,972,11624,CD,3,D1_pwm150_grab4
21927,384,-948,9810,CD,3,D1_pwm150_grab4
21931,-334,-1882,9810,CD,3,D1_pwm150_grab4
21937,1802,432,9024,CD,3,D1_pwm150_grab4
21941,-124,432,9814,CD,3,D1_pwm150_grab4
21947,882,418,11298,CD,3,D1_pwm150_grab4
21957,930,-296,10544,CD,3,D1_pwm150_grab4
21962,492,-56,9092,CD,3,D1_pwm150_grab4
21971,122,-1722,9598,CD,3,D1_pwm150_grab4
21976,856,64,10134,CD,3,D1_pwm150_grab4
21981,240,-64,11508,CD,3,D1_pwm150_grab4
21991,544,-1352,9948,CD,3,D1_pwm150_grab4
21997,-474,-1690,9976,CD,3,D1_pwm150_grab4
22001,1326,-108,8928,CD,3,D1_pwm150_grab4
22007,-292,200,10176,CD,3,D1_pwm150_grab4
22011,524,364,11298,CD,3,D1_pwm150_grab4
22022,272,216,11000,CD,3,D1_pwm150_grab4
22026,-72,-536,9978,CD,3,D1_pwm150_grab4
22032,-380,-1540,9786,CD,3,D1_pwm150_grab4
22036,1988,1056,10224,CD,3,D1_pwm150_grab4
22042,888,178,10370,CD,3,D1_pwm150_grab4
22046,324,-16,11288,CD,3,D1_pwm150_grab4
22051,-2806,-1844,9648,CD,3,D1_pwm150_grab4
22057,892,-1166,9972,CD,3,D1_pwm150_grab4
22061,884,-470,9144,CD,3,D1_pwm150_grab4
22071,922,-882,9448,CD,3,D1_pwm150_grab4
22077,-792,-170,10762,CD,3,D1_pwm150_grab4
22086,-260,-400,11406,CD,3,D1_pwm150_grab4
22091,-208,-728,10050,CD,3,D1_pwm150_grab4
22096,-454,-1798,9968,CD,3,D1_pwm150_grab4
22102,2200,806,8896,CD,3,D1_pwm150_grab4
22108,196,672,10118,CD,3,D1_pwm150_grab4
22112,1834,686,11074,CD,3,D1_pwm150_grab4
22117,-2654,-1640,9566,CD,3,D1_pwm150_grab4
22122,1034,-834,10278,CD,3,D1_pwm150_grab4
22127,-118,-38,9144,CD,3,D1_pwm150_grab4
22138,-422,-1860,9568,CD,3,D1_pwm150_grab4
22142,-914,-210,10572,CD,3,D1_pwm150_grab4
22147,194,-650,10882,CD,3,D1_pwm150_grab4
22153,-2374,-1998,10182,CD,3,D1_pwm150_grab4
22158,-370,-672,10004,CD,3,D1_pwm150_grab4
22163,-324,-1688,9928,CD,3,D1_pwm150_grab4
22168,1880,614,8736,CD,3,D1_pwm150_grab4
22172,84,636,9896,CD,3,D1_pwm150_grab4
22178,1444,810,11000,CD,3,D1_pwm150_grab4
22183,1880,-1200,8312,CD,3,D1_pwm150_grab4
22188,610,1162,11442,CD,3,D1_pwm150_grab4
22192,550,-722,9916,CD,3,D1_pwm150_grab4
22203,1382,-138,9664,CD,3,D1_pwm150_grab4
22208,576,-12,10088,CD,3,D1_pwm150_grab4
22213,116,-414,11028,CD,3,D1_pwm150_grab4
22217,-2508,-2052,10052,CD,3,D1_pwm150_grab4
22222,416,-1364,10120,CD,3,D1_pwm150_grab4
22227,-542,-652,9582,CD,3,D1_pwm150_grab4
22237,-92,-1796,9686,CD,3,D1_pwm150_grab4
22242,-636,112,10850,CD,3,D1_pwm150_grab4
22252,344,776,11506,CD,3,D1_pwm150_grab4
22258,360,-662,9854,CD,3,D1_pwm150_grab4
22262,-810,-454,10542,CD,3,D1_pwm150_grab4
22267,2102,1544,10022,CD,3,D1_pwm150_grab4
22272,-208,596,9960,CD,3,D1_pwm150_grab4
22277,908,766,11546,CD,3,D1_pwm150_grab4
22283,-1662,-1256,9272,CD,3,D1_pwm150_grab4
22287,1180,-116,10630,CD,3,D1_pwm150_grab4
22292,454,-266,8956,CD,3,D1_pwm150_grab4
22303,116,-1848,9562,CD,3,D1_pwm150_grab4
22307,-230,-260,10114,CD,3,D1_pwm150_grab4
22313,2312,-800,9886,CD,3,D1_pwm150_grab4
22317,-2860,-1676,10018,CD,3,D1_pwm150_grab4
3003,-340,-1268,10260,CD,0,D1_pwm150_grab5
3007,-646,-1104,8640,CD,0,D1_pwm150_grab5
3013,1570,734,12220,CD,0,D1_pwm150_grab5
3018,674,-1714,8960,CD,0,D1_pwm150_grab5
3028,114,1012,9926,CD,0,D1_pwm150_grab5
3032,630,2060,10606,CD,0,D1_pwm150_grab5
3037,1698,-730,10744,CD,0,D1_pwm150_grab5
3042,-2070,-3694,8688,CD,0,D1_pwm150_grab5
3047,-122,426,10106,CD,0,D1_pwm150_grab5
3052,820,-1156,11156,CD,0,D1_pwm150_grab5
3057,2554,-1190,8292,CD,0,D1_pwm150_grab5
3063,766,-526,8952,CD,0,D1_pwm150_grab5
3068,-4,1544,12398,CD,0,D1_pwm150_grab5
3073,1062,-238,8790,CD,0,D1_pwm150_grab5
3077,1720,1994,12818,CD,0,D1_pwm150_grab5
3082,1212,-1638,9208,CD,0,D1_pwm150_grab5
3087,-2074,3930,13752,CD,0,D1_pwm150_grab5
3092,-368,88,9850,CD,0,D1_pwm150_grab5
3098,-806,-928,10376,CD,0,D1_pwm150_grab5
3107,812,2082,11646,CD,0,D1_pwm150_grab5
3112,866,296,10332,CD,0,D1_pwm150_grab5
3118,804,326,11516,CD,0,D1_pwm150_grab5
3122,3346,-684,8418,CD,0,D1_pwm150_grab5
3127,990,1282,9718,CD,0,D1_pwm150_grab5
3132,142,794,11632,CD,0,D1_pwm150_grab5
3137,-2624,-4048,7788,CD,0,D1_pwm150_grab5
3143,92,-2182,10086,CD,0,D1_pwm150_grab5
3147,-826,-188,9048,CD,0,D1_pwm150_grab5
3152,904,3754,13646,CD,0,D1_pwm150_grab5
3159,-526,-1196,10126,CD,0,D1_pwm150_grab5
3163,-268,-1574,10082,CD,0,D1_pwm150_grab5
3168,-300,-952,8924,CD,0,D1_pwm150_grab5
3173,1440,1002,12404,CD,0,D1_pwm150_grab5
3178,678,-1722,8948,CD,0,D1_pwm150_grab5
3189,294,1476,10140,CD,0,D1_pwm150_grab5
3194,-546,1050,11262,CD,0,D1_pwm150_grab5
3203,-2268,-3968,8818,CD,0,D1_pwm150_grab5
3209,-278,202,9966,CD,0,D1_pwm150_grab5
3213,844,-114,11498,CD,0,D1_pwm150_grab5
3218,2858,-1220,8142,CD,0,D1_pwm150_grab5
3223,650,-1498,8572,CD,0,D1_pwm150_grab5
3228,86,1620,11910,CD,0,D1_pwm150_grab5
3234,-1994,-2042,8428,CD,0,D1_pwm150_grab5
3238,1028,-806,11516,CD,0,D1_pwm150_grab5
3244,1488,-1242,9602,CD,0,D1_pwm150_grab5
3254,-26,1046,10146,CD,0,D1_pwm150_grab5
3259,-884,-306,10742,CD,0,D1_pwm150_grab5
3268,152,922,11168,CD,0,D1_pwm150_grab5
3274,376,424,10290,CD,0,D1_pwm150_grab5
3278,-168,-1428,11286,CD,0,D1_pwm150_grab5
3284,1740,-1738,8114,CD,0,D1_pwm150_grab5
3288,24,-2154,9456,CD,0,D1_pwm150_grab5
3293,-270,1620,12272,CD,0,D1_pwm150_grab5
3298,-2620,-3234,7880,CD,0,D1_pwm150_grab5
3304,236,-1940,10610,CD,0,D1_pwm150_grab5
3308,-774,-1092,8718,CD,0,D1_pwm150_grab5
3313,-1190,3650,13524,CD,0,D1_pwm150_grab5
3318,-430,210,10424,CD,0,D1_pwm150_grab5
3324,-342,-990,10112,CD,0,D1_pwm150_grab5
3333,990,2370,11954,CD,0,D1_pwm150_grab5
3339,1212,106,10536,CD,0,D1_pwm150_grab5
3344,-1684,-2680,10694,CD,0,D1_pwm150_grab5
3348,1084,-1238,9104,CD,0,D1_pwm150_grab5
3354,704,1136,10050,CD,0,D1_pwm150_grab5
3358,148,380,11346,CD,0,D1_pwm150_grab5
3363,-2724,-4162,7840,CD,0,D1_pwm150_grab5
3369,-104,-2244,10010,CD,0,D1_pwm150_grab5
3373,-922,18,9344,CD,0,D1_pwm150_grab5
3378,1376,3032,12900,CD,0,D1_pwm150_grab5
3383,-444,-1148,10284,CD,0,D1_pwm150_grab5
3388,24,-1106,10410,CD,0,D1_pwm150_grab5
3398,1738,2938,12438,CD,0,D1_pwm150_grab5
3403,1550,-542,10276,CD,0,D1_pwm150_grab5
3414,-88,990,10002,CD,0,D1_pwm150_grab5
3419,-640,496,10708,CD,0,D1_pwm150_grab5
3429,-650,-972,10364,CD,0,D1_pwm150_grab5
3434,100,186,9976,CD,0,D1_pwm150_grab5
3439,596,-122,11356,CD,0,D1_pwm150_grab5
3445,2902,-734,8542,CD,0,D1_pwm150_grab5
3449,652,-1208,8996,CD,0,D1_pwm150_grab5
3456,430,416,11516,CD,0,D1_pwm150_grab5
3460,-2306,-1876,8502,CD,0,D1_pwm150_grab5
3464,690,-828,11400,CD,0,D1_pwm150_grab5
3470,-202,-1560,8508,CD,0,D1_pwm150_grab5
3480,-312,680,10216,CD,0,D1_pwm150_grab5
3484,-490,-246,10652,CD,0,D1_pwm150_grab5
3494,1800,2896,12440,CD,0,D1_pwm150_grab5
3499,490,384,10550,CD,0,D1_pwm150_grab5
3505,-136,-1374,10962,CD,0,D1_pwm150_grab5
3509,1978,-1470,8512,CD,0,D1_pwm150_grab5
3514,838,-136,9102,CD,0,D1_pwm150_grab5
3519,-248,1552,12354,CD,0,D1_pwm150_grab5
3524,-2782,-3096,7722,CD,0,D1_pwm150_grab5
3529,228,-1850,10496,CD,0,D1_pwm150_grab5
3535,90,640,10786,CD,0,D1_pwm150_grab5
3544,-508,252,10422,CD,0,D1_pwm150_grab5
3549,-322,-932,10420,CD,0,D1_pwm150_grab5
3560,1260,2260,11786,CD,0,D1_pwm150_grab5
3564,1014,86,10432,CD,0,D1_pwm150_grab5
3569,-1530,-2372,10652,CD,0,D1_pwm150_grab5
3574,78,212,9842,CD,0,D1_pwm150_grab5
3579,68,1828,11104,CD,0,D1_pwm150_grab5
3584,70,1216,11840,CD,0,D1_pwm150_grab5
3589,-2554,-3624,8134,CD,0,D1_pwm150_grab5
3594,-116,-2038,10084,CD,0,D1_pwm150_grab5
3600,-778,-24,9084,CD,0,D1_pwm150_grab5
3605,1106,2910,12860,CD,0,D1_pwm150_grab5
3610,-448,-934,10136,CD,0,D1_pwm150_grab5
3615,754,796,11108,CD,0,D1_pwm150_grab5
3619,-774,-598,8764,CD,0,D1_pwm150_grab5
3624,1346,810,12084,CD,0,D1_pwm150_grab5
3630,1406,-664,9892,CD,0,D1_pwm150_grab5
3639,642,-230,9474,CD,0,D1_pwm150_grab5
3645,478,1724,10436,CD,0,D1_pwm150_grab5
3649,956,188,11126,CD,0,D1_pwm150_grab5
3655,-618,-1082,9952,CD,0,D1_pwm150_grab5
3660,-168,-32,9778,CD,0,D1_pwm150_grab5
3664,740,-634,11040,CD,0,D1_pwm150_grab5
3670,3104,-614,8278,CD,0,D1_pwm150_grab5
3676,638,-918,9044,CD,0,D1_pwm150_grab5
3681,228,1406,12004,CD,0,D1_pwm150_grab5
3685,-2134,-1506,8544,CD,0,D1_pwm150_grab5
3691,1004,-566,11530,CD,0,D1_pwm150_grab5
3696,-868,234,9372,CD,0,D1_pwm150_grab5
3700,1580,2552,12810,CD,0,D1_pwm150_grab5
3706,-612,-1570,9980,CD,0,D1_pwm150_grab5
3710,14,-978,10422,CD,0,D1_pwm150_grab5
3720,158,586,10668,CD,0,D1_pwm150_grab5
3726,200,214,9980,CD,0,D1_pwm150_grab5
3731,158,-1836,10576,CD,0,D1_pwm150_grab5
3735,620,70,9710,CD,0,D1_pwm150_grab5
3740,628,1654,10754,CD,0,D1_pwm150_grab5
3746,1598,116,11106,CD,0,D1_pwm150_grab5
3751,-1918,-3190,8956,CD,0,D1_pwm150_grab5
3755,376,-1604,10688,CD,0,D1_pwm150_grab5
3760,-766,-684,9078,CD,0,D1_pwm150_grab5
3770,-596,-620,9714,CD,0,D1_pwm150_grab5
3776,940,-100,11242,CD,0,D1_pwm150_grab5
3781,1178,-706,8310,CD,0,D1_pwm150_grab5
3785,1830,2132,12940,CD,0,D1_pwm150_grab5
3790,1224,-1344,9454,CD,0,D1_pwm150_grab5
3800,1146,-456,9214,CD,0,D1_pwm150_grab5
3806,976,1354,9928,CD,0,D1_pwm150_grab5
3810,-78,1126,11678,CD,0,D1_pwm150_grab5
3815,-988,-2344,9118,CD,0,D1_pwm150_grab5
3821,-576,-362,9626,CD,0,D1_pwm150_grab5
3825,920,8,10660,CD,0,D1_pwm150_grab5
3830,3386,-140,9436,CD,0,D1_pwm150_grab5
3836,180,-1530,9216,CD,0,D1_pwm150_grab5
3840,-200,-912,10358,CD,0,D1_pwm150_grab5
3850,1280,2616,12916,CD,0,D1_pwm150_grab5
3855,1764,-792,9688,CD,0,D1_pwm150_grab5
3866,178,680,9746,CD,0,D1_pwm150_grab5
3871,-824,160,10786,CD,0,D1_pwm150_grab5
3880,-444,-756,9918,CD,0,D1_pwm150_grab5
3885,-442,-1252,9872,CD,0,D1_pwm150_grab5
3890,-102,338,10138,CD,0,D1_pwm150_grab5
3895,3182,1328,11598,CD,0,D1_pwm150_grab5
3900,730,-482,9264,CD,0,D1_pwm150_grab5
3906,124,1522,11988,CD,0,D1_pwm150_grab5
3910,-2464,-2294,8140,CD,0,D1_pwm150_grab5
3915,994,-946,11532,CD,0,D1_pwm150_grab5
3920,-232,-1166,9048,CD,0,D1_pwm150_grab5
3931,-266,-142,9630,CD,0,D1_pwm150_grab5
3937,-46,-766,10748,CD,0,D1_pwm150_grab5
3942,3098,-262,8388,CD,0,D1_pwm150_grab5
3946,1684,2646,12648,CD,0,D1_pwm150_grab5
3952,1570,-1100,9620,CD,0,D1_pwm150_grab5
3962,522,454,9640,CD,0,D1_pwm150_grab5
3966,444,1962,10958,CD,0,D1_pwm150_grab5
3972,-266,1528,12068,CD,0,D1_pwm150_grab5
3976,-2576,-3556,7684,CD,0,D1_pwm150_grab5
3981,-630,-938,9622,CD,0,D1_pwm150_grab5
3986,584,792,10702,CD,0,D1_pwm150_grab5
3997,-196,-2118,9342,CD,0,D1_pwm150_grab5
4001,1012,140,10994,CD,0,D1_pwm150_grab5
4006,502,-470,8836,CD,0,D1_pwm150_grab5
4011,1058,2592,12168,CD,0,D1_pwm150_grab5
4016,1480,-278,10076,CD,0,D1_pwm150_grab5
4026,358,906,9932,CD,0,D1_pwm150_grab5
4032,-306,1440,10898,CD,0,D1_pwm150_grab5
4041,-1076,-1750,9580,CD,0,D1_pwm150_grab5
4047,-408,8,9702,CD,0,D1_pwm150_grab5
4052,922,184,11180,CD,0,D1_pwm150_grab5
4056,2206,2742,12846,CD,0,D1_pwm150_grab5
4061,488,-1560,9048,CD,0,D1_pwm150_grab5
4066,362,1434,11126,CD,0,D1_pwm150_grab5
4071,-1650,-1786,8346,CD,0,D1_pwm150_grab5
4076,1180,-272,12002,CD,0,D1_pwm150_grab5
4081,198,-1760,8894,CD,0,D1_pwm150_grab5
4091,-24,770,9922,CD,0,D1_pwm150_grab5
4097,520,2060,11044,CD,0,D1_pwm150_grab5
4107,-346,364,10980,CD,0,D1_pwm150_grab5
4112,206,396,10186,CD,0,D1_pwm150_grab5
4116,210,-1552,10874,CD,0,D1_pwm150_grab5
4121,1974,-1500,8010,CD,0,D1_pwm150_grab5
4127,948,-40,9180,CD,0,D1_pwm150_grab5
4131,-148,1694,12452,CD,0,D1_pwm150_grab5
4136,-2528,-3108,7660,CD,0,D1_pwm150_grab5
4141,686,-1676,10844,CD,0,D1_pwm150_grab5
4146,-776,-1090,8876,CD,0,D1_pwm150_grab5
4152,-1602,3870,14112,CD,0,D1_pwm150_grab5
4156,-482,-48,10198,CD,0,D1_pwm150_grab5
4161,-698,-1166,10416,CD,0,D1_pwm150_grab5
4171,770,2168,11834,CD,0,D1_pwm150_grab5
4177,1048,0,10240,CD,0,D1_pwm150_grab5
4187,296,728,10040,CD,0,D1_pwm150_grab5
4193,62,1844,11024,CD,0,D1_pwm150_grab5
4203,-1416,-2534,9502,CD,0,D1_pwm150_grab5
4207,-420,-360,9604,CD,0,D1_pwm150_grab5
4212,772,722,11244,CD,0,D1_pwm150_grab5
4222,884,808,9160,CD,0,D1_pwm150_grab5
4227,466,1194,11226,CD,0,D1_pwm150_grab5
4233,-912,-1126,8750,CD,0,D1_pwm150_grab5
4238,1386,532,12326,CD,0,D1_pwm150_grab5
4242,678,-1752,8944,CD,0,D1_pwm150_grab5
4252,26,1212,10170,CD,0,D1_pwm150_grab5
4257,-520,436,10984,CD,0,D1_pwm150_grab5
4268,-628,-590,10656,CD,0,D1_pwm150_grab5
4273,-66,210,10012,CD,0,D1_pwm150_grab5
4277,700,-534,11262,CD,0,D1_pwm150_grab5
4282,2902,-1270,7858,CD,0,D1_pwm150_grab5
4288,772,-1072,8644,CD,0,D1_pwm150_grab5
4293,196,1774,12524,CD,0,D1_pwm150_grab5
4297,-2198,-2442,8014,CD,0,D1_pwm150_grab5
4303,-190,-1844,9952,CD,0,D1_pwm150_grab5
4308,-708,566,9750,CD,0,D1_pwm150_grab5
4313,-3022,3372,13716,CD,0,D1_pwm150_grab5
4318,-290,736,10284,CD,0,D1_pwm150_grab5
4323,-670,-712,10538,CD,0,D1_pwm150_grab5
4333,570,1378,11258,CD,0,D1_pwm150_grab5
4337,512,198,10424,CD,0,D1_pwm150_grab5
4348,248,-8,9912,CD,0,D1_pwm150_grab5
4352,912,588,9048,CD,0,D1_pwm150_grab5
4357,-92,1510,12280,CD,0,D1_pwm150_grab5
4363,-2610,-3672,7446,CD,0,D1_pwm150_grab5
4367,36,-2042,10256,CD,0,D1_pwm150_grab5
4372,-694,-618,8872,CD,0,D1_pwm150_grab5
4377,-288,3666,13514,CD,0,D1_pwm150_grab5
4382,-116,-2162,9486,CD,0,D1_pwm150_grab5
4387,1050,190,11204,CD,0,D1_pwm150_grab5
4392,648,-260,9406,CD,0,D1_pwm150_grab5
4398,1514,2644,11852,CD,0,D1_pwm150_grab5
4402,1264,-254,10222,CD,0,D1_pwm150_grab5
4407,-2306,-2726,10276,CD,0,D1_pwm150_grab5
4413,886,-1138,9116,CD,0,D1_pwm150_grab5
4417,746,1618,9870,CD,0,D1_pwm150_grab5
4427,-1158,-1942,9704,CD,0,D1_pwm150_grab5
4433,-196,-136,9674,CD,0,D1_pwm150_grab5
4439,676,514,11304,CD,0,D1_pwm150_grab5
4448,322,-1850,8820,CD,0,D1_pwm150_grab5
4454,514,1210,11408,CD,0,D1_pwm150_grab5
4459,-860,-1296,8900,CD,0,D1_pwm150_grab5
4463,158,-2080,10182,CD,0,D1_pwm150_grab5
4468,-868,-270,9266,CD,0,D1_pwm150_grab5
4473,108,3148,13358,CD,0,D1_pwm150_grab5
4478,-590,-624,10538,CD,0,D1_pwm150_grab5
4484,-666,616,11084,CD,0,D1_pwm150_grab5
4493,-364,-408,10464,CD,0,D1_pwm150_grab5
4499,-96,314,10066,CD,0,D1_pwm150_grab5
4503,-2474,-2648,10192,CD,0,D1_pwm150_grab5
4509,798,-742,9306,CD,0,D1_pwm150_grab5
4513,806,1386,10176,CD,0,D1_pwm150_grab5
4518,412,-26,11360,CD,0,D1_pwm150_grab5
4524,-1990,-2430,8208,CD,0,D1_pwm150_grab5
4529,712,-976,11292,CD,0,D1_pwm150_grab5
4534,-248,-1434,8506,CD,0,D1_pwm150_grab5
4544,-546,-1592,10034,CD,0,D1_pwm150_grab5
4548,-90,-822,10596,CD,0,D1_pwm150_grab5
4558,1702,2902,12386,CD,0,D1_pwm150_grab5
4563,1462,-900,9836,CD,0,D1_pwm150_grab5
4568,-72,-1822,10750,CD,0,D1_pwm150_grab5
4573,1856,-1164,8362,CD,0,D1_pwm150_grab5
4578,948,368,9192,CD,0,D1_pwm150_grab5
4584,-144,1550,12374,CD,0,D1_pwm150_grab5
4588,-2154,-3606,8842,CD,0,D1_pwm150_grab5
4593,-270,-1360,9474,CD,0,D1_pwm150_grab5
4598,-58,674,10254,CD,0,D1_pwm150_grab5
4604,2912,1318,11112,CD,0,D1_pwm150_grab5
4608,-546,-416,10094,CD,0,D1_pwm150_grab5
4614,-632,-1218,10224,CD,0,D1_pwm150_grab5
4623,714,1952,11912,CD,0,D1_pwm150_grab5
4628,1344,-1202,9580,CD,0,D1_pwm150_grab5
4639,464,600,9814,CD,0,D1_pwm150_grab5
4644,134,1960,11018,CD,0,D1_pwm150_grab5
4648,3066,-1640,9968,CD,0,D1_pwm150_grab5
4654,-2628,-3580,8070,CD,0,D1_pwm150_grab5
4658,230,-2006,10066,CD,0,D1_pwm150_grab5
4663,-858,-448,9206,CD,0,D1_pwm150_grab5
4668,3636,924,10292,CD,0,D1_pwm150_grab5
4674,-148,-2150,9288,CD,0,D1_pwm150_grab5
4679,1156,314,10964,CD,0,D1_pwm150_grab5
4683,506,-164,8948,CD,0,D1_pwm150_grab5
4688,1694,1612,12670,CD,0,D1_pwm150_grab5
4694,1112,-1504,9292,CD,0,D1_pwm150_grab5
4704,306,690,9912,CD,0,D1_pwm150_grab5
4709,-800,-946,10618,CD,0,D1_pwm150_grab5
4719,530,1624,11326,CD,0,D1_pwm150_grab5
4725,772,88,10132,CD,0,D1_pwm150_grab5
4730,-454,-2056,10630,CD,0,D1_pwm150_grab5
4734,1648,-1392,8286,CD,0,D1_pwm150_grab5
4739,206,-1848,9176,CD,0,D1_pwm150_grab5
4745,806,1032,10798,CD,0,D1_pwm150_grab5
4749,-2578,-3302,8052,CD,0,D1_pwm150_grab5
4755,124,-2090,10052,CD,0,D1_pwm150_grab5
4759,-790,-666,8996,CD,0,D1_pwm150_grab5
4770,-572,-312,10326,CD,0,D1_pwm150_grab5
4775,-596,-1194,10226,CD,0,D1_pwm150_grab5
4784,-916,-1118,10210,CD,0,D1_pwm150_grab5
4790,1334,-130,10094,CD,0,D1_pwm150_grab5
4794,-1620,-2462,10628,CD,0,D1_pwm150_grab5
4799,1112,-1112,8934,CD,0,D1_pwm150_grab5
4804,940,1310,9734,CD,0,D1_pwm150_grab5
4809,44,1088,11802,CD,0,D1_pwm150_grab5
4815,-2370,-3674,8400,CD,0,D1_pwm150_grab5
4819,-100,-2096,9910,CD,0,D1_pwm150_grab5
4825,110,-1642,9008,CD,0,D1_pwm150_grab5
4834,-628,-1092,10310,CD,0,D1_pwm150_grab5
4840,-148,-1082,10218,CD,0,D1_pwm150_grab5
4844,4296,-270,7788,CD,0,D1_pwm150_grab5
4850,1352,2868,12652,CD,0,D1_pwm150_grab5
4854,1694,-548,9928,CD,0,D1_pwm150_grab5
4859,-3316,-2394,10014,CD,0,D1_pwm150_grab5
4864,2598,-1122,8056,CD,0,D1_pwm150_grab5
4869,720,1656,10442,CD,0,D1_pwm150_grab5
4875,594,134,11256,CD,0,D1_pwm150_grab5
4879,-2236,-3658,8970,CD,0,D1_pwm150_grab5
4885,-242,-1760,9734,CD,0,D1_pwm150_grab5
4890,-644,514,9732,CD,0,D1_pwm150_grab5
4894,2268,2416,12208,CD,0,D1_pwm150_grab5
4899,-480,-1764,10098,CD,0,D1_pwm150_grab5
4904,246,-798,10630,CD,0,D1_pwm150_grab5
4909,2670,-102,8540,CD,0,D1_pwm150_grab5
4915,1678,2756,12792,CD,0,D1_pwm150_grab5
4920,1532,-1038,9866,CD,0,D1_pwm150_grab5
4929,380,-132,9734,CD,0,D1_pwm150_grab5
4934,394,1700,11036,CD,0,D1_pwm150_grab5
4940,2174,-938,10784,CD,0,D1_pwm150_grab5
4944,-2114,-3332,9222,CD,0,D1_pwm150_grab5
4951,130,228,10156,CD,0,D1_pwm150_grab5
4955,380,-636,11064,CD,0,D1_pwm150_grab5
4960,2516,-968,8144,CD,0,D1_pwm150_grab5
4965,730,-530,8920,CD,0,D1_pwm150_grab5
4970,46,1846,12364,CD,0,D1_pwm150_grab5
4975,-2314,-2446,8214,CD,0,D1_pwm150_grab5
4981,534,-1128,11256,CD,0,D1_pwm150_grab5
4986,-372,-1324,8690,CD,0,D1_pwm150_grab5
4990,1684,2186,11996,CD,0,D1_pwm150_grab5
4995,-318,114,10134,CD,0,D1_pwm150_grab5
5000,-700,-534,10618,CD,0,D1_pwm150_grab5
5011,64,1014,11696,CD,0,D1_pwm150_grab5
5015,466,114,10220,CD,0,D1_pwm150_grab5
5020,-350,-1896,10598,CD,0,D1_pwm150_grab5
5025,1718,-1048,8298,CD,0,D1_pwm150_grab5
5030,320,1720,10638,CD,0,D1_pwm150_grab5
5036,-194,1708,12386,CD,0,D1_pwm150_grab5
5041,-2604,-2896,8064,CD,0,D1_pwm150_grab5
5046,348,-1696,10608,CD,0,D1_pwm150_grab5
5050,-722,-856,8810,CD,0,D1_pwm150_grab5
5055,-1692,3280,13850,CD,0,D1_pwm150_grab5
5060,-456,-224,10336,CD,0,D1_pwm150_grab5
5065,-592,-916,10392,CD,0,D1_pwm150_grab5
5071,1678,22,8656,CD,0,D1_pwm150_grab5
5076,1748,2384,12606,CD,0,D1_pwm150_grab5
5081,902,-32,10414,CD,0,D1_pwm150_grab5
5085,-834,-2362,10620,CD,0,D1_pwm150_grab5
5090,1496,-1188,8484,CD,0,D1_pwm150_grab5
5095,944,922,9590,CD,0,D1_pwm150_grab5
5100,-54,1364,12078,CD,0,D1_pwm150_grab5
5106,-2680,-3218,8016,CD,0,D1_pwm150_grab5
5110,-310,-876,9658,CD,0,D1_pwm150_grab5
5116,410,732,10980,CD,0,D1_pwm150_grab5
5120,-228,3286,13466,CD,0,D1_pwm150_grab5
5125,-586,-628,10480,CD,0,D1_pwm150_grab5
5130,-466,-1138,10190,CD,0,D1_pwm150_grab5
5141,1376,2400,11828,CD,0,D1_pwm150_grab5
5145,1174,-314,10176,CD,0,D1_pwm150_grab5
5150,-1714,-2516,10482,CD,0,D1_pwm150_grab5
5155,218,420,10114,CD,0,D1_pwm150_grab5
5160,-6,1306,10942,CD,0,D1_pwm150_grab5
5165,208,926,11862,CD,0,D1_pwm150_grab5
5170,-2506,-3564,8204,CD,0,D1_pwm150_grab5
5175,-140,-1980,9886,CD,0,D1_pwm150_grab5
5181,-712,58,9320,CD,0,D1_pwm150_grab5
5185,820,2892,12774,CD,0,D1_pwm150_grab5
5191,-544,-1082,10244,CD,0,D1_pwm150_grab5
5195,1038,1052,11300,CD,0,D1_pwm150_grab5
5201,-524,-568,9076,CD,0,D1_pwm150_grab5
5206,1470,930,12072,CD,0,D1_pwm150_grab5
5211,638,-1586,8970,CD,0,D1_pwm150_grab5
5221,176,718,10186,CD,0,D1_pwm150_grab5
5226,-390,704,11038,CD,0,D1_pwm150_grab5
5237,866,2088,12002,CD,0,D1_pwm150_grab5
5241,1112,-188,10296,CD,0,D1_pwm150_grab5
5248,-1346,-2224,10738,CD,0,D1_pwm150_grab5
5252,3380,-392,8112,CD,0,D1_pwm150_grab5
5256,428,-1324,8854,CD,0,D1_pwm150_grab5
5261,506,1528,11546,CD,0,D1_pwm150_grab5
5267,-1340,-1128,8918,CD,0,D1_pwm150_grab5
5271,1214,90,11716,CD,0,D1_pwm150_grab5
5277,-816,-326,9306,CD,0,D1_pwm150_grab5
5281,254,3068,13148,CD,0,D1_pwm150_grab5
5286,-556,-986,10448,CD,0,D1_pwm150_grab5
5292,-748,214,10978,CD,0,D1_pwm150_grab5
5301,-350,-390,10496,CD,0,D1_pwm150_grab5
5306,-112,146,9872,CD,0,D1_pwm150_grab5
5311,614,-816,10720,CD,0,D1_pwm150_grab5
5316,976,-652,9224,CD,0,D1_pwm150_grab5
5321,874,1568,10304,CD,0,D1_pwm150_grab5
5327,184,438,11570,CD,0,D1_pwm150_grab5
5332,-2446,-3626,8426,CD,0,D1_pwm150_grab5
5336,824,-782,11378,CD,0,D1_pwm150_grab5
5342,-196,-1280,8792,CD,0,D1_pwm150_grab5
5351,-226,40,9754,CD,0,D1_pwm150_grab5
5356,-114,-922,10392,CD,0,D1_pwm150_grab5
5361,3726,212,8384,CD,0,D1_pwm150_grab5
5367,1572,2666,12586,CD,0,D1_pwm150_grab5
5371,1556,-862,9862,CD,0,D1_pwm150_grab5
5376,276,-1784,10594,CD,0,D1_pwm150_grab5
5381,1964,-944,8336,CD,0,D1_pwm150_grab5
5387,982,276,9232,CD,0,D1_pwm150_grab5
5392,6,1866,12570,CD,0,D1_pwm150_grab5
5397,-2138,-3620,8604,CD,0,D1_pwm150_grab5
5401,-314,-1490,9660,CD,0,D1_pwm150_grab5
5406,-468,592,9666,CD,0,D1_pwm150_grab5
5412,2234,1816,11898,CD,0,D1_pwm150_grab5
5416,-676,-1982,9590,CD,0,D1_pwm150_grab5
5421,-956,-1028,10604,CD,0,D1_pwm150_grab5
5431,148,1310,11664,CD,0,D1_pwm150_grab5
5436,1554,-1056,9738,CD,0,D1_pwm150_grab5
5446,606,334,9538,CD,0,D1_pwm150_grab5
5452,504,1890,10982,CD,0,D1_pwm150_grab5
5456,1536,-600,10850,CD,0,D1_pwm150_grab5
5462,-1832,-3328,8976,CD,0,D1_pwm150_grab5
5467,-476,-1346,9504,CD,0,D1_pwm150_grab5
5473,-90,566,9896,CD,0,D1_pwm150_grab5
5477,2896,-994,7876,CD,0,D1_pwm150_grab5
5483,720,-626,9124,CD,0,D1_pwm150_grab5
5487,450,1726,12060,CD,0,D1_pwm150_grab5
5492,-2190,-1498,8632,CD,0,D1_pwm150_grab5
5497,1044,-660,11450,CD,0,D1_pwm150_grab5
5504,-162,-1274,9108,CD,0,D1_pwm150_grab5
5513,672,432,9696,CD,0,D1_pwm150_grab5
5517,-936,-378,10834,CD,0,D1_pwm150_grab5
5528,-224,234,10744,CD,0,D1_pwm150_grab5
5533,152,40,9882,CD,0,D1_pwm150_grab5
5537,350,-1516,10412,CD,0,D1_pwm150_grab5
5542,2438,-662,8346,CD,0,D1_pwm150_grab5
5547,-282,-1652,9598,CD,0,D1_pwm150_grab5
5552,1210,234,10928,CD,0,D1_pwm150_grab5
5557,-2480,-1976,8502,CD,0,D1_pwm150_grab5
5562,804,-1144,11096,CD,0,D1_pwm150_grab5
5567,-496,-990,9018,CD,0,D1_pwm150_grab5
5577,-296,-434,9710,CD,0,D1_pwm150_grab5
5583,-1124,-652,10756,CD,0,D1_pwm150_grab5
5592,-1490,-2526,9668,CD,0,D1_pwm150_grab5
5597,312,74,9928,CD,0,D1_pwm150_grab5
5602,66,-1926,10308,CD,0,D1_pwm150_grab5
5607,1974,-598,8398,CD,0,D1_pwm150_grab5
5613,1044,676,9410,CD,0,D1_pwm150_grab5
5617,-68,1524,12598,CD,0,D1_pwm150_grab5
5622,-2720,-2184,8312,CD,0,D1_pwm150_grab5
5628,684,-1314,10892,CD,0,D1_pwm150_grab5
5633,1188,-1360,9442,CD,0,D1_pwm150_grab5
5643,-444,-692,9662,CD,0,D1_pwm150_grab5
5647,-1104,-1006,10528,CD,0,D1_pwm150_grab5
5658,280,1080,11342,CD,0,D1_pwm150_grab5
5662,528,-18,9958,CD,0,D1_pwm150_grab5
5667,-228,-2002,10322,CD,0,D1_pwm150_grab5
5673,1764,-614,8608,CD,0,D1_pwm150_grab5
5677,-112,-1362,9548,CD,0,D1_pwm150_grab5
5682,-58,1466,12440,CD,0,D1_pwm150_grab5
5687,-2734,-2358,8432,CD,0,D1_pwm150_grab5
5692,508,-1490,10782,CD,0,D1_pwm150_grab5
5697,-676,-688,9288,CD,0,D1_pwm150_grab5
5707,-492,-942,9750,CD,0,D1_pwm150_grab5
5712,-914,-1072,10430,CD,0,D1_pwm150_grab5
5718,2616,-666,8174,CD,0,D1_pwm150_grab5
5723,1634,2378,12582,CD,0,D1_pwm150_grab5
5728,1542,-1088,9626,CD,0,D1_pwm150_grab5
5733,-4012,-680,10372,CD,0,D1_pwm150_grab5
5738,764,640,9642,CD,0,D1_pwm150_grab5
5744,422,1532,10796,CD,0,D1_pwm150_grab5
5749,1414,-504,10778,CD,0,D1_pwm150_grab5
5753,-1750,-2948,9174,CD,0,D1_pwm150_grab5
5758,-94,-100,9728,CD,0,D1_pwm150_grab5
5764,-86,350,9760,CD,0,D1_pwm150_grab5
5769,2378,822,10794,CD,0,D1_pwm150_grab5
5774,-524,-1888,9512,CD,0,D1_pwm150_grab5
5779,454,54,10864,CD,0,D1_pwm150_grab5
5783,2230,-630,8192,CD,0,D1_pwm150_grab5
5788,1590,2172,12624,CD,0,D1_pwm150_grab5
5793,1548,-1150,9614,CD,0,D1_pwm150_grab5
5804,730,610,9840,CD,0,D1_pwm150_grab5
5809,368,1532,10602,CD,0,D1_pwm150_grab5
5814,1738,-540,10724,CD,0,D1_pwm150_grab5
5818,-1792,-2646,9544,CD,0,D1_pwm150_grab5
5823,-296,-1032,9778,CD,0,D1_pwm150_grab5
5828,-180,8,9842,CD,0,D1_pwm150_grab5
5833,2492,282,10352,CD,0,D1_pwm150_grab5
5838,762,274,9440,CD,0,D1_pwm150_grab5
5843,432,1604,12160,CD,0,D1_pwm150_grab5
5849,2002,-870,8150,CD,0,D1_pwm150_grab5
5854,1456,1888,12680,CD,0,D1_pwm150_grab5
5859,1496,-1256,9522,CD,0,D1_pwm150_grab5
5868,670,548,9934,CD,0,D1_pwm150_grab5
5873,364,1084,10646,CD,0,D1_pwm150_grab5
5879,1864,-840,10746,CD,0,D1_pwm150_grab5
5883,-52,78,10748,CD,0,D1_pwm150_grab5
5888,-264,-920,9790,CD,0,D1_pwm150_grab5
5893,-108,-136,10008,CD,0,D1_pwm150_grab5
5899,2760,80,10214,CD,0,D1_pwm150_grab5
5903,-512,-1542,9782,CD,0,D1_pwm150_grab5
5909,780,496,11276,CD,0,D1_pwm150_grab5
5913,1992,-918,8278,CD,0,D1_pwm150_grab5
5918,1522,1998,12668,CD,0,D1_pwm150_grab5
5923,-116,-810,9112,CD,0,D1_pwm150_grab5
5933,748,684,10132,CD,0,D1_pwm150_grab5
5938,446,842,10854,CD,0,D1_pwm150_grab5
5944,1702,-858,10644,CD,0,D1_pwm150_grab5
5948,-1938,-2596,9628,CD,0,D1_pwm150_grab5
5954,-206,-1118,9756,CD,0,D1_pwm150_grab5
5959,-170,58,9896,CD,0,D1_pwm150_grab5
5963,2474,-254,8392,CD,0,D1_pwm150_grab5
5968,694,364,9526,CD,0,D1_pwm150_grab5
5975,454,1662,11886,CD,0,D1_pwm150_grab5
5979,-2258,-1786,8302,CD,0,D1_pwm150_grab5
5984,952,-510,11414,CD,0,D1_pwm150_grab5
5989,34,-800,9074,CD,0,D1_pwm150_grab5
5999,-194,-704,9646,CD,0,D1_pwm150_grab5
6005,-342,-524,10290,CD,0,D1_pwm150_grab5
6014,1342,2112,11782,CD,0,D1_pwm150_grab5
6019,58,-186,9848,CD,0,D1_pwm150_grab5
6024,168,-1970,10146,CD,0,D1_pwm150_grab5
6029,2512,-340,8110,CD,0,D1_pwm150_grab5
6034,646,306,9556,CD,0,D1_pwm150_grab5
6040,604,1674,11642,CD,0,D1_pwm150_grab5
6045,-2582,-2814,8764,CD,0,D1_pwm150_grab5
6049,-82,-1568,10142,CD,0,D1_pwm150_grab5
6055,-574,216,9606,CD,0,D1_pwm150_grab5
6064,-120,-494,9798,CD,0,D1_pwm150_grab5
6069,-866,-784,10300,CD,0,D1_pwm150_grab5
6080,-466,-214,10984,CD,0,D1_pwm150_grab5
6085,1300,-724,9800,CD,0,D1_pwm150_grab5
6090,-1842,-1400,10664,CD,0,D1_pwm150_grab5
6094,1454,754,9980,CD,0,D1_pwm150_grab5
6100,970,1604,10194,CD,0,D1_pwm150_grab5
6105,854,1658,11714,CD,0,D1_pwm150_grab5
6109,-1692,-2014,8378,CD,0,D1_pwm150_grab5
6115,1084,-334,11532,CD,0,D1_pwm150_grab5
6119,206,-800,9162,CD,0,D1_pwm150_grab5
6125,26,1212,12136,CD,0,D1_pwm150_grab5
6129,-780,-1862,9786,CD,0,D1_pwm150_grab5
6135,-488,-782,10142,CD,0,D1_pwm150_grab5
6144,-468,-184,10790,CD,0,D1_pwm150_grab5
6149,-98,-244,9800,CD,0,D1_pwm150_grab5
6155,432,-1902,10160,CD,0,D1_pwm150_grab5
6159,2792,-302,8116,CD,0,D1_pwm150_grab5
6164,1156,1428,10414,CD,0,D1_pwm150_grab5
6170,-96,364,11414,CD,0,D1_pwm150_grab5
6175,-2660,-3356,8458,CD,0,D1_pwm150_grab5
6179,146,-1504,10182,CD,0,D1_pwm150_grab5
6184,-750,240,9812,CD,0,D1_pwm150_grab5
6194,112,-492,9528,CD,0,D1_pwm150_grab5
6200,-818,-512,10462,CD,0,D1_pwm150_grab5
6209,822,2014,12086,CD,0,D1_pwm150_grab5
6215,1178,-678,9846,CD,0,D1_pwm150_grab5
6220,-1350,-2096,10018,CD,0,D1_pwm150_grab5
6224,1618,822,9788,CD,0,D1_pwm150_grab5
6231,1174,1432,10496,CD,0,D1_pwm150_grab5
6235,-202,570,11610,CD,0,D1_pwm150_grab5
6241,-2740,-3352,8322,CD,0,D1_pwm150_grab5
6246,-400,-664,9682,CD,0,D1_pwm150_grab5
6250,-46,34,10146,CD,0,D1_pwm150_grab5
6256,2444,-536,9490,CD,0,D1_pwm150_grab5
6260,-526,-1372,9458,CD,0,D1_pwm150_grab5
6265,860,712,11174,CD,0,D1_pwm150_grab5
6270,2086,-330,8538,CD,0,D1_pwm150_grab5
6276,456,1656,11862,CD,0,D1_pwm150_grab5
6280,850,-420,10054,CD,0,D1_pwm150_grab5
6285,-3794,580,10834,CD,0,D1_pwm150_grab5
6290,1062,1034,10026,CD,0,D1_pwm150_grab5
6295,500,1008,10590,CD,0,D1_pwm150_grab5
6300,1122,-1102,10406,CD,0,D1_pwm150_grab5
6305,-1816,-2864,9596,CD,0,D1_pwm150_grab5
6310,-294,-1062,9778,CD,0,D1_pwm150_grab5
6316,-726,-280,9470,CD,0,D1_pwm150_grab5
6326,-702,-1676,9602,CD,0,D1_pwm150_grab5
6330,486,238,11014,CD,0,D1_pwm150_grab5
6336,3090,-684,8264,CD,0,D1_pwm150_grab5
6345,1644,-1144,9624,CD,0,D1_pwm150_grab5
6350,-3152,-116,10700,CD,0,D1_pwm150_grab5
6356,1118,840,10028,CD,0,D1_pwm150_grab5
6360,1032,1254,9882,CD,0,D1_pwm150_grab5
6366,472,-700,10688,CD,0,D1_pwm150_grab5
6370,-2138,-2730,9770,CD,0,D1_pwm150_grab5
6376,-186,-1258,9720,CD,0,D1_pwm150_grab5
6381,-372,202,9968,CD,0,D1_pwm150_grab5
6386,1546,384,10952,CD,0,D1_pwm150_grab5
6391,-814,-1824,9640,CD,0,D1_pwm150_grab5
6395,256,36,10808,CD,0,D1_pwm150_grab5
6406,254,866,11044,CD,0,D1_pwm150_grab5
6411,1638,-1062,9750,CD,0,D1_pwm150_grab5
6416,-2802,-540,10576,CD,0,D1_pwm150_grab5
6420,1212,878,9910,CD,0,D1_pwm150_grab5
6425,902,1384,10714,CD,0,D1_pwm150_grab5
6430,216,-570,10930,CD,0,D1_pwm150_grab5
6435,-2360,-2754,9374,CD,0,D1_pwm150_grab5
6441,86,-1296,9766,CD,0,D1_pwm150_grab5
6446,-358,-520,9212,CD,0,D1_pwm150_grab5
6450,1172,600,11310,CD,0,D1_pwm150_grab5
6456,-850,-1836,9596,CD,0,D1_pwm150_grab5
6461,42,-186,10688,CD,0,D1_pwm150_grab5
6465,4084,-276,8346,CD,0,D1_pwm150_grab5
6471,1328,2118,12346,CD,0,D1_pwm150_grab5
6475,1446,-1030,9666,CD,0,D1_pwm150_grab5
6480,-2542,-686,10542,CD,0,D1_pwm150_grab5
6486,1324,844,9724,CD,0,D1_pwm150_grab5
6492,-584,-348,10270,CD,0,D1_pwm150_grab5
6496,4556,-1668,8282,CD,0,D1_pwm150_grab5
6501,-878,-868,10554,CD,0,D1_pwm150_grab5
6506,-306,-256,9634,CD,0,D1_pwm150_grab5
6511,392,-1286,10552,CD,0,D1_pwm150_grab5
6517,2784,-658,8046,CD,0,D1_pwm150_grab5
6522,152,-526,9680,CD,0,D1_pwm150_grab5
6526,1416,1664,11476,CD,0,D1_pwm150_grab5
6531,-492,-1428,8628,CD,0,D1_pwm150_grab5
6536,1382,396,12024,CD,0,D1_pwm150_grab5
6542,728,-1348,9254,CD,0,D1_pwm150_grab5
6552,554,190,9854,CD,0,D1_pwm150_grab5
6557,-278,-2,10514,CD,0,D1_pwm150_grab5
6561,4148,-1664,8882,CD,0,D1_pwm150_grab5
6566,-1048,-1318,10278,CD,0,D1_pwm150_grab5
6572,-360,-302,9612,CD,0,D1_pwm150_grab5
6576,346,-812,10708,CD,0,D1_pwm150_grab5
6582,3146,-706,8202,CD,0,D1_pwm150_grab5
6587,72,-712,9582,CD,0,D1_pwm150_grab5
6591,1628,1672,11798,CD,0,D1_pwm150_grab5
6596,118,-1088,8740,CD,0,D1_pwm150_grab5
6602,1456,752,12058,CD,0,D1_pwm150_grab5
6607,802,-1322,9358,CD,0,D1_pwm150_grab5
6617,626,398,9926,CD,0,D1_pwm150_grab5
6621,-12,144,10526,CD,0,D1_pwm150_grab5
6632,-1156,-1506,10100,CD,0,D1_pwm150_grab5
6637,-252,-450,9564,CD,0,D1_pwm150_grab5
6641,94,-862,10492,CD,0,D1_pwm150_grab5
6646,2982,-656,8642,CD,0,D1_pwm150_grab5
6651,1074,1414,10078,CD,0,D1_pwm150_grab5
6656,1394,1584,12042,CD,0,D1_pwm150_grab5
6661,732,-880,8994,CD,0,D1_pwm150_grab5
6666,1382,964,11872,CD,0,D1_pwm150_grab5
6672,842,-1262,9140,CD,0,D1_pwm150_grab5
6682,686,552,9972,CD,0,D1_pwm150_grab5
6687,50,326,10674,CD,0,D1_pwm150_grab5
6697,370,1294,11940,CD,0,D1_pwm150_grab5
6701,-302,-396,9606,CD,0,D1_pwm150_grab5
6706,134,-148,10568,CD,0,D1_pwm150_grab5
6711,2982,-600,8808,CD,0,D1_pwm150_grab5
6716,-224,-1322,9182,CD,0,D1_pwm150_grab5
6721,1142,1184,11684,CD,0,D1_pwm150_grab5
6727,1220,-490,9232,CD,0,D1_pwm150_grab5
6732,706,-1274,10694,CD,0,D1_pwm150_grab5
6736,-372,-476,9018,CD,0,D1_pwm150_grab5
6747,-286,-816,9990,CD,0,D1_pwm150_grab5
6752,-874,-1106,10300,CD,0,D1_pwm150_grab5
6762,132,998,11552,CD,0,D1_pwm150_grab5
6768,94,-252,10110,CD,0,D1_pwm150_grab5
6772,-2528,-1008,10662,CD,0,D1_pwm150_grab5
6777,1168,790,10036,CD,0,D1_pwm150_grab5
6784,776,1604,10708,CD,0,D1_pwm150_grab5
6787,586,1786,12386,CD,0,D1_pwm150_grab5
6793,-2108,-2686,8278,CD,0,D1_pwm150_grab5
6797,788,-1014,10916,CD,0,D1_pwm150_grab5
6802,-198,-704,8904,CD,0,D1_pwm150_grab5
6812,-910,-2006,9836,CD,0,D1_pwm150_grab5
6817,-110,-644,10368,CD,0,D1_pwm150_grab5
6827,-54,580,11122,CD,0,D1_pwm150_grab5
6832,26,-132,9992,CD,0,D1_pwm150_grab5
6838,174,-2046,10246,CD,0,D1_pwm150_grab5
6842,2416,-660,8194,CD,0,D1_pwm150_grab5
6847,676,452,9424,CD,0,D1_pwm150_grab5
6853,246,-266,11162,CD,0,D1_pwm150_grab5
6858,-2826,-3518,8690,CD,0,D1_pwm150_grab5
6862,220,-1486,9988,CD,0,D1_pwm150_grab5
6867,-652,584,9800,CD,0,D1_pwm150_grab5
6878,144,-258,9820,CD,0,D1_pwm150_grab5
6883,-836,-894,10358,CD,0,D1_pwm150_grab5
6892,1238,2218,11924,CD,0,D1_pwm150_grab5
6898,1206,-816,9896,CD,0,D1_pwm150_grab5
6903,-1562,-2116,10146,CD,0,D1_pwm150_grab5
6908,1454,494,9794,CD,0,D1_pwm150_grab5
6912,424,0,9184,CD,0,D1_pwm150_grab5
6918,906,2036,11786,CD,0,D1_pwm150_grab5
6923,-844,-1864,8728,CD,0,D1_pwm150_grab5
6928,974,-304,11390,CD,0,D1_pwm150_grab5
6932,-676,356,9596,CD,0,D1_pwm150_grab5
6937,-760,2046,12688,CD,0,D1_pwm150_grab5
6943,-752,-1724,10028,CD,0,D1_pwm150_grab5
6947,-636,-1110,10122,CD,0,D1_pwm150_grab5
6957,-744,-734,10792,CD,0,D1_pwm150_grab5
6962,-194,-214,9994,CD,0,D1_pwm150_grab5
6967,68,-838,10830,CD,0,D1_pwm150_grab5
6972,1838,80,9544,CD,0,D1_pwm150_grab5
6977,1072,1552,10090,CD,0,D1_pwm150_grab5
6982,178,706,12212,CD,0,D1_pwm150_grab5
6987,-2692,-3558,7854,CD,0,D1_pwm150_grab5
6992,410,-1534,10140,CD,0,D1_pwm150_grab5
6998,-556,-38,9214,CD,0,D1_pwm150_grab5
7008,-600,-1230,9978,CD,0,D1_pwm150_grab5
7013,522,302,11064,CD,0,D1_pwm150_grab5
7018,2848,406,9372,CD,0,D1_pwm150_grab5
7023,1346,1800,11992,CD,0,D1_pwm150_grab5
7028,1442,-1312,9534,CD,0,D1_pwm150_grab5
7034,-2784,-82,10818,CD,0,D1_pwm150_grab5
7038,1206,918,10148,CD,0,D1_pwm150_grab5
7043,940,1318,9698,CD,0,D1_pwm150_grab5
7049,278,1436,12488,CD,0,D1_pwm150_grab5
7053,-2478,-3190,9354,CD,0,D1_pwm150_grab5
7059,46,-1118,9788,CD,0,D1_pwm150_grab5
7063,-398,526,10112,CD,0,D1_pwm150_grab5
7069,1154,340,10584,CD,0,D1_pwm150_grab5
7073,-836,-1810,9598,CD,0,D1_pwm150_grab5
7079,44,-238,10696,CD,0,D1_pwm150_grab5
7089,60,988,11498,CD,0,D1_pwm150_grab5
7093,130,-80,10002,CD,0,D1_pwm150_grab5
7098,-2044,-916,10420,CD,0,D1_pwm150_grab5
7103,1388,778,9826,CD,0,D1_pwm150_grab5
7108,1032,1602,10656,CD,0,D1_pwm150_grab5
7113,332,-580,11304,CD,0,D1_pwm150_grab5
7119,-2606,-3600,8562,CD,0,D1_pwm150_grab5
7123,198,-1458,9812,CD,0,D1_pwm150_grab5
7128,-16,-880,8888,CD,0,D1_pwm150_grab5
7138,-966,-1942,9724,CD,0,D1_pwm150_grab5
7143,-446,-722,10262,CD,0,D1_pwm150_grab5
7153,1176,2314,11964,CD,0,D1_pwm150_grab5
7158,1206,-706,9868,CD,0,D1_pwm150_grab5
7164,-1314,-1964,10046,CD,0,D1_pwm150_grab5
7169,2426,-756,7888,CD,0,D1_pwm150_grab5
7173,428,72,9608,CD,0,D1_pwm150_grab5
7179,-40,352,11856,CD,0,D1_pwm150_grab5
7184,-2708,-3526,8368,CD,0,D1_pwm150_grab5
7188,248,-1774,9862,CD,0,D1_pwm150_grab5
7193,-750,170,9430,CD,0,D1_pwm150_grab5
7204,-768,-1630,9838,CD,0,D1_pwm150_grab5
7208,-842,-1114,10128,CD,0,D1_pwm150_grab5
7218,732,1896,11636,CD,0,D1_pwm150_grab5
7224,820,-314,9986,CD,0,D1_pwm150_grab5
7229,-604,-2266,10156,CD,0,D1_pwm150_grab5
7233,1630,-26,9306,CD,0,D1_pwm150_grab5
7239,1010,1446,9958,CD,0,D1_pwm150_grab5
7249,-2724,-2822,8386,CD,0,D1_pwm150_grab5
7254,554,-1634,10180,CD,0,D1_pwm150_grab5
7259,-310,532,10212,CD,0,D1_pwm150_grab5
7265,1976,164,10292,CD,0,D1_pwm150_grab5
7270,-738,-1666,9560,CD,0,D1_pwm150_grab5
7275,254,70,10956,CD,0,D1_pwm150_grab5
7280,3428,76,8714,CD,0,D1_pwm150_grab5
7289,1482,-1060,9760,CD,0,D1_pwm150_grab5
7294,-2538,-618,10442,CD,0,D1_pwm150_grab5
7300,1210,838,9702,CD,0,D1_pwm150_grab5
7304,812,1374,10836,CD,0,D1_pwm150_grab5
7310,474,-956,10884,CD,0,D1_pwm150_grab5
7314,-2342,-3068,9242,CD,0,D1_pwm150_grab5
7319,-78,-1436,9672,CD,0,D1_pwm150_grab5
7324,-402,502,9852,CD,0,D1_pwm150_grab5
7330,938,738,11124,CD,0,D1_pwm150_grab5
7334,-934,-1900,9552,CD,0,D1_pwm150_grab5
7340,-142,-356,10682,CD,0,D1_pwm150_grab5
7344,4280,-14,8190,CD,0,D1_pwm150_grab5
7354,1488,-858,9806,CD,0,D1_pwm150_grab5
7360,-1942,-1300,10390,CD,0,D1_pwm150_grab5
7364,1264,722,9746,CD,0,D1_pwm150_grab5
7369,900,1678,10732,CD,0,D1_pwm150_grab5
7375,350,-300,11306,CD,0,D1_pwm150_grab5
7380,-1042,-1284,10502,CD,0,D1_pwm150_grab5
7385,-128,-1654,9650,CD,0,D1_pwm150_grab5
7389,-524,392,9600,CD,0,D1_pwm150_grab5
7394,340,1208,11640,CD,0,D1_pwm150_grab5
7399,-864,-1878,9742,CD,0,D1_pwm150_grab5
7405,-352,-546,10216,CD,0,D1_pwm150_grab5
7415,1266,2306,12002,CD,0,D1_pwm150_grab5
7420,748,-1394,9254,CD,0,D1_pwm150_grab5
7425,-1676,-1658,10352,CD,0,D1_pwm150_grab5
7430,1458,554,9820,CD,0,D1_pwm150_grab5
7434,974,1780,10446,CD,0,D1_pwm150_grab5
7439,226,-10,11460,CD,0,D1_pwm150_grab5
7445,-2674,-3340,8618,CD,0,D1_pwm150_grab5
7449,172,-1640,9900,CD,0,D1_pwm150_grab5
7454,-706,200,9512,CD,0,D1_pwm150_grab5
7460,3082,-600,8646,CD,0,D1_pwm150_grab5
7464,-186,-996,9392,CD,0,D1_pwm150_grab5
7470,-490,-1044,9954,CD,0,D1_pwm150_grab5
7479,1008,2116,12000,CD,0,D1_pwm150_grab5
7484,1218,-618,9898,CD,0,D1_pwm150_grab5
7489,-1466,-1770,10336,CD,0,D1_pwm150_grab5
7494,1554,396,9746,CD,0,D1_pwm150_grab5
7499,164,662,10812,CD,0,D1_pwm150_grab5
7504,2814,-2158,9370,CD,0,D1_pwm150_grab5
7511,-1448,-2040,10032,CD,0,D1_pwm150_grab5
7515,-394,-628,9452,CD,0,D1_pwm150_grab5
7521,-160,-108,10260,CD,0,D1_pwm150_grab5
7525,2664,-446,9206,CD,0,D1_pwm150_grab5
7530,-416,-1234,9282,CD,0,D1_pwm150_grab5
7535,1008,972,11404,CD,0,D1_pwm150_grab5
7541,-2316,-2816,8068,CD,0,D1_pwm150_grab5
7545,894,-1106,10840,CD,0,D1_pwm150_grab5
7552,-244,-630,9082,CD,0,D1_pwm150_grab5
7555,-3380,1130,11256,CD,0,D1_pwm150_grab5
7561,1068,864,9728,CD,0,D1_pwm150_grab5
7566,214,940,10722,CD,0,D1_pwm150_grab5
7570,1900,-2086,9844,CD,0,D1_pwm150_grab5
7575,-1754,-2400,9792,CD,0,D1_pwm150_grab5
7581,-8,-240,9964,CD,0,D1_pwm150_grab5
7586,8,-2144,10162,CD,0,D1_pwm150_grab5
7591,2524,-412,8268,CD,0,D1_pwm150_grab5
7596,-506,-1500,9442,CD,0,D1_pwm150_grab5
7601,602,560,11132,CD,0,D1_pwm150_grab5
7605,2438,28,8986,CD,0,D1_pwm150_grab5
7611,1392,1704,12022,CD,0,D1_pwm150_grab5
7616,1428,-1184,9434,CD,0,D1_pwm150_grab5
7625,-44,-590,9752,CD,0,D1_pwm150_grab5
7630,-828,-786,10320,CD,0,D1_pwm150_grab5
7640,-2302,-2852,9580,CD,0,D1_pwm150_grab5
7646,0,-894,9880,CD,0,D1_pwm150_grab5
7650,-226,270,10156,CD,0,D1_pwm150_grab5
7656,1630,-2,9912,CD,0,D1_pwm150_grab5
7660,-584,-1676,9520,CD,0,D1_pwm150_grab5
7665,834,1962,11888,CD,0,D1_pwm150_grab5
7671,-1222,-2168,8668,CD,0,D1_pwm150_grab5
7675,908,-464,11244,CD,0,D1_pwm150_grab5
7681,1500,-1278,9534,CD,0,D1_pwm150_grab5
7686,-2972,80,11102,CD,0,D1_pwm150_grab5
7691,1140,844,10064,CD,0,D1_pwm150_grab5
7695,638,1304,10800,CD,0,D1_pwm150_grab5
7701,436,-1494,10816,CD,0,D1_pwm150_grab5
7706,-536,-300,10956,CD,0,D1_pwm150_grab5
7711,-260,-180,9810,CD,0,D1_pwm150_grab5
7716,246,-1624,10562,CD,0,D1_pwm150_grab5
7720,2548,-682,8002,CD,0,D1_pwm150_grab5
7726,-876,-1868,9704,CD,0,D1_pwm150_grab5
7731,158,-254,10572,CD,0,D1_pwm150_grab5
7736,3936,684,8622,CD,0,D1_pwm150_grab5
7741,1286,2198,12258,CD,0,D1_pwm150_grab5
7745,438,-1250,8938,CD,0,D1_pwm150_grab5
7756,498,70,9692,CD,0,D1_pwm150_grab5
7760,-622,-266,10428,CD,0,D1_pwm150_grab5
7772,-936,-980,10532,CD,0,D1_pwm150_grab5
7777,-432,-258,9644,CD,0,D1_pwm150_grab5
7782,226,-1044,10562,CD,0,D1_pwm150_grab5
7786,1978,394,9542,CD,0,D1_pwm150_grab5
7791,1150,1502,10154,CD,0,D1_pwm150_grab5
7797,140,1138,12542,CD,0,D1_pwm150_grab5
7801,-2646,-3416,7874,CD,0,D1_pwm150_grab5
7806,540,-1530,10288,CD,0,D1_pwm150_grab5
7812,890,-1392,9196,CD,0,D1_pwm150_grab5
7822,818,466,9862,CD,0,D1_pwm150_grab5
7826,-1046,-1054,10374,CD,0,D1_pwm150_grab5
7837,360,1382,11470,CD,1,D1_pwm150_grab5
7841,266,-214,9930,CD,1,D1_pwm150_grab5
7846,-124,-2562,10060,CD,1,D1_pwm150_grab5
7851,2720,-776,8568,CD,1,D1_pwm150_grab5
7857,-392,-1180,9488,CD,1,D1_pwm150_grab5
7862,1326,1034,11222,CD,1,D1_pwm150_grab5
7866,-2310,-2392,8624,CD,1,D1_pwm150_grab5
7872,774,-1130,10696,CD,1,D1_pwm150_grab5
7876,-254,-774,8760,CD,1,D1_pwm150_grab5
7886,-74,-652,9674,CD,1,D1_pwm150_grab5
7892,-1046,-996,10326,CD,1,D1_pwm150_grab5
7896,1470,-1790,10196,CD,1,D1_pwm150_grab5
7901,-2006,-2868,9812,CD,1,D1_pwm150_grab5
7906,12,-54,9934,CD,1,D1_pwm150_grab5
7912,100,-1794,10440,CD,1,D1_pwm150_grab5
7917,2158,-850,8080,CD,1,D1_pwm150_grab5
7922,600,338,9410,CD,1,D1_pwm150_grab5
7927,736,1870,11786,CD,1,D1_pwm150_grab5
7931,-1470,-1472,9022,CD,1,D1_pwm150_grab5
7936,1432,2096,12350,CD,1,D1_pwm150_grab5
7941,1560,-1228,9674,CD,1,D1_pwm150_grab5
7951,352,80,9874,CD,1,D1_pwm150_grab5
7956,-848,-704,10442,CD,1,D1_pwm150_grab5
7967,-620,-666,10572,CD,1,D1_pwm150_grab5
7972,-144,-210,9846,CD,1,D1_pwm150_grab5
7976,-40,-918,10872,CD,1,D1_pwm150_grab5
7982,1090,684,10900,CD,1,D1_pwm150_grab5
7987,338,-454,9294,CD,1,D1_pwm150_grab5
7991,1204,1808,11406,CD,1,D1_pwm150_grab5
7996,-578,-1034,8950,CD,1,D1_pwm150_grab5
8001,1270,246,11610,CD,1,D1_pwm150_grab5
8006,544,-1414,8902,CD,1,D1_pwm150_grab5
8017,608,528,10040,CD,1,D1_pwm150_grab5
8022,-374,-28,10590,CD,1,D1_pwm150_grab5
8032,652,1628,11458,CD,1,D1_pwm150_grab5
8037,670,-318,10006,CD,1,D1_pwm150_grab5
8043,-428,-2300,10252,CD,1,D1_pwm150_grab5
8047,1714,-334,9086,CD,1,D1_pwm150_grab5
8052,1000,1380,9818,CD,1,D1_pwm150_grab5
8057,168,1242,12432,CD,1,D1_pwm150_grab5
8064,-2634,-2608,8522,CD,1,D1_pwm150_grab5
8068,558,-1524,10236,CD,1,D1_pwm150_grab5
8072,-534,-518,8950,CD,1,D1_pwm150_grab5
8083,-386,-836,9818,CD,1,D1_pwm150_grab5
8087,-974,-1246,10176,CD,1,D1_pwm150_grab5
8097,192,1004,11394,CD,1,D1_pwm150_grab5
8103,302,-66,10000,CD,1,D1_pwm150_grab5
8108,-170,-2058,10350,CD,1,D1_pwm150_grab5
8112,1908,-716,8662,CD,1,D1_pwm150_grab5
8117,858,822,9576,CD,1,D1_pwm150_grab5
8123,446,1678,12230,CD,1,D1_pwm150_grab5
8127,-2374,-2142,8558,CD,1,D1_pwm150_grab5
8133,904,-1100,10858,CD,1,D1_pwm150_grab5
8137,-198,-896,8880,CD,1,D1_pwm150_grab5
8148,-918,-1806,9726,CD,1,D1_pwm150_grab5
8152,-994,-1020,10424,CD,1,D1_pwm150_grab5
8162,-322,244,11134,CD,1,D1_pwm150_grab5
8167,102,-98,9858,CD,1,D1_pwm150_grab5
8173,-102,-1428,10532,CD,1,D1_pwm150_grab5
8178,2310,-782,7998,CD,1,D1_pwm150_grab5
8183,650,148,9480,CD,1,D1_pwm150_grab5
8187,252,66,11620,CD,1,D1_pwm150_grab5
8193,-1500,-1806,8720,CD,1,D1_pwm150_grab5
8197,1058,-462,11326,CD,1,D1_pwm150_grab5
8202,146,-1134,8824,CD,1,D1_pwm150_grab5
8213,216,-90,9854,CD,1,D1_pwm150_grab5
8218,-806,-636,10448,CD,1,D1_pwm150_grab5
8227,1062,2034,11768,CD,1,D1_pwm150_grab5
8232,1144,-526,9894,CD,1,D1_pwm150_grab5
8237,-48,-1128,10788,CD,1,D1_pwm150_grab5
8242,2658,-738,7764,CD,1,D1_pwm150_grab5
8247,258,-320,9584,CD,1,D1_pwm150_grab5
8253,1384,1902,11594,CD,1,D1_pwm150_grab5
8258,-498,-1556,8914,CD,1,D1_pwm150_grab5
8263,1240,154,11732,CD,1,D1_pwm150_grab5
8267,-662,-6,9422,CD,1,D1_pwm150_grab5
8272,-1440,1972,13036,CD,1,D1_pwm150_grab5
8278,-748,-1610,9718,CD,1,D1_pwm150_grab5
8283,-870,-1238,10036,CD,1,D1_pwm150_grab5
8294,740,1710,11926,CD,1,D1_pwm150_grab5
8299,618,-486,10010,CD,1,D1_pwm150_grab5
8303,-644,-2334,10102,CD,1,D1_pwm150_grab5
8308,1226,972,9870,CD,1,D1_pwm150_grab5
8313,546,1160,11006,CD,1,D1_pwm150_grab5
8320,882,-1766,10476,CD,1,D1_pwm150_grab5
8323,-2610,-3302,8076,CD,1,D1_pwm150_grab5
8329,518,-1414,10532,CD,1,D1_pwm150_grab5
8333,-452,-274,9182,CD,1,D1_pwm150_grab5
8344,-548,-1376,9614,CD,1,D1_pwm150_grab5
8348,-952,-1096,10264,CD,1,D1_pwm150_grab5
8354,3528,608,8672,CD,1,D1_pwm150_grab5
8358,1492,2118,11894,CD,1,D1_pwm150_grab5
8363,372,-248,9842,CD,1,D1_pwm150_grab5
8369,-306,-2502,10062,CD,1,D1_pwm150_grab5
8373,1890,-278,8902,CD,1,D1_pwm150_grab5
8378,956,1050,9808,CD,1,D1_pwm150_grab5
8383,414,1718,12040,CD,1,D1_pwm150_grab5
8388,-2316,-2782,8328,CD,1,D1_pwm150_grab5
8393,-160,-1374,9808,CD,1,D1_pwm150_grab5
8399,-384,462,9722,CD,1,D1_pwm150_grab5
8404,570,580,10972,CD,1,D1_pwm150_grab5
8408,-248,-942,9688,CD,1,D1_pwm150_grab5
8413,-1066,-1010,10324,CD,1,D1_pwm150_grab5
8423,-360,582,11680,CD,1,D1_pwm150_grab5
8428,142,-164,9926,CD,1,D1_pwm150_grab5
8433,-1856,-1228,10514,CD,1,D1_pwm150_grab5
8439,1514,912,10072,CD,1,D1_pwm150_grab5
8444,970,1734,10492,CD,1,D1_pwm150_grab5
8449,894,1876,11798,CD,1,D1_pwm150_grab5
8454,-1548,-2064,8788,CD,1,D1_pwm150_grab5
8458,1104,-610,11214,CD,1,D1_pwm150_grab5
8464,168,-1012,8882,CD,1,D1_pwm150_grab5
8473,-804,-1964,9844,CD,1,D1_pwm150_grab5
8478,-500,-864,9960,CD,1,D1_pwm150_grab5
8488,1008,2176,12172,CD,1,D1_pwm150_grab5
8494,-140,-226,9746,CD,1,D1_pwm150_grab5
8498,118,-1492,10658,CD,1,D1_pwm150_grab5
8503,2710,-798,7708,CD,1,D1_pwm150_grab5
8508,398,-168,9522,CD,1,D1_pwm150_grab5
8513,-36,504,11780,CD,1,D1_pwm150_grab5
8518,-2714,-3578,8230,CD,1,D1_pwm150_grab5
8524,358,-1662,10124,CD,1,D1_pwm150_grab5
8528,-726,88,9488,CD,1,D1_pwm150_grab5
8540,-832,-1760,9738,CD,1,D1_pwm150_grab5
8544,-782,-1104,10152,CD,1,D1_pwm150_grab5
8554,1456,1770,11868,CD,1,D1_pwm150_grab5
8559,1394,-1210,9566,CD,1,D1_pwm150_grab5
8565,-2716,764,11212,CD,1,D1_pwm150_grab5
8569,1328,1120,9812,CD,1,D1_pwm150_grab5
8574,446,1126,10762,CD,1,D1_pwm150_grab5
8579,166,1292,12146,CD,1,D1_pwm150_grab5
8585,-2612,-3034,8222,CD,1,D1_pwm150_grab5
8589,674,-1378,10506,CD,1,D1_pwm150_grab5
8595,-300,422,10026,CD,1,D1_pwm150_grab5
8599,916,-192,10028,CD,1,D1_pwm150_grab5
8605,-828,-1802,9494,CD,1,D1_pwm150_grab5
8610,204,-126,10676,CD,1,D1_pwm150_grab5
8615,3956,474,8380,CD,1,D1_pwm150_grab5
8619,10,932,11774,CD,1,D1_pwm150_grab5
8625,138,-282,10028,CD,1,D1_pwm150_grab5
8629,-318,-2476,10276,CD,1,D1_pwm150_grab5
8635,1510,1204,10318,CD,1,D1_pwm150_grab5
8640,798,1492,10552,CD,1,D1_pwm150_grab5
8644,238,-498,11236,CD,1,D1_pwm150_grab5
8649,-2676,-3442,8810,CD,1,D1_pwm150_grab5
8654,196,-1504,10020,CD,1,D1_pwm150_grab5
8659,-626,484,9816,CD,1,D1_pwm150_grab5
8670,148,-610,9828,CD,1,D1_pwm150_grab5
8675,-428,-642,10120,CD,1,D1_pwm150_grab5
8684,968,2128,12052,CD,1,D1_pwm150_grab5
8689,1116,-736,9856,CD,1,D1_pwm150_grab5
8694,-1340,-2082,10142,CD,1,D1_pwm150_grab5
8700,1574,738,10168,CD,1,D1_pwm150_grab5
8704,308,74,9492,CD,1,D1_pwm150_grab5
8709,1536,1772,11950,CD,1,D1_pwm150_grab5
8714,-2712,-3576,8286,CD,1,D1_pwm150_grab5
8719,480,-1588,10116,CD,1,D1_pwm150_grab5
8724,-648,38,9410,CD,1,D1_pwm150_grab5
8734,-764,-1726,9706,CD,1,D1_pwm150_grab5
8742,-764,-1726,9706,CD,1,D1_pwm150_grab5
8750,-1192,-1516,10244,CD,1,D1_pwm150_grab5
8755,476,-358,10032,CD,1,D1_pwm150_grab5
8759,-554,-2520,10054,CD,1,D1_pwm150_grab5
8765,1706,-162,9110,CD,1,D1_pwm150_grab5
8769,890,1256,10054,CD,1,D1_pwm150_grab5
8780,-2392,-2724,8524,CD,1,D1_pwm150_grab5
8785,838,-1256,10584,CD,1,D1_pwm150_grab5
8790,-278,-564,8912,CD,1,D1_pwm150_grab5
8796,582,306,10544,CD,1,D1_pwm150_grab5
8801,-864,-1960,9584,CD,1,D1_pwm150_grab5
8806,-112,-210,10370,CD,1,D1_pwm150_grab5
8820,1352,-782,9872,CD,1,D1_pwm150_grab5
8825,-1710,-1428,10458,CD,1,D1_pwm150_grab5
8830,1636,888,10290,CD,1,D1_pwm150_grab5
8836,928,1714,10624,CD,1,D1_pwm150_grab5
8840,78,-60,11398,CD,1,D1_pwm150_grab5
8845,-2720,-3538,8704,CD,1,D1_pwm150_grab5
8850,276,-1714,10026,CD,1,D1_pwm150_grab5
8856,-654,300,9612,CD,1,D1_pwm150_grab5
8865,-802,-2044,9768,CD,1,D1_pwm150_grab5
8871,-764,-1138,9916,CD,1,D1_pwm150_grab5
8880,650,1950,12098,CD,1,D1_pwm150_grab5
8885,900,-508,9988,CD,1,D1_pwm150_grab5
8891,-954,-2344,10026,CD,1,D1_pwm150_grab5
8895,1514,262,9728,CD,1,D1_pwm150_grab5
8901,1150,1804,10382,CD,1,D1_pwm150_grab5
8905,128,966,12082,CD,1,D1_pwm150_grab5
8910,-2694,-3108,8332,CD,1,D1_pwm150_grab5
8915,-198,-1170,9608,CD,1,D1_pwm150_grab5
8921,-570,-246,9138,CD,1,D1_pwm150_grab5
8930,-524,-1588,9650,CD,1,D1_pwm150_grab5
8936,-864,-1326,10122,CD,1,D1_pwm150_grab5
8946,66,1082,11766,CD,1,D1_pwm150_grab5
8950,256,-224,10004,CD,1,D1_pwm150_grab5
8955,-354,-2450,10166,CD,1,D1_pwm150_grab5
8960,1926,-372,8492,CD,1,D1_pwm150_grab5
8965,764,1046,9862,CD,1,D1_pwm150_grab5
8970,664,1926,11990,CD,1,D1_pwm150_grab5
8976,-1926,-2292,8594,CD,1,D1_pwm150_grab5
8980,1060,-848,10952,CD,1,D1_pwm150_grab5
8985,30,-864,8772,CD,1,D1_pwm150_grab5
8995,114,-510,9924,CD,1,D1_pwm150_grab5
9000,-308,-812,9956,CD,1,D1_pwm150_grab5
9010,-478,-102,11360,CD,1,D1_pwm150_grab5
9015,-86,-376,9800,CD,1,D1_pwm150_grab5
9021,-144,-1456,10684,CD,1,D1_pwm150_grab5
9026,2632,-1102,7504,CD,1,D1_pwm150_grab5
9030,382,-26,9518,CD,1,D1_pwm150_grab5
9036,1478,1964,11892,CD,1,D1_pwm150_grab5
9041,-2754,-3516,8300,CD,1,D1_pwm150_grab5
9046,474,-1574,10068,CD,1,D1_pwm150_grab5
9051,-568,-12,9436,CD,1,D1_pwm150_grab5
9057,-1656,2126,13042,CD,1,D1_pwm150_grab5
9062,-754,-1760,9810,CD,1,D1_pwm150_grab5
9066,-818,-1150,10084,CD,1,D1_pwm150_grab5
9076,514,1500,11936,CD,1,D1_pwm150_grab5
9081,1310,-1172,9612,CD,1,D1_pwm150_grab5
9088,-2464,28,10912,CD,1,D1_pwm150_grab5
9091,1574,-250,9062,CD,1,D1_pwm150_grab5
9096,966,1340,10088,CD,1,D1_pwm150_grab5
9101,340,1428,12088,CD,1,D1_pwm150_grab5
9106,-2466,-2910,8332,CD,1,D1_pwm150_grab5
9112,726,-1178,10536,CD,1,D1_pwm150_grab5
9116,-298,-514,8884,CD,1,D1_pwm150_grab5
9122,538,384,10526,CD,1,D1_pwm150_grab5
9126,-838,-1964,9572,CD,1,D1_pwm150_grab5
9131,-922,-1234,10202,CD,1,D1_pwm150_grab5
9142,-290,546,11648,CD,1,D1_pwm150_grab5
9147,140,-216,9862,CD,1,D1_pwm150_grab5
9152,-276,-1860,10460,CD,1,D1_pwm150_grab5
9156,2338,-766,7944,CD,1,D1_pwm150_grab5
9161,966,1926,10662,CD,1,D1_pwm150_grab5
9167,196,-120,11452,CD,1,D1_pwm150_grab5
9172,-2754,-3484,8608,CD,1,D1_pwm150_grab5
9176,1202,-392,11306,CD,1,D1_pwm150_grab5
9182,320,-1130,8914,CD,1,D1_pwm150_grab5
9192,510,-36,10018,CD,1,D1_pwm150_grab5
9197,-512,-560,10490,CD,1,D1_pwm150_grab5
9207,762,1826,12020,CD,1,D1_pwm150_grab5
9211,848,-456,10016,CD,1,D1_pwm150_grab5
9216,-84,-884,10768,CD,1,D1_pwm150_grab5
9222,2934,-1034,7826,CD,1,D1_pwm150_grab5
9226,80,-538,9474,CD,1,D1_pwm150_grab5
9231,1672,1762,11822,CD,1,D1_pwm150_grab5
9236,630,-716,9256,CD,1,D1_pwm150_grab5
9241,626,-1454,10296,CD,1,D1_pwm150_grab5
9247,-458,-324,9100,CD,1,D1_pwm150_grab5
9251,-2784,2630,13850,CD,1,D1_pwm150_grab5
9256,-466,-1390,9704,CD,1,D1_pwm150_grab5
9262,192,714,10884,CD,1,D1_pwm150_grab5
9266,2554,-2596,9314,CD,1,D1_pwm150_grab5
9271,-1638,-2048,10196,CD,1,D1_pwm150_grab5
9277,-96,-810,9444,CD,1,D1_pwm150_grab5
9281,-374,-2352,10186,CD,1,D1_pwm150_grab5
9286,1898,-480,8402,CD,1,D1_pwm150_grab5
9291,760,862,9716,CD,1,D1_pwm150_grab5
9296,692,2052,11812,CD,1,D1_pwm150_grab5
9302,-1810,-2350,8634,CD,1,D1_pwm150_grab5
9307,876,-726,11162,CD,1,D1_pwm150_grab5
9312,64,-824,8714,CD,1,D1_pwm150_grab5
9322,-822,-1914,9816,CD,1,D1_pwm150_grab5
9327,-458,-854,10024,CD,1,D1_pwm150_grab5
9337,1234,2032,11824,CD,1,D1_pwm150_grab5
9342,1006,-600,9944,CD,1,D1_pwm150_grab5
9347,-146,-1232,10870,CD,1,D1_pwm150_grab5
9352,2640,-928,7578,CD,1,D1_pwm150_grab5
9358,200,-270,9480,CD,1,D1_pwm150_grab5
9363,10,694,12040,CD,1,D1_pwm150_grab5
9367,-2666,-3350,8420,CD,1,D1_pwm150_grab5
9372,422,-1502,10268,CD,1,D1_pwm150_grab5
9377,-514,-106,9226,CD,1,D1_pwm150_grab5
9382,-2044,2294,13232,CD,1,D1_pwm150_grab5
9387,794,502,10426,CD,1,D1_pwm150_grab5
9392,12,216,10716,CD,1,D1_pwm150_grab5
9397,3022,-2558,9148,CD,1,D1_pwm150_grab5
9403,374,1358,11884,CD,1,D1_pwm150_grab5
9407,382,-432,10020,CD,1,D1_pwm150_grab5
9412,-458,-2420,10150,CD,1,D1_pwm150_grab5
9417,1718,-226,8966,CD,1,D1_pwm150_grab5
9423,884,1198,9806,CD,1,D1_pwm150_grab5
9427,482,1684,11926,CD,1,D1_pwm150_grab5
9433,1900,294,9468,CD,1,D1_pwm150_grab5
9437,1466,1490,11806,CD,1,D1_pwm150_grab5
9443,-112,-614,8758,CD,1,D1_pwm150_grab5
9452,-40,-822,9762,CD,1,D1_pwm150_grab5
9458,-936,-1112,10232,CD,1,D1_pwm150_grab5
9468,-538,20,11308,CD,1,D1_pwm150_grab5
9473,-80,-1136,9706,CD,1,D1_pwm150_grab5
9477,-320,496,10096,CD,1,D1_pwm150_grab5
9482,1172,-100,9954,CD,1,D1_pwm150_grab5
9487,364,258,9612,CD,1,D1_pwm150_grab5
9492,1344,2086,11684,CD,1,D1_pwm150_grab5
9498,-778,-1196,9110,CD,1,D1_pwm150_grab5
9503,1244,-34,11476,CD,1,D1_pwm150_grab5
9507,526,-1230,8858,CD,1,D1_pwm150_grab5
9518,1516,1102,10106,CD,1,D1_pwm150_grab5
9523,958,1746,10916,CD,1,D1_pwm150_grab5
9527,3582,-2520,8522,CD,1,D1_pwm150_grab5
9533,-1238,-1526,10680,CD,1,D1_pwm150_grab5
9537,-304,-480,9586,CD,1,D1_pwm150_grab5
9543,-206,-388,10872,CD,1,D1_pwm150_grab5
9547,2734,-998,8012,CD,1,D1_pwm150_grab5
9552,-194,-1022,9404,CD,1,D1_pwm150_grab5
9559,1556,1368,11556,CD,1,D1_pwm150_grab5
9564,-2472,-2652,8442,CD,1,D1_pwm150_grab5
9568,740,-1232,10616,CD,1,D1_pwm150_grab5
9573,-244,-560,8844,CD,1,D1_pwm150_grab5
9583,-186,-908,9768,CD,1,D1_pwm150_grab5
9589,-986,-1040,10322,CD,1,D1_pwm150_grab5
9598,-226,424,11432,CD,1,D1_pwm150_grab5
9603,74,-1018,9624,CD,1,D1_pwm150_grab5
9608,-236,-1790,10472,CD,1,D1_pwm150_grab5
9613,2166,-904,7922,CD,1,D1_pwm150_grab5
9618,636,396,9472,CD,1,D1_pwm150_grab5
9624,938,1938,11530,CD,1,D1_pwm150_grab5
9629,-1320,-1234,9164,CD,1,D1_pwm150_grab5
9634,1144,-406,11160,CD,1,D1_pwm150_grab5
9638,270,-1150,8710,CD,1,D1_pwm150_grab5
9644,-2386,-512,10798,CD,1,D1_pwm150_grab5
9649,418,-32,10022,CD,1,D1_pwm150_grab5
9653,-498,-488,10394,CD,1,D1_pwm150_grab5
9663,-946,-1258,10632,CD,1,D1_pwm150_grab5
9668,-260,-414,9742,CD,1,D1_pwm150_grab5
9673,-138,-706,10826,CD,1,D1_pwm150_grab5
9678,2496,-820,7832,CD,1,D1_pwm150_grab5
9683,-88,-572,9504,CD,1,D1_pwm150_grab5
9689,1744,1454,11516,CD,1,D1_pwm150_grab5
9693,560,-576,9034,CD,1,D1_pwm150_grab5
9699,1424,1062,11934,CD,1,D1_pwm150_grab5
9703,1000,-1310,9258,CD,1,D1_pwm150_grab5
9713,900,572,10254,CD,1,D1_pwm150_grab5
9719,212,556,10922,CD,1,D1_pwm150_grab5
9723,2092,-1944,9828,CD,1,D1_pwm150_grab5
9728,-1712,-2408,10302,CD,1,D1_pwm150_grab5
9734,-300,-924,9624,CD,1,D1_pwm150_grab5
9738,-184,136,10454,CD,1,D1_pwm150_grab5
9744,2560,-274,9276,CD,1,D1_pwm150_grab5
9748,-540,-1320,9544,CD,1,D1_pwm150_grab5
9753,730,538,11162,CD,1,D1_pwm150_grab5
9758,2706,-202,8788,CD,1,D1_pwm150_grab5
9763,1308,1900,12262,CD,1,D1_pwm150_grab5
9769,44,-1008,8856,CD,1,D1_pwm150_grab5
9774,-2664,136,11018,CD,1,D1_pwm150_grab5
9778,1282,814,9912,CD,1,D1_pwm150_grab5
9784,648,1194,10962,CD,1,D1_pwm150_grab5
9788,428,-1012,10746,CD,1,D1_pwm150_grab5
9793,-2344,-2814,9600,CD,1,D1_pwm150_grab5
9798,102,-1450,9604,CD,1,D1_pwm150_grab5
9803,-490,326,9806,CD,1,D1_pwm150_grab5
9808,2452,-738,7690,CD,1,D1_pwm150_grab5
9815,334,-152,9506,CD,1,D1_pwm150_grab5
9820,1454,1808,11448,CD,1,D1_pwm150_grab5
9824,-474,-996,8820,CD,1,D1_pwm150_grab5
9829,1286,494,11772,CD,1,D1_pwm150_grab5
9834,656,-1308,8986,CD,1,D1_pwm150_grab5
9844,612,188,10012,CD,1,D1_pwm150_grab5
9850,-902,-1170,10288,CD,1,D1_pwm150_grab5
9860,-1176,-1770,10466,CD,1,D1_pwm150_grab5
9865,-320,-614,9508,CD,1,D1_pwm150_grab5
9869,-136,-334,10622,CD,1,D1_pwm150_grab5
9874,2816,-576,8336,CD,1,D1_pwm150_grab5
9879,-238,-1030,9532,CD,1,D1_pwm150_grab5
9884,1592,1180,11442,CD,1,D1_pwm150_grab5
9889,-2604,-2232,8652,CD,1,D1_pwm150_grab5
9894,830,-1154,10642,CD,1,D1_pwm150_grab5
9900,1314,-1200,9496,CD,1,D1_pwm150_grab5
9909,914,710,10250,CD,1,D1_pwm150_grab5
9914,268,874,11114,CD,1,D1_pwm150_grab5
9920,1860,-1778,10160,CD,1,D1_pwm150_grab5
9925,-1848,-2504,10166,CD,1,D1_pwm150_grab5
9929,52,-220,9952,CD,1,D1_pwm150_grab5
9934,-82,-1700,10392,CD,1,D1_pwm150_grab5
9939,2276,-490,8276,CD,1,D1_pwm150_grab5
9944,-618,-1554,9478,CD,1,D1_pwm150_grab5
9950,644,314,11054,CD,1,D1_pwm150_grab5
9954,2754,-288,8758,CD,1,D1_pwm150_grab5
9960,1416,2016,12288,CD,1,D1_pwm150_grab5
9964,1534,-1126,9764,CD,1,D1_pwm150_grab5
9974,140,-340,9884,CD,1,D1_pwm150_grab5
9979,-918,-674,10446,CD,1,D1_pwm150_grab5
9984,504,-1064,10860,CD,1,D1_pwm150_grab5
9989,-2312,-2738,9520,CD,1,D1_pwm150_grab5
9995,36,-1334,9632,CD,1,D1_pwm150_grab5
9999,-386,264,9716,CD,1,D1_pwm150_grab5
10004,1098,594,10844,CD,1,D1_pwm150_grab5
10009,392,-264,9460,CD,1,D1_pwm150_grab5
10014,1332,1810,11364,CD,1,D1_pwm150_grab5
10019,-730,-1308,8870,CD,1,D1_pwm150_grab5
10025,1238,302,11794,CD,1,D1_pwm150_grab5
10030,1428,-942,9758,CD,1,D1_pwm150_grab5
10034,-2038,-1108,10754,CD,1,D1_pwm150_grab5
10039,1400,700,9792,CD,1,D1_pwm150_grab5
10045,1008,1604,10686,CD,1,D1_pwm150_grab5
10049,3748,-2050,8808,CD,1,D1_pwm150_grab5
10055,-1140,-1414,10656,CD,1,D1_pwm150_grab5
10060,-308,-460,9548,CD,1,D1_pwm150_grab5
10065,-40,-744,10562,CD,1,D1_pwm150_grab5
10071,2878,-530,8318,CD,1,D1_pwm150_grab5
10076,-166,-826,9650,CD,1,D1_pwm150_grab5
10081,1790,1232,11512,CD,1,D1_pwm150_grab5
10085,646,-642,9008,CD,1,D1_pwm150_grab5
10090,694,-1274,10640,CD,1,D1_pwm150_grab5
10096,-406,-364,9150,CD,1,D1_pwm150_grab5
10105,-370,-1230,9598,CD,1,D1_pwm150_grab5
10110,-1090,-1006,10422,CD,1,D1_pwm150_grab5
10115,2144,-1686,10072,CD,1,D1_pwm150_grab5
10121,-1734,-2324,9950,CD,1,D1_pwm150_grab5
10125,-166,-884,9544,CD,1,D1_pwm150_grab5
10131,-226,-2076,10148,CD,1,D1_pwm150_grab5
10135,2142,-122,8646,CD,1,D1_pwm150_grab5
10140,826,730,9692,CD,1,D1_pwm150_grab5
10145,560,1718,11740,CD,1,D1_pwm150_grab5
10150,-2108,-1868,8852,CD,1,D1_pwm150_grab5
10155,1490,1890,12194,CD,1,D1_pwm150_grab5
10161,1432,-1152,9684,CD,1,D1_pwm150_grab5
10166,-3122,708,11162,CD,1,D1_pwm150_grab5
10171,1186,712,9862,CD,1,D1_pwm150_grab5
10176,-1012,-782,10424,CD,1,D1_pwm150_grab5
10186,-564,-350,11004,CD,1,D1_pwm150_grab5
10191,-92,-290,9742,CD,1,D1_pwm150_grab5
10195,100,-1662,10434,CD,1,D1_pwm150_grab5
10200,1220,148,10388,CD,1,D1_pwm150_grab5
10205,-832,-1678,9430,CD,1,D1_pwm150_grab5
10211,124,-204,10772,CD,1,D1_pwm150_grab5
10215,-1110,-1462,8928,CD,1,D1_pwm150_grab5
10220,1240,16,11674,CD,1,D1_pwm150_grab5
10226,480,-1166,9052,CD,1,D1_pwm150_grab5
10235,404,-164,9922,CD,1,D1_pwm150_grab5
10240,850,1430,10698,CD,1,D1_pwm150_grab5
10245,234,-228,11386,CD,1,D1_pwm150_grab5
10251,-2500,-3042,8886,CD,1,D1_pwm150_grab5
10256,-270,-374,9642,CD,1,D1_pwm150_grab5
10260,130,-1020,10640,CD,1,D1_pwm150_grab5
10265,3006,-624,7880,CD,1,D1_pwm150_grab5
10270,160,-578,9614,CD,1,D1_pwm150_grab5
10275,1752,1468,11618,CD,1,D1_pwm150_grab5
10280,60,-852,8958,CD,1,D1_pwm150_grab5
10285,1302,2208,11944,CD,1,D1_pwm150_grab5
10291,1318,-828,9756,CD,1,D1_pwm150_grab5
10301,716,374,10110,CD,1,D1_pwm150_grab5
10306,40,452,10796,CD,1,D1_pwm150_grab5
10310,2852,-1642,9676,CD,1,D1_pwm150_grab5
10315,-1436,-1950,9996,CD,1,D1_pwm150_grab5
10320,-254,-664,9492,CD,1,D1_pwm150_grab5
10326,-34,-460,10182,CD,1,D1_pwm150_grab5
10331,2906,-564,8888,CD,1,D1_pwm150_grab5
10336,1038,1060,9866,CD,1,D1_pwm150_grab5
10342,434,1488,12038,CD,1,D1_pwm150_grab5
10352,858,-1052,10732,CD,1,D1_pwm150_grab5
10357,-280,-520,9026,CD,1,D1_pwm150_grab5
10366,-206,-1056,9578,CD,1,D1_pwm150_grab5
10371,318,724,10894,CD,1,D1_pwm150_grab5
10381,-360,236,11352,CD,1,D1_pwm150_grab5
10386,66,-218,9826,CD,1,D1_pwm150_grab5
10391,-82,-1998,10258,CD,1,D1_pwm150_grab5
10396,2342,-402,8084,CD,1,D1_pwm150_grab5
10401,640,548,9722,CD,1,D1_pwm150_grab5
10407,912,1836,11632,CD,1,D1_pwm150_grab5
10411,3120,-380,8460,CD,1,D1_pwm150_grab5
10417,1218,-420,11322,CD,1,D1_pwm150_grab5
10422,272,-954,8910,CD,1,D1_pwm150_grab5
10431,122,-456,9904,CD,1,D1_pwm150_grab5
10436,-748,-760,10502,CD,1,D1_pwm150_grab5
10447,-636,-568,11058,CD,1,D1_pwm150_grab5
10451,-184,-306,9756,CD,1,D1_pwm150_grab5
10457,64,-1414,10606,CD,1,D1_pwm150_grab5
10461,2776,-576,7796,CD,1,D1_pwm150_grab5
10467,402,-76,9620,CD,1,D1_pwm150_grab5
10471,1490,1628,11688,CD,1,D1_pwm150_grab5
10476,-648,-1392,8860,CD,1,D1_pwm150_grab5
10482,1356,284,11608,CD,1,D1_pwm150_grab5
10487,530,-1208,9180,CD,1,D1_pwm150_grab5
10496,450,-90,9968,CD,1,D1_pwm150_grab5
10501,-294,-180,10578,CD,1,D1_pwm150_grab5
10511,-998,-1236,10274,CD,1,D1_pwm150_grab5
10517,-214,-478,9500,CD,1,D1_pwm150_grab5
10522,-2,-886,10406,CD,1,D1_pwm150_grab5
10526,2834,-548,8330,CD,1,D1_pwm150_grab5
10531,24,-466,9552,CD,1,D1_pwm150_grab5
10537,214,1132,12140,CD,1,D1_pwm150_grab5
10541,580,-908,8790,CD,1,D1_pwm150_grab5
10547,1438,990,11856,CD,1,D1_pwm150_grab5
10551,862,-1230,9348,CD,1,D1_pwm150_grab5
10562,944,388,9918,CD,1,D1_pwm150_grab5
10567,86,306,10726,CD,1,D1_pwm150_grab5
10572,2636,-1922,9480,CD,1,D1_pwm150_grab5
10576,116,962,11750,CD,1,D1_pwm150_grab5
10582,312,-262,10002,CD,1,D1_pwm150_grab5
10587,-454,-2114,10146,CD,1,D1_pwm150_grab5
10593,2086,44,8786,CD,1,D1_pwm150_grab5
10598,856,934,9840,CD,1,D1_pwm150_grab5
10602,594,1620,12108,CD,1,D1_pwm150_grab5
10607,-2376,-2500,8370,CD,1,D1_pwm150_grab5
10612,1010,-886,10888,CD,1,D1_pwm150_grab5
10617,-512,126,9632,CD,1,D1_pwm150_grab5
10622,294,384,10912,CD,1,D1_pwm150_grab5
10627,-192,-1124,9642,CD,1,D1_pwm150_grab5
10632,-1064,-980,10412,CD,1,D1_pwm150_grab5
10642,-286,408,11590,CD,1,D1_pwm150_grab5
10647,-100,-410,9868,CD,1,D1_pwm150_grab5
10652,40,-2136,10146,CD,1,D1_pwm150_grab5
10657,1702,978,10266,CD,1,D1_pwm150_grab5
10662,1004,1556,10518,CD,1,D1_pwm150_grab5
10667,974,1966,11944,CD,1,D1_pwm150_grab5
10673,-1296,-2142,8768,CD,1,D1_pwm150_grab5
10677,1026,-466,11296,CD,1,D1_pwm150_grab5
10683,232,-870,9022,CD,1,D1_pwm150_grab5
10692,272,-476,9824,CD,1,D1_pwm150_grab5
10697,-640,-902,10120,CD,1,D1_pwm150_grab5
10707,858,1966,12098,CD,1,D1_pwm150_grab5
10712,-170,-240,9744,CD,1,D1_pwm150_grab5
10717,124,-1618,10364,CD,1,D1_pwm150_grab5
10723,2646,-688,7906,CD,1,D1_pwm150_grab5
10727,252,-160,9438,CD,1,D1_pwm150_grab5
10732,1558,1826,11856,CD,1,D1_pwm150_grab5
10737,-2874,-3654,7928,CD,1,D1_pwm150_grab5
10742,504,-1496,10278,CD,1,D1_pwm150_grab5
10748,-630,160,9428,CD,1,D1_pwm150_grab5
10757,704,196,9946,CD,1,D1_pwm150_grab5
10762,-178,-106,10604,CD,1,D1_pwm150_grab5
10767,3530,-2206,8716,CD,1,D1_pwm150_grab5
10772,-1130,-1458,10302,CD,1,D1_pwm150_grab5
10777,-274,-316,9548,CD,1,D1_pwm150_grab5
10782,-640,-2582,10020,CD,1,D1_pwm150_grab5
10788,1882,294,9356,CD,1,D1_pwm150_grab5
10793,1038,1300,9946,CD,1,D1_pwm150_grab5
10797,1434,1482,11598,CD,1,D1_pwm150_grab5
10803,996,-436,9234,CD,1,D1_pwm150_grab5
10807,1466,1000,11604,CD,1,D1_pwm150_grab5
10812,948,-1398,9146,CD,1,D1_pwm150_grab5
10822,-454,-1530,9662,CD,1,D1_pwm150_grab5
10828,-1022,-1026,10310,CD,1,D1_pwm150_grab5
10838,138,1144,11728,CD,1,D1_pwm150_grab5
10844,188,-290,10070,CD,1,D1_pwm150_grab5
10848,-76,-2688,9972,CD,1,D1_pwm150_grab5
10853,2316,-32,8620,CD,1,D1_pwm150_grab5
10858,894,1138,9580,CD,1,D1_pwm150_grab5
10863,110,-844,11006,CD,1,D1_pwm150_grab5
10868,-2616,-3458,8922,CD,1,D1_pwm150_grab5
10873,32,-1396,9914,CD,1,D1_pwm150_grab5
10878,-536,526,9906,CD,1,D1_pwm150_grab5
10888,-198,-966,9662,CD,1,D1_pwm150_grab5
10893,-1014,-974,10322,CD,1,D1_pwm150_grab5
10904,1238,2326,12310,CD,1,D1_pwm150_grab5
10909,1402,-1002,9808,CD,1,D1_pwm150_grab5
10914,-1948,-1580,10510,CD,1,D1_pwm150_grab5
10919,1546,1102,10322,CD,1,D1_pwm150_grab5
10923,648,664,9390,CD,1,D1_pwm150_grab5
10929,842,1878,11910,CD,1,D1_pwm150_grab5
10933,-1614,-1910,8928,CD,1,D1_pwm150_grab5
10938,958,-594,11074,CD,1,D1_pwm150_grab5
10944,-660,490,9586,CD,1,D1_pwm150_grab5
10948,-50,1348,12152,CD,1,D1_pwm150_grab5
10953,-950,-2192,9712,CD,1,D1_pwm150_grab5
10958,-610,-670,10184,CD,1,D1_pwm150_grab5
10968,-476,-392,10764,CD,1,D1_pwm150_grab5
10973,-202,-124,9750,CD,1,D1_pwm150_grab5
10978,246,-1430,10578,CD,1,D1_pwm150_grab5
10983,1588,610,9778,CD,1,D1_pwm150_grab5
10989,1154,1828,10486,CD,1,D1_pwm150_grab5
10994,98,388,11972,CD,1,D1_pwm150_grab5
10998,-2908,-3408,8306,CD,1,D1_pwm150_grab5
11003,470,-1772,9984,CD,1,D1_pwm150_grab5
11008,470,-1380,8892,CD,1,D1_pwm150_grab5
11018,548,426,10090,CD,1,D1_pwm150_grab5
11023,-890,-1200,10192,CD,1,D1_pwm150_grab5
11034,728,1804,11704,CD,1,D1_pwm150_grab5
11038,732,-524,10042,CD,1,D1_pwm150_grab5
11043,-692,-2624,10082,CD,1,D1_pwm150_grab5
11049,1874,164,9360,CD,1,D1_pwm150_grab5
11053,72,-664,9236,CD,1,D1_pwm150_grab5
11059,1654,1850,11522,CD,1,D1_pwm150_grab5
11063,-2774,-2916,8306,CD,1,D1_pwm150_grab5
11069,534,-1552,10152,CD,1,D1_pwm150_grab5
11074,-534,-270,8968,CD,1,D1_pwm150_grab5
11084,-526,-1302,9744,CD,1,D1_pwm150_grab5
11088,-978,-1256,10302,CD,1,D1_pwm150_grab5
11100,438,1256,11396,CD,1,D1_pwm150_grab5
11104,1518,-1186,9766,CD,1,D1_pwm150_grab5
11110,-2586,-696,10722,CD,1,D1_pwm150_grab5
11114,1306,1144,10240,CD,1,D1_pwm150_grab5
11120,780,1390,11048,CD,1,D1_pwm150_grab5
11124,236,-914,10898,CD,1,D1_pwm150_grab5
11130,-2566,-3038,9312,CD,1,D1_pwm150_grab5
11136,122,-1384,9694,CD,1,D1_pwm150_grab5
11140,-268,-690,8774,CD,1,D1_pwm150_grab5
11144,788,730,11090,CD,1,D1_pwm150_grab5
11150,-926,-2000,9510,CD,1,D1_pwm150_grab5
11154,-70,-304,10464,CD,1,D1_pwm150_grab5
11164,1204,2270,12224,CD,1,D1_pwm150_grab5
11170,1392,-946,9896,CD,1,D1_pwm150_grab5
11175,-1796,-1376,10510,CD,1,D1_pwm150_grab5
11179,2182,-726,8206,CD,1,D1_pwm150_grab5
11184,1070,1760,10684,CD,1,D1_pwm150_grab5
11190,256,-132,11506,CD,1,D1_pwm150_grab5
11195,-2734,-3068,8880,CD,1,D1_pwm150_grab5
11200,254,-1634,9784,CD,1,D1_pwm150_grab5
11205,-718,246,9510,CD,1,D1_pwm150_grab5
11210,-324,1418,12222,CD,1,D1_pwm150_grab5
11214,-954,-2030,9714,CD,1,D1_pwm150_grab5
11219,-500,-1004,10108,CD,1,D1_pwm150_grab5
11229,982,2044,11656,CD,1,D1_pwm150_grab5
11234,1098,-616,9918,CD,1,D1_pwm150_grab5
11240,-1124,-1734,10360,CD,1,D1_pwm150_grab5
11244,1880,724,9842,CD,1,D1_pwm150_grab5
11249,1160,1724,10426,CD,1,D1_pwm150_grab5
11255,76,426,12268,CD,1,D1_pwm150_grab5
11260,-2856,-3368,8042,CD,1,D1_pwm150_grab5
11265,468,-1528,9960,CD,1,D1_pwm150_grab5
11269,-624,82,9342,CD,1,D1_pwm150_grab5
11275,-1642,1910,12980,CD,1,D1_pwm150_grab5
11279,-740,-1772,9670,CD,1,D1_pwm150_grab5
11284,-740,-1772,9670,CD,1,D1_pwm150_grab5
11294,734,1602,11712,CD,1,D1_pwm150_grab5
11299,496,-520,9954,CD,1,D1_pwm150_grab5
11304,-2928,588,11196,CD,1,D1_pwm150_grab5
11309,1878,218,9216,CD,1,D1_pwm150_grab5
11314,1076,1492,9870,CD,1,D1_pwm150_grab5
11320,190,1322,12484,CD,1,D1_pwm150_grab5
11324,-2656,-3238,7896,CD,1,D1_pwm150_grab5
11330,638,-1294,10622,CD,1,D1_pwm150_grab5
11335,-446,-268,9126,CD,1,D1_pwm150_grab5
11344,-834,-1798,9454,CD,1,D1_pwm150_grab5
11351,112,-86,10680,CD,1,D1_pwm150_grab5
11355,4174,706,8670,CD,1,D1_pwm150_grab5
11360,1334,2146,11980,CD,1,D1_pwm150_grab5
11365,1420,-1152,9786,CD,1,D1_pwm150_grab5
11371,-2078,-490,10884,CD,1,D1_pwm150_grab5
11375,1566,1014,9924,CD,1,D1_pwm150_grab5
11380,1014,1460,10654,CD,1,D1_pwm150_grab5
11385,3872,-2264,8404,CD,1,D1_pwm150_grab5
11392,-1172,-1004,10936,CD,1,D1_pwm150_grab5
11395,214,-1340,9848,CD,1,D1_pwm150_grab5
11401,-552,280,9570,CD,1,D1_pwm150_grab5
11406,-38,662,11442,CD,1,D1_pwm150_grab5
11411,-1006,-2012,9554,CD,1,D1_pwm150_grab5
11415,-430,-576,10264,CD,1,D1_pwm150_grab5
11425,1384,830,11924,CD,1,D1_pwm150_grab5
11431,1040,-1292,9310,CD,1,D1_pwm150_grab5
11436,-1408,-1344,10514,CD,1,D1_pwm150_grab5
11440,1910,1060,10070,CD,1,D1_pwm150_grab5
11445,1128,1670,10390,CD,1,D1_pwm150_grab5
11450,22,220,11944,CD,1,D1_pwm150_grab5
11455,-2822,-3712,7962,CD,1,D1_pwm150_grab5
11460,248,-1606,10086,CD,1,D1_pwm150_grab5
11466,-52,-296,10152,CD,1,D1_pwm150_grab5
11470,2584,-696,8956,CD,1,D1_pwm150_grab5
11476,-494,-1172,9484,CD,1,D1_pwm150_grab5
11481,-882,-1038,10198,CD,1,D1_pwm150_grab5
11490,854,1810,11942,CD,1,D1_pwm150_grab5
11495,620,-548,9944,CD,1,D1_pwm150_grab5
11501,-748,-2280,10048,CD,1,D1_pwm150_grab5
11506,1840,572,9618,CD,1,D1_pwm150_grab5
11510,600,954,10894,CD,1,D1_pwm150_grab5
11516,700,-1914,10524,CD,1,D1_pwm150_grab5
11520,-2636,-3448,7890,CD,1,D1_pwm150_grab5
11525,554,-1366,10558,CD,1,D1_pwm150_grab5
11531,-484,-90,9166,CD,1,D1_pwm150_grab5
11541,-516,-1570,9432,CD,1,D1_pwm150_grab5
11545,-1150,-980,10392,CD,1,D1_pwm150_grab5
11551,4078,736,8594,CD,1,D1_pwm150_grab5
11555,1456,2078,11934,CD,1,D1_pwm150_grab5
11560,1386,-1220,9696,CD,1,D1_pwm150_grab5
11565,-206,-2434,10016,CD,1,D1_pwm150_grab5
11571,2142,-20,8770,CD,1,D1_pwm150_grab5
11576,804,904,9744,CD,1,D1_pwm150_grab5
11580,632,1688,11754,CD,1,D1_pwm150_grab5
11585,-1972,-2412,8820,CD,1,D1_pwm150_grab5
11591,130,-1504,9858,CD,1,D1_pwm150_grab5
11596,-626,448,9600,CD,1,D1_pwm150_grab5
11600,-172,596,11488,CD,1,D1_pwm150_grab5
11606,-976,-2066,9602,CD,1,D1_pwm150_grab5
11612,-514,-488,10262,CD,1,D1_pwm150_grab5
11622,1206,2236,11862,CD,1,D1_pwm150_grab5
11627,1074,-682,9896,CD,1,D1_pwm150_grab5
11631,-3560,2048,11864,CD,1,D1_pwm150_grab5
11637,1106,702,10200,CD,1,D1_pwm150_grab5
11642,294,408,10812,CD,1,D1_pwm150_grab5
11646,1804,-2178,9868,CD,1,D1_pwm150_grab5
11652,-2818,-3630,8176,CD,1,D1_pwm150_grab5
11656,288,-1682,9978,CD,1,D1_pwm150_grab5
11661,-576,154,9314,CD,1,D1_pwm150_grab5
11671,-668,-1248,9512,CD,1,D1_pwm150_grab5
11677,558,684,11294,CD,1,D1_pwm150_grab5
11681,2926,444,9006,CD,1,D1_pwm150_grab5
11686,1482,1852,12122,CD,1,D1_pwm150_grab5
11691,492,-398,9950,CD,1,D1_pwm150_grab5
11696,-526,-2654,9950,CD,1,D1_pwm150_grab5
11701,1676,232,9398,CD,1,D1_pwm150_grab5
11706,1018,1416,9898,CD,1,D1_pwm150_grab5
11711,400,-1346,10634,CD,1,D1_pwm150_grab5
11717,-2384,-3180,9112,CD,1,D1_pwm150_grab5
11721,64,-1288,9700,CD,1,D1_pwm150_grab5
11726,-478,534,9842,CD,1,D1_pwm150_grab5
11731,510,-58,10560,CD,1,D1_pwm150_grab5
11736,-234,-1330,9516,CD,1,D1_pwm150_grab5
11742,-1156,-1116,10212,CD,1,D1_pwm150_grab5
11751,1262,2272,12018,CD,1,D1_pwm150_grab5
11756,1292,-994,9820,CD,1,D1_pwm150_grab5
11762,-1586,-1486,10438,CD,1,D1_pwm150_grab5
11766,1752,1114,10192,CD,1,D1_pwm150_grab5
11771,1098,1560,10678,CD,1,D1_pwm150_grab5
11776,1094,1960,11612,CD,1,D1_pwm150_grab5
11782,-1226,-1432,9062,CD,1,D1_pwm150_grab5
11787,1176,-360,11158,CD,1,D1_pwm150_grab5
11791,-706,334,9452,CD,1,D1_pwm150_grab5
11796,-932,1536,12312,CD,1,D1_pwm150_grab5
11801,-846,-1898,9742,CD,1,D1_pwm150_grab5
11806,-728,-904,10078,CD,1,D1_pwm150_grab5
11817,732,1870,11732,CD,1,D1_pwm150_grab5
11821,-320,-326,9600,CD,1,D1_pwm150_grab5
11827,-38,-660,10808,CD,1,D1_pwm150_grab5
11831,1796,260,9372,CD,1,D1_pwm150_grab5
11836,934,1562,10034,CD,1,D1_pwm150_grab5
11842,292,1052,12392,CD,1,D1_pwm150_grab5
11846,-2656,-2516,8668,CD,1,D1_pwm150_grab5
11851,648,-1494,10162,CD,1,D1_pwm150_grab5
11856,-466,-364,8904,CD,1,D1_pwm150_grab5
11868,-380,-1312,9602,CD,1,D1_pwm150_grab5
11872,102,-32,10756,CD,1,D1_pwm150_grab5
11883,1076,2242,12164,CD,1,D1_pwm150_grab5
11887,1442,-978,9898,CD,1,D1_pwm150_grab5
11892,-1810,-840,10592,CD,1,D1_pwm150_grab5
11897,1638,978,9882,CD,1,D1_pwm150_grab5
11904,1060,1592,10778,CD,1,D1_pwm150_grab5
11908,888,1966,11770,CD,1,D1_pwm150_grab5
11912,-2768,-3204,8762,CD,1,D1_pwm150_grab5
11917,478,-1584,9702,CD,1,D1_pwm150_grab5
11923,-690,334,9544,CD,1,D1_pwm150_grab5
11927,-588,1094,11998,CD,1,D1_pwm150_grab5
11932,-954,-2028,9764,CD,1,D1_pwm150_grab5
11938,-596,-916,10158,CD,1,D1_pwm150_grab5
11947,-714,-546,10888,CD,1,D1_pwm150_grab5
11953,920,-596,10038,CD,1,D1_pwm150_grab5
11957,-906,-1980,10092,CD,1,D1_pwm150_grab5
11963,1934,716,9760,CD,1,D1_pwm150_grab5
11967,1112,1664,10492,CD,1,D1_pwm150_grab5
11973,204,742,12396,CD,1,D1_pwm150_grab5
11978,-2836,-3152,8200,CD,1,D1_pwm150_grab5
11982,556,-1580,10020,CD,1,D1_pwm150_grab5
11987,-550,-92,9264,CD,1,D1_pwm150_grab5
11997,-564,-1696,9624,CD,1,D1_pwm150_grab5
12002,-1068,-1174,10230,CD,1,D1_pwm150_grab5
12013,418,1302,11684,CD,1,D1_pwm150_grab5
12017,240,-300,9938,CD,1,D1_pwm150_grab5
12022,-266,-2410,10034,CD,1,D1_pwm150_grab5
12028,1918,-48,8922,CD,1,D1_pwm150_grab5
12032,-462,-994,9552,CD,1,D1_pwm150_grab5
12037,434,1622,12300,CD,1,D1_pwm150_grab5
12043,-2278,-2566,8484,CD,1,D1_pwm150_grab5
12047,910,-984,10842,CD,1,D1_pwm150_grab5
12052,-242,-552,8974,CD,1,D1_pwm150_grab5
12063,-112,-1078,9602,CD,1,D1_pwm150_grab5
12067,-1124,-1220,10194,CD,1,D1_pwm150_grab5
12077,-314,142,11230,CD,1,D1_pwm150_grab5
12082,-190,-182,9892,CD,1,D1_pwm150_grab5
12087,-26,-1994,10146,CD,1,D1_pwm150_grab5
12092,2270,-724,8094,CD,1,D1_pwm150_grab5
12098,432,410,9610,CD,1,D1_pwm150_grab5
12102,1188,2054,11594,CD,1,D1_pwm150_grab5
12107,-812,-1644,8912,CD,1,D1_pwm150_grab5
12112,1170,-160,11460,CD,1,D1_pwm150_grab5
12119,-686,268,9542,CD,1,D1_pwm150_grab5
12123,-1254,1618,12666,CD,1,D1_pwm150_grab5
12128,-876,-1916,9646,CD,1,D1_pwm150_grab5
12133,-858,-1164,10180,CD,1,D1_pwm150_grab5
12143,750,1664,11544,CD,1,D1_pwm150_grab5
12148,526,-516,10014,CD,1,D1_pwm150_grab5
12153,-554,-2400,10080,CD,1,D1_pwm150_grab5
12158,1396,1098,10262,CD,1,D1_pwm150_grab5
12163,926,1556,10000,CD,1,D1_pwm150_grab5
12168,440,1332,12462,CD,1,D1_pwm150_grab5
12174,-2584,-2724,8324,CD,1,D1_pwm150_grab5
12178,660,-1312,10462,CD,1,D1_pwm150_grab5
12183,-348,-338,8888,CD,1,D1_pwm150_grab5
12194,-254,-1324,9696,CD,1,D1_pwm150_grab5
12198,-50,-288,10536,CD,1,D1_pwm150_grab5
12209,12,546,11384,CD,1,D1_pwm150_grab5
12213,-54,-178,10018,CD,1,D1_pwm150_grab5
12219,-142,-2044,10156,CD,1,D1_pwm150_grab5
12224,2150,-564,8284,CD,1,D1_pwm150_grab5
12228,546,560,9428,CD,1,D1_pwm150_grab5
12234,1082,2042,11744,CD,1,D1_pwm150_grab5
12239,-2986,-3530,8286,CD,1,D1_pwm150_grab5
12243,656,-1554,9944,CD,1,D1_pwm150_grab5
12249,322,-1078,8696,CD,1,D1_pwm150_grab5
12258,484,-172,9940,CD,1,D1_pwm150_grab5
12264,-574,-436,10428,CD,1,D1_pwm150_grab5
12273,-988,-1030,10810,CD,1,D1_pwm150_grab5
12279,420,-686,10092,CD,1,D1_pwm150_grab5
12283,-644,-2048,10140,CD,1,D1_pwm150_grab5
12288,2192,-900,8042,CD,1,D1_pwm150_grab5
12293,-122,-432,9370,CD,1,D1_pwm150_grab5
12299,1554,1520,11460,CD,1,D1_pwm150_grab5
12304,1412,-410,9368,CD,1,D1_pwm150_grab5
12308,1262,980,11632,CD,1,D1_pwm150_grab5
12313,1178,-1238,9196,CD,1,D1_pwm150_grab5
12323,-242,-1462,9676,CD,1,D1_pwm150_grab5
12329,-1020,-986,10210,CD,1,D1_pwm150_grab5
12333,1048,-2440,10112,CD,1,D1_pwm150_grab5
12338,-2222,-2530,9934,CD,1,D1_pwm150_grab5
12344,110,-786,9826,CD,1,D1_pwm150_grab5
12349,-222,-104,10138,CD,1,D1_pwm150_grab5
12353,978,-626,9142,CD,1,D1_pwm150_grab5
12358,404,508,9506,CD,1,D1_pwm150_grab5
12363,1298,2102,11964,CD,1,D1_pwm150_grab5
12368,-530,-1726,9190,CD,1,D1_pwm150_grab5
12375,922,-174,11140,CD,1,D1_pwm150_grab5
12379,410,-964,8706,CD,1,D1_pwm150_grab5
12389,610,-198,9948,CD,1,D1_pwm150_grab5
12395,-296,-290,10568,CD,1,D1_pwm150_grab5
12405,570,1534,12006,CD,1,D1_pwm150_grab5
12409,406,-592,10150,CD,1,D1_pwm150_grab5
12414,-730,-2236,10106,CD,1,D1_pwm150_grab5
12420,2036,-972,8290,CD,1,D1_pwm150_grab5
12424,-204,-524,9292,CD,1,D1_pwm150_grab5
12429,1112,1328,11418,CD,1,D1_pwm150_grab5
12434,1914,146,9456,CD,1,D1_pwm150_grab5
12440,800,-1020,10748,CD,1,D1_pwm150_grab5
12444,-176,-236,8946,CD,1,D1_pwm150_grab5
12455,-136,-1284,9774,CD,1,D1_pwm150_grab5
12460,418,740,10674,CD,1,D1_pwm150_grab5
12464,656,-2360,10290,CD,1,D1_pwm150_grab5
12470,-2328,-2792,9416,CD,1,D1_pwm150_grab5
12474,108,-868,9812,CD,1,D1_pwm150_grab5
12479,-156,-2196,10084,CD,1,D1_pwm150_grab5
12484,2360,-654,8022,CD,1,D1_pwm150_grab5
12489,344,472,9648,CD,1,D1_pwm150_grab5
12494,1670,1946,12014,CD,1,D1_pwm150_grab5
12500,-32,-1184,9484,CD,1,D1_pwm150_grab5
12505,1306,1898,11836,CD,1,D1_pwm150_grab5
12510,1288,-1062,9730,CD,1,D1_pwm150_grab5
12514,-1906,-626,10872,CD,1,D1_pwm150_grab5
12519,826,102,10006,CD,1,D1_pwm150_grab5
12525,-16,-58,10586,CD,1,D1_pwm150_grab5
12530,2732,-2586,9112,CD,1,D1_pwm150_grab5
12535,-1430,-1734,10048,CD,1,D1_pwm150_grab5
12540,-158,-564,9586,CD,1,D1_pwm150_grab5
12544,-566,342,9580,CD,1,D1_pwm150_grab5
12549,-1060,1302,12284,CD,1,D1_pwm150_grab5
12555,-856,-2024,9736,CD,1,D1_pwm150_grab5
12560,702,918,11500,CD,1,D1_pwm150_grab5
12565,2598,332,9112,CD,1,D1_pwm150_grab5
12570,1398,1572,11704,CD,1,D1_pwm150_grab5
12575,1276,-1246,9576,CD,1,D1_pwm150_grab5
12580,-2488,624,11218,CD,1,D1_pwm150_grab5
12585,1470,1312,10006,CD,1,D1_pwm150_grab5
12589,938,1550,10182,CD,1,D1_pwm150_grab5
12594,394,1244,11950,CD,1,D1_pwm150_grab5
12600,-2348,-3120,9314,CD,1,D1_pwm150_grab5
12604,-36,-1304,9664,CD,1,D1_pwm150_grab5
12610,-402,552,9810,CD,1,D1_pwm150_grab5
12614,296,-106,10224,CD,1,D1_pwm150_grab5
12620,-862,-1978,9464,CD,1,D1_pwm150_grab5
12624,-174,-56,10530,CD,1,D1_pwm150_grab5
12630,4846,280,7910,CD,1,D1_pwm150_grab5
12635,1246,2184,11950,CD,1,D1_pwm150_grab5
12640,810,-1264,9214,CD,1,D1_pwm150_grab5
12646,-3654,2564,12486,CD,1,D1_pwm150_grab5
12650,940,520,10248,CD,1,D1_pwm150_grab5
12655,114,-14,10590,CD,1,D1_pwm150_grab5
12660,2596,-2338,9280,CD,1,D1_pwm150_grab5
12665,-1458,-1996,10028,CD,2,D1_pwm150_grab5
12670,-116,-638,9522,CD,2,D1_pwm150_grab5
12675,-654,356,9408,CD,2,D1_pwm150_grab5
12681,-908,1620,12414,CD,2,D1_pwm150_grab5
12686,-498,-1072,9382,CD,2,D1_pwm150_grab5
12691,996,1126,11588,CD,2,D1_pwm150_grab5
12696,2282,140,9092,CD,2,D1_pwm150_grab5
12700,1472,1628,11946,CD,2,D1_pwm150_grab5
12706,1278,-1280,9636,CD,2,D1_pwm150_grab5
12710,-2766,808,11218,CD,2,D1_pwm150_grab5
12716,1624,210,9582,CD,2,D1_pwm150_grab5
12720,1022,1634,10246,CD,2,D1_pwm150_grab5
12725,792,-1606,10374,CD,2,D1_pwm150_grab5
12730,-2086,-2860,9560,CD,2,D1_pwm150_grab5
12736,-122,-1224,9590,CD,2,D1_pwm150_grab5
12740,-372,588,10060,CD,2,D1_pwm150_grab5
12746,1008,-168,10054,CD,2,D1_pwm150_grab5
12751,-922,-1974,9300,CD,2,D1_pwm150_grab5
12755,0,60,10910,CD,2,D1_pwm150_grab5
12765,1400,2278,11970,CD,2,D1_pwm150_grab5
12771,1388,-1022,9812,CD,2,D1_pwm150_grab5
12775,-1860,-1224,10550,CD,2,D1_pwm150_grab5
12780,1528,1118,10086,CD,2,D1_pwm150_grab5
12785,912,1638,10814,CD,2,D1_pwm150_grab5
12790,308,-344,11244,CD,2,D1_pwm150_grab5
12796,-2716,-3264,8922,CD,2,D1_pwm150_grab5
12800,1076,-622,11018,CD,2,D1_pwm150_grab5
12805,-610,416,9450,CD,2,D1_pwm150_grab5
12811,-398,1304,11746,CD,2,D1_pwm150_grab5
12815,-828,-2062,9764,CD,2,D1_pwm150_grab5
12821,-560,-838,9946,CD,2,D1_pwm150_grab5
12830,876,1996,11874,CD,2,D1_pwm150_grab5
12835,934,-460,9974,CD,2,D1_pwm150_grab5
12840,-990,-2202,10274,CD,2,D1_pwm150_grab5
12845,1702,446,9730,CD,2,D1_pwm150_grab5
12850,984,1744,10246,CD,2,D1_pwm150_grab5
12855,188,812,12202,CD,2,D1_pwm150_grab5
12860,-2856,-2642,8838,CD,2,D1_pwm150_grab5
12865,630,-1568,10108,CD,2,D1_pwm150_grab5
12871,-536,-254,9036,CD,2,D1_pwm150_grab5
12876,-2348,2650,13496,CD,2,D1_pwm150_grab5
12880,-478,-1316,9686,CD,2,D1_pwm150_grab5
12887,232,252,11046,CD,2,D1_pwm150_grab5
12891,3900,-62,8472,CD,2,D1_pwm150_grab5
12897,1306,2202,12030,CD,2,D1_pwm150_grab5
12901,1414,-968,9828,CD,2,D1_pwm150_grab5
12907,-2106,-502,10838,CD,2,D1_pwm150_grab5
12911,1566,1030,9960,CD,2,D1_pwm150_grab5
12917,848,1460,10910,CD,2,D1_pwm150_grab5
12921,342,-854,11100,CD,2,D1_pwm150_grab5
12926,-1038,-1214,10932,CD,2,D1_pwm150_grab5
12931,298,-1546,9700,CD,2,D1_pwm150_grab5
12936,-668,322,9550,CD,2,D1_pwm150_grab5
12942,-258,594,11250,CD,2,D1_pwm150_grab5
12946,-938,-2066,9648,CD,2,D1_pwm150_grab5
12952,-440,-650,10162,CD,2,D1_pwm150_grab5
12962,1190,2034,11588,CD,2,D1_pwm150_grab5
12966,1152,-1190,9448,CD,2,D1_pwm150_grab5
12971,-1016,-1588,10464,CD,2,D1_pwm150_grab5
12976,1890,874,9908,CD,2,D1_pwm150_grab5
12981,992,1638,10290,CD,2,D1_pwm150_grab5
12987,72,552,12136,CD,2,D1_pwm150_grab5
12991,-2814,-3332,8178,CD,2,D1_pwm150_grab5
12997,392,-1542,10082,CD,2,D1_pwm150_grab5
13002,-528,0,9170,CD,2,D1_pwm150_grab5
13007,2092,-498,9338,CD,2,D1_pwm150_grab5
13011,-632,-1384,9482,CD,2,D1_pwm150_grab5
13016,-958,-1066,10262,CD,2,D1_pwm150_grab5
13027,576,1322,11766,CD,2,D1_pwm150_grab5
13032,296,-408,9932,CD,2,D1_pwm150_grab5
13036,-436,-2298,10120,CD,2,D1_pwm150_grab5
13042,1876,58,9136,CD,2,D1_pwm150_grab5
13046,786,1254,10818,CD,2,D1_pwm150_grab5
13052,314,-1190,10966,CD,2,D1_pwm150_grab5
13057,-2318,-2654,8570,CD,2,D1_pwm150_grab5
13062,802,-972,10878,CD,2,D1_pwm150_grab5
13066,-180,-512,8864,CD,2,D1_pwm150_grab5
13077,-186,-1132,9590,CD,2,D1_pwm150_grab5
13082,-1158,-992,10346,CD,2,D1_pwm150_grab5
13091,1270,2132,11798,CD,2,D1_pwm150_grab5
13096,1158,-912,9808,CD,2,D1_pwm150_grab5
13101,-116,-1878,10248,CD,2,D1_pwm150_grab5
13107,2390,-554,8014,CD,2,D1_pwm150_grab5
13111,470,428,9638,CD,2,D1_pwm150_grab5
13117,1206,1944,11448,CD,2,D1_pwm150_grab5
13122,-798,-1632,9024,CD,2,D1_pwm150_grab5
13127,440,-1570,9956,CD,2,D1_pwm150_grab5
13132,-618,184,9394,CD,2,D1_pwm150_grab5
13136,-1342,1496,12560,CD,2,D1_pwm150_grab5
13143,-818,-1844,9644,CD,2,D1_pwm150_grab5
13148,-878,-932,10260,CD,2,D1_pwm150_grab5
13158,688,1644,11704,CD,2,D1_pwm150_grab5
13163,478,-526,9848,CD,2,D1_pwm150_grab5
13168,-2692,690,11272,CD,2,D1_pwm150_grab5
13173,1460,1098,10054,CD,2,D1_pwm150_grab5
13178,638,962,10968,CD,2,D1_pwm150_grab5
13182,340,-1418,10618,CD,2,D1_pwm150_grab5
13188,-2496,-2858,8434,CD,2,D1_pwm150_grab5
13193,678,-1204,10550,CD,2,D1_pwm150_grab5
13198,-332,-294,8954,CD,2,D1_pwm150_grab5
13208,-860,-1844,9576,CD,2,D1_pwm150_grab5
13212,-46,-144,10428,CD,2,D1_pwm150_grab5
13222,1128,2186,12154,CD,2,D1_pwm150_grab5
13227,-76,-180,9892,CD,2,D1_pwm150_grab5
13232,-110,-2094,10050,CD,2,D1_pwm150_grab5
13237,2144,-614,8216,CD,2,D1_pwm150_grab5
13242,454,536,9570,CD,2,D1_pwm150_grab5
13248,118,-80,11726,CD,2,D1_pwm150_grab5
13253,-2902,-3472,8366,CD,2,D1_pwm150_grab5
13257,552,-1650,9944,CD,2,D1_pwm150_grab5
13262,-714,336,9594,CD,2,D1_pwm150_grab5
13268,-1272,1558,12610,CD,2,D1_pwm150_grab5
13273,644,-22,9880,CD,2,D1_pwm150_grab5
13277,-404,-222,10364,CD,2,D1_pwm150_grab5
13283,3376,-2420,8406,CD,2,D1_pwm150_grab5
13288,574,1578,11654,CD,2,D1_pwm150_grab5
13292,408,-502,10000,CD,2,D1_pwm150_grab5
13298,-546,-2334,10060,CD,2,D1_pwm150_grab5
13302,2060,178,9222,CD,2,D1_pwm150_grab5
13307,838,1236,9846,CD,2,D1_pwm150_grab5
13312,1342,1208,11280,CD,2,D1_pwm150_grab5
13317,1890,-58,9162,CD,2,D1_pwm150_grab5
13323,1308,1380,11842,CD,2,D1_pwm150_grab5
13328,1322,-1288,9440,CD,2,D1_pwm150_grab5
13337,-110,-1020,9678,CD,2,D1_pwm150_grab5
13342,-898,-770,10388,CD,2,D1_pwm150_grab5
13352,-358,-14,11186,CD,2,D1_pwm150_grab5
13357,168,-1044,9764,CD,2,D1_pwm150_grab5
13363,-360,108,10024,CD,2,D1_pwm150_grab5
13367,536,-356,9742,CD,2,D1_pwm150_grab5
13373,276,188,9446,CD,2,D1_pwm150_grab5
13377,1552,1602,11740,CD,2,D1_pwm150_grab5
13383,132,-798,9376,CD,2,D1_pwm150_grab5
13387,1240,412,11276,CD,2,D1_pwm150_grab5
13393,708,-1172,8998,CD,2,D1_pwm150_grab5
13403,916,332,9882,CD,2,D1_pwm150_grab5
13408,-46,20,10510,CD,2,D1_pwm150_grab5
13419,56,1128,11870,CD,2,D1_pwm150_grab5
13423,172,-460,9942,CD,2,D1_pwm150_grab5
13429,-408,-2452,10124,CD,2,D1_pwm150_grab5
13433,2152,-142,8676,CD,2,D1_pwm150_grab5
13438,738,1024,9838,CD,2,D1_pwm150_grab5
13443,638,758,11180,CD,2,D1_pwm150_grab5
13449,2910,506,8886,CD,2,D1_pwm150_grab5
13453,1026,-696,10888,CD,2,D1_pwm150_grab5
13458,40,-830,8756,CD,2,D1_pwm150_grab5
13468,220,-640,9774,CD,2,D1_pwm150_grab5
13473,-590,-820,10392,CD,2,D1_pwm150_grab5
13483,-2466,-3202,9300,CD,2,D1_pwm150_grab5
13489,106,-1244,9956,CD,2,D1_pwm150_grab5
13493,-82,-1198,10594,CD,2,D1_pwm150_grab5
13499,2410,-978,7876,CD,2,D1_pwm150_grab5
13503,136,-72,9450,CD,2,D1_pwm150_grab5
13509,1682,1628,11874,CD,2,D1_pwm150_grab5
13513,772,-240,9314,CD,2,D1_pwm150_grab5
13518,1348,814,11264,CD,2,D1_pwm150_grab5
13523,860,-1260,9098,CD,2,D1_pwm150_grab5
13528,-1548,-1704,10484,CD,2,D1_pwm150_grab5
13534,1190,814,10160,CD,2,D1_pwm150_grab5
13539,236,322,10780,CD,2,D1_pwm150_grab5
13543,1684,-2018,9642,CD,2,D1_pwm150_grab5
13549,-1708,-2412,9900,CD,2,D1_pwm150_grab5
13553,-166,-830,9676,CD,2,D1_pwm150_grab5
13559,-190,250,10438,CD,2,D1_pwm150_grab5
13563,1582,-804,8962,CD,2,D1_pwm150_grab5
13568,-718,-1762,9818,CD,2,D1_pwm150_grab5
13573,296,538,11336,CD,2,D1_pwm150_grab5
13579,3542,208,8578,CD,2,D1_pwm150_grab5
13584,1404,1990,11656,CD,2,D1_pwm150_grab5
13588,1322,-1170,9494,CD,2,D1_pwm150_grab5
13594,-2222,-212,11100,CD,2,D1_pwm150_grab5
13599,1466,1260,10072,CD,2,D1_pwm150_grab5
13603,696,1230,10784,CD,2,D1_pwm150_grab5
13608,316,-912,10922,CD,2,D1_pwm150_grab5
13614,-2690,-3148,9246,CD,2,D1_pwm150_grab5
13619,46,-1504,9888,CD,2,D1_pwm150_grab5
13624,-548,494,9626,CD,2,D1_pwm150_grab5
13629,-38,744,10812,CD,2,D1_pwm150_grab5
13634,-806,-1938,9784,CD,2,D1_pwm150_grab5
13638,-438,-552,10224,CD,2,D1_pwm150_grab5
13649,1056,1992,11800,CD,2,D1_pwm150_grab5
13654,1066,-1202,9234,CD,2,D1_pwm150_grab5
13659,-3014,1544,12010,CD,2,D1_pwm150_grab5
13664,1128,860,10396,CD,2,D1_pwm150_grab5
13669,376,588,10826,CD,2,D1_pwm150_grab5
13675,1224,-2360,9914,CD,2,D1_pwm150_grab5
13680,-2082,-2464,10080,CD,2,D1_pwm150_grab5
13684,110,-1034,9730,CD,2,D1_pwm150_grab5
13689,-266,98,10220,CD,2,D1_pwm150_grab5
13694,2106,-574,8072,CD,2,D1_pwm150_grab5
13700,-682,-1560,9240,CD,2,D1_pwm150_grab5
13704,250,410,11314,CD,2,D1_pwm150_grab5
13710,3936,586,8862,CD,2,D1_pwm150_grab5
13715,1320,2004,11414,CD,2,D1_pwm150_grab5
13720,1242,-1058,9586,CD,2,D1_pwm150_grab5
13724,-2104,-156,11112,CD,2,D1_pwm150_grab5
13729,1640,1270,10112,CD,2,D1_pwm150_grab5
13734,-366,-492,10320,CD,2,D1_pwm150_grab5
13739,268,-966,11220,CD,2,D1_pwm150_grab5
13745,-2858,-3176,8848,CD,2,D1_pwm150_grab5
13749,330,-1434,9850,CD,2,D1_pwm150_grab5
13754,-534,322,9598,CD,2,D1_pwm150_grab5
13759,-292,572,10982,CD,2,D1_pwm150_grab5
13764,-908,-2004,9722,CD,2,D1_pwm150_grab5
13770,-524,-678,10294,CD,2,D1_pwm150_grab5
13774,1228,-526,9328,CD,2,D1_pwm150_grab5
13779,1258,1126,11634,CD,2,D1_pwm150_grab5
13784,986,-726,9960,CD,2,D1_pwm150_grab5
13789,-1036,-1714,10504,CD,2,D1_pwm150_grab5
13795,1886,886,9920,CD,2,D1_pwm150_grab5
13799,980,1624,10184,CD,2,D1_pwm150_grab5
13804,108,538,12220,CD,2,D1_pwm150_grab5
13810,-2806,-3298,8170,CD,2,D1_pwm150_grab5
13814,40,-918,9650,CD,2,D1_pwm150_grab5
13819,-294,162,10168,CD,2,D1_pwm150_grab5
13830,-650,-1710,9694,CD,2,D1_pwm150_grab5
13834,-972,-1026,10310,CD,2,D1_pwm150_grab5
13844,506,1232,11730,CD,2,D1_pwm150_grab5
13849,216,-356,9996,CD,2,D1_pwm150_grab5
13855,-2350,-56,11056,CD,2,D1_pwm150_grab5
13860,1448,996,9966,CD,2,D1_pwm150_grab5
13864,892,1354,10798,CD,2,D1_pwm150_grab5
13870,510,1642,12004,CD,2,D1_pwm150_grab5
13875,-2164,-2542,8722,CD,2,D1_pwm150_grab5
13880,924,-874,10940,CD,2,D1_pwm150_grab5
13884,-108,-688,8860,CD,2,D1_pwm150_grab5
13894,32,-846,9734,CD,2,D1_pwm150_grab5
13899,-344,-522,10294,CD,2,D1_pwm150_grab5
13910,1162,2032,11688,CD,2,D1_pwm150_grab5
13916,1066,-814,9910,CD,2,D1_pwm150_grab5
13921,-1148,-1556,10416,CD,2,D1_pwm150_grab5
13925,1892,822,9880,CD,2,D1_pwm150_grab5
13931,1056,1504,10418,CD,2,D1_pwm150_grab5
13936,1638,-2240,10044,CD,2,D1_pwm150_grab5
13940,-2030,-2390,10126,CD,2,D1_pwm150_grab5
13945,-10,-792,9614,CD,2,D1_pwm150_grab5
13950,-244,-68,10152,CD,2,D1_pwm150_grab5
13961,-646,-1636,9616,CD,2,D1_pwm150_grab5
13966,-952,-886,10388,CD,2,D1_pwm150_grab5
13976,466,1346,11700,CD,2,D1_pwm150_grab5
13980,1522,-1164,9744,CD,2,D1_pwm150_grab5
13986,-2426,96,11064,CD,2,D1_pwm150_grab5
13990,1504,1070,10056,CD,2,D1_pwm150_grab5
13995,804,1134,9670,CD,2,D1_pwm150_grab5
14000,554,1494,11970,CD,2,D1_pwm150_grab5
14005,-2070,-2230,9012,CD,2,D1_pwm150_grab5
14011,880,-874,10800,CD,2,D1_pwm150_grab5
14016,-124,-584,8798,CD,2,D1_pwm150_grab5
14020,-142,476,11220,CD,2,D1_pwm150_grab5
14025,-892,-1912,9730,CD,2,D1_pwm150_grab5
14030,-354,-372,10320,CD,2,D1_pwm150_grab5
14040,-546,-278,10942,CD,2,D1_pwm150_grab5
14045,-182,-268,9752,CD,2,D1_pwm150_grab5
14051,68,-1744,10276,CD,2,D1_pwm150_grab5
14055,2344,-724,7894,CD,2,D1_pwm150_grab5
14060,1098,1606,10448,CD,2,D1_pwm150_grab5
14066,192,520,12232,CD,2,D1_pwm150_grab5
14070,-2836,-3150,8424,CD,2,D1_pwm150_grab5
14075,624,-1602,10114,CD,2,D1_pwm150_grab5
14080,816,-1262,9126,CD,2,D1_pwm150_grab5
14090,746,240,9946,CD,2,D1_pwm150_grab5
14095,-86,308,10510,CD,2,D1_pwm150_grab5
14105,240,1160,11530,CD,2,D1_pwm150_grab5
14110,200,-342,9970,CD,2,D1_pwm150_grab5
14115,-192,-2464,10018,CD,2,D1_pwm150_grab5
14121,2168,22,8750,CD,2,D1_pwm150_grab5
14125,-390,-1082,9402,CD,2,D1_pwm150_grab5
14130,942,756,11112,CD,2,D1_pwm150_grab5
14135,2596,96,8860,CD,2,D1_pwm150_grab5
14140,980,-790,10866,CD,2,D1_pwm150_grab5
14145,-54,-700,8738,CD,2,D1_pwm150_grab5
14155,154,-642,9714,CD,2,D1_pwm150_grab5
14160,-778,-780,10550,CD,2,D1_pwm150_grab5
14171,-626,-480,10690,CD,2,D1_pwm150_grab5
14176,-270,-238,9608,CD,2,D1_pwm150_grab5
14182,-1192,-2044,10150,CD,2,D1_pwm150_grab5
14186,1776,650,9894,CD,2,D1_pwm150_grab5
14192,1094,1402,10408,CD,2,D1_pwm150_grab5
14196,260,746,12082,CD,2,D1_pwm150_grab5
14201,-2812,-2684,8730,CD,2,D1_pwm150_grab5
14208,744,-1486,10160,CD,2,D1_pwm150_grab5
14211,840,-1344,9170,CD,2,D1_pwm150_grab5
14221,-490,-1480,9792,CD,2,D1_pwm150_grab5
14227,-964,-1088,10238,CD,2,D1_pwm150_grab5
14236,-120,718,11466,CD,2,D1_pwm150_grab5
14242,-4,-356,9904,CD,2,D1_pwm150_grab5
14247,-206,-2124,10228,CD,2,D1_pwm150_grab5
14251,1612,-704,8952,CD,2,D1_pwm150_grab5
14257,-576,-1280,9448,CD,2,D1_pwm150_grab5
14262,1056,1744,11942,CD,2,D1_pwm150_grab5
14267,-1302,-1358,9286,CD,2,D1_pwm150_grab5
14271,1168,-452,10976,CD,2,D1_pwm150_grab5
14277,290,-976,8800,CD,2,D1_pwm150_grab5
14287,408,-406,9914,CD,2,D1_pwm150_grab5
14291,-452,-698,10446,CD,2,D1_pwm150_grab5
14297,272,-768,10886,CD,2,D1_pwm150_grab5
14301,-844,-1060,10364,CD,2,D1_pwm150_grab5
14307,-248,-466,9644,CD,2,D1_pwm150_grab5
14311,-34,-836,10632,CD,2,D1_pwm150_grab5
14316,2402,-940,7984,CD,2,D1_pwm150_grab5
14321,-64,-266,9398,CD,2,D1_pwm150_grab5
14326,1540,1530,11812,CD,2,D1_pwm150_grab5
14332,1380,-318,9042,CD,2,D1_pwm150_grab5
14336,834,1868,12036,CD,2,D1_pwm150_grab5
14341,1088,-1246,9310,CD,2,D1_pwm150_grab5
14346,-2930,1766,11912,CD,2,D1_pwm150_grab5
14351,1282,860,10026,CD,2,D1_pwm150_grab5
14356,290,380,10868,CD,2,D1_pwm150_grab5
14361,1058,-1694,10018,CD,2,D1_pwm150_grab5
14366,-1868,-2462,9946,CD,2,D1_pwm150_grab5
14371,-86,-1104,9648,CD,2,D1_pwm150_grab5
14377,-278,272,10088,CD,2,D1_pwm150_grab5
14382,1094,-686,9284,CD,2,D1_pwm150_grab5
14387,-738,-1484,9314,CD,2,D1_pwm150_grab5
14391,130,336,11098,CD,2,D1_pwm150_grab5
14397,4166,42,8182,CD,2,D1_pwm150_grab5
14401,1294,2084,11724,CD,2,D1_pwm150_grab5
14407,1310,-962,9644,CD,2,D1_pwm150_grab5
14411,-1942,-438,11016,CD,2,D1_pwm150_grab5
14417,1664,1208,10168,CD,2,D1_pwm150_grab5
14423,-178,-538,10468,CD,2,D1_pwm150_grab5
14427,3136,-2042,8896,CD,2,D1_pwm150_grab5
14433,-1184,-1572,10498,CD,2,D1_pwm150_grab5
14438,-206,-708,9636,CD,2,D1_pwm150_grab5
14442,-160,-436,10668,CD,2,D1_pwm150_grab5
14447,2590,-1118,8080,CD,2,D1_pwm150_grab5
14453,-322,-532,9370,CD,2,D1_pwm150_grab5
14457,1224,1520,11760,CD,2,D1_pwm150_grab5
14464,-2268,-2076,8972,CD,2,D1_pwm150_grab5
14467,1294,1514,11674,CD,2,D1_pwm150_grab5
14473,1260,-1204,9442,CD,2,D1_pwm150_grab5
14477,-2750,1096,11746,CD,2,D1_pwm150_grab5
14483,1356,982,10200,CD,2,D1_pwm150_grab5
14488,536,754,10942,CD,2,D1_pwm150_grab5
14492,602,-2022,10412,CD,2,D1_pwm150_grab5
14498,-2508,-2614,9890,CD,2,D1_pwm150_grab5
14502,-102,-402,10022,CD,2,D1_pwm150_grab5
14507,-460,154,9882,CD,2,D1_pwm150_grab5
14513,508,-236,9726,CD,2,D1_pwm150_grab5
14517,-768,-1724,9388,CD,2,D1_pwm150_grab5
14523,-60,-8,10786,CD,2,D1_pwm150_grab5
14532,1266,2030,11428,CD,2,D1_pwm150_grab5
14537,1148,-934,9776,CD,2,D1_pwm150_grab5
14547,806,170,10334,CD,2,D1_pwm150_grab5
14552,1016,1574,10678,CD,2,D1_pwm150_grab5
14558,124,-162,11822,CD,2,D1_pwm150_grab5
14562,-2950,-3302,8478,CD,2,D1_pwm150_grab5
14567,480,-1562,9928,CD,2,D1_pwm150_grab5
14573,-510,300,9378,CD,2,D1_pwm150_grab5
14577,-1322,1292,12044,CD,2,D1_pwm150_grab5
14582,-766,-1838,9726,CD,2,D1_pwm150_grab5
14587,782,748,11358,CD,2,D1_pwm150_grab5
14598,806,1492,11526,CD,2,D1_pwm150_grab5
14602,338,-526,9970,CD,2,D1_pwm150_grab5
14608,-512,-2034,10282,CD,2,D1_pwm150_grab5
14613,1890,268,9212,CD,2,D1_pwm150_grab5
14618,848,1240,9680,CD,2,D1_pwm150_grab5
14623,476,1508,12180,CD,2,D1_pwm150_grab5
14627,-2834,-3004,9370,CD,2,D1_pwm150_grab5
14632,468,-1344,9732,CD,2,D1_pwm150_grab5
14637,-188,-402,8634,CD,2,D1_pwm150_grab5
14648,-108,-1020,9872,CD,2,D1_pwm150_grab5
14652,-1004,-844,10330,CD,2,D1_pwm150_grab5
14663,-334,-152,11378,CD,2,D1_pwm150_grab5
14667,938,-892,9938,CD,2,D1_pwm150_grab5
14672,-1282,-1372,10582,CD,2,D1_pwm150_grab5
14679,1948,810,9952,CD,2,D1_pwm150_grab5
14683,1042,1436,10308,CD,2,D1_pwm150_grab5
14689,264,504,12232,CD,2,D1_pwm150_grab5
14699,622,-1430,10188,CD,2,D1_pwm150_grab5
14704,-484,122,9284,CD,2,D1_pwm150_grab5
14709,1298,-480,9154,CD,2,D1_pwm150_grab5
14713,-660,-1376,9578,CD,2,D1_pwm150_grab5
14720,316,240,11128,CD,2,D1_pwm150_grab5
14729,382,1096,11654,CD,2,D1_pwm150_grab5
14733,104,-398,10064,CD,2,D1_pwm150_grab5
14739,-312,-2150,10114,CD,2,D1_pwm150_grab5
14743,2252,-68,8700,CD,2,D1_pwm150_grab5
14749,954,1200,10770,CD,2,D1_pwm150_grab5
14753,-126,-450,11194,CD,2,D1_pwm150_grab5
14763,818,-584,10872,CD,2,D1_pwm150_grab5
14769,170,-718,8554,CD,2,D1_pwm150_grab5
14778,392,-474,10006,CD,2,D1_pwm150_grab5
14784,-494,-618,10440,CD,2,D1_pwm150_grab5
14794,734,1636,12008,CD,2,D1_pwm150_grab5
14798,496,-696,10128,CD,2,D1_pwm150_grab5
14803,-884,-2116,10268,CD,2,D1_pwm150_grab5
14808,2210,-938,8064,CD,2,D1_pwm150_grab5
14814,-134,-430,9136,CD,2,D1_pwm150_grab5
14818,1312,1398,11516,CD,2,D1_pwm150_grab5
14823,1774,16,9402,CD,2,D1_pwm150_grab5
14828,762,-1120,10550,CD,2,D1_pwm150_grab5
14834,-228,-230,8834,CD,2,D1_pwm150_grab5
14843,-166,-1190,10006,CD,2,D1_pwm150_grab5
14848,330,734,10720,CD,2,D1_pwm150_grab5
14853,664,-2092,10508,CD,2,D1_pwm150_grab5
14858,-2370,-2782,9476,CD,2,D1_pwm150_grab5
14863,108,-1034,9858,CD,2,D1_pwm150_grab5
14869,-188,-1948,10318,CD,2,D1_pwm150_grab5
14873,2466,-600,7832,CD,2,D1_pwm150_grab5
14878,316,300,9434,CD,2,D1_pwm150_grab5
14888,152,-1100,9498,CD,2,D1_pwm150_grab5
14898,1118,-1020,9670,CD,2,D1_pwm150_grab5
14904,-1764,-616,11010,CD,2,D1_pwm150_grab5
14908,838,160,10200,CD,2,D1_pwm150_grab5
14914,144,82,10436,CD,2,D1_pwm150_grab5
14918,2254,-2504,9538,CD,2,D1_pwm150_grab5
14923,-1764,-1898,10102,CD,2,D1_pwm150_grab5
14929,68,-630,9776,CD,2,D1_pwm150_grab5
14935,-118,-504,10354,CD,2,D1_pwm150_grab5
14939,1894,-930,8608,CD,2,D1_pwm150_grab5
14945,-520,-832,9374,CD,2,D1_pwm150_grab5
14949,1012,1676,11444,CD,2,D1_pwm150_grab5
14954,-1670,-1852,9232,CD,2,D1_pwm150_grab5
14960,922,-588,10914,CD,2,D1_pwm150_grab5
14964,222,-656,8584,CD,2,D1_pwm150_grab5
14974,324,-670,9990,CD,2,D1_pwm150_grab5
14979,798,898,10808,CD,2,D1_pwm150_grab5
14984,216,-1170,11006,CD,2,D1_pwm150_grab5
14990,-1000,-992,11018,CD,2,D1_pwm150_grab5
14994,-148,-388,9886,CD,2,D1_pwm150_grab5
15000,-76,-1168,10656,CD,2,D1_pwm150_grab5
15004,2406,-954,7706,CD,2,D1_pwm150_grab5
15010,-74,-330,9426,CD,2,D1_pwm150_grab5
15015,1876,1570,11676,CD,2,D1_pwm150_grab5
15024,1228,2144,11610,CD,2,D1_pwm150_grab5
15030,1092,-1272,9146,CD,2,D1_pwm150_grab5
15034,-3126,1946,12202,CD,2,D1_pwm150_grab5
15039,1244,814,10504,CD,2,D1_pwm150_grab5
15045,394,308,10782,CD,2,D1_pwm150_grab5
15050,1188,-2088,10230,CD,2,D1_pwm150_grab5
15055,-2158,-2796,9936,CD,2,D1_pwm150_grab5
15060,74,-1050,9876,CD,2,D1_pwm150_grab5
15064,-450,54,9094,CD,2,D1_pwm150_grab5
15069,1670,-674,9082,CD,2,D1_pwm150_grab5
15074,-700,-1342,9472,CD,2,D1_pwm150_grab5
15079,358,526,11366,CD,2,D1_pwm150_grab5
15085,4008,400,8538,CD,2,D1_pwm150_grab5
15090,1458,2236,11790,CD,2,D1_pwm150_grab5
15095,1320,-1106,9616,CD,2,D1_pwm150_grab5
15099,-2254,-500,11028,CD,2,D1_pwm150_grab5
15105,1920,-122,8892,CD,2,D1_pwm150_grab5
15110,728,1034,9516,CD,2,D1_pwm150_grab5
15115,116,-646,11214,CD,2,D1_pwm150_grab5
15120,-2816,-3248,8906,CD,2,D1_pwm150_grab5
15125,302,-1588,9986,CD,2,D1_pwm150_grab5
15130,-672,528,9648,CD,2,D1_pwm150_grab5
15134,-366,850,11382,CD,2,D1_pwm150_grab5
15140,-934,-2030,9858,CD,2,D1_pwm150_grab5
15144,-566,-566,10382,CD,2,D1_pwm150_grab5
15149,4454,-1878,7740,CD,2,D1_pwm150_grab5
15154,980,1954,11608,CD,2,D1_pwm150_grab5
15159,812,-684,9946,CD,2,D1_pwm150_grab5
15164,-892,-2050,10392,CD,2,D1_pwm150_grab5
15169,1974,600,9822,CD,2,D1_pwm150_grab5
15175,1014,1496,10230,CD,2,D1_pwm150_grab5
15179,332,792,12360,CD,2,D1_pwm150_grab5
15184,-2834,-2328,8982,CD,2,D1_pwm150_grab5
15190,582,-1566,10066,CD,2,D1_pwm150_grab5
15195,-398,358,10138,CD,2,D1_pwm150_grab5
15201,1050,-152,9560,CD,2,D1_pwm150_grab5
15205,-776,-1664,9544,CD,2,D1_pwm150_grab5
15210,164,128,10884,CD,2,D1_pwm150_grab5
15216,4516,-206,8006,CD,2,D1_pwm150_grab5
15221,1138,2186,12028,CD,2,D1_pwm150_grab5
15226,1374,-1038,9754,CD,2,D1_pwm150_grab5
15236,1610,904,10228,CD,2,D1_pwm150_grab5
15240,946,1436,10776,CD,2,D1_pwm150_grab5
15246,-88,-192,11342,CD,2,D1_pwm150_grab5
15250,-3000,-2900,9250,CD,2,D1_pwm150_grab5
15255,618,-1714,9826,CD,2,D1_pwm150_grab5
15261,-670,256,9340,CD,2,D1_pwm150_grab5
15265,-980,1262,12002,CD,2,D1_pwm150_grab5
15271,-764,-1736,9916,CD,2,D1_pwm150_grab5
15276,-698,-890,10284,CD,2,D1_pwm150_grab5
15286,474,1376,11566,CD,2,D1_pwm150_grab5
15291,606,-556,10070,CD,2,D1_pwm150_grab5
15295,-666,-1970,10290,CD,2,D1_pwm150_grab5
15301,1996,192,9308,CD,2,D1_pwm150_grab5
15306,924,1444,9998,CD,2,D1_pwm150_grab5
15311,620,1232,12268,CD,2,D1_pwm150_grab5
15316,-2448,-2764,10032,CD,2,D1_pwm150_grab5
15321,962,-1094,10358,CD,2,D1_pwm150_grab5
15326,-324,-390,8958,CD,2,D1_pwm150_grab5
15335,-244,-1272,9784,CD,2,D1_pwm150_grab5
15341,-946,-1214,10280,CD,2,D1_pwm150_grab5
15350,-156,68,11038,CD,2,D1_pwm150_grab5
15355,1366,-828,9816,CD,2,D1_pwm150_grab5
15361,-196,-1798,10162,CD,2,D1_pwm150_grab5
15366,2404,-480,8088,CD,2,D1_pwm150_grab5
15370,470,540,9638,CD,2,D1_pwm150_grab5
15375,1254,2006,11922,CD,2,D1_pwm150_grab5
15381,-794,-1356,9050,CD,2,D1_pwm150_grab5
15385,1166,8,11296,CD,2,D1_pwm150_grab5
15391,420,-1028,8890,CD,2,D1_pwm150_grab5
15395,-1350,1420,12420,CD,2,D1_pwm150_grab5
15401,-790,-1924,9798,CD,2,D1_pwm150_grab5
15406,-422,-512,10560,CD,2,D1_pwm150_grab5
15410,3658,-1906,8524,CD,2,D1_pwm150_grab5
15415,-800,-1200,10442,CD,2,D1_pwm150_grab5
15421,-464,-592,9496,CD,2,D1_pwm150_grab5
15426,0,-866,10324,CD,2,D1_pwm150_grab5
15431,2390,-816,8368,CD,2,D1_pwm150_grab5
15435,916,1402,10088,CD,2,D1_pwm150_grab5
15440,486,1354,12166,CD,2,D1_pwm150_grab5
15447,-2634,-2446,8502,CD,2,D1_pwm150_grab5
15451,996,-1078,10526,CD,2,D1_pwm150_grab5
15456,-242,-358,9092,CD,2,D1_pwm150_grab5
15466,-242,-1298,9754,CD,2,D1_pwm150_grab5
15472,-996,-1196,10344,CD,2,D1_pwm150_grab5
15481,1038,1898,12042,CD,2,D1_pwm150_grab5
15488,1296,-824,9790,CD,2,D1_pwm150_grab5
15491,-224,-1914,10124,CD,2,D1_pwm150_grab5
15496,2578,-322,8082,CD,2,D1_pwm150_grab5
15501,522,546,9760,CD,2,D1_pwm150_grab5
15506,1334,1918,11900,CD,2,D1_pwm150_grab5
15512,-836,-1826,9014,CD,2,D1_pwm150_grab5
15516,552,-1360,10032,CD,2,D1_pwm150_grab5
15522,-536,220,9544,CD,2,D1_pwm150_grab5
15526,-1354,1312,12412,CD,2,D1_pwm150_grab5
15531,492,-344,9948,CD,2,D1_pwm150_grab5
15536,-322,-312,10568,CD,2,D1_pwm150_grab5
15542,3624,-2296,8728,CD,2,D1_pwm150_grab5
15546,-1100,-1016,10570,CD,2,D1_pwm150_grab5
15551,-190,-524,9468,CD,2,D1_pwm150_grab5
15557,-864,-2130,10022,CD,2,D1_pwm150_grab5
15561,1768,388,9376,CD,2,D1_pwm150_grab5
15566,1030,1490,10118,CD,2,D1_pwm150_grab5
15571,436,1416,11962,CD,2,D1_pwm150_grab5
15576,1644,-402,9196,CD,2,D1_pwm150_grab5
15581,1290,1212,11680,CD,2,D1_pwm150_grab5
15586,1172,-1184,9548,CD,2,D1_pwm150_grab5
15591,-2924,1828,11890,CD,2,D1_pwm150_grab5
15597,-324,-1456,9594,CD,2,D1_pwm150_grab5
15601,-1028,-1042,10300,CD,2,D1_pwm150_grab5
15611,-338,250,11818,CD,2,D1_pwm150_grab5
15616,54,-1010,9540,CD,2,D1_pwm150_grab5
15621,-248,-182,9694,CD,2,D1_pwm150_grab5
15626,910,-608,9544,CD,2,D1_pwm150_grab5
15632,-750,-1472,9400,CD,2,D1_pwm150_grab5
15636,1434,1812,11716,CD,2,D1_pwm150_grab5
15642,-800,-1766,9078,CD,2,D1_pwm150_grab5
15647,1134,-44,11392,CD,2,D1_pwm150_grab5
15651,570,-940,9120,CD,2,D1_pwm150_grab5
15662,1766,1238,10112,CD,2,D1_pwm150_grab5
15666,848,1338,10492,CD,2,D1_pwm150_grab5
15672,114,-484,11268,CD,2,D1_pwm150_grab5
15677,-1284,-1228,10692,CD,2,D1_pwm150_grab5
15681,-170,-580,9464,CD,2,D1_pwm150_grab5
15686,-40,-1106,10266,CD,2,D1_pwm150_grab5
15691,2830,-850,8262,CD,2,D1_pwm150_grab5
15696,-218,-452,9690,CD,2,D1_pwm150_grab5
15702,1404,1230,11648,CD,2,D1_pwm150_grab5
15707,1620,-180,9218,CD,2,D1_pwm150_grab5
15712,1408,1256,11752,CD,2,D1_pwm150_grab5
15717,-182,-288,9012,CD,2,D1_pwm150_grab5
15728,-252,-1466,9556,CD,2,D1_pwm150_grab5
15732,-1124,-922,10350,CD,2,D1_pwm150_grab5
15742,-448,198,11628,CD,2,D1_pwm150_grab5
15747,144,-970,9588,CD,2,D1_pwm150_grab5
15752,-280,-66,9758,CD,2,D1_pwm150_grab5
15757,2318,-370,7856,CD,2,D1_pwm150_grab5
15763,460,534,9816,CD,2,D1_pwm150_grab5
15767,1336,1778,11458,CD,2,D1_pwm150_grab5
15772,-886,-1560,9098,CD,2,D1_pwm150_grab5
15777,1110,-50,11384,CD,2,D1_pwm150_grab5
15782,572,-1052,8996,CD,2,D1_pwm150_grab5
15787,-1976,-146,11032,CD,2,D1_pwm150_grab5
15793,1662,1208,10168,CD,2,D1_pwm150_grab5
15798,992,1270,10642,CD,2,D1_pwm150_grab5
15803,3452,-2224,8944,CD,2,D1_pwm150_grab5
15807,-1288,-1350,10704,CD,2,D1_pwm150_grab5
15812,-204,-440,9612,CD,2,D1_pwm150_grab5
15817,-38,-934,10412,CD,2,D1_pwm150_grab5
15823,2752,-788,8044,CD,2,D1_pwm150_grab5
15827,-234,-628,9604,CD,2,D1_pwm150_grab5
15833,-626,-614,10296,CD,2,D1_pwm150_grab5
15842,1462,1370,11870,CD,2,D1_pwm150_grab5
15848,1316,-1282,9532,CD,2,D1_pwm150_grab5
15852,-3098,1774,11826,CD,2,D1_pwm150_grab5
15858,1252,840,10262,CD,2,D1_pwm150_grab5
15863,446,544,10936,CD,2,D1_pwm150_grab5
15867,842,-1754,10446,CD,2,D1_pwm150_grab5
15872,-2734,-3084,8384,CD,2,D1_pwm150_grab5
15877,470,-1460,10236,CD,2,D1_pwm150_grab5
15882,-320,232,9940,CD,2,D1_pwm150_grab5
15887,1360,-500,9596,CD,2,D1_pwm150_grab5
15892,-778,-1360,9558,CD,2,D1_pwm150_grab5
15898,228,370,11018,CD,2,D1_pwm150_grab5
15903,4218,102,8230,CD,2,D1_pwm150_grab5
15907,1368,2136,12096,CD,2,D1_pwm150_grab5
15912,1402,-1090,9784,CD,2,D1_pwm150_grab5
15917,-200,-2314,10158,CD,2,D1_pwm150_grab5
15922,1646,1076,10126,CD,2,D1_pwm150_grab5
15927,962,1192,10604,CD,2,D1_pwm150_grab5
15932,102,-334,11330,CD,2,D1_pwm150_grab5
15938,-2706,-3046,9080,CD,2,D1_pwm150_grab5
15942,278,-1640,9862,CD,2,D1_pwm150_grab5
15948,-700,358,9460,CD,2,D1_pwm150_grab5
15952,-572,842,11834,CD,2,D1_pwm150_grab5
15958,-976,-2012,9758,CD,2,D1_pwm150_grab5
15964,1402,1242,11460,CD,2,D1_pwm150_grab5
15969,1762,-512,8728,CD,2,D1_pwm150_grab5
15973,1444,1470,12202,CD,2,D1_pwm150_grab5
15978,1450,-1256,9540,CD,2,D1_pwm150_grab5
15983,-3114,1398,11716,CD,2,D1_pwm150_grab5
15988,1254,864,10238,CD,2,D1_pwm150_grab5
15993,450,440,10954,CD,2,D1_pwm150_grab5
15998,590,-1370,10412,CD,2,D1_pwm150_grab5
16003,-2148,-2700,10032,CD,2,D1_pwm150_grab5
16008,-82,-1196,9586,CD,2,D1_pwm150_grab5
16013,-432,324,9998,CD,2,D1_pwm150_grab5
16019,1280,-256,9758,CD,2,D1_pwm150_grab5
16023,-808,-1586,9614,CD,2,D1_pwm150_grab5
16028,148,256,10860,CD,2,D1_pwm150_grab5
16034,4430,-436,7950,CD,2,D1_pwm150_grab5
16038,1084,2140,12394,CD,2,D1_pwm150_grab5
16043,1554,-1042,9880,CD,2,D1_pwm150_grab5
16048,-2012,-720,10702,CD,2,D1_pwm150_grab5
16053,1588,1126,10100,CD,2,D1_pwm150_grab5
16059,1024,1412,10738,CD,2,D1_pwm150_grab5
16063,-8,-266,11210,CD,2,D1_pwm150_grab5
16069,-2788,-2808,9324,CD,2,D1_pwm150_grab5
16073,504,-1668,9680,CD,2,D1_pwm150_grab5
16078,-742,414,9440,CD,2,D1_pwm150_grab5
16084,2290,-922,8198,CD,2,D1_pwm150_grab5
16089,-930,-2038,9738,CD,2,D1_pwm150_grab5
16093,-554,-676,10164,CD,2,D1_pwm150_grab5
16104,554,1754,11836,CD,2,D1_pwm150_grab5
16109,820,-618,10018,CD,2,D1_pwm150_grab5
16114,-798,-2048,10136,CD,2,D1_pwm150_grab5
16119,1972,630,9580,CD,2,D1_pwm150_grab5
16124,408,566,10786,CD,2,D1_pwm150_grab5
16134,-2882,-2406,8672,CD,2,D1_pwm150_grab5
16138,862,-1418,10026,CD,2,D1_pwm150_grab5
16144,-506,-258,9238,CD,2,D1_pwm150_grab5
16154,-536,-1558,9654,CD,2,D1_pwm150_grab5
16158,-1014,-1208,10180,CD,2,D1_pwm150_grab5
16163,4384,-300,7990,CD,2,D1_pwm150_grab5
16169,982,2096,12468,CD,2,D1_pwm150_grab5
16174,42,-242,9924,CD,2,D1_pwm150_grab5
16178,-168,-2006,10078,CD,2,D1_pwm150_grab5
16183,2194,-304,8376,CD,2,D1_pwm150_grab5
16189,610,810,9722,CD,2,D1_pwm150_grab5
16193,912,1726,11926,CD,2,D1_pwm150_grab5
16199,-1556,-1510,9090,CD,2,D1_pwm150_grab5
16203,474,-1632,9646,CD,2,D1_pwm150_grab5
16208,-746,262,9452,CD,2,D1_pwm150_grab5
16215,-708,1062,12062,CD,2,D1_pwm150_grab5
16220,-862,-1896,9878,CD,2,D1_pwm150_grab5
16224,-566,-910,10062,CD,2,D1_pwm150_grab5
16235,520,1502,11818,CD,2,D1_pwm150_grab5
16239,804,-542,10084,CD,2,D1_pwm150_grab5
16244,-2964,1162,11644,CD,2,D1_pwm150_grab5
16250,1380,920,9806,CD,2,D1_pwm150_grab5
16256,470,816,10712,CD,2,D1_pwm150_grab5
16259,454,1036,12204,CD,2,D1_pwm150_grab5
16265,-2710,-2538,8422,CD,2,D1_pwm150_grab5
16270,1000,-1190,10280,CD,2,D1_pwm150_grab5
16274,-360,-256,9276,CD,2,D1_pwm150_grab5
16284,-744,-1674,9660,CD,2,D1_pwm150_grab5
16289,-2,-78,10524,CD,2,D1_pwm150_grab5
16300,-148,436,11628,CD,2,D1_pwm150_grab5
16304,-108,-514,9886,CD,2,D1_pwm150_grab5
16310,-208,-2186,10000,CD,2,D1_pwm150_grab5
16314,2366,-478,8122,CD,2,D1_pwm150_grab5
16320,470,706,9868,CD,2,D1_pwm150_grab5
16324,18,-146,11406,CD,2,D1_pwm150_grab5
16329,-2918,-3286,8552,CD,2,D1_pwm150_grab5
16334,592,-1394,9858,CD,2,D1_pwm150_grab5
16339,-626,260,9588,CD,2,D1_pwm150_grab5
16349,522,-412,9832,CD,2,D1_pwm150_grab5
16354,-350,-392,10416,CD,2,D1_pwm150_grab5
16359,3628,-2268,8630,CD,2,D1_pwm150_grab5
16364,464,1420,12070,CD,2,D1_pwm150_grab5
16369,520,-644,9890,CD,2,D1_pwm150_grab5
16374,-812,-2104,9934,CD,2,D1_pwm150_grab5
16379,1770,446,9392,CD,2,D1_pwm150_grab5
16384,-236,-488,9564,CD,2,D1_pwm150_grab5
16389,1312,1320,11730,CD,2,D1_pwm150_grab5
16395,1584,-520,9062,CD,2,D1_pwm150_grab5
16399,1318,1076,11700,CD,2,D1_pwm150_grab5
16404,1174,-1170,9600,CD,2,D1_pwm150_grab5
16414,-262,-1448,9592,CD,2,D1_pwm150_grab5
16419,-980,-1096,10214,CD,2,D1_pwm150_grab5
16430,-2068,-2326,9726,CD,2,D1_pwm150_grab5
16434,-44,-976,9436,CD,2,D1_pwm150_grab5
16439,-206,-154,9706,CD,2,D1_pwm150_grab5
16445,830,-598,9658,CD,2,D1_pwm150_grab5
16449,450,442,9872,CD,2,D1_pwm150_grab5
16454,1462,1830,11752,CD,2,D1_pwm150_grab5
16460,-812,-1806,9014,CD,2,D1_pwm150_grab5
16465,1146,-38,11406,CD,2,D1_pwm150_grab5
16470,536,-952,9232,CD,2,D1_pwm150_grab5
16481,542,-358,9944,CD,2,D1_pwm150_grab5
16486,-240,-252,10480,CD,2,D1_pwm150_grab5
16500,446,-546,9866,CD,2,D1_pwm150_grab5
16505,-688,-2060,10008,CD,2,D1_pwm150_grab5
16512,1880,492,9484,CD,2,D1_pwm150_grab5
16515,-240,-320,9716,CD,2,D1_pwm150_grab5
16521,1416,1388,11770,CD,2,D1_pwm150_grab5
16526,1734,-270,9176,CD,2,D1_pwm150_grab5
16530,740,-1024,10796,CD,2,D1_pwm150_grab5
16536,-196,-304,9090,CD,2,D1_pwm150_grab5
16545,-230,-1582,9460,CD,2,D1_pwm150_grab5
16550,-994,-1204,10170,CD,2,D1_pwm150_grab5
16555,822,-1904,10358,CD,2,D1_pwm150_grab5
16560,-2206,-2418,9600,CD,2,D1_pwm150_grab5
16566,74,-1076,9526,CD,2,D1_pwm150_grab5
16571,-184,-2224,10108,CD,2,D1_pwm150_grab5
16575,2234,-478,7838,CD,2,D1_pwm150_grab5
16581,362,516,9914,CD,2,D1_pwm150_grab5
16585,1564,1878,11572,CD,2,D1_pwm150_grab5
16591,-480,-1592,9002,CD,2,D1_pwm150_grab5
16595,1170,116,11528,CD,2,D1_pwm150_grab5
16601,1334,-1046,9746,CD,2,D1_pwm150_grab5
16605,-1758,-380,10858,CD,2,D1_pwm150_grab5
16611,712,-264,9978,CD,2,D1_pwm150_grab5
16615,-96,-76,10548,CD,2,D1_pwm150_grab5
16620,2902,-2474,9124,CD,2,D1_pwm150_grab5
16625,-1426,-1532,10714,CD,2,D1_pwm150_grab5
16631,-134,-516,9454,CD,2,D1_pwm150_grab5
16636,-90,-730,10408,CD,2,D1_pwm150_grab5
16640,-882,744,11800,CD,2,D1_pwm150_grab5
16645,-904,-1962,9652,CD,2,D1_pwm150_grab5
16650,1082,980,11436,CD,2,D1_pwm150_grab5
16655,2424,-106,9180,CD,2,D1_pwm150_grab5
16660,1282,1538,11932,CD,2,D1_pwm150_grab5
16666,1436,-1250,9706,CD,2,D1_pwm150_grab5
16670,-2750,1328,11524,CD,2,D1_pwm150_grab5
16675,1482,1034,10068,CD,2,D1_pwm150_grab5
16680,604,652,10848,CD,2,D1_pwm150_grab5
16685,246,1020,12190,CD,2,D1_pwm150_grab5
16690,-2528,-2756,9412,CD,2,D1_pwm150_grab5
16695,292,-1196,9570,CD,2,D1_pwm150_grab5
16701,-478,248,9686,CD,2,D1_pwm150_grab5
16706,346,-410,10196,CD,2,D1_pwm150_grab5
16710,-874,-1638,9602,CD,2,D1_pwm150_grab5
16715,-100,140,10620,CD,2,D1_pwm150_grab5
16727,1230,2088,11974,CD,2,D1_pwm150_grab5
16731,864,-1206,9172,CD,2,D1_pwm150_grab5
16742,912,84,9898,CD,2,D1_pwm150_grab5
16746,88,-8,10414,CD,2,D1_pwm150_grab5
16752,1974,-2126,9780,CD,2,D1_pwm150_grab5
16756,-1762,-2062,10074,CD,2,D1_pwm150_grab5
16761,-74,-714,9564,CD,2,D1_pwm150_grab5
16766,-182,-420,10278,CD,2,D1_pwm150_grab5
16771,1890,-1014,8804,CD,2,D1_pwm150_grab5
16776,-656,-998,9712,CD,2,D1_pwm150_grab5
16781,710,752,11350,CD,2,D1_pwm150_grab5
16786,3242,188,8710,CD,2,D1_pwm150_grab5
16792,1334,1820,12166,CD,2,D1_pwm150_grab5
16796,1570,-1214,9662,CD,2,D1_pwm150_grab5
16801,-2568,710,11270,CD,2,D1_pwm150_grab5
16806,1636,1322,10228,CD,2,D1_pwm150_grab5
16812,842,860,10870,CD,2,D1_pwm150_grab5
16816,38,-930,10722,CD,2,D1_pwm150_grab5
16822,-2588,-3202,9364,CD,2,D1_pwm150_grab5
16826,188,-1438,9742,CD,2,D1_pwm150_grab5
16831,-690,514,9702,CD,2,D1_pwm150_grab5
16836,14,178,10956,CD,2,D1_pwm150_grab5
16841,-940,-2182,9690,CD,2,D1_pwm150_grab5
16847,-384,-384,10152,CD,2,D1_pwm150_grab5
16851,1134,-344,8932,CD,2,D1_pwm150_grab5
16857,850,2094,12200,CD,2,D1_pwm150_grab5
16862,1040,-770,10030,CD,2,D1_pwm150_grab5
16867,-1264,-1744,10126,CD,2,D1_pwm150_grab5
16871,1852,966,10050,CD,2,D1_pwm150_grab5
16877,1102,1628,10574,CD,2,D1_pwm150_grab5
16881,274,496,11976,CD,2,D1_pwm150_grab5
16887,-2858,-3018,8402,CD,2,D1_pwm150_grab5
16892,56,-948,9624,CD,2,D1_pwm150_grab5
16896,-538,48,9364,CD,2,D1_pwm150_grab5
16906,-604,-1794,9684,CD,2,D1_pwm150_grab5
16911,-968,-1044,10202,CD,2,D1_pwm150_grab5
16922,-80,790,11702,CD,2,D1_pwm150_grab5
16927,-16,-394,9908,CD,2,D1_pwm150_grab5
16932,-2012,-478,10840,CD,2,D1_pwm150_grab5
16936,1822,1294,10378,CD,2,D1_pwm150_grab5
16941,634,894,9914,CD,2,D1_pwm150_grab5
16946,1132,1716,11896,CD,2,D1_pwm150_grab5
16951,-1168,-1698,9270,CD,2,D1_pwm150_grab5
16956,1138,-428,11080,CD,2,D1_pwm150_grab5
16961,296,-924,8944,CD,2,D1_pwm150_grab5
16972,-868,-2140,9746,CD,2,D1_pwm150_grab5
16976,-726,-780,10030,CD,2,D1_pwm150_grab5
16987,418,1496,12156,CD,2,D1_pwm150_grab5
16992,628,-568,9944,CD,2,D1_pwm150_grab5
16997,-836,-2268,9868,CD,2,D1_pwm150_grab5
17002,1644,616,9582,CD,2,D1_pwm150_grab5
17007,944,1604,10394,CD,2,D1_pwm150_grab5
17012,354,-1360,10556,CD,2,D1_pwm150_grab5
17018,-2364,-2852,9358,CD,2,D1_pwm150_grab5
17022,-14,-1200,9684,CD,2,D1_pwm150_grab5
17027,-268,-188,9100,CD,2,D1_pwm150_grab5
17037,-260,-1558,9566,CD,2,D1_pwm150_grab5
17042,-952,-1400,10012,CD,2,D1_pwm150_grab5
17047,5014,-1660,7604,CD,2,D1_pwm150_grab5
17053,1104,1970,12022,CD,2,D1_pwm150_grab5
17057,1196,-890,9876,CD,2,D1_pwm150_grab5
17062,-1512,-1434,10410,CD,2,D1_pwm150_grab5
17067,2298,-776,7756,CD,2,D1_pwm150_grab5
17072,398,612,9940,CD,2,D1_pwm150_grab5
17077,1636,1966,11900,CD,2,D1_pwm150_grab5
17083,-498,-1256,9074,CD,2,D1_pwm150_grab5
17088,1336,116,11342,CD,2,D1_pwm150_grab5
17092,632,-1154,9078,CD,2,D1_pwm150_grab5
17102,-744,-2000,9536,CD,2,D1_pwm150_grab5
17108,-932,-1228,9968,CD,2,D1_pwm150_grab5
17112,2816,-2276,9196,CD,2,D1_pwm150_grab5
17118,-1304,-1698,10340,CD,2,D1_pwm150_grab5
17122,-164,-660,9442,CD,2,D1_pwm150_grab5
17128,-146,-256,10594,CD,2,D1_pwm150_grab5
17132,2466,-1228,8544,CD,2,D1_pwm150_grab5
17137,826,1270,9992,CD,2,D1_pwm150_grab5
17142,666,1650,11734,CD,2,D1_pwm150_grab5
17147,-1976,-2122,8924,CD,2,D1_pwm150_grab5
17152,1296,1712,11892,CD,2,D1_pwm150_grab5
17158,1418,-1216,9698,CD,2,D1_pwm150_grab5
17162,-2590,904,11330,CD,2,D1_pwm150_grab5
17167,1500,1202,9990,CD,2,D1_pwm150_grab5
17172,682,682,10884,CD,2,D1_pwm150_grab5
17183,-742,-608,11110,CD,2,D1_pwm150_grab5
17188,-228,-370,9704,CD,2,D1_pwm150_grab5
17193,-220,-1420,10558,CD,2,D1_pwm150_grab5
17198,162,-132,10402,CD,2,D1_pwm150_grab5
17202,-954,-1914,9570,CD,2,D1_pwm150_grab5
17208,-292,4,10546,CD,2,D1_pwm150_grab5
17217,1314,730,11756,CD,2,D1_pwm150_grab5
17222,982,-1270,9290,CD,2,D1_pwm150_grab5
17227,-3508,2396,12494,CD,2,D1_pwm150_grab5
17232,1024,468,10224,CD,2,D1_pwm150_grab5
17239,188,-12,10694,CD,2,D1_pwm150_grab5
17244,1746,-2194,9708,CD,2,D1_pwm150_grab5
17248,-1734,-2252,10286,CD,2,D1_pwm150_grab5
17253,-122,-884,9534,CD,2,D1_pwm150_grab5
17258,-228,-2274,10098,CD,2,D1_pwm150_grab5
17264,1984,-330,8518,CD,2,D1_pwm150_grab5
17268,592,1082,9804,CD,2,D1_pwm150_grab5
17274,884,1882,11704,CD,2,D1_pwm150_grab5
17278,-1540,-1530,9068,CD,2,D1_pwm150_grab5
17284,1226,1970,12212,CD,2,D1_pwm150_grab5
17288,1566,-1218,9832,CD,2,D1_pwm150_grab5
17294,-2472,40,10960,CD,2,D1_pwm150_grab5
17299,430,-302,9866,CD,2,D1_pwm150_grab5
17304,-622,-852,10186,CD,2,D1_pwm150_grab5
17308,3876,-1936,8192,CD,2,D1_pwm150_grab5
17313,-874,-1140,10558,CD,2,D1_pwm150_grab5
17319,-364,-404,9612,CD,2,D1_pwm150_grab5
17323,-696,504,9646,CD,2,D1_pwm150_grab5
17329,-72,464,11290,CD,2,D1_pwm150_grab5
17333,-938,-2144,9702,CD,2,D1_pwm150_grab5
17339,1682,1676,11558,CD,2,D1_pwm150_grab5
17343,1294,-630,8880,CD,2,D1_pwm150_grab5
17349,1308,1198,12056,CD,2,D1_pwm150_grab5
17353,1256,-1292,9372,CD,2,D1_pwm150_grab5
17359,-3352,1726,12062,CD,2,D1_pwm150_grab5
17363,1172,734,10146,CD,2,D1_pwm150_grab5
17368,1078,1634,10454,CD,2,D1_pwm150_grab5
17373,308,572,12248,CD,2,D1_pwm150_grab5
17379,-2096,-2530,10158,CD,2,D1_pwm150_grab5
17383,54,-1074,9542,CD,2,D1_pwm150_grab5
17388,-352,72,10170,CD,2,D1_pwm150_grab5
17394,1124,-570,9532,CD,2,D1_pwm150_grab5
17399,-782,-1540,9612,CD,2,D1_pwm150_grab5
17403,236,214,10996,CD,2,D1_pwm150_grab5
17413,140,758,11384,CD,2,D1_pwm150_grab5
17418,1492,-1018,9796,CD,2,D1_pwm150_grab5
17424,-2142,-324,10938,CD,2,D1_pwm150_grab5
17428,1738,1178,10136,CD,2,D1_pwm150_grab5
17434,980,1398,10916,CD,2,D1_pwm150_grab5
17438,-10,-384,11062,CD,2,D1_pwm150_grab5
17444,-2892,-3118,9156,CD,2,D1_pwm150_grab5
17448,508,-1576,9864,CD,2,D1_pwm150_grab5
17454,186,-870,8842,CD,2,D1_pwm150_grab5
17458,-778,1010,11956,CD,2,D1_pwm150_grab5
17463,-852,-2124,9744,CD,2,D1_pwm150_grab5
17468,-640,-952,10012,CD,2,D1_pwm150_grab5
17478,518,1490,11942,CD,2,D1_pwm150_grab5
17483,646,-590,10078,CD,2,D1_pwm150_grab5
17488,-918,-2042,10120,CD,2,D1_pwm150_grab5
17494,1856,376,9460,CD,3,D1_pwm150_grab5
17500,534,962,10848,CD,3,D1_pwm150_grab5
17505,444,-1534,10590,CD,3,D1_pwm150_grab5
17509,-2516,-2820,9716,CD,3,D1_pwm150_grab5
17514,244,-1252,9684,CD,3,D1_pwm150_grab5
17520,-506,264,9816,CD,3,D1_pwm150_grab5
17525,226,-82,10224,CD,3,D1_pwm150_grab5
17530,-776,-2002,9590,CD,3,D1_pwm150_grab5
17534,-204,-350,10242,CD,3,D1_pwm150_grab5
17544,1018,1922,11950,CD,3,D1_pwm150_grab5
17549,1126,-884,9830,CD,3,D1_pwm150_grab5
17555,-1590,-1100,10582,CD,3,D1_pwm150_grab5
17559,1784,1110,10230,CD,3,D1_pwm150_grab5
17564,972,1716,10596,CD,3,D1_pwm150_grab5
17569,78,270,11728,CD,3,D1_pwm150_grab5
17574,-2926,-3218,8426,CD,3,D1_pwm150_grab5
17580,638,-1378,10098,CD,3,D1_pwm150_grab5
17584,-490,38,9428,CD,3,D1_pwm150_grab5
17594,-758,-1984,9590,CD,3,D1_pwm150_grab5
17599,-862,-1044,10140,CD,3,D1_pwm150_grab5
17609,274,1024,11924,CD,3,D1_pwm150_grab5
17614,146,-538,9808,CD,3,D1_pwm150_grab5
17619,-2084,410,11308,CD,3,D1_pwm150_grab5
17624,1948,220,9002,CD,3,D1_pwm150_grab5
17629,786,1132,9976,CD,3,D1_pwm150_grab5
17634,652,1732,11652,CD,3,D1_pwm150_grab5
17640,-1964,-2530,8776,CD,3,D1_pwm150_grab5
17644,918,-702,11010,CD,3,D1_pwm150_grab5
17649,80,-478,8944,CD,3,D1_pwm150_grab5
17660,-910,-2000,9696,CD,3,D1_pwm150_grab5
17664,-786,-960,10278,CD,3,D1_pwm150_grab5
17674,-728,-334,11552,CD,3,D1_pwm150_grab5
17680,-134,-548,9652,CD,3,D1_pwm150_grab5
17684,-252,-1782,10416,CD,3,D1_pwm150_grab5
17690,2434,-762,7746,CD,3,D1_pwm150_grab5
17694,126,200,9824,CD,3,D1_pwm150_grab5
17699,1920,1730,11828,CD,3,D1_pwm150_grab5
17705,-2764,-3172,8336,CD,3,D1_pwm150_grab5
17710,1260,594,11580,CD,3,D1_pwm150_grab5
17714,926,-1094,9380,CD,3,D1_pwm150_grab5
17719,-3412,2420,12470,CD,3,D1_pwm150_grab5
17724,926,310,10208,CD,3,D1_pwm150_grab5
17730,162,110,10792,CD,3,D1_pwm150_grab5
17734,1984,-2404,9594,CD,3,D1_pwm150_grab5
17739,-1836,-1928,10292,CD,3,D1_pwm150_grab5
17744,86,-432,9948,CD,3,D1_pwm150_grab5
17750,-424,-2254,9988,CD,3,D1_pwm150_grab5
17756,2074,-20,8604,CD,3,D1_pwm150_grab5
17760,750,1002,9840,CD,3,D1_pwm150_grab5
17766,872,1940,11638,CD,3,D1_pwm150_grab5
17770,-1476,-2178,8874,CD,3,D1_pwm150_grab5
17775,972,-502,11218,CD,3,D1_pwm150_grab5
17780,292,-806,8928,CD,3,D1_pwm150_grab5
17785,-840,832,11736,CD,3,D1_pwm150_grab5
17790,-918,-1982,9616,CD,3,D1_pwm150_grab5
17796,-546,-478,10344,CD,3,D1_pwm150_grab5
17800,3990,-2170,8264,CD,3,D1_pwm150_grab5
17805,-966,-956,11016,CD,3,D1_pwm150_grab5
17811,-300,-498,9574,CD,3,D1_pwm150_grab5
17815,-40,-1114,10470,CD,3,D1_pwm150_grab5
17820,2138,-838,7922,CD,3,D1_pwm150_grab5
17826,896,1324,9896,CD,3,D1_pwm150_grab5
17830,314,1188,12184,CD,3,D1_pwm150_grab5
17836,1396,-390,9232,CD,3,D1_pwm150_grab5
17841,1266,1160,11836,CD,3,D1_pwm150_grab5
17845,1312,-1276,9400,CD,3,D1_pwm150_grab5
17850,-3034,1744,11930,CD,3,D1_pwm150_grab5
17855,1260,660,10162,CD,3,D1_pwm150_grab5
17860,446,524,10888,CD,3,D1_pwm150_grab5
17870,-438,28,11272,CD,3,D1_pwm150_grab5
17875,-172,-316,9836,CD,3,D1_pwm150_grab5
17880,-436,82,9946,CD,3,D1_pwm150_grab5
17886,712,-368,9784,CD,3,D1_pwm150_grab5
17890,-750,-1580,9728,CD,3,D1_pwm150_grab5
17896,18,98,10708,CD,3,D1_pwm150_grab5
17906,1232,408,11322,CD,3,D1_pwm150_grab5
17910,870,-1150,9118,CD,3,D1_pwm150_grab5
17916,-3490,2466,12764,CD,3,D1_pwm150_grab5
17921,1868,1082,10226,CD,3,D1_pwm150_grab5
17925,986,1318,10656,CD,3,D1_pwm150_grab5
17930,-56,148,11562,CD,3,D1_pwm150_grab5
17936,-2882,-3278,8640,CD,3,D1_pwm150_grab5
17940,744,-1474,10002,CD,3,D1_pwm150_grab5
17946,-198,-336,10134,CD,3,D1_pwm150_grab5
17951,1292,-808,8794,CD,3,D1_pwm150_grab5
17956,-514,-1118,9426,CD,3,D1_pwm150_grab5
17960,476,534,11142,CD,3,D1_pwm150_grab5
17971,118,1160,11924,CD,3,D1_pwm150_grab5
17975,122,-532,9950,CD,3,D1_pwm150_grab5
17980,-428,-2384,10032,CD,3,D1_pwm150_grab5
17986,1756,1190,10276,CD,3,D1_pwm150_grab5
17991,770,1250,10696,CD,3,D1_pwm150_grab5
17995,108,-544,11090,CD,3,D1_pwm150_grab5
18001,-2794,-3254,9062,CD,3,D1_pwm150_grab5
18006,410,-1434,10034,CD,3,D1_pwm150_grab5
18011,-584,414,9728,CD,3,D1_pwm150_grab5
18017,-714,568,11430,CD,3,D1_pwm150_grab5
18021,-858,-2008,9796,CD,3,D1_pwm150_grab5
18026,850,1008,11434,CD,3,D1_pwm150_grab5
18031,2536,116,9118,CD,3,D1_pwm150_grab5
18036,1264,1380,11444,CD,3,D1_pwm150_grab5
18041,1260,-1144,9504,CD,3,D1_pwm150_grab5
18046,-2468,1422,11736,CD,3,D1_pwm150_grab5
18052,1670,686,9750,CD,3,D1_pwm150_grab5
18057,938,1336,10126,CD,3,D1_pwm150_grab5
18061,420,1106,11730,CD,3,D1_pwm150_grab5
18066,-2500,-2832,9272,CD,3,D1_pwm150_grab5
18071,94,-1230,9738,CD,3,D1_pwm150_grab5
18077,-448,230,9600,CD,3,D1_pwm150_grab5
18081,62,-380,10006,CD,3,D1_pwm150_grab5
18087,-874,-1704,9722,CD,3,D1_pwm150_grab5
18091,-884,-946,10260,CD,3,D1_pwm150_grab5
18101,-506,76,11656,CD,3,D1_pwm150_grab5
18106,1052,-792,9840,CD,3,D1_pwm150_grab5
18112,-1380,-982,10560,CD,3,D1_pwm150_grab5
18116,1978,1354,10362,CD,3,D1_pwm150_grab5
18121,972,1344,10264,CD,3,D1_pwm150_grab5
18126,128,334,11762,CD,3,D1_pwm150_grab5
18132,-2756,-3196,8634,CD,3,D1_pwm150_grab5
18136,1214,322,11330,CD,3,D1_pwm150_grab5
18141,790,-1050,9182,CD,3,D1_pwm150_grab5
18146,-1928,1488,12990,CD,3,D1_pwm150_grab5
18151,-682,-1884,9512,CD,3,D1_pwm150_grab5
18157,-992,-780,10186,CD,3,D1_pwm150_grab5
18167,76,914,11784,CD,3,D1_pwm150_grab5
18171,28,-438,9910,CD,3,D1_pwm150_grab5
18177,-224,-532,10352,CD,3,D1_pwm150_grab5
18182,2074,-994,8660,CD,3,D1_pwm150_grab5
18186,700,1026,9822,CD,3,D1_pwm150_grab5
18192,956,1562,11590,CD,3,D1_pwm150_grab5
18196,-1380,-1730,9224,CD,3,D1_pwm150_grab5
18202,1006,-496,10968,CD,3,D1_pwm150_grab5
18207,352,-786,8916,CD,3,D1_pwm150_grab5
18217,310,-778,9636,CD,3,D1_pwm150_grab5
18221,800,862,10694,CD,3,D1_pwm150_grab5
18226,204,-922,10868,CD,3,D1_pwm150_grab5
18232,-1038,-1138,10576,CD,3,D1_pwm150_grab5
18236,-282,-396,9672,CD,3,D1_pwm150_grab5
18241,-94,-1082,10584,CD,3,D1_pwm150_grab5
18247,2006,-934,7694,CD,3,D1_pwm150_grab5
18251,-90,-140,9662,CD,3,D1_pwm150_grab5
18257,1630,1470,11558,CD,3,D1_pwm150_grab5
18263,1516,-254,8928,CD,3,D1_pwm150_grab5
18267,774,-1214,10330,CD,3,D1_pwm150_grab5
18273,-344,-288,8836,CD,3,D1_pwm150_grab5
18283,-250,-1474,9522,CD,3,D1_pwm150_grab5
18287,-1034,-1048,10242,CD,3,D1_pwm150_grab5
18297,-374,-38,11066,CD,3,D1_pwm150_grab5
18302,-134,-208,9802,CD,3,D1_pwm150_grab5
18307,-464,292,10208,CD,3,D1_pwm150_grab5
18313,2008,-752,7974,CD,3,D1_pwm150_grab5
18318,364,572,9604,CD,3,D1_pwm150_grab5
18322,1518,1658,11678,CD,3,D1_pwm150_grab5
18327,-172,-792,9104,CD,3,D1_pwm150_grab5
18332,1422,320,11236,CD,3,D1_pwm150_grab5
18337,728,-1266,9024,CD,3,D1_pwm150_grab5
18348,1722,1168,10290,CD,3,D1_pwm150_grab5
18353,-62,-144,10298,CD,3,D1_pwm150_grab5
18358,2154,-1912,9364,CD,3,D1_pwm150_grab5
18362,-1430,-1952,9980,CD,3,D1_pwm150_grab5
18368,-328,-662,9666,CD,3,D1_pwm150_grab5
18373,-148,-180,10462,CD,3,D1_pwm150_grab5
18377,1766,-912,8626,CD,3,D1_pwm150_grab5
18383,-462,-908,9512,CD,3,D1_pwm150_grab5
18387,686,868,11306,CD,3,D1_pwm150_grab5
18392,3354,-272,8368,CD,3,D1_pwm150_grab5
18398,1186,1740,11978,CD,3,D1_pwm150_grab5
18402,1546,-1168,9626,CD,3,D1_pwm150_grab5
18407,-2564,426,11294,CD,3,D1_pwm150_grab5
18412,1594,1138,10044,CD,3,D1_pwm150_grab5
18417,652,994,10778,CD,3,D1_pwm150_grab5
18422,346,-990,10682,CD,3,D1_pwm150_grab5
18427,-2638,-2794,9776,CD,3,D1_pwm150_grab5
18433,260,-1470,9748,CD,3,D1_pwm150_grab5
18437,-612,348,9748,CD,3,D1_pwm150_grab5
18442,-118,252,10774,CD,3,D1_pwm150_grab5
18448,-868,-1848,9902,CD,3,D1_pwm150_grab5
18452,-370,-452,10124,CD,3,D1_pwm150_grab5
18462,704,1766,12022,CD,3,D1_pwm150_grab5
18467,1006,-676,9900,CD,3,D1_pwm150_grab5
18472,-2872,1880,12094,CD,3,D1_pwm150_grab5
18478,1770,952,10060,CD,3,D1_pwm150_grab5
18482,1024,1576,10550,CD,3,D1_pwm150_grab5
18488,218,498,11756,CD,3,D1_pwm150_grab5
18492,-2924,-2668,8880,CD,3,D1_pwm150_grab5
18497,706,-1348,10154,CD,3,D1_pwm150_grab5
18502,-492,-92,9254,CD,3,D1_pwm150_grab5
18512,-654,-1340,9500,CD,3,D1_pwm150_grab5
18518,130,404,10980,CD,3,D1_pwm150_grab5
18524,4308,-34,8142,CD,3,D1_pwm150_grab5
18529,1118,1928,11758,CD,3,D1_pwm150_grab5
18533,1364,-916,9690,CD,3,D1_pwm150_grab5
18539,-1934,-192,11018,CD,3,D1_pwm150_grab5
18544,1776,1252,10204,CD,3,D1_pwm150_grab5
18548,796,1366,10548,CD,3,D1_pwm150_grab5
18553,3000,-2164,8886,CD,3,D1_pwm150_grab5
18560,-1136,-1324,10536,CD,3,D1_pwm150_grab5
18563,470,-1456,9888,CD,3,D1_pwm150_grab5
18569,-562,212,9454,CD,3,D1_pwm150_grab5
18574,-654,672,11458,CD,3,D1_pwm150_grab5
18578,-848,-2062,9636,CD,3,D1_pwm150_grab5
18584,-616,-826,10044,CD,3,D1_pwm150_grab5
18594,1196,1404,11652,CD,3,D1_pwm150_grab5
18598,1258,-1180,9554,CD,3,D1_pwm150_grab5
18604,-912,-1670,10160,CD,3,D1_pwm150_grab5
18609,1888,814,9858,CD,3,D1_pwm150_grab5
18614,936,1630,10196,CD,3,D1_pwm150_grab5
18619,350,974,12010,CD,3,D1_pwm150_grab5
18623,-2712,-3000,8428,CD,3,D1_pwm150_grab5
18629,754,-1192,10524,CD,3,D1_pwm150_grab5
18633,-422,-28,9658,CD,3,D1_pwm150_grab5
18639,320,-586,9890,CD,3,D1_pwm150_grab5
18644,-858,-1698,9414,CD,3,D1_pwm150_grab5
18649,-1052,-1260,10176,CD,3,D1_pwm150_grab5
18659,-172,422,11692,CD,3,D1_pwm150_grab5
18664,-24,-412,9834,CD,3,D1_pwm150_grab5
18669,-374,-2078,10118,CD,3,D1_pwm150_grab5
18673,1950,1306,10174,CD,3,D1_pwm150_grab5
18679,926,1610,10596,CD,3,D1_pwm150_grab5
18683,140,-280,11600,CD,3,D1_pwm150_grab5
18689,-788,-1846,8956,CD,3,D1_pwm150_grab5
18693,980,-92,11398,CD,3,D1_pwm150_grab5
18698,474,-946,8986,CD,3,D1_pwm150_grab5
18709,466,-546,9872,CD,3,D1_pwm150_grab5
18713,-878,-1024,10178,CD,3,D1_pwm150_grab5
18724,712,1348,11638,CD,3,D1_pwm150_grab5
18729,324,-522,9834,CD,3,D1_pwm150_grab5
18733,-102,-1072,10426,CD,3,D1_pwm150_grab5
18738,2352,-886,8198,CD,3,D1_pwm150_grab5
18744,-328,-510,9760,CD,3,D1_pwm150_grab5
18749,1440,1310,11566,CD,3,D1_pwm150_grab5
18753,-2354,-2634,8608,CD,3,D1_pwm150_grab5
18759,934,-902,10756,CD,3,D1_pwm150_grab5
18763,-192,-316,9020,CD,3,D1_pwm150_grab5
18768,-3108,2550,14152,CD,3,D1_pwm150_grab5
18775,-154,-1356,9542,CD,3,D1_pwm150_grab5
18780,-1102,-1152,10232,CD,3,D1_pwm150_grab5
18790,-384,-126,11210,CD,3,D1_pwm150_grab5
18794,978,-872,9864,CD,3,D1_pwm150_grab5
18799,-1248,-1260,10386,CD,3,D1_pwm150_grab5
18804,2104,1118,10008,CD,3,D1_pwm150_grab5
18809,1056,1616,10512,CD,3,D1_pwm150_grab5
18814,276,394,12216,CD,3,D1_pwm150_grab5
18819,336,-1290,8984,CD,3,D1_pwm150_grab5
18824,1102,508,11630,CD,3,D1_pwm150_grab5
18830,930,-1210,9178,CD,3,D1_pwm150_grab5
18835,-2158,1796,13188,CD,3,D1_pwm150_grab5
18839,-594,-1810,9656,CD,3,D1_pwm150_grab5
18845,-992,-986,10270,CD,3,D1_pwm150_grab5
18854,226,834,11562,CD,3,D1_pwm150_grab5
18859,38,-754,9494,CD,3,D1_pwm150_grab5
18864,-246,-494,10192,CD,3,D1_pwm150_grab5
18870,1326,-764,8934,CD,3,D1_pwm150_grab5
18874,518,736,9724,CD,3,D1_pwm150_grab5
18880,1150,1798,11936,CD,3,D1_pwm150_grab5
18885,-734,-1902,9294,CD,3,D1_pwm150_grab5
18890,910,-270,11156,CD,3,D1_pwm150_grab5
18895,424,-794,8934,CD,3,D1_pwm150_grab5
18905,1750,1122,10054,CD,3,D1_pwm150_grab5
18910,942,1106,10646,CD,3,D1_pwm150_grab5
18915,106,-524,11058,CD,3,D1_pwm150_grab5
18920,-1262,-1234,10458,CD,3,D1_pwm150_grab5
18924,-188,-560,9396,CD,3,D1_pwm150_grab5
18929,-104,-1122,10190,CD,3,D1_pwm150_grab5
18935,1664,-1006,8474,CD,3,D1_pwm150_grab5
18939,-370,-470,9564,CD,3,D1_pwm150_grab5
18944,-664,-860,10048,CD,3,D1_pwm150_grab5
18954,450,1386,12146,CD,3,D1_pwm150_grab5
18959,1362,-1150,9562,CD,3,D1_pwm150_grab5
18964,-2382,1476,11608,CD,3,D1_pwm150_grab5
18970,1646,1160,9764,CD,3,D1_pwm150_grab5
18974,610,962,10630,CD,3,D1_pwm150_grab5
18979,372,-1378,10648,CD,3,D1_pwm150_grab5
18985,-2604,-2908,9120,CD,3,D1_pwm150_grab5
18989,856,-862,10736,CD,3,D1_pwm150_grab5
18995,-24,-258,8974,CD,3,D1_pwm150_grab5
18999,-48,-174,10484,CD,3,D1_pwm150_grab5
19005,-872,-1884,9754,CD,3,D1_pwm150_grab5
19009,-412,-430,10186,CD,3,D1_pwm150_grab5
19019,1038,1676,11810,CD,3,D1_pwm150_grab5
19024,830,-816,9922,CD,3,D1_pwm150_grab5
19031,-1154,-1470,10186,CD,3,D1_pwm150_grab5
19036,1872,1238,10198,CD,3,D1_pwm150_grab5
19040,490,328,10794,CD,3,D1_pwm150_grab5
19046,770,-2104,10244,CD,3,D1_pwm150_grab5
19051,-2318,-2428,9630,CD,3,D1_pwm150_grab5
19056,212,-934,9658,CD,3,D1_pwm150_grab5
19060,-408,32,9846,CD,3,D1_pwm150_grab5
19066,462,-742,9684,CD,3,D1_pwm150_grab5
19070,-844,-1468,9584,CD,3,D1_pwm150_grab5
19075,-1086,-936,10174,CD,3,D1_pwm150_grab5
19085,1248,1886,11612,CD,3,D1_pwm150_grab5
19091,1182,-968,9830,CD,3,D1_pwm150_grab5
19095,-1406,-436,10692,CD,3,D1_pwm150_grab5
19101,2012,1428,10308,CD,3,D1_pwm150_grab5
19106,1044,1168,10566,CD,3,D1_pwm150_grab5
19111,130,-66,11664,CD,3,D1_pwm150_grab5
19116,-548,-1326,9166,CD,3,D1_pwm150_grab5
19121,488,-1516,9974,CD,3,D1_pwm150_grab5
19126,-546,286,9402,CD,3,D1_pwm150_grab5
19136,-746,-1960,9558,CD,3,D1_pwm150_grab5
19141,-904,-714,10220,CD,3,D1_pwm150_grab5
19151,322,1224,11766,CD,3,D1_pwm150_grab5
19156,72,-394,9874,CD,3,D1_pwm150_grab5
19160,-404,-2416,9906,CD,3,D1_pwm150_grab5
19166,1830,352,9124,CD,3,D1_pwm150_grab5
19171,660,1248,9842,CD,3,D1_pwm150_grab5
19175,864,1532,11814,CD,3,D1_pwm150_grab5
19180,-1444,-1750,9300,CD,3,D1_pwm150_grab5
19186,1098,-680,10798,CD,3,D1_pwm150_grab5
19190,230,-724,8824,CD,3,D1_pwm150_grab5
19200,364,-742,9546,CD,3,D1_pwm150_grab5
19205,-528,-738,10390,CD,3,D1_pwm150_grab5
19210,3534,-2260,8380,CD,3,D1_pwm150_grab5
19215,-968,-1110,10368,CD,3,D1_pwm150_grab5
19221,-404,-378,9560,CD,3,D1_pwm150_grab5
19226,12,-1106,10396,CD,3,D1_pwm150_grab5
19230,1964,-1102,8068,CD,3,D1_pwm150_grab5
19235,-162,-178,9610,CD,3,D1_pwm150_grab5
19240,708,1124,11930,CD,3,D1_pwm150_grab5
19245,2220,166,8868,CD,3,D1_pwm150_grab5
19251,1368,1276,11538,CD,3,D1_pwm150_grab5
19255,1420,-1266,9404,CD,3,D1_pwm150_grab5
19261,-2784,1476,11648,CD,3,D1_pwm150_grab5
19266,1530,1182,10080,CD,3,D1_pwm150_grab5
19271,606,580,10638,CD,3,D1_pwm150_grab5
19275,340,-1276,10542,CD,3,D1_pwm150_grab5
19281,-662,-500,10738,CD,3,D1_pwm150_grab5
19287,-174,-372,9766,CD,3,D1_pwm150_grab5
19292,-114,-1522,10530,CD,3,D1_pwm150_grab5
19296,2240,-990,7878,CD,3,D1_pwm150_grab5
19301,8,222,9614,CD,3,D1_pwm150_grab5
19307,1546,1642,11874,CD,3,D1_pwm150_grab5
19311,1512,-102,9284,CD,3,D1_pwm150_grab5
19316,1306,918,11136,CD,3,D1_pwm150_grab5
19321,-282,-80,8914,CD,3,D1_pwm150_grab5
19332,1410,900,10108,CD,3,D1_pwm150_grab5
19336,484,186,10774,CD,3,D1_pwm150_grab5
19342,742,-1838,10066,CD,3,D1_pwm150_grab5
19346,-2178,-2608,9886,CD,3,D1_pwm150_grab5
19351,54,-1130,9810,CD,3,D1_pwm150_grab5
19356,-460,272,10066,CD,3,D1_pwm150_grab5
19361,2052,-744,7708,CD,3,D1_pwm150_grab5
19367,280,590,9830,CD,3,D1_pwm150_grab5
19371,-112,236,11038,CD,3,D1_pwm150_grab5
19382,1144,2032,11618,CD,3,D1_pwm150_grab5
19387,1152,-918,9724,CD,3,D1_pwm150_grab5
19392,-1456,-898,10672,CD,3,D1_pwm150_grab5
19396,1860,1402,10388,CD,3,D1_pwm150_grab5
19401,196,-198,10568,CD,3,D1_pwm150_grab5
19406,1724,-2212,9478,CD,3,D1_pwm150_grab5
19411,-1748,-2262,10394,CD,3,D1_pwm150_grab5
19417,440,-1660,9820,CD,3,D1_pwm150_grab5
19421,-482,320,9272,CD,3,D1_pwm150_grab5
19431,-738,-2002,9572,CD,3,D1_pwm150_grab5
19436,-920,-1034,10126,CD,3,D1_pwm150_grab5
19442,3784,32,8708,CD,3,D1_pwm150_grab5
19447,1164,1978,11850,CD,3,D1_pwm150_grab5
19451,1424,-1124,9662,CD,3,D1_pwm150_grab5
19457,-434,-2408,10068,CD,3,D1_pwm150_grab5
19462,1656,82,9078,CD,3,D1_pwm150_grab5
19466,698,1458,9854,CD,3,D1_pwm150_grab5
19471,828,1536,11808,CD,3,D1_pwm150_grab5
19476,-1740,-1556,9298,CD,3,D1_pwm150_grab5
19482,422,-1564,9852,CD,3,D1_pwm150_grab5
19486,-750,526,9572,CD,3,D1_pwm150_grab5
19491,-324,578,11442,CD,3,D1_pwm150_grab5
19496,-878,-2166,9718,CD,3,D1_pwm150_grab5
19501,-766,-1192,10146,CD,3,D1_pwm150_grab5
19506,3908,-1812,8040,CD,3,D1_pwm150_grab5
19511,-744,-928,10506,CD,3,D1_pwm150_grab5
19517,-412,-384,9766,CD,3,D1_pwm150_grab5
19522,-70,-980,10612,CD,3,D1_pwm150_grab5
19527,1880,640,9610,CD,3,D1_pwm150_grab5
19532,850,1672,10334,CD,3,D1_pwm150_grab5
19536,558,830,12156,CD,3,D1_pwm150_grab5
19543,-2570,-2166,9070,CD,3,D1_pwm150_grab5
19547,948,-1268,10198,CD,3,D1_pwm150_grab5
19552,-348,-270,8882,CD,3,D1_pwm150_grab5
19563,-870,-1846,9732,CD,3,D1_pwm150_grab5
19567,-144,-150,10442,CD,3,D1_pwm150_grab5
19578,826,1940,12064,CD,3,D1_pwm150_grab5
19584,1146,-780,9930,CD,3,D1_pwm150_grab5
19588,-152,-1758,10292,CD,3,D1_pwm150_grab5
19592,2120,-802,7894,CD,3,D1_pwm150_grab5
19597,180,516,9628,CD,3,D1_pwm150_grab5
19603,1584,1796,11928,CD,3,D1_pwm150_grab5
19607,-2882,-2848,8746,CD,3,D1_pwm150_grab5
19613,888,-1420,9956,CD,3,D1_pwm150_grab5
19618,-458,134,9314,CD,3,D1_pwm150_grab5
19628,984,356,9942,CD,3,D1_pwm150_grab5
19632,172,86,10628,CD,3,D1_pwm150_grab5
19638,1612,-2350,9342,CD,3,D1_pwm150_grab5
19642,-1712,-2004,10196,CD,3,D1_pwm150_grab5
19648,-62,-462,10014,CD,3,D1_pwm150_grab5
19653,-466,-2124,10142,CD,3,D1_pwm150_grab5
19657,2178,-206,8386,CD,3,D1_pwm150_grab5
19663,542,988,9930,CD,3,D1_pwm150_grab5
19667,1382,1892,12006,CD,3,D1_pwm150_grab5
19672,3916,254,8562,CD,3,D1_pwm150_grab5
19678,1124,1740,11608,CD,3,D1_pwm150_grab5
19683,1364,-964,9742,CD,3,D1_pwm150_grab5
19693,528,-508,9948,CD,3,D1_pwm150_grab5
19697,-224,-504,10428,CD,3,D1_pwm150_grab5
19702,3146,-2292,8734,CD,3,D1_pwm150_grab5
19707,-1070,-1110,10742,CD,3,D1_pwm150_grab5
19713,486,-1384,9874,CD,3,D1_pwm150_grab5
19717,-570,236,9406,CD,3,D1_pwm150_grab5
19723,-488,502,11298,CD,3,D1_pwm150_grab5
19727,-304,-390,9642,CD,3,D1_pwm150_grab5
19732,1092,1272,11734,CD,3,D1_pwm150_grab5
19737,2300,-438,9144,CD,3,D1_pwm150_grab5
19743,1198,1362,11726,CD,3,D1_pwm150_grab5
19747,1274,-1116,9682,CD,3,D1_pwm150_grab5
19752,-2766,1552,11700,CD,3,D1_pwm150_grab5
19757,1798,764,9772,CD,3,D1_pwm150_grab5
19762,926,1628,10240,CD,3,D1_pwm150_grab5
19767,578,-2002,10322,CD,3,D1_pwm150_grab5
19773,-2442,-2440,9738,CD,3,D1_pwm150_grab5
19777,228,-1274,9496,CD,3,D1_pwm150_grab5
19783,-540,130,9600,CD,3,D1_pwm150_grab5
19787,328,-382,10176,CD,3,D1_pwm150_grab5
19792,-862,-1768,9572,CD,3,D1_pwm150_grab5
19798,-242,-196,10528,CD,3,D1_pwm150_grab5
19809,1158,698,11868,CD,3,D1_pwm150_grab5
19813,1048,-1164,9328,CD,3,D1_pwm150_grab5
19823,1002,230,10094,CD,3,D1_pwm150_grab5
19828,284,300,10778,CD,3,D1_pwm150_grab5
19834,1414,-2572,9660,CD,3,D1_pwm150_grab5
19840,-1960,-2056,10478,CD,3,D1_pwm150_grab5
19844,674,-1464,9830,CD,3,D1_pwm150_grab5
19848,-376,-278,10090,CD,3,D1_pwm150_grab5
19854,1648,-664,9168,CD,3,D1_pwm150_grab5
19858,-634,-1158,9722,CD,3,D1_pwm150_grab5
19863,286,388,11088,CD,3,D1_pwm150_grab5
19869,4126,584,8680,CD,3,D1_pwm150_grab5
19873,1030,1850,11942,CD,3,D1_pwm150_grab5
19878,1406,-1050,9916,CD,3,D1_pwm150_grab5
19883,-374,-2014,9944,CD,3,D1_pwm150_grab5
19889,1754,1032,9900,CD,3,D1_pwm150_grab5
19894,1002,1252,10668,CD,3,D1_pwm150_grab5
19899,168,-632,11174,CD,3,D1_pwm150_grab5
19903,-2966,-3198,8664,CD,3,D1_pwm150_grab5
19908,842,-1460,9772,CD,3,D1_pwm150_grab5
19914,-630,254,9498,CD,3,D1_pwm150_grab5
19919,-990,834,12132,CD,3,D1_pwm150_grab5
19923,-864,-1884,9770,CD,3,D1_pwm150_grab5
19929,-762,-900,10180,CD,3,D1_pwm150_grab5
19938,414,1312,11802,CD,3,D1_pwm150_grab5
19943,166,-696,9992,CD,3,D1_pwm150_grab5
19948,-582,-1924,9970,CD,3,D1_pwm150_grab5
19953,2188,474,9240,CD,3,D1_pwm150_grab5
19958,704,1310,10046,CD,3,D1_pwm150_grab5
19963,838,1662,12140,CD,3,D1_pwm150_grab5
19968,-1614,-2372,8898,CD,3,D1_pwm150_grab5
19974,938,-718,10906,CD,3,D1_pwm150_grab5
19979,150,-474,9058,CD,3,D1_pwm150_grab5
19988,180,-1124,9590,CD,3,D1_pwm150_grab5
19993,-464,-658,10358,CD,3,D1_pwm150_grab5
19998,3610,-2242,8186,CD,3,D1_pwm150_grab5
20004,-796,-574,10936,CD,3,D1_pwm150_grab5
20008,484,-780,9896,CD,3,D1_pwm150_grab5
20013,-100,-1532,10202,CD,3,D1_pwm150_grab5
20019,2120,-732,8424,CD,3,D1_pwm150_grab5
20023,-206,-72,9734,CD,3,D1_pwm150_grab5
20028,1112,1324,11730,CD,3,D1_pwm150_grab5
20033,2344,12,9398,CD,3,D1_pwm150_grab5
20038,1070,1140,11276,CD,3,D1_pwm150_grab5
20043,1216,-1060,9510,CD,3,D1_pwm150_grab5
20055,-32,-1546,9518,CD,3,D1_pwm150_grab5
20059,-698,-822,10192,CD,3,D1_pwm150_grab5
20069,-768,-220,11682,CD,3,D1_pwm150_grab5
20075,-178,-594,9642,CD,3,D1_pwm150_grab5
20079,-258,-2004,10336,CD,3,D1_pwm150_grab5
20084,2124,-598,8032,CD,3,D1_pwm150_grab5
20090,956,1338,10162,CD,3,D1_pwm150_grab5
20094,362,826,11858,CD,3,D1_pwm150_grab5
20099,1498,-408,9434,CD,3,D1_pwm150_grab5
20105,1156,866,11414,CD,3,D1_pwm150_grab5
20109,1232,-1104,9484,CD,3,D1_pwm150_grab5
20115,-2864,2380,12192,CD,3,D1_pwm150_grab5
20119,1416,594,10072,CD,3,D1_pwm150_grab5
20125,486,180,10850,CD,3,D1_pwm150_grab5
20135,-474,86,11452,CD,3,D1_pwm150_grab5
20139,354,-1064,9640,CD,3,D1_pwm150_grab5
20144,-512,166,9852,CD,3,D1_pwm150_grab5
20150,480,-796,9710,CD,3,D1_pwm150_grab5
20154,-822,-1516,9678,CD,3,D1_pwm150_grab5
20159,-54,78,10596,CD,3,D1_pwm150_grab5
20170,1236,678,11276,CD,3,D1_pwm150_grab5
20175,1108,-1186,9262,CD,3,D1_pwm150_grab5
20179,-3328,2282,12358,CD,3,D1_pwm150_grab5
20184,1908,1122,10154,CD,3,D1_pwm150_grab5
20189,1032,1286,10496,CD,3,D1_pwm150_grab5
20195,378,410,11858,CD,3,D1_pwm150_grab5
20200,-2728,-2760,8900,CD,3,D1_pwm150_grab5
20205,776,-1478,10112,CD,3,D1_pwm150_grab5
20210,-508,156,9330,CD,3,D1_pwm150_grab5
20214,630,-772,9274,CD,3,D1_pwm150_grab5
20219,-782,-1440,9706,CD,3,D1_pwm150_grab5
20225,-862,-930,10176,CD,3,D1_pwm150_grab5
20234,-296,336,11288,CD,3,D1_pwm150_grab5
20239,-80,-392,9804,CD,3,D1_pwm150_grab5
20244,-278,-2176,10178,CD,3,D1_pwm150_grab5
20250,2150,-488,8122,CD,3,D1_pwm150_grab5
20254,1066,1300,10710,CD,3,D1_pwm150_grab5
20259,124,248,11424,CD,3,D1_pwm150_grab5
20265,-2862,-3060,9050,CD,3,D1_pwm150_grab5
20269,1218,284,10968,CD,3,D1_pwm150_grab5
20274,718,-1040,9048,CD,3,D1_pwm150_grab5
20280,-3210,2826,12794,CD,3,D1_pwm150_grab5
20285,988,94,9986,CD,3,D1_pwm150_grab5
20289,182,-160,10494,CD,3,D1_pwm150_grab5
20300,-164,700,11770,CD,3,D1_pwm150_grab5
20304,104,-526,9836,CD,3,D1_pwm150_grab5
20310,-490,-2392,10164,CD,3,D1_pwm150_grab5
20315,1968,-12,8460,CD,3,D1_pwm150_grab5
20320,562,1036,10086,CD,3,D1_pwm150_grab5
20325,1256,1588,11668,CD,3,D1_pwm150_grab5
20331,-1052,-1298,9406,CD,3,D1_pwm150_grab5
20335,438,-1506,10038,CD,3,D1_pwm150_grab5
20340,-568,378,9500,CD,3,D1_pwm150_grab5
20345,-1006,1078,12086,CD,3,D1_pwm150_grab5
20350,-856,-2042,9546,CD,3,D1_pwm150_grab5
20355,-162,-588,10374,CD,3,D1_pwm150_grab5
20360,3150,-2136,9042,CD,3,D1_pwm150_grab5
20366,-1254,-1530,10604,CD,3,D1_pwm150_grab5
20370,-252,-602,9648,CD,3,D1_pwm150_grab5
20376,-652,-2464,10056,CD,3,D1_pwm150_grab5
20381,1668,384,9366,CD,3,D1_pwm150_grab5
20386,834,1436,10018,CD,3,D1_pwm150_grab5
20390,590,1230,11688,CD,3,D1_pwm150_grab5
20396,2416,-82,8990,CD,3,D1_pwm150_grab5
20400,1358,1546,11638,CD,3,D1_pwm150_grab5
20406,1460,-1146,9614,CD,3,D1_pwm150_grab5
20410,-2674,1148,11450,CD,3,D1_pwm150_grab5
20416,118,-1050,9736,CD,3,D1_pwm150_grab5
20420,-788,-1100,10142,CD,3,D1_pwm150_grab5
20425,4326,-1820,7822,CD,3,D1_pwm150_grab5
20431,-758,-730,10758,CD,3,D1_pwm150_grab5
20436,-206,-390,9738,CD,3,D1_pwm150_grab5
20440,-660,542,9854,CD,3,D1_pwm150_grab5
20445,352,-166,10360,CD,3,D1_pwm150_grab5
20450,-912,-1894,9546,CD,3,D1_pwm150_grab5
20455,1836,1710,11560,CD,3,D1_pwm150_grab5
20461,760,-436,8858,CD,3,D1_pwm150_grab5
20465,1400,954,11598,CD,3,D1_pwm150_grab5
20470,1074,-1312,9182,CD,3,D1_pwm150_grab5
20476,-3460,2026,12312,CD,3,D1_pwm150_grab5
20481,1894,1004,10098,CD,3,D1_pwm150_grab5
20486,1068,1538,10602,CD,3,D1_pwm150_grab5
20490,276,328,11910,CD,3,D1_pwm150_grab5
20496,-1966,-2572,10216,CD,3,D1_pwm150_grab5
20500,-88,-1144,9760,CD,3,D1_pwm150_grab5
20506,-484,258,10396,CD,3,D1_pwm150_grab5
20510,1346,-632,9304,CD,3,D1_pwm150_grab5
20515,-732,-1498,9672,CD,3,D1_pwm150_grab5
20521,256,280,11066,CD,3,D1_pwm150_grab5
20530,-22,598,11136,CD,3,D1_pwm150_grab5
20535,1480,-988,9834,CD,3,D1_pwm150_grab5
20541,-1990,-556,10734,CD,3,D1_pwm150_grab5
20545,1702,1094,10134,CD,3,D1_pwm150_grab5
20551,890,1372,10890,CD,3,D1_pwm150_grab5
20556,74,-262,11080,CD,3,D1_pwm150_grab5
20560,-3026,-2880,9324,CD,3,D1_pwm150_grab5
20567,666,-1616,9752,CD,3,D1_pwm150_grab5
20571,-658,226,9442,CD,3,D1_pwm150_grab5
20576,1826,-876,8576,CD,3,D1_pwm150_grab5
20582,-424,-762,9588,CD,3,D1_pwm150_grab5
20587,760,890,11294,CD,3,D1_pwm150_grab5
20591,3146,-322,8548,CD,3,D1_pwm150_grab5
20596,1142,1612,11812,CD,3,D1_pwm150_grab5
20602,1438,-1090,9630,CD,3,D1_pwm150_grab5
20608,-2698,904,11458,CD,3,D1_pwm150_grab5
20611,1944,422,9310,CD,3,D1_pwm150_grab5
20616,636,976,10732,CD,3,D1_pwm150_grab5
20622,302,-1192,10676,CD,3,D1_pwm150_grab5
20626,-2710,-2624,9744,CD,3,D1_pwm150_grab5
20631,368,-1334,9782,CD,3,D1_pwm150_grab5
20636,-552,112,9668,CD,3,D1_pwm150_grab5
20641,-54,-14,10504,CD,3,D1_pwm150_grab5
20647,-868,-1812,9792,CD,3,D1_pwm150_grab5
20652,-880,-1046,10302,CD,3,D1_pwm150_grab5
20662,868,1718,11886,CD,3,D1_pwm150_grab5
20667,958,-836,9798,CD,3,D1_pwm150_grab5
20671,-1442,-1036,10512,CD,3,D1_pwm150_grab5
20677,1842,1162,10192,CD,3,D1_pwm150_grab5
20682,1080,1506,10466,CD,3,D1_pwm150_grab5
20687,118,366,11698,CD,3,D1_pwm150_grab5
20691,-2922,-2976,8644,CD,3,D1_pwm150_grab5
20696,656,-1280,10224,CD,3,D1_pwm150_grab5
20702,-476,66,9358,CD,3,D1_pwm150_grab5
20712,-758,-2054,9508,CD,3,D1_pwm150_grab5
20716,-906,-1034,10182,CD,3,D1_pwm150_grab5
20726,172,902,11912,CD,3,D1_pwm150_grab5
20732,128,-574,9796,CD,3,D1_pwm150_grab5
20737,-170,-750,10130,CD,3,D1_pwm150_grab5
20742,2050,276,8770,CD,3,D1_pwm150_grab5
20747,780,1218,9974,CD,3,D1_pwm150_grab5
20752,760,1670,11590,CD,3,D1_pwm150_grab5
20756,-1972,-2314,8894,CD,3,D1_pwm150_grab5
20761,1018,-622,11004,CD,3,D1_pwm150_grab5
20766,148,-520,8982,CD,3,D1_pwm150_grab5
20776,-892,-2062,9672,CD,3,D1_pwm150_grab5
20782,-748,-1006,10232,CD,3,D1_pwm150_grab5
20791,-752,-510,11344,CD,3,D1_pwm150_grab5
20796,-248,-502,9696,CD,3,D1_pwm150_grab5
20801,-190,-1722,10404,CD,3,D1_pwm150_grab5
20806,2590,-706,7710,CD,3,D1_pwm150_grab5
20811,182,236,9844,CD,3,D1_pwm150_grab5
20817,1928,1760,11824,CD,3,D1_pwm150_grab5
20822,-2892,-2870,8564,CD,3,D1_pwm150_grab5
20827,740,-1318,10342,CD,3,D1_pwm150_grab5
20833,-398,-24,9246,CD,3,D1_pwm150_grab5
20838,-2628,2030,13580,CD,3,D1_pwm150_grab5
20843,-500,-1940,9442,CD,3,D1_pwm150_grab5
20848,-1076,-1182,10226,CD,3,D1_pwm150_grab5
20858,1214,2006,11738,CD,3,D1_pwm150_grab5
20864,1304,-1036,9744,CD,3,D1_pwm150_grab5
20867,-428,-2098,10092,CD,3,D1_pwm150_grab5
20873,2150,46,8362,CD,3,D1_pwm150_grab5
20877,692,976,9808,CD,3,D1_pwm150_grab5
20882,1082,1906,11568,CD,3,D1_pwm150_grab5
20887,-1286,-2112,8880,CD,3,D1_pwm150_grab5
20892,964,-260,11260,CD,3,D1_pwm150_grab5
20897,436,-830,8960,CD,3,D1_pwm150_grab5
20903,-1054,672,11758,CD,3,D1_pwm150_grab5
20907,324,-844,9716,CD,3,D1_pwm150_grab5
20912,-468,-504,10270,CD,3,D1_pwm150_grab5
20918,3674,-1978,8590,CD,3,D1_pwm150_grab5
20922,-1054,-1122,10920,CD,3,D1_pwm150_grab5
20927,-284,-564,9558,CD,3,D1_pwm150_grab5
20932,-94,-1232,10368,CD,3,D1_pwm150_grab5
20937,2232,-826,8060,CD,3,D1_pwm150_grab5
20942,942,1434,9860,CD,3,D1_pwm150_grab5
20947,376,1186,12044,CD,3,D1_pwm150_grab5
20953,1840,-614,8998,CD,3,D1_pwm150_grab5
20957,1176,1296,11968,CD,3,D1_pwm150_grab5
20962,1402,-1210,9520,CD,3,D1_pwm150_grab5
20973,1348,688,10184,CD,3,D1_pwm150_grab5
20978,474,324,10878,CD,3,D1_pwm150_grab5
20987,-396,-98,11236,CD,3,D1_pwm150_grab5
20993,184,-1158,9586,CD,3,D1_pwm150_grab5
20997,-452,-118,9736,CD,3,D1_pwm150_grab5
21002,626,-504,9746,CD,3,D1_pwm150_grab5
21007,-780,-1554,9706,CD,3,D1_pwm150_grab5
21012,14,162,10718,CD,3,D1_pwm150_grab5
21022,1166,442,11456,CD,3,D1_pwm150_grab5
21028,888,-1060,9208,CD,3,D1_pwm150_grab5
21037,1864,1262,10226,CD,3,D1_pwm150_grab5
21042,1052,1318,10586,CD,3,D1_pwm150_grab5
21047,-2,-106,11482,CD,3,D1_pwm150_grab5
21058,824,-1402,10020,CD,3,D1_pwm150_grab5
21062,-192,-694,10058,CD,3,D1_pwm150_grab5
21067,1394,-898,8810,CD,3,D1_pwm150_grab5
21072,-516,-906,9496,CD,3,D1_pwm150_grab5
21078,598,666,11290,CD,3,D1_pwm150_grab5
21084,3652,284,8498,CD,3,D1_pwm150_grab5
21088,1188,1694,11820,CD,3,D1_pwm150_grab5
21093,1422,-1146,9632,CD,3,D1_pwm150_grab5
21098,-2410,734,11502,CD,3,D1_pwm150_grab5
21104,448,-684,9774,CD,3,D1_pwm150_grab5
21109,-382,-600,10424,CD,3,D1_pwm150_grab5
21114,3476,-2134,8548,CD,3,D1_pwm150_grab5
21118,-1030,-972,10534,CD,3,D1_pwm150_grab5
21123,426,-1318,10014,CD,3,D1_pwm150_grab5
21128,-548,200,9606,CD,3,D1_pwm150_grab5
21133,-566,200,11084,CD,3,D1_pwm150_grab5
21138,-872,-2026,9778,CD,3,D1_pwm150_grab5
21143,1038,1222,11574,CD,3,D1_pwm150_grab5
21148,2294,-196,9016,CD,3,D1_pwm150_grab5
21154,1310,1256,11400,CD,3,D1_pwm150_grab5
21159,1278,-1098,9508,CD,3,D1_pwm150_grab5
21163,-1070,-1548,10110,CD,3,D1_pwm150_grab5
21169,1814,972,9848,CD,3,D1_pwm150_grab5
21173,944,1506,10346,CD,3,D1_pwm150_grab5
21179,374,1004,11716,CD,3,D1_pwm150_grab5
21183,-2504,-2596,9462,CD,3,D1_pwm150_grab5
21188,160,-1144,9690,CD,3,D1_pwm150_grab5
21193,-386,-18,9538,CD,3,D1_pwm150_grab5
21199,104,-594,9844,CD,3,D1_pwm150_grab5
21204,-804,-1614,9666,CD,3,D1_pwm150_grab5
21208,-900,-1174,10188,CD,3,D1_pwm150_grab5
21218,-430,210,11764,CD,3,D1_pwm150_grab5
21223,1084,-824,9810,CD,3,D1_pwm150_grab5
21229,-1416,-564,10640,CD,3,D1_pwm150_grab5
21233,2046,1532,10390,CD,3,D1_pwm150_grab5
21239,1010,1476,10364,CD,3,D1_pwm150_grab5
21244,186,212,11730,CD,3,D1_pwm150_grab5
21249,-10,-1514,9062,CD,3,D1_pwm150_grab5
21254,1146,322,11424,CD,3,D1_pwm150_grab5
21258,806,-960,9234,CD,3,D1_pwm150_grab5
21268,-718,-2132,9442,CD,3,D1_pwm150_grab5
21273,-1048,-936,10160,CD,3,D1_pwm150_grab5
21283,174,992,11902,CD,3,D1_pwm150_grab5
21289,30,-526,9930,CD,3,D1_pwm150_grab5
21293,-282,-574,10226,CD,3,D1_pwm150_grab5
21298,1924,-984,8818,CD,3,D1_pwm150_grab5
21303,678,1046,9968,CD,3,D1_pwm150_grab5
21309,1020,1714,11528,CD,3,D1_pwm150_grab5
21314,-1060,-2048,9084,CD,3,D1_pwm150_grab5
21319,930,-358,11184,CD,3,D1_pwm150_grab5
21324,424,-798,8954,CD,3,D1_pwm150_grab5
21334,392,-912,9530,CD,3,D1_pwm150_grab5
21340,-382,-408,10224,CD,3,D1_pwm150_grab5
21349,616,1332,11628,CD,3,D1_pwm150_grab5
21354,208,-594,9856,CD,3,D1_pwm150_grab5
21359,-464,-2094,10048,CD,3,D1_pwm150_grab5
21365,1974,892,9552,CD,3,D1_pwm150_grab5
21370,820,1238,9894,CD,3,D1_pwm150_grab5
21376,554,1164,11800,CD,3,D1_pwm150_grab5
21380,2488,98,8958,CD,3,D1_pwm150_grab5
21385,844,-790,10720,CD,3,D1_pwm150_grab5
21389,10,-382,8870,CD,3,D1_pwm150_grab5
21399,4,-1352,9482,CD,3,D1_pwm150_grab5
21405,-784,-864,10378,CD,3,D1_pwm150_grab5
21414,-746,-536,10806,CD,3,D1_pwm150_grab5
21419,246,-1186,9920,CD,3,D1_pwm150_grab5
21424,-620,398,9836,CD,3,D1_pwm150_grab5
21429,1930,-906,7906,CD,3,D1_pwm150_grab5
21435,66,234,9600,CD,3,D1_pwm150_grab5
21440,1536,1464,11536,CD,3,D1_pwm150_grab5
21444,1362,-174,9028,CD,3,D1_pwm150_grab5
21450,1460,908,11288,CD,3,D1_pwm150_grab5
21455,1138,-1312,9266,CD,3,D1_pwm150_grab5
21459,-2886,2176,12228,CD,3,D1_pwm150_grab5
21464,1776,1166,10166,CD,3,D1_pwm150_grab5
21469,392,286,10492,CD,3,D1_pwm150_grab5
21474,580,-1600,10264,CD,3,D1_pwm150_grab5
21479,-2284,-2688,9736,CD,3,D1_pwm150_grab5
21484,156,-956,9906,CD,3,D1_pwm150_grab5
21490,-418,270,10082,CD,3,D1_pwm150_grab5
21494,520,-812,9366,CD,3,D1_pwm150_grab5
21500,-808,-1572,9560,CD,3,D1_pwm150_grab5
21504,-904,-1034,10154,CD,3,D1_pwm150_grab5
21514,1144,1868,11900,CD,3,D1_pwm150_grab5
21519,1142,-998,9758,CD,3,D1_pwm150_grab5
21524,-1652,-920,10678,CD,3,D1_pwm150_grab5
21530,1900,1464,10662,CD,3,D1_pwm150_grab5
21535,952,1314,10578,CD,3,D1_pwm150_grab5
21540,148,-74,11426,CD,3,D1_pwm150_grab5
21544,-2948,-3058,9130,CD,3,D1_pwm150_grab5
21549,504,-1518,10174,CD,3,D1_pwm150_grab5
21554,-430,276,9478,CD,3,D1_pwm150_grab5
21564,-742,-2108,9542,CD,3,D1_pwm150_grab5
21569,-944,-962,10030,CD,3,D1_pwm150_grab5
21579,40,980,11880,CD,3,D1_pwm150_grab5
21584,232,-450,9918,CD,3,D1_pwm150_grab5
21590,-1986,24,11028,CD,3,D1_pwm150_grab5
21595,1714,1528,10326,CD,3,D1_pwm150_grab5
21600,836,1088,10688,CD,3,D1_pwm150_grab5
21606,162,-732,10884,CD,3,D1_pwm150_grab5
21610,-2846,-3014,9212,CD,3,D1_pwm150_grab5
21616,204,-1630,9896,CD,3,D1_pwm150_grab5
21620,-560,494,9520,CD,3,D1_pwm150_grab5
21626,-506,626,11354,CD,3,D1_pwm150_grab5
21632,-368,-406,9582,CD,3,D1_pwm150_grab5
21635,-696,-566,10156,CD,3,D1_pwm150_grab5
21645,670,1590,11712,CD,3,D1_pwm150_grab5
21650,586,-556,9944,CD,3,D1_pwm150_grab5
21656,-738,-2170,10142,CD,3,D1_pwm150_grab5
21660,1688,638,9666,CD,3,D1_pwm150_grab5
21666,850,1696,10048,CD,3,D1_pwm150_grab5
21671,348,-1496,10376,CD,3,D1_pwm150_grab5
21675,-2490,-1978,9136,CD,3,D1_pwm150_grab5
21681,964,-1110,10346,CD,3,D1_pwm150_grab5
21685,-326,-382,8736,CD,3,D1_pwm150_grab5
21695,-150,-1340,9640,CD,3,D1_pwm150_grab5
21701,-1012,-1342,10060,CD,3,D1_pwm150_grab5
21710,836,2014,11804,CD,3,D1_pwm150_grab5
21716,1000,-690,9964,CD,3,D1_pwm150_grab5
21721,-128,-1692,10398,CD,3,D1_pwm150_grab5
21725,2070,-824,7828,CD,3,D1_pwm150_grab5
21730,230,470,9672,CD,3,D1_pwm150_grab5
21735,1672,1786,11660,CD,3,D1_pwm150_grab5
21741,464,-1032,8936,CD,3,D1_pwm150_grab5
21745,1166,554,11498,CD,3,D1_pwm150_grab5
21751,-486,114,9324,CD,3,D1_pwm150_grab5
21761,942,282,9998,CD,3,D1_pwm150_grab5
21765,186,172,10394,CD,3,D1_pwm150_grab5
21770,1548,-2352,9480,CD,3,D1_pwm150_grab5
21776,-1882,-2070,10268,CD,3,D1_pwm150_grab5
21780,18,-840,9488,CD,3,D1_pwm150_grab5
21785,-354,-386,10336,CD,3,D1_pwm150_grab5
21791,2056,-102,8586,CD,3,D1_pwm150_grab5
21795,444,974,9834,CD,3,D1_pwm150_grab5
21801,1274,1788,11982,CD,3,D1_pwm150_grab5
21811,928,1714,11908,CD,3,D1_pwm150_grab5
21815,1416,-1098,9722,CD,3,D1_pwm150_grab5
21820,-2126,392,11146,CD,3,D1_pwm150_grab5
21825,1764,1256,10200,CD,3,D1_pwm150_grab5
21830,-162,-438,10422,CD,3,D1_pwm150_grab5
21835,2844,-2248,8776,CD,3,D1_pwm150_grab5
21841,-1154,-1276,10478,CD,3,D1_pwm150_grab5
21846,-284,-640,9420,CD,3,D1_pwm150_grab5
21851,-116,-982,10262,CD,3,D1_pwm150_grab5
21856,1808,-1078,8436,CD,3,D1_pwm150_grab5
21861,-386,-466,9554,CD,3,D1_pwm150_grab5
21866,692,998,11448,CD,3,D1_pwm150_grab5
21872,-1764,-2404,8898,CD,3,D1_pwm150_grab5
21877,1032,-698,10934,CD,3,D1_pwm150_grab5
21882,160,-504,9038,CD,3,D1_pwm150_grab5
21892,1642,1186,9812,CD,3,D1_pwm150_grab5
21896,594,844,10662,CD,3,D1_pwm150_grab5
21901,322,-1452,10510,CD,3,D1_pwm150_grab5
21907,-2664,-2700,9334,CD,3,D1_pwm150_grab5
21911,-226,-614,9568,CD,3,D1_pwm150_grab5
21917,-198,-1568,10388,CD,3,D1_pwm150_grab5
21921,2380,-898,8114,CD,3,D1_pwm150_grab5
21926,-34,182,9780,CD,3,D1_pwm150_grab5
21931,-390,-424,10242,CD,3,D1_pwm150_grab5
21942,968,1614,11676,CD,3,D1_pwm150_grab5
21946,870,-740,9842,CD,3,D1_pwm150_grab5
21951,-2810,2262,12138,CD,3,D1_pwm150_grab5
21956,1342,568,9926,CD,3,D1_pwm150_grab5
21962,408,304,10816,CD,3,D1_pwm150_grab5
21967,854,-2162,10060,CD,3,D1_pwm150_grab5
21971,-2292,-2178,9932,CD,3,D1_pwm150_grab5
21976,738,-1264,10342,CD,3,D1_pwm150_grab5
21982,-362,72,9294,CD,3,D1_pwm150_grab5
21992,-810,-1490,9552,CD,3,D1_pwm150_grab5
21996,-38,112,10920,CD,3,D1_pwm150_grab5
22006,1144,1930,11586,CD,3,D1_pwm150_grab5
22012,1198,-952,9816,CD,3,D1_pwm150_grab5
22017,-428,-2226,9910,CD,3,D1_pwm150_grab5
22021,2076,-112,8458,CD,3,D1_pwm150_grab5
22026,556,900,9930,CD,3,D1_pwm150_grab5
22032,1346,1850,11662,CD,3,D1_pwm150_grab5
22037,-2994,-3236,8502,CD,3,D1_pwm150_grab5
22041,602,-1574,9812,CD,3,D1_pwm150_grab5
22047,-534,316,9482,CD,3,D1_pwm150_grab5
22051,-1404,982,12138,CD,3,D1_pwm150_grab5
22056,-828,-2052,9532,CD,3,D1_pwm150_grab5
22061,-252,-318,10300,CD,3,D1_pwm150_grab5
22066,3136,-2208,8828,CD,3,D1_pwm150_grab5
22072,-1204,-1316,10746,CD,3,D1_pwm150_grab5
22076,180,-552,9880,CD,3,D1_pwm150_grab5
22081,-466,-2202,10008,CD,3,D1_pwm150_grab5
22087,2066,586,9342,CD,3,D1_pwm150_grab5
22092,862,1438,9914,CD,3,D1_pwm150_grab5
22097,482,1252,11896,CD,3,D1_pwm150_grab5
22103,-2256,-2766,8710,CD,3,D1_pwm150_grab5
22107,904,-900,10758,CD,3,D1_pwm150_grab5
22112,-140,-316,8880,CD,3,D1_pwm150_grab5
22117,-6,-8,10800,CD,3,D1_pwm150_grab5
22123,-912,-1864,9712,CD,3,D1_pwm150_grab5
22127,-308,-286,10488,CD,3,D1_pwm150_grab5
22137,1094,2004,11838,CD,3,D1_pwm150_grab5
22144,910,-900,9884,CD,3,D1_pwm150_grab5
22147,20,-1974,10232,CD,3,D1_pwm150_grab5
22153,2216,-568,7998,CD,3,D1_pwm150_grab5
22158,1068,1362,10390,CD,3,D1_pwm150_grab5
22163,162,328,11974,CD,3,D1_pwm150_grab5
22167,-2912,-3210,8546,CD,3,D1_pwm150_grab5
22172,648,-1436,10170,CD,3,D1_pwm150_grab5
22178,-530,172,9402,CD,3,D1_pwm150_grab5
22182,-2074,1732,13134,CD,3,D1_pwm150_grab5
22187,808,126,9974,CD,3,D1_pwm150_grab5
22192,20,-12,10196,CD,3,D1_pwm150_grab5
22202,184,1042,11662,CD,3,D1_pwm150_grab5
22207,86,-440,9900,CD,3,D1_pwm150_grab5
22213,-274,-2468,10002,CD,3,D1_pwm150_grab5
22218,2262,138,8762,CD,3,D1_pwm150_grab5
22223,686,1160,9838,CD,3,D1_pwm150_grab5
22227,910,1504,11772,CD,3,D1_pwm150_grab5
22233,3144,154,8526,CD,3,D1_pwm150_grab5
22238,938,-680,10768,CD,3,D1_pwm150_grab5
22243,128,-628,8782,CD,3,D1_pwm150_grab5
22252,272,-778,9764,CD,3,D1_pwm150_grab5
22257,-584,-904,10344,CD,3,D1_pwm150_grab5
22267,-742,-766,10572,CD,3,D1_pwm150_grab5
22273,214,-1344,9922,CD,3,D1_pwm150_grab5
22277,36,-1638,10286,CD,3,D1_pwm150_grab5
22283,2272,-924,7934,CD,3,D1_pwm150_grab5
22287,14,32,9442,CD,3,D1_pwm150_grab5
22293,1624,1576,11754,CD,3,D1_pwm150_grab5
22298,1114,-384,9056,CD,3,D1_pwm150_grab5
22302,1434,948,11328,CD,3,D1_pwm150_grab5
22308,1012,-1304,9170,CD,3,D1_pwm150_grab5
22318,1162,680,9986,CD,3,D1_pwm150_grab5
