tiempo_ms,ax,ay,az,etiqueta,muestra_id,grabacion_id
3004,-1572,424,8484,CD,0,D1_pwm200_grab1
3014,-4292,1652,14768,CD,0,D1_pwm200_grab1
3020,-1156,-4064,4604,CD,0,D1_pwm200_grab1
3030,1768,1228,13740,CD,0,D1_pwm200_grab1
3035,-2120,68,11172,CD,0,D1_pwm200_grab1
3041,-5828,-1244,13488,CD,0,D1_pwm200_grab1
3050,1584,396,14592,CD,0,D1_pwm200_grab1
3061,2932,-772,8324,CD,0,D1_pwm200_grab1
3065,-2072,-72,10496,CD,0,D1_pwm200_grab1
3070,-940,-2136,10592,CD,0,D1_pwm200_grab1
3081,-2840,3248,14728,CD,0,D1_pwm200_grab1
3086,524,-2668,5624,CD,0,D1_pwm200_grab1
3090,-5900,-4908,7960,CD,0,D1_pwm200_grab1
3096,2212,1688,15624,CD,0,D1_pwm200_grab1
3100,2544,132,13756,CD,0,D1_pwm200_grab1
3105,-4988,120,12572,CD,0,D1_pwm200_grab1
3110,-2004,-6576,8576,CD,0,D1_pwm200_grab1
3116,3412,-1052,7068,CD,0,D1_pwm200_grab1
3120,1360,3052,10644,CD,0,D1_pwm200_grab1
3126,3668,-424,13224,CD,0,D1_pwm200_grab1
3130,-752,-1744,9548,CD,0,D1_pwm200_grab1
3136,1896,2712,9464,CD,0,D1_pwm200_grab1
3145,-1476,4592,13924,CD,0,D1_pwm200_grab1
3150,860,-2236,3256,CD,0,D1_pwm200_grab1
3155,-6516,-5424,3956,CD,0,D1_pwm200_grab1
3161,-824,2704,9848,CD,0,D1_pwm200_grab1
3165,-1088,1336,8464,CD,0,D1_pwm200_grab1
3171,3548,672,13124,CD,0,D1_pwm200_grab1
3175,-1776,840,12320,CD,0,D1_pwm200_grab1
3181,3080,-1412,6036,CD,0,D1_pwm200_grab1
3185,3000,1628,13584,CD,0,D1_pwm200_grab1
3190,-832,872,12468,CD,0,D1_pwm200_grab1
3196,1104,-2804,6396,CD,0,D1_pwm200_grab1
3200,-3028,692,10172,CD,0,D1_pwm200_grab1
3205,-4840,48,8096,CD,0,D1_pwm200_grab1
3211,2580,-4864,6956,CD,0,D1_pwm200_grab1
3216,808,-640,11260,CD,0,D1_pwm200_grab1
3220,484,-2144,6296,CD,0,D1_pwm200_grab1
3225,1200,1704,7944,CD,0,D1_pwm200_grab1
3231,-2644,368,6012,CD,0,D1_pwm200_grab1
3235,200,-1228,10468,CD,0,D1_pwm200_grab1
3240,-3580,-756,9324,CD,0,D1_pwm200_grab1
3246,-3108,2152,12816,CD,0,D1_pwm200_grab1
3251,-2144,-3716,10380,CD,0,D1_pwm200_grab1
3261,3092,36,9732,CD,0,D1_pwm200_grab1
3266,-2540,-636,8216,CD,0,D1_pwm200_grab1
3270,-4536,-1388,9888,CD,0,D1_pwm200_grab1
3281,2836,-372,13584,CD,0,D1_pwm200_grab1
3292,384,1104,7752,CD,0,D1_pwm200_grab1
3297,-3600,-1468,8988,CD,0,D1_pwm200_grab1
3301,-2280,-1396,10564,CD,0,D1_pwm200_grab1
3307,976,-512,8664,CD,0,D1_pwm200_grab1
3312,-1912,-196,13392,CD,0,D1_pwm200_grab1
3316,-516,-2068,13960,CD,0,D1_pwm200_grab1
3322,-9048,2820,11708,CD,0,D1_pwm200_grab1
3328,3892,-1088,9372,CD,0,D1_pwm200_grab1
3332,1028,300,12076,CD,0,D1_pwm200_grab1
3336,-6652,-3244,13556,CD,0,D1_pwm200_grab1
3342,-1176,-6100,7648,CD,0,D1_pwm200_grab1
3346,5932,336,13380,CD,0,D1_pwm200_grab1
3351,7860,88,13688,CD,0,D1_pwm200_grab1
3356,5168,-1044,9188,CD,0,D1_pwm200_grab1
3361,-2232,-36,10088,CD,0,D1_pwm200_grab1
3366,1036,684,11792,CD,0,D1_pwm200_grab1
3376,1504,2376,13056,CD,0,D1_pwm200_grab1
3382,-552,-2096,3572,CD,0,D1_pwm200_grab1
3386,2980,-2444,3956,CD,0,D1_pwm200_grab1
3392,-2912,1100,13724,CD,0,D1_pwm200_grab1
3396,2192,1400,13372,CD,0,D1_pwm200_grab1
3401,-8772,-2056,7924,CD,0,D1_pwm200_grab1
3407,-3184,-4452,7316,CD,0,D1_pwm200_grab1
3411,7676,748,11460,CD,0,D1_pwm200_grab1
3417,3612,1356,14276,CD,0,D1_pwm200_grab1
3422,-388,-492,12744,CD,0,D1_pwm200_grab1
3427,2448,-1168,7880,CD,0,D1_pwm200_grab1
3432,3780,1872,10060,CD,0,D1_pwm200_grab1
3436,7752,3236,12388,CD,0,D1_pwm200_grab1
3441,2912,2128,11080,CD,0,D1_pwm200_grab1
3447,804,-2300,9416,CD,0,D1_pwm200_grab1
3452,5276,-5620,7456,CD,0,D1_pwm200_grab1
3456,412,960,6916,CD,0,D1_pwm200_grab1
3462,-2296,68,6504,CD,0,D1_pwm200_grab1
3467,-140,-860,10608,CD,0,D1_pwm200_grab1
3472,412,-584,8440,CD,0,D1_pwm200_grab1
3476,-1572,-2356,10948,CD,0,D1_pwm200_grab1
3481,1692,-684,13528,CD,0,D1_pwm200_grab1
3486,-10036,-372,11756,CD,0,D1_pwm200_grab1
3491,2828,-1752,6308,CD,0,D1_pwm200_grab1
3497,-1392,-88,13036,CD,0,D1_pwm200_grab1
3502,-6560,-3188,15176,CD,0,D1_pwm200_grab1
3511,4544,-276,13168,CD,0,D1_pwm200_grab1
3521,3584,-988,8800,CD,0,D1_pwm200_grab1
3526,-2136,-1492,10228,CD,0,D1_pwm200_grab1
3532,640,432,10288,CD,0,D1_pwm200_grab1
3537,8336,3236,9460,CD,0,D1_pwm200_grab1
3542,-1768,-1268,13712,CD,0,D1_pwm200_grab1
3548,-4216,-2872,10152,CD,0,D1_pwm200_grab1
3553,-10532,112,16132,CD,0,D1_pwm200_grab1
3557,2932,-1072,10540,CD,0,D1_pwm200_grab1
3562,-5092,-756,9788,CD,0,D1_pwm200_grab1
3567,-7820,-2604,6340,CD,0,D1_pwm200_grab1
3572,840,-5960,8156,CD,0,D1_pwm200_grab1
3578,3860,-144,11176,CD,0,D1_pwm200_grab1
3582,304,848,10456,CD,0,D1_pwm200_grab1
3587,3812,-548,9180,CD,0,D1_pwm200_grab1
3593,-1648,-284,12596,CD,0,D1_pwm200_grab1
3598,696,1968,9544,CD,0,D1_pwm200_grab1
3602,14228,4724,10180,CD,0,D1_pwm200_grab1
3608,1688,1396,14328,CD,0,D1_pwm200_grab1
3613,-1952,-2116,8528,CD,0,D1_pwm200_grab1
3622,4944,944,12280,CD,0,D1_pwm200_grab1
3627,-1908,1736,11952,CD,0,D1_pwm200_grab1
3633,-40,-480,10208,CD,0,D1_pwm200_grab1
3637,-4384,-3736,9928,CD,0,D1_pwm200_grab1
3642,5080,448,9792,CD,0,D1_pwm200_grab1
3653,3764,-1116,9628,CD,0,D1_pwm200_grab1
3657,-220,-1020,10788,CD,0,D1_pwm200_grab1
3663,2220,2464,9644,CD,0,D1_pwm200_grab1
3673,3648,1460,12552,CD,0,D1_pwm200_grab1
3677,-1736,-2000,9888,CD,0,D1_pwm200_grab1
3682,7000,-4576,9544,CD,0,D1_pwm200_grab1
3687,-2440,3828,12140,CD,0,D1_pwm200_grab1
3692,-2200,288,9840,CD,0,D1_pwm200_grab1
3697,6180,48,7556,CD,0,D1_pwm200_grab1
3703,-4232,-3152,9976,CD,0,D1_pwm200_grab1
3707,4056,-692,7772,CD,0,D1_pwm200_grab1
3712,1228,-148,14864,CD,0,D1_pwm200_grab1
3717,-8772,-576,9144,CD,0,D1_pwm200_grab1
3723,1220,-1732,5324,CD,0,D1_pwm200_grab1
3727,1216,1152,14792,CD,0,D1_pwm200_grab1
3732,-452,-300,13516,CD,0,D1_pwm200_grab1
3737,3548,-996,11972,CD,0,D1_pwm200_grab1
3743,-1836,-3332,8576,CD,0,D1_pwm200_grab1
3747,5908,-4300,12948,CD,0,D1_pwm200_grab1
3752,-3700,3408,10148,CD,0,D1_pwm200_grab1
3757,-768,-792,6976,CD,0,D1_pwm200_grab1
3763,24,-872,9996,CD,0,D1_pwm200_grab1
3768,-24,-592,8596,CD,0,D1_pwm200_grab1
3772,-208,-3596,10700,CD,0,D1_pwm200_grab1
3777,-368,-1052,13792,CD,0,D1_pwm200_grab1
3787,1088,-1696,7092,CD,0,D1_pwm200_grab1
3792,-992,412,13272,CD,0,D1_pwm200_grab1
3798,-1892,-1280,15308,CD,0,D1_pwm200_grab1
3804,3956,-276,11892,CD,0,D1_pwm200_grab1
3808,-4192,-2872,9364,CD,0,D1_pwm200_grab1
3814,6372,-4112,14060,CD,0,D1_pwm200_grab1
3824,-3000,88,10288,CD,0,D1_pwm200_grab1
3829,2936,-2184,7472,CD,0,D1_pwm200_grab1
3833,-3868,-3252,10740,CD,0,D1_pwm200_grab1
3838,488,-840,9004,CD,0,D1_pwm200_grab1
3843,-2452,-1844,14208,CD,0,D1_pwm200_grab1
3849,-8584,-60,9904,CD,0,D1_pwm200_grab1
3853,1104,-2148,9636,CD,0,D1_pwm200_grab1
3858,20,1712,15672,CD,0,D1_pwm200_grab1
3863,-3940,-1636,14688,CD,0,D1_pwm200_grab1
3869,4872,-1120,12032,CD,0,D1_pwm200_grab1
3874,-3716,-1560,10812,CD,0,D1_pwm200_grab1
3878,6516,-2356,16784,CD,0,D1_pwm200_grab1
3884,2696,1592,10048,CD,0,D1_pwm200_grab1
3888,-128,1152,9576,CD,0,D1_pwm200_grab1
3893,-1304,-1012,10532,CD,0,D1_pwm200_grab1
3899,1452,992,11436,CD,0,D1_pwm200_grab1
3903,2252,-888,13292,CD,0,D1_pwm200_grab1
3909,1580,56,16012,CD,0,D1_pwm200_grab1
3918,2860,-1256,7028,CD,0,D1_pwm200_grab1
3923,-428,1352,16348,CD,0,D1_pwm200_grab1
3928,-3524,236,15872,CD,0,D1_pwm200_grab1
3933,1052,-5140,6076,CD,0,D1_pwm200_grab1
3939,6576,1640,10388,CD,0,D1_pwm200_grab1
3949,2356,3196,9968,CD,0,D1_pwm200_grab1
3953,248,856,8488,CD,0,D1_pwm200_grab1
3959,-812,-452,9584,CD,0,D1_pwm200_grab1
3963,1624,1748,9976,CD,0,D1_pwm200_grab1
3968,692,3316,13400,CD,0,D1_pwm200_grab1
3974,636,-3104,4108,CD,0,D1_pwm200_grab1
3983,1824,168,11528,CD,0,D1_pwm200_grab1
3989,-1956,-236,8192,CD,0,D1_pwm200_grab1
3993,-3332,400,15076,CD,0,D1_pwm200_grab1
3998,-224,-5816,5700,CD,0,D1_pwm200_grab1
4003,6364,1152,9992,CD,0,D1_pwm200_grab1
4008,6520,1580,19576,CD,0,D1_pwm200_grab1
4013,816,-716,8308,CD,0,D1_pwm200_grab1
4018,-1248,-732,10012,CD,0,D1_pwm200_grab1
4023,2268,2088,8740,CD,0,D1_pwm200_grab1
4033,-44,2396,13080,CD,0,D1_pwm200_grab1
4038,-3668,-3856,5608,CD,0,D1_pwm200_grab1
4049,1748,-1400,11084,CD,0,D1_pwm200_grab1
4054,-1784,-400,7668,CD,0,D1_pwm200_grab1
4059,-8240,-1748,10004,CD,0,D1_pwm200_grab1
4069,2940,192,9724,CD,0,D1_pwm200_grab1
4084,-1084,740,8552,CD,0,D1_pwm200_grab1
4089,-1944,-2920,11528,CD,0,D1_pwm200_grab1
4094,-1624,-628,12232,CD,0,D1_pwm200_grab1
4099,1056,3516,15300,CD,0,D1_pwm200_grab1
4104,-4028,-3388,6992,CD,0,D1_pwm200_grab1
4115,1180,-796,12856,CD,0,D1_pwm200_grab1
4119,-4616,-928,10096,CD,0,D1_pwm200_grab1
4124,-7108,-1324,13692,CD,0,D1_pwm200_grab1
4130,1612,-5272,6396,CD,0,D1_pwm200_grab1
4134,4076,584,10688,CD,0,D1_pwm200_grab1
4139,992,3632,4972,CD,0,D1_pwm200_grab1
4145,3500,44,10220,CD,0,D1_pwm200_grab1
4149,-292,556,11188,CD,0,D1_pwm200_grab1
4154,1272,1828,11040,CD,0,D1_pwm200_grab1
4164,2288,3300,14868,CD,0,D1_pwm200_grab1
4169,-988,-1648,9260,CD,0,D1_pwm200_grab1
4179,3556,-1844,9404,CD,0,D1_pwm200_grab1
4184,-224,336,13048,CD,0,D1_pwm200_grab1
4190,-6892,272,6880,CD,0,D1_pwm200_grab1
4195,-3064,-2032,9396,CD,0,D1_pwm200_grab1
4199,5440,-2128,8864,CD,0,D1_pwm200_grab1
4205,1708,3028,4528,CD,0,D1_pwm200_grab1
4209,4168,1876,10108,CD,0,D1_pwm200_grab1
4214,-192,120,9832,CD,0,D1_pwm200_grab1
4219,1848,1836,10920,CD,0,D1_pwm200_grab1
4224,9788,3900,11944,CD,0,D1_pwm200_grab1
4229,1236,704,10720,CD,0,D1_pwm200_grab1
4234,3852,368,11600,CD,0,D1_pwm200_grab1
4245,-3868,2944,8572,CD,0,D1_pwm200_grab1
4250,-808,-716,9380,CD,0,D1_pwm200_grab1
4254,-1768,448,6796,CD,0,D1_pwm200_grab1
4259,-2716,-5444,8144,CD,0,D1_pwm200_grab1
4264,4336,-1812,8400,CD,0,D1_pwm200_grab1
4270,736,-2140,10576,CD,0,D1_pwm200_grab1
4275,-7528,-2324,9252,CD,0,D1_pwm200_grab1
4279,536,-2016,7468,CD,0,D1_pwm200_grab1
4285,3632,1920,10060,CD,0,D1_pwm200_grab1
4290,9192,2544,9076,CD,0,D1_pwm200_grab1
4294,1708,-76,10048,CD,0,D1_pwm200_grab1
4299,2108,-720,10240,CD,0,D1_pwm200_grab1
4304,4704,-1988,8332,CD,0,D1_pwm200_grab1
4311,-4968,1836,10760,CD,0,D1_pwm200_grab1
4316,-1996,-384,9548,CD,0,D1_pwm200_grab1
4325,-3660,-5056,8864,CD,0,D1_pwm200_grab1
4330,1716,-888,9476,CD,0,D1_pwm200_grab1
4335,384,1196,5008,CD,0,D1_pwm200_grab1
4341,2628,2620,11492,CD,0,D1_pwm200_grab1
4345,-1420,-216,10308,CD,0,D1_pwm200_grab1
4352,-180,460,11152,CD,0,D1_pwm200_grab1
4356,6364,1908,12456,CD,0,D1_pwm200_grab1
4361,2336,2332,12704,CD,0,D1_pwm200_grab1
4366,660,-652,12496,CD,0,D1_pwm200_grab1
4371,3780,1128,8236,CD,0,D1_pwm200_grab1
4376,-3564,4000,11732,CD,0,D1_pwm200_grab1
4381,-684,-816,12456,CD,0,D1_pwm200_grab1
4386,-3520,-812,8256,CD,0,D1_pwm200_grab1
4391,-1700,-3988,8000,CD,0,D1_pwm200_grab1
4396,2184,-432,12160,CD,0,D1_pwm200_grab1
4400,-196,-2292,15640,CD,0,D1_pwm200_grab1
4406,-5892,-2144,9752,CD,0,D1_pwm200_grab1
4410,976,-556,9928,CD,0,D1_pwm200_grab1
4415,3592,2196,12560,CD,0,D1_pwm200_grab1
4420,3920,396,16436,CD,0,D1_pwm200_grab1
4426,4112,1176,11060,CD,0,D1_pwm200_grab1
4431,3816,640,10952,CD,0,D1_pwm200_grab1
4435,8012,-1784,13020,CD,0,D1_pwm200_grab1
4440,2908,4108,11884,CD,0,D1_pwm200_grab1
4445,716,460,9412,CD,0,D1_pwm200_grab1
4450,-1612,-1784,10672,CD,0,D1_pwm200_grab1
4456,-1392,1940,12020,CD,0,D1_pwm200_grab1
4461,3756,144,11704,CD,0,D1_pwm200_grab1
4466,1380,-2508,12592,CD,0,D1_pwm200_grab1
4470,-9308,-1848,8560,CD,0,D1_pwm200_grab1
4475,2816,-476,6540,CD,0,D1_pwm200_grab1
4480,12,-8,11128,CD,0,D1_pwm200_grab1
4485,-2928,1304,11324,CD,0,D1_pwm200_grab1
4491,1564,-4320,6324,CD,0,D1_pwm200_grab1
4495,5916,-128,8180,CD,0,D1_pwm200_grab1
4505,3308,3944,10464,CD,0,D1_pwm200_grab1
4511,528,380,8200,CD,0,D1_pwm200_grab1
4516,-28,-780,8912,CD,0,D1_pwm200_grab1
4520,376,2684,10404,CD,0,D1_pwm200_grab1
4525,-588,2188,13428,CD,0,D1_pwm200_grab1
4531,332,-3312,4744,CD,0,D1_pwm200_grab1
4541,1780,-180,10124,CD,0,D1_pwm200_grab1
4545,-3508,-472,7480,CD,0,D1_pwm200_grab1
4551,-3772,220,14616,CD,0,D1_pwm200_grab1
4561,5172,-1380,7476,CD,0,D1_pwm200_grab1
4571,3420,2476,9724,CD,0,D1_pwm200_grab1
4577,-1188,88,9372,CD,0,D1_pwm200_grab1
4582,-2996,-2116,7872,CD,0,D1_pwm200_grab1
4586,-1600,-132,12124,CD,0,D1_pwm200_grab1
4591,-484,-124,9320,CD,0,D1_pwm200_grab1
4597,408,-3704,13336,CD,0,D1_pwm200_grab1
4606,1944,-932,7084,CD,0,D1_pwm200_grab1
4611,-1188,-192,8764,CD,0,D1_pwm200_grab1
4616,-6176,-640,14796,CD,0,D1_pwm200_grab1
4626,3492,-200,10140,CD,0,D1_pwm200_grab1
4637,2664,5456,12808,CD,0,D1_pwm200_grab1
4642,-184,36,9412,CD,0,D1_pwm200_grab1
4646,-1308,-1372,11544,CD,0,D1_pwm200_grab1
4657,2096,3308,14756,CD,0,D1_pwm200_grab1
4661,-2128,-2940,7340,CD,0,D1_pwm200_grab1
4671,1604,-44,13924,CD,0,D1_pwm200_grab1
4676,-2308,-164,10476,CD,0,D1_pwm200_grab1
4681,-4988,312,18352,CD,0,D1_pwm200_grab1
4687,3228,-4856,4884,CD,0,D1_pwm200_grab1
4691,4460,-568,10152,CD,0,D1_pwm200_grab1
4696,2100,2408,5124,CD,0,D1_pwm200_grab1
4701,2748,800,10952,CD,0,D1_pwm200_grab1
4707,204,-88,10332,CD,0,D1_pwm200_grab1
4711,2076,1892,10536,CD,0,D1_pwm200_grab1
4721,2608,3040,14172,CD,0,D1_pwm200_grab1
4727,-1400,-2624,6004,CD,0,D1_pwm200_grab1
4732,-9180,-3476,12368,CD,0,D1_pwm200_grab1
4736,-3720,3272,8940,CD,0,D1_pwm200_grab1
4741,-1028,-252,11200,CD,0,D1_pwm200_grab1
4747,3812,436,6744,CD,0,D1_pwm200_grab1
4751,-5364,-2484,10364,CD,0,D1_pwm200_grab1
4756,4636,-2388,8704,CD,0,D1_pwm200_grab1
4762,1236,724,6056,CD,0,D1_pwm200_grab1
4767,3512,872,9876,CD,0,D1_pwm200_grab1
4771,-800,-440,9460,CD,0,D1_pwm200_grab1
4777,1616,2356,9456,CD,0,D1_pwm200_grab1
4781,3212,868,14008,CD,0,D1_pwm200_grab1
4787,2080,-1040,10288,CD,0,D1_pwm200_grab1
4792,-2444,-408,9212,CD,0,D1_pwm200_grab1
4796,6552,-3404,11732,CD,0,D1_pwm200_grab1
4801,-2376,2712,9408,CD,0,D1_pwm200_grab1
4807,-2848,-712,8756,CD,0,D1_pwm200_grab1
4811,4800,-1352,5632,CD,0,D1_pwm200_grab1
4816,-4924,-4596,10096,CD,0,D1_pwm200_grab1
4823,2468,-2752,8124,CD,0,D1_pwm200_grab1
4828,588,216,5332,CD,0,D1_pwm200_grab1
4832,1056,172,9636,CD,0,D1_pwm200_grab1
4837,-1224,-592,10364,CD,0,D1_pwm200_grab1
4842,592,1484,8044,CD,0,D1_pwm200_grab1
4848,12256,2664,6632,CD,0,D1_pwm200_grab1
4852,-2108,2140,11684,CD,0,D1_pwm200_grab1
4857,-2312,-3440,7088,CD,0,D1_pwm200_grab1
4862,-10508,-4836,10816,CD,0,D1_pwm200_grab1
4867,-3644,3616,11964,CD,0,D1_pwm200_grab1
4873,-3424,-436,9856,CD,0,D1_pwm200_grab1
4878,1884,-1572,7200,CD,0,D1_pwm200_grab1
4882,-6004,-4580,11312,CD,0,D1_pwm200_grab1
4887,2732,-1564,10568,CD,0,D1_pwm200_grab1
4892,604,-160,7944,CD,0,D1_pwm200_grab1
4897,3056,1364,12768,CD,0,D1_pwm200_grab1
4902,-876,-680,10328,CD,0,D1_pwm200_grab1
4908,2928,2184,14728,CD,0,D1_pwm200_grab1
4912,532,-908,16600,CD,0,D1_pwm200_grab1
4917,4448,344,11616,CD,0,D1_pwm200_grab1
4923,-4348,704,11488,CD,0,D1_pwm200_grab1
4928,8464,-1856,16356,CD,0,D1_pwm200_grab1
4933,-1020,3888,13036,CD,0,D1_pwm200_grab1
4938,-2220,-540,10968,CD,0,D1_pwm200_grab1
4942,4116,-1448,8268,CD,0,D1_pwm200_grab1
4947,-3592,-2096,10292,CD,0,D1_pwm200_grab1
4952,3364,900,11912,CD,0,D1_pwm200_grab1
4958,1716,-2644,12840,CD,0,D1_pwm200_grab1
4963,-10464,-2572,9044,CD,0,D1_pwm200_grab1
4968,3268,-364,6412,CD,0,D1_pwm200_grab1
4972,1764,1776,16016,CD,0,D1_pwm200_grab1
4978,3984,1108,16504,CD,0,D1_pwm200_grab1
4982,5748,-1380,10936,CD,0,D1_pwm200_grab1
4987,-2296,108,9480,CD,0,D1_pwm200_grab1
4998,5052,1892,11400,CD,0,D1_pwm200_grab1
5002,684,456,8764,CD,0,D1_pwm200_grab1
5008,-156,-816,10692,CD,0,D1_pwm200_grab1
5012,1628,3496,9316,CD,0,D1_pwm200_grab1
5017,3476,1804,11816,CD,0,D1_pwm200_grab1
5022,700,-3052,11536,CD,0,D1_pwm200_grab1
5028,-10884,-2116,7332,CD,0,D1_pwm200_grab1
5032,2228,-1024,6416,CD,0,D1_pwm200_grab1
5037,1988,-184,10524,CD,0,D1_pwm200_grab1
5043,-4640,520,14732,CD,0,D1_pwm200_grab1
5052,4988,-2332,7736,CD,0,D1_pwm200_grab1
5058,8172,-1060,12596,CD,0,D1_pwm200_grab1
5063,4608,1508,9320,CD,0,D1_pwm200_grab1
5067,-312,392,9284,CD,0,D1_pwm200_grab1
5072,-2156,-2076,7896,CD,0,D1_pwm200_grab1
5078,4064,3116,8220,CD,0,D1_pwm200_grab1
5083,-184,636,9792,CD,0,D1_pwm200_grab1
5089,-636,-4052,11412,CD,0,D1_pwm200_grab1
5099,1604,-2140,7220,CD,0,D1_pwm200_grab1
5103,-2084,856,14120,CD,0,D1_pwm200_grab1
5108,-2452,-1112,10952,CD,0,D1_pwm200_grab1
5114,572,-4188,9516,CD,0,D1_pwm200_grab1
5120,-4084,-1312,9528,CD,0,D1_pwm200_grab1
5128,4756,1924,10580,CD,0,D1_pwm200_grab1
5134,-532,416,10000,CD,0,D1_pwm200_grab1
5139,-2532,-2380,9572,CD,0,D1_pwm200_grab1
5143,1684,1736,10464,CD,0,D1_pwm200_grab1
5149,-1028,588,10960,CD,0,D1_pwm200_grab1
5153,128,-2500,13280,CD,0,D1_pwm200_grab1
5163,412,-108,14464,CD,0,D1_pwm200_grab1
5168,744,48,10852,CD,0,D1_pwm200_grab1
5173,-5960,0,18064,CD,0,D1_pwm200_grab1
5183,4256,-760,10360,CD,0,D1_pwm200_grab1
5189,10160,-1396,14488,CD,0,D1_pwm200_grab1
5193,4432,3524,12500,CD,0,D1_pwm200_grab1
5198,-4,472,11100,CD,0,D1_pwm200_grab1
5203,-1592,-1272,10744,CD,0,D1_pwm200_grab1
5213,2512,2480,14144,CD,0,D1_pwm200_grab1
5218,-68,-580,5664,CD,0,D1_pwm200_grab1
5223,-8392,-3572,11860,CD,0,D1_pwm200_grab1
5228,676,-192,12912,CD,0,D1_pwm200_grab1
5233,1116,672,10040,CD,0,D1_pwm200_grab1
5238,-6572,-876,15876,CD,0,D1_pwm200_grab1
5243,4220,-5672,2996,CD,0,D1_pwm200_grab1
5249,4952,-2992,9496,CD,0,D1_pwm200_grab1
5253,1388,-152,6712,CD,0,D1_pwm200_grab1
5259,1768,-1424,10264,CD,0,D1_pwm200_grab1
5263,-528,-24,9848,CD,0,D1_pwm200_grab1
5269,3652,2436,8908,CD,0,D1_pwm200_grab1
5278,2136,2428,13596,CD,0,D1_pwm200_grab1
5283,-1600,-2360,3932,CD,0,D1_pwm200_grab1
5289,-5216,-3968,9216,CD,0,D1_pwm200_grab1
5293,-1644,3240,8640,CD,0,D1_pwm200_grab1
5298,-2228,-1104,8256,CD,0,D1_pwm200_grab1
5303,4032,-1744,5672,CD,0,D1_pwm200_grab1
5309,-5552,-3076,12992,CD,0,D1_pwm200_grab1
5314,2876,-3256,8288,CD,0,D1_pwm200_grab1
5318,1020,-812,8824,CD,0,D1_pwm200_grab1
5323,1028,-996,9048,CD,0,D1_pwm200_grab1
5328,-1352,-392,9044,CD,0,D1_pwm200_grab1
5335,704,1692,8052,CD,0,D1_pwm200_grab1
5344,-2700,2888,12272,CD,0,D1_pwm200_grab1
5350,-1856,-1768,4064,CD,0,D1_pwm200_grab1
5359,-2304,-1532,10536,CD,0,D1_pwm200_grab1
5364,-3120,-364,8976,CD,0,D1_pwm200_grab1
5369,-7012,-1324,15052,CD,0,D1_pwm200_grab1
5380,1160,-3564,8232,CD,0,D1_pwm200_grab1
5385,-168,-1652,6728,CD,0,D1_pwm200_grab1
5389,-924,-1260,9572,CD,0,D1_pwm200_grab1
5394,-872,-368,10740,CD,0,D1_pwm200_grab1
5400,688,1096,7512,CD,0,D1_pwm200_grab1
5409,-2536,960,13448,CD,0,D1_pwm200_grab1
5414,-1136,-2004,5244,CD,0,D1_pwm200_grab1
5420,3720,2016,16268,CD,0,D1_pwm200_grab1
5425,-340,4464,12636,CD,0,D1_pwm200_grab1
5429,-3432,-1068,10472,CD,0,D1_pwm200_grab1
5435,3772,-2768,9008,CD,0,D1_pwm200_grab1
5439,-5560,-2544,14520,CD,0,D1_pwm200_grab1
5445,3208,-1924,10380,CD,0,D1_pwm200_grab1
5449,1108,260,11628,CD,0,D1_pwm200_grab1
5455,2156,-1984,11284,CD,0,D1_pwm200_grab1
5460,-564,-280,9996,CD,0,D1_pwm200_grab1
5464,1556,1996,16464,CD,0,D1_pwm200_grab1
5469,-1604,-516,13200,CD,0,D1_pwm200_grab1
5475,5196,-2472,10884,CD,0,D1_pwm200_grab1
5480,-2212,-168,9684,CD,0,D1_pwm200_grab1
5484,5888,1816,16852,CD,0,D1_pwm200_grab1
5489,1380,5512,12716,CD,0,D1_pwm200_grab1
5494,-2156,-876,9212,CD,0,D1_pwm200_grab1
5500,1384,-1764,11560,CD,0,D1_pwm200_grab1
5504,2600,4888,8308,CD,0,D1_pwm200_grab1
5510,2764,2236,11964,CD,0,D1_pwm200_grab1
5514,-12,-2476,12136,CD,0,D1_pwm200_grab1
5525,2176,-2048,6912,CD,0,D1_pwm200_grab1
5529,-1240,1748,13900,CD,0,D1_pwm200_grab1
5534,-1720,-316,11784,CD,0,D1_pwm200_grab1
5540,4252,-4280,7588,CD,0,D1_pwm200_grab1
5545,-4356,-936,8684,CD,0,D1_pwm200_grab1
5555,5136,1544,10244,CD,0,D1_pwm200_grab1
5559,-200,1076,10516,CD,0,D1_pwm200_grab1
5565,-420,-1900,8604,CD,0,D1_pwm200_grab1
5569,7072,4228,6864,CD,0,D1_pwm200_grab1
5575,-568,1508,10500,CD,0,D1_pwm200_grab1
5579,-1160,-3668,12244,CD,0,D1_pwm200_grab1
5590,960,-3548,7604,CD,0,D1_pwm200_grab1
5595,-5108,812,13092,CD,0,D1_pwm200_grab1
5601,-4932,2504,6320,CD,0,D1_pwm200_grab1
5606,-860,-6376,7092,CD,0,D1_pwm200_grab1
5611,-984,-852,9076,CD,0,D1_pwm200_grab1
5615,1640,-776,11416,CD,0,D1_pwm200_grab1
5621,616,6724,12040,CD,0,D1_pwm200_grab1
5625,-5004,-1728,10000,CD,0,D1_pwm200_grab1
5630,-756,-2476,10816,CD,0,D1_pwm200_grab1
5640,-1424,1804,11852,CD,0,D1_pwm200_grab1
5645,-2124,-2848,10316,CD,0,D1_pwm200_grab1
5656,2120,-3048,9996,CD,0,D1_pwm200_grab1
5660,-7812,-160,9372,CD,0,D1_pwm200_grab1
5666,-4520,2208,6104,CD,0,D1_pwm200_grab1
5670,-528,-6512,5420,CD,0,D1_pwm200_grab1
5675,1876,-2876,9088,CD,0,D1_pwm200_grab1
5685,1756,1388,10748,CD,0,D1_pwm200_grab1
5691,28,1552,11860,CD,0,D1_pwm200_grab1
5695,-1200,736,10960,CD,0,D1_pwm200_grab1
5706,-732,2820,14052,CD,0,D1_pwm200_grab1
5710,-636,-1428,10584,CD,0,D1_pwm200_grab1
5720,-2012,3788,10400,CD,0,D1_pwm200_grab1
5725,-2796,-1472,11132,CD,0,D1_pwm200_grab1
5731,-3736,484,5776,CD,0,D1_pwm200_grab1
5735,-2928,-3332,11116,CD,0,D1_pwm200_grab1
5740,4264,-2496,9568,CD,0,D1_pwm200_grab1
5745,1560,448,6556,CD,0,D1_pwm200_grab1
5750,3460,0,11104,CD,0,D1_pwm200_grab1
5756,-968,1420,10916,CD,0,D1_pwm200_grab1
5761,4400,3408,12956,CD,0,D1_pwm200_grab1
5766,5036,-1148,17292,CD,0,D1_pwm200_grab1
5770,4160,580,10896,CD,0,D1_pwm200_grab1
5776,-3576,744,10812,CD,0,D1_pwm200_grab1
5780,9272,-1516,13160,CD,0,D1_pwm200_grab1
5786,-212,4744,10812,CD,0,D1_pwm200_grab1
5790,-1720,-1416,8528,CD,0,D1_pwm200_grab1
5795,4564,-3060,8892,CD,0,D1_pwm200_grab1
5801,-2892,-2324,10004,CD,0,D1_pwm200_grab1
5806,3452,1040,11084,CD,0,D1_pwm200_grab1
5810,1048,-860,12020,CD,0,D1_pwm200_grab1
5816,-10172,-3540,8224,CD,0,D1_pwm200_grab1
5820,1324,-2176,5992,CD,0,D1_pwm200_grab1
5826,1216,2916,15088,CD,0,D1_pwm200_grab1
5831,2096,-1572,14820,CD,0,D1_pwm200_grab1
5835,3972,-3008,8704,CD,0,D1_pwm200_grab1
5840,-6096,-684,10508,CD,0,D1_pwm200_grab1
5847,4296,932,13356,CD,0,D1_pwm200_grab1
5851,-1656,4608,10632,CD,0,D1_pwm200_grab1
5857,-3852,-1448,7720,CD,0,D1_pwm200_grab1
5861,2132,-2632,8688,CD,0,D1_pwm200_grab1
5867,-6060,-1736,12592,CD,0,D1_pwm200_grab1
5871,1176,-3548,11004,CD,0,D1_pwm200_grab1
5876,204,-156,8984,CD,0,D1_pwm200_grab1
5881,-252,-2492,8692,CD,0,D1_pwm200_grab1
5891,-3420,1116,14612,CD,0,D1_pwm200_grab1
5897,-4428,1148,7560,CD,0,D1_pwm200_grab1
5901,-388,-5556,8536,CD,0,D1_pwm200_grab1
5907,-1860,-1464,9700,CD,0,D1_pwm200_grab1
5911,2604,-244,12952,CD,0,D1_pwm200_grab1
5916,248,6860,11936,CD,0,D1_pwm200_grab1
5921,-4352,-1196,10440,CD,0,D1_pwm200_grab1
5927,-292,-2372,10116,CD,0,D1_pwm200_grab1
5932,6152,4052,9744,CD,0,D1_pwm200_grab1
5937,-1324,1940,12596,CD,0,D1_pwm200_grab1
5942,-192,-3192,13712,CD,0,D1_pwm200_grab1
5951,2404,-2908,10136,CD,0,D1_pwm200_grab1
5957,-6768,188,10584,CD,0,D1_pwm200_grab1
5962,-4032,2232,7356,CD,0,D1_pwm200_grab1
5967,740,-6184,6396,CD,0,D1_pwm200_grab1
5971,1032,580,9660,CD,0,D1_pwm200_grab1
5977,-1984,2848,2880,CD,0,D1_pwm200_grab1
5981,5664,1764,12616,CD,0,D1_pwm200_grab1
5986,80,1344,12696,CD,0,D1_pwm200_grab1
5991,1952,316,12456,CD,0,D1_pwm200_grab1
6002,880,3952,13640,CD,0,D1_pwm200_grab1
6006,-348,-1568,10096,CD,0,D1_pwm200_grab1
6017,-1892,3440,9816,CD,0,D1_pwm200_grab1
6021,1196,-832,9584,CD,0,D1_pwm200_grab1
6026,-4216,140,4740,CD,0,D1_pwm200_grab1
6031,384,-4748,6164,CD,0,D1_pwm200_grab1
6037,4108,-2852,8892,CD,0,D1_pwm200_grab1
6041,1860,1584,3592,CD,0,D1_pwm200_grab1
6047,3144,-108,10492,CD,0,D1_pwm200_grab1
6051,1356,1152,10832,CD,0,D1_pwm200_grab1
6056,2000,1612,11324,CD,0,D1_pwm200_grab1
6066,3672,860,10576,CD,0,D1_pwm200_grab1
6072,-548,-40,12252,CD,0,D1_pwm200_grab1
6081,-3284,3648,7840,CD,0,D1_pwm200_grab1
6086,-2804,-1788,8028,CD,0,D1_pwm200_grab1
6091,-180,-2184,4812,CD,0,D1_pwm200_grab1
6096,-3832,-2568,9948,CD,0,D1_pwm200_grab1
6103,2324,-3716,10288,CD,0,D1_pwm200_grab1
6107,1168,-1380,6924,CD,0,D1_pwm200_grab1
6112,1120,-864,8776,CD,0,D1_pwm200_grab1
6118,-332,68,8728,CD,0,D1_pwm200_grab1
6123,148,1780,7864,CD,0,D1_pwm200_grab1
6133,-1636,3316,15448,CD,0,D1_pwm200_grab1
6144,-9676,-2272,11932,CD,0,D1_pwm200_grab1
6147,-916,5396,11460,CD,0,D1_pwm200_grab1
6152,-5928,-1944,9680,CD,0,D1_pwm200_grab1
6157,664,-2052,9680,CD,0,D1_pwm200_grab1
6162,-5848,-4548,14004,CD,0,D1_pwm200_grab1
6168,1820,-3444,11440,CD,0,D1_pwm200_grab1
6172,-372,568,9864,CD,0,D1_pwm200_grab1
6177,-424,-2952,8344,CD,0,D1_pwm200_grab1
6182,-1292,580,11508,CD,0,D1_pwm200_grab1
6188,-5224,1184,13860,CD,0,D1_pwm200_grab1
6192,-4928,2168,7584,CD,0,D1_pwm200_grab1
6197,468,-5764,8076,CD,0,D1_pwm200_grab1
6203,-2280,-20,10432,CD,0,D1_pwm200_grab1
6208,2456,-1196,10456,CD,0,D1_pwm200_grab1
6213,320,6564,13060,CD,0,D1_pwm200_grab1
6217,-2744,-612,11380,CD,0,D1_pwm200_grab1
6223,272,-1904,10136,CD,0,D1_pwm200_grab1
6227,-4556,1376,16760,CD,0,D1_pwm200_grab1
6232,-876,2996,13888,CD,0,D1_pwm200_grab1
6238,-340,-2296,12840,CD,0,D1_pwm200_grab1
6247,1944,-3072,10364,CD,0,D1_pwm200_grab1
6252,-5076,380,9728,CD,0,D1_pwm200_grab1
6258,-2924,2448,8892,CD,0,D1_pwm200_grab1
6262,1860,-5560,5876,CD,0,D1_pwm200_grab1
6267,3564,1768,9592,CD,0,D1_pwm200_grab1
6272,1772,1632,5764,CD,0,D1_pwm200_grab1
6277,4172,1044,11196,CD,0,D1_pwm200_grab1
6282,420,1468,12316,CD,0,D1_pwm200_grab1
6288,1848,1100,12204,CD,0,D1_pwm200_grab1
6297,364,4736,13416,CD,0,D1_pwm200_grab1
6302,-24,-2976,5804,CD,0,D1_pwm200_grab1
6312,1900,-732,12272,CD,0,D1_pwm200_grab1
6317,-1240,-1388,8548,CD,0,D1_pwm200_grab1
6322,3260,-2708,7716,CD,0,D1_pwm200_grab1
6327,-2096,-3256,8180,CD,0,D1_pwm200_grab1
6332,3380,-3476,8504,CD,0,D1_pwm200_grab1
6338,1652,-792,4680,CD,0,D1_pwm200_grab1
6343,2052,-2236,9316,CD,0,D1_pwm200_grab1
6347,880,332,9968,CD,0,D1_pwm200_grab1
6353,2428,2104,9676,CD,0,D1_pwm200_grab1
6363,-740,2744,14456,CD,0,D1_pwm200_grab1
6369,-964,-4336,2360,CD,0,D1_pwm200_grab1
6379,584,-1328,10868,CD,0,D1_pwm200_grab1
6383,2060,576,8552,CD,0,D1_pwm200_grab1
6394,260,-8624,2732,CD,0,D1_pwm200_grab1
6400,2840,-1440,8472,CD,0,D1_pwm200_grab1
6404,-88,-188,9180,CD,0,D1_pwm200_grab1
6408,804,-2468,8648,CD,0,D1_pwm200_grab1
6413,-648,-508,8440,CD,0,D1_pwm200_grab1
6418,1028,2236,7188,CD,0,D1_pwm200_grab1
6428,-1384,2908,16192,CD,0,D1_pwm200_grab1
6433,872,-1708,6160,CD,0,D1_pwm200_grab1
6438,-5648,-624,9752,CD,0,D1_pwm200_grab1
6444,-216,6764,11688,CD,0,D1_pwm200_grab1
6448,-4612,-1156,10288,CD,0,D1_pwm200_grab1
6453,-644,-2420,10220,CD,0,D1_pwm200_grab1
6458,-4492,-2528,16488,CD,0,D1_pwm200_grab1
6464,2160,-2984,11660,CD,0,D1_pwm200_grab1
6469,504,1208,12000,CD,0,D1_pwm200_grab1
6473,-1896,-3136,9092,CD,0,D1_pwm200_grab1
6478,-156,52,9688,CD,0,D1_pwm200_grab1
6483,2580,3548,8100,CD,0,D1_pwm200_grab1
6488,-3796,628,7408,CD,0,D1_pwm200_grab1
6494,1204,-5600,6888,CD,0,D1_pwm200_grab1
6498,424,1184,10116,CD,0,D1_pwm200_grab1
6503,2028,1520,10344,CD,0,D1_pwm200_grab1
6508,1004,7368,13200,CD,0,D1_pwm200_grab1
6513,-1544,-28,11864,CD,0,D1_pwm200_grab1
6518,384,-2096,10432,CD,0,D1_pwm200_grab1
6524,-3008,4112,16940,CD,0,D1_pwm200_grab1
6528,752,3464,12976,CD,0,D1_pwm200_grab1
6534,-268,-1916,10292,CD,0,D1_pwm200_grab1
6544,1736,-2160,11412,CD,0,D1_pwm200_grab1
6549,-3896,1032,10380,CD,0,D1_pwm200_grab1
6554,-2180,2696,13376,CD,0,D1_pwm200_grab1
6558,1672,-5168,5100,CD,0,D1_pwm200_grab1
6563,5040,2008,9640,CD,0,D1_pwm200_grab1
6569,4924,3188,16820,CD,0,D1_pwm200_grab1
6574,2676,-108,10352,CD,0,D1_pwm200_grab1
6579,1004,1048,10352,CD,0,D1_pwm200_grab1
6584,1784,1360,10496,CD,0,D1_pwm200_grab1
6594,-948,4104,14060,CD,0,D1_pwm200_grab1
6598,-300,-4336,4168,CD,0,D1_pwm200_grab1
6609,1236,-1424,10064,CD,0,D1_pwm200_grab1
6615,2284,532,9112,CD,0,D1_pwm200_grab1
6620,-5936,904,14616,CD,0,D1_pwm200_grab1
6630,3792,-1220,8040,CD,0,D1_pwm200_grab1
6634,7536,-3000,10880,CD,0,D1_pwm200_grab1
6640,2380,3424,11348,CD,0,D1_pwm200_grab1
6645,-2332,1256,8848,CD,0,D1_pwm200_grab1
6650,-3244,-3428,7532,CD,0,D1_pwm200_grab1
6656,4284,3812,8784,CD,0,D1_pwm200_grab1
6659,-2204,3124,15884,CD,0,D1_pwm200_grab1
6664,596,-2024,4640,CD,0,D1_pwm200_grab1
6670,-6308,-888,9532,CD,0,D1_pwm200_grab1
6674,-2720,-2040,11084,CD,0,D1_pwm200_grab1
6680,1720,444,9572,CD,0,D1_pwm200_grab1
6689,-88,-8900,3820,CD,0,D1_pwm200_grab1
6694,1996,-2284,8732,CD,0,D1_pwm200_grab1
6699,-372,444,11752,CD,0,D1_pwm200_grab1
6704,-2772,-3520,8760,CD,0,D1_pwm200_grab1
6710,540,380,9460,CD,0,D1_pwm200_grab1
6715,2172,3376,7384,CD,0,D1_pwm200_grab1
6725,-376,3060,15224,CD,0,D1_pwm200_grab1
6729,4636,208,10160,CD,0,D1_pwm200_grab1
6734,4612,1136,8300,CD,0,D1_pwm200_grab1
6740,-1448,1168,12000,CD,0,D1_pwm200_grab1
6744,-2496,-72,11364,CD,0,D1_pwm200_grab1
6749,172,-2588,9412,CD,0,D1_pwm200_grab1
6760,4156,-2164,10688,CD,0,D1_pwm200_grab1
6764,556,-1576,11956,CD,0,D1_pwm200_grab1
6770,-4460,-3456,8980,CD,0,D1_pwm200_grab1
6774,1988,-676,8132,CD,0,D1_pwm200_grab1
6780,3452,3580,10716,CD,0,D1_pwm200_grab1
6784,-2012,1900,14052,CD,0,D1_pwm200_grab1
6790,1972,-5020,5864,CD,0,D1_pwm200_grab1
6794,5088,2072,10456,CD,0,D1_pwm200_grab1
6804,1916,4936,12636,CD,0,D1_pwm200_grab1
6810,-1344,-64,9172,CD,0,D1_pwm200_grab1
6815,-1272,-1812,9496,CD,0,D1_pwm200_grab1
6819,-1252,3788,14344,CD,0,D1_pwm200_grab1
6824,3584,-260,10464,CD,0,D1_pwm200_grab1
6834,-9488,-3568,10492,CD,0,D1_pwm200_grab1
6839,-348,-1604,11524,CD,0,D1_pwm200_grab1
6845,2496,440,10692,CD,0,D1_pwm200_grab1
6849,-6448,1236,15308,CD,0,D1_pwm200_grab1
6859,5504,76,9340,CD,0,D1_pwm200_grab1
6865,7792,-2472,10792,CD,0,D1_pwm200_grab1
6870,4816,2744,10920,CD,0,D1_pwm200_grab1
6875,-1904,944,8932,CD,0,D1_pwm200_grab1
6880,1928,-76,10044,CD,0,D1_pwm200_grab1
6885,4168,4692,9368,CD,0,D1_pwm200_grab1
6891,-12,-268,9976,CD,0,D1_pwm200_grab1
6895,-224,-4288,13916,CD,0,D1_pwm200_grab1
6906,880,-4296,7504,CD,0,D1_pwm200_grab1
6910,-3560,732,13676,CD,0,D1_pwm200_grab1
6921,-876,-7596,4116,CD,0,D1_pwm200_grab1
6926,2248,-2572,8172,CD,0,D1_pwm200_grab1
6935,2916,2864,11332,CD,0,D1_pwm200_grab1
6941,-1752,1280,10356,CD,0,D1_pwm200_grab1
6945,-1108,-1276,11116,CD,0,D1_pwm200_grab1
6951,8664,5728,5920,CD,0,D1_pwm200_grab1
6955,-996,2952,15812,CD,0,D1_pwm200_grab1
6961,2768,-456,12040,CD,0,D1_pwm200_grab1
6965,3428,2336,6772,CD,0,D1_pwm200_grab1
6970,-4440,2212,10084,CD,0,D1_pwm200_grab1
6976,-320,-504,9996,CD,0,D1_pwm200_grab1
6981,-6728,136,4580,CD,0,D1_pwm200_grab1
6986,-1312,-6948,5984,CD,0,D1_pwm200_grab1
6990,1280,-2400,9304,CD,0,D1_pwm200_grab1
6995,1076,1336,5788,CD,0,D1_pwm200_grab1
7005,2144,-156,8196,CD,0,D1_pwm200_grab1
7010,1792,3436,12344,CD,0,D1_pwm200_grab1
7021,1724,1024,12956,CD,0,D1_pwm200_grab1
7026,1452,1308,12996,CD,0,D1_pwm200_grab1
7030,8224,168,16744,CD,0,D1_pwm200_grab1
7036,-856,3920,10064,CD,0,D1_pwm200_grab1
7041,-628,764,12156,CD,0,D1_pwm200_grab1
7045,-728,-1824,9764,CD,0,D1_pwm200_grab1
7050,832,5552,15256,CD,0,D1_pwm200_grab1
7056,3592,-568,10688,CD,0,D1_pwm200_grab1
7061,772,-1156,13340,CD,0,D1_pwm200_grab1
7070,2904,-1788,8152,CD,0,D1_pwm200_grab1
7075,1612,3400,14368,CD,0,D1_pwm200_grab1
7081,1324,-4240,13912,CD,0,D1_pwm200_grab1
7086,1920,-7300,3932,CD,0,D1_pwm200_grab1
7090,5400,1092,10072,CD,0,D1_pwm200_grab1
7100,4288,3304,11884,CD,0,D1_pwm200_grab1
7105,-1868,772,8256,CD,0,D1_pwm200_grab1
7110,1156,-1288,9908,CD,0,D1_pwm200_grab1
7116,2156,4536,11808,CD,0,D1_pwm200_grab1
7120,2608,1440,11176,CD,0,D1_pwm200_grab1
7126,184,-2624,13116,CD,0,D1_pwm200_grab1
7137,952,-3228,7140,CD,0,D1_pwm200_grab1
7141,-1872,2268,12880,CD,0,D1_pwm200_grab1
7147,-1944,-2676,9572,CD,0,D1_pwm200_grab1
7152,1960,-4216,7048,CD,0,D1_pwm200_grab1
7156,-3608,-1104,10064,CD,0,D1_pwm200_grab1
7161,832,136,6556,CD,0,D1_pwm200_grab1
7166,-208,6072,11256,CD,0,D1_pwm200_grab1
7171,-1956,1288,9812,CD,0,D1_pwm200_grab1
7177,-728,-2476,9460,CD,0,D1_pwm200_grab1
7181,6192,5392,7184,CD,0,D1_pwm200_grab1
7186,-768,924,10992,CD,0,D1_pwm200_grab1
7191,-1076,-3592,13220,CD,0,D1_pwm200_grab1
7202,604,-4796,8044,CD,0,D1_pwm200_grab1
7206,-5696,636,11636,CD,0,D1_pwm200_grab1
7217,52,-8256,4068,CD,0,D1_pwm200_grab1
7222,1136,-2372,8596,CD,0,D1_pwm200_grab1
7226,-4488,2148,2268,CD,0,D1_pwm200_grab1
7231,1992,3044,11596,CD,0,D1_pwm200_grab1
7236,-1144,1152,12924,CD,0,D1_pwm200_grab1
7241,-1408,-764,12064,CD,0,D1_pwm200_grab1
7247,8212,6112,8052,CD,0,D1_pwm200_grab1
7252,-876,3396,12788,CD,0,D1_pwm200_grab1
7256,5120,808,11348,CD,0,D1_pwm200_grab1
7262,6536,364,11244,CD,0,D1_pwm200_grab1
7266,-1988,2220,10760,CD,0,D1_pwm200_grab1
7271,-1092,-1456,10132,CD,0,D1_pwm200_grab1
7277,-8476,4224,7848,CD,0,D1_pwm200_grab1
7282,-1600,-6124,6580,CD,0,D1_pwm200_grab1
7286,3764,-1960,8976,CD,0,D1_pwm200_grab1
7291,1712,260,6796,CD,0,D1_pwm200_grab1
7296,-5200,-3408,9112,CD,0,D1_pwm200_grab1
7302,3616,-300,7728,CD,0,D1_pwm200_grab1
7307,3176,3464,12120,CD,0,D1_pwm200_grab1
7312,8696,-3572,14960,CD,0,D1_pwm200_grab1
7316,2856,2944,12452,CD,0,D1_pwm200_grab1
7322,-532,1052,11932,CD,0,D1_pwm200_grab1
7326,9436,-644,12408,CD,0,D1_pwm200_grab1
7331,-208,3912,9272,CD,0,D1_pwm200_grab1
7336,100,-1452,8300,CD,0,D1_pwm200_grab1
7341,-1052,-1508,8064,CD,0,D1_pwm200_grab1
7346,2076,6256,14736,CD,0,D1_pwm200_grab1
7352,3228,156,11060,CD,0,D1_pwm200_grab1
7357,1032,-2576,12496,CD,0,D1_pwm200_grab1
7362,-9304,-3812,7520,CD,0,D1_pwm200_grab1
7366,2444,-1364,5648,CD,0,D1_pwm200_grab1
7371,884,3944,13476,CD,0,D1_pwm200_grab1
7377,6680,-3864,13944,CD,0,D1_pwm200_grab1
7382,3384,-420,10336,CD,0,D1_pwm200_grab1
7387,-3696,-432,11980,CD,0,D1_pwm200_grab1
7392,6140,2012,14396,CD,0,D1_pwm200_grab1
7397,-1988,3560,8456,CD,0,D1_pwm200_grab1
7402,-2648,-1328,7256,CD,0,D1_pwm200_grab1
7408,4056,-1084,5956,CD,0,D1_pwm200_grab1
7413,-4832,-3704,9996,CD,0,D1_pwm200_grab1
7417,460,-3128,9568,CD,0,D1_pwm200_grab1
7422,356,-1436,8264,CD,0,D1_pwm200_grab1
7433,812,-3056,7156,CD,0,D1_pwm200_grab1
7437,-1776,2096,14152,CD,0,D1_pwm200_grab1
7442,-1836,-3736,8800,CD,0,D1_pwm200_grab1
7448,-760,-2976,10068,CD,0,D1_pwm200_grab1
7453,-3504,-1412,11012,CD,0,D1_pwm200_grab1
7457,4620,1532,15188,CD,0,D1_pwm200_grab1
7463,-408,6040,11012,CD,0,D1_pwm200_grab1
7468,-2420,1240,9664,CD,0,D1_pwm200_grab1
7472,-1740,-3328,9292,CD,0,D1_pwm200_grab1
7477,5732,4960,8908,CD,0,D1_pwm200_grab1
7482,-880,472,12208,CD,0,D1_pwm200_grab1
7487,-1528,-4632,11996,CD,0,D1_pwm200_grab1
7497,784,-4128,8604,CD,0,D1_pwm200_grab1
7503,-4524,1756,13012,CD,0,D1_pwm200_grab1
7507,-4848,-1660,6148,CD,0,D1_pwm200_grab1
7513,888,-8116,3804,CD,0,D1_pwm200_grab1
7517,1292,-1516,9776,CD,0,D1_pwm200_grab1
7527,3008,3972,12800,CD,0,D1_pwm200_grab1
7533,-1660,1340,12784,CD,0,D1_pwm200_grab1
7538,44,-680,13228,CD,0,D1_pwm200_grab1
7542,8020,5656,9336,CD,0,D1_pwm200_grab1
7548,-20,3332,12524,CD,0,D1_pwm200_grab1
7552,4032,732,8244,CD,0,D1_pwm200_grab1
7557,5420,1456,9056,CD,0,D1_pwm200_grab1
7562,-1364,204,10312,CD,0,D1_pwm200_grab1
7567,484,-1256,11200,CD,0,D1_pwm200_grab1
7577,284,-6316,5260,CD,0,D1_pwm200_grab1
7582,4000,-2032,8644,CD,0,D1_pwm200_grab1
7587,2096,1520,6660,CD,0,D1_pwm200_grab1
7593,3880,2960,11780,CD,0,D1_pwm200_grab1
7598,4428,172,7436,CD,0,D1_pwm200_grab1
7602,3664,3452,10288,CD,0,D1_pwm200_grab1
7607,10680,-1424,13104,CD,0,D1_pwm200_grab1
7612,1528,3452,13016,CD,0,D1_pwm200_grab1
7618,2000,824,11172,CD,0,D1_pwm200_grab1
7622,7380,116,8668,CD,0,D1_pwm200_grab1
7627,-1516,3572,8484,CD,0,D1_pwm200_grab1
7632,900,-1280,8820,CD,0,D1_pwm200_grab1
7638,3320,264,7764,CD,0,D1_pwm200_grab1
7643,-1268,-5356,4232,CD,0,D1_pwm200_grab1
7648,2460,-3184,7648,CD,0,D1_pwm200_grab1
7654,1888,-156,3888,CD,0,D1_pwm200_grab1
7658,1508,-100,10084,CD,0,D1_pwm200_grab1
7664,-648,528,10748,CD,0,D1_pwm200_grab1
7669,976,1296,9436,CD,0,D1_pwm200_grab1
7678,-344,3900,14576,CD,0,D1_pwm200_grab1
7683,-1692,-536,12832,CD,0,D1_pwm200_grab1
7688,7860,760,14444,CD,0,D1_pwm200_grab1
7694,-3104,3316,8336,CD,0,D1_pwm200_grab1
7699,-3308,-2052,7020,CD,0,D1_pwm200_grab1
7703,3648,-576,6688,CD,0,D1_pwm200_grab1
7709,-5944,-4868,7512,CD,0,D1_pwm200_grab1
7714,1124,-3204,9260,CD,0,D1_pwm200_grab1
7718,-416,-1860,7092,CD,0,D1_pwm200_grab1
7729,2468,-2456,7020,CD,0,D1_pwm200_grab1
7734,-632,2196,15832,CD,0,D1_pwm200_grab1
7739,-80,-5704,9868,CD,0,D1_pwm200_grab1
7743,-344,-1824,11296,CD,0,D1_pwm200_grab1
7748,-3736,-1104,11848,CD,0,D1_pwm200_grab1
7754,6348,1932,15900,CD,0,D1_pwm200_grab1
7759,-276,5536,10788,CD,0,D1_pwm200_grab1
7764,-2984,-1856,9820,CD,0,D1_pwm200_grab1
7768,-2372,-3588,9320,CD,0,D1_pwm200_grab1
7773,3188,4596,15548,CD,0,D1_pwm200_grab1
7779,-764,464,13060,CD,0,D1_pwm200_grab1
7783,724,-2064,15468,CD,0,D1_pwm200_grab1
7794,3464,-2208,9436,CD,0,D1_pwm200_grab1
7799,-3456,2596,14724,CD,0,D1_pwm200_grab1
7803,-1256,-3312,7312,CD,0,D1_pwm200_grab1
7808,1660,-8248,3688,CD,0,D1_pwm200_grab1
7813,4228,-348,9980,CD,0,D1_pwm200_grab1
7819,-3736,972,2220,CD,0,D1_pwm200_grab1
7823,5440,3604,12860,CD,0,D1_pwm200_grab1
7828,-1648,1104,12816,CD,0,D1_pwm200_grab1
7834,2104,-1472,10220,CD,1,D1_pwm200_grab1
7838,8500,6540,9388,CD,1,D1_pwm200_grab1
7843,-24,1408,11844,CD,1,D1_pwm200_grab1
7849,592,-2224,12136,CD,1,D1_pwm200_grab1
7854,1996,2792,5256,CD,1,D1_pwm200_grab1
7858,-1348,840,9052,CD,1,D1_pwm200_grab1
7863,3156,-192,8952,CD,1,D1_pwm200_grab1
7873,2060,-6496,3568,CD,1,D1_pwm200_grab1
7878,3888,-2552,7672,CD,1,D1_pwm200_grab1
7889,2464,1700,10788,CD,1,D1_pwm200_grab1
7894,-1096,1044,11116,CD,1,D1_pwm200_grab1
7899,1656,652,10424,CD,1,D1_pwm200_grab1
7909,-456,4588,13068,CD,1,D1_pwm200_grab1
7914,-696,-2852,7848,CD,1,D1_pwm200_grab1
7924,748,-3232,9408,CD,1,D1_pwm200_grab1
7929,284,296,9252,CD,1,D1_pwm200_grab1
7934,-4020,-636,13692,CD,1,D1_pwm200_grab1
7939,-4396,-4668,6580,CD,1,D1_pwm200_grab1
7944,1176,-3104,8788,CD,1,D1_pwm200_grab1
7950,-96,-1732,6068,CD,1,D1_pwm200_grab1
7955,1304,320,9908,CD,1,D1_pwm200_grab1
7959,-828,276,9476,CD,1,D1_pwm200_grab1
7964,660,1272,9696,CD,1,D1_pwm200_grab1
7974,-520,3764,15976,CD,1,D1_pwm200_grab1
7980,-4480,-816,11640,CD,1,D1_pwm200_grab1
7984,5380,1308,14984,CD,1,D1_pwm200_grab1
7989,-576,5760,10672,CD,1,D1_pwm200_grab1
7995,-3676,-2144,9616,CD,1,D1_pwm200_grab1
7999,-1532,-2372,9088,CD,1,D1_pwm200_grab1
8004,-4400,-3704,13284,CD,1,D1_pwm200_grab1
8010,1456,-3344,10316,CD,1,D1_pwm200_grab1
8015,-492,-304,10396,CD,1,D1_pwm200_grab1
8020,-2596,-2084,8736,CD,1,D1_pwm200_grab1
8024,1560,-3660,8592,CD,1,D1_pwm200_grab1
8030,-4380,1536,13988,CD,1,D1_pwm200_grab1
8034,-3156,-2312,5596,CD,1,D1_pwm200_grab1
8040,-204,-5920,8960,CD,1,D1_pwm200_grab1
8044,-272,240,10860,CD,1,D1_pwm200_grab1
8049,1660,2516,9932,CD,1,D1_pwm200_grab1
8054,1568,7224,13024,CD,1,D1_pwm200_grab1
8059,-2168,-512,10940,CD,1,D1_pwm200_grab1
8065,120,-240,12972,CD,1,D1_pwm200_grab1
8075,-420,4156,13836,CD,1,D1_pwm200_grab1
8079,52,-1628,11424,CD,1,D1_pwm200_grab1
8090,1040,-2564,11076,CD,1,D1_pwm200_grab1
8094,-1712,888,10720,CD,1,D1_pwm200_grab1
8099,-1668,452,12604,CD,1,D1_pwm200_grab1
8104,1664,-6956,5956,CD,1,D1_pwm200_grab1
8109,4008,-2800,7840,CD,1,D1_pwm200_grab1
8114,1468,-356,7944,CD,1,D1_pwm200_grab1
8119,2448,576,11072,CD,1,D1_pwm200_grab1
8124,308,1596,11440,CD,1,D1_pwm200_grab1
8129,1672,1148,9748,CD,1,D1_pwm200_grab1
8140,-340,4596,13700,CD,1,D1_pwm200_grab1
8144,1156,-1620,4680,CD,1,D1_pwm200_grab1
8155,-136,-2532,10900,CD,1,D1_pwm200_grab1
8161,1360,-92,9456,CD,1,D1_pwm200_grab1
8175,5528,-68,8876,CD,1,D1_pwm200_grab1
8181,4884,-2528,8380,CD,1,D1_pwm200_grab1
8185,5192,3572,11280,CD,1,D1_pwm200_grab1
8190,-2976,1188,8528,CD,1,D1_pwm200_grab1
8195,2268,2684,8324,CD,1,D1_pwm200_grab1
8205,-1260,3444,15220,CD,1,D1_pwm200_grab1
8211,16,-856,5196,CD,1,D1_pwm200_grab1
8215,-128,1204,4132,CD,1,D1_pwm200_grab1
8221,-2828,-3196,9720,CD,1,D1_pwm200_grab1
8225,1588,-636,7380,CD,1,D1_pwm200_grab1
8235,-4892,-32,13020,CD,1,D1_pwm200_grab1
8240,444,-3104,10492,CD,1,D1_pwm200_grab1
8245,524,-1904,10148,CD,1,D1_pwm200_grab1
8250,-4004,-2140,8936,CD,1,D1_pwm200_grab1
8255,308,-948,6196,CD,1,D1_pwm200_grab1
8260,1784,2704,9856,CD,1,D1_pwm200_grab1
8270,-256,3216,15308,CD,1,D1_pwm200_grab1
8276,1108,964,12024,CD,1,D1_pwm200_grab1
8281,2064,3944,13712,CD,1,D1_pwm200_grab1
8285,1972,6564,13868,CD,1,D1_pwm200_grab1
8290,-2936,-716,10724,CD,1,D1_pwm200_grab1
8295,-1392,-2720,8756,CD,1,D1_pwm200_grab1
8305,1288,-940,12180,CD,1,D1_pwm200_grab1
8311,1552,-2504,12028,CD,1,D1_pwm200_grab1
8320,984,-2520,11532,CD,1,D1_pwm200_grab1
8325,-488,1052,10352,CD,1,D1_pwm200_grab1
8330,-1624,176,17572,CD,1,D1_pwm200_grab1
8336,1052,-8608,4504,CD,1,D1_pwm200_grab1
8341,5604,1480,10332,CD,1,D1_pwm200_grab1
8346,8740,-1192,13316,CD,1,D1_pwm200_grab1
8350,2124,4912,12752,CD,1,D1_pwm200_grab1
8356,-404,1284,13060,CD,1,D1_pwm200_grab1
8360,-212,-1528,9096,CD,1,D1_pwm200_grab1
8370,120,4772,13912,CD,1,D1_pwm200_grab1
8376,1556,-308,6048,CD,1,D1_pwm200_grab1
8380,-4648,-1440,8480,CD,1,D1_pwm200_grab1
8386,-1756,-2116,9980,CD,1,D1_pwm200_grab1
8390,3420,-440,9640,CD,1,D1_pwm200_grab1
8401,488,-8140,1620,CD,1,D1_pwm200_grab1
8407,5060,-184,8676,CD,1,D1_pwm200_grab1
8412,-4720,1336,584,CD,1,D1_pwm200_grab1
8417,4708,2492,10544,CD,1,D1_pwm200_grab1
8422,-2508,1896,9504,CD,1,D1_pwm200_grab1
8426,2376,948,9876,CD,1,D1_pwm200_grab1
8431,7952,6232,4888,CD,1,D1_pwm200_grab1
8436,1564,4292,12236,CD,1,D1_pwm200_grab1
8441,-2188,-3300,9480,CD,1,D1_pwm200_grab1
8451,-3308,1956,7448,CD,1,D1_pwm200_grab1
8456,-508,-1652,7068,CD,1,D1_pwm200_grab1
8461,1136,264,6164,CD,1,D1_pwm200_grab1
8466,-3888,-4592,8720,CD,1,D1_pwm200_grab1
8471,2072,-3332,7200,CD,1,D1_pwm200_grab1
8477,-664,-1552,6592,CD,1,D1_pwm200_grab1
8481,-440,-24,9292,CD,1,D1_pwm200_grab1
8486,-852,720,7592,CD,1,D1_pwm200_grab1
8492,-140,2996,14456,CD,1,D1_pwm200_grab1
8496,-2412,-5664,7376,CD,1,D1_pwm200_grab1
8501,672,-2732,12724,CD,1,D1_pwm200_grab1
8506,-3756,-1376,10036,CD,1,D1_pwm200_grab1
8512,3240,1232,11752,CD,1,D1_pwm200_grab1
8517,84,6640,12620,CD,1,D1_pwm200_grab1
8521,-3316,-1612,9756,CD,1,D1_pwm200_grab1
8527,-3036,-3968,9860,CD,1,D1_pwm200_grab1
8531,-2516,-1784,16076,CD,1,D1_pwm200_grab1
8536,-420,1476,13652,CD,1,D1_pwm200_grab1
8541,-968,-4072,12752,CD,1,D1_pwm200_grab1
8551,3852,-3784,10892,CD,1,D1_pwm200_grab1
8556,-3680,628,10812,CD,1,D1_pwm200_grab1
8561,-4260,-464,8540,CD,1,D1_pwm200_grab1
8566,1388,-6916,6528,CD,1,D1_pwm200_grab1
8571,3052,1460,10220,CD,1,D1_pwm200_grab1
8576,764,372,4968,CD,1,D1_pwm200_grab1
8582,3300,2304,10724,CD,1,D1_pwm200_grab1
8587,1156,1528,13292,CD,1,D1_pwm200_grab1
8591,1048,868,10248,CD,1,D1_pwm200_grab1
8601,2456,4332,13404,CD,1,D1_pwm200_grab1
8606,-812,-2912,3792,CD,1,D1_pwm200_grab1
8616,748,-1588,11388,CD,1,D1_pwm200_grab1
8622,-1636,-1212,11368,CD,1,D1_pwm200_grab1
8627,592,28,9008,CD,1,D1_pwm200_grab1
8632,-3112,-3924,10108,CD,1,D1_pwm200_grab1
8637,3628,-1720,8788,CD,1,D1_pwm200_grab1
8641,1488,552,12204,CD,1,D1_pwm200_grab1
8646,-368,-2036,8000,CD,1,D1_pwm200_grab1
8651,1192,672,7700,CD,1,D1_pwm200_grab1
8656,3268,3044,9372,CD,1,D1_pwm200_grab1
8668,2296,3692,13656,CD,1,D1_pwm200_grab1
8672,1644,-384,6616,CD,1,D1_pwm200_grab1
8677,4292,2332,6052,CD,1,D1_pwm200_grab1
8682,-3848,-1584,7200,CD,1,D1_pwm200_grab1
8687,2156,-756,8688,CD,1,D1_pwm200_grab1
8697,632,-5268,3644,CD,1,D1_pwm200_grab1
8702,904,-1972,9340,CD,1,D1_pwm200_grab1
8707,1080,-3524,11212,CD,1,D1_pwm200_grab1
8713,-7492,-3412,8060,CD,1,D1_pwm200_grab1
8717,1912,-1096,4716,CD,1,D1_pwm200_grab1
8723,1064,2296,10508,CD,1,D1_pwm200_grab1
8727,6172,-4120,15512,CD,1,D1_pwm200_grab1
8732,2672,-544,10972,CD,1,D1_pwm200_grab1
8737,-4676,-272,11508,CD,1,D1_pwm200_grab1
8742,8140,-776,13872,CD,1,D1_pwm200_grab1
8748,1448,4460,12924,CD,1,D1_pwm200_grab1
8752,-3092,568,8300,CD,1,D1_pwm200_grab1
8758,-3056,-3836,7228,CD,1,D1_pwm200_grab1
8762,3868,5924,11572,CD,1,D1_pwm200_grab1
8767,-908,-608,11104,CD,1,D1_pwm200_grab1
8772,-1448,-4884,12368,CD,1,D1_pwm200_grab1
8783,2616,-4132,8052,CD,1,D1_pwm200_grab1
8787,-3848,1360,14964,CD,1,D1_pwm200_grab1
8797,692,-9624,3072,CD,1,D1_pwm200_grab1
8803,1304,-2004,9576,CD,1,D1_pwm200_grab1
8807,-5044,2436,2296,CD,1,D1_pwm200_grab1
8812,1868,3600,12724,CD,1,D1_pwm200_grab1
8817,-1852,1324,12952,CD,1,D1_pwm200_grab1
8823,-1296,-1204,11220,CD,1,D1_pwm200_grab1
8828,8276,5688,8368,CD,1,D1_pwm200_grab1
8833,652,2628,14344,CD,1,D1_pwm200_grab1
8837,4984,1024,12032,CD,1,D1_pwm200_grab1
8842,7568,-136,14664,CD,1,D1_pwm200_grab1
8848,-2128,2120,9236,CD,1,D1_pwm200_grab1
8853,-620,-1308,10248,CD,1,D1_pwm200_grab1
8857,1928,3392,11268,CD,1,D1_pwm200_grab1
8863,-1588,-5320,7696,CD,1,D1_pwm200_grab1
8868,3672,-1916,8936,CD,1,D1_pwm200_grab1
8873,1012,-156,8804,CD,1,D1_pwm200_grab1
8878,-9156,-3876,6824,CD,1,D1_pwm200_grab1
8882,4616,-840,8984,CD,1,D1_pwm200_grab1
8887,1580,3324,14948,CD,1,D1_pwm200_grab1
8892,1524,-5348,13132,CD,1,D1_pwm200_grab1
8897,3320,252,11776,CD,1,D1_pwm200_grab1
8902,-3012,756,9296,CD,1,D1_pwm200_grab1
8907,4952,1908,12936,CD,1,D1_pwm200_grab1
8912,1840,5540,11916,CD,1,D1_pwm200_grab1
8918,-1404,-1152,8428,CD,1,D1_pwm200_grab1
8923,188,-1584,11892,CD,1,D1_pwm200_grab1
8929,-2008,-908,12672,CD,1,D1_pwm200_grab1
8933,1640,-2932,8772,CD,1,D1_pwm200_grab1
8939,2376,-28,9892,CD,1,D1_pwm200_grab1
8944,-3948,-2744,9504,CD,1,D1_pwm200_grab1
8948,1768,-140,7048,CD,1,D1_pwm200_grab1
8953,3164,2900,9172,CD,1,D1_pwm200_grab1
8964,884,-4988,6104,CD,1,D1_pwm200_grab1
8969,-128,108,10036,CD,1,D1_pwm200_grab1
8973,5056,4212,16780,CD,1,D1_pwm200_grab1
8978,1340,6244,12204,CD,1,D1_pwm200_grab1
8984,-3504,-424,9000,CD,1,D1_pwm200_grab1
8989,-200,-2760,9724,CD,1,D1_pwm200_grab1
8994,-2548,3040,13160,CD,1,D1_pwm200_grab1
8998,-148,-2288,11312,CD,1,D1_pwm200_grab1
9003,-2664,-4308,5988,CD,1,D1_pwm200_grab1
9013,-420,-2392,10216,CD,1,D1_pwm200_grab1
9018,-2872,-616,9812,CD,1,D1_pwm200_grab1
9024,-4496,580,18064,CD,1,D1_pwm200_grab1
9033,2792,-1172,10544,CD,1,D1_pwm200_grab1
9044,3404,4004,12628,CD,1,D1_pwm200_grab1
9049,344,1292,10248,CD,1,D1_pwm200_grab1
9053,-368,864,8292,CD,1,D1_pwm200_grab1
9063,-2016,2824,15076,CD,1,D1_pwm200_grab1
9069,-820,-1208,5360,CD,1,D1_pwm200_grab1
9074,1156,1436,6340,CD,1,D1_pwm200_grab1
9079,-2796,-2024,10720,CD,1,D1_pwm200_grab1
9083,496,-288,9992,CD,1,D1_pwm200_grab1
9089,-880,-1816,13520,CD,1,D1_pwm200_grab1
9093,-1504,348,17792,CD,1,D1_pwm200_grab1
9098,1912,-1972,10680,CD,1,D1_pwm200_grab1
9103,1976,-1556,13044,CD,1,D1_pwm200_grab1
9108,-3200,-2436,10916,CD,1,D1_pwm200_grab1
9113,2852,-212,9044,CD,1,D1_pwm200_grab1
9119,3788,3576,11332,CD,1,D1_pwm200_grab1
9124,8748,-2364,14340,CD,1,D1_pwm200_grab1
9128,576,3100,13104,CD,1,D1_pwm200_grab1
9134,4248,1224,9944,CD,1,D1_pwm200_grab1
9143,2788,5964,13668,CD,1,D1_pwm200_grab1
9148,-2020,-364,10124,CD,1,D1_pwm200_grab1
9153,-528,-1644,10560,CD,1,D1_pwm200_grab1
9158,468,4896,15052,CD,1,D1_pwm200_grab1
9164,1832,-44,10636,CD,1,D1_pwm200_grab1
9169,3376,-2416,12596,CD,1,D1_pwm200_grab1
9179,3512,-1736,6596,CD,1,D1_pwm200_grab1
9185,-28,2236,15608,CD,1,D1_pwm200_grab1
9189,880,-5400,9884,CD,1,D1_pwm200_grab1
9194,432,-3364,10380,CD,1,D1_pwm200_grab1
9199,-2372,-548,8576,CD,1,D1_pwm200_grab1
9205,1852,1052,7120,CD,1,D1_pwm200_grab1
9209,924,4616,9900,CD,1,D1_pwm200_grab1
9218,924,4616,9900,CD,1,D1_pwm200_grab1
9220,1136,-892,9528,CD,1,D1_pwm200_grab1
9224,6696,6928,5572,CD,1,D1_pwm200_grab1
9229,-1436,1300,13108,CD,1,D1_pwm200_grab1
9235,-372,-3520,10600,CD,1,D1_pwm200_grab1
9244,1848,-4168,8668,CD,1,D1_pwm200_grab1
9250,-4872,860,10072,CD,1,D1_pwm200_grab1
9254,-3784,-1552,9156,CD,1,D1_pwm200_grab1
9259,-2464,-4340,5112,CD,1,D1_pwm200_grab1
9265,1048,-2788,9516,CD,1,D1_pwm200_grab1
9274,240,2052,9936,CD,1,D1_pwm200_grab1
9279,-2224,1020,12112,CD,1,D1_pwm200_grab1
9284,344,1156,9236,CD,1,D1_pwm200_grab1
9294,-664,3272,15556,CD,1,D1_pwm200_grab1
9299,-2812,-3600,5424,CD,1,D1_pwm200_grab1
9304,4288,1128,13852,CD,1,D1_pwm200_grab1
9309,-432,4892,10880,CD,1,D1_pwm200_grab1
9314,-4528,-1736,8868,CD,1,D1_pwm200_grab1
9320,-1848,-2788,9860,CD,1,D1_pwm200_grab1
9324,-4404,-3292,14072,CD,1,D1_pwm200_grab1
9329,664,-3028,11028,CD,1,D1_pwm200_grab1
9335,-600,-1032,10356,CD,1,D1_pwm200_grab1
9339,-4348,-1696,9208,CD,1,D1_pwm200_grab1
9345,2520,-2580,9888,CD,1,D1_pwm200_grab1
9349,-5836,500,11772,CD,1,D1_pwm200_grab1
9354,-5468,-880,3420,CD,1,D1_pwm200_grab1
9359,-1548,-6620,7308,CD,1,D1_pwm200_grab1
9365,2948,1144,10224,CD,1,D1_pwm200_grab1
9374,2472,6720,13556,CD,1,D1_pwm200_grab1
9379,-2772,-344,12024,CD,1,D1_pwm200_grab1
9384,-436,-1832,9904,CD,1,D1_pwm200_grab1
9394,636,3704,13012,CD,1,D1_pwm200_grab1
9400,-676,-2740,7224,CD,1,D1_pwm200_grab1
9410,724,-1944,12908,CD,1,D1_pwm200_grab1
9415,612,688,9864,CD,1,D1_pwm200_grab1
9419,-5016,1688,17304,CD,1,D1_pwm200_grab1
9424,1292,-7212,4088,CD,1,D1_pwm200_grab1
9431,5496,-16,10072,CD,1,D1_pwm200_grab1
9436,7620,-696,11876,CD,1,D1_pwm200_grab1
9440,4912,3460,13268,CD,1,D1_pwm200_grab1
9445,-1452,652,9832,CD,1,D1_pwm200_grab1
9451,1640,8,11020,CD,1,D1_pwm200_grab1
9456,5716,5600,8856,CD,1,D1_pwm200_grab1
9461,1868,3628,12160,CD,1,D1_pwm200_grab1
9465,20,-3948,11952,CD,1,D1_pwm200_grab1
9470,-10380,-4484,13620,CD,1,D1_pwm200_grab1
9475,-2532,-1468,8208,CD,1,D1_pwm200_grab1
9480,1232,-764,8400,CD,1,D1_pwm200_grab1
9490,-1168,-5616,5852,CD,1,D1_pwm200_grab1
9495,3688,-3076,6760,CD,1,D1_pwm200_grab1
9501,1032,740,4948,CD,1,D1_pwm200_grab1
9505,1784,2480,10680,CD,1,D1_pwm200_grab1
9510,-684,1076,9012,CD,1,D1_pwm200_grab1
9516,2244,3316,10700,CD,1,D1_pwm200_grab1
9520,4948,-3760,12884,CD,1,D1_pwm200_grab1
9525,452,132,12748,CD,1,D1_pwm200_grab1
9530,-3460,396,10788,CD,1,D1_pwm200_grab1
9535,7172,-304,14520,CD,1,D1_pwm200_grab1
9540,-1140,2516,9292,CD,1,D1_pwm200_grab1
9546,-2292,-1504,8232,CD,1,D1_pwm200_grab1
9550,-684,-2956,5580,CD,1,D1_pwm200_grab1
9555,-4380,-4548,11280,CD,1,D1_pwm200_grab1
9560,-1004,392,12904,CD,1,D1_pwm200_grab1
9566,-616,-2980,12832,CD,1,D1_pwm200_grab1
9575,2764,-2476,9500,CD,1,D1_pwm200_grab1
9581,-3020,932,14116,CD,1,D1_pwm200_grab1
9586,-5032,-3832,6708,CD,1,D1_pwm200_grab1
9591,292,-6776,9200,CD,1,D1_pwm200_grab1
9596,-1612,676,10860,CD,1,D1_pwm200_grab1
9601,-4252,2704,1476,CD,1,D1_pwm200_grab1
9606,4988,3880,13492,CD,1,D1_pwm200_grab1
9610,-2164,1200,13048,CD,1,D1_pwm200_grab1
9615,708,-308,10996,CD,1,D1_pwm200_grab1
9620,9032,5848,6112,CD,1,D1_pwm200_grab1
9626,1280,3424,12660,CD,1,D1_pwm200_grab1
9630,-1420,-2908,10108,CD,1,D1_pwm200_grab1
9640,2708,-2124,12204,CD,1,D1_pwm200_grab1
9646,1552,-732,10800,CD,1,D1_pwm200_grab1
9650,3840,1588,8108,CD,1,D1_pwm200_grab1
9656,-976,-4700,7060,CD,1,D1_pwm200_grab1
9661,4896,-2668,9140,CD,1,D1_pwm200_grab1
9665,1984,1808,6072,CD,1,D1_pwm200_grab1
9671,1748,908,10716,CD,1,D1_pwm200_grab1
9676,1468,1012,11284,CD,1,D1_pwm200_grab1
9680,1352,2536,9696,CD,1,D1_pwm200_grab1
9691,2028,4352,14164,CD,1,D1_pwm200_grab1
9696,-1188,-2376,5012,CD,1,D1_pwm200_grab1
9701,-3584,-2832,8284,CD,1,D1_pwm200_grab1
9707,340,-2360,9996,CD,1,D1_pwm200_grab1
9711,2848,-236,9688,CD,1,D1_pwm200_grab1
9721,1788,-7488,1932,CD,1,D1_pwm200_grab1
9728,2928,-1508,9588,CD,1,D1_pwm200_grab1
9732,1284,-576,10284,CD,1,D1_pwm200_grab1
9736,-1320,-2048,7880,CD,1,D1_pwm200_grab1
9741,2468,424,5576,CD,1,D1_pwm200_grab1
9747,2016,2528,6304,CD,1,D1_pwm200_grab1
9756,-364,1868,12764,CD,1,D1_pwm200_grab1
9761,2936,448,10608,CD,1,D1_pwm200_grab1
9766,3480,1388,6016,CD,1,D1_pwm200_grab1
9771,2804,5888,11580,CD,1,D1_pwm200_grab1
9776,-3860,-820,7352,CD,1,D1_pwm200_grab1
9781,-484,-2700,7720,CD,1,D1_pwm200_grab1
9786,-2456,952,17472,CD,1,D1_pwm200_grab1
9792,756,-2112,9116,CD,1,D1_pwm200_grab1
9796,904,-3484,10620,CD,1,D1_pwm200_grab1
9807,2704,-216,6256,CD,1,D1_pwm200_grab1
9811,-544,1468,12604,CD,1,D1_pwm200_grab1
9816,-4524,-472,16240,CD,1,D1_pwm200_grab1
9826,2972,1164,11020,CD,1,D1_pwm200_grab1
9832,8900,-912,14552,CD,1,D1_pwm200_grab1
9836,2572,5620,14620,CD,1,D1_pwm200_grab1
9841,-3400,352,11172,CD,1,D1_pwm200_grab1
9847,-2108,-2672,12124,CD,1,D1_pwm200_grab1
9852,4768,4668,11804,CD,1,D1_pwm200_grab1
9857,896,3536,14736,CD,1,D1_pwm200_grab1
9862,-1192,-1372,5664,CD,1,D1_pwm200_grab1
9866,1124,2372,7344,CD,1,D1_pwm200_grab1
9872,-1704,-1496,11352,CD,1,D1_pwm200_grab1
9876,1444,-744,10668,CD,1,D1_pwm200_grab1
9887,1268,-7516,3392,CD,1,D1_pwm200_grab1
9891,3640,-1600,9776,CD,1,D1_pwm200_grab1
9896,-2552,3064,3972,CD,1,D1_pwm200_grab1
9902,-5116,-2080,9272,CD,1,D1_pwm200_grab1
9907,4088,-236,8704,CD,1,D1_pwm200_grab1
9911,2620,3360,10744,CD,1,D1_pwm200_grab1
9921,2704,1988,12280,CD,1,D1_pwm200_grab1
9926,-2488,1504,12380,CD,1,D1_pwm200_grab1
9932,8044,-1244,14684,CD,1,D1_pwm200_grab1
9936,-220,3312,10724,CD,1,D1_pwm200_grab1
9943,-1796,-1144,8772,CD,1,D1_pwm200_grab1
9947,2504,-1088,8784,CD,1,D1_pwm200_grab1
9952,-1660,-2456,10028,CD,1,D1_pwm200_grab1
9958,2572,-3476,7740,CD,1,D1_pwm200_grab1
9962,1952,-532,9820,CD,1,D1_pwm200_grab1
9967,-636,-836,9192,CD,1,D1_pwm200_grab1
9972,1952,484,8868,CD,1,D1_pwm200_grab1
9978,1452,2612,7376,CD,1,D1_pwm200_grab1
9987,2560,-4948,7092,CD,1,D1_pwm200_grab1
9993,-1036,404,10404,CD,1,D1_pwm200_grab1
9997,2176,3036,10400,CD,1,D1_pwm200_grab1
10002,1524,5844,11348,CD,1,D1_pwm200_grab1
10007,-2376,-360,8800,CD,1,D1_pwm200_grab1
10012,1016,-2836,9768,CD,1,D1_pwm200_grab1
10018,-844,3820,14564,CD,1,D1_pwm200_grab1
10022,-256,-2280,11100,CD,1,D1_pwm200_grab1
10027,-1288,-3188,6888,CD,1,D1_pwm200_grab1
10037,652,-2436,9272,CD,1,D1_pwm200_grab1
10043,-2904,228,7968,CD,1,D1_pwm200_grab1
10048,-3500,1616,18456,CD,1,D1_pwm200_grab1
10057,2840,-1304,10004,CD,1,D1_pwm200_grab1
10067,2860,3184,11508,CD,1,D1_pwm200_grab1
10072,28,1056,9388,CD,1,D1_pwm200_grab1
10078,356,1552,6708,CD,1,D1_pwm200_grab1
10087,-2128,1524,12868,CD,1,D1_pwm200_grab1
10092,-1116,-1280,5800,CD,1,D1_pwm200_grab1
10097,1376,1088,6032,CD,1,D1_pwm200_grab1
10103,-2304,-1484,10524,CD,1,D1_pwm200_grab1
10108,408,-1704,10172,CD,1,D1_pwm200_grab1
10113,-1792,-3740,13380,CD,1,D1_pwm200_grab1
10118,-2388,912,17612,CD,1,D1_pwm200_grab1
10123,792,-1244,12348,CD,1,D1_pwm200_grab1
10127,1492,-2052,11912,CD,1,D1_pwm200_grab1
10132,-5128,-1888,11464,CD,1,D1_pwm200_grab1
10138,2748,-368,7064,CD,1,D1_pwm200_grab1
10142,2972,3736,13544,CD,1,D1_pwm200_grab1
10147,5708,-4944,16016,CD,1,D1_pwm200_grab1
10153,1716,1452,13012,CD,1,D1_pwm200_grab1
10158,4316,1316,10268,CD,1,D1_pwm200_grab1
10167,3180,4740,14332,CD,1,D1_pwm200_grab1
10172,-2524,468,10720,CD,1,D1_pwm200_grab1
10177,256,-1940,12072,CD,1,D1_pwm200_grab1
10182,3412,5612,15052,CD,1,D1_pwm200_grab1
10188,304,2056,13272,CD,1,D1_pwm200_grab1
10192,3148,-2672,13852,CD,1,D1_pwm200_grab1
10203,4480,-2560,8660,CD,1,D1_pwm200_grab1
10208,-2676,2136,14484,CD,1,D1_pwm200_grab1
10214,-3396,-1048,4108,CD,1,D1_pwm200_grab1
10219,532,-5316,7240,CD,1,D1_pwm200_grab1
10224,1392,736,9352,CD,1,D1_pwm200_grab1
10229,2960,4368,13264,CD,1,D1_pwm200_grab1
10233,2820,5600,11164,CD,1,D1_pwm200_grab1
10238,-960,-560,9732,CD,1,D1_pwm200_grab1
10243,756,272,10252,CD,1,D1_pwm200_grab1
10254,-2100,3516,13348,CD,1,D1_pwm200_grab1
10259,688,-3204,6908,CD,1,D1_pwm200_grab1
10268,1244,-1568,10620,CD,1,D1_pwm200_grab1
10273,-1456,192,8788,CD,1,D1_pwm200_grab1
10279,-3820,1552,17104,CD,1,D1_pwm200_grab1
10283,-4904,-5556,5740,CD,1,D1_pwm200_grab1
10288,1492,-4260,8440,CD,1,D1_pwm200_grab1
10294,-624,-960,6372,CD,1,D1_pwm200_grab1
10298,-2376,-1132,8604,CD,1,D1_pwm200_grab1
10303,-2360,188,9164,CD,1,D1_pwm200_grab1
10308,1436,3096,7448,CD,1,D1_pwm200_grab1
10318,-1532,2424,15256,CD,1,D1_pwm200_grab1
10323,-2672,-1188,5220,CD,1,D1_pwm200_grab1
10328,740,1100,7376,CD,1,D1_pwm200_grab1
10333,24,6200,10856,CD,1,D1_pwm200_grab1
10339,-4884,-1860,7816,CD,1,D1_pwm200_grab1
10344,-928,-4096,10608,CD,1,D1_pwm200_grab1
10349,-4196,424,14804,CD,1,D1_pwm200_grab1
10354,2168,-2240,12008,CD,1,D1_pwm200_grab1
10358,-144,-3516,10004,CD,1,D1_pwm200_grab1
10364,-6420,-1444,9652,CD,1,D1_pwm200_grab1
10369,1056,-2272,11616,CD,1,D1_pwm200_grab1
10374,-3244,356,11888,CD,1,D1_pwm200_grab1
10379,-2928,-400,17744,CD,1,D1_pwm200_grab1
10384,68,-6044,7292,CD,1,D1_pwm200_grab1
10388,6076,-368,10432,CD,1,D1_pwm200_grab1
10398,3372,4328,13196,CD,1,D1_pwm200_grab1
10403,-1432,824,11852,CD,1,D1_pwm200_grab1
10409,-156,-2300,10044,CD,1,D1_pwm200_grab1
10418,-92,4404,15320,CD,1,D1_pwm200_grab1
10424,144,-1984,5204,CD,1,D1_pwm200_grab1
10429,1716,1352,6904,CD,1,D1_pwm200_grab1
10433,-656,-2856,10464,CD,1,D1_pwm200_grab1
10438,3500,-700,10580,CD,1,D1_pwm200_grab1
10448,-696,-5188,5408,CD,1,D1_pwm200_grab1
10454,5436,-1260,8356,CD,1,D1_pwm200_grab1
10459,2124,3164,5828,CD,1,D1_pwm200_grab1
10465,4344,3236,11400,CD,1,D1_pwm200_grab1
10470,772,1116,13452,CD,1,D1_pwm200_grab1
10475,1964,1540,10868,CD,1,D1_pwm200_grab1
10485,1068,5016,11732,CD,1,D1_pwm200_grab1
10490,-712,-2156,6528,CD,1,D1_pwm200_grab1
10500,76,2724,8820,CD,1,D1_pwm200_grab1
10504,-1020,-1524,7672,CD,1,D1_pwm200_grab1
10510,3828,-808,4368,CD,1,D1_pwm200_grab1
10514,-3748,-4212,9392,CD,1,D1_pwm200_grab1
10519,4256,-3280,6460,CD,1,D1_pwm200_grab1
10525,-1068,-1500,7172,CD,1,D1_pwm200_grab1
10529,-816,-1868,8080,CD,1,D1_pwm200_grab1
10535,-240,700,6812,CD,1,D1_pwm200_grab1
10540,-2868,2104,13528,CD,1,D1_pwm200_grab1
10545,-4880,-4924,4344,CD,1,D1_pwm200_grab1
10549,-628,-6184,8976,CD,1,D1_pwm200_grab1
10554,2728,536,8400,CD,1,D1_pwm200_grab1
10560,-200,3308,9676,CD,1,D1_pwm200_grab1
10565,556,6596,11920,CD,1,D1_pwm200_grab1
10569,-4000,-676,7000,CD,1,D1_pwm200_grab1
10574,-2084,-4828,11164,CD,1,D1_pwm200_grab1
10579,-2276,2032,16808,CD,1,D1_pwm200_grab1
10584,-2084,3920,14588,CD,1,D1_pwm200_grab1
10589,-3324,-3124,7916,CD,1,D1_pwm200_grab1
10600,-832,-2240,11304,CD,1,D1_pwm200_grab1
10604,896,-300,9416,CD,1,D1_pwm200_grab1
10619,3408,-216,10404,CD,1,D1_pwm200_grab1
10624,-1492,-1328,8864,CD,1,D1_pwm200_grab1
10630,-580,8,9712,CD,1,D1_pwm200_grab1
10635,-1008,128,8584,CD,1,D1_pwm200_grab1
10639,1156,2224,8124,CD,1,D1_pwm200_grab1
10649,-20,3076,14844,CD,1,D1_pwm200_grab1
10655,1204,412,9728,CD,1,D1_pwm200_grab1
10659,2100,2268,7696,CD,1,D1_pwm200_grab1
10664,-3456,1604,9712,CD,1,D1_pwm200_grab1
10669,-2244,-404,10180,CD,1,D1_pwm200_grab1
10675,-444,-3296,9684,CD,1,D1_pwm200_grab1
10685,2408,-656,12108,CD,1,D1_pwm200_grab1
10690,2540,-2088,12212,CD,1,D1_pwm200_grab1
10699,6164,-24,8328,CD,1,D1_pwm200_grab1
10705,360,2832,14800,CD,1,D1_pwm200_grab1
10710,5304,-3300,16988,CD,1,D1_pwm200_grab1
10716,3204,-1976,11188,CD,1,D1_pwm200_grab1
10721,-3800,1780,12292,CD,1,D1_pwm200_grab1
10726,3032,-672,10656,CD,1,D1_pwm200_grab1
10731,868,4328,9960,CD,1,D1_pwm200_grab1
10736,-2652,-1108,8776,CD,1,D1_pwm200_grab1
10741,496,-1736,8788,CD,1,D1_pwm200_grab1
10745,-460,1136,16064,CD,1,D1_pwm200_grab1
10750,1944,-3716,8536,CD,1,D1_pwm200_grab1
10755,428,-2648,11956,CD,1,D1_pwm200_grab1
10765,4792,-3776,10284,CD,1,D1_pwm200_grab1
10770,-4300,1284,8896,CD,1,D1_pwm200_grab1
10775,-2744,352,12700,CD,1,D1_pwm200_grab1
10780,1948,-5984,4760,CD,1,D1_pwm200_grab1
10785,3448,1128,9280,CD,1,D1_pwm200_grab1
10796,2876,-180,9148,CD,1,D1_pwm200_grab1
10800,-1632,1088,9696,CD,1,D1_pwm200_grab1
10806,2120,2548,7788,CD,1,D1_pwm200_grab1
10816,296,4052,12140,CD,1,D1_pwm200_grab1
10820,-2860,-4008,3572,CD,1,D1_pwm200_grab1
10825,-1988,-2016,6296,CD,1,D1_pwm200_grab1
10831,-1824,-2692,9768,CD,1,D1_pwm200_grab1
10836,2296,-752,8404,CD,1,D1_pwm200_grab1
10841,-3060,-3660,7336,CD,1,D1_pwm200_grab1
10845,-3016,-1076,15928,CD,1,D1_pwm200_grab1
10851,-192,-3764,9680,CD,1,D1_pwm200_grab1
10855,128,-1272,10172,CD,1,D1_pwm200_grab1
10860,-5124,-1236,10580,CD,1,D1_pwm200_grab1
10865,2560,-272,5508,CD,1,D1_pwm200_grab1
10871,508,2072,11256,CD,1,D1_pwm200_grab1
10876,8540,-3204,14148,CD,1,D1_pwm200_grab1
10880,356,-7192,7204,CD,1,D1_pwm200_grab1
10885,1756,840,9724,CD,1,D1_pwm200_grab1
10895,1052,5652,13832,CD,1,D1_pwm200_grab1
10901,-3724,36,10540,CD,1,D1_pwm200_grab1
10906,-3876,-3744,10140,CD,1,D1_pwm200_grab1
10910,1240,3576,16888,CD,1,D1_pwm200_grab1
10916,-1280,1164,14120,CD,1,D1_pwm200_grab1
10920,2284,-2212,15000,CD,1,D1_pwm200_grab1
10925,-5444,-2156,9472,CD,1,D1_pwm200_grab1
10930,2176,-1788,13640,CD,1,D1_pwm200_grab1
10935,2876,-860,10792,CD,1,D1_pwm200_grab1
10940,-7884,920,15672,CD,1,D1_pwm200_grab1
10945,1176,-8280,4344,CD,1,D1_pwm200_grab1
10951,5440,-1548,8620,CD,1,D1_pwm200_grab1
10956,-2736,3344,4856,CD,1,D1_pwm200_grab1
10960,5732,3420,13732,CD,1,D1_pwm200_grab1
10967,-2196,1292,13204,CD,1,D1_pwm200_grab1
10971,1992,-128,11396,CD,1,D1_pwm200_grab1
10982,-1156,3412,12676,CD,1,D1_pwm200_grab1
10986,728,-2516,10160,CD,1,D1_pwm200_grab1
10996,2616,-1880,12292,CD,1,D1_pwm200_grab1
11001,-2628,996,8356,CD,1,D1_pwm200_grab1
11006,-1648,2220,18172,CD,1,D1_pwm200_grab1
11012,-2396,-4316,4852,CD,1,D1_pwm200_grab1
11017,3348,-3816,7204,CD,1,D1_pwm200_grab1
11021,1568,52,6068,CD,1,D1_pwm200_grab1
11027,344,-932,10080,CD,1,D1_pwm200_grab1
11031,-628,824,10080,CD,1,D1_pwm200_grab1
11036,1580,2712,7660,CD,1,D1_pwm200_grab1
11046,-1356,3940,15000,CD,1,D1_pwm200_grab1
11052,-4692,-384,10928,CD,1,D1_pwm200_grab1
11057,2944,-188,7108,CD,1,D1_pwm200_grab1
11061,264,4904,9776,CD,1,D1_pwm200_grab1
11066,-1896,-1328,7176,CD,1,D1_pwm200_grab1
11071,-1132,-3164,8764,CD,1,D1_pwm200_grab1
11076,-3304,748,13332,CD,1,D1_pwm200_grab1
11081,-84,-3872,10812,CD,1,D1_pwm200_grab1
11086,1288,-1708,9652,CD,1,D1_pwm200_grab1
11091,-5064,-1828,9912,CD,1,D1_pwm200_grab1
11096,2076,-3568,7984,CD,1,D1_pwm200_grab1
11101,-6192,-348,10296,CD,1,D1_pwm200_grab1
11107,-3112,-1612,13044,CD,1,D1_pwm200_grab1
11116,2488,-80,10408,CD,1,D1_pwm200_grab1
11127,292,4536,11660,CD,1,D1_pwm200_grab1
11132,-3824,48,10680,CD,1,D1_pwm200_grab1
11137,-1652,424,10316,CD,1,D1_pwm200_grab1
11146,-2700,4888,15648,CD,1,D1_pwm200_grab1
11152,-1732,-1780,5540,CD,1,D1_pwm200_grab1
11156,-3368,-1552,7968,CD,1,D1_pwm200_grab1
11162,-3532,-2000,10012,CD,1,D1_pwm200_grab1
11167,2504,-1380,12368,CD,1,D1_pwm200_grab1
11181,-108,-2400,11908,CD,1,D1_pwm200_grab1
11186,1792,396,12660,CD,1,D1_pwm200_grab1
11191,-6696,-1424,11236,CD,1,D1_pwm200_grab1
11196,2228,-212,8436,CD,1,D1_pwm200_grab1
11201,1724,3072,14544,CD,1,D1_pwm200_grab1
11211,848,1584,13108,CD,1,D1_pwm200_grab1
11217,1012,1888,12820,CD,1,D1_pwm200_grab1
11223,9176,1228,15280,CD,1,D1_pwm200_grab1
11228,-1452,2280,8540,CD,1,D1_pwm200_grab1
11233,-1148,-1528,9616,CD,1,D1_pwm200_grab1
11238,6148,1820,7312,CD,1,D1_pwm200_grab1
11242,-3212,-2292,11740,CD,1,D1_pwm200_grab1
11247,4744,-2692,7492,CD,1,D1_pwm200_grab1
11252,1060,612,10948,CD,1,D1_pwm200_grab1
11258,676,-972,8732,CD,1,D1_pwm200_grab1
11264,316,680,9496,CD,1,D1_pwm200_grab1
11268,-1244,2368,14008,CD,1,D1_pwm200_grab1
11273,-4572,-608,2800,CD,1,D1_pwm200_grab1
11277,312,-4308,9396,CD,1,D1_pwm200_grab1
11283,1864,1768,10668,CD,1,D1_pwm200_grab1
11287,608,1636,7808,CD,1,D1_pwm200_grab1
11292,3944,6272,12476,CD,1,D1_pwm200_grab1
11298,-1924,-448,7036,CD,1,D1_pwm200_grab1
11302,1580,-1780,9360,CD,1,D1_pwm200_grab1
11313,-1732,4384,13240,CD,1,D1_pwm200_grab1
11318,-804,-3212,8480,CD,1,D1_pwm200_grab1
11328,880,-2692,9528,CD,1,D1_pwm200_grab1
11332,540,988,8540,CD,1,D1_pwm200_grab1
11337,-4412,-716,15500,CD,1,D1_pwm200_grab1
11347,2792,-968,8596,CD,1,D1_pwm200_grab1
11352,144,-356,8960,CD,1,D1_pwm200_grab1
11357,-1156,-356,8788,CD,1,D1_pwm200_grab1
11363,-752,-108,8740,CD,1,D1_pwm200_grab1
11367,708,2136,8276,CD,1,D1_pwm200_grab1
11378,-1456,3616,15828,CD,1,D1_pwm200_grab1
11382,340,-424,8156,CD,1,D1_pwm200_grab1
11387,36,2344,5960,CD,1,D1_pwm200_grab1
11393,1708,6916,12136,CD,1,D1_pwm200_grab1
11397,-3228,-1056,9972,CD,1,D1_pwm200_grab1
11403,-156,-4060,9212,CD,1,D1_pwm200_grab1
11407,-2300,920,16936,CD,1,D1_pwm200_grab1
11412,180,-1460,12344,CD,1,D1_pwm200_grab1
11417,780,-2416,10672,CD,1,D1_pwm200_grab1
11427,4032,-628,8392,CD,1,D1_pwm200_grab1
11432,-564,2588,14384,CD,1,D1_pwm200_grab1
11437,-2064,-96,18444,CD,1,D1_pwm200_grab1
11447,5684,356,10748,CD,1,D1_pwm200_grab1
11452,-1148,-800,4928,CD,1,D1_pwm200_grab1
11458,2396,3120,12820,CD,1,D1_pwm200_grab1
11463,-1840,1484,13000,CD,1,D1_pwm200_grab1
11467,1000,-1392,10288,CD,1,D1_pwm200_grab1
11478,828,3416,13780,CD,1,D1_pwm200_grab1
11484,-308,-3408,11660,CD,1,D1_pwm200_grab1
11493,5120,-3160,12020,CD,1,D1_pwm200_grab1
11498,-3908,1104,9912,CD,1,D1_pwm200_grab1
11503,-1840,-1284,18064,CD,1,D1_pwm200_grab1
11508,2392,-5292,6216,CD,1,D1_pwm200_grab1
11514,4204,1436,10208,CD,1,D1_pwm200_grab1
11523,1676,-516,9544,CD,1,D1_pwm200_grab1
11528,-844,1100,10308,CD,1,D1_pwm200_grab1
11534,1808,2956,8968,CD,1,D1_pwm200_grab1
11544,1292,5456,13792,CD,1,D1_pwm200_grab1
11549,-1400,-2500,3816,CD,1,D1_pwm200_grab1
11554,1756,2008,5188,CD,1,D1_pwm200_grab1
11559,-1376,-2336,8976,CD,1,D1_pwm200_grab1
11563,-1584,-1204,7488,CD,1,D1_pwm200_grab1
11569,684,-2648,8112,CD,1,D1_pwm200_grab1
11574,-1232,1640,15428,CD,1,D1_pwm200_grab1
11578,1636,-4012,7908,CD,1,D1_pwm200_grab1
11584,1764,-2824,10576,CD,1,D1_pwm200_grab1
11588,-8260,-2540,7584,CD,1,D1_pwm200_grab1
11593,2996,-996,3588,CD,1,D1_pwm200_grab1
11599,412,2080,11032,CD,1,D1_pwm200_grab1
11603,3552,-4888,14116,CD,1,D1_pwm200_grab1
11608,276,-8948,6016,CD,1,D1_pwm200_grab1
11614,3100,-1224,8440,CD,1,D1_pwm200_grab1
11618,6900,-2120,12928,CD,1,D1_pwm200_grab1
11624,2660,2632,11568,CD,1,D1_pwm200_grab1
11628,-4032,584,9780,CD,1,D1_pwm200_grab1
11633,-596,-2104,8616,CD,1,D1_pwm200_grab1
11639,6052,4628,12096,CD,1,D1_pwm200_grab1
11643,-3196,2700,13224,CD,1,D1_pwm200_grab1
11649,180,-1120,7916,CD,1,D1_pwm200_grab1
11654,4384,292,9304,CD,1,D1_pwm200_grab1
11659,-2732,1136,11256,CD,1,D1_pwm200_grab1
11663,8,-2084,9344,CD,1,D1_pwm200_grab1
11669,-1868,2664,11096,CD,1,D1_pwm200_grab1
11673,-2660,-4852,9416,CD,1,D1_pwm200_grab1
11679,4252,-2164,8988,CD,1,D1_pwm200_grab1
11683,312,1084,9792,CD,1,D1_pwm200_grab1
11689,1844,-464,12008,CD,1,D1_pwm200_grab1
11693,4580,-2084,9044,CD,1,D1_pwm200_grab1
11699,-632,2720,15964,CD,1,D1_pwm200_grab1
11703,-2624,-3844,8580,CD,1,D1_pwm200_grab1
11708,732,-7016,8652,CD,1,D1_pwm200_grab1
11714,-916,1408,11252,CD,1,D1_pwm200_grab1
11718,1724,-168,7332,CD,1,D1_pwm200_grab1
11724,3700,7288,14332,CD,1,D1_pwm200_grab1
11728,-1776,-900,9684,CD,1,D1_pwm200_grab1
11734,956,-2404,11392,CD,1,D1_pwm200_grab1
11739,372,2980,16188,CD,1,D1_pwm200_grab1
11745,1556,-840,10652,CD,1,D1_pwm200_grab1
11750,3852,-1880,11712,CD,1,D1_pwm200_grab1
11754,-9380,-3128,10104,CD,1,D1_pwm200_grab1
11759,4012,-1304,6732,CD,1,D1_pwm200_grab1
11764,96,3156,16552,CD,1,D1_pwm200_grab1
11769,3604,-4828,12676,CD,1,D1_pwm200_grab1
11776,796,-2972,9744,CD,1,D1_pwm200_grab1
11780,5204,-1416,9248,CD,1,D1_pwm200_grab1
11784,-3772,1628,3016,CD,1,D1_pwm200_grab1
11789,3980,2212,12424,CD,1,D1_pwm200_grab1
11794,-2108,1384,12124,CD,1,D1_pwm200_grab1
11800,1316,-260,9744,CD,1,D1_pwm200_grab1
11804,10236,7076,4096,CD,1,D1_pwm200_grab1
11809,-2816,3300,14444,CD,1,D1_pwm200_grab1
11815,1252,-3504,6796,CD,1,D1_pwm200_grab1
11819,7048,712,13956,CD,1,D1_pwm200_grab1
11824,-992,3000,7588,CD,1,D1_pwm200_grab1
11830,-132,-2268,8124,CD,1,D1_pwm200_grab1
11834,2152,-428,5624,CD,1,D1_pwm200_grab1
11840,-1804,-672,11800,CD,1,D1_pwm200_grab1
11845,2032,-5064,8012,CD,1,D1_pwm200_grab1
11850,2648,1352,10432,CD,1,D1_pwm200_grab1
11855,-3828,-2316,8132,CD,1,D1_pwm200_grab1
11859,1952,-116,7136,CD,1,D1_pwm200_grab1
11864,-5280,1184,8960,CD,1,D1_pwm200_grab1
11870,-3612,-636,9968,CD,1,D1_pwm200_grab1
11874,-484,-7996,5836,CD,1,D1_pwm200_grab1
11880,1364,344,10632,CD,1,D1_pwm200_grab1
11889,-240,4060,11544,CD,1,D1_pwm200_grab1
11895,-3468,-204,9516,CD,1,D1_pwm200_grab1
11899,668,-2980,9428,CD,1,D1_pwm200_grab1
11910,-3740,3708,13100,CD,1,D1_pwm200_grab1
11914,-1536,-2396,4788,CD,1,D1_pwm200_grab1
11919,800,1716,5880,CD,1,D1_pwm200_grab1
11924,-1804,-1696,10500,CD,1,D1_pwm200_grab1
11930,304,-2100,9504,CD,1,D1_pwm200_grab1
11934,-9764,968,9484,CD,1,D1_pwm200_grab1
11940,-2520,-7452,5572,CD,1,D1_pwm200_grab1
11945,6356,-3640,9008,CD,1,D1_pwm200_grab1
11950,2024,-1756,12320,CD,1,D1_pwm200_grab1
11955,-8004,-1792,9992,CD,1,D1_pwm200_grab1
11960,3048,-864,7312,CD,1,D1_pwm200_grab1
11964,1492,3856,17564,CD,1,D1_pwm200_grab1
11970,1020,-6176,10868,CD,1,D1_pwm200_grab1
11975,1516,-940,12344,CD,1,D1_pwm200_grab1
11979,-2660,1744,12404,CD,1,D1_pwm200_grab1
11984,4880,208,8240,CD,1,D1_pwm200_grab1
11990,2732,7636,12724,CD,1,D1_pwm200_grab1
11995,-856,-1456,8720,CD,1,D1_pwm200_grab1
12001,316,-2812,9840,CD,1,D1_pwm200_grab1
12005,-264,2628,16644,CD,1,D1_pwm200_grab1
12010,2932,-2008,11276,CD,1,D1_pwm200_grab1
12015,3036,-876,12244,CD,1,D1_pwm200_grab1
12021,-9464,-2924,8180,CD,1,D1_pwm200_grab1
12025,4780,-508,7588,CD,1,D1_pwm200_grab1
12032,-148,3020,16132,CD,1,D1_pwm200_grab1
12036,-2232,888,18608,CD,1,D1_pwm200_grab1
12040,-112,-8680,3232,CD,1,D1_pwm200_grab1
12045,5524,-108,9340,CD,1,D1_pwm200_grab1
12051,-4520,1868,3008,CD,1,D1_pwm200_grab1
12055,3524,2300,11556,CD,1,D1_pwm200_grab1
12061,-1104,1348,12672,CD,1,D1_pwm200_grab1
12065,2180,408,9140,CD,1,D1_pwm200_grab1
12075,-1908,3340,13224,CD,1,D1_pwm200_grab1
12080,2056,1064,11380,CD,1,D1_pwm200_grab1
12085,5188,-972,10612,CD,1,D1_pwm200_grab1
12090,28,2348,8552,CD,1,D1_pwm200_grab1
12095,-468,-2328,8548,CD,1,D1_pwm200_grab1
12100,1524,-296,6452,CD,1,D1_pwm200_grab1
12105,-3640,-4668,10372,CD,1,D1_pwm200_grab1
12110,4508,-3896,5640,CD,1,D1_pwm200_grab1
12116,-1352,-328,9256,CD,1,D1_pwm200_grab1
12125,2340,-3788,7492,CD,1,D1_pwm200_grab1
12131,-5356,1680,9904,CD,1,D1_pwm200_grab1
12135,-7796,-1880,3432,CD,1,D1_pwm200_grab1
12140,-708,-7736,8036,CD,1,D1_pwm200_grab1
12146,-776,712,10316,CD,1,D1_pwm200_grab1
12155,452,6012,13424,CD,1,D1_pwm200_grab1
12160,-4516,768,10428,CD,1,D1_pwm200_grab1
12166,408,136,9712,CD,1,D1_pwm200_grab1
12176,-1920,5392,15728,CD,1,D1_pwm200_grab1
12181,-1744,-1960,5496,CD,1,D1_pwm200_grab1
12186,-1912,2364,7920,CD,1,D1_pwm200_grab1
12190,-3828,-312,10220,CD,1,D1_pwm200_grab1
12195,2116,-680,10384,CD,1,D1_pwm200_grab1
12201,-3552,1972,9532,CD,1,D1_pwm200_grab1
12211,1908,-1696,11488,CD,1,D1_pwm200_grab1
12215,1968,-1696,11672,CD,1,D1_pwm200_grab1
12221,-9904,-2596,9184,CD,1,D1_pwm200_grab1
12225,4692,-524,9180,CD,1,D1_pwm200_grab1
12231,-1208,2332,16000,CD,1,D1_pwm200_grab1
12235,2364,-4548,13612,CD,1,D1_pwm200_grab1
12241,1504,-4244,9748,CD,1,D1_pwm200_grab1
12246,-2792,2332,11140,CD,1,D1_pwm200_grab1
12252,2068,3324,11284,CD,1,D1_pwm200_grab1
12257,4064,6760,12164,CD,1,D1_pwm200_grab1
12262,-2400,-408,9652,CD,1,D1_pwm200_grab1
12266,2180,-1648,10644,CD,1,D1_pwm200_grab1
12276,1572,-1832,9368,CD,1,D1_pwm200_grab1
12281,3604,-1932,14264,CD,1,D1_pwm200_grab1
12292,3404,-2352,12468,CD,1,D1_pwm200_grab1
12297,2028,804,9212,CD,1,D1_pwm200_grab1
12312,4820,-1164,8548,CD,1,D1_pwm200_grab1
12321,1852,1788,11028,CD,1,D1_pwm200_grab1
12326,-2852,1288,11784,CD,1,D1_pwm200_grab1
12332,3000,4772,11684,CD,1,D1_pwm200_grab1
12336,8340,-1680,12032,CD,1,D1_pwm200_grab1
12342,3160,1632,9756,CD,1,D1_pwm200_grab1
12346,-3408,20,11660,CD,1,D1_pwm200_grab1
12352,5268,-188,9588,CD,1,D1_pwm200_grab1
12356,-400,3900,7988,CD,1,D1_pwm200_grab1
12361,-680,-2152,7276,CD,1,D1_pwm200_grab1
12366,-124,-1464,9272,CD,1,D1_pwm200_grab1
12372,-1564,-376,13032,CD,1,D1_pwm200_grab1
12376,44,4568,11612,CD,1,D1_pwm200_grab1
12382,-960,-4876,9904,CD,1,D1_pwm200_grab1
12387,-11552,-3608,11420,CD,1,D1_pwm200_grab1
12391,2416,-3480,7468,CD,1,D1_pwm200_grab1
12396,-4,1088,7092,CD,1,D1_pwm200_grab1
12412,2608,-852,11284,CD,1,D1_pwm200_grab1
12416,-1272,-240,9428,CD,1,D1_pwm200_grab1
12422,-3748,-900,8980,CD,1,D1_pwm200_grab1
12427,496,276,6272,CD,1,D1_pwm200_grab1
12432,-340,1412,9612,CD,1,D1_pwm200_grab1
12436,8948,-2008,10356,CD,1,D1_pwm200_grab1
12442,-3076,3024,13272,CD,1,D1_pwm200_grab1
12447,-2080,136,12220,CD,1,D1_pwm200_grab1
12451,7396,256,14592,CD,1,D1_pwm200_grab1
12456,-596,3424,8604,CD,1,D1_pwm200_grab1
12462,-2428,-92,10536,CD,1,D1_pwm200_grab1
12466,-1812,-4728,9728,CD,1,D1_pwm200_grab1
12472,4624,4876,17048,CD,1,D1_pwm200_grab1
12476,-3016,1240,14192,CD,1,D1_pwm200_grab1
12481,1820,-3520,13020,CD,1,D1_pwm200_grab1
12491,4288,-3088,10380,CD,1,D1_pwm200_grab1
12496,-4732,1136,11996,CD,1,D1_pwm200_grab1
12502,-3212,-1540,10896,CD,1,D1_pwm200_grab1
12508,-976,-7272,7120,CD,1,D1_pwm200_grab1
12512,4124,1852,11960,CD,1,D1_pwm200_grab1
12517,4436,-1244,10524,CD,1,D1_pwm200_grab1
12522,2384,4084,13948,CD,1,D1_pwm200_grab1
12528,-2304,1572,11684,CD,1,D1_pwm200_grab1
12533,1832,-1948,10208,CD,1,D1_pwm200_grab1
12538,8256,6668,12336,CD,1,D1_pwm200_grab1
12542,576,2788,13340,CD,1,D1_pwm200_grab1
12547,3944,1124,11028,CD,1,D1_pwm200_grab1
12552,4128,1320,8232,CD,1,D1_pwm200_grab1
12557,-1472,2264,10268,CD,1,D1_pwm200_grab1
12563,336,-1036,8556,CD,1,D1_pwm200_grab1
12567,4800,2752,7088,CD,1,D1_pwm200_grab1
12573,-1724,-5372,6184,CD,1,D1_pwm200_grab1
12578,6972,-4320,7284,CD,1,D1_pwm200_grab1
12582,-460,392,8336,CD,1,D1_pwm200_grab1
12587,-11244,-5112,12656,CD,1,D1_pwm200_grab1
12592,4136,-2252,7156,CD,1,D1_pwm200_grab1
12598,-3060,2720,13316,CD,1,D1_pwm200_grab1
12603,-4296,-2752,2500,CD,1,D1_pwm200_grab1
12608,-1656,-5888,7716,CD,1,D1_pwm200_grab1
12612,-608,1296,8772,CD,1,D1_pwm200_grab1
12622,2308,5720,10984,CD,1,D1_pwm200_grab1
12627,-1848,-164,8332,CD,1,D1_pwm200_grab1
12632,792,-236,9300,CD,1,D1_pwm200_grab1
12643,-2892,4832,15816,CD,1,D1_pwm200_grab1
12647,-1064,-2476,3356,CD,1,D1_pwm200_grab1
12652,-5688,-636,7052,CD,1,D1_pwm200_grab1
12658,-2724,-2840,9360,CD,2,D1_pwm200_grab1
12663,1880,-960,9960,CD,2,D1_pwm200_grab1
12667,-6424,2052,9076,CD,2,D1_pwm200_grab1
12673,-2604,-852,14940,CD,2,D1_pwm200_grab1
12677,236,-3728,11116,CD,2,D1_pwm200_grab1
12682,-48,-1528,9996,CD,2,D1_pwm200_grab1
12688,-10560,-2960,7412,CD,2,D1_pwm200_grab1
12692,1388,-964,7984,CD,2,D1_pwm200_grab1
12697,-816,2612,15316,CD,2,D1_pwm200_grab1
12702,1192,-6536,13064,CD,2,D1_pwm200_grab1
12707,672,-3844,12168,CD,2,D1_pwm200_grab1
12712,-4896,1672,11352,CD,2,D1_pwm200_grab1
12717,-6096,1660,2844,CD,2,D1_pwm200_grab1
12722,3944,3972,13556,CD,2,D1_pwm200_grab1
12728,-4320,1568,13328,CD,2,D1_pwm200_grab1
12733,164,-1908,10296,CD,2,D1_pwm200_grab1
12737,8864,4700,5040,CD,2,D1_pwm200_grab1
12742,-440,4536,14280,CD,2,D1_pwm200_grab1
12747,-1464,-4412,7444,CD,2,D1_pwm200_grab1
12759,2324,-2256,12764,CD,2,D1_pwm200_grab1
12763,1532,1248,10184,CD,2,D1_pwm200_grab1
12774,812,-8784,2408,CD,2,D1_pwm200_grab1
12778,4628,-836,10668,CD,2,D1_pwm200_grab1
12784,-2548,1544,5448,CD,2,D1_pwm200_grab1
12788,2548,2788,13424,CD,2,D1_pwm200_grab1
12794,-3076,1652,12604,CD,2,D1_pwm200_grab1
12800,1948,488,11932,CD,2,D1_pwm200_grab1
12808,2692,2784,11500,CD,2,D1_pwm200_grab1
12814,-1104,1480,12536,CD,2,D1_pwm200_grab1
12818,4732,396,10464,CD,2,D1_pwm200_grab1
12824,1560,2792,8624,CD,2,D1_pwm200_grab1
12828,-204,-2264,9096,CD,2,D1_pwm200_grab1
12833,524,552,9440,CD,2,D1_pwm200_grab1
12838,732,1092,14756,CD,2,D1_pwm200_grab1
12844,40,2184,10880,CD,2,D1_pwm200_grab1
12848,1008,-3580,10636,CD,2,D1_pwm200_grab1
12859,4664,-3536,8572,CD,2,D1_pwm200_grab1
12863,-4016,1752,6904,CD,2,D1_pwm200_grab1
12869,-2204,-400,18184,CD,2,D1_pwm200_grab1
12873,636,-8344,4288,CD,2,D1_pwm200_grab1
12879,3212,-560,10160,CD,2,D1_pwm200_grab1
12883,3732,-1688,9368,CD,2,D1_pwm200_grab1
12888,-872,-2068,7344,CD,2,D1_pwm200_grab1
12894,-1380,1260,8480,CD,2,D1_pwm200_grab1
12898,2528,2644,7072,CD,2,D1_pwm200_grab1
12909,-936,3144,10812,CD,2,D1_pwm200_grab1
12914,2044,-804,9268,CD,2,D1_pwm200_grab1
12918,6888,-464,13016,CD,2,D1_pwm200_grab1
12924,-2800,2288,8016,CD,2,D1_pwm200_grab1
12929,-2604,-300,8472,CD,2,D1_pwm200_grab1
12933,92,-2884,6952,CD,2,D1_pwm200_grab1
12938,1236,4776,16436,CD,2,D1_pwm200_grab1
12943,-1800,-720,12204,CD,2,D1_pwm200_grab1
12949,824,-3860,11580,CD,2,D1_pwm200_grab1
12959,3516,-3016,7384,CD,2,D1_pwm200_grab1
12964,-3464,2328,17508,CD,2,D1_pwm200_grab1
12969,-4712,-2364,7312,CD,2,D1_pwm200_grab1
12973,-992,-7268,6948,CD,2,D1_pwm200_grab1
12978,3564,-3592,8076,CD,2,D1_pwm200_grab1
12983,-616,592,7612,CD,2,D1_pwm200_grab1
12989,556,852,11952,CD,2,D1_pwm200_grab1
12994,-2024,1624,11236,CD,2,D1_pwm200_grab1
12999,124,336,11376,CD,2,D1_pwm200_grab1
13008,-1680,6648,16820,CD,2,D1_pwm200_grab1
13014,872,44,8200,CD,2,D1_pwm200_grab1
13020,2244,2792,8800,CD,2,D1_pwm200_grab1
13024,-376,-2700,12360,CD,2,D1_pwm200_grab1
13030,2100,-1184,12004,CD,2,D1_pwm200_grab1
13034,-6068,3392,12440,CD,2,D1_pwm200_grab1
13039,-1016,-6112,5716,CD,2,D1_pwm200_grab1
13044,6336,-2668,7836,CD,2,D1_pwm200_grab1
13050,532,1240,7544,CD,2,D1_pwm200_grab1
13054,2224,-92,10468,CD,2,D1_pwm200_grab1
13060,4164,-1156,8508,CD,2,D1_pwm200_grab1
13064,-280,3512,18676,CD,2,D1_pwm200_grab1
13070,696,-4108,7084,CD,2,D1_pwm200_grab1
13075,124,-3360,10400,CD,2,D1_pwm200_grab1
13079,-720,1020,10712,CD,2,D1_pwm200_grab1
13084,7300,4408,16576,CD,2,D1_pwm200_grab1
13089,4260,6552,12120,CD,2,D1_pwm200_grab1
13094,-700,-832,9360,CD,2,D1_pwm200_grab1
13100,1116,-488,9352,CD,2,D1_pwm200_grab1
13109,-2440,4236,13732,CD,2,D1_pwm200_grab1
13115,1612,-4100,5424,CD,2,D1_pwm200_grab1
13124,1940,-3412,12008,CD,2,D1_pwm200_grab1
13129,1772,852,8284,CD,2,D1_pwm200_grab1
13139,-1312,-9160,3508,CD,2,D1_pwm200_grab1
13145,3220,-4460,8264,CD,2,D1_pwm200_grab1
13150,724,760,9540,CD,2,D1_pwm200_grab1
13159,-192,-380,6316,CD,2,D1_pwm200_grab1
13164,1252,4032,11468,CD,2,D1_pwm200_grab1
13169,5376,-3284,11284,CD,2,D1_pwm200_grab1
13174,176,-308,11672,CD,2,D1_pwm200_grab1
13180,-4896,1288,11008,CD,2,D1_pwm200_grab1
13185,564,-2124,6420,CD,2,D1_pwm200_grab1
13189,1020,4260,11792,CD,2,D1_pwm200_grab1
13195,-3464,556,9484,CD,2,D1_pwm200_grab1
13199,708,-3108,9792,CD,2,D1_pwm200_grab1
13204,6744,4372,7452,CD,2,D1_pwm200_grab1
13209,-2484,2136,13948,CD,2,D1_pwm200_grab1
13215,-1636,-4028,9856,CD,2,D1_pwm200_grab1
13224,912,-2944,8688,CD,2,D1_pwm200_grab1
13229,-44,-2564,11268,CD,2,D1_pwm200_grab1
13235,2684,128,5980,CD,2,D1_pwm200_grab1
13239,-3352,-6364,6724,CD,2,D1_pwm200_grab1
13245,3864,-4112,8584,CD,2,D1_pwm200_grab1
13249,-956,356,8592,CD,2,D1_pwm200_grab1
13255,-2208,-1160,8396,CD,2,D1_pwm200_grab1
13259,-556,1792,12608,CD,2,D1_pwm200_grab1
13264,1308,1564,9232,CD,2,D1_pwm200_grab1
13276,-624,3896,14256,CD,2,D1_pwm200_grab1
13281,3012,148,10332,CD,2,D1_pwm200_grab1
13285,6036,68,15208,CD,2,D1_pwm200_grab1
13291,272,2296,11828,CD,2,D1_pwm200_grab1
13296,-616,-2260,8960,CD,2,D1_pwm200_grab1
13300,4900,2464,8556,CD,2,D1_pwm200_grab1
13305,-1880,-4280,9372,CD,2,D1_pwm200_grab1
13310,4652,-3148,7672,CD,2,D1_pwm200_grab1
13315,2300,-2392,12704,CD,2,D1_pwm200_grab1
13325,6148,-3116,10952,CD,2,D1_pwm200_grab1
13330,-1956,3512,14776,CD,2,D1_pwm200_grab1
13335,-3796,-1220,9088,CD,2,D1_pwm200_grab1
13340,1216,-3572,7908,CD,2,D1_pwm200_grab1
13345,2416,2848,10452,CD,2,D1_pwm200_grab1
13356,2296,192,10872,CD,2,D1_pwm200_grab1
13360,-1928,1220,11216,CD,2,D1_pwm200_grab1
13365,1656,1368,8868,CD,2,D1_pwm200_grab1
13375,612,6520,13624,CD,2,D1_pwm200_grab1
13380,-1184,-3700,3872,CD,2,D1_pwm200_grab1
13385,116,2408,6396,CD,2,D1_pwm200_grab1
13391,-148,-2892,8488,CD,2,D1_pwm200_grab1
13396,2488,-56,8080,CD,2,D1_pwm200_grab1
13400,888,-1612,8944,CD,2,D1_pwm200_grab1
13405,-492,1432,15748,CD,2,D1_pwm200_grab1
13411,2160,-3996,7876,CD,2,D1_pwm200_grab1
13416,1392,-2736,10336,CD,2,D1_pwm200_grab1
13425,3104,-724,4228,CD,2,D1_pwm200_grab1
13431,-1372,2256,12964,CD,2,D1_pwm200_grab1
13435,1040,-5016,8064,CD,2,D1_pwm200_grab1
13441,-1044,-9912,4536,CD,2,D1_pwm200_grab1
13446,2628,-2216,8760,CD,2,D1_pwm200_grab1
13451,-5336,-152,3644,CD,2,D1_pwm200_grab1
13455,1572,3376,11288,CD,2,D1_pwm200_grab1
13461,-3784,1108,10672,CD,2,D1_pwm200_grab1
13465,-1044,-2676,9584,CD,2,D1_pwm200_grab1
13471,8700,4668,8404,CD,2,D1_pwm200_grab1
13475,-3828,3544,13400,CD,2,D1_pwm200_grab1
13480,-264,-3068,10180,CD,2,D1_pwm200_grab1
13485,5124,1588,14060,CD,2,D1_pwm200_grab1
13490,-1080,2992,10472,CD,2,D1_pwm200_grab1
13496,-1072,-2532,8692,CD,2,D1_pwm200_grab1
13501,780,-128,8028,CD,2,D1_pwm200_grab1
13505,-1964,-3424,13776,CD,2,D1_pwm200_grab1
13510,3792,-3396,8256,CD,2,D1_pwm200_grab1
13516,704,1740,11884,CD,2,D1_pwm200_grab1
13520,-2076,-2080,10744,CD,2,D1_pwm200_grab1
13526,1456,0,8524,CD,2,D1_pwm200_grab1
13531,3732,3276,13464,CD,2,D1_pwm200_grab1
13537,7184,-3128,14432,CD,2,D1_pwm200_grab1
13542,848,3888,12952,CD,2,D1_pwm200_grab1
13547,-2852,2540,13980,CD,2,D1_pwm200_grab1
13551,7744,2116,14964,CD,2,D1_pwm200_grab1
13556,552,4120,9864,CD,2,D1_pwm200_grab1
13561,-204,-2208,9004,CD,2,D1_pwm200_grab1
13566,-364,-752,10560,CD,2,D1_pwm200_grab1
13571,6916,7348,14464,CD,2,D1_pwm200_grab1
13576,-1228,2240,13160,CD,2,D1_pwm200_grab1
13581,3348,-4276,11576,CD,2,D1_pwm200_grab1
13591,4932,-3520,9324,CD,2,D1_pwm200_grab1
13596,-1560,2336,9756,CD,2,D1_pwm200_grab1
13601,-1936,-740,13980,CD,2,D1_pwm200_grab1
13607,-868,-7468,5648,CD,2,D1_pwm200_grab1
13611,4432,-3188,7624,CD,2,D1_pwm200_grab1
13616,804,-368,9816,CD,2,D1_pwm200_grab1
13621,-1452,-2544,10080,CD,2,D1_pwm200_grab1
13627,-600,1092,9516,CD,2,D1_pwm200_grab1
13631,3404,3556,9724,CD,2,D1_pwm200_grab1
13641,-352,3748,12452,CD,2,D1_pwm200_grab1
13646,4228,684,10184,CD,2,D1_pwm200_grab1
13651,6752,808,13672,CD,2,D1_pwm200_grab1
13657,1656,5180,10716,CD,2,D1_pwm200_grab1
13661,-1336,-840,9096,CD,2,D1_pwm200_grab1
13667,-700,-1664,7832,CD,2,D1_pwm200_grab1
13671,5860,6220,13648,CD,2,D1_pwm200_grab1
13677,-2680,-684,11624,CD,2,D1_pwm200_grab1
13682,2916,-4168,10848,CD,2,D1_pwm200_grab1
13691,3936,-3472,8156,CD,2,D1_pwm200_grab1
13696,1592,-784,7972,CD,2,D1_pwm200_grab1
13702,472,3144,10576,CD,2,D1_pwm200_grab1
13706,-1696,-8500,3456,CD,2,D1_pwm200_grab1
13711,2856,-4708,8128,CD,2,D1_pwm200_grab1
13716,-2064,-44,5640,CD,2,D1_pwm200_grab1
13722,-1572,-308,8732,CD,2,D1_pwm200_grab1
13726,-3448,612,11612,CD,2,D1_pwm200_grab1
13731,1304,756,7188,CD,2,D1_pwm200_grab1
13742,-1572,-5616,9116,CD,2,D1_pwm200_grab1
13746,-2668,1676,11936,CD,2,D1_pwm200_grab1
13752,4776,2984,15736,CD,2,D1_pwm200_grab1
13756,2784,6616,12604,CD,2,D1_pwm200_grab1
13762,-2628,-1600,9620,CD,2,D1_pwm200_grab1
13766,-2332,-2560,9516,CD,2,D1_pwm200_grab1
13771,76,3044,15904,CD,2,D1_pwm200_grab1
13776,2172,-516,11740,CD,2,D1_pwm200_grab1
13783,220,-2452,10848,CD,2,D1_pwm200_grab1
13797,-2972,2372,15504,CD,2,D1_pwm200_grab1
13803,-5768,-2924,7932,CD,2,D1_pwm200_grab1
13807,396,-4940,9212,CD,2,D1_pwm200_grab1
13813,1852,1976,10852,CD,2,D1_pwm200_grab1
13824,1748,5640,14712,CD,2,D1_pwm200_grab1
13827,-1096,1364,13236,CD,2,D1_pwm200_grab1
13833,384,228,8652,CD,2,D1_pwm200_grab1
13842,-444,5360,15228,CD,2,D1_pwm200_grab1
13847,280,-1628,6104,CD,2,D1_pwm200_grab1
13852,2464,1560,9836,CD,2,D1_pwm200_grab1
13857,744,-1356,11508,CD,2,D1_pwm200_grab1
13863,1276,-376,9320,CD,2,D1_pwm200_grab1
13867,1804,-432,9836,CD,2,D1_pwm200_grab1
13873,1188,3288,15040,CD,2,D1_pwm200_grab1
13877,4528,-2560,9392,CD,2,D1_pwm200_grab1
13883,3532,-1780,13012,CD,2,D1_pwm200_grab1
13893,5940,-1560,8344,CD,2,D1_pwm200_grab1
13897,-672,4360,13712,CD,2,D1_pwm200_grab1
13903,-3312,-820,4772,CD,2,D1_pwm200_grab1
13907,1628,-3684,8060,CD,2,D1_pwm200_grab1
13912,5812,-2444,8076,CD,2,D1_pwm200_grab1
13918,-544,1228,6068,CD,2,D1_pwm200_grab1
13922,2228,1876,11048,CD,2,D1_pwm200_grab1
13927,-2812,1284,11116,CD,2,D1_pwm200_grab1
13933,1632,596,7812,CD,2,D1_pwm200_grab1
13943,-720,5320,12236,CD,2,D1_pwm200_grab1
13948,-1860,-4732,3532,CD,2,D1_pwm200_grab1
13952,816,96,3152,CD,2,D1_pwm200_grab1
13957,-1324,4268,8008,CD,2,D1_pwm200_grab1
13963,-1184,-2028,7652,CD,2,D1_pwm200_grab1
13967,-684,-2840,9464,CD,2,D1_pwm200_grab1
13972,-548,440,16180,CD,2,D1_pwm200_grab1
13977,940,-3516,9720,CD,2,D1_pwm200_grab1
13982,616,-2536,9812,CD,2,D1_pwm200_grab1
13993,2744,-1160,5328,CD,2,D1_pwm200_grab1
13998,624,280,11424,CD,2,D1_pwm200_grab1
14013,2228,-1984,9140,CD,2,D1_pwm200_grab1
14017,-3120,1940,5992,CD,2,D1_pwm200_grab1
14023,756,2988,12540,CD,2,D1_pwm200_grab1
14027,-3368,1380,12164,CD,2,D1_pwm200_grab1
14033,-912,-1964,12024,CD,2,D1_pwm200_grab1
14043,-3252,5304,15292,CD,2,D1_pwm200_grab1
14048,592,-3344,7580,CD,2,D1_pwm200_grab1
14053,-3092,-360,10584,CD,2,D1_pwm200_grab1
14059,1256,-2324,13168,CD,2,D1_pwm200_grab1
14064,2444,72,13272,CD,2,D1_pwm200_grab1
14073,-1284,-7232,5008,CD,2,D1_pwm200_grab1
14078,6060,-1992,9884,CD,2,D1_pwm200_grab1
14084,2164,-1424,11792,CD,2,D1_pwm200_grab1
14093,3068,-660,8624,CD,2,D1_pwm200_grab1
14098,1644,3608,14228,CD,2,D1_pwm200_grab1
14104,1908,-4380,7952,CD,2,D1_pwm200_grab1
14108,972,-516,11500,CD,2,D1_pwm200_grab1
14114,-1124,1588,11708,CD,2,D1_pwm200_grab1
14118,2076,2000,5216,CD,2,D1_pwm200_grab1
14123,3212,3400,13476,CD,2,D1_pwm200_grab1
14129,-2264,712,10848,CD,2,D1_pwm200_grab1
14134,1776,-4,10248,CD,2,D1_pwm200_grab1
14143,-1904,4536,12964,CD,2,D1_pwm200_grab1
14148,1412,-3940,6624,CD,2,D1_pwm200_grab1
14153,-5832,-2280,8640,CD,2,D1_pwm200_grab1
14159,1332,-2732,10748,CD,2,D1_pwm200_grab1
14164,1688,1364,8096,CD,2,D1_pwm200_grab1
14168,28,-684,9380,CD,2,D1_pwm200_grab1
14173,692,140,12832,CD,2,D1_pwm200_grab1
14179,1508,-4976,8516,CD,2,D1_pwm200_grab1
14183,2608,-992,9548,CD,2,D1_pwm200_grab1
14194,2172,-720,6384,CD,2,D1_pwm200_grab1
14198,660,2436,12716,CD,2,D1_pwm200_grab1
14204,432,-5232,6704,CD,2,D1_pwm200_grab1
14208,308,-8752,912,CD,2,D1_pwm200_grab1
14214,2076,-1728,9048,CD,2,D1_pwm200_grab1
14219,1812,1536,6204,CD,2,D1_pwm200_grab1
14224,1240,3728,11140,CD,2,D1_pwm200_grab1
14229,-2788,736,11084,CD,2,D1_pwm200_grab1
14233,212,-1680,10140,CD,2,D1_pwm200_grab1
14244,-3344,3940,14612,CD,2,D1_pwm200_grab1
14249,-1904,-4712,6796,CD,2,D1_pwm200_grab1
14253,3604,-244,10396,CD,2,D1_pwm200_grab1
14258,1316,5376,7420,CD,2,D1_pwm200_grab1
14263,-1564,-2320,9160,CD,2,D1_pwm200_grab1
14268,560,-2740,9628,CD,2,D1_pwm200_grab1
14273,-1804,-1452,14476,CD,2,D1_pwm200_grab1
14279,1600,-3208,11640,CD,2,D1_pwm200_grab1
14283,-176,-1568,11060,CD,2,D1_pwm200_grab1
14294,2896,-356,9008,CD,2,D1_pwm200_grab1
14299,-1536,1672,16000,CD,2,D1_pwm200_grab1
14304,336,-6116,9272,CD,2,D1_pwm200_grab1
14310,2520,60,11944,CD,2,D1_pwm200_grab1
14314,-2292,1632,11580,CD,2,D1_pwm200_grab1
14320,6172,4608,17540,CD,2,D1_pwm200_grab1
14325,5500,6340,13628,CD,2,D1_pwm200_grab1
14330,-904,-1076,8488,CD,2,D1_pwm200_grab1
14334,-932,-1588,9936,CD,2,D1_pwm200_grab1
14344,-348,4756,13544,CD,2,D1_pwm200_grab1
14350,-848,-3680,5084,CD,2,D1_pwm200_grab1
14354,-3176,-108,9520,CD,2,D1_pwm200_grab1
14360,1304,-1708,12744,CD,2,D1_pwm200_grab1
14365,2384,1152,10544,CD,2,D1_pwm200_grab1
14369,-1768,2732,15184,CD,2,D1_pwm200_grab1
14374,744,-5920,3912,CD,2,D1_pwm200_grab1
14379,4656,-2360,11820,CD,2,D1_pwm200_grab1
14385,2448,-1272,12184,CD,2,D1_pwm200_grab1
14394,4868,-876,7008,CD,2,D1_pwm200_grab1
14400,-1636,3072,15872,CD,2,D1_pwm200_grab1
14405,-200,-3328,5416,CD,2,D1_pwm200_grab1
14409,944,-2448,8824,CD,2,D1_pwm200_grab1
14414,-1336,2236,9708,CD,2,D1_pwm200_grab1
14424,2280,2544,11312,CD,2,D1_pwm200_grab1
14430,-1808,656,11480,CD,2,D1_pwm200_grab1
14435,1440,552,7924,CD,2,D1_pwm200_grab1
14445,-1644,5296,11660,CD,2,D1_pwm200_grab1
14450,576,-2032,4844,CD,2,D1_pwm200_grab1
14454,124,772,5696,CD,2,D1_pwm200_grab1
14459,-864,-120,8180,CD,2,D1_pwm200_grab1
14464,-1444,-1168,7380,CD,2,D1_pwm200_grab1
14470,-728,-1140,6972,CD,2,D1_pwm200_grab1
14474,232,584,16400,CD,2,D1_pwm200_grab1
14479,1240,-1384,9404,CD,2,D1_pwm200_grab1
14484,848,-2640,10524,CD,2,D1_pwm200_grab1
14495,2868,-1920,6392,CD,2,D1_pwm200_grab1
14499,-4668,1596,11004,CD,2,D1_pwm200_grab1
14505,-3900,-3124,3724,CD,2,D1_pwm200_grab1
14509,-1300,-7844,6368,CD,2,D1_pwm200_grab1
14515,2344,-2592,8552,CD,2,D1_pwm200_grab1
14519,-1152,520,7336,CD,2,D1_pwm200_grab1
14524,44,1496,12520,CD,2,D1_pwm200_grab1
14530,-2732,928,11056,CD,2,D1_pwm200_grab1
14535,-620,-656,10608,CD,2,D1_pwm200_grab1
14544,-3492,5888,16188,CD,2,D1_pwm200_grab1
14550,3036,-380,10500,CD,2,D1_pwm200_grab1
14555,5440,1196,12752,CD,2,D1_pwm200_grab1
14560,-1364,2248,8908,CD,2,D1_pwm200_grab1
14565,880,-1592,11984,CD,2,D1_pwm200_grab1
14571,164,-652,5692,CD,2,D1_pwm200_grab1
14576,-3608,-4968,7768,CD,2,D1_pwm200_grab1
14580,4608,-3908,9416,CD,2,D1_pwm200_grab1
14585,-64,316,11032,CD,2,D1_pwm200_grab1
14590,-4996,-904,9836,CD,2,D1_pwm200_grab1
14596,4496,-2176,10360,CD,2,D1_pwm200_grab1
14600,-3324,2280,12796,CD,2,D1_pwm200_grab1
14605,-2564,-460,11456,CD,2,D1_pwm200_grab1
14610,-416,-6044,8560,CD,2,D1_pwm200_grab1
14615,4036,1348,11280,CD,2,D1_pwm200_grab1
14621,-2900,464,4996,CD,2,D1_pwm200_grab1
14625,3080,3228,12452,CD,2,D1_pwm200_grab1
14630,-2004,732,11216,CD,2,D1_pwm200_grab1
14635,2488,2480,7384,CD,2,D1_pwm200_grab1
14640,10400,1160,10576,CD,2,D1_pwm200_grab1
14645,-2468,3880,12672,CD,2,D1_pwm200_grab1
14650,1676,696,12480,CD,2,D1_pwm200_grab1
14655,5940,636,13724,CD,2,D1_pwm200_grab1
14661,1912,2448,8840,CD,2,D1_pwm200_grab1
14665,112,-2112,7476,CD,2,D1_pwm200_grab1
14671,1488,-372,9980,CD,2,D1_pwm200_grab1
14675,-2076,-2288,12404,CD,2,D1_pwm200_grab1
14680,-2364,2228,12524,CD,2,D1_pwm200_grab1
14685,1744,-4092,9820,CD,2,D1_pwm200_grab1
14695,2820,-2688,8472,CD,2,D1_pwm200_grab1
14701,-436,2312,9184,CD,2,D1_pwm200_grab1
14706,-4828,-2404,14436,CD,2,D1_pwm200_grab1
14716,688,212,8536,CD,2,D1_pwm200_grab1
14720,680,400,10500,CD,2,D1_pwm200_grab1
14726,-4824,-1372,9416,CD,2,D1_pwm200_grab1
14730,272,-368,6548,CD,2,D1_pwm200_grab1
14736,1684,1088,10112,CD,2,D1_pwm200_grab1
14741,2904,-3440,11332,CD,2,D1_pwm200_grab1
14745,-1064,1656,12992,CD,2,D1_pwm200_grab1
14750,-6152,1364,10816,CD,2,D1_pwm200_grab1
14756,2984,-364,7760,CD,2,D1_pwm200_grab1
14760,624,5300,8336,CD,2,D1_pwm200_grab1
14765,-2920,276,10920,CD,2,D1_pwm200_grab1
14771,364,-1828,10312,CD,2,D1_pwm200_grab1
14776,7772,5220,10388,CD,2,D1_pwm200_grab1
14781,-3448,3296,14364,CD,2,D1_pwm200_grab1
14785,-1416,-3776,7960,CD,2,D1_pwm200_grab1
14791,-8208,-3004,10544,CD,2,D1_pwm200_grab1
14795,2584,-1996,13472,CD,2,D1_pwm200_grab1
14800,2264,-220,12232,CD,2,D1_pwm200_grab1
14817,4172,-1220,10224,CD,2,D1_pwm200_grab1
14821,-216,1476,7088,CD,2,D1_pwm200_grab1
14826,2452,1712,14644,CD,2,D1_pwm200_grab1
14832,-2972,992,12192,CD,2,D1_pwm200_grab1
14836,1684,1032,11100,CD,2,D1_pwm200_grab1
14846,-1712,6152,14384,CD,2,D1_pwm200_grab1
14852,-1632,2124,11660,CD,2,D1_pwm200_grab1
14857,2704,3968,10580,CD,2,D1_pwm200_grab1
14862,5572,6272,14028,CD,2,D1_pwm200_grab1
14866,-936,-1108,8736,CD,2,D1_pwm200_grab1
14871,-816,-1668,9272,CD,2,D1_pwm200_grab1
14877,3336,3560,14452,CD,2,D1_pwm200_grab1
14882,812,336,11416,CD,2,D1_pwm200_grab1
14886,3012,-2644,11424,CD,2,D1_pwm200_grab1
14892,1252,1560,8080,CD,2,D1_pwm200_grab1
14897,500,700,12348,CD,2,D1_pwm200_grab1
14901,716,1172,9684,CD,2,D1_pwm200_grab1
14907,4956,3140,12448,CD,2,D1_pwm200_grab1
14911,112,-4248,4792,CD,2,D1_pwm200_grab1
14917,4984,-3128,8888,CD,2,D1_pwm200_grab1
14921,328,88,9388,CD,2,D1_pwm200_grab1
14926,-2316,-1984,10740,CD,2,D1_pwm200_grab1
14932,-452,764,10016,CD,2,D1_pwm200_grab1
14937,-3712,3136,10816,CD,2,D1_pwm200_grab1
14941,-3456,-1236,6304,CD,2,D1_pwm200_grab1
14947,800,-3992,7368,CD,2,D1_pwm200_grab1
14951,772,2276,9044,CD,2,D1_pwm200_grab1
14957,3972,-600,9364,CD,2,D1_pwm200_grab1
14961,1756,3596,9700,CD,2,D1_pwm200_grab1
14966,-1028,-68,9036,CD,2,D1_pwm200_grab1
14971,2152,-1296,10160,CD,2,D1_pwm200_grab1
14981,-2332,4052,11752,CD,2,D1_pwm200_grab1
14987,2740,-632,10476,CD,2,D1_pwm200_grab1
14992,6412,-820,13128,CD,2,D1_pwm200_grab1
14996,444,1848,6332,CD,2,D1_pwm200_grab1
15002,-1484,-2224,6840,CD,2,D1_pwm200_grab1
15007,-464,248,6916,CD,2,D1_pwm200_grab1
15011,-3976,-5124,7720,CD,2,D1_pwm200_grab1
15017,2656,-5476,7872,CD,2,D1_pwm200_grab1
15021,136,-4792,10264,CD,2,D1_pwm200_grab1
15032,3172,-3156,8156,CD,2,D1_pwm200_grab1
15036,-3192,1124,8688,CD,2,D1_pwm200_grab1
15042,-2096,-3144,17436,CD,2,D1_pwm200_grab1
15047,-2224,-8932,4496,CD,2,D1_pwm200_grab1
15052,1848,2256,11888,CD,2,D1_pwm200_grab1
15057,-6416,1632,3244,CD,2,D1_pwm200_grab1
15062,3276,3724,11964,CD,2,D1_pwm200_grab1
15068,-3016,-228,12796,CD,2,D1_pwm200_grab1
15072,-192,-1544,11032,CD,2,D1_pwm200_grab1
15077,9056,4852,5328,CD,2,D1_pwm200_grab1
15083,-1520,4044,13940,CD,2,D1_pwm200_grab1
15088,-1980,-4536,4628,CD,2,D1_pwm200_grab1
15093,-6620,-2684,10476,CD,2,D1_pwm200_grab1
15097,-360,-2328,12536,CD,2,D1_pwm200_grab1
15102,2272,572,12096,CD,2,D1_pwm200_grab1
15108,1072,-2260,10856,CD,2,D1_pwm200_grab1
15113,-440,-972,13556,CD,2,D1_pwm200_grab1
15117,3996,-2932,10884,CD,2,D1_pwm200_grab1
15122,1788,-660,12924,CD,2,D1_pwm200_grab1
15132,3704,-256,8952,CD,2,D1_pwm200_grab1
15138,-1420,2060,15992,CD,2,D1_pwm200_grab1
15142,1028,-3648,8508,CD,2,D1_pwm200_grab1
15148,-1124,-7204,4252,CD,2,D1_pwm200_grab1
15153,5180,-1112,10088,CD,2,D1_pwm200_grab1
15157,2048,3036,6372,CD,2,D1_pwm200_grab1
15162,3344,2004,12432,CD,2,D1_pwm200_grab1
15167,-1960,668,12772,CD,2,D1_pwm200_grab1
15172,2204,1468,9472,CD,2,D1_pwm200_grab1
15183,-76,5248,12140,CD,2,D1_pwm200_grab1
15188,1844,-1384,6736,CD,2,D1_pwm200_grab1
15192,976,2628,5920,CD,2,D1_pwm200_grab1
15198,5632,5112,11596,CD,2,D1_pwm200_grab1
15202,-328,-1280,6624,CD,2,D1_pwm200_grab1
15207,72,-992,8012,CD,2,D1_pwm200_grab1
15213,2048,616,15076,CD,2,D1_pwm200_grab1
15217,2764,-632,10156,CD,2,D1_pwm200_grab1
15222,1436,-3264,10472,CD,2,D1_pwm200_grab1
15232,-1348,-2876,10108,CD,2,D1_pwm200_grab1
15237,-432,784,8704,CD,2,D1_pwm200_grab1
15243,-6588,948,10084,CD,2,D1_pwm200_grab1
15248,-1580,-6308,6568,CD,2,D1_pwm200_grab1
15252,1472,-2636,6668,CD,2,D1_pwm200_grab1
15257,-1520,472,7764,CD,2,D1_pwm200_grab1
15262,-2300,-276,9508,CD,2,D1_pwm200_grab1
15268,-1936,968,9148,CD,2,D1_pwm200_grab1
15273,-648,-168,8572,CD,2,D1_pwm200_grab1
15277,-7148,-4144,668,CD,2,D1_pwm200_grab1
15283,-1272,-5052,11580,CD,2,D1_pwm200_grab1
15287,-1860,2728,9256,CD,2,D1_pwm200_grab1
15298,-364,3564,10424,CD,2,D1_pwm200_grab1
15303,-1120,-880,8456,CD,2,D1_pwm200_grab1
15307,-736,-2544,9432,CD,2,D1_pwm200_grab1
15313,7112,4748,16132,CD,2,D1_pwm200_grab1
15318,-3188,1684,12564,CD,2,D1_pwm200_grab1
15324,752,-4008,11080,CD,2,D1_pwm200_grab1
15334,3244,-2416,10856,CD,2,D1_pwm200_grab1
15339,-884,756,13264,CD,2,D1_pwm200_grab1
15348,-2172,-8416,4580,CD,2,D1_pwm200_grab1
15354,3408,1500,12276,CD,2,D1_pwm200_grab1
15358,-328,2300,6912,CD,2,D1_pwm200_grab1
15363,-3996,-1016,11928,CD,2,D1_pwm200_grab1
15368,1084,444,9608,CD,2,D1_pwm200_grab1
15373,3444,2780,12660,CD,2,D1_pwm200_grab1
15379,3888,-2952,13776,CD,2,D1_pwm200_grab1
15384,-424,2432,12304,CD,2,D1_pwm200_grab1
15389,-2904,1996,13032,CD,2,D1_pwm200_grab1
15394,5220,-344,7684,CD,2,D1_pwm200_grab1
15398,3620,6540,11172,CD,2,D1_pwm200_grab1
15404,-1176,320,10456,CD,2,D1_pwm200_grab1
15408,1364,-300,11256,CD,2,D1_pwm200_grab1
15414,11356,7380,9460,CD,2,D1_pwm200_grab1
15418,-872,3736,12440,CD,2,D1_pwm200_grab1
15423,1776,-4304,7588,CD,2,D1_pwm200_grab1
15428,-6468,-3404,9720,CD,2,D1_pwm200_grab1
15433,3644,-2848,12156,CD,2,D1_pwm200_grab1
15438,2276,1348,10668,CD,2,D1_pwm200_grab1
15449,1308,-1008,11556,CD,2,D1_pwm200_grab1
15453,3356,-2152,10464,CD,2,D1_pwm200_grab1
15458,2968,-848,11560,CD,2,D1_pwm200_grab1
15468,2824,-844,7344,CD,2,D1_pwm200_grab1
15474,68,2332,12048,CD,2,D1_pwm200_grab1
15478,872,-4348,6488,CD,2,D1_pwm200_grab1
15484,-696,-1552,12988,CD,2,D1_pwm200_grab1
15489,1904,-1416,8684,CD,2,D1_pwm200_grab1
15493,2196,2184,5720,CD,2,D1_pwm200_grab1
15499,868,2060,10228,CD,2,D1_pwm200_grab1
15503,-1876,536,11864,CD,2,D1_pwm200_grab1
15509,1148,-168,9876,CD,2,D1_pwm200_grab1
15518,-3216,3852,14204,CD,2,D1_pwm200_grab1
15523,536,-2812,4580,CD,2,D1_pwm200_grab1
15528,-2868,-428,5576,CD,2,D1_pwm200_grab1
15534,3608,5928,8488,CD,2,D1_pwm200_grab1
15538,-964,-2128,7156,CD,2,D1_pwm200_grab1
15543,-236,-2808,8872,CD,2,D1_pwm200_grab1
15548,-876,-916,13152,CD,2,D1_pwm200_grab1
15553,760,-3184,11148,CD,2,D1_pwm200_grab1
15558,968,-3640,12160,CD,2,D1_pwm200_grab1
15568,1996,-1692,9140,CD,2,D1_pwm200_grab1
15574,-3288,520,13836,CD,2,D1_pwm200_grab1
15584,-2400,-5664,10992,CD,2,D1_pwm200_grab1
15590,-900,2008,10852,CD,2,D1_pwm200_grab1
15599,1352,5056,12744,CD,2,D1_pwm200_grab1
15604,-1612,-520,8552,CD,2,D1_pwm200_grab1
15610,-256,-2824,10156,CD,2,D1_pwm200_grab1
15614,8044,4400,15356,CD,2,D1_pwm200_grab1
15619,-1432,5404,14820,CD,2,D1_pwm200_grab1
15625,1120,-1308,8156,CD,2,D1_pwm200_grab1
15630,3376,36,10744,CD,2,D1_pwm200_grab1
15635,-1644,2492,10852,CD,2,D1_pwm200_grab1
15639,-44,232,9712,CD,2,D1_pwm200_grab1
15644,3536,1224,8940,CD,2,D1_pwm200_grab1
15649,-812,-4280,6416,CD,2,D1_pwm200_grab1
15654,4560,-4200,8736,CD,2,D1_pwm200_grab1
15659,3136,-2576,11936,CD,2,D1_pwm200_grab1
15669,4944,-2148,9780,CD,2,D1_pwm200_grab1
15675,-3616,1444,11076,CD,2,D1_pwm200_grab1
15680,-3412,-1384,9664,CD,2,D1_pwm200_grab1
15685,16,-4940,8456,CD,2,D1_pwm200_grab1
15689,1848,3424,10400,CD,2,D1_pwm200_grab1
15695,-2804,744,6500,CD,2,D1_pwm200_grab1
15699,4068,3100,10364,CD,2,D1_pwm200_grab1
15704,-824,712,10408,CD,2,D1_pwm200_grab1
15709,2912,2632,7832,CD,2,D1_pwm200_grab1
15715,11884,3184,9676,CD,2,D1_pwm200_grab1
15719,-176,4944,11396,CD,2,D1_pwm200_grab1
15725,2988,608,11916,CD,2,D1_pwm200_grab1
15730,7880,120,14368,CD,2,D1_pwm200_grab1
15734,2068,2036,6908,CD,2,D1_pwm200_grab1
15740,-1380,-896,6408,CD,2,D1_pwm200_grab1
15744,2680,-692,9924,CD,2,D1_pwm200_grab1
15749,5344,3824,15336,CD,2,D1_pwm200_grab1
15754,-132,2168,10724,CD,2,D1_pwm200_grab1
15759,-516,-5120,8820,CD,2,D1_pwm200_grab1
15770,2872,-2704,6732,CD,2,D1_pwm200_grab1
15774,-1180,1636,6548,CD,2,D1_pwm200_grab1
15779,-3100,-3488,17136,CD,2,D1_pwm200_grab1
15785,-540,-7864,2444,CD,2,D1_pwm200_grab1
15789,1640,-4124,6640,CD,2,D1_pwm200_grab1
15794,-1292,152,10580,CD,2,D1_pwm200_grab1
15800,-4672,-1044,9908,CD,2,D1_pwm200_grab1
15805,-604,288,7296,CD,2,D1_pwm200_grab1
15809,-96,532,11432,CD,2,D1_pwm200_grab1
15814,5308,-2048,12680,CD,2,D1_pwm200_grab1
15820,-3552,2076,12652,CD,2,D1_pwm200_grab1
15825,-3128,-296,12212,CD,2,D1_pwm200_grab1
15831,4900,16,12976,CD,2,D1_pwm200_grab1
15835,1680,4452,7028,CD,2,D1_pwm200_grab1
15841,-264,-2120,10700,CD,2,D1_pwm200_grab1
15846,1032,-2764,10992,CD,2,D1_pwm200_grab1
15850,-1656,-1616,13552,CD,2,D1_pwm200_grab1
15855,2284,-3280,10968,CD,2,D1_pwm200_grab1
15861,440,-896,12572,CD,2,D1_pwm200_grab1
15870,2432,-384,9608,CD,2,D1_pwm200_grab1
15876,780,212,13824,CD,2,D1_pwm200_grab1
15881,-5324,-872,15336,CD,2,D1_pwm200_grab1
15886,-1920,-7824,3796,CD,2,D1_pwm200_grab1
15890,4252,160,11756,CD,2,D1_pwm200_grab1
15896,740,3076,7272,CD,2,D1_pwm200_grab1
15901,2844,2236,12272,CD,2,D1_pwm200_grab1
15905,-2060,840,14260,CD,2,D1_pwm200_grab1
15910,1348,1136,10424,CD,2,D1_pwm200_grab1
15916,3096,-3680,12520,CD,2,D1_pwm200_grab1
15920,-272,1120,11764,CD,2,D1_pwm200_grab1
15925,-1832,1796,12404,CD,2,D1_pwm200_grab1
15930,3504,904,5452,CD,2,D1_pwm200_grab1
15935,5080,6080,12136,CD,2,D1_pwm200_grab1
15941,528,-1120,6284,CD,2,D1_pwm200_grab1
15945,220,-1988,9884,CD,2,D1_pwm200_grab1
15951,1216,796,14096,CD,2,D1_pwm200_grab1
15955,4248,-2116,11500,CD,2,D1_pwm200_grab1
15961,1476,-4884,6736,CD,2,D1_pwm200_grab1
15966,-5296,-1968,7432,CD,2,D1_pwm200_grab1
15970,2688,-3364,11840,CD,2,D1_pwm200_grab1
15976,1036,1184,9516,CD,2,D1_pwm200_grab1
15985,-840,-6592,5144,CD,2,D1_pwm200_grab1
15991,2340,-1036,7352,CD,2,D1_pwm200_grab1
15996,-896,2124,4560,CD,2,D1_pwm200_grab1
16006,2904,-1312,6416,CD,2,D1_pwm200_grab1
16010,-432,2076,12432,CD,2,D1_pwm200_grab1
16016,588,-3952,6444,CD,2,D1_pwm200_grab1
16021,-576,-1688,12700,CD,2,D1_pwm200_grab1
16025,-2280,1952,10356,CD,2,D1_pwm200_grab1
16030,1272,2384,6636,CD,2,D1_pwm200_grab1
16035,3956,4656,10472,CD,2,D1_pwm200_grab1
16041,-364,-1068,7384,CD,2,D1_pwm200_grab1
16045,584,-1320,9616,CD,2,D1_pwm200_grab1
16056,-3476,3264,14864,CD,2,D1_pwm200_grab1
16060,144,-3872,4088,CD,2,D1_pwm200_grab1
16065,-4584,-1248,6196,CD,2,D1_pwm200_grab1
16071,-2356,-1696,9688,CD,2,D1_pwm200_grab1
16075,576,-788,11036,CD,2,D1_pwm200_grab1
16080,-2904,1296,11508,CD,2,D1_pwm200_grab1
16086,-1212,-7280,5960,CD,2,D1_pwm200_grab1
16092,2328,-1700,9180,CD,2,D1_pwm200_grab1
16097,-1376,1788,6352,CD,2,D1_pwm200_grab1
16101,-1896,-760,9764,CD,2,D1_pwm200_grab1
16107,-2680,472,11684,CD,2,D1_pwm200_grab1
16111,416,976,9696,CD,2,D1_pwm200_grab1
16122,-1728,5652,14500,CD,2,D1_pwm200_grab1
16126,1544,-424,8764,CD,2,D1_pwm200_grab1
16136,5140,5984,13756,CD,2,D1_pwm200_grab1
16141,36,-920,8448,CD,2,D1_pwm200_grab1
16146,-1900,-3152,9484,CD,2,D1_pwm200_grab1
16152,3780,2308,15388,CD,2,D1_pwm200_grab1
16157,1832,-1036,12572,CD,2,D1_pwm200_grab1
16162,4184,-3604,13576,CD,2,D1_pwm200_grab1
16172,164,-748,12948,CD,2,D1_pwm200_grab1
16176,1180,640,11168,CD,2,D1_pwm200_grab1
16182,-1852,1776,15336,CD,2,D1_pwm200_grab1
16187,524,-5896,4684,CD,2,D1_pwm200_grab1
16191,3972,-2032,9076,CD,2,D1_pwm200_grab1
16197,400,2592,6752,CD,2,D1_pwm200_grab1
16201,976,48,12816,CD,2,D1_pwm200_grab1
16206,-2332,1120,12560,CD,2,D1_pwm200_grab1
16212,2384,2948,10104,CD,2,D1_pwm200_grab1
16216,1424,-3016,8536,CD,2,D1_pwm200_grab1
16221,576,-1704,10580,CD,2,D1_pwm200_grab1
16226,-896,2404,10880,CD,2,D1_pwm200_grab1
16236,6032,4468,10424,CD,2,D1_pwm200_grab1
16242,404,676,8824,CD,2,D1_pwm200_grab1
16246,-672,-1912,8912,CD,2,D1_pwm200_grab1
16251,5476,3220,12456,CD,2,D1_pwm200_grab1
16256,-1064,4628,12320,CD,2,D1_pwm200_grab1
16262,-100,-3640,4344,CD,2,D1_pwm200_grab1
16266,-1616,-552,4704,CD,2,D1_pwm200_grab1
16271,-76,-700,9256,CD,2,D1_pwm200_grab1
16276,708,-148,7920,CD,2,D1_pwm200_grab1
16281,-840,2412,14264,CD,2,D1_pwm200_grab1
16287,-864,-7544,2912,CD,2,D1_pwm200_grab1
16291,2716,-3920,6476,CD,2,D1_pwm200_grab1
16296,-960,1588,4708,CD,2,D1_pwm200_grab1
16306,2016,-1384,6236,CD,2,D1_pwm200_grab1
16311,-2572,2372,12024,CD,2,D1_pwm200_grab1
16317,-148,-5596,6316,CD,2,D1_pwm200_grab1
16322,-1512,-4308,9316,CD,2,D1_pwm200_grab1
16327,-1448,1168,11572,CD,2,D1_pwm200_grab1
16337,3848,4620,11176,CD,2,D1_pwm200_grab1
16343,-412,-1512,8412,CD,2,D1_pwm200_grab1
16347,-2200,-3472,8244,CD,2,D1_pwm200_grab1
16353,2772,2168,12560,CD,2,D1_pwm200_grab1
16358,752,-476,13000,CD,2,D1_pwm200_grab1
16362,644,-4864,8428,CD,2,D1_pwm200_grab1
16373,3228,-2820,10000,CD,2,D1_pwm200_grab1
16378,-3820,528,12724,CD,2,D1_pwm200_grab1
16382,-6888,-4544,11888,CD,2,D1_pwm200_grab1
16388,-1584,-6180,6480,CD,2,D1_pwm200_grab1
16392,2924,-2352,8968,CD,2,D1_pwm200_grab1
16398,-472,2776,8356,CD,2,D1_pwm200_grab1
16402,-2204,-992,10208,CD,2,D1_pwm200_grab1
16408,-1636,1076,12552,CD,2,D1_pwm200_grab1
16412,1656,1876,11144,CD,2,D1_pwm200_grab1
16423,-956,4908,12728,CD,2,D1_pwm200_grab1
16428,1564,2140,11872,CD,2,D1_pwm200_grab1
16437,3876,4188,12360,CD,2,D1_pwm200_grab1
16442,792,332,10712,CD,2,D1_pwm200_grab1
16447,308,-2068,9460,CD,2,D1_pwm200_grab1
16452,6356,4144,13552,CD,2,D1_pwm200_grab1
16458,2728,-128,11764,CD,2,D1_pwm200_grab1
16463,1564,-4068,9056,CD,2,D1_pwm200_grab1
16472,-1148,736,11640,CD,2,D1_pwm200_grab1
16477,-236,364,8040,CD,2,D1_pwm200_grab1
16483,5416,3728,13980,CD,2,D1_pwm200_grab1
16487,-1308,-5620,6676,CD,2,D1_pwm200_grab1
16493,6204,-3944,7352,CD,2,D1_pwm200_grab1
16497,-1456,1840,6840,CD,2,D1_pwm200_grab1
16502,-1888,-1224,9628,CD,2,D1_pwm200_grab1
16508,-1428,592,9676,CD,2,D1_pwm200_grab1
16512,-2852,2788,12304,CD,2,D1_pwm200_grab1
16523,-3056,-4468,10524,CD,2,D1_pwm200_grab1
16527,-712,2896,10004,CD,2,D1_pwm200_grab1
16537,1172,3612,9876,CD,2,D1_pwm200_grab1
16543,-432,172,8124,CD,2,D1_pwm200_grab1
16547,-1376,-2916,7172,CD,2,D1_pwm200_grab1
16552,6780,4564,14192,CD,2,D1_pwm200_grab1
16558,-2840,4132,15452,CD,2,D1_pwm200_grab1
16562,1036,-2220,6172,CD,2,D1_pwm200_grab1
16568,72,-780,6884,CD,2,D1_pwm200_grab1
16573,-4016,904,8472,CD,2,D1_pwm200_grab1
16577,-224,-1464,9572,CD,2,D1_pwm200_grab1
16583,3048,2168,9864,CD,2,D1_pwm200_grab1
16588,-1548,-6208,7172,CD,2,D1_pwm200_grab1
16592,824,-4144,5984,CD,2,D1_pwm200_grab1
16598,-1744,1588,9864,CD,2,D1_pwm200_grab1
16603,-4556,-1768,9180,CD,2,D1_pwm200_grab1
16608,-1956,396,10060,CD,2,D1_pwm200_grab1
16613,336,932,11060,CD,2,D1_pwm200_grab1
16623,-3132,2828,12252,CD,2,D1_pwm200_grab1
16629,2876,904,12592,CD,2,D1_pwm200_grab1
16633,5196,160,14344,CD,2,D1_pwm200_grab1
16638,-340,2876,8188,CD,2,D1_pwm200_grab1
16644,-100,-456,9164,CD,2,D1_pwm200_grab1
16648,-196,-2744,10320,CD,2,D1_pwm200_grab1
16654,7924,4928,15648,CD,2,D1_pwm200_grab1
16659,152,656,13056,CD,2,D1_pwm200_grab1
16663,432,-5124,9824,CD,2,D1_pwm200_grab1
16674,3352,-1904,11624,CD,2,D1_pwm200_grab1
16678,-1848,1792,11604,CD,2,D1_pwm200_grab1
16683,4312,2964,12812,CD,2,D1_pwm200_grab1
16688,-2228,-4496,8508,CD,2,D1_pwm200_grab1
16694,4148,-3004,8508,CD,2,D1_pwm200_grab1
16698,-304,2012,10028,CD,2,D1_pwm200_grab1
16704,-1904,-1220,11740,CD,2,D1_pwm200_grab1
16709,-1100,928,10472,CD,2,D1_pwm200_grab1
16713,3404,3256,12524,CD,2,D1_pwm200_grab1
16724,-1284,4032,11308,CD,2,D1_pwm200_grab1
16729,2580,3068,12424,CD,2,D1_pwm200_grab1
16734,8280,-1044,15156,CD,2,D1_pwm200_grab1
16739,3828,4044,13224,CD,2,D1_pwm200_grab1
16744,156,988,9404,CD,2,D1_pwm200_grab1
16748,1928,-724,11560,CD,2,D1_pwm200_grab1
16753,9588,6104,13128,CD,2,D1_pwm200_grab1
16759,-496,3204,14252,CD,2,D1_pwm200_grab1
16764,1892,-5548,8260,CD,2,D1_pwm200_grab1
16768,7036,-432,14952,CD,2,D1_pwm200_grab1
16773,-1320,1952,7780,CD,2,D1_pwm200_grab1
16779,-268,-912,7832,CD,2,D1_pwm200_grab1
16784,3956,3244,12124,CD,2,D1_pwm200_grab1
16789,-600,-3356,5708,CD,2,D1_pwm200_grab1
16794,2744,-5240,6076,CD,2,D1_pwm200_grab1
16799,1136,2352,10432,CD,2,D1_pwm200_grab1
16804,-4504,-1076,8728,CD,2,D1_pwm200_grab1
16808,660,8,7232,CD,2,D1_pwm200_grab1
16813,-3928,1832,10000,CD,2,D1_pwm200_grab1
16818,-3880,-2200,11784,CD,2,D1_pwm200_grab1
16823,-2704,-6160,8628,CD,2,D1_pwm200_grab1
16829,980,1112,9700,CD,2,D1_pwm200_grab1
16833,7356,-2976,14028,CD,2,D1_pwm200_grab1
16838,1032,3144,9752,CD,2,D1_pwm200_grab1
16843,-1160,-1212,9320,CD,2,D1_pwm200_grab1
16848,1120,-2196,10516,CD,2,D1_pwm200_grab1
16854,5656,3492,13628,CD,2,D1_pwm200_grab1
16859,-2332,720,13672,CD,2,D1_pwm200_grab1
16864,-656,-5960,7872,CD,2,D1_pwm200_grab1
16874,2792,-2528,10808,CD,2,D1_pwm200_grab1
16879,-1676,512,9608,CD,2,D1_pwm200_grab1
16885,-6200,-4680,14420,CD,2,D1_pwm200_grab1
16890,-2144,-9188,6680,CD,2,D1_pwm200_grab1
16896,1280,500,11576,CD,2,D1_pwm200_grab1
16899,-3052,1408,10296,CD,2,D1_pwm200_grab1
16904,-2884,-732,9440,CD,2,D1_pwm200_grab1
16909,-1068,32,10132,CD,2,D1_pwm200_grab1
16914,1524,1884,10652,CD,2,D1_pwm200_grab1
16919,6788,-576,11664,CD,2,D1_pwm200_grab1
16924,-596,4180,12392,CD,2,D1_pwm200_grab1
16929,-176,228,11668,CD,2,D1_pwm200_grab1
16934,5192,808,15340,CD,2,D1_pwm200_grab1
16939,780,3932,11944,CD,2,D1_pwm200_grab1
16944,1088,324,10180,CD,2,D1_pwm200_grab1
16950,956,-1732,10984,CD,2,D1_pwm200_grab1
16954,6472,4604,14208,CD,2,D1_pwm200_grab1
16959,308,1892,14004,CD,2,D1_pwm200_grab1
16964,1992,-4176,9012,CD,2,D1_pwm200_grab1
16974,5604,-3180,9404,CD,2,D1_pwm200_grab1
16979,-1604,1188,11200,CD,2,D1_pwm200_grab1
16985,3796,2536,14208,CD,2,D1_pwm200_grab1
16990,-2076,-5104,6640,CD,2,D1_pwm200_grab1
16994,5764,-3536,7408,CD,2,D1_pwm200_grab1
16999,112,2628,10668,CD,2,D1_pwm200_grab1
17004,-388,-452,9456,CD,2,D1_pwm200_grab1
17010,-204,964,9008,CD,2,D1_pwm200_grab1
17015,2720,3084,7864,CD,2,D1_pwm200_grab1
17024,-1592,-3844,10636,CD,2,D1_pwm200_grab1
17029,3020,2348,10644,CD,2,D1_pwm200_grab1
17040,3316,3900,11460,CD,2,D1_pwm200_grab1
17045,-864,-12,7176,CD,2,D1_pwm200_grab1
17050,1248,-1036,7948,CD,2,D1_pwm200_grab1
17054,3832,2268,14304,CD,2,D1_pwm200_grab1
17059,448,464,10560,CD,2,D1_pwm200_grab1
17064,1520,-3372,9092,CD,2,D1_pwm200_grab1
17069,1092,-120,5736,CD,2,D1_pwm200_grab1
17075,-2008,-1960,9744,CD,2,D1_pwm200_grab1
17080,-1008,-816,8040,CD,2,D1_pwm200_grab1
17085,-6788,464,9352,CD,2,D1_pwm200_grab1
17089,-1316,-6932,7088,CD,2,D1_pwm200_grab1
17095,-396,-2384,7276,CD,2,D1_pwm200_grab1
17099,-1540,1412,7884,CD,2,D1_pwm200_grab1
17105,-1692,-396,10824,CD,2,D1_pwm200_grab1
17110,-1952,960,10184,CD,2,D1_pwm200_grab1
17116,-1488,32,7816,CD,2,D1_pwm200_grab1
17125,-3448,4680,14052,CD,2,D1_pwm200_grab1
17130,1144,-2024,9484,CD,2,D1_pwm200_grab1
17136,5280,-160,11896,CD,2,D1_pwm200_grab1
17140,-2116,2332,7636,CD,2,D1_pwm200_grab1
17145,-800,-2084,11400,CD,2,D1_pwm200_grab1
17152,2684,1880,10292,CD,2,D1_pwm200_grab1
17156,3188,1240,15268,CD,2,D1_pwm200_grab1
17160,-600,-1812,11100,CD,2,D1_pwm200_grab1
17166,3340,-2380,12788,CD,2,D1_pwm200_grab1
17175,3548,-1968,9236,CD,2,D1_pwm200_grab1
17180,-3416,1848,15708,CD,2,D1_pwm200_grab1
17185,-3400,-3400,4384,CD,2,D1_pwm200_grab1
17190,-2744,-4628,11704,CD,2,D1_pwm200_grab1
17196,3088,-84,11004,CD,2,D1_pwm200_grab1
17200,-728,2284,7976,CD,2,D1_pwm200_grab1
17205,3096,948,13836,CD,2,D1_pwm200_grab1
17211,-2812,1508,12384,CD,2,D1_pwm200_grab1
17215,1460,1220,10744,CD,2,D1_pwm200_grab1
17226,-1856,5336,15088,CD,2,D1_pwm200_grab1
17230,996,-2348,6816,CD,2,D1_pwm200_grab1
17236,1080,712,6680,CD,2,D1_pwm200_grab1
17241,7428,6508,12832,CD,2,D1_pwm200_grab1
17245,572,-1080,6972,CD,2,D1_pwm200_grab1
17250,476,-1444,10668,CD,2,D1_pwm200_grab1
17255,3720,768,11928,CD,2,D1_pwm200_grab1
17260,2764,-780,11020,CD,2,D1_pwm200_grab1
17265,3512,-1900,12176,CD,2,D1_pwm200_grab1
17276,3056,-1756,6752,CD,2,D1_pwm200_grab1
17281,1328,1444,8668,CD,2,D1_pwm200_grab1
17291,408,-7020,1908,CD,2,D1_pwm200_grab1
17295,2988,-480,9664,CD,2,D1_pwm200_grab1
17301,1728,2424,6704,CD,2,D1_pwm200_grab1
17306,1068,2216,10668,CD,2,D1_pwm200_grab1
17311,-1656,1292,11104,CD,2,D1_pwm200_grab1
17315,1968,1624,10248,CD,2,D1_pwm200_grab1
17326,2024,52,8216,CD,2,D1_pwm200_grab1
17330,-3352,68,10004,CD,2,D1_pwm200_grab1
17335,3660,1800,7104,CD,2,D1_pwm200_grab1
17340,2540,6180,6548,CD,2,D1_pwm200_grab1
17346,464,-1120,5836,CD,2,D1_pwm200_grab1
17350,496,-3120,10308,CD,2,D1_pwm200_grab1
17355,2316,248,11624,CD,2,D1_pwm200_grab1
17361,1568,-3960,9200,CD,2,D1_pwm200_grab1
17367,3036,-2920,10928,CD,2,D1_pwm200_grab1
17377,2888,-2164,6668,CD,2,D1_pwm200_grab1
17382,-1424,1892,14544,CD,2,D1_pwm200_grab1
17387,-3804,-4660,2308,CD,2,D1_pwm200_grab1
17392,0,-3120,11576,CD,2,D1_pwm200_grab1
17396,-2172,2656,9696,CD,2,D1_pwm200_grab1
17401,6220,2908,16916,CD,2,D1_pwm200_grab1
17406,720,4092,10652,CD,2,D1_pwm200_grab1
17411,-2136,440,15336,CD,2,D1_pwm200_grab1
17417,-168,-576,8652,CD,2,D1_pwm200_grab1
17426,-3020,3868,15944,CD,2,D1_pwm200_grab1
17432,-816,-5436,5960,CD,2,D1_pwm200_grab1
17436,-1288,824,7128,CD,2,D1_pwm200_grab1
17442,428,-1928,13264,CD,2,D1_pwm200_grab1
17447,484,-1464,10968,CD,2,D1_pwm200_grab1
17452,1500,-1580,10964,CD,2,D1_pwm200_grab1
17457,832,-148,14016,CD,2,D1_pwm200_grab1
17461,4276,-2884,10492,CD,2,D1_pwm200_grab1
17467,804,-1804,14204,CD,2,D1_pwm200_grab1
17476,3164,-1540,9732,CD,2,D1_pwm200_grab1
17481,412,3140,16036,CD,2,D1_pwm200_grab1
17486,-1928,-4144,6096,CD,3,D1_pwm200_grab1
17491,1864,-720,9868,CD,3,D1_pwm200_grab1
17497,3872,-664,11624,CD,3,D1_pwm200_grab1
17502,2188,2092,7624,CD,3,D1_pwm200_grab1
17507,2208,1744,12676,CD,3,D1_pwm200_grab1
17511,-868,1184,12020,CD,3,D1_pwm200_grab1
17516,1004,92,10848,CD,3,D1_pwm200_grab1
17527,-236,4596,15072,CD,3,D1_pwm200_grab1
17532,264,-5092,5012,CD,3,D1_pwm200_grab1
17537,3552,-92,4500,CD,3,D1_pwm200_grab1
17541,3480,4472,7344,CD,3,D1_pwm200_grab1
17547,460,-1424,6568,CD,3,D1_pwm200_grab1
17551,2308,-464,7984,CD,3,D1_pwm200_grab1
17556,1900,1080,14028,CD,3,D1_pwm200_grab1
17561,3332,-2952,7312,CD,3,D1_pwm200_grab1
17566,956,-1996,10952,CD,3,D1_pwm200_grab1
17576,3376,-1148,6596,CD,3,D1_pwm200_grab1
17581,-912,944,8828,CD,3,D1_pwm200_grab1
17596,1772,-184,8952,CD,3,D1_pwm200_grab1
17601,-220,688,6004,CD,3,D1_pwm200_grab1
17606,1276,1576,10924,CD,3,D1_pwm200_grab1
17611,-1680,932,12256,CD,3,D1_pwm200_grab1
17616,20,-364,8188,CD,3,D1_pwm200_grab1
17628,-3520,4012,13044,CD,3,D1_pwm200_grab1
17632,-596,-5744,6124,CD,3,D1_pwm200_grab1
17638,-864,1008,5428,CD,3,D1_pwm200_grab1
17642,-252,-2852,11100,CD,3,D1_pwm200_grab1
17648,-456,-1412,9296,CD,3,D1_pwm200_grab1
17664,1948,-740,10372,CD,3,D1_pwm200_grab1
17667,648,-2152,13088,CD,3,D1_pwm200_grab1
17677,2340,-1504,7188,CD,3,D1_pwm200_grab1
17682,-620,2404,15976,CD,3,D1_pwm200_grab1
17688,-908,-4700,5936,CD,3,D1_pwm200_grab1
17692,-120,-856,11764,CD,3,D1_pwm200_grab1
17698,-456,2932,12672,CD,3,D1_pwm200_grab1
17707,1080,2248,14536,CD,3,D1_pwm200_grab1
17713,-1468,1328,13204,CD,3,D1_pwm200_grab1
17718,-100,-488,10048,CD,3,D1_pwm200_grab1
17728,-2084,4472,15792,CD,3,D1_pwm200_grab1
17733,1616,-5740,5776,CD,3,D1_pwm200_grab1
17737,1888,1376,9024,CD,3,D1_pwm200_grab1
17742,92,-2444,13404,CD,3,D1_pwm200_grab1
17748,1432,-456,11952,CD,3,D1_pwm200_grab1
17752,2404,-912,10784,CD,3,D1_pwm200_grab1
17758,3436,964,14464,CD,3,D1_pwm200_grab1
17763,2932,-1792,9388,CD,3,D1_pwm200_grab1
17767,3132,-1816,14120,CD,3,D1_pwm200_grab1
17778,3236,-1576,9000,CD,3,D1_pwm200_grab1
17782,428,3672,14756,CD,3,D1_pwm200_grab1
17788,-1860,-2856,3624,CD,3,D1_pwm200_grab1
17793,24,-7060,1520,CD,3,D1_pwm200_grab1
17797,2876,-300,9572,CD,3,D1_pwm200_grab1
17802,2328,1768,6232,CD,3,D1_pwm200_grab1
17807,2284,-100,11432,CD,3,D1_pwm200_grab1
17812,-1308,968,11320,CD,3,D1_pwm200_grab1
17818,1796,940,10088,CD,3,D1_pwm200_grab1
17828,-2028,4112,15624,CD,3,D1_pwm200_grab1
17832,580,-4784,4880,CD,3,D1_pwm200_grab1
17837,3336,1076,5920,CD,3,D1_pwm200_grab1
17842,2436,5904,6572,CD,3,D1_pwm200_grab1
17847,428,-1336,5644,CD,3,D1_pwm200_grab1
17852,312,-3076,10116,CD,3,D1_pwm200_grab1
17858,2360,344,11840,CD,3,D1_pwm200_grab1
17862,1376,-3844,9044,CD,3,D1_pwm200_grab1
17867,2720,-2688,11544,CD,3,D1_pwm200_grab1
17878,2980,-2556,7140,CD,3,D1_pwm200_grab1
17884,-1032,1944,14680,CD,3,D1_pwm200_grab1
17888,-5040,-4708,2240,CD,3,D1_pwm200_grab1
17893,-96,-3116,10924,CD,3,D1_pwm200_grab1
17899,-2108,2388,9500,CD,3,D1_pwm200_grab1
17904,8144,1928,19300,CD,3,D1_pwm200_grab1
17908,-196,4176,10832,CD,3,D1_pwm200_grab1
17913,396,-1768,9160,CD,3,D1_pwm200_grab1
17918,-1984,-3432,7616,CD,3,D1_pwm200_grab1
17928,-2304,4032,16312,CD,3,D1_pwm200_grab1
17934,-492,-4916,6284,CD,3,D1_pwm200_grab1
17938,688,1036,8008,CD,3,D1_pwm200_grab1
17943,100,-1508,13512,CD,3,D1_pwm200_grab1
17948,364,-1332,10552,CD,3,D1_pwm200_grab1
17953,-6544,1808,10832,CD,3,D1_pwm200_grab1
17959,-808,-6704,7176,CD,3,D1_pwm200_grab1
17963,1176,-1228,12492,CD,3,D1_pwm200_grab1
17969,1656,-1824,15292,CD,3,D1_pwm200_grab1
17978,3772,-2324,10196,CD,3,D1_pwm200_grab1
17984,-1912,1776,14884,CD,3,D1_pwm200_grab1
17989,-3008,-3360,5076,CD,3,D1_pwm200_grab1
17994,1676,-496,9612,CD,3,D1_pwm200_grab1
17998,740,2744,11824,CD,3,D1_pwm200_grab1
18008,2612,1040,13024,CD,3,D1_pwm200_grab1
18013,-1212,1648,14480,CD,3,D1_pwm200_grab1
18018,1172,348,10316,CD,3,D1_pwm200_grab1
18029,476,4056,15460,CD,3,D1_pwm200_grab1
18033,636,-2932,6788,CD,3,D1_pwm200_grab1
18038,2696,852,8580,CD,3,D1_pwm200_grab1
18044,-184,952,11580,CD,3,D1_pwm200_grab1
18048,64,-700,6140,CD,3,D1_pwm200_grab1
18053,-108,-1852,8984,CD,3,D1_pwm200_grab1
18059,2452,1328,14096,CD,3,D1_pwm200_grab1
18064,4248,-1856,10744,CD,3,D1_pwm200_grab1
18069,1492,-1604,11604,CD,3,D1_pwm200_grab1
18078,3480,-1540,6912,CD,3,D1_pwm200_grab1
18083,-120,3876,14144,CD,3,D1_pwm200_grab1
18089,-2908,-3144,5236,CD,3,D1_pwm200_grab1
18093,-1184,-6780,4492,CD,3,D1_pwm200_grab1
18098,1452,-532,8128,CD,3,D1_pwm200_grab1
18103,-756,1596,4952,CD,3,D1_pwm200_grab1
18108,1396,860,11008,CD,3,D1_pwm200_grab1
18113,-2120,1536,10892,CD,3,D1_pwm200_grab1
18119,-372,-448,7668,CD,3,D1_pwm200_grab1
18129,-3672,4064,13696,CD,3,D1_pwm200_grab1
18134,-652,-3284,5936,CD,3,D1_pwm200_grab1
18140,1080,892,6068,CD,3,D1_pwm200_grab1
18145,-2588,976,8084,CD,3,D1_pwm200_grab1
18149,-1036,-2196,9448,CD,3,D1_pwm200_grab1
18154,2332,676,12948,CD,3,D1_pwm200_grab1
18159,-2776,-8348,6264,CD,3,D1_pwm200_grab1
18164,1812,-4836,7064,CD,3,D1_pwm200_grab1
18170,-3260,648,8480,CD,3,D1_pwm200_grab1
18174,-3988,0,9144,CD,3,D1_pwm200_grab1
18179,2964,-2032,7836,CD,3,D1_pwm200_grab1
18184,-3900,1392,13108,CD,3,D1_pwm200_grab1
18190,-2884,-3700,5112,CD,3,D1_pwm200_grab1
18195,-3580,-5480,10580,CD,3,D1_pwm200_grab1
18200,240,3120,12744,CD,3,D1_pwm200_grab1
18210,1528,4844,11952,CD,3,D1_pwm200_grab1
18215,-808,-1212,12100,CD,3,D1_pwm200_grab1
18219,208,76,9780,CD,3,D1_pwm200_grab1
18229,-2012,5104,16468,CD,3,D1_pwm200_grab1
18234,796,-1704,8036,CD,3,D1_pwm200_grab1
18240,4088,788,10148,CD,3,D1_pwm200_grab1
18244,-2304,1928,10628,CD,3,D1_pwm200_grab1
18249,708,-532,10948,CD,3,D1_pwm200_grab1
18255,3892,1992,13144,CD,3,D1_pwm200_grab1
18260,-896,-6428,6820,CD,3,D1_pwm200_grab1
18264,1964,-1176,12492,CD,3,D1_pwm200_grab1
18269,3780,-1384,13564,CD,3,D1_pwm200_grab1
18279,3776,-2204,9164,CD,3,D1_pwm200_grab1
18285,-1232,2984,14640,CD,3,D1_pwm200_grab1
18290,-3604,-2240,3492,CD,3,D1_pwm200_grab1
18295,-2388,-4404,10176,CD,3,D1_pwm200_grab1
18300,2316,2036,10380,CD,3,D1_pwm200_grab1
18305,368,2328,7896,CD,3,D1_pwm200_grab1
18309,1824,-660,11332,CD,3,D1_pwm200_grab1
18314,-1532,2368,11716,CD,3,D1_pwm200_grab1
18319,1984,1144,9324,CD,3,D1_pwm200_grab1
18329,-2052,4404,15428,CD,3,D1_pwm200_grab1
18334,3676,-1964,8324,CD,3,D1_pwm200_grab1
18339,3868,-288,8892,CD,3,D1_pwm200_grab1
18345,-1244,1172,8508,CD,3,D1_pwm200_grab1
18350,412,-1052,5912,CD,3,D1_pwm200_grab1
18354,-348,-2344,8420,CD,3,D1_pwm200_grab1
18359,2432,636,11852,CD,3,D1_pwm200_grab1
18364,116,-1808,10828,CD,3,D1_pwm200_grab1
18369,2168,-2524,10320,CD,3,D1_pwm200_grab1
18380,3296,-3052,7648,CD,3,D1_pwm200_grab1
18385,-2880,2016,11440,CD,3,D1_pwm200_grab1
18390,-6248,-4604,4616,CD,3,D1_pwm200_grab1
18395,-2944,-6656,10872,CD,3,D1_pwm200_grab1
18401,-916,2560,9448,CD,3,D1_pwm200_grab1
18405,84,-2524,6056,CD,3,D1_pwm200_grab1
18410,-1340,3504,10916,CD,3,D1_pwm200_grab1
18416,-1480,-104,9592,CD,3,D1_pwm200_grab1
18420,-280,-2344,9388,CD,3,D1_pwm200_grab1
18426,8684,4644,12412,CD,3,D1_pwm200_grab1
18432,-2664,1024,11952,CD,3,D1_pwm200_grab1
18436,1160,-1476,9600,CD,3,D1_pwm200_grab1
18441,5012,-304,13200,CD,3,D1_pwm200_grab1
18445,-2504,2068,7488,CD,3,D1_pwm200_grab1
18450,-744,-1784,9360,CD,3,D1_pwm200_grab1
18455,504,1380,9120,CD,3,D1_pwm200_grab1
18460,-1996,-5448,8144,CD,3,D1_pwm200_grab1
18465,1744,-4380,7544,CD,3,D1_pwm200_grab1
18470,-148,1568,12372,CD,3,D1_pwm200_grab1
18480,4468,-3264,10512,CD,3,D1_pwm200_grab1
18485,-2764,1432,11884,CD,3,D1_pwm200_grab1
18490,-3788,-3340,11912,CD,3,D1_pwm200_grab1
18496,-1324,-7456,9056,CD,3,D1_pwm200_grab1
18501,2404,3228,12372,CD,3,D1_pwm200_grab1
18505,-5460,708,3600,CD,3,D1_pwm200_grab1
18510,3828,4164,13352,CD,3,D1_pwm200_grab1
18516,-1428,720,11040,CD,3,D1_pwm200_grab1
18520,1400,1752,11456,CD,3,D1_pwm200_grab1
18531,420,5392,13044,CD,3,D1_pwm200_grab1
18535,2440,-76,11524,CD,3,D1_pwm200_grab1
18541,7504,1236,16372,CD,3,D1_pwm200_grab1
18545,2292,2012,7764,CD,3,D1_pwm200_grab1
18551,-824,-1552,6948,CD,3,D1_pwm200_grab1
18556,2216,2092,10016,CD,3,D1_pwm200_grab1
18565,1864,1480,11912,CD,3,D1_pwm200_grab1
18571,512,-3608,8372,CD,3,D1_pwm200_grab1
18580,3668,-2928,11424,CD,3,D1_pwm200_grab1
18586,204,2748,9712,CD,3,D1_pwm200_grab1
18590,-6224,-1148,13556,CD,3,D1_pwm200_grab1
18595,96,-7120,4324,CD,3,D1_pwm200_grab1
18600,2732,1184,10276,CD,3,D1_pwm200_grab1
18606,-468,1296,10220,CD,3,D1_pwm200_grab1
18611,-5676,-1308,8128,CD,3,D1_pwm200_grab1
18615,120,1200,6416,CD,3,D1_pwm200_grab1
18620,2712,3544,11824,CD,3,D1_pwm200_grab1
18625,6772,-1748,13512,CD,3,D1_pwm200_grab1
18630,992,2296,9304,CD,3,D1_pwm200_grab1
18636,-2348,-1040,11168,CD,3,D1_pwm200_grab1
18641,3392,708,4456,CD,3,D1_pwm200_grab1
18647,1644,4728,5408,CD,3,D1_pwm200_grab1
18651,-124,-1564,4852,CD,3,D1_pwm200_grab1
18657,648,-2292,9800,CD,3,D1_pwm200_grab1
18661,2672,-12,11380,CD,3,D1_pwm200_grab1
18667,1456,-4028,8404,CD,3,D1_pwm200_grab1
18672,2488,-2140,12480,CD,3,D1_pwm200_grab1
18681,3412,-2172,6656,CD,3,D1_pwm200_grab1
18686,-1732,2060,13260,CD,3,D1_pwm200_grab1
18702,1060,-2028,8824,CD,3,D1_pwm200_grab1
18707,-1800,1268,6564,CD,3,D1_pwm200_grab1
18711,584,1160,11776,CD,3,D1_pwm200_grab1
18716,-2744,584,15612,CD,3,D1_pwm200_grab1
18721,-244,164,7728,CD,3,D1_pwm200_grab1
18731,-1720,-2140,11544,CD,3,D1_pwm200_grab1
18736,-1800,1368,13152,CD,3,D1_pwm200_grab1
18742,6656,3180,18480,CD,3,D1_pwm200_grab1
18746,5140,6184,11824,CD,3,D1_pwm200_grab1
18751,-376,-1216,10824,CD,3,D1_pwm200_grab1
18756,-580,-2080,8848,CD,3,D1_pwm200_grab1
18761,2440,2096,15016,CD,3,D1_pwm200_grab1
18766,3456,-1484,12336,CD,3,D1_pwm200_grab1
18771,1220,-1684,12664,CD,3,D1_pwm200_grab1
18777,-1536,416,9788,CD,3,D1_pwm200_grab1
18781,-892,-1252,11980,CD,3,D1_pwm200_grab1
18786,920,256,10792,CD,3,D1_pwm200_grab1
18792,704,1936,14704,CD,3,D1_pwm200_grab1
18797,-1004,-6300,5148,CD,3,D1_pwm200_grab1
18801,5212,-2108,9796,CD,3,D1_pwm200_grab1
18806,348,1952,7196,CD,3,D1_pwm200_grab1
18811,-1408,-420,10048,CD,3,D1_pwm200_grab1
18817,3292,-976,8308,CD,3,D1_pwm200_grab1
18822,-784,3348,14804,CD,3,D1_pwm200_grab1
18826,-1536,-3252,2508,CD,3,D1_pwm200_grab1
18832,-2648,-2640,10468,CD,3,D1_pwm200_grab1
18836,1824,1556,10004,CD,3,D1_pwm200_grab1
18846,2764,4144,11232,CD,3,D1_pwm200_grab1
18851,472,0,8180,CD,3,D1_pwm200_grab1
18856,2384,-560,7848,CD,3,D1_pwm200_grab1
18866,-2740,4380,14952,CD,3,D1_pwm200_grab1
18872,4712,-2372,9112,CD,3,D1_pwm200_grab1
18877,3772,-988,10584,CD,3,D1_pwm200_grab1
18881,28,880,8152,CD,3,D1_pwm200_grab1
18887,-1788,-1572,8076,CD,3,D1_pwm200_grab1
18892,2188,2896,7436,CD,3,D1_pwm200_grab1
18896,-3164,-6936,7332,CD,3,D1_pwm200_grab1
18902,3160,-3340,6428,CD,3,D1_pwm200_grab1
18908,-788,676,10740,CD,3,D1_pwm200_grab1
18912,-7724,-1488,6824,CD,3,D1_pwm200_grab1
18917,376,568,7116,CD,3,D1_pwm200_grab1
18923,236,2268,11440,CD,3,D1_pwm200_grab1
18927,5364,-3500,14060,CD,3,D1_pwm200_grab1
18933,-1424,308,9792,CD,3,D1_pwm200_grab1
18937,-3092,-840,12160,CD,3,D1_pwm200_grab1
18942,1844,2328,7580,CD,3,D1_pwm200_grab1
18947,1244,3336,11456,CD,3,D1_pwm200_grab1
18953,-1948,608,12232,CD,3,D1_pwm200_grab1
18957,-1464,-2516,10568,CD,3,D1_pwm200_grab1
18963,10292,4708,5152,CD,3,D1_pwm200_grab1
18967,-2716,2212,13328,CD,3,D1_pwm200_grab1
18972,-200,-5324,5528,CD,3,D1_pwm200_grab1
18977,-4624,-652,10748,CD,3,D1_pwm200_grab1
18982,-720,-2516,10928,CD,3,D1_pwm200_grab1
18988,-644,-2836,7880,CD,3,D1_pwm200_grab1
18992,-236,-2472,8548,CD,3,D1_pwm200_grab1
18997,2120,36,14520,CD,3,D1_pwm200_grab1
19002,1852,-3608,9744,CD,3,D1_pwm200_grab1
19007,1492,-792,14700,CD,3,D1_pwm200_grab1
19018,2960,-832,9292,CD,3,D1_pwm200_grab1
19022,-2512,2864,14192,CD,3,D1_pwm200_grab1
19027,-2164,-3712,4152,CD,3,D1_pwm200_grab1
19032,36,-7140,5060,CD,3,D1_pwm200_grab1
19038,3456,1000,10140,CD,3,D1_pwm200_grab1
19043,-220,1856,7224,CD,3,D1_pwm200_grab1
19047,2828,128,13348,CD,3,D1_pwm200_grab1
19053,-2000,1880,11784,CD,3,D1_pwm200_grab1
19058,1724,1780,9992,CD,3,D1_pwm200_grab1
19067,-1752,6012,15616,CD,3,D1_pwm200_grab1
19073,532,2932,11552,CD,3,D1_pwm200_grab1
19082,3656,4480,12404,CD,3,D1_pwm200_grab1
19088,580,-196,6972,CD,3,D1_pwm200_grab1
19093,2172,-836,10004,CD,3,D1_pwm200_grab1
19097,5588,4740,13400,CD,3,D1_pwm200_grab1
19102,-104,1300,12088,CD,3,D1_pwm200_grab1
19107,1960,-3088,7908,CD,3,D1_pwm200_grab1
19117,1560,1692,8080,CD,3,D1_pwm200_grab1
19122,-976,-948,6660,CD,3,D1_pwm200_grab1
19127,2084,1528,9520,CD,3,D1_pwm200_grab1
19132,-1572,-4420,4408,CD,3,D1_pwm200_grab1
19137,3752,-3152,7524,CD,3,D1_pwm200_grab1
19142,1668,2040,11456,CD,3,D1_pwm200_grab1
19147,-8088,-2900,7048,CD,3,D1_pwm200_grab1
19153,1568,656,5604,CD,3,D1_pwm200_grab1
19158,1312,2460,14752,CD,3,D1_pwm200_grab1
19164,3116,-4112,11244,CD,3,D1_pwm200_grab1
19169,-2044,680,12004,CD,3,D1_pwm200_grab1
19173,-2960,248,10264,CD,3,D1_pwm200_grab1
19178,824,80,4156,CD,3,D1_pwm200_grab1
19184,3932,5696,9888,CD,3,D1_pwm200_grab1
19189,-656,-2416,7436,CD,3,D1_pwm200_grab1
19194,-2344,-3232,6892,CD,3,D1_pwm200_grab1
19198,1740,-728,15320,CD,3,D1_pwm200_grab1
19204,-2900,2192,13832,CD,3,D1_pwm200_grab1
19208,320,-4808,4008,CD,3,D1_pwm200_grab1
19214,-2972,584,7696,CD,3,D1_pwm200_grab1
19218,-1404,-1428,9216,CD,3,D1_pwm200_grab1
19224,-1104,-288,10132,CD,3,D1_pwm200_grab1
19234,-1420,-6696,6532,CD,3,D1_pwm200_grab1
19238,552,-3104,6936,CD,3,D1_pwm200_grab1
19244,60,-1468,15120,CD,3,D1_pwm200_grab1
19253,3200,-2064,10784,CD,3,D1_pwm200_grab1
19258,-3684,1776,11424,CD,3,D1_pwm200_grab1
19264,-5488,-4524,5560,CD,3,D1_pwm200_grab1
19269,-2512,-5340,10788,CD,3,D1_pwm200_grab1
19273,1288,3188,11764,CD,3,D1_pwm200_grab1
19278,-1416,-1520,6184,CD,3,D1_pwm200_grab1
19284,920,4568,13656,CD,3,D1_pwm200_grab1
19289,-1804,1292,13036,CD,3,D1_pwm200_grab1
19294,972,1048,9776,CD,3,D1_pwm200_grab1
19303,-656,5436,14480,CD,3,D1_pwm200_grab1
19309,2388,-880,12696,CD,3,D1_pwm200_grab1
19313,6296,1220,17000,CD,3,D1_pwm200_grab1
19319,2320,2484,8556,CD,3,D1_pwm200_grab1
19323,-1088,-1648,8428,CD,3,D1_pwm200_grab1
19328,1852,-1048,11284,CD,3,D1_pwm200_grab1
19333,6420,5316,15244,CD,3,D1_pwm200_grab1
19338,964,1020,12880,CD,3,D1_pwm200_grab1
19343,464,-3316,7444,CD,3,D1_pwm200_grab1
19354,3668,-2656,9540,CD,3,D1_pwm200_grab1
19358,2048,2340,12220,CD,3,D1_pwm200_grab1
19363,-4824,-3328,15720,CD,3,D1_pwm200_grab1
19368,408,-7216,3108,CD,3,D1_pwm200_grab1
19374,4920,-2884,7104,CD,3,D1_pwm200_grab1
19378,564,2464,11492,CD,3,D1_pwm200_grab1
19384,-5600,-1320,8200,CD,3,D1_pwm200_grab1
19388,1944,596,6072,CD,3,D1_pwm200_grab1
19393,1876,2652,11084,CD,3,D1_pwm200_grab1
19398,3556,-2868,13124,CD,3,D1_pwm200_grab1
19404,-824,1352,9732,CD,3,D1_pwm200_grab1
19408,-2536,-228,10284,CD,3,D1_pwm200_grab1
19414,1820,732,5356,CD,3,D1_pwm200_grab1
19420,4748,5304,9284,CD,3,D1_pwm200_grab1
19424,-320,-2684,5916,CD,3,D1_pwm200_grab1
19429,-852,-2436,9532,CD,3,D1_pwm200_grab1
19434,668,-1068,12212,CD,3,D1_pwm200_grab1
19440,888,-3388,9904,CD,3,D1_pwm200_grab1
19444,788,-2152,12244,CD,3,D1_pwm200_grab1
19454,2988,-2504,8308,CD,3,D1_pwm200_grab1
19459,-1028,-544,8484,CD,3,D1_pwm200_grab1
19469,-2548,-7556,4112,CD,3,D1_pwm200_grab1
19474,1788,-720,9528,CD,3,D1_pwm200_grab1
19480,-2700,132,6732,CD,3,D1_pwm200_grab1
19484,-728,-164,10688,CD,3,D1_pwm200_grab1
19489,-2040,252,10620,CD,3,D1_pwm200_grab1
19495,520,1020,8728,CD,3,D1_pwm200_grab1
19500,-3712,-4252,6776,CD,3,D1_pwm200_grab1
19504,-2444,-2556,12120,CD,3,D1_pwm200_grab1
19509,816,2596,12460,CD,3,D1_pwm200_grab1
19519,908,4276,10680,CD,3,D1_pwm200_grab1
19524,4,-40,10940,CD,3,D1_pwm200_grab1
19530,812,-1248,10544,CD,3,D1_pwm200_grab1
19535,7360,4532,15764,CD,3,D1_pwm200_grab1
19540,-712,1924,13960,CD,3,D1_pwm200_grab1
19544,3200,-2044,8380,CD,3,D1_pwm200_grab1
19549,7540,1660,17552,CD,3,D1_pwm200_grab1
19554,-440,1968,9640,CD,3,D1_pwm200_grab1
19559,-1064,-1680,9900,CD,3,D1_pwm200_grab1
19564,2160,2824,8964,CD,3,D1_pwm200_grab1
19569,-1652,-3384,8936,CD,3,D1_pwm200_grab1
19574,6240,-3648,8348,CD,3,D1_pwm200_grab1
19579,1732,2304,13968,CD,3,D1_pwm200_grab1
19589,2680,-2352,12032,CD,3,D1_pwm200_grab1
19595,-164,2228,10848,CD,3,D1_pwm200_grab1
19600,-3960,-2728,15364,CD,3,D1_pwm200_grab1
19604,-1944,-5700,7452,CD,3,D1_pwm200_grab1
19610,4324,688,10564,CD,3,D1_pwm200_grab1
19614,-592,32,5732,CD,3,D1_pwm200_grab1
19619,3964,1972,11884,CD,3,D1_pwm200_grab1
19624,-1016,592,11616,CD,3,D1_pwm200_grab1
19629,2492,2680,14464,CD,3,D1_pwm200_grab1
19634,5000,-856,9960,CD,3,D1_pwm200_grab1
19639,-1072,1568,12732,CD,3,D1_pwm200_grab1
19645,-2052,-856,10000,CD,3,D1_pwm200_grab1
19650,2816,3928,10428,CD,3,D1_pwm200_grab1
19655,4144,5900,9588,CD,3,D1_pwm200_grab1
19660,20,-1628,6580,CD,3,D1_pwm200_grab1
19665,-616,-1088,7000,CD,3,D1_pwm200_grab1
19670,2624,908,14100,CD,3,D1_pwm200_grab1
19675,4,-2748,8892,CD,3,D1_pwm200_grab1
19680,1064,-1640,10228,CD,3,D1_pwm200_grab1
19691,3156,-2324,7772,CD,3,D1_pwm200_grab1
19695,-5288,904,9912,CD,3,D1_pwm200_grab1
19701,-3696,-4492,14800,CD,3,D1_pwm200_grab1
19705,-4180,-5256,11132,CD,3,D1_pwm200_grab1
19710,276,748,9848,CD,3,D1_pwm200_grab1
19715,-1472,412,7900,CD,3,D1_pwm200_grab1
19720,-4196,-1696,9092,CD,3,D1_pwm200_grab1
19725,-1408,744,10060,CD,3,D1_pwm200_grab1
19731,-456,224,9732,CD,3,D1_pwm200_grab1
19741,-4404,2364,11376,CD,3,D1_pwm200_grab1
19746,924,-1168,12652,CD,3,D1_pwm200_grab1
19751,3236,-748,7268,CD,3,D1_pwm200_grab1
19756,804,4564,12312,CD,3,D1_pwm200_grab1
19761,-756,-660,9756,CD,3,D1_pwm200_grab1
19765,868,-1296,10996,CD,3,D1_pwm200_grab1
19776,-428,1064,13852,CD,3,D1_pwm200_grab1
19781,-424,-3940,7376,CD,3,D1_pwm200_grab1
19790,1812,-2932,13444,CD,3,D1_pwm200_grab1
19796,2448,2340,13696,CD,3,D1_pwm200_grab1
19801,1360,-228,9172,CD,3,D1_pwm200_grab1
19805,1356,-1856,14096,CD,3,D1_pwm200_grab1
19811,4048,-2920,10108,CD,3,D1_pwm200_grab1
19815,952,-348,14768,CD,3,D1_pwm200_grab1
19826,2260,-556,8624,CD,3,D1_pwm200_grab1
19831,-224,2764,16396,CD,3,D1_pwm200_grab1
19836,2192,-3188,6788,CD,3,D1_pwm200_grab1
19840,-68,-7300,3308,CD,3,D1_pwm200_grab1
19845,3032,748,10960,CD,3,D1_pwm200_grab1
19850,1312,1052,6512,CD,3,D1_pwm200_grab1
19856,1576,1000,14076,CD,3,D1_pwm200_grab1
19861,-1416,1464,12724,CD,3,D1_pwm200_grab1
19865,1256,1788,9584,CD,3,D1_pwm200_grab1
19875,-1636,5440,14644,CD,3,D1_pwm200_grab1
19880,3384,-2968,6776,CD,3,D1_pwm200_grab1
19890,4388,3992,10464,CD,3,D1_pwm200_grab1
19895,524,-368,7624,CD,3,D1_pwm200_grab1
19901,-848,-1540,9228,CD,3,D1_pwm200_grab1
19906,7032,4088,13712,CD,3,D1_pwm200_grab1
19910,808,-2440,10004,CD,3,D1_pwm200_grab1
19915,2484,-2328,9328,CD,3,D1_pwm200_grab1
19926,3440,-2424,9328,CD,3,D1_pwm200_grab1
19931,-2612,1388,9484,CD,3,D1_pwm200_grab1
19936,-2760,-3380,14288,CD,3,D1_pwm200_grab1
19942,-2320,-6188,11280,CD,3,D1_pwm200_grab1
19946,2660,1140,9440,CD,3,D1_pwm200_grab1
19952,-6332,28,2228,CD,3,D1_pwm200_grab1
19956,4248,3352,9832,CD,3,D1_pwm200_grab1
19961,-1380,132,10800,CD,3,D1_pwm200_grab1
19966,504,-500,8660,CD,3,D1_pwm200_grab1
19972,6512,520,8580,CD,3,D1_pwm200_grab1
19977,-2132,1568,11952,CD,3,D1_pwm200_grab1
19982,-1392,-1308,10960,CD,3,D1_pwm200_grab1
19986,1680,-1152,4452,CD,3,D1_pwm200_grab1
19992,1904,3264,7068,CD,3,D1_pwm200_grab1
19997,-1376,-2164,7476,CD,3,D1_pwm200_grab1
20001,640,-1216,8480,CD,3,D1_pwm200_grab1
20007,1128,-3236,13196,CD,3,D1_pwm200_grab1
20011,-1104,1556,14408,CD,3,D1_pwm200_grab1
20017,-2288,-4256,6676,CD,3,D1_pwm200_grab1
20026,1528,-2992,13760,CD,3,D1_pwm200_grab1
20031,872,1704,12312,CD,3,D1_pwm200_grab1
20041,-1472,-7336,3752,CD,3,D1_pwm200_grab1
20046,724,-420,9120,CD,3,D1_pwm200_grab1
20052,724,1056,6596,CD,3,D1_pwm200_grab1
20061,2288,400,9532,CD,3,D1_pwm200_grab1
20066,-632,1912,14748,CD,3,D1_pwm200_grab1
20071,2308,-1620,12324,CD,3,D1_pwm200_grab1
20076,568,-348,12584,CD,3,D1_pwm200_grab1
20081,-1960,364,11324,CD,3,D1_pwm200_grab1
20092,6404,5912,13296,CD,3,D1_pwm200_grab1
20097,-268,820,14712,CD,3,D1_pwm200_grab1
20102,1512,-160,11008,CD,3,D1_pwm200_grab1
20111,568,2472,12884,CD,3,D1_pwm200_grab1
20117,708,-4000,4684,CD,3,D1_pwm200_grab1
20121,-1684,344,8552,CD,3,D1_pwm200_grab1
20127,1056,-1412,11688,CD,3,D1_pwm200_grab1
20131,1696,1468,10620,CD,3,D1_pwm200_grab1
20136,-1868,484,12788,CD,3,D1_pwm200_grab1
20142,1000,-1328,11808,CD,3,D1_pwm200_grab1
20147,5352,-2688,9900,CD,3,D1_pwm200_grab1
20151,252,-616,11376,CD,3,D1_pwm200_grab1
20161,2188,-620,6412,CD,3,D1_pwm200_grab1
20166,-712,3288,13080,CD,3,D1_pwm200_grab1
20172,-908,-2760,6432,CD,3,D1_pwm200_grab1
20176,-260,-1316,10192,CD,3,D1_pwm200_grab1
20183,-684,392,10692,CD,3,D1_pwm200_grab1
20192,-180,3296,9396,CD,3,D1_pwm200_grab1
20197,360,-856,6368,CD,3,D1_pwm200_grab1
20202,-828,-2024,9520,CD,3,D1_pwm200_grab1
20207,8120,3060,12232,CD,3,D1_pwm200_grab1
20212,-1200,-2036,10784,CD,3,D1_pwm200_grab1
20217,1432,-3300,7256,CD,3,D1_pwm200_grab1
20227,-2112,1320,7660,CD,3,D1_pwm200_grab1
20233,-2304,-1564,9388,CD,3,D1_pwm200_grab1
20237,1988,1296,11100,CD,3,D1_pwm200_grab1
20242,-2892,-7240,6376,CD,3,D1_pwm200_grab1
20247,1908,-3756,7468,CD,3,D1_pwm200_grab1
20253,-3008,68,9900,CD,3,D1_pwm200_grab1
20257,-5244,-484,10080,CD,3,D1_pwm200_grab1
20263,-1820,536,11432,CD,3,D1_pwm200_grab1
20267,-5392,652,10360,CD,3,D1_pwm200_grab1
20272,-3528,-4128,7268,CD,3,D1_pwm200_grab1
20277,-4728,-5380,11252,CD,3,D1_pwm200_grab1
20283,2128,2924,12980,CD,3,D1_pwm200_grab1
20288,-2776,-812,4964,CD,3,D1_pwm200_grab1
20292,500,3724,9996,CD,3,D1_pwm200_grab1
20297,-1648,-480,12432,CD,3,D1_pwm200_grab1
20302,1128,-764,11532,CD,3,D1_pwm200_grab1
20307,9556,4360,14948,CD,3,D1_pwm200_grab1
20313,-1824,5216,13960,CD,3,D1_pwm200_grab1
20318,3112,-1048,10592,CD,3,D1_pwm200_grab1
20322,7672,408,16596,CD,3,D1_pwm200_grab1
20327,392,2516,7120,CD,3,D1_pwm200_grab1
20332,-12,168,8788,CD,3,D1_pwm200_grab1
20337,1996,2268,7468,CD,3,D1_pwm200_grab1
20347,5272,-2736,8556,CD,3,D1_pwm200_grab1
20353,652,-2612,8704,CD,3,D1_pwm200_grab1
20362,2780,-1444,11672,CD,3,D1_pwm200_grab1
20368,-720,2060,12340,CD,3,D1_pwm200_grab1
20373,-3020,-2440,11148,CD,3,D1_pwm200_grab1
20378,-1632,-4796,10884,CD,3,D1_pwm200_grab1
20383,3888,1412,11004,CD,3,D1_pwm200_grab1
20387,-4004,1564,2996,CD,3,D1_pwm200_grab1
20392,4708,2624,11956,CD,3,D1_pwm200_grab1
20398,-1036,1340,8644,CD,3,D1_pwm200_grab1
20403,2316,2052,13204,CD,3,D1_pwm200_grab1
20413,-764,3580,12416,CD,3,D1_pwm200_grab1
20418,3588,-1284,11008,CD,3,D1_pwm200_grab1
20422,4664,-464,8868,CD,3,D1_pwm200_grab1
20428,2272,1300,5244,CD,3,D1_pwm200_grab1
20433,-444,-1384,6532,CD,3,D1_pwm200_grab1
20439,1756,1692,5664,CD,3,D1_pwm200_grab1
20443,-424,-1864,9768,CD,3,D1_pwm200_grab1
20448,3620,-2028,6580,CD,3,D1_pwm200_grab1
20453,552,688,10464,CD,3,D1_pwm200_grab1
20463,2108,-368,6184,CD,3,D1_pwm200_grab1
20469,-580,2036,11524,CD,3,D1_pwm200_grab1
20474,2720,-1264,12168,CD,3,D1_pwm200_grab1
20480,-920,216,10584,CD,3,D1_pwm200_grab1
20483,1960,308,9392,CD,3,D1_pwm200_grab1
20489,-2356,8,4928,CD,3,D1_pwm200_grab1
20493,2628,1620,10576,CD,3,D1_pwm200_grab1
20498,-1368,-224,11888,CD,3,D1_pwm200_grab1
20503,212,-188,8108,CD,3,D1_pwm200_grab1
20513,-4112,2468,11576,CD,3,D1_pwm200_grab1
20518,-1064,-4792,6296,CD,3,D1_pwm200_grab1
20524,1040,-764,3896,CD,3,D1_pwm200_grab1
20528,2292,4432,7600,CD,3,D1_pwm200_grab1
20533,-1184,-2208,7520,CD,3,D1_pwm200_grab1
20538,212,-1160,8592,CD,3,D1_pwm200_grab1
20543,940,-3288,12312,CD,3,D1_pwm200_grab1
20548,2208,-3500,8412,CD,3,D1_pwm200_grab1
20554,628,-1468,13824,CD,3,D1_pwm200_grab1
20563,2840,-1544,7476,CD,3,D1_pwm200_grab1
20568,520,1244,12144,CD,3,D1_pwm200_grab1
20583,1020,228,10524,CD,3,D1_pwm200_grab1
20589,1552,1512,7116,CD,3,D1_pwm200_grab1
20594,1088,1364,14508,CD,3,D1_pwm200_grab1
20598,-1636,788,13128,CD,3,D1_pwm200_grab1
20604,176,-8,9192,CD,3,D1_pwm200_grab1
20608,4428,-144,12840,CD,3,D1_pwm200_grab1
20614,764,1244,12584,CD,3,D1_pwm200_grab1
20619,-1784,-180,11328,CD,3,D1_pwm200_grab1
20623,2540,3676,9848,CD,3,D1_pwm200_grab1
20634,136,-1044,7916,CD,3,D1_pwm200_grab1
20638,2056,-152,11400,CD,3,D1_pwm200_grab1
20643,3420,-532,13280,CD,3,D1_pwm200_grab1
20648,3572,-1624,10364,CD,3,D1_pwm200_grab1
20653,696,-3976,5752,CD,3,D1_pwm200_grab1
20659,-6912,-2164,10064,CD,3,D1_pwm200_grab1
20663,2492,-2376,12144,CD,3,D1_pwm200_grab1
20668,2008,1700,10156,CD,3,D1_pwm200_grab1
20683,2104,464,8964,CD,3,D1_pwm200_grab1
20689,1200,748,5000,CD,3,D1_pwm200_grab1
20694,316,-1556,11056,CD,3,D1_pwm200_grab1
20700,-1136,592,10224,CD,3,D1_pwm200_grab1
20705,2216,1708,9676,CD,3,D1_pwm200_grab1
20715,-2304,4032,13172,CD,3,D1_pwm200_grab1
20719,936,-4180,4636,CD,3,D1_pwm200_grab1
20725,4560,-748,11396,CD,3,D1_pwm200_grab1
20730,-1432,356,8336,CD,3,D1_pwm200_grab1
20736,-1040,-640,8288,CD,3,D1_pwm200_grab1
20739,-1228,-1384,10336,CD,3,D1_pwm200_grab1
20744,2896,-808,10104,CD,3,D1_pwm200_grab1
20749,496,-2580,11596,CD,3,D1_pwm200_grab1
20754,1636,-2280,10812,CD,3,D1_pwm200_grab1
20764,3452,-2380,7084,CD,3,D1_pwm200_grab1
20769,-3580,1424,10832,CD,3,D1_pwm200_grab1
20774,-6012,-4432,7960,CD,3,D1_pwm200_grab1
20779,-3092,-7404,5532,CD,3,D1_pwm200_grab1
20785,1336,-1816,8684,CD,3,D1_pwm200_grab1
20789,-2236,576,7340,CD,3,D1_pwm200_grab1
20795,-2748,-384,9992,CD,3,D1_pwm200_grab1
20800,-2116,428,14328,CD,3,D1_pwm200_grab1
20805,868,1260,8504,CD,3,D1_pwm200_grab1
20815,-2484,4252,12384,CD,3,D1_pwm200_grab1
20820,1868,-1856,9832,CD,3,D1_pwm200_grab1
20830,1804,4312,11704,CD,3,D1_pwm200_grab1
20835,-1076,-932,11172,CD,3,D1_pwm200_grab1
20840,-972,-1684,10632,CD,3,D1_pwm200_grab1
20844,6216,2176,15448,CD,3,D1_pwm200_grab1
20849,2692,-832,12484,CD,3,D1_pwm200_grab1
20854,736,-2016,11828,CD,3,D1_pwm200_grab1
20865,-824,1368,10772,CD,3,D1_pwm200_grab1
20869,1240,1060,11120,CD,3,D1_pwm200_grab1
20875,3640,1688,12432,CD,3,D1_pwm200_grab1
20879,-2056,-5816,5528,CD,3,D1_pwm200_grab1
20884,5368,-2500,8984,CD,3,D1_pwm200_grab1
20889,76,1028,7852,CD,3,D1_pwm200_grab1
20895,-2588,-1548,9908,CD,3,D1_pwm200_grab1
20899,-492,940,8924,CD,3,D1_pwm200_grab1
20905,2268,1712,11344,CD,3,D1_pwm200_grab1
20910,-3040,-2588,2308,CD,3,D1_pwm200_grab1
20915,-2144,-2884,12456,CD,3,D1_pwm200_grab1
20919,2520,1272,10252,CD,3,D1_pwm200_grab1
20925,6220,-1784,11568,CD,3,D1_pwm200_grab1
20929,1520,3336,9796,CD,3,D1_pwm200_grab1
20934,-248,-312,7944,CD,3,D1_pwm200_grab1
20939,1452,-340,8984,CD,3,D1_pwm200_grab1
20945,9164,5628,14416,CD,3,D1_pwm200_grab1
20950,-964,888,10700,CD,3,D1_pwm200_grab1
20955,-232,-3408,6452,CD,3,D1_pwm200_grab1
20965,2400,-1980,9976,CD,3,D1_pwm200_grab1
20971,-2148,640,8896,CD,3,D1_pwm200_grab1
20976,-4008,-5128,16776,CD,3,D1_pwm200_grab1
20980,-3016,-6500,7384,CD,3,D1_pwm200_grab1
20986,860,-432,9576,CD,3,D1_pwm200_grab1
20990,-5188,616,2748,CD,3,D1_pwm200_grab1
20995,-5564,-1348,8292,CD,3,D1_pwm200_grab1
21000,296,344,6284,CD,3,D1_pwm200_grab1
21006,288,1628,10040,CD,3,D1_pwm200_grab1
21010,8132,1384,10124,CD,3,D1_pwm200_grab1
21016,-3064,1528,9164,CD,3,D1_pwm200_grab1
21020,-92,-1252,12256,CD,3,D1_pwm200_grab1
21025,2544,-1828,6256,CD,3,D1_pwm200_grab1
21031,1560,3400,7152,CD,3,D1_pwm200_grab1
21035,-1416,-816,9892,CD,3,D1_pwm200_grab1
21041,-352,-988,9352,CD,3,D1_pwm200_grab1
21051,-4392,1648,12192,CD,3,D1_pwm200_grab1
21055,-1188,-3536,8396,CD,3,D1_pwm200_grab1
21065,1888,-2064,11928,CD,3,D1_pwm200_grab1
21070,-1616,196,10328,CD,3,D1_pwm200_grab1
21075,-4764,-4552,15972,CD,3,D1_pwm200_grab1
21080,-3012,-5136,8552,CD,3,D1_pwm200_grab1
21085,3488,-3120,7972,CD,3,D1_pwm200_grab1
21090,88,1168,12304,CD,3,D1_pwm200_grab1
21096,-5932,-184,11636,CD,3,D1_pwm200_grab1
21101,1392,-200,7648,CD,3,D1_pwm200_grab1
21105,812,1524,13100,CD,3,D1_pwm200_grab1
21110,3352,-932,13084,CD,3,D1_pwm200_grab1
21115,-496,2528,11684,CD,3,D1_pwm200_grab1
21121,1672,1572,12316,CD,3,D1_pwm200_grab1
21125,-3808,212,5240,CD,3,D1_pwm200_grab1
21130,3700,4504,12936,CD,3,D1_pwm200_grab1
21136,-1216,136,10620,CD,3,D1_pwm200_grab1
21141,360,-676,11036,CD,3,D1_pwm200_grab1
21151,-1700,2036,14748,CD,3,D1_pwm200_grab1
21155,1092,-2240,8080,CD,3,D1_pwm200_grab1
21161,-7428,-1856,12596,CD,3,D1_pwm200_grab1
21166,1568,1920,6960,CD,3,D1_pwm200_grab1
21170,-160,-1392,8540,CD,3,D1_pwm200_grab1
21176,3900,2176,8112,CD,3,D1_pwm200_grab1
21181,-1008,-2912,7700,CD,3,D1_pwm200_grab1
21185,3868,-2168,7456,CD,3,D1_pwm200_grab1
21191,2080,2100,13196,CD,3,D1_pwm200_grab1
21195,-5676,-2596,8576,CD,3,D1_pwm200_grab1
21201,1436,368,7420,CD,3,D1_pwm200_grab1
21206,2360,2172,12840,CD,3,D1_pwm200_grab1
21212,3992,884,11696,CD,3,D1_pwm200_grab1
21217,-840,1624,10680,CD,3,D1_pwm200_grab1
21221,-684,-360,10672,CD,3,D1_pwm200_grab1
21226,2328,-1084,4356,CD,3,D1_pwm200_grab1
21231,4388,4792,9708,CD,3,D1_pwm200_grab1
21237,-664,-1700,6904,CD,3,D1_pwm200_grab1
21241,1572,-456,9660,CD,3,D1_pwm200_grab1
21246,-236,-3092,11284,CD,3,D1_pwm200_grab1
21252,-2416,604,12980,CD,3,D1_pwm200_grab1
21257,-384,-3600,6452,CD,3,D1_pwm200_grab1
21267,2436,-1928,10896,CD,3,D1_pwm200_grab1
21271,764,848,9884,CD,3,D1_pwm200_grab1
21276,-6496,-4548,12288,CD,3,D1_pwm200_grab1
21282,-1484,-7192,6060,CD,3,D1_pwm200_grab1
21286,208,32,10172,CD,3,D1_pwm200_grab1
21291,-204,1316,10156,CD,3,D1_pwm200_grab1
21296,-5572,-364,9396,CD,3,D1_pwm200_grab1
21302,804,-420,7220,CD,3,D1_pwm200_grab1
21306,864,1384,11240,CD,3,D1_pwm200_grab1
21311,1840,-608,11464,CD,3,D1_pwm200_grab1
21316,-1016,2004,10968,CD,3,D1_pwm200_grab1
21321,-3624,-1248,10148,CD,3,D1_pwm200_grab1
21326,3184,-1088,8396,CD,3,D1_pwm200_grab1
21332,2704,5520,9236,CD,3,D1_pwm200_grab1
21337,-1484,-188,12516,CD,3,D1_pwm200_grab1
21342,136,-1076,10488,CD,3,D1_pwm200_grab1
21352,-2004,2156,15224,CD,3,D1_pwm200_grab1
21356,916,-2692,10088,CD,3,D1_pwm200_grab1
21367,4200,-1828,12952,CD,3,D1_pwm200_grab1
21371,736,712,12268,CD,3,D1_pwm200_grab1
21376,4804,2360,8704,CD,3,D1_pwm200_grab1
21381,-3456,-4620,7320,CD,3,D1_pwm200_grab1
21387,5364,-2584,7960,CD,3,D1_pwm200_grab1
21391,944,2704,13168,CD,3,D1_pwm200_grab1
21396,-3404,-1284,9544,CD,3,D1_pwm200_grab1
21402,1800,564,9612,CD,3,D1_pwm200_grab1
21406,2608,1808,12064,CD,3,D1_pwm200_grab1
21411,7044,1048,13060,CD,3,D1_pwm200_grab1
21416,1012,3780,10240,CD,3,D1_pwm200_grab1
21422,3448,1396,11536,CD,3,D1_pwm200_grab1
21426,7492,-1948,12680,CD,3,D1_pwm200_grab1
21431,3504,3220,11376,CD,3,D1_pwm200_grab1
21436,-660,-20,7832,CD,3,D1_pwm200_grab1
21441,1952,44,11364,CD,3,D1_pwm200_grab1
21446,8580,5092,13868,CD,3,D1_pwm200_grab1
21452,1160,1180,12944,CD,3,D1_pwm200_grab1
21457,148,-4048,7332,CD,3,D1_pwm200_grab1
21467,2872,-1876,8772,CD,3,D1_pwm200_grab1
21472,1276,2136,10028,CD,3,D1_pwm200_grab1
21477,-3664,-4244,16892,CD,3,D1_pwm200_grab1
21482,-40,-5792,5076,CD,3,D1_pwm200_grab1
21487,608,60,10720,CD,3,D1_pwm200_grab1
21493,-800,444,5520,CD,3,D1_pwm200_grab1
21497,1744,3208,10240,CD,3,D1_pwm200_grab1
21502,-728,56,9908,CD,3,D1_pwm200_grab1
21508,364,1416,9212,CD,3,D1_pwm200_grab1
21513,8648,1736,10636,CD,3,D1_pwm200_grab1
21518,-4568,3240,9696,CD,3,D1_pwm200_grab1
21522,-672,-1280,10892,CD,3,D1_pwm200_grab1
21527,4128,444,14076,CD,3,D1_pwm200_grab1
21532,1108,2480,6440,CD,3,D1_pwm200_grab1
21538,-2896,-2348,8000,CD,3,D1_pwm200_grab1
21542,764,152,9616,CD,3,D1_pwm200_grab1
21548,5876,2072,14520,CD,3,D1_pwm200_grab1
21552,-3772,524,11576,CD,3,D1_pwm200_grab1
21557,-196,-3324,10088,CD,3,D1_pwm200_grab1
21567,3664,-1680,9172,CD,3,D1_pwm200_grab1
21573,-4088,444,9440,CD,3,D1_pwm200_grab1
21577,-3884,-3604,14364,CD,3,D1_pwm200_grab1
21587,2292,1840,12636,CD,3,D1_pwm200_grab1
21592,-1312,-868,9888,CD,3,D1_pwm200_grab1
21597,-6508,-1164,9160,CD,3,D1_pwm200_grab1
21603,-524,-100,9688,CD,3,D1_pwm200_grab1
21607,-540,508,10872,CD,3,D1_pwm200_grab1
21617,-3776,2216,9892,CD,3,D1_pwm200_grab1
21622,2520,-180,11040,CD,3,D1_pwm200_grab1
21633,1944,4164,12212,CD,3,D1_pwm200_grab1
21638,-1128,-896,9364,CD,3,D1_pwm200_grab1
21642,-296,-852,9752,CD,3,D1_pwm200_grab1
21648,8644,3396,15244,CD,3,D1_pwm200_grab1
21653,672,424,13228,CD,3,D1_pwm200_grab1
21657,680,-2840,9956,CD,3,D1_pwm200_grab1
21663,-12420,-856,16180,CD,3,D1_pwm200_grab1
21667,3644,-1336,10920,CD,3,D1_pwm200_grab1
21672,-1472,1772,12072,CD,3,D1_pwm200_grab1
21677,4064,1396,12248,CD,3,D1_pwm200_grab1
21683,620,-4732,5892,CD,3,D1_pwm200_grab1
21687,3456,-1100,9268,CD,3,D1_pwm200_grab1
21692,760,532,8356,CD,3,D1_pwm200_grab1
21697,-1640,-1100,12008,CD,3,D1_pwm200_grab1
21702,-1352,932,9316,CD,3,D1_pwm200_grab1
21708,2648,2456,11196,CD,3,D1_pwm200_grab1
21718,-1436,4876,12788,CD,3,D1_pwm200_grab1
21723,4292,-700,8940,CD,3,D1_pwm200_grab1
21728,5828,1484,15292,CD,3,D1_pwm200_grab1
21733,-204,1604,7020,CD,3,D1_pwm200_grab1
21738,332,-460,8152,CD,3,D1_pwm200_grab1
21743,5152,2748,6692,CD,3,D1_pwm200_grab1
21748,-3140,-3796,7312,CD,3,D1_pwm200_grab1
21753,3940,-2240,6140,CD,3,D1_pwm200_grab1
21758,408,1684,9836,CD,3,D1_pwm200_grab1
21769,4052,-1848,7704,CD,3,D1_pwm200_grab1
21774,-3356,964,9912,CD,3,D1_pwm200_grab1
21779,-3364,-2928,10800,CD,3,D1_pwm200_grab1
21783,-2952,-5716,12056,CD,3,D1_pwm200_grab1
21789,2464,1376,10116,CD,3,D1_pwm200_grab1
21794,4940,-2876,10468,CD,3,D1_pwm200_grab1
21798,3036,2612,9408,CD,3,D1_pwm200_grab1
21804,-2460,-148,11152,CD,3,D1_pwm200_grab1
21809,1732,1696,8808,CD,3,D1_pwm200_grab1
21819,-3380,3260,11784,CD,3,D1_pwm200_grab1
21824,-420,-2260,7932,CD,3,D1_pwm200_grab1
21828,4100,-504,13940,CD,3,D1_pwm200_grab1
21833,-1336,1688,10048,CD,3,D1_pwm200_grab1
21838,-1148,-1768,8644,CD,3,D1_pwm200_grab1
21843,2548,820,10760,CD,3,D1_pwm200_grab1
21848,2008,152,12572,CD,3,D1_pwm200_grab1
21853,1900,-744,12972,CD,3,D1_pwm200_grab1
21859,-1472,-2304,11816,CD,3,D1_pwm200_grab1
21868,3264,-2516,10608,CD,3,D1_pwm200_grab1
21873,-3392,1220,12608,CD,3,D1_pwm200_grab1
21879,-7172,-4384,8932,CD,3,D1_pwm200_grab1
21884,-1368,-4104,12404,CD,3,D1_pwm200_grab1
21888,2936,-868,10636,CD,3,D1_pwm200_grab1
21894,936,1660,7336,CD,3,D1_pwm200_grab1
21898,-1248,-1192,10692,CD,3,D1_pwm200_grab1
21903,-968,1440,12344,CD,3,D1_pwm200_grab1
21909,1228,1464,9316,CD,3,D1_pwm200_grab1
21919,-1308,5040,13940,CD,3,D1_pwm200_grab1
21924,1516,-2136,6520,CD,3,D1_pwm200_grab1
21929,5268,-284,15696,CD,3,D1_pwm200_grab1
21933,4384,5044,11792,CD,3,D1_pwm200_grab1
21938,764,292,8556,CD,3,D1_pwm200_grab1
21943,-364,-184,9156,CD,3,D1_pwm200_grab1
21949,3976,940,12640,CD,3,D1_pwm200_grab1
21953,4736,-1496,10288,CD,3,D1_pwm200_grab1
21958,1268,-1624,12528,CD,3,D1_pwm200_grab1
21968,4756,-1688,8580,CD,3,D1_pwm200_grab1
21974,-1584,2376,11864,CD,3,D1_pwm200_grab1
21979,-4124,-3120,8240,CD,3,D1_pwm200_grab1
21984,204,-2336,10824,CD,3,D1_pwm200_grab1
21989,1388,2120,10388,CD,3,D1_pwm200_grab1
21999,2120,2944,9884,CD,3,D1_pwm200_grab1
22005,-264,-744,7048,CD,3,D1_pwm200_grab1
22010,1808,-868,11748,CD,3,D1_pwm200_grab1
22016,5464,2468,11048,CD,3,D1_pwm200_grab1
22019,-960,5064,12076,CD,3,D1_pwm200_grab1
22024,-1052,-3464,5196,CD,3,D1_pwm200_grab1
22030,4636,-1172,11388,CD,3,D1_pwm200_grab1
22034,-1648,396,9372,CD,3,D1_pwm200_grab1
22039,-1412,-1152,7172,CD,3,D1_pwm200_grab1
22044,584,-300,12388,CD,3,D1_pwm200_grab1
22055,1756,-3464,8440,CD,3,D1_pwm200_grab1
22060,-296,-2044,11724,CD,3,D1_pwm200_grab1
22069,2720,-2536,7812,CD,3,D1_pwm200_grab1
22074,-4980,1560,13104,CD,3,D1_pwm200_grab1
22080,-4664,-3108,6160,CD,3,D1_pwm200_grab1
22085,-3300,-3696,11456,CD,3,D1_pwm200_grab1
22089,572,1248,12312,CD,3,D1_pwm200_grab1
22099,1104,3532,10688,CD,3,D1_pwm200_grab1
22104,-1864,152,12428,CD,3,D1_pwm200_grab1
22109,-680,8,8076,CD,3,D1_pwm200_grab1
22120,-4140,3380,13556,CD,3,D1_pwm200_grab1
22125,52,-2636,5324,CD,3,D1_pwm200_grab1
22129,3760,272,11216,CD,3,D1_pwm200_grab1
22134,-684,-120,11460,CD,3,D1_pwm200_grab1
22139,-2032,-152,10104,CD,3,D1_pwm200_grab1
22145,416,-728,11188,CD,3,D1_pwm200_grab1
22149,2364,-200,14076,CD,3,D1_pwm200_grab1
22154,3992,-1624,11048,CD,3,D1_pwm200_grab1
22160,1840,-264,13508,CD,3,D1_pwm200_grab1
22164,-8980,-3388,12024,CD,3,D1_pwm200_grab1
22169,3108,-1472,9904,CD,3,D1_pwm200_grab1
22174,-924,2904,15676,CD,3,D1_pwm200_grab1
22179,-2960,-2736,4640,CD,3,D1_pwm200_grab1
22185,172,-1024,13016,CD,3,D1_pwm200_grab1
22189,3012,-324,9800,CD,3,D1_pwm200_grab1
22195,-180,1020,7108,CD,3,D1_pwm200_grab1
22199,2196,-460,14520,CD,3,D1_pwm200_grab1
22205,-1556,1128,11516,CD,3,D1_pwm200_grab1
22209,2068,1460,9752,CD,3,D1_pwm200_grab1
22220,-1568,4420,14644,CD,3,D1_pwm200_grab1
22225,1716,-3820,4540,CD,3,D1_pwm200_grab1
22230,3468,572,8392,CD,3,D1_pwm200_grab1
22236,264,-1260,9252,CD,3,D1_pwm200_grab1
22240,836,-216,10028,CD,3,D1_pwm200_grab1
22246,-3088,-844,9184,CD,3,D1_pwm200_grab1
22250,-1152,-6232,6196,CD,3,D1_pwm200_grab1
22255,3816,-1760,7908,CD,3,D1_pwm200_grab1
22260,-784,1504,4952,CD,3,D1_pwm200_grab1
22266,-1504,-644,9528,CD,3,D1_pwm200_grab1
22270,-1648,612,8800,CD,3,D1_pwm200_grab1
22276,-1704,2456,13520,CD,3,D1_pwm200_grab1
22281,-2292,-2920,2348,CD,3,D1_pwm200_grab1
22285,-1688,-3168,12320,CD,3,D1_pwm200_grab1
22290,1144,620,9548,CD,3,D1_pwm200_grab1
22300,2552,3164,10072,CD,3,D1_pwm200_grab1
22305,-864,-492,8196,CD,3,D1_pwm200_grab1
22310,-1676,-1828,7152,CD,3,D1_pwm200_grab1
3004,-1736,-24,7400,CD,0,D1_pwm200_grab2
3019,172,-1468,10260,CD,0,D1_pwm200_grab2
3025,-1812,-556,5240,CD,0,D1_pwm200_grab2
3030,-908,1348,11432,CD,0,D1_pwm200_grab2
3036,-3856,-12,8908,CD,0,D1_pwm200_grab2
3040,496,448,8112,CD,0,D1_pwm200_grab2
3050,-1704,4124,14796,CD,0,D1_pwm200_grab2
3055,-544,-2468,6592,CD,0,D1_pwm200_grab2
3060,560,3016,10824,CD,0,D1_pwm200_grab2
3066,-1024,620,10284,CD,0,D1_pwm200_grab2
3070,-1516,180,9912,CD,0,D1_pwm200_grab2
3075,-1120,-2620,12676,CD,0,D1_pwm200_grab2
3081,2116,1588,16212,CD,0,D1_pwm200_grab2
3085,3740,-2256,11504,CD,0,D1_pwm200_grab2
3091,1268,-1076,12564,CD,0,D1_pwm200_grab2
3101,2540,-1292,10832,CD,0,D1_pwm200_grab2
3105,-2336,1736,15448,CD,0,D1_pwm200_grab2
3110,392,-4452,9936,CD,0,D1_pwm200_grab2
3120,2712,136,10700,CD,0,D1_pwm200_grab2
3126,2784,1500,6144,CD,0,D1_pwm200_grab2
3131,632,2592,12524,CD,0,D1_pwm200_grab2
3135,520,684,13900,CD,0,D1_pwm200_grab2
3140,1508,884,10040,CD,0,D1_pwm200_grab2
3150,840,4820,12908,CD,0,D1_pwm200_grab2
3155,916,-3984,5280,CD,0,D1_pwm200_grab2
3160,4308,1176,10440,CD,0,D1_pwm200_grab2
3165,4380,4884,7308,CD,0,D1_pwm200_grab2
3170,1176,-1556,7200,CD,0,D1_pwm200_grab2
3175,640,-8,11148,CD,0,D1_pwm200_grab2
3180,472,-1152,12732,CD,0,D1_pwm200_grab2
3185,5608,-2272,9068,CD,0,D1_pwm200_grab2
3190,316,-144,10540,CD,0,D1_pwm200_grab2
3200,2944,-2236,10428,CD,0,D1_pwm200_grab2
3205,68,1140,10288,CD,0,D1_pwm200_grab2
3210,-4788,-1904,13440,CD,0,D1_pwm200_grab2
3220,1040,-940,9004,CD,0,D1_pwm200_grab2
3226,-2736,204,3840,CD,0,D1_pwm200_grab2
3230,1556,2612,12272,CD,0,D1_pwm200_grab2
3236,-1224,440,9336,CD,0,D1_pwm200_grab2
3241,-652,-1436,8784,CD,0,D1_pwm200_grab2
3245,6636,-1500,9088,CD,0,D1_pwm200_grab2
3250,-2928,2652,12652,CD,0,D1_pwm200_grab2
3255,-1428,132,10288,CD,0,D1_pwm200_grab2
3260,4828,2484,14972,CD,0,D1_pwm200_grab2
3265,2408,3004,6024,CD,0,D1_pwm200_grab2
3270,-212,-1344,7968,CD,0,D1_pwm200_grab2
3275,-2468,-2032,6476,CD,0,D1_pwm200_grab2
3281,-1756,-2712,13024,CD,0,D1_pwm200_grab2
3287,2180,-4056,7900,CD,0,D1_pwm200_grab2
3291,-100,1652,11600,CD,0,D1_pwm200_grab2
3301,-84,16,7884,CD,0,D1_pwm200_grab2
3306,-1556,1200,14668,CD,0,D1_pwm200_grab2
3311,4620,-4880,14072,CD,0,D1_pwm200_grab2
3316,-1976,-2096,11100,CD,0,D1_pwm200_grab2
3322,-2412,1980,12716,CD,0,D1_pwm200_grab2
3326,1400,336,5272,CD,0,D1_pwm200_grab2
3331,3488,2748,15568,CD,0,D1_pwm200_grab2
3336,-1528,628,12064,CD,0,D1_pwm200_grab2
3342,1852,220,12964,CD,0,D1_pwm200_grab2
3347,10344,4600,8464,CD,0,D1_pwm200_grab2
3351,-1476,3604,14504,CD,0,D1_pwm200_grab2
3356,664,-3776,8444,CD,0,D1_pwm200_grab2
3366,3404,-1940,13372,CD,0,D1_pwm200_grab2
3371,-316,-1620,9368,CD,0,D1_pwm200_grab2
3376,968,-4,9316,CD,0,D1_pwm200_grab2
3382,108,-1204,11492,CD,0,D1_pwm200_grab2
3387,5180,-2880,8828,CD,0,D1_pwm200_grab2
3391,1808,112,12476,CD,0,D1_pwm200_grab2
3396,-5700,-1704,10152,CD,0,D1_pwm200_grab2
3402,1076,-204,7104,CD,0,D1_pwm200_grab2
3407,1688,2804,15052,CD,0,D1_pwm200_grab2
3411,6040,-2412,13176,CD,0,D1_pwm200_grab2
3416,2012,-7264,6264,CD,0,D1_pwm200_grab2
3421,3264,-552,10176,CD,0,D1_pwm200_grab2
3427,-4224,1084,3188,CD,0,D1_pwm200_grab2
3431,3064,2208,13292,CD,0,D1_pwm200_grab2
3436,-864,352,10700,CD,0,D1_pwm200_grab2
3441,1996,728,11116,CD,0,D1_pwm200_grab2
3446,10404,6152,5864,CD,0,D1_pwm200_grab2
3451,-3036,4668,13812,CD,0,D1_pwm200_grab2
3457,-1428,504,11488,CD,0,D1_pwm200_grab2
3461,4904,92,9540,CD,0,D1_pwm200_grab2
3466,1684,2840,6676,CD,0,D1_pwm200_grab2
3472,1060,-1144,7772,CD,0,D1_pwm200_grab2
3476,468,-480,8560,CD,0,D1_pwm200_grab2
3481,688,2468,13452,CD,0,D1_pwm200_grab2
3486,2688,-3704,8548,CD,0,D1_pwm200_grab2
3492,3016,-1152,9508,CD,0,D1_pwm200_grab2
3502,3544,-1968,10700,CD,0,D1_pwm200_grab2
3507,-1336,376,9372,CD,0,D1_pwm200_grab2
3511,-6992,-264,13136,CD,0,D1_pwm200_grab2
3521,1644,-2100,10084,CD,0,D1_pwm200_grab2
3526,-6564,1612,2040,CD,0,D1_pwm200_grab2
3531,-236,2464,10468,CD,0,D1_pwm200_grab2
3537,-4776,-152,11056,CD,0,D1_pwm200_grab2
3542,864,260,9120,CD,0,D1_pwm200_grab2
3548,8112,3184,4640,CD,0,D1_pwm200_grab2
3553,-4072,4384,15872,CD,0,D1_pwm200_grab2
3558,-2156,-4592,5804,CD,0,D1_pwm200_grab2
3563,-5532,-1792,10832,CD,0,D1_pwm200_grab2
3568,1752,-2008,12596,CD,0,D1_pwm200_grab2
3573,148,748,9148,CD,0,D1_pwm200_grab2
3587,4572,-3224,9788,CD,0,D1_pwm200_grab2
3593,-220,-1472,9092,CD,0,D1_pwm200_grab2
3598,-6344,-788,8856,CD,0,D1_pwm200_grab2
3602,1440,-972,8416,CD,0,D1_pwm200_grab2
3607,440,2664,14184,CD,0,D1_pwm200_grab2
3612,948,-5852,12764,CD,0,D1_pwm200_grab2
3617,2316,-556,10972,CD,0,D1_pwm200_grab2
3622,-4336,2252,11708,CD,0,D1_pwm200_grab2
3628,-3660,848,3932,CD,0,D1_pwm200_grab2
3633,2900,3292,12900,CD,0,D1_pwm200_grab2
3637,-856,1124,12832,CD,0,D1_pwm200_grab2
3643,292,-452,10672,CD,0,D1_pwm200_grab2
3648,10424,7108,10156,CD,0,D1_pwm200_grab2
3652,-1116,4256,14172,CD,0,D1_pwm200_grab2
3657,864,-3524,9552,CD,0,D1_pwm200_grab2
3662,-9144,-4304,13404,CD,0,D1_pwm200_grab2
3668,5280,-1012,12220,CD,0,D1_pwm200_grab2
3672,1960,-184,10756,CD,0,D1_pwm200_grab2
3677,4516,580,5260,CD,0,D1_pwm200_grab2
3683,-1084,-1256,12776,CD,0,D1_pwm200_grab2
3688,5804,-2688,7108,CD,0,D1_pwm200_grab2
3692,1532,1212,11116,CD,0,D1_pwm200_grab2
3698,-1160,-1108,8128,CD,0,D1_pwm200_grab2
3702,3648,232,7176,CD,0,D1_pwm200_grab2
3707,3408,3244,9936,CD,0,D1_pwm200_grab2
3713,-2180,-636,13768,CD,0,D1_pwm200_grab2
3722,4804,1164,9104,CD,0,D1_pwm200_grab2
3732,3628,1740,12144,CD,0,D1_pwm200_grab2
3737,-2528,-136,7424,CD,0,D1_pwm200_grab2
3742,2540,-24,9316,CD,0,D1_pwm200_grab2
3748,5288,5556,12268,CD,0,D1_pwm200_grab2
3752,-964,3080,11960,CD,0,D1_pwm200_grab2
3758,-252,-1584,7432,CD,0,D1_pwm200_grab2
3763,3768,-1988,10088,CD,0,D1_pwm200_grab2
3767,-3240,1076,8420,CD,0,D1_pwm200_grab2
3772,-344,-1544,6240,CD,0,D1_pwm200_grab2
3777,96,1300,8912,CD,0,D1_pwm200_grab2
3783,-3632,-4896,8572,CD,0,D1_pwm200_grab2
3787,2440,-3884,7908,CD,0,D1_pwm200_grab2
3792,-1788,84,9388,CD,0,D1_pwm200_grab2
3798,-2460,1092,9640,CD,0,D1_pwm200_grab2
3803,-972,-188,6036,CD,0,D1_pwm200_grab2
3808,-500,688,8628,CD,0,D1_pwm200_grab2
3814,10696,-544,7760,CD,0,D1_pwm200_grab2
3819,-2752,2572,13744,CD,0,D1_pwm200_grab2
3823,664,396,12204,CD,0,D1_pwm200_grab2
3828,6200,-1080,12604,CD,0,D1_pwm200_grab2
3833,-2636,2776,7072,CD,0,D1_pwm200_grab2
3840,-572,-1112,9924,CD,0,D1_pwm200_grab2
3844,-4404,-3180,10184,CD,0,D1_pwm200_grab2
3848,2172,3296,15680,CD,0,D1_pwm200_grab2
3853,-2128,1152,13156,CD,0,D1_pwm200_grab2
3859,2692,-3324,13552,CD,0,D1_pwm200_grab2
3868,4700,-1824,11624,CD,0,D1_pwm200_grab2
3873,-4404,1096,14124,CD,0,D1_pwm200_grab2
3878,-4096,-1096,3104,CD,0,D1_pwm200_grab2
3884,428,-5908,5960,CD,0,D1_pwm200_grab2
3889,4992,-2356,8688,CD,0,D1_pwm200_grab2
3893,400,2976,9124,CD,0,D1_pwm200_grab2
3898,3228,1320,12996,CD,0,D1_pwm200_grab2
3904,-2144,460,11860,CD,0,D1_pwm200_grab2
3908,2048,1672,9364,CD,0,D1_pwm200_grab2
3918,-1464,4564,13408,CD,0,D1_pwm200_grab2
3924,280,-696,7092,CD,0,D1_pwm200_grab2
3928,4496,-904,6532,CD,0,D1_pwm200_grab2
3933,2916,4400,10108,CD,0,D1_pwm200_grab2
3938,-24,-992,7684,CD,0,D1_pwm200_grab2
3943,2188,-1636,12708,CD,0,D1_pwm200_grab2
3948,348,2776,13828,CD,0,D1_pwm200_grab2
3953,1304,-584,9652,CD,0,D1_pwm200_grab2
3958,3208,-2984,8704,CD,0,D1_pwm200_grab2
3969,3216,-1400,12220,CD,0,D1_pwm200_grab2
3974,2496,1064,9600,CD,0,D1_pwm200_grab2
3989,2616,-2256,9820,CD,0,D1_pwm200_grab2
3993,-1476,3816,4860,CD,0,D1_pwm200_grab2
3999,2272,2984,11604,CD,0,D1_pwm200_grab2
4003,-3432,312,11352,CD,0,D1_pwm200_grab2
4009,464,-76,9980,CD,0,D1_pwm200_grab2
4014,7848,-1948,11936,CD,0,D1_pwm200_grab2
4018,3464,784,9628,CD,0,D1_pwm200_grab2
4024,-3536,424,12024,CD,0,D1_pwm200_grab2
4028,6076,212,10496,CD,0,D1_pwm200_grab2
4033,-1548,2360,6368,CD,0,D1_pwm200_grab2
4038,-1452,-920,6804,CD,0,D1_pwm200_grab2
4044,-164,-1192,7116,CD,0,D1_pwm200_grab2
4049,-2472,524,11996,CD,0,D1_pwm200_grab2
4054,900,-3372,10124,CD,0,D1_pwm200_grab2
4060,736,-2228,7188,CD,0,D1_pwm200_grab2
4064,-5468,-196,9520,CD,0,D1_pwm200_grab2
4069,1796,-1032,5236,CD,0,D1_pwm200_grab2
4074,1072,1760,12168,CD,0,D1_pwm200_grab2
4079,1276,-6096,11688,CD,0,D1_pwm200_grab2
4084,1236,-284,12120,CD,0,D1_pwm200_grab2
4089,-2944,2324,12136,CD,0,D1_pwm200_grab2
4094,5208,936,13404,CD,0,D1_pwm200_grab2
4099,2860,2648,12672,CD,0,D1_pwm200_grab2
4104,-4184,-476,11448,CD,0,D1_pwm200_grab2
4110,236,-1212,10552,CD,0,D1_pwm200_grab2
4114,6676,4536,11348,CD,0,D1_pwm200_grab2
4120,-2188,2448,14620,CD,0,D1_pwm200_grab2
4124,-480,-4688,11140,CD,0,D1_pwm200_grab2
4135,4120,-1316,12852,CD,0,D1_pwm200_grab2
4139,-676,-660,10072,CD,0,D1_pwm200_grab2
4144,4620,624,7432,CD,0,D1_pwm200_grab2
4150,-3940,-4492,10756,CD,0,D1_pwm200_grab2
4155,5484,-2876,9188,CD,0,D1_pwm200_grab2
4160,-316,428,10496,CD,0,D1_pwm200_grab2
4165,416,684,9464,CD,0,D1_pwm200_grab2
4169,2164,380,9752,CD,0,D1_pwm200_grab2
4174,1984,3284,8652,CD,0,D1_pwm200_grab2
4184,120,-4524,9368,CD,0,D1_pwm200_grab2
4190,3428,1128,10296,CD,0,D1_pwm200_grab2
4199,816,3472,13156,CD,0,D1_pwm200_grab2
4204,-748,-140,9752,CD,0,D1_pwm200_grab2
4209,-840,-1000,9552,CD,0,D1_pwm200_grab2
4214,2572,4936,13240,CD,0,D1_pwm200_grab2
4220,1228,2840,12056,CD,0,D1_pwm200_grab2
4225,592,-3192,4408,CD,0,D1_pwm200_grab2
4230,316,-124,6796,CD,0,D1_pwm200_grab2
4234,44,-2336,9956,CD,0,D1_pwm200_grab2
4239,2044,-204,9684,CD,0,D1_pwm200_grab2
4249,-92,-4616,6300,CD,0,D1_pwm200_grab2
4254,5088,-3216,6488,CD,0,D1_pwm200_grab2
4259,420,1656,7780,CD,0,D1_pwm200_grab2
4264,2236,760,9992,CD,0,D1_pwm200_grab2
4269,4280,-1204,6324,CD,0,D1_pwm200_grab2
4275,-328,2228,13064,CD,0,D1_pwm200_grab2
4279,-20,-5236,6728,CD,0,D1_pwm200_grab2
4284,1608,-2980,12456,CD,0,D1_pwm200_grab2
4289,-1928,108,8628,CD,0,D1_pwm200_grab2
4294,1352,524,5200,CD,0,D1_pwm200_grab2
4300,2176,4148,9052,CD,0,D1_pwm200_grab2
4304,-2296,-816,7000,CD,0,D1_pwm200_grab2
4310,-16,-2680,8716,CD,0,D1_pwm200_grab2
4315,-1348,872,15716,CD,0,D1_pwm200_grab2
4320,-160,-1464,9412,CD,0,D1_pwm200_grab2
4326,580,-3680,10356,CD,0,D1_pwm200_grab2
4335,3696,-220,7000,CD,0,D1_pwm200_grab2
4340,-2780,1592,13296,CD,0,D1_pwm200_grab2
4345,612,-6456,9516,CD,0,D1_pwm200_grab2
4350,-184,-5884,9144,CD,0,D1_pwm200_grab2
4356,3408,-1052,11076,CD,0,D1_pwm200_grab2
4360,-2472,4136,5664,CD,0,D1_pwm200_grab2
4366,3316,3936,14436,CD,0,D1_pwm200_grab2
4371,-2736,524,12176,CD,0,D1_pwm200_grab2
4376,276,132,13888,CD,0,D1_pwm200_grab2
4386,-704,4180,14632,CD,0,D1_pwm200_grab2
4390,-1328,-3428,7648,CD,0,D1_pwm200_grab2
4395,7320,-792,17308,CD,0,D1_pwm200_grab2
4400,-588,3060,9380,CD,0,D1_pwm200_grab2
4406,-1264,-924,9764,CD,0,D1_pwm200_grab2
4411,-68,-908,10404,CD,0,D1_pwm200_grab2
4415,-1060,-1856,12616,CD,0,D1_pwm200_grab2
4421,2028,-1308,10544,CD,0,D1_pwm200_grab2
4425,2124,756,11132,CD,0,D1_pwm200_grab2
4431,-3048,-448,12032,CD,0,D1_pwm200_grab2
4435,3184,-716,7200,CD,0,D1_pwm200_grab2
4440,-2412,264,11872,CD,0,D1_pwm200_grab2
4445,-3168,-44,10332,CD,0,D1_pwm200_grab2
4450,2288,-5912,7116,CD,0,D1_pwm200_grab2
4456,3596,652,8668,CD,0,D1_pwm200_grab2
4460,9560,-80,15700,CD,0,D1_pwm200_grab2
4465,1464,2904,13160,CD,0,D1_pwm200_grab2
4470,-2260,284,10500,CD,0,D1_pwm200_grab2
4475,532,-1332,8936,CD,0,D1_pwm200_grab2
4485,1352,3200,13036,CD,0,D1_pwm200_grab2
4490,1732,80,8908,CD,0,D1_pwm200_grab2
4495,3080,456,5516,CD,0,D1_pwm200_grab2
4501,-2480,1520,7456,CD,0,D1_pwm200_grab2
4505,1344,-516,7908,CD,0,D1_pwm200_grab2
4510,3228,1928,7676,CD,0,D1_pwm200_grab2
4516,-1952,-4964,5136,CD,0,D1_pwm200_grab2
4520,2472,-3860,8052,CD,0,D1_pwm200_grab2
4525,3268,-4116,12656,CD,0,D1_pwm200_grab2
4535,5180,-2216,7988,CD,0,D1_pwm200_grab2
4540,-1108,2492,11956,CD,0,D1_pwm200_grab2
4545,-880,-4532,8052,CD,0,D1_pwm200_grab2
4551,1364,-5504,7968,CD,0,D1_pwm200_grab2
4555,-2924,-600,10536,CD,0,D1_pwm200_grab2
4560,1840,3956,10060,CD,0,D1_pwm200_grab2
4566,80,4748,9660,CD,0,D1_pwm200_grab2
4571,-4724,-984,8172,CD,0,D1_pwm200_grab2
4577,-364,-4192,10668,CD,0,D1_pwm200_grab2
4581,-2272,1084,11312,CD,0,D1_pwm200_grab2
4587,304,-696,12004,CD,0,D1_pwm200_grab2
4592,284,-4720,11944,CD,0,D1_pwm200_grab2
4596,-9964,-860,8888,CD,0,D1_pwm200_grab2
4601,2508,-1752,8044,CD,0,D1_pwm200_grab2
4608,-820,1228,14872,CD,0,D1_pwm200_grab2
4621,4200,-1944,10244,CD,0,D1_pwm200_grab2
4627,-5376,4344,3004,CD,0,D1_pwm200_grab2
4632,3180,3880,11708,CD,0,D1_pwm200_grab2
4636,-1236,48,13980,CD,0,D1_pwm200_grab2
4641,-484,-256,11128,CD,0,D1_pwm200_grab2
4646,9988,6244,7692,CD,0,D1_pwm200_grab2
4652,1024,1140,12724,CD,0,D1_pwm200_grab2
4656,-3260,900,12880,CD,0,D1_pwm200_grab2
4661,8208,1176,16736,CD,0,D1_pwm200_grab2
4666,-660,3724,8772,CD,0,D1_pwm200_grab2
4671,-996,-280,11012,CD,0,D1_pwm200_grab2
4677,3428,-200,5988,CD,0,D1_pwm200_grab2
4682,-2092,-712,14892,CD,0,D1_pwm200_grab2
4686,2620,-1588,10964,CD,0,D1_pwm200_grab2
4691,2116,460,9892,CD,0,D1_pwm200_grab2
4701,3976,-2100,11848,CD,0,D1_pwm200_grab2
4707,-1784,352,12740,CD,0,D1_pwm200_grab2
4711,-3088,496,9336,CD,0,D1_pwm200_grab2
4716,288,-5432,7976,CD,0,D1_pwm200_grab2
4721,5720,1584,9616,CD,0,D1_pwm200_grab2
4731,1644,2892,12632,CD,0,D1_pwm200_grab2
4736,884,-320,10068,CD,0,D1_pwm200_grab2
4742,1284,2504,7420,CD,0,D1_pwm200_grab2
4751,-916,2992,14384,CD,0,D1_pwm200_grab2
4756,2300,-632,7736,CD,0,D1_pwm200_grab2
4761,-892,-664,5416,CD,0,D1_pwm200_grab2
4766,-2196,208,8508,CD,0,D1_pwm200_grab2
4772,1388,-64,8832,CD,0,D1_pwm200_grab2
4776,-492,4048,9756,CD,0,D1_pwm200_grab2
4781,-2672,2372,12000,CD,0,D1_pwm200_grab2
4787,-148,-476,10248,CD,0,D1_pwm200_grab2
4792,1228,-2836,9768,CD,0,D1_pwm200_grab2
4802,2572,-788,5460,CD,0,D1_pwm200_grab2
4807,-776,2316,12432,CD,0,D1_pwm200_grab2
4811,-188,-5972,10584,CD,0,D1_pwm200_grab2
4816,1448,-3848,11808,CD,0,D1_pwm200_grab2
4822,-4384,-448,10496,CD,0,D1_pwm200_grab2
4827,-92,440,4904,CD,0,D1_pwm200_grab2
4833,-680,4620,8784,CD,0,D1_pwm200_grab2
4837,-4456,-192,5968,CD,0,D1_pwm200_grab2
4842,-2128,-4400,10788,CD,0,D1_pwm200_grab2
4848,-2004,1520,14544,CD,0,D1_pwm200_grab2
4852,-1280,-1548,10856,CD,0,D1_pwm200_grab2
4858,400,-4104,11468,CD,0,D1_pwm200_grab2
4867,-748,-720,12200,CD,0,D1_pwm200_grab2
4873,-4,-168,11172,CD,0,D1_pwm200_grab2
4888,2916,-1748,9612,CD,0,D1_pwm200_grab2
4893,-956,1152,6180,CD,0,D1_pwm200_grab2
4897,2928,3068,13588,CD,0,D1_pwm200_grab2
4902,-2892,652,11956,CD,0,D1_pwm200_grab2
4907,1616,1940,9976,CD,0,D1_pwm200_grab2
4917,420,1208,12748,CD,0,D1_pwm200_grab2
4922,3024,1240,11232,CD,0,D1_pwm200_grab2
4927,7568,-1928,15444,CD,0,D1_pwm200_grab2
4933,-1776,3196,9236,CD,0,D1_pwm200_grab2
4937,-848,-580,10584,CD,0,D1_pwm200_grab2
4943,6252,1040,8736,CD,0,D1_pwm200_grab2
4948,-2068,-3552,11032,CD,0,D1_pwm200_grab2
4952,2348,1460,11684,CD,0,D1_pwm200_grab2
4957,1820,-3640,11612,CD,0,D1_pwm200_grab2
4967,6056,-1796,11824,CD,0,D1_pwm200_grab2
4973,-672,2812,13804,CD,0,D1_pwm200_grab2
4977,-3832,-840,5752,CD,0,D1_pwm200_grab2
4983,2804,-3392,9216,CD,0,D1_pwm200_grab2
4988,2560,1612,8756,CD,0,D1_pwm200_grab2
4992,684,3836,6712,CD,0,D1_pwm200_grab2
4997,3828,2124,10784,CD,0,D1_pwm200_grab2
5002,-972,168,10560,CD,0,D1_pwm200_grab2
5007,1300,2324,9544,CD,0,D1_pwm200_grab2
5017,2656,4452,13132,CD,0,D1_pwm200_grab2
5022,-1460,-3828,5536,CD,0,D1_pwm200_grab2
5027,-4244,-4356,8108,CD,0,D1_pwm200_grab2
5033,-488,-1288,10792,CD,0,D1_pwm200_grab2
5038,-2004,-780,8112,CD,0,D1_pwm200_grab2
5042,168,-1088,4608,CD,0,D1_pwm200_grab2
5047,-2288,-808,13612,CD,0,D1_pwm200_grab2
5052,948,-3572,7544,CD,0,D1_pwm200_grab2
5057,1112,-532,9268,CD,0,D1_pwm200_grab2
5062,-3636,-72,10012,CD,0,D1_pwm200_grab2
5067,3424,-820,3368,CD,0,D1_pwm200_grab2
5072,620,1696,8668,CD,0,D1_pwm200_grab2
5078,6528,-2568,13700,CD,0,D1_pwm200_grab2
5083,-624,-688,10568,CD,0,D1_pwm200_grab2
5089,-2564,-60,11128,CD,0,D1_pwm200_grab2
5093,7820,-2388,14564,CD,0,D1_pwm200_grab2
5098,-1416,2264,6016,CD,0,D1_pwm200_grab2
5104,-2532,-1328,9292,CD,0,D1_pwm200_grab2
5108,-236,-1992,5284,CD,0,D1_pwm200_grab2
5113,-5496,-5348,10040,CD,0,D1_pwm200_grab2
5120,-76,-2940,10948,CD,0,D1_pwm200_grab2
5126,-76,-2940,10948,CD,0,D1_pwm200_grab2
5134,3948,-1808,10604,CD,0,D1_pwm200_grab2
5138,-4296,-100,11792,CD,0,D1_pwm200_grab2
5144,-4500,-1780,3804,CD,0,D1_pwm200_grab2
5153,3056,1120,10016,CD,0,D1_pwm200_grab2
5164,3956,2120,13424,CD,0,D1_pwm200_grab2
5169,-880,428,12024,CD,0,D1_pwm200_grab2
5173,1544,1936,12724,CD,0,D1_pwm200_grab2
5179,12784,2292,6000,CD,0,D1_pwm200_grab2
5183,1296,3916,14444,CD,0,D1_pwm200_grab2
5189,-1316,-1520,7084,CD,0,D1_pwm200_grab2
5193,-4524,-3636,9588,CD,0,D1_pwm200_grab2
5199,-2404,-1304,12800,CD,0,D1_pwm200_grab2
5203,2564,-160,10964,CD,0,D1_pwm200_grab2
5208,940,-2040,12836,CD,0,D1_pwm200_grab2
5213,-236,1060,16068,CD,0,D1_pwm200_grab2
5219,1576,-1248,10356,CD,0,D1_pwm200_grab2
5223,2324,-2152,12800,CD,0,D1_pwm200_grab2
5229,-4608,-736,11852,CD,0,D1_pwm200_grab2
5233,4620,-712,6128,CD,0,D1_pwm200_grab2
5239,2128,3692,13284,CD,0,D1_pwm200_grab2
5243,7512,-728,13100,CD,0,D1_pwm200_grab2
5249,2672,-5600,5244,CD,0,D1_pwm200_grab2
5253,4608,144,9800,CD,0,D1_pwm200_grab2
5258,8588,-500,13108,CD,0,D1_pwm200_grab2
5263,3760,1272,13868,CD,0,D1_pwm200_grab2
5268,-1904,292,10288,CD,0,D1_pwm200_grab2
5273,2212,-536,11792,CD,0,D1_pwm200_grab2
5284,-1980,988,12592,CD,0,D1_pwm200_grab2
5289,1376,-5284,9252,CD,0,D1_pwm200_grab2
5293,6876,-1084,8616,CD,0,D1_pwm200_grab2
5299,-4236,812,7488,CD,0,D1_pwm200_grab2
5304,1028,-900,8676,CD,0,D1_pwm200_grab2
5309,-2500,2872,10420,CD,0,D1_pwm200_grab2
5313,-1824,-3340,6124,CD,0,D1_pwm200_grab2
5318,1168,-2952,9272,CD,0,D1_pwm200_grab2
5323,744,1172,7984,CD,0,D1_pwm200_grab2
5329,652,500,8856,CD,0,D1_pwm200_grab2
5335,172,-56,8540,CD,0,D1_pwm200_grab2
5340,136,1584,7556,CD,0,D1_pwm200_grab2
5349,-828,2436,16368,CD,0,D1_pwm200_grab2
5354,-608,-476,6780,CD,0,D1_pwm200_grab2
5360,-884,636,4996,CD,0,D1_pwm200_grab2
5364,-5532,8,7812,CD,0,D1_pwm200_grab2
5370,596,-1212,9600,CD,0,D1_pwm200_grab2
5380,-3660,-104,13672,CD,0,D1_pwm200_grab2
5384,-700,-1724,12468,CD,0,D1_pwm200_grab2
5389,-88,-2764,9496,CD,0,D1_pwm200_grab2
5400,3372,-1276,7084,CD,0,D1_pwm200_grab2
5404,-848,2088,14092,CD,0,D1_pwm200_grab2
5415,2380,-3956,11908,CD,0,D1_pwm200_grab2
5419,5352,-856,10104,CD,0,D1_pwm200_grab2
5429,2496,1568,13292,CD,0,D1_pwm200_grab2
5434,-3236,272,12500,CD,0,D1_pwm200_grab2
5440,412,-1416,11432,CD,0,D1_pwm200_grab2
5449,1116,3296,13904,CD,0,D1_pwm200_grab2
5454,-1536,-4640,9412,CD,0,D1_pwm200_grab2
5464,-3784,3596,8468,CD,0,D1_pwm200_grab2
5470,1280,-1128,10296,CD,0,D1_pwm200_grab2
5475,4964,820,7872,CD,0,D1_pwm200_grab2
5480,-2708,-3576,7992,CD,0,D1_pwm200_grab2
5485,3920,-2952,9180,CD,0,D1_pwm200_grab2
5489,736,1816,10024,CD,0,D1_pwm200_grab2
5494,624,76,9228,CD,0,D1_pwm200_grab2
5499,2388,20,10028,CD,0,D1_pwm200_grab2
5505,-396,3012,14272,CD,0,D1_pwm200_grab2
5510,-1788,-2544,4008,CD,0,D1_pwm200_grab2
5514,460,-4672,9292,CD,0,D1_pwm200_grab2
5520,1612,-272,9224,CD,0,D1_pwm200_grab2
5530,3940,4624,11304,CD,0,D1_pwm200_grab2
5534,-1084,-48,10388,CD,0,D1_pwm200_grab2
5539,1676,-1588,8412,CD,0,D1_pwm200_grab2
5544,1056,3228,12880,CD,0,D1_pwm200_grab2
5549,-1300,3376,13336,CD,0,D1_pwm200_grab2
5554,844,-3832,5068,CD,0,D1_pwm200_grab2
5565,-256,-1140,11480,CD,0,D1_pwm200_grab2
5569,1228,588,9096,CD,0,D1_pwm200_grab2
5579,-672,-9188,4572,CD,0,D1_pwm200_grab2
5584,3800,-1740,8396,CD,0,D1_pwm200_grab2
5591,-5392,2880,3508,CD,0,D1_pwm200_grab2
5595,4048,2252,10220,CD,0,D1_pwm200_grab2
5600,-2572,392,10632,CD,0,D1_pwm200_grab2
5606,612,308,8580,CD,0,D1_pwm200_grab2
5615,-1048,2692,11076,CD,0,D1_pwm200_grab2
5620,-2004,-4324,7152,CD,0,D1_pwm200_grab2
5630,356,-1316,11596,CD,0,D1_pwm200_grab2
5635,-1820,-1544,8096,CD,0,D1_pwm200_grab2
5641,172,-1620,7104,CD,0,D1_pwm200_grab2
5646,-3804,-1856,13732,CD,0,D1_pwm200_grab2
5650,340,-2716,10004,CD,0,D1_pwm200_grab2
5655,824,684,10012,CD,0,D1_pwm200_grab2
5660,-2496,840,12344,CD,0,D1_pwm200_grab2
5666,2844,-288,6024,CD,0,D1_pwm200_grab2
5671,1404,2680,14040,CD,0,D1_pwm200_grab2
5676,-5712,-2176,10860,CD,0,D1_pwm200_grab2
5680,484,-6244,8260,CD,0,D1_pwm200_grab2
5686,2288,976,10828,CD,0,D1_pwm200_grab2
5696,-528,3052,15400,CD,0,D1_pwm200_grab2
5700,-2720,-188,11108,CD,0,D1_pwm200_grab2
5705,-772,-3584,12596,CD,0,D1_pwm200_grab2
5711,4492,4776,13700,CD,0,D1_pwm200_grab2
5715,-976,2852,14024,CD,0,D1_pwm200_grab2
5720,-552,-1960,6296,CD,0,D1_pwm200_grab2
5725,2124,1536,7456,CD,0,D1_pwm200_grab2
5731,-416,-432,12120,CD,0,D1_pwm200_grab2
5736,1088,-1372,9900,CD,0,D1_pwm200_grab2
5745,920,-4364,7516,CD,0,D1_pwm200_grab2
5750,3308,-2252,8440,CD,0,D1_pwm200_grab2
5755,220,1648,9024,CD,0,D1_pwm200_grab2
5760,-6720,-1108,7636,CD,0,D1_pwm200_grab2
5765,6820,-968,8120,CD,0,D1_pwm200_grab2
5770,1188,4608,12744,CD,0,D1_pwm200_grab2
5776,720,-3608,11772,CD,0,D1_pwm200_grab2
5780,4544,-1328,9432,CD,0,D1_pwm200_grab2
5785,-928,1564,10668,CD,0,D1_pwm200_grab2
5790,4944,-1572,4896,CD,0,D1_pwm200_grab2
5795,3548,5740,9968,CD,0,D1_pwm200_grab2
5800,-1588,-1060,6376,CD,0,D1_pwm200_grab2
5805,1632,656,9840,CD,0,D1_pwm200_grab2
5816,1268,3900,11196,CD,0,D1_pwm200_grab2
5820,-136,-2956,7052,CD,0,D1_pwm200_grab2
5831,1380,-2228,8436,CD,0,D1_pwm200_grab2
5835,1432,-248,7836,CD,0,D1_pwm200_grab2
5852,1992,-1388,10388,CD,0,D1_pwm200_grab2
5856,-5548,2460,2136,CD,0,D1_pwm200_grab2
5861,1860,1816,12068,CD,0,D1_pwm200_grab2
5866,-3864,604,10788,CD,0,D1_pwm200_grab2
5872,188,-2284,10688,CD,0,D1_pwm200_grab2
5877,7808,4000,3556,CD,0,D1_pwm200_grab2
5881,-1908,2452,14660,CD,0,D1_pwm200_grab2
5886,-2424,-4192,7724,CD,0,D1_pwm200_grab2
5891,6880,-360,13088,CD,0,D1_pwm200_grab2
5896,-3384,3004,6228,CD,0,D1_pwm200_grab2
5902,-1776,-1800,7468,CD,0,D1_pwm200_grab2
5906,1388,-1072,5224,CD,0,D1_pwm200_grab2
5911,-5016,-3776,8924,CD,0,D1_pwm200_grab2
5916,2212,-2304,9688,CD,0,D1_pwm200_grab2
5922,-1476,964,9476,CD,0,D1_pwm200_grab2
5927,-1500,396,9364,CD,0,D1_pwm200_grab2
5931,4180,-2292,8808,CD,0,D1_pwm200_grab2
5937,-2668,1684,15928,CD,0,D1_pwm200_grab2
5941,-4436,-2016,6996,CD,0,D1_pwm200_grab2
5946,-1800,-5044,10108,CD,0,D1_pwm200_grab2
5951,2328,544,10816,CD,0,D1_pwm200_grab2
5961,-528,3912,13620,CD,0,D1_pwm200_grab2
5967,-1860,492,12124,CD,0,D1_pwm200_grab2
5971,-1796,-3728,8580,CD,0,D1_pwm200_grab2
5981,-380,4384,15940,CD,0,D1_pwm200_grab2
5986,-96,-2708,7208,CD,0,D1_pwm200_grab2
5991,1568,1652,8328,CD,0,D1_pwm200_grab2
5997,-1384,-1488,12988,CD,0,D1_pwm200_grab2
6002,2128,-1108,12100,CD,0,D1_pwm200_grab2
6011,-1152,-5288,7220,CD,0,D1_pwm200_grab2
6017,1052,-1692,8640,CD,0,D1_pwm200_grab2
6021,3248,-1460,11332,CD,0,D1_pwm200_grab2
6026,-5956,-792,9744,CD,0,D1_pwm200_grab2
6031,5280,-1188,7496,CD,0,D1_pwm200_grab2
6037,1048,4020,12088,CD,0,D1_pwm200_grab2
6042,2460,-3860,12640,CD,0,D1_pwm200_grab2
6046,1728,-480,11188,CD,0,D1_pwm200_grab2
6051,180,740,11084,CD,0,D1_pwm200_grab2
6056,4324,-1764,6048,CD,0,D1_pwm200_grab2
6062,3888,1580,14236,CD,0,D1_pwm200_grab2
6066,-2864,396,10116,CD,0,D1_pwm200_grab2
6072,1688,-792,9688,CD,0,D1_pwm200_grab2
6076,7896,6656,7960,CD,0,D1_pwm200_grab2
6081,-2244,2868,12768,CD,0,D1_pwm200_grab2
6086,112,-4992,8416,CD,0,D1_pwm200_grab2
6096,1900,-2272,9316,CD,0,D1_pwm200_grab2
6102,-748,1052,7768,CD,0,D1_pwm200_grab2
6107,-5280,-1744,12608,CD,0,D1_pwm200_grab2
6113,-856,-8172,5968,CD,0,D1_pwm200_grab2
6118,2008,-1256,9388,CD,0,D1_pwm200_grab2
6122,-6280,-324,2372,CD,0,D1_pwm200_grab2
6128,340,1736,13476,CD,0,D1_pwm200_grab2
6132,-4028,948,9224,CD,0,D1_pwm200_grab2
6137,-844,-3340,9268,CD,0,D1_pwm200_grab2
6144,7952,5248,7728,CD,0,D1_pwm200_grab2
6147,-520,2888,15448,CD,0,D1_pwm200_grab2
6152,-144,236,9008,CD,0,D1_pwm200_grab2
6158,3336,-324,10288,CD,0,D1_pwm200_grab2
6162,-6536,2092,6332,CD,0,D1_pwm200_grab2
6167,-72,-1984,9000,CD,0,D1_pwm200_grab2
6172,3168,1596,7204,CD,0,D1_pwm200_grab2
6177,-1692,-5568,9068,CD,0,D1_pwm200_grab2
6182,580,-3188,8684,CD,0,D1_pwm200_grab2
6188,1276,-3056,10924,CD,0,D1_pwm200_grab2
6198,5152,-1936,9588,CD,0,D1_pwm200_grab2
6203,-1812,1924,13720,CD,0,D1_pwm200_grab2
6207,-2328,-4716,6956,CD,0,D1_pwm200_grab2
6213,548,-5676,10432,CD,0,D1_pwm200_grab2
6217,516,1412,11084,CD,0,D1_pwm200_grab2
6228,4212,5712,13844,CD,0,D1_pwm200_grab2
6232,-2140,1408,14348,CD,0,D1_pwm200_grab2
6238,224,-36,10784,CD,0,D1_pwm200_grab2
6242,11904,4444,6352,CD,0,D1_pwm200_grab2
6247,1188,4092,13596,CD,0,D1_pwm200_grab2
6253,-412,-3916,7292,CD,0,D1_pwm200_grab2
6257,-7524,-3560,11004,CD,0,D1_pwm200_grab2
6262,1404,-1340,13428,CD,0,D1_pwm200_grab2
6267,1912,672,9768,CD,0,D1_pwm200_grab2
6273,-624,-436,10868,CD,0,D1_pwm200_grab2
6277,-2156,-1720,10536,CD,0,D1_pwm200_grab2
6283,3868,-1276,9020,CD,0,D1_pwm200_grab2
6287,1516,824,11988,CD,0,D1_pwm200_grab2
6293,-4576,-968,8156,CD,0,D1_pwm200_grab2
6298,4296,300,4976,CD,0,D1_pwm200_grab2
6303,1740,4908,12288,CD,0,D1_pwm200_grab2
6307,7252,-772,12660,CD,0,D1_pwm200_grab2
6313,4136,1196,10216,CD,0,D1_pwm200_grab2
6317,3556,176,8348,CD,0,D1_pwm200_grab2
6323,3260,-2060,9640,CD,0,D1_pwm200_grab2
6327,1020,2664,12204,CD,0,D1_pwm200_grab2
6332,-1892,552,10224,CD,0,D1_pwm200_grab2
6337,652,-1904,7224,CD,0,D1_pwm200_grab2
6343,7464,5744,9752,CD,0,D1_pwm200_grab2
6347,-2148,1184,10152,CD,0,D1_pwm200_grab2
6352,576,-5116,8332,CD,0,D1_pwm200_grab2
6363,4120,-2856,7716,CD,0,D1_pwm200_grab2
6369,-3024,1460,9688,CD,0,D1_pwm200_grab2
6373,-2736,-1184,14356,CD,0,D1_pwm200_grab2
6383,2212,-1344,9340,CD,0,D1_pwm200_grab2
6389,9664,-3036,15024,CD,0,D1_pwm200_grab2
6394,504,2216,12468,CD,0,D1_pwm200_grab2
6400,-3636,-560,10668,CD,0,D1_pwm200_grab2
6403,-808,136,8052,CD,0,D1_pwm200_grab2
6413,-1776,2136,12904,CD,0,D1_pwm200_grab2
6419,-1596,-1392,7292,CD,0,D1_pwm200_grab2
6423,3168,-400,9548,CD,0,D1_pwm200_grab2
6428,-4436,820,9944,CD,0,D1_pwm200_grab2
6434,-312,-2492,9440,CD,0,D1_pwm200_grab2
6439,-2840,212,12500,CD,0,D1_pwm200_grab2
6444,340,-12,15108,CD,0,D1_pwm200_grab2
6449,20,-144,12564,CD,0,D1_pwm200_grab2
6453,2124,-1884,11616,CD,0,D1_pwm200_grab2
6458,-8364,-692,10584,CD,0,D1_pwm200_grab2
6463,4784,-1348,8036,CD,0,D1_pwm200_grab2
6468,476,3772,16984,CD,0,D1_pwm200_grab2
6474,-960,-4868,6624,CD,0,D1_pwm200_grab2
6478,3124,-972,11712,CD,0,D1_pwm200_grab2
6483,152,2288,12500,CD,0,D1_pwm200_grab2
6488,1520,2352,8740,CD,0,D1_pwm200_grab2
6493,3452,2064,15092,CD,0,D1_pwm200_grab2
6498,-2520,816,12796,CD,0,D1_pwm200_grab2
6504,980,-640,12632,CD,0,D1_pwm200_grab2
6513,-16,4064,14060,CD,0,D1_pwm200_grab2
6518,200,-3316,8828,CD,0,D1_pwm200_grab2
6523,-8100,-4212,12772,CD,0,D1_pwm200_grab2
6528,1720,3964,8516,CD,0,D1_pwm200_grab2
6534,-660,-1692,8856,CD,0,D1_pwm200_grab2
6538,416,224,10388,CD,0,D1_pwm200_grab2
6543,-756,-1168,9116,CD,0,D1_pwm200_grab2
6548,2524,-1976,8592,CD,0,D1_pwm200_grab2
6554,1740,1156,10832,CD,0,D1_pwm200_grab2
6558,-4264,-856,10336,CD,0,D1_pwm200_grab2
6563,4040,256,6444,CD,0,D1_pwm200_grab2
6568,2504,4432,12564,CD,0,D1_pwm200_grab2
6573,-3496,-772,10452,CD,0,D1_pwm200_grab2
6579,720,-4944,7896,CD,0,D1_pwm200_grab2
6584,2204,1248,9284,CD,0,D1_pwm200_grab2
6588,4060,-1732,8616,CD,0,D1_pwm200_grab2
6593,496,2956,12652,CD,0,D1_pwm200_grab2
6598,-2128,176,10220,CD,0,D1_pwm200_grab2
6604,584,-1068,8168,CD,0,D1_pwm200_grab2
6615,-3016,904,13408,CD,0,D1_pwm200_grab2
6619,2868,-4836,9072,CD,0,D1_pwm200_grab2
6629,4272,-2180,9752,CD,0,D1_pwm200_grab2
6635,-2152,2596,11020,CD,0,D1_pwm200_grab2
6640,-4016,-1156,12664,CD,0,D1_pwm200_grab2
6644,-2620,-6984,10968,CD,0,D1_pwm200_grab2
6650,2784,-324,8464,CD,0,D1_pwm200_grab2
6656,7844,-2520,13056,CD,0,D1_pwm200_grab2
6660,-1584,-260,8668,CD,0,D1_pwm200_grab2
6665,-2936,108,9884,CD,0,D1_pwm200_grab2
6669,556,1316,8576,CD,0,D1_pwm200_grab2
6674,11248,1408,4196,CD,0,D1_pwm200_grab2
6680,-860,3000,14864,CD,0,D1_pwm200_grab2
6684,-2844,-2196,6376,CD,0,D1_pwm200_grab2
6689,3340,-1072,10136,CD,0,D1_pwm200_grab2
6694,-5788,948,9132,CD,0,D1_pwm200_grab2
6699,-2564,-1808,9140,CD,0,D1_pwm200_grab2
6704,-1188,-3916,11056,CD,0,D1_pwm200_grab2
6710,-604,-452,12076,CD,0,D1_pwm200_grab2
6715,1332,-36,12560,CD,0,D1_pwm200_grab2
6719,364,-2436,9588,CD,0,D1_pwm200_grab2
6724,-9928,-2004,10220,CD,0,D1_pwm200_grab2
6729,3640,-2224,8268,CD,0,D1_pwm200_grab2
6735,-1184,2548,14152,CD,0,D1_pwm200_grab2
6740,-4488,-4988,4084,CD,0,D1_pwm200_grab2
6744,-2500,-6928,4468,CD,0,D1_pwm200_grab2
6750,3680,-1756,11332,CD,0,D1_pwm200_grab2
6754,2432,2724,8260,CD,0,D1_pwm200_grab2
6759,2180,2256,13804,CD,0,D1_pwm200_grab2
6764,-1088,724,15040,CD,0,D1_pwm200_grab2
6770,-800,-1084,9980,CD,0,D1_pwm200_grab2
6780,96,3696,14596,CD,0,D1_pwm200_grab2
6784,1308,592,11756,CD,0,D1_pwm200_grab2
6789,6664,-216,7860,CD,0,D1_pwm200_grab2
6794,1312,2508,6196,CD,0,D1_pwm200_grab2
6800,-288,-1772,8580,CD,0,D1_pwm200_grab2
6805,648,1188,9076,CD,0,D1_pwm200_grab2
6809,740,-220,11928,CD,0,D1_pwm200_grab2
6814,4256,-1584,8156,CD,0,D1_pwm200_grab2
6820,2016,732,11688,CD,0,D1_pwm200_grab2
6824,-4420,-492,6644,CD,0,D1_pwm200_grab2
6829,4036,-1760,12124,CD,0,D1_pwm200_grab2
6834,-1580,2408,9364,CD,0,D1_pwm200_grab2
6840,-2112,-1184,16260,CD,0,D1_pwm200_grab2
6845,-2500,-6944,9732,CD,0,D1_pwm200_grab2
6849,4848,-876,9284,CD,0,D1_pwm200_grab2
6854,-3808,-2064,2936,CD,0,D1_pwm200_grab2
6859,4368,2288,13240,CD,0,D1_pwm200_grab2
6864,-3224,624,9236,CD,0,D1_pwm200_grab2
6871,1480,156,9032,CD,0,D1_pwm200_grab2
6875,8464,5264,9284,CD,0,D1_pwm200_grab2
6881,-1124,3016,11412,CD,0,D1_pwm200_grab2
6886,-208,-5796,7408,CD,0,D1_pwm200_grab2
6896,2188,-2168,9480,CD,0,D1_pwm200_grab2
6901,192,1108,8076,CD,0,D1_pwm200_grab2
6905,-3776,-3652,16472,CD,0,D1_pwm200_grab2
6916,-220,-3800,6316,CD,0,D1_pwm200_grab2
6920,-988,980,10672,CD,0,D1_pwm200_grab2
6925,-4124,884,9540,CD,0,D1_pwm200_grab2
6930,1984,144,4968,CD,0,D1_pwm200_grab2
6935,-1264,-136,11152,CD,0,D1_pwm200_grab2
6940,5364,-1944,11896,CD,0,D1_pwm200_grab2
6946,-1476,1884,12748,CD,0,D1_pwm200_grab2
6950,-480,-136,10884,CD,0,D1_pwm200_grab2
6961,-2384,2780,13080,CD,0,D1_pwm200_grab2
6966,-1752,-1320,9968,CD,0,D1_pwm200_grab2
6970,-1504,-2864,11704,CD,0,D1_pwm200_grab2
6976,5700,3044,14444,CD,0,D1_pwm200_grab2
6981,-3184,1356,14276,CD,0,D1_pwm200_grab2
6985,1904,-3012,11816,CD,0,D1_pwm200_grab2
6995,5048,-1520,11308,CD,0,D1_pwm200_grab2
7000,644,-1380,8552,CD,0,D1_pwm200_grab2
7005,1236,1508,15368,CD,0,D1_pwm200_grab2
7010,-1128,-5236,7736,CD,0,D1_pwm200_grab2
7015,2936,-1060,10920,CD,0,D1_pwm200_grab2
7020,-676,1324,12732,CD,0,D1_pwm200_grab2
7026,1144,-208,12124,CD,0,D1_pwm200_grab2
7030,-620,188,10360,CD,0,D1_pwm200_grab2
7035,1912,2276,9272,CD,0,D1_pwm200_grab2
7040,-2152,-2960,5472,CD,0,D1_pwm200_grab2
7046,32,-4372,10760,CD,0,D1_pwm200_grab2
7050,2024,2428,11888,CD,0,D1_pwm200_grab2
7061,4616,3628,14016,CD,0,D1_pwm200_grab2
7065,-1384,-976,10440,CD,0,D1_pwm200_grab2
7071,-456,-1028,9116,CD,0,D1_pwm200_grab2
7075,3268,2612,11504,CD,0,D1_pwm200_grab2
7080,-1092,1248,11580,CD,0,D1_pwm200_grab2
7085,-252,-2444,7188,CD,0,D1_pwm200_grab2
7091,8,44,7740,CD,0,D1_pwm200_grab2
7096,-732,-128,11396,CD,0,D1_pwm200_grab2
7101,2080,1056,9392,CD,0,D1_pwm200_grab2
7105,564,1776,14040,CD,0,D1_pwm200_grab2
7111,128,-5480,4360,CD,0,D1_pwm200_grab2
7115,2760,-1324,10628,CD,0,D1_pwm200_grab2
7120,888,1160,6804,CD,0,D1_pwm200_grab2
7127,472,1268,12180,CD,0,D1_pwm200_grab2
7132,-1932,976,10560,CD,0,D1_pwm200_grab2
7136,736,1392,7476,CD,0,D1_pwm200_grab2
7147,-2364,2640,14552,CD,0,D1_pwm200_grab2
7151,-1368,-2400,5572,CD,0,D1_pwm200_grab2
7156,-1528,-156,6948,CD,0,D1_pwm200_grab2
7161,-5224,-832,8088,CD,0,D1_pwm200_grab2
7166,512,-424,10048,CD,0,D1_pwm200_grab2
7171,376,-2472,10432,CD,0,D1_pwm200_grab2
7177,2528,544,9832,CD,0,D1_pwm200_grab2
7181,-204,-2360,12176,CD,0,D1_pwm200_grab2
7187,2060,-2828,10024,CD,0,D1_pwm200_grab2
7197,2992,-1688,6836,CD,0,D1_pwm200_grab2
7201,-1696,2088,13284,CD,0,D1_pwm200_grab2
7207,-5756,-4548,780,CD,0,D1_pwm200_grab2
7212,-4336,-8052,3960,CD,0,D1_pwm200_grab2
7217,1496,-3336,9768,CD,0,D1_pwm200_grab2
7221,-88,1344,6856,CD,0,D1_pwm200_grab2
7227,528,1924,12360,CD,0,D1_pwm200_grab2
7232,-2292,-604,15320,CD,0,D1_pwm200_grab2
7236,-1048,-988,9584,CD,0,D1_pwm200_grab2
7246,-1944,2636,14544,CD,0,D1_pwm200_grab2
7252,-1008,-4480,6704,CD,0,D1_pwm200_grab2
7257,2308,2108,6880,CD,0,D1_pwm200_grab2
7262,1928,5300,7340,CD,0,D1_pwm200_grab2
7266,-1148,-1940,9724,CD,0,D1_pwm200_grab2
7271,364,-1248,11544,CD,0,D1_pwm200_grab2
7277,1856,-436,13268,CD,0,D1_pwm200_grab2
7281,3704,-652,10836,CD,0,D1_pwm200_grab2
7286,848,-1432,11220,CD,0,D1_pwm200_grab2
7297,1100,-1728,14712,CD,0,D1_pwm200_grab2
7301,1316,1920,11436,CD,0,D1_pwm200_grab2
7317,4252,-860,10936,CD,0,D1_pwm200_grab2
7321,2104,1356,7104,CD,0,D1_pwm200_grab2
7326,2984,1748,14168,CD,0,D1_pwm200_grab2
7331,-1680,320,11884,CD,0,D1_pwm200_grab2
7337,-28,132,10336,CD,0,D1_pwm200_grab2
7341,6020,536,11196,CD,0,D1_pwm200_grab2
7346,2280,940,11120,CD,0,D1_pwm200_grab2
7352,2272,228,10364,CD,0,D1_pwm200_grab2
7356,4756,156,6060,CD,0,D1_pwm200_grab2
7362,1424,2088,3864,CD,0,D1_pwm200_grab2
7366,116,-1216,6348,CD,0,D1_pwm200_grab2
7371,1568,916,7188,CD,0,D1_pwm200_grab2
7376,1192,-4,11276,CD,0,D1_pwm200_grab2
7383,2084,-2440,6136,CD,0,D1_pwm200_grab2
7387,1280,-416,11176,CD,0,D1_pwm200_grab2
7398,6228,-360,5536,CD,0,D1_pwm200_grab2
7402,416,2220,10048,CD,0,D1_pwm200_grab2
7408,472,-2396,8472,CD,0,D1_pwm200_grab2
7413,2400,-1440,8592,CD,0,D1_pwm200_grab2
7418,-1668,320,9496,CD,0,D1_pwm200_grab2
7422,1944,1092,4400,CD,0,D1_pwm200_grab2
7427,1556,2880,12180,CD,0,D1_pwm200_grab2
7432,-3316,112,10396,CD,0,D1_pwm200_grab2
7438,-240,-308,8980,CD,0,D1_pwm200_grab2
7447,-2960,1180,11916,CD,0,D1_pwm200_grab2
7462,664,-2176,12156,CD,0,D1_pwm200_grab2
7468,-704,-2052,7564,CD,0,D1_pwm200_grab2
7472,36,108,5260,CD,0,D1_pwm200_grab2
7478,-680,-2908,11436,CD,0,D1_pwm200_grab2
7483,1008,-2940,7588,CD,0,D1_pwm200_grab2
7487,588,848,10928,CD,0,D1_pwm200_grab2
7497,3224,384,6004,CD,0,D1_pwm200_grab2
7502,672,1924,14620,CD,0,D1_pwm200_grab2
7508,1304,-4252,10852,CD,0,D1_pwm200_grab2
7517,2008,-48,11144,CD,0,D1_pwm200_grab2
7522,-5476,1064,3228,CD,0,D1_pwm200_grab2
7527,2308,2836,15468,CD,0,D1_pwm200_grab2
7532,-2516,-496,11704,CD,0,D1_pwm200_grab2
7538,408,-488,12988,CD,0,D1_pwm200_grab2
7548,-1956,2992,15120,CD,0,D1_pwm200_grab2
7552,2068,148,11380,CD,0,D1_pwm200_grab2
7557,4956,1376,14152,CD,0,D1_pwm200_grab2
7563,1128,1224,7044,CD,0,D1_pwm200_grab2
7567,-4,-1492,7376,CD,0,D1_pwm200_grab2
7572,2648,2220,6464,CD,0,D1_pwm200_grab2
7578,248,-1344,8844,CD,0,D1_pwm200_grab2
7582,1988,-1684,8164,CD,0,D1_pwm200_grab2
7587,1884,-372,12604,CD,0,D1_pwm200_grab2
7592,-5484,-268,9840,CD,0,D1_pwm200_grab2
7603,-432,3544,10884,CD,0,D1_pwm200_grab2
7607,-3652,-2080,15768,CD,0,D1_pwm200_grab2
7612,-12,-4872,8924,CD,0,D1_pwm200_grab2
7617,2828,736,11036,CD,0,D1_pwm200_grab2
7627,3080,1440,12856,CD,0,D1_pwm200_grab2
7633,-1976,-880,9888,CD,0,D1_pwm200_grab2
7639,684,132,9396,CD,0,D1_pwm200_grab2
7648,-3712,1512,14016,CD,0,D1_pwm200_grab2
7653,-244,-3956,7256,CD,0,D1_pwm200_grab2
7664,328,-1772,11568,CD,0,D1_pwm200_grab2
7668,-12,908,10192,CD,0,D1_pwm200_grab2
7683,1060,-3664,8652,CD,0,D1_pwm200_grab2
7689,496,-384,10332,CD,0,D1_pwm200_grab2
7694,-5952,472,9516,CD,0,D1_pwm200_grab2
7698,1592,-452,4952,CD,0,D1_pwm200_grab2
7703,128,984,10856,CD,0,D1_pwm200_grab2
7708,-1076,-3784,8916,CD,0,D1_pwm200_grab2
7713,984,136,11596,CD,0,D1_pwm200_grab2
7718,-3492,1324,10292,CD,0,D1_pwm200_grab2
7724,-1128,628,4144,CD,0,D1_pwm200_grab2
7728,2220,2596,12900,CD,0,D1_pwm200_grab2
7733,-3228,-532,11492,CD,0,D1_pwm200_grab2
7739,-1108,-1708,11100,CD,0,D1_pwm200_grab2
7744,9092,3084,4860,CD,0,D1_pwm200_grab2
7749,-3004,2128,15280,CD,0,D1_pwm200_grab2
7753,-2056,-4372,6296,CD,0,D1_pwm200_grab2
7759,-7416,-3096,10740,CD,0,D1_pwm200_grab2
7763,-2864,-1840,12440,CD,0,D1_pwm200_grab2
7769,-436,-2000,9888,CD,0,D1_pwm200_grab2
7774,-28,-1544,9188,CD,0,D1_pwm200_grab2
7778,-1876,-1472,10124,CD,0,D1_pwm200_grab2
7783,2064,-2096,9184,CD,0,D1_pwm200_grab2
7789,432,-280,11932,CD,0,D1_pwm200_grab2
7798,3468,228,7860,CD,0,D1_pwm200_grab2
7803,-1192,1772,12548,CD,0,D1_pwm200_grab2
7808,-3852,-2040,15944,CD,0,D1_pwm200_grab2
7818,4144,164,12180,CD,0,D1_pwm200_grab2
7824,2760,2392,6848,CD,0,D1_pwm200_grab2
7828,3356,1640,13944,CD,0,D1_pwm200_grab2
7833,-2412,436,14076,CD,1,D1_pwm200_grab2
7839,628,296,10760,CD,1,D1_pwm200_grab2
7848,-300,2740,13888,CD,1,D1_pwm200_grab2
7854,684,784,12156,CD,1,D1_pwm200_grab2
7858,4832,24,7632,CD,1,D1_pwm200_grab2
7864,3928,4924,7520,CD,1,D1_pwm200_grab2
7869,652,-1408,5900,CD,1,D1_pwm200_grab2
7874,1796,-736,11260,CD,1,D1_pwm200_grab2
7879,972,-308,10992,CD,1,D1_pwm200_grab2
7884,4060,-1592,8644,CD,1,D1_pwm200_grab2
7889,1084,-1560,11064,CD,1,D1_pwm200_grab2
7895,-9516,-3304,9752,CD,1,D1_pwm200_grab2
7899,4764,-668,5716,CD,1,D1_pwm200_grab2
7905,132,3180,12776,CD,1,D1_pwm200_grab2
7909,-800,-2156,5328,CD,1,D1_pwm200_grab2
7914,2676,-924,9812,CD,1,D1_pwm200_grab2
7919,-844,484,9832,CD,1,D1_pwm200_grab2
7929,3236,2976,8720,CD,1,D1_pwm200_grab2
7934,156,-752,7668,CD,1,D1_pwm200_grab2
7940,-564,36,8240,CD,1,D1_pwm200_grab2
7949,-3312,1876,11544,CD,1,D1_pwm200_grab2
7954,-1132,-3856,5572,CD,1,D1_pwm200_grab2
7960,1928,-840,8932,CD,1,D1_pwm200_grab2
7964,-3472,1256,6420,CD,1,D1_pwm200_grab2
7969,-1004,-1608,9140,CD,1,D1_pwm200_grab2
7975,2760,212,12064,CD,1,D1_pwm200_grab2
7979,3716,-1208,13348,CD,1,D1_pwm200_grab2
7984,-892,-1192,10080,CD,1,D1_pwm200_grab2
7990,2140,-2212,12340,CD,1,D1_pwm200_grab2
7999,4756,-992,8964,CD,1,D1_pwm200_grab2
8004,-3252,340,12752,CD,1,D1_pwm200_grab2
8010,-2256,-4436,7968,CD,1,D1_pwm200_grab2
8014,-3636,-5620,11724,CD,1,D1_pwm200_grab2
8020,1516,3236,12192,CD,1,D1_pwm200_grab2
8025,-1024,656,9396,CD,1,D1_pwm200_grab2
8029,12,1288,13200,CD,1,D1_pwm200_grab2
8034,-912,-460,10420,CD,1,D1_pwm200_grab2
8040,748,1128,12768,CD,1,D1_pwm200_grab2
8050,-1420,5016,13648,CD,1,D1_pwm200_grab2
8054,2100,496,11756,CD,1,D1_pwm200_grab2
8060,8240,1232,17472,CD,1,D1_pwm200_grab2
8064,3044,3676,14060,CD,1,D1_pwm200_grab2
8070,-160,-168,8824,CD,1,D1_pwm200_grab2
8075,500,-1256,10700,CD,1,D1_pwm200_grab2
8079,7012,3944,12764,CD,1,D1_pwm200_grab2
8085,-400,1748,13080,CD,1,D1_pwm200_grab2
8089,1404,-3452,9116,CD,1,D1_pwm200_grab2
8099,5148,-1472,11400,CD,1,D1_pwm200_grab2
8104,68,2420,12416,CD,1,D1_pwm200_grab2
8109,4688,1104,14108,CD,1,D1_pwm200_grab2
8114,-980,-3548,7128,CD,1,D1_pwm200_grab2
8119,2960,-2744,8260,CD,1,D1_pwm200_grab2
8125,1968,568,12252,CD,1,D1_pwm200_grab2
8129,-3680,-1524,10560,CD,1,D1_pwm200_grab2
8135,1652,748,7900,CD,1,D1_pwm200_grab2
8139,1184,2268,9412,CD,1,D1_pwm200_grab2
8145,4152,-1096,10924,CD,1,D1_pwm200_grab2
8151,-1408,1228,10296,CD,1,D1_pwm200_grab2
8155,1376,132,10644,CD,1,D1_pwm200_grab2
8160,2660,-516,4928,CD,1,D1_pwm200_grab2
8165,5056,4652,6892,CD,1,D1_pwm200_grab2
8170,164,-1212,6912,CD,1,D1_pwm200_grab2
8176,1932,-564,8300,CD,1,D1_pwm200_grab2
8181,1140,-1252,11936,CD,1,D1_pwm200_grab2
8185,2460,-1604,7540,CD,1,D1_pwm200_grab2
8190,428,-2208,11628,CD,1,D1_pwm200_grab2
8195,-7272,-3900,8144,CD,1,D1_pwm200_grab2
8200,-992,-1992,11892,CD,1,D1_pwm200_grab2
8205,-480,268,10108,CD,1,D1_pwm200_grab2
8216,-2092,-6380,6728,CD,1,D1_pwm200_grab2
8220,-924,-920,9228,CD,1,D1_pwm200_grab2
8225,-1556,300,5200,CD,1,D1_pwm200_grab2
8230,-908,1060,12504,CD,1,D1_pwm200_grab2
8235,1836,-1192,6068,CD,1,D1_pwm200_grab2
8241,-1100,1180,12220,CD,1,D1_pwm200_grab2
8245,-3528,-3552,3836,CD,1,D1_pwm200_grab2
8250,1524,-1720,12204,CD,1,D1_pwm200_grab2
8256,-2392,1440,10724,CD,1,D1_pwm200_grab2
8260,7892,3916,19764,CD,1,D1_pwm200_grab2
8265,252,2756,10580,CD,1,D1_pwm200_grab2
8270,164,-704,7520,CD,1,D1_pwm200_grab2
8276,-1844,-2628,8664,CD,1,D1_pwm200_grab2
8286,-2792,2940,14528,CD,1,D1_pwm200_grab2
8290,-2020,-2788,6272,CD,1,D1_pwm200_grab2
8295,3664,-772,12232,CD,1,D1_pwm200_grab2
8301,-432,224,13048,CD,1,D1_pwm200_grab2
8305,168,-960,9564,CD,1,D1_pwm200_grab2
8310,2524,96,16212,CD,1,D1_pwm200_grab2
8315,-1648,-5012,7916,CD,1,D1_pwm200_grab2
8320,1136,-892,13376,CD,1,D1_pwm200_grab2
8325,2456,-2164,12868,CD,1,D1_pwm200_grab2
8335,6356,-1576,11396,CD,1,D1_pwm200_grab2
8340,-1616,1044,12144,CD,1,D1_pwm200_grab2
8345,-3000,-2896,13400,CD,1,D1_pwm200_grab2
8356,2052,2668,12176,CD,1,D1_pwm200_grab2
8360,-2692,1748,5888,CD,1,D1_pwm200_grab2
8365,-1224,-184,9996,CD,1,D1_pwm200_grab2
8371,1988,-576,9908,CD,1,D1_pwm200_grab2
8375,2000,2388,10512,CD,1,D1_pwm200_grab2
8380,7056,524,12836,CD,1,D1_pwm200_grab2
8386,924,4336,10608,CD,1,D1_pwm200_grab2
8391,996,888,12168,CD,1,D1_pwm200_grab2
8395,5548,-104,10780,CD,1,D1_pwm200_grab2
8401,6020,3928,7700,CD,1,D1_pwm200_grab2
8406,560,-296,7156,CD,1,D1_pwm200_grab2
8412,2356,-152,9252,CD,1,D1_pwm200_grab2
8416,1712,-420,8232,CD,1,D1_pwm200_grab2
8421,2244,-1404,9884,CD,1,D1_pwm200_grab2
8426,3176,-796,11456,CD,1,D1_pwm200_grab2
8436,2504,-1604,5528,CD,1,D1_pwm200_grab2
8441,-896,2768,11748,CD,1,D1_pwm200_grab2
8456,548,-2268,8932,CD,1,D1_pwm200_grab2
8461,684,580,4720,CD,1,D1_pwm200_grab2
8466,-576,1472,11628,CD,1,D1_pwm200_grab2
8471,-2308,116,10088,CD,1,D1_pwm200_grab2
8477,76,-228,8984,CD,1,D1_pwm200_grab2
8486,-3752,3208,14872,CD,1,D1_pwm200_grab2
8491,-1088,580,10312,CD,1,D1_pwm200_grab2
8502,2100,2568,8776,CD,1,D1_pwm200_grab2
8507,-684,-1940,8596,CD,1,D1_pwm200_grab2
8511,-892,-3052,9316,CD,1,D1_pwm200_grab2
8516,2352,544,11084,CD,1,D1_pwm200_grab2
8521,-1092,-1228,13416,CD,1,D1_pwm200_grab2
8527,392,-3108,10904,CD,1,D1_pwm200_grab2
8536,-2660,412,10476,CD,1,D1_pwm200_grab2
8542,-1212,-1996,10872,CD,1,D1_pwm200_grab2
8547,1952,-380,14716,CD,1,D1_pwm200_grab2
8552,-4388,-5876,7364,CD,1,D1_pwm200_grab2
8556,3012,-1464,9320,CD,1,D1_pwm200_grab2
8561,-1416,624,10904,CD,1,D1_pwm200_grab2
8566,-3668,596,10404,CD,1,D1_pwm200_grab2
8571,912,-624,9660,CD,1,D1_pwm200_grab2
8576,-260,2096,15648,CD,1,D1_pwm200_grab2
8581,-3876,-2440,13576,CD,1,D1_pwm200_grab2
8586,-1780,-3408,12288,CD,1,D1_pwm200_grab2
8591,2060,2804,13132,CD,1,D1_pwm200_grab2
8597,-2956,812,5740,CD,1,D1_pwm200_grab2
8601,3608,2108,12852,CD,1,D1_pwm200_grab2
8607,-616,412,10352,CD,1,D1_pwm200_grab2
8611,-184,-504,11704,CD,1,D1_pwm200_grab2
8622,-532,3376,11348,CD,1,D1_pwm200_grab2
8627,4260,-740,11168,CD,1,D1_pwm200_grab2
8631,5948,-336,9088,CD,1,D1_pwm200_grab2
8637,3420,2668,6068,CD,1,D1_pwm200_grab2
8642,716,-148,7548,CD,1,D1_pwm200_grab2
8647,3772,560,7152,CD,1,D1_pwm200_grab2
8651,1792,236,10832,CD,1,D1_pwm200_grab2
8657,4448,-2592,7208,CD,1,D1_pwm200_grab2
8662,2336,-1880,12772,CD,1,D1_pwm200_grab2
8668,-9892,-1580,8876,CD,1,D1_pwm200_grab2
8673,4720,-1072,7624,CD,1,D1_pwm200_grab2
8677,-256,3220,10900,CD,1,D1_pwm200_grab2
8682,-1580,-1692,7704,CD,1,D1_pwm200_grab2
8687,1476,-2164,9564,CD,1,D1_pwm200_grab2
8693,1052,2444,10836,CD,1,D1_pwm200_grab2
8704,1756,2388,9200,CD,1,D1_pwm200_grab2
8707,-2684,80,10988,CD,1,D1_pwm200_grab2
8712,1304,2312,7744,CD,1,D1_pwm200_grab2
8718,11528,3196,6644,CD,1,D1_pwm200_grab2
8723,-960,3408,10904,CD,1,D1_pwm200_grab2
8727,-324,-3248,6892,CD,1,D1_pwm200_grab2
8732,6000,880,13804,CD,1,D1_pwm200_grab2
8737,-2296,2072,5136,CD,1,D1_pwm200_grab2
8742,-584,-1704,6608,CD,1,D1_pwm200_grab2
8747,-1468,-3252,8188,CD,1,D1_pwm200_grab2
8753,6980,1624,13484,CD,1,D1_pwm200_grab2
8758,-2416,-1100,10792,CD,1,D1_pwm200_grab2
8762,-1356,-4640,7724,CD,1,D1_pwm200_grab2
8773,2292,-1700,10852,CD,1,D1_pwm200_grab2
8777,-2596,-156,12832,CD,1,D1_pwm200_grab2
8783,-6948,-4404,12008,CD,1,D1_pwm200_grab2
8787,-3932,-6916,9712,CD,1,D1_pwm200_grab2
8793,1220,-3552,6888,CD,1,D1_pwm200_grab2
8797,1136,1280,12456,CD,1,D1_pwm200_grab2
8807,1796,-516,8324,CD,1,D1_pwm200_grab2
8813,-936,828,15344,CD,1,D1_pwm200_grab2
8817,2816,-2604,11352,CD,1,D1_pwm200_grab2
8823,-328,-664,12584,CD,1,D1_pwm200_grab2
8827,176,1540,12516,CD,1,D1_pwm200_grab2
8832,1272,2108,6952,CD,1,D1_pwm200_grab2
8837,5116,2152,14896,CD,1,D1_pwm200_grab2
8842,-1732,-156,13328,CD,1,D1_pwm200_grab2
8848,456,428,10984,CD,1,D1_pwm200_grab2
8857,-1468,3296,13012,CD,1,D1_pwm200_grab2
8862,1316,-2364,7176,CD,1,D1_pwm200_grab2
8868,2760,-992,9876,CD,1,D1_pwm200_grab2
8872,-1808,1380,11040,CD,1,D1_pwm200_grab2
8877,812,-632,8240,CD,1,D1_pwm200_grab2
8882,-648,-1984,9296,CD,1,D1_pwm200_grab2
8888,5388,1596,10692,CD,1,D1_pwm200_grab2
8892,1176,488,12312,CD,1,D1_pwm200_grab2
8897,1332,-3508,10644,CD,1,D1_pwm200_grab2
8908,3652,-2356,8648,CD,1,D1_pwm200_grab2
8913,-1124,2036,10224,CD,1,D1_pwm200_grab2
8918,-4316,-1828,10388,CD,1,D1_pwm200_grab2
8923,-3024,-6536,9544,CD,1,D1_pwm200_grab2
8928,1512,1184,9932,CD,1,D1_pwm200_grab2
8934,1568,464,6068,CD,1,D1_pwm200_grab2
8939,2712,1860,10196,CD,1,D1_pwm200_grab2
8943,-1116,224,11560,CD,1,D1_pwm200_grab2
8948,-356,-452,8660,CD,1,D1_pwm200_grab2
8958,-2620,1996,12184,CD,1,D1_pwm200_grab2
8964,-176,648,10724,CD,1,D1_pwm200_grab2
8973,4952,4244,8512,CD,1,D1_pwm200_grab2
8979,-212,-800,7624,CD,1,D1_pwm200_grab2
8983,-1588,-2336,6632,CD,1,D1_pwm200_grab2
8988,3724,-1288,13220,CD,1,D1_pwm200_grab2
8994,-304,-1376,10088,CD,1,D1_pwm200_grab2
8998,1480,-2940,12660,CD,1,D1_pwm200_grab2
9003,-268,-1800,8096,CD,1,D1_pwm200_grab2
9009,-2940,-100,8440,CD,1,D1_pwm200_grab2
9014,-712,-924,10172,CD,1,D1_pwm200_grab2
9019,500,-84,10372,CD,1,D1_pwm200_grab2
9023,-2416,-5436,8260,CD,1,D1_pwm200_grab2
9028,236,-2956,5528,CD,1,D1_pwm200_grab2
9033,-380,1392,11312,CD,1,D1_pwm200_grab2
9043,-272,8,7164,CD,1,D1_pwm200_grab2
9048,-2700,412,10364,CD,1,D1_pwm200_grab2
9063,356,972,11668,CD,1,D1_pwm200_grab2
9068,1216,548,6836,CD,1,D1_pwm200_grab2
9073,2612,1888,13664,CD,1,D1_pwm200_grab2
9078,-1628,-560,12220,CD,1,D1_pwm200_grab2
9083,-992,-1116,10492,CD,1,D1_pwm200_grab2
9088,1076,-3408,10720,CD,1,D1_pwm200_grab2
9093,-100,1684,10400,CD,1,D1_pwm200_grab2
9098,-1032,-40,11368,CD,1,D1_pwm200_grab2
9103,3060,2324,10904,CD,1,D1_pwm200_grab2
9109,5132,5260,11712,CD,1,D1_pwm200_grab2
9113,248,180,7760,CD,1,D1_pwm200_grab2
9119,-1468,-2960,9456,CD,1,D1_pwm200_grab2
9123,5192,672,11824,CD,1,D1_pwm200_grab2
9128,1324,-920,12844,CD,1,D1_pwm200_grab2
9133,112,-3824,6140,CD,1,D1_pwm200_grab2
9139,2772,-1700,12256,CD,1,D1_pwm200_grab2
9143,1056,120,11912,CD,1,D1_pwm200_grab2
9148,-112,320,9440,CD,1,D1_pwm200_grab2
9154,2304,616,13700,CD,1,D1_pwm200_grab2
9159,-820,-2968,6812,CD,1,D1_pwm200_grab2
9163,2284,-1356,7984,CD,1,D1_pwm200_grab2
9169,1728,1896,11912,CD,1,D1_pwm200_grab2
9174,-4576,-1792,10716,CD,1,D1_pwm200_grab2
9179,960,164,8028,CD,1,D1_pwm200_grab2
9184,2220,3344,10308,CD,1,D1_pwm200_grab2
9189,3260,-1364,9124,CD,1,D1_pwm200_grab2
9194,-1688,928,10192,CD,1,D1_pwm200_grab2
9199,2340,148,11012,CD,1,D1_pwm200_grab2
9205,2888,2900,10816,CD,1,D1_pwm200_grab2
9209,6684,3588,10016,CD,1,D1_pwm200_grab2
9214,-264,172,6444,CD,1,D1_pwm200_grab2
9220,632,916,9496,CD,1,D1_pwm200_grab2
9230,-3124,2104,13688,CD,1,D1_pwm200_grab2
9235,-744,-4292,4408,CD,1,D1_pwm200_grab2
9240,2324,-2416,10880,CD,1,D1_pwm200_grab2
9244,-3404,-524,8932,CD,1,D1_pwm200_grab2
9250,-960,-664,8100,CD,1,D1_pwm200_grab2
9254,260,-1052,10524,CD,1,D1_pwm200_grab2
9259,4844,792,9904,CD,1,D1_pwm200_grab2
9264,668,-2532,12272,CD,1,D1_pwm200_grab2
9270,1244,-3412,8464,CD,1,D1_pwm200_grab2
9280,1624,-1984,9160,CD,1,D1_pwm200_grab2
9284,-2744,168,10992,CD,1,D1_pwm200_grab2
9299,-2024,560,9860,CD,1,D1_pwm200_grab2
9304,-1488,1196,11380,CD,1,D1_pwm200_grab2
9314,-236,120,9504,CD,1,D1_pwm200_grab2
9319,40,1404,12300,CD,1,D1_pwm200_grab2
9325,1476,-2948,10920,CD,1,D1_pwm200_grab2
9330,-720,-928,11980,CD,1,D1_pwm200_grab2
9334,20,464,11764,CD,1,D1_pwm200_grab2
9344,3408,1140,12636,CD,1,D1_pwm200_grab2
9349,-1700,0,14328,CD,1,D1_pwm200_grab2
9355,-460,-156,9836,CD,1,D1_pwm200_grab2
9364,-872,3208,14680,CD,1,D1_pwm200_grab2
9370,-460,-3448,6928,CD,1,D1_pwm200_grab2
9375,3920,-1976,13712,CD,1,D1_pwm200_grab2
9379,872,1764,10580,CD,1,D1_pwm200_grab2
9384,-76,444,9132,CD,1,D1_pwm200_grab2
9390,580,-1864,10488,CD,1,D1_pwm200_grab2
9394,5240,2388,11612,CD,1,D1_pwm200_grab2
9400,2492,16,13460,CD,1,D1_pwm200_grab2
9405,1480,-2812,9544,CD,1,D1_pwm200_grab2
9415,4208,-1992,10296,CD,1,D1_pwm200_grab2
9419,-676,1356,10512,CD,1,D1_pwm200_grab2
9431,-408,-5148,6836,CD,1,D1_pwm200_grab2
9436,1040,452,10156,CD,1,D1_pwm200_grab2
9440,1480,2124,6368,CD,1,D1_pwm200_grab2
9446,1984,60,11480,CD,1,D1_pwm200_grab2
9450,-1200,800,11436,CD,1,D1_pwm200_grab2
9455,900,976,8740,CD,1,D1_pwm200_grab2
9466,-3064,2576,13792,CD,1,D1_pwm200_grab2
9472,2860,-2692,7904,CD,1,D1_pwm200_grab2
9480,3800,1960,7356,CD,1,D1_pwm200_grab2
9486,-44,-896,6980,CD,1,D1_pwm200_grab2
9491,1140,-1312,11104,CD,1,D1_pwm200_grab2
9496,5600,1328,10780,CD,1,D1_pwm200_grab2
9500,-1336,-248,12856,CD,1,D1_pwm200_grab2
9506,-104,-4260,6680,CD,1,D1_pwm200_grab2
9516,-1016,1952,6084,CD,1,D1_pwm200_grab2
9521,-1064,-1708,7068,CD,1,D1_pwm200_grab2
9525,3812,408,7548,CD,1,D1_pwm200_grab2
9530,-1052,-2752,6636,CD,1,D1_pwm200_grab2
9536,2024,-2996,7520,CD,1,D1_pwm200_grab2
9541,-16,-288,9956,CD,1,D1_pwm200_grab2
9550,1268,-1908,8132,CD,1,D1_pwm200_grab2
9556,-1316,1012,13424,CD,1,D1_pwm200_grab2
9571,-12,228,10604,CD,1,D1_pwm200_grab2
9575,-3488,112,5808,CD,1,D1_pwm200_grab2
9580,-1456,48,10940,CD,1,D1_pwm200_grab2
9586,-1484,628,12988,CD,1,D1_pwm200_grab2
9591,668,768,10432,CD,1,D1_pwm200_grab2
9595,5772,-16,9380,CD,1,D1_pwm200_grab2
9601,-2920,-2556,13580,CD,1,D1_pwm200_grab2
9605,592,3368,12972,CD,1,D1_pwm200_grab2
9610,-760,-388,7848,CD,1,D1_pwm200_grab2
9615,2216,2860,10028,CD,1,D1_pwm200_grab2
9621,84,336,11380,CD,1,D1_pwm200_grab2
9625,-596,-1056,10276,CD,1,D1_pwm200_grab2
9635,-1064,1604,14548,CD,1,D1_pwm200_grab2
9641,-148,-4172,7852,CD,1,D1_pwm200_grab2
9645,4880,504,9380,CD,1,D1_pwm200_grab2
9651,4052,3952,8172,CD,1,D1_pwm200_grab2
9655,1008,-84,10760,CD,1,D1_pwm200_grab2
9660,2524,388,7816,CD,1,D1_pwm200_grab2
9665,3820,644,11660,CD,1,D1_pwm200_grab2
9671,5740,-2952,9432,CD,1,D1_pwm200_grab2
9676,2260,-2200,14108,CD,1,D1_pwm200_grab2
9686,4448,-1844,10516,CD,1,D1_pwm200_grab2
9691,-308,2992,13108,CD,1,D1_pwm200_grab2
9697,-3420,-3252,12952,CD,1,D1_pwm200_grab2
9701,-1316,-3452,10312,CD,1,D1_pwm200_grab2
9706,1616,3172,12660,CD,1,D1_pwm200_grab2
9711,-1280,1476,6124,CD,1,D1_pwm200_grab2
9716,5552,1144,12048,CD,1,D1_pwm200_grab2
9721,-604,1000,9616,CD,1,D1_pwm200_grab2
9726,652,680,10432,CD,1,D1_pwm200_grab2
9732,5156,-808,11556,CD,1,D1_pwm200_grab2
9736,580,2184,8336,CD,1,D1_pwm200_grab2
9741,-828,-928,9812,CD,1,D1_pwm200_grab2
9751,4788,5084,7628,CD,1,D1_pwm200_grab2
9756,1228,68,6776,CD,1,D1_pwm200_grab2
9761,-1284,-2080,8936,CD,1,D1_pwm200_grab2
9766,6008,1840,10544,CD,1,D1_pwm200_grab2
9771,-3256,2732,12808,CD,1,D1_pwm200_grab2
9776,-1324,-4868,4132,CD,1,D1_pwm200_grab2
9781,1952,-2332,10080,CD,1,D1_pwm200_grab2
9786,-1304,1536,6632,CD,1,D1_pwm200_grab2
9791,-1944,-1784,9340,CD,1,D1_pwm200_grab2
9797,-208,1160,13492,CD,1,D1_pwm200_grab2
9802,-3848,-5536,6264,CD,1,D1_pwm200_grab2
9806,1292,-4240,5784,CD,1,D1_pwm200_grab2
9812,-1668,844,11004,CD,1,D1_pwm200_grab2
9822,1732,-1800,10400,CD,1,D1_pwm200_grab2
9827,-2500,-696,10692,CD,1,D1_pwm200_grab2
9831,-8148,-3300,10552,CD,1,D1_pwm200_grab2
9836,-4160,-7620,7592,CD,1,D1_pwm200_grab2
9842,396,2104,13080,CD,1,D1_pwm200_grab2
9847,-2960,588,5872,CD,1,D1_pwm200_grab2
9851,1112,428,12964,CD,1,D1_pwm200_grab2
9856,1084,-1008,7852,CD,1,D1_pwm200_grab2
9861,636,2728,15676,CD,1,D1_pwm200_grab2
9867,-656,-2228,7848,CD,1,D1_pwm200_grab2
9872,-636,-392,12752,CD,1,D1_pwm200_grab2
9876,1700,2672,13244,CD,1,D1_pwm200_grab2
9887,1060,3028,9232,CD,1,D1_pwm200_grab2
9892,1240,348,10592,CD,1,D1_pwm200_grab2
9896,244,-808,10632,CD,1,D1_pwm200_grab2
9902,11600,4620,7412,CD,1,D1_pwm200_grab2
9906,-1768,5148,11648,CD,1,D1_pwm200_grab2
9911,2960,-2040,9700,CD,1,D1_pwm200_grab2
9917,5864,368,10044,CD,1,D1_pwm200_grab2
9922,3420,2184,7788,CD,1,D1_pwm200_grab2
9926,872,-480,9360,CD,1,D1_pwm200_grab2
9931,4436,1204,6748,CD,1,D1_pwm200_grab2
9937,2604,760,9996,CD,1,D1_pwm200_grab2
9942,5628,-3056,7020,CD,1,D1_pwm200_grab2
9948,2444,-1308,12636,CD,1,D1_pwm200_grab2
9952,-10680,-2412,12312,CD,1,D1_pwm200_grab2
9958,4028,-1620,9252,CD,1,D1_pwm200_grab2
9967,-2668,-2952,13340,CD,1,D1_pwm200_grab2
9973,-1780,-3056,9680,CD,1,D1_pwm200_grab2
9978,1660,2924,11864,CD,1,D1_pwm200_grab2
9984,-2912,1512,4992,CD,1,D1_pwm200_grab2
9987,-4352,-612,10496,CD,1,D1_pwm200_grab2
9992,88,132,8008,CD,1,D1_pwm200_grab2
9998,3508,3372,11732,CD,1,D1_pwm200_grab2
10002,4880,-1376,11412,CD,1,D1_pwm200_grab2
10007,-168,1864,8200,CD,1,D1_pwm200_grab2
10013,-824,-1436,9944,CD,1,D1_pwm200_grab2
10017,10052,2484,18408,CD,1,D1_pwm200_grab2
10022,4704,4824,8448,CD,1,D1_pwm200_grab2
10028,-1372,756,11184,CD,1,D1_pwm200_grab2
10032,-1856,-1668,8472,CD,1,D1_pwm200_grab2
10038,12596,2692,5788,CD,1,D1_pwm200_grab2
10043,-4136,2924,12768,CD,1,D1_pwm200_grab2
10048,-1100,-4544,5240,CD,1,D1_pwm200_grab2
10053,3456,-2348,13392,CD,1,D1_pwm200_grab2
10058,-640,1960,5992,CD,1,D1_pwm200_grab2
10062,-2116,-2080,10608,CD,1,D1_pwm200_grab2
10067,1876,1108,9484,CD,1,D1_pwm200_grab2
10073,5284,2072,15408,CD,1,D1_pwm200_grab2
10078,-2176,-536,11944,CD,1,D1_pwm200_grab2
10082,-100,-3444,10072,CD,1,D1_pwm200_grab2
10087,-8204,-2172,12112,CD,1,D1_pwm200_grab2
10092,864,-1652,12252,CD,1,D1_pwm200_grab2
10097,-1864,-1144,12484,CD,1,D1_pwm200_grab2
10102,-7832,-2184,11036,CD,1,D1_pwm200_grab2
10107,-2392,-7416,5984,CD,1,D1_pwm200_grab2
10113,3444,-3212,7796,CD,1,D1_pwm200_grab2
10117,1132,-448,13124,CD,1,D1_pwm200_grab2
10127,1656,-892,8844,CD,1,D1_pwm200_grab2
10132,-2884,32,14748,CD,1,D1_pwm200_grab2
10137,-1604,-3472,12380,CD,1,D1_pwm200_grab2
10143,-2952,-2452,11884,CD,1,D1_pwm200_grab2
10147,2228,3536,13364,CD,1,D1_pwm200_grab2
10152,-2964,964,6172,CD,1,D1_pwm200_grab2
10157,-3240,-60,12724,CD,1,D1_pwm200_grab2
10163,128,-128,9036,CD,1,D1_pwm200_grab2
10168,3512,2524,13240,CD,1,D1_pwm200_grab2
10173,4392,-3068,11944,CD,1,D1_pwm200_grab2
10178,-1872,2916,11324,CD,1,D1_pwm200_grab2
10182,692,1416,12212,CD,1,D1_pwm200_grab2
10187,8608,3516,18376,CD,1,D1_pwm200_grab2
10192,4376,3280,11108,CD,1,D1_pwm200_grab2
10199,1248,404,8056,CD,1,D1_pwm200_grab2
10203,632,-2056,11100,CD,1,D1_pwm200_grab2
10208,4916,3500,13632,CD,1,D1_pwm200_grab2
10213,2856,-432,13172,CD,1,D1_pwm200_grab2
10218,896,-3012,8900,CD,1,D1_pwm200_grab2
10223,-8716,-1888,12536,CD,1,D1_pwm200_grab2
10228,3236,-1824,11232,CD,1,D1_pwm200_grab2
10233,-436,1792,8120,CD,1,D1_pwm200_grab2
10238,-8336,-1460,9124,CD,1,D1_pwm200_grab2
10243,272,-316,9752,CD,1,D1_pwm200_grab2
10248,3928,-3316,5632,CD,1,D1_pwm200_grab2
10253,1376,40,10704,CD,1,D1_pwm200_grab2
10264,2528,-808,7468,CD,1,D1_pwm200_grab2
10269,-444,2884,11172,CD,1,D1_pwm200_grab2
10273,-2240,-2812,12252,CD,1,D1_pwm200_grab2
10279,-2824,-3592,9436,CD,1,D1_pwm200_grab2
10283,2172,-1260,7068,CD,1,D1_pwm200_grab2
10289,-1816,1064,6024,CD,1,D1_pwm200_grab2
10293,-4960,-908,9480,CD,1,D1_pwm200_grab2
10298,-692,684,8356,CD,1,D1_pwm200_grab2
10303,3040,2264,11296,CD,1,D1_pwm200_grab2
10309,5628,-1764,12268,CD,1,D1_pwm200_grab2
10313,-1488,1000,9112,CD,1,D1_pwm200_grab2
10319,-892,-1224,10792,CD,1,D1_pwm200_grab2
10323,8856,1572,17884,CD,1,D1_pwm200_grab2
10328,1792,1176,10276,CD,1,D1_pwm200_grab2
10334,-1712,496,11284,CD,1,D1_pwm200_grab2
10339,-2092,-1964,8984,CD,1,D1_pwm200_grab2
10348,-4220,2984,12964,CD,1,D1_pwm200_grab2
10354,264,-3680,7156,CD,1,D1_pwm200_grab2
10358,4436,-1164,15992,CD,1,D1_pwm200_grab2
10363,488,1820,6496,CD,1,D1_pwm200_grab2
10368,724,-712,8552,CD,1,D1_pwm200_grab2
10373,-708,-2152,9500,CD,1,D1_pwm200_grab2
10378,6900,3156,15176,CD,1,D1_pwm200_grab2
10383,-1640,-176,12980,CD,1,D1_pwm200_grab2
10388,-128,-3784,9260,CD,1,D1_pwm200_grab2
10394,-3528,-460,12292,CD,1,D1_pwm200_grab2
10399,680,-1496,13296,CD,1,D1_pwm200_grab2
10404,-1004,-660,13632,CD,1,D1_pwm200_grab2
10408,-3476,976,12032,CD,1,D1_pwm200_grab2
10413,3588,952,13464,CD,1,D1_pwm200_grab2
10418,3980,-2388,9052,CD,1,D1_pwm200_grab2
10424,2516,-1268,14032,CD,1,D1_pwm200_grab2
10434,2732,-1048,10516,CD,1,D1_pwm200_grab2
10438,-656,2272,12468,CD,1,D1_pwm200_grab2
10444,-4684,-2260,13448,CD,1,D1_pwm200_grab2
10448,-3640,-5288,10744,CD,1,D1_pwm200_grab2
10454,3348,2096,12740,CD,1,D1_pwm200_grab2
10460,2664,108,8192,CD,1,D1_pwm200_grab2
10464,3576,652,12928,CD,1,D1_pwm200_grab2
10469,-580,332,10136,CD,1,D1_pwm200_grab2
10474,1032,756,9180,CD,1,D1_pwm200_grab2
10484,564,5276,13628,CD,1,D1_pwm200_grab2
10490,584,-3876,6728,CD,1,D1_pwm200_grab2
10494,5036,1660,14048,CD,1,D1_pwm200_grab2
10499,3928,2516,8576,CD,1,D1_pwm200_grab2
10504,320,48,7132,CD,1,D1_pwm200_grab2
10510,1464,-608,8044,CD,1,D1_pwm200_grab2
10520,584,500,11304,CD,1,D1_pwm200_grab2
10524,-1076,-4692,5692,CD,1,D1_pwm200_grab2
10529,-5340,-1432,8980,CD,1,D1_pwm200_grab2
10535,580,-1856,9688,CD,1,D1_pwm200_grab2
10540,-1224,-1400,8300,CD,1,D1_pwm200_grab2
10545,400,-20,6624,CD,1,D1_pwm200_grab2
10550,2520,-976,13552,CD,1,D1_pwm200_grab2
10554,2088,-2708,7840,CD,1,D1_pwm200_grab2
10559,668,-1852,12368,CD,1,D1_pwm200_grab2
10570,1840,-1648,7876,CD,1,D1_pwm200_grab2
10574,-2024,260,8740,CD,1,D1_pwm200_grab2
10579,-5128,-4000,13496,CD,1,D1_pwm200_grab2
10584,-1952,-4792,8052,CD,1,D1_pwm200_grab2
10589,-440,-2536,6724,CD,1,D1_pwm200_grab2
10594,-120,1492,11752,CD,1,D1_pwm200_grab2
10604,560,-1036,8224,CD,1,D1_pwm200_grab2
10609,-220,1568,15636,CD,1,D1_pwm200_grab2
10614,-280,-3684,8028,CD,1,D1_pwm200_grab2
10619,-2780,-1160,12976,CD,1,D1_pwm200_grab2
10625,-736,168,9496,CD,1,D1_pwm200_grab2
10629,-528,1616,5804,CD,1,D1_pwm200_grab2
10634,-2372,88,12416,CD,1,D1_pwm200_grab2
10639,-1464,256,10836,CD,1,D1_pwm200_grab2
10645,44,1328,9516,CD,1,D1_pwm200_grab2
10655,-3340,3940,12480,CD,1,D1_pwm200_grab2
10660,1000,-444,10996,CD,1,D1_pwm200_grab2
10665,3484,1188,9640,CD,1,D1_pwm200_grab2
10669,4776,4252,10508,CD,1,D1_pwm200_grab2
10674,-372,524,10464,CD,1,D1_pwm200_grab2
10679,748,-236,10880,CD,1,D1_pwm200_grab2
10690,-512,3420,14420,CD,1,D1_pwm200_grab2
10695,368,-4852,6748,CD,1,D1_pwm200_grab2
10699,1996,-340,10832,CD,1,D1_pwm200_grab2
10704,188,1128,11776,CD,1,D1_pwm200_grab2
10711,-512,-176,9044,CD,1,D1_pwm200_grab2
10716,2128,2360,12432,CD,1,D1_pwm200_grab2
10721,-1808,-3092,7812,CD,1,D1_pwm200_grab2
10725,5228,-2880,8020,CD,1,D1_pwm200_grab2
10731,276,2128,10332,CD,1,D1_pwm200_grab2
10740,1940,-828,7716,CD,1,D1_pwm200_grab2
10745,640,3856,13600,CD,1,D1_pwm200_grab2
10750,-644,-2084,8008,CD,1,D1_pwm200_grab2
10760,1360,588,8592,CD,1,D1_pwm200_grab2
10766,-652,1444,4876,CD,1,D1_pwm200_grab2
10770,-2008,-336,9528,CD,1,D1_pwm200_grab2
10776,-80,336,8268,CD,1,D1_pwm200_grab2
10781,1144,1568,7904,CD,1,D1_pwm200_grab2
10790,-3000,2360,10192,CD,1,D1_pwm200_grab2
10795,1312,2540,10172,CD,1,D1_pwm200_grab2
10800,1504,-676,6592,CD,1,D1_pwm200_grab2
10806,2972,1592,8964,CD,1,D1_pwm200_grab2
10810,-1024,644,10352,CD,1,D1_pwm200_grab2
10815,-932,-1464,7872,CD,1,D1_pwm200_grab2
10826,-3480,3204,11388,CD,1,D1_pwm200_grab2
10831,-1256,-4688,6028,CD,1,D1_pwm200_grab2
10836,3604,-388,13760,CD,1,D1_pwm200_grab2
10840,1348,2300,6796,CD,1,D1_pwm200_grab2
10845,416,-400,8940,CD,1,D1_pwm200_grab2
10851,-64,-692,7628,CD,1,D1_pwm200_grab2
10855,6876,2544,13316,CD,1,D1_pwm200_grab2
10860,-2252,1056,11792,CD,1,D1_pwm200_grab2
10866,-1408,-4696,8276,CD,1,D1_pwm200_grab2
10871,-2720,340,8488,CD,1,D1_pwm200_grab2
10875,-416,-1948,10700,CD,1,D1_pwm200_grab2
10881,-308,-1576,8524,CD,1,D1_pwm200_grab2
10885,-1060,-1308,8392,CD,1,D1_pwm200_grab2
10890,3924,112,15320,CD,1,D1_pwm200_grab2
10895,2420,-3144,9272,CD,1,D1_pwm200_grab2
10900,852,-2208,10896,CD,1,D1_pwm200_grab2
10910,1900,-2064,10332,CD,1,D1_pwm200_grab2
10916,-1188,840,13552,CD,1,D1_pwm200_grab2
10921,-7264,-3828,11988,CD,1,D1_pwm200_grab2
10926,-1104,-3168,7960,CD,1,D1_pwm200_grab2
10931,2240,-2916,7864,CD,1,D1_pwm200_grab2
10935,1436,2892,13612,CD,1,D1_pwm200_grab2
10946,1180,-1128,10244,CD,1,D1_pwm200_grab2
10950,-320,2612,16052,CD,1,D1_pwm200_grab2
10955,-788,-2104,7132,CD,1,D1_pwm200_grab2
10960,-3392,-2944,12676,CD,1,D1_pwm200_grab2
10967,3868,1852,11668,CD,1,D1_pwm200_grab2
10972,-1856,1052,8508,CD,1,D1_pwm200_grab2
10976,4572,2988,9144,CD,1,D1_pwm200_grab2
10981,116,1292,11764,CD,1,D1_pwm200_grab2
10986,780,-760,10568,CD,1,D1_pwm200_grab2
10997,1116,2692,12884,CD,1,D1_pwm200_grab2
11001,-452,-4076,5956,CD,1,D1_pwm200_grab2
11006,3928,-1984,12788,CD,1,D1_pwm200_grab2
11011,4972,2916,10456,CD,1,D1_pwm200_grab2
11017,728,-492,7472,CD,1,D1_pwm200_grab2
11021,2444,-1168,9628,CD,1,D1_pwm200_grab2
11026,4880,3772,13540,CD,1,D1_pwm200_grab2
11031,3584,-116,11600,CD,1,D1_pwm200_grab2
11036,-1660,-3848,7256,CD,1,D1_pwm200_grab2
11041,-4220,-1080,10284,CD,1,D1_pwm200_grab2
11046,1636,-2592,10124,CD,1,D1_pwm200_grab2
11052,-596,-1564,7240,CD,1,D1_pwm200_grab2
11056,524,-200,4932,CD,1,D1_pwm200_grab2
11061,2984,912,14324,CD,1,D1_pwm200_grab2
11066,848,-3408,6816,CD,1,D1_pwm200_grab2
11071,740,-1232,10952,CD,1,D1_pwm200_grab2
11082,2144,-1924,7728,CD,1,D1_pwm200_grab2
11087,-3556,464,9436,CD,1,D1_pwm200_grab2
11092,-6988,-2452,11400,CD,1,D1_pwm200_grab2
11097,-2608,-5384,6892,CD,1,D1_pwm200_grab2
11102,-596,-2528,5484,CD,1,D1_pwm200_grab2
11106,-236,1048,12416,CD,1,D1_pwm200_grab2
11116,300,-940,8076,CD,1,D1_pwm200_grab2
11121,-1840,876,14172,CD,1,D1_pwm200_grab2
11126,260,-3620,8916,CD,1,D1_pwm200_grab2
11132,-4508,-4160,11524,CD,1,D1_pwm200_grab2
11137,744,428,10196,CD,1,D1_pwm200_grab2
11142,-1104,888,6128,CD,1,D1_pwm200_grab2
11146,-1728,396,12776,CD,1,D1_pwm200_grab2
11151,-1100,-96,9068,CD,1,D1_pwm200_grab2
11156,1312,1328,10472,CD,1,D1_pwm200_grab2
11162,6364,-2280,13544,CD,1,D1_pwm200_grab2
11167,-2880,3696,13100,CD,1,D1_pwm200_grab2
11172,-1032,56,12300,CD,1,D1_pwm200_grab2
11177,5288,2212,13760,CD,1,D1_pwm200_grab2
11182,3376,1968,13648,CD,1,D1_pwm200_grab2
11186,-616,1164,11432,CD,1,D1_pwm200_grab2
11191,-232,-392,9516,CD,1,D1_pwm200_grab2
11202,-2620,4304,13528,CD,1,D1_pwm200_grab2
11206,1812,-4124,7676,CD,1,D1_pwm200_grab2
11211,6312,2608,15264,CD,1,D1_pwm200_grab2
11216,2360,1652,10216,CD,1,D1_pwm200_grab2
11223,12,-1276,10096,CD,1,D1_pwm200_grab2
11227,2612,920,7172,CD,1,D1_pwm200_grab2
11233,2044,368,12748,CD,1,D1_pwm200_grab2
11238,5180,-3292,8156,CD,1,D1_pwm200_grab2
11242,2592,-544,15020,CD,1,D1_pwm200_grab2
11252,3340,-2036,9048,CD,1,D1_pwm200_grab2
11258,-864,3792,9996,CD,1,D1_pwm200_grab2
11262,-4264,-1580,12448,CD,1,D1_pwm200_grab2
11268,-1976,-5076,6104,CD,1,D1_pwm200_grab2
11272,4344,-2412,7632,CD,1,D1_pwm200_grab2
11277,-452,912,9724,CD,1,D1_pwm200_grab2
11283,-6928,-1188,7592,CD,1,D1_pwm200_grab2
11287,664,428,7320,CD,1,D1_pwm200_grab2
11293,2428,3396,13924,CD,1,D1_pwm200_grab2
11298,1072,-3032,10108,CD,1,D1_pwm200_grab2
11302,-596,-676,9048,CD,1,D1_pwm200_grab2
11308,-244,1396,8980,CD,1,D1_pwm200_grab2
11312,-384,1168,4272,CD,1,D1_pwm200_grab2
11317,-1484,-940,9888,CD,1,D1_pwm200_grab2
11323,-1224,1248,9032,CD,1,D1_pwm200_grab2
11327,36,208,7684,CD,1,D1_pwm200_grab2
11332,8444,-456,12340,CD,1,D1_pwm200_grab2
11338,-4076,2776,12136,CD,1,D1_pwm200_grab2
11343,-2076,-2080,9712,CD,1,D1_pwm200_grab2
11348,1308,-460,7000,CD,1,D1_pwm200_grab2
11353,1956,1496,8896,CD,1,D1_pwm200_grab2
11358,-676,408,10472,CD,1,D1_pwm200_grab2
11362,-1760,-1760,7592,CD,1,D1_pwm200_grab2
11372,-4480,2828,12052,CD,1,D1_pwm200_grab2
11378,-508,-3756,7116,CD,1,D1_pwm200_grab2
11382,3660,2000,14368,CD,1,D1_pwm200_grab2
11387,1028,1884,8984,CD,1,D1_pwm200_grab2
11393,736,-1056,9432,CD,1,D1_pwm200_grab2
11397,-1400,-2304,9072,CD,1,D1_pwm200_grab2
11408,-2644,1272,12380,CD,1,D1_pwm200_grab2
11412,-1116,-4128,8044,CD,1,D1_pwm200_grab2
11418,-1980,144,12588,CD,1,D1_pwm200_grab2
11423,-404,-1328,11212,CD,1,D1_pwm200_grab2
11427,-2928,-2260,11028,CD,1,D1_pwm200_grab2
11433,2044,864,16192,CD,1,D1_pwm200_grab2
11437,3728,1344,15636,CD,1,D1_pwm200_grab2
11443,3032,-2304,10688,CD,1,D1_pwm200_grab2
11448,-772,-1800,9976,CD,1,D1_pwm200_grab2
11457,1512,-1828,11876,CD,1,D1_pwm200_grab2
11462,924,1572,13068,CD,1,D1_pwm200_grab2
11473,-1348,-5484,6192,CD,1,D1_pwm200_grab2
11479,2104,1440,11660,CD,1,D1_pwm200_grab2
11484,1736,1944,7380,CD,1,D1_pwm200_grab2
11488,-2920,-936,10424,CD,1,D1_pwm200_grab2
11493,68,972,9732,CD,1,D1_pwm200_grab2
11498,2372,2240,12000,CD,1,D1_pwm200_grab2
11503,8076,396,12348,CD,1,D1_pwm200_grab2
11508,-860,2580,11708,CD,1,D1_pwm200_grab2
11514,-872,-164,10952,CD,1,D1_pwm200_grab2
11520,4108,1248,9724,CD,1,D1_pwm200_grab2
11523,4572,1736,10700,CD,1,D1_pwm200_grab2
11528,-72,612,11716,CD,1,D1_pwm200_grab2
11534,1284,648,8216,CD,1,D1_pwm200_grab2
11543,36,4076,11956,CD,1,D1_pwm200_grab2
11548,2544,-2224,9548,CD,1,D1_pwm200_grab2
11553,5376,1724,13604,CD,1,D1_pwm200_grab2
11559,5584,2652,8396,CD,1,D1_pwm200_grab2
11563,404,-16,8224,CD,1,D1_pwm200_grab2
11569,1124,-664,10096,CD,1,D1_pwm200_grab2
11579,1580,2180,11972,CD,1,D1_pwm200_grab2
11584,-1476,-5424,5852,CD,1,D1_pwm200_grab2
11588,1436,-1156,9192,CD,1,D1_pwm200_grab2
11593,-648,-1324,8608,CD,1,D1_pwm200_grab2
11599,-2108,-756,6928,CD,1,D1_pwm200_grab2
11604,1476,880,14880,CD,1,D1_pwm200_grab2
11609,3876,1948,14240,CD,1,D1_pwm200_grab2
11614,-572,-2284,8740,CD,1,D1_pwm200_grab2
11618,-1804,-3316,8128,CD,1,D1_pwm200_grab2
11628,980,-2412,9780,CD,1,D1_pwm200_grab2
11634,-960,-416,11784,CD,1,D1_pwm200_grab2
11643,-3276,-7476,5340,CD,1,D1_pwm200_grab2
11649,-384,-3528,7128,CD,1,D1_pwm200_grab2
11654,1108,640,15544,CD,1,D1_pwm200_grab2
11663,1520,-1532,8764,CD,1,D1_pwm200_grab2
11668,-3792,640,11536,CD,1,D1_pwm200_grab2
11673,-2460,-3044,12412,CD,1,D1_pwm200_grab2
11679,-3876,-6964,10892,CD,1,D1_pwm200_grab2
11683,2664,3260,12820,CD,1,D1_pwm200_grab2
11688,68,-108,8616,CD,1,D1_pwm200_grab2
11693,-5500,-492,12840,CD,1,D1_pwm200_grab2
11699,524,-420,8616,CD,1,D1_pwm200_grab2
11704,1524,2464,14376,CD,1,D1_pwm200_grab2
11708,1008,-2584,9268,CD,1,D1_pwm200_grab2
11714,-1632,1300,12388,CD,1,D1_pwm200_grab2
11719,2104,2680,12572,CD,1,D1_pwm200_grab2
11728,1824,3168,8524,CD,1,D1_pwm200_grab2
11734,1868,552,9592,CD,1,D1_pwm200_grab2
11739,176,-1456,11552,CD,1,D1_pwm200_grab2
11750,1324,1800,14100,CD,1,D1_pwm200_grab2
11755,16,-4544,5644,CD,1,D1_pwm200_grab2
11759,1324,-4,11132,CD,1,D1_pwm200_grab2
11764,1716,-1572,11592,CD,1,D1_pwm200_grab2
11770,-1976,-348,10084,CD,1,D1_pwm200_grab2
11774,3048,1756,16284,CD,1,D1_pwm200_grab2
11780,4620,2028,13664,CD,1,D1_pwm200_grab2
11784,4292,-1496,9532,CD,1,D1_pwm200_grab2
11790,-356,-2436,8336,CD,1,D1_pwm200_grab2
11799,2500,-2200,10136,CD,1,D1_pwm200_grab2
11805,588,2236,8832,CD,1,D1_pwm200_grab2
11815,-236,-5256,4044,CD,1,D1_pwm200_grab2
11819,3924,-2636,7244,CD,1,D1_pwm200_grab2
11825,408,1316,12212,CD,1,D1_pwm200_grab2
11834,1392,-1044,7520,CD,1,D1_pwm200_grab2
11840,-328,2532,10900,CD,1,D1_pwm200_grab2
11844,-3796,-3848,10812,CD,1,D1_pwm200_grab2
11849,-2272,-5140,8580,CD,1,D1_pwm200_grab2
11855,936,592,10208,CD,1,D1_pwm200_grab2
11859,2768,-608,6388,CD,1,D1_pwm200_grab2
11865,-6768,-2160,10384,CD,1,D1_pwm200_grab2
11869,60,512,7616,CD,1,D1_pwm200_grab2
11874,-140,1284,12072,CD,1,D1_pwm200_grab2
11880,1588,-2832,11072,CD,1,D1_pwm200_grab2
11885,-3248,-192,11960,CD,1,D1_pwm200_grab2
11890,-840,-596,10216,CD,1,D1_pwm200_grab2
11899,1684,3416,7628,CD,1,D1_pwm200_grab2
11904,-1108,380,11484,CD,1,D1_pwm200_grab2
11910,-1448,-544,7764,CD,1,D1_pwm200_grab2
11919,-4580,2304,11804,CD,1,D1_pwm200_grab2
11925,2372,-1428,11680,CD,1,D1_pwm200_grab2
11930,2008,104,7832,CD,1,D1_pwm200_grab2
11934,3536,4088,8592,CD,1,D1_pwm200_grab2
11939,-920,-2536,10892,CD,1,D1_pwm200_grab2
11945,2160,-296,8936,CD,1,D1_pwm200_grab2
11954,-3212,1760,13488,CD,1,D1_pwm200_grab2
11959,-344,-4288,5956,CD,1,D1_pwm200_grab2
11965,1868,336,11536,CD,1,D1_pwm200_grab2
11969,-696,436,11732,CD,1,D1_pwm200_grab2
11974,-2424,-2324,11524,CD,1,D1_pwm200_grab2
11979,1460,2184,12944,CD,1,D1_pwm200_grab2
11985,-2696,-3596,6216,CD,1,D1_pwm200_grab2
11991,3480,-1904,9884,CD,1,D1_pwm200_grab2
11995,2032,3384,12140,CD,1,D1_pwm200_grab2
12006,1948,-484,7716,CD,1,D1_pwm200_grab2
12010,80,2948,14344,CD,1,D1_pwm200_grab2
12016,-288,-1284,7796,CD,1,D1_pwm200_grab2
12020,-1208,-1316,10384,CD,1,D1_pwm200_grab2
12025,1164,2504,10372,CD,1,D1_pwm200_grab2
12030,-3260,-152,7384,CD,1,D1_pwm200_grab2
12036,-3000,-1424,11240,CD,1,D1_pwm200_grab2
12040,352,804,8796,CD,1,D1_pwm200_grab2
12045,3036,2548,12748,CD,1,D1_pwm200_grab2
12051,7752,192,13032,CD,1,D1_pwm200_grab2
12056,-1244,2716,9956,CD,1,D1_pwm200_grab2
12060,-1076,-1128,10400,CD,1,D1_pwm200_grab2
12071,6996,4384,9924,CD,1,D1_pwm200_grab2
12076,-564,1112,10644,CD,1,D1_pwm200_grab2
12081,548,812,7828,CD,1,D1_pwm200_grab2
12090,-764,3188,12608,CD,1,D1_pwm200_grab2
12095,1860,-2600,8332,CD,1,D1_pwm200_grab2
12101,5020,1496,14536,CD,1,D1_pwm200_grab2
12106,2636,2052,6148,CD,1,D1_pwm200_grab2
12110,-1596,-2216,6208,CD,1,D1_pwm200_grab2
12115,1632,-1072,7976,CD,1,D1_pwm200_grab2
12120,8144,2152,11456,CD,1,D1_pwm200_grab2
12125,12,1528,10800,CD,1,D1_pwm200_grab2
12131,-1532,-3764,7084,CD,1,D1_pwm200_grab2
12136,-1336,-92,7048,CD,1,D1_pwm200_grab2
12141,-232,-2680,10512,CD,1,D1_pwm200_grab2
12146,-2204,-912,7984,CD,1,D1_pwm200_grab2
12150,-2480,-684,13416,CD,1,D1_pwm200_grab2
12156,-3488,-5364,4044,CD,1,D1_pwm200_grab2
12161,-216,-2568,9076,CD,1,D1_pwm200_grab2
12165,-1488,-792,9680,CD,1,D1_pwm200_grab2
12176,1384,-2852,9004,CD,1,D1_pwm200_grab2
12180,-2364,452,11860,CD,1,D1_pwm200_grab2
12185,-7876,-2708,11356,CD,1,D1_pwm200_grab2
12191,-3440,-6636,9712,CD,1,D1_pwm200_grab2
12195,500,224,10716,CD,1,D1_pwm200_grab2
12201,-644,576,7768,CD,1,D1_pwm200_grab2
12211,1052,-808,8760,CD,1,D1_pwm200_grab2
12215,-2364,1912,13744,CD,1,D1_pwm200_grab2
12220,-484,-1384,8512,CD,1,D1_pwm200_grab2
12226,-3888,-2508,12516,CD,1,D1_pwm200_grab2
12231,2280,2528,11808,CD,1,D1_pwm200_grab2
12235,-4800,-8,7840,CD,1,D1_pwm200_grab2
12240,2720,2664,8608,CD,1,D1_pwm200_grab2
12246,412,900,13632,CD,1,D1_pwm200_grab2
12252,412,-460,11440,CD,1,D1_pwm200_grab2
12262,1380,1652,13708,CD,1,D1_pwm200_grab2
12267,-272,-4664,6032,CD,1,D1_pwm200_grab2
12271,1472,-252,11040,CD,1,D1_pwm200_grab2
12276,684,704,12176,CD,1,D1_pwm200_grab2
12281,-1728,24,9824,CD,1,D1_pwm200_grab2
12286,2540,1656,13268,CD,1,D1_pwm200_grab2
12292,3280,2192,13220,CD,1,D1_pwm200_grab2
12297,3640,-388,12000,CD,1,D1_pwm200_grab2
12301,-824,-1964,8224,CD,1,D1_pwm200_grab2
12306,-9332,-2304,12908,CD,1,D1_pwm200_grab2
12311,2836,-2276,9840,CD,1,D1_pwm200_grab2
12317,1316,2764,10988,CD,1,D1_pwm200_grab2
12321,-8372,-2164,9996,CD,1,D1_pwm200_grab2
12327,272,-4196,5308,CD,1,D1_pwm200_grab2
12331,3228,-2116,6908,CD,1,D1_pwm200_grab2
12336,1748,440,13416,CD,1,D1_pwm200_grab2
12347,2524,-1188,6884,CD,1,D1_pwm200_grab2
12351,-1028,2324,10972,CD,1,D1_pwm200_grab2
12357,-3336,-2312,10880,CD,1,D1_pwm200_grab2
12361,-3012,-3072,10240,CD,1,D1_pwm200_grab2
12367,1220,1424,9628,CD,1,D1_pwm200_grab2
12371,-4724,-688,4292,CD,1,D1_pwm200_grab2
12376,-4992,-1140,10112,CD,1,D1_pwm200_grab2
12382,-784,488,8712,CD,1,D1_pwm200_grab2
12386,1692,1960,10568,CD,1,D1_pwm200_grab2
12391,6004,-1380,13688,CD,1,D1_pwm200_grab2
12397,-2364,488,9296,CD,1,D1_pwm200_grab2
12402,-1696,-1628,11388,CD,1,D1_pwm200_grab2
12407,9832,784,18308,CD,1,D1_pwm200_grab2
12412,5804,4980,10196,CD,1,D1_pwm200_grab2
12416,-1316,924,11928,CD,1,D1_pwm200_grab2
12422,-2084,-1400,9544,CD,1,D1_pwm200_grab2
12431,-3776,2072,13600,CD,1,D1_pwm200_grab2
12437,420,-3176,9324,CD,1,D1_pwm200_grab2
12442,5724,1012,16812,CD,1,D1_pwm200_grab2
12446,788,2292,7020,CD,1,D1_pwm200_grab2
12451,-2164,-2164,11648,CD,1,D1_pwm200_grab2
12456,3100,-1252,6412,CD,1,D1_pwm200_grab2
12461,8168,2272,14552,CD,1,D1_pwm200_grab2
12466,-1312,204,12268,CD,1,D1_pwm200_grab2
12472,-364,-3224,8244,CD,1,D1_pwm200_grab2
12477,-3028,-180,12404,CD,1,D1_pwm200_grab2
12482,1164,-2212,13780,CD,1,D1_pwm200_grab2
12486,-880,-384,13832,CD,1,D1_pwm200_grab2
12491,-4280,1188,12252,CD,1,D1_pwm200_grab2
12496,-1928,-4784,6884,CD,1,D1_pwm200_grab2
12502,4096,-796,9776,CD,1,D1_pwm200_grab2
12507,-280,1292,10716,CD,1,D1_pwm200_grab2
12513,-2764,-1348,11344,CD,1,D1_pwm200_grab2
12518,848,880,10592,CD,1,D1_pwm200_grab2
12522,2892,2036,12596,CD,1,D1_pwm200_grab2
12527,3972,-1408,13420,CD,1,D1_pwm200_grab2
12532,204,1640,9708,CD,1,D1_pwm200_grab2
12538,-396,616,11480,CD,1,D1_pwm200_grab2
12547,3676,508,11892,CD,1,D1_pwm200_grab2
12553,-532,1116,10712,CD,1,D1_pwm200_grab2
12557,956,1284,10472,CD,1,D1_pwm200_grab2
12568,4,3420,13624,CD,1,D1_pwm200_grab2
12572,-232,-4308,5708,CD,1,D1_pwm200_grab2
12577,5832,1448,16480,CD,1,D1_pwm200_grab2
12582,692,1524,7692,CD,1,D1_pwm200_grab2
12587,892,-280,6692,CD,1,D1_pwm200_grab2
12592,564,-1728,8440,CD,1,D1_pwm200_grab2
12603,-516,768,9992,CD,1,D1_pwm200_grab2
12607,-1096,-3856,5920,CD,1,D1_pwm200_grab2
12617,1244,-2632,11128,CD,1,D1_pwm200_grab2
12622,-996,232,9888,CD,1,D1_pwm200_grab2
12632,1464,1120,13000,CD,1,D1_pwm200_grab2
12637,980,-2272,7724,CD,1,D1_pwm200_grab2
12642,1656,-516,10704,CD,1,D1_pwm200_grab2
12653,1688,-1904,7268,CD,1,D1_pwm200_grab2
12657,-3012,664,9824,CD,1,D1_pwm200_grab2
12663,-3124,-2568,12108,CD,2,D1_pwm200_grab2
12668,-3896,-5428,10396,CD,2,D1_pwm200_grab2
12673,228,-1936,6816,CD,2,D1_pwm200_grab2
12677,-1416,492,9160,CD,2,D1_pwm200_grab2
12688,-316,-80,7684,CD,2,D1_pwm200_grab2
12692,-756,1692,11528,CD,2,D1_pwm200_grab2
12697,3332,-2848,13688,CD,2,D1_pwm200_grab2
12703,-2864,-1584,9800,CD,2,D1_pwm200_grab2
12707,-600,168,12028,CD,2,D1_pwm200_grab2
12718,1432,932,13264,CD,2,D1_pwm200_grab2
12722,-1284,296,12140,CD,2,D1_pwm200_grab2
12728,-940,-236,9976,CD,2,D1_pwm200_grab2
12738,-2848,3132,14048,CD,2,D1_pwm200_grab2
12742,1624,-2224,10500,CD,2,D1_pwm200_grab2
12753,1656,2996,8064,CD,2,D1_pwm200_grab2
12758,-1632,-1312,10760,CD,2,D1_pwm200_grab2
12763,4220,-1088,6840,CD,2,D1_pwm200_grab2
12768,52,-1032,10072,CD,2,D1_pwm200_grab2
12774,3288,-1272,10896,CD,2,D1_pwm200_grab2
12779,3444,760,16400,CD,2,D1_pwm200_grab2
12788,3156,-1304,8716,CD,2,D1_pwm200_grab2
12793,-1088,1636,13452,CD,2,D1_pwm200_grab2
12798,-2476,-1128,9584,CD,2,D1_pwm200_grab2
12803,-1028,-4656,6464,CD,2,D1_pwm200_grab2
12808,4680,-1296,8668,CD,2,D1_pwm200_grab2
12813,952,1260,9788,CD,2,D1_pwm200_grab2
12818,-1948,-1780,11232,CD,2,D1_pwm200_grab2
12823,708,620,9412,CD,2,D1_pwm200_grab2
12829,2944,2452,11152,CD,2,D1_pwm200_grab2
12833,5496,-532,12776,CD,2,D1_pwm200_grab2
12839,372,2400,9788,CD,2,D1_pwm200_grab2
12843,3648,912,10540,CD,2,D1_pwm200_grab2
12848,-904,-224,5384,CD,2,D1_pwm200_grab2
12854,4036,1256,10984,CD,2,D1_pwm200_grab2
12858,-484,696,10196,CD,2,D1_pwm200_grab2
12864,1328,1116,9928,CD,2,D1_pwm200_grab2
12874,-556,2712,12424,CD,2,D1_pwm200_grab2
12878,-1116,-4216,5128,CD,2,D1_pwm200_grab2
12884,5724,52,15500,CD,2,D1_pwm200_grab2
12889,4524,4136,8888,CD,2,D1_pwm200_grab2
12894,628,-368,6936,CD,2,D1_pwm200_grab2
12898,-1368,-3944,8348,CD,2,D1_pwm200_grab2
12903,6320,2108,12528,CD,2,D1_pwm200_grab2
12908,-1604,48,10468,CD,2,D1_pwm200_grab2
12913,-1720,-3508,7248,CD,2,D1_pwm200_grab2
12924,1072,-3056,11172,CD,2,D1_pwm200_grab2
12929,-2664,-2408,9056,CD,2,D1_pwm200_grab2
12934,2540,-1760,4208,CD,2,D1_pwm200_grab2
12939,-272,-3172,10552,CD,2,D1_pwm200_grab2
12944,-124,-2476,7580,CD,2,D1_pwm200_grab2
12948,1116,56,14716,CD,2,D1_pwm200_grab2
12958,1448,-1424,7316,CD,2,D1_pwm200_grab2
12963,-3668,476,11424,CD,2,D1_pwm200_grab2
12969,-2276,-2068,11176,CD,2,D1_pwm200_grab2
12973,-2364,-5288,7248,CD,2,D1_pwm200_grab2
12979,1964,-900,9048,CD,2,D1_pwm200_grab2
12983,-1448,-60,9392,CD,2,D1_pwm200_grab2
12988,-3288,-916,13712,CD,2,D1_pwm200_grab2
12993,-160,-236,8604,CD,2,D1_pwm200_grab2
12999,1652,1760,12628,CD,2,D1_pwm200_grab2
13003,4332,-1452,13348,CD,2,D1_pwm200_grab2
13008,-1536,1732,12092,CD,2,D1_pwm200_grab2
13015,-680,44,12028,CD,2,D1_pwm200_grab2
13019,6924,2804,16676,CD,2,D1_pwm200_grab2
13024,3864,4848,10564,CD,2,D1_pwm200_grab2
13029,1284,-56,8448,CD,2,D1_pwm200_grab2
13034,452,-2592,10352,CD,2,D1_pwm200_grab2
13039,4336,1300,12696,CD,2,D1_pwm200_grab2
13044,2244,508,13264,CD,2,D1_pwm200_grab2
13050,604,-1620,9948,CD,2,D1_pwm200_grab2
13059,92,856,10216,CD,2,D1_pwm200_grab2
13065,-1468,-740,8924,CD,2,D1_pwm200_grab2
13069,2372,2276,9156,CD,2,D1_pwm200_grab2
13074,-264,-1272,8924,CD,2,D1_pwm200_grab2
13079,5384,-2044,7296,CD,2,D1_pwm200_grab2
13084,2992,948,14660,CD,2,D1_pwm200_grab2
13090,-9580,-1772,7944,CD,2,D1_pwm200_grab2
13095,2760,-1040,6748,CD,2,D1_pwm200_grab2
13099,368,1512,10060,CD,2,D1_pwm200_grab2
13104,-4904,432,9476,CD,2,D1_pwm200_grab2
13110,-1324,-5016,7976,CD,2,D1_pwm200_grab2
13114,4364,-916,8324,CD,2,D1_pwm200_grab2
13119,-488,128,4996,CD,2,D1_pwm200_grab2
13124,-2004,-1528,10452,CD,2,D1_pwm200_grab2
13129,-1756,1304,9764,CD,2,D1_pwm200_grab2
13134,2508,2680,9712,CD,2,D1_pwm200_grab2
13139,9200,1992,9636,CD,2,D1_pwm200_grab2
13144,-2764,-4968,13100,CD,2,D1_pwm200_grab2
13149,516,1860,9932,CD,2,D1_pwm200_grab2
13155,-2684,12,4144,CD,2,D1_pwm200_grab2
13160,740,1700,7492,CD,2,D1_pwm200_grab2
13164,-768,988,10748,CD,2,D1_pwm200_grab2
13170,-1740,-1520,8560,CD,2,D1_pwm200_grab2
13179,-4632,1412,12304,CD,2,D1_pwm200_grab2
13185,-2584,-792,9860,CD,2,D1_pwm200_grab2
13190,1880,1576,9780,CD,2,D1_pwm200_grab2
13195,3488,4972,9096,CD,2,D1_pwm200_grab2
13200,72,-1804,7880,CD,2,D1_pwm200_grab2
13205,-1904,-4428,7896,CD,2,D1_pwm200_grab2
13210,2984,-344,13872,CD,2,D1_pwm200_grab2
13215,-1948,-964,10252,CD,2,D1_pwm200_grab2
13219,-672,-1232,10788,CD,2,D1_pwm200_grab2
13229,-184,1576,7384,CD,2,D1_pwm200_grab2
13234,-2120,-2144,9408,CD,2,D1_pwm200_grab2
13239,2448,-548,6692,CD,2,D1_pwm200_grab2
13245,-1360,-2424,9284,CD,2,D1_pwm200_grab2
13249,632,-2752,7448,CD,2,D1_pwm200_grab2
13254,1200,1440,14784,CD,2,D1_pwm200_grab2
13264,1664,-792,7632,CD,2,D1_pwm200_grab2
13270,-2852,1460,13376,CD,2,D1_pwm200_grab2
13275,-1100,-872,8336,CD,2,D1_pwm200_grab2
13280,-3108,-3964,12528,CD,2,D1_pwm200_grab2
13286,2716,2564,12408,CD,2,D1_pwm200_grab2
13291,6156,-1876,12724,CD,2,D1_pwm200_grab2
13295,2456,2748,9428,CD,2,D1_pwm200_grab2
13300,1144,748,8180,CD,2,D1_pwm200_grab2
13306,612,-568,11188,CD,2,D1_pwm200_grab2
13316,-1444,3428,11956,CD,2,D1_pwm200_grab2
13321,-604,-316,11304,CD,2,D1_pwm200_grab2
13325,3016,772,7592,CD,2,D1_pwm200_grab2
13335,340,-268,7052,CD,2,D1_pwm200_grab2
13340,84,-2252,8964,CD,2,D1_pwm200_grab2
13345,1900,968,12388,CD,2,D1_pwm200_grab2
13350,3788,-1056,11504,CD,2,D1_pwm200_grab2
13355,1492,-4132,5632,CD,2,D1_pwm200_grab2
13361,3740,-472,12204,CD,2,D1_pwm200_grab2
13365,-184,-1484,11600,CD,2,D1_pwm200_grab2
13370,-1180,220,9296,CD,2,D1_pwm200_grab2
13376,2184,-376,9252,CD,2,D1_pwm200_grab2
13380,-2672,-2516,7008,CD,2,D1_pwm200_grab2
13386,3468,-2420,7188,CD,2,D1_pwm200_grab2
13390,1212,2976,11084,CD,2,D1_pwm200_grab2
13401,2888,-2116,9684,CD,2,D1_pwm200_grab2
13405,-928,684,9120,CD,2,D1_pwm200_grab2
13420,2184,-84,8624,CD,2,D1_pwm200_grab2
13426,-332,-508,4252,CD,2,D1_pwm200_grab2
13431,792,-16,10576,CD,2,D1_pwm200_grab2
13435,-1612,328,11780,CD,2,D1_pwm200_grab2
13440,-212,1588,13064,CD,2,D1_pwm200_grab2
13446,-1512,-1576,7244,CD,2,D1_pwm200_grab2
13451,-1312,-3824,12096,CD,2,D1_pwm200_grab2
13455,-920,176,9968,CD,2,D1_pwm200_grab2
13460,1580,-2360,8416,CD,2,D1_pwm200_grab2
13465,936,3200,9268,CD,2,D1_pwm200_grab2
13470,-396,-148,8808,CD,2,D1_pwm200_grab2
13476,-596,-2388,10288,CD,2,D1_pwm200_grab2
13481,8756,1456,10536,CD,2,D1_pwm200_grab2
13486,-2368,3244,12860,CD,2,D1_pwm200_grab2
13490,-788,-2276,10672,CD,2,D1_pwm200_grab2
13495,2336,-268,9680,CD,2,D1_pwm200_grab2
13500,2552,4732,8308,CD,2,D1_pwm200_grab2
13506,-1688,-1960,8168,CD,2,D1_pwm200_grab2
13510,-552,-3680,6892,CD,2,D1_pwm200_grab2
13515,164,-128,12280,CD,2,D1_pwm200_grab2
13520,1240,-2404,9508,CD,2,D1_pwm200_grab2
13526,3248,-72,13912,CD,2,D1_pwm200_grab2
13536,2788,-1188,8368,CD,2,D1_pwm200_grab2
13542,-2440,1220,12064,CD,2,D1_pwm200_grab2
13547,-2984,-1796,12812,CD,2,D1_pwm200_grab2
13552,-2316,-5840,12596,CD,2,D1_pwm200_grab2
13557,3816,1760,12156,CD,2,D1_pwm200_grab2
13561,1848,468,8300,CD,2,D1_pwm200_grab2
13568,3160,1420,10112,CD,2,D1_pwm200_grab2
13571,452,264,9360,CD,2,D1_pwm200_grab2
13576,2720,3144,13496,CD,2,D1_pwm200_grab2
13581,4056,-108,12312,CD,2,D1_pwm200_grab2
13586,-476,1116,11368,CD,2,D1_pwm200_grab2
13591,360,-408,11244,CD,2,D1_pwm200_grab2
13597,6484,4132,17080,CD,2,D1_pwm200_grab2
13602,4232,4224,10692,CD,2,D1_pwm200_grab2
13607,1212,96,6396,CD,2,D1_pwm200_grab2
13611,1156,1332,10440,CD,2,D1_pwm200_grab2
13621,-2084,4180,14192,CD,2,D1_pwm200_grab2
13626,1328,-3924,5836,CD,2,D1_pwm200_grab2
13631,5124,180,14824,CD,2,D1_pwm200_grab2
13637,-536,188,8468,CD,2,D1_pwm200_grab2
13642,-1904,-452,7560,CD,2,D1_pwm200_grab2
13647,2152,1720,7872,CD,2,D1_pwm200_grab2
13652,-1036,-1148,8644,CD,2,D1_pwm200_grab2
13657,-1236,-904,11020,CD,2,D1_pwm200_grab2
13661,1360,-3424,8028,CD,2,D1_pwm200_grab2
13671,2364,-2364,10496,CD,2,D1_pwm200_grab2
13676,-472,548,9440,CD,2,D1_pwm200_grab2
13686,-2164,-5368,8440,CD,2,D1_pwm200_grab2
13692,1308,-360,7744,CD,2,D1_pwm200_grab2
13697,-268,-416,13880,CD,2,D1_pwm200_grab2
13706,1076,-1308,7728,CD,2,D1_pwm200_grab2
13711,-1372,1504,11724,CD,2,D1_pwm200_grab2
13717,-4080,-1584,6308,CD,2,D1_pwm200_grab2
13721,-1892,-4696,12908,CD,2,D1_pwm200_grab2
13726,132,1172,10516,CD,2,D1_pwm200_grab2
13731,-3652,-852,4708,CD,2,D1_pwm200_grab2
13736,180,3044,10336,CD,2,D1_pwm200_grab2
13742,-1320,-680,12424,CD,2,D1_pwm200_grab2
13746,8,2040,9868,CD,2,D1_pwm200_grab2
13751,6716,808,8804,CD,2,D1_pwm200_grab2
13757,-1728,3076,12056,CD,2,D1_pwm200_grab2
13762,-1864,-1760,11532,CD,2,D1_pwm200_grab2
13767,2708,-676,8016,CD,2,D1_pwm200_grab2
13776,-1352,-1884,8084,CD,2,D1_pwm200_grab2
13783,-420,-2856,8196,CD,2,D1_pwm200_grab2
13787,1204,404,12708,CD,2,D1_pwm200_grab2
13792,2292,-1516,10916,CD,2,D1_pwm200_grab2
13798,3596,572,13068,CD,2,D1_pwm200_grab2
13808,3504,-1160,8756,CD,2,D1_pwm200_grab2
13812,-1480,1384,12372,CD,2,D1_pwm200_grab2
13817,-3276,-1308,12588,CD,2,D1_pwm200_grab2
13822,-1800,-5668,12272,CD,2,D1_pwm200_grab2
13827,3948,-612,9164,CD,2,D1_pwm200_grab2
13833,616,1840,11712,CD,2,D1_pwm200_grab2
13837,-2532,-2700,11168,CD,2,D1_pwm200_grab2
13843,660,684,9520,CD,2,D1_pwm200_grab2
13847,2904,3168,13424,CD,2,D1_pwm200_grab2
13852,4340,16,12092,CD,2,D1_pwm200_grab2
13858,-620,620,10420,CD,2,D1_pwm200_grab2
13862,228,-636,10872,CD,2,D1_pwm200_grab2
13867,1876,1084,6464,CD,2,D1_pwm200_grab2
13872,3800,696,10760,CD,2,D1_pwm200_grab2
13877,-1776,1972,12972,CD,2,D1_pwm200_grab2
13882,1068,1276,10952,CD,2,D1_pwm200_grab2
13893,-2900,2916,13672,CD,2,D1_pwm200_grab2
13897,2240,-2400,8412,CD,2,D1_pwm200_grab2
13902,4556,-1144,12636,CD,2,D1_pwm200_grab2
13907,-1464,236,9232,CD,2,D1_pwm200_grab2
13912,1036,-176,5720,CD,2,D1_pwm200_grab2
13917,1144,-1600,11424,CD,2,D1_pwm200_grab2
13922,5196,612,9776,CD,2,D1_pwm200_grab2
13928,-1404,1228,11872,CD,2,D1_pwm200_grab2
13932,432,-3288,7600,CD,2,D1_pwm200_grab2
13942,2596,-2540,9584,CD,2,D1_pwm200_grab2
13947,592,648,9960,CD,2,D1_pwm200_grab2
13952,2108,-444,9180,CD,2,D1_pwm200_grab2
13958,-196,-1268,6320,CD,2,D1_pwm200_grab2
13962,1884,-3512,6928,CD,2,D1_pwm200_grab2
13968,3040,-1396,12856,CD,2,D1_pwm200_grab2
13978,2156,-2112,5324,CD,2,D1_pwm200_grab2
13982,-980,1500,12252,CD,2,D1_pwm200_grab2
13987,-4064,-1692,5536,CD,2,D1_pwm200_grab2
13992,256,-4152,12752,CD,2,D1_pwm200_grab2
13997,744,-1996,8684,CD,2,D1_pwm200_grab2
14003,-2540,-152,6824,CD,2,D1_pwm200_grab2
14007,-3084,-180,10464,CD,2,D1_pwm200_grab2
14013,-2032,136,14440,CD,2,D1_pwm200_grab2
14018,208,2324,9448,CD,2,D1_pwm200_grab2
14027,-1944,1480,10016,CD,2,D1_pwm200_grab2
14033,-264,-1216,12220,CD,2,D1_pwm200_grab2
14039,1252,-780,4548,CD,2,D1_pwm200_grab2
14044,3132,4692,8628,CD,2,D1_pwm200_grab2
14048,-952,-2452,7864,CD,2,D1_pwm200_grab2
14053,1988,-928,7628,CD,2,D1_pwm200_grab2
14059,1200,-436,13220,CD,2,D1_pwm200_grab2
14063,3420,-1044,10544,CD,2,D1_pwm200_grab2
14068,1896,468,11528,CD,2,D1_pwm200_grab2
14078,3860,-1636,8596,CD,2,D1_pwm200_grab2
14083,360,740,12112,CD,2,D1_pwm200_grab2
14089,548,-584,12616,CD,2,D1_pwm200_grab2
14093,-660,-3180,5924,CD,2,D1_pwm200_grab2
14099,4700,-1808,9272,CD,2,D1_pwm200_grab2
14103,716,1248,9500,CD,2,D1_pwm200_grab2
14108,-4168,-612,12524,CD,2,D1_pwm200_grab2
14113,624,916,9868,CD,2,D1_pwm200_grab2
14118,2320,2960,14004,CD,2,D1_pwm200_grab2
14124,-4208,-1552,14092,CD,2,D1_pwm200_grab2
14129,292,-4884,10488,CD,2,D1_pwm200_grab2
14133,1772,948,9788,CD,2,D1_pwm200_grab2
14138,2812,720,6880,CD,2,D1_pwm200_grab2
14144,4424,720,9192,CD,2,D1_pwm200_grab2
14149,-1548,1140,12000,CD,2,D1_pwm200_grab2
14153,788,584,11056,CD,2,D1_pwm200_grab2
14163,-3820,1780,13804,CD,2,D1_pwm200_grab2
14169,-1476,-216,10036,CD,2,D1_pwm200_grab2
14173,5576,2968,14572,CD,2,D1_pwm200_grab2
14178,5024,3984,9728,CD,2,D1_pwm200_grab2
14184,-372,-948,5408,CD,2,D1_pwm200_grab2
14189,-484,-3916,10360,CD,2,D1_pwm200_grab2
14193,1892,-936,9292,CD,2,D1_pwm200_grab2
14198,-1568,-224,11464,CD,2,D1_pwm200_grab2
14204,-760,-2632,7624,CD,2,D1_pwm200_grab2
14209,4952,-1392,12924,CD,2,D1_pwm200_grab2
14214,-2740,1612,9568,CD,2,D1_pwm200_grab2
14219,-1528,-1368,7308,CD,2,D1_pwm200_grab2
14223,1412,148,12156,CD,2,D1_pwm200_grab2
14228,-2956,-2348,6232,CD,2,D1_pwm200_grab2
14233,2400,-2884,7724,CD,2,D1_pwm200_grab2
14239,852,-40,12888,CD,2,D1_pwm200_grab2
14249,1892,-1264,6620,CD,2,D1_pwm200_grab2
14254,-1880,416,11008,CD,2,D1_pwm200_grab2
14268,1516,-1260,10064,CD,2,D1_pwm200_grab2
14273,-1176,752,6992,CD,2,D1_pwm200_grab2
14279,-240,-408,11392,CD,2,D1_pwm200_grab2
14283,-2392,820,15472,CD,2,D1_pwm200_grab2
14289,108,1496,9096,CD,2,D1_pwm200_grab2
14299,-1860,2984,12372,CD,2,D1_pwm200_grab2
14305,1236,-1436,11100,CD,2,D1_pwm200_grab2
14309,2720,-72,10332,CD,2,D1_pwm200_grab2
14315,1296,2536,8332,CD,2,D1_pwm200_grab2
14319,-1240,-1672,9072,CD,2,D1_pwm200_grab2
14325,4316,-416,6024,CD,2,D1_pwm200_grab2
14329,648,-64,11504,CD,2,D1_pwm200_grab2
14336,4184,-948,9352,CD,2,D1_pwm200_grab2
14339,700,-2780,8800,CD,2,D1_pwm200_grab2
14345,-5080,-1600,11820,CD,2,D1_pwm200_grab2
14349,1248,-1700,14232,CD,2,D1_pwm200_grab2
14355,1396,1216,10872,CD,2,D1_pwm200_grab2
14359,-4392,-372,10184,CD,2,D1_pwm200_grab2
14364,1108,-3456,6048,CD,2,D1_pwm200_grab2
14369,3888,-64,9744,CD,2,D1_pwm200_grab2
14374,1136,1076,7860,CD,2,D1_pwm200_grab2
14385,3376,-1540,6164,CD,2,D1_pwm200_grab2
14390,-1004,1656,11888,CD,2,D1_pwm200_grab2
14395,-3404,-932,10952,CD,2,D1_pwm200_grab2
14399,128,-3480,11552,CD,2,D1_pwm200_grab2
14404,1256,820,9484,CD,2,D1_pwm200_grab2
14410,200,1324,6952,CD,2,D1_pwm200_grab2
14414,2412,1404,7332,CD,2,D1_pwm200_grab2
14419,-1628,1288,10192,CD,2,D1_pwm200_grab2
14424,1528,2904,10004,CD,2,D1_pwm200_grab2
14430,5548,500,13364,CD,2,D1_pwm200_grab2
14435,-1396,276,8368,CD,2,D1_pwm200_grab2
14440,-2716,-1232,9904,CD,2,D1_pwm200_grab2
14444,2356,296,6680,CD,2,D1_pwm200_grab2
14450,4764,5456,9496,CD,2,D1_pwm200_grab2
14454,-712,-2028,6496,CD,2,D1_pwm200_grab2
14460,-1700,-3592,10716,CD,2,D1_pwm200_grab2
14469,-4964,2580,12476,CD,2,D1_pwm200_grab2
14474,-1172,-3332,5980,CD,2,D1_pwm200_grab2
14479,2396,-1584,9396,CD,2,D1_pwm200_grab2
14484,-1688,2316,7896,CD,2,D1_pwm200_grab2
14490,-2172,-1960,8668,CD,2,D1_pwm200_grab2
14494,1776,104,10568,CD,2,D1_pwm200_grab2
14499,-4348,-3908,6300,CD,2,D1_pwm200_grab2
14504,3260,-2144,8940,CD,2,D1_pwm200_grab2
14509,-1236,-3588,9280,CD,2,D1_pwm200_grab2
14519,2596,-2432,9576,CD,2,D1_pwm200_grab2
14524,-1732,-20,9684,CD,2,D1_pwm200_grab2
14529,-7744,-2932,13508,CD,2,D1_pwm200_grab2
14534,-3232,-6224,7548,CD,2,D1_pwm200_grab2
14539,2324,636,12144,CD,2,D1_pwm200_grab2
14545,-2660,-128,4628,CD,2,D1_pwm200_grab2
14550,2184,-360,12316,CD,2,D1_pwm200_grab2
14555,-3028,-124,13544,CD,2,D1_pwm200_grab2
14560,44,1292,9728,CD,2,D1_pwm200_grab2
14565,10176,2788,6992,CD,2,D1_pwm200_grab2
14570,-1908,3548,14116,CD,2,D1_pwm200_grab2
14575,-584,-1632,11460,CD,2,D1_pwm200_grab2
14581,4436,1420,15144,CD,2,D1_pwm200_grab2
14586,236,2588,8776,CD,2,D1_pwm200_grab2
14592,-656,-1112,9088,CD,2,D1_pwm200_grab2
14595,1112,-376,10868,CD,2,D1_pwm200_grab2
14601,8808,2020,12336,CD,2,D1_pwm200_grab2
14606,-1728,2804,15288,CD,2,D1_pwm200_grab2
14611,1480,-2520,9212,CD,2,D1_pwm200_grab2
14615,-4836,-564,11448,CD,2,D1_pwm200_grab2
14620,2836,-2040,12996,CD,2,D1_pwm200_grab2
14626,404,-96,11644,CD,2,D1_pwm200_grab2
14631,-8636,504,10492,CD,2,D1_pwm200_grab2
14635,264,356,10532,CD,2,D1_pwm200_grab2
14640,6052,-2168,7716,CD,2,D1_pwm200_grab2
14645,3820,-900,15108,CD,2,D1_pwm200_grab2
14651,-9608,-2912,10264,CD,2,D1_pwm200_grab2
14655,4524,-1920,7848,CD,2,D1_pwm200_grab2
14661,172,2908,12812,CD,2,D1_pwm200_grab2
14665,-3332,-912,9476,CD,2,D1_pwm200_grab2
14671,1964,-2296,11604,CD,2,D1_pwm200_grab2
14675,1900,1660,10108,CD,2,D1_pwm200_grab2
14681,-672,612,4784,CD,2,D1_pwm200_grab2
14685,-1688,-1668,10252,CD,2,D1_pwm200_grab2
14691,-1880,328,9528,CD,2,D1_pwm200_grab2
14695,3112,3680,10600,CD,2,D1_pwm200_grab2
14700,10176,2600,10068,CD,2,D1_pwm200_grab2
14706,948,1272,8820,CD,2,D1_pwm200_grab2
14711,-2020,-1692,10488,CD,2,D1_pwm200_grab2
14716,3264,-520,6276,CD,2,D1_pwm200_grab2
14721,724,1660,7944,CD,2,D1_pwm200_grab2
14725,-1692,672,9540,CD,2,D1_pwm200_grab2
14731,-808,-1500,9456,CD,2,D1_pwm200_grab2
14741,-5744,2228,12448,CD,2,D1_pwm200_grab2
14745,-1488,-4532,5024,CD,2,D1_pwm200_grab2
14751,-3040,-748,7816,CD,2,D1_pwm200_grab2
14755,-1688,-1484,10508,CD,2,D1_pwm200_grab2
14760,-2692,-1676,9700,CD,2,D1_pwm200_grab2
14765,-1588,-3640,7172,CD,2,D1_pwm200_grab2
14771,-804,-1696,12672,CD,2,D1_pwm200_grab2
14775,-1708,-1252,9352,CD,2,D1_pwm200_grab2
14780,2184,-1456,12484,CD,2,D1_pwm200_grab2
14791,3652,-2224,7736,CD,2,D1_pwm200_grab2
14796,-4544,-252,9876,CD,2,D1_pwm200_grab2
14800,-3964,-1584,12300,CD,2,D1_pwm200_grab2
14811,2724,1776,12176,CD,2,D1_pwm200_grab2
14816,-1860,1196,5900,CD,2,D1_pwm200_grab2
14822,3936,1760,9848,CD,2,D1_pwm200_grab2
14827,-2276,284,15696,CD,2,D1_pwm200_grab2
14831,-4,-860,10856,CD,2,D1_pwm200_grab2
14841,-2248,3036,16008,CD,2,D1_pwm200_grab2
14846,-1412,-3372,7632,CD,2,D1_pwm200_grab2
14852,4000,1712,10208,CD,2,D1_pwm200_grab2
14861,512,-356,8256,CD,2,D1_pwm200_grab2
14867,-36,-2276,9364,CD,2,D1_pwm200_grab2
14872,1928,376,11420,CD,2,D1_pwm200_grab2
14877,2024,144,12784,CD,2,D1_pwm200_grab2
14882,2720,-1344,11220,CD,2,D1_pwm200_grab2
14891,-1504,-864,11436,CD,2,D1_pwm200_grab2
14896,868,-312,10764,CD,2,D1_pwm200_grab2
14901,2548,-896,11456,CD,2,D1_pwm200_grab2
14906,-4100,-2276,6892,CD,2,D1_pwm200_grab2
14911,5648,-2604,7140,CD,2,D1_pwm200_grab2
14916,1908,2132,11640,CD,2,D1_pwm200_grab2
14922,-4944,-1100,9664,CD,2,D1_pwm200_grab2
14926,2592,264,6752,CD,2,D1_pwm200_grab2
14931,2120,3652,11936,CD,2,D1_pwm200_grab2
14937,-5260,440,11876,CD,2,D1_pwm200_grab2
14946,4928,-968,9208,CD,2,D1_pwm200_grab2
14952,1112,108,4840,CD,2,D1_pwm200_grab2
14956,2612,528,11532,CD,2,D1_pwm200_grab2
14961,-2412,652,12208,CD,2,D1_pwm200_grab2
14967,1316,2116,8472,CD,2,D1_pwm200_grab2
14976,744,-2144,10028,CD,2,D1_pwm200_grab2
14982,-2468,-780,9576,CD,2,D1_pwm200_grab2
14992,3380,4292,9432,CD,2,D1_pwm200_grab2
14997,-800,-328,7808,CD,2,D1_pwm200_grab2
15001,-2008,-3552,7336,CD,2,D1_pwm200_grab2
15006,4844,100,11432,CD,2,D1_pwm200_grab2
15012,-3432,-180,11116,CD,2,D1_pwm200_grab2
15016,-1004,-3856,8808,CD,2,D1_pwm200_grab2
15022,3668,-1484,12980,CD,2,D1_pwm200_grab2
15027,-1204,2216,7376,CD,2,D1_pwm200_grab2
15031,-900,-1712,8200,CD,2,D1_pwm200_grab2
15037,1100,-924,6212,CD,2,D1_pwm200_grab2
15042,-2588,-3448,8968,CD,2,D1_pwm200_grab2
15047,1736,-2856,6496,CD,2,D1_pwm200_grab2
15052,1168,1136,13440,CD,2,D1_pwm200_grab2
15062,3208,-1132,8704,CD,2,D1_pwm200_grab2
15067,-3048,1004,14116,CD,2,D1_pwm200_grab2
15073,1040,-92,10172,CD,2,D1_pwm200_grab2
15077,188,-3528,11604,CD,2,D1_pwm200_grab2
15082,948,620,11572,CD,2,D1_pwm200_grab2
15092,-48,3068,9688,CD,2,D1_pwm200_grab2
15097,-876,-276,11140,CD,2,D1_pwm200_grab2
15102,1716,-1044,10968,CD,2,D1_pwm200_grab2
15113,-1584,4232,13888,CD,2,D1_pwm200_grab2
15117,1456,-284,10868,CD,2,D1_pwm200_grab2
15122,5216,-24,11780,CD,2,D1_pwm200_grab2
15128,1260,2728,7804,CD,2,D1_pwm200_grab2
15132,-32,-680,9744,CD,2,D1_pwm200_grab2
15138,4160,-676,5496,CD,2,D1_pwm200_grab2
15143,-2060,-832,8504,CD,2,D1_pwm200_grab2
15147,-1792,3068,14456,CD,2,D1_pwm200_grab2
15153,992,-2916,7796,CD,2,D1_pwm200_grab2
15157,-6100,-1944,11808,CD,2,D1_pwm200_grab2
15163,588,-2296,14124,CD,2,D1_pwm200_grab2
15168,2176,644,12752,CD,2,D1_pwm200_grab2
15173,-4892,-712,11164,CD,2,D1_pwm200_grab2
15177,-544,-3984,6676,CD,2,D1_pwm200_grab2
15183,5168,-692,8356,CD,2,D1_pwm200_grab2
15187,-160,1788,4884,CD,2,D1_pwm200_grab2
15197,4412,-1284,6280,CD,2,D1_pwm200_grab2
15202,-632,2068,13720,CD,2,D1_pwm200_grab2
15208,-2208,136,4692,CD,2,D1_pwm200_grab2
15212,-592,-2756,13648,CD,2,D1_pwm200_grab2
15218,2952,1384,9892,CD,2,D1_pwm200_grab2
15223,-4820,356,3324,CD,2,D1_pwm200_grab2
15227,1952,1744,8448,CD,2,D1_pwm200_grab2
15232,-316,424,7884,CD,2,D1_pwm200_grab2
15237,1508,2276,10468,CD,2,D1_pwm200_grab2
15247,-2636,1224,9364,CD,2,D1_pwm200_grab2
15253,-1368,-1068,9968,CD,2,D1_pwm200_grab2
15257,3052,-1528,6488,CD,2,D1_pwm200_grab2
15263,3460,5156,7676,CD,2,D1_pwm200_grab2
15268,-188,-1868,7728,CD,2,D1_pwm200_grab2
15272,728,-2876,6264,CD,2,D1_pwm200_grab2
15278,7824,1528,8240,CD,2,D1_pwm200_grab2
15283,-4736,1180,14080,CD,2,D1_pwm200_grab2
15288,-2092,-4596,6456,CD,2,D1_pwm200_grab2
15293,-2180,-56,7264,CD,2,D1_pwm200_grab2
15297,-264,-2516,13668,CD,2,D1_pwm200_grab2
15303,-1308,-728,9360,CD,2,D1_pwm200_grab2
15308,-7592,-1364,11100,CD,2,D1_pwm200_grab2
15313,-1372,-4984,8008,CD,2,D1_pwm200_grab2
15319,2796,-1548,8784,CD,2,D1_pwm200_grab2
15324,-1656,356,9756,CD,2,D1_pwm200_grab2
15328,-3000,-624,11844,CD,2,D1_pwm200_grab2
15334,556,-1052,9160,CD,2,D1_pwm200_grab2
15339,224,1716,11448,CD,2,D1_pwm200_grab2
15343,6512,-644,13948,CD,2,D1_pwm200_grab2
15348,-1476,1080,10900,CD,2,D1_pwm200_grab2
15353,-3080,-664,11568,CD,2,D1_pwm200_grab2
15358,4776,-424,8268,CD,2,D1_pwm200_grab2
15363,4416,3312,12336,CD,2,D1_pwm200_grab2
15369,-2008,756,10632,CD,2,D1_pwm200_grab2
15374,-656,-628,10152,CD,2,D1_pwm200_grab2
15383,-3768,2528,15008,CD,2,D1_pwm200_grab2
15388,1292,-3144,6820,CD,2,D1_pwm200_grab2
15394,1780,912,10516,CD,2,D1_pwm200_grab2
15398,-384,-2404,13268,CD,2,D1_pwm200_grab2
15403,332,-420,8084,CD,2,D1_pwm200_grab2
15409,2128,-2120,8528,CD,2,D1_pwm200_grab2
15414,1728,-336,12744,CD,2,D1_pwm200_grab2
15419,2300,-252,10028,CD,2,D1_pwm200_grab2
15423,3244,-1304,12392,CD,2,D1_pwm200_grab2
15433,4392,-2100,9268,CD,2,D1_pwm200_grab2
15439,-1364,1556,12424,CD,2,D1_pwm200_grab2
15444,-3260,-80,11524,CD,2,D1_pwm200_grab2
15448,1080,-3352,4784,CD,2,D1_pwm200_grab2
15453,4252,-1576,7672,CD,2,D1_pwm200_grab2
15459,608,1280,7860,CD,2,D1_pwm200_grab2
15463,-2928,-3100,10208,CD,2,D1_pwm200_grab2
15469,100,-44,6728,CD,2,D1_pwm200_grab2
15473,2884,3040,13384,CD,2,D1_pwm200_grab2
15479,7924,764,10508,CD,2,D1_pwm200_grab2
15484,100,-144,9892,CD,2,D1_pwm200_grab2
15488,500,1000,10996,CD,2,D1_pwm200_grab2
15493,-2144,400,6036,CD,2,D1_pwm200_grab2
15499,4480,2904,9520,CD,2,D1_pwm200_grab2
15504,-2352,684,10292,CD,2,D1_pwm200_grab2
15508,-500,-804,10644,CD,2,D1_pwm200_grab2
15519,-5272,1772,14400,CD,2,D1_pwm200_grab2
15524,-496,-4456,4096,CD,2,D1_pwm200_grab2
15528,-1336,224,7368,CD,2,D1_pwm200_grab2
15534,3208,5676,10152,CD,2,D1_pwm200_grab2
15539,-1080,-1792,8244,CD,2,D1_pwm200_grab2
15544,-1660,-3924,10380,CD,2,D1_pwm200_grab2
15548,-1292,-1808,11648,CD,2,D1_pwm200_grab2
15553,-1100,-1232,11280,CD,2,D1_pwm200_grab2
15558,752,-2316,13476,CD,2,D1_pwm200_grab2
15568,4972,-3488,10940,CD,2,D1_pwm200_grab2
15574,-2168,28,9132,CD,2,D1_pwm200_grab2
15580,-6392,-2364,10464,CD,2,D1_pwm200_grab2
15589,1628,1620,12000,CD,2,D1_pwm200_grab2
15595,-2076,552,6864,CD,2,D1_pwm200_grab2
15599,5152,3308,12476,CD,2,D1_pwm200_grab2
15605,-2612,256,12320,CD,2,D1_pwm200_grab2
15610,-132,-224,10012,CD,2,D1_pwm200_grab2
15619,764,1088,10676,CD,2,D1_pwm200_grab2
15624,-3348,704,12228,CD,2,D1_pwm200_grab2
15629,2696,368,6980,CD,2,D1_pwm200_grab2
15639,828,-572,8088,CD,2,D1_pwm200_grab2
15645,-800,-3108,9216,CD,2,D1_pwm200_grab2
15649,1860,164,12052,CD,2,D1_pwm200_grab2
15655,984,432,12276,CD,2,D1_pwm200_grab2
15660,680,-3932,4996,CD,2,D1_pwm200_grab2
15664,1808,736,9516,CD,2,D1_pwm200_grab2
15670,-476,-948,10268,CD,2,D1_pwm200_grab2
15674,-40,-192,10184,CD,2,D1_pwm200_grab2
15680,-1008,-604,14288,CD,2,D1_pwm200_grab2
15684,760,-2480,7720,CD,2,D1_pwm200_grab2
15689,3768,-2240,7248,CD,2,D1_pwm200_grab2
15695,1764,1384,12280,CD,2,D1_pwm200_grab2
15699,-2864,-3036,9992,CD,2,D1_pwm200_grab2
15705,4952,-2352,8124,CD,2,D1_pwm200_grab2
15709,172,976,11288,CD,2,D1_pwm200_grab2
15715,-3768,-1276,13376,CD,2,D1_pwm200_grab2
15719,1536,-5172,9824,CD,2,D1_pwm200_grab2
15724,1408,592,9780,CD,2,D1_pwm200_grab2
15730,-5560,876,3128,CD,2,D1_pwm200_grab2
15735,3884,1660,10028,CD,2,D1_pwm200_grab2
15740,-2148,292,9788,CD,2,D1_pwm200_grab2
15745,2180,3200,11344,CD,2,D1_pwm200_grab2
15750,3996,272,14512,CD,2,D1_pwm200_grab2
15754,24,-516,8368,CD,2,D1_pwm200_grab2
15759,-2908,-188,9336,CD,2,D1_pwm200_grab2
15765,2224,1276,7948,CD,2,D1_pwm200_grab2
15769,2736,4356,9788,CD,2,D1_pwm200_grab2
15774,-276,-1060,6352,CD,2,D1_pwm200_grab2
15780,-1692,-4320,10312,CD,2,D1_pwm200_grab2
15784,-352,-1312,9260,CD,2,D1_pwm200_grab2
15789,-4684,2836,12404,CD,2,D1_pwm200_grab2
15795,-1696,-3804,5488,CD,2,D1_pwm200_grab2
15800,2844,-1548,9284,CD,2,D1_pwm200_grab2
15805,-2968,960,9456,CD,2,D1_pwm200_grab2
15809,-2300,-1880,6984,CD,2,D1_pwm200_grab2
15814,680,-1468,14392,CD,2,D1_pwm200_grab2
15819,-5000,-3432,6984,CD,2,D1_pwm200_grab2
15824,3324,-2968,8728,CD,2,D1_pwm200_grab2
15830,-360,624,10648,CD,2,D1_pwm200_grab2
15835,-5820,-816,10472,CD,2,D1_pwm200_grab2
15840,1408,-1224,8240,CD,2,D1_pwm200_grab2
15845,552,2116,13036,CD,2,D1_pwm200_grab2
15850,-748,-872,11576,CD,2,D1_pwm200_grab2
15855,908,-1048,10904,CD,2,D1_pwm200_grab2
15861,-2724,-224,10540,CD,2,D1_pwm200_grab2
15866,4860,3640,16076,CD,2,D1_pwm200_grab2
15870,948,4432,11032,CD,2,D1_pwm200_grab2
15875,-2420,992,14928,CD,2,D1_pwm200_grab2
15880,148,696,8844,CD,2,D1_pwm200_grab2
15891,-3236,2932,15108,CD,2,D1_pwm200_grab2
15896,440,-1720,8400,CD,2,D1_pwm200_grab2
15901,4732,-616,15228,CD,2,D1_pwm200_grab2
15905,-280,2864,9892,CD,2,D1_pwm200_grab2
15911,-856,-1476,9032,CD,2,D1_pwm200_grab2
15915,-272,-2636,9548,CD,2,D1_pwm200_grab2
15921,6024,684,11952,CD,2,D1_pwm200_grab2
15925,1836,288,12160,CD,2,D1_pwm200_grab2
15930,1416,-2612,10476,CD,2,D1_pwm200_grab2
15940,4592,-1368,13240,CD,2,D1_pwm200_grab2
15945,2000,1416,10996,CD,2,D1_pwm200_grab2
15955,1324,-4788,6884,CD,2,D1_pwm200_grab2
15960,5544,-2172,6996,CD,2,D1_pwm200_grab2
15965,1296,1316,10220,CD,2,D1_pwm200_grab2
15976,3092,-716,6688,CD,2,D1_pwm200_grab2
15980,-4,3012,14148,CD,2,D1_pwm200_grab2
15985,744,852,9900,CD,2,D1_pwm200_grab2
15990,3792,-1684,10784,CD,2,D1_pwm200_grab2
15995,-1200,996,9640,CD,2,D1_pwm200_grab2
16000,-132,2152,4252,CD,2,D1_pwm200_grab2
16005,1632,-1552,11152,CD,2,D1_pwm200_grab2
16010,-1912,564,10360,CD,2,D1_pwm200_grab2
16016,572,1956,7772,CD,2,D1_pwm200_grab2
16026,-4280,3124,10756,CD,2,D1_pwm200_grab2
16031,-604,-1712,10532,CD,2,D1_pwm200_grab2
16036,4020,-268,13824,CD,2,D1_pwm200_grab2
16040,572,2668,6572,CD,2,D1_pwm200_grab2
16045,-1912,-340,8820,CD,2,D1_pwm200_grab2
16051,468,-396,9396,CD,2,D1_pwm200_grab2
16056,6916,768,11324,CD,2,D1_pwm200_grab2
16060,-4628,2032,12504,CD,2,D1_pwm200_grab2
16066,-1024,-4368,8240,CD,2,D1_pwm200_grab2
16070,-6764,-3264,9272,CD,2,D1_pwm200_grab2
16076,1640,-2048,12448,CD,2,D1_pwm200_grab2
16080,-2116,-1492,9744,CD,2,D1_pwm200_grab2
16087,-10192,-1256,9464,CD,2,D1_pwm200_grab2
16092,-3048,-6272,4608,CD,2,D1_pwm200_grab2
16096,3524,-436,10384,CD,2,D1_pwm200_grab2
16102,-2188,1256,6428,CD,2,D1_pwm200_grab2
16107,-140,-772,10760,CD,2,D1_pwm200_grab2
16111,-2008,-236,12004,CD,2,D1_pwm200_grab2
16116,1120,2288,10024,CD,2,D1_pwm200_grab2
16121,7432,1008,10584,CD,2,D1_pwm200_grab2
16126,-1540,3348,12468,CD,2,D1_pwm200_grab2
16131,2592,1864,12268,CD,2,D1_pwm200_grab2
16136,4932,-860,12072,CD,2,D1_pwm200_grab2
16141,3840,3056,9416,CD,2,D1_pwm200_grab2
16146,-1448,1088,10620,CD,2,D1_pwm200_grab2
16151,232,-1016,11144,CD,2,D1_pwm200_grab2
16157,10740,2508,9700,CD,2,D1_pwm200_grab2
16162,-2164,2812,15516,CD,2,D1_pwm200_grab2
16167,1004,-3748,7340,CD,2,D1_pwm200_grab2
16171,5276,-420,9352,CD,2,D1_pwm200_grab2
16176,2140,3828,8604,CD,2,D1_pwm200_grab2
16181,1352,-168,9328,CD,2,D1_pwm200_grab2
16186,2232,-2084,7848,CD,2,D1_pwm200_grab2
16191,508,432,12592,CD,2,D1_pwm200_grab2
16196,5076,-1720,8776,CD,2,D1_pwm200_grab2
16201,3372,-1560,12572,CD,2,D1_pwm200_grab2
16207,-10084,-3476,12388,CD,2,D1_pwm200_grab2
16212,5596,-2620,8856,CD,2,D1_pwm200_grab2
16216,1288,-196,10308,CD,2,D1_pwm200_grab2
16221,-936,-1248,12300,CD,2,D1_pwm200_grab2
16227,212,-3856,7068,CD,2,D1_pwm200_grab2
16231,6664,-2388,7940,CD,2,D1_pwm200_grab2
16236,-776,1184,7480,CD,2,D1_pwm200_grab2
16242,-2528,-1724,10004,CD,2,D1_pwm200_grab2
16246,-1488,248,8624,CD,2,D1_pwm200_grab2
16251,3420,3584,11132,CD,2,D1_pwm200_grab2
16257,-4636,-976,4988,CD,2,D1_pwm200_grab2
16262,-952,-5172,11808,CD,2,D1_pwm200_grab2
16267,2080,828,9048,CD,2,D1_pwm200_grab2
16271,-6280,576,2668,CD,2,D1_pwm200_grab2
16276,3532,1696,8064,CD,2,D1_pwm200_grab2
16282,-2928,808,10648,CD,2,D1_pwm200_grab2
16286,-1044,-1252,9528,CD,2,D1_pwm200_grab2
16292,10988,1976,4480,CD,2,D1_pwm200_grab2
16297,-6060,2112,12480,CD,2,D1_pwm200_grab2
16302,-3668,-1032,9588,CD,2,D1_pwm200_grab2
16307,1388,2012,7984,CD,2,D1_pwm200_grab2
16312,3524,5400,8916,CD,2,D1_pwm200_grab2
16316,172,-248,7948,CD,2,D1_pwm200_grab2
16321,-1956,-4224,7564,CD,2,D1_pwm200_grab2
16327,-812,-1792,13844,CD,2,D1_pwm200_grab2
16332,-1088,-1540,9412,CD,2,D1_pwm200_grab2
16337,1268,-2448,12404,CD,2,D1_pwm200_grab2
16348,4208,-2788,9224,CD,2,D1_pwm200_grab2
16353,-5008,-120,9344,CD,2,D1_pwm200_grab2
16357,-3792,-1520,12004,CD,2,D1_pwm200_grab2
16362,-2736,-7192,10780,CD,2,D1_pwm200_grab2
16367,3688,1160,11912,CD,2,D1_pwm200_grab2
16373,-3560,1612,4612,CD,2,D1_pwm200_grab2
16377,4524,2516,9684,CD,2,D1_pwm200_grab2
16382,-3084,452,14916,CD,2,D1_pwm200_grab2
16387,-1228,1772,13444,CD,2,D1_pwm200_grab2
16393,4492,-776,14664,CD,2,D1_pwm200_grab2
16398,-1196,-1532,10196,CD,2,D1_pwm200_grab2
16403,-2356,516,11244,CD,2,D1_pwm200_grab2
16408,4072,992,8788,CD,2,D1_pwm200_grab2
16412,3332,6300,11436,CD,2,D1_pwm200_grab2
16417,-176,-132,10312,CD,2,D1_pwm200_grab2
16423,-520,-3092,8900,CD,2,D1_pwm200_grab2
16432,-3056,3824,15024,CD,2,D1_pwm200_grab2
16437,796,-2000,7424,CD,2,D1_pwm200_grab2
16442,3356,864,9044,CD,2,D1_pwm200_grab2
16448,-1596,2876,9484,CD,2,D1_pwm200_grab2
16452,1312,-572,11276,CD,2,D1_pwm200_grab2
16457,4076,1356,9712,CD,2,D1_pwm200_grab2
16462,-3304,-2304,7256,CD,2,D1_pwm200_grab2
16467,6496,-2176,8824,CD,2,D1_pwm200_grab2
16472,2768,-2880,11020,CD,2,D1_pwm200_grab2
16483,4776,-2672,9164,CD,2,D1_pwm200_grab2
16487,1344,780,12176,CD,2,D1_pwm200_grab2
16492,-3100,528,13552,CD,2,D1_pwm200_grab2
16498,672,-4740,9380,CD,2,D1_pwm200_grab2
16502,4868,364,10004,CD,2,D1_pwm200_grab2
16508,2052,1524,6636,CD,2,D1_pwm200_grab2
16512,-5696,-2864,9440,CD,2,D1_pwm200_grab2
16517,1892,-316,6780,CD,2,D1_pwm200_grab2
16523,2468,3516,13332,CD,2,D1_pwm200_grab2
16528,3436,256,11576,CD,2,D1_pwm200_grab2
16532,-356,-956,10080,CD,2,D1_pwm200_grab2
16537,-432,516,10012,CD,2,D1_pwm200_grab2
16543,908,1580,7220,CD,2,D1_pwm200_grab2
16547,2504,4120,9688,CD,2,D1_pwm200_grab2
16552,-588,-244,8308,CD,2,D1_pwm200_grab2
16558,1248,924,9960,CD,2,D1_pwm200_grab2
16567,-4236,2244,13136,CD,2,D1_pwm200_grab2
16573,-2116,-4908,5152,CD,2,D1_pwm200_grab2
16577,1492,-496,7296,CD,2,D1_pwm200_grab2
16582,-2232,-168,9548,CD,2,D1_pwm200_grab2
16588,-1296,-1976,7036,CD,2,D1_pwm200_grab2
16592,624,-1028,12320,CD,2,D1_pwm200_grab2
16599,-4144,-4248,8560,CD,2,D1_pwm200_grab2
16603,2620,-2968,7580,CD,2,D1_pwm200_grab2
16608,-44,1276,12272,CD,2,D1_pwm200_grab2
16614,-6412,-748,10632,CD,2,D1_pwm200_grab2
16618,996,-940,6728,CD,2,D1_pwm200_grab2
16624,-92,1820,13168,CD,2,D1_pwm200_grab2
16628,2396,-1248,14028,CD,2,D1_pwm200_grab2
16634,-1080,-628,10836,CD,2,D1_pwm200_grab2
16640,-2476,220,11972,CD,2,D1_pwm200_grab2
16643,-3896,2068,4672,CD,2,D1_pwm200_grab2
16648,2280,1984,11312,CD,2,D1_pwm200_grab2
16654,-2904,704,12324,CD,2,D1_pwm200_grab2
16659,-840,-608,8676,CD,2,D1_pwm200_grab2
16668,-4280,2904,14060,CD,2,D1_pwm200_grab2
16674,-256,-3380,5800,CD,2,D1_pwm200_grab2
16679,4020,648,10500,CD,2,D1_pwm200_grab2
16683,3632,5652,11344,CD,2,D1_pwm200_grab2
16688,-104,-508,9140,CD,2,D1_pwm200_grab2
16694,-220,-3252,10040,CD,2,D1_pwm200_grab2
16698,2352,616,14396,CD,2,D1_pwm200_grab2
16703,2204,240,12164,CD,2,D1_pwm200_grab2
16708,1732,-3428,11056,CD,2,D1_pwm200_grab2
16718,4332,-2628,10788,CD,2,D1_pwm200_grab2
16723,-1312,1020,11996,CD,2,D1_pwm200_grab2
16728,5400,2172,12728,CD,2,D1_pwm200_grab2
16734,-164,-2160,5484,CD,2,D1_pwm200_grab2
16738,4460,-2208,7276,CD,2,D1_pwm200_grab2
16743,1464,1368,11400,CD,2,D1_pwm200_grab2
16748,-3644,-2392,10760,CD,2,D1_pwm200_grab2
16754,632,36,6884,CD,2,D1_pwm200_grab2
16759,2736,3892,15288,CD,2,D1_pwm200_grab2
16764,7324,740,11220,CD,2,D1_pwm200_grab2
16769,2372,-4856,8784,CD,2,D1_pwm200_grab2
16774,1140,932,9840,CD,2,D1_pwm200_grab2
16778,-1976,912,5128,CD,2,D1_pwm200_grab2
16784,3556,2252,9696,CD,2,D1_pwm200_grab2
16788,-2068,1140,10536,CD,2,D1_pwm200_grab2
16793,196,-512,10604,CD,2,D1_pwm200_grab2
16803,-4656,1144,13960,CD,2,D1_pwm200_grab2
16813,2564,-2312,6340,CD,2,D1_pwm200_grab2
16819,1784,5344,9436,CD,2,D1_pwm200_grab2
16824,-2444,-2128,6412,CD,2,D1_pwm200_grab2
16829,-844,-4056,10312,CD,2,D1_pwm200_grab2
16833,-3280,-948,12880,CD,2,D1_pwm200_grab2
16839,-512,-2052,10636,CD,2,D1_pwm200_grab2
16843,424,-3204,12300,CD,2,D1_pwm200_grab2
16854,3420,-3160,10544,CD,2,D1_pwm200_grab2
16860,-3624,472,8472,CD,2,D1_pwm200_grab2
16864,-7268,-2808,8624,CD,2,D1_pwm200_grab2
16869,-1132,-7204,10772,CD,2,D1_pwm200_grab2
16874,972,1616,11240,CD,2,D1_pwm200_grab2
16884,3680,2916,11704,CD,2,D1_pwm200_grab2
16889,-3420,52,11508,CD,2,D1_pwm200_grab2
16894,-980,-2100,10560,CD,2,D1_pwm200_grab2
16899,6348,-680,13168,CD,2,D1_pwm200_grab2
16905,-744,2228,12144,CD,2,D1_pwm200_grab2
16909,-4960,656,13084,CD,2,D1_pwm200_grab2
16914,4644,-552,11304,CD,2,D1_pwm200_grab2
16919,2740,6132,11712,CD,2,D1_pwm200_grab2
16925,-248,-1516,8444,CD,2,D1_pwm200_grab2
16929,-936,-4492,10700,CD,2,D1_pwm200_grab2
16935,248,428,14548,CD,2,D1_pwm200_grab2
16939,-2360,3048,15280,CD,2,D1_pwm200_grab2
16944,-1688,-3844,6904,CD,2,D1_pwm200_grab2
16950,-2960,-572,10084,CD,2,D1_pwm200_grab2
16954,-672,-808,12564,CD,2,D1_pwm200_grab2
16959,404,-132,12092,CD,2,D1_pwm200_grab2
16964,-1080,-872,12008,CD,2,D1_pwm200_grab2
16970,732,-3100,6980,CD,2,D1_pwm200_grab2
16974,4284,-1336,7540,CD,2,D1_pwm200_grab2
16980,372,2304,10704,CD,2,D1_pwm200_grab2
16990,6112,-2024,8688,CD,2,D1_pwm200_grab2
16995,-2640,876,12272,CD,2,D1_pwm200_grab2
16999,-3732,504,9144,CD,2,D1_pwm200_grab2
17005,1348,-4252,11332,CD,2,D1_pwm200_grab2
17009,1636,1620,9068,CD,2,D1_pwm200_grab2
17015,-3296,328,5340,CD,2,D1_pwm200_grab2
17020,3068,2060,9928,CD,2,D1_pwm200_grab2
17024,36,316,8712,CD,2,D1_pwm200_grab2
17030,3212,3992,9368,CD,2,D1_pwm200_grab2
17040,-524,2544,10524,CD,2,D1_pwm200_grab2
17044,-3128,-424,10388,CD,2,D1_pwm200_grab2
17050,5172,-288,12068,CD,2,D1_pwm200_grab2
17055,2056,4328,8040,CD,2,D1_pwm200_grab2
17059,-1436,-1272,6572,CD,2,D1_pwm200_grab2
17064,1276,-3188,10388,CD,2,D1_pwm200_grab2
17069,8456,2080,8668,CD,2,D1_pwm200_grab2
17074,-2788,3236,12560,CD,2,D1_pwm200_grab2
17079,-1076,-4896,6816,CD,2,D1_pwm200_grab2
17085,-4944,-2696,8244,CD,2,D1_pwm200_grab2
17089,928,-2380,11324,CD,2,D1_pwm200_grab2
17094,-472,-600,8440,CD,2,D1_pwm200_grab2
17105,-940,-5420,4408,CD,2,D1_pwm200_grab2
17110,2556,-1524,9768,CD,2,D1_pwm200_grab2
17115,-1016,1316,6748,CD,2,D1_pwm200_grab2
17121,-96,356,11380,CD,2,D1_pwm200_grab2
17125,-1244,-68,9440,CD,2,D1_pwm200_grab2
17130,824,2324,8180,CD,2,D1_pwm200_grab2
17136,9548,1128,8688,CD,2,D1_pwm200_grab2
17140,-3004,2528,13000,CD,2,D1_pwm200_grab2
17145,-3916,-1416,11368,CD,2,D1_pwm200_grab2
17150,4320,764,14364,CD,2,D1_pwm200_grab2
17155,1808,2484,9352,CD,2,D1_pwm200_grab2
17160,-1416,596,11572,CD,2,D1_pwm200_grab2
17165,-92,-1352,10424,CD,2,D1_pwm200_grab2
17170,8084,1392,10920,CD,2,D1_pwm200_grab2
17176,-4084,2704,15224,CD,2,D1_pwm200_grab2
17180,-92,-3632,9552,CD,2,D1_pwm200_grab2
17186,-6968,-1984,10972,CD,2,D1_pwm200_grab2
17190,3512,-1108,14264,CD,2,D1_pwm200_grab2
17196,-748,-1164,10140,CD,2,D1_pwm200_grab2
17200,1640,-2460,6236,CD,2,D1_pwm200_grab2
17205,-1616,-972,13924,CD,2,D1_pwm200_grab2
17210,5500,-1872,9440,CD,2,D1_pwm200_grab2
17215,2832,-816,14468,CD,2,D1_pwm200_grab2
17226,4848,-1376,9776,CD,2,D1_pwm200_grab2
17231,-816,2528,15424,CD,2,D1_pwm200_grab2
17236,-3880,-20,8288,CD,2,D1_pwm200_grab2
17240,1656,-3964,6960,CD,2,D1_pwm200_grab2
17245,6312,-1252,9200,CD,2,D1_pwm200_grab2
17251,468,3200,6912,CD,2,D1_pwm200_grab2
17255,792,-664,11072,CD,2,D1_pwm200_grab2
17260,-1624,524,10012,CD,2,D1_pwm200_grab2
17265,3052,3060,10384,CD,2,D1_pwm200_grab2
17275,348,2896,12064,CD,2,D1_pwm200_grab2
17280,1796,1656,9756,CD,2,D1_pwm200_grab2
17285,10236,-2164,16168,CD,2,D1_pwm200_grab2
17290,1116,2444,8576,CD,2,D1_pwm200_grab2
17295,-52,400,9092,CD,2,D1_pwm200_grab2
17300,1620,-608,8240,CD,2,D1_pwm200_grab2
17305,8632,4016,8800,CD,2,D1_pwm200_grab2
17310,-2844,2128,11684,CD,2,D1_pwm200_grab2
17315,-552,-4816,5628,CD,2,D1_pwm200_grab2
17325,1108,2604,6284,CD,2,D1_pwm200_grab2
17330,-1612,-2048,6456,CD,2,D1_pwm200_grab2
17335,2452,-1384,5784,CD,2,D1_pwm200_grab2
17340,-2344,-2600,12548,CD,2,D1_pwm200_grab2
17345,3132,-2584,7724,CD,2,D1_pwm200_grab2
17350,1048,-724,11988,CD,2,D1_pwm200_grab2
17361,2684,-1628,6376,CD,2,D1_pwm200_grab2
17367,-4636,2124,11440,CD,2,D1_pwm200_grab2
17372,-2736,-880,8200,CD,2,D1_pwm200_grab2
17376,-2568,-4760,9480,CD,2,D1_pwm200_grab2
17382,444,1360,12040,CD,2,D1_pwm200_grab2
17386,3544,-2136,10004,CD,2,D1_pwm200_grab2
17391,468,3664,9564,CD,2,D1_pwm200_grab2
17396,-2972,68,10836,CD,2,D1_pwm200_grab2
17401,584,-1344,10152,CD,2,D1_pwm200_grab2
17406,7072,1900,8088,CD,2,D1_pwm200_grab2
17411,-3644,2748,13280,CD,2,D1_pwm200_grab2
17416,-1924,-812,12592,CD,2,D1_pwm200_grab2
17421,6856,884,15976,CD,2,D1_pwm200_grab2
17427,1412,4424,9300,CD,2,D1_pwm200_grab2
17431,-356,-996,10800,CD,2,D1_pwm200_grab2
17436,1992,-2556,9636,CD,2,D1_pwm200_grab2
17442,-2120,-736,13372,CD,2,D1_pwm200_grab2
17447,3212,-2000,11232,CD,2,D1_pwm200_grab2
17451,684,-3744,8008,CD,2,D1_pwm200_grab2
17457,-4836,-1816,12268,CD,2,D1_pwm200_grab2
17462,2652,-1612,12820,CD,2,D1_pwm200_grab2
17467,2024,52,12096,CD,2,D1_pwm200_grab2
17476,4,-4356,7052,CD,2,D1_pwm200_grab2
17481,6800,-932,9092,CD,2,D1_pwm200_grab2
17487,-64,2528,10220,CD,2,D1_pwm200_grab2
17491,928,-792,10396,CD,3,D1_pwm200_grab2
17496,4192,-1720,9544,CD,3,D1_pwm200_grab2
17501,-1292,2996,14880,CD,3,D1_pwm200_grab2
17507,-3256,588,6960,CD,3,D1_pwm200_grab2
17511,0,-2988,11528,CD,3,D1_pwm200_grab2
17517,3588,2644,10384,CD,3,D1_pwm200_grab2
17521,5328,-1668,11460,CD,3,D1_pwm200_grab2
17527,4816,2176,10248,CD,3,D1_pwm200_grab2
17531,-892,796,9380,CD,3,D1_pwm200_grab2
17537,4076,3764,11748,CD,3,D1_pwm200_grab2
17541,8196,2276,13664,CD,3,D1_pwm200_grab2
17546,-1468,2176,11776,CD,3,D1_pwm200_grab2
17551,-3004,516,10964,CD,3,D1_pwm200_grab2
17556,3672,-1148,6096,CD,3,D1_pwm200_grab2
17561,2560,5824,10832,CD,3,D1_pwm200_grab2
17566,-436,-488,7248,CD,3,D1_pwm200_grab2
17571,2152,-2036,8596,CD,3,D1_pwm200_grab2
17576,-476,-4,14452,CD,3,D1_pwm200_grab2
17581,-3640,1972,12460,CD,3,D1_pwm200_grab2
17586,-308,-5584,2804,CD,3,D1_pwm200_grab2
17591,36,672,5880,CD,3,D1_pwm200_grab2
17596,-332,-1364,8240,CD,3,D1_pwm200_grab2
17602,-364,-1564,7836,CD,3,D1_pwm200_grab2
17606,1348,32,11852,CD,3,D1_pwm200_grab2
17611,-3116,-4748,7752,CD,3,D1_pwm200_grab2
17616,3896,-2708,6412,CD,3,D1_pwm200_grab2
17622,-372,1520,10824,CD,3,D1_pwm200_grab2
17627,-5112,-1864,9316,CD,3,D1_pwm200_grab2
17632,620,-976,7024,CD,3,D1_pwm200_grab2
17637,76,1932,12476,CD,3,D1_pwm200_grab2
17643,2624,-1424,13948,CD,3,D1_pwm200_grab2
17647,-2468,-344,11012,CD,3,D1_pwm200_grab2
17653,-3664,-380,11712,CD,3,D1_pwm200_grab2
17657,2452,1912,11764,CD,3,D1_pwm200_grab2
17664,2012,6424,11196,CD,3,D1_pwm200_grab2
17668,-3564,468,11956,CD,3,D1_pwm200_grab2
17672,-804,496,7364,CD,3,D1_pwm200_grab2
17682,-5904,2780,12124,CD,3,D1_pwm200_grab2
17687,1588,-2748,8240,CD,3,D1_pwm200_grab2
17693,5748,-988,13068,CD,3,D1_pwm200_grab2
17697,-1088,3560,9092,CD,3,D1_pwm200_grab2
17702,-2480,-2404,8964,CD,3,D1_pwm200_grab2
17708,-1308,-2748,10600,CD,3,D1_pwm200_grab2
17712,5168,2348,12236,CD,3,D1_pwm200_grab2
17717,196,-84,12528,CD,3,D1_pwm200_grab2
17722,-232,-4104,9192,CD,3,D1_pwm200_grab2
17732,3076,-1204,12884,CD,3,D1_pwm200_grab2
17738,3840,760,12992,CD,3,D1_pwm200_grab2
17747,2144,-5096,6360,CD,3,D1_pwm200_grab2
17752,3148,-2076,9796,CD,3,D1_pwm200_grab2
17757,3808,460,12904,CD,3,D1_pwm200_grab2
17762,-9040,-2000,11920,CD,3,D1_pwm200_grab2
17767,3172,-748,8172,CD,3,D1_pwm200_grab2
17773,-2248,2540,14728,CD,3,D1_pwm200_grab2
17778,-2252,340,4744,CD,3,D1_pwm200_grab2
17782,616,-2676,11456,CD,3,D1_pwm200_grab2
17787,2824,2552,10268,CD,3,D1_pwm200_grab2
17793,916,2192,10432,CD,3,D1_pwm200_grab2
17798,28,-1476,9864,CD,3,D1_pwm200_grab2
17802,-984,1256,9112,CD,3,D1_pwm200_grab2
17808,3940,3752,9836,CD,3,D1_pwm200_grab2
17813,11068,3208,11936,CD,3,D1_pwm200_grab2
17817,-2516,2804,12048,CD,3,D1_pwm200_grab2
17823,-3160,16,11076,CD,3,D1_pwm200_grab2
17827,3740,-936,8080,CD,3,D1_pwm200_grab2
17832,2140,4924,10064,CD,3,D1_pwm200_grab2
17837,-2280,468,9720,CD,3,D1_pwm200_grab2
17843,1108,812,11032,CD,3,D1_pwm200_grab2
17847,8536,3768,3588,CD,3,D1_pwm200_grab2
17853,-4292,1800,12268,CD,3,D1_pwm200_grab2
17857,-1560,-5844,2872,CD,3,D1_pwm200_grab2
17862,-1428,500,5640,CD,3,D1_pwm200_grab2
17868,-412,-1992,8892,CD,3,D1_pwm200_grab2
17873,-800,-1604,7108,CD,3,D1_pwm200_grab2
17879,372,-208,9972,CD,3,D1_pwm200_grab2
17883,-3100,-4896,8164,CD,3,D1_pwm200_grab2
17888,3000,-2576,7000,CD,3,D1_pwm200_grab2
17894,-928,1268,11624,CD,3,D1_pwm200_grab2
17899,-5316,-964,9728,CD,3,D1_pwm200_grab2
17903,556,-888,7436,CD,3,D1_pwm200_grab2
17908,412,1652,12812,CD,3,D1_pwm200_grab2
17913,2748,-2372,14452,CD,3,D1_pwm200_grab2
17918,-1968,-532,12288,CD,3,D1_pwm200_grab2
17923,2892,-152,9052,CD,3,D1_pwm200_grab2
17928,-1928,2428,6272,CD,3,D1_pwm200_grab2
17933,928,2164,11492,CD,3,D1_pwm200_grab2
17938,-3436,468,12256,CD,3,D1_pwm200_grab2
17944,-940,96,7512,CD,3,D1_pwm200_grab2
17953,-5352,2868,13332,CD,3,D1_pwm200_grab2
17959,1984,-2380,7832,CD,3,D1_pwm200_grab2
17964,6416,3324,19444,CD,3,D1_pwm200_grab2
17968,1520,5628,12204,CD,3,D1_pwm200_grab2
17974,-1100,-808,9248,CD,3,D1_pwm200_grab2
17978,-1100,-2872,10724,CD,3,D1_pwm200_grab2
17983,4784,3172,13104,CD,3,D1_pwm200_grab2
17989,44,972,11952,CD,3,D1_pwm200_grab2
17993,628,-3840,9912,CD,3,D1_pwm200_grab2
18003,3516,-1560,12504,CD,3,D1_pwm200_grab2
18008,-180,-1264,8876,CD,3,D1_pwm200_grab2
18013,2512,280,7024,CD,3,D1_pwm200_grab2
18019,-468,-2352,10404,CD,3,D1_pwm200_grab2
18023,3760,-2476,8684,CD,3,D1_pwm200_grab2
18028,3820,632,11332,CD,3,D1_pwm200_grab2
18034,-8000,-1720,10180,CD,3,D1_pwm200_grab2
18039,3120,-380,6984,CD,3,D1_pwm200_grab2
18043,-540,3456,17100,CD,3,D1_pwm200_grab2
18048,-9536,-296,11888,CD,3,D1_pwm200_grab2
18053,2664,-5644,3160,CD,3,D1_pwm200_grab2
18058,4192,-1008,8668,CD,3,D1_pwm200_grab2
18064,1024,2368,8096,CD,3,D1_pwm200_grab2
18068,36,88,10560,CD,3,D1_pwm200_grab2
18073,-2032,1896,9212,CD,3,D1_pwm200_grab2
18079,2968,1604,8100,CD,3,D1_pwm200_grab2
18089,-3532,1920,12452,CD,3,D1_pwm200_grab2
18094,244,1720,9572,CD,3,D1_pwm200_grab2
18104,1488,2656,10096,CD,3,D1_pwm200_grab2
18109,-3328,-636,8168,CD,3,D1_pwm200_grab2
18113,648,-1740,10220,CD,3,D1_pwm200_grab2
18118,4256,2780,7692,CD,3,D1_pwm200_grab2
18123,-3008,424,12832,CD,3,D1_pwm200_grab2
18128,-1844,-6116,7468,CD,3,D1_pwm200_grab2
18135,-9724,-3964,9284,CD,3,D1_pwm200_grab2
18139,2012,-2196,11932,CD,3,D1_pwm200_grab2
18145,424,528,7796,CD,3,D1_pwm200_grab2
18155,-820,-6196,5324,CD,3,D1_pwm200_grab2
18159,3436,-1812,8404,CD,3,D1_pwm200_grab2
18164,-1892,756,9212,CD,3,D1_pwm200_grab2
18169,-1340,432,10208,CD,3,D1_pwm200_grab2
18174,-1252,-16,9364,CD,3,D1_pwm200_grab2
18180,-3572,2756,14144,CD,3,D1_pwm200_grab2
18185,-7780,-1648,5488,CD,3,D1_pwm200_grab2
18189,224,-5824,8240,CD,3,D1_pwm200_grab2
18194,1004,2136,10960,CD,3,D1_pwm200_grab2
18199,-6332,332,2428,CD,3,D1_pwm200_grab2
18204,4108,4236,12560,CD,3,D1_pwm200_grab2
18209,-2084,344,11028,CD,3,D1_pwm200_grab2
18215,-1148,-2000,10384,CD,3,D1_pwm200_grab2
18219,5888,-552,14940,CD,3,D1_pwm200_grab2
18224,-476,2948,13332,CD,3,D1_pwm200_grab2
18230,-6256,396,12540,CD,3,D1_pwm200_grab2
18234,4060,-376,9024,CD,3,D1_pwm200_grab2
18240,2208,6072,13124,CD,3,D1_pwm200_grab2
18245,-1728,-1628,9908,CD,3,D1_pwm200_grab2
18250,-2772,-3716,10952,CD,3,D1_pwm200_grab2
18254,-44,712,16312,CD,3,D1_pwm200_grab2
18260,-104,-1076,11552,CD,3,D1_pwm200_grab2
18265,-260,-3708,4492,CD,3,D1_pwm200_grab2
18269,1552,2304,8820,CD,3,D1_pwm200_grab2
18274,924,-100,9532,CD,3,D1_pwm200_grab2
18279,-244,-1424,10764,CD,3,D1_pwm200_grab2
18285,3292,1260,10016,CD,3,D1_pwm200_grab2
18290,-1856,-2776,9500,CD,3,D1_pwm200_grab2
18294,5524,-2000,7300,CD,3,D1_pwm200_grab2
18299,2076,2848,13048,CD,3,D1_pwm200_grab2
18309,5760,-2852,11424,CD,3,D1_pwm200_grab2
18314,-68,1064,9976,CD,3,D1_pwm200_grab2
18319,-4248,-724,17028,CD,3,D1_pwm200_grab2
18325,4012,-4916,6344,CD,3,D1_pwm200_grab2
18330,4700,588,9076,CD,3,D1_pwm200_grab2
18335,1312,1624,7592,CD,3,D1_pwm200_grab2
18339,2704,308,12180,CD,3,D1_pwm200_grab2
18344,-2300,1140,10688,CD,3,D1_pwm200_grab2
18350,1560,3132,15356,CD,3,D1_pwm200_grab2
18354,3436,-1312,15568,CD,3,D1_pwm200_grab2
18359,2872,-1876,11164,CD,3,D1_pwm200_grab2
18364,-4052,68,10488,CD,3,D1_pwm200_grab2
18375,-1232,4804,9924,CD,3,D1_pwm200_grab2
18380,-1996,100,7652,CD,3,D1_pwm200_grab2
18384,-1456,-3452,8804,CD,3,D1_pwm200_grab2
18391,4328,3636,7704,CD,3,D1_pwm200_grab2
18396,-3508,-144,10672,CD,3,D1_pwm200_grab2
18401,584,-5136,7284,CD,3,D1_pwm200_grab2
18410,3072,-1412,10172,CD,3,D1_pwm200_grab2
18416,1588,1044,8732,CD,3,D1_pwm200_grab2
18425,588,-7600,4424,CD,3,D1_pwm200_grab2
18432,4660,-2028,7316,CD,3,D1_pwm200_grab2
18435,-148,-636,11556,CD,3,D1_pwm200_grab2
18441,-10332,-1320,9496,CD,3,D1_pwm200_grab2
18445,2832,-1732,10240,CD,3,D1_pwm200_grab2
18451,-3964,1708,12088,CD,3,D1_pwm200_grab2
18456,-4776,-2208,7268,CD,3,D1_pwm200_grab2
18461,32,-5524,9408,CD,3,D1_pwm200_grab2
18465,112,2932,12256,CD,3,D1_pwm200_grab2
18471,6140,-1364,13144,CD,3,D1_pwm200_grab2
18476,1344,-344,10096,CD,3,D1_pwm200_grab2
18480,-2908,640,12088,CD,3,D1_pwm200_grab2
18486,2776,2700,9508,CD,3,D1_pwm200_grab2
18490,10972,1156,12460,CD,3,D1_pwm200_grab2
18496,-1268,2668,13576,CD,3,D1_pwm200_grab2
18500,-4996,268,13944,CD,3,D1_pwm200_grab2
18505,5420,900,14392,CD,3,D1_pwm200_grab2
18510,1644,4996,12856,CD,3,D1_pwm200_grab2
18515,-1240,-1880,9908,CD,3,D1_pwm200_grab2
18521,496,-1248,11320,CD,3,D1_pwm200_grab2
18525,9264,4172,7164,CD,3,D1_pwm200_grab2
18530,-796,2528,13376,CD,3,D1_pwm200_grab2
18535,-596,-5512,3620,CD,3,D1_pwm200_grab2
18541,-2852,-532,9292,CD,3,D1_pwm200_grab2
18545,2728,-1888,9996,CD,3,D1_pwm200_grab2
18551,1084,-1116,11268,CD,3,D1_pwm200_grab2
18556,-6748,256,10080,CD,3,D1_pwm200_grab2
18560,-1292,2132,15292,CD,3,D1_pwm200_grab2
18566,4040,-1500,9876,CD,3,D1_pwm200_grab2
18571,2156,-1764,9932,CD,3,D1_pwm200_grab2
18575,-10152,-4300,11840,CD,3,D1_pwm200_grab2
18581,5164,-2836,9608,CD,3,D1_pwm200_grab2
18586,-3764,1556,9484,CD,3,D1_pwm200_grab2
18590,-2828,-1332,14916,CD,3,D1_pwm200_grab2
18596,2320,-3780,7520,CD,3,D1_pwm200_grab2
18601,3404,1468,8596,CD,3,D1_pwm200_grab2
18606,-912,2280,11260,CD,3,D1_pwm200_grab2
18611,-472,-2004,8820,CD,3,D1_pwm200_grab2
18615,-876,-424,7744,CD,3,D1_pwm200_grab2
18621,3144,3344,12408,CD,3,D1_pwm200_grab2
18626,8760,824,14452,CD,3,D1_pwm200_grab2
18630,1064,968,11500,CD,3,D1_pwm200_grab2
18635,-6084,-500,12040,CD,3,D1_pwm200_grab2
18641,1992,216,6096,CD,3,D1_pwm200_grab2
18646,-124,4744,10136,CD,3,D1_pwm200_grab2
18651,-2968,-1188,7672,CD,3,D1_pwm200_grab2
18656,-1052,-3712,12156,CD,3,D1_pwm200_grab2
18661,-468,164,10580,CD,3,D1_pwm200_grab2
18667,-708,-2232,11328,CD,3,D1_pwm200_grab2
18671,232,-5252,8312,CD,3,D1_pwm200_grab2
18681,3712,-3520,10500,CD,3,D1_pwm200_grab2
18688,-1840,996,9392,CD,3,D1_pwm200_grab2
18696,-4656,-6124,9552,CD,3,D1_pwm200_grab2
18702,3848,-2960,9792,CD,3,D1_pwm200_grab2
18707,-84,3272,10856,CD,3,D1_pwm200_grab2
18711,-5460,-492,10764,CD,3,D1_pwm200_grab2
18717,1064,-120,10576,CD,3,D1_pwm200_grab2
18721,-128,2576,13604,CD,3,D1_pwm200_grab2
18732,-524,-7500,5740,CD,3,D1_pwm200_grab2
18736,5908,964,10724,CD,3,D1_pwm200_grab2
18741,1172,2916,8692,CD,3,D1_pwm200_grab2
18746,2744,1892,11640,CD,3,D1_pwm200_grab2
18751,-2860,1876,13400,CD,3,D1_pwm200_grab2
18756,944,704,9344,CD,3,D1_pwm200_grab2
18766,-1416,3052,12880,CD,3,D1_pwm200_grab2
18771,3072,-1284,11464,CD,3,D1_pwm200_grab2
18782,-636,4968,10992,CD,3,D1_pwm200_grab2
18787,448,44,10444,CD,3,D1_pwm200_grab2
18792,-436,-2988,9820,CD,3,D1_pwm200_grab2
18796,2608,2412,11828,CD,3,D1_pwm200_grab2
18801,-416,552,11032,CD,3,D1_pwm200_grab2
18807,520,-4416,8492,CD,3,D1_pwm200_grab2
18816,308,3276,9744,CD,3,D1_pwm200_grab2
18822,772,-1460,9520,CD,3,D1_pwm200_grab2
18827,2756,1064,7368,CD,3,D1_pwm200_grab2
18832,-3064,-1404,11332,CD,3,D1_pwm200_grab2
18837,5240,-3036,9296,CD,3,D1_pwm200_grab2
18841,1228,708,9744,CD,3,D1_pwm200_grab2
18846,-8632,-2752,8512,CD,3,D1_pwm200_grab2
18851,3344,-728,6548,CD,3,D1_pwm200_grab2
18857,-1360,2712,15288,CD,3,D1_pwm200_grab2
18862,-8096,1748,10868,CD,3,D1_pwm200_grab2
18866,1204,-4900,4684,CD,3,D1_pwm200_grab2
18872,6848,-892,8016,CD,3,D1_pwm200_grab2
18876,472,2884,9588,CD,3,D1_pwm200_grab2
18881,2568,-1088,10064,CD,3,D1_pwm200_grab2
18887,-1928,424,9236,CD,3,D1_pwm200_grab2
18891,1524,2580,6752,CD,3,D1_pwm200_grab2
18903,-4504,2888,11664,CD,3,D1_pwm200_grab2
18907,-2664,-1332,11184,CD,3,D1_pwm200_grab2
18912,5716,-1668,13264,CD,3,D1_pwm200_grab2
18917,36,3180,9024,CD,3,D1_pwm200_grab2
18923,-3720,-2632,7244,CD,3,D1_pwm200_grab2
18928,2260,-684,10628,CD,3,D1_pwm200_grab2
18933,-5788,-1932,12220,CD,3,D1_pwm200_grab2
18938,816,-3484,9600,CD,3,D1_pwm200_grab2
18942,416,-1784,11660,CD,3,D1_pwm200_grab2
18947,-9264,-4824,9640,CD,3,D1_pwm200_grab2
18953,2688,-1476,11572,CD,3,D1_pwm200_grab2
18957,-1612,208,8824,CD,3,D1_pwm200_grab2
18973,5156,-1428,10140,CD,3,D1_pwm200_grab2
18978,-1840,1856,8772,CD,3,D1_pwm200_grab2
18982,1452,-184,10016,CD,3,D1_pwm200_grab2
18987,4308,-2320,8480,CD,3,D1_pwm200_grab2
18992,-3756,2884,13868,CD,3,D1_pwm200_grab2
18997,-4892,-340,5600,CD,3,D1_pwm200_grab2
19002,-80,-4172,10816,CD,3,D1_pwm200_grab2
19007,2564,2232,11616,CD,3,D1_pwm200_grab2
19017,4008,3344,11396,CD,3,D1_pwm200_grab2
19023,-816,864,11440,CD,3,D1_pwm200_grab2
19027,956,-1652,11048,CD,3,D1_pwm200_grab2
19038,-2328,2628,13960,CD,3,D1_pwm200_grab2
19042,-584,164,12424,CD,3,D1_pwm200_grab2
19048,6624,676,14528,CD,3,D1_pwm200_grab2
19053,676,3336,9856,CD,3,D1_pwm200_grab2
19057,-40,-1104,10716,CD,3,D1_pwm200_grab2
19062,2284,116,10184,CD,3,D1_pwm200_grab2
19072,-2256,2032,12380,CD,3,D1_pwm200_grab2
19077,220,-5248,5256,CD,3,D1_pwm200_grab2
19082,-9468,-4036,11220,CD,3,D1_pwm200_grab2
19088,1932,-2576,11164,CD,3,D1_pwm200_grab2
19092,3508,1400,10600,CD,3,D1_pwm200_grab2
19097,-9252,1188,9256,CD,3,D1_pwm200_grab2
19103,1156,-5952,5012,CD,3,D1_pwm200_grab2
19108,7592,-860,8344,CD,3,D1_pwm200_grab2
19113,-24,1948,9612,CD,3,D1_pwm200_grab2
19118,-10236,-4812,10760,CD,3,D1_pwm200_grab2
19123,4404,-1584,6484,CD,3,D1_pwm200_grab2
19127,-2964,2296,13220,CD,3,D1_pwm200_grab2
19137,572,-3664,8944,CD,3,D1_pwm200_grab2
19143,2524,1140,8560,CD,3,D1_pwm200_grab2
19148,1432,-1184,7420,CD,3,D1_pwm200_grab2
19152,3188,2696,10116,CD,3,D1_pwm200_grab2
19159,-3352,1172,9448,CD,3,D1_pwm200_grab2
19164,280,-1888,8044,CD,3,D1_pwm200_grab2
19168,9004,5332,5836,CD,3,D1_pwm200_grab2
19174,-4284,1792,10996,CD,3,D1_pwm200_grab2
19178,-2384,-6528,3800,CD,3,D1_pwm200_grab2
19183,-7752,-4584,9392,CD,3,D1_pwm200_grab2
19188,-596,-2432,8804,CD,3,D1_pwm200_grab2
19194,-1968,-348,8976,CD,3,D1_pwm200_grab2
19198,-6120,1352,8216,CD,3,D1_pwm200_grab2
19208,-248,-2792,8376,CD,3,D1_pwm200_grab2
19214,1688,-2572,13528,CD,3,D1_pwm200_grab2
19224,4564,-2416,9200,CD,3,D1_pwm200_grab2
19228,-7704,272,10072,CD,3,D1_pwm200_grab2
19234,-4520,-992,7632,CD,3,D1_pwm200_grab2
19238,-2484,-5960,7444,CD,3,D1_pwm200_grab2
19243,4544,-1244,9188,CD,3,D1_pwm200_grab2
19248,-1556,2092,11888,CD,3,D1_pwm200_grab2
19254,-192,-48,10456,CD,3,D1_pwm200_grab2
19258,-1156,264,9608,CD,3,D1_pwm200_grab2
19263,2676,3156,9840,CD,3,D1_pwm200_grab2
19269,8888,-704,12232,CD,3,D1_pwm200_grab2
19274,-1572,3272,13924,CD,3,D1_pwm200_grab2
19279,-4780,632,12424,CD,3,D1_pwm200_grab2
19283,5972,196,12660,CD,3,D1_pwm200_grab2
19289,5220,2504,13304,CD,3,D1_pwm200_grab2
19294,-2724,1056,10544,CD,3,D1_pwm200_grab2
19298,812,-980,11828,CD,3,D1_pwm200_grab2
19309,-1792,3412,14232,CD,3,D1_pwm200_grab2
19314,80,-4812,4368,CD,3,D1_pwm200_grab2
19318,-404,264,8732,CD,3,D1_pwm200_grab2
19324,1272,-2332,9996,CD,3,D1_pwm200_grab2
19329,-1748,-1688,9120,CD,3,D1_pwm200_grab2
19333,1824,-1572,12476,CD,3,D1_pwm200_grab2
19338,672,2064,16152,CD,3,D1_pwm200_grab2
19343,1104,-2536,8900,CD,3,D1_pwm200_grab2
19348,4140,-2484,11104,CD,3,D1_pwm200_grab2
19358,5064,-2816,9144,CD,3,D1_pwm200_grab2
19363,-3784,1872,11684,CD,3,D1_pwm200_grab2
19369,-1728,-48,13696,CD,3,D1_pwm200_grab2
19373,-760,-2760,6960,CD,3,D1_pwm200_grab2
19378,5344,-2420,7356,CD,3,D1_pwm200_grab2
19383,2128,2712,11144,CD,3,D1_pwm200_grab2
19388,-2900,-1208,8604,CD,3,D1_pwm200_grab2
19393,880,608,7808,CD,3,D1_pwm200_grab2
19398,4452,2808,13384,CD,3,D1_pwm200_grab2
19403,6072,-952,13124,CD,3,D1_pwm200_grab2
19408,-376,628,11916,CD,3,D1_pwm200_grab2
19415,-5816,-868,10328,CD,3,D1_pwm200_grab2
19420,972,-12,4088,CD,3,D1_pwm200_grab2
19424,952,5212,9012,CD,3,D1_pwm200_grab2
19429,-2440,-1748,5780,CD,3,D1_pwm200_grab2
19435,-1640,-3312,10148,CD,3,D1_pwm200_grab2
19439,124,932,15200,CD,3,D1_pwm200_grab2
19445,-1016,-2108,9088,CD,3,D1_pwm200_grab2
19450,584,-4300,10180,CD,3,D1_pwm200_grab2
19459,-1504,-140,9096,CD,3,D1_pwm200_grab2
19465,-676,-1980,6528,CD,3,D1_pwm200_grab2
19469,3556,52,4224,CD,3,D1_pwm200_grab2
19474,-3684,-4304,10464,CD,3,D1_pwm200_grab2
19479,3208,-3256,7432,CD,3,D1_pwm200_grab2
19485,-224,2444,11712,CD,3,D1_pwm200_grab2
19489,-5900,-1540,9528,CD,3,D1_pwm200_grab2
19494,1524,-1380,7384,CD,3,D1_pwm200_grab2
19499,-660,1688,10104,CD,3,D1_pwm200_grab2
19514,3172,-480,10116,CD,3,D1_pwm200_grab2
19519,992,2532,9912,CD,3,D1_pwm200_grab2
19524,-64,1416,11752,CD,3,D1_pwm200_grab2
19530,-2124,1472,12076,CD,3,D1_pwm200_grab2
19534,-712,-356,7676,CD,3,D1_pwm200_grab2
19544,912,-3708,11960,CD,3,D1_pwm200_grab2
19549,-1268,2508,12092,CD,3,D1_pwm200_grab2
19559,652,4600,11004,CD,3,D1_pwm200_grab2
19564,-2152,-200,10948,CD,3,D1_pwm200_grab2
19569,836,-3232,11020,CD,3,D1_pwm200_grab2
19575,6656,4464,11736,CD,3,D1_pwm200_grab2
19579,-1636,932,12480,CD,3,D1_pwm200_grab2
19585,792,-336,12740,CD,3,D1_pwm200_grab2
19590,6940,-996,15176,CD,3,D1_pwm200_grab2
19594,1692,3560,11436,CD,3,D1_pwm200_grab2
19599,4,-2408,8772,CD,3,D1_pwm200_grab2
19605,2316,-1268,10952,CD,3,D1_pwm200_grab2
19609,204,-1060,14220,CD,3,D1_pwm200_grab2
19614,3004,-2792,9020,CD,3,D1_pwm200_grab2
19620,4272,-216,13400,CD,3,D1_pwm200_grab2
19629,3188,-1732,10048,CD,3,D1_pwm200_grab2
19634,3576,648,9888,CD,3,D1_pwm200_grab2
19644,2136,-3336,5912,CD,3,D1_pwm200_grab2
19649,4268,-1496,8008,CD,3,D1_pwm200_grab2
19654,1128,1968,11864,CD,3,D1_pwm200_grab2
19659,-828,-1384,8440,CD,3,D1_pwm200_grab2
19665,-436,324,8052,CD,3,D1_pwm200_grab2
19671,2932,3884,9396,CD,3,D1_pwm200_grab2
19676,9736,1164,11164,CD,3,D1_pwm200_grab2
19680,-2484,1304,11624,CD,3,D1_pwm200_grab2
19685,-4232,-828,9636,CD,3,D1_pwm200_grab2
19690,1820,-2116,5564,CD,3,D1_pwm200_grab2
19695,1108,5404,8684,CD,3,D1_pwm200_grab2
19701,-2728,-1804,5984,CD,3,D1_pwm200_grab2
19705,-316,-2720,9076,CD,3,D1_pwm200_grab2
19710,-1196,232,15904,CD,3,D1_pwm200_grab2
19715,-4096,2196,12252,CD,3,D1_pwm200_grab2
19720,-2548,-6200,4404,CD,3,D1_pwm200_grab2
19726,-44,-324,5888,CD,3,D1_pwm200_grab2
19730,-880,-544,10536,CD,3,D1_pwm200_grab2
19735,-508,-1600,7208,CD,3,D1_pwm200_grab2
19740,2816,400,6620,CD,3,D1_pwm200_grab2
19746,-4304,-4024,9976,CD,3,D1_pwm200_grab2
19751,3776,-2476,8372,CD,3,D1_pwm200_grab2
19755,-796,-4520,10104,CD,3,D1_pwm200_grab2
19765,4312,-3268,12448,CD,3,D1_pwm200_grab2
19771,-244,1536,11220,CD,3,D1_pwm200_grab2
19780,636,-6472,5768,CD,3,D1_pwm200_grab2
19786,3256,780,11244,CD,3,D1_pwm200_grab2
19791,1628,2672,10996,CD,3,D1_pwm200_grab2
19796,628,1184,12300,CD,3,D1_pwm200_grab2
19800,1928,232,9236,CD,3,D1_pwm200_grab2
19806,-588,2748,15720,CD,3,D1_pwm200_grab2
19811,1748,-3452,13212,CD,3,D1_pwm200_grab2
19816,1184,-3056,11736,CD,3,D1_pwm200_grab2
19820,-628,2324,10960,CD,3,D1_pwm200_grab2
19830,392,3820,10884,CD,3,D1_pwm200_grab2
19835,-2112,140,11120,CD,3,D1_pwm200_grab2
19840,1952,768,9412,CD,3,D1_pwm200_grab2
19850,-568,3456,13080,CD,3,D1_pwm200_grab2
19855,-28,-780,11680,CD,3,D1_pwm200_grab2
19865,1800,3272,10192,CD,3,D1_pwm200_grab2
19870,-184,-2024,7984,CD,3,D1_pwm200_grab2
19875,2384,-1052,11144,CD,3,D1_pwm200_grab2
19880,-420,-584,13364,CD,3,D1_pwm200_grab2
19885,-56,1848,12192,CD,3,D1_pwm200_grab2
19891,-832,-5484,6256,CD,3,D1_pwm200_grab2
19895,-6256,-4188,10308,CD,3,D1_pwm200_grab2
19901,2124,-2016,9728,CD,3,D1_pwm200_grab2
19906,3688,772,8824,CD,3,D1_pwm200_grab2
19915,1084,-4044,5056,CD,3,D1_pwm200_grab2
19920,3564,-1400,9184,CD,3,D1_pwm200_grab2
19927,440,1860,10080,CD,3,D1_pwm200_grab2
19932,-1144,-788,8772,CD,3,D1_pwm200_grab2
19936,60,508,8492,CD,3,D1_pwm200_grab2
19942,1708,3244,7096,CD,3,D1_pwm200_grab2
19951,-2844,1604,12428,CD,3,D1_pwm200_grab2
19957,-4720,-1024,10072,CD,3,D1_pwm200_grab2
19962,3572,-792,9156,CD,3,D1_pwm200_grab2
19968,804,4760,8580,CD,3,D1_pwm200_grab2
19971,-5144,272,10880,CD,3,D1_pwm200_grab2
19976,-108,-424,9416,CD,3,D1_pwm200_grab2
19981,7608,3604,5932,CD,3,D1_pwm200_grab2
19987,-4240,1988,12924,CD,3,D1_pwm200_grab2
19991,-3376,-6392,4812,CD,3,D1_pwm200_grab2
19996,-1804,132,6208,CD,3,D1_pwm200_grab2
20001,152,-2484,12140,CD,3,D1_pwm200_grab2
20007,668,-1172,9000,CD,3,D1_pwm200_grab2
20012,208,-2720,11640,CD,3,D1_pwm200_grab2
20017,-1280,-1312,14916,CD,3,D1_pwm200_grab2
20021,-1344,-1896,11364,CD,3,D1_pwm200_grab2
20026,612,-3216,10848,CD,3,D1_pwm200_grab2
20036,4212,-3964,11944,CD,3,D1_pwm200_grab2
20041,-3316,1364,11380,CD,3,D1_pwm200_grab2
20051,2216,-4484,8892,CD,3,D1_pwm200_grab2
20057,6220,-2256,8772,CD,3,D1_pwm200_grab2
20061,-1160,1796,9780,CD,3,D1_pwm200_grab2
20067,-3384,-1392,9776,CD,3,D1_pwm200_grab2
20071,240,60,10380,CD,3,D1_pwm200_grab2
20077,1764,2756,14792,CD,3,D1_pwm200_grab2
20082,964,-4244,13084,CD,3,D1_pwm200_grab2
20086,1692,644,13376,CD,3,D1_pwm200_grab2
20091,-1852,1988,12456,CD,3,D1_pwm200_grab2
20097,1000,3036,9656,CD,3,D1_pwm200_grab2
20102,2360,932,11612,CD,3,D1_pwm200_grab2
20106,-476,1592,12236,CD,3,D1_pwm200_grab2
20111,1328,404,9956,CD,3,D1_pwm200_grab2
20121,-1464,3620,13648,CD,3,D1_pwm200_grab2
20126,2252,-2672,6732,CD,3,D1_pwm200_grab2
20131,6436,-1128,14028,CD,3,D1_pwm200_grab2
20137,288,2620,8120,CD,3,D1_pwm200_grab2
20142,744,-564,10268,CD,3,D1_pwm200_grab2
20147,484,-1872,8488,CD,3,D1_pwm200_grab2
20151,5620,5148,11516,CD,3,D1_pwm200_grab2
20157,740,-376,9440,CD,3,D1_pwm200_grab2
20162,448,-4144,7316,CD,3,D1_pwm200_grab2
20171,4676,-1432,10604,CD,3,D1_pwm200_grab2
20176,2040,2032,9148,CD,3,D1_pwm200_grab2
20192,4544,-800,8932,CD,3,D1_pwm200_grab2
20198,404,1692,7196,CD,3,D1_pwm200_grab2
20202,828,-688,10336,CD,3,D1_pwm200_grab2
20207,-3060,904,9432,CD,3,D1_pwm200_grab2
20212,2052,1764,8396,CD,3,D1_pwm200_grab2
20224,-3124,1984,12448,CD,3,D1_pwm200_grab2
20227,-1416,912,11344,CD,3,D1_pwm200_grab2
20237,-584,3492,9620,CD,3,D1_pwm200_grab2
20242,-4340,-1168,7900,CD,3,D1_pwm200_grab2
20248,996,-1188,9548,CD,3,D1_pwm200_grab2
20252,6372,3616,5780,CD,3,D1_pwm200_grab2
20257,-2984,492,13056,CD,3,D1_pwm200_grab2
20262,-1444,-6280,5472,CD,3,D1_pwm200_grab2
20267,5972,-408,14864,CD,3,D1_pwm200_grab2
20273,384,3252,9780,CD,3,D1_pwm200_grab2
20278,-2688,-2016,9216,CD,3,D1_pwm200_grab2
20283,968,-1464,10468,CD,3,D1_pwm200_grab2
20288,-2244,-3068,14324,CD,3,D1_pwm200_grab2
20293,2288,-3092,11208,CD,3,D1_pwm200_grab2
20297,716,-532,12368,CD,3,D1_pwm200_grab2
20307,3124,-1092,10196,CD,3,D1_pwm200_grab2
20312,740,1012,10488,CD,3,D1_pwm200_grab2
20323,-1928,-5448,6296,CD,3,D1_pwm200_grab2
20328,6716,20,9800,CD,3,D1_pwm200_grab2
20332,-736,2712,11308,CD,3,D1_pwm200_grab2
20337,704,-156,9500,CD,3,D1_pwm200_grab2
20342,-224,664,11752,CD,3,D1_pwm200_grab2
20347,3060,1892,10900,CD,3,D1_pwm200_grab2
20353,-2776,-1732,10532,CD,3,D1_pwm200_grab2
20358,900,-2176,10964,CD,3,D1_pwm200_grab2
20362,4220,3140,11480,CD,3,D1_pwm200_grab2
20368,1148,-220,7044,CD,3,D1_pwm200_grab2
20372,4128,2716,11628,CD,3,D1_pwm200_grab2
20377,-288,604,11008,CD,3,D1_pwm200_grab2
20383,524,-512,11348,CD,3,D1_pwm200_grab2
20392,-568,2364,12304,CD,3,D1_pwm200_grab2
20397,-3416,-604,10716,CD,3,D1_pwm200_grab2
20403,3596,940,5988,CD,3,D1_pwm200_grab2
20407,2212,4788,8788,CD,3,D1_pwm200_grab2
20413,172,-1260,8832,CD,3,D1_pwm200_grab2
20417,1600,-688,9708,CD,3,D1_pwm200_grab2
20423,2096,812,14348,CD,3,D1_pwm200_grab2
20428,2556,-1844,8988,CD,3,D1_pwm200_grab2
20432,1556,-3432,10472,CD,3,D1_pwm200_grab2
20443,4068,-3008,8640,CD,3,D1_pwm200_grab2
20449,-3828,916,8584,CD,3,D1_pwm200_grab2
20453,-4696,-1992,16224,CD,3,D1_pwm200_grab2
20458,-248,-5648,6124,CD,3,D1_pwm200_grab2
20463,2868,340,10096,CD,3,D1_pwm200_grab2
20468,-1472,1464,6712,CD,3,D1_pwm200_grab2
20473,708,1044,10284,CD,3,D1_pwm200_grab2
20480,-4396,-108,11104,CD,3,D1_pwm200_grab2
20483,-596,2164,12616,CD,3,D1_pwm200_grab2
20489,2504,-4020,13416,CD,3,D1_pwm200_grab2
20494,-1060,-1860,10160,CD,3,D1_pwm200_grab2
20498,-2756,-432,12076,CD,3,D1_pwm200_grab2
20508,-52,5040,10016,CD,3,D1_pwm200_grab2
20514,-4968,-1608,8112,CD,3,D1_pwm200_grab2
20518,-664,-3228,9304,CD,3,D1_pwm200_grab2
20524,12556,2356,5932,CD,3,D1_pwm200_grab2
20529,-5468,2784,13888,CD,3,D1_pwm200_grab2
20533,1368,-2028,12484,CD,3,D1_pwm200_grab2
20538,6876,-872,14124,CD,3,D1_pwm200_grab2
20544,352,3176,9752,CD,3,D1_pwm200_grab2
20548,-444,-1440,10312,CD,3,D1_pwm200_grab2
20553,580,-784,9640,CD,3,D1_pwm200_grab2
20558,-1068,-2256,14276,CD,3,D1_pwm200_grab2
20563,3780,-3560,9900,CD,3,D1_pwm200_grab2
20569,1000,-3492,9268,CD,3,D1_pwm200_grab2
20574,-8708,-3772,12448,CD,3,D1_pwm200_grab2
20578,3736,-1304,12160,CD,3,D1_pwm200_grab2
20583,2972,1160,11844,CD,3,D1_pwm200_grab2
20593,-344,-5236,7164,CD,3,D1_pwm200_grab2
20598,6596,452,9724,CD,3,D1_pwm200_grab2
20603,-348,2636,11208,CD,3,D1_pwm200_grab2
20608,-11352,-3220,14712,CD,3,D1_pwm200_grab2
20613,3476,-1580,10380,CD,3,D1_pwm200_grab2
20618,-4232,1232,11364,CD,3,D1_pwm200_grab2
20623,-2560,-856,9284,CD,3,D1_pwm200_grab2
20629,732,-2556,9540,CD,3,D1_pwm200_grab2
20633,3928,3664,11152,CD,3,D1_pwm200_grab2
20638,-4372,3056,5800,CD,3,D1_pwm200_grab2
20644,4208,3076,11120,CD,3,D1_pwm200_grab2
20649,-1544,348,9416,CD,3,D1_pwm200_grab2
20654,4052,3136,11920,CD,3,D1_pwm200_grab2
20659,6420,-1628,14332,CD,3,D1_pwm200_grab2
20663,-588,2372,14012,CD,3,D1_pwm200_grab2
20668,-2844,1020,11032,CD,3,D1_pwm200_grab2
20674,2384,1588,5804,CD,3,D1_pwm200_grab2
20679,1360,5268,10704,CD,3,D1_pwm200_grab2
20684,-728,-1304,7736,CD,3,D1_pwm200_grab2
20688,-436,-1984,9036,CD,3,D1_pwm200_grab2
20694,1976,1700,13904,CD,3,D1_pwm200_grab2
20699,1196,-4,10072,CD,3,D1_pwm200_grab2
20704,1088,-3740,10672,CD,3,D1_pwm200_grab2
20715,3504,-2972,8608,CD,3,D1_pwm200_grab2
20719,-4244,508,8472,CD,3,D1_pwm200_grab2
20725,-7084,-1456,14160,CD,3,D1_pwm200_grab2
20730,-1504,-7600,4516,CD,3,D1_pwm200_grab2
20734,2796,-80,10404,CD,3,D1_pwm200_grab2
20739,376,-1292,11116,CD,3,D1_pwm200_grab2
20744,-7888,-2020,8584,CD,3,D1_pwm200_grab2
20750,1408,-680,7096,CD,3,D1_pwm200_grab2
20755,-2024,1808,13528,CD,3,D1_pwm200_grab2
20759,-2696,-848,5492,CD,3,D1_pwm200_grab2
20764,-2748,-3788,8732,CD,3,D1_pwm200_grab2
20769,-640,1340,10424,CD,3,D1_pwm200_grab2
20779,280,-460,9744,CD,3,D1_pwm200_grab2
20784,-2644,1284,9944,CD,3,D1_pwm200_grab2
20790,864,1112,7716,CD,3,D1_pwm200_grab2
20799,-4812,2120,11288,CD,3,D1_pwm200_grab2
20805,-1584,-1572,13380,CD,3,D1_pwm200_grab2
20810,3340,-1324,10140,CD,3,D1_pwm200_grab2
20814,1080,4072,10388,CD,3,D1_pwm200_grab2
20819,-4068,-2556,8088,CD,3,D1_pwm200_grab2
20825,520,-1216,12176,CD,3,D1_pwm200_grab2
20830,7504,4292,7300,CD,3,D1_pwm200_grab2
20834,-2500,1788,13012,CD,3,D1_pwm200_grab2
20839,-1620,-4508,4392,CD,3,D1_pwm200_grab2
20845,-3404,-1072,10004,CD,3,D1_pwm200_grab2
20849,28,-1576,10668,CD,3,D1_pwm200_grab2
20855,3368,308,12076,CD,3,D1_pwm200_grab2
20859,2504,-216,7580,CD,3,D1_pwm200_grab2
20865,992,128,15500,CD,3,D1_pwm200_grab2
20869,1004,-1272,11104,CD,3,D1_pwm200_grab2
20875,2944,-1556,11784,CD,3,D1_pwm200_grab2
20884,3892,-2692,10140,CD,3,D1_pwm200_grab2
20890,-264,1380,11616,CD,3,D1_pwm200_grab2
20900,2116,-4900,8400,CD,3,D1_pwm200_grab2
20904,5392,3088,11140,CD,3,D1_pwm200_grab2
20910,1900,1536,11908,CD,3,D1_pwm200_grab2
20915,-4164,-2292,10632,CD,3,D1_pwm200_grab2
20919,2628,104,9316,CD,3,D1_pwm200_grab2
20924,2348,2388,14928,CD,3,D1_pwm200_grab2
20929,1720,-2276,9236,CD,3,D1_pwm200_grab2
20934,-304,-1008,12936,CD,3,D1_pwm200_grab2
20939,912,2080,10424,CD,3,D1_pwm200_grab2
20951,752,3588,9800,CD,3,D1_pwm200_grab2
20955,-2016,-604,7128,CD,3,D1_pwm200_grab2
20960,3224,-312,9748,CD,3,D1_pwm200_grab2
20966,5908,3708,11168,CD,3,D1_pwm200_grab2
20970,-156,1188,10628,CD,3,D1_pwm200_grab2
20976,-524,-4752,8572,CD,3,D1_pwm200_grab2
20980,-7060,-4848,9552,CD,3,D1_pwm200_grab2
20985,2300,-2016,9944,CD,3,D1_pwm200_grab2
20990,2804,1248,9744,CD,3,D1_pwm200_grab2
20995,640,-676,7696,CD,3,D1_pwm200_grab2
21000,-396,-868,14972,CD,3,D1_pwm200_grab2
21005,2124,-4156,7020,CD,3,D1_pwm200_grab2
21011,1272,-2832,11908,CD,3,D1_pwm200_grab2
21021,2604,-3008,8372,CD,3,D1_pwm200_grab2
21026,-6028,1448,11260,CD,3,D1_pwm200_grab2
21031,-3440,-2424,10676,CD,3,D1_pwm200_grab2
21035,-1372,-5824,6928,CD,3,D1_pwm200_grab2
21040,3836,-2204,7524,CD,3,D1_pwm200_grab2
21045,-1412,2484,10996,CD,3,D1_pwm200_grab2
21051,-3316,-520,9532,CD,3,D1_pwm200_grab2
21055,-1472,316,8976,CD,3,D1_pwm200_grab2
21061,888,1080,12040,CD,3,D1_pwm200_grab2
21065,7900,348,12568,CD,3,D1_pwm200_grab2
21070,-2560,308,12468,CD,3,D1_pwm200_grab2
21075,-4524,-416,12220,CD,3,D1_pwm200_grab2
21080,-3196,2448,7140,CD,3,D1_pwm200_grab2
21085,4480,3436,12584,CD,3,D1_pwm200_grab2
21090,-2812,248,11884,CD,3,D1_pwm200_grab2
21096,664,-440,12456,CD,3,D1_pwm200_grab2
21105,-2628,3168,12912,CD,3,D1_pwm200_grab2
21111,1820,-2284,7224,CD,3,D1_pwm200_grab2
21116,3224,1180,8152,CD,3,D1_pwm200_grab2
21121,2132,5612,12844,CD,3,D1_pwm200_grab2
21125,-1564,-1052,9752,CD,3,D1_pwm200_grab2
21131,-764,-2404,10620,CD,3,D1_pwm200_grab2
21136,3208,2256,13760,CD,3,D1_pwm200_grab2
21140,-592,-492,11084,CD,3,D1_pwm200_grab2
21145,3208,-3288,10676,CD,3,D1_pwm200_grab2
21156,4252,-1988,9876,CD,3,D1_pwm200_grab2
21161,3016,1676,12636,CD,3,D1_pwm200_grab2
21165,2468,844,9476,CD,3,D1_pwm200_grab2
21170,448,-2228,10456,CD,3,D1_pwm200_grab2
21175,3744,-3060,7208,CD,3,D1_pwm200_grab2
21181,2280,280,11784,CD,3,D1_pwm200_grab2
21185,-7296,-1996,9992,CD,3,D1_pwm200_grab2
21191,3840,-480,8676,CD,3,D1_pwm200_grab2
21195,532,2348,15504,CD,3,D1_pwm200_grab2
21200,-288,-1512,5428,CD,3,D1_pwm200_grab2
21207,-428,-2856,12424,CD,3,D1_pwm200_grab2
21212,1556,1992,9124,CD,3,D1_pwm200_grab2
21221,776,3172,9272,CD,3,D1_pwm200_grab2
21227,-2336,-732,6388,CD,3,D1_pwm200_grab2
21231,3312,24,8528,CD,3,D1_pwm200_grab2
21236,6628,3820,11524,CD,3,D1_pwm200_grab2
21242,-904,1452,10880,CD,3,D1_pwm200_grab2
21246,-1128,-5316,7960,CD,3,D1_pwm200_grab2
21251,3960,-276,12208,CD,3,D1_pwm200_grab2
21256,20,1684,8300,CD,3,D1_pwm200_grab2
21261,-732,-1744,6148,CD,3,D1_pwm200_grab2
21266,3132,16,9752,CD,3,D1_pwm200_grab2
21272,-1728,-1204,14552,CD,3,D1_pwm200_grab2
21276,1192,-3700,8220,CD,3,D1_pwm200_grab2
21281,716,-2504,12424,CD,3,D1_pwm200_grab2
21291,1936,-3036,11056,CD,3,D1_pwm200_grab2
21297,892,560,8644,CD,3,D1_pwm200_grab2
21306,-2148,-4968,7052,CD,3,D1_pwm200_grab2
21311,2836,-1304,8964,CD,3,D1_pwm200_grab2
21316,-2144,1040,10592,CD,3,D1_pwm200_grab2
21321,-2576,432,9700,CD,3,D1_pwm200_grab2
21326,-1968,40,7940,CD,3,D1_pwm200_grab2
21331,584,1464,10428,CD,3,D1_pwm200_grab2
21337,-5200,-3784,12096,CD,3,D1_pwm200_grab2
21341,276,-4008,9764,CD,3,D1_pwm200_grab2
21346,1172,2264,11396,CD,3,D1_pwm200_grab2
21351,-4276,1492,5664,CD,3,D1_pwm200_grab2
21357,3688,3816,11772,CD,3,D1_pwm200_grab2
21362,-3284,-36,11252,CD,3,D1_pwm200_grab2
21366,-1140,-1428,11624,CD,3,D1_pwm200_grab2
21377,-1240,1932,13244,CD,3,D1_pwm200_grab2
21382,-4084,-100,12516,CD,3,D1_pwm200_grab2
21386,2332,2244,8440,CD,3,D1_pwm200_grab2
21391,3160,5356,11680,CD,3,D1_pwm200_grab2
21396,-1076,-776,10156,CD,3,D1_pwm200_grab2
21401,1808,-800,13080,CD,3,D1_pwm200_grab2
21407,3012,976,15112,CD,3,D1_pwm200_grab2
21412,1600,-1552,9620,CD,3,D1_pwm200_grab2
21417,2636,-3448,12608,CD,3,D1_pwm200_grab2
21422,424,512,6416,CD,3,D1_pwm200_grab2
21427,448,968,10172,CD,3,D1_pwm200_grab2
21431,2044,96,10184,CD,3,D1_pwm200_grab2
21437,4904,252,10116,CD,3,D1_pwm200_grab2
21441,-652,-3064,6688,CD,3,D1_pwm200_grab2
21447,5068,-2680,7940,CD,3,D1_pwm200_grab2
21451,2052,1808,12088,CD,3,D1_pwm200_grab2
21457,-3896,-2384,11380,CD,3,D1_pwm200_grab2
21463,592,48,7504,CD,3,D1_pwm200_grab2
21468,1840,2076,14376,CD,3,D1_pwm200_grab2
21473,5368,-1152,11740,CD,3,D1_pwm200_grab2
21477,-168,484,13420,CD,3,D1_pwm200_grab2
21482,-2848,-196,9164,CD,3,D1_pwm200_grab2
21487,5600,3504,15612,CD,3,D1_pwm200_grab2
21492,3708,4512,9608,CD,3,D1_pwm200_grab2
21498,-308,-64,7352,CD,3,D1_pwm200_grab2
21502,-204,-1660,8060,CD,3,D1_pwm200_grab2
21512,-3604,2560,13808,CD,3,D1_pwm200_grab2
21517,3548,-3144,6392,CD,3,D1_pwm200_grab2
21522,1028,-816,5324,CD,3,D1_pwm200_grab2
21528,-712,1880,7224,CD,3,D1_pwm200_grab2
21532,-476,-1104,7716,CD,3,D1_pwm200_grab2
21538,2040,-496,5236,CD,3,D1_pwm200_grab2
21542,-3780,-5720,8888,CD,3,D1_pwm200_grab2
21547,-1612,-800,11532,CD,3,D1_pwm200_grab2
21553,-444,-4868,10720,CD,3,D1_pwm200_grab2
21562,3064,-3248,10612,CD,3,D1_pwm200_grab2
21567,-528,1676,9004,CD,3,D1_pwm200_grab2
21573,-6208,-2892,16324,CD,3,D1_pwm200_grab2
21578,-320,-7724,5204,CD,3,D1_pwm200_grab2
21582,2044,1664,12160,CD,3,D1_pwm200_grab2
21587,24,2628,7560,CD,3,D1_pwm200_grab2
21593,-4880,-736,10336,CD,3,D1_pwm200_grab2
21597,316,-784,8264,CD,3,D1_pwm200_grab2
21602,884,1868,13904,CD,3,D1_pwm200_grab2
21607,-436,-3920,11356,CD,3,D1_pwm200_grab2
21613,64,128,13260,CD,3,D1_pwm200_grab2
21617,-2780,1188,12164,CD,3,D1_pwm200_grab2
21622,4880,3936,15832,CD,3,D1_pwm200_grab2
21627,1112,5140,12724,CD,3,D1_pwm200_grab2
21632,-856,588,13920,CD,3,D1_pwm200_grab2
21638,880,292,8876,CD,3,D1_pwm200_grab2
21647,-2108,3060,14328,CD,3,D1_pwm200_grab2
21653,1828,-2584,6728,CD,3,D1_pwm200_grab2
21658,6140,-776,13552,CD,3,D1_pwm200_grab2
21662,304,2468,9012,CD,3,D1_pwm200_grab2
21668,-4,-688,10788,CD,3,D1_pwm200_grab2
21672,4028,-276,8580,CD,3,D1_pwm200_grab2
21677,6804,5172,13688,CD,3,D1_pwm200_grab2
21682,1736,452,10196,CD,3,D1_pwm200_grab2
21687,616,-3708,9504,CD,3,D1_pwm200_grab2
21697,4952,-1020,10828,CD,3,D1_pwm200_grab2
21703,980,2152,9840,CD,3,D1_pwm200_grab2
21712,1952,-5512,4040,CD,3,D1_pwm200_grab2
21718,4560,-388,9132,CD,3,D1_pwm200_grab2
21723,1412,2648,6888,CD,3,D1_pwm200_grab2
21729,1236,-720,11100,CD,3,D1_pwm200_grab2
21733,-3060,484,10424,CD,3,D1_pwm200_grab2
21738,2012,1580,7668,CD,3,D1_pwm200_grab2
21744,13180,4276,3776,CD,3,D1_pwm200_grab2
21748,-3396,2724,12976,CD,3,D1_pwm200_grab2
21754,3436,-1984,9316,CD,3,D1_pwm200_grab2
21758,4948,-64,12340,CD,3,D1_pwm200_grab2
21763,-656,3104,9500,CD,3,D1_pwm200_grab2
21769,-2724,-188,7920,CD,3,D1_pwm200_grab2
21773,1024,-1476,9224,CD,3,D1_pwm200_grab2
21778,7924,4632,7568,CD,3,D1_pwm200_grab2
21784,-2744,40,12800,CD,3,D1_pwm200_grab2
21789,-1064,-5324,5288,CD,3,D1_pwm200_grab2
21794,-11676,-2900,11724,CD,3,D1_pwm200_grab2
21798,2040,-2408,10508,CD,3,D1_pwm200_grab2
21803,-3256,-1912,8392,CD,3,D1_pwm200_grab2
21809,1944,292,8808,CD,3,D1_pwm200_grab2
21813,-3608,-3580,12312,CD,3,D1_pwm200_grab2
21818,1400,-3076,10384,CD,3,D1_pwm200_grab2
21824,-256,-504,10884,CD,3,D1_pwm200_grab2
21828,-11232,-2864,12432,CD,3,D1_pwm200_grab2
21833,2520,-828,8980,CD,3,D1_pwm200_grab2
21838,-3196,1496,13512,CD,3,D1_pwm200_grab2
21843,-5000,-2204,5644,CD,3,D1_pwm200_grab2
21849,-3212,-7364,4652,CD,3,D1_pwm200_grab2
21854,5720,-460,10580,CD,3,D1_pwm200_grab2
21859,-2044,2256,7184,CD,3,D1_pwm200_grab2
21863,-2372,-108,8776,CD,3,D1_pwm200_grab2
21868,-2432,580,11660,CD,3,D1_pwm200_grab2
21874,1908,1552,8552,CD,3,D1_pwm200_grab2
21879,9524,1356,10700,CD,3,D1_pwm200_grab2
21884,-1360,2816,13604,CD,3,D1_pwm200_grab2
21889,3036,1812,11344,CD,3,D1_pwm200_grab2
21893,-6280,1228,4256,CD,3,D1_pwm200_grab2
21899,3184,2784,11284,CD,3,D1_pwm200_grab2
21903,-2852,120,11892,CD,3,D1_pwm200_grab2
21908,704,-676,10628,CD,3,D1_pwm200_grab2
21913,10844,4332,7368,CD,3,D1_pwm200_grab2
21918,-532,1908,12564,CD,3,D1_pwm200_grab2
21929,-3896,-1712,9032,CD,3,D1_pwm200_grab2
21933,2556,5480,10408,CD,3,D1_pwm200_grab2
21938,1788,-856,10084,CD,3,D1_pwm200_grab2
21944,312,-1584,10900,CD,3,D1_pwm200_grab2
21948,328,980,14940,CD,3,D1_pwm200_grab2
21953,3192,-440,10240,CD,3,D1_pwm200_grab2
21958,3448,-2068,13624,CD,3,D1_pwm200_grab2
21968,5584,-2256,8864,CD,3,D1_pwm200_grab2
21975,-3384,448,11884,CD,3,D1_pwm200_grab2
21980,-3960,-1660,9440,CD,3,D1_pwm200_grab2
21985,2904,-3644,8536,CD,3,D1_pwm200_grab2
21989,1636,1164,9232,CD,3,D1_pwm200_grab2
21995,-4120,2148,5824,CD,3,D1_pwm200_grab2
22000,4032,2316,10220,CD,3,D1_pwm200_grab2
22004,-1960,-148,10720,CD,3,D1_pwm200_grab2
22010,604,-360,9592,CD,3,D1_pwm200_grab2
22014,11820,6300,4964,CD,3,D1_pwm200_grab2
22019,-992,1892,10424,CD,3,D1_pwm200_grab2
22024,-4516,-216,10576,CD,3,D1_pwm200_grab2
22029,4272,-2596,5844,CD,3,D1_pwm200_grab2
22035,2856,4856,9036,CD,3,D1_pwm200_grab2
22040,-1932,-1404,6980,CD,3,D1_pwm200_grab2
22045,340,-1368,9732,CD,3,D1_pwm200_grab2
22049,-2732,-1368,11352,CD,3,D1_pwm200_grab2
22055,-92,-1516,10216,CD,3,D1_pwm200_grab2
22064,-628,-308,5272,CD,3,D1_pwm200_grab2
22069,-608,-2316,10544,CD,3,D1_pwm200_grab2
22075,-1104,-772,8580,CD,3,D1_pwm200_grab2
22079,-6568,-1084,9148,CD,3,D1_pwm200_grab2
22085,-4912,-5876,4076,CD,3,D1_pwm200_grab2
22089,3900,-1348,9788,CD,3,D1_pwm200_grab2
22095,-2096,1316,9328,CD,3,D1_pwm200_grab2
22099,-2056,48,9456,CD,3,D1_pwm200_grab2
22104,4096,-2348,8344,CD,3,D1_pwm200_grab2
22109,-4552,428,13800,CD,3,D1_pwm200_grab2
22115,-4340,-2688,11556,CD,3,D1_pwm200_grab2
22120,-1316,-4680,10180,CD,3,D1_pwm200_grab2
22124,2184,1304,11244,CD,3,D1_pwm200_grab2
22129,-1376,-252,7132,CD,3,D1_pwm200_grab2
22135,4036,3120,10784,CD,3,D1_pwm200_grab2
22140,-1156,140,11732,CD,3,D1_pwm200_grab2
22144,1116,1200,12468,CD,3,D1_pwm200_grab2
22154,-2540,1376,12912,CD,3,D1_pwm200_grab2
22159,-548,320,12752,CD,3,D1_pwm200_grab2
22164,4616,-1296,7084,CD,3,D1_pwm200_grab2
22170,1876,3484,8492,CD,3,D1_pwm200_grab2
22175,952,-1024,10072,CD,3,D1_pwm200_grab2
22179,2688,-212,10496,CD,3,D1_pwm200_grab2
22190,-2020,1940,11980,CD,3,D1_pwm200_grab2
22195,204,-4968,6348,CD,3,D1_pwm200_grab2
22199,-6152,-3152,9948,CD,3,D1_pwm200_grab2
22205,1036,-2572,12424,CD,3,D1_pwm200_grab2
22209,2328,444,11684,CD,3,D1_pwm200_grab2
22215,-4064,556,10496,CD,3,D1_pwm200_grab2
22219,-316,-4608,5392,CD,3,D1_pwm200_grab2
22224,6180,-664,8848,CD,3,D1_pwm200_grab2
22231,136,2640,8444,CD,3,D1_pwm200_grab2
22236,-660,-660,9320,CD,3,D1_pwm200_grab2
22240,-1216,248,9148,CD,3,D1_pwm200_grab2
22245,3504,3304,10432,CD,3,D1_pwm200_grab2
22255,556,2436,11380,CD,3,D1_pwm200_grab2
22260,-320,-1304,12608,CD,3,D1_pwm200_grab2
22265,5328,-2580,6304,CD,3,D1_pwm200_grab2
22270,812,2672,6812,CD,3,D1_pwm200_grab2
22275,-1364,744,8512,CD,3,D1_pwm200_grab2
22281,1700,-348,9352,CD,3,D1_pwm200_grab2
22290,-2240,912,10676,CD,3,D1_pwm200_grab2
22295,-1060,-6576,5828,CD,3,D1_pwm200_grab2
22306,568,-2624,10420,CD,3,D1_pwm200_grab2
22310,-1492,684,8692,CD,3,D1_pwm200_grab2
22316,2192,-1188,7244,CD,3,D1_pwm200_grab2
3005,-752,816,9116,CD,0,D1_pwm200_grab3
3010,-628,-3412,6092,CD,0,D1_pwm200_grab3
3014,3824,-1544,10336,CD,0,D1_pwm200_grab3
3020,-748,236,9048,CD,0,D1_pwm200_grab3
3025,-2228,-688,8732,CD,0,D1_pwm200_grab3
3031,-12,-1212,13296,CD,0,D1_pwm200_grab3
3041,-1448,1292,11636,CD,0,D1_pwm200_grab3
3045,-1960,-1080,9200,CD,0,D1_pwm200_grab3
3051,-3768,736,11236,CD,0,D1_pwm200_grab3
3055,-1928,-1168,8556,CD,0,D1_pwm200_grab3
3061,604,204,10360,CD,0,D1_pwm200_grab3
3066,8028,2828,10152,CD,0,D1_pwm200_grab3
3070,136,3072,9460,CD,0,D1_pwm200_grab3
3075,1584,1048,12492,CD,0,D1_pwm200_grab3
3085,1708,2324,12660,CD,0,D1_pwm200_grab3
3090,2088,-332,11048,CD,0,D1_pwm200_grab3
3095,-776,-344,9848,CD,0,D1_pwm200_grab3
3100,8588,560,7904,CD,0,D1_pwm200_grab3
3106,3088,-44,14848,CD,0,D1_pwm200_grab3
3110,736,12,12220,CD,0,D1_pwm200_grab3
3115,7072,-476,14332,CD,0,D1_pwm200_grab3
3120,684,440,11376,CD,0,D1_pwm200_grab3
3125,476,1008,11424,CD,0,D1_pwm200_grab3
3130,3756,724,14240,CD,0,D1_pwm200_grab3
3140,1736,368,10148,CD,0,D1_pwm200_grab3
3146,1840,1052,11420,CD,0,D1_pwm200_grab3
3150,-2708,604,11004,CD,0,D1_pwm200_grab3
3156,764,-84,7524,CD,0,D1_pwm200_grab3
3160,-460,2180,10336,CD,0,D1_pwm200_grab3
3165,-900,-1416,6736,CD,0,D1_pwm200_grab3
3170,-5680,-1208,13248,CD,0,D1_pwm200_grab3
3175,4020,52,10848,CD,0,D1_pwm200_grab3
3180,9380,-2188,15020,CD,0,D1_pwm200_grab3
3185,2304,2032,12596,CD,0,D1_pwm200_grab3
3191,900,-628,8076,CD,0,D1_pwm200_grab3
3196,1692,1024,9528,CD,0,D1_pwm200_grab3
3205,-1224,1816,9768,CD,0,D1_pwm200_grab3
3210,344,-2960,4900,CD,0,D1_pwm200_grab3
3216,4236,-1244,12100,CD,0,D1_pwm200_grab3
3221,-1776,-124,7188,CD,0,D1_pwm200_grab3
3226,-1100,408,7984,CD,0,D1_pwm200_grab3
3231,1344,-1088,10896,CD,0,D1_pwm200_grab3
3240,-3420,-512,8304,CD,0,D1_pwm200_grab3
3245,1112,-400,10700,CD,0,D1_pwm200_grab3
3255,1328,-240,9116,CD,0,D1_pwm200_grab3
3260,-1284,1916,10288,CD,0,D1_pwm200_grab3
3266,-4504,-3988,6924,CD,0,D1_pwm200_grab3
3270,-5884,-2952,14076,CD,0,D1_pwm200_grab3
3276,-1312,1188,10580,CD,0,D1_pwm200_grab3
3280,2728,-1348,9412,CD,0,D1_pwm200_grab3
3286,-1820,1628,11864,CD,0,D1_pwm200_grab3
3291,888,-1992,9344,CD,0,D1_pwm200_grab3
3296,-1364,-948,9708,CD,0,D1_pwm200_grab3
3306,84,-448,13336,CD,0,D1_pwm200_grab3
3312,-648,-1228,10364,CD,0,D1_pwm200_grab3
3321,1308,-176,13044,CD,0,D1_pwm200_grab3
3326,-1700,-552,14660,CD,0,D1_pwm200_grab3
3331,-852,-408,12020,CD,0,D1_pwm200_grab3
3337,-608,-4196,8940,CD,0,D1_pwm200_grab3
3342,-796,-1016,9076,CD,0,D1_pwm200_grab3
3347,1304,1828,12336,CD,0,D1_pwm200_grab3
3356,360,-200,7548,CD,0,D1_pwm200_grab3
3361,644,548,12860,CD,0,D1_pwm200_grab3
3367,4424,708,13156,CD,0,D1_pwm200_grab3
3371,-6004,-4908,12876,CD,0,D1_pwm200_grab3
3376,1964,1040,13248,CD,0,D1_pwm200_grab3
3382,-2692,312,4904,CD,0,D1_pwm200_grab3
3386,2676,2716,15208,CD,0,D1_pwm200_grab3
3391,88,-608,11184,CD,0,D1_pwm200_grab3
3396,704,644,10884,CD,0,D1_pwm200_grab3
3407,1936,1652,14960,CD,0,D1_pwm200_grab3
3412,472,-2892,8064,CD,0,D1_pwm200_grab3
3416,5032,1104,13488,CD,0,D1_pwm200_grab3
3427,468,292,8536,CD,0,D1_pwm200_grab3
3431,1788,3088,13392,CD,0,D1_pwm200_grab3
3436,1808,-2412,6504,CD,0,D1_pwm200_grab3
3441,1776,328,9820,CD,0,D1_pwm200_grab3
3446,3048,1704,11616,CD,0,D1_pwm200_grab3
3456,2904,-104,10108,CD,0,D1_pwm200_grab3
3461,-64,2620,11240,CD,0,D1_pwm200_grab3
3466,-4316,-3760,12276,CD,0,D1_pwm200_grab3
3471,-4772,-4180,9200,CD,0,D1_pwm200_grab3
3477,-152,-144,10832,CD,0,D1_pwm200_grab3
3481,3532,-328,6104,CD,0,D1_pwm200_grab3
3486,184,2224,11628,CD,0,D1_pwm200_grab3
3491,480,-268,10064,CD,0,D1_pwm200_grab3
3496,-252,-1080,10432,CD,0,D1_pwm200_grab3
3502,5252,344,11884,CD,0,D1_pwm200_grab3
3506,-2108,892,6640,CD,0,D1_pwm200_grab3
3511,1628,-2984,8356,CD,0,D1_pwm200_grab3
3517,2400,-1680,7496,CD,0,D1_pwm200_grab3
3527,-728,-1940,8760,CD,0,D1_pwm200_grab3
3532,1332,732,11820,CD,0,D1_pwm200_grab3
3537,244,-3204,7828,CD,0,D1_pwm200_grab3
3542,696,-2208,9448,CD,0,D1_pwm200_grab3
3547,-1108,-532,12516,CD,0,D1_pwm200_grab3
3557,-188,-984,8716,CD,0,D1_pwm200_grab3
3562,-132,988,12276,CD,0,D1_pwm200_grab3
3568,-2688,-3264,8120,CD,0,D1_pwm200_grab3
3572,-3776,-2108,13464,CD,0,D1_pwm200_grab3
3577,896,-816,10740,CD,0,D1_pwm200_grab3
3587,948,2176,14408,CD,0,D1_pwm200_grab3
3593,-1848,-1560,13376,CD,0,D1_pwm200_grab3
3598,-1044,-480,10156,CD,0,D1_pwm200_grab3
3607,2032,1248,14512,CD,0,D1_pwm200_grab3
3612,-696,-3828,7140,CD,0,D1_pwm200_grab3
3617,-480,476,10336,CD,0,D1_pwm200_grab3
3622,1080,944,11912,CD,0,D1_pwm200_grab3
3627,1972,-300,10288,CD,0,D1_pwm200_grab3
3633,532,328,11844,CD,0,D1_pwm200_grab3
3637,4276,-408,8936,CD,0,D1_pwm200_grab3
3642,3184,-1016,11288,CD,0,D1_pwm200_grab3
3647,2348,24,13992,CD,0,D1_pwm200_grab3
3658,2096,-1036,8144,CD,0,D1_pwm200_grab3
3662,-136,2224,12840,CD,0,D1_pwm200_grab3
3668,-1180,-988,7060,CD,0,D1_pwm200_grab3
3677,1768,68,10036,CD,0,D1_pwm200_grab3
3682,1072,656,6316,CD,0,D1_pwm200_grab3
3687,1240,1584,14324,CD,0,D1_pwm200_grab3
3692,-12,-624,10184,CD,0,D1_pwm200_grab3
3697,908,1164,9096,CD,0,D1_pwm200_grab3
3707,1928,2400,10996,CD,0,D1_pwm200_grab3
3712,3960,-664,10064,CD,0,D1_pwm200_grab3
3717,3508,3148,11100,CD,0,D1_pwm200_grab3
3723,7924,3220,10792,CD,0,D1_pwm200_grab3
3727,632,20,7668,CD,0,D1_pwm200_grab3
3732,-204,268,7828,CD,0,D1_pwm200_grab3
3737,5620,-1436,9516,CD,0,D1_pwm200_grab3
3742,3168,-1176,9928,CD,0,D1_pwm200_grab3
3747,1168,-816,11208,CD,0,D1_pwm200_grab3
3757,-1424,-1216,11424,CD,0,D1_pwm200_grab3
3763,-1560,640,9140,CD,0,D1_pwm200_grab3
3768,-8168,-840,8220,CD,0,D1_pwm200_grab3
3778,-4008,112,9568,CD,0,D1_pwm200_grab3
3783,-1168,-908,7448,CD,0,D1_pwm200_grab3
3788,-3856,200,12640,CD,0,D1_pwm200_grab3
3793,-1252,-784,8260,CD,0,D1_pwm200_grab3
3799,-1852,-1204,9372,CD,0,D1_pwm200_grab3
3803,10680,2124,8868,CD,0,D1_pwm200_grab3
3808,-1852,2348,10636,CD,0,D1_pwm200_grab3
3814,-260,-3612,7588,CD,0,D1_pwm200_grab3
3818,5440,-400,16136,CD,0,D1_pwm200_grab3
3823,912,1452,5504,CD,0,D1_pwm200_grab3
3829,-1624,-480,11120,CD,0,D1_pwm200_grab3
3833,1068,-700,12868,CD,0,D1_pwm200_grab3
3844,1416,-1228,12768,CD,0,D1_pwm200_grab3
3848,1200,-220,11480,CD,0,D1_pwm200_grab3
3859,2212,236,10644,CD,0,D1_pwm200_grab3
3863,-1868,784,14076,CD,0,D1_pwm200_grab3
3868,-2476,-2604,10856,CD,0,D1_pwm200_grab3
3873,-7496,-3860,13544,CD,0,D1_pwm200_grab3
3879,3208,1196,12560,CD,0,D1_pwm200_grab3
3884,8,88,11872,CD,0,D1_pwm200_grab3
3889,-1720,-120,13244,CD,0,D1_pwm200_grab3
3893,-456,-564,8628,CD,0,D1_pwm200_grab3
3898,1272,1140,11280,CD,0,D1_pwm200_grab3
3909,-596,3144,9516,CD,0,D1_pwm200_grab3
3913,1964,-2736,8440,CD,0,D1_pwm200_grab3
3919,5388,632,14792,CD,0,D1_pwm200_grab3
3923,3552,1952,6948,CD,0,D1_pwm200_grab3
3929,904,-640,10488,CD,0,D1_pwm200_grab3
3934,96,464,9788,CD,0,D1_pwm200_grab3
3944,2656,944,13420,CD,0,D1_pwm200_grab3
3948,204,-1456,9976,CD,0,D1_pwm200_grab3
3959,2440,-772,13808,CD,0,D1_pwm200_grab3
3963,-732,2400,10552,CD,0,D1_pwm200_grab3
3968,4308,1144,14340,CD,0,D1_pwm200_grab3
3973,-132,-4836,4720,CD,0,D1_pwm200_grab3
3978,-12,176,10152,CD,0,D1_pwm200_grab3
3983,1764,1556,10344,CD,0,D1_pwm200_grab3
3988,-5148,-384,10180,CD,0,D1_pwm200_grab3
3993,240,-160,5520,CD,0,D1_pwm200_grab3
3999,2124,2220,10464,CD,0,D1_pwm200_grab3
4008,-2560,1848,8504,CD,0,D1_pwm200_grab3
4013,592,-420,10116,CD,0,D1_pwm200_grab3
4024,2032,1944,10148,CD,0,D1_pwm200_grab3
4028,912,-1040,8664,CD,0,D1_pwm200_grab3
4034,-292,-980,9888,CD,0,D1_pwm200_grab3
4044,1456,-1084,13936,CD,0,D1_pwm200_grab3
4049,-412,-2648,7388,CD,0,D1_pwm200_grab3
4059,1268,-1636,11696,CD,0,D1_pwm200_grab3
4065,-2240,128,11480,CD,0,D1_pwm200_grab3
4074,-6384,-6764,10612,CD,0,D1_pwm200_grab3
4079,-3196,720,9728,CD,0,D1_pwm200_grab3
4084,332,-816,5596,CD,0,D1_pwm200_grab3
4089,-1436,1240,13792,CD,0,D1_pwm200_grab3
4096,96,-1288,11448,CD,0,D1_pwm200_grab3
4099,32,256,9404,CD,0,D1_pwm200_grab3
4104,5272,-1796,11080,CD,0,D1_pwm200_grab3
4110,-2580,612,10196,CD,0,D1_pwm200_grab3
4114,1360,-1540,9980,CD,0,D1_pwm200_grab3
4120,1412,1220,5316,CD,0,D1_pwm200_grab3
4124,5636,4104,7244,CD,0,D1_pwm200_grab3
4129,1284,-2232,9388,CD,0,D1_pwm200_grab3
4134,1836,824,10704,CD,0,D1_pwm200_grab3
4144,3992,1244,14912,CD,0,D1_pwm200_grab3
4150,-884,-3284,8232,CD,0,D1_pwm200_grab3
4160,1368,-1756,15336,CD,0,D1_pwm200_grab3
4165,-804,1328,11260,CD,0,D1_pwm200_grab3
4174,-3644,-5412,7028,CD,0,D1_pwm200_grab3
4180,-364,844,12136,CD,0,D1_pwm200_grab3
4184,1836,2296,11628,CD,0,D1_pwm200_grab3
4195,1800,552,5828,CD,0,D1_pwm200_grab3
4199,2248,2508,11592,CD,0,D1_pwm200_grab3
4204,2016,-1584,11036,CD,0,D1_pwm200_grab3
4209,-576,2012,9972,CD,0,D1_pwm200_grab3
4214,2212,-812,9756,CD,0,D1_pwm200_grab3
4219,5968,3052,14980,CD,0,D1_pwm200_grab3
4225,1128,2340,12764,CD,0,D1_pwm200_grab3
4229,452,-628,11240,CD,0,D1_pwm200_grab3
4234,900,572,10148,CD,0,D1_pwm200_grab3
4244,2412,920,12480,CD,0,D1_pwm200_grab3
4250,56,-3488,6296,CD,0,D1_pwm200_grab3
4259,1172,-844,11216,CD,0,D1_pwm200_grab3
4264,-1136,404,8572,CD,0,D1_pwm200_grab3
4269,2272,2252,7560,CD,0,D1_pwm200_grab3
4275,672,-2972,9628,CD,0,D1_pwm200_grab3
4280,1128,-940,8172,CD,0,D1_pwm200_grab3
4285,-16,1096,11756,CD,0,D1_pwm200_grab3
4294,588,-132,5808,CD,0,D1_pwm200_grab3
4299,844,1908,9980,CD,0,D1_pwm200_grab3
4304,76,-2940,10600,CD,0,D1_pwm200_grab3
4311,-3060,-712,9856,CD,0,D1_pwm200_grab3
4315,1072,-1552,10308,CD,0,D1_pwm200_grab3
4325,5896,4608,8420,CD,0,D1_pwm200_grab3
4330,560,-1704,8468,CD,0,D1_pwm200_grab3
4335,368,-1332,12516,CD,0,D1_pwm200_grab3
4341,4828,-2168,7772,CD,0,D1_pwm200_grab3
4345,1968,-188,11996,CD,0,D1_pwm200_grab3
4350,-80,-16,10584,CD,0,D1_pwm200_grab3
4356,-4020,-1144,11844,CD,0,D1_pwm200_grab3
4360,100,-820,12348,CD,0,D1_pwm200_grab3
4365,-2472,-1384,9552,CD,0,D1_pwm200_grab3
4370,-6548,-508,11464,CD,0,D1_pwm200_grab3
4375,-4264,-5128,8560,CD,0,D1_pwm200_grab3
4380,-1468,1496,12344,CD,0,D1_pwm200_grab3
4385,1156,452,8356,CD,0,D1_pwm200_grab3
4391,-1536,524,13016,CD,0,D1_pwm200_grab3
4396,1324,-48,8016,CD,0,D1_pwm200_grab3
4400,972,1384,12708,CD,0,D1_pwm200_grab3
4405,352,-1140,9180,CD,0,D1_pwm200_grab3
4411,-2296,624,12372,CD,0,D1_pwm200_grab3
4416,3088,-1256,10420,CD,0,D1_pwm200_grab3
4425,7756,3788,10780,CD,0,D1_pwm200_grab3
4431,2652,-268,11324,CD,0,D1_pwm200_grab3
4435,1328,0,11212,CD,0,D1_pwm200_grab3
4445,2024,1472,14688,CD,0,D1_pwm200_grab3
4451,1464,-3324,6776,CD,0,D1_pwm200_grab3
4456,-3028,-1120,9576,CD,0,D1_pwm200_grab3
4460,896,-924,13304,CD,0,D1_pwm200_grab3
4466,-832,1380,8824,CD,0,D1_pwm200_grab3
4470,-1344,1624,12348,CD,0,D1_pwm200_grab3
4481,2024,-644,9476,CD,0,D1_pwm200_grab3
4485,3144,920,13628,CD,0,D1_pwm200_grab3
4496,1640,-948,6012,CD,0,D1_pwm200_grab3
4500,1616,3116,12252,CD,0,D1_pwm200_grab3
4506,-844,-2832,5304,CD,0,D1_pwm200_grab3
4511,-3432,-644,11236,CD,0,D1_pwm200_grab3
4515,1324,-580,9336,CD,0,D1_pwm200_grab3
4525,428,-44,12380,CD,0,D1_pwm200_grab3
4531,-428,-368,9664,CD,0,D1_pwm200_grab3
4535,796,528,10492,CD,0,D1_pwm200_grab3
4545,-532,1536,13284,CD,0,D1_pwm200_grab3
4551,536,-3276,5944,CD,0,D1_pwm200_grab3
4555,3756,-1504,12232,CD,0,D1_pwm200_grab3
4560,-760,44,9120,CD,0,D1_pwm200_grab3
4567,-2024,-836,10132,CD,0,D1_pwm200_grab3
4572,-268,508,11804,CD,0,D1_pwm200_grab3
4581,-3696,-284,9396,CD,0,D1_pwm200_grab3
4587,-912,-1428,9548,CD,0,D1_pwm200_grab3
4591,-5788,-264,11304,CD,0,D1_pwm200_grab3
4596,-884,-932,8312,CD,0,D1_pwm200_grab3
4601,-1860,-536,9012,CD,0,D1_pwm200_grab3
4611,-5064,-2048,12316,CD,0,D1_pwm200_grab3
4616,-564,1200,10036,CD,0,D1_pwm200_grab3
4622,5524,-2640,11396,CD,0,D1_pwm200_grab3
4626,-2168,1316,11296,CD,0,D1_pwm200_grab3
4632,1004,-1988,10140,CD,0,D1_pwm200_grab3
4636,-1236,-1196,9628,CD,0,D1_pwm200_grab3
4646,1212,-936,12928,CD,0,D1_pwm200_grab3
4652,520,-3268,7788,CD,0,D1_pwm200_grab3
4656,3800,792,15076,CD,0,D1_pwm200_grab3
4661,1180,1456,9076,CD,0,D1_pwm200_grab3
4666,-224,-1620,8820,CD,0,D1_pwm200_grab3
4671,2212,-132,14012,CD,0,D1_pwm200_grab3
4677,-208,-4280,8796,CD,0,D1_pwm200_grab3
4682,200,256,11284,CD,0,D1_pwm200_grab3
4687,1368,2152,13832,CD,0,D1_pwm200_grab3
4691,-5352,1392,12220,CD,0,D1_pwm200_grab3
4696,2804,-1008,12312,CD,0,D1_pwm200_grab3
4701,532,2184,12800,CD,0,D1_pwm200_grab3
4706,-3560,-3948,13080,CD,0,D1_pwm200_grab3
4712,-4524,-2704,10800,CD,0,D1_pwm200_grab3
4716,1488,1836,12592,CD,0,D1_pwm200_grab3
4721,-2928,-92,3824,CD,0,D1_pwm200_grab3
4726,2728,3104,14804,CD,0,D1_pwm200_grab3
4731,384,724,10964,CD,0,D1_pwm200_grab3
4736,1740,2132,10648,CD,0,D1_pwm200_grab3
4746,-160,3044,8132,CD,0,D1_pwm200_grab3
4751,1056,-3172,7848,CD,0,D1_pwm200_grab3
4756,3496,320,6636,CD,0,D1_pwm200_grab3
4762,3796,2376,2284,CD,0,D1_pwm200_grab3
4766,1268,128,6676,CD,0,D1_pwm200_grab3
4771,976,2548,12500,CD,0,D1_pwm200_grab3
4776,5100,-504,6620,CD,0,D1_pwm200_grab3
4781,2380,132,11252,CD,0,D1_pwm200_grab3
4786,-816,-3004,6432,CD,0,D1_pwm200_grab3
4797,1016,-2184,11416,CD,0,D1_pwm200_grab3
4801,-2388,464,10064,CD,0,D1_pwm200_grab3
4816,-2064,-892,9364,CD,0,D1_pwm200_grab3
4822,-412,-1096,4088,CD,0,D1_pwm200_grab3
4828,-816,1652,12092,CD,0,D1_pwm200_grab3
4832,-1376,-1592,11612,CD,0,D1_pwm200_grab3
4838,-324,-712,10388,CD,0,D1_pwm200_grab3
4847,-1448,1244,12816,CD,0,D1_pwm200_grab3
4852,-1036,-4248,7072,CD,0,D1_pwm200_grab3
4857,3932,-456,14508,CD,0,D1_pwm200_grab3
4864,-824,552,9820,CD,0,D1_pwm200_grab3
4868,408,-1932,9900,CD,0,D1_pwm200_grab3
4873,-856,-1256,9272,CD,0,D1_pwm200_grab3
4878,5540,-356,9200,CD,0,D1_pwm200_grab3
4882,2292,12,12528,CD,0,D1_pwm200_grab3
4888,-2248,-496,10108,CD,0,D1_pwm200_grab3
4897,1160,-1292,12200,CD,0,D1_pwm200_grab3
4903,-588,1124,12820,CD,0,D1_pwm200_grab3
4907,1148,72,13736,CD,0,D1_pwm200_grab3
4917,-428,476,11844,CD,0,D1_pwm200_grab3
4922,1124,972,12952,CD,0,D1_pwm200_grab3
4928,-6568,1036,10856,CD,0,D1_pwm200_grab3
4933,1128,884,8436,CD,0,D1_pwm200_grab3
4937,928,1164,10900,CD,0,D1_pwm200_grab3
4943,8472,1364,10124,CD,0,D1_pwm200_grab3
4947,-904,2432,9832,CD,0,D1_pwm200_grab3
4953,3644,820,11032,CD,0,D1_pwm200_grab3
4958,-2156,-524,5152,CD,0,D1_pwm200_grab3
4962,1552,1724,12380,CD,0,D1_pwm200_grab3
4967,904,440,12788,CD,0,D1_pwm200_grab3
4973,1796,1100,10260,CD,0,D1_pwm200_grab3
4983,4360,500,12588,CD,0,D1_pwm200_grab3
4988,512,-2788,6036,CD,0,D1_pwm200_grab3
4992,2612,588,6556,CD,0,D1_pwm200_grab3
4997,5936,3216,6500,CD,0,D1_pwm200_grab3
5003,456,-280,5956,CD,0,D1_pwm200_grab3
5007,4848,2692,9752,CD,0,D1_pwm200_grab3
5012,3240,-1244,8820,CD,0,D1_pwm200_grab3
5017,4488,-1276,8740,CD,0,D1_pwm200_grab3
5022,556,1380,11344,CD,0,D1_pwm200_grab3
5032,984,-428,6524,CD,0,D1_pwm200_grab3
5038,-1408,992,10044,CD,0,D1_pwm200_grab3
5053,-3140,468,9696,CD,0,D1_pwm200_grab3
5058,-1188,-1416,5420,CD,0,D1_pwm200_grab3
5063,-2304,232,11896,CD,0,D1_pwm200_grab3
5067,-1272,384,8516,CD,0,D1_pwm200_grab3
5073,-2000,-880,9912,CD,0,D1_pwm200_grab3
5079,9960,2628,6680,CD,0,D1_pwm200_grab3
5083,-2760,2168,10204,CD,0,D1_pwm200_grab3
5088,-12,-3568,8040,CD,0,D1_pwm200_grab3
5094,4476,1248,15224,CD,0,D1_pwm200_grab3
5099,1328,1836,2296,CD,0,D1_pwm200_grab3
5103,-1844,-2472,9824,CD,0,D1_pwm200_grab3
5108,-804,248,13496,CD,0,D1_pwm200_grab3
5114,-2744,-5064,8512,CD,0,D1_pwm200_grab3
5118,-340,-1440,9460,CD,0,D1_pwm200_grab3
5124,-1792,-1128,10320,CD,0,D1_pwm200_grab3
5133,1580,-1148,12160,CD,0,D1_pwm200_grab3
5138,-2684,-340,12632,CD,0,D1_pwm200_grab3
5144,-4488,-4592,13172,CD,0,D1_pwm200_grab3
5153,700,2248,13244,CD,0,D1_pwm200_grab3
5158,-236,-92,7128,CD,0,D1_pwm200_grab3
5169,528,-400,7016,CD,0,D1_pwm200_grab3
5173,-644,1064,12112,CD,0,D1_pwm200_grab3
5178,732,-2572,9216,CD,0,D1_pwm200_grab3
5183,-3804,-492,11572,CD,0,D1_pwm200_grab3
5188,2824,-140,12232,CD,0,D1_pwm200_grab3
5198,5708,3572,11668,CD,0,D1_pwm200_grab3
5203,1556,-888,12844,CD,0,D1_pwm200_grab3
5208,40,536,11804,CD,0,D1_pwm200_grab3
5218,956,2828,14416,CD,0,D1_pwm200_grab3
5224,960,-3116,7544,CD,0,D1_pwm200_grab3
5229,5964,352,16988,CD,0,D1_pwm200_grab3
5234,1676,1528,8576,CD,0,D1_pwm200_grab3
5238,60,496,7920,CD,0,D1_pwm200_grab3
5243,-1020,-600,12704,CD,0,D1_pwm200_grab3
5249,8948,2432,8732,CD,0,D1_pwm200_grab3
5253,2748,644,13088,CD,0,D1_pwm200_grab3
5258,1160,376,10628,CD,0,D1_pwm200_grab3
5268,2400,-1792,10756,CD,0,D1_pwm200_grab3
5274,116,1632,11960,CD,0,D1_pwm200_grab3
5278,-3892,-3268,8968,CD,0,D1_pwm200_grab3
5288,1448,452,10228,CD,0,D1_pwm200_grab3
5293,3412,2688,12628,CD,0,D1_pwm200_grab3
5303,1352,136,6120,CD,0,D1_pwm200_grab3
5308,1624,1624,9776,CD,0,D1_pwm200_grab3
5313,1552,-1356,6840,CD,0,D1_pwm200_grab3
5318,-2236,400,10680,CD,0,D1_pwm200_grab3
5323,3576,-1332,9568,CD,0,D1_pwm200_grab3
5328,5024,3576,13980,CD,0,D1_pwm200_grab3
5334,6732,3044,10312,CD,0,D1_pwm200_grab3
5340,952,-948,7840,CD,0,D1_pwm200_grab3
5344,-2056,-1616,7108,CD,0,D1_pwm200_grab3
5349,6460,-396,9252,CD,0,D1_pwm200_grab3
5355,912,-672,9696,CD,0,D1_pwm200_grab3
5360,-784,484,11252,CD,0,D1_pwm200_grab3
5370,1488,-1284,9112,CD,0,D1_pwm200_grab3
5376,-2056,1112,10608,CD,0,D1_pwm200_grab3
5379,1192,156,13672,CD,0,D1_pwm200_grab3
5390,-2408,-592,9792,CD,0,D1_pwm200_grab3
5395,-156,80,11780,CD,0,D1_pwm200_grab3
5400,-6312,384,13092,CD,0,D1_pwm200_grab3
5405,-200,148,5852,CD,0,D1_pwm200_grab3
5410,-660,324,10600,CD,0,D1_pwm200_grab3
5415,4192,-1552,11972,CD,0,D1_pwm200_grab3
5419,-4676,-2936,11964,CD,0,D1_pwm200_grab3
5424,-640,700,11064,CD,0,D1_pwm200_grab3
5434,-1080,2304,14236,CD,0,D1_pwm200_grab3
5439,336,-796,11432,CD,0,D1_pwm200_grab3
5444,-420,-120,9792,CD,0,D1_pwm200_grab3
5455,1200,256,14456,CD,0,D1_pwm200_grab3
5459,296,-1604,7444,CD,0,D1_pwm200_grab3
5464,1948,-228,7768,CD,0,D1_pwm200_grab3
5470,5648,2168,6104,CD,0,D1_pwm200_grab3
5474,524,-1188,8620,CD,0,D1_pwm200_grab3
5480,2144,2176,13544,CD,0,D1_pwm200_grab3
5485,4892,-276,9224,CD,0,D1_pwm200_grab3
5489,1744,128,10372,CD,0,D1_pwm200_grab3
5495,2692,1148,15060,CD,0,D1_pwm200_grab3
5504,1808,-1844,13260,CD,0,D1_pwm200_grab3
5510,332,2324,11660,CD,0,D1_pwm200_grab3
5524,-308,1620,11616,CD,0,D1_pwm200_grab3
5530,2388,-560,4460,CD,0,D1_pwm200_grab3
5534,1048,36,12408,CD,0,D1_pwm200_grab3
5539,-412,356,9884,CD,0,D1_pwm200_grab3
5544,1204,1240,12004,CD,0,D1_pwm200_grab3
5549,740,-1744,9500,CD,0,D1_pwm200_grab3
5554,-512,1068,8676,CD,0,D1_pwm200_grab3
5559,1384,-2616,9656,CD,0,D1_pwm200_grab3
5569,5888,3984,8168,CD,0,D1_pwm200_grab3
5575,2008,-196,6496,CD,0,D1_pwm200_grab3
5580,-1920,-1284,10096,CD,0,D1_pwm200_grab3
5590,828,-1968,10632,CD,0,D1_pwm200_grab3
5595,412,-104,9796,CD,0,D1_pwm200_grab3
5606,2188,-1000,8524,CD,0,D1_pwm200_grab3
5610,-1660,564,10760,CD,0,D1_pwm200_grab3
5616,-4560,-3796,8932,CD,0,D1_pwm200_grab3
5620,-5888,-3256,13348,CD,0,D1_pwm200_grab3
5626,-752,492,10016,CD,0,D1_pwm200_grab3
5635,-5696,1168,11392,CD,0,D1_pwm200_grab3
5640,-1292,-1216,10784,CD,0,D1_pwm200_grab3
5646,-200,-328,9752,CD,0,D1_pwm200_grab3
5651,7660,3188,8556,CD,0,D1_pwm200_grab3
5655,-2020,1224,9484,CD,0,D1_pwm200_grab3
5660,240,-2708,9092,CD,0,D1_pwm200_grab3
5666,1964,-1020,7092,CD,0,D1_pwm200_grab3
5671,3924,2476,7128,CD,0,D1_pwm200_grab3
5676,224,-1520,13512,CD,0,D1_pwm200_grab3
5680,172,-272,10320,CD,0,D1_pwm200_grab3
5690,3732,-32,14408,CD,0,D1_pwm200_grab3
5695,-1748,-168,9848,CD,0,D1_pwm200_grab3
5705,1764,-2180,15044,CD,0,D1_pwm200_grab3
5711,-160,2404,12688,CD,0,D1_pwm200_grab3
5721,-2376,-4712,6052,CD,0,D1_pwm200_grab3
5725,1824,208,11048,CD,0,D1_pwm200_grab3
5730,2636,1652,12564,CD,0,D1_pwm200_grab3
5741,1328,784,6012,CD,0,D1_pwm200_grab3
5745,1284,1716,11764,CD,0,D1_pwm200_grab3
5751,4668,848,10996,CD,0,D1_pwm200_grab3
5755,-24,2636,9284,CD,0,D1_pwm200_grab3
5761,1296,1184,12460,CD,0,D1_pwm200_grab3
5765,-124,-1312,3592,CD,0,D1_pwm200_grab3
5771,1804,1392,14012,CD,0,D1_pwm200_grab3
5776,548,-516,11004,CD,0,D1_pwm200_grab3
5781,312,380,10948,CD,0,D1_pwm200_grab3
5790,2980,612,14596,CD,0,D1_pwm200_grab3
5795,-708,-2184,5324,CD,0,D1_pwm200_grab3
5800,252,112,10136,CD,0,D1_pwm200_grab3
5805,5540,2252,5196,CD,0,D1_pwm200_grab3
5811,1104,288,6144,CD,0,D1_pwm200_grab3
5815,3888,3748,11528,CD,0,D1_pwm200_grab3
5820,3928,-784,7636,CD,0,D1_pwm200_grab3
5825,1628,-520,8276,CD,0,D1_pwm200_grab3
5831,1520,468,12208,CD,0,D1_pwm200_grab3
5841,1348,-384,6496,CD,0,D1_pwm200_grab3
5846,-88,1536,9548,CD,0,D1_pwm200_grab3
5852,-1096,-1440,7132,CD,0,D1_pwm200_grab3
5856,-3060,-168,9388,CD,0,D1_pwm200_grab3
5862,1672,-1976,9908,CD,0,D1_pwm200_grab3
5872,5544,2704,9732,CD,0,D1_pwm200_grab3
5877,1168,-2120,7676,CD,0,D1_pwm200_grab3
5882,-1156,-928,10364,CD,0,D1_pwm200_grab3
5886,5700,-1560,7368,CD,0,D1_pwm200_grab3
5892,-1676,720,10852,CD,0,D1_pwm200_grab3
5896,-760,-2268,6752,CD,0,D1_pwm200_grab3
5901,1976,-1292,9104,CD,0,D1_pwm200_grab3
5906,-1212,52,10284,CD,0,D1_pwm200_grab3
5911,-2856,-1016,8720,CD,0,D1_pwm200_grab3
5917,-1036,-792,13700,CD,0,D1_pwm200_grab3
5927,-1568,1388,12292,CD,0,D1_pwm200_grab3
5932,976,476,12908,CD,0,D1_pwm200_grab3
5941,784,-520,7984,CD,0,D1_pwm200_grab3
5947,-648,1392,12996,CD,0,D1_pwm200_grab3
5952,-1468,-3412,8536,CD,0,D1_pwm200_grab3
5956,-3968,128,11848,CD,0,D1_pwm200_grab3
5962,2468,656,12808,CD,0,D1_pwm200_grab3
5971,3124,2268,12368,CD,0,D1_pwm200_grab3
5977,-1012,-512,11740,CD,0,D1_pwm200_grab3
5981,-144,-556,11664,CD,0,D1_pwm200_grab3
5991,-104,2700,12752,CD,0,D1_pwm200_grab3
5996,1336,-2148,6844,CD,0,D1_pwm200_grab3
6006,344,104,9960,CD,0,D1_pwm200_grab3
6012,232,272,10048,CD,0,D1_pwm200_grab3
6016,-732,380,10140,CD,0,D1_pwm200_grab3
6026,2448,-504,10352,CD,0,D1_pwm200_grab3
6031,1488,748,12360,CD,0,D1_pwm200_grab3
6041,2440,436,10284,CD,0,D1_pwm200_grab3
6047,948,2628,12496,CD,0,D1_pwm200_grab3
6051,-1088,-2516,10356,CD,0,D1_pwm200_grab3
6056,-5672,-1172,13032,CD,0,D1_pwm200_grab3
6062,-800,1308,10884,CD,0,D1_pwm200_grab3
6066,1164,-1552,4952,CD,0,D1_pwm200_grab3
6072,-2312,-1532,10700,CD,0,D1_pwm200_grab3
6076,-1172,-84,7716,CD,0,D1_pwm200_grab3
6081,1524,1420,11284,CD,0,D1_pwm200_grab3
6091,-900,2696,9904,CD,0,D1_pwm200_grab3
6096,1028,-2360,6388,CD,0,D1_pwm200_grab3
6103,3964,128,12064,CD,0,D1_pwm200_grab3
6108,108,348,5672,CD,0,D1_pwm200_grab3
6112,-388,-1040,8260,CD,0,D1_pwm200_grab3
6118,176,-1164,9944,CD,0,D1_pwm200_grab3
6122,-1268,-5260,7816,CD,0,D1_pwm200_grab3
6128,-3200,-460,8584,CD,0,D1_pwm200_grab3
6132,984,1228,10592,CD,0,D1_pwm200_grab3
6137,-7688,872,10648,CD,0,D1_pwm200_grab3
6144,-508,368,5508,CD,0,D1_pwm200_grab3
6147,-1572,1008,10496,CD,0,D1_pwm200_grab3
6152,-4180,-5440,10468,CD,0,D1_pwm200_grab3
6157,-6192,-3452,13248,CD,0,D1_pwm200_grab3
6163,-824,280,11132,CD,0,D1_pwm200_grab3
6173,-3076,1064,12052,CD,0,D1_pwm200_grab3
6178,664,-1740,10788,CD,0,D1_pwm200_grab3
6182,-1196,-960,9072,CD,0,D1_pwm200_grab3
6192,-1544,3056,9856,CD,0,D1_pwm200_grab3
6198,964,-2560,8504,CD,0,D1_pwm200_grab3
6202,2944,332,10628,CD,0,D1_pwm200_grab3
6207,2928,2052,7044,CD,0,D1_pwm200_grab3
6213,-420,-1392,9256,CD,0,D1_pwm200_grab3
6217,1768,2560,14016,CD,0,D1_pwm200_grab3
6222,1468,-2912,9228,CD,0,D1_pwm200_grab3
6228,860,80,10488,CD,0,D1_pwm200_grab3
6233,-1376,200,11448,CD,0,D1_pwm200_grab3
6243,2980,-684,14228,CD,0,D1_pwm200_grab3
6247,-268,2696,12640,CD,0,D1_pwm200_grab3
6252,-5280,-5376,10984,CD,0,D1_pwm200_grab3
6258,-3580,-3920,11688,CD,0,D1_pwm200_grab3
6263,516,1532,12552,CD,0,D1_pwm200_grab3
6268,-40,-1092,4548,CD,0,D1_pwm200_grab3
6272,-5584,1300,10700,CD,0,D1_pwm200_grab3
6278,248,8,6500,CD,0,D1_pwm200_grab3
6282,1524,1424,11460,CD,0,D1_pwm200_grab3
6287,7452,2480,9848,CD,0,D1_pwm200_grab3
6292,356,3248,8944,CD,0,D1_pwm200_grab3
6297,2032,-3164,8240,CD,0,D1_pwm200_grab3
6303,2704,1200,7788,CD,0,D1_pwm200_grab3
6308,5400,2680,3872,CD,0,D1_pwm200_grab3
6313,1276,-72,7024,CD,0,D1_pwm200_grab3
6317,852,368,10352,CD,0,D1_pwm200_grab3
6327,3744,736,14192,CD,0,D1_pwm200_grab3
6333,-1128,-2184,5800,CD,0,D1_pwm200_grab3
6343,1184,-2808,11684,CD,0,D1_pwm200_grab3
6347,248,2064,11196,CD,0,D1_pwm200_grab3
6363,-2344,-128,9748,CD,0,D1_pwm200_grab3
6373,-2212,1508,11576,CD,0,D1_pwm200_grab3
6378,-1792,-1356,11684,CD,0,D1_pwm200_grab3
6383,164,-152,9548,CD,0,D1_pwm200_grab3
6394,-1536,1268,12228,CD,0,D1_pwm200_grab3
6398,-1700,-4092,5968,CD,0,D1_pwm200_grab3
6409,4808,4536,9584,CD,0,D1_pwm200_grab3
6413,508,-2284,8236,CD,0,D1_pwm200_grab3
6418,-1348,-1224,9436,CD,0,D1_pwm200_grab3
6423,4468,-1568,8380,CD,0,D1_pwm200_grab3
6428,1960,-856,11808,CD,0,D1_pwm200_grab3
6434,-1656,0,11624,CD,0,D1_pwm200_grab3
6443,-880,604,10756,CD,0,D1_pwm200_grab3
6449,-3056,-1104,9228,CD,0,D1_pwm200_grab3
6453,288,-40,14344,CD,0,D1_pwm200_grab3
6464,-1088,1436,12448,CD,0,D1_pwm200_grab3
6468,-1756,-712,12640,CD,0,D1_pwm200_grab3
6473,-3528,76,10760,CD,0,D1_pwm200_grab3
6479,-1504,-484,10184,CD,0,D1_pwm200_grab3
6483,568,264,11848,CD,0,D1_pwm200_grab3
6489,-1892,-3452,10316,CD,0,D1_pwm200_grab3
6493,-4276,-168,12504,CD,0,D1_pwm200_grab3
6498,2744,2020,13312,CD,0,D1_pwm200_grab3
6504,7292,-2036,12836,CD,0,D1_pwm200_grab3
6508,756,2328,12004,CD,0,D1_pwm200_grab3
6513,2088,-184,10532,CD,0,D1_pwm200_grab3
6518,844,60,10800,CD,0,D1_pwm200_grab3
6529,-308,3972,11148,CD,0,D1_pwm200_grab3
6533,1688,-2704,7036,CD,0,D1_pwm200_grab3
6539,5928,1536,15820,CD,0,D1_pwm200_grab3
6543,1740,376,7344,CD,0,D1_pwm200_grab3
6548,584,-176,8480,CD,0,D1_pwm200_grab3
6553,1820,892,10116,CD,0,D1_pwm200_grab3
6559,-484,-2940,7060,CD,0,D1_pwm200_grab3
6563,2560,-668,8648,CD,0,D1_pwm200_grab3
6569,2816,1808,12232,CD,0,D1_pwm200_grab3
6579,2472,-996,11628,CD,0,D1_pwm200_grab3
6584,260,2372,11792,CD,0,D1_pwm200_grab3
6588,-2576,-4248,11324,CD,0,D1_pwm200_grab3
6598,2428,172,10620,CD,0,D1_pwm200_grab3
6609,2320,2216,13968,CD,0,D1_pwm200_grab3
6614,-516,248,10016,CD,0,D1_pwm200_grab3
6619,1024,920,8400,CD,0,D1_pwm200_grab3
6629,872,996,12360,CD,0,D1_pwm200_grab3
6635,-1792,-2320,6068,CD,0,D1_pwm200_grab3
6639,-24,-692,7504,CD,0,D1_pwm200_grab3
6644,-496,-1940,11576,CD,0,D1_pwm200_grab3
6650,-1976,236,9156,CD,0,D1_pwm200_grab3
6654,-4896,-1468,11680,CD,0,D1_pwm200_grab3
6659,4720,-2032,8988,CD,0,D1_pwm200_grab3
6664,-652,-1984,8124,CD,0,D1_pwm200_grab3
6669,1416,0,12704,CD,0,D1_pwm200_grab3
6679,908,-484,6996,CD,0,D1_pwm200_grab3
6684,-3132,640,10868,CD,0,D1_pwm200_grab3
6689,-2272,-3180,10096,CD,0,D1_pwm200_grab3
6695,-6224,-1016,11792,CD,0,D1_pwm200_grab3
6700,-2956,580,9976,CD,0,D1_pwm200_grab3
6705,-932,-1544,5260,CD,0,D1_pwm200_grab3
6710,-4392,-228,11884,CD,0,D1_pwm200_grab3
6714,-1156,-900,10772,CD,0,D1_pwm200_grab3
6720,-1216,-312,10424,CD,0,D1_pwm200_grab3
6729,-2620,2436,9216,CD,0,D1_pwm200_grab3
6734,848,-2524,7424,CD,0,D1_pwm200_grab3
6739,4160,920,12324,CD,0,D1_pwm200_grab3
6745,4616,3472,13180,CD,0,D1_pwm200_grab3
6749,1048,-1604,9688,CD,0,D1_pwm200_grab3
6754,236,-464,9564,CD,0,D1_pwm200_grab3
6765,2628,340,14128,CD,0,D1_pwm200_grab3
6769,-1204,-952,9032,CD,0,D1_pwm200_grab3
6779,1324,-1248,13812,CD,0,D1_pwm200_grab3
6785,124,436,8504,CD,0,D1_pwm200_grab3
6789,2244,2732,14872,CD,0,D1_pwm200_grab3
6794,748,-3284,6196,CD,0,D1_pwm200_grab3
6799,1412,-148,9724,CD,0,D1_pwm200_grab3
6804,3412,1948,12836,CD,0,D1_pwm200_grab3
6815,1204,372,7016,CD,0,D1_pwm200_grab3
6820,1776,2148,14332,CD,0,D1_pwm200_grab3
6824,1908,-1192,7400,CD,0,D1_pwm200_grab3
6830,-2624,-4896,8896,CD,0,D1_pwm200_grab3
6835,-540,412,11240,CD,0,D1_pwm200_grab3
6840,2816,-276,4896,CD,0,D1_pwm200_grab3
6844,624,992,12228,CD,0,D1_pwm200_grab3
6850,856,712,11604,CD,0,D1_pwm200_grab3
6854,364,136,10244,CD,0,D1_pwm200_grab3
6864,-1520,332,13116,CD,0,D1_pwm200_grab3
6871,1708,-3764,5736,CD,0,D1_pwm200_grab3
6875,2048,-1092,10068,CD,0,D1_pwm200_grab3
6880,868,80,7268,CD,0,D1_pwm200_grab3
6885,-1820,-736,10160,CD,0,D1_pwm200_grab3
6891,556,-480,8740,CD,0,D1_pwm200_grab3
6900,-940,-364,7804,CD,0,D1_pwm200_grab3
6905,244,-744,11740,CD,0,D1_pwm200_grab3
6915,1444,-1436,8932,CD,0,D1_pwm200_grab3
6921,-1508,948,9912,CD,0,D1_pwm200_grab3
6935,-152,1260,12432,CD,0,D1_pwm200_grab3
6940,176,-2212,4196,CD,0,D1_pwm200_grab3
6945,-140,2332,13712,CD,0,D1_pwm200_grab3
6950,676,-1568,11920,CD,0,D1_pwm200_grab3
6955,1032,728,11648,CD,0,D1_pwm200_grab3
6960,1908,-1532,9976,CD,0,D1_pwm200_grab3
6966,-1392,2628,10208,CD,0,D1_pwm200_grab3
6970,788,-2696,10248,CD,0,D1_pwm200_grab3
6976,1304,1204,5956,CD,0,D1_pwm200_grab3
6980,6308,5160,10512,CD,0,D1_pwm200_grab3
6986,548,-1464,8264,CD,0,D1_pwm200_grab3
6991,-1272,-1572,8960,CD,0,D1_pwm200_grab3
6996,4548,-240,9936,CD,0,D1_pwm200_grab3
7000,640,704,15556,CD,0,D1_pwm200_grab3
7006,-2580,-2908,7016,CD,0,D1_pwm200_grab3
7011,-320,20,10580,CD,0,D1_pwm200_grab3
7016,-68,-464,12628,CD,0,D1_pwm200_grab3
7021,-968,704,10852,CD,0,D1_pwm200_grab3
7025,952,-1084,12724,CD,0,D1_pwm200_grab3
7030,-1404,-5504,6412,CD,0,D1_pwm200_grab3
7036,-396,1580,11580,CD,0,D1_pwm200_grab3
7040,3088,780,15364,CD,0,D1_pwm200_grab3
7050,3260,-416,8660,CD,0,D1_pwm200_grab3
7055,-828,1348,12908,CD,0,D1_pwm200_grab3
7060,-1584,-2252,10332,CD,0,D1_pwm200_grab3
7065,-3964,-2780,12540,CD,0,D1_pwm200_grab3
7071,2596,144,10724,CD,0,D1_pwm200_grab3
7075,-3444,764,3804,CD,0,D1_pwm200_grab3
7080,1476,2012,10900,CD,0,D1_pwm200_grab3
7086,-32,312,8328,CD,0,D1_pwm200_grab3
7090,2620,2552,9680,CD,0,D1_pwm200_grab3
7100,616,2688,8084,CD,0,D1_pwm200_grab3
7105,2568,-2120,8480,CD,0,D1_pwm200_grab3
7110,3820,-932,9428,CD,0,D1_pwm200_grab3
7116,5880,3700,4988,CD,0,D1_pwm200_grab3
7121,244,-644,6700,CD,0,D1_pwm200_grab3
7126,2216,1468,12584,CD,0,D1_pwm200_grab3
7131,4172,-2200,5572,CD,0,D1_pwm200_grab3
7136,2152,-1068,8740,CD,0,D1_pwm200_grab3
7142,3372,88,11852,CD,0,D1_pwm200_grab3
7151,828,-1416,5696,CD,0,D1_pwm200_grab3
7156,-140,1688,11488,CD,0,D1_pwm200_grab3
7161,-2692,-1664,4028,CD,0,D1_pwm200_grab3
7166,-5520,-2124,12988,CD,0,D1_pwm200_grab3
7172,-2584,204,10156,CD,0,D1_pwm200_grab3
7177,228,-2124,3504,CD,0,D1_pwm200_grab3
7181,-3140,912,11872,CD,0,D1_pwm200_grab3
7187,-756,60,7984,CD,0,D1_pwm200_grab3
7191,200,464,8644,CD,0,D1_pwm200_grab3
7201,-2212,1892,10928,CD,0,D1_pwm200_grab3
7206,960,-3472,7628,CD,0,D1_pwm200_grab3
7211,7716,-2084,15300,CD,0,D1_pwm200_grab3
7217,92,2496,10452,CD,0,D1_pwm200_grab3
7222,220,-2004,11988,CD,0,D1_pwm200_grab3
7227,260,-644,10656,CD,0,D1_pwm200_grab3
7236,100,-148,14384,CD,0,D1_pwm200_grab3
7242,-2632,-212,10252,CD,0,D1_pwm200_grab3
7251,1328,-1900,14772,CD,0,D1_pwm200_grab3
7257,-1236,-1932,10072,CD,0,D1_pwm200_grab3
7262,2352,1020,14844,CD,0,D1_pwm200_grab3
7267,1948,-2424,9140,CD,0,D1_pwm200_grab3
7271,2704,-340,9480,CD,0,D1_pwm200_grab3
7276,1956,932,15592,CD,0,D1_pwm200_grab3
7286,1812,-1204,10748,CD,0,D1_pwm200_grab3
7291,388,1752,14168,CD,0,D1_pwm200_grab3
7301,-4760,-4816,10452,CD,0,D1_pwm200_grab3
7307,540,1896,12676,CD,0,D1_pwm200_grab3
7311,2168,-136,4472,CD,0,D1_pwm200_grab3
7317,-936,-320,12820,CD,0,D1_pwm200_grab3
7322,340,504,11628,CD,0,D1_pwm200_grab3
7327,1392,1296,10568,CD,0,D1_pwm200_grab3
7336,488,2492,11516,CD,0,D1_pwm200_grab3
7342,4280,-1760,9392,CD,0,D1_pwm200_grab3
7352,5720,2560,10920,CD,0,D1_pwm200_grab3
7357,1952,72,8056,CD,0,D1_pwm200_grab3
7362,1180,172,8548,CD,0,D1_pwm200_grab3
7367,9460,2924,11284,CD,0,D1_pwm200_grab3
7372,2848,-700,11672,CD,0,D1_pwm200_grab3
7376,-1632,-1496,7720,CD,0,D1_pwm200_grab3
7387,1468,-1964,10848,CD,0,D1_pwm200_grab3
7392,-1788,524,9280,CD,0,D1_pwm200_grab3
7402,-5796,-6160,8620,CD,0,D1_pwm200_grab3
7407,-1472,292,10656,CD,0,D1_pwm200_grab3
7417,-2760,-216,11188,CD,0,D1_pwm200_grab3
7424,-396,-1084,11008,CD,0,D1_pwm200_grab3
7428,-1320,1628,11060,CD,0,D1_pwm200_grab3
7433,-312,-1224,7788,CD,0,D1_pwm200_grab3
7437,-3476,-476,10740,CD,0,D1_pwm200_grab3
7443,1848,-1364,11252,CD,0,D1_pwm200_grab3
7448,6548,-2552,13180,CD,0,D1_pwm200_grab3
7453,4560,3540,11132,CD,0,D1_pwm200_grab3
7458,456,-1932,9184,CD,0,D1_pwm200_grab3
7463,424,-804,9992,CD,0,D1_pwm200_grab3
7472,-3024,2168,11344,CD,0,D1_pwm200_grab3
7478,488,-3604,8336,CD,0,D1_pwm200_grab3
7482,5172,1388,16220,CD,0,D1_pwm200_grab3
7487,2820,2716,5948,CD,0,D1_pwm200_grab3
7492,-980,-1040,10408,CD,0,D1_pwm200_grab3
7498,3764,2120,15072,CD,0,D1_pwm200_grab3
7503,740,-3440,8244,CD,0,D1_pwm200_grab3
7507,1820,-444,9484,CD,0,D1_pwm200_grab3
7513,-1028,-680,9900,CD,0,D1_pwm200_grab3
7518,-7252,-1356,14712,CD,0,D1_pwm200_grab3
7522,1236,-1556,12904,CD,0,D1_pwm200_grab3
7527,-1284,436,12344,CD,0,D1_pwm200_grab3
7538,-2900,-5720,9328,CD,0,D1_pwm200_grab3
7542,1504,1552,12840,CD,0,D1_pwm200_grab3
7547,804,140,6368,CD,0,D1_pwm200_grab3
7558,968,-900,8900,CD,0,D1_pwm200_grab3
7563,1204,2312,14776,CD,0,D1_pwm200_grab3
7567,-700,-316,6096,CD,0,D1_pwm200_grab3
7572,-4016,-836,13696,CD,0,D1_pwm200_grab3
7577,4396,-116,10636,CD,0,D1_pwm200_grab3
7588,1644,2628,10812,CD,0,D1_pwm200_grab3
7592,1528,16,7568,CD,0,D1_pwm200_grab3
7597,2068,2076,11064,CD,0,D1_pwm200_grab3
7607,-996,3868,11928,CD,0,D1_pwm200_grab3
7612,2988,-2232,8900,CD,0,D1_pwm200_grab3
7618,3752,1224,10268,CD,0,D1_pwm200_grab3
7622,4604,3120,5960,CD,0,D1_pwm200_grab3
7627,232,-100,7356,CD,0,D1_pwm200_grab3
7633,4524,2324,10064,CD,0,D1_pwm200_grab3
7639,2676,-1384,8060,CD,0,D1_pwm200_grab3
7643,5056,-1172,7420,CD,0,D1_pwm200_grab3
7648,1440,864,10920,CD,0,D1_pwm200_grab3
7658,328,-1292,6480,CD,0,D1_pwm200_grab3
7663,-2344,1276,11312,CD,0,D1_pwm200_grab3
7668,-2408,-1228,8080,CD,0,D1_pwm200_grab3
7674,-4744,-1156,11072,CD,0,D1_pwm200_grab3
7680,1476,408,11348,CD,0,D1_pwm200_grab3
7683,-516,-1460,6204,CD,0,D1_pwm200_grab3
7689,-3884,-900,10328,CD,0,D1_pwm200_grab3
7693,-708,568,8168,CD,0,D1_pwm200_grab3
7699,-380,624,8324,CD,0,D1_pwm200_grab3
7703,9052,2480,10632,CD,0,D1_pwm200_grab3
7709,-4672,2204,9096,CD,0,D1_pwm200_grab3
7713,716,-2996,9180,CD,0,D1_pwm200_grab3
7718,1848,-424,7356,CD,0,D1_pwm200_grab3
7723,-604,2196,9368,CD,0,D1_pwm200_grab3
7729,116,-1080,10788,CD,0,D1_pwm200_grab3
7733,-1396,-1400,9732,CD,0,D1_pwm200_grab3
7744,-2496,-320,11664,CD,0,D1_pwm200_grab3
7748,-2064,-1936,7848,CD,0,D1_pwm200_grab3
7754,-1760,80,9036,CD,0,D1_pwm200_grab3
7759,348,-1328,13036,CD,0,D1_pwm200_grab3
7763,-3884,-1148,9116,CD,0,D1_pwm200_grab3
7769,2736,560,9612,CD,0,D1_pwm200_grab3
7773,2988,-2244,10044,CD,0,D1_pwm200_grab3
7779,2544,-1708,8908,CD,0,D1_pwm200_grab3
7783,1604,-308,14800,CD,0,D1_pwm200_grab3
7793,1840,-1184,8756,CD,0,D1_pwm200_grab3
7799,-536,1220,13788,CD,0,D1_pwm200_grab3
7803,-2000,-3456,13612,CD,0,D1_pwm200_grab3
7808,-532,-4336,6872,CD,0,D1_pwm200_grab3
7813,-276,656,10068,CD,0,D1_pwm200_grab3
7819,560,-192,8596,CD,0,D1_pwm200_grab3
7823,-4604,-4,13404,CD,0,D1_pwm200_grab3
7829,896,180,10544,CD,0,D1_pwm200_grab3
7833,2404,1596,12656,CD,1,D1_pwm200_grab3
7844,-760,2340,10868,CD,1,D1_pwm200_grab3
7848,2348,-2136,9032,CD,1,D1_pwm200_grab3
7853,96,-732,7204,CD,1,D1_pwm200_grab3
7859,1968,1200,10196,CD,1,D1_pwm200_grab3
7863,144,376,11140,CD,1,D1_pwm200_grab3
7869,824,484,11848,CD,1,D1_pwm200_grab3
7879,-192,252,12992,CD,1,D1_pwm200_grab3
7884,740,-2936,5876,CD,1,D1_pwm200_grab3
7889,788,-96,7832,CD,1,D1_pwm200_grab3
7894,732,384,10080,CD,1,D1_pwm200_grab3
7900,-1528,36,8380,CD,1,D1_pwm200_grab3
7905,-96,-1572,9192,CD,1,D1_pwm200_grab3
7915,2040,216,7048,CD,1,D1_pwm200_grab3
7920,356,-476,10184,CD,1,D1_pwm200_grab3
7929,-1356,260,6148,CD,1,D1_pwm200_grab3
7934,2296,3360,11664,CD,1,D1_pwm200_grab3
7949,-96,256,11484,CD,1,D1_pwm200_grab3
7954,1136,-1144,3692,CD,1,D1_pwm200_grab3
7960,1268,820,11704,CD,1,D1_pwm200_grab3
7964,-1004,-548,10176,CD,1,D1_pwm200_grab3
7970,-1660,-620,8916,CD,1,D1_pwm200_grab3
7980,-1396,652,9448,CD,1,D1_pwm200_grab3
7984,652,-2480,8760,CD,1,D1_pwm200_grab3
7994,3760,3196,10036,CD,1,D1_pwm200_grab3
7999,444,-1072,8900,CD,1,D1_pwm200_grab3
8005,-2120,-1992,8900,CD,1,D1_pwm200_grab3
8009,6588,-652,12336,CD,1,D1_pwm200_grab3
8014,-824,-2068,11616,CD,1,D1_pwm200_grab3
8019,-908,300,11524,CD,1,D1_pwm200_grab3
8025,4212,120,14976,CD,1,D1_pwm200_grab3
8029,1332,1532,11176,CD,1,D1_pwm200_grab3
8034,-1376,-848,9268,CD,1,D1_pwm200_grab3
8039,44,-1972,12764,CD,1,D1_pwm200_grab3
8044,432,-3956,8572,CD,1,D1_pwm200_grab3
8049,1624,400,8964,CD,1,D1_pwm200_grab3
8054,2068,928,13584,CD,1,D1_pwm200_grab3
8065,2344,-1616,13912,CD,1,D1_pwm200_grab3
8069,-572,664,11884,CD,1,D1_pwm200_grab3
8079,-2696,-4276,10628,CD,1,D1_pwm200_grab3
8084,1220,2300,12176,CD,1,D1_pwm200_grab3
8090,1896,748,4720,CD,1,D1_pwm200_grab3
8094,-316,328,14080,CD,1,D1_pwm200_grab3
8099,-1120,1596,9948,CD,1,D1_pwm200_grab3
8105,1804,2564,10652,CD,1,D1_pwm200_grab3
8110,316,1432,7760,CD,1,D1_pwm200_grab3
8114,-340,1064,11348,CD,1,D1_pwm200_grab3
8119,2024,-1412,9392,CD,1,D1_pwm200_grab3
8124,3176,-1424,11048,CD,1,D1_pwm200_grab3
8129,1692,2480,8312,CD,1,D1_pwm200_grab3
8135,1216,484,7968,CD,1,D1_pwm200_grab3
8139,1436,296,12192,CD,1,D1_pwm200_grab3
8150,456,-1680,12292,CD,1,D1_pwm200_grab3
8155,316,-2024,7720,CD,1,D1_pwm200_grab3
8166,1416,-2052,11212,CD,1,D1_pwm200_grab3
8171,-1288,12,9280,CD,1,D1_pwm200_grab3
8175,-2144,-1440,9216,CD,1,D1_pwm200_grab3
8181,-1652,-5300,9752,CD,1,D1_pwm200_grab3
8186,1556,432,9116,CD,1,D1_pwm200_grab3
8190,-1108,-1228,4748,CD,1,D1_pwm200_grab3
8201,-108,-2168,7804,CD,1,D1_pwm200_grab3
8206,-1652,900,10592,CD,1,D1_pwm200_grab3
8210,-4584,-2828,6408,CD,1,D1_pwm200_grab3
8215,-5312,-3452,13920,CD,1,D1_pwm200_grab3
8220,680,1364,11560,CD,1,D1_pwm200_grab3
8225,-5168,-20,3792,CD,1,D1_pwm200_grab3
8230,1728,3164,10240,CD,1,D1_pwm200_grab3
8235,-64,-1612,9316,CD,1,D1_pwm200_grab3
8241,2144,1856,11032,CD,1,D1_pwm200_grab3
8245,4168,-536,10936,CD,1,D1_pwm200_grab3
8250,-2400,700,8864,CD,1,D1_pwm200_grab3
8255,-1240,-2516,9528,CD,1,D1_pwm200_grab3
8260,4816,2696,15376,CD,1,D1_pwm200_grab3
8266,6628,5424,11464,CD,1,D1_pwm200_grab3
8271,288,-892,8348,CD,1,D1_pwm200_grab3
8275,-3856,-3420,7852,CD,1,D1_pwm200_grab3
8286,-1396,1224,15132,CD,1,D1_pwm200_grab3
8290,-2844,-4048,6776,CD,1,D1_pwm200_grab3
8295,2488,-72,11936,CD,1,D1_pwm200_grab3
8300,780,1264,10276,CD,1,D1_pwm200_grab3
8306,-2384,-344,8912,CD,1,D1_pwm200_grab3
8310,-1100,-2292,12964,CD,1,D1_pwm200_grab3
8316,-1360,-4704,7276,CD,1,D1_pwm200_grab3
8320,1796,-784,13836,CD,1,D1_pwm200_grab3
8326,1312,-316,13400,CD,1,D1_pwm200_grab3
8336,3120,-1236,11184,CD,1,D1_pwm200_grab3
8340,-868,288,11952,CD,1,D1_pwm200_grab3
8345,-6568,-3764,10296,CD,1,D1_pwm200_grab3
8356,1740,1404,11500,CD,1,D1_pwm200_grab3
8361,448,1184,4076,CD,1,D1_pwm200_grab3
8370,2636,-988,9708,CD,1,D1_pwm200_grab3
8375,1976,2824,14096,CD,1,D1_pwm200_grab3
8381,308,508,7768,CD,1,D1_pwm200_grab3
8386,1216,1800,9664,CD,1,D1_pwm200_grab3
8391,2712,-132,10428,CD,1,D1_pwm200_grab3
8401,1364,2560,9396,CD,1,D1_pwm200_grab3
8407,1528,200,7668,CD,1,D1_pwm200_grab3
8411,1688,504,12092,CD,1,D1_pwm200_grab3
8421,1032,100,13048,CD,1,D1_pwm200_grab3
8426,224,-2204,6824,CD,1,D1_pwm200_grab3
8436,2000,-1988,10216,CD,1,D1_pwm200_grab3
8442,272,308,10744,CD,1,D1_pwm200_grab3
8451,2104,-1392,5092,CD,1,D1_pwm200_grab3
8457,1508,-2812,6568,CD,1,D1_pwm200_grab3
8462,3396,-524,12180,CD,1,D1_pwm200_grab3
8472,756,-1644,6528,CD,1,D1_pwm200_grab3
8476,-952,1324,12664,CD,1,D1_pwm200_grab3
8482,-2776,-2236,5464,CD,1,D1_pwm200_grab3
8487,-3416,-2604,12076,CD,1,D1_pwm200_grab3
8492,-128,-952,9564,CD,1,D1_pwm200_grab3
8497,-1936,-660,3804,CD,1,D1_pwm200_grab3
8502,-4632,-284,10532,CD,1,D1_pwm200_grab3
8506,-2016,-384,10724,CD,1,D1_pwm200_grab3
8511,1556,1892,9300,CD,1,D1_pwm200_grab3
8516,8292,2884,8932,CD,1,D1_pwm200_grab3
8522,-2824,1764,9660,CD,1,D1_pwm200_grab3
8526,-304,-2088,11280,CD,1,D1_pwm200_grab3
8531,828,340,4400,CD,1,D1_pwm200_grab3
8536,1800,3172,9900,CD,1,D1_pwm200_grab3
8542,-728,-1308,13104,CD,1,D1_pwm200_grab3
8546,336,-544,11504,CD,1,D1_pwm200_grab3
8551,8948,2324,9948,CD,1,D1_pwm200_grab3
8556,100,676,15060,CD,1,D1_pwm200_grab3
8561,-2676,-3612,7276,CD,1,D1_pwm200_grab3
8566,-1680,1124,11020,CD,1,D1_pwm200_grab3
8571,308,-576,13440,CD,1,D1_pwm200_grab3
8576,1308,-264,10012,CD,1,D1_pwm200_grab3
8581,-556,-2016,9000,CD,1,D1_pwm200_grab3
8591,3600,-1056,11348,CD,1,D1_pwm200_grab3
8596,2872,-960,15296,CD,1,D1_pwm200_grab3
8606,3300,-2052,9088,CD,1,D1_pwm200_grab3
8612,-1360,28,12088,CD,1,D1_pwm200_grab3
8617,-3032,-3128,12588,CD,1,D1_pwm200_grab3
8621,-2036,-4276,6296,CD,1,D1_pwm200_grab3
8626,3508,-692,8740,CD,1,D1_pwm200_grab3
8631,2692,1356,11916,CD,1,D1_pwm200_grab3
8636,-4324,-1472,10364,CD,1,D1_pwm200_grab3
8642,1564,704,7944,CD,1,D1_pwm200_grab3
8646,3880,3384,11392,CD,1,D1_pwm200_grab3
8652,4336,988,12904,CD,1,D1_pwm200_grab3
8656,612,2092,8076,CD,1,D1_pwm200_grab3
8662,424,-1156,8964,CD,1,D1_pwm200_grab3
8667,5604,2708,15096,CD,1,D1_pwm200_grab3
8672,3376,3680,10580,CD,1,D1_pwm200_grab3
8678,1316,192,6724,CD,1,D1_pwm200_grab3
8682,-600,-1568,11172,CD,1,D1_pwm200_grab3
8688,5164,-860,7356,CD,1,D1_pwm200_grab3
8693,752,-1208,11604,CD,1,D1_pwm200_grab3
8698,260,-1332,7696,CD,1,D1_pwm200_grab3
8708,-388,1820,7520,CD,1,D1_pwm200_grab3
8712,-2480,-600,6256,CD,1,D1_pwm200_grab3
8717,1392,-1984,12800,CD,1,D1_pwm200_grab3
8723,-936,-2748,4748,CD,1,D1_pwm200_grab3
8728,172,-1464,7088,CD,1,D1_pwm200_grab3
8733,1932,568,10444,CD,1,D1_pwm200_grab3
8743,1496,-1760,6804,CD,1,D1_pwm200_grab3
8748,-3276,-644,9700,CD,1,D1_pwm200_grab3
8763,164,236,11012,CD,1,D1_pwm200_grab3
8767,-1500,336,4684,CD,1,D1_pwm200_grab3
8772,-3532,800,11048,CD,1,D1_pwm200_grab3
8777,-1216,-424,13912,CD,1,D1_pwm200_grab3
8783,1128,1684,8856,CD,1,D1_pwm200_grab3
8793,-4440,-2336,11828,CD,1,D1_pwm200_grab3
8797,2596,276,11320,CD,1,D1_pwm200_grab3
8803,-1108,-1756,6632,CD,1,D1_pwm200_grab3
8807,1468,2872,9592,CD,1,D1_pwm200_grab3
8813,-420,-700,12868,CD,1,D1_pwm200_grab3
8818,852,620,12004,CD,1,D1_pwm200_grab3
8828,1072,412,14032,CD,1,D1_pwm200_grab3
8832,828,-1576,10196,CD,1,D1_pwm200_grab3
8838,2172,448,7788,CD,1,D1_pwm200_grab3
8842,5756,5032,9012,CD,1,D1_pwm200_grab3
8847,264,-836,10424,CD,1,D1_pwm200_grab3
8852,2688,-2128,9024,CD,1,D1_pwm200_grab3
8857,3032,-1568,10132,CD,1,D1_pwm200_grab3
8862,4920,-1076,9912,CD,1,D1_pwm200_grab3
8868,3020,-400,14028,CD,1,D1_pwm200_grab3
8878,44,640,11724,CD,1,D1_pwm200_grab3
8882,476,-236,12100,CD,1,D1_pwm200_grab3
8887,-644,-2540,11176,CD,1,D1_pwm200_grab3
8892,-1212,-4080,6640,CD,1,D1_pwm200_grab3
8898,3608,-336,9792,CD,1,D1_pwm200_grab3
8902,1332,448,10344,CD,1,D1_pwm200_grab3
8907,-6104,-820,9956,CD,1,D1_pwm200_grab3
8913,-140,720,6812,CD,1,D1_pwm200_grab3
8918,2884,2820,13508,CD,1,D1_pwm200_grab3
8923,6400,1532,13808,CD,1,D1_pwm200_grab3
8929,1564,1884,8468,CD,1,D1_pwm200_grab3
8933,-852,-2464,8236,CD,1,D1_pwm200_grab3
8944,4968,4692,9824,CD,1,D1_pwm200_grab3
8949,-92,-624,7292,CD,1,D1_pwm200_grab3
8953,-2452,-2588,10132,CD,1,D1_pwm200_grab3
8958,2464,-2356,6344,CD,1,D1_pwm200_grab3
8963,-2348,1148,12356,CD,1,D1_pwm200_grab3
8969,-1244,-3424,5032,CD,1,D1_pwm200_grab3
8973,2608,-576,9568,CD,1,D1_pwm200_grab3
8978,500,2428,6548,CD,1,D1_pwm200_grab3
8984,-3224,-1344,8180,CD,1,D1_pwm200_grab3
8988,3144,-1100,13540,CD,1,D1_pwm200_grab3
8993,-3612,-4640,5176,CD,1,D1_pwm200_grab3
8999,852,-1424,6456,CD,1,D1_pwm200_grab3
9004,-1484,-1560,9840,CD,1,D1_pwm200_grab3
9013,1224,-2444,9360,CD,1,D1_pwm200_grab3
9018,-2168,-812,8856,CD,1,D1_pwm200_grab3
9023,-7684,-3996,11780,CD,1,D1_pwm200_grab3
9028,-5324,-5844,8208,CD,1,D1_pwm200_grab3
9034,992,984,12844,CD,1,D1_pwm200_grab3
9039,-1380,-312,3256,CD,1,D1_pwm200_grab3
9044,-204,892,12868,CD,1,D1_pwm200_grab3
9048,1012,-1616,7240,CD,1,D1_pwm200_grab3
9053,-1068,1452,13416,CD,1,D1_pwm200_grab3
9058,-628,604,8344,CD,1,D1_pwm200_grab3
9063,-1972,32,10108,CD,1,D1_pwm200_grab3
9068,916,-76,11552,CD,1,D1_pwm200_grab3
9079,1364,3088,9776,CD,1,D1_pwm200_grab3
9083,1360,516,10972,CD,1,D1_pwm200_grab3
9088,-224,1464,8840,CD,1,D1_pwm200_grab3
9099,-3652,2516,12452,CD,1,D1_pwm200_grab3
9103,1480,-1680,8692,CD,1,D1_pwm200_grab3
9109,5536,1696,15496,CD,1,D1_pwm200_grab3
9113,2364,3204,7876,CD,1,D1_pwm200_grab3
9119,-312,-676,9440,CD,1,D1_pwm200_grab3
9123,3976,1620,12040,CD,1,D1_pwm200_grab3
9128,192,-1552,8848,CD,1,D1_pwm200_grab3
9133,424,508,13284,CD,1,D1_pwm200_grab3
9139,-20,-1936,8740,CD,1,D1_pwm200_grab3
9148,1392,-2276,13588,CD,1,D1_pwm200_grab3
9153,1740,568,11932,CD,1,D1_pwm200_grab3
9163,-1484,-3788,9004,CD,1,D1_pwm200_grab3
9169,4084,248,10104,CD,1,D1_pwm200_grab3
9174,-348,376,4368,CD,1,D1_pwm200_grab3
9180,-2552,-948,10284,CD,1,D1_pwm200_grab3
9184,-1208,648,8940,CD,1,D1_pwm200_grab3
9190,3740,3116,10952,CD,1,D1_pwm200_grab3
9199,612,2584,10028,CD,1,D1_pwm200_grab3
9205,56,-3064,9072,CD,1,D1_pwm200_grab3
9210,3772,-1400,6456,CD,1,D1_pwm200_grab3
9214,3372,3728,5936,CD,1,D1_pwm200_grab3
9219,-492,892,9656,CD,1,D1_pwm200_grab3
9224,272,376,9768,CD,1,D1_pwm200_grab3
9234,-2796,872,11644,CD,1,D1_pwm200_grab3
9239,-1572,-4360,5056,CD,1,D1_pwm200_grab3
9245,-4284,-496,8856,CD,1,D1_pwm200_grab3
9249,-620,-1096,10060,CD,1,D1_pwm200_grab3
9255,-3524,-1976,9080,CD,1,D1_pwm200_grab3
9259,-788,-2828,6820,CD,1,D1_pwm200_grab3
9264,772,-3016,10372,CD,1,D1_pwm200_grab3
9270,884,-1648,8028,CD,1,D1_pwm200_grab3
9275,1876,-1220,13000,CD,1,D1_pwm200_grab3
9285,2268,-2872,8368,CD,1,D1_pwm200_grab3
9289,-4724,-60,9048,CD,1,D1_pwm200_grab3
9294,-2952,-3808,12320,CD,1,D1_pwm200_grab3
9300,-5172,-5712,12552,CD,1,D1_pwm200_grab3
9304,1520,44,10048,CD,1,D1_pwm200_grab3
9309,-4,544,11552,CD,1,D1_pwm200_grab3
9314,-5176,-724,11996,CD,1,D1_pwm200_grab3
9320,-276,-1216,8080,CD,1,D1_pwm200_grab3
9325,1728,1936,12528,CD,1,D1_pwm200_grab3
9329,3960,-1204,12656,CD,1,D1_pwm200_grab3
9334,-1284,1840,10836,CD,1,D1_pwm200_grab3
9339,-388,-976,10972,CD,1,D1_pwm200_grab3
9344,-240,468,6636,CD,1,D1_pwm200_grab3
9349,1552,2124,13420,CD,1,D1_pwm200_grab3
9354,-1280,396,12372,CD,1,D1_pwm200_grab3
9359,236,872,8888,CD,1,D1_pwm200_grab3
9370,-2624,2476,15108,CD,1,D1_pwm200_grab3
9374,448,-2444,6528,CD,1,D1_pwm200_grab3
9380,7332,928,16508,CD,1,D1_pwm200_grab3
9385,788,2408,9044,CD,1,D1_pwm200_grab3
9389,1600,524,9520,CD,1,D1_pwm200_grab3
9394,448,-228,10744,CD,1,D1_pwm200_grab3
9400,8396,2128,13340,CD,1,D1_pwm200_grab3
9404,-368,20,14032,CD,1,D1_pwm200_grab3
9409,432,-2480,9268,CD,1,D1_pwm200_grab3
9420,1824,-1504,12448,CD,1,D1_pwm200_grab3
9424,2104,-60,11436,CD,1,D1_pwm200_grab3
9436,-1852,-4868,8284,CD,1,D1_pwm200_grab3
9440,4540,-216,9328,CD,1,D1_pwm200_grab3
9445,-776,384,4584,CD,1,D1_pwm200_grab3
9450,-1324,-2212,9840,CD,1,D1_pwm200_grab3
9455,-1480,484,9068,CD,1,D1_pwm200_grab3
9460,3872,3632,10104,CD,1,D1_pwm200_grab3
9472,-276,3008,9868,CD,1,D1_pwm200_grab3
9475,3916,1356,11552,CD,1,D1_pwm200_grab3
9485,3860,1332,9976,CD,1,D1_pwm200_grab3
9490,-1336,620,10544,CD,1,D1_pwm200_grab3
9496,-824,-804,9540,CD,1,D1_pwm200_grab3
9505,-4592,1276,11756,CD,1,D1_pwm200_grab3
9515,4436,2836,13868,CD,1,D1_pwm200_grab3
9521,4468,4756,10192,CD,1,D1_pwm200_grab3
9525,884,-364,9044,CD,1,D1_pwm200_grab3
9531,-3092,-3368,7404,CD,1,D1_pwm200_grab3
9535,4896,256,11816,CD,1,D1_pwm200_grab3
9540,-1336,-1568,9860,CD,1,D1_pwm200_grab3
9546,-1724,-3628,8912,CD,1,D1_pwm200_grab3
9555,1376,-2400,9972,CD,1,D1_pwm200_grab3
9560,-2528,-1732,9088,CD,1,D1_pwm200_grab3
9566,2308,1280,9820,CD,1,D1_pwm200_grab3
9571,-1760,-4540,8684,CD,1,D1_pwm200_grab3
9575,648,-2116,6340,CD,1,D1_pwm200_grab3
9580,1008,364,12564,CD,1,D1_pwm200_grab3
9590,1700,-1548,8712,CD,1,D1_pwm200_grab3
9595,-4288,1028,12588,CD,1,D1_pwm200_grab3
9606,-1504,-5992,6520,CD,1,D1_pwm200_grab3
9610,2112,728,10564,CD,1,D1_pwm200_grab3
9615,-1732,192,8936,CD,1,D1_pwm200_grab3
9620,-1120,-776,12460,CD,1,D1_pwm200_grab3
9626,-752,-480,9316,CD,1,D1_pwm200_grab3
9631,2584,3000,10604,CD,1,D1_pwm200_grab3
9636,8816,1224,12768,CD,1,D1_pwm200_grab3
9640,-1652,3264,12392,CD,1,D1_pwm200_grab3
9645,2248,2016,12372,CD,1,D1_pwm200_grab3
9650,-4916,264,4912,CD,1,D1_pwm200_grab3
9655,3948,1924,11964,CD,1,D1_pwm200_grab3
9660,-664,1232,11604,CD,1,D1_pwm200_grab3
9665,836,760,10668,CD,1,D1_pwm200_grab3
9675,-2172,2356,14728,CD,1,D1_pwm200_grab3
9681,592,-3220,4992,CD,1,D1_pwm200_grab3
9687,6276,612,12572,CD,1,D1_pwm200_grab3
9691,760,1052,8844,CD,1,D1_pwm200_grab3
9697,176,-924,11028,CD,1,D1_pwm200_grab3
9702,5296,248,10536,CD,1,D1_pwm200_grab3
9706,-1304,-2444,7616,CD,1,D1_pwm200_grab3
9711,5616,-1736,7276,CD,1,D1_pwm200_grab3
9716,2180,1436,10748,CD,1,D1_pwm200_grab3
9721,-8200,-1252,7492,CD,1,D1_pwm200_grab3
9728,2544,-1128,7492,CD,1,D1_pwm200_grab3
9732,1792,-368,10836,CD,1,D1_pwm200_grab3
9737,-9260,-1744,7676,CD,1,D1_pwm200_grab3
9741,-1516,-5344,7636,CD,1,D1_pwm200_grab3
9747,4640,-4,8820,CD,1,D1_pwm200_grab3
9752,-948,128,5844,CD,1,D1_pwm200_grab3
9756,-988,-2868,9096,CD,1,D1_pwm200_grab3
9762,-1892,604,9380,CD,1,D1_pwm200_grab3
9766,3068,3600,9824,CD,1,D1_pwm200_grab3
9772,-4440,-2232,4792,CD,1,D1_pwm200_grab3
9777,-2460,-4232,12312,CD,1,D1_pwm200_grab3
9781,996,576,9796,CD,1,D1_pwm200_grab3
9787,-5532,-640,3852,CD,1,D1_pwm200_grab3
9791,3116,2236,10064,CD,1,D1_pwm200_grab3
9797,-2288,520,11556,CD,1,D1_pwm200_grab3
9801,-1368,-960,9408,CD,1,D1_pwm200_grab3
9806,11076,2956,5200,CD,1,D1_pwm200_grab3
9811,-5212,1280,12092,CD,1,D1_pwm200_grab3
9817,-2752,-1576,9344,CD,1,D1_pwm200_grab3
9821,4008,2660,13204,CD,1,D1_pwm200_grab3
9827,2008,3936,10892,CD,1,D1_pwm200_grab3
9831,756,-792,9768,CD,1,D1_pwm200_grab3
9836,-784,-2512,9156,CD,1,D1_pwm200_grab3
9841,4892,1412,13668,CD,1,D1_pwm200_grab3
9846,-2792,-756,11764,CD,1,D1_pwm200_grab3
9852,-656,-2676,10488,CD,1,D1_pwm200_grab3
9856,4088,996,12312,CD,1,D1_pwm200_grab3
9861,3796,3672,9688,CD,1,D1_pwm200_grab3
9866,-1604,-1444,8608,CD,1,D1_pwm200_grab3
9871,1592,-1260,9640,CD,1,D1_pwm200_grab3
9877,960,-664,14048,CD,1,D1_pwm200_grab3
9882,3640,-1492,9124,CD,1,D1_pwm200_grab3
9886,1764,-320,12776,CD,1,D1_pwm200_grab3
9896,2624,-2304,10740,CD,1,D1_pwm200_grab3
9902,-728,-1368,10380,CD,1,D1_pwm200_grab3
9906,4856,1232,11996,CD,1,D1_pwm200_grab3
9911,276,-3468,6340,CD,1,D1_pwm200_grab3
9916,3696,-1244,8844,CD,1,D1_pwm200_grab3
9922,3448,2092,11908,CD,1,D1_pwm200_grab3
9927,-7904,-1828,10512,CD,1,D1_pwm200_grab3
9931,1260,-644,8112,CD,1,D1_pwm200_grab3
9936,-224,3500,15120,CD,1,D1_pwm200_grab3
9943,-348,664,4968,CD,1,D1_pwm200_grab3
9947,-1228,-1636,12744,CD,1,D1_pwm200_grab3
9952,3336,1772,10252,CD,1,D1_pwm200_grab3
9958,-5044,-56,5084,CD,1,D1_pwm200_grab3
9962,4820,1932,9996,CD,1,D1_pwm200_grab3
9968,-400,748,10356,CD,1,D1_pwm200_grab3
9973,1056,564,9164,CD,1,D1_pwm200_grab3
9984,-1984,2300,11304,CD,1,D1_pwm200_grab3
9987,636,-192,9004,CD,1,D1_pwm200_grab3
9998,1300,3040,9472,CD,1,D1_pwm200_grab3
10003,188,-312,9484,CD,1,D1_pwm200_grab3
10007,2052,-524,9116,CD,1,D1_pwm200_grab3
10013,6492,2020,11116,CD,1,D1_pwm200_grab3
10017,-816,1352,10808,CD,1,D1_pwm200_grab3
10022,-2132,-3804,6736,CD,1,D1_pwm200_grab3
10032,3280,4356,9516,CD,1,D1_pwm200_grab3
10037,-1240,-580,8112,CD,1,D1_pwm200_grab3
10043,-2848,-3772,8804,CD,1,D1_pwm200_grab3
10047,2324,-364,12380,CD,1,D1_pwm200_grab3
10052,152,-2528,8832,CD,1,D1_pwm200_grab3
10058,-1352,-3036,10476,CD,1,D1_pwm200_grab3
10068,1788,-2312,10500,CD,1,D1_pwm200_grab3
10073,-2592,-1340,7808,CD,1,D1_pwm200_grab3
10078,-732,-2044,7876,CD,1,D1_pwm200_grab3
10082,-36,-2480,14128,CD,1,D1_pwm200_grab3
10088,972,-2952,7272,CD,1,D1_pwm200_grab3
10093,1168,-1280,12876,CD,1,D1_pwm200_grab3
10102,1680,-3412,9092,CD,1,D1_pwm200_grab3
10108,-4796,416,9936,CD,1,D1_pwm200_grab3
10112,2760,488,10500,CD,1,D1_pwm200_grab3
10118,-1416,-4260,8000,CD,1,D1_pwm200_grab3
10122,1800,-2068,8684,CD,1,D1_pwm200_grab3
10128,1364,2264,11780,CD,1,D1_pwm200_grab3
10138,844,-972,9132,CD,1,D1_pwm200_grab3
10143,-2812,2368,14052,CD,1,D1_pwm200_grab3
10148,-1116,-696,7024,CD,1,D1_pwm200_grab3
10152,-2940,-3288,11840,CD,1,D1_pwm200_grab3
10158,3192,876,10552,CD,1,D1_pwm200_grab3
10163,-1092,1184,11152,CD,1,D1_pwm200_grab3
10167,0,-1824,11008,CD,1,D1_pwm200_grab3
10172,-604,408,9696,CD,1,D1_pwm200_grab3
10178,3956,3776,11884,CD,1,D1_pwm200_grab3
10182,5744,-252,14024,CD,1,D1_pwm200_grab3
10187,-1808,2368,13012,CD,1,D1_pwm200_grab3
10192,-428,-176,10176,CD,1,D1_pwm200_grab3
10203,1412,4424,11424,CD,1,D1_pwm200_grab3
10209,1840,-12,9284,CD,1,D1_pwm200_grab3
10214,2116,-1024,10536,CD,1,D1_pwm200_grab3
10219,5892,3420,11532,CD,1,D1_pwm200_grab3
10223,1888,436,11764,CD,1,D1_pwm200_grab3
10228,-536,-3572,6728,CD,1,D1_pwm200_grab3
10234,-2244,868,10308,CD,1,D1_pwm200_grab3
10238,1784,-2116,8696,CD,1,D1_pwm200_grab3
10243,256,-888,8492,CD,1,D1_pwm200_grab3
10249,780,-1680,8872,CD,1,D1_pwm200_grab3
10253,1680,972,12200,CD,1,D1_pwm200_grab3
10259,3480,-1552,7812,CD,1,D1_pwm200_grab3
10263,-292,-2980,9132,CD,1,D1_pwm200_grab3
10273,2364,-2468,9824,CD,1,D1_pwm200_grab3
10278,-512,596,9212,CD,1,D1_pwm200_grab3
10283,3368,652,5864,CD,1,D1_pwm200_grab3
10288,-2448,-4524,10220,CD,1,D1_pwm200_grab3
10294,3796,-2492,6540,CD,1,D1_pwm200_grab3
10298,696,-644,10960,CD,1,D1_pwm200_grab3
10308,1004,-2160,7984,CD,1,D1_pwm200_grab3
10314,-4648,1492,9008,CD,1,D1_pwm200_grab3
10318,-3288,-1796,9140,CD,1,D1_pwm200_grab3
10324,-2224,-4612,9396,CD,1,D1_pwm200_grab3
10328,1392,-1000,8560,CD,1,D1_pwm200_grab3
10334,200,1476,10116,CD,1,D1_pwm200_grab3
10338,-5816,-1316,9336,CD,1,D1_pwm200_grab3
10343,132,-852,7592,CD,1,D1_pwm200_grab3
10349,80,2468,14116,CD,1,D1_pwm200_grab3
10354,-220,-792,9296,CD,1,D1_pwm200_grab3
10358,-3588,-1680,11580,CD,1,D1_pwm200_grab3
10364,220,512,11460,CD,1,D1_pwm200_grab3
10368,-1284,1540,6836,CD,1,D1_pwm200_grab3
10373,-1976,-156,10716,CD,1,D1_pwm200_grab3
10379,-1680,848,10756,CD,1,D1_pwm200_grab3
10384,1220,2308,9052,CD,1,D1_pwm200_grab3
10393,-4384,2172,12212,CD,1,D1_pwm200_grab3
10398,-2464,-784,11184,CD,1,D1_pwm200_grab3
10404,3852,2604,12604,CD,1,D1_pwm200_grab3
10409,3588,5376,11876,CD,1,D1_pwm200_grab3
10414,-1644,688,12056,CD,1,D1_pwm200_grab3
10419,1012,624,10536,CD,1,D1_pwm200_grab3
10428,-2648,2904,13940,CD,1,D1_pwm200_grab3
10434,2892,-792,10948,CD,1,D1_pwm200_grab3
10438,7220,1468,14452,CD,1,D1_pwm200_grab3
10444,2924,3844,9552,CD,1,D1_pwm200_grab3
10448,320,-1548,10580,CD,1,D1_pwm200_grab3
10455,1012,-2268,11304,CD,1,D1_pwm200_grab3
10459,680,828,13236,CD,1,D1_pwm200_grab3
10464,4352,-1384,9096,CD,1,D1_pwm200_grab3
10470,1772,-516,11516,CD,1,D1_pwm200_grab3
10479,3000,-3272,9080,CD,1,D1_pwm200_grab3
10485,1564,1084,11056,CD,1,D1_pwm200_grab3
10489,-6184,-2732,15424,CD,1,D1_pwm200_grab3
10494,2216,-4576,5308,CD,1,D1_pwm200_grab3
10499,5544,-1736,7656,CD,1,D1_pwm200_grab3
10505,1240,852,9996,CD,1,D1_pwm200_grab3
10509,-8976,-2196,7564,CD,1,D1_pwm200_grab3
10515,1800,-1608,7860,CD,1,D1_pwm200_grab3
10519,-1744,2952,13292,CD,1,D1_pwm200_grab3
10525,-2880,-1172,8152,CD,1,D1_pwm200_grab3
10529,-2652,-2776,9472,CD,1,D1_pwm200_grab3
10534,1064,924,9644,CD,1,D1_pwm200_grab3
10539,-904,384,10836,CD,1,D1_pwm200_grab3
10545,-3260,-2752,8056,CD,1,D1_pwm200_grab3
10549,-1160,-108,8000,CD,1,D1_pwm200_grab3
10555,1304,3132,13016,CD,1,D1_pwm200_grab3
10559,3212,-1164,14028,CD,1,D1_pwm200_grab3
10565,-3008,-1392,9980,CD,1,D1_pwm200_grab3
10569,-1840,-1036,11040,CD,1,D1_pwm200_grab3
10575,7812,-3412,13824,CD,1,D1_pwm200_grab3
10580,860,4092,10160,CD,1,D1_pwm200_grab3
10584,-2568,592,9908,CD,1,D1_pwm200_grab3
10589,-120,1276,7480,CD,1,D1_pwm200_grab3
10595,9964,1996,12232,CD,1,D1_pwm200_grab3
10600,-5420,2020,13204,CD,1,D1_pwm200_grab3
10605,-3948,-2112,11808,CD,1,D1_pwm200_grab3
10609,2640,-240,7496,CD,1,D1_pwm200_grab3
10614,3484,5332,11168,CD,1,D1_pwm200_grab3
10620,-1432,-736,9684,CD,1,D1_pwm200_grab3
10624,-1248,-296,8428,CD,1,D1_pwm200_grab3
10634,-5236,1764,13172,CD,1,D1_pwm200_grab3
10639,1012,-2504,11776,CD,1,D1_pwm200_grab3
10644,5816,1948,15120,CD,1,D1_pwm200_grab3
10650,2400,3464,9552,CD,1,D1_pwm200_grab3
10655,-1312,-1812,11184,CD,1,D1_pwm200_grab3
10659,1332,-1424,10276,CD,1,D1_pwm200_grab3
10664,1672,-816,14840,CD,1,D1_pwm200_grab3
10669,-2940,1200,12340,CD,1,D1_pwm200_grab3
10674,-764,-3724,4408,CD,1,D1_pwm200_grab3
10680,4312,988,12516,CD,1,D1_pwm200_grab3
10684,828,500,10244,CD,1,D1_pwm200_grab3
10689,-1444,-1384,10344,CD,1,D1_pwm200_grab3
10694,3124,696,6168,CD,1,D1_pwm200_grab3
10700,-1876,-3680,8456,CD,1,D1_pwm200_grab3
10705,5572,-2444,8932,CD,1,D1_pwm200_grab3
10710,2496,44,15612,CD,1,D1_pwm200_grab3
10721,2060,-1156,7744,CD,1,D1_pwm200_grab3
10726,-1156,2596,13312,CD,1,D1_pwm200_grab3
10730,-2892,-904,6820,CD,1,D1_pwm200_grab3
10736,1216,-2852,10240,CD,1,D1_pwm200_grab3
10740,1420,1576,9564,CD,1,D1_pwm200_grab3
10745,1612,-448,9156,CD,1,D1_pwm200_grab3
10750,3036,2368,10456,CD,1,D1_pwm200_grab3
10755,1012,168,7444,CD,1,D1_pwm200_grab3
10760,1936,2748,15676,CD,1,D1_pwm200_grab3
10765,1260,-1696,10968,CD,1,D1_pwm200_grab3
10770,-184,-1120,10568,CD,1,D1_pwm200_grab3
10776,-484,492,9496,CD,1,D1_pwm200_grab3
10781,416,-1000,6752,CD,1,D1_pwm200_grab3
10786,1684,3044,9868,CD,1,D1_pwm200_grab3
10790,-992,-336,9032,CD,1,D1_pwm200_grab3
10795,2732,3000,8820,CD,1,D1_pwm200_grab3
10806,-3912,2896,11388,CD,1,D1_pwm200_grab3
10810,-3560,-1616,9528,CD,1,D1_pwm200_grab3
10816,1512,1876,9824,CD,1,D1_pwm200_grab3
10820,2524,3968,10736,CD,1,D1_pwm200_grab3
10825,-3108,-1328,6872,CD,1,D1_pwm200_grab3
10830,532,-2060,9516,CD,1,D1_pwm200_grab3
10835,2668,1968,9848,CD,1,D1_pwm200_grab3
10840,-5216,2952,12564,CD,1,D1_pwm200_grab3
10846,1520,-2312,11828,CD,1,D1_pwm200_grab3
10851,3088,-696,9160,CD,1,D1_pwm200_grab3
10855,2088,3888,8848,CD,1,D1_pwm200_grab3
10861,-3584,-2824,8076,CD,1,D1_pwm200_grab3
10865,252,-2092,11952,CD,1,D1_pwm200_grab3
10871,-1104,-48,12292,CD,1,D1_pwm200_grab3
10875,1912,-1576,10496,CD,1,D1_pwm200_grab3
10880,-896,-3856,6236,CD,1,D1_pwm200_grab3
10885,3420,1232,10764,CD,1,D1_pwm200_grab3
10890,576,2600,9056,CD,1,D1_pwm200_grab3
10895,-2264,-1672,9860,CD,1,D1_pwm200_grab3
10900,1344,-396,8056,CD,1,D1_pwm200_grab3
10905,-1232,-3424,12520,CD,1,D1_pwm200_grab3
10911,3500,-2928,10540,CD,1,D1_pwm200_grab3
10915,1876,68,15792,CD,1,D1_pwm200_grab3
10926,2040,-2320,11984,CD,1,D1_pwm200_grab3
10931,-1196,-80,10896,CD,1,D1_pwm200_grab3
10935,-2056,724,10608,CD,1,D1_pwm200_grab3
10940,-2348,-5312,8220,CD,1,D1_pwm200_grab3
10945,5424,-1184,9568,CD,1,D1_pwm200_grab3
10950,1272,2488,12944,CD,1,D1_pwm200_grab3
10956,-5288,-2156,8800,CD,1,D1_pwm200_grab3
10961,1884,320,9856,CD,1,D1_pwm200_grab3
10966,1860,2576,15636,CD,1,D1_pwm200_grab3
10971,-2536,-408,6340,CD,1,D1_pwm200_grab3
10976,-88,-1392,10540,CD,1,D1_pwm200_grab3
10982,2480,2508,10792,CD,1,D1_pwm200_grab3
10987,1488,-1256,7740,CD,1,D1_pwm200_grab3
10991,5116,2620,11908,CD,1,D1_pwm200_grab3
10996,504,1180,10576,CD,1,D1_pwm200_grab3
11002,912,-176,11284,CD,1,D1_pwm200_grab3
11011,-152,1724,12540,CD,1,D1_pwm200_grab3
11017,-3532,-1400,9232,CD,1,D1_pwm200_grab3
11026,2304,4080,10476,CD,1,D1_pwm200_grab3
11032,724,640,8796,CD,1,D1_pwm200_grab3
11036,852,-2124,9392,CD,1,D1_pwm200_grab3
11042,9960,5304,6420,CD,1,D1_pwm200_grab3
11046,-788,-696,10592,CD,1,D1_pwm200_grab3
11052,-3300,-2716,10828,CD,1,D1_pwm200_grab3
11056,2972,-536,8128,CD,1,D1_pwm200_grab3
11061,2744,5216,10132,CD,1,D1_pwm200_grab3
11066,-3112,-2744,7840,CD,1,D1_pwm200_grab3
11071,-2184,-2940,8804,CD,1,D1_pwm200_grab3
11076,-852,792,11144,CD,1,D1_pwm200_grab3
11081,44,-2188,8844,CD,1,D1_pwm200_grab3
11087,-1212,-3216,9820,CD,1,D1_pwm200_grab3
11096,792,2652,8772,CD,1,D1_pwm200_grab3
11101,-3828,-3532,6948,CD,1,D1_pwm200_grab3
11106,1808,-124,9248,CD,1,D1_pwm200_grab3
11112,-2284,-1092,12548,CD,1,D1_pwm200_grab3
11116,3192,-2796,10564,CD,1,D1_pwm200_grab3
11121,-124,-1204,11576,CD,1,D1_pwm200_grab3
11131,1684,-4248,10468,CD,1,D1_pwm200_grab3
11137,-2512,-1228,10680,CD,1,D1_pwm200_grab3
11141,2804,-564,6168,CD,1,D1_pwm200_grab3
11146,-3340,-5512,8892,CD,1,D1_pwm200_grab3
11151,3268,-2220,9588,CD,1,D1_pwm200_grab3
11157,828,1792,13420,CD,1,D1_pwm200_grab3
11162,-9660,-2376,9608,CD,1,D1_pwm200_grab3
11166,1516,-160,10320,CD,1,D1_pwm200_grab3
11171,-2372,4000,13244,CD,1,D1_pwm200_grab3
11177,-3724,-308,5808,CD,1,D1_pwm200_grab3
11182,-572,-5332,7808,CD,1,D1_pwm200_grab3
11186,5216,-12,10592,CD,1,D1_pwm200_grab3
11192,208,2140,12008,CD,1,D1_pwm200_grab3
11197,-2052,-1272,8592,CD,1,D1_pwm200_grab3
11201,128,1036,10068,CD,1,D1_pwm200_grab3
11206,3776,2872,13760,CD,1,D1_pwm200_grab3
11212,1324,-2392,12676,CD,1,D1_pwm200_grab3
11217,-140,792,12564,CD,1,D1_pwm200_grab3
11223,636,1400,10584,CD,1,D1_pwm200_grab3
11232,2152,3232,11436,CD,1,D1_pwm200_grab3
11237,272,1012,9044,CD,1,D1_pwm200_grab3
11243,1336,-740,11456,CD,1,D1_pwm200_grab3
11253,-508,2752,12380,CD,1,D1_pwm200_grab3
11257,812,-3944,3852,CD,1,D1_pwm200_grab3
11262,4028,1324,8840,CD,1,D1_pwm200_grab3
11268,3184,5372,10524,CD,1,D1_pwm200_grab3
11272,-572,12,8704,CD,1,D1_pwm200_grab3
11277,-1972,-3100,8400,CD,1,D1_pwm200_grab3
11283,5748,3316,10636,CD,1,D1_pwm200_grab3
11288,-376,-1744,9044,CD,1,D1_pwm200_grab3
11292,1492,-2836,7696,CD,1,D1_pwm200_grab3
11302,2812,-2220,9368,CD,1,D1_pwm200_grab3
11308,-788,-1392,7948,CD,1,D1_pwm200_grab3
11313,1420,-1896,11804,CD,1,D1_pwm200_grab3
11317,2276,532,12088,CD,1,D1_pwm200_grab3
11322,1736,-3216,8540,CD,1,D1_pwm200_grab3
11327,2596,-2304,9628,CD,1,D1_pwm200_grab3
11337,1628,-4016,9724,CD,1,D1_pwm200_grab3
11342,532,460,9460,CD,1,D1_pwm200_grab3
11348,-7904,-3088,13872,CD,1,D1_pwm200_grab3
11353,-4028,-4232,8244,CD,1,D1_pwm200_grab3
11357,2300,-4136,7924,CD,1,D1_pwm200_grab3
11362,-464,-328,11128,CD,1,D1_pwm200_grab3
11372,1272,-3136,9776,CD,1,D1_pwm200_grab3
11378,-3496,1352,9432,CD,1,D1_pwm200_grab3
11382,-5892,-2768,8764,CD,1,D1_pwm200_grab3
11387,-848,-5776,7560,CD,1,D1_pwm200_grab3
11392,3224,-1152,10620,CD,1,D1_pwm200_grab3
11398,-296,1576,11772,CD,1,D1_pwm200_grab3
11403,-5080,-1156,10400,CD,1,D1_pwm200_grab3
11408,-28,-1272,9388,CD,1,D1_pwm200_grab3
11413,644,2820,14100,CD,1,D1_pwm200_grab3
11417,-5264,-2392,5968,CD,1,D1_pwm200_grab3
11422,-1972,-2348,12204,CD,1,D1_pwm200_grab3
11427,-528,1808,10756,CD,1,D1_pwm200_grab3
11432,4400,-1028,10552,CD,1,D1_pwm200_grab3
11438,-1172,-996,8240,CD,1,D1_pwm200_grab3
11442,-1888,1944,11500,CD,1,D1_pwm200_grab3
11447,2980,3344,10704,CD,1,D1_pwm200_grab3
11453,9772,868,15000,CD,1,D1_pwm200_grab3
11457,-1868,1752,13720,CD,1,D1_pwm200_grab3
11462,-2520,232,12048,CD,1,D1_pwm200_grab3
11472,3548,5040,12204,CD,1,D1_pwm200_grab3
11478,-968,-500,9616,CD,1,D1_pwm200_grab3
11484,680,-2336,9172,CD,1,D1_pwm200_grab3
11488,8388,4096,12004,CD,1,D1_pwm200_grab3
11493,428,512,11800,CD,1,D1_pwm200_grab3
11498,132,-3704,6316,CD,1,D1_pwm200_grab3
11504,-4840,-1176,10744,CD,1,D1_pwm200_grab3
11508,1640,-2700,10884,CD,1,D1_pwm200_grab3
11513,1900,-84,11672,CD,1,D1_pwm200_grab3
11520,2868,788,7720,CD,1,D1_pwm200_grab3
11523,2516,1356,13296,CD,1,D1_pwm200_grab3
11528,2396,-1368,9856,CD,1,D1_pwm200_grab3
11533,2812,-1972,10552,CD,1,D1_pwm200_grab3
11544,3072,-2212,8676,CD,1,D1_pwm200_grab3
11548,3784,1120,12380,CD,1,D1_pwm200_grab3
11553,-8540,-524,9820,CD,1,D1_pwm200_grab3
11558,720,-5068,6024,CD,1,D1_pwm200_grab3
11563,2012,-4000,7412,CD,1,D1_pwm200_grab3
11568,3316,220,12120,CD,1,D1_pwm200_grab3
11578,2968,-2316,8052,CD,1,D1_pwm200_grab3
11584,-3156,1848,10400,CD,1,D1_pwm200_grab3
11588,-2256,-1204,13416,CD,1,D1_pwm200_grab3
11593,-1448,-5268,7948,CD,1,D1_pwm200_grab3
11599,4256,1216,9096,CD,1,D1_pwm200_grab3
11604,640,-932,8288,CD,1,D1_pwm200_grab3
11609,-9712,-1852,8804,CD,1,D1_pwm200_grab3
11614,60,-1256,9008,CD,1,D1_pwm200_grab3
11618,-92,2296,14412,CD,1,D1_pwm200_grab3
11623,-4076,-3236,6712,CD,1,D1_pwm200_grab3
11628,-3112,-3936,10112,CD,1,D1_pwm200_grab3
11634,-644,1404,10404,CD,1,D1_pwm200_grab3
11643,3508,3976,11128,CD,1,D1_pwm200_grab3
11648,-1460,-152,10196,CD,1,D1_pwm200_grab3
11654,3012,3216,9660,CD,1,D1_pwm200_grab3
11658,2376,-3400,13788,CD,1,D1_pwm200_grab3
11663,-2364,1924,13968,CD,1,D1_pwm200_grab3
11669,-2748,-184,11100,CD,1,D1_pwm200_grab3
11678,1048,5260,11576,CD,1,D1_pwm200_grab3
11684,-776,-896,10472,CD,1,D1_pwm200_grab3
11688,-920,-2540,10344,CD,1,D1_pwm200_grab3
11699,-3384,4024,14704,CD,1,D1_pwm200_grab3
11703,-100,-1052,13492,CD,1,D1_pwm200_grab3
11709,1764,1908,7496,CD,1,D1_pwm200_grab3
11713,4040,5276,11064,CD,1,D1_pwm200_grab3
11719,-1364,-2044,10244,CD,1,D1_pwm200_grab3
11723,-924,-2796,10896,CD,1,D1_pwm200_grab3
11729,2904,2624,14616,CD,1,D1_pwm200_grab3
11735,2400,-1588,10060,CD,1,D1_pwm200_grab3
11739,684,-2380,9936,CD,1,D1_pwm200_grab3
11750,2672,-2348,12244,CD,1,D1_pwm200_grab3
11755,3924,984,12636,CD,1,D1_pwm200_grab3
11759,-6460,2424,11792,CD,1,D1_pwm200_grab3
11765,1224,-4972,6532,CD,1,D1_pwm200_grab3
11770,5256,-400,9700,CD,1,D1_pwm200_grab3
11774,784,1112,9836,CD,1,D1_pwm200_grab3
11784,3076,-2632,8468,CD,1,D1_pwm200_grab3
11789,1260,1604,12304,CD,1,D1_pwm200_grab3
11794,-2940,-440,14420,CD,1,D1_pwm200_grab3
11800,896,-6224,4832,CD,1,D1_pwm200_grab3
11805,4712,1292,9368,CD,1,D1_pwm200_grab3
11809,1588,872,7512,CD,1,D1_pwm200_grab3
11815,2124,-1524,10224,CD,1,D1_pwm200_grab3
11819,2292,-1116,7248,CD,1,D1_pwm200_grab3
11824,-756,2868,13732,CD,1,D1_pwm200_grab3
11829,-2072,-904,6976,CD,1,D1_pwm200_grab3
11834,-2340,-4244,8888,CD,1,D1_pwm200_grab3
11840,3972,2064,8864,CD,1,D1_pwm200_grab3
11844,-4760,-684,4476,CD,1,D1_pwm200_grab3
11849,3064,960,10240,CD,1,D1_pwm200_grab3
11854,-456,704,12428,CD,1,D1_pwm200_grab3
11860,168,544,5668,CD,1,D1_pwm200_grab3
11864,-484,-4904,10996,CD,1,D1_pwm200_grab3
11869,-3340,-3052,10736,CD,1,D1_pwm200_grab3
11875,-1788,572,9956,CD,1,D1_pwm200_grab3
11879,2924,-1888,8288,CD,1,D1_pwm200_grab3
11884,1376,4856,11236,CD,1,D1_pwm200_grab3
11889,-2456,732,9096,CD,1,D1_pwm200_grab3
11895,-1852,-3056,10848,CD,1,D1_pwm200_grab3
11899,8500,3808,4820,CD,1,D1_pwm200_grab3
11904,-3416,48,13044,CD,1,D1_pwm200_grab3
11910,-4508,-1152,11184,CD,1,D1_pwm200_grab3
11919,2804,5440,12092,CD,1,D1_pwm200_grab3
11924,-1584,-748,8736,CD,1,D1_pwm200_grab3
11929,-912,-3212,9752,CD,1,D1_pwm200_grab3
11935,5668,3676,12956,CD,1,D1_pwm200_grab3
11940,-1272,476,11572,CD,1,D1_pwm200_grab3
11945,-192,-2484,8304,CD,1,D1_pwm200_grab3
11950,3620,812,10292,CD,1,D1_pwm200_grab3
11955,3724,5592,12048,CD,1,D1_pwm200_grab3
11959,-2060,-2296,9628,CD,1,D1_pwm200_grab3
11964,-4144,-4448,8776,CD,1,D1_pwm200_grab3
11970,1060,2216,15316,CD,1,D1_pwm200_grab3
11974,856,-1500,10628,CD,1,D1_pwm200_grab3
11979,800,-1492,11096,CD,1,D1_pwm200_grab3
11991,2468,-2384,11436,CD,1,D1_pwm200_grab3
11996,2124,1020,11312,CD,1,D1_pwm200_grab3
12006,472,-5016,8088,CD,1,D1_pwm200_grab3
12010,4536,188,9956,CD,1,D1_pwm200_grab3
12015,-56,1168,11424,CD,1,D1_pwm200_grab3
12020,-2428,-1340,8508,CD,1,D1_pwm200_grab3
12025,132,1456,9944,CD,1,D1_pwm200_grab3
12032,4220,3292,13260,CD,1,D1_pwm200_grab3
12036,-4788,-876,15232,CD,1,D1_pwm200_grab3
12040,1196,-5620,5980,CD,1,D1_pwm200_grab3
12045,4608,1880,10916,CD,1,D1_pwm200_grab3
12051,1864,780,8012,CD,1,D1_pwm200_grab3
12055,996,-312,10380,CD,1,D1_pwm200_grab3
12060,-108,2296,9884,CD,1,D1_pwm200_grab3
12066,3336,3424,9976,CD,1,D1_pwm200_grab3
12071,11968,2300,12020,CD,1,D1_pwm200_grab3
12075,-576,-2708,9732,CD,1,D1_pwm200_grab3
12080,3544,2040,8760,CD,1,D1_pwm200_grab3
12085,-532,-992,6664,CD,1,D1_pwm200_grab3
12091,4260,1804,10044,CD,1,D1_pwm200_grab3
12096,764,1136,11460,CD,1,D1_pwm200_grab3
12100,632,88,7828,CD,1,D1_pwm200_grab3
12111,-4352,3276,12492,CD,1,D1_pwm200_grab3
12116,708,-3380,10468,CD,1,D1_pwm200_grab3
12121,10056,-2396,15444,CD,1,D1_pwm200_grab3
12125,2908,3296,9552,CD,1,D1_pwm200_grab3
12130,-2064,236,8480,CD,1,D1_pwm200_grab3
12135,208,-1648,8300,CD,1,D1_pwm200_grab3
12140,7976,4672,6780,CD,1,D1_pwm200_grab3
12146,-2476,2692,9768,CD,1,D1_pwm200_grab3
12155,3284,-480,9816,CD,1,D1_pwm200_grab3
12161,3672,5600,12220,CD,1,D1_pwm200_grab3
12165,-1760,-1520,7832,CD,1,D1_pwm200_grab3
12170,-2172,-4196,8736,CD,1,D1_pwm200_grab3
12176,6144,2732,10292,CD,1,D1_pwm200_grab3
12181,-884,-596,11064,CD,1,D1_pwm200_grab3
12185,-2032,-4604,6284,CD,1,D1_pwm200_grab3
12191,-6280,-1416,12124,CD,1,D1_pwm200_grab3
12196,488,-3108,10476,CD,1,D1_pwm200_grab3
12200,-544,20,10832,CD,1,D1_pwm200_grab3
12205,-3488,-4112,9160,CD,1,D1_pwm200_grab3
12215,1696,-2016,10180,CD,1,D1_pwm200_grab3
12221,1568,-988,10996,CD,1,D1_pwm200_grab3
12231,2568,-2644,11388,CD,1,D1_pwm200_grab3
12235,2304,1116,11484,CD,1,D1_pwm200_grab3
12247,-196,-5584,7456,CD,1,D1_pwm200_grab3
12251,4748,688,10252,CD,1,D1_pwm200_grab3
12257,68,1800,11176,CD,1,D1_pwm200_grab3
12262,-1480,-1228,8944,CD,1,D1_pwm200_grab3
12267,-328,1316,10244,CD,1,D1_pwm200_grab3
12272,3700,3400,12796,CD,1,D1_pwm200_grab3
12277,2980,-3304,13920,CD,1,D1_pwm200_grab3
12282,-156,2092,12796,CD,1,D1_pwm200_grab3
12288,724,1388,10792,CD,1,D1_pwm200_grab3
12292,1808,932,8712,CD,1,D1_pwm200_grab3
12297,1312,116,10328,CD,1,D1_pwm200_grab3
12302,748,1928,10320,CD,1,D1_pwm200_grab3
12306,3032,2744,9476,CD,1,D1_pwm200_grab3
12317,-1356,3876,13516,CD,1,D1_pwm200_grab3
12321,-3912,-2352,10680,CD,1,D1_pwm200_grab3
12326,4376,3308,12388,CD,1,D1_pwm200_grab3
12331,4148,2304,9924,CD,1,D1_pwm200_grab3
12336,672,1176,10924,CD,1,D1_pwm200_grab3
12341,980,180,7840,CD,1,D1_pwm200_grab3
12351,-3868,3916,12880,CD,1,D1_pwm200_grab3
12356,548,-3124,10784,CD,1,D1_pwm200_grab3
12362,4172,1756,12500,CD,1,D1_pwm200_grab3
12367,2676,3820,7772,CD,1,D1_pwm200_grab3
12371,-4040,-3220,6372,CD,1,D1_pwm200_grab3
12376,368,-1144,8016,CD,1,D1_pwm200_grab3
12382,8556,4940,5720,CD,1,D1_pwm200_grab3
12387,-2580,3048,10180,CD,1,D1_pwm200_grab3
12392,-1592,-5020,5124,CD,1,D1_pwm200_grab3
12397,4284,-688,11524,CD,1,D1_pwm200_grab3
12401,488,1588,9620,CD,1,D1_pwm200_grab3
12406,-4396,-3212,7196,CD,1,D1_pwm200_grab3
12411,628,288,7584,CD,1,D1_pwm200_grab3
12416,6516,4316,8628,CD,1,D1_pwm200_grab3
12421,-1032,32,11008,CD,1,D1_pwm200_grab3
12426,-2224,-5132,5516,CD,1,D1_pwm200_grab3
12431,-4012,-288,10764,CD,1,D1_pwm200_grab3
12436,-80,-2292,10072,CD,1,D1_pwm200_grab3
12442,-1980,-572,10384,CD,1,D1_pwm200_grab3
12446,1412,-68,6668,CD,1,D1_pwm200_grab3
12452,-3588,-5544,8292,CD,1,D1_pwm200_grab3
12456,3148,-3748,9600,CD,1,D1_pwm200_grab3
12461,-2148,-3008,8924,CD,1,D1_pwm200_grab3
12467,-10116,-2836,13620,CD,1,D1_pwm200_grab3
12471,1048,-3172,10884,CD,1,D1_pwm200_grab3
12476,1244,1300,10964,CD,1,D1_pwm200_grab3
12481,-9156,2340,11128,CD,1,D1_pwm200_grab3
12486,-812,-6000,7884,CD,1,D1_pwm200_grab3
12492,4748,-104,9832,CD,1,D1_pwm200_grab3
12496,-76,596,13560,CD,1,D1_pwm200_grab3
12502,-3076,-1968,8960,CD,1,D1_pwm200_grab3
12508,368,1160,10312,CD,1,D1_pwm200_grab3
12513,2984,2652,14828,CD,1,D1_pwm200_grab3
12518,-144,-2392,9912,CD,1,D1_pwm200_grab3
12522,-200,-280,11356,CD,1,D1_pwm200_grab3
12527,1636,2824,10960,CD,1,D1_pwm200_grab3
12538,3836,3896,12024,CD,1,D1_pwm200_grab3
12542,-288,376,10652,CD,1,D1_pwm200_grab3
12548,3916,3016,10756,CD,1,D1_pwm200_grab3
12552,5944,-3572,15356,CD,1,D1_pwm200_grab3
12558,-960,2836,13280,CD,1,D1_pwm200_grab3
12562,-864,472,10344,CD,1,D1_pwm200_grab3
12572,2884,5020,10472,CD,1,D1_pwm200_grab3
12577,-268,-728,8936,CD,1,D1_pwm200_grab3
12582,908,-2184,8804,CD,1,D1_pwm200_grab3
12592,-1752,4020,14136,CD,1,D1_pwm200_grab3
12598,-2904,-3000,11072,CD,1,D1_pwm200_grab3
12602,2524,1992,6780,CD,1,D1_pwm200_grab3
12608,3076,5144,9148,CD,1,D1_pwm200_grab3
12612,-512,-1560,7524,CD,1,D1_pwm200_grab3
12617,-932,-2552,7652,CD,1,D1_pwm200_grab3
12623,-1260,1700,10268,CD,1,D1_pwm200_grab3
12628,1100,-2312,9628,CD,1,D1_pwm200_grab3
12632,1840,-3048,9728,CD,1,D1_pwm200_grab3
12637,4296,1480,13552,CD,1,D1_pwm200_grab3
12643,2344,3296,8012,CD,1,D1_pwm200_grab3
12647,-4152,-3440,6636,CD,1,D1_pwm200_grab3
12653,664,-1944,9732,CD,1,D1_pwm200_grab3
12657,-2288,-748,13372,CD,1,D1_pwm200_grab3
12662,1668,-2996,8804,CD,2,D1_pwm200_grab3
12667,272,-1896,12120,CD,2,D1_pwm200_grab3
12672,3544,-340,10216,CD,2,D1_pwm200_grab3
12678,240,976,9664,CD,2,D1_pwm200_grab3
12682,-3896,-2572,7924,CD,2,D1_pwm200_grab3
12687,632,536,7448,CD,2,D1_pwm200_grab3
12692,-1904,-2252,13180,CD,2,D1_pwm200_grab3
12698,2636,-3964,10148,CD,2,D1_pwm200_grab3
12702,-128,-180,12008,CD,2,D1_pwm200_grab3
12713,1360,-4036,10196,CD,2,D1_pwm200_grab3
12717,-1812,-128,10224,CD,2,D1_pwm200_grab3
12722,1824,112,6844,CD,2,D1_pwm200_grab3
12728,-3720,-5712,7988,CD,2,D1_pwm200_grab3
12732,3356,-3076,9476,CD,2,D1_pwm200_grab3
12737,224,1224,12868,CD,2,D1_pwm200_grab3
12747,824,280,10508,CD,2,D1_pwm200_grab3
12752,-2236,3288,13492,CD,2,D1_pwm200_grab3
12758,-2692,-1336,6996,CD,2,D1_pwm200_grab3
12764,-300,-3304,9380,CD,2,D1_pwm200_grab3
12768,3192,3436,11268,CD,2,D1_pwm200_grab3
12773,136,-84,9272,CD,2,D1_pwm200_grab3
12779,4232,3176,11624,CD,2,D1_pwm200_grab3
12783,-2012,1708,11268,CD,2,D1_pwm200_grab3
12788,832,48,9752,CD,2,D1_pwm200_grab3
12798,-2560,3840,14844,CD,2,D1_pwm200_grab3
12804,1812,2436,11020,CD,2,D1_pwm200_grab3
12813,3656,3472,11612,CD,2,D1_pwm200_grab3
12819,-384,200,10244,CD,2,D1_pwm200_grab3
12824,1440,-1268,11996,CD,2,D1_pwm200_grab3
12833,-2176,3436,12484,CD,2,D1_pwm200_grab3
12848,2568,4528,10356,CD,2,D1_pwm200_grab3
12853,-48,-636,8648,CD,2,D1_pwm200_grab3
12858,1296,-1944,8368,CD,2,D1_pwm200_grab3
12869,76,-704,10700,CD,2,D1_pwm200_grab3
12879,-4464,-608,7900,CD,2,D1_pwm200_grab3
12883,1368,-1456,8012,CD,2,D1_pwm200_grab3
12888,-3460,-3012,6352,CD,2,D1_pwm200_grab3
12893,-996,-2504,7900,CD,2,D1_pwm200_grab3
12899,-56,1120,11140,CD,2,D1_pwm200_grab3
12904,648,-2252,9976,CD,2,D1_pwm200_grab3
12908,-1224,-3056,9676,CD,2,D1_pwm200_grab3
12918,1740,-3364,11208,CD,2,D1_pwm200_grab3
12923,1076,824,9088,CD,2,D1_pwm200_grab3
12929,1644,-644,9548,CD,2,D1_pwm200_grab3
12934,-1212,-356,13652,CD,2,D1_pwm200_grab3
12938,2388,-3696,10444,CD,2,D1_pwm200_grab3
12943,304,-1780,11060,CD,2,D1_pwm200_grab3
12954,1672,-3600,10172,CD,2,D1_pwm200_grab3
12959,-1180,2000,9876,CD,2,D1_pwm200_grab3
12969,-720,-8140,5068,CD,2,D1_pwm200_grab3
12974,3056,-3968,9616,CD,2,D1_pwm200_grab3
12979,-52,264,12560,CD,2,D1_pwm200_grab3
12988,1500,-1000,11152,CD,2,D1_pwm200_grab3
12993,-3756,2308,9696,CD,2,D1_pwm200_grab3
12998,-2276,-1928,12572,CD,2,D1_pwm200_grab3
13003,296,-5828,7088,CD,2,D1_pwm200_grab3
13008,3608,4000,11792,CD,2,D1_pwm200_grab3
13015,1420,1316,9236,CD,2,D1_pwm200_grab3
13020,3340,1604,12324,CD,2,D1_pwm200_grab3
13025,-1468,1712,11352,CD,2,D1_pwm200_grab3
13029,1052,668,9048,CD,2,D1_pwm200_grab3
13040,-3204,3952,15884,CD,2,D1_pwm200_grab3
13045,-2060,-1720,12144,CD,2,D1_pwm200_grab3
13049,4484,984,8528,CD,2,D1_pwm200_grab3
13056,4176,5332,11220,CD,2,D1_pwm200_grab3
13060,-648,440,10960,CD,2,D1_pwm200_grab3
13064,1332,-488,11276,CD,2,D1_pwm200_grab3
13075,-2948,3772,14264,CD,2,D1_pwm200_grab3
13079,4688,-2988,7028,CD,2,D1_pwm200_grab3
13084,6536,2568,15160,CD,2,D1_pwm200_grab3
13089,3336,1852,7096,CD,2,D1_pwm200_grab3
13094,-176,-1996,8960,CD,2,D1_pwm200_grab3
13100,1532,-1640,9432,CD,2,D1_pwm200_grab3
13110,-416,596,10952,CD,2,D1_pwm200_grab3
13114,776,-3660,3080,CD,2,D1_pwm200_grab3
13119,-388,32,6388,CD,2,D1_pwm200_grab3
13125,1612,876,7432,CD,2,D1_pwm200_grab3
13129,-432,-1376,7296,CD,2,D1_pwm200_grab3
13135,2268,2272,7624,CD,2,D1_pwm200_grab3
13139,-1096,-4992,10968,CD,2,D1_pwm200_grab3
13145,196,-1156,10824,CD,2,D1_pwm200_grab3
13150,1192,-3124,4608,CD,2,D1_pwm200_grab3
13159,1392,-2696,8040,CD,2,D1_pwm200_grab3
13165,92,-312,8900,CD,2,D1_pwm200_grab3
13169,3176,796,6104,CD,2,D1_pwm200_grab3
13174,-3068,-6000,6788,CD,2,D1_pwm200_grab3
13179,1424,-2000,8332,CD,2,D1_pwm200_grab3
13184,-264,-2304,10468,CD,2,D1_pwm200_grab3
13194,1400,-3324,10872,CD,2,D1_pwm200_grab3
13199,1296,984,8952,CD,2,D1_pwm200_grab3
13209,-1852,-5660,5236,CD,2,D1_pwm200_grab3
13215,936,-436,9328,CD,2,D1_pwm200_grab3
13219,-204,-100,10060,CD,2,D1_pwm200_grab3
13224,-5876,-1036,9796,CD,2,D1_pwm200_grab3
13230,1496,-4120,10068,CD,2,D1_pwm200_grab3
13235,-1672,1676,10060,CD,2,D1_pwm200_grab3
13245,-1004,-7328,5468,CD,2,D1_pwm200_grab3
13250,608,840,10400,CD,2,D1_pwm200_grab3
13254,-380,688,7840,CD,2,D1_pwm200_grab3
13260,-2524,-260,9824,CD,2,D1_pwm200_grab3
13264,-776,1552,10420,CD,2,D1_pwm200_grab3
13270,1312,2336,12020,CD,2,D1_pwm200_grab3
13275,7452,-1144,12912,CD,2,D1_pwm200_grab3
13281,-3912,1204,13672,CD,2,D1_pwm200_grab3
13286,-1456,-1076,10764,CD,2,D1_pwm200_grab3
13295,1636,4920,11556,CD,2,D1_pwm200_grab3
13300,204,-680,10940,CD,2,D1_pwm200_grab3
13306,1840,-2120,9780,CD,2,D1_pwm200_grab3
13310,9060,5308,9928,CD,2,D1_pwm200_grab3
13316,-3552,4208,15164,CD,2,D1_pwm200_grab3
13321,-2384,-1640,11860,CD,2,D1_pwm200_grab3
13326,3172,1432,6912,CD,2,D1_pwm200_grab3
13331,4544,5244,12424,CD,2,D1_pwm200_grab3
13335,812,-1752,9320,CD,2,D1_pwm200_grab3
13341,-644,-2788,7768,CD,2,D1_pwm200_grab3
13346,4140,2544,13392,CD,2,D1_pwm200_grab3
13351,2964,-1052,9876,CD,2,D1_pwm200_grab3
13355,4840,-2508,8268,CD,2,D1_pwm200_grab3
13361,5972,2212,12980,CD,2,D1_pwm200_grab3
13366,3840,2108,6668,CD,2,D1_pwm200_grab3
13371,-124,-1576,8800,CD,2,D1_pwm200_grab3
13375,2820,448,10764,CD,2,D1_pwm200_grab3
13380,1776,1288,13756,CD,2,D1_pwm200_grab3
13386,4704,-3028,7660,CD,2,D1_pwm200_grab3
13390,1100,-1752,10680,CD,2,D1_pwm200_grab3
13400,2480,1912,6972,CD,2,D1_pwm200_grab3
13405,-784,-1084,7128,CD,2,D1_pwm200_grab3
13410,3592,2740,8088,CD,2,D1_pwm200_grab3
13416,32,-3856,12232,CD,2,D1_pwm200_grab3
13421,4484,-4164,7376,CD,2,D1_pwm200_grab3
13425,340,-1496,13068,CD,2,D1_pwm200_grab3
13435,552,-2836,8620,CD,2,D1_pwm200_grab3
13440,-372,-580,8332,CD,2,D1_pwm200_grab3
13445,676,-244,8456,CD,2,D1_pwm200_grab3
13451,-2928,-6004,7548,CD,2,D1_pwm200_grab3
13455,956,-2252,8144,CD,2,D1_pwm200_grab3
13460,-696,-684,11332,CD,2,D1_pwm200_grab3
13470,116,-688,7920,CD,2,D1_pwm200_grab3
13475,-2996,2220,13724,CD,2,D1_pwm200_grab3
13481,-3324,-2944,8076,CD,2,D1_pwm200_grab3
13485,-248,-6256,6644,CD,2,D1_pwm200_grab3
13490,624,-480,9280,CD,2,D1_pwm200_grab3
13496,-108,1076,10440,CD,2,D1_pwm200_grab3
13505,364,1044,10220,CD,2,D1_pwm200_grab3
13510,-1072,1408,14844,CD,2,D1_pwm200_grab3
13515,2140,-4420,10832,CD,2,D1_pwm200_grab3
13521,-4612,-2392,11236,CD,2,D1_pwm200_grab3
13526,1680,768,11100,CD,2,D1_pwm200_grab3
13532,-2052,-176,5692,CD,2,D1_pwm200_grab3
13536,2352,4020,10428,CD,2,D1_pwm200_grab3
13541,-556,140,12248,CD,2,D1_pwm200_grab3
13547,680,-1692,10960,CD,2,D1_pwm200_grab3
13557,728,2112,11792,CD,2,D1_pwm200_grab3
13561,2100,-2140,8052,CD,2,D1_pwm200_grab3
13568,5836,-360,13472,CD,2,D1_pwm200_grab3
13572,640,4580,11064,CD,2,D1_pwm200_grab3
13576,1928,-1220,9496,CD,2,D1_pwm200_grab3
13581,1912,-1040,9796,CD,2,D1_pwm200_grab3
13591,2240,332,11032,CD,2,D1_pwm200_grab3
13596,-1252,-3204,5032,CD,2,D1_pwm200_grab3
13602,1296,572,8328,CD,2,D1_pwm200_grab3
13607,1448,-2536,8808,CD,2,D1_pwm200_grab3
13612,948,-1260,9228,CD,2,D1_pwm200_grab3
13617,-576,-1916,7904,CD,2,D1_pwm200_grab3
13621,5532,3336,12708,CD,2,D1_pwm200_grab3
13626,3448,-1772,8380,CD,2,D1_pwm200_grab3
13631,-620,-1556,8392,CD,2,D1_pwm200_grab3
13642,1996,-3184,9428,CD,2,D1_pwm200_grab3
13646,700,1480,9364,CD,2,D1_pwm200_grab3
13652,256,1760,11324,CD,2,D1_pwm200_grab3
13656,1368,-432,14368,CD,2,D1_pwm200_grab3
13662,4756,-2828,7724,CD,2,D1_pwm200_grab3
13666,400,-1980,11440,CD,2,D1_pwm200_grab3
13677,404,-3468,8908,CD,2,D1_pwm200_grab3
13681,860,1536,9080,CD,2,D1_pwm200_grab3
13692,-1712,-6132,3776,CD,2,D1_pwm200_grab3
13696,996,-3940,7496,CD,2,D1_pwm200_grab3
13702,280,-1232,12884,CD,2,D1_pwm200_grab3
13711,548,-3400,8624,CD,2,D1_pwm200_grab3
13717,-5364,556,10388,CD,2,D1_pwm200_grab3
13721,-4300,-4004,15120,CD,2,D1_pwm200_grab3
13727,-2848,-6580,6240,CD,2,D1_pwm200_grab3
13732,1256,1724,11716,CD,2,D1_pwm200_grab3
13737,-624,936,6688,CD,2,D1_pwm200_grab3
13746,580,-1328,8232,CD,2,D1_pwm200_grab3
13751,-4372,1856,12428,CD,2,D1_pwm200_grab3
13756,-3056,-3344,14004,CD,2,D1_pwm200_grab3
13762,-3328,-3480,9528,CD,2,D1_pwm200_grab3
13767,4268,2396,11664,CD,2,D1_pwm200_grab3
13771,928,328,8128,CD,2,D1_pwm200_grab3
13776,3312,3052,10608,CD,2,D1_pwm200_grab3
13782,-1300,1036,13444,CD,2,D1_pwm200_grab3
13787,164,-300,9504,CD,2,D1_pwm200_grab3
13798,-1784,3200,14724,CD,2,D1_pwm200_grab3
13802,-1196,-2340,13476,CD,2,D1_pwm200_grab3
13808,4456,408,10524,CD,2,D1_pwm200_grab3
13813,4676,5532,12796,CD,2,D1_pwm200_grab3
13817,-808,-1788,9160,CD,2,D1_pwm200_grab3
13822,-1280,-2164,11284,CD,2,D1_pwm200_grab3
13832,-688,2684,12844,CD,2,D1_pwm200_grab3
13837,2560,-1436,11344,CD,2,D1_pwm200_grab3
13842,6128,1480,15752,CD,2,D1_pwm200_grab3
13847,4316,3216,10552,CD,2,D1_pwm200_grab3
13853,-352,-1460,9564,CD,2,D1_pwm200_grab3
13858,916,-1080,13200,CD,2,D1_pwm200_grab3
13863,3544,372,14280,CD,2,D1_pwm200_grab3
13867,1000,1416,11028,CD,2,D1_pwm200_grab3
13873,-1464,-4028,3712,CD,2,D1_pwm200_grab3
13877,4944,-592,12448,CD,2,D1_pwm200_grab3
13882,1472,784,7860,CD,2,D1_pwm200_grab3
13888,52,-548,9432,CD,2,D1_pwm200_grab3
13892,2952,1792,7108,CD,2,D1_pwm200_grab3
13897,3492,-1060,12288,CD,2,D1_pwm200_grab3
13903,1532,-3672,7092,CD,2,D1_pwm200_grab3
13907,3536,-596,13780,CD,2,D1_pwm200_grab3
13912,-3492,-1052,8704,CD,2,D1_pwm200_grab3
13917,1256,-2252,8152,CD,2,D1_pwm200_grab3
13922,-376,152,9432,CD,2,D1_pwm200_grab3
13927,3540,164,6744,CD,2,D1_pwm200_grab3
13938,1884,-2620,7604,CD,2,D1_pwm200_grab3
13942,532,340,10532,CD,2,D1_pwm200_grab3
13952,428,-3068,10396,CD,2,D1_pwm200_grab3
13957,240,1164,9212,CD,2,D1_pwm200_grab3
13972,532,724,10184,CD,2,D1_pwm200_grab3
13978,204,248,9368,CD,2,D1_pwm200_grab3
13982,-5476,-1120,9640,CD,2,D1_pwm200_grab3
13987,-860,32,7544,CD,2,D1_pwm200_grab3
13993,828,1764,13476,CD,2,D1_pwm200_grab3
14008,968,1184,11080,CD,2,D1_pwm200_grab3
14012,-1308,1156,6596,CD,2,D1_pwm200_grab3
14017,-2804,-504,8692,CD,2,D1_pwm200_grab3
14023,-1336,1384,11740,CD,2,D1_pwm200_grab3
14027,1988,2180,11628,CD,2,D1_pwm200_grab3
14032,5852,-1252,13944,CD,2,D1_pwm200_grab3
14038,-2220,324,13972,CD,2,D1_pwm200_grab3
14043,-1344,208,12088,CD,2,D1_pwm200_grab3
14053,1920,4780,12572,CD,2,D1_pwm200_grab3
14059,-784,-1136,10080,CD,2,D1_pwm200_grab3
14064,2236,-940,12024,CD,2,D1_pwm200_grab3
14074,408,800,11840,CD,2,D1_pwm200_grab3
14078,-580,-3244,6240,CD,2,D1_pwm200_grab3
14084,2596,2784,11244,CD,2,D1_pwm200_grab3
14088,3936,5004,13552,CD,2,D1_pwm200_grab3
14093,-344,-960,9232,CD,2,D1_pwm200_grab3
14098,1488,-1668,10972,CD,2,D1_pwm200_grab3
14103,7636,4184,13032,CD,2,D1_pwm200_grab3
14108,1052,-960,11276,CD,2,D1_pwm200_grab3
14114,840,-2048,7952,CD,2,D1_pwm200_grab3
14119,-816,616,10248,CD,2,D1_pwm200_grab3
14123,3868,3344,8220,CD,2,D1_pwm200_grab3
14129,-88,-1372,8940,CD,2,D1_pwm200_grab3
14134,124,-1488,10692,CD,2,D1_pwm200_grab3
14138,4784,2012,13552,CD,2,D1_pwm200_grab3
14144,1960,-2920,8464,CD,2,D1_pwm200_grab3
14148,1856,-1880,10628,CD,2,D1_pwm200_grab3
14159,2088,-2276,11072,CD,2,D1_pwm200_grab3
14164,3316,556,11236,CD,2,D1_pwm200_grab3
14168,2836,-84,10916,CD,2,D1_pwm200_grab3
14174,412,-1076,10292,CD,2,D1_pwm200_grab3
14179,1992,-2980,8056,CD,2,D1_pwm200_grab3
14184,1196,-1896,11516,CD,2,D1_pwm200_grab3
14193,1252,-2392,8560,CD,2,D1_pwm200_grab3
14198,724,708,11132,CD,2,D1_pwm200_grab3
14208,-1192,-3152,8188,CD,2,D1_pwm200_grab3
14213,980,-2560,9232,CD,2,D1_pwm200_grab3
14218,928,-1516,11708,CD,2,D1_pwm200_grab3
14228,1112,-2344,8536,CD,2,D1_pwm200_grab3
14233,-4088,1664,9680,CD,2,D1_pwm200_grab3
14238,-4284,-5032,14416,CD,2,D1_pwm200_grab3
14244,-1768,-5260,8692,CD,2,D1_pwm200_grab3
14249,1052,824,10176,CD,2,D1_pwm200_grab3
14253,-508,880,11852,CD,2,D1_pwm200_grab3
14263,124,-72,9628,CD,2,D1_pwm200_grab3
14269,-1548,2728,13972,CD,2,D1_pwm200_grab3
14274,-3848,-2136,6168,CD,2,D1_pwm200_grab3
14279,-2992,-2928,10692,CD,2,D1_pwm200_grab3
14283,2372,3088,12380,CD,2,D1_pwm200_grab3
14289,860,504,8968,CD,2,D1_pwm200_grab3
14294,4264,3840,11704,CD,2,D1_pwm200_grab3
14299,-1172,348,11884,CD,2,D1_pwm200_grab3
14305,740,-288,11612,CD,2,D1_pwm200_grab3
14314,-2852,2808,14076,CD,2,D1_pwm200_grab3
14319,-136,-1872,11680,CD,2,D1_pwm200_grab3
14324,5760,928,10744,CD,2,D1_pwm200_grab3
14329,4004,5064,11308,CD,2,D1_pwm200_grab3
14336,1328,-848,10716,CD,2,D1_pwm200_grab3
14339,1028,-752,12992,CD,2,D1_pwm200_grab3
14350,-1784,2528,12276,CD,2,D1_pwm200_grab3
14355,3656,-2176,8236,CD,2,D1_pwm200_grab3
14359,6600,2656,14548,CD,2,D1_pwm200_grab3
14364,3560,984,7336,CD,2,D1_pwm200_grab3
14370,360,-696,10856,CD,2,D1_pwm200_grab3
14374,2904,1384,10496,CD,2,D1_pwm200_grab3
14384,-492,1760,11944,CD,2,D1_pwm200_grab3
14390,584,-2860,4252,CD,2,D1_pwm200_grab3
14394,1068,-504,7872,CD,2,D1_pwm200_grab3
14400,2120,628,7300,CD,2,D1_pwm200_grab3
14405,-280,-116,8548,CD,2,D1_pwm200_grab3
14409,2676,2300,7488,CD,2,D1_pwm200_grab3
14414,-360,-4112,8820,CD,2,D1_pwm200_grab3
14419,4604,-2088,7564,CD,2,D1_pwm200_grab3
14424,300,-3116,4492,CD,2,D1_pwm200_grab3
14429,-2500,20,8192,CD,2,D1_pwm200_grab3
14434,1444,-1380,7944,CD,2,D1_pwm200_grab3
14440,12,-148,9032,CD,2,D1_pwm200_grab3
14445,2828,1672,5176,CD,2,D1_pwm200_grab3
14450,-2220,-5052,6624,CD,2,D1_pwm200_grab3
14455,4392,-1520,7556,CD,2,D1_pwm200_grab3
14459,244,-1016,11688,CD,2,D1_pwm200_grab3
14464,-7708,-2028,9192,CD,2,D1_pwm200_grab3
14470,1144,-3032,10356,CD,2,D1_pwm200_grab3
14474,1236,-8,9644,CD,2,D1_pwm200_grab3
14480,-4008,-744,11076,CD,2,D1_pwm200_grab3
14484,-2748,-5308,6168,CD,2,D1_pwm200_grab3
14490,836,-1388,8052,CD,2,D1_pwm200_grab3
14494,468,156,10808,CD,2,D1_pwm200_grab3
14504,-264,-556,7060,CD,2,D1_pwm200_grab3
14510,-752,692,9368,CD,2,D1_pwm200_grab3
14525,-76,-132,8912,CD,2,D1_pwm200_grab3
14530,-428,1260,8060,CD,2,D1_pwm200_grab3
14534,-7368,-960,10464,CD,2,D1_pwm200_grab3
14540,-564,256,9856,CD,2,D1_pwm200_grab3
14545,-736,1140,13384,CD,2,D1_pwm200_grab3
14550,1028,-3136,10336,CD,2,D1_pwm200_grab3
14555,-5712,-1668,11460,CD,2,D1_pwm200_grab3
14560,2512,380,10584,CD,2,D1_pwm200_grab3
14570,3236,4028,10000,CD,2,D1_pwm200_grab3
14576,-1904,-148,11164,CD,2,D1_pwm200_grab3
14581,60,-1272,10268,CD,2,D1_pwm200_grab3
14590,-304,1552,11660,CD,2,D1_pwm200_grab3
14596,1552,-780,10492,CD,2,D1_pwm200_grab3
14610,2260,-48,10856,CD,2,D1_pwm200_grab3
14616,496,-736,10244,CD,2,D1_pwm200_grab3
14626,1076,584,11624,CD,2,D1_pwm200_grab3
14641,3732,3628,11624,CD,2,D1_pwm200_grab3
14646,2340,-384,10500,CD,2,D1_pwm200_grab3
14651,2152,-1036,9564,CD,2,D1_pwm200_grab3
14660,3324,-512,10276,CD,2,D1_pwm200_grab3
14665,-1264,-3272,5284,CD,2,D1_pwm200_grab3
14671,-564,-452,7524,CD,2,D1_pwm200_grab3
14676,1228,-644,8240,CD,2,D1_pwm200_grab3
14681,-640,-20,6892,CD,2,D1_pwm200_grab3
14686,468,-1592,8696,CD,2,D1_pwm200_grab3
14690,4208,1148,11232,CD,2,D1_pwm200_grab3
14695,3996,-1336,9472,CD,2,D1_pwm200_grab3
14700,-1104,-3364,8448,CD,2,D1_pwm200_grab3
14705,-3952,-1284,9396,CD,2,D1_pwm200_grab3
14710,460,-2980,10012,CD,2,D1_pwm200_grab3
14715,692,-144,9316,CD,2,D1_pwm200_grab3
14720,372,-680,8596,CD,2,D1_pwm200_grab3
14725,2564,312,11664,CD,2,D1_pwm200_grab3
14730,1932,-3400,7064,CD,2,D1_pwm200_grab3
14736,-192,-3568,9660,CD,2,D1_pwm200_grab3
14745,516,-2024,9912,CD,2,D1_pwm200_grab3
14751,-1244,56,9284,CD,2,D1_pwm200_grab3
14760,-4556,-7804,4116,CD,2,D1_pwm200_grab3
14765,1656,-3784,7164,CD,2,D1_pwm200_grab3
14770,368,-900,12548,CD,2,D1_pwm200_grab3
14780,2180,-2452,10764,CD,2,D1_pwm200_grab3
14785,-2224,-316,10372,CD,2,D1_pwm200_grab3
14790,-4536,-5240,14196,CD,2,D1_pwm200_grab3
14796,-4824,-7348,4244,CD,2,D1_pwm200_grab3
14800,3372,1704,11648,CD,2,D1_pwm200_grab3
14807,-2008,1680,5856,CD,2,D1_pwm200_grab3
14811,-204,448,9592,CD,2,D1_pwm200_grab3
14817,-2372,572,10408,CD,2,D1_pwm200_grab3
14822,2648,2808,10332,CD,2,D1_pwm200_grab3
14827,3436,-1428,12788,CD,2,D1_pwm200_grab3
14831,-1760,3304,13508,CD,2,D1_pwm200_grab3
14837,-568,-356,11576,CD,2,D1_pwm200_grab3
14848,1656,4400,11828,CD,2,D1_pwm200_grab3
14852,1260,736,12816,CD,2,D1_pwm200_grab3
14857,1800,1936,8620,CD,2,D1_pwm200_grab3
14866,-2412,3344,13044,CD,2,D1_pwm200_grab3
14871,-1512,-2416,10676,CD,2,D1_pwm200_grab3
14876,5312,2416,17044,CD,2,D1_pwm200_grab3
14881,4788,4256,12136,CD,2,D1_pwm200_grab3
14886,508,-380,10244,CD,2,D1_pwm200_grab3
14891,1364,752,9124,CD,2,D1_pwm200_grab3
14901,-212,2712,12164,CD,2,D1_pwm200_grab3
14907,740,-2148,11784,CD,2,D1_pwm200_grab3
14911,4856,-456,8148,CD,2,D1_pwm200_grab3
14916,4176,4476,10312,CD,2,D1_pwm200_grab3
14921,0,-792,7656,CD,2,D1_pwm200_grab3
14926,28,-1188,10156,CD,2,D1_pwm200_grab3
14931,3020,732,10296,CD,2,D1_pwm200_grab3
14936,616,2240,11456,CD,2,D1_pwm200_grab3
14941,-96,-3844,6284,CD,2,D1_pwm200_grab3
14946,5440,708,12972,CD,2,D1_pwm200_grab3
14951,2088,1224,6848,CD,2,D1_pwm200_grab3
14956,-396,-988,8172,CD,2,D1_pwm200_grab3
14961,2444,-168,8356,CD,2,D1_pwm200_grab3
14966,1676,-432,10160,CD,2,D1_pwm200_grab3
14971,1228,-2832,9316,CD,2,D1_pwm200_grab3
14977,-2688,-4464,3928,CD,2,D1_pwm200_grab3
14981,5780,-1048,11884,CD,2,D1_pwm200_grab3
14986,12,808,7140,CD,2,D1_pwm200_grab3
14992,-3796,-2176,8336,CD,2,D1_pwm200_grab3
14996,2060,452,6660,CD,2,D1_pwm200_grab3
15001,724,-984,9644,CD,2,D1_pwm200_grab3
15006,480,-2448,8760,CD,2,D1_pwm200_grab3
15011,-620,-428,12320,CD,2,D1_pwm200_grab3
15021,-368,-1136,7972,CD,2,D1_pwm200_grab3
15026,-3780,-1080,8876,CD,2,D1_pwm200_grab3
15032,3452,528,4252,CD,2,D1_pwm200_grab3
15036,-4520,-6136,5516,CD,2,D1_pwm200_grab3
15041,488,-1768,8856,CD,2,D1_pwm200_grab3
15046,-548,872,11556,CD,2,D1_pwm200_grab3
15056,-672,-1392,9680,CD,2,D1_pwm200_grab3
15062,-3116,1536,10736,CD,2,D1_pwm200_grab3
15067,-4880,-2348,10180,CD,2,D1_pwm200_grab3
15073,-2348,-4892,11116,CD,2,D1_pwm200_grab3
15078,1364,2560,12524,CD,2,D1_pwm200_grab3
15082,-208,1752,7400,CD,2,D1_pwm200_grab3
15088,2168,1952,12752,CD,2,D1_pwm200_grab3
15093,-748,656,12540,CD,2,D1_pwm200_grab3
15097,320,652,10744,CD,2,D1_pwm200_grab3
15107,-3452,-1696,11764,CD,2,D1_pwm200_grab3
15112,1896,2312,12448,CD,2,D1_pwm200_grab3
15118,-3904,1860,7444,CD,2,D1_pwm200_grab3
15122,3988,3792,11792,CD,2,D1_pwm200_grab3
15127,-404,872,11956,CD,2,D1_pwm200_grab3
15132,0,428,11816,CD,2,D1_pwm200_grab3
15142,-2840,2372,13764,CD,2,D1_pwm200_grab3
15147,1444,132,9012,CD,2,D1_pwm200_grab3
15153,56,-148,9024,CD,2,D1_pwm200_grab3
15158,2440,3456,9372,CD,2,D1_pwm200_grab3
15163,-176,544,10704,CD,2,D1_pwm200_grab3
15167,2504,-220,11132,CD,2,D1_pwm200_grab3
15177,-760,584,10400,CD,2,D1_pwm200_grab3
15182,2572,-2064,7340,CD,2,D1_pwm200_grab3
15188,4420,-1368,11544,CD,2,D1_pwm200_grab3
15192,1956,3088,9840,CD,2,D1_pwm200_grab3
15197,956,24,8288,CD,2,D1_pwm200_grab3
15202,2820,-524,10016,CD,2,D1_pwm200_grab3
15213,408,-704,10344,CD,2,D1_pwm200_grab3
15218,-520,-4952,4068,CD,2,D1_pwm200_grab3
15222,1644,-1244,8640,CD,2,D1_pwm200_grab3
15227,964,-1112,7584,CD,2,D1_pwm200_grab3
15233,228,280,7564,CD,2,D1_pwm200_grab3
15237,-1460,-2448,8012,CD,2,D1_pwm200_grab3
15243,6516,3048,10036,CD,2,D1_pwm200_grab3
15247,184,-1860,10604,CD,2,D1_pwm200_grab3
15253,-476,-4304,6012,CD,2,D1_pwm200_grab3
15262,1156,-2076,8608,CD,2,D1_pwm200_grab3
15267,-2136,-108,7768,CD,2,D1_pwm200_grab3
15272,3284,780,7728,CD,2,D1_pwm200_grab3
15277,-292,-2536,10452,CD,2,D1_pwm200_grab3
15283,1128,-2320,10180,CD,2,D1_pwm200_grab3
15287,-1980,-2660,9688,CD,2,D1_pwm200_grab3
15297,1124,-2216,11232,CD,2,D1_pwm200_grab3
15303,320,204,9620,CD,2,D1_pwm200_grab3
15313,-1424,-6628,6776,CD,2,D1_pwm200_grab3
15318,-316,1552,11736,CD,2,D1_pwm200_grab3
15324,-220,1464,10388,CD,2,D1_pwm200_grab3
15329,-5232,-280,12304,CD,2,D1_pwm200_grab3
15333,-720,-144,8824,CD,2,D1_pwm200_grab3
15338,1032,2484,15744,CD,2,D1_pwm200_grab3
15343,-988,-2980,8108,CD,2,D1_pwm200_grab3
15348,-3972,228,13900,CD,2,D1_pwm200_grab3
15353,3376,1148,11212,CD,2,D1_pwm200_grab3
15360,-952,292,6788,CD,2,D1_pwm200_grab3
15364,-3008,248,11680,CD,2,D1_pwm200_grab3
15368,-1236,572,10672,CD,2,D1_pwm200_grab3
15373,2556,2804,13844,CD,2,D1_pwm200_grab3
15378,6528,916,12536,CD,2,D1_pwm200_grab3
15383,-3292,1452,14440,CD,2,D1_pwm200_grab3
15388,1056,-532,9756,CD,2,D1_pwm200_grab3
15399,2084,2908,9876,CD,2,D1_pwm200_grab3
15403,-1088,844,11352,CD,2,D1_pwm200_grab3
15408,2632,1932,8604,CD,2,D1_pwm200_grab3
15419,-3440,3204,12256,CD,2,D1_pwm200_grab3
15423,-148,-536,11560,CD,2,D1_pwm200_grab3
15429,3168,1716,10748,CD,2,D1_pwm200_grab3
15434,3500,3264,11804,CD,2,D1_pwm200_grab3
15439,620,472,8292,CD,2,D1_pwm200_grab3
15444,1136,-1112,10240,CD,2,D1_pwm200_grab3
15453,-3052,2348,12672,CD,2,D1_pwm200_grab3
15459,2704,-3268,9780,CD,2,D1_pwm200_grab3
15463,1844,-276,5856,CD,2,D1_pwm200_grab3
15468,3708,3160,7988,CD,2,D1_pwm200_grab3
15474,-48,-268,8232,CD,2,D1_pwm200_grab3
15479,376,-404,7920,CD,2,D1_pwm200_grab3
15484,3976,1088,11328,CD,2,D1_pwm200_grab3
15488,-1944,1052,12496,CD,2,D1_pwm200_grab3
15493,3160,-3256,8040,CD,2,D1_pwm200_grab3
15499,3424,-460,12632,CD,2,D1_pwm200_grab3
15503,3016,1388,7184,CD,2,D1_pwm200_grab3
15508,-1260,-2088,6748,CD,2,D1_pwm200_grab3
15514,2612,-208,8368,CD,2,D1_pwm200_grab3
15518,1284,-2184,13516,CD,2,D1_pwm200_grab3
15524,2772,-2876,7352,CD,2,D1_pwm200_grab3
15528,-108,-2108,11964,CD,2,D1_pwm200_grab3
15534,2616,-1648,10652,CD,2,D1_pwm200_grab3
15539,32,-40,10040,CD,2,D1_pwm200_grab3
15544,-1472,-1576,7556,CD,2,D1_pwm200_grab3
15548,-1876,-1944,6028,CD,2,D1_pwm200_grab3
15553,84,-3612,12056,CD,2,D1_pwm200_grab3
15558,-52,-1100,10180,CD,2,D1_pwm200_grab3
15564,404,-1068,12908,CD,2,D1_pwm200_grab3
15574,976,-2120,9072,CD,2,D1_pwm200_grab3
15580,-3736,940,11636,CD,2,D1_pwm200_grab3
15584,-3824,-4460,15120,CD,2,D1_pwm200_grab3
15589,-2804,-4316,9472,CD,2,D1_pwm200_grab3
15594,2660,1652,11600,CD,2,D1_pwm200_grab3
15599,128,1968,7036,CD,2,D1_pwm200_grab3
15605,-200,900,9820,CD,2,D1_pwm200_grab3
15610,452,1048,12192,CD,2,D1_pwm200_grab3
15614,2140,2124,9644,CD,2,D1_pwm200_grab3
15619,-2736,-1400,7976,CD,2,D1_pwm200_grab3
15625,-3164,-2852,11824,CD,2,D1_pwm200_grab3
15630,4660,1976,11212,CD,2,D1_pwm200_grab3
15635,1652,1544,8360,CD,2,D1_pwm200_grab3
15639,3568,864,10252,CD,2,D1_pwm200_grab3
15645,984,1040,12936,CD,2,D1_pwm200_grab3
15650,1048,1768,8888,CD,2,D1_pwm200_grab3
15659,-3936,-1320,12560,CD,2,D1_pwm200_grab3
15664,4816,1748,10816,CD,2,D1_pwm200_grab3
15669,1860,788,8640,CD,2,D1_pwm200_grab3
15675,4556,2004,9284,CD,2,D1_pwm200_grab3
15679,1416,936,13108,CD,2,D1_pwm200_grab3
15684,1076,1180,9960,CD,2,D1_pwm200_grab3
15694,-520,2752,12708,CD,2,D1_pwm200_grab3
15699,0,-2796,11704,CD,2,D1_pwm200_grab3
15704,-1820,-556,6588,CD,2,D1_pwm200_grab3
15710,4724,2808,8596,CD,2,D1_pwm200_grab3
15715,1204,1164,9700,CD,2,D1_pwm200_grab3
15719,1032,432,10388,CD,2,D1_pwm200_grab3
15729,208,3000,11928,CD,2,D1_pwm200_grab3
15735,1560,-3632,8492,CD,2,D1_pwm200_grab3
15740,4872,-668,9936,CD,2,D1_pwm200_grab3
15745,2384,2284,7684,CD,2,D1_pwm200_grab3
15750,1056,1148,9008,CD,2,D1_pwm200_grab3
15754,1936,-264,7992,CD,2,D1_pwm200_grab3
15764,784,-592,9448,CD,2,D1_pwm200_grab3
15770,-604,-4608,5948,CD,2,D1_pwm200_grab3
15774,4764,-1468,12040,CD,2,D1_pwm200_grab3
15779,1900,1560,7376,CD,2,D1_pwm200_grab3
15785,-3036,-1792,7516,CD,2,D1_pwm200_grab3
15789,1516,-848,7900,CD,2,D1_pwm200_grab3
15799,632,-880,9256,CD,2,D1_pwm200_grab3
15805,-3072,-5428,4272,CD,2,D1_pwm200_grab3
15810,2412,-880,9860,CD,2,D1_pwm200_grab3
15814,80,160,9232,CD,2,D1_pwm200_grab3
15820,-4156,-1844,7672,CD,2,D1_pwm200_grab3
15824,-548,-1408,4248,CD,2,D1_pwm200_grab3
15830,-2744,-5028,8036,CD,2,D1_pwm200_grab3
15835,1404,-1344,10096,CD,2,D1_pwm200_grab3
15841,-212,-524,12356,CD,2,D1_pwm200_grab3
15850,-620,-2772,9680,CD,2,D1_pwm200_grab3
15855,-3268,1056,12008,CD,2,D1_pwm200_grab3
15861,-5592,-4796,14232,CD,2,D1_pwm200_grab3
15866,-2644,-4572,9200,CD,2,D1_pwm200_grab3
15870,552,1980,12072,CD,2,D1_pwm200_grab3
15875,1272,2976,12256,CD,2,D1_pwm200_grab3
15886,1868,-1068,11628,CD,2,D1_pwm200_grab3
15890,-1688,2048,14932,CD,2,D1_pwm200_grab3
15895,-2728,-1540,8244,CD,2,D1_pwm200_grab3
15900,-3016,-2388,11344,CD,2,D1_pwm200_grab3
15905,3532,2468,10524,CD,2,D1_pwm200_grab3
15910,2156,1268,10812,CD,2,D1_pwm200_grab3
15915,-5128,-1192,10452,CD,2,D1_pwm200_grab3
15920,1856,-208,11028,CD,2,D1_pwm200_grab3
15925,2100,3108,13968,CD,2,D1_pwm200_grab3
15930,-1092,-1428,8668,CD,2,D1_pwm200_grab3
15935,-1808,408,11616,CD,2,D1_pwm200_grab3
15940,3896,2432,9388,CD,2,D1_pwm200_grab3
15945,-2784,44,6324,CD,2,D1_pwm200_grab3
15950,5084,2308,9868,CD,2,D1_pwm200_grab3
15955,1212,676,10136,CD,2,D1_pwm200_grab3
15960,3188,3644,12312,CD,2,D1_pwm200_grab3
15965,5276,44,13464,CD,2,D1_pwm200_grab3
15970,-960,1800,12236,CD,2,D1_pwm200_grab3
15975,168,-448,10320,CD,2,D1_pwm200_grab3
15981,4932,-1048,10496,CD,2,D1_pwm200_grab3
15985,1988,2704,8508,CD,2,D1_pwm200_grab3
15990,1028,804,9344,CD,2,D1_pwm200_grab3
15996,1136,-96,8560,CD,2,D1_pwm200_grab3
16001,8828,1756,12424,CD,2,D1_pwm200_grab3
16006,-2376,2264,11076,CD,2,D1_pwm200_grab3
16010,-1028,-1664,10492,CD,2,D1_pwm200_grab3
16020,2448,2960,9396,CD,2,D1_pwm200_grab3
16025,-1952,-404,8056,CD,2,D1_pwm200_grab3
16030,1220,-644,8276,CD,2,D1_pwm200_grab3
16035,5620,1528,8608,CD,2,D1_pwm200_grab3
16041,132,-860,11552,CD,2,D1_pwm200_grab3
16046,-1456,-3768,11388,CD,2,D1_pwm200_grab3
16051,1984,280,7272,CD,2,D1_pwm200_grab3
16055,2592,4720,10468,CD,2,D1_pwm200_grab3
16061,-2720,-984,7588,CD,2,D1_pwm200_grab3
16066,-2140,-3324,8372,CD,2,D1_pwm200_grab3
16070,2872,-72,9552,CD,2,D1_pwm200_grab3
16075,1864,-2056,10788,CD,2,D1_pwm200_grab3
16080,-3660,-3680,6844,CD,2,D1_pwm200_grab3
16091,-236,-2404,10180,CD,2,D1_pwm200_grab3
16096,168,-388,11492,CD,2,D1_pwm200_grab3
16101,20,-604,10748,CD,2,D1_pwm200_grab3
16107,-1288,-5388,7676,CD,2,D1_pwm200_grab3
16112,-1012,-496,10656,CD,2,D1_pwm200_grab3
16116,1144,3512,12912,CD,2,D1_pwm200_grab3
16126,116,-872,10228,CD,2,D1_pwm200_grab3
16131,920,-184,11824,CD,2,D1_pwm200_grab3
16141,-500,-5332,7248,CD,2,D1_pwm200_grab3
16146,2104,1852,10512,CD,2,D1_pwm200_grab3
16152,816,2696,11960,CD,2,D1_pwm200_grab3
16156,-2368,-1636,12564,CD,2,D1_pwm200_grab3
16161,-400,-192,10316,CD,2,D1_pwm200_grab3
16166,3584,3780,14548,CD,2,D1_pwm200_grab3
16176,-1040,-4204,5920,CD,2,D1_pwm200_grab3
16181,2380,2020,10612,CD,2,D1_pwm200_grab3
16187,1636,2160,8368,CD,2,D1_pwm200_grab3
16191,-508,-1544,11724,CD,2,D1_pwm200_grab3
16197,-76,680,9528,CD,2,D1_pwm200_grab3
16201,4396,3976,12520,CD,2,D1_pwm200_grab3
16206,6692,1400,12132,CD,2,D1_pwm200_grab3
16211,-3284,1864,12924,CD,2,D1_pwm200_grab3
16217,2832,1952,10352,CD,2,D1_pwm200_grab3
16221,1920,1388,8284,CD,2,D1_pwm200_grab3
16227,1324,-892,10196,CD,2,D1_pwm200_grab3
16231,88,1040,9656,CD,2,D1_pwm200_grab3
16237,1536,1908,7332,CD,2,D1_pwm200_grab3
16246,-3832,2304,13048,CD,2,D1_pwm200_grab3
16251,92,-1916,9656,CD,2,D1_pwm200_grab3
16256,3240,1124,9392,CD,2,D1_pwm200_grab3
16261,2292,284,9380,CD,2,D1_pwm200_grab3
16267,320,988,10320,CD,2,D1_pwm200_grab3
16271,728,984,6976,CD,2,D1_pwm200_grab3
16282,-3624,1992,13332,CD,2,D1_pwm200_grab3
16286,-396,-2812,10924,CD,2,D1_pwm200_grab3
16291,-372,-1428,4176,CD,2,D1_pwm200_grab3
16297,4292,3756,10464,CD,2,D1_pwm200_grab3
16301,-2476,912,9936,CD,2,D1_pwm200_grab3
16307,156,-136,8224,CD,2,D1_pwm200_grab3
16316,-2812,1084,13224,CD,2,D1_pwm200_grab3
16322,388,-4044,8240,CD,2,D1_pwm200_grab3
16326,2020,-904,8596,CD,2,D1_pwm200_grab3
16331,2376,2384,8808,CD,2,D1_pwm200_grab3
16337,-1640,-1452,6076,CD,2,D1_pwm200_grab3
16343,-1460,-2644,9340,CD,2,D1_pwm200_grab3
16348,1548,-432,12584,CD,2,D1_pwm200_grab3
16352,912,-2420,10208,CD,2,D1_pwm200_grab3
16357,-1240,-3424,8772,CD,2,D1_pwm200_grab3
16368,764,-2360,10124,CD,2,D1_pwm200_grab3
16372,-20,-492,12772,CD,2,D1_pwm200_grab3
16384,-3396,-6248,6384,CD,2,D1_pwm200_grab3
16388,280,-2112,10668,CD,2,D1_pwm200_grab3
16393,1588,560,14972,CD,2,D1_pwm200_grab3
16402,1160,-2100,11304,CD,2,D1_pwm200_grab3
16407,-1620,-320,12356,CD,2,D1_pwm200_grab3
16412,-5176,-4120,13888,CD,2,D1_pwm200_grab3
16417,-3376,-5720,6768,CD,2,D1_pwm200_grab3
16423,3676,1704,11060,CD,2,D1_pwm200_grab3
16428,1844,1304,15400,CD,2,D1_pwm200_grab3
16437,824,-1820,11188,CD,2,D1_pwm200_grab3
16442,-1544,2800,12880,CD,2,D1_pwm200_grab3
16448,-2456,-3544,14908,CD,2,D1_pwm200_grab3
16453,-2676,-2564,10288,CD,2,D1_pwm200_grab3
16458,4676,1856,11212,CD,2,D1_pwm200_grab3
16463,1956,1076,9616,CD,2,D1_pwm200_grab3
16467,672,-728,9968,CD,2,D1_pwm200_grab3
16472,920,-1624,8984,CD,2,D1_pwm200_grab3
16478,-68,3252,14820,CD,2,D1_pwm200_grab3
16482,-1724,-732,5172,CD,2,D1_pwm200_grab3
16488,-3528,-1556,11188,CD,2,D1_pwm200_grab3
16493,4560,2148,9224,CD,2,D1_pwm200_grab3
16497,3004,88,10576,CD,2,D1_pwm200_grab3
16503,4548,628,8328,CD,2,D1_pwm200_grab3
16507,1516,1104,11816,CD,2,D1_pwm200_grab3
16513,1480,2716,12776,CD,2,D1_pwm200_grab3
16517,-376,-512,6076,CD,2,D1_pwm200_grab3
16522,-5100,-840,12548,CD,2,D1_pwm200_grab3
16528,4092,2264,9640,CD,2,D1_pwm200_grab3
16532,-5372,376,4156,CD,2,D1_pwm200_grab3
16537,5192,1708,7488,CD,2,D1_pwm200_grab3
16542,-916,1692,8128,CD,2,D1_pwm200_grab3
16547,1588,972,8412,CD,2,D1_pwm200_grab3
16557,-4604,-308,13440,CD,2,D1_pwm200_grab3
16562,-156,-1164,9056,CD,2,D1_pwm200_grab3
16568,-1640,-1788,6180,CD,2,D1_pwm200_grab3
16572,888,3808,8468,CD,2,D1_pwm200_grab3
16578,-636,872,7368,CD,2,D1_pwm200_grab3
16583,-2112,-2572,9652,CD,2,D1_pwm200_grab3
16593,-1632,396,11056,CD,2,D1_pwm200_grab3
16598,-684,-5484,5780,CD,2,D1_pwm200_grab3
16603,4060,-996,13824,CD,2,D1_pwm200_grab3
16609,3100,2412,9160,CD,2,D1_pwm200_grab3
16614,-3300,-2220,10024,CD,2,D1_pwm200_grab3
16618,1632,-1264,9088,CD,2,D1_pwm200_grab3
16623,-152,-2588,13564,CD,2,D1_pwm200_grab3
16628,1464,-2384,10496,CD,2,D1_pwm200_grab3
16634,-76,-188,12032,CD,2,D1_pwm200_grab3
16644,1728,1164,10668,CD,2,D1_pwm200_grab3
16649,-2516,-2184,11260,CD,2,D1_pwm200_grab3
16653,-316,-680,5824,CD,2,D1_pwm200_grab3
16659,-192,-3360,13192,CD,2,D1_pwm200_grab3
16663,3100,-2228,9756,CD,2,D1_pwm200_grab3
16668,560,712,13048,CD,2,D1_pwm200_grab3
16679,2100,-2416,11532,CD,2,D1_pwm200_grab3
16684,-824,-640,10576,CD,2,D1_pwm200_grab3
16689,496,-736,6012,CD,2,D1_pwm200_grab3
16693,-604,-4096,8712,CD,2,D1_pwm200_grab3
16699,3000,-1464,9660,CD,2,D1_pwm200_grab3
16703,2576,2280,13460,CD,2,D1_pwm200_grab3
16713,2416,-1504,10060,CD,2,D1_pwm200_grab3
16718,-2152,2364,11736,CD,2,D1_pwm200_grab3
16723,-3164,-1840,9832,CD,2,D1_pwm200_grab3
16728,-728,-3776,7276,CD,2,D1_pwm200_grab3
16733,3120,552,8088,CD,2,D1_pwm200_grab3
16738,2640,2716,13416,CD,2,D1_pwm200_grab3
16743,-5904,-1736,8756,CD,2,D1_pwm200_grab3
16748,1920,-948,9548,CD,2,D1_pwm200_grab3
16754,1552,3424,14392,CD,2,D1_pwm200_grab3
16759,-2616,-1384,6776,CD,2,D1_pwm200_grab3
16763,-2464,-952,9572,CD,2,D1_pwm200_grab3
16769,2852,1360,8336,CD,2,D1_pwm200_grab3
16773,-280,748,9036,CD,2,D1_pwm200_grab3
16779,-4228,-1712,9340,CD,2,D1_pwm200_grab3
16783,-576,228,6236,CD,2,D1_pwm200_grab3
16789,2360,3504,13108,CD,2,D1_pwm200_grab3
16794,576,-1944,10148,CD,2,D1_pwm200_grab3
16798,-2968,-692,10108,CD,2,D1_pwm200_grab3
16803,968,144,11004,CD,2,D1_pwm200_grab3
16808,-4072,1464,3852,CD,2,D1_pwm200_grab3
16813,-2692,-1448,9396,CD,2,D1_pwm200_grab3
16819,-1160,624,6296,CD,2,D1_pwm200_grab3
16823,3368,3920,11464,CD,2,D1_pwm200_grab3
16829,2212,-1888,12056,CD,2,D1_pwm200_grab3
16834,-4708,-56,12460,CD,2,D1_pwm200_grab3
16838,468,-1092,10636,CD,2,D1_pwm200_grab3
16843,-3184,-368,4584,CD,2,D1_pwm200_grab3
16848,1812,3644,7568,CD,2,D1_pwm200_grab3
16855,-1796,-296,9840,CD,2,D1_pwm200_grab3
16860,-460,-1752,9820,CD,2,D1_pwm200_grab3
16864,9312,3536,8060,CD,2,D1_pwm200_grab3
16869,-1020,840,12708,CD,2,D1_pwm200_grab3
16879,3932,96,14080,CD,2,D1_pwm200_grab3
16884,2992,2388,10464,CD,2,D1_pwm200_grab3
16889,-1620,-2392,9840,CD,2,D1_pwm200_grab3
16896,344,-1216,11196,CD,2,D1_pwm200_grab3
16899,9080,3512,9748,CD,2,D1_pwm200_grab3
16904,-152,96,12424,CD,2,D1_pwm200_grab3
16910,-3332,-4828,3948,CD,2,D1_pwm200_grab3
16914,3660,-684,13424,CD,2,D1_pwm200_grab3
16920,2156,2268,10000,CD,2,D1_pwm200_grab3
16925,-2140,-1456,10928,CD,2,D1_pwm200_grab3
16929,188,-816,9532,CD,2,D1_pwm200_grab3
16934,1752,-2928,11848,CD,2,D1_pwm200_grab3
16940,3308,-600,10860,CD,2,D1_pwm200_grab3
16945,-2960,-4612,4728,CD,2,D1_pwm200_grab3
16949,-764,792,9812,CD,2,D1_pwm200_grab3
16954,1668,1156,10192,CD,2,D1_pwm200_grab3
16960,-2256,-1196,10380,CD,2,D1_pwm200_grab3
16964,516,-720,8548,CD,2,D1_pwm200_grab3
16969,1144,-3728,9884,CD,2,D1_pwm200_grab3
16974,1616,-984,10016,CD,2,D1_pwm200_grab3
16980,2932,1540,14504,CD,2,D1_pwm200_grab3
16985,-3536,696,9928,CD,2,D1_pwm200_grab3
16989,3724,-2580,13068,CD,2,D1_pwm200_grab3
16995,-1600,-876,10604,CD,2,D1_pwm200_grab3
16999,3288,3296,12516,CD,2,D1_pwm200_grab3
17005,428,-4004,8132,CD,2,D1_pwm200_grab3
17010,1460,-1484,8128,CD,2,D1_pwm200_grab3
17015,3088,2060,13768,CD,2,D1_pwm200_grab3
17025,3444,-2612,13012,CD,2,D1_pwm200_grab3
17030,2184,792,10692,CD,2,D1_pwm200_grab3
17034,-264,2416,12440,CD,2,D1_pwm200_grab3
17044,1332,-1080,8368,CD,2,D1_pwm200_grab3
17050,1920,2244,10880,CD,2,D1_pwm200_grab3
17060,-688,-616,8148,CD,2,D1_pwm200_grab3
17065,32,2720,14172,CD,2,D1_pwm200_grab3
17075,-1268,-5616,3820,CD,2,D1_pwm200_grab3
17079,-624,280,10536,CD,2,D1_pwm200_grab3
17084,1172,1716,9912,CD,2,D1_pwm200_grab3
17090,-4608,-828,9732,CD,2,D1_pwm200_grab3
17095,-1160,-32,8012,CD,2,D1_pwm200_grab3
17099,1672,2916,12880,CD,2,D1_pwm200_grab3
17105,-2896,-2812,5152,CD,2,D1_pwm200_grab3
17110,-4708,-2068,13284,CD,2,D1_pwm200_grab3
17115,1728,1044,9112,CD,2,D1_pwm200_grab3
17121,-3768,376,5040,CD,2,D1_pwm200_grab3
17126,3608,3668,8548,CD,2,D1_pwm200_grab3
17130,-428,28,10204,CD,2,D1_pwm200_grab3
17136,-2008,-1504,8756,CD,2,D1_pwm200_grab3
17146,-3556,1164,11752,CD,2,D1_pwm200_grab3
17152,2052,-3868,9072,CD,2,D1_pwm200_grab3
17155,2716,-784,10028,CD,2,D1_pwm200_grab3
17160,1176,3704,10576,CD,2,D1_pwm200_grab3
17165,-296,-60,10148,CD,2,D1_pwm200_grab3
17170,-276,-2188,13472,CD,2,D1_pwm200_grab3
17180,788,2132,12816,CD,2,D1_pwm200_grab3
17185,428,-4348,7036,CD,2,D1_pwm200_grab3
17190,5896,-248,14008,CD,2,D1_pwm200_grab3
17195,776,3940,11140,CD,2,D1_pwm200_grab3
17201,752,-500,10192,CD,2,D1_pwm200_grab3
17205,840,-1988,13564,CD,2,D1_pwm200_grab3
17215,2004,1464,12640,CD,2,D1_pwm200_grab3
17221,-952,-4412,5172,CD,2,D1_pwm200_grab3
17225,4380,-128,11872,CD,2,D1_pwm200_grab3
17230,1488,-296,9748,CD,2,D1_pwm200_grab3
17235,-1512,-1556,10184,CD,2,D1_pwm200_grab3
17241,1000,-2432,8772,CD,2,D1_pwm200_grab3
17250,1764,-1196,9404,CD,2,D1_pwm200_grab3
17255,-108,-3868,6368,CD,2,D1_pwm200_grab3
17261,-3888,164,9056,CD,2,D1_pwm200_grab3
17265,1776,-1916,11304,CD,2,D1_pwm200_grab3
17270,-1680,-316,9364,CD,2,D1_pwm200_grab3
17276,2728,1812,9232,CD,2,D1_pwm200_grab3
17280,3244,2004,10288,CD,2,D1_pwm200_grab3
17285,1756,-1700,9120,CD,2,D1_pwm200_grab3
17291,676,-2972,8896,CD,2,D1_pwm200_grab3
17301,936,-2992,10472,CD,2,D1_pwm200_grab3
17305,-332,520,9948,CD,2,D1_pwm200_grab3
17311,-1516,912,10968,CD,2,D1_pwm200_grab3
17315,-2692,-4660,5188,CD,2,D1_pwm200_grab3
17320,832,-992,7564,CD,2,D1_pwm200_grab3
17325,652,-2704,9464,CD,2,D1_pwm200_grab3
17336,720,-2560,10044,CD,2,D1_pwm200_grab3
17340,812,508,10800,CD,2,D1_pwm200_grab3
17350,-1980,-6632,7296,CD,2,D1_pwm200_grab3
17356,684,-544,7944,CD,2,D1_pwm200_grab3
17361,-928,1984,9192,CD,2,D1_pwm200_grab3
17372,-408,400,8120,CD,2,D1_pwm200_grab3
17377,-376,1352,13224,CD,2,D1_pwm200_grab3
17381,-28,-3076,9756,CD,2,D1_pwm200_grab3
17387,-5784,-2448,10704,CD,2,D1_pwm200_grab3
17391,2780,708,11196,CD,2,D1_pwm200_grab3
17401,4108,3936,8484,CD,2,D1_pwm200_grab3
17406,-2348,460,11252,CD,2,D1_pwm200_grab3
17411,2468,3052,13836,CD,2,D1_pwm200_grab3
17416,2156,-3780,12528,CD,2,D1_pwm200_grab3
17421,-3792,1476,14712,CD,2,D1_pwm200_grab3
17426,2096,284,11688,CD,2,D1_pwm200_grab3
17436,1768,3536,8572,CD,2,D1_pwm200_grab3
17441,2504,108,11184,CD,2,D1_pwm200_grab3
17446,-108,-1980,10984,CD,2,D1_pwm200_grab3
17451,4276,-2532,13872,CD,2,D1_pwm200_grab3
17456,-3520,2560,14576,CD,2,D1_pwm200_grab3
17462,-444,-1232,11380,CD,2,D1_pwm200_grab3
17471,2204,3576,11252,CD,2,D1_pwm200_grab3
17476,2712,-48,10940,CD,2,D1_pwm200_grab3
17482,1620,-1280,9360,CD,2,D1_pwm200_grab3
17487,10892,5832,10936,CD,2,D1_pwm200_grab3
17491,4060,712,10488,CD,3,D1_pwm200_grab3
17496,-1304,-2152,11624,CD,3,D1_pwm200_grab3
17501,8140,1652,17768,CD,3,D1_pwm200_grab3
17506,5540,4252,12504,CD,3,D1_pwm200_grab3
17512,1712,-24,10424,CD,3,D1_pwm200_grab3
17516,864,-2216,8592,CD,3,D1_pwm200_grab3
17522,9800,5164,12628,CD,3,D1_pwm200_grab3
17526,4120,176,10108,CD,3,D1_pwm200_grab3
17531,-1296,-4096,5820,CD,3,D1_pwm200_grab3
17537,2932,-1196,6028,CD,3,D1_pwm200_grab3
17541,7244,4432,12776,CD,3,D1_pwm200_grab3
17546,-680,-1864,8220,CD,3,D1_pwm200_grab3
17551,-596,-2568,8332,CD,3,D1_pwm200_grab3
17556,3016,988,11400,CD,3,D1_pwm200_grab3
17562,4592,-464,9300,CD,3,D1_pwm200_grab3
17567,256,-3124,9112,CD,3,D1_pwm200_grab3
17572,-5952,-1140,9684,CD,3,D1_pwm200_grab3
17576,1568,-2680,9148,CD,3,D1_pwm200_grab3
17581,-1036,-1964,8308,CD,3,D1_pwm200_grab3
17587,2020,-656,8060,CD,3,D1_pwm200_grab3
17594,2020,-656,8060,CD,3,D1_pwm200_grab3
17597,2372,-2864,7300,CD,3,D1_pwm200_grab3
17601,344,-2252,10408,CD,3,D1_pwm200_grab3
17611,1268,-2720,8264,CD,3,D1_pwm200_grab3
17617,-176,84,9396,CD,3,D1_pwm200_grab3
17628,-2980,-6924,4708,CD,3,D1_pwm200_grab3
17632,-424,-28,10104,CD,3,D1_pwm200_grab3
17638,-1384,1424,7308,CD,3,D1_pwm200_grab3
17643,-5284,-1564,9708,CD,3,D1_pwm200_grab3
17648,-2520,524,8868,CD,3,D1_pwm200_grab3
17652,1836,2800,13532,CD,3,D1_pwm200_grab3
17658,-676,-3700,12140,CD,3,D1_pwm200_grab3
17662,-4356,-1828,13404,CD,3,D1_pwm200_grab3
17668,2740,2012,11780,CD,3,D1_pwm200_grab3
17672,-1060,1712,5720,CD,3,D1_pwm200_grab3
17678,-140,128,9744,CD,3,D1_pwm200_grab3
17683,-2752,676,9864,CD,3,D1_pwm200_grab3
17687,1700,2352,9564,CD,3,D1_pwm200_grab3
17692,3448,-1336,12732,CD,3,D1_pwm200_grab3
17697,-2580,1900,12628,CD,3,D1_pwm200_grab3
17702,-1160,-1408,10648,CD,3,D1_pwm200_grab3
17707,1764,628,8548,CD,3,D1_pwm200_grab3
17712,1416,352,10440,CD,3,D1_pwm200_grab3
17718,1388,1040,13428,CD,3,D1_pwm200_grab3
17723,524,980,8728,CD,3,D1_pwm200_grab3
17732,-2496,3068,12732,CD,3,D1_pwm200_grab3
17737,-428,-3608,11872,CD,3,D1_pwm200_grab3
17742,2948,1524,11660,CD,3,D1_pwm200_grab3
17747,6972,5356,12856,CD,3,D1_pwm200_grab3
17752,1920,736,13904,CD,3,D1_pwm200_grab3
17757,632,40,10816,CD,3,D1_pwm200_grab3
17767,840,3460,11824,CD,3,D1_pwm200_grab3
17772,2248,-3264,11680,CD,3,D1_pwm200_grab3
17777,5052,-224,11916,CD,3,D1_pwm200_grab3
17783,6200,4112,10028,CD,3,D1_pwm200_grab3
17788,-356,-2356,8040,CD,3,D1_pwm200_grab3
17793,1020,-568,10620,CD,3,D1_pwm200_grab3
17802,2048,2964,10644,CD,3,D1_pwm200_grab3
17808,-1912,-4956,3996,CD,3,D1_pwm200_grab3
17812,5308,-628,13272,CD,3,D1_pwm200_grab3
17817,1716,1332,8240,CD,3,D1_pwm200_grab3
17822,-1104,-2752,7448,CD,3,D1_pwm200_grab3
17827,3772,2824,7952,CD,3,D1_pwm200_grab3
17832,2748,164,11320,CD,3,D1_pwm200_grab3
17837,1824,-756,9164,CD,3,D1_pwm200_grab3
17842,-1956,-4856,3120,CD,3,D1_pwm200_grab3
17848,-992,152,7780,CD,3,D1_pwm200_grab3
17852,688,-564,8772,CD,3,D1_pwm200_grab3
17857,-2788,-712,8732,CD,3,D1_pwm200_grab3
17862,3236,1196,5596,CD,3,D1_pwm200_grab3
17867,-4328,-6172,5408,CD,3,D1_pwm200_grab3
17872,-440,-3152,9160,CD,3,D1_pwm200_grab3
17879,24,1828,11568,CD,3,D1_pwm200_grab3
17889,-1932,-1364,8788,CD,3,D1_pwm200_grab3
17894,-2344,2428,12520,CD,3,D1_pwm200_grab3
17899,-6384,-3204,5280,CD,3,D1_pwm200_grab3
17903,-3716,-4420,11460,CD,3,D1_pwm200_grab3
17909,1284,1452,10568,CD,3,D1_pwm200_grab3
17914,564,60,8196,CD,3,D1_pwm200_grab3
17920,2340,2276,10764,CD,3,D1_pwm200_grab3
17924,-2112,-220,8464,CD,3,D1_pwm200_grab3
17928,1360,2012,14372,CD,3,D1_pwm200_grab3
17933,-3656,-3268,7952,CD,3,D1_pwm200_grab3
17938,-2920,-1428,12252,CD,3,D1_pwm200_grab3
17944,724,1176,11348,CD,3,D1_pwm200_grab3
17948,-1856,-168,7624,CD,3,D1_pwm200_grab3
17953,1844,4068,9300,CD,3,D1_pwm200_grab3
17958,124,688,10760,CD,3,D1_pwm200_grab3
17963,2468,2416,11764,CD,3,D1_pwm200_grab3
17968,7504,760,14252,CD,3,D1_pwm200_grab3
17974,-2232,732,13228,CD,3,D1_pwm200_grab3
17978,748,-1040,11240,CD,3,D1_pwm200_grab3
17988,4276,3400,11748,CD,3,D1_pwm200_grab3
17993,-292,-188,9532,CD,3,D1_pwm200_grab3
17998,2916,-1356,10824,CD,3,D1_pwm200_grab3
18008,-696,4184,12620,CD,3,D1_pwm200_grab3
18013,-496,-3360,11552,CD,3,D1_pwm200_grab3
18018,3100,-692,6296,CD,3,D1_pwm200_grab3
18024,7568,5568,12336,CD,3,D1_pwm200_grab3
18028,148,-1512,8328,CD,3,D1_pwm200_grab3
18033,-280,-3400,9316,CD,3,D1_pwm200_grab3
18038,4820,2324,11916,CD,3,D1_pwm200_grab3
18044,2440,-1200,9412,CD,3,D1_pwm200_grab3
18048,2408,-3204,11892,CD,3,D1_pwm200_grab3
18054,5132,644,12160,CD,3,D1_pwm200_grab3
18058,5256,3688,9664,CD,3,D1_pwm200_grab3
18063,-708,-2536,7444,CD,3,D1_pwm200_grab3
18068,1616,-900,11724,CD,3,D1_pwm200_grab3
18073,3408,556,11648,CD,3,D1_pwm200_grab3
18079,1028,-3908,9088,CD,3,D1_pwm200_grab3
18084,2592,-604,11680,CD,3,D1_pwm200_grab3
18094,840,368,8608,CD,3,D1_pwm200_grab3
18098,-2200,-1796,8556,CD,3,D1_pwm200_grab3
18104,3616,1540,5732,CD,3,D1_pwm200_grab3
18109,480,-1548,8608,CD,3,D1_pwm200_grab3
18114,-168,-3352,8888,CD,3,D1_pwm200_grab3
18119,2996,504,13200,CD,3,D1_pwm200_grab3
18129,1392,-2320,8244,CD,3,D1_pwm200_grab3
18134,-2400,2480,12068,CD,3,D1_pwm200_grab3
18139,-5332,-2576,9968,CD,3,D1_pwm200_grab3
18144,-3964,-4900,12024,CD,3,D1_pwm200_grab3
18150,1996,1028,8856,CD,3,D1_pwm200_grab3
18154,696,-572,8236,CD,3,D1_pwm200_grab3
18159,1908,-968,9968,CD,3,D1_pwm200_grab3
18165,-728,388,10388,CD,3,D1_pwm200_grab3
18169,-1532,-1224,11216,CD,3,D1_pwm200_grab3
18179,-5064,-2756,12708,CD,3,D1_pwm200_grab3
18184,556,692,10592,CD,3,D1_pwm200_grab3
18190,-5660,944,4384,CD,3,D1_pwm200_grab3
18194,1580,4484,9164,CD,3,D1_pwm200_grab3
18199,-492,656,9256,CD,3,D1_pwm200_grab3
18205,-2456,-2840,11772,CD,3,D1_pwm200_grab3
18214,-1288,2356,13720,CD,3,D1_pwm200_grab3
18220,-828,-180,10508,CD,3,D1_pwm200_grab3
18230,1936,4536,10940,CD,3,D1_pwm200_grab3
18235,704,-868,10544,CD,3,D1_pwm200_grab3
18239,-564,-2812,11980,CD,3,D1_pwm200_grab3
18250,716,936,13656,CD,3,D1_pwm200_grab3
18254,-868,-3240,7200,CD,3,D1_pwm200_grab3
18259,1848,1624,10628,CD,3,D1_pwm200_grab3
18265,6076,5184,11288,CD,3,D1_pwm200_grab3
18269,-500,-1120,9284,CD,3,D1_pwm200_grab3
18274,-108,-2080,11256,CD,3,D1_pwm200_grab3
18280,6188,964,14512,CD,3,D1_pwm200_grab3
18284,2964,-1760,9320,CD,3,D1_pwm200_grab3
18290,352,-1904,10560,CD,3,D1_pwm200_grab3
18300,2244,-2456,12904,CD,3,D1_pwm200_grab3
18305,-1580,-2060,9072,CD,3,D1_pwm200_grab3
18309,3176,460,10848,CD,3,D1_pwm200_grab3
18314,1716,-164,10276,CD,3,D1_pwm200_grab3
18319,2568,-2360,7612,CD,3,D1_pwm200_grab3
18324,3624,-328,13780,CD,3,D1_pwm200_grab3
18334,2272,-2596,8332,CD,3,D1_pwm200_grab3
18339,-520,1872,8528,CD,3,D1_pwm200_grab3
18344,-4812,-3316,11888,CD,3,D1_pwm200_grab3
18350,536,-2812,7020,CD,3,D1_pwm200_grab3
18355,-40,-2232,9080,CD,3,D1_pwm200_grab3
18359,3464,1908,12248,CD,3,D1_pwm200_grab3
18370,884,-1808,7812,CD,3,D1_pwm200_grab3
18374,-524,2764,14616,CD,3,D1_pwm200_grab3
18379,-3828,-2968,6880,CD,3,D1_pwm200_grab3
18385,-5100,-3472,12280,CD,3,D1_pwm200_grab3
18391,1968,1984,10180,CD,3,D1_pwm200_grab3
18395,-2376,-928,6552,CD,3,D1_pwm200_grab3
18401,1956,164,9200,CD,3,D1_pwm200_grab3
18406,-224,536,9860,CD,3,D1_pwm200_grab3
18411,412,0,6880,CD,3,D1_pwm200_grab3
18421,-2828,1896,11756,CD,3,D1_pwm200_grab3
18426,1016,-3328,9252,CD,3,D1_pwm200_grab3
18432,3508,-1552,6712,CD,3,D1_pwm200_grab3
18436,1536,4196,9584,CD,3,D1_pwm200_grab3
18440,-956,216,7444,CD,3,D1_pwm200_grab3
18445,-2092,-3300,11704,CD,3,D1_pwm200_grab3
18455,-804,1828,13648,CD,3,D1_pwm200_grab3
18460,-1188,-4312,5924,CD,3,D1_pwm200_grab3
18466,4020,132,12288,CD,3,D1_pwm200_grab3
18470,900,1972,9044,CD,3,D1_pwm200_grab3
18475,-24,-780,10196,CD,3,D1_pwm200_grab3
18480,-1016,-3552,11268,CD,3,D1_pwm200_grab3
18485,8368,3592,14528,CD,3,D1_pwm200_grab3
18490,808,828,13628,CD,3,D1_pwm200_grab3
18495,-1124,-2944,8148,CD,3,D1_pwm200_grab3
18501,748,1864,10440,CD,3,D1_pwm200_grab3
18505,1168,-2244,12608,CD,3,D1_pwm200_grab3
18511,-1792,-1604,12200,CD,3,D1_pwm200_grab3
18515,2596,3344,11184,CD,3,D1_pwm200_grab3
18520,5516,1836,15408,CD,3,D1_pwm200_grab3
18525,3284,-1980,9132,CD,3,D1_pwm200_grab3
18530,404,-2084,10960,CD,3,D1_pwm200_grab3
18541,2048,-2252,12740,CD,3,D1_pwm200_grab3
18546,2020,1452,10408,CD,3,D1_pwm200_grab3
18550,-4520,1320,13200,CD,3,D1_pwm200_grab3
18556,-708,-5600,4652,CD,3,D1_pwm200_grab3
18560,3056,-2416,8056,CD,3,D1_pwm200_grab3
18565,3452,-1024,13584,CD,3,D1_pwm200_grab3
18576,2488,-2764,8796,CD,3,D1_pwm200_grab3
18580,828,1984,9732,CD,3,D1_pwm200_grab3
18585,-5160,-1940,12000,CD,3,D1_pwm200_grab3
18590,-2008,-6024,4400,CD,3,D1_pwm200_grab3
18596,2512,1532,8616,CD,3,D1_pwm200_grab3
18600,700,1520,6420,CD,3,D1_pwm200_grab3
18610,1616,-2140,8224,CD,3,D1_pwm200_grab3
18615,-2280,2680,11772,CD,3,D1_pwm200_grab3
18621,-4124,-2436,11196,CD,3,D1_pwm200_grab3
18625,-3436,-5188,10748,CD,3,D1_pwm200_grab3
18630,2512,1840,9328,CD,3,D1_pwm200_grab3
18635,52,-780,7804,CD,3,D1_pwm200_grab3
18640,1780,-1472,10216,CD,3,D1_pwm200_grab3
18647,-664,536,9792,CD,3,D1_pwm200_grab3
18651,1496,800,6300,CD,3,D1_pwm200_grab3
18662,-3584,2484,11824,CD,3,D1_pwm200_grab3
18667,-3000,-3144,10756,CD,3,D1_pwm200_grab3
18671,1812,516,9324,CD,3,D1_pwm200_grab3
18676,3504,5676,9684,CD,3,D1_pwm200_grab3
18682,-1540,-1744,7244,CD,3,D1_pwm200_grab3
18688,-2928,-4396,8440,CD,3,D1_pwm200_grab3
18697,-3288,3372,14756,CD,3,D1_pwm200_grab3
18702,720,-2696,9500,CD,3,D1_pwm200_grab3
18707,5516,2712,13780,CD,3,D1_pwm200_grab3
18712,3132,3944,9172,CD,3,D1_pwm200_grab3
18717,-2264,-2228,10532,CD,3,D1_pwm200_grab3
18722,-1108,-2416,10012,CD,3,D1_pwm200_grab3
18726,1332,668,15360,CD,3,D1_pwm200_grab3
18731,-1212,2748,13496,CD,3,D1_pwm200_grab3
18737,860,-3516,7248,CD,3,D1_pwm200_grab3
18742,5216,616,13844,CD,3,D1_pwm200_grab3
18747,1984,2296,8800,CD,3,D1_pwm200_grab3
18752,-1484,-2520,11220,CD,3,D1_pwm200_grab3
18756,800,-1468,9776,CD,3,D1_pwm200_grab3
18761,920,-240,15160,CD,3,D1_pwm200_grab3
18766,2680,-2640,9832,CD,3,D1_pwm200_grab3
18772,1588,180,13488,CD,3,D1_pwm200_grab3
18777,2524,1056,10620,CD,3,D1_pwm200_grab3
18782,1072,-1380,12304,CD,3,D1_pwm200_grab3
18786,-1232,-2992,11944,CD,3,D1_pwm200_grab3
18791,1332,1988,6776,CD,3,D1_pwm200_grab3
18796,-188,-2492,12856,CD,3,D1_pwm200_grab3
18802,3752,-2596,8788,CD,3,D1_pwm200_grab3
18807,1568,1308,13800,CD,3,D1_pwm200_grab3
18817,1668,-2760,12516,CD,3,D1_pwm200_grab3
18822,76,1584,9576,CD,3,D1_pwm200_grab3
18827,2904,3040,9848,CD,3,D1_pwm200_grab3
18831,-1576,-5372,5852,CD,3,D1_pwm200_grab3
18836,3996,-992,8736,CD,3,D1_pwm200_grab3
18841,2620,1080,13020,CD,3,D1_pwm200_grab3
18851,1564,-488,7944,CD,3,D1_pwm200_grab3
18856,280,4204,15292,CD,3,D1_pwm200_grab3
18866,-460,-5608,5416,CD,3,D1_pwm200_grab3
18871,1984,932,8892,CD,3,D1_pwm200_grab3
18876,1216,276,11944,CD,3,D1_pwm200_grab3
18881,-3568,-2464,9392,CD,3,D1_pwm200_grab3
18886,560,428,7960,CD,3,D1_pwm200_grab3
18891,2252,2840,11952,CD,3,D1_pwm200_grab3
18896,588,-1344,7920,CD,3,D1_pwm200_grab3
18903,-3544,-1244,9936,CD,3,D1_pwm200_grab3
18908,1600,484,9416,CD,3,D1_pwm200_grab3
18912,176,-1708,7976,CD,3,D1_pwm200_grab3
18918,3676,2792,8128,CD,3,D1_pwm200_grab3
18922,-1448,-320,8604,CD,3,D1_pwm200_grab3
18928,204,-1196,8772,CD,3,D1_pwm200_grab3
18933,8536,3720,4180,CD,3,D1_pwm200_grab3
18937,-2612,2432,13836,CD,3,D1_pwm200_grab3
18942,-2004,-4204,6712,CD,3,D1_pwm200_grab3
18952,1884,4472,9104,CD,3,D1_pwm200_grab3
18958,-428,-1040,9044,CD,3,D1_pwm200_grab3
18962,-76,-2956,9260,CD,3,D1_pwm200_grab3
18968,7584,3852,6588,CD,3,D1_pwm200_grab3
18973,940,520,12608,CD,3,D1_pwm200_grab3
18978,-4404,-4780,4144,CD,3,D1_pwm200_grab3
18983,-112,920,8964,CD,3,D1_pwm200_grab3
18987,3324,4988,10336,CD,3,D1_pwm200_grab3
18992,-1260,-1568,8912,CD,3,D1_pwm200_grab3
18997,-1356,-4380,9000,CD,3,D1_pwm200_grab3
19003,5728,3164,14752,CD,3,D1_pwm200_grab3
19008,1936,-580,11616,CD,3,D1_pwm200_grab3
19013,-2060,-2860,8172,CD,3,D1_pwm200_grab3
19017,-2964,1928,10536,CD,3,D1_pwm200_grab3
19022,3612,-2284,12372,CD,3,D1_pwm200_grab3
19027,-1924,-108,10196,CD,3,D1_pwm200_grab3
19033,-240,-680,10716,CD,3,D1_pwm200_grab3
19037,3844,1892,14804,CD,3,D1_pwm200_grab3
19042,4760,-1888,9256,CD,3,D1_pwm200_grab3
19048,-916,-1828,9612,CD,3,D1_pwm200_grab3
19052,-10640,-2412,12860,CD,3,D1_pwm200_grab3
19057,3848,-2296,12700,CD,3,D1_pwm200_grab3
19063,2548,1924,11400,CD,3,D1_pwm200_grab3
19068,-2904,1708,13852,CD,3,D1_pwm200_grab3
19072,1904,-136,13604,CD,3,D1_pwm200_grab3
19077,4400,-2484,8728,CD,3,D1_pwm200_grab3
19082,2952,-1184,13508,CD,3,D1_pwm200_grab3
19087,-12012,-2532,13596,CD,3,D1_pwm200_grab3
19092,3156,-3116,8648,CD,3,D1_pwm200_grab3
19098,2204,2592,11144,CD,3,D1_pwm200_grab3
19102,-9520,-1440,10068,CD,3,D1_pwm200_grab3
19107,-4,-4988,4332,CD,3,D1_pwm200_grab3
19113,1740,484,9860,CD,3,D1_pwm200_grab3
19117,3236,-900,15452,CD,3,D1_pwm200_grab3
19122,-10016,-4452,11600,CD,3,D1_pwm200_grab3
19128,2784,-2628,7796,CD,3,D1_pwm200_grab3
19133,-2212,2252,7084,CD,3,D1_pwm200_grab3
19137,-5356,-2136,13220,CD,3,D1_pwm200_grab3
19143,-1072,-7084,4496,CD,3,D1_pwm200_grab3
19147,1644,748,10428,CD,3,D1_pwm200_grab3
19152,-360,748,6332,CD,3,D1_pwm200_grab3
19158,-1796,-2068,8856,CD,3,D1_pwm200_grab3
19164,-2760,904,9812,CD,3,D1_pwm200_grab3
19168,2596,2860,9096,CD,3,D1_pwm200_grab3
19173,5204,-1528,9344,CD,3,D1_pwm200_grab3
19179,-4384,1040,13348,CD,3,D1_pwm200_grab3
19184,-3436,-1384,9504,CD,3,D1_pwm200_grab3
19193,-276,4108,9004,CD,3,D1_pwm200_grab3
19198,-220,-608,7320,CD,3,D1_pwm200_grab3
19204,456,-344,8284,CD,3,D1_pwm200_grab3
19209,7008,-376,9292,CD,3,D1_pwm200_grab3
19213,-3200,3104,14620,CD,3,D1_pwm200_grab3
19218,-4704,-1512,10372,CD,3,D1_pwm200_grab3
19223,3736,3180,12768,CD,3,D1_pwm200_grab3
19228,484,4484,9868,CD,3,D1_pwm200_grab3
19234,-676,-1636,8516,CD,3,D1_pwm200_grab3
19238,-1560,-4020,9620,CD,3,D1_pwm200_grab3
19248,-3108,3344,14960,CD,3,D1_pwm200_grab3
19253,-972,-2556,11680,CD,3,D1_pwm200_grab3
19258,2112,2452,7316,CD,3,D1_pwm200_grab3
19263,5772,6020,13376,CD,3,D1_pwm200_grab3
19269,-1412,-1780,8604,CD,3,D1_pwm200_grab3
19274,-520,-2816,11216,CD,3,D1_pwm200_grab3
19279,7240,3424,14412,CD,3,D1_pwm200_grab3
19284,2856,-848,10112,CD,3,D1_pwm200_grab3
19289,948,-2304,11412,CD,3,D1_pwm200_grab3
19293,2508,1484,5784,CD,3,D1_pwm200_grab3
19298,5852,4760,12552,CD,3,D1_pwm200_grab3
19304,-1640,-2484,9256,CD,3,D1_pwm200_grab3
19309,-264,-1624,11644,CD,3,D1_pwm200_grab3
19313,2888,3444,13656,CD,3,D1_pwm200_grab3
19318,3328,-1284,9284,CD,3,D1_pwm200_grab3
19324,2508,-2036,10720,CD,3,D1_pwm200_grab3
19329,5284,1496,14528,CD,3,D1_pwm200_grab3
19334,5640,3432,11508,CD,3,D1_pwm200_grab3
19339,-1500,-2320,9564,CD,3,D1_pwm200_grab3
19343,476,-892,11944,CD,3,D1_pwm200_grab3
19349,2212,2708,13404,CD,3,D1_pwm200_grab3
19354,3324,-1808,8704,CD,3,D1_pwm200_grab3
19359,3544,-1676,11196,CD,3,D1_pwm200_grab3
19368,2812,-2620,10468,CD,3,D1_pwm200_grab3
19373,-1360,-2128,9620,CD,3,D1_pwm200_grab3
19378,3696,1176,10068,CD,3,D1_pwm200_grab3
19383,2480,1620,13508,CD,3,D1_pwm200_grab3
19389,1552,-3848,8240,CD,3,D1_pwm200_grab3
19394,3772,-1528,11764,CD,3,D1_pwm200_grab3
19403,2812,-3136,9840,CD,3,D1_pwm200_grab3
19408,-384,2448,8540,CD,3,D1_pwm200_grab3
19419,-1928,-6980,6352,CD,3,D1_pwm200_grab3
19424,2716,696,8552,CD,3,D1_pwm200_grab3
19429,-1752,688,7016,CD,3,D1_pwm200_grab3
19434,-3348,-2676,8888,CD,3,D1_pwm200_grab3
19440,-1132,996,7860,CD,3,D1_pwm200_grab3
19444,2268,3100,11792,CD,3,D1_pwm200_grab3
19449,1636,-3180,10404,CD,3,D1_pwm200_grab3
19454,-3068,-1344,8856,CD,3,D1_pwm200_grab3
19459,244,800,10248,CD,3,D1_pwm200_grab3
19465,-1292,1032,5812,CD,3,D1_pwm200_grab3
19469,-2804,-148,9732,CD,3,D1_pwm200_grab3
19474,-1268,1004,8128,CD,3,D1_pwm200_grab3
19479,584,456,10680,CD,3,D1_pwm200_grab3
19485,2616,-3188,11644,CD,3,D1_pwm200_grab3
19489,-4924,636,13408,CD,3,D1_pwm200_grab3
19495,200,-1344,9352,CD,3,D1_pwm200_grab3
19500,360,1128,8084,CD,3,D1_pwm200_grab3
19504,-2472,324,10288,CD,3,D1_pwm200_grab3
19509,68,1360,11764,CD,3,D1_pwm200_grab3
19514,400,68,10476,CD,3,D1_pwm200_grab3
19519,8092,-80,12392,CD,3,D1_pwm200_grab3
19525,-4796,1688,14072,CD,3,D1_pwm200_grab3
19530,-852,-704,12300,CD,3,D1_pwm200_grab3
19540,1632,4544,10952,CD,3,D1_pwm200_grab3
19544,-44,1280,11860,CD,3,D1_pwm200_grab3
19549,2176,1160,10784,CD,3,D1_pwm200_grab3
19560,-2648,4708,14480,CD,3,D1_pwm200_grab3
19565,-1088,-564,12560,CD,3,D1_pwm200_grab3
19570,7900,2476,14960,CD,3,D1_pwm200_grab3
19574,1856,4480,11236,CD,3,D1_pwm200_grab3
19579,636,-1644,8404,CD,3,D1_pwm200_grab3
19584,2192,1064,10360,CD,3,D1_pwm200_grab3
19594,-2368,4560,14124,CD,3,D1_pwm200_grab3
19599,-64,-2848,11344,CD,3,D1_pwm200_grab3
19605,7760,2384,14768,CD,3,D1_pwm200_grab3
19610,6200,4140,11776,CD,3,D1_pwm200_grab3
19615,640,-1880,8396,CD,3,D1_pwm200_grab3
19619,2072,-1448,10224,CD,3,D1_pwm200_grab3
19629,-3500,3256,13540,CD,3,D1_pwm200_grab3
19635,28,-3008,11200,CD,3,D1_pwm200_grab3
19640,968,452,3988,CD,3,D1_pwm200_grab3
19644,6084,4068,11596,CD,3,D1_pwm200_grab3
19650,-2076,-1500,7752,CD,3,D1_pwm200_grab3
19655,2212,-1344,9996,CD,3,D1_pwm200_grab3
19660,6028,3820,11616,CD,3,D1_pwm200_grab3
19665,4096,120,8716,CD,3,D1_pwm200_grab3
19670,-2232,-4112,5420,CD,3,D1_pwm200_grab3
19675,652,176,7916,CD,3,D1_pwm200_grab3
19680,780,-2244,7356,CD,3,D1_pwm200_grab3
19686,-2068,-1076,7612,CD,3,D1_pwm200_grab3
19691,788,848,6052,CD,3,D1_pwm200_grab3
19695,400,-3600,9364,CD,3,D1_pwm200_grab3
19700,476,-3284,9072,CD,3,D1_pwm200_grab3
19705,2232,-380,13488,CD,3,D1_pwm200_grab3
19716,580,-2028,7276,CD,3,D1_pwm200_grab3
19721,-2024,-496,9908,CD,3,D1_pwm200_grab3
19725,348,692,5692,CD,3,D1_pwm200_grab3
19731,-2792,-6576,8308,CD,3,D1_pwm200_grab3
19735,456,-2972,9140,CD,3,D1_pwm200_grab3
19740,-200,1872,11724,CD,3,D1_pwm200_grab3
19751,-388,-1556,10328,CD,3,D1_pwm200_grab3
19755,-1968,-644,10328,CD,3,D1_pwm200_grab3
19761,1352,828,9732,CD,3,D1_pwm200_grab3
19766,-2724,-6244,8732,CD,3,D1_pwm200_grab3
19770,2796,-1456,10372,CD,3,D1_pwm200_grab3
19775,-40,1696,11776,CD,3,D1_pwm200_grab3
19781,-9076,-2840,10676,CD,3,D1_pwm200_grab3
19786,200,-1568,10652,CD,3,D1_pwm200_grab3
19790,-2072,2464,13544,CD,3,D1_pwm200_grab3
19796,-5928,-5056,16948,CD,3,D1_pwm200_grab3
19800,-2968,-5672,7532,CD,3,D1_pwm200_grab3
19805,3212,-2496,9832,CD,3,D1_pwm200_grab3
19810,1576,2336,10960,CD,3,D1_pwm200_grab3
19821,2164,-280,11516,CD,3,D1_pwm200_grab3
19825,-2280,2512,12680,CD,3,D1_pwm200_grab3
19830,-2584,-2944,13916,CD,3,D1_pwm200_grab3
19836,-1320,-6068,6000,CD,3,D1_pwm200_grab3
19840,3452,-3016,9380,CD,3,D1_pwm200_grab3
19845,1820,1552,11572,CD,3,D1_pwm200_grab3
19850,-7576,-2944,8156,CD,3,D1_pwm200_grab3
19856,2488,-680,11500,CD,3,D1_pwm200_grab3
19861,124,4156,14048,CD,3,D1_pwm200_grab3
19866,-2704,-2792,15996,CD,3,D1_pwm200_grab3
19870,-320,-3268,6172,CD,3,D1_pwm200_grab3
19875,4144,2464,11252,CD,3,D1_pwm200_grab3
19880,1584,560,8060,CD,3,D1_pwm200_grab3
19885,-8060,-3932,8444,CD,3,D1_pwm200_grab3
19890,2680,-1204,11148,CD,3,D1_pwm200_grab3
19895,-728,4356,12552,CD,3,D1_pwm200_grab3
19901,-2668,-2328,8980,CD,3,D1_pwm200_grab3
19906,-92,-4292,5492,CD,3,D1_pwm200_grab3
19911,2960,0,9996,CD,3,D1_pwm200_grab3
19916,1128,200,7284,CD,3,D1_pwm200_grab3
19920,-328,464,9676,CD,3,D1_pwm200_grab3
19926,-168,876,9588,CD,3,D1_pwm200_grab3
19931,1204,488,7036,CD,3,D1_pwm200_grab3
19936,5640,-604,9688,CD,3,D1_pwm200_grab3
19941,-3832,2352,14100,CD,3,D1_pwm200_grab3
19946,-1004,-1276,9036,CD,3,D1_pwm200_grab3
19956,340,3584,8244,CD,3,D1_pwm200_grab3
19961,-832,-1436,7696,CD,3,D1_pwm200_grab3
19966,196,-2232,7408,CD,3,D1_pwm200_grab3
19971,3988,-1928,9496,CD,3,D1_pwm200_grab3
19976,-3940,1916,14060,CD,3,D1_pwm200_grab3
19982,-952,-868,8728,CD,3,D1_pwm200_grab3
19991,500,3768,8328,CD,3,D1_pwm200_grab3
19997,-580,-1288,7992,CD,3,D1_pwm200_grab3
20002,-1148,-3216,11572,CD,3,D1_pwm200_grab3
20012,-3920,1232,13804,CD,3,D1_pwm200_grab3
20016,-3364,-1216,10216,CD,3,D1_pwm200_grab3
20026,-492,5304,10968,CD,3,D1_pwm200_grab3
20031,-460,-1020,8396,CD,3,D1_pwm200_grab3
20036,-1048,-3136,11784,CD,3,D1_pwm200_grab3
20047,-356,3108,13640,CD,3,D1_pwm200_grab3
20052,1368,-2356,8348,CD,3,D1_pwm200_grab3
20061,-140,5040,10996,CD,3,D1_pwm200_grab3
20066,-832,-1108,9476,CD,3,D1_pwm200_grab3
20072,-928,-3064,12176,CD,3,D1_pwm200_grab3
20081,-700,3716,14160,CD,3,D1_pwm200_grab3
20087,892,-3064,8012,CD,3,D1_pwm200_grab3
20092,5968,3384,15212,CD,3,D1_pwm200_grab3
20097,3324,5352,12164,CD,3,D1_pwm200_grab3
20102,-480,-756,10088,CD,3,D1_pwm200_grab3
20106,2448,-936,10352,CD,3,D1_pwm200_grab3
20117,1064,2448,11060,CD,3,D1_pwm200_grab3
20122,2796,-2464,9532,CD,3,D1_pwm200_grab3
20126,5596,1040,13948,CD,3,D1_pwm200_grab3
20132,4708,1700,10380,CD,3,D1_pwm200_grab3
20137,-2144,-1712,8472,CD,3,D1_pwm200_grab3
20141,2076,-1072,9752,CD,3,D1_pwm200_grab3
20152,-56,2776,11220,CD,3,D1_pwm200_grab3
20156,1536,-3836,5496,CD,3,D1_pwm200_grab3
20161,4708,2212,13108,CD,3,D1_pwm200_grab3
20167,4528,76,9048,CD,3,D1_pwm200_grab3
20171,-2204,-2228,8288,CD,3,D1_pwm200_grab3
20176,1176,-32,10396,CD,3,D1_pwm200_grab3
20183,2192,2040,12528,CD,3,D1_pwm200_grab3
20188,3128,-2532,6284,CD,3,D1_pwm200_grab3
20193,184,-1700,10540,CD,3,D1_pwm200_grab3
20202,2188,-2928,8536,CD,3,D1_pwm200_grab3
20208,2444,1440,9032,CD,3,D1_pwm200_grab3
20212,2668,1968,10196,CD,3,D1_pwm200_grab3
20217,-2240,-7184,6128,CD,3,D1_pwm200_grab3
20222,384,-2448,9832,CD,3,D1_pwm200_grab3
20227,-828,-1916,9304,CD,3,D1_pwm200_grab3
20237,480,-2476,8056,CD,3,D1_pwm200_grab3
20243,1652,1340,8688,CD,3,D1_pwm200_grab3
20247,-4076,592,11348,CD,3,D1_pwm200_grab3
20252,-2976,-7352,5988,CD,3,D1_pwm200_grab3
20258,500,-612,10284,CD,3,D1_pwm200_grab3
20262,60,1424,10612,CD,3,D1_pwm200_grab3
20273,736,-2300,8868,CD,3,D1_pwm200_grab3
20278,2240,1336,13476,CD,3,D1_pwm200_grab3
20283,-1352,492,11864,CD,3,D1_pwm200_grab3
20287,-2804,-6672,7204,CD,3,D1_pwm200_grab3
20292,724,-620,10264,CD,3,D1_pwm200_grab3
20297,116,1764,11884,CD,3,D1_pwm200_grab3
20307,1168,680,11660,CD,3,D1_pwm200_grab3
20312,2548,1404,13968,CD,3,D1_pwm200_grab3
20318,-6592,384,11916,CD,3,D1_pwm200_grab3
20327,3292,-100,10712,CD,3,D1_pwm200_grab3
20332,620,2300,12180,CD,3,D1_pwm200_grab3
20337,-5880,-2224,8696,CD,3,D1_pwm200_grab3
20342,1420,452,11716,CD,3,D1_pwm200_grab3
20347,1040,2432,15920,CD,3,D1_pwm200_grab3
20353,-4932,464,12320,CD,3,D1_pwm200_grab3
20362,3404,-268,10512,CD,3,D1_pwm200_grab3
20368,1380,856,11820,CD,3,D1_pwm200_grab3
20372,-6164,-2348,8492,CD,3,D1_pwm200_grab3
20378,1672,552,10028,CD,3,D1_pwm200_grab3
20383,896,2688,15804,CD,3,D1_pwm200_grab3
20387,-1088,-1368,6036,CD,3,D1_pwm200_grab3
20392,-2220,-628,8776,CD,3,D1_pwm200_grab3
20397,2500,1272,10196,CD,3,D1_pwm200_grab3
20402,1488,812,11908,CD,3,D1_pwm200_grab3
20407,-3148,-2872,8716,CD,3,D1_pwm200_grab3
20412,1532,352,9416,CD,3,D1_pwm200_grab3
20417,2604,2888,11912,CD,3,D1_pwm200_grab3
20422,-1360,-1388,5780,CD,3,D1_pwm200_grab3
20427,-2936,-728,8516,CD,3,D1_pwm200_grab3
20432,3428,1384,9020,CD,3,D1_pwm200_grab3
20438,-3240,216,5968,CD,3,D1_pwm200_grab3
20443,2264,1756,9528,CD,3,D1_pwm200_grab3
20448,32,-116,10452,CD,3,D1_pwm200_grab3
20454,452,-40,6568,CD,3,D1_pwm200_grab3
20458,10396,3548,4360,CD,3,D1_pwm200_grab3
20464,-3580,2900,13916,CD,3,D1_pwm200_grab3
20469,-2056,-2388,10068,CD,3,D1_pwm200_grab3
20478,2916,3368,9184,CD,3,D1_pwm200_grab3
20483,-248,-332,10408,CD,3,D1_pwm200_grab3
20489,-756,-2476,9336,CD,3,D1_pwm200_grab3
20503,-2460,-2552,10140,CD,3,D1_pwm200_grab3
20508,2848,400,7096,CD,3,D1_pwm200_grab3
20513,2484,3576,9256,CD,3,D1_pwm200_grab3
20518,-1784,-1992,8728,CD,3,D1_pwm200_grab3
20523,-896,-2504,9592,CD,3,D1_pwm200_grab3
20539,1744,-3428,10384,CD,3,D1_pwm200_grab3
20543,3112,680,7904,CD,3,D1_pwm200_grab3
20548,4556,3080,9688,CD,3,D1_pwm200_grab3
20553,-1752,-2092,8840,CD,3,D1_pwm200_grab3
20559,-1028,-948,11324,CD,3,D1_pwm200_grab3
20564,4800,1856,15684,CD,3,D1_pwm200_grab3
20569,-1800,2236,14420,CD,3,D1_pwm200_grab3
20573,1972,-3528,10268,CD,3,D1_pwm200_grab3
20578,3184,792,8676,CD,3,D1_pwm200_grab3
20584,5112,2752,9860,CD,3,D1_pwm200_grab3
20589,-1384,-1016,9212,CD,3,D1_pwm200_grab3
20593,-704,-836,11440,CD,3,D1_pwm200_grab3
20604,2628,-1276,9412,CD,3,D1_pwm200_grab3
20609,2044,-3780,10036,CD,3,D1_pwm200_grab3
20618,5212,2476,10016,CD,3,D1_pwm200_grab3
20624,-1572,-800,9296,CD,3,D1_pwm200_grab3
20629,-28,-560,11468,CD,3,D1_pwm200_grab3
20633,3784,784,13400,CD,3,D1_pwm200_grab3
20639,2996,-1152,8912,CD,3,D1_pwm200_grab3
20643,2960,-1732,11928,CD,3,D1_pwm200_grab3
20653,4544,1080,9588,CD,3,D1_pwm200_grab3
20658,-1592,-764,9272,CD,3,D1_pwm200_grab3
20663,2812,1048,10452,CD,3,D1_pwm200_grab3
20668,3788,504,12988,CD,3,D1_pwm200_grab3
20673,2316,-3412,7924,CD,3,D1_pwm200_grab3
20678,3020,-1544,11884,CD,3,D1_pwm200_grab3
20688,2428,-2068,11256,CD,3,D1_pwm200_grab3
20694,576,2444,9020,CD,3,D1_pwm200_grab3
20699,-7784,648,11220,CD,3,D1_pwm200_grab3
20709,2432,804,10048,CD,3,D1_pwm200_grab3
20715,-1560,456,9472,CD,3,D1_pwm200_grab3
20719,-4208,-1944,9392,CD,3,D1_pwm200_grab3
20725,-248,808,7104,CD,3,D1_pwm200_grab3
20730,1884,2960,12572,CD,3,D1_pwm200_grab3
20736,-40,-2136,8232,CD,3,D1_pwm200_grab3
20745,376,-272,8980,CD,3,D1_pwm200_grab3
20749,-1548,704,8844,CD,3,D1_pwm200_grab3
20754,-3860,-164,9192,CD,3,D1_pwm200_grab3
20760,-812,916,6936,CD,3,D1_pwm200_grab3
20764,424,368,10364,CD,3,D1_pwm200_grab3
20770,652,-2580,9316,CD,3,D1_pwm200_grab3
20774,-5532,-420,11872,CD,3,D1_pwm200_grab3
20780,200,140,9148,CD,3,D1_pwm200_grab3
20784,-660,1872,7220,CD,3,D1_pwm200_grab3
20790,-3516,-240,9212,CD,3,D1_pwm200_grab3
20794,-1564,-192,9656,CD,3,D1_pwm200_grab3
20800,496,224,10444,CD,3,D1_pwm200_grab3
20805,3948,-3680,13268,CD,3,D1_pwm200_grab3
20809,-5404,-248,12484,CD,3,D1_pwm200_grab3
20814,1460,616,11772,CD,3,D1_pwm200_grab3
20820,792,-1916,9636,CD,3,D1_pwm200_grab3
20825,636,-140,12312,CD,3,D1_pwm200_grab3
20829,-1596,-92,9976,CD,3,D1_pwm200_grab3
20834,2180,1024,11740,CD,3,D1_pwm200_grab3
20840,4636,-3036,13532,CD,3,D1_pwm200_grab3
20844,-2760,4112,15132,CD,3,D1_pwm200_grab3
20849,1236,424,11776,CD,3,D1_pwm200_grab3
20859,328,3400,10160,CD,3,D1_pwm200_grab3
20865,-168,656,12324,CD,3,D1_pwm200_grab3
20869,2248,1228,11464,CD,3,D1_pwm200_grab3
20885,-364,-1792,10948,CD,3,D1_pwm200_grab3
20894,5660,2948,11284,CD,3,D1_pwm200_grab3
20900,860,-940,9548,CD,3,D1_pwm200_grab3
20904,2296,-256,10192,CD,3,D1_pwm200_grab3
20915,-3616,3432,12952,CD,3,D1_pwm200_grab3
20919,-552,-1912,10672,CD,3,D1_pwm200_grab3
20925,2764,2228,9532,CD,3,D1_pwm200_grab3
20929,6140,3008,11536,CD,3,D1_pwm200_grab3
20935,-692,-1212,7988,CD,3,D1_pwm200_grab3
20940,2348,-332,10216,CD,3,D1_pwm200_grab3
20944,7520,4792,10968,CD,3,D1_pwm200_grab3
20950,4280,736,9404,CD,3,D1_pwm200_grab3
20960,3256,-120,10308,CD,3,D1_pwm200_grab3
20966,1124,-624,7648,CD,3,D1_pwm200_grab3
20970,-1880,-452,8040,CD,3,D1_pwm200_grab3
20975,532,672,6904,CD,3,D1_pwm200_grab3
20981,2304,-2508,10328,CD,3,D1_pwm200_grab3
20986,-532,-3224,8776,CD,3,D1_pwm200_grab3
20990,2004,-12,11660,CD,3,D1_pwm200_grab3
20995,-1556,-12,8616,CD,3,D1_pwm200_grab3
21001,984,-576,7588,CD,3,D1_pwm200_grab3
21005,-2940,-508,8936,CD,3,D1_pwm200_grab3
21010,364,332,7136,CD,3,D1_pwm200_grab3
21015,-1428,-5528,9032,CD,3,D1_pwm200_grab3
21021,-488,-3224,8840,CD,3,D1_pwm200_grab3
21025,-80,120,12404,CD,3,D1_pwm200_grab3
21036,356,-2300,9576,CD,3,D1_pwm200_grab3
21040,-3144,-860,9296,CD,3,D1_pwm200_grab3
21045,728,-260,6924,CD,3,D1_pwm200_grab3
21050,-736,-4948,10268,CD,3,D1_pwm200_grab3
21055,1200,-2356,9260,CD,3,D1_pwm200_grab3
21060,-252,448,12584,CD,3,D1_pwm200_grab3
21070,-416,-1968,9868,CD,3,D1_pwm200_grab3
21076,-1848,812,11364,CD,3,D1_pwm200_grab3
21081,-312,-596,6692,CD,3,D1_pwm200_grab3
21086,-1680,-4688,10208,CD,3,D1_pwm200_grab3
21090,1572,-2384,9148,CD,3,D1_pwm200_grab3
21095,1660,792,13124,CD,3,D1_pwm200_grab3
21105,2676,-1368,12160,CD,3,D1_pwm200_grab3
21110,-588,736,11388,CD,3,D1_pwm200_grab3
21116,-4760,-4068,15388,CD,3,D1_pwm200_grab3
21121,264,-3856,11516,CD,3,D1_pwm200_grab3
21125,2244,-1808,9868,CD,3,D1_pwm200_grab3
21130,1964,980,13788,CD,3,D1_pwm200_grab3
21141,3160,-1820,12020,CD,3,D1_pwm200_grab3
21146,-1100,2740,9464,CD,3,D1_pwm200_grab3
21150,-6944,-2228,11756,CD,3,D1_pwm200_grab3
21155,-1120,-4644,4740,CD,3,D1_pwm200_grab3
21161,2964,1912,11164,CD,3,D1_pwm200_grab3
21165,1572,1020,13384,CD,3,D1_pwm200_grab3
21175,3320,-1884,12144,CD,3,D1_pwm200_grab3
21180,752,2448,9572,CD,3,D1_pwm200_grab3
21191,-792,-5348,4300,CD,3,D1_pwm200_grab3
21195,2676,1004,10812,CD,3,D1_pwm200_grab3
21201,936,1400,8528,CD,3,D1_pwm200_grab3
21206,-4788,-2240,10568,CD,3,D1_pwm200_grab3
21211,-176,548,8372,CD,3,D1_pwm200_grab3
21216,1404,2496,13940,CD,3,D1_pwm200_grab3
21227,-5604,-1148,12184,CD,3,D1_pwm200_grab3
21231,3444,1292,9180,CD,3,D1_pwm200_grab3
21236,2084,-692,10108,CD,3,D1_pwm200_grab3
21241,2724,1832,8584,CD,3,D1_pwm200_grab3
21246,-1008,48,9820,CD,3,D1_pwm200_grab3
21252,576,1208,12876,CD,3,D1_pwm200_grab3
21262,-5608,-1868,11348,CD,3,D1_pwm200_grab3
21266,3188,1604,9208,CD,3,D1_pwm200_grab3
21272,388,-436,8740,CD,3,D1_pwm200_grab3
21277,1136,936,9224,CD,3,D1_pwm200_grab3
21281,-580,148,10228,CD,3,D1_pwm200_grab3
21286,1028,392,5640,CD,3,D1_pwm200_grab3
21296,-4944,-2980,10608,CD,3,D1_pwm200_grab3
21301,960,1688,10108,CD,3,D1_pwm200_grab3
21306,640,52,9164,CD,3,D1_pwm200_grab3
21312,96,1204,10512,CD,3,D1_pwm200_grab3
21316,-660,364,9980,CD,3,D1_pwm200_grab3
21321,-1288,-1468,9688,CD,3,D1_pwm200_grab3
21326,7508,-132,11172,CD,3,D1_pwm200_grab3
21331,-4120,3000,15032,CD,3,D1_pwm200_grab3
21337,1184,2120,10432,CD,3,D1_pwm200_grab3
21341,1888,616,11100,CD,3,D1_pwm200_grab3
21347,-452,524,10812,CD,3,D1_pwm200_grab3
21351,-508,476,11892,CD,3,D1_pwm200_grab3
21357,-412,-636,10536,CD,3,D1_pwm200_grab3
21366,-4028,2836,14972,CD,3,D1_pwm200_grab3
21371,-1304,-908,12076,CD,3,D1_pwm200_grab3
21376,784,860,10224,CD,3,D1_pwm200_grab3
21381,2100,1244,12604,CD,3,D1_pwm200_grab3
21386,-400,732,12068,CD,3,D1_pwm200_grab3
21392,2748,1636,10344,CD,3,D1_pwm200_grab3
21396,5952,-492,12228,CD,3,D1_pwm200_grab3
21401,-2520,3868,13204,CD,3,D1_pwm200_grab3
21406,1340,-504,11820,CD,3,D1_pwm200_grab3
21417,1072,2696,9980,CD,3,D1_pwm200_grab3
21422,292,564,11184,CD,3,D1_pwm200_grab3
21427,3412,2344,10720,CD,3,D1_pwm200_grab3
21431,8168,1912,10672,CD,3,D1_pwm200_grab3
21436,-2888,2784,13544,CD,3,D1_pwm200_grab3
21442,1656,-2256,9564,CD,3,D1_pwm200_grab3
21447,6800,-1600,12852,CD,3,D1_pwm200_grab3
21451,2248,2656,9480,CD,3,D1_pwm200_grab3
21456,68,-504,9116,CD,3,D1_pwm200_grab3
21463,2216,36,9600,CD,3,D1_pwm200_grab3
21472,2656,2224,9112,CD,3,D1_pwm200_grab3
21478,3016,-2300,9948,CD,3,D1_pwm200_grab3
21482,4972,372,11580,CD,3,D1_pwm200_grab3
21487,5732,2648,7872,CD,3,D1_pwm200_grab3
21492,-1916,-1260,7152,CD,3,D1_pwm200_grab3
21497,-628,-908,9316,CD,3,D1_pwm200_grab3
21502,2980,908,10668,CD,3,D1_pwm200_grab3
21507,1184,2748,9948,CD,3,D1_pwm200_grab3
21512,1260,-3584,7704,CD,3,D1_pwm200_grab3
21517,4084,-484,6524,CD,3,D1_pwm200_grab3
21523,3456,2540,6264,CD,3,D1_pwm200_grab3
21528,-1624,-1424,7336,CD,3,D1_pwm200_grab3
21532,-1820,-2512,8840,CD,3,D1_pwm200_grab3
21538,4680,1752,10204,CD,3,D1_pwm200_grab3
21542,1468,-2328,9816,CD,3,D1_pwm200_grab3
21547,488,-3172,9392,CD,3,D1_pwm200_grab3
21552,2552,-164,9140,CD,3,D1_pwm200_grab3
21558,4320,4020,8400,CD,3,D1_pwm200_grab3
21563,-2348,-1812,10312,CD,3,D1_pwm200_grab3
21568,-1304,-3460,8344,CD,3,D1_pwm200_grab3
21573,3040,1440,12816,CD,3,D1_pwm200_grab3
21577,972,-1136,10740,CD,3,D1_pwm200_grab3
21582,-2980,-2276,8188,CD,3,D1_pwm200_grab3
21588,-2352,516,9396,CD,3,D1_pwm200_grab3
21592,4200,4056,10040,CD,3,D1_pwm200_grab3
21597,-2344,-1348,10592,CD,3,D1_pwm200_grab3
21603,-2448,-2864,8804,CD,3,D1_pwm200_grab3
21608,5216,2760,12412,CD,3,D1_pwm200_grab3
21613,4196,-1008,9864,CD,3,D1_pwm200_grab3
21617,-3364,-3312,6240,CD,3,D1_pwm200_grab3
21622,-2564,516,10496,CD,3,D1_pwm200_grab3
21627,1512,-220,12244,CD,3,D1_pwm200_grab3
21633,-1104,-336,10116,CD,3,D1_pwm200_grab3
21638,-896,-2436,9820,CD,3,D1_pwm200_grab3
21642,5700,3588,12124,CD,3,D1_pwm200_grab3
21647,3788,-284,10456,CD,3,D1_pwm200_grab3
21652,-556,-2408,8912,CD,3,D1_pwm200_grab3
21658,-4,220,10984,CD,3,D1_pwm200_grab3
21662,3752,-1076,12108,CD,3,D1_pwm200_grab3
21668,-2020,68,10084,CD,3,D1_pwm200_grab3
21673,1780,1336,8548,CD,3,D1_pwm200_grab3
21678,7632,4780,11392,CD,3,D1_pwm200_grab3
21682,5088,-424,8592,CD,3,D1_pwm200_grab3
21688,-1140,-3072,6868,CD,3,D1_pwm200_grab3
21693,-796,-208,8288,CD,3,D1_pwm200_grab3
21698,3508,-148,11356,CD,3,D1_pwm200_grab3
21703,-1380,764,9092,CD,3,D1_pwm200_grab3
21707,1148,1180,7916,CD,3,D1_pwm200_grab3
21713,2360,-3608,9680,CD,3,D1_pwm200_grab3
21719,1352,-2088,8596,CD,3,D1_pwm200_grab3
21723,3180,-400,11780,CD,3,D1_pwm200_grab3
21734,448,-1868,9156,CD,3,D1_pwm200_grab3
21738,608,2312,8572,CD,3,D1_pwm200_grab3
21743,-7784,-1944,7932,CD,3,D1_pwm200_grab3
21753,888,552,8376,CD,3,D1_pwm200_grab3
21760,-1236,628,9352,CD,3,D1_pwm200_grab3
21768,128,-1816,8896,CD,3,D1_pwm200_grab3
21774,-784,1144,9036,CD,3,D1_pwm200_grab3
21788,-144,88,8200,CD,3,D1_pwm200_grab3
21794,-756,380,8644,CD,3,D1_pwm200_grab3
21799,-5744,-1580,8760,CD,3,D1_pwm200_grab3
21804,-16,-1704,8848,CD,3,D1_pwm200_grab3
21808,840,1176,10064,CD,3,D1_pwm200_grab3
21824,628,424,9980,CD,3,D1_pwm200_grab3
21828,-640,696,10560,CD,3,D1_pwm200_grab3
21839,-744,-104,8412,CD,3,D1_pwm200_grab3
21859,508,84,10148,CD,3,D1_pwm200_grab3
21863,176,1220,11908,CD,3,D1_pwm200_grab3
21868,-6164,-972,10916,CD,3,D1_pwm200_grab3
21874,-804,292,8984,CD,3,D1_pwm200_grab3
21883,-3300,-3552,7412,CD,3,D1_pwm200_grab3
21894,808,-908,10388,CD,3,D1_pwm200_grab3
21899,124,1304,11688,CD,3,D1_pwm200_grab3
21904,-7456,-1260,10516,CD,3,D1_pwm200_grab3
21909,-484,112,10336,CD,3,D1_pwm200_grab3
21919,-2316,-1236,5348,CD,3,D1_pwm200_grab3
21924,-4348,-1604,9928,CD,3,D1_pwm200_grab3
21928,5588,1684,11436,CD,3,D1_pwm200_grab3
21934,1052,1436,12836,CD,3,D1_pwm200_grab3
21939,-5456,-1792,10576,CD,3,D1_pwm200_grab3
21943,-408,364,10516,CD,3,D1_pwm200_grab3
21949,1376,2448,14716,CD,3,D1_pwm200_grab3
21954,-2332,-1592,7420,CD,3,D1_pwm200_grab3
21959,-5272,-1368,9516,CD,3,D1_pwm200_grab3
21963,5724,1744,11196,CD,3,D1_pwm200_grab3
21969,2120,-496,9752,CD,3,D1_pwm200_grab3
21974,3020,-120,11392,CD,3,D1_pwm200_grab3
21980,332,120,10444,CD,3,D1_pwm200_grab3
21984,2348,2032,8056,CD,3,D1_pwm200_grab3
21994,-1044,4140,11752,CD,3,D1_pwm200_grab3
21999,-1788,-2204,10580,CD,3,D1_pwm200_grab3
22009,3236,2952,8864,CD,3,D1_pwm200_grab3
22014,-360,-296,8576,CD,3,D1_pwm200_grab3
22019,1120,700,5752,CD,3,D1_pwm200_grab3
22024,9936,1592,12748,CD,3,D1_pwm200_grab3
22029,-2376,1968,11624,CD,3,D1_pwm200_grab3
22034,-896,-1564,10036,CD,3,D1_pwm200_grab3
22040,7736,548,15956,CD,3,D1_pwm200_grab3
22044,1900,3240,8256,CD,3,D1_pwm200_grab3
22050,-1284,-1796,8012,CD,3,D1_pwm200_grab3
22054,1620,-728,9280,CD,3,D1_pwm200_grab3
22060,10760,1188,11344,CD,3,D1_pwm200_grab3
22065,-2924,1368,11516,CD,3,D1_pwm200_grab3
22069,-3036,-3136,10720,CD,3,D1_pwm200_grab3
22079,3308,3920,10384,CD,3,D1_pwm200_grab3
22085,-1192,-1600,8336,CD,3,D1_pwm200_grab3
22089,108,-2064,9188,CD,3,D1_pwm200_grab3
22094,8820,4024,6812,CD,3,D1_pwm200_grab3
22099,1432,904,11936,CD,3,D1_pwm200_grab3
22104,-1680,-2532,10784,CD,3,D1_pwm200_grab3
22115,1244,4244,9948,CD,3,D1_pwm200_grab3
22119,-1272,-764,11100,CD,3,D1_pwm200_grab3
22124,-412,-1992,9652,CD,3,D1_pwm200_grab3
22129,9596,4252,10240,CD,3,D1_pwm200_grab3
22134,1248,1108,12276,CD,3,D1_pwm200_grab3
22139,-2628,-4004,4996,CD,3,D1_pwm200_grab3
22150,2744,3564,11736,CD,3,D1_pwm200_grab3
22155,-964,-384,10984,CD,3,D1_pwm200_grab3
22159,612,-788,10488,CD,3,D1_pwm200_grab3
22165,10552,4816,9092,CD,3,D1_pwm200_grab3
22170,4176,936,10584,CD,3,D1_pwm200_grab3
22174,-1360,-4052,5992,CD,3,D1_pwm200_grab3
22179,4200,-748,14152,CD,3,D1_pwm200_grab3
22185,5164,1664,10516,CD,3,D1_pwm200_grab3
22190,-168,-224,8624,CD,3,D1_pwm200_grab3
22195,652,-716,10996,CD,3,D1_pwm200_grab3
22199,9980,6276,8608,CD,3,D1_pwm200_grab3
22204,3620,1320,10704,CD,3,D1_pwm200_grab3
22210,-1348,-3700,5452,CD,3,D1_pwm200_grab3
22220,4168,1576,8332,CD,3,D1_pwm200_grab3
22225,-1472,-200,9456,CD,3,D1_pwm200_grab3
22230,2356,1044,9448,CD,3,D1_pwm200_grab3
22236,3100,1128,12056,CD,3,D1_pwm200_grab3
22240,1212,-2828,8772,CD,3,D1_pwm200_grab3
22246,1348,-1688,10832,CD,3,D1_pwm200_grab3
22256,2352,-1660,12124,CD,3,D1_pwm200_grab3
22261,1316,1740,8908,CD,3,D1_pwm200_grab3
22265,1076,2860,12500,CD,3,D1_pwm200_grab3
22270,-2284,-5864,6760,CD,3,D1_pwm200_grab3
22275,1312,-2984,8896,CD,3,D1_pwm200_grab3
22281,892,-1172,10320,CD,3,D1_pwm200_grab3
22291,-1016,-1828,9116,CD,3,D1_pwm200_grab3
22295,788,1672,8912,CD,3,D1_pwm200_grab3
22300,-6192,400,8872,CD,3,D1_pwm200_grab3
22306,-2096,-6076,7724,CD,3,D1_pwm200_grab3
22311,-1504,-920,7768,CD,3,D1_pwm200_grab3
22316,-264,-2252,9708,CD,3,D1_pwm200_grab3
3002,860,976,7988,CD,0,D1_pwm200_grab4
3007,4000,4124,10312,CD,0,D1_pwm200_grab4
3012,-1696,-1220,7496,CD,0,D1_pwm200_grab4
3017,-1052,-2316,8000,CD,0,D1_pwm200_grab4
3023,3860,-1280,8844,CD,0,D1_pwm200_grab4
3027,1544,-580,12004,CD,0,D1_pwm200_grab4
3033,-1584,-2936,8336,CD,0,D1_pwm200_grab4
3037,3816,2692,15796,CD,0,D1_pwm200_grab4
3042,3384,3192,9684,CD,0,D1_pwm200_grab4
3047,-3380,-1384,9508,CD,0,D1_pwm200_grab4
3052,840,-2020,7424,CD,0,D1_pwm200_grab4
3057,3124,-1188,10160,CD,0,D1_pwm200_grab4
3062,1440,-508,10872,CD,0,D1_pwm200_grab4
3067,1048,628,15048,CD,0,D1_pwm200_grab4
3072,4468,2056,17364,CD,0,D1_pwm200_grab4
3077,1972,1112,10508,CD,0,D1_pwm200_grab4
3082,-3420,-1260,10160,CD,0,D1_pwm200_grab4
3087,2288,520,11624,CD,0,D1_pwm200_grab4
3093,2664,-1664,9484,CD,0,D1_pwm200_grab4
3097,1860,-964,8844,CD,0,D1_pwm200_grab4
3102,1724,-204,16532,CD,0,D1_pwm200_grab4
3113,2768,-2380,12560,CD,0,D1_pwm200_grab4
3117,-24,-808,11920,CD,0,D1_pwm200_grab4
3122,1588,-512,12520,CD,0,D1_pwm200_grab4
3128,-184,-2324,6412,CD,0,D1_pwm200_grab4
3133,1564,-776,9012,CD,0,D1_pwm200_grab4
3137,2632,1324,12988,CD,0,D1_pwm200_grab4
3147,1172,-1288,8356,CD,0,D1_pwm200_grab4
3152,-472,1280,11848,CD,0,D1_pwm200_grab4
3158,-2952,-1980,12764,CD,0,D1_pwm200_grab4
3163,-3460,-3512,11712,CD,0,D1_pwm200_grab4
3168,2248,-148,10160,CD,0,D1_pwm200_grab4
3174,1248,-968,6864,CD,0,D1_pwm200_grab4
3178,-712,-1176,9696,CD,0,D1_pwm200_grab4
3183,-500,1584,8576,CD,0,D1_pwm200_grab4
3189,2568,2932,10492,CD,0,D1_pwm200_grab4
3200,-1844,1440,9928,CD,0,D1_pwm200_grab4
3203,2412,-40,10012,CD,0,D1_pwm200_grab4
3209,1904,-2112,6120,CD,0,D1_pwm200_grab4
3213,1064,-344,9572,CD,0,D1_pwm200_grab4
3218,-516,40,9428,CD,0,D1_pwm200_grab4
3223,1908,2640,9816,CD,0,D1_pwm200_grab4
3233,-1508,1440,10400,CD,0,D1_pwm200_grab4
3238,-600,-3964,9644,CD,0,D1_pwm200_grab4
3244,1844,-2792,6692,CD,0,D1_pwm200_grab4
3248,2156,1804,8120,CD,0,D1_pwm200_grab4
3254,-180,-4,9944,CD,0,D1_pwm200_grab4
3258,-532,-128,8876,CD,0,D1_pwm200_grab4
3268,-1336,1404,12252,CD,0,D1_pwm200_grab4
3274,-376,-3768,10084,CD,0,D1_pwm200_grab4
3278,108,1520,7696,CD,0,D1_pwm200_grab4
3284,4532,4468,11252,CD,0,D1_pwm200_grab4
3288,-256,-240,10244,CD,0,D1_pwm200_grab4
3293,-752,-532,9212,CD,0,D1_pwm200_grab4
3304,-964,1484,13080,CD,0,D1_pwm200_grab4
3308,-1212,-1708,10152,CD,0,D1_pwm200_grab4
3313,1244,1152,9364,CD,0,D1_pwm200_grab4
3319,4516,3780,11780,CD,0,D1_pwm200_grab4
3323,-1304,-1580,9012,CD,0,D1_pwm200_grab4
3329,-1036,-1048,9548,CD,0,D1_pwm200_grab4
3333,10380,2788,9796,CD,0,D1_pwm200_grab4
3338,-400,1388,13336,CD,0,D1_pwm200_grab4
3344,-1620,-1936,9044,CD,0,D1_pwm200_grab4
3348,2212,1528,11084,CD,0,D1_pwm200_grab4
3353,4036,3336,11528,CD,0,D1_pwm200_grab4
3359,-2124,-1032,10024,CD,0,D1_pwm200_grab4
3363,916,-1092,7984,CD,0,D1_pwm200_grab4
3368,4148,-60,13156,CD,0,D1_pwm200_grab4
3373,3620,808,13552,CD,0,D1_pwm200_grab4
3378,-1824,-1988,8196,CD,0,D1_pwm200_grab4
3388,3984,2788,11356,CD,0,D1_pwm200_grab4
3393,-2148,-1176,9884,CD,0,D1_pwm200_grab4
3398,2072,-812,7832,CD,0,D1_pwm200_grab4
3403,4420,-396,9780,CD,0,D1_pwm200_grab4
3409,2216,-380,9644,CD,0,D1_pwm200_grab4
3424,1300,-2636,9888,CD,0,D1_pwm200_grab4
3429,2116,840,11200,CD,0,D1_pwm200_grab4
3435,-7188,-696,7696,CD,0,D1_pwm200_grab4
3440,-1592,-3380,8488,CD,0,D1_pwm200_grab4
3444,3100,-120,9268,CD,0,D1_pwm200_grab4
3450,824,-176,6204,CD,0,D1_pwm200_grab4
3454,-4496,-3340,9268,CD,0,D1_pwm200_grab4
3459,1452,-2288,9584,CD,0,D1_pwm200_grab4
3465,-96,800,9744,CD,0,D1_pwm200_grab4
3470,-6848,-904,7648,CD,0,D1_pwm200_grab4
3479,3376,-176,9184,CD,0,D1_pwm200_grab4
3484,592,-268,6140,CD,0,D1_pwm200_grab4
3490,-4344,-3488,9472,CD,0,D1_pwm200_grab4
3494,-364,56,8120,CD,0,D1_pwm200_grab4
3499,-404,652,9572,CD,0,D1_pwm200_grab4
3504,-5836,-2716,9520,CD,0,D1_pwm200_grab4
3514,1224,-32,9600,CD,0,D1_pwm200_grab4
3519,448,-376,6012,CD,0,D1_pwm200_grab4
3524,-3296,-1764,9528,CD,0,D1_pwm200_grab4
3529,-420,96,8328,CD,0,D1_pwm200_grab4
3534,88,1260,11020,CD,0,D1_pwm200_grab4
3540,2060,-560,12536,CD,0,D1_pwm200_grab4
3549,972,104,9768,CD,0,D1_pwm200_grab4
3555,-1076,-1408,6248,CD,0,D1_pwm200_grab4
3559,-3528,-1704,9592,CD,0,D1_pwm200_grab4
3564,-688,444,9908,CD,0,D1_pwm200_grab4
3570,40,1244,11216,CD,0,D1_pwm200_grab4
3575,5664,-512,13632,CD,0,D1_pwm200_grab4
3579,-5988,-228,10492,CD,0,D1_pwm200_grab4
3584,2592,1492,11356,CD,0,D1_pwm200_grab4
3590,-712,-896,6552,CD,0,D1_pwm200_grab4
3594,-1180,-484,10016,CD,0,D1_pwm200_grab4
3599,-676,204,9744,CD,0,D1_pwm200_grab4
3609,4760,-748,13640,CD,0,D1_pwm200_grab4
3615,-2276,1984,13012,CD,0,D1_pwm200_grab4
3620,2616,-1208,10892,CD,0,D1_pwm200_grab4
3625,6856,-2060,14812,CD,0,D1_pwm200_grab4
3630,-1052,-1028,10284,CD,0,D1_pwm200_grab4
3634,-816,1700,10276,CD,0,D1_pwm200_grab4
3639,2064,2648,10456,CD,0,D1_pwm200_grab4
3644,9076,2744,12776,CD,0,D1_pwm200_grab4
3650,-2496,1672,13024,CD,0,D1_pwm200_grab4
3655,844,-636,9728,CD,0,D1_pwm200_grab4
3659,4704,-1804,12548,CD,0,D1_pwm200_grab4
3665,4308,3688,9904,CD,0,D1_pwm200_grab4
3670,1880,1308,9816,CD,0,D1_pwm200_grab4
3676,1148,-24,8944,CD,0,D1_pwm200_grab4
3680,12000,3716,6816,CD,0,D1_pwm200_grab4
3686,4208,872,10896,CD,0,D1_pwm200_grab4
3691,396,-2944,7340,CD,0,D1_pwm200_grab4
3695,4544,2252,15144,CD,0,D1_pwm200_grab4
3700,3808,3728,9072,CD,0,D1_pwm200_grab4
3705,-2108,-808,8224,CD,0,D1_pwm200_grab4
3712,2124,-560,9584,CD,0,D1_pwm200_grab4
3715,9848,4364,7072,CD,0,D1_pwm200_grab4
3721,3556,1064,10592,CD,0,D1_pwm200_grab4
3725,-2864,-4036,4692,CD,0,D1_pwm200_grab4
3731,4400,2212,13764,CD,0,D1_pwm200_grab4
3735,2520,1944,8504,CD,0,D1_pwm200_grab4
3741,-2264,-672,7904,CD,0,D1_pwm200_grab4
3745,2204,-628,9156,CD,0,D1_pwm200_grab4
3750,3988,72,9316,CD,0,D1_pwm200_grab4
3755,116,396,10180,CD,0,D1_pwm200_grab4
3760,-2428,-3868,5504,CD,0,D1_pwm200_grab4
3766,2576,772,14040,CD,0,D1_pwm200_grab4
3770,2576,2516,8540,CD,0,D1_pwm200_grab4
3776,-4888,-3188,8128,CD,0,D1_pwm200_grab4
3780,2328,-272,9404,CD,0,D1_pwm200_grab4
3786,896,-1660,10656,CD,0,D1_pwm200_grab4
3790,172,-2300,8892,CD,0,D1_pwm200_grab4
3796,-1140,-120,11344,CD,0,D1_pwm200_grab4
3801,2240,1644,14120,CD,0,D1_pwm200_grab4
3806,2580,1832,10252,CD,0,D1_pwm200_grab4
3815,1272,-1460,8504,CD,0,D1_pwm200_grab4
3821,1516,-1108,11168,CD,0,D1_pwm200_grab4
3826,792,-980,10668,CD,0,D1_pwm200_grab4
3830,-1632,-620,11148,CD,0,D1_pwm200_grab4
3841,3108,2384,10240,CD,0,D1_pwm200_grab4
3845,-2136,-1840,11060,CD,0,D1_pwm200_grab4
3850,1812,-960,9320,CD,0,D1_pwm200_grab4
3855,3260,-1576,11972,CD,0,D1_pwm200_grab4
3860,1380,-808,11096,CD,0,D1_pwm200_grab4
3865,1808,1184,13664,CD,0,D1_pwm200_grab4
3875,2064,-2564,11944,CD,0,D1_pwm200_grab4
3881,780,-132,12288,CD,0,D1_pwm200_grab4
3885,1436,-1120,10004,CD,0,D1_pwm200_grab4
3890,4020,-344,12256,CD,0,D1_pwm200_grab4
3895,2196,-1000,11244,CD,0,D1_pwm200_grab4
3900,1392,876,12304,CD,0,D1_pwm200_grab4
3910,1972,-2388,11844,CD,0,D1_pwm200_grab4
3915,2872,676,10872,CD,0,D1_pwm200_grab4
3921,-4416,-568,10472,CD,0,D1_pwm200_grab4
3926,384,-4272,6728,CD,0,D1_pwm200_grab4
3931,1064,-180,9004,CD,0,D1_pwm200_grab4
3936,2288,504,10748,CD,0,D1_pwm200_grab4
3947,1360,-120,7240,CD,0,D1_pwm200_grab4
3962,-4684,-1208,12552,CD,0,D1_pwm200_grab4
3966,5648,920,9432,CD,0,D1_pwm200_grab4
3971,2468,724,11908,CD,0,D1_pwm200_grab4
3981,1268,-596,7316,CD,0,D1_pwm200_grab4
3986,972,2632,14828,CD,0,D1_pwm200_grab4
3992,-1776,-1500,4964,CD,0,D1_pwm200_grab4
3996,-6272,-2416,11216,CD,0,D1_pwm200_grab4
4002,5552,940,9280,CD,0,D1_pwm200_grab4
4006,572,-1660,7284,CD,0,D1_pwm200_grab4
4016,1248,-1208,7376,CD,0,D1_pwm200_grab4
4021,336,2256,14616,CD,0,D1_pwm200_grab4
4027,-2208,-1936,6588,CD,0,D1_pwm200_grab4
4032,-5832,-3072,10712,CD,0,D1_pwm200_grab4
4036,5112,808,8824,CD,0,D1_pwm200_grab4
4042,-596,-1416,6816,CD,0,D1_pwm200_grab4
4047,780,1412,9564,CD,0,D1_pwm200_grab4
4051,-1208,688,10592,CD,0,D1_pwm200_grab4
4056,-516,2104,12996,CD,0,D1_pwm200_grab4
4061,-5552,-3668,5640,CD,0,D1_pwm200_grab4
4066,-5704,-4136,9976,CD,0,D1_pwm200_grab4
4071,2572,1168,10152,CD,0,D1_pwm200_grab4
4077,-940,-1576,6588,CD,0,D1_pwm200_grab4
4082,-96,964,9340,CD,0,D1_pwm200_grab4
4086,-1256,508,9980,CD,0,D1_pwm200_grab4
4092,-384,1100,8548,CD,0,D1_pwm200_grab4
4096,-5844,-3892,8196,CD,0,D1_pwm200_grab4
4102,-5404,-3148,11364,CD,0,D1_pwm200_grab4
4106,2128,1576,10036,CD,0,D1_pwm200_grab4
4111,396,-84,8168,CD,0,D1_pwm200_grab4
4117,-1304,-128,9592,CD,0,D1_pwm200_grab4
4121,-628,864,10736,CD,0,D1_pwm200_grab4
4126,488,1572,9532,CD,0,D1_pwm200_grab4
4137,-4152,1472,12988,CD,0,D1_pwm200_grab4
4141,4624,2272,11236,CD,0,D1_pwm200_grab4
4146,636,-600,7656,CD,0,D1_pwm200_grab4
4151,1880,-100,10456,CD,0,D1_pwm200_grab4
4156,-708,668,9944,CD,0,D1_pwm200_grab4
4161,2352,3128,9908,CD,0,D1_pwm200_grab4
4166,6528,-740,13160,CD,0,D1_pwm200_grab4
4171,-1776,3272,14092,CD,0,D1_pwm200_grab4
4177,2012,-636,10060,CD,0,D1_pwm200_grab4
4182,8092,-1904,15092,CD,0,D1_pwm200_grab4
4188,2592,4152,10196,CD,0,D1_pwm200_grab4
4192,2064,476,9160,CD,0,D1_pwm200_grab4
4197,672,-168,8824,CD,0,D1_pwm200_grab4
4207,3164,1948,11840,CD,0,D1_pwm200_grab4
4212,-268,-4060,5912,CD,0,D1_pwm200_grab4
4217,3620,2016,12004,CD,0,D1_pwm200_grab4
4222,3112,2948,7716,CD,0,D1_pwm200_grab4
4228,1932,892,9212,CD,0,D1_pwm200_grab4
4232,1132,84,6636,CD,0,D1_pwm200_grab4
4242,2328,2252,10196,CD,0,D1_pwm200_grab4
4247,1244,-3316,8312,CD,0,D1_pwm200_grab4
4253,2928,1800,12560,CD,0,D1_pwm200_grab4
4257,3136,3704,7772,CD,0,D1_pwm200_grab4
4262,-3412,-1548,7312,CD,0,D1_pwm200_grab4
4268,816,-60,7580,CD,0,D1_pwm200_grab4
4277,1268,2944,10788,CD,0,D1_pwm200_grab4
4282,-564,-3696,8084,CD,0,D1_pwm200_grab4
4288,1892,936,7932,CD,0,D1_pwm200_grab4
4292,2892,3028,8668,CD,0,D1_pwm200_grab4
4298,-2984,-1960,7412,CD,0,D1_pwm200_grab4
4302,-904,-1532,9780,CD,0,D1_pwm200_grab4
4308,2120,1892,9968,CD,0,D1_pwm200_grab4
4312,-2020,1916,11028,CD,0,D1_pwm200_grab4
4317,-52,-2848,10892,CD,0,D1_pwm200_grab4
4322,1480,1084,10060,CD,0,D1_pwm200_grab4
4327,3876,4208,10452,CD,0,D1_pwm200_grab4
4332,-3240,-2564,9516,CD,0,D1_pwm200_grab4
4338,-1368,-3464,9756,CD,0,D1_pwm200_grab4
4343,2132,888,13180,CD,0,D1_pwm200_grab4
4347,1708,-1028,11532,CD,0,D1_pwm200_grab4
4353,1380,-2352,11080,CD,0,D1_pwm200_grab4
4358,772,1800,8000,CD,0,D1_pwm200_grab4
4362,4572,4980,10896,CD,0,D1_pwm200_grab4
4367,-2308,-2152,9528,CD,0,D1_pwm200_grab4
4373,-1432,-3788,10104,CD,0,D1_pwm200_grab4
4377,4332,1560,12524,CD,0,D1_pwm200_grab4
4382,4000,-804,11680,CD,0,D1_pwm200_grab4
4388,-2836,-2588,8916,CD,0,D1_pwm200_grab4
4393,-492,2284,11364,CD,0,D1_pwm200_grab4
4397,5164,5564,12100,CD,0,D1_pwm200_grab4
4402,132,-840,10984,CD,0,D1_pwm200_grab4
4407,72,-3700,11076,CD,0,D1_pwm200_grab4
4413,4720,2600,11572,CD,0,D1_pwm200_grab4
4417,4380,-116,12052,CD,0,D1_pwm200_grab4
4423,-772,-2096,7388,CD,0,D1_pwm200_grab4
4427,1176,2228,13088,CD,0,D1_pwm200_grab4
4432,2292,-64,9928,CD,0,D1_pwm200_grab4
4438,-2412,-1404,10628,CD,0,D1_pwm200_grab4
4443,3172,668,7152,CD,0,D1_pwm200_grab4
4448,2984,-1348,12468,CD,0,D1_pwm200_grab4
4454,-260,-2440,8060,CD,0,D1_pwm200_grab4
4458,2616,1172,14040,CD,0,D1_pwm200_grab4
4469,1568,-1856,10800,CD,0,D1_pwm200_grab4
4473,1136,1152,10544,CD,0,D1_pwm200_grab4
4478,-7536,1220,9428,CD,0,D1_pwm200_grab4
4484,1504,-2292,9316,CD,0,D1_pwm200_grab4
4488,-148,-2312,8528,CD,0,D1_pwm200_grab4
4493,3136,940,12320,CD,0,D1_pwm200_grab4
4503,1604,-2620,8648,CD,0,D1_pwm200_grab4
4508,2232,1696,10224,CD,0,D1_pwm200_grab4
4514,-7004,-288,8776,CD,0,D1_pwm200_grab4
4519,-1192,-5600,6484,CD,0,D1_pwm200_grab4
4524,-1084,-4140,8028,CD,0,D1_pwm200_grab4
4528,2364,404,11064,CD,0,D1_pwm200_grab4
4538,1424,-2184,8596,CD,0,D1_pwm200_grab4
4543,176,672,8256,CD,0,D1_pwm200_grab4
4553,-2916,-7144,6216,CD,0,D1_pwm200_grab4
4558,512,-748,8348,CD,0,D1_pwm200_grab4
4564,-1272,532,9224,CD,0,D1_pwm200_grab4
4573,976,-2220,8376,CD,0,D1_pwm200_grab4
4578,1104,632,8608,CD,0,D1_pwm200_grab4
4589,-2080,-6368,7696,CD,0,D1_pwm200_grab4
4593,-444,-1192,7616,CD,0,D1_pwm200_grab4
4598,-408,292,11072,CD,0,D1_pwm200_grab4
4603,-6840,-1304,10476,CD,0,D1_pwm200_grab4
4608,640,-3540,12524,CD,0,D1_pwm200_grab4
4613,1192,444,9188,CD,0,D1_pwm200_grab4
4624,-1584,-5748,8796,CD,0,D1_pwm200_grab4
4629,-340,208,10288,CD,0,D1_pwm200_grab4
4634,232,644,13036,CD,0,D1_pwm200_grab4
4643,948,-1384,8824,CD,0,D1_pwm200_grab4
4658,-1592,-4736,7772,CD,0,D1_pwm200_grab4
4664,-588,272,10112,CD,0,D1_pwm200_grab4
4669,1004,1592,11604,CD,0,D1_pwm200_grab4
4678,272,44,9484,CD,0,D1_pwm200_grab4
4688,-1688,-740,6304,CD,0,D1_pwm200_grab4
4694,-5004,-2492,11104,CD,0,D1_pwm200_grab4
4700,5688,2416,10316,CD,0,D1_pwm200_grab4
4705,2816,-740,10048,CD,0,D1_pwm200_grab4
4709,2612,1084,8736,CD,0,D1_pwm200_grab4
4715,-388,2096,11164,CD,0,D1_pwm200_grab4
4720,2260,2272,9636,CD,0,D1_pwm200_grab4
4730,1160,2652,12384,CD,0,D1_pwm200_grab4
4736,-1092,-1500,11172,CD,0,D1_pwm200_grab4
4740,1612,-2024,8440,CD,0,D1_pwm200_grab4
4744,2660,708,8796,CD,0,D1_pwm200_grab4
4750,680,1688,9900,CD,0,D1_pwm200_grab4
4755,2560,2724,9208,CD,0,D1_pwm200_grab4
4764,832,2788,12004,CD,0,D1_pwm200_grab4
4769,-2496,-3184,10488,CD,0,D1_pwm200_grab4
4775,5732,1104,14040,CD,0,D1_pwm200_grab4
4779,3664,432,6788,CD,0,D1_pwm200_grab4
4784,348,1412,9832,CD,0,D1_pwm200_grab4
4789,432,120,6844,CD,0,D1_pwm200_grab4
4799,-2240,1944,11668,CD,0,D1_pwm200_grab4
4804,-2920,-3148,10620,CD,0,D1_pwm200_grab4
4810,356,56,6012,CD,0,D1_pwm200_grab4
4815,5032,4524,12136,CD,0,D1_pwm200_grab4
4819,-3172,-1652,8684,CD,0,D1_pwm200_grab4
4824,164,16,6656,CD,0,D1_pwm200_grab4
4835,-2644,1792,11572,CD,0,D1_pwm200_grab4
4840,-404,-2948,11600,CD,0,D1_pwm200_grab4
4844,200,140,6016,CD,0,D1_pwm200_grab4
4849,5372,5692,11080,CD,0,D1_pwm200_grab4
4854,-3240,-1848,8876,CD,0,D1_pwm200_grab4
4859,-2376,-4224,9776,CD,0,D1_pwm200_grab4
4869,-1840,1484,12336,CD,0,D1_pwm200_grab4
4875,-72,-2864,11640,CD,0,D1_pwm200_grab4
4880,2948,1004,12040,CD,0,D1_pwm200_grab4
4884,5540,5728,11144,CD,0,D1_pwm200_grab4
4889,-1544,-1872,10764,CD,0,D1_pwm200_grab4
4895,-2340,-4312,9628,CD,0,D1_pwm200_grab4
4899,2252,-688,12920,CD,0,D1_pwm200_grab4
4905,1728,-328,11648,CD,0,D1_pwm200_grab4
4909,1552,-1908,9392,CD,0,D1_pwm200_grab4
4915,3344,1316,12468,CD,0,D1_pwm200_grab4
4919,4384,3352,8788,CD,0,D1_pwm200_grab4
4924,-1204,-1756,10884,CD,0,D1_pwm200_grab4
4929,8,-1844,10700,CD,0,D1_pwm200_grab4
4934,2296,-240,12820,CD,0,D1_pwm200_grab4
4940,3596,-1280,10332,CD,0,D1_pwm200_grab4
4944,-628,-736,10672,CD,0,D1_pwm200_grab4
4951,-8904,-1576,11640,CD,0,D1_pwm200_grab4
4955,2464,-1728,13516,CD,0,D1_pwm200_grab4
4960,2056,648,11396,CD,0,D1_pwm200_grab4
4966,448,992,12588,CD,0,D1_pwm200_grab4
4970,244,-3464,6256,CD,0,D1_pwm200_grab4
4975,1056,-632,9144,CD,0,D1_pwm200_grab4
4980,2736,1664,13064,CD,0,D1_pwm200_grab4
4985,-8156,-3800,10532,CD,0,D1_pwm200_grab4
4990,680,-540,8044,CD,0,D1_pwm200_grab4
4995,2416,728,11288,CD,0,D1_pwm200_grab4
5006,60,-3740,5820,CD,0,D1_pwm200_grab4
5011,272,-660,8108,CD,0,D1_pwm200_grab4
5015,2712,1508,12656,CD,0,D1_pwm200_grab4
5025,752,-632,7860,CD,0,D1_pwm200_grab4
5030,1216,3072,14384,CD,0,D1_pwm200_grab4
5041,-3660,-4672,5624,CD,0,D1_pwm200_grab4
5045,184,-720,8192,CD,0,D1_pwm200_grab4
5050,-56,-68,6104,CD,0,D1_pwm200_grab4
5060,304,-880,7772,CD,0,D1_pwm200_grab4
5066,944,3112,14124,CD,0,D1_pwm200_grab4
5070,-2444,-2936,7296,CD,0,D1_pwm200_grab4
5075,-6572,-2208,11104,CD,0,D1_pwm200_grab4
5080,652,252,10328,CD,0,D1_pwm200_grab4
5085,-264,-60,6276,CD,0,D1_pwm200_grab4
5091,-5372,-2096,9972,CD,0,D1_pwm200_grab4
5095,136,-1032,8224,CD,0,D1_pwm200_grab4
5100,1720,2204,11980,CD,0,D1_pwm200_grab4
5105,-2948,-3092,7368,CD,0,D1_pwm200_grab4
5111,-4044,-1732,12272,CD,0,D1_pwm200_grab4
5115,2376,188,9752,CD,0,D1_pwm200_grab4
5121,8,832,5936,CD,0,D1_pwm200_grab4
5126,-5248,-2032,9928,CD,0,D1_pwm200_grab4
5130,-768,432,11232,CD,0,D1_pwm200_grab4
5135,1740,2048,12304,CD,0,D1_pwm200_grab4
5140,744,-2116,13896,CD,0,D1_pwm200_grab4
5145,-4000,-1460,12540,CD,0,D1_pwm200_grab4
5150,3108,1648,11696,CD,0,D1_pwm200_grab4
5156,-4304,960,6632,CD,0,D1_pwm200_grab4
5160,4212,2920,9344,CD,0,D1_pwm200_grab4
5165,-660,544,11004,CD,0,D1_pwm200_grab4
5171,1616,2332,12516,CD,0,D1_pwm200_grab4
5175,912,-2020,13808,CD,0,D1_pwm200_grab4
5180,-4004,-1432,12412,CD,0,D1_pwm200_grab4
5186,3544,1772,11604,CD,0,D1_pwm200_grab4
5190,-3968,920,6872,CD,0,D1_pwm200_grab4
5195,4884,2752,9280,CD,0,D1_pwm200_grab4
5201,672,500,11528,CD,0,D1_pwm200_grab4
5207,-208,-532,11936,CD,0,D1_pwm200_grab4
5217,964,2668,13516,CD,0,D1_pwm200_grab4
5221,740,-2304,11172,CD,0,D1_pwm200_grab4
5226,3868,1708,11128,CD,0,D1_pwm200_grab4
5232,5040,2420,6916,CD,0,D1_pwm200_grab4
5236,-100,-1256,9832,CD,0,D1_pwm200_grab4
5241,976,-900,9432,CD,0,D1_pwm200_grab4
5248,3220,2044,11756,CD,0,D1_pwm200_grab4
5251,1004,2568,13612,CD,0,D1_pwm200_grab4
5257,2900,-2128,8620,CD,0,D1_pwm200_grab4
5261,3588,1816,10544,CD,0,D1_pwm200_grab4
5266,5264,2532,6680,CD,0,D1_pwm200_grab4
5271,28,-1380,9564,CD,0,D1_pwm200_grab4
5277,1084,-872,8844,CD,0,D1_pwm200_grab4
5282,3364,2044,11660,CD,0,D1_pwm200_grab4
5287,3548,-1488,8840,CD,0,D1_pwm200_grab4
5291,3056,-2272,8576,CD,0,D1_pwm200_grab4
5297,2848,1932,13512,CD,0,D1_pwm200_grab4
5301,5500,2560,6500,CD,0,D1_pwm200_grab4
5306,-2612,-2200,6204,CD,0,D1_pwm200_grab4
5311,816,-1104,8492,CD,0,D1_pwm200_grab4
5317,1344,-1572,12948,CD,0,D1_pwm200_grab4
5321,3280,-1544,8732,CD,0,D1_pwm200_grab4
5326,-1140,-1464,10356,CD,0,D1_pwm200_grab4
5332,-7144,-1704,9652,CD,0,D1_pwm200_grab4
5337,2980,2276,6376,CD,0,D1_pwm200_grab4
5342,-2772,-2348,6164,CD,0,D1_pwm200_grab4
5346,-372,-1736,8908,CD,0,D1_pwm200_grab4
5351,1568,-1472,12836,CD,0,D1_pwm200_grab4
5357,-272,-2272,8752,CD,0,D1_pwm200_grab4
5361,-1408,-1512,10364,CD,0,D1_pwm200_grab4
5372,-252,-3188,10440,CD,0,D1_pwm200_grab4
5376,-3840,-2016,8220,CD,0,D1_pwm200_grab4
5381,-892,-2096,8912,CD,0,D1_pwm200_grab4
5387,560,-1724,15072,CD,0,D1_pwm200_grab4
5392,-52,-2464,8840,CD,0,D1_pwm200_grab4
5396,-140,460,11684,CD,0,D1_pwm200_grab4
5406,636,-3028,11672,CD,0,D1_pwm200_grab4
5411,-1040,380,10308,CD,0,D1_pwm200_grab4
5417,-9084,-120,9496,CD,0,D1_pwm200_grab4
5421,472,-992,15180,CD,0,D1_pwm200_grab4
5427,440,-1916,9972,CD,0,D1_pwm200_grab4
5431,-364,20,11460,CD,0,D1_pwm200_grab4
5441,668,-2880,12164,CD,0,D1_pwm200_grab4
5446,3504,492,12908,CD,0,D1_pwm200_grab4
5451,-7004,460,9956,CD,0,D1_pwm200_grab4
5456,-1048,-5204,5920,CD,0,D1_pwm200_grab4
5462,2460,-180,9708,CD,0,D1_pwm200_grab4
5468,1580,664,11668,CD,0,D1_pwm200_grab4
5473,-7572,-2956,8776,CD,0,D1_pwm200_grab4
5477,1716,272,9352,CD,0,D1_pwm200_grab4
5487,-1876,-2348,6940,CD,0,D1_pwm200_grab4
5492,-4636,-1532,11864,CD,0,D1_pwm200_grab4
5497,5052,1448,10216,CD,0,D1_pwm200_grab4
5504,2568,-332,10000,CD,0,D1_pwm200_grab4
5508,-5480,-2764,8304,CD,0,D1_pwm200_grab4
5512,1640,-324,9180,CD,0,D1_pwm200_grab4
5518,2140,3496,14580,CD,0,D1_pwm200_grab4
5522,-2236,-2316,6948,CD,0,D1_pwm200_grab4
5527,-3560,-1100,11392,CD,0,D1_pwm200_grab4
5533,4948,1688,10264,CD,0,D1_pwm200_grab4
5537,2828,-1048,8196,CD,0,D1_pwm200_grab4
5542,2080,388,10500,CD,0,D1_pwm200_grab4
5547,316,-240,8012,CD,0,D1_pwm200_grab4
5552,1460,3656,14644,CD,0,D1_pwm200_grab4
5557,-1876,-2004,6452,CD,0,D1_pwm200_grab4
5562,-4004,-1176,10576,CD,0,D1_pwm200_grab4
5568,2600,1060,10452,CD,0,D1_pwm200_grab4
5573,2560,-1328,7948,CD,0,D1_pwm200_grab4
5577,1244,1012,8492,CD,0,D1_pwm200_grab4
5582,1052,1356,10000,CD,0,D1_pwm200_grab4
5587,-464,624,6104,CD,0,D1_pwm200_grab4
5593,-2976,-2384,5692,CD,0,D1_pwm200_grab4
5602,2584,1432,11036,CD,0,D1_pwm200_grab4
5607,124,-2164,7204,CD,0,D1_pwm200_grab4
5612,88,484,9232,CD,0,D1_pwm200_grab4
5617,-540,1036,12808,CD,0,D1_pwm200_grab4
5623,136,1620,6036,CD,0,D1_pwm200_grab4
5638,4708,1288,11872,CD,0,D1_pwm200_grab4
5642,116,-1540,7672,CD,0,D1_pwm200_grab4
5647,2680,1796,9592,CD,0,D1_pwm200_grab4
5653,-380,1432,12416,CD,0,D1_pwm200_grab4
5658,-224,332,7208,CD,0,D1_pwm200_grab4
5668,-1308,3048,13832,CD,0,D1_pwm200_grab4
5672,-3932,-2404,12476,CD,0,D1_pwm200_grab4
5678,2436,-688,9840,CD,0,D1_pwm200_grab4
5682,1364,1144,10320,CD,0,D1_pwm200_grab4
5688,1232,2352,12788,CD,0,D1_pwm200_grab4
5693,708,1628,7924,CD,0,D1_pwm200_grab4
5703,-1624,3028,13540,CD,0,D1_pwm200_grab4
5707,-1916,-1920,11852,CD,0,D1_pwm200_grab4
5712,10036,-20,18816,CD,0,D1_pwm200_grab4
5719,1340,4236,12184,CD,0,D1_pwm200_grab4
5723,-792,-400,10404,CD,0,D1_pwm200_grab4
5729,1488,-2216,10612,CD,0,D1_pwm200_grab4
5738,3256,1396,11732,CD,0,D1_pwm200_grab4
5744,692,-3360,6528,CD,0,D1_pwm200_grab4
5749,4940,996,15616,CD,0,D1_pwm200_grab4
5754,5060,2100,8188,CD,0,D1_pwm200_grab4
5760,-1752,-2048,7988,CD,0,D1_pwm200_grab4
5764,868,-2000,10940,CD,0,D1_pwm200_grab4
5773,2308,2512,12020,CD,0,D1_pwm200_grab4
5778,880,-3992,4612,CD,0,D1_pwm200_grab4
5784,4308,2456,13960,CD,0,D1_pwm200_grab4
5788,4980,1920,5992,CD,0,D1_pwm200_grab4
5794,-1600,-2088,7636,CD,0,D1_pwm200_grab4
5798,1852,-928,8256,CD,0,D1_pwm200_grab4
5808,1212,2680,12288,CD,0,D1_pwm200_grab4
5813,3592,-3224,7564,CD,0,D1_pwm200_grab4
5819,1988,1476,12680,CD,0,D1_pwm200_grab4
5823,5544,2996,7400,CD,0,D1_pwm200_grab4
5829,-3476,-2900,5768,CD,0,D1_pwm200_grab4
5834,564,-1932,6360,CD,0,D1_pwm200_grab4
5838,1144,-140,13064,CD,0,D1_pwm200_grab4
5843,1696,-2240,8416,CD,0,D1_pwm200_grab4
5849,1928,-3456,9172,CD,0,D1_pwm200_grab4
5853,964,1116,7804,CD,0,D1_pwm200_grab4
5858,6500,4920,11152,CD,0,D1_pwm200_grab4
5863,-2776,-2788,6252,CD,0,D1_pwm200_grab4
5868,888,-2776,6408,CD,0,D1_pwm200_grab4
5873,3352,712,11648,CD,0,D1_pwm200_grab4
5878,1776,-1256,9012,CD,0,D1_pwm200_grab4
5883,-2828,-3040,8196,CD,0,D1_pwm200_grab4
5889,-244,2048,5316,CD,0,D1_pwm200_grab4
5893,5996,5092,13200,CD,0,D1_pwm200_grab4
5898,-2100,-2412,7044,CD,0,D1_pwm200_grab4
5904,-2540,-4396,7132,CD,0,D1_pwm200_grab4
5909,5520,2120,11260,CD,0,D1_pwm200_grab4
5914,240,-1940,10692,CD,0,D1_pwm200_grab4
5919,-3308,-4160,4932,CD,0,D1_pwm200_grab4
5923,-368,2156,11468,CD,0,D1_pwm200_grab4
5929,1380,1080,9792,CD,0,D1_pwm200_grab4
5934,-2180,-1668,9792,CD,0,D1_pwm200_grab4
5938,-1068,-3900,9788,CD,0,D1_pwm200_grab4
5943,6748,3164,12288,CD,0,D1_pwm200_grab4
5949,-196,-772,10516,CD,0,D1_pwm200_grab4
5953,-1848,-3244,4428,CD,0,D1_pwm200_grab4
5959,3544,828,15308,CD,0,D1_pwm200_grab4
5964,3012,1736,10288,CD,0,D1_pwm200_grab4
5968,-3228,-1904,9900,CD,0,D1_pwm200_grab4
5975,-756,-404,8556,CD,0,D1_pwm200_grab4
5979,404,-668,15008,CD,0,D1_pwm200_grab4
5984,2240,-3120,9972,CD,0,D1_pwm200_grab4
5990,776,1020,12588,CD,0,D1_pwm200_grab4
6000,1544,-2240,13012,CD,0,D1_pwm200_grab4
6004,3836,920,12212,CD,0,D1_pwm200_grab4
6009,2328,3096,15588,CD,0,D1_pwm200_grab4
6016,68,-3904,6068,CD,0,D1_pwm200_grab4
6020,2736,-2156,9832,CD,0,D1_pwm200_grab4
6024,480,-264,9756,CD,0,D1_pwm200_grab4
6029,-4680,-204,10808,CD,0,D1_pwm200_grab4
6035,1716,-2456,9892,CD,0,D1_pwm200_grab4
6039,1216,-236,11312,CD,0,D1_pwm200_grab4
6045,3988,3200,13700,CD,0,D1_pwm200_grab4
6050,2964,-3360,9372,CD,0,D1_pwm200_grab4
6054,408,-2380,8000,CD,0,D1_pwm200_grab4
6060,-1540,-2684,6496,CD,0,D1_pwm200_grab4
6064,-3072,696,8968,CD,0,D1_pwm200_grab4
6069,2408,-836,8468,CD,0,D1_pwm200_grab4
6074,-516,-656,8800,CD,0,D1_pwm200_grab4
6079,864,1640,8512,CD,0,D1_pwm200_grab4
6084,772,-2824,9144,CD,0,D1_pwm200_grab4
6090,-372,-3308,8080,CD,0,D1_pwm200_grab4
6095,2560,1048,13700,CD,0,D1_pwm200_grab4
6105,1364,284,8260,CD,0,D1_pwm200_grab4
6110,-2944,-2040,7388,CD,0,D1_pwm200_grab4
6115,224,1496,7808,CD,0,D1_pwm200_grab4
6120,472,-132,11436,CD,0,D1_pwm200_grab4
6124,-784,-4084,9260,CD,0,D1_pwm200_grab4
6129,1112,-592,10264,CD,0,D1_pwm200_grab4
6139,508,-3280,9408,CD,0,D1_pwm200_grab4
6144,-5724,-2480,8448,CD,0,D1_pwm200_grab4
6150,1568,-724,8692,CD,0,D1_pwm200_grab4
6154,-1312,-1104,12952,CD,0,D1_pwm200_grab4
6160,288,-3384,9480,CD,0,D1_pwm200_grab4
6165,-1176,-432,12432,CD,0,D1_pwm200_grab4
6170,-6468,-1096,10064,CD,0,D1_pwm200_grab4
6175,776,-3400,13068,CD,0,D1_pwm200_grab4
6179,-184,392,9892,CD,0,D1_pwm200_grab4
6184,1644,2216,13808,CD,0,D1_pwm200_grab4
6189,2504,208,11500,CD,0,D1_pwm200_grab4
6195,1748,-2088,10928,CD,0,D1_pwm200_grab4
6199,-3436,-2296,8980,CD,0,D1_pwm200_grab4
6204,-2848,792,10496,CD,0,D1_pwm200_grab4
6210,1952,-964,11752,CD,0,D1_pwm200_grab4
6214,-1200,-164,12160,CD,0,D1_pwm200_grab4
6219,-1544,640,8652,CD,0,D1_pwm200_grab4
6224,1392,-3272,12236,CD,0,D1_pwm200_grab4
6230,-324,-2476,9684,CD,0,D1_pwm200_grab4
6235,3244,2100,16032,CD,0,D1_pwm200_grab4
6246,740,-2404,10692,CD,0,D1_pwm200_grab4
6250,4216,1780,12860,CD,0,D1_pwm200_grab4
6261,-240,-4704,8224,CD,0,D1_pwm200_grab4
6266,4016,1520,9116,CD,0,D1_pwm200_grab4
6270,1408,1864,12416,CD,0,D1_pwm200_grab4
6280,1040,-2828,11440,CD,0,D1_pwm200_grab4
6285,4264,2324,12112,CD,0,D1_pwm200_grab4
6291,1604,2896,14964,CD,0,D1_pwm200_grab4
6296,1040,-5704,7308,CD,0,D1_pwm200_grab4
6300,3288,-972,8968,CD,0,D1_pwm200_grab4
6305,1304,2088,12524,CD,0,D1_pwm200_grab4
6316,1688,-3016,8036,CD,0,D1_pwm200_grab4
6321,1048,332,10244,CD,0,D1_pwm200_grab4
6325,3736,3536,12208,CD,0,D1_pwm200_grab4
6330,756,-4220,9912,CD,0,D1_pwm200_grab4
6335,1732,-2744,7444,CD,0,D1_pwm200_grab4
6340,2296,1716,13956,CD,0,D1_pwm200_grab4
6350,-184,-2656,8372,CD,0,D1_pwm200_grab4
6355,-2616,1888,8616,CD,0,D1_pwm200_grab4
6360,480,1392,6456,CD,0,D1_pwm200_grab4
6365,456,-3888,13272,CD,0,D1_pwm200_grab4
6371,604,-3720,7008,CD,0,D1_pwm200_grab4
6375,1112,964,14860,CD,0,D1_pwm200_grab4
6386,-152,-3460,9320,CD,0,D1_pwm200_grab4
6391,972,2088,9832,CD,0,D1_pwm200_grab4
6400,1392,-704,13672,CD,0,D1_pwm200_grab4
6406,900,-3100,7616,CD,0,D1_pwm200_grab4
6410,-396,-920,11576,CD,0,D1_pwm200_grab4
6420,184,-3796,10248,CD,0,D1_pwm200_grab4
6426,1796,1112,11776,CD,0,D1_pwm200_grab4
6430,1728,2088,12980,CD,0,D1_pwm200_grab4
6435,-4020,-5328,8216,CD,0,D1_pwm200_grab4
6441,584,-2296,9836,CD,0,D1_pwm200_grab4
6445,-2852,-3184,7812,CD,0,D1_pwm200_grab4
6450,-3080,528,10208,CD,0,D1_pwm200_grab4
6456,1496,-564,8908,CD,0,D1_pwm200_grab4
6461,-1484,-764,10740,CD,0,D1_pwm200_grab4
6465,-20,904,6368,CD,0,D1_pwm200_grab4
6471,-500,-2916,13940,CD,0,D1_pwm200_grab4
6475,12,-3184,9904,CD,0,D1_pwm200_grab4
6480,2012,2360,14368,CD,0,D1_pwm200_grab4
6491,1408,-2204,12320,CD,0,D1_pwm200_grab4
6497,3036,2304,12448,CD,0,D1_pwm200_grab4
6507,300,-5352,8208,CD,0,D1_pwm200_grab4
6512,2292,-248,8912,CD,0,D1_pwm200_grab4
6517,2320,928,12596,CD,0,D1_pwm200_grab4
6526,320,-1584,11400,CD,0,D1_pwm200_grab4
6531,3504,744,12192,CD,0,D1_pwm200_grab4
6536,3152,2700,12816,CD,0,D1_pwm200_grab4
6542,1832,-3536,8276,CD,0,D1_pwm200_grab4
6546,1172,-1788,9048,CD,0,D1_pwm200_grab4
6551,2956,2008,14152,CD,0,D1_pwm200_grab4
6562,312,-1732,9448,CD,0,D1_pwm200_grab4
6566,2064,2588,12300,CD,0,D1_pwm200_grab4
6571,1508,1812,8360,CD,0,D1_pwm200_grab4
6576,2916,-1172,12728,CD,0,D1_pwm200_grab4
6581,-468,-3136,7660,CD,0,D1_pwm200_grab4
6586,3828,1064,14524,CD,0,D1_pwm200_grab4
6596,1156,-2384,9860,CD,0,D1_pwm200_grab4
6602,3548,2800,10104,CD,0,D1_pwm200_grab4
6606,-2092,2664,13172,CD,0,D1_pwm200_grab4
6612,-644,-5828,7068,CD,0,D1_pwm200_grab4
6617,396,-3512,8256,CD,0,D1_pwm200_grab4
6621,848,-1244,10408,CD,0,D1_pwm200_grab4
6632,748,-3644,9216,CD,0,D1_pwm200_grab4
6637,1696,920,9140,CD,0,D1_pwm200_grab4
6641,1608,2400,13428,CD,0,D1_pwm200_grab4
6647,-984,-5180,8664,CD,0,D1_pwm200_grab4
6652,-240,-2540,7096,CD,0,D1_pwm200_grab4
6656,-1704,-3072,6592,CD,0,D1_pwm200_grab4
6662,-3556,544,9528,CD,0,D1_pwm200_grab4
6666,2088,-848,7000,CD,0,D1_pwm200_grab4
6671,-1128,-160,9024,CD,0,D1_pwm200_grab4
6676,-700,632,5720,CD,0,D1_pwm200_grab4
6681,-1284,-3536,12956,CD,0,D1_pwm200_grab4
6686,-1704,-3976,6936,CD,0,D1_pwm200_grab4
6691,1528,2164,15084,CD,0,D1_pwm200_grab4
6701,3648,908,9744,CD,0,D1_pwm200_grab4
6706,-3700,-2200,8540,CD,0,D1_pwm200_grab4
6712,-464,-440,9700,CD,0,D1_pwm200_grab4
6717,1456,584,14168,CD,0,D1_pwm200_grab4
6721,332,-3464,9140,CD,0,D1_pwm200_grab4
6726,-752,-932,11396,CD,0,D1_pwm200_grab4
6737,796,-3540,10488,CD,0,D1_pwm200_grab4
6742,3820,616,12860,CD,0,D1_pwm200_grab4
6747,1276,1520,9020,CD,0,D1_pwm200_grab4
6753,828,-3936,10148,CD,0,D1_pwm200_grab4
6758,1876,-2900,9720,CD,0,D1_pwm200_grab4
6762,1412,2272,13844,CD,0,D1_pwm200_grab4
6772,1032,-2040,10488,CD,0,D1_pwm200_grab4
6778,1888,2212,12468,CD,0,D1_pwm200_grab4
6788,2208,936,15120,CD,0,D1_pwm200_grab4
6792,2432,-2912,8292,CD,0,D1_pwm200_grab4
6798,2240,844,13020,CD,0,D1_pwm200_grab4
6807,2300,-2848,11688,CD,0,D1_pwm200_grab4
6813,5632,2164,11364,CD,0,D1_pwm200_grab4
6818,1156,2368,15708,CD,0,D1_pwm200_grab4
6822,2276,-3920,7704,CD,0,D1_pwm200_grab4
6827,3756,-2840,8980,CD,0,D1_pwm200_grab4
6832,-452,-1376,10388,CD,0,D1_pwm200_grab4
6837,-2392,-24,8192,CD,0,D1_pwm200_grab4
6842,920,-3600,8764,CD,0,D1_pwm200_grab4
6847,2048,-580,9540,CD,0,D1_pwm200_grab4
6853,2880,3572,9640,CD,0,D1_pwm200_grab4
6858,1116,-1264,9968,CD,0,D1_pwm200_grab4
6862,-796,-3456,7860,CD,0,D1_pwm200_grab4
6868,4260,1960,13540,CD,0,D1_pwm200_grab4
6872,136,628,8400,CD,0,D1_pwm200_grab4
6877,3644,628,6236,CD,0,D1_pwm200_grab4
6882,-4732,-1140,7860,CD,0,D1_pwm200_grab4
6887,1696,252,9200,CD,0,D1_pwm200_grab4
6892,-344,-1136,10920,CD,0,D1_pwm200_grab4
6898,-212,-4008,8416,CD,0,D1_pwm200_grab4
6902,16,-520,11956,CD,0,D1_pwm200_grab4
6912,4204,1476,10608,CD,0,D1_pwm200_grab4
6922,-192,-1652,9020,CD,0,D1_pwm200_grab4
6927,996,1360,9664,CD,0,D1_pwm200_grab4
6933,1084,-3124,11008,CD,0,D1_pwm200_grab4
6937,-3224,-2688,7840,CD,0,D1_pwm200_grab4
6943,-1912,1300,10136,CD,0,D1_pwm200_grab4
6947,1972,-912,8868,CD,0,D1_pwm200_grab4
6953,-1192,-76,10716,CD,0,D1_pwm200_grab4
6957,332,-3032,8704,CD,0,D1_pwm200_grab4
6962,7352,3324,9336,CD,0,D1_pwm200_grab4
6968,828,-140,13132,CD,0,D1_pwm200_grab4
6973,-3480,-2936,4604,CD,0,D1_pwm200_grab4
6978,3712,1528,15412,CD,0,D1_pwm200_grab4
6982,5256,1176,10220,CD,0,D1_pwm200_grab4
6987,-4244,-1888,9900,CD,0,D1_pwm200_grab4
6993,564,-672,11440,CD,0,D1_pwm200_grab4
6999,2988,1380,13292,CD,0,D1_pwm200_grab4
7003,1504,-3360,9292,CD,0,D1_pwm200_grab4
7008,-624,-520,10988,CD,0,D1_pwm200_grab4
7013,-4008,-580,11148,CD,0,D1_pwm200_grab4
7019,1788,-1864,10004,CD,0,D1_pwm200_grab4
7024,2988,228,12676,CD,0,D1_pwm200_grab4
7029,1124,2052,7132,CD,0,D1_pwm200_grab4
7034,244,-2196,11328,CD,0,D1_pwm200_grab4
7038,2016,-3228,8624,CD,0,D1_pwm200_grab4
7048,4828,1032,14932,CD,0,D1_pwm200_grab4
7054,5092,336,6368,CD,0,D1_pwm200_grab4
7058,-1036,-2080,10920,CD,0,D1_pwm200_grab4
7063,1868,640,9764,CD,0,D1_pwm200_grab4
7068,4100,2096,12716,CD,0,D1_pwm200_grab4
7073,2964,-3084,7560,CD,0,D1_pwm200_grab4
7079,-288,-1048,10456,CD,0,D1_pwm200_grab4
7084,3200,2404,9972,CD,0,D1_pwm200_grab4
7088,5168,3652,13032,CD,0,D1_pwm200_grab4
7093,-748,-2136,9752,CD,0,D1_pwm200_grab4
7098,868,-1812,8152,CD,0,D1_pwm200_grab4
7103,7808,5916,12340,CD,0,D1_pwm200_grab4
7108,3056,-644,10260,CD,0,D1_pwm200_grab4
7114,-2880,-2768,6768,CD,0,D1_pwm200_grab4
7119,3524,-40,11048,CD,0,D1_pwm200_grab4
7124,2924,-4,6456,CD,0,D1_pwm200_grab4
7129,-2480,-2016,6296,CD,0,D1_pwm200_grab4
7133,2116,-1392,8692,CD,0,D1_pwm200_grab4
7138,9400,5488,10836,CD,0,D1_pwm200_grab4
7144,2088,1744,10028,CD,0,D1_pwm200_grab4
7148,84,-5156,5608,CD,0,D1_pwm200_grab4
7153,2732,1308,8444,CD,0,D1_pwm200_grab4
7158,4064,2680,12752,CD,0,D1_pwm200_grab4
7164,-3612,-3684,6772,CD,0,D1_pwm200_grab4
7168,-952,-2916,7648,CD,0,D1_pwm200_grab4
7173,10128,4124,8308,CD,0,D1_pwm200_grab4
7178,-2364,2592,11084,CD,0,D1_pwm200_grab4
7183,-4144,-4168,10652,CD,0,D1_pwm200_grab4
7189,2020,2820,12276,CD,0,D1_pwm200_grab4
7194,-1092,3848,9788,CD,0,D1_pwm200_grab4
7198,-5224,-3008,8468,CD,0,D1_pwm200_grab4
7204,864,-2316,8980,CD,0,D1_pwm200_grab4
7209,7480,2784,11252,CD,0,D1_pwm200_grab4
7214,-4860,2604,10252,CD,0,D1_pwm200_grab4
7218,-2636,-3208,11280,CD,0,D1_pwm200_grab4
7223,524,-1720,9752,CD,0,D1_pwm200_grab4
7228,3624,4436,10384,CD,0,D1_pwm200_grab4
7233,-3676,-832,10992,CD,0,D1_pwm200_grab4
7238,-212,-2848,9724,CD,0,D1_pwm200_grab4
7243,8840,2920,9008,CD,0,D1_pwm200_grab4
7248,792,2292,13204,CD,0,D1_pwm200_grab4
7255,-3068,-3712,11532,CD,0,D1_pwm200_grab4
7259,2160,2980,10136,CD,0,D1_pwm200_grab4
7264,1396,5036,13600,CD,0,D1_pwm200_grab4
7269,-3304,-1908,10108,CD,0,D1_pwm200_grab4
7275,-352,-2884,10652,CD,0,D1_pwm200_grab4
7279,8664,5276,13304,CD,0,D1_pwm200_grab4
7285,740,908,13152,CD,0,D1_pwm200_grab4
7294,3712,2848,16112,CD,0,D1_pwm200_grab4
7299,2600,3688,11020,CD,0,D1_pwm200_grab4
7305,-1576,-660,10544,CD,0,D1_pwm200_grab4
7309,1404,-2276,10364,CD,0,D1_pwm200_grab4
7319,440,2432,12164,CD,0,D1_pwm200_grab4
7325,868,-2556,9436,CD,0,D1_pwm200_grab4
7329,3004,2420,8804,CD,0,D1_pwm200_grab4
7335,1944,4484,13032,CD,0,D1_pwm200_grab4
7340,276,928,10736,CD,0,D1_pwm200_grab4
7345,1296,-596,8488,CD,0,D1_pwm200_grab4
7354,-528,3876,13100,CD,0,D1_pwm200_grab4
7360,-2652,-3100,8652,CD,0,D1_pwm200_grab4
7370,764,2860,8420,CD,0,D1_pwm200_grab4
7374,-192,-1092,8332,CD,0,D1_pwm200_grab4
7379,1968,-1856,7944,CD,0,D1_pwm200_grab4
7384,5676,-984,7668,CD,0,D1_pwm200_grab4
7389,-3204,1768,10432,CD,0,D1_pwm200_grab4
7395,2788,-472,8784,CD,0,D1_pwm200_grab4
7399,-4604,-388,4932,CD,0,D1_pwm200_grab4
7405,3684,3216,8220,CD,0,D1_pwm200_grab4
7410,-1980,140,9284,CD,0,D1_pwm200_grab4
7414,804,-808,6060,CD,0,D1_pwm200_grab4
7424,-4564,-1376,9840,CD,0,D1_pwm200_grab4
7429,2440,0,10084,CD,0,D1_pwm200_grab4
7435,-316,-1444,8312,CD,0,D1_pwm200_grab4
7439,-328,1976,9008,CD,0,D1_pwm200_grab4
7444,-952,1328,9644,CD,0,D1_pwm200_grab4
7449,-932,-1208,8224,CD,0,D1_pwm200_grab4
7454,5600,-1324,9020,CD,0,D1_pwm200_grab4
7460,-4744,2580,10524,CD,0,D1_pwm200_grab4
7464,172,-2088,11128,CD,0,D1_pwm200_grab4
7470,-976,-1144,8868,CD,0,D1_pwm200_grab4
7474,-3104,-840,9112,CD,0,D1_pwm200_grab4
7479,624,1560,10204,CD,0,D1_pwm200_grab4
7484,292,1364,11840,CD,0,D1_pwm200_grab4
7490,520,-4360,10060,CD,0,D1_pwm200_grab4
7494,-6060,-1012,9788,CD,0,D1_pwm200_grab4
7499,4928,1048,12572,CD,0,D1_pwm200_grab4
7504,428,-384,8640,CD,0,D1_pwm200_grab4
7511,1860,2928,9684,CD,0,D1_pwm200_grab4
7515,-660,1612,11684,CD,0,D1_pwm200_grab4
7520,892,-644,8828,CD,0,D1_pwm200_grab4
7526,7352,-256,10948,CD,0,D1_pwm200_grab4
7531,-252,3628,12320,CD,0,D1_pwm200_grab4
7535,-1040,-1136,11740,CD,0,D1_pwm200_grab4
7545,4692,5080,12268,CD,0,D1_pwm200_grab4
7550,-936,-776,10072,CD,0,D1_pwm200_grab4
7555,2712,1988,11600,CD,0,D1_pwm200_grab4
7560,3076,-2292,10240,CD,0,D1_pwm200_grab4
7565,-1516,1236,10600,CD,0,D1_pwm200_grab4
7570,3108,-256,10064,CD,0,D1_pwm200_grab4
7576,1836,-20,10772,CD,0,D1_pwm200_grab4
7580,2688,3364,9876,CD,0,D1_pwm200_grab4
7586,432,948,11032,CD,0,D1_pwm200_grab4
7590,1112,-296,7564,CD,0,D1_pwm200_grab4
7596,-624,-3868,6880,CD,0,D1_pwm200_grab4
7600,-2344,-2172,10996,CD,0,D1_pwm200_grab4
7605,5148,2116,10852,CD,0,D1_pwm200_grab4
7611,1288,-732,8760,CD,0,D1_pwm200_grab4
7615,208,68,8984,CD,0,D1_pwm200_grab4
7621,192,1588,8548,CD,0,D1_pwm200_grab4
7626,3648,1740,9936,CD,0,D1_pwm200_grab4
7631,4996,-1784,7084,CD,0,D1_pwm200_grab4
7635,-2648,1168,9992,CD,0,D1_pwm200_grab4
7641,4212,1340,10248,CD,0,D1_pwm200_grab4
7646,1396,-784,7188,CD,0,D1_pwm200_grab4
7651,-4104,-1736,9160,CD,0,D1_pwm200_grab4
7655,2020,988,9212,CD,0,D1_pwm200_grab4
7660,1416,2020,11036,CD,0,D1_pwm200_grab4
7670,-4556,-1944,9824,CD,0,D1_pwm200_grab4
7676,4700,1120,9836,CD,0,D1_pwm200_grab4
7680,1604,264,9996,CD,0,D1_pwm200_grab4
7685,-7684,-4548,8128,CD,0,D1_pwm200_grab4
7690,300,-1452,9148,CD,0,D1_pwm200_grab4
7696,-2224,2036,12340,CD,0,D1_pwm200_grab4
7700,-3784,-2108,12072,CD,0,D1_pwm200_grab4
7705,-5188,-5696,7960,CD,0,D1_pwm200_grab4
7711,4500,412,9380,CD,0,D1_pwm200_grab4
7716,-1096,-1524,7072,CD,0,D1_pwm200_grab4
7720,-3936,-1920,8516,CD,0,D1_pwm200_grab4
7725,-176,-2952,11672,CD,0,D1_pwm200_grab4
7730,376,2344,8448,CD,0,D1_pwm200_grab4
7740,-2372,-6492,8444,CD,0,D1_pwm200_grab4
7745,936,1632,10792,CD,0,D1_pwm200_grab4
7750,-648,-236,10636,CD,0,D1_pwm200_grab4
7755,-7944,-1956,8676,CD,0,D1_pwm200_grab4
7760,-760,-936,10244,CD,0,D1_pwm200_grab4
7766,-1892,2532,15828,CD,0,D1_pwm200_grab4
7772,-2616,-3688,13588,CD,0,D1_pwm200_grab4
7777,-4744,-4432,9876,CD,0,D1_pwm200_grab4
7782,4760,2192,12840,CD,0,D1_pwm200_grab4
7787,240,-828,8456,CD,0,D1_pwm200_grab4
7792,-1860,-916,9236,CD,0,D1_pwm200_grab4
7797,1552,2868,11716,CD,0,D1_pwm200_grab4
7801,1284,1956,13176,CD,0,D1_pwm200_grab4
7806,36,-3896,9800,CD,0,D1_pwm200_grab4
7811,-3164,-5964,8840,CD,0,D1_pwm200_grab4
7817,4704,2408,11432,CD,0,D1_pwm200_grab4
7821,484,-244,10308,CD,0,D1_pwm200_grab4
7826,-4972,-1392,7960,CD,0,D1_pwm200_grab4
7832,708,1392,11664,CD,1,D1_pwm200_grab4
7842,-200,-4056,11276,CD,1,D1_pwm200_grab4
7846,-1720,-2000,10224,CD,1,D1_pwm200_grab4
7852,3408,452,9540,CD,1,D1_pwm200_grab4
7857,2084,1144,12476,CD,1,D1_pwm200_grab4
7866,300,-1024,9320,CD,1,D1_pwm200_grab4
7871,-1548,2140,11484,CD,1,D1_pwm200_grab4
7876,-3016,-2208,15344,CD,1,D1_pwm200_grab4
7881,-1036,-4648,6956,CD,1,D1_pwm200_grab4
7886,3624,1484,10276,CD,1,D1_pwm200_grab4
7891,1748,-788,9188,CD,1,D1_pwm200_grab4
7902,652,-2312,9568,CD,1,D1_pwm200_grab4
7906,1108,2744,9500,CD,1,D1_pwm200_grab4
7916,-1896,-6112,6452,CD,1,D1_pwm200_grab4
7922,2096,0,8560,CD,1,D1_pwm200_grab4
7926,528,-404,8960,CD,1,D1_pwm200_grab4
7931,-7820,-5636,8492,CD,1,D1_pwm200_grab4
7936,-348,-4112,9380,CD,1,D1_pwm200_grab4
7942,2600,1944,9944,CD,1,D1_pwm200_grab4
7947,2188,2816,11400,CD,1,D1_pwm200_grab4
7951,-2944,-5228,5900,CD,1,D1_pwm200_grab4
7956,-204,-1216,9080,CD,1,D1_pwm200_grab4
7961,1068,548,12336,CD,1,D1_pwm200_grab4
7966,-9272,-4820,11572,CD,1,D1_pwm200_grab4
7971,72,-2884,9568,CD,1,D1_pwm200_grab4
7976,-2588,1780,9156,CD,1,D1_pwm200_grab4
7981,576,644,8300,CD,1,D1_pwm200_grab4
7986,-1476,-5108,11152,CD,1,D1_pwm200_grab4
7991,-344,-3368,8572,CD,1,D1_pwm200_grab4
7996,576,1724,13240,CD,1,D1_pwm200_grab4
8001,-9924,-3092,13016,CD,1,D1_pwm200_grab4
8007,408,-3348,12604,CD,1,D1_pwm200_grab4
8011,3220,2212,9956,CD,1,D1_pwm200_grab4
8017,-7264,688,11060,CD,1,D1_pwm200_grab4
8022,-2748,-5592,8492,CD,1,D1_pwm200_grab4
8028,1168,888,10432,CD,1,D1_pwm200_grab4
8032,356,1296,13056,CD,1,D1_pwm200_grab4
8037,-7488,-4556,10988,CD,1,D1_pwm200_grab4
8042,156,-2112,10988,CD,1,D1_pwm200_grab4
8048,-2716,2000,11988,CD,1,D1_pwm200_grab4
8052,-6320,-2828,13380,CD,1,D1_pwm200_grab4
8057,-3004,-4660,8976,CD,1,D1_pwm200_grab4
8062,4704,1304,11756,CD,1,D1_pwm200_grab4
8067,3212,1584,15292,CD,1,D1_pwm200_grab4
8077,572,-1712,11220,CD,1,D1_pwm200_grab4
8082,4772,2428,12604,CD,1,D1_pwm200_grab4
8092,-1016,-4232,9800,CD,1,D1_pwm200_grab4
8097,3964,2108,10408,CD,1,D1_pwm200_grab4
8103,1888,1392,12584,CD,1,D1_pwm200_grab4
8113,1688,-2992,9924,CD,1,D1_pwm200_grab4
8117,5140,2684,11956,CD,1,D1_pwm200_grab4
8123,4928,4388,11628,CD,1,D1_pwm200_grab4
8128,-1316,-4836,7248,CD,1,D1_pwm200_grab4
8132,2560,-692,8260,CD,1,D1_pwm200_grab4
8137,1984,332,13532,CD,1,D1_pwm200_grab4
8143,-8932,-3860,11256,CD,1,D1_pwm200_grab4
8148,-248,-2176,9192,CD,1,D1_pwm200_grab4
8153,124,-596,10064,CD,1,D1_pwm200_grab4
8157,2824,2232,7268,CD,1,D1_pwm200_grab4
8163,2724,-1680,11216,CD,1,D1_pwm200_grab4
8168,1116,-3596,5716,CD,1,D1_pwm200_grab4
8172,1720,144,12996,CD,1,D1_pwm200_grab4
8183,344,-3380,9012,CD,1,D1_pwm200_grab4
8187,2032,2276,9640,CD,1,D1_pwm200_grab4
8192,1124,-180,9008,CD,1,D1_pwm200_grab4
8197,2056,-156,12592,CD,1,D1_pwm200_grab4
8203,1248,-3092,8112,CD,1,D1_pwm200_grab4
8207,-1868,-1408,9676,CD,1,D1_pwm200_grab4
8212,-4672,-1112,7268,CD,1,D1_pwm200_grab4
8218,356,-3248,8752,CD,1,D1_pwm200_grab4
8223,-1840,720,9368,CD,1,D1_pwm200_grab4
8228,3240,3136,9976,CD,1,D1_pwm200_grab4
8232,-2672,-5348,8988,CD,1,D1_pwm200_grab4
8237,780,-1200,9260,CD,1,D1_pwm200_grab4
8243,-3616,-3336,6512,CD,1,D1_pwm200_grab4
8247,3576,-840,11704,CD,1,D1_pwm200_grab4
8252,3356,108,9756,CD,1,D1_pwm200_grab4
8262,-356,-912,9868,CD,1,D1_pwm200_grab4
8268,2232,-1084,13672,CD,1,D1_pwm200_grab4
8273,1256,-3024,9456,CD,1,D1_pwm200_grab4
8278,-2364,-828,10228,CD,1,D1_pwm200_grab4
8288,1700,-2768,11916,CD,1,D1_pwm200_grab4
8293,1740,1856,11660,CD,1,D1_pwm200_grab4
8298,2916,2932,14796,CD,1,D1_pwm200_grab4
8303,-1980,-4620,9392,CD,1,D1_pwm200_grab4
8309,1712,-208,9484,CD,1,D1_pwm200_grab4
8314,2040,1296,15020,CD,1,D1_pwm200_grab4
8324,3716,-552,9956,CD,1,D1_pwm200_grab4
8328,-2900,-688,10964,CD,1,D1_pwm200_grab4
8334,1640,1584,11464,CD,1,D1_pwm200_grab4
8338,2708,-1188,12884,CD,1,D1_pwm200_grab4
8344,1000,-2196,8052,CD,1,D1_pwm200_grab4
8348,1620,560,13740,CD,1,D1_pwm200_grab4
8359,964,-2296,9948,CD,1,D1_pwm200_grab4
8363,-1996,-1968,10296,CD,1,D1_pwm200_grab4
8368,1128,160,12408,CD,1,D1_pwm200_grab4
8373,4856,1920,11928,CD,1,D1_pwm200_grab4
8378,1420,-2544,10292,CD,1,D1_pwm200_grab4
8384,1644,-300,11028,CD,1,D1_pwm200_grab4
8388,-1860,556,8484,CD,1,D1_pwm200_grab4
8394,2388,-2620,7096,CD,1,D1_pwm200_grab4
8399,2260,412,12476,CD,1,D1_pwm200_grab4
8403,4316,4452,9796,CD,1,D1_pwm200_grab4
8409,7804,4232,12728,CD,1,D1_pwm200_grab4
8413,852,-2276,10916,CD,1,D1_pwm200_grab4
8418,-512,-2164,4536,CD,1,D1_pwm200_grab4
8423,36,-492,7036,CD,1,D1_pwm200_grab4
8428,4912,328,8664,CD,1,D1_pwm200_grab4
8434,-1420,-1000,8332,CD,1,D1_pwm200_grab4
8438,2224,832,9640,CD,1,D1_pwm200_grab4
8443,2228,-1652,11660,CD,1,D1_pwm200_grab4
8449,252,96,10868,CD,1,D1_pwm200_grab4
8458,2380,1008,11756,CD,1,D1_pwm200_grab4
8463,3864,156,10132,CD,1,D1_pwm200_grab4
8469,-3368,-2320,6416,CD,1,D1_pwm200_grab4
8474,-1420,-1168,8256,CD,1,D1_pwm200_grab4
8478,3384,1704,10964,CD,1,D1_pwm200_grab4
8484,24,-3472,8984,CD,1,D1_pwm200_grab4
8488,-2584,-2120,8332,CD,1,D1_pwm200_grab4
8493,1496,1160,7504,CD,1,D1_pwm200_grab4
8498,2276,3424,11120,CD,1,D1_pwm200_grab4
8503,-3724,-2376,7628,CD,1,D1_pwm200_grab4
8509,-324,-3228,7600,CD,1,D1_pwm200_grab4
8514,5872,2160,13340,CD,1,D1_pwm200_grab4
8518,-648,-1116,10036,CD,1,D1_pwm200_grab4
8523,-3608,-2232,5924,CD,1,D1_pwm200_grab4
8528,3728,-380,14152,CD,1,D1_pwm200_grab4
8535,4328,756,11176,CD,1,D1_pwm200_grab4
8540,-5960,-1744,9052,CD,1,D1_pwm200_grab4
8544,-216,-336,10220,CD,1,D1_pwm200_grab4
8549,1196,-1492,11560,CD,1,D1_pwm200_grab4
8554,2420,-2952,9576,CD,1,D1_pwm200_grab4
8560,-2552,-604,10452,CD,1,D1_pwm200_grab4
8564,-6336,-1564,10264,CD,1,D1_pwm200_grab4
8569,1784,-2612,10724,CD,1,D1_pwm200_grab4
8576,1688,1496,12584,CD,1,D1_pwm200_grab4
8579,-1376,-2840,8760,CD,1,D1_pwm200_grab4
8585,4636,3220,13420,CD,1,D1_pwm200_grab4
8589,2244,-1900,11420,CD,1,D1_pwm200_grab4
8595,-1564,-212,7340,CD,1,D1_pwm200_grab4
8600,2936,148,11964,CD,1,D1_pwm200_grab4
8604,4416,152,9268,CD,1,D1_pwm200_grab4
8609,-2772,-832,11392,CD,1,D1_pwm200_grab4
8614,2024,1112,11348,CD,1,D1_pwm200_grab4
8620,9452,5896,12788,CD,1,D1_pwm200_grab4
8625,3092,-608,10248,CD,1,D1_pwm200_grab4
8629,688,-2660,4772,CD,1,D1_pwm200_grab4
8634,4840,1024,14548,CD,1,D1_pwm200_grab4
8639,3372,1968,11480,CD,1,D1_pwm200_grab4
8645,-1732,-2088,8668,CD,1,D1_pwm200_grab4
8649,812,-488,10400,CD,1,D1_pwm200_grab4
8654,4428,2628,10644,CD,1,D1_pwm200_grab4
8660,1016,-2636,10268,CD,1,D1_pwm200_grab4
8665,-488,-3268,7568,CD,1,D1_pwm200_grab4
8670,3972,3348,11844,CD,1,D1_pwm200_grab4
8674,2964,3316,11280,CD,1,D1_pwm200_grab4
8680,-1540,-2176,7924,CD,1,D1_pwm200_grab4
8685,1020,-1600,8536,CD,1,D1_pwm200_grab4
8689,8896,5696,10772,CD,1,D1_pwm200_grab4
8694,136,-1232,11784,CD,1,D1_pwm200_grab4
8699,584,-4060,3352,CD,1,D1_pwm200_grab4
8709,1856,3204,9564,CD,1,D1_pwm200_grab4
8715,-4508,-2372,7876,CD,1,D1_pwm200_grab4
8720,244,-1908,8392,CD,1,D1_pwm200_grab4
8724,7148,4692,7444,CD,1,D1_pwm200_grab4
8730,-92,144,11576,CD,1,D1_pwm200_grab4
8735,552,-3124,7752,CD,1,D1_pwm200_grab4
8739,232,1556,6776,CD,1,D1_pwm200_grab4
8744,2428,3504,12584,CD,1,D1_pwm200_grab4
8749,-3440,-1332,9192,CD,1,D1_pwm200_grab4
8755,-256,-1644,7840,CD,1,D1_pwm200_grab4
8760,8788,2944,7364,CD,1,D1_pwm200_grab4
8764,-1052,2136,12480,CD,1,D1_pwm200_grab4
8769,-5608,-4660,8960,CD,1,D1_pwm200_grab4
8780,688,4104,10512,CD,1,D1_pwm200_grab4
8784,-2260,-1608,9340,CD,1,D1_pwm200_grab4
8790,-1996,-3536,9004,CD,1,D1_pwm200_grab4
8796,8844,4736,11420,CD,1,D1_pwm200_grab4
8801,-1336,576,11616,CD,1,D1_pwm200_grab4
8805,2444,-2068,7652,CD,1,D1_pwm200_grab4
8811,1792,1812,8512,CD,1,D1_pwm200_grab4
8815,2724,3496,12832,CD,1,D1_pwm200_grab4
8821,-4436,-2128,9532,CD,1,D1_pwm200_grab4
8825,-856,-2020,8952,CD,1,D1_pwm200_grab4
8830,6736,2884,13672,CD,1,D1_pwm200_grab4
8835,-64,2788,12700,CD,1,D1_pwm200_grab4
8841,-3644,-3120,9768,CD,1,D1_pwm200_grab4
8851,1756,3784,10960,CD,1,D1_pwm200_grab4
8855,356,-1152,10532,CD,1,D1_pwm200_grab4
8860,840,-1804,8640,CD,1,D1_pwm200_grab4
8865,9748,6004,11712,CD,1,D1_pwm200_grab4
8871,1964,472,11240,CD,1,D1_pwm200_grab4
8876,-872,-2136,8660,CD,1,D1_pwm200_grab4
8880,-788,1028,9436,CD,1,D1_pwm200_grab4
8885,3372,4192,10896,CD,1,D1_pwm200_grab4
8890,1736,-692,10352,CD,1,D1_pwm200_grab4
8896,1500,-1024,8684,CD,1,D1_pwm200_grab4
8900,11616,5612,9496,CD,1,D1_pwm200_grab4
8906,2252,2100,10824,CD,1,D1_pwm200_grab4
8911,-3568,-3456,8044,CD,1,D1_pwm200_grab4
8916,4232,3044,11268,CD,1,D1_pwm200_grab4
8920,2684,1900,8604,CD,1,D1_pwm200_grab4
8925,2160,996,10336,CD,1,D1_pwm200_grab4
8931,2108,576,6840,CD,1,D1_pwm200_grab4
8935,7660,1408,10852,CD,1,D1_pwm200_grab4
8940,-260,3488,10444,CD,1,D1_pwm200_grab4
8946,-808,-2684,8328,CD,1,D1_pwm200_grab4
8951,4616,296,11956,CD,1,D1_pwm200_grab4
8956,4208,3724,10720,CD,1,D1_pwm200_grab4
8961,-796,548,8376,CD,1,D1_pwm200_grab4
8965,3492,2164,9448,CD,1,D1_pwm200_grab4
8971,3136,-1576,10644,CD,1,D1_pwm200_grab4
8976,-1536,1112,9552,CD,1,D1_pwm200_grab4
8980,1184,-840,10648,CD,1,D1_pwm200_grab4
8985,1516,432,9728,CD,1,D1_pwm200_grab4
8991,740,2864,8640,CD,1,D1_pwm200_grab4
8995,-864,-692,8940,CD,1,D1_pwm200_grab4
9001,236,-476,6732,CD,1,D1_pwm200_grab4
9006,-2868,-3664,7120,CD,1,D1_pwm200_grab4
9010,-7100,-2444,9140,CD,1,D1_pwm200_grab4
9015,2684,1240,12248,CD,1,D1_pwm200_grab4
9021,-1956,-36,7920,CD,1,D1_pwm200_grab4
9025,-1268,592,8132,CD,1,D1_pwm200_grab4
9030,-2812,300,10576,CD,1,D1_pwm200_grab4
9035,1888,1288,9516,CD,1,D1_pwm200_grab4
9041,3112,-1920,10332,CD,1,D1_pwm200_grab4
9046,-2884,-536,10772,CD,1,D1_pwm200_grab4
9052,256,-1532,11188,CD,1,D1_pwm200_grab4
9056,-4032,1168,7672,CD,1,D1_pwm200_grab4
9062,2516,4944,11820,CD,1,D1_pwm200_grab4
9067,-1168,-504,9776,CD,1,D1_pwm200_grab4
9071,-1060,-1684,9820,CD,1,D1_pwm200_grab4
9076,9260,2116,9588,CD,1,D1_pwm200_grab4
9081,-1728,3176,13408,CD,1,D1_pwm200_grab4
9086,-3908,-3700,10476,CD,1,D1_pwm200_grab4
9091,1448,884,11848,CD,1,D1_pwm200_grab4
9096,276,2000,10788,CD,1,D1_pwm200_grab4
9102,-364,868,10968,CD,1,D1_pwm200_grab4
9106,612,760,10748,CD,1,D1_pwm200_grab4
9111,7452,328,11668,CD,1,D1_pwm200_grab4
9116,-3056,1280,12072,CD,1,D1_pwm200_grab4
9122,828,-1348,9820,CD,1,D1_pwm200_grab4
9126,-4340,2080,7736,CD,1,D1_pwm200_grab4
9131,648,168,10372,CD,1,D1_pwm200_grab4
9136,-400,1408,11312,CD,1,D1_pwm200_grab4
9142,3592,1976,11556,CD,1,D1_pwm200_grab4
9146,-1204,-3212,8940,CD,1,D1_pwm200_grab4
9151,-2372,544,11380,CD,1,D1_pwm200_grab4
9156,5372,2036,12236,CD,1,D1_pwm200_grab4
9161,2300,96,10860,CD,1,D1_pwm200_grab4
9166,1636,1776,9540,CD,1,D1_pwm200_grab4
9172,1616,0,9432,CD,1,D1_pwm200_grab4
9181,-1812,-2764,5428,CD,1,D1_pwm200_grab4
9186,-2976,-2432,11096,CD,1,D1_pwm200_grab4
9191,5656,2252,10784,CD,1,D1_pwm200_grab4
9196,764,-548,7940,CD,1,D1_pwm200_grab4
9201,1272,-76,7884,CD,1,D1_pwm200_grab4
9207,616,1108,9192,CD,1,D1_pwm200_grab4
9211,3372,1636,8508,CD,1,D1_pwm200_grab4
9216,-2556,-2696,10800,CD,1,D1_pwm200_grab4
9222,-4568,-4964,7584,CD,1,D1_pwm200_grab4
9226,5112,1508,10332,CD,1,D1_pwm200_grab4
9232,-1504,-984,6148,CD,1,D1_pwm200_grab4
9237,-3016,-1384,7940,CD,1,D1_pwm200_grab4
9242,-576,504,8736,CD,1,D1_pwm200_grab4
9246,728,1916,13876,CD,1,D1_pwm200_grab4
9252,-4012,-3580,6812,CD,1,D1_pwm200_grab4
9257,-4584,-2360,9256,CD,1,D1_pwm200_grab4
9262,912,256,9416,CD,1,D1_pwm200_grab4
9267,28,-636,10788,CD,1,D1_pwm200_grab4
9272,-8916,-2696,8188,CD,1,D1_pwm200_grab4
9277,-44,-444,10184,CD,1,D1_pwm200_grab4
9281,-4416,1264,13896,CD,1,D1_pwm200_grab4
9286,-3284,-4320,12340,CD,1,D1_pwm200_grab4
9291,-6924,-5564,8200,CD,1,D1_pwm200_grab4
9296,2388,1580,12752,CD,1,D1_pwm200_grab4
9302,-2016,352,6476,CD,1,D1_pwm200_grab4
9307,-3660,-444,9208,CD,1,D1_pwm200_grab4
9313,-492,1216,12096,CD,1,D1_pwm200_grab4
9318,684,1116,14668,CD,1,D1_pwm200_grab4
9323,-3336,-3808,9216,CD,1,D1_pwm200_grab4
9328,-3772,-2472,11120,CD,1,D1_pwm200_grab4
9332,3848,2248,13484,CD,1,D1_pwm200_grab4
9337,-788,656,9564,CD,1,D1_pwm200_grab4
9344,1688,2196,11544,CD,1,D1_pwm200_grab4
9348,252,340,11984,CD,1,D1_pwm200_grab4
9358,-3480,-3680,11736,CD,1,D1_pwm200_grab4
9362,-2840,-3052,10064,CD,1,D1_pwm200_grab4
9367,3944,3192,13756,CD,1,D1_pwm200_grab4
9372,556,604,9236,CD,1,D1_pwm200_grab4
9378,-908,120,11216,CD,1,D1_pwm200_grab4
9383,-420,1184,10892,CD,1,D1_pwm200_grab4
9387,-1196,1656,11480,CD,1,D1_pwm200_grab4
9392,-4216,-3452,11560,CD,1,D1_pwm200_grab4
9397,-1924,-4616,7244,CD,1,D1_pwm200_grab4
9402,4068,1128,10576,CD,1,D1_pwm200_grab4
9407,1576,-84,11492,CD,1,D1_pwm200_grab4
9412,-4124,-1620,8840,CD,1,D1_pwm200_grab4
9417,52,1200,10492,CD,1,D1_pwm200_grab4
9423,1064,1896,15176,CD,1,D1_pwm200_grab4
9427,-1296,-2776,8256,CD,1,D1_pwm200_grab4
9432,-64,-3592,7380,CD,1,D1_pwm200_grab4
9437,1912,-144,8192,CD,1,D1_pwm200_grab4
9443,2648,380,10560,CD,1,D1_pwm200_grab4
9448,-8324,-4696,10644,CD,1,D1_pwm200_grab4
9453,308,140,9480,CD,1,D1_pwm200_grab4
9457,-3192,1544,10372,CD,1,D1_pwm200_grab4
9462,-2572,-3872,9156,CD,1,D1_pwm200_grab4
9468,-3688,-4440,7160,CD,1,D1_pwm200_grab4
9472,1240,-2044,7468,CD,1,D1_pwm200_grab4
9477,3508,-576,12336,CD,1,D1_pwm200_grab4
9487,1936,-1364,8696,CD,1,D1_pwm200_grab4
9493,3148,2156,10568,CD,1,D1_pwm200_grab4
9497,-7768,-760,6776,CD,1,D1_pwm200_grab4
9502,-1464,-4632,7352,CD,1,D1_pwm200_grab4
9508,2852,-272,8480,CD,1,D1_pwm200_grab4
9513,-948,-888,9212,CD,1,D1_pwm200_grab4
9523,1516,-2676,7896,CD,1,D1_pwm200_grab4
9527,2936,2476,9032,CD,1,D1_pwm200_grab4
9532,2776,1620,10748,CD,1,D1_pwm200_grab4
9537,-1464,-5304,9552,CD,1,D1_pwm200_grab4
9542,1004,-1864,6572,CD,1,D1_pwm200_grab4
9547,264,-396,11764,CD,1,D1_pwm200_grab4
9553,-10616,-4324,12176,CD,1,D1_pwm200_grab4
9559,1052,-1552,10672,CD,1,D1_pwm200_grab4
9564,-2560,1256,8960,CD,1,D1_pwm200_grab4
9568,-5264,-4944,10828,CD,1,D1_pwm200_grab4
9574,-4964,-4700,7972,CD,1,D1_pwm200_grab4
9578,3320,1524,12572,CD,1,D1_pwm200_grab4
9583,-1336,-908,8128,CD,1,D1_pwm200_grab4
9588,-4224,-16,8912,CD,1,D1_pwm200_grab4
9594,1400,1448,12784,CD,1,D1_pwm200_grab4
9600,340,1444,15820,CD,1,D1_pwm200_grab4
9603,-6636,-1476,9724,CD,1,D1_pwm200_grab4
9608,-2704,-5228,9080,CD,1,D1_pwm200_grab4
9614,2192,760,10472,CD,1,D1_pwm200_grab4
9618,992,928,10892,CD,1,D1_pwm200_grab4
9623,-7880,-3156,9640,CD,1,D1_pwm200_grab4
9628,1288,560,12164,CD,1,D1_pwm200_grab4
9633,-3568,1348,12176,CD,1,D1_pwm200_grab4
9638,-2208,-3608,12088,CD,1,D1_pwm200_grab4
9644,-856,-3976,11488,CD,1,D1_pwm200_grab4
9648,2500,584,9428,CD,1,D1_pwm200_grab4
9654,2172,208,13376,CD,1,D1_pwm200_grab4
9659,-8984,-3760,12408,CD,1,D1_pwm200_grab4
9664,3200,-844,11852,CD,1,D1_pwm200_grab4
9668,-968,1388,11448,CD,1,D1_pwm200_grab4
9674,-6828,-1012,10580,CD,1,D1_pwm200_grab4
9678,-1084,-4364,6512,CD,1,D1_pwm200_grab4
9683,3576,1300,10688,CD,1,D1_pwm200_grab4
9689,3256,-320,13624,CD,1,D1_pwm200_grab4
9698,2192,-844,9212,CD,1,D1_pwm200_grab4
9703,3788,1960,11864,CD,1,D1_pwm200_grab4
9709,-4564,288,10612,CD,1,D1_pwm200_grab4
9713,1652,-3440,8752,CD,1,D1_pwm200_grab4
9719,1376,-364,8620,CD,1,D1_pwm200_grab4
9724,3384,808,11896,CD,1,D1_pwm200_grab4
9728,-7068,-3592,8668,CD,1,D1_pwm200_grab4
9734,1788,-2200,8264,CD,1,D1_pwm200_grab4
9738,1964,1796,9992,CD,1,D1_pwm200_grab4
9743,3936,3364,10308,CD,1,D1_pwm200_grab4
9748,-1656,-4396,7564,CD,1,D1_pwm200_grab4
9753,88,-2436,7740,CD,1,D1_pwm200_grab4
9758,1612,-1192,11984,CD,1,D1_pwm200_grab4
9768,756,-1452,9396,CD,1,D1_pwm200_grab4
9774,-2276,-572,8660,CD,1,D1_pwm200_grab4
9779,1360,1360,7240,CD,1,D1_pwm200_grab4
9783,12,-1748,9744,CD,1,D1_pwm200_grab4
9789,-268,-2404,8888,CD,1,D1_pwm200_grab4
9793,772,-2412,10608,CD,1,D1_pwm200_grab4
9804,872,-2140,9476,CD,1,D1_pwm200_grab4
9808,1460,1952,9260,CD,1,D1_pwm200_grab4
9815,584,-88,11872,CD,1,D1_pwm200_grab4
9820,-1408,-5168,9712,CD,1,D1_pwm200_grab4
9824,-988,-1204,7960,CD,1,D1_pwm200_grab4
9830,548,1048,10984,CD,1,D1_pwm200_grab4
9839,752,-812,10868,CD,1,D1_pwm200_grab4
9844,-2996,528,10724,CD,1,D1_pwm200_grab4
9850,-4724,-5128,11324,CD,1,D1_pwm200_grab4
9854,-6164,-7136,5220,CD,1,D1_pwm200_grab4
9860,176,-304,10208,CD,1,D1_pwm200_grab4
9864,1492,-256,13668,CD,1,D1_pwm200_grab4
9874,2264,-1324,11244,CD,1,D1_pwm200_grab4
9879,2324,2308,12688,CD,1,D1_pwm200_grab4
9884,-6284,-1304,10004,CD,1,D1_pwm200_grab4
9889,-1116,-4572,9180,CD,1,D1_pwm200_grab4
9895,3216,652,10824,CD,1,D1_pwm200_grab4
9900,3112,-1040,13444,CD,1,D1_pwm200_grab4
9909,2540,-1328,11436,CD,1,D1_pwm200_grab4
9915,3760,1672,13444,CD,1,D1_pwm200_grab4
9920,2704,1536,14328,CD,1,D1_pwm200_grab4
9925,580,-2976,11528,CD,1,D1_pwm200_grab4
9929,2712,1144,9184,CD,1,D1_pwm200_grab4
9934,2544,144,13068,CD,1,D1_pwm200_grab4
9945,2784,-1392,9696,CD,1,D1_pwm200_grab4
9949,3444,596,11908,CD,1,D1_pwm200_grab4
9955,2172,2276,8488,CD,1,D1_pwm200_grab4
9959,460,-3536,10224,CD,1,D1_pwm200_grab4
9964,2968,-1220,8152,CD,1,D1_pwm200_grab4
9969,3000,-1384,13700,CD,1,D1_pwm200_grab4
9980,1948,-1512,8980,CD,1,D1_pwm200_grab4
9985,-344,-680,9216,CD,1,D1_pwm200_grab4
9990,1952,788,7812,CD,1,D1_pwm200_grab4
9994,3184,-436,11664,CD,1,D1_pwm200_grab4
10000,1684,-3220,6252,CD,1,D1_pwm200_grab4
10005,1092,-2264,11152,CD,1,D1_pwm200_grab4
10014,836,-2156,8604,CD,1,D1_pwm200_grab4
10019,1008,1552,9480,CD,1,D1_pwm200_grab4
10024,3696,2728,11032,CD,1,D1_pwm200_grab4
10029,4124,2428,10832,CD,1,D1_pwm200_grab4
10034,1656,-2980,7896,CD,1,D1_pwm200_grab4
10039,-2580,-3024,5956,CD,1,D1_pwm200_grab4
10044,-1692,-676,7992,CD,1,D1_pwm200_grab4
10050,700,-2240,9396,CD,1,D1_pwm200_grab4
10054,-2636,-124,9324,CD,1,D1_pwm200_grab4
10060,516,812,7544,CD,1,D1_pwm200_grab4
10064,-2064,-3752,10224,CD,1,D1_pwm200_grab4
10070,588,-2156,9252,CD,1,D1_pwm200_grab4
10076,-132,-1340,11952,CD,1,D1_pwm200_grab4
10086,1456,-1376,11048,CD,1,D1_pwm200_grab4
10090,1944,2612,10552,CD,1,D1_pwm200_grab4
10100,-1312,-5512,8240,CD,1,D1_pwm200_grab4
10105,-568,224,10608,CD,1,D1_pwm200_grab4
10112,1612,908,12272,CD,1,D1_pwm200_grab4
10121,3004,-1144,12252,CD,1,D1_pwm200_grab4
10126,72,1136,11424,CD,1,D1_pwm200_grab4
10130,2880,1584,15320,CD,1,D1_pwm200_grab4
10135,-368,-3992,11096,CD,1,D1_pwm200_grab4
10140,1652,272,10036,CD,1,D1_pwm200_grab4
10145,2008,920,14128,CD,1,D1_pwm200_grab4
10155,2620,-1248,10464,CD,1,D1_pwm200_grab4
10161,-1296,176,11060,CD,1,D1_pwm200_grab4
10165,2428,1632,10592,CD,1,D1_pwm200_grab4
10171,1948,-1728,13664,CD,1,D1_pwm200_grab4
10175,1780,-1160,9032,CD,1,D1_pwm200_grab4
10180,2224,-420,14468,CD,1,D1_pwm200_grab4
10190,2788,-1288,12076,CD,1,D1_pwm200_grab4
10196,3924,2452,12276,CD,1,D1_pwm200_grab4
10201,1764,336,12560,CD,1,D1_pwm200_grab4
10205,4476,696,13088,CD,1,D1_pwm200_grab4
10211,2572,-1684,9236,CD,1,D1_pwm200_grab4
10216,3556,-1364,11736,CD,1,D1_pwm200_grab4
10226,3092,-1508,10296,CD,1,D1_pwm200_grab4
10231,3244,1120,12676,CD,1,D1_pwm200_grab4
10235,3524,1900,12772,CD,1,D1_pwm200_grab4
10241,4860,2996,12432,CD,1,D1_pwm200_grab4
10245,904,-1928,9380,CD,1,D1_pwm200_grab4
10251,956,-1732,8216,CD,1,D1_pwm200_grab4
10260,2244,-1692,8752,CD,1,D1_pwm200_grab4
10266,940,400,10112,CD,1,D1_pwm200_grab4
10270,3548,1852,7600,CD,1,D1_pwm200_grab4
10275,-192,-3824,10196,CD,1,D1_pwm200_grab4
10281,2452,-1284,7208,CD,1,D1_pwm200_grab4
10286,-2804,-2808,5576,CD,1,D1_pwm200_grab4
10290,-148,-704,9004,CD,1,D1_pwm200_grab4
10296,1292,-1260,8872,CD,1,D1_pwm200_grab4
10301,-76,-36,8336,CD,1,D1_pwm200_grab4
10305,-148,-244,6444,CD,1,D1_pwm200_grab4
10310,1528,-2024,12572,CD,1,D1_pwm200_grab4
10316,-1148,-2812,7452,CD,1,D1_pwm200_grab4
10321,724,-2204,11712,CD,1,D1_pwm200_grab4
10332,1328,-2236,9572,CD,1,D1_pwm200_grab4
10336,1576,1008,11944,CD,1,D1_pwm200_grab4
10342,-7280,-228,8760,CD,1,D1_pwm200_grab4
10352,-44,-472,10532,CD,1,D1_pwm200_grab4
10357,-676,512,10384,CD,1,D1_pwm200_grab4
10361,-8084,-2052,8692,CD,1,D1_pwm200_grab4
10366,-244,-540,12140,CD,1,D1_pwm200_grab4
10371,680,2040,11660,CD,1,D1_pwm200_grab4
10377,-6476,-1076,9528,CD,1,D1_pwm200_grab4
10381,-3496,-6468,8108,CD,1,D1_pwm200_grab4
10387,2844,-116,10612,CD,1,D1_pwm200_grab4
10392,244,1308,10900,CD,1,D1_pwm200_grab4
10397,-7420,-1856,8728,CD,1,D1_pwm200_grab4
10401,496,-1024,12500,CD,1,D1_pwm200_grab4
10406,-2328,1920,13400,CD,1,D1_pwm200_grab4
10412,1272,192,11888,CD,1,D1_pwm200_grab4
10416,-372,-3644,9968,CD,1,D1_pwm200_grab4
10422,1964,-428,10284,CD,1,D1_pwm200_grab4
10426,2512,1232,11804,CD,1,D1_pwm200_grab4
10431,-9144,-3420,11592,CD,1,D1_pwm200_grab4
10437,2172,-80,12428,CD,1,D1_pwm200_grab4
10441,-2952,824,10196,CD,1,D1_pwm200_grab4
10446,-3352,-2840,14016,CD,1,D1_pwm200_grab4
10451,-2576,-4560,7272,CD,1,D1_pwm200_grab4
10456,2412,324,9020,CD,1,D1_pwm200_grab4
10461,2420,-76,13000,CD,1,D1_pwm200_grab4
10466,-8356,-4040,10516,CD,1,D1_pwm200_grab4
10471,2800,-524,11152,CD,1,D1_pwm200_grab4
10477,-2328,1180,9592,CD,1,D1_pwm200_grab4
10482,-5240,-3232,11808,CD,1,D1_pwm200_grab4
10486,-1676,-4028,6316,CD,1,D1_pwm200_grab4
10491,3572,552,9440,CD,1,D1_pwm200_grab4
10496,2212,-1092,12912,CD,1,D1_pwm200_grab4
10501,-9716,-3184,11792,CD,1,D1_pwm200_grab4
10507,660,-1520,8240,CD,1,D1_pwm200_grab4
10512,1288,1248,10432,CD,1,D1_pwm200_grab4
10516,-4856,-2812,12220,CD,1,D1_pwm200_grab4
10521,-1280,-4112,5248,CD,1,D1_pwm200_grab4
10527,1256,0,10544,CD,1,D1_pwm200_grab4
10532,1764,816,9300,CD,1,D1_pwm200_grab4
10536,-4572,-1244,9048,CD,1,D1_pwm200_grab4
10542,804,-1632,8152,CD,1,D1_pwm200_grab4
10546,-1060,380,9132,CD,1,D1_pwm200_grab4
10551,-9208,-48,7908,CD,1,D1_pwm200_grab4
10561,260,-100,10424,CD,1,D1_pwm200_grab4
10566,-1592,292,8300,CD,1,D1_pwm200_grab4
10572,-6516,-720,8216,CD,1,D1_pwm200_grab4
10576,-2188,-568,9164,CD,1,D1_pwm200_grab4
10582,-564,1380,14904,CD,1,D1_pwm200_grab4
10587,-4052,-3744,5380,CD,1,D1_pwm200_grab4
10593,-6068,-3440,10208,CD,1,D1_pwm200_grab4
10598,2464,464,12168,CD,1,D1_pwm200_grab4
10602,-40,1092,8420,CD,1,D1_pwm200_grab4
10607,448,2732,11724,CD,1,D1_pwm200_grab4
10612,-1064,32,9588,CD,1,D1_pwm200_grab4
10618,-904,-316,9296,CD,1,D1_pwm200_grab4
10622,9352,-328,11616,CD,1,D1_pwm200_grab4
10627,-4844,-2208,10612,CD,1,D1_pwm200_grab4
10637,2120,1384,11100,CD,1,D1_pwm200_grab4
10642,16,2168,12032,CD,1,D1_pwm200_grab4
10647,-1076,564,11368,CD,1,D1_pwm200_grab4
10653,608,772,9696,CD,1,D1_pwm200_grab4
10657,10688,1552,12132,CD,1,D1_pwm200_grab4
10662,-3736,1920,12920,CD,1,D1_pwm200_grab4
10668,4900,1448,11696,CD,1,D1_pwm200_grab4
10673,64,1876,9752,CD,1,D1_pwm200_grab4
10677,2848,948,11952,CD,1,D1_pwm200_grab4
10682,-1148,460,10760,CD,1,D1_pwm200_grab4
10688,3096,2096,8572,CD,1,D1_pwm200_grab4
10692,7884,-240,12424,CD,1,D1_pwm200_grab4
10697,-2644,2612,11872,CD,1,D1_pwm200_grab4
10703,2804,-568,11012,CD,1,D1_pwm200_grab4
10713,1920,516,11660,CD,1,D1_pwm200_grab4
10717,-996,-208,9948,CD,1,D1_pwm200_grab4
10723,3828,2560,9296,CD,1,D1_pwm200_grab4
10727,4092,-1352,12176,CD,1,D1_pwm200_grab4
10733,-3476,1540,11532,CD,1,D1_pwm200_grab4
10738,2220,-1540,9300,CD,1,D1_pwm200_grab4
10742,4892,-956,13584,CD,1,D1_pwm200_grab4
10747,3328,2036,9656,CD,1,D1_pwm200_grab4
10753,232,-472,8648,CD,1,D1_pwm200_grab4
10758,4124,2132,10920,CD,1,D1_pwm200_grab4
10762,5676,-108,10656,CD,1,D1_pwm200_grab4
10767,-4400,232,11544,CD,1,D1_pwm200_grab4
10773,3424,-736,8912,CD,1,D1_pwm200_grab4
10777,-2760,-308,7548,CD,1,D1_pwm200_grab4
10783,3204,1812,8096,CD,1,D1_pwm200_grab4
10788,424,-444,9856,CD,1,D1_pwm200_grab4
10792,908,-136,8796,CD,1,D1_pwm200_grab4
10797,2584,-1636,9932,CD,1,D1_pwm200_grab4
10803,-4708,-432,12236,CD,1,D1_pwm200_grab4
10807,3704,-100,8128,CD,1,D1_pwm200_grab4
10812,-2088,-1600,8372,CD,1,D1_pwm200_grab4
10818,4140,1184,8112,CD,1,D1_pwm200_grab4
10823,-1760,-332,7916,CD,1,D1_pwm200_grab4
10828,776,-96,8180,CD,1,D1_pwm200_grab4
10832,8876,3720,6416,CD,1,D1_pwm200_grab4
10838,52,1176,10372,CD,1,D1_pwm200_grab4
10844,44,-3056,10968,CD,1,D1_pwm200_grab4
10848,2460,24,4224,CD,1,D1_pwm200_grab4
10853,3000,3148,9656,CD,1,D1_pwm200_grab4
10858,-4088,-1212,7736,CD,1,D1_pwm200_grab4
10864,-1548,-3332,8516,CD,1,D1_pwm200_grab4
10869,3328,696,9432,CD,1,D1_pwm200_grab4
10874,1656,-1584,11208,CD,1,D1_pwm200_grab4
10878,-4356,-3736,5076,CD,1,D1_pwm200_grab4
10883,2284,-108,6184,CD,1,D1_pwm200_grab4
10888,3428,3444,10904,CD,1,D1_pwm200_grab4
10894,-2540,-952,9764,CD,1,D1_pwm200_grab4
10898,-388,-3416,9616,CD,1,D1_pwm200_grab4
10904,3812,1500,13648,CD,1,D1_pwm200_grab4
10909,1856,-1040,11488,CD,1,D1_pwm200_grab4
10914,-2212,-2372,7504,CD,1,D1_pwm200_grab4
10918,-460,744,9888,CD,1,D1_pwm200_grab4
10923,3820,3504,11640,CD,1,D1_pwm200_grab4
10928,-1604,-808,10204,CD,1,D1_pwm200_grab4
10934,-764,-2800,10012,CD,1,D1_pwm200_grab4
10938,5836,2208,13224,CD,1,D1_pwm200_grab4
10943,4396,-568,10456,CD,1,D1_pwm200_grab4
10948,-2384,-3112,5676,CD,1,D1_pwm200_grab4
10953,-1348,404,9504,CD,1,D1_pwm200_grab4
10959,3172,732,11268,CD,1,D1_pwm200_grab4
10964,-980,-228,12180,CD,1,D1_pwm200_grab4
10968,536,-2032,10856,CD,1,D1_pwm200_grab4
10973,6264,3516,12384,CD,1,D1_pwm200_grab4
10978,4292,-20,10540,CD,1,D1_pwm200_grab4
10983,-1184,-2560,7356,CD,1,D1_pwm200_grab4
10988,288,296,9680,CD,1,D1_pwm200_grab4
10994,3504,-724,9324,CD,1,D1_pwm200_grab4
10998,-1456,-268,11176,CD,1,D1_pwm200_grab4
11004,3224,1756,9072,CD,1,D1_pwm200_grab4
11008,7344,3860,11624,CD,1,D1_pwm200_grab4
11013,4468,40,9324,CD,1,D1_pwm200_grab4
11018,-1520,-3056,5736,CD,1,D1_pwm200_grab4
11023,-148,-208,8180,CD,1,D1_pwm200_grab4
11028,3340,108,8968,CD,1,D1_pwm200_grab4
11033,-1036,-184,9496,CD,1,D1_pwm200_grab4
11039,3048,1340,7652,CD,1,D1_pwm200_grab4
11043,-44,-2920,9004,CD,1,D1_pwm200_grab4
11048,-124,-2000,8536,CD,1,D1_pwm200_grab4
11054,-2732,-3772,5984,CD,1,D1_pwm200_grab4
11058,1288,-348,8148,CD,1,D1_pwm200_grab4
11064,1640,-900,8984,CD,1,D1_pwm200_grab4
11069,-1732,-488,8832,CD,1,D1_pwm200_grab4
11073,1228,1092,8076,CD,1,D1_pwm200_grab4
11078,-16,-2580,8944,CD,1,D1_pwm200_grab4
11083,-1080,-1712,10352,CD,1,D1_pwm200_grab4
11088,1416,-1648,11748,CD,1,D1_pwm200_grab4
11099,-564,-2056,9432,CD,1,D1_pwm200_grab4
11104,-1724,-140,9508,CD,1,D1_pwm200_grab4
11115,-4648,-6144,8332,CD,1,D1_pwm200_grab4
11119,240,-604,9232,CD,1,D1_pwm200_grab4
11124,-1064,2532,9036,CD,1,D1_pwm200_grab4
11129,-5336,-44,10748,CD,1,D1_pwm200_grab4
11134,-900,-92,9080,CD,1,D1_pwm200_grab4
11139,-396,204,10132,CD,1,D1_pwm200_grab4
11145,-7800,-4428,12640,CD,1,D1_pwm200_grab4
11149,-3804,-5920,8172,CD,1,D1_pwm200_grab4
11154,1516,1384,11888,CD,1,D1_pwm200_grab4
11159,-500,2484,10096,CD,1,D1_pwm200_grab4
11165,-1808,504,11988,CD,1,D1_pwm200_grab4
11170,-680,-120,9320,CD,1,D1_pwm200_grab4
11175,2876,2560,15520,CD,1,D1_pwm200_grab4
11179,-8344,-3836,12200,CD,1,D1_pwm200_grab4
11185,-3572,-5036,7544,CD,1,D1_pwm200_grab4
11189,1412,1360,11560,CD,1,D1_pwm200_grab4
11195,672,2444,9540,CD,1,D1_pwm200_grab4
11200,-2396,208,12360,CD,1,D1_pwm200_grab4
11205,-372,-72,9796,CD,1,D1_pwm200_grab4
11215,2840,-1828,12004,CD,1,D1_pwm200_grab4
11219,-5272,-848,11628,CD,1,D1_pwm200_grab4
11224,3284,484,9328,CD,1,D1_pwm200_grab4
11229,828,2272,10400,CD,1,D1_pwm200_grab4
11234,-920,-1164,10512,CD,1,D1_pwm200_grab4
11240,-180,-144,9540,CD,1,D1_pwm200_grab4
11245,3340,2388,10808,CD,1,D1_pwm200_grab4
11250,2216,-1380,10880,CD,1,D1_pwm200_grab4
11254,-5280,132,11592,CD,1,D1_pwm200_grab4
11260,5472,1916,10356,CD,1,D1_pwm200_grab4
11264,1072,2044,11152,CD,1,D1_pwm200_grab4
11270,-1556,-1372,10476,CD,1,D1_pwm200_grab4
11274,-532,-364,7968,CD,1,D1_pwm200_grab4
11279,3048,2524,10808,CD,1,D1_pwm200_grab4
11284,2436,-1820,9712,CD,1,D1_pwm200_grab4
11289,-5588,-260,11524,CD,1,D1_pwm200_grab4
11294,2044,-308,7588,CD,1,D1_pwm200_grab4
11299,-5116,12,5560,CD,1,D1_pwm200_grab4
11305,1832,1680,7628,CD,1,D1_pwm200_grab4
11309,-652,-316,7796,CD,1,D1_pwm200_grab4
11314,2664,2560,10928,CD,1,D1_pwm200_grab4
11320,1472,-2336,9448,CD,1,D1_pwm200_grab4
11325,-5828,-788,11412,CD,1,D1_pwm200_grab4
11329,1976,-288,7660,CD,1,D1_pwm200_grab4
11334,-5204,156,5880,CD,1,D1_pwm200_grab4
11339,2016,1816,7744,CD,1,D1_pwm200_grab4
11344,-972,192,8716,CD,1,D1_pwm200_grab4
11350,-728,-1224,7672,CD,1,D1_pwm200_grab4
11361,-968,568,10028,CD,1,D1_pwm200_grab4
11365,624,-2504,8856,CD,1,D1_pwm200_grab4
11371,3672,-784,9292,CD,1,D1_pwm200_grab4
11375,3620,3400,8376,CD,1,D1_pwm200_grab4
11380,-3388,-1452,8172,CD,1,D1_pwm200_grab4
11386,64,-1996,8716,CD,1,D1_pwm200_grab4
11392,1604,-992,11240,CD,1,D1_pwm200_grab4
11395,-1504,636,10452,CD,1,D1_pwm200_grab4
11401,884,-2324,9184,CD,1,D1_pwm200_grab4
11405,3536,-1076,8876,CD,1,D1_pwm200_grab4
11411,3656,3424,8728,CD,1,D1_pwm200_grab4
11416,-3364,-1328,8472,CD,1,D1_pwm200_grab4
11421,-68,-2060,8480,CD,1,D1_pwm200_grab4
11425,1772,-1220,11236,CD,1,D1_pwm200_grab4
11430,2544,-676,10780,CD,1,D1_pwm200_grab4
11435,976,-1940,9500,CD,1,D1_pwm200_grab4
11441,5188,1800,14340,CD,1,D1_pwm200_grab4
11446,3960,3552,8772,CD,1,D1_pwm200_grab4
11450,-1376,-348,10764,CD,1,D1_pwm200_grab4
11456,-16,-1752,8572,CD,1,D1_pwm200_grab4
11460,3148,1160,14508,CD,1,D1_pwm200_grab4
11466,2672,-544,10672,CD,1,D1_pwm200_grab4
11470,1224,-1852,10700,CD,1,D1_pwm200_grab4
11481,4680,1456,9568,CD,1,D1_pwm200_grab4
11485,-1068,-312,10924,CD,1,D1_pwm200_grab4
11491,1896,432,8728,CD,1,D1_pwm200_grab4
11496,3724,1248,14340,CD,1,D1_pwm200_grab4
11501,3008,-520,9516,CD,1,D1_pwm200_grab4
11505,1444,-1884,11120,CD,1,D1_pwm200_grab4
11515,3712,-1196,13668,CD,1,D1_pwm200_grab4
11521,-772,-620,9540,CD,1,D1_pwm200_grab4
11525,2052,428,8820,CD,1,D1_pwm200_grab4
11530,2868,-1660,11348,CD,1,D1_pwm200_grab4
11536,2972,-320,9396,CD,1,D1_pwm200_grab4
11540,2480,-1752,14108,CD,1,D1_pwm200_grab4
11550,1708,-2208,8400,CD,1,D1_pwm200_grab4
11556,2560,992,11200,CD,1,D1_pwm200_grab4
11560,-7264,-1516,10700,CD,1,D1_pwm200_grab4
11566,2676,-1872,10884,CD,1,D1_pwm200_grab4
11570,1068,-2120,6984,CD,1,D1_pwm200_grab4
11576,2252,-1692,14052,CD,1,D1_pwm200_grab4
11586,1552,-2348,8008,CD,1,D1_pwm200_grab4
11591,-1616,212,8100,CD,1,D1_pwm200_grab4
11596,-6596,-2028,11324,CD,1,D1_pwm200_grab4
11600,-4108,-5932,6396,CD,1,D1_pwm200_grab4
11606,312,-320,10136,CD,1,D1_pwm200_grab4
11611,-956,2008,4832,CD,1,D1_pwm200_grab4
11617,-3992,-1520,9860,CD,1,D1_pwm200_grab4
11621,-2808,-640,8492,CD,1,D1_pwm200_grab4
11627,2188,2396,11560,CD,1,D1_pwm200_grab4
11632,796,-2936,10992,CD,1,D1_pwm200_grab4
11636,-5068,-1792,13664,CD,1,D1_pwm200_grab4
11642,-488,-420,10644,CD,1,D1_pwm200_grab4
11646,-4788,-84,5824,CD,1,D1_pwm200_grab4
11651,-552,1112,9464,CD,1,D1_pwm200_grab4
11657,-2868,-684,8840,CD,1,D1_pwm200_grab4
11661,1476,1752,10936,CD,1,D1_pwm200_grab4
11666,2448,-2196,11284,CD,1,D1_pwm200_grab4
11672,-2828,832,12812,CD,1,D1_pwm200_grab4
11677,-792,-1132,10856,CD,1,D1_pwm200_grab4
11686,-104,3368,9876,CD,1,D1_pwm200_grab4
11692,-16,588,12492,CD,1,D1_pwm200_grab4
11697,1116,1344,10108,CD,1,D1_pwm200_grab4
11707,-2272,1304,12412,CD,1,D1_pwm200_grab4
11712,-216,-1444,11776,CD,1,D1_pwm200_grab4
11721,5020,2952,12220,CD,1,D1_pwm200_grab4
11726,-220,140,9840,CD,1,D1_pwm200_grab4
11731,2348,-2264,12448,CD,1,D1_pwm200_grab4
11741,356,3244,11912,CD,1,D1_pwm200_grab4
11747,-532,-1528,12324,CD,1,D1_pwm200_grab4
11751,2664,204,7876,CD,1,D1_pwm200_grab4
11757,6152,3992,12524,CD,1,D1_pwm200_grab4
11761,-428,-540,8508,CD,1,D1_pwm200_grab4
11767,1880,-2212,11032,CD,1,D1_pwm200_grab4
11771,6152,3456,11612,CD,1,D1_pwm200_grab4
11777,1740,3180,11500,CD,1,D1_pwm200_grab4
11782,1544,-2328,10512,CD,1,D1_pwm200_grab4
11787,3736,-780,7024,CD,1,D1_pwm200_grab4
11792,5064,2868,6872,CD,1,D1_pwm200_grab4
11796,-160,-836,9112,CD,1,D1_pwm200_grab4
11801,2564,272,8244,CD,1,D1_pwm200_grab4
11807,5124,1880,11568,CD,1,D1_pwm200_grab4
11812,404,-1488,9972,CD,1,D1_pwm200_grab4
11817,1892,-2408,8456,CD,1,D1_pwm200_grab4
11821,4448,-460,13108,CD,1,D1_pwm200_grab4
11826,3436,2108,6752,CD,1,D1_pwm200_grab4
11831,-1692,-1616,7472,CD,1,D1_pwm200_grab4
11836,3716,984,7716,CD,1,D1_pwm200_grab4
11842,1552,-1732,8456,CD,1,D1_pwm200_grab4
11846,-100,-2168,9564,CD,1,D1_pwm200_grab4
11851,-528,-2104,12404,CD,1,D1_pwm200_grab4
11863,-572,-2124,8260,CD,1,D1_pwm200_grab4
11867,208,792,9336,CD,1,D1_pwm200_grab4
11878,-3404,-5756,8668,CD,1,D1_pwm200_grab4
11882,-320,260,10156,CD,1,D1_pwm200_grab4
11887,-1336,1980,5528,CD,1,D1_pwm200_grab4
11893,-4592,144,11352,CD,1,D1_pwm200_grab4
11897,-1060,-880,7059,CD,1,D1_pwm200_grab4
11904,-24,948,12860,CD,1,D1_pwm200_grab4
11912,-5524,-4800,10808,CD,1,D1_pwm200_grab4
11917,584,1164,10652,CD,1,D1_pwm200_grab4
11922,740,1716,7720,CD,1,D1_pwm200_grab4
11928,-2488,1136,11048,CD,1,D1_pwm200_grab4
11932,-960,708,12184,CD,1,D1_pwm200_grab4
11937,-376,688,11596,CD,1,D1_pwm200_grab4
11947,-5904,-3960,11628,CD,1,D1_pwm200_grab4
11953,3456,1824,12072,CD,1,D1_pwm200_grab4
11958,2288,1096,10396,CD,1,D1_pwm200_grab4
11963,4392,384,9708,CD,1,D1_pwm200_grab4
11967,68,192,12748,CD,1,D1_pwm200_grab4
11972,-1300,400,10884,CD,1,D1_pwm200_grab4
11982,400,2444,12088,CD,1,D1_pwm200_grab4
11988,816,-872,12596,CD,1,D1_pwm200_grab4
11993,-1432,-36,10396,CD,1,D1_pwm200_grab4
11997,1136,1760,7960,CD,1,D1_pwm200_grab4
12002,912,768,11864,CD,1,D1_pwm200_grab4
12007,1024,-1140,12800,CD,1,D1_pwm200_grab4
12018,2292,1936,11764,CD,1,D1_pwm200_grab4
12023,276,-3800,5856,CD,1,D1_pwm200_grab4
12028,5188,2276,13448,CD,1,D1_pwm200_grab4
12033,1916,3084,9296,CD,1,D1_pwm200_grab4
12037,448,100,7448,CD,1,D1_pwm200_grab4
12042,1896,-872,11232,CD,1,D1_pwm200_grab4
12052,2816,1268,11172,CD,1,D1_pwm200_grab4
12057,264,-3692,5880,CD,1,D1_pwm200_grab4
12062,3924,-540,12096,CD,1,D1_pwm200_grab4
12067,2080,-680,10676,CD,1,D1_pwm200_grab4
12073,-1924,-1268,9680,CD,1,D1_pwm200_grab4
12077,1344,-2116,7540,CD,1,D1_pwm200_grab4
12087,888,-696,11432,CD,1,D1_pwm200_grab4
12093,392,-2592,6960,CD,1,D1_pwm200_grab4
12103,2112,-1520,11076,CD,1,D1_pwm200_grab4
12108,-1160,704,10044,CD,1,D1_pwm200_grab4
12112,2140,2256,12568,CD,1,D1_pwm200_grab4
12123,1160,-728,6480,CD,1,D1_pwm200_grab4
12128,608,468,9092,CD,1,D1_pwm200_grab4
12138,-408,-1080,6656,CD,1,D1_pwm200_grab4
12143,100,3196,11824,CD,1,D1_pwm200_grab4
12149,-908,-2700,8548,CD,1,D1_pwm200_grab4
12153,-5924,-2980,9644,CD,1,D1_pwm200_grab4
12158,1972,-372,10960,CD,1,D1_pwm200_grab4
12163,-496,436,6160,CD,1,D1_pwm200_grab4
12168,-6136,-200,12108,CD,1,D1_pwm200_grab4
12174,-1044,-32,7196,CD,1,D1_pwm200_grab4
12178,52,740,14060,CD,1,D1_pwm200_grab4
12184,2268,-2348,10224,CD,1,D1_pwm200_grab4
12189,-5136,-180,11748,CD,1,D1_pwm200_grab4
12193,1792,-1032,10040,CD,1,D1_pwm200_grab4
12199,4404,-1236,14660,CD,1,D1_pwm200_grab4
12204,-3472,644,11312,CD,1,D1_pwm200_grab4
12209,-520,580,12252,CD,1,D1_pwm200_grab4
12213,-948,624,12184,CD,1,D1_pwm200_grab4
12224,-3628,1976,11960,CD,1,D1_pwm200_grab4
12228,720,-576,11988,CD,1,D1_pwm200_grab4
12239,6428,4680,12244,CD,1,D1_pwm200_grab4
12244,292,44,10244,CD,1,D1_pwm200_grab4
12248,1236,-584,12524,CD,1,D1_pwm200_grab4
12258,640,2776,12312,CD,1,D1_pwm200_grab4
12263,1584,-584,11964,CD,1,D1_pwm200_grab4
12268,4580,816,7848,CD,1,D1_pwm200_grab4
12274,5224,4276,9960,CD,1,D1_pwm200_grab4
12278,28,-1936,8236,CD,1,D1_pwm200_grab4
12283,-1756,-2044,6840,CD,1,D1_pwm200_grab4
12294,1880,1820,11716,CD,1,D1_pwm200_grab4
12299,364,-3800,6144,CD,1,D1_pwm200_grab4
12304,4900,1976,14160,CD,1,D1_pwm200_grab4
12309,2396,-132,9540,CD,1,D1_pwm200_grab4
12314,-1508,-1584,8772,CD,1,D1_pwm200_grab4
12319,2396,2396,13832,CD,1,D1_pwm200_grab4
12323,3888,-152,9124,CD,1,D1_pwm200_grab4
12329,2560,-1376,6252,CD,1,D1_pwm200_grab4
12334,648,-2892,6796,CD,1,D1_pwm200_grab4
12338,-2012,-308,8288,CD,1,D1_pwm200_grab4
12343,2184,-1544,10772,CD,1,D1_pwm200_grab4
12349,-1620,-272,10136,CD,1,D1_pwm200_grab4
12353,2284,2632,11212,CD,1,D1_pwm200_grab4
12359,-648,-4600,6148,CD,1,D1_pwm200_grab4
12363,1908,-672,6128,CD,1,D1_pwm200_grab4
12369,1156,724,11792,CD,1,D1_pwm200_grab4
12379,-380,-1484,6416,CD,1,D1_pwm200_grab4
12384,208,3644,11644,CD,1,D1_pwm200_grab4
12389,-1464,-2792,10352,CD,1,D1_pwm200_grab4
12395,-5660,-3724,10744,CD,1,D1_pwm200_grab4
12399,1280,-356,11824,CD,1,D1_pwm200_grab4
12404,-256,-380,5324,CD,1,D1_pwm200_grab4
12410,1820,1880,8872,CD,1,D1_pwm200_grab4
12414,-1832,116,10784,CD,1,D1_pwm200_grab4
12419,-352,1344,14400,CD,1,D1_pwm200_grab4
12425,-856,-1580,6864,CD,1,D1_pwm200_grab4
12429,-6036,-1632,11688,CD,1,D1_pwm200_grab4
12435,2120,-572,10656,CD,1,D1_pwm200_grab4
12440,-5720,240,7496,CD,1,D1_pwm200_grab4
12444,1240,3216,7092,CD,1,D1_pwm200_grab4
12450,-700,852,10936,CD,1,D1_pwm200_grab4
12454,-1640,-3092,9752,CD,1,D1_pwm200_grab4
12459,5528,-1616,12248,CD,1,D1_pwm200_grab4
12464,-4732,212,11208,CD,1,D1_pwm200_grab4
12469,2512,72,11244,CD,1,D1_pwm200_grab4
12474,1312,-800,11108,CD,1,D1_pwm200_grab4
12480,4092,4108,10260,CD,1,D1_pwm200_grab4
12485,20,160,10400,CD,1,D1_pwm200_grab4
12490,280,-2352,10404,CD,1,D1_pwm200_grab4
12495,8536,2840,11492,CD,1,D1_pwm200_grab4
12499,3596,972,13116,CD,1,D1_pwm200_grab4
12505,1076,-704,11908,CD,1,D1_pwm200_grab4
12514,5264,4284,11896,CD,1,D1_pwm200_grab4
12519,1432,-952,8052,CD,1,D1_pwm200_grab4
12525,984,-2648,9616,CD,1,D1_pwm200_grab4
12529,8180,2680,12620,CD,1,D1_pwm200_grab4
12534,3604,52,12440,CD,1,D1_pwm200_grab4
12540,-656,-1552,8772,CD,1,D1_pwm200_grab4
12544,3096,2408,8940,CD,1,D1_pwm200_grab4
12550,5712,4524,12304,CD,1,D1_pwm200_grab4
12555,472,-1688,8220,CD,1,D1_pwm200_grab4
12559,-924,-2088,7420,CD,1,D1_pwm200_grab4
12565,6212,1516,10916,CD,1,D1_pwm200_grab4
12569,4088,-952,8788,CD,1,D1_pwm200_grab4
12575,232,-872,9480,CD,1,D1_pwm200_grab4
12579,-7392,-2484,8788,CD,1,D1_pwm200_grab4
12584,2336,-3176,9864,CD,1,D1_pwm200_grab4
12590,-1048,-1652,8152,CD,1,D1_pwm200_grab4
12595,2712,1828,10320,CD,1,D1_pwm200_grab4
12600,4436,1368,9756,CD,1,D1_pwm200_grab4
12607,4436,1368,9756,CD,1,D1_pwm200_grab4
12610,1268,-356,11464,CD,1,D1_pwm200_grab4
12614,-10004,-3076,9976,CD,1,D1_pwm200_grab4
12619,2384,-3132,8824,CD,1,D1_pwm200_grab4
12625,-164,1884,7796,CD,1,D1_pwm200_grab4
12630,-9172,-224,8552,CD,1,D1_pwm200_grab4
12635,-3884,-5420,7284,CD,1,D1_pwm200_grab4
12641,-1596,56,11140,CD,1,D1_pwm200_grab4
12645,-196,-508,4912,CD,1,D1_pwm200_grab4
12650,-4456,-976,10692,CD,1,D1_pwm200_grab4
12655,-2076,348,8472,CD,1,D1_pwm200_grab4
12660,1324,1568,12160,CD,2,D1_pwm200_grab4
12666,-356,-2828,6872,CD,2,D1_pwm200_grab4
12670,-5272,-1208,11844,CD,2,D1_pwm200_grab4
12675,-844,468,12092,CD,2,D1_pwm200_grab4
12680,-476,-56,4784,CD,2,D1_pwm200_grab4
12686,-3268,-568,9728,CD,2,D1_pwm200_grab4
12690,-2392,492,8872,CD,2,D1_pwm200_grab4
12695,756,1080,11020,CD,2,D1_pwm200_grab4
12700,1496,-2052,8552,CD,2,D1_pwm200_grab4
12705,-2528,452,10808,CD,2,D1_pwm200_grab4
12710,-152,-1168,9120,CD,2,D1_pwm200_grab4
12715,-2308,-364,5248,CD,2,D1_pwm200_grab4
12721,-2532,320,9628,CD,2,D1_pwm200_grab4
12725,-672,952,12300,CD,2,D1_pwm200_grab4
12730,388,172,10312,CD,2,D1_pwm200_grab4
12735,8264,832,11332,CD,2,D1_pwm200_grab4
12741,-1620,1100,10872,CD,2,D1_pwm200_grab4
12745,604,-1896,11100,CD,2,D1_pwm200_grab4
12756,5548,4832,12232,CD,2,D1_pwm200_grab4
12760,-120,1528,12696,CD,2,D1_pwm200_grab4
12765,180,-56,9396,CD,2,D1_pwm200_grab4
12775,720,3596,12252,CD,2,D1_pwm200_grab4
12780,568,-1900,11216,CD,2,D1_pwm200_grab4
12785,5436,2136,15196,CD,2,D1_pwm200_grab4
12795,344,-1384,8712,CD,2,D1_pwm200_grab4
12800,-48,-612,9432,CD,2,D1_pwm200_grab4
12810,968,3632,12424,CD,2,D1_pwm200_grab4
12815,1512,-1996,10308,CD,2,D1_pwm200_grab4
12820,3540,2040,11592,CD,2,D1_pwm200_grab4
12825,6660,3468,10568,CD,2,D1_pwm200_grab4
12831,180,-1712,8896,CD,2,D1_pwm200_grab4
12835,1468,32,6264,CD,2,D1_pwm200_grab4
12841,8296,2780,12608,CD,2,D1_pwm200_grab4
12846,2984,2348,10928,CD,2,D1_pwm200_grab4
12851,1248,-2288,9520,CD,2,D1_pwm200_grab4
12856,3156,456,7504,CD,2,D1_pwm200_grab4
12861,6300,3140,9640,CD,2,D1_pwm200_grab4
12865,-816,-2288,7240,CD,2,D1_pwm200_grab4
12870,1580,328,5764,CD,2,D1_pwm200_grab4
12875,4116,556,8052,CD,2,D1_pwm200_grab4
12880,920,-1928,10224,CD,2,D1_pwm200_grab4
12887,-396,-1964,9528,CD,2,D1_pwm200_grab4
12896,-752,-3304,8824,CD,2,D1_pwm200_grab4
12901,-1320,1276,8832,CD,2,D1_pwm200_grab4
12907,-3656,-1468,11168,CD,2,D1_pwm200_grab4
12911,-764,-5260,7540,CD,2,D1_pwm200_grab4
12916,-2188,-328,7764,CD,2,D1_pwm200_grab4
12921,552,-408,11484,CD,2,D1_pwm200_grab4
12931,-924,-3244,8660,CD,2,D1_pwm200_grab4
12937,-788,1228,10388,CD,2,D1_pwm200_grab4
12941,-6792,-1744,9268,CD,2,D1_pwm200_grab4
12947,-3676,-6072,10332,CD,2,D1_pwm200_grab4
12952,-2692,-592,7656,CD,2,D1_pwm200_grab4
12956,236,1324,6916,CD,2,D1_pwm200_grab4
12967,-208,424,10044,CD,2,D1_pwm200_grab4
12971,-788,832,10720,CD,2,D1_pwm200_grab4
12981,-4192,-6244,10316,CD,2,D1_pwm200_grab4
12987,140,888,11528,CD,2,D1_pwm200_grab4
12991,76,1504,6912,CD,2,D1_pwm200_grab4
12996,-4624,-596,12428,CD,2,D1_pwm200_grab4
13001,-160,920,10184,CD,2,D1_pwm200_grab4
13012,788,-2624,7560,CD,2,D1_pwm200_grab4
13016,-5008,-5424,9160,CD,2,D1_pwm200_grab4
13021,476,1272,12456,CD,2,D1_pwm200_grab4
13026,-72,-1184,6840,CD,2,D1_pwm200_grab4
13031,-3640,-1052,12452,CD,2,D1_pwm200_grab4
13036,264,904,11440,CD,2,D1_pwm200_grab4
13041,3192,2656,15876,CD,2,D1_pwm200_grab4
13046,5428,276,11288,CD,2,D1_pwm200_grab4
13051,-2856,1580,11560,CD,2,D1_pwm200_grab4
13057,2332,1324,12008,CD,2,D1_pwm200_grab4
13061,0,-1344,6656,CD,2,D1_pwm200_grab4
13066,-688,-1368,11008,CD,2,D1_pwm200_grab4
13072,352,1052,11412,CD,2,D1_pwm200_grab4
13076,2276,2232,8968,CD,2,D1_pwm200_grab4
13081,6256,812,11560,CD,2,D1_pwm200_grab4
13086,-2756,1988,9656,CD,2,D1_pwm200_grab4
13091,4084,-1100,9752,CD,2,D1_pwm200_grab4
13097,6836,-1920,15924,CD,2,D1_pwm200_grab4
13102,16,-1096,10928,CD,2,D1_pwm200_grab4
13106,512,1468,11416,CD,2,D1_pwm200_grab4
13111,1844,2148,8128,CD,2,D1_pwm200_grab4
13117,8088,2864,6568,CD,2,D1_pwm200_grab4
13121,-2604,2180,9564,CD,2,D1_pwm200_grab4
13126,-280,-2276,8560,CD,2,D1_pwm200_grab4
13132,8120,-1640,17012,CD,2,D1_pwm200_grab4
13137,2708,3516,9636,CD,2,D1_pwm200_grab4
13142,584,-576,7284,CD,2,D1_pwm200_grab4
13147,1156,-1924,8236,CD,2,D1_pwm200_grab4
13158,508,-1048,11456,CD,2,D1_pwm200_grab4
13163,-2716,-3956,5384,CD,2,D1_pwm200_grab4
13167,2000,-684,12276,CD,2,D1_pwm200_grab4
13173,1192,-152,6780,CD,2,D1_pwm200_grab4
13177,-2500,-2228,8960,CD,2,D1_pwm200_grab4
13182,276,720,12640,CD,2,D1_pwm200_grab4
13192,32,-1228,11684,CD,2,D1_pwm200_grab4
13197,-2084,-2136,8060,CD,2,D1_pwm200_grab4
13202,1456,-444,12144,CD,2,D1_pwm200_grab4
13208,320,-728,10228,CD,2,D1_pwm200_grab4
13212,-2420,-2312,9432,CD,2,D1_pwm200_grab4
13217,-2080,32,10720,CD,2,D1_pwm200_grab4
13222,-1052,-4680,6308,CD,2,D1_pwm200_grab4
13228,-268,-1416,11884,CD,2,D1_pwm200_grab4
13232,-1740,-1720,8560,CD,2,D1_pwm200_grab4
13237,1144,-188,12096,CD,2,D1_pwm200_grab4
13243,332,-920,10632,CD,2,D1_pwm200_grab4
13247,-2564,-2256,9832,CD,2,D1_pwm200_grab4
13253,-1344,348,11260,CD,2,D1_pwm200_grab4
13258,-1500,-3892,6660,CD,2,D1_pwm200_grab4
13262,1684,-456,9292,CD,2,D1_pwm200_grab4
13267,328,508,11892,CD,2,D1_pwm200_grab4
13273,-188,1684,12076,CD,2,D1_pwm200_grab4
13277,328,-916,10992,CD,2,D1_pwm200_grab4
13282,-84,328,12492,CD,2,D1_pwm200_grab4
13288,-356,612,12112,CD,2,D1_pwm200_grab4
13292,-1656,-3928,6712,CD,2,D1_pwm200_grab4
13297,1660,-44,9640,CD,2,D1_pwm200_grab4
13302,2968,1568,12688,CD,2,D1_pwm200_grab4
13312,1656,-2556,12336,CD,2,D1_pwm200_grab4
13317,136,448,12372,CD,2,D1_pwm200_grab4
13322,3648,708,16396,CD,2,D1_pwm200_grab4
13327,-1244,-3504,6928,CD,2,D1_pwm200_grab4
13333,1824,-16,8268,CD,2,D1_pwm200_grab4
13337,3068,1648,12700,CD,2,D1_pwm200_grab4
13348,2448,-508,11644,CD,2,D1_pwm200_grab4
13353,1084,4740,13404,CD,2,D1_pwm200_grab4
13358,2504,584,15428,CD,2,D1_pwm200_grab4
13362,-1728,-3920,9564,CD,2,D1_pwm200_grab4
13368,1692,-132,7876,CD,2,D1_pwm200_grab4
13372,1188,-1016,10516,CD,2,D1_pwm200_grab4
13383,1004,16,8100,CD,2,D1_pwm200_grab4
13388,1312,4692,12860,CD,2,D1_pwm200_grab4
13393,172,-1192,7408,CD,2,D1_pwm200_grab4
13399,-3956,-960,10540,CD,2,D1_pwm200_grab4
13404,2320,-336,9816,CD,2,D1_pwm200_grab4
13408,2640,-64,6504,CD,2,D1_pwm200_grab4
13414,2948,1148,7944,CD,2,D1_pwm200_grab4
13419,-632,148,9928,CD,2,D1_pwm200_grab4
13424,-120,-880,7604,CD,2,D1_pwm200_grab4
13429,8340,4036,6532,CD,2,D1_pwm200_grab4
13433,-1288,1544,13128,CD,2,D1_pwm200_grab4
13440,-272,-3164,8576,CD,2,D1_pwm200_grab4
13443,788,-1840,8312,CD,2,D1_pwm200_grab4
13448,2800,1560,7840,CD,2,D1_pwm200_grab4
13454,-828,76,11344,CD,2,D1_pwm200_grab4
13459,-300,-1404,7796,CD,2,D1_pwm200_grab4
13463,8320,568,6480,CD,2,D1_pwm200_grab4
13469,-1212,1276,13340,CD,2,D1_pwm200_grab4
13474,-1404,-2380,9764,CD,2,D1_pwm200_grab4
13479,4248,2464,15520,CD,2,D1_pwm200_grab4
13483,2288,3632,6616,CD,2,D1_pwm200_grab4
13488,-876,76,11440,CD,2,D1_pwm200_grab4
13493,-2080,-2768,9380,CD,2,D1_pwm200_grab4
13499,8144,444,7008,CD,2,D1_pwm200_grab4
13503,-72,1720,14012,CD,2,D1_pwm200_grab4
13508,-1196,-2396,9860,CD,2,D1_pwm200_grab4
13513,1592,3008,9340,CD,2,D1_pwm200_grab4
13519,4088,4604,11580,CD,2,D1_pwm200_grab4
13524,-484,-2016,8848,CD,2,D1_pwm200_grab4
13529,-2008,-2432,9548,CD,2,D1_pwm200_grab4
13539,156,1724,13896,CD,2,D1_pwm200_grab4
13543,228,-2104,10464,CD,2,D1_pwm200_grab4
13548,1432,2764,9052,CD,2,D1_pwm200_grab4
13553,6944,3100,11128,CD,2,D1_pwm200_grab4
13558,-596,-1924,8796,CD,2,D1_pwm200_grab4
13563,2288,876,7736,CD,2,D1_pwm200_grab4
13573,3024,1532,12604,CD,2,D1_pwm200_grab4
13579,128,-2100,10524,CD,2,D1_pwm200_grab4
13584,4036,1296,11712,CD,2,D1_pwm200_grab4
13589,6996,2900,10760,CD,2,D1_pwm200_grab4
13594,-524,-1092,8596,CD,2,D1_pwm200_grab4
13598,2220,1248,7864,CD,2,D1_pwm200_grab4
13603,7340,2740,8416,CD,2,D1_pwm200_grab4
13608,2104,-404,9056,CD,2,D1_pwm200_grab4
13613,-1760,-3004,6816,CD,2,D1_pwm200_grab4
13619,4072,1420,11716,CD,2,D1_pwm200_grab4
13624,3204,768,6564,CD,2,D1_pwm200_grab4
13628,-372,-1168,8348,CD,2,D1_pwm200_grab4
13633,3480,2632,11212,CD,2,D1_pwm200_grab4
13638,7044,2256,7884,CD,2,D1_pwm200_grab4
13643,1448,-1912,8584,CD,2,D1_pwm200_grab4
13648,1640,-952,9076,CD,2,D1_pwm200_grab4
13660,1252,-3500,9756,CD,2,D1_pwm200_grab4
13665,-928,1676,9836,CD,2,D1_pwm200_grab4
13669,-1444,80,11216,CD,2,D1_pwm200_grab4
13674,-3488,-5400,11964,CD,2,D1_pwm200_grab4
13679,-736,-380,8144,CD,2,D1_pwm200_grab4
13684,-544,-1260,7760,CD,2,D1_pwm200_grab4
13689,-8996,-4116,9812,CD,2,D1_pwm200_grab4
13694,-616,-268,7884,CD,2,D1_pwm200_grab4
13700,-948,1528,10116,CD,2,D1_pwm200_grab4
13715,-2316,364,11100,CD,2,D1_pwm200_grab4
13719,-300,-948,8156,CD,2,D1_pwm200_grab4
13730,-524,-392,8084,CD,2,D1_pwm200_grab4
13735,-644,396,15884,CD,2,D1_pwm200_grab4
13749,-2192,464,11296,CD,2,D1_pwm200_grab4
13755,-208,-280,7760,CD,2,D1_pwm200_grab4
13760,-9464,-660,12040,CD,2,D1_pwm200_grab4
13764,816,536,11004,CD,2,D1_pwm200_grab4
13769,-648,644,16328,CD,2,D1_pwm200_grab4
13775,1004,-1176,7052,CD,2,D1_pwm200_grab4
13780,-6496,-1584,12360,CD,2,D1_pwm200_grab4
13785,-2036,292,11376,CD,2,D1_pwm200_grab4
13790,32,-444,8180,CD,2,D1_pwm200_grab4
13795,-4340,-1068,12900,CD,2,D1_pwm200_grab4
13799,724,356,11208,CD,2,D1_pwm200_grab4
13804,3768,3044,14984,CD,2,D1_pwm200_grab4
13809,648,-1144,6924,CD,2,D1_pwm200_grab4
13814,-3020,576,10276,CD,2,D1_pwm200_grab4
13819,4664,1260,12144,CD,2,D1_pwm200_grab4
13824,300,-612,8960,CD,2,D1_pwm200_grab4
13829,-4876,-1528,12392,CD,2,D1_pwm200_grab4
13834,664,192,11488,CD,2,D1_pwm200_grab4
13840,3608,3204,14820,CD,2,D1_pwm200_grab4
13844,632,-1260,7340,CD,2,D1_pwm200_grab4
13850,-3784,0,10352,CD,2,D1_pwm200_grab4
13854,4848,1164,12048,CD,2,D1_pwm200_grab4
13859,2628,-1040,10016,CD,2,D1_pwm200_grab4
13864,4268,1440,8896,CD,2,D1_pwm200_grab4
13869,784,1492,10040,CD,2,D1_pwm200_grab4
13874,3128,3096,14624,CD,2,D1_pwm200_grab4
13880,2392,828,5844,CD,2,D1_pwm200_grab4
13884,-4296,-576,10264,CD,2,D1_pwm200_grab4
13890,5360,-532,9364,CD,2,D1_pwm200_grab4
13894,2968,-1232,9944,CD,2,D1_pwm200_grab4
13900,3188,2428,6128,CD,2,D1_pwm200_grab4
13904,964,520,10268,CD,2,D1_pwm200_grab4
13911,972,-304,7880,CD,2,D1_pwm200_grab4
13920,1660,2020,11128,CD,2,D1_pwm200_grab4
13926,716,-1748,10104,CD,2,D1_pwm200_grab4
13930,3732,2120,11852,CD,2,D1_pwm200_grab4
13936,6308,3336,9644,CD,2,D1_pwm200_grab4
13941,44,-1868,7268,CD,2,D1_pwm200_grab4
13945,1884,-476,8308,CD,2,D1_pwm200_grab4
13952,6400,-32,9188,CD,2,D1_pwm200_grab4
13955,920,1968,10892,CD,2,D1_pwm200_grab4
13960,-480,-3240,8952,CD,2,D1_pwm200_grab4
13965,5420,1848,14916,CD,2,D1_pwm200_grab4
13970,4628,3728,8412,CD,2,D1_pwm200_grab4
13975,56,-1752,7320,CD,2,D1_pwm200_grab4
13981,92,-2200,5984,CD,2,D1_pwm200_grab4
13985,6880,-220,9664,CD,2,D1_pwm200_grab4
13991,220,-1448,12236,CD,2,D1_pwm200_grab4
13996,-488,-3108,9364,CD,2,D1_pwm200_grab4
14001,1600,2268,11840,CD,2,D1_pwm200_grab4
14005,4588,3920,9328,CD,2,D1_pwm200_grab4
14011,-1460,-1980,9932,CD,2,D1_pwm200_grab4
14016,-24,-2076,7220,CD,2,D1_pwm200_grab4
14021,5660,164,11820,CD,2,D1_pwm200_grab4
14025,476,-1348,12784,CD,2,D1_pwm200_grab4
14030,-2984,-1384,7684,CD,2,D1_pwm200_grab4
14036,568,140,12028,CD,2,D1_pwm200_grab4
14040,4616,3620,10384,CD,2,D1_pwm200_grab4
14045,-1076,-1636,10196,CD,2,D1_pwm200_grab4
14051,-740,-2064,6540,CD,2,D1_pwm200_grab4
14055,6524,536,12344,CD,2,D1_pwm200_grab4
14060,2984,-556,11120,CD,2,D1_pwm200_grab4
14065,-2472,-1552,7768,CD,2,D1_pwm200_grab4
14070,-144,856,11240,CD,2,D1_pwm200_grab4
14076,2056,-664,12384,CD,2,D1_pwm200_grab4
14080,408,-1328,8824,CD,2,D1_pwm200_grab4
14086,-452,-1880,8324,CD,2,D1_pwm200_grab4
14095,3180,-508,11624,CD,2,D1_pwm200_grab4
14100,-348,-1400,9464,CD,2,D1_pwm200_grab4
14105,1620,60,12416,CD,2,D1_pwm200_grab4
14110,2560,-796,11380,CD,2,D1_pwm200_grab4
14116,-1592,308,10320,CD,2,D1_pwm200_grab4
14120,720,1540,12024,CD,2,D1_pwm200_grab4
14131,4072,-484,9460,CD,2,D1_pwm200_grab4
14135,-468,-1476,9216,CD,2,D1_pwm200_grab4
14140,900,232,8244,CD,2,D1_pwm200_grab4
14146,3076,-892,10904,CD,2,D1_pwm200_grab4
14151,-688,1100,9728,CD,2,D1_pwm200_grab4
14155,-656,516,11216,CD,2,D1_pwm200_grab4
14166,220,-1168,6680,CD,2,D1_pwm200_grab4
14171,3668,444,10916,CD,2,D1_pwm200_grab4
14182,280,-1272,8108,CD,2,D1_pwm200_grab4
14186,-1048,2252,9328,CD,2,D1_pwm200_grab4
14202,-580,312,9096,CD,2,D1_pwm200_grab4
14208,-820,-596,5852,CD,2,D1_pwm200_grab4
14217,148,-1728,8372,CD,2,D1_pwm200_grab4
14222,-1296,1220,11776,CD,2,D1_pwm200_grab4
14236,-1232,-64,8984,CD,2,D1_pwm200_grab4
14241,-876,-340,6104,CD,2,D1_pwm200_grab4
14246,-6964,-280,11008,CD,2,D1_pwm200_grab4
14251,-400,-1280,9496,CD,2,D1_pwm200_grab4
14257,-1308,760,11344,CD,2,D1_pwm200_grab4
14272,708,476,11288,CD,2,D1_pwm200_grab4
14277,-624,-12,6788,CD,2,D1_pwm200_grab4
14282,-4196,-176,12656,CD,2,D1_pwm200_grab4
14286,-900,1156,9628,CD,2,D1_pwm200_grab4
14291,1860,1532,15580,CD,2,D1_pwm200_grab4
14297,-11436,-4132,6960,CD,2,D1_pwm200_grab4
14302,-5220,-4836,10184,CD,2,D1_pwm200_grab4
14307,648,280,11332,CD,2,D1_pwm200_grab4
14312,-424,508,7104,CD,2,D1_pwm200_grab4
14317,-5616,72,12588,CD,2,D1_pwm200_grab4
14322,-416,1344,10772,CD,2,D1_pwm200_grab4
14326,1800,2572,16688,CD,2,D1_pwm200_grab4
14331,2004,-68,7604,CD,2,D1_pwm200_grab4
14336,-4508,-4680,10756,CD,2,D1_pwm200_grab4
14341,1848,1032,11212,CD,2,D1_pwm200_grab4
14347,24,-216,7836,CD,2,D1_pwm200_grab4
14351,-3220,-1312,12112,CD,2,D1_pwm200_grab4
14356,68,1104,11348,CD,2,D1_pwm200_grab4
14362,3216,3340,12192,CD,2,D1_pwm200_grab4
14367,924,-144,6140,CD,2,D1_pwm200_grab4
14372,-3768,308,9148,CD,2,D1_pwm200_grab4
14376,5888,944,11348,CD,2,D1_pwm200_grab4
14382,992,-564,10116,CD,2,D1_pwm200_grab4
14386,-5492,-1332,11672,CD,2,D1_pwm200_grab4
14391,1112,620,11500,CD,2,D1_pwm200_grab4
14397,2176,3240,12880,CD,2,D1_pwm200_grab4
14401,508,-256,7000,CD,2,D1_pwm200_grab4
14407,-5256,-908,9944,CD,2,D1_pwm200_grab4
14411,4148,236,9360,CD,2,D1_pwm200_grab4
14417,2076,-248,8164,CD,2,D1_pwm200_grab4
14422,4140,2132,6848,CD,2,D1_pwm200_grab4
14428,-148,276,9812,CD,2,D1_pwm200_grab4
14433,80,-744,6464,CD,2,D1_pwm200_grab4
14443,-236,1196,10688,CD,2,D1_pwm200_grab4
14447,-344,-2272,9340,CD,2,D1_pwm200_grab4
14457,5252,3160,9432,CD,2,D1_pwm200_grab4
14464,-304,-1904,7676,CD,2,D1_pwm200_grab4
14468,212,-64,6136,CD,2,D1_pwm200_grab4
14477,-1824,860,9284,CD,2,D1_pwm200_grab4
14482,364,-2340,8668,CD,2,D1_pwm200_grab4
14493,4060,3780,11152,CD,2,D1_pwm200_grab4
14498,-144,-2028,7752,CD,2,D1_pwm200_grab4
14503,-348,-2448,9876,CD,2,D1_pwm200_grab4
14507,7920,1052,9684,CD,2,D1_pwm200_grab4
14512,-2628,396,8944,CD,2,D1_pwm200_grab4
14518,-272,-2616,9924,CD,2,D1_pwm200_grab4
14522,-1196,-756,10176,CD,2,D1_pwm200_grab4
14527,3116,3912,10452,CD,2,D1_pwm200_grab4
14533,-268,-1864,8396,CD,2,D1_pwm200_grab4
14537,-1148,-2668,10252,CD,2,D1_pwm200_grab4
14543,6556,656,8144,CD,2,D1_pwm200_grab4
14548,1332,-404,13600,CD,2,D1_pwm200_grab4
14553,1148,-2188,9976,CD,2,D1_pwm200_grab4
14563,776,3876,8736,CD,2,D1_pwm200_grab4
14568,100,-848,9796,CD,2,D1_pwm200_grab4
14572,-1932,-2728,10176,CD,2,D1_pwm200_grab4
14577,8188,2852,11260,CD,2,D1_pwm200_grab4
14583,748,168,13552,CD,2,D1_pwm200_grab4
14587,-1888,-2496,8144,CD,2,D1_pwm200_grab4
14592,-3432,924,9860,CD,2,D1_pwm200_grab4
14598,1876,3420,9776,CD,2,D1_pwm200_grab4
14602,88,-328,10360,CD,2,D1_pwm200_grab4
14608,-248,-980,10940,CD,2,D1_pwm200_grab4
14617,2820,320,12316,CD,2,D1_pwm200_grab4
14622,-468,-2260,9924,CD,2,D1_pwm200_grab4
14627,3384,1156,10860,CD,2,D1_pwm200_grab4
14632,7140,2776,11504,CD,2,D1_pwm200_grab4
14638,1244,-1040,7788,CD,2,D1_pwm200_grab4
14642,56,-392,10472,CD,2,D1_pwm200_grab4
14653,1984,1180,12432,CD,2,D1_pwm200_grab4
14657,-680,-1748,8580,CD,2,D1_pwm200_grab4
14662,2792,2148,9460,CD,2,D1_pwm200_grab4
14668,5812,1724,7792,CD,2,D1_pwm200_grab4
14672,-244,-752,8504,CD,2,D1_pwm200_grab4
14678,2088,448,6452,CD,2,D1_pwm200_grab4
14683,7716,1756,9236,CD,2,D1_pwm200_grab4
14688,1616,-1936,9404,CD,2,D1_pwm200_grab4
14693,552,-1560,7580,CD,2,D1_pwm200_grab4
14698,-2900,-1616,8128,CD,2,D1_pwm200_grab4
14703,2072,-1812,10856,CD,2,D1_pwm200_grab4
14708,-2000,348,9720,CD,2,D1_pwm200_grab4
14713,-184,1180,10880,CD,2,D1_pwm200_grab4
14718,-1644,-4312,7768,CD,2,D1_pwm200_grab4
14724,1160,-1304,10720,CD,2,D1_pwm200_grab4
14728,-2320,-1760,7692,CD,2,D1_pwm200_grab4
14734,236,-1816,10712,CD,2,D1_pwm200_grab4
14739,-1604,-1440,9200,CD,2,D1_pwm200_grab4
14743,-2576,-308,9792,CD,2,D1_pwm200_grab4
14748,-2552,112,9860,CD,2,D1_pwm200_grab4
14753,1300,-4036,8800,CD,2,D1_pwm200_grab4
14758,-2644,-1316,6392,CD,2,D1_pwm200_grab4
14764,-3388,-2392,6700,CD,2,D1_pwm200_grab4
14768,336,-696,12212,CD,2,D1_pwm200_grab4
14773,-1312,-1520,8260,CD,2,D1_pwm200_grab4
14779,-2260,-552,11084,CD,2,D1_pwm200_grab4
14783,-2592,-1748,10240,CD,2,D1_pwm200_grab4
14793,-2088,-1604,6076,CD,2,D1_pwm200_grab4
14799,2304,196,13708,CD,2,D1_pwm200_grab4
14808,1376,-396,11480,CD,2,D1_pwm200_grab4
14813,-2036,-1172,10220,CD,2,D1_pwm200_grab4
14818,-1860,-1052,13336,CD,2,D1_pwm200_grab4
14823,2944,-3168,9932,CD,2,D1_pwm200_grab4
14828,764,-752,8192,CD,2,D1_pwm200_grab4
14833,1828,252,13340,CD,2,D1_pwm200_grab4
14843,1140,-1980,11680,CD,2,D1_pwm200_grab4
14849,-1924,-12,10000,CD,2,D1_pwm200_grab4
14853,-156,-1440,13792,CD,2,D1_pwm200_grab4
14859,3356,-1640,8332,CD,2,D1_pwm200_grab4
14864,1592,-988,8824,CD,2,D1_pwm200_grab4
14869,2764,-816,13848,CD,2,D1_pwm200_grab4
14879,2140,-1584,11636,CD,2,D1_pwm200_grab4
14883,1460,2076,13560,CD,2,D1_pwm200_grab4
14888,-7108,-420,8328,CD,2,D1_pwm200_grab4
14893,4988,1084,8224,CD,2,D1_pwm200_grab4
14898,952,-480,7696,CD,2,D1_pwm200_grab4
14903,1640,-844,11704,CD,2,D1_pwm200_grab4
14913,1904,-2452,12100,CD,2,D1_pwm200_grab4
14918,-184,1720,9216,CD,2,D1_pwm200_grab4
14923,636,-396,13228,CD,2,D1_pwm200_grab4
14928,-4140,-3920,11840,CD,2,D1_pwm200_grab4
14934,1764,-36,8848,CD,2,D1_pwm200_grab4
14939,1468,-536,8980,CD,2,D1_pwm200_grab4
14945,-8360,-3408,11524,CD,2,D1_pwm200_grab4
14949,-592,-68,8088,CD,2,D1_pwm200_grab4
14954,1384,3456,12184,CD,2,D1_pwm200_grab4
14959,-520,-764,11072,CD,2,D1_pwm200_grab4
14965,-3488,-1908,10456,CD,2,D1_pwm200_grab4
14969,1888,-832,9868,CD,2,D1_pwm200_grab4
14974,916,-492,5100,CD,2,D1_pwm200_grab4
14985,648,-328,7984,CD,2,D1_pwm200_grab4
14989,-1504,940,12056,CD,2,D1_pwm200_grab4
14994,-2148,-2176,13012,CD,2,D1_pwm200_grab4
14999,-6748,-4188,12344,CD,2,D1_pwm200_grab4
15004,612,-1288,9608,CD,2,D1_pwm200_grab4
15015,-3656,292,9688,CD,2,D1_pwm200_grab4
15020,1100,-728,7284,CD,2,D1_pwm200_grab4
15024,-1860,532,11712,CD,2,D1_pwm200_grab4
15030,-1436,-3100,14148,CD,2,D1_pwm200_grab4
15039,1448,1156,12480,CD,2,D1_pwm200_grab4
15049,-2296,1304,10568,CD,2,D1_pwm200_grab4
15055,-464,576,11792,CD,2,D1_pwm200_grab4
15059,584,832,11168,CD,2,D1_pwm200_grab4
15075,400,1788,12368,CD,2,D1_pwm200_grab4
15084,-4888,460,11140,CD,2,D1_pwm200_grab4
15090,-808,32,11556,CD,2,D1_pwm200_grab4
15094,1100,1284,12860,CD,2,D1_pwm200_grab4
15100,-2640,-1288,5888,CD,2,D1_pwm200_grab4
15105,-6648,-3484,11376,CD,2,D1_pwm200_grab4
15110,-44,1656,12108,CD,2,D1_pwm200_grab4
15115,384,616,6552,CD,2,D1_pwm200_grab4
15119,-7264,-264,11028,CD,2,D1_pwm200_grab4
15124,1396,544,12092,CD,2,D1_pwm200_grab4
15129,536,1824,13528,CD,2,D1_pwm200_grab4
15134,540,496,8292,CD,2,D1_pwm200_grab4
15139,-4132,-932,11080,CD,2,D1_pwm200_grab4
15144,4644,32,11268,CD,2,D1_pwm200_grab4
15149,1836,-32,8360,CD,2,D1_pwm200_grab4
15154,-5100,-1684,10964,CD,2,D1_pwm200_grab4
15159,1444,156,11604,CD,2,D1_pwm200_grab4
15165,1884,2816,12980,CD,2,D1_pwm200_grab4
15170,364,-428,9448,CD,2,D1_pwm200_grab4
15174,-3032,1404,9504,CD,2,D1_pwm200_grab4
15179,4144,728,12068,CD,2,D1_pwm200_grab4
15185,3216,400,8760,CD,2,D1_pwm200_grab4
15191,4220,256,9884,CD,2,D1_pwm200_grab4
15195,352,-224,10564,CD,2,D1_pwm200_grab4
15200,1532,1664,8684,CD,2,D1_pwm200_grab4
15211,-1572,1176,9508,CD,2,D1_pwm200_grab4
15215,900,-2740,8660,CD,2,D1_pwm200_grab4
15221,1772,-660,12244,CD,2,D1_pwm200_grab4
15226,2432,1868,9300,CD,2,D1_pwm200_grab4
15230,736,-864,7276,CD,2,D1_pwm200_grab4
15235,396,544,7540,CD,2,D1_pwm200_grab4
15241,5684,2388,9724,CD,2,D1_pwm200_grab4
15245,-2224,296,11028,CD,2,D1_pwm200_grab4
15250,2572,-1844,9032,CD,2,D1_pwm200_grab4
15256,-124,-396,9840,CD,2,D1_pwm200_grab4
15261,496,2072,6196,CD,2,D1_pwm200_grab4
15265,60,-840,8512,CD,2,D1_pwm200_grab4
15270,-76,-476,9044,CD,2,D1_pwm200_grab4
15275,3200,-312,9228,CD,2,D1_pwm200_grab4
15281,-3056,-152,10428,CD,2,D1_pwm200_grab4
15285,-468,-1092,9316,CD,2,D1_pwm200_grab4
15291,-4100,1660,9104,CD,2,D1_pwm200_grab4
15295,-2520,2540,6892,CD,2,D1_pwm200_grab4
15300,-192,88,8736,CD,2,D1_pwm200_grab4
15305,-2112,-1612,9588,CD,2,D1_pwm200_grab4
15315,-1428,-124,13588,CD,2,D1_pwm200_grab4
15320,716,-320,9516,CD,2,D1_pwm200_grab4
15325,-3068,2348,11152,CD,2,D1_pwm200_grab4
15330,432,2536,6780,CD,2,D1_pwm200_grab4
15336,28,-116,8716,CD,2,D1_pwm200_grab4
15341,-2172,-1728,9628,CD,2,D1_pwm200_grab4
15355,832,-1372,11748,CD,2,D1_pwm200_grab4
15361,540,424,11008,CD,2,D1_pwm200_grab4
15365,4528,3364,8960,CD,2,D1_pwm200_grab4
15370,-48,-296,10604,CD,2,D1_pwm200_grab4
15376,464,-300,10968,CD,2,D1_pwm200_grab4
15380,9020,1696,10296,CD,2,D1_pwm200_grab4
15386,28,1896,12680,CD,2,D1_pwm200_grab4
15391,364,-1532,11172,CD,2,D1_pwm200_grab4
15401,4140,3080,13104,CD,2,D1_pwm200_grab4
15405,496,232,10720,CD,2,D1_pwm200_grab4
15410,1680,1324,10608,CD,2,D1_pwm200_grab4
15415,10248,3716,8676,CD,2,D1_pwm200_grab4
15420,-816,2288,11116,CD,2,D1_pwm200_grab4
15426,1940,-2524,9448,CD,2,D1_pwm200_grab4
15436,5724,2420,11996,CD,2,D1_pwm200_grab4
15441,1360,-1196,7772,CD,2,D1_pwm200_grab4
15446,2332,-608,9780,CD,2,D1_pwm200_grab4
15451,9036,3188,8900,CD,2,D1_pwm200_grab4
15457,4064,384,10668,CD,2,D1_pwm200_grab4
15462,-1704,-2164,7512,CD,2,D1_pwm200_grab4
15466,3988,-16,11616,CD,2,D1_pwm200_grab4
15471,5248,996,6888,CD,2,D1_pwm200_grab4
15476,-1660,-1084,7852,CD,2,D1_pwm200_grab4
15482,2444,1528,8028,CD,2,D1_pwm200_grab4
15488,4916,-840,6408,CD,2,D1_pwm200_grab4
15492,3092,616,9944,CD,2,D1_pwm200_grab4
15497,-3824,-3300,5356,CD,2,D1_pwm200_grab4
15501,2872,944,6872,CD,2,D1_pwm200_grab4
15506,3144,1812,5360,CD,2,D1_pwm200_grab4
15511,-844,-1192,7444,CD,2,D1_pwm200_grab4
15516,1444,-740,6412,CD,2,D1_pwm200_grab4
15521,5056,-1040,5916,CD,2,D1_pwm200_grab4
15527,256,-1320,10676,CD,2,D1_pwm200_grab4
15532,-1304,-2780,8268,CD,2,D1_pwm200_grab4
15536,844,1452,9072,CD,2,D1_pwm200_grab4
15542,4624,3312,8688,CD,2,D1_pwm200_grab4
15546,-1524,-1964,9992,CD,2,D1_pwm200_grab4
15551,604,-3044,6984,CD,2,D1_pwm200_grab4
15556,4424,-932,8620,CD,2,D1_pwm200_grab4
15562,912,-544,12640,CD,2,D1_pwm200_grab4
15567,-3580,-1264,8196,CD,2,D1_pwm200_grab4
15572,1352,-1416,12480,CD,2,D1_pwm200_grab4
15577,4172,3480,11416,CD,2,D1_pwm200_grab4
15581,-928,-1432,9316,CD,2,D1_pwm200_grab4
15587,808,-1884,7548,CD,2,D1_pwm200_grab4
15591,7300,-304,10892,CD,2,D1_pwm200_grab4
15597,3024,-76,12300,CD,2,D1_pwm200_grab4
15601,-3996,-2020,5948,CD,2,D1_pwm200_grab4
15607,2712,-1160,13948,CD,2,D1_pwm200_grab4
15612,1756,44,10364,CD,2,D1_pwm200_grab4
15616,-308,-1456,10424,CD,2,D1_pwm200_grab4
15622,-80,-1820,10428,CD,2,D1_pwm200_grab4
15627,7924,1348,10396,CD,2,D1_pwm200_grab4
15632,3308,-88,12204,CD,2,D1_pwm200_grab4
15637,-1256,-1796,7368,CD,2,D1_pwm200_grab4
15642,3508,728,14620,CD,2,D1_pwm200_grab4
15646,4368,-32,10472,CD,2,D1_pwm200_grab4
15652,-1788,-688,9496,CD,2,D1_pwm200_grab4
15656,1824,-32,7200,CD,2,D1_pwm200_grab4
15666,1808,384,12300,CD,2,D1_pwm200_grab4
15671,-1260,-2300,8264,CD,2,D1_pwm200_grab4
15677,2688,1892,9476,CD,2,D1_pwm200_grab4
15682,6628,1308,9440,CD,2,D1_pwm200_grab4
15686,-684,-596,9224,CD,2,D1_pwm200_grab4
15692,2028,-220,6488,CD,2,D1_pwm200_grab4
15696,6676,1436,9520,CD,2,D1_pwm200_grab4
15702,2204,-548,9292,CD,2,D1_pwm200_grab4
15708,-1016,-1692,8740,CD,2,D1_pwm200_grab4
15712,-2780,-1552,8604,CD,2,D1_pwm200_grab4
15717,2428,-628,12184,CD,2,D1_pwm200_grab4
15722,-2512,1052,8848,CD,2,D1_pwm200_grab4
15727,-684,40,11528,CD,2,D1_pwm200_grab4
15732,-1508,-3224,7724,CD,2,D1_pwm200_grab4
15737,2196,-688,8752,CD,2,D1_pwm200_grab4
15742,1800,-1044,12124,CD,2,D1_pwm200_grab4
15747,2296,-2064,12156,CD,2,D1_pwm200_grab4
15752,1308,-1516,9396,CD,2,D1_pwm200_grab4
15757,-3144,20,7720,CD,2,D1_pwm200_grab4
15763,-992,-1072,9860,CD,2,D1_pwm200_grab4
15767,2448,-848,8864,CD,2,D1_pwm200_grab4
15772,-1196,-1416,7240,CD,2,D1_pwm200_grab4
15778,732,-2080,11684,CD,2,D1_pwm200_grab4
15787,2040,-700,7356,CD,2,D1_pwm200_grab4
15793,-2612,-960,9664,CD,2,D1_pwm200_grab4
15797,2140,1664,8164,CD,2,D1_pwm200_grab4
15802,3220,-2512,10604,CD,2,D1_pwm200_grab4
15808,-176,-732,7024,CD,2,D1_pwm200_grab4
15812,112,-1700,11640,CD,2,D1_pwm200_grab4
15818,-5696,-1572,8788,CD,2,D1_pwm200_grab4
15822,-48,-2292,9764,CD,2,D1_pwm200_grab4
15828,-1924,48,10372,CD,2,D1_pwm200_grab4
15832,1048,504,6904,CD,2,D1_pwm200_grab4
15838,4620,-1896,10004,CD,2,D1_pwm200_grab4
15842,120,-1576,8960,CD,2,D1_pwm200_grab4
15847,-2532,-1760,8040,CD,2,D1_pwm200_grab4
15852,-3624,280,11732,CD,2,D1_pwm200_grab4
15857,508,-980,9592,CD,2,D1_pwm200_grab4
15862,-636,-188,14776,CD,2,D1_pwm200_grab4
15867,-1776,-668,11740,CD,2,D1_pwm200_grab4
15872,6224,-332,10852,CD,2,D1_pwm200_grab4
15877,1180,-1264,11116,CD,2,D1_pwm200_grab4
15882,-1296,-900,9588,CD,2,D1_pwm200_grab4
15888,2032,-624,14076,CD,2,D1_pwm200_grab4
15892,1356,-104,12048,CD,2,D1_pwm200_grab4
15897,-1072,-488,13248,CD,2,D1_pwm200_grab4
15902,-996,168,12256,CD,2,D1_pwm200_grab4
15908,1128,-2464,8536,CD,2,D1_pwm200_grab4
15912,1776,-336,9728,CD,2,D1_pwm200_grab4
15917,-1908,-1920,8232,CD,2,D1_pwm200_grab4
15923,4152,-1320,14120,CD,2,D1_pwm200_grab4
15928,2292,512,10044,CD,2,D1_pwm200_grab4
15932,-1956,-368,9528,CD,2,D1_pwm200_grab4
15942,3232,-728,8192,CD,2,D1_pwm200_grab4
15948,3700,-1016,9180,CD,2,D1_pwm200_grab4
15952,1656,-2300,11816,CD,2,D1_pwm200_grab4
15958,-4656,-1452,9764,CD,2,D1_pwm200_grab4
15964,2132,-1760,10424,CD,2,D1_pwm200_grab4
15969,-204,1532,11716,CD,2,D1_pwm200_grab4
15973,3336,648,14592,CD,2,D1_pwm200_grab4
15978,-44,-2668,5924,CD,2,D1_pwm200_grab4
15984,176,-860,7796,CD,2,D1_pwm200_grab4
15988,4468,440,12040,CD,2,D1_pwm200_grab4
16000,1148,-356,9612,CD,2,D1_pwm200_grab4
16003,-1456,388,8844,CD,2,D1_pwm200_grab4
16008,-568,332,12500,CD,2,D1_pwm200_grab4
16013,-616,-3884,5428,CD,2,D1_pwm200_grab4
16019,-712,-1168,7684,CD,2,D1_pwm200_grab4
16023,2572,-1432,12432,CD,2,D1_pwm200_grab4
16033,-380,-1792,8720,CD,2,D1_pwm200_grab4
16038,156,2236,8668,CD,2,D1_pwm200_grab4
16043,700,-124,12528,CD,2,D1_pwm200_grab4
16048,4128,-1940,6608,CD,2,D1_pwm200_grab4
16054,-972,-2024,8952,CD,2,D1_pwm200_grab4
16058,1492,-2532,11164,CD,2,D1_pwm200_grab4
16068,-1436,-2520,9720,CD,2,D1_pwm200_grab4
16073,392,16,12300,CD,2,D1_pwm200_grab4
16078,332,-572,12024,CD,2,D1_pwm200_grab4
16083,-1536,-3940,9860,CD,2,D1_pwm200_grab4
16089,284,-1868,9932,CD,2,D1_pwm200_grab4
16093,-1032,-1688,11416,CD,2,D1_pwm200_grab4
16098,-3080,-800,9836,CD,2,D1_pwm200_grab4
16103,604,-636,12032,CD,2,D1_pwm200_grab4
16108,-1632,-668,11536,CD,2,D1_pwm200_grab4
16114,340,216,14296,CD,2,D1_pwm200_grab4
16118,-1280,-4756,8808,CD,2,D1_pwm200_grab4
16124,560,-860,9552,CD,2,D1_pwm200_grab4
16128,-3772,-1748,6912,CD,2,D1_pwm200_grab4
16133,464,-1036,12584,CD,2,D1_pwm200_grab4
16138,1964,-320,11020,CD,2,D1_pwm200_grab4
16144,-2196,280,10508,CD,2,D1_pwm200_grab4
16149,1356,328,14648,CD,2,D1_pwm200_grab4
16153,1692,-1744,8100,CD,2,D1_pwm200_grab4
16159,908,-972,10096,CD,2,D1_pwm200_grab4
16163,2952,-968,14504,CD,2,D1_pwm200_grab4
16173,4612,28,9856,CD,2,D1_pwm200_grab4
16178,-1656,-828,9520,CD,2,D1_pwm200_grab4
16184,2964,2288,13264,CD,2,D1_pwm200_grab4
16189,5532,464,8892,CD,2,D1_pwm200_grab4
16193,1668,-376,9696,CD,2,D1_pwm200_grab4
16199,1564,-2008,11432,CD,2,D1_pwm200_grab4
16204,-6200,-1844,9104,CD,2,D1_pwm200_grab4
16209,2068,-1012,12156,CD,2,D1_pwm200_grab4
16215,-1580,1400,9572,CD,2,D1_pwm200_grab4
16219,1100,1344,13068,CD,2,D1_pwm200_grab4
16225,-2136,-3344,8036,CD,2,D1_pwm200_grab4
16230,2304,-972,7852,CD,2,D1_pwm200_grab4
16234,2332,616,10336,CD,2,D1_pwm200_grab4
16244,504,-984,7860,CD,2,D1_pwm200_grab4
16249,1936,2672,9004,CD,2,D1_pwm200_grab4
16260,1528,-1364,8624,CD,2,D1_pwm200_grab4
16264,2740,-880,8616,CD,2,D1_pwm200_grab4
16269,1424,-1920,11628,CD,2,D1_pwm200_grab4
16279,1356,-2480,8368,CD,2,D1_pwm200_grab4
16284,68,920,9000,CD,2,D1_pwm200_grab4
16289,780,256,13260,CD,2,D1_pwm200_grab4
16299,-104,-1484,7788,CD,2,D1_pwm200_grab4
16304,-1140,-2976,9044,CD,2,D1_pwm200_grab4
16310,-3500,-1544,8164,CD,2,D1_pwm200_grab4
16315,1220,-652,7588,CD,2,D1_pwm200_grab4
16320,-2192,-56,9868,CD,2,D1_pwm200_grab4
16324,-1600,508,12368,CD,2,D1_pwm200_grab4
16335,-580,-572,9544,CD,2,D1_pwm200_grab4
16339,760,-676,12560,CD,2,D1_pwm200_grab4
16344,2180,-2008,13564,CD,2,D1_pwm200_grab4
16349,972,-572,8268,CD,2,D1_pwm200_grab4
16354,-3564,-1496,8924,CD,2,D1_pwm200_grab4
16359,1056,-220,13312,CD,2,D1_pwm200_grab4
16364,2344,-2232,7636,CD,2,D1_pwm200_grab4
16369,112,-1076,9976,CD,2,D1_pwm200_grab4
16375,-784,-2140,11140,CD,2,D1_pwm200_grab4
16385,3460,1916,8020,CD,2,D1_pwm200_grab4
16389,-380,-724,12696,CD,2,D1_pwm200_grab4
16395,364,-1520,5956,CD,2,D1_pwm200_grab4
16399,3792,80,9732,CD,2,D1_pwm200_grab4
16405,1508,-1768,10420,CD,2,D1_pwm200_grab4
16410,-580,-1412,10788,CD,2,D1_pwm200_grab4
16414,348,-1116,12748,CD,2,D1_pwm200_grab4
16420,3184,-284,12460,CD,2,D1_pwm200_grab4
16424,-2872,-360,10208,CD,2,D1_pwm200_grab4
16429,1656,-1088,9696,CD,2,D1_pwm200_grab4
16440,4104,-1092,10692,CD,2,D1_pwm200_grab4
16444,-3544,-2380,6264,CD,2,D1_pwm200_grab4
16450,3664,-392,15460,CD,2,D1_pwm200_grab4
16454,5324,996,10468,CD,2,D1_pwm200_grab4
16459,-1596,-328,9840,CD,2,D1_pwm200_grab4
16465,1644,740,8332,CD,2,D1_pwm200_grab4
16470,5312,220,7264,CD,2,D1_pwm200_grab4
16476,2300,-1024,10432,CD,2,D1_pwm200_grab4
16480,2064,-2524,10620,CD,2,D1_pwm200_grab4
16485,-1480,-956,9876,CD,2,D1_pwm200_grab4
16491,2360,-1668,11032,CD,2,D1_pwm200_grab4
16496,-2052,-220,10712,CD,2,D1_pwm200_grab4
16501,148,1584,11460,CD,2,D1_pwm200_grab4
16506,-820,-2880,7676,CD,2,D1_pwm200_grab4
16512,1352,-1472,6864,CD,2,D1_pwm200_grab4
16516,-1520,-2612,5848,CD,2,D1_pwm200_grab4
16520,468,-2276,11556,CD,2,D1_pwm200_grab4
16526,3768,-968,9496,CD,2,D1_pwm200_grab4
16530,-3796,-816,8828,CD,2,D1_pwm200_grab4
16535,2792,2224,8976,CD,2,D1_pwm200_grab4
16541,2280,-1992,9696,CD,2,D1_pwm200_grab4
16545,1412,-1192,8080,CD,2,D1_pwm200_grab4
16550,64,-1740,10828,CD,2,D1_pwm200_grab4
16555,892,-132,6184,CD,2,D1_pwm200_grab4
16560,1640,556,7472,CD,2,D1_pwm200_grab4
16566,-1832,-1072,8912,CD,2,D1_pwm200_grab4
16570,-1416,-904,4044,CD,2,D1_pwm200_grab4
16576,5932,-168,11176,CD,2,D1_pwm200_grab4
16580,-1152,-2632,8256,CD,2,D1_pwm200_grab4
16585,-3340,-2772,6936,CD,2,D1_pwm200_grab4
16590,-1796,-1368,10716,CD,2,D1_pwm200_grab4
16595,1052,-612,6872,CD,2,D1_pwm200_grab4
16600,-832,-1188,9300,CD,2,D1_pwm200_grab4
16606,-244,-2740,8508,CD,2,D1_pwm200_grab4
16610,8016,104,12520,CD,2,D1_pwm200_grab4
16615,-36,-656,10628,CD,2,D1_pwm200_grab4
16621,-3436,-1752,5892,CD,2,D1_pwm200_grab4
16625,1712,260,12388,CD,2,D1_pwm200_grab4
16630,2576,1344,8312,CD,2,D1_pwm200_grab4
16635,-2384,-1648,11164,CD,2,D1_pwm200_grab4
16641,-140,-2152,8620,CD,2,D1_pwm200_grab4
16650,1460,316,12460,CD,2,D1_pwm200_grab4
16655,12,-1336,9412,CD,2,D1_pwm200_grab4
16660,3772,2688,10824,CD,2,D1_pwm200_grab4
16665,3396,3192,12536,CD,2,D1_pwm200_grab4
16670,-220,-132,10784,CD,2,D1_pwm200_grab4
16676,1000,-1956,9860,CD,2,D1_pwm200_grab4
16681,7740,1388,11840,CD,2,D1_pwm200_grab4
16685,-760,2956,13328,CD,2,D1_pwm200_grab4
16691,-344,-2080,10180,CD,2,D1_pwm200_grab4
16701,3148,2132,12112,CD,2,D1_pwm200_grab4
16705,644,-128,9408,CD,2,D1_pwm200_grab4
16711,1192,-1580,9548,CD,2,D1_pwm200_grab4
16721,4156,8,11128,CD,2,D1_pwm200_grab4
16727,1444,-1756,10260,CD,2,D1_pwm200_grab4
16731,3344,996,6700,CD,2,D1_pwm200_grab4
16737,7048,3040,14076,CD,2,D1_pwm200_grab4
16742,-976,-120,8864,CD,2,D1_pwm200_grab4
16747,1336,-1852,10636,CD,2,D1_pwm200_grab4
16751,8452,2012,9440,CD,2,D1_pwm200_grab4
16761,-1848,-2736,4840,CD,2,D1_pwm200_grab4
16768,2720,-124,12568,CD,2,D1_pwm200_grab4
16771,3556,2192,9300,CD,2,D1_pwm200_grab4
16777,332,-8,8036,CD,2,D1_pwm200_grab4
16781,940,-2416,9224,CD,2,D1_pwm200_grab4
16791,584,-1120,12480,CD,2,D1_pwm200_grab4
16796,1224,-2704,8264,CD,2,D1_pwm200_grab4
16801,384,640,4572,CD,2,D1_pwm200_grab4
16806,4672,2204,12220,CD,2,D1_pwm200_grab4
16812,-420,-1404,8508,CD,2,D1_pwm200_grab4
16816,428,-1320,8052,CD,2,D1_pwm200_grab4
16826,-1680,1176,13024,CD,2,D1_pwm200_grab4
16831,-4552,-3196,9092,CD,2,D1_pwm200_grab4
16836,6528,-1236,13900,CD,2,D1_pwm200_grab4
16842,-132,1804,10676,CD,2,D1_pwm200_grab4
16847,-884,-448,8728,CD,2,D1_pwm200_grab4
16851,-848,-2620,7788,CD,2,D1_pwm200_grab4
16856,3768,-516,9708,CD,2,D1_pwm200_grab4
16861,-3600,1116,11972,CD,2,D1_pwm200_grab4
16867,-404,-1944,9476,CD,2,D1_pwm200_grab4
16871,-1004,-600,9724,CD,2,D1_pwm200_grab4
16877,316,2176,6996,CD,2,D1_pwm200_grab4
16881,-548,40,10064,CD,2,D1_pwm200_grab4
16887,-1804,-2392,8844,CD,2,D1_pwm200_grab4
16896,-4100,-960,12496,CD,2,D1_pwm200_grab4
16902,1252,1776,11140,CD,2,D1_pwm200_grab4
16906,904,1280,11040,CD,2,D1_pwm200_grab4
16911,-652,572,9236,CD,2,D1_pwm200_grab4
16916,-264,232,9476,CD,2,D1_pwm200_grab4
16922,-120,40,10992,CD,2,D1_pwm200_grab4
16927,5492,-484,12548,CD,2,D1_pwm200_grab4
16931,-3960,1592,12744,CD,2,D1_pwm200_grab4
16936,3752,-272,11660,CD,2,D1_pwm200_grab4
16941,-1476,1268,7588,CD,2,D1_pwm200_grab4
16947,-1412,352,12492,CD,2,D1_pwm200_grab4
16951,228,368,10612,CD,2,D1_pwm200_grab4
16956,2692,2452,15092,CD,2,D1_pwm200_grab4
16961,-736,-3932,7764,CD,2,D1_pwm200_grab4
16966,-4320,-144,11604,CD,2,D1_pwm200_grab4
16971,5256,2288,13244,CD,2,D1_pwm200_grab4
16976,2624,1460,11576,CD,2,D1_pwm200_grab4
16982,1228,412,9200,CD,2,D1_pwm200_grab4
16988,608,536,9164,CD,2,D1_pwm200_grab4
16992,2188,1988,10612,CD,2,D1_pwm200_grab4
16998,6360,972,12088,CD,2,D1_pwm200_grab4
17002,-1412,2592,10648,CD,2,D1_pwm200_grab4
17007,4320,-568,10852,CD,2,D1_pwm200_grab4
17013,1756,728,12708,CD,2,D1_pwm200_grab4
17018,5384,1868,6304,CD,2,D1_pwm200_grab4
17022,456,496,10512,CD,2,D1_pwm200_grab4
17028,2496,3028,11752,CD,2,D1_pwm200_grab4
17032,-148,-2392,7648,CD,2,D1_pwm200_grab4
17037,-2944,428,9268,CD,2,D1_pwm200_grab4
17042,4720,2180,11324,CD,2,D1_pwm200_grab4
17047,1800,672,8344,CD,2,D1_pwm200_grab4
17053,1140,-744,8000,CD,2,D1_pwm200_grab4
17057,164,144,8592,CD,2,D1_pwm200_grab4
17063,2136,2488,8872,CD,2,D1_pwm200_grab4
17068,-2288,-3420,11108,CD,2,D1_pwm200_grab4
17072,-3392,-3152,7588,CD,2,D1_pwm200_grab4
17077,2324,148,10148,CD,2,D1_pwm200_grab4
17082,-24,1124,5632,CD,2,D1_pwm200_grab4
17087,-4464,40,9564,CD,2,D1_pwm200_grab4
17092,784,-688,9008,CD,2,D1_pwm200_grab4
17097,376,1288,12980,CD,2,D1_pwm200_grab4
17103,-2448,-3500,4176,CD,2,D1_pwm200_grab4
17108,-5268,-2068,12636,CD,2,D1_pwm200_grab4
17113,-744,-636,8684,CD,2,D1_pwm200_grab4
17118,-1300,544,8576,CD,2,D1_pwm200_grab4
17127,-928,-704,11196,CD,2,D1_pwm200_grab4
17133,-2000,1984,10772,CD,2,D1_pwm200_grab4
17138,-5552,-5688,9956,CD,2,D1_pwm200_grab4
17142,-5212,-4908,11116,CD,2,D1_pwm200_grab4
17148,1744,1652,11644,CD,2,D1_pwm200_grab4
17153,676,-108,12704,CD,2,D1_pwm200_grab4
17163,-540,-1172,11008,CD,2,D1_pwm200_grab4
17168,1892,-24,12992,CD,2,D1_pwm200_grab4
17172,-6416,-1904,10996,CD,2,D1_pwm200_grab4
17177,-1868,-4904,9184,CD,2,D1_pwm200_grab4
17183,-532,552,10224,CD,2,D1_pwm200_grab4
17187,1832,1736,11352,CD,2,D1_pwm200_grab4
17193,-9268,-1564,13720,CD,2,D1_pwm200_grab4
17198,2332,-1592,12348,CD,2,D1_pwm200_grab4
17203,-2092,308,10600,CD,2,D1_pwm200_grab4
17207,2776,2236,15680,CD,2,D1_pwm200_grab4
17213,-860,-3368,9132,CD,2,D1_pwm200_grab4
17217,976,308,8888,CD,2,D1_pwm200_grab4
17222,3620,408,14412,CD,2,D1_pwm200_grab4
17233,-52,-1100,11568,CD,2,D1_pwm200_grab4
17238,3204,1840,11556,CD,2,D1_pwm200_grab4
17244,24,368,14452,CD,2,D1_pwm200_grab4
17248,-2776,-4372,8580,CD,2,D1_pwm200_grab4
17254,2204,608,10040,CD,2,D1_pwm200_grab4
17259,3272,1756,10372,CD,2,D1_pwm200_grab4
17268,1132,-420,9616,CD,2,D1_pwm200_grab4
17274,552,2492,11084,CD,2,D1_pwm200_grab4
17280,-5440,-3408,8660,CD,2,D1_pwm200_grab4
17283,-564,-2504,9236,CD,2,D1_pwm200_grab4
17288,780,-1508,6392,CD,2,D1_pwm200_grab4
17293,2704,-368,11616,CD,2,D1_pwm200_grab4
17304,528,-1876,9124,CD,2,D1_pwm200_grab4
17308,1928,1480,8444,CD,2,D1_pwm200_grab4
17314,1732,1860,13924,CD,2,D1_pwm200_grab4
17319,-1184,-5760,5740,CD,2,D1_pwm200_grab4
17324,1392,-2048,7864,CD,2,D1_pwm200_grab4
17328,-624,-2692,9520,CD,2,D1_pwm200_grab4
17333,-968,-1824,7932,CD,2,D1_pwm200_grab4
17338,1092,-1384,7520,CD,2,D1_pwm200_grab4
17344,-2440,-656,8344,CD,2,D1_pwm200_grab4
17348,-964,2176,13940,CD,2,D1_pwm200_grab4
17353,1516,-3188,7728,CD,2,D1_pwm200_grab4
17358,-1020,-3228,7764,CD,2,D1_pwm200_grab4
17364,1480,-1528,10644,CD,2,D1_pwm200_grab4
17369,1900,328,15128,CD,2,D1_pwm200_grab4
17374,3208,924,6228,CD,2,D1_pwm200_grab4
17378,-2740,-1564,11108,CD,2,D1_pwm200_grab4
17384,-192,-676,7164,CD,2,D1_pwm200_grab4
17389,2748,-460,10896,CD,2,D1_pwm200_grab4
17394,-232,-2440,10400,CD,2,D1_pwm200_grab4
17398,-2684,-2076,10124,CD,2,D1_pwm200_grab4
17403,496,-1044,13532,CD,2,D1_pwm200_grab4
17409,4304,3320,13376,CD,2,D1_pwm200_grab4
17414,-1980,-1772,11276,CD,2,D1_pwm200_grab4
17419,1184,-1800,10832,CD,2,D1_pwm200_grab4
17423,7044,2848,10712,CD,2,D1_pwm200_grab4
17428,2544,-988,10808,CD,2,D1_pwm200_grab4
17433,-3568,-3480,7024,CD,2,D1_pwm200_grab4
17438,3048,476,10988,CD,2,D1_pwm200_grab4
17444,3784,2932,11580,CD,2,D1_pwm200_grab4
17448,-1776,-1056,9388,CD,2,D1_pwm200_grab4
17453,-492,-1912,8704,CD,2,D1_pwm200_grab4
17458,8940,1992,9972,CD,2,D1_pwm200_grab4
17463,1192,1816,12592,CD,2,D1_pwm200_grab4
17469,-420,-1996,10780,CD,2,D1_pwm200_grab4
17478,720,3600,12024,CD,2,D1_pwm200_grab4
17483,-360,-712,9336,CD,2,D1_pwm200_grab4
17488,548,-1748,10712,CD,2,D1_pwm200_grab4
17499,1940,1044,10860,CD,3,D1_pwm200_grab4
17505,824,-2936,10432,CD,3,D1_pwm200_grab4
17510,1964,1320,7276,CD,3,D1_pwm200_grab4
17519,-1092,-1600,8556,CD,3,D1_pwm200_grab4
17524,2116,-1296,10656,CD,3,D1_pwm200_grab4
17530,7284,3756,10192,CD,3,D1_pwm200_grab4
17534,3972,-680,9256,CD,3,D1_pwm200_grab4
17540,2560,-1852,9700,CD,3,D1_pwm200_grab4
17544,-1292,-608,9236,CD,3,D1_pwm200_grab4
17549,3280,2756,8088,CD,3,D1_pwm200_grab4
17555,-496,-416,7944,CD,3,D1_pwm200_grab4
17560,84,-1396,6936,CD,3,D1_pwm200_grab4
17569,2384,2636,10540,CD,3,D1_pwm200_grab4
17574,-2780,-3060,8908,CD,3,D1_pwm200_grab4
17580,28,580,8608,CD,3,D1_pwm200_grab4
17585,2268,1228,7432,CD,3,D1_pwm200_grab4
17590,80,516,9320,CD,3,D1_pwm200_grab4
17594,1032,568,7108,CD,3,D1_pwm200_grab4
17600,3332,-296,10748,CD,3,D1_pwm200_grab4
17604,-1920,1344,10148,CD,3,D1_pwm200_grab4
17609,3200,-784,9640,CD,3,D1_pwm200_grab4
17614,64,-1624,9272,CD,3,D1_pwm200_grab4
17620,3476,1484,6192,CD,3,D1_pwm200_grab4
17624,200,692,9608,CD,3,D1_pwm200_grab4
17629,-168,2316,11172,CD,3,D1_pwm200_grab4
17634,-1976,-3724,8192,CD,3,D1_pwm200_grab4
17640,-4596,-2980,9684,CD,3,D1_pwm200_grab4
17645,3348,1332,12168,CD,3,D1_pwm200_grab4
17650,-2372,-452,7636,CD,3,D1_pwm200_grab4
17655,-1804,876,9044,CD,3,D1_pwm200_grab4
17660,-64,-96,9416,CD,3,D1_pwm200_grab4
17664,-1488,624,12868,CD,3,D1_pwm200_grab4
17670,-7660,-2304,7848,CD,3,D1_pwm200_grab4
17674,-4996,-5508,9228,CD,3,D1_pwm200_grab4
17679,552,948,11412,CD,3,D1_pwm200_grab4
17685,-976,1560,10500,CD,3,D1_pwm200_grab4
17690,-8732,-2440,11320,CD,3,D1_pwm200_grab4
17694,156,-44,12596,CD,3,D1_pwm200_grab4
17699,-1916,528,11164,CD,3,D1_pwm200_grab4
17704,-5696,-5644,8604,CD,3,D1_pwm200_grab4
17709,-2040,-4872,10000,CD,3,D1_pwm200_grab4
17714,796,-568,9640,CD,3,D1_pwm200_grab4
17720,2164,712,13584,CD,3,D1_pwm200_grab4
17729,460,-1496,11388,CD,3,D1_pwm200_grab4
17734,1820,1540,11456,CD,3,D1_pwm200_grab4
17739,2004,532,16132,CD,3,D1_pwm200_grab4
17745,-1024,-4784,7788,CD,3,D1_pwm200_grab4
17750,996,-724,9292,CD,3,D1_pwm200_grab4
17756,4008,1296,13156,CD,3,D1_pwm200_grab4
17765,788,-1600,11436,CD,3,D1_pwm200_grab4
17771,3948,1096,13408,CD,3,D1_pwm200_grab4
17776,2128,1340,14368,CD,3,D1_pwm200_grab4
17781,-3020,-5236,7948,CD,3,D1_pwm200_grab4
17785,2896,-64,8332,CD,3,D1_pwm200_grab4
17790,3992,904,12632,CD,3,D1_pwm200_grab4
17795,-1092,-1020,9232,CD,3,D1_pwm200_grab4
17800,3612,-868,10716,CD,3,D1_pwm200_grab4
17805,-2312,-520,9144,CD,3,D1_pwm200_grab4
17811,1512,2064,8288,CD,3,D1_pwm200_grab4
17815,1688,-328,10544,CD,3,D1_pwm200_grab4
17821,3220,-2692,8224,CD,3,D1_pwm200_grab4
17825,292,-2580,9756,CD,3,D1_pwm200_grab4
17830,220,-1164,9160,CD,3,D1_pwm200_grab4
17835,3976,1508,11080,CD,3,D1_pwm200_grab4
17840,-1592,-1988,8444,CD,3,D1_pwm200_grab4
17846,1084,-1188,8696,CD,3,D1_pwm200_grab4
17856,-200,-1404,8548,CD,3,D1_pwm200_grab4
17861,-2524,-4672,5784,CD,3,D1_pwm200_grab4
17865,1844,-764,7568,CD,3,D1_pwm200_grab4
17871,4516,2108,9232,CD,3,D1_pwm200_grab4
17875,-2696,-2832,8644,CD,3,D1_pwm200_grab4
17881,-76,-1728,6180,CD,3,D1_pwm200_grab4
17890,-1336,2252,11040,CD,3,D1_pwm200_grab4
17895,-4404,-2676,9172,CD,3,D1_pwm200_grab4
17901,-2908,-1496,7668,CD,3,D1_pwm200_grab4
17906,696,3432,9364,CD,3,D1_pwm200_grab4
17910,-1792,-2000,9552,CD,3,D1_pwm200_grab4
17915,-952,-2644,8020,CD,3,D1_pwm200_grab4
17920,-1180,-3488,8084,CD,3,D1_pwm200_grab4
17925,-3904,972,13024,CD,3,D1_pwm200_grab4
17930,3520,552,12108,CD,3,D1_pwm200_grab4
17935,132,488,12228,CD,3,D1_pwm200_grab4
17941,360,1616,9184,CD,3,D1_pwm200_grab4
17945,-356,732,12728,CD,3,D1_pwm200_grab4
17950,948,-360,10856,CD,3,D1_pwm200_grab4
17956,3096,-2036,11628,CD,3,D1_pwm200_grab4
17961,-2032,668,12540,CD,3,D1_pwm200_grab4
17965,5336,3244,13204,CD,3,D1_pwm200_grab4
17970,-1352,1916,9720,CD,3,D1_pwm200_grab4
17976,-3776,-632,8844,CD,3,D1_pwm200_grab4
17980,776,1108,12516,CD,3,D1_pwm200_grab4
17991,-2004,-5544,11468,CD,3,D1_pwm200_grab4
17995,-2472,-1796,9472,CD,3,D1_pwm200_grab4
18001,5328,2920,13044,CD,3,D1_pwm200_grab4
18006,336,1856,8832,CD,3,D1_pwm200_grab4
18012,-2784,264,10848,CD,3,D1_pwm200_grab4
18017,572,1156,9744,CD,3,D1_pwm200_grab4
18027,-500,-3136,6620,CD,3,D1_pwm200_grab4
18032,-4296,-1788,10192,CD,3,D1_pwm200_grab4
18036,7288,1788,11144,CD,3,D1_pwm200_grab4
18041,916,1260,9236,CD,3,D1_pwm200_grab4
18048,-688,-300,9020,CD,3,D1_pwm200_grab4
18052,1156,-568,11244,CD,3,D1_pwm200_grab4
18056,-36,2920,8028,CD,3,D1_pwm200_grab4
18062,-2948,856,10584,CD,3,D1_pwm200_grab4
18067,-3528,-5484,8988,CD,3,D1_pwm200_grab4
18072,4296,96,9172,CD,3,D1_pwm200_grab4
18076,880,2176,9324,CD,3,D1_pwm200_grab4
18086,256,-836,9112,CD,3,D1_pwm200_grab4
18091,-1668,192,9344,CD,3,D1_pwm200_grab4
18096,-112,3020,10496,CD,3,D1_pwm200_grab4
18101,816,-2500,11560,CD,3,D1_pwm200_grab4
18106,-2536,-3204,5988,CD,3,D1_pwm200_grab4
18112,936,-1468,10088,CD,3,D1_pwm200_grab4
18121,176,-2056,7092,CD,3,D1_pwm200_grab4
18126,-88,256,10148,CD,3,D1_pwm200_grab4
18131,80,3376,13664,CD,3,D1_pwm200_grab4
18136,7008,4476,10512,CD,3,D1_pwm200_grab4
18141,-1700,-1732,9284,CD,3,D1_pwm200_grab4
18152,1916,-144,10968,CD,3,D1_pwm200_grab4
18156,3916,1880,8172,CD,3,D1_pwm200_grab4
18161,-3120,-2684,9232,CD,3,D1_pwm200_grab4
18166,1216,-1932,9724,CD,3,D1_pwm200_grab4
18171,4392,1020,11400,CD,3,D1_pwm200_grab4
18176,-1844,1876,11828,CD,3,D1_pwm200_grab4
18182,-4792,-3000,9388,CD,3,D1_pwm200_grab4
18186,-136,-1808,9968,CD,3,D1_pwm200_grab4
18191,1584,3652,10316,CD,3,D1_pwm200_grab4
18196,-2336,-1872,10352,CD,3,D1_pwm200_grab4
18201,-1200,-3084,8224,CD,3,D1_pwm200_grab4
18211,912,2352,14316,CD,3,D1_pwm200_grab4
18216,-5552,-4024,9044,CD,3,D1_pwm200_grab4
18221,1028,548,12120,CD,3,D1_pwm200_grab4
18226,1068,1840,9372,CD,3,D1_pwm200_grab4
18231,-200,1348,12536,CD,3,D1_pwm200_grab4
18237,620,-276,10276,CD,3,D1_pwm200_grab4
18241,3920,-1628,11640,CD,3,D1_pwm200_grab4
18247,-1448,1264,12356,CD,3,D1_pwm200_grab4
18251,3668,520,10940,CD,3,D1_pwm200_grab4
18256,704,104,10936,CD,3,D1_pwm200_grab4
18263,4856,3368,11076,CD,3,D1_pwm200_grab4
18268,-164,524,10264,CD,3,D1_pwm200_grab4
18272,1340,564,8244,CD,3,D1_pwm200_grab4
18278,3928,-1936,12092,CD,3,D1_pwm200_grab4
18282,-1448,3692,12156,CD,3,D1_pwm200_grab4
18287,4084,516,10884,CD,3,D1_pwm200_grab4
18292,2132,-116,10180,CD,3,D1_pwm200_grab4
18298,3600,1796,9416,CD,3,D1_pwm200_grab4
18302,276,200,9144,CD,3,D1_pwm200_grab4
18307,1496,3896,15008,CD,3,D1_pwm200_grab4
18312,-248,-3740,6788,CD,3,D1_pwm200_grab4
18317,-4212,-2580,9460,CD,3,D1_pwm200_grab4
18322,7008,1856,11072,CD,3,D1_pwm200_grab4
18327,408,756,8112,CD,3,D1_pwm200_grab4
18333,-1840,-304,9008,CD,3,D1_pwm200_grab4
18337,1312,860,8832,CD,3,D1_pwm200_grab4
18342,2252,2784,11972,CD,3,D1_pwm200_grab4
18347,152,1820,11956,CD,3,D1_pwm200_grab4
18353,-3500,-6072,8752,CD,3,D1_pwm200_grab4
18357,3628,-256,8404,CD,3,D1_pwm200_grab4
18363,1104,2052,9928,CD,3,D1_pwm200_grab4
18373,224,-1252,8728,CD,3,D1_pwm200_grab4
18377,2616,3060,8124,CD,3,D1_pwm200_grab4
18382,-7444,-384,9252,CD,3,D1_pwm200_grab4
18388,-1852,-5908,5168,CD,3,D1_pwm200_grab4
18392,-2412,-3500,6344,CD,3,D1_pwm200_grab4
18397,192,-2648,10508,CD,3,D1_pwm200_grab4
18403,-5068,-680,8576,CD,3,D1_pwm200_grab4
18408,956,-1572,7008,CD,3,D1_pwm200_grab4
18413,-1436,-520,10788,CD,3,D1_pwm200_grab4
18418,740,1416,9652,CD,3,D1_pwm200_grab4
18423,-876,-3356,11208,CD,3,D1_pwm200_grab4
18428,-516,-4036,7064,CD,3,D1_pwm200_grab4
18432,-3728,-3300,6068,CD,3,D1_pwm200_grab4
18438,1032,424,8052,CD,3,D1_pwm200_grab4
18442,3432,2308,10060,CD,3,D1_pwm200_grab4
18447,-3164,-3228,9788,CD,3,D1_pwm200_grab4
18453,1124,-1220,10468,CD,3,D1_pwm200_grab4
18458,5564,3160,10208,CD,3,D1_pwm200_grab4
18462,1300,-580,12004,CD,3,D1_pwm200_grab4
18467,-3600,-4280,7832,CD,3,D1_pwm200_grab4
18473,2804,680,10568,CD,3,D1_pwm200_grab4
18477,2192,4436,9104,CD,3,D1_pwm200_grab4
18483,-1352,676,11680,CD,3,D1_pwm200_grab4
18488,-288,-1600,7612,CD,3,D1_pwm200_grab4
18498,-76,2832,13392,CD,3,D1_pwm200_grab4
18503,-2396,-2700,11100,CD,3,D1_pwm200_grab4
18508,-3268,1452,7808,CD,3,D1_pwm200_grab4
18512,3900,4808,11704,CD,3,D1_pwm200_grab4
18518,-904,-300,9428,CD,3,D1_pwm200_grab4
18523,516,-1156,8124,CD,3,D1_pwm200_grab4
18534,-432,2924,12640,CD,3,D1_pwm200_grab4
18538,-964,-2176,11108,CD,3,D1_pwm200_grab4
18543,1116,-124,9516,CD,3,D1_pwm200_grab4
18549,2936,3560,9680,CD,3,D1_pwm200_grab4
18553,-828,-496,8380,CD,3,D1_pwm200_grab4
18558,912,-1212,8572,CD,3,D1_pwm200_grab4
18563,-632,-1252,5600,CD,3,D1_pwm200_grab4
18568,-3376,-956,10488,CD,3,D1_pwm200_grab4
18578,-164,-964,9120,CD,3,D1_pwm200_grab4
18584,276,1124,8480,CD,3,D1_pwm200_grab4
18588,508,1476,9156,CD,3,D1_pwm200_grab4
18593,3840,1560,10476,CD,3,D1_pwm200_grab4
18599,-1596,-1828,7408,CD,3,D1_pwm200_grab4
18604,-3856,-5864,10248,CD,3,D1_pwm200_grab4
18608,4536,356,9096,CD,3,D1_pwm200_grab4
18613,-92,1140,9008,CD,3,D1_pwm200_grab4
18623,432,-276,9748,CD,3,D1_pwm200_grab4
18628,-80,2728,7308,CD,3,D1_pwm200_grab4
18638,-2592,-5504,6392,CD,3,D1_pwm200_grab4
18643,1520,-152,9840,CD,3,D1_pwm200_grab4
18649,824,-952,10216,CD,3,D1_pwm200_grab4
18659,-44,-2500,6112,CD,3,D1_pwm200_grab4
18664,-688,372,10740,CD,3,D1_pwm200_grab4
18668,236,2300,10920,CD,3,D1_pwm200_grab4
18673,-536,-4020,10564,CD,3,D1_pwm200_grab4
18678,-1240,-4136,6816,CD,3,D1_pwm200_grab4
18683,272,8,11916,CD,3,D1_pwm200_grab4
18689,992,652,8328,CD,3,D1_pwm200_grab4
18693,3684,2496,10204,CD,3,D1_pwm200_grab4
18698,-3456,-3312,10004,CD,3,D1_pwm200_grab4
18703,-92,-2820,11304,CD,3,D1_pwm200_grab4
18708,5988,2620,10612,CD,3,D1_pwm200_grab4
18713,1344,-760,12092,CD,3,D1_pwm200_grab4
18718,-3488,-4420,8444,CD,3,D1_pwm200_grab4
18723,1512,1568,8988,CD,3,D1_pwm200_grab4
18729,2380,2696,12708,CD,3,D1_pwm200_grab4
18734,-1588,-652,11920,CD,3,D1_pwm200_grab4
18738,-468,-2164,7780,CD,3,D1_pwm200_grab4
18743,6352,468,11988,CD,3,D1_pwm200_grab4
18748,100,2772,12996,CD,3,D1_pwm200_grab4
18753,-732,-2092,9408,CD,3,D1_pwm200_grab4
18759,-1384,944,9620,CD,3,D1_pwm200_grab4
18763,2088,3672,11040,CD,3,D1_pwm200_grab4
18769,-776,292,9748,CD,3,D1_pwm200_grab4
18774,-428,-2144,7764,CD,3,D1_pwm200_grab4
18785,-1516,4260,12700,CD,3,D1_pwm200_grab4
18789,2716,-1252,11064,CD,3,D1_pwm200_grab4
18794,2576,28,13292,CD,3,D1_pwm200_grab4
18800,3916,2780,9768,CD,3,D1_pwm200_grab4
18804,36,1412,11820,CD,3,D1_pwm200_grab4
18810,872,-1236,8144,CD,3,D1_pwm200_grab4
18814,8996,3044,11208,CD,3,D1_pwm200_grab4
18820,-3920,-1876,9732,CD,3,D1_pwm200_grab4
18824,7044,2452,13024,CD,3,D1_pwm200_grab4
18829,-72,-180,7564,CD,3,D1_pwm200_grab4
18834,-4468,-1572,8464,CD,3,D1_pwm200_grab4
18839,1020,1008,9428,CD,3,D1_pwm200_grab4
18844,608,3756,14524,CD,3,D1_pwm200_grab4
18850,-1620,-3112,10512,CD,3,D1_pwm200_grab4
18854,-2484,-2836,7380,CD,3,D1_pwm200_grab4
18859,2868,-928,8000,CD,3,D1_pwm200_grab4
18864,3216,1968,11716,CD,3,D1_pwm200_grab4
18874,1204,-2092,8868,CD,3,D1_pwm200_grab4
18880,3576,2488,8940,CD,3,D1_pwm200_grab4
18884,2436,1828,14148,CD,3,D1_pwm200_grab4
18890,-2540,-5472,5496,CD,3,D1_pwm200_grab4
18895,-472,-1456,6980,CD,3,D1_pwm200_grab4
18899,3352,1508,11176,CD,3,D1_pwm200_grab4
18904,3964,1048,13332,CD,3,D1_pwm200_grab4
18909,3308,-716,7648,CD,3,D1_pwm200_grab4
18915,-2740,-1824,7292,CD,3,D1_pwm200_grab4
18919,368,860,9364,CD,3,D1_pwm200_grab4
18925,6168,1356,8856,CD,3,D1_pwm200_grab4
18930,-268,-3536,9724,CD,3,D1_pwm200_grab4
18934,-2252,-2344,4000,CD,3,D1_pwm200_grab4
18939,2384,1508,13284,CD,3,D1_pwm200_grab4
18945,1580,3908,8008,CD,3,D1_pwm200_grab4
18949,-1684,-2464,10900,CD,3,D1_pwm200_grab4
18954,-792,-4152,7836,CD,3,D1_pwm200_grab4
18960,8680,2780,9116,CD,3,D1_pwm200_grab4
18965,-1068,2600,13980,CD,3,D1_pwm200_grab4
18970,-5668,-3656,9700,CD,3,D1_pwm200_grab4
18974,-4896,-324,5408,CD,3,D1_pwm200_grab4
18979,452,4332,10928,CD,3,D1_pwm200_grab4
18985,-720,-444,9868,CD,3,D1_pwm200_grab4
18989,1368,556,10644,CD,3,D1_pwm200_grab4
18994,-3572,-3780,7728,CD,3,D1_pwm200_grab4
18999,-1272,-208,11132,CD,3,D1_pwm200_grab4
19004,3828,968,11144,CD,3,D1_pwm200_grab4
19009,-1280,-1000,9800,CD,3,D1_pwm200_grab4
19015,-1688,-84,10936,CD,3,D1_pwm200_grab4
19020,132,1692,10404,CD,3,D1_pwm200_grab4
19024,1848,1020,14396,CD,3,D1_pwm200_grab4
19030,-1136,-1816,7652,CD,3,D1_pwm200_grab4
19035,-3480,-516,11748,CD,3,D1_pwm200_grab4
19040,6876,1752,12432,CD,3,D1_pwm200_grab4
19045,-812,84,12140,CD,3,D1_pwm200_grab4
19051,-868,-556,9584,CD,3,D1_pwm200_grab4
19055,428,2148,11860,CD,3,D1_pwm200_grab4
19060,3264,1988,14128,CD,3,D1_pwm200_grab4
19065,-788,-4332,9320,CD,3,D1_pwm200_grab4
19072,-1228,-252,8856,CD,3,D1_pwm200_grab4
19076,4072,460,10808,CD,3,D1_pwm200_grab4
19080,2832,2072,11644,CD,3,D1_pwm200_grab4
19091,1440,-1160,9056,CD,3,D1_pwm200_grab4
19096,4004,2932,10996,CD,3,D1_pwm200_grab4
19101,-2744,164,11128,CD,3,D1_pwm200_grab4
19105,-1696,-4552,6236,CD,3,D1_pwm200_grab4
19111,2044,-336,8084,CD,3,D1_pwm200_grab4
19116,-500,-1216,7564,CD,3,D1_pwm200_grab4
19121,1100,-1320,10012,CD,3,D1_pwm200_grab4
19125,3704,-656,9200,CD,3,D1_pwm200_grab4
19130,-2124,-1280,7628,CD,3,D1_pwm200_grab4
19136,1508,1540,10064,CD,3,D1_pwm200_grab4
19140,3668,-900,9408,CD,3,D1_pwm200_grab4
19145,400,-3156,8200,CD,3,D1_pwm200_grab4
19150,192,-1972,7432,CD,3,D1_pwm200_grab4
19156,2032,984,13712,CD,3,D1_pwm200_grab4
19161,2852,2780,10204,CD,3,D1_pwm200_grab4
19165,-1536,-1648,7268,CD,3,D1_pwm200_grab4
19171,-952,-3472,8084,CD,3,D1_pwm200_grab4
19180,-940,48,13228,CD,3,D1_pwm200_grab4
19186,-3420,-3944,8492,CD,3,D1_pwm200_grab4
19196,140,2240,8716,CD,3,D1_pwm200_grab4
19200,-528,44,12676,CD,3,D1_pwm200_grab4
19206,1124,-1256,7720,CD,3,D1_pwm200_grab4
19211,832,-2768,11936,CD,3,D1_pwm200_grab4
19215,-2596,1240,12184,CD,3,D1_pwm200_grab4
19220,200,-716,9848,CD,3,D1_pwm200_grab4
19226,12,-900,8676,CD,3,D1_pwm200_grab4
19230,716,2240,11580,CD,3,D1_pwm200_grab4
19235,-148,868,10328,CD,3,D1_pwm200_grab4
19241,692,-952,8444,CD,3,D1_pwm200_grab4
19246,-7004,-5600,7744,CD,3,D1_pwm200_grab4
19250,-3364,-4576,9752,CD,3,D1_pwm200_grab4
19256,3164,1744,12120,CD,3,D1_pwm200_grab4
19261,-544,1984,9496,CD,3,D1_pwm200_grab4
19265,-7108,-2960,11104,CD,3,D1_pwm200_grab4
19271,16,436,11328,CD,3,D1_pwm200_grab4
19276,-2184,3088,13152,CD,3,D1_pwm200_grab4
19281,-3172,-3308,10900,CD,3,D1_pwm200_grab4
19286,-5116,-4704,9436,CD,3,D1_pwm200_grab4
19292,6368,2396,12772,CD,3,D1_pwm200_grab4
19296,1328,1752,13392,CD,3,D1_pwm200_grab4
19302,-5732,-3368,8668,CD,3,D1_pwm200_grab4
19307,992,-108,11756,CD,3,D1_pwm200_grab4
19311,-1248,3880,11172,CD,3,D1_pwm200_grab4
19317,-5596,-2440,9336,CD,3,D1_pwm200_grab4
19321,-2776,-3396,7932,CD,3,D1_pwm200_grab4
19326,4824,2180,12236,CD,3,D1_pwm200_grab4
19331,2964,-724,13408,CD,3,D1_pwm200_grab4
19336,-5064,-1328,10284,CD,3,D1_pwm200_grab4
19342,1288,-2240,8552,CD,3,D1_pwm200_grab4
19346,-928,1592,10208,CD,3,D1_pwm200_grab4
19351,1492,3484,13472,CD,3,D1_pwm200_grab4
19356,2292,-1292,8844,CD,3,D1_pwm200_grab4
19361,-412,-2208,7048,CD,3,D1_pwm200_grab4
19367,4072,-76,11748,CD,3,D1_pwm200_grab4
19372,3724,2196,9292,CD,3,D1_pwm200_grab4
19376,5388,1588,10408,CD,3,D1_pwm200_grab4
19381,-2444,-1212,8648,CD,3,D1_pwm200_grab4
19386,1140,-1296,11500,CD,3,D1_pwm200_grab4
19397,580,-2180,10764,CD,3,D1_pwm200_grab4
19401,352,-4244,6440,CD,3,D1_pwm200_grab4
19407,1524,1860,6340,CD,3,D1_pwm200_grab4
19412,2032,916,8952,CD,3,D1_pwm200_grab4
19417,-316,-1092,8444,CD,3,D1_pwm200_grab4
19421,1220,-1896,8168,CD,3,D1_pwm200_grab4
19426,8596,3488,7740,CD,3,D1_pwm200_grab4
19432,-1372,3396,12620,CD,3,D1_pwm200_grab4
19436,-3388,-3148,9032,CD,3,D1_pwm200_grab4
19442,-1676,-296,7480,CD,3,D1_pwm200_grab4
19446,1168,2716,7264,CD,3,D1_pwm200_grab4
19451,-756,388,9860,CD,3,D1_pwm200_grab4
19456,1400,604,12416,CD,3,D1_pwm200_grab4
19461,-3388,-5044,4996,CD,3,D1_pwm200_grab4
19467,-3632,-1436,11980,CD,3,D1_pwm200_grab4
19472,2448,2360,10184,CD,3,D1_pwm200_grab4
19476,-2684,-1848,9044,CD,3,D1_pwm200_grab4
19481,-3684,-1212,8420,CD,3,D1_pwm200_grab4
19486,-344,1568,9936,CD,3,D1_pwm200_grab4
19491,-1200,472,13428,CD,3,D1_pwm200_grab4
19497,-2320,-4664,9372,CD,3,D1_pwm200_grab4
19502,-4180,-6800,8056,CD,3,D1_pwm200_grab4
19507,1848,1036,10612,CD,3,D1_pwm200_grab4
19511,1472,1368,12860,CD,3,D1_pwm200_grab4
19516,-9072,-2128,13876,CD,3,D1_pwm200_grab4
19522,664,-1328,9728,CD,3,D1_pwm200_grab4
19526,1576,3172,12784,CD,3,D1_pwm200_grab4
19532,-4160,-136,11436,CD,3,D1_pwm200_grab4
19536,-4176,-6540,6936,CD,3,D1_pwm200_grab4
19542,1504,1476,11416,CD,3,D1_pwm200_grab4
19547,3044,3248,14392,CD,3,D1_pwm200_grab4
19552,-9372,-2148,12636,CD,3,D1_pwm200_grab4
19558,1712,-812,11568,CD,3,D1_pwm200_grab4
19562,2992,1940,13424,CD,3,D1_pwm200_grab4
19568,-4900,216,11484,CD,3,D1_pwm200_grab4
19572,-3072,-5536,6904,CD,3,D1_pwm200_grab4
19577,3628,1612,10984,CD,3,D1_pwm200_grab4
19584,2416,2352,14564,CD,3,D1_pwm200_grab4
19587,-1504,-188,9908,CD,3,D1_pwm200_grab4
19593,3368,-1112,11708,CD,3,D1_pwm200_grab4
19597,-2732,-436,9820,CD,3,D1_pwm200_grab4
19603,2980,2180,11096,CD,3,D1_pwm200_grab4
19608,2196,760,9720,CD,3,D1_pwm200_grab4
19612,724,-1876,8668,CD,3,D1_pwm200_grab4
19617,3000,-60,9476,CD,3,D1_pwm200_grab4
19622,432,204,11772,CD,3,D1_pwm200_grab4
19628,6124,2444,11732,CD,3,D1_pwm200_grab4
19633,-1720,-1036,8360,CD,3,D1_pwm200_grab4
19637,1144,-1508,10688,CD,3,D1_pwm200_grab4
19642,10180,6784,8412,CD,3,D1_pwm200_grab4
19647,720,-848,11668,CD,3,D1_pwm200_grab4
19652,1476,-3572,7972,CD,3,D1_pwm200_grab4
19657,2852,3148,9748,CD,3,D1_pwm200_grab4
19662,5284,2660,12404,CD,3,D1_pwm200_grab4
19668,-3052,-2500,8144,CD,3,D1_pwm200_grab4
19673,1580,-1436,7832,CD,3,D1_pwm200_grab4
19678,7780,1856,8464,CD,3,D1_pwm200_grab4
19682,-1384,2772,13152,CD,3,D1_pwm200_grab4
19687,-2364,-2344,8720,CD,3,D1_pwm200_grab4
19692,344,-1116,6844,CD,3,D1_pwm200_grab4
19698,1432,2232,7284,CD,3,D1_pwm200_grab4
19702,-548,928,10636,CD,3,D1_pwm200_grab4
19707,-1932,-2956,5888,CD,3,D1_pwm200_grab4
19713,-3868,-5580,6252,CD,3,D1_pwm200_grab4
19718,-4244,-2824,11344,CD,3,D1_pwm200_grab4
19723,2332,2588,10360,CD,3,D1_pwm200_grab4
19728,-2296,-432,8332,CD,3,D1_pwm200_grab4
19732,-5776,-1412,8000,CD,3,D1_pwm200_grab4
19737,100,1380,10024,CD,3,D1_pwm200_grab4
19742,-2136,796,14480,CD,3,D1_pwm200_grab4
19747,-2224,-5508,10288,CD,3,D1_pwm200_grab4
19752,-5364,-4872,10292,CD,3,D1_pwm200_grab4
19758,1224,180,9824,CD,3,D1_pwm200_grab4
19762,1836,1444,13552,CD,3,D1_pwm200_grab4
19772,460,-1972,9480,CD,3,D1_pwm200_grab4
19778,3516,3148,14252,CD,3,D1_pwm200_grab4
19782,-636,948,13124,CD,3,D1_pwm200_grab4
19788,-3516,-6164,6500,CD,3,D1_pwm200_grab4
19793,1080,676,11020,CD,3,D1_pwm200_grab4
19799,3248,3384,14660,CD,3,D1_pwm200_grab4
19803,-9768,-2744,12704,CD,3,D1_pwm200_grab4
19808,1932,-1140,10972,CD,3,D1_pwm200_grab4
19814,3932,1652,13776,CD,3,D1_pwm200_grab4
19818,-2284,2148,12536,CD,3,D1_pwm200_grab4
19823,-1976,-4704,6908,CD,3,D1_pwm200_grab4
19828,2876,1000,10036,CD,3,D1_pwm200_grab4
19833,2948,1760,15676,CD,3,D1_pwm200_grab4
19838,-8144,-2916,13060,CD,3,D1_pwm200_grab4
19844,3844,-616,11400,CD,3,D1_pwm200_grab4
19849,-2532,-1172,9584,CD,3,D1_pwm200_grab4
19853,1744,1512,10208,CD,3,D1_pwm200_grab4
19858,2324,928,9960,CD,3,D1_pwm200_grab4
19863,708,-1888,9088,CD,3,D1_pwm200_grab4
19868,1696,-424,9080,CD,3,D1_pwm200_grab4
19873,1904,-256,12660,CD,3,D1_pwm200_grab4
19879,2900,-2236,10580,CD,3,D1_pwm200_grab4
19884,-1436,-1028,8260,CD,3,D1_pwm200_grab4
19888,1444,-1512,10068,CD,3,D1_pwm200_grab4
19893,10732,6560,7564,CD,3,D1_pwm200_grab4
19898,708,-736,11492,CD,3,D1_pwm200_grab4
19903,1636,-3352,8440,CD,3,D1_pwm200_grab4
19909,3408,3276,10896,CD,3,D1_pwm200_grab4
19913,5040,2684,11944,CD,3,D1_pwm200_grab4
19918,-3124,-2384,8128,CD,3,D1_pwm200_grab4
19923,1168,-1028,7532,CD,3,D1_pwm200_grab4
19928,6584,608,9968,CD,3,D1_pwm200_grab4
19933,-1784,2592,12900,CD,3,D1_pwm200_grab4
19938,1800,-672,8480,CD,3,D1_pwm200_grab4
19943,312,-1000,6636,CD,3,D1_pwm200_grab4
19948,3004,2720,8192,CD,3,D1_pwm200_grab4
19953,-36,404,10900,CD,3,D1_pwm200_grab4
19958,-2092,-2524,6144,CD,3,D1_pwm200_grab4
19963,7648,696,11368,CD,3,D1_pwm200_grab4
19969,-4472,-4716,11144,CD,3,D1_pwm200_grab4
19974,2104,2156,10016,CD,3,D1_pwm200_grab4
19978,-2172,-224,6412,CD,3,D1_pwm200_grab4
19983,-5156,-1176,8692,CD,3,D1_pwm200_grab4
19988,348,1660,9924,CD,3,D1_pwm200_grab4
19994,-1860,196,13800,CD,3,D1_pwm200_grab4
19998,-3512,-5660,10872,CD,3,D1_pwm200_grab4
20004,-5368,-3788,11184,CD,3,D1_pwm200_grab4
20009,3352,884,11132,CD,3,D1_pwm200_grab4
20013,1784,1576,13352,CD,3,D1_pwm200_grab4
20024,524,-1628,9252,CD,3,D1_pwm200_grab4
20028,2296,1664,12696,CD,3,D1_pwm200_grab4
20034,-3728,544,11128,CD,3,D1_pwm200_grab4
20038,-4968,-7064,6748,CD,3,D1_pwm200_grab4
20043,1780,1576,11280,CD,3,D1_pwm200_grab4
20049,28,1584,15220,CD,3,D1_pwm200_grab4
20060,364,-1728,11096,CD,3,D1_pwm200_grab4
20065,3572,3256,13560,CD,3,D1_pwm200_grab4
20070,-2340,648,12664,CD,3,D1_pwm200_grab4
20074,-3200,-5796,5824,CD,3,D1_pwm200_grab4
20079,960,-308,9792,CD,3,D1_pwm200_grab4
20085,2680,2496,14552,CD,3,D1_pwm200_grab4
20089,-9400,-2660,14592,CD,3,D1_pwm200_grab4
20094,816,-784,10632,CD,3,D1_pwm200_grab4
20100,-1812,-1460,10500,CD,3,D1_pwm200_grab4
20104,2512,1500,9884,CD,3,D1_pwm200_grab4
20109,2364,1148,13104,CD,3,D1_pwm200_grab4
20115,360,-1132,9012,CD,3,D1_pwm200_grab4
20120,132,-552,9232,CD,3,D1_pwm200_grab4
20124,-80,156,10612,CD,3,D1_pwm200_grab4
20130,2440,-436,11508,CD,3,D1_pwm200_grab4
20134,-2124,-1900,9816,CD,3,D1_pwm200_grab4
20139,1412,-692,9076,CD,3,D1_pwm200_grab4
20150,1976,1228,12952,CD,3,D1_pwm200_grab4
20155,2112,-3328,7920,CD,3,D1_pwm200_grab4
20164,4900,2420,11648,CD,3,D1_pwm200_grab4
20170,-1788,-2100,7376,CD,3,D1_pwm200_grab4
20175,1256,-1208,8156,CD,3,D1_pwm200_grab4
20180,9496,6456,9180,CD,3,D1_pwm200_grab4
20184,-1868,1640,12092,CD,3,D1_pwm200_grab4
20189,1192,-1812,8336,CD,3,D1_pwm200_grab4
20195,-748,-464,6432,CD,3,D1_pwm200_grab4
20200,2972,3008,7828,CD,3,D1_pwm200_grab4
20205,-588,280,10716,CD,3,D1_pwm200_grab4
20209,904,-1136,5800,CD,3,D1_pwm200_grab4
20214,8484,1724,10488,CD,3,D1_pwm200_grab4
20220,-672,2812,10088,CD,3,D1_pwm200_grab4
20224,2348,1880,10060,CD,3,D1_pwm200_grab4
20230,-2084,-316,6416,CD,3,D1_pwm200_grab4
20234,-3892,-828,9164,CD,3,D1_pwm200_grab4
20239,280,1836,9848,CD,3,D1_pwm200_grab4
20244,-1396,-80,13992,CD,3,D1_pwm200_grab4
20249,-3040,-5684,10680,CD,3,D1_pwm200_grab4
20255,-5468,-2276,11504,CD,3,D1_pwm200_grab4
20260,3584,1004,10992,CD,3,D1_pwm200_grab4
20264,-3720,-1504,9048,CD,3,D1_pwm200_grab4
20275,228,-1344,9764,CD,3,D1_pwm200_grab4
20279,1712,2448,12344,CD,3,D1_pwm200_grab4
20284,-5876,-1440,9980,CD,3,D1_pwm200_grab4
20289,-5276,-6852,6300,CD,3,D1_pwm200_grab4
20294,2552,2048,11920,CD,3,D1_pwm200_grab4
20300,-16,2332,13588,CD,3,D1_pwm200_grab4
20304,-9380,-2460,12064,CD,3,D1_pwm200_grab4
20311,112,-1060,11468,CD,3,D1_pwm200_grab4
20315,2240,2756,13100,CD,3,D1_pwm200_grab4
20320,-7152,-1492,9024,CD,3,D1_pwm200_grab4
20325,-2980,-5584,6728,CD,3,D1_pwm200_grab4
20330,2456,532,10476,CD,3,D1_pwm200_grab4
20336,2252,2020,13364,CD,3,D1_pwm200_grab4
20341,-9160,-1744,14536,CD,3,D1_pwm200_grab4
20345,276,-440,11132,CD,3,D1_pwm200_grab4
20350,3492,3528,13272,CD,3,D1_pwm200_grab4
20355,2316,3160,11528,CD,3,D1_pwm200_grab4
20360,1116,-780,12476,CD,3,D1_pwm200_grab4
20365,1144,-1508,9792,CD,3,D1_pwm200_grab4
20370,2216,1204,10608,CD,3,D1_pwm200_grab4
20375,-5000,-1436,9476,CD,3,D1_pwm200_grab4
20380,1548,-1904,10532,CD,3,D1_pwm200_grab4
20385,-2672,1076,9680,CD,3,D1_pwm200_grab4
20391,1420,1856,9364,CD,3,D1_pwm200_grab4
20395,8852,4196,10532,CD,3,D1_pwm200_grab4
20400,2512,-280,11196,CD,3,D1_pwm200_grab4
20410,2672,2060,8732,CD,3,D1_pwm200_grab4
20416,3056,884,9776,CD,3,D1_pwm200_grab4
20421,-2708,-2508,7604,CD,3,D1_pwm200_grab4
20425,752,-908,9020,CD,3,D1_pwm200_grab4
20430,6908,4408,11716,CD,3,D1_pwm200_grab4
20435,828,-1584,8076,CD,3,D1_pwm200_grab4
20441,-2144,-4028,9408,CD,3,D1_pwm200_grab4
20445,5176,-728,11888,CD,3,D1_pwm200_grab4
20450,3628,3452,9776,CD,3,D1_pwm200_grab4
20456,-1540,-1292,9180,CD,3,D1_pwm200_grab4
20460,-124,-1060,6984,CD,3,D1_pwm200_grab4
20470,-244,2344,10868,CD,3,D1_pwm200_grab4
20475,-4768,-4316,10992,CD,3,D1_pwm200_grab4
20481,-2056,-1292,7456,CD,3,D1_pwm200_grab4
20485,-268,500,8112,CD,3,D1_pwm200_grab4
20491,156,1404,10716,CD,3,D1_pwm200_grab4
20495,-900,-1472,7516,CD,3,D1_pwm200_grab4
20500,844,-2244,10724,CD,3,D1_pwm200_grab4
20505,-4224,620,11144,CD,3,D1_pwm200_grab4
20511,1852,-104,10084,CD,3,D1_pwm200_grab4
20515,-936,-1148,9608,CD,3,D1_pwm200_grab4
20520,584,1804,8264,CD,3,D1_pwm200_grab4
20526,-52,8,9928,CD,3,D1_pwm200_grab4
20531,-4236,1992,10672,CD,3,D1_pwm200_grab4
20536,-5436,-4228,10472,CD,3,D1_pwm200_grab4
20540,-5516,-4960,10380,CD,3,D1_pwm200_grab4
20546,5208,2936,13068,CD,3,D1_pwm200_grab4
20551,-3212,24,9548,CD,3,D1_pwm200_grab4
20555,-7340,-2520,8644,CD,3,D1_pwm200_grab4
20561,132,1068,12884,CD,3,D1_pwm200_grab4
20571,-4280,-4976,10276,CD,3,D1_pwm200_grab4
20576,-2636,-2532,9484,CD,3,D1_pwm200_grab4
20582,5464,1848,11936,CD,3,D1_pwm200_grab4
20587,-236,980,9408,CD,3,D1_pwm200_grab4
20592,-4080,128,11332,CD,3,D1_pwm200_grab4
20596,724,2312,10740,CD,3,D1_pwm200_grab4
20606,-1656,-3816,8276,CD,3,D1_pwm200_grab4
20611,-1644,-4236,6940,CD,3,D1_pwm200_grab4
20617,1692,-320,10148,CD,3,D1_pwm200_grab4
20622,3016,2748,14416,CD,3,D1_pwm200_grab4
20631,412,-1084,10740,CD,3,D1_pwm200_grab4
20636,5600,2704,14684,CD,3,D1_pwm200_grab4
20641,-3908,-324,10668,CD,3,D1_pwm200_grab4
20646,-2904,-5004,6732,CD,3,D1_pwm200_grab4
20652,840,-1708,9516,CD,3,D1_pwm200_grab4
20656,808,100,10096,CD,3,D1_pwm200_grab4
20661,-2856,-560,8524,CD,3,D1_pwm200_grab4
20666,2252,-1444,11028,CD,3,D1_pwm200_grab4
20671,-2336,-852,10104,CD,3,D1_pwm200_grab4
20677,2204,860,7672,CD,3,D1_pwm200_grab4
20681,888,-1780,11128,CD,3,D1_pwm200_grab4
20687,3040,-2236,9140,CD,3,D1_pwm200_grab4
20692,1556,-116,9724,CD,3,D1_pwm200_grab4
20697,2224,1764,7764,CD,3,D1_pwm200_grab4
20701,4156,1212,9640,CD,3,D1_pwm200_grab4
20706,-3056,-2688,7452,CD,3,D1_pwm200_grab4
20712,208,-1200,8844,CD,3,D1_pwm200_grab4
20716,6292,3872,11132,CD,3,D1_pwm200_grab4
20722,-508,-1488,8328,CD,3,D1_pwm200_grab4
20732,2712,-36,12832,CD,3,D1_pwm200_grab4
20737,2932,3280,9644,CD,3,D1_pwm200_grab4
20741,-1820,-1476,9044,CD,3,D1_pwm200_grab4
20746,-28,-1108,6412,CD,3,D1_pwm200_grab4
20757,-432,1540,10464,CD,3,D1_pwm200_grab4
20761,-2788,-3428,10872,CD,3,D1_pwm200_grab4
20771,3040,3840,11084,CD,3,D1_pwm200_grab4
20776,-1488,-2912,8044,CD,3,D1_pwm200_grab4
20781,-1472,-1704,6728,CD,3,D1_pwm200_grab4
20786,5180,-512,11504,CD,3,D1_pwm200_grab4
20791,-3664,1320,11648,CD,3,D1_pwm200_grab4
20796,668,-1500,10816,CD,3,D1_pwm200_grab4
20801,-3552,-432,9612,CD,3,D1_pwm200_grab4
20806,2144,3544,8664,CD,3,D1_pwm200_grab4
20811,-740,524,13224,CD,3,D1_pwm200_grab4
20816,-396,-1432,6664,CD,3,D1_pwm200_grab4
20822,8788,2568,10432,CD,3,D1_pwm200_grab4
20827,-1508,1636,12912,CD,3,D1_pwm200_grab4
20832,-1556,-2672,10928,CD,3,D1_pwm200_grab4
20838,-3656,-328,8736,CD,3,D1_pwm200_grab4
20843,1756,4324,11732,CD,3,D1_pwm200_grab4
20848,-252,-300,10124,CD,3,D1_pwm200_grab4
20852,-76,-1276,8472,CD,3,D1_pwm200_grab4
20858,9536,2784,10264,CD,3,D1_pwm200_grab4
20862,500,2764,13872,CD,3,D1_pwm200_grab4
20867,4764,1456,12072,CD,3,D1_pwm200_grab4
20872,536,-48,9004,CD,3,D1_pwm200_grab4
20877,852,908,10936,CD,3,D1_pwm200_grab4
20883,528,1900,10996,CD,3,D1_pwm200_grab4
20887,2736,376,12764,CD,3,D1_pwm200_grab4
20892,3188,-184,10152,CD,3,D1_pwm200_grab4
20898,-2912,892,11132,CD,3,D1_pwm200_grab4
20903,4984,16,10492,CD,3,D1_pwm200_grab4
20907,972,1348,10500,CD,3,D1_pwm200_grab4
20912,-4152,-2756,7968,CD,3,D1_pwm200_grab4
20917,788,1160,10928,CD,3,D1_pwm200_grab4
20923,556,1916,15364,CD,3,D1_pwm200_grab4
20928,-2880,-2740,10672,CD,3,D1_pwm200_grab4
20932,-4844,-2332,10736,CD,3,D1_pwm200_grab4
20938,7320,1460,10400,CD,3,D1_pwm200_grab4
20943,-840,16,6636,CD,3,D1_pwm200_grab4
20948,-3804,-1040,8916,CD,3,D1_pwm200_grab4
20952,612,-1476,8264,CD,3,D1_pwm200_grab4
20958,4128,2888,11084,CD,3,D1_pwm200_grab4
20962,-5588,-440,7332,CD,3,D1_pwm200_grab4
20967,-2568,-5240,7540,CD,3,D1_pwm200_grab4
20972,1296,664,8232,CD,3,D1_pwm200_grab4
20977,1876,1996,10116,CD,3,D1_pwm200_grab4
20987,-84,-776,8456,CD,3,D1_pwm200_grab4
20993,-2856,1124,10632,CD,3,D1_pwm200_grab4
20998,848,1628,7904,CD,3,D1_pwm200_grab4
21002,-80,-4668,11096,CD,3,D1_pwm200_grab4
21008,-1860,-1608,7896,CD,3,D1_pwm200_grab4
21012,1888,116,13192,CD,3,D1_pwm200_grab4
21018,-8252,-2640,8328,CD,3,D1_pwm200_grab4
21022,-320,-3224,8936,CD,3,D1_pwm200_grab4
21027,-2632,1516,9616,CD,3,D1_pwm200_grab4
21033,864,-136,13460,CD,3,D1_pwm200_grab4
21038,4224,-384,12020,CD,3,D1_pwm200_grab4
21043,-2272,-2316,8808,CD,3,D1_pwm200_grab4
21047,-3400,-2432,7132,CD,3,D1_pwm200_grab4
21052,1636,-252,13760,CD,3,D1_pwm200_grab4
21058,2624,-552,9316,CD,3,D1_pwm200_grab4
21062,-2088,-168,12244,CD,3,D1_pwm200_grab4
21067,300,208,10288,CD,3,D1_pwm200_grab4
21073,1288,-1772,12096,CD,3,D1_pwm200_grab4
21079,-464,-1228,10720,CD,3,D1_pwm200_grab4
21084,560,148,12732,CD,3,D1_pwm200_grab4
21088,-1296,-368,10952,CD,3,D1_pwm200_grab4
21094,2236,-1260,11872,CD,3,D1_pwm200_grab4
21099,-1656,-692,10756,CD,3,D1_pwm200_grab4
21104,4728,3944,9996,CD,3,D1_pwm200_grab4
21109,760,-2572,12180,CD,3,D1_pwm200_grab4
21114,1296,-1032,10848,CD,3,D1_pwm200_grab4
21118,2252,248,12160,CD,3,D1_pwm200_grab4
21123,4020,1160,14872,CD,3,D1_pwm200_grab4
21129,4616,2248,11004,CD,3,D1_pwm200_grab4
21134,-2892,-1112,8916,CD,3,D1_pwm200_grab4
21138,1148,-92,8524,CD,3,D1_pwm200_grab4
21144,5780,2100,11188,CD,3,D1_pwm200_grab4
21149,1236,-1164,11100,CD,3,D1_pwm200_grab4
21154,-440,-1096,7400,CD,3,D1_pwm200_grab4
21158,4064,108,15592,CD,3,D1_pwm200_grab4
21169,-1180,-892,8480,CD,3,D1_pwm200_grab4
21173,-12,-868,9684,CD,3,D1_pwm200_grab4
21183,1908,-72,10584,CD,3,D1_pwm200_grab4
21189,2432,-1896,9456,CD,3,D1_pwm200_grab4
21194,1680,1760,6252,CD,3,D1_pwm200_grab4
21198,4624,2836,11604,CD,3,D1_pwm200_grab4
21204,-3368,-2760,8112,CD,3,D1_pwm200_grab4
21209,1064,-1164,8360,CD,3,D1_pwm200_grab4
21219,-1088,1696,12032,CD,3,D1_pwm200_grab4
21223,-80,-2976,9012,CD,3,D1_pwm200_grab4
21229,2076,-508,9980,CD,3,D1_pwm200_grab4
21233,2400,3220,9184,CD,3,D1_pwm200_grab4
21238,-912,-1356,9216,CD,3,D1_pwm200_grab4
21244,-1844,-1764,7296,CD,3,D1_pwm200_grab4
21249,2288,-1044,9076,CD,3,D1_pwm200_grab4
21253,-4052,-632,11060,CD,3,D1_pwm200_grab4
21258,2436,-332,9076,CD,3,D1_pwm200_grab4
21264,1052,-204,6868,CD,3,D1_pwm200_grab4
21268,2100,1560,7156,CD,3,D1_pwm200_grab4
21273,-208,376,10456,CD,3,D1_pwm200_grab4
21278,-1508,-788,6580,CD,3,D1_pwm200_grab4
21284,6224,460,11348,CD,3,D1_pwm200_grab4
21289,-3696,1324,11580,CD,3,D1_pwm200_grab4
21293,2528,1432,9228,CD,3,D1_pwm200_grab4
21298,-2364,-700,6888,CD,3,D1_pwm200_grab4
21304,-3932,-1376,8704,CD,3,D1_pwm200_grab4
21309,1196,1228,10116,CD,3,D1_pwm200_grab4
21313,-1640,40,12564,CD,3,D1_pwm200_grab4
21318,-36,-1616,8412,CD,3,D1_pwm200_grab4
21323,-6336,-1244,10532,CD,3,D1_pwm200_grab4
21328,4368,1496,12964,CD,3,D1_pwm200_grab4
21335,-3548,-1628,6788,CD,3,D1_pwm200_grab4
21339,1928,1172,9132,CD,3,D1_pwm200_grab4
21344,-240,520,12652,CD,3,D1_pwm200_grab4
21349,724,676,10136,CD,3,D1_pwm200_grab4
21354,-540,-1632,10648,CD,3,D1_pwm200_grab4
21360,-1636,288,12236,CD,3,D1_pwm200_grab4
21365,2756,-240,10900,CD,3,D1_pwm200_grab4
21369,832,-204,10788,CD,3,D1_pwm200_grab4
21374,2640,2468,10612,CD,3,D1_pwm200_grab4
21379,1444,2412,11824,CD,3,D1_pwm200_grab4
21385,-716,2204,14796,CD,3,D1_pwm200_grab4
21389,-1700,-2004,7068,CD,3,D1_pwm200_grab4
21395,-2800,-2496,10992,CD,3,D1_pwm200_grab4
21399,5576,1696,12144,CD,3,D1_pwm200_grab4
21405,-1240,412,8332,CD,3,D1_pwm200_grab4
21410,1252,192,10224,CD,3,D1_pwm200_grab4
21415,740,1996,10380,CD,3,D1_pwm200_grab4
21419,532,1928,10780,CD,3,D1_pwm200_grab4
21425,-6092,-2828,11276,CD,3,D1_pwm200_grab4
21429,-1932,-2436,7848,CD,3,D1_pwm200_grab4
21435,4548,1996,10896,CD,3,D1_pwm200_grab4
21440,2004,1196,9000,CD,3,D1_pwm200_grab4
21444,-5376,-3184,10740,CD,3,D1_pwm200_grab4
21450,804,1740,10148,CD,3,D1_pwm200_grab4
21454,-272,2336,13116,CD,3,D1_pwm200_grab4
21459,-2624,-2616,7616,CD,3,D1_pwm200_grab4
21464,192,-3772,6692,CD,3,D1_pwm200_grab4
21470,840,-472,7988,CD,3,D1_pwm200_grab4
21475,4240,1316,13452,CD,3,D1_pwm200_grab4
21484,792,-1216,9148,CD,3,D1_pwm200_grab4
21490,2144,2112,10112,CD,3,D1_pwm200_grab4
21499,-3340,-5792,8484,CD,3,D1_pwm200_grab4
21504,-372,-2164,7984,CD,3,D1_pwm200_grab4
21509,1936,-940,10668,CD,3,D1_pwm200_grab4
21520,-92,-3192,8660,CD,3,D1_pwm200_grab4
21525,-144,924,11448,CD,3,D1_pwm200_grab4
21530,1492,28,10880,CD,3,D1_pwm200_grab4
21534,692,-4368,10648,CD,3,D1_pwm200_grab4
21539,-2708,-1244,7696,CD,3,D1_pwm200_grab4
21544,1440,916,12276,CD,3,D1_pwm200_grab4
21550,1452,-788,12924,CD,3,D1_pwm200_grab4
21555,2484,-644,8348,CD,3,D1_pwm200_grab4
21559,-3008,-220,9572,CD,3,D1_pwm200_grab4
21564,-1136,-680,8968,CD,3,D1_pwm200_grab4
21570,684,-2348,12496,CD,3,D1_pwm200_grab4
21574,-2560,-2380,8216,CD,3,D1_pwm200_grab4
21579,168,-28,11208,CD,3,D1_pwm200_grab4
21584,-2032,-312,9620,CD,3,D1_pwm200_grab4
21590,1032,-1872,10516,CD,3,D1_pwm200_grab4
21595,-2392,-220,11928,CD,3,D1_pwm200_grab4
21600,3076,3256,9408,CD,3,D1_pwm200_grab4
21605,-444,-2816,11928,CD,3,D1_pwm200_grab4
21610,644,-492,10780,CD,3,D1_pwm200_grab4
21615,312,16,13968,CD,3,D1_pwm200_grab4
21626,368,-2652,12316,CD,3,D1_pwm200_grab4
21632,2320,1752,12380,CD,3,D1_pwm200_grab4
21635,-308,-1008,9544,CD,3,D1_pwm200_grab4
21640,3556,-84,11208,CD,3,D1_pwm200_grab4
21645,1892,-920,11532,CD,3,D1_pwm200_grab4
21650,-124,-108,9792,CD,3,D1_pwm200_grab4
21656,1828,-348,13452,CD,3,D1_pwm200_grab4
21660,3184,-1164,10248,CD,3,D1_pwm200_grab4
21665,-2132,8,10112,CD,3,D1_pwm200_grab4
21671,2988,2164,9656,CD,3,D1_pwm200_grab4
21680,4272,-664,10240,CD,3,D1_pwm200_grab4
21686,-332,-2312,6600,CD,3,D1_pwm200_grab4
21690,4012,576,12008,CD,3,D1_pwm200_grab4
21696,4940,2460,9484,CD,3,D1_pwm200_grab4
21701,-2532,-1044,7496,CD,3,D1_pwm200_grab4
21706,1192,-360,10748,CD,3,D1_pwm200_grab4
21710,6336,2188,8260,CD,3,D1_pwm200_grab4
21716,1416,-404,10508,CD,3,D1_pwm200_grab4
21720,-2792,-3804,9600,CD,3,D1_pwm200_grab4
21731,3964,3312,11600,CD,3,D1_pwm200_grab4
21736,-1200,-696,7296,CD,3,D1_pwm200_grab4
21741,556,-2380,10948,CD,3,D1_pwm200_grab4
21750,356,-832,10688,CD,3,D1_pwm200_grab4
21755,2088,-2684,8704,CD,3,D1_pwm200_grab4
21760,1392,668,10432,CD,3,D1_pwm200_grab4
21766,2792,2724,6500,CD,3,D1_pwm200_grab4
21770,572,120,9884,CD,3,D1_pwm200_grab4
21775,240,-2520,8040,CD,3,D1_pwm200_grab4
21781,8580,2096,7744,CD,3,D1_pwm200_grab4
21786,-2080,892,11080,CD,3,D1_pwm200_grab4
21791,-4096,-4612,10420,CD,3,D1_pwm200_grab4
21796,3648,-1256,12496,CD,3,D1_pwm200_grab4
21801,-412,3260,11036,CD,3,D1_pwm200_grab4
21805,-312,60,10828,CD,3,D1_pwm200_grab4
21811,2208,100,10592,CD,3,D1_pwm200_grab4
21815,652,-1576,9960,CD,3,D1_pwm200_grab4
21820,-3888,-1088,11232,CD,3,D1_pwm200_grab4
21825,1384,-956,9320,CD,3,D1_pwm200_grab4
21830,1012,-744,7976,CD,3,D1_pwm200_grab4
21836,1724,2088,8428,CD,3,D1_pwm200_grab4
21841,-716,616,11628,CD,3,D1_pwm200_grab4
21846,-1348,-1980,7068,CD,3,D1_pwm200_grab4
21852,7204,132,11972,CD,3,D1_pwm200_grab4
21856,-3116,1624,12024,CD,3,D1_pwm200_grab4
21861,60,-2280,10560,CD,3,D1_pwm200_grab4
21866,-4264,640,8400,CD,3,D1_pwm200_grab4
21871,2912,4984,8124,CD,3,D1_pwm200_grab4
21877,-864,-440,12176,CD,3,D1_pwm200_grab4
21882,560,-424,8620,CD,3,D1_pwm200_grab4
21891,-5672,-1336,10764,CD,3,D1_pwm200_grab4
21896,5572,792,11784,CD,3,D1_pwm200_grab4
21902,-740,-816,10248,CD,3,D1_pwm200_grab4
21906,2872,1024,9460,CD,3,D1_pwm200_grab4
21911,-316,1868,13236,CD,3,D1_pwm200_grab4
21916,1256,644,10208,CD,3,D1_pwm200_grab4
21921,3056,-1104,11808,CD,3,D1_pwm200_grab4
21927,-136,2228,11504,CD,3,D1_pwm200_grab4
21931,4708,1852,12236,CD,3,D1_pwm200_grab4
21937,1376,-20,8396,CD,3,D1_pwm200_grab4
21941,-3920,-1152,9600,CD,3,D1_pwm200_grab4
21946,1868,1812,9140,CD,3,D1_pwm200_grab4
21956,-568,-956,6528,CD,3,D1_pwm200_grab4
21962,-2496,-1000,9956,CD,3,D1_pwm200_grab4
21966,4720,1028,10584,CD,3,D1_pwm200_grab4
21972,-252,-284,7916,CD,3,D1_pwm200_grab4
21976,-7156,-3884,8988,CD,3,D1_pwm200_grab4
21982,784,-144,9732,CD,3,D1_pwm200_grab4
21986,-748,1528,9836,CD,3,D1_pwm200_grab4
21991,-5492,-3472,12656,CD,3,D1_pwm200_grab4
21997,-2416,-3244,8940,CD,3,D1_pwm200_grab4
22002,2772,1592,9340,CD,3,D1_pwm200_grab4
22007,732,-156,5780,CD,3,D1_pwm200_grab4
22012,-5432,-3504,7808,CD,3,D1_pwm200_grab4
22016,-496,-1932,7992,CD,3,D1_pwm200_grab4
22022,2792,2164,9228,CD,3,D1_pwm200_grab4
22032,-1240,-3904,4992,CD,3,D1_pwm200_grab4
22036,472,-1568,7684,CD,3,D1_pwm200_grab4
22041,3832,1508,11416,CD,3,D1_pwm200_grab4
22051,568,-1412,8056,CD,3,D1_pwm200_grab4
22057,-360,676,8868,CD,3,D1_pwm200_grab4
22061,880,960,10224,CD,3,D1_pwm200_grab4
22067,-800,-3704,10836,CD,3,D1_pwm200_grab4
22071,-1368,-2800,7496,CD,3,D1_pwm200_grab4
22077,-164,-324,13528,CD,3,D1_pwm200_grab4
22086,-440,-2532,10532,CD,3,D1_pwm200_grab4
22091,332,1380,10364,CD,3,D1_pwm200_grab4
22097,-2404,-700,13036,CD,3,D1_pwm200_grab4
22102,-508,-5344,9868,CD,3,D1_pwm200_grab4
22107,-36,-832,8528,CD,3,D1_pwm200_grab4
22113,1380,56,14288,CD,3,D1_pwm200_grab4
22123,112,-1824,8808,CD,3,D1_pwm200_grab4
22127,1504,2768,10772,CD,3,D1_pwm200_grab4
22137,-3356,-4932,7804,CD,3,D1_pwm200_grab4
22142,1708,1128,11036,CD,3,D1_pwm200_grab4
22147,2332,1300,12884,CD,3,D1_pwm200_grab4
22152,-6816,-1336,12500,CD,3,D1_pwm200_grab4
22158,172,-2216,11280,CD,3,D1_pwm200_grab4
22163,416,1424,12820,CD,3,D1_pwm200_grab4
22167,2464,676,13804,CD,3,D1_pwm200_grab4
22172,84,-3112,10360,CD,3,D1_pwm200_grab4
22178,3172,-592,9980,CD,3,D1_pwm200_grab4
22188,1240,668,11544,CD,3,D1_pwm200_grab4
22192,2628,280,10512,CD,3,D1_pwm200_grab4
22197,-464,-484,10088,CD,3,D1_pwm200_grab4
22202,2216,748,8468,CD,3,D1_pwm200_grab4
22207,564,-568,11244,CD,3,D1_pwm200_grab4
22212,3000,-1140,9588,CD,3,D1_pwm200_grab4
22217,1336,-396,10156,CD,3,D1_pwm200_grab4
22222,-3148,-276,9868,CD,3,D1_pwm200_grab4
22228,992,-1908,9256,CD,3,D1_pwm200_grab4
22232,-1568,-2172,7896,CD,3,D1_pwm200_grab4
22238,1176,-724,8336,CD,3,D1_pwm200_grab4
22242,6020,3100,10396,CD,3,D1_pwm200_grab4
22247,2448,-1048,9120,CD,3,D1_pwm200_grab4
22257,2192,-1200,10928,CD,3,D1_pwm200_grab4
22263,3644,652,6856,CD,3,D1_pwm200_grab4
22268,-2648,-228,7812,CD,3,D1_pwm200_grab4
22273,900,-1588,7308,CD,3,D1_pwm200_grab4
22282,1788,884,9744,CD,3,D1_pwm200_grab4
22288,-1568,-2748,8028,CD,3,D1_pwm200_grab4
22293,2768,608,6636,CD,3,D1_pwm200_grab4
22297,4020,2508,10716,CD,3,D1_pwm200_grab4
22302,-2140,-2140,7520,CD,3,D1_pwm200_grab4
22307,-240,-2036,10444,CD,3,D1_pwm200_grab4
22313,6612,1424,8344,CD,3,D1_pwm200_grab4
22318,-3164,816,10828,CD,3,D1_pwm200_grab4
3005,2332,1804,10184,CD,0,D1_pwm200_grab5
3010,3132,-1936,12176,CD,0,D1_pwm200_grab5
3014,-5156,-1088,9892,CD,0,D1_pwm200_grab5
3019,1252,-1860,10972,CD,0,D1_pwm200_grab5
3025,-4480,1148,6916,CD,0,D1_pwm200_grab5
3030,2132,3064,7656,CD,0,D1_pwm200_grab5
3036,-3344,-1120,8980,CD,0,D1_pwm200_grab5
3041,-532,-876,8924,CD,0,D1_pwm200_grab5
3045,8608,1688,5488,CD,0,D1_pwm200_grab5
3050,0,1188,12492,CD,0,D1_pwm200_grab5
3055,-2760,-3060,11308,CD,0,D1_pwm200_grab5
3060,1984,1940,8620,CD,0,D1_pwm200_grab5
3066,5432,4308,13176,CD,0,D1_pwm200_grab5
3070,-1584,-672,10316,CD,0,D1_pwm200_grab5
3075,-64,-640,8592,CD,0,D1_pwm200_grab5
3081,10524,1896,9140,CD,0,D1_pwm200_grab5
3085,-520,1040,12652,CD,0,D1_pwm200_grab5
3091,-860,-1428,12144,CD,0,D1_pwm200_grab5
3100,5676,3964,14048,CD,0,D1_pwm200_grab5
3105,-1072,-576,10644,CD,0,D1_pwm200_grab5
3111,1920,-1936,12384,CD,0,D1_pwm200_grab5
3115,10144,1780,9744,CD,0,D1_pwm200_grab5
3120,1216,1988,11972,CD,0,D1_pwm200_grab5
3126,-1352,-1096,12136,CD,0,D1_pwm200_grab5
3130,4084,2324,15120,CD,0,D1_pwm200_grab5
3135,4416,3404,12788,CD,0,D1_pwm200_grab5
3140,192,-552,9696,CD,0,D1_pwm200_grab5
3146,2340,-900,12492,CD,0,D1_pwm200_grab5
3151,8712,3888,11400,CD,0,D1_pwm200_grab5
3155,2292,384,11420,CD,0,D1_pwm200_grab5
3160,-1696,-2184,8988,CD,0,D1_pwm200_grab5
3171,4896,2840,11556,CD,0,D1_pwm200_grab5
3175,604,-684,9552,CD,0,D1_pwm200_grab5
3181,1840,-1540,9792,CD,0,D1_pwm200_grab5
3185,9896,4820,10216,CD,0,D1_pwm200_grab5
3191,1292,-4,10892,CD,0,D1_pwm200_grab5
3195,-1032,-2756,4300,CD,0,D1_pwm200_grab5
3201,4156,1796,13332,CD,0,D1_pwm200_grab5
3206,3976,2588,10688,CD,0,D1_pwm200_grab5
3210,-1188,-316,7524,CD,0,D1_pwm200_grab5
3216,1696,-780,9688,CD,0,D1_pwm200_grab5
3220,5824,2976,7992,CD,0,D1_pwm200_grab5
3225,1500,512,11368,CD,0,D1_pwm200_grab5
3230,-2724,-4264,5160,CD,0,D1_pwm200_grab5
3236,1640,-2028,10388,CD,0,D1_pwm200_grab5
3241,1256,-596,8944,CD,0,D1_pwm200_grab5
3245,-1484,-452,7660,CD,0,D1_pwm200_grab5
3250,612,-1992,9092,CD,0,D1_pwm200_grab5
3255,6220,2928,7244,CD,0,D1_pwm200_grab5
3260,636,-136,12956,CD,0,D1_pwm200_grab5
3265,-3424,-4396,4648,CD,0,D1_pwm200_grab5
3270,144,-368,9336,CD,0,D1_pwm200_grab5
3276,1244,-576,9228,CD,0,D1_pwm200_grab5
3281,-2184,-692,9544,CD,0,D1_pwm200_grab5
3286,-1052,-1184,5828,CD,0,D1_pwm200_grab5
3291,284,-2752,12716,CD,0,D1_pwm200_grab5
3296,-1420,-3100,8080,CD,0,D1_pwm200_grab5
3302,1076,-820,14588,CD,0,D1_pwm200_grab5
3311,1572,-996,10104,CD,0,D1_pwm200_grab5
3317,-1092,196,10372,CD,0,D1_pwm200_grab5
3322,-5600,-3168,12368,CD,0,D1_pwm200_grab5
3332,-128,-332,10704,CD,0,D1_pwm200_grab5
3336,1144,-1008,14940,CD,0,D1_pwm200_grab5
3346,1692,-920,10268,CD,0,D1_pwm200_grab5
3351,-920,840,11912,CD,0,D1_pwm200_grab5
3357,-5640,-3028,12276,CD,0,D1_pwm200_grab5
3362,-3020,-4020,10720,CD,0,D1_pwm200_grab5
3366,2732,580,10992,CD,0,D1_pwm200_grab5
3371,3212,88,15500,CD,0,D1_pwm200_grab5
3381,1168,-512,10068,CD,0,D1_pwm200_grab5
3387,-296,932,11984,CD,0,D1_pwm200_grab5
3391,-2628,-256,14032,CD,0,D1_pwm200_grab5
3402,4156,1644,10140,CD,0,D1_pwm200_grab5
3411,-1084,-804,9112,CD,0,D1_pwm200_grab5
3417,1348,-916,9860,CD,0,D1_pwm200_grab5
3421,-1576,2160,10644,CD,0,D1_pwm200_grab5
3427,-2644,-144,14092,CD,0,D1_pwm200_grab5
3436,4272,1556,9892,CD,0,D1_pwm200_grab5
3442,-132,628,6036,CD,0,D1_pwm200_grab5
3446,-860,-920,9000,CD,0,D1_pwm200_grab5
3452,176,-248,8028,CD,0,D1_pwm200_grab5
3457,-1572,2392,10336,CD,0,D1_pwm200_grab5
3461,-3068,-852,7068,CD,0,D1_pwm200_grab5
3471,3144,-536,8404,CD,0,D1_pwm200_grab5
3476,-548,308,5784,CD,0,D1_pwm200_grab5
3482,-36,-336,9184,CD,0,D1_pwm200_grab5
3486,-68,-420,7904,CD,0,D1_pwm200_grab5
3491,920,740,6644,CD,0,D1_pwm200_grab5
3496,8404,176,10672,CD,0,D1_pwm200_grab5
3506,2876,-416,8716,CD,0,D1_pwm200_grab5
3511,-988,-64,5560,CD,0,D1_pwm200_grab5
3517,68,88,9456,CD,0,D1_pwm200_grab5
3521,-712,-392,9472,CD,0,D1_pwm200_grab5
3526,484,164,6172,CD,0,D1_pwm200_grab5
3537,-3068,764,9928,CD,0,D1_pwm200_grab5
3542,248,-1944,12636,CD,0,D1_pwm200_grab5
3557,-2708,-936,8800,CD,0,D1_pwm200_grab5
3562,180,-3504,10880,CD,0,D1_pwm200_grab5
3568,6372,808,10284,CD,0,D1_pwm200_grab5
3573,2568,-56,12928,CD,0,D1_pwm200_grab5
3582,252,608,10500,CD,0,D1_pwm200_grab5
3592,-2052,-756,9080,CD,0,D1_pwm200_grab5
3602,6168,2812,14280,CD,0,D1_pwm200_grab5
3607,3032,-140,12696,CD,0,D1_pwm200_grab5
3612,-980,-2504,7832,CD,0,D1_pwm200_grab5
3618,-864,1412,9324,CD,0,D1_pwm200_grab5
3623,3444,44,11168,CD,0,D1_pwm200_grab5
3627,612,-556,11048,CD,0,D1_pwm200_grab5
3632,60,-3656,10116,CD,0,D1_pwm200_grab5
3637,6224,3116,14736,CD,0,D1_pwm200_grab5
3642,3276,-328,12300,CD,0,D1_pwm200_grab5
3647,-516,-2260,8556,CD,0,D1_pwm200_grab5
3652,-1964,1604,8596,CD,0,D1_pwm200_grab5
3657,3608,-812,11232,CD,0,D1_pwm200_grab5
3663,-3476,-100,10984,CD,0,D1_pwm200_grab5
3667,-436,672,14296,CD,0,D1_pwm200_grab5
3672,5940,2908,14600,CD,0,D1_pwm200_grab5
3677,3592,348,10388,CD,0,D1_pwm200_grab5
3683,-92,-2044,9080,CD,0,D1_pwm200_grab5
3688,-6676,-2604,9972,CD,0,D1_pwm200_grab5
3692,3504,-1452,11392,CD,0,D1_pwm200_grab5
3697,1560,712,11004,CD,0,D1_pwm200_grab5
3702,-3104,1324,11628,CD,0,D1_pwm200_grab5
3708,388,-3016,6280,CD,0,D1_pwm200_grab5
3713,3704,204,9780,CD,0,D1_pwm200_grab5
3718,1364,-2708,12688,CD,0,D1_pwm200_grab5
3722,-8004,-3152,10420,CD,0,D1_pwm200_grab5
3728,1528,-2052,8244,CD,0,D1_pwm200_grab5
3732,2084,-80,11532,CD,0,D1_pwm200_grab5
3737,-8212,-216,10328,CD,0,D1_pwm200_grab5
3742,-528,-3448,7068,CD,0,D1_pwm200_grab5
3747,-1060,-1440,9516,CD,0,D1_pwm200_grab5
3753,2660,944,7340,CD,0,D1_pwm200_grab5
3762,1292,-2076,7880,CD,0,D1_pwm200_grab5
3767,-1384,800,8256,CD,0,D1_pwm200_grab5
3772,-7700,-828,10688,CD,0,D1_pwm200_grab5
3783,-1120,-1436,10028,CD,0,D1_pwm200_grab5
3792,-6384,-1072,11704,CD,0,D1_pwm200_grab5
3798,-2532,-740,8784,CD,0,D1_pwm200_grab5
3804,2088,2656,12292,CD,0,D1_pwm200_grab5
3809,1512,-3504,9520,CD,0,D1_pwm200_grab5
3813,-5168,-2344,10536,CD,0,D1_pwm200_grab5
3819,1064,-116,10960,CD,0,D1_pwm200_grab5
3823,-5780,1036,6564,CD,0,D1_pwm200_grab5
3829,708,3740,9172,CD,0,D1_pwm200_grab5
3833,-32,-288,8028,CD,0,D1_pwm200_grab5
3838,-2568,-2624,10744,CD,0,D1_pwm200_grab5
3844,2900,-3372,10224,CD,0,D1_pwm200_grab5
3849,-2280,436,11144,CD,0,D1_pwm200_grab5
3853,788,92,11100,CD,0,D1_pwm200_grab5
3858,6344,-736,15928,CD,0,D1_pwm200_grab5
3864,1076,3756,10036,CD,0,D1_pwm200_grab5
3868,460,28,10720,CD,0,D1_pwm200_grab5
3873,-2244,-2360,11556,CD,0,D1_pwm200_grab5
3879,9440,2900,10904,CD,0,D1_pwm200_grab5
3883,-1952,904,11320,CD,0,D1_pwm200_grab5
3888,1656,200,10724,CD,0,D1_pwm200_grab5
3899,5304,2516,12008,CD,0,D1_pwm200_grab5
3904,780,52,10960,CD,0,D1_pwm200_grab5
3909,2292,-1340,12548,CD,0,D1_pwm200_grab5
3913,9332,2720,11416,CD,0,D1_pwm200_grab5
3918,3056,1020,12092,CD,0,D1_pwm200_grab5
3923,-1460,-3680,8016,CD,0,D1_pwm200_grab5
3933,5676,2652,12140,CD,0,D1_pwm200_grab5
3938,1308,460,8924,CD,0,D1_pwm200_grab5
3943,2672,-1616,12040,CD,0,D1_pwm200_grab5
3949,8756,4132,11908,CD,0,D1_pwm200_grab5
3953,3004,588,11888,CD,0,D1_pwm200_grab5
3958,-160,-3864,6556,CD,0,D1_pwm200_grab5
3964,2056,-1112,10360,CD,0,D1_pwm200_grab5
3969,4816,3696,10104,CD,0,D1_pwm200_grab5
3974,1256,580,8652,CD,0,D1_pwm200_grab5
3978,1948,-1808,7804,CD,0,D1_pwm200_grab5
3983,8340,3808,11784,CD,0,D1_pwm200_grab5
3989,692,-316,11544,CD,0,D1_pwm200_grab5
3994,-276,-3736,6432,CD,0,D1_pwm200_grab5
3999,-2788,352,7860,CD,0,D1_pwm200_grab5
4004,2916,-628,9572,CD,0,D1_pwm200_grab5
4008,-2204,8,9380,CD,0,D1_pwm200_grab5
4013,1400,-1908,7404,CD,0,D1_pwm200_grab5
4018,3176,180,9200,CD,0,D1_pwm200_grab5
4023,756,-476,11516,CD,0,D1_pwm200_grab5
4028,-3280,-3652,7700,CD,0,D1_pwm200_grab5
4034,-3148,356,7976,CD,0,D1_pwm200_grab5
4038,-120,-1280,9360,CD,0,D1_pwm200_grab5
4043,-1944,-88,9732,CD,0,D1_pwm200_grab5
4049,-3612,108,12344,CD,0,D1_pwm200_grab5
4055,-1648,-3540,7336,CD,0,D1_pwm200_grab5
4060,-2548,-1268,9144,CD,0,D1_pwm200_grab5
4065,796,1500,10920,CD,0,D1_pwm200_grab5
4074,-672,-1600,7560,CD,0,D1_pwm200_grab5
4080,-2292,936,15292,CD,0,D1_pwm200_grab5
4084,-2568,-2592,13064,CD,0,D1_pwm200_grab5
4090,-7228,-4740,11964,CD,0,D1_pwm200_grab5
4094,1548,572,12268,CD,0,D1_pwm200_grab5
4100,2308,1820,11132,CD,0,D1_pwm200_grab5
4109,-444,-1120,10964,CD,0,D1_pwm200_grab5
4115,-1848,796,15548,CD,0,D1_pwm200_grab5
4119,-912,-2480,10308,CD,0,D1_pwm200_grab5
4124,-7012,-4380,12320,CD,0,D1_pwm200_grab5
4129,5144,1340,11568,CD,0,D1_pwm200_grab5
4134,-480,1292,7108,CD,0,D1_pwm200_grab5
4139,-7176,-1968,12316,CD,0,D1_pwm200_grab5
4145,-432,-1040,11096,CD,0,D1_pwm200_grab5
4150,1368,3428,15784,CD,0,D1_pwm200_grab5
4154,-848,-2268,10552,CD,0,D1_pwm200_grab5
4159,-5604,-2728,10372,CD,0,D1_pwm200_grab5
4165,5188,1452,11596,CD,0,D1_pwm200_grab5
4170,2812,328,11188,CD,0,D1_pwm200_grab5
4174,1772,164,9572,CD,0,D1_pwm200_grab5
4179,1548,924,11532,CD,0,D1_pwm200_grab5
4185,1204,3184,15536,CD,0,D1_pwm200_grab5
4189,-632,-1948,10760,CD,0,D1_pwm200_grab5
4195,-5572,-2780,10220,CD,0,D1_pwm200_grab5
4199,5604,1436,9300,CD,0,D1_pwm200_grab5
4205,2404,252,10608,CD,0,D1_pwm200_grab5
4209,4592,236,7224,CD,0,D1_pwm200_grab5
4214,1240,948,11328,CD,0,D1_pwm200_grab5
4220,2332,1824,7060,CD,0,D1_pwm200_grab5
4225,128,-736,6344,CD,0,D1_pwm200_grab5
4229,-5628,-2952,10424,CD,0,D1_pwm200_grab5
4235,5308,1300,9192,CD,0,D1_pwm200_grab5
4240,1644,308,9816,CD,0,D1_pwm200_grab5
4245,4196,-288,7684,CD,0,D1_pwm200_grab5
4250,900,988,10896,CD,0,D1_pwm200_grab5
4255,2372,1876,7028,CD,0,D1_pwm200_grab5
4264,252,1996,9352,CD,0,D1_pwm200_grab5
4269,5092,1200,9116,CD,0,D1_pwm200_grab5
4275,972,-1860,9744,CD,0,D1_pwm200_grab5
4279,3372,-764,8020,CD,0,D1_pwm200_grab5
4284,-756,256,8324,CD,0,D1_pwm200_grab5
4289,2408,2400,7244,CD,0,D1_pwm200_grab5
4294,8148,1064,5844,CD,0,D1_pwm200_grab5
4300,-492,1688,9172,CD,0,D1_pwm200_grab5
4305,-1304,-3012,11184,CD,0,D1_pwm200_grab5
4316,4068,3404,11144,CD,0,D1_pwm200_grab5
4320,-1572,-224,8084,CD,0,D1_pwm200_grab5
4326,760,-2732,10028,CD,0,D1_pwm200_grab5
4330,5640,2276,7760,CD,0,D1_pwm200_grab5
4335,832,-160,13988,CD,0,D1_pwm200_grab5
4341,-4536,-5088,4904,CD,0,D1_pwm200_grab5
4345,2596,12,14092,CD,0,D1_pwm200_grab5
4350,1728,1124,9572,CD,0,D1_pwm200_grab5
4356,-1316,-516,9236,CD,0,D1_pwm200_grab5
4360,-20,-2760,9956,CD,0,D1_pwm200_grab5
4365,6664,1500,12636,CD,0,D1_pwm200_grab5
4371,1180,424,14376,CD,0,D1_pwm200_grab5
4376,-3316,-4332,6676,CD,0,D1_pwm200_grab5
4380,2608,1672,14396,CD,0,D1_pwm200_grab5
4385,3368,1324,11816,CD,0,D1_pwm200_grab5
4390,-2200,-2356,9440,CD,0,D1_pwm200_grab5
4395,664,-2492,11028,CD,0,D1_pwm200_grab5
4401,6928,2360,11604,CD,0,D1_pwm200_grab5
4405,3592,1048,12952,CD,0,D1_pwm200_grab5
4410,-3220,-4120,6388,CD,0,D1_pwm200_grab5
4416,3204,176,15140,CD,0,D1_pwm200_grab5
4420,3756,2060,10988,CD,0,D1_pwm200_grab5
4426,-2364,-2024,10400,CD,0,D1_pwm200_grab5
4431,2108,-928,8760,CD,0,D1_pwm200_grab5
4436,4712,1184,10764,CD,0,D1_pwm200_grab5
4441,3824,1572,12820,CD,0,D1_pwm200_grab5
4446,-1600,-4548,6524,CD,0,D1_pwm200_grab5
4450,2956,1324,14528,CD,0,D1_pwm200_grab5
4455,4192,828,9868,CD,0,D1_pwm200_grab5
4460,-1712,-1244,9892,CD,0,D1_pwm200_grab5
4465,4180,1200,7900,CD,0,D1_pwm200_grab5
4470,6124,2100,11804,CD,0,D1_pwm200_grab5
4476,1076,-1568,7300,CD,0,D1_pwm200_grab5
4481,-1628,-3960,6840,CD,0,D1_pwm200_grab5
4486,3976,60,13580,CD,0,D1_pwm200_grab5
4490,4240,1508,8772,CD,0,D1_pwm200_grab5
4496,-1640,-2092,7308,CD,0,D1_pwm200_grab5
4500,2648,216,6464,CD,0,D1_pwm200_grab5
4505,3640,2040,8420,CD,0,D1_pwm200_grab5
4511,1244,-776,8468,CD,0,D1_pwm200_grab5
4515,1172,-1772,9148,CD,0,D1_pwm200_grab5
4520,-6752,-1068,8232,CD,0,D1_pwm200_grab5
4525,2964,1612,8716,CD,0,D1_pwm200_grab5
4530,-1188,-960,7496,CD,0,D1_pwm200_grab5
4535,1604,-300,5196,CD,0,D1_pwm200_grab5
4540,4692,2228,9752,CD,0,D1_pwm200_grab5
4545,44,-1280,10364,CD,0,D1_pwm200_grab5
4551,-936,-3008,7292,CD,0,D1_pwm200_grab5
4555,-7140,-260,9048,CD,0,D1_pwm200_grab5
4560,124,-1600,8336,CD,0,D1_pwm200_grab5
4567,-1184,-268,9832,CD,0,D1_pwm200_grab5
4571,348,-188,12272,CD,0,D1_pwm200_grab5
4576,-1068,-4348,8216,CD,0,D1_pwm200_grab5
4581,-1120,-2300,7232,CD,0,D1_pwm200_grab5
4587,1500,4168,11560,CD,0,D1_pwm200_grab5
4597,-440,-1652,8800,CD,0,D1_pwm200_grab5
4602,-2912,536,9256,CD,0,D1_pwm200_grab5
4606,-4572,-3364,11616,CD,0,D1_pwm200_grab5
4612,-636,-3844,9228,CD,0,D1_pwm200_grab5
4616,-1376,-148,10648,CD,0,D1_pwm200_grab5
4621,1196,1576,13912,CD,0,D1_pwm200_grab5
4632,476,-1576,8876,CD,0,D1_pwm200_grab5
4636,-956,344,12424,CD,0,D1_pwm200_grab5
4641,-8108,-2788,9756,CD,0,D1_pwm200_grab5
4646,-5228,-5544,10560,CD,0,D1_pwm200_grab5
4651,-892,-496,10456,CD,0,D1_pwm200_grab5
4656,3052,1044,15992,CD,0,D1_pwm200_grab5
4666,996,-1580,10656,CD,0,D1_pwm200_grab5
4671,1244,132,13036,CD,0,D1_pwm200_grab5
4676,-7452,-4,10508,CD,0,D1_pwm200_grab5
4681,-3128,-4700,9544,CD,0,D1_pwm200_grab5
4687,2868,860,9992,CD,0,D1_pwm200_grab5
4691,1824,1288,8380,CD,0,D1_pwm200_grab5
4702,1088,-2504,11724,CD,0,D1_pwm200_grab5
4706,1424,1144,11104,CD,0,D1_pwm200_grab5
4711,-3392,3172,14124,CD,0,D1_pwm200_grab5
4716,-1500,-3856,7492,CD,0,D1_pwm200_grab5
4721,2268,-124,8688,CD,0,D1_pwm200_grab5
4726,2128,172,10512,CD,0,D1_pwm200_grab5
4732,-8596,-3232,10900,CD,0,D1_pwm200_grab5
4737,1384,-2556,10068,CD,0,D1_pwm200_grab5
4741,348,588,9684,CD,0,D1_pwm200_grab5
4747,-1520,2904,12784,CD,0,D1_pwm200_grab5
4751,-304,-2476,6564,CD,0,D1_pwm200_grab5
4757,1748,-1808,6644,CD,0,D1_pwm200_grab5
4762,3180,1292,12988,CD,0,D1_pwm200_grab5
4766,-9464,-4080,11196,CD,0,D1_pwm200_grab5
4772,576,-1768,7988,CD,0,D1_pwm200_grab5
4776,-1764,2516,9900,CD,0,D1_pwm200_grab5
4781,2572,2584,11420,CD,0,D1_pwm200_grab5
4786,1064,-1824,9212,CD,0,D1_pwm200_grab5
4792,824,-1888,6368,CD,0,D1_pwm200_grab5
4796,2760,-1828,15068,CD,0,D1_pwm200_grab5
4801,-10540,-3084,12136,CD,0,D1_pwm200_grab5
4807,1184,-2512,7828,CD,0,D1_pwm200_grab5
4811,-692,1036,8420,CD,0,D1_pwm200_grab5
4816,-8680,1540,10656,CD,0,D1_pwm200_grab5
4822,-4776,-6968,5992,CD,0,D1_pwm200_grab5
4827,920,148,11096,CD,0,D1_pwm200_grab5
4832,-576,-316,6496,CD,0,D1_pwm200_grab5
4837,-5888,-108,11276,CD,0,D1_pwm200_grab5
4842,-2240,-1092,8896,CD,0,D1_pwm200_grab5
4847,308,1684,13652,CD,0,D1_pwm200_grab5
4852,-4520,-3420,5136,CD,0,D1_pwm200_grab5
4857,-5192,-4212,9744,CD,0,D1_pwm200_grab5
4862,2356,1124,11188,CD,0,D1_pwm200_grab5
4867,716,608,9676,CD,0,D1_pwm200_grab5
4873,-8720,-2028,10896,CD,0,D1_pwm200_grab5
4877,-2248,-2208,8872,CD,0,D1_pwm200_grab5
4883,-1228,1760,14260,CD,0,D1_pwm200_grab5
4887,-6324,-2336,9408,CD,0,D1_pwm200_grab5
4893,-4540,-5244,10592,CD,0,D1_pwm200_grab5
4898,4028,2968,11636,CD,0,D1_pwm200_grab5
4903,504,1500,6656,CD,0,D1_pwm200_grab5
4907,-9960,-1852,14192,CD,0,D1_pwm200_grab5
4913,948,-1816,11432,CD,0,D1_pwm200_grab5
4917,-1916,700,10852,CD,0,D1_pwm200_grab5
4922,-4464,-1516,13828,CD,0,D1_pwm200_grab5
4928,-4080,-6660,9156,CD,0,D1_pwm200_grab5
4933,3260,1364,11256,CD,0,D1_pwm200_grab5
4937,344,2148,8288,CD,0,D1_pwm200_grab5
4942,-1580,-1036,12752,CD,0,D1_pwm200_grab5
4948,-740,376,11012,CD,0,D1_pwm200_grab5
4952,-168,1000,11232,CD,0,D1_pwm200_grab5
4958,-8444,-344,12220,CD,0,D1_pwm200_grab5
4962,-3196,-4876,7120,CD,0,D1_pwm200_grab5
4968,1884,676,10208,CD,0,D1_pwm200_grab5
4972,1992,560,9476,CD,0,D1_pwm200_grab5
4977,-5476,-2224,11776,CD,0,D1_pwm200_grab5
4982,548,-800,9864,CD,0,D1_pwm200_grab5
4992,-8440,1656,10648,CD,0,D1_pwm200_grab5
4998,136,-3504,6936,CD,0,D1_pwm200_grab5
5002,660,-888,8392,CD,0,D1_pwm200_grab5
5007,4148,676,11368,CD,0,D1_pwm200_grab5
5013,-8716,-3648,9860,CD,0,D1_pwm200_grab5
5018,928,-1932,9508,CD,0,D1_pwm200_grab5
5023,-428,3644,12340,CD,0,D1_pwm200_grab5
5028,-2020,644,9972,CD,0,D1_pwm200_grab5
5032,-5512,-4296,9456,CD,0,D1_pwm200_grab5
5037,156,-2152,7616,CD,0,D1_pwm200_grab5
5043,2832,1496,10116,CD,0,D1_pwm200_grab5
5052,-1188,-2228,7812,CD,0,D1_pwm200_grab5
5057,-1732,2644,9864,CD,0,D1_pwm200_grab5
5062,-5240,-1428,8508,CD,0,D1_pwm200_grab5
5067,-4344,-5860,8108,CD,0,D1_pwm200_grab5
5072,2028,-424,9208,CD,0,D1_pwm200_grab5
5078,-1020,-92,5800,CD,0,D1_pwm200_grab5
5083,-4684,-888,10532,CD,0,D1_pwm200_grab5
5088,-744,348,6620,CD,0,D1_pwm200_grab5
5094,708,920,10904,CD,0,D1_pwm200_grab5
5098,240,-2612,8536,CD,0,D1_pwm200_grab5
5104,-6620,-3116,9712,CD,0,D1_pwm200_grab5
5108,2440,572,12008,CD,0,D1_pwm200_grab5
5114,164,-1344,9132,CD,0,D1_pwm200_grab5
5118,1700,968,8008,CD,0,D1_pwm200_grab5
5123,-476,196,9248,CD,0,D1_pwm200_grab5
5128,-1748,1364,13016,CD,0,D1_pwm200_grab5
5134,-924,-4292,9036,CD,0,D1_pwm200_grab5
5138,-7516,-4820,8644,CD,0,D1_pwm200_grab5
5144,5388,1100,12236,CD,0,D1_pwm200_grab5
5148,-1892,292,6996,CD,0,D1_pwm200_grab5
5153,2396,804,9464,CD,0,D1_pwm200_grab5
5158,-1984,552,11280,CD,0,D1_pwm200_grab5
5169,-2944,-2848,10516,CD,0,D1_pwm200_grab5
5173,-5624,-3564,10356,CD,0,D1_pwm200_grab5
5178,4996,1468,11352,CD,0,D1_pwm200_grab5
5183,-32,984,7540,CD,0,D1_pwm200_grab5
5188,-1704,672,9368,CD,0,D1_pwm200_grab5
5193,1364,1240,12764,CD,0,D1_pwm200_grab5
5198,2204,1168,13132,CD,0,D1_pwm200_grab5
5204,5696,-1712,14148,CD,0,D1_pwm200_grab5
5208,-4724,-4600,9600,CD,0,D1_pwm200_grab5
5214,5000,2236,10316,CD,0,D1_pwm200_grab5
5219,1416,2072,5888,CD,0,D1_pwm200_grab5
5223,-1628,-832,9700,CD,0,D1_pwm200_grab5
5228,1892,840,11616,CD,0,D1_pwm200_grab5
5233,3556,3340,12884,CD,0,D1_pwm200_grab5
5238,1072,-2316,10756,CD,0,D1_pwm200_grab5
5243,-2432,280,10084,CD,0,D1_pwm200_grab5
5249,3612,892,10080,CD,0,D1_pwm200_grab5
5253,624,572,7420,CD,0,D1_pwm200_grab5
5258,-5080,-1552,9568,CD,0,D1_pwm200_grab5
5264,392,568,7796,CD,0,D1_pwm200_grab5
5269,1452,4088,14152,CD,0,D1_pwm200_grab5
5274,364,-1236,7940,CD,0,D1_pwm200_grab5
5278,-3256,-1672,8268,CD,0,D1_pwm200_grab5
5284,3024,1060,11344,CD,0,D1_pwm200_grab5
5289,1248,-136,7840,CD,0,D1_pwm200_grab5
5293,-7724,-2912,9052,CD,0,D1_pwm200_grab5
5299,584,-1200,7276,CD,0,D1_pwm200_grab5
5303,-412,3128,11764,CD,0,D1_pwm200_grab5
5309,-2276,-516,10028,CD,0,D1_pwm200_grab5
5313,-5600,-4364,7836,CD,0,D1_pwm200_grab5
5318,2520,544,10136,CD,0,D1_pwm200_grab5
5324,-1740,-376,5628,CD,0,D1_pwm200_grab5
5329,-3028,-1024,8728,CD,0,D1_pwm200_grab5
5334,-3120,848,10080,CD,0,D1_pwm200_grab5
5339,1908,2632,9892,CD,0,D1_pwm200_grab5
5345,1476,-3948,10468,CD,0,D1_pwm200_grab5
5349,-4816,-1740,12348,CD,0,D1_pwm200_grab5
5355,364,-624,9576,CD,0,D1_pwm200_grab5
5360,-1536,-1512,9216,CD,0,D1_pwm200_grab5
5364,1052,4104,8288,CD,0,D1_pwm200_grab5
5369,-76,736,9252,CD,0,D1_pwm200_grab5
5376,-2556,-2980,9660,CD,0,D1_pwm200_grab5
5380,-3456,-4232,6236,CD,0,D1_pwm200_grab5
5384,-4360,-2660,11100,CD,0,D1_pwm200_grab5
5390,2804,1284,11456,CD,0,D1_pwm200_grab5
5394,2076,428,11616,CD,0,D1_pwm200_grab5
5400,1084,1804,10096,CD,0,D1_pwm200_grab5
5405,80,1120,12248,CD,0,D1_pwm200_grab5
5410,-1212,-424,9944,CD,0,D1_pwm200_grab5
5415,8692,340,10208,CD,0,D1_pwm200_grab5
5419,-5000,-4160,10208,CD,0,D1_pwm200_grab5
5424,2428,1596,11492,CD,0,D1_pwm200_grab5
5430,188,1124,8728,CD,0,D1_pwm200_grab5
5434,-2872,688,10488,CD,0,D1_pwm200_grab5
5439,-760,1340,11772,CD,0,D1_pwm200_grab5
5444,512,1080,13332,CD,0,D1_pwm200_grab5
5449,4052,-3324,13348,CD,0,D1_pwm200_grab5
5454,-2996,2172,12372,CD,0,D1_pwm200_grab5
5459,3900,760,10564,CD,0,D1_pwm200_grab5
5464,304,1960,7780,CD,0,D1_pwm200_grab5
5469,-1268,-1272,12168,CD,0,D1_pwm200_grab5
5475,-152,548,11232,CD,0,D1_pwm200_grab5
5479,4048,3316,15360,CD,0,D1_pwm200_grab5
5484,-344,-3356,8492,CD,0,D1_pwm200_grab5
5489,-4780,-796,10872,CD,0,D1_pwm200_grab5
5495,6436,2236,12244,CD,0,D1_pwm200_grab5
5500,2180,-512,10724,CD,0,D1_pwm200_grab5
5505,-5936,-3096,11432,CD,0,D1_pwm200_grab5
5509,604,-236,9732,CD,0,D1_pwm200_grab5
5515,1072,3968,16112,CD,0,D1_pwm200_grab5
5519,288,-1768,7072,CD,0,D1_pwm200_grab5
5525,-4988,-2968,9576,CD,0,D1_pwm200_grab5
5529,5596,2360,10192,CD,0,D1_pwm200_grab5
5534,328,228,7720,CD,0,D1_pwm200_grab5
5540,1804,-1512,7588,CD,0,D1_pwm200_grab5
5544,1104,1828,11072,CD,0,D1_pwm200_grab5
5549,-940,4012,11892,CD,0,D1_pwm200_grab5
5554,-2524,-228,10260,CD,0,D1_pwm200_grab5
5560,-5012,-4960,9660,CD,0,D1_pwm200_grab5
5565,4488,1644,8572,CD,0,D1_pwm200_grab5
5569,-416,-416,4996,CD,0,D1_pwm200_grab5
5574,-2088,-2272,9516,CD,0,D1_pwm200_grab5
5579,-800,512,7312,CD,0,D1_pwm200_grab5
5584,3508,4412,11420,CD,0,D1_pwm200_grab5
5590,1056,-2084,9008,CD,0,D1_pwm200_grab5
5595,-3456,-1080,8420,CD,0,D1_pwm200_grab5
5600,2224,-196,10860,CD,0,D1_pwm200_grab5
5606,1492,-356,8608,CD,0,D1_pwm200_grab5
5611,1712,1508,7468,CD,0,D1_pwm200_grab5
5615,-1392,1080,10512,CD,0,D1_pwm200_grab5
5621,112,12,7884,CD,0,D1_pwm200_grab5
5626,6184,208,7768,CD,0,D1_pwm200_grab5
5630,-2120,1044,12820,CD,0,D1_pwm200_grab5
5635,2348,1028,11888,CD,0,D1_pwm200_grab5
5640,-2296,-408,6796,CD,0,D1_pwm200_grab5
5645,-1604,-144,7952,CD,0,D1_pwm200_grab5
5651,-2176,656,11132,CD,0,D1_pwm200_grab5
5655,1376,1672,10472,CD,0,D1_pwm200_grab5
5661,3712,-3464,13260,CD,0,D1_pwm200_grab5
5665,-4180,-1488,12876,CD,0,D1_pwm200_grab5
5671,808,412,11240,CD,0,D1_pwm200_grab5
5675,-872,1412,4368,CD,0,D1_pwm200_grab5
5680,-2504,-36,10016,CD,0,D1_pwm200_grab5
5685,-1352,-520,10372,CD,0,D1_pwm200_grab5
5690,2436,1824,13392,CD,0,D1_pwm200_grab5
5695,-1960,-4072,8896,CD,0,D1_pwm200_grab5
5700,-3316,-1588,11500,CD,0,D1_pwm200_grab5
5705,3904,1748,11764,CD,0,D1_pwm200_grab5
5711,2040,-388,12320,CD,0,D1_pwm200_grab5
5715,2684,1388,10672,CD,0,D1_pwm200_grab5
5721,2140,148,11436,CD,0,D1_pwm200_grab5
5725,136,2316,15764,CD,0,D1_pwm200_grab5
5731,-596,-2804,9404,CD,0,D1_pwm200_grab5
5736,-4300,-3512,9564,CD,0,D1_pwm200_grab5
5740,5008,2416,10736,CD,0,D1_pwm200_grab5
5745,384,72,7840,CD,0,D1_pwm200_grab5
5750,1740,-840,9928,CD,0,D1_pwm200_grab5
5755,-376,940,11488,CD,0,D1_pwm200_grab5
5760,144,4076,14028,CD,0,D1_pwm200_grab5
5765,-3248,-1576,13136,CD,0,D1_pwm200_grab5
5770,-2384,-3340,7904,CD,0,D1_pwm200_grab5
5776,4056,1236,9076,CD,0,D1_pwm200_grab5
5780,2292,680,5564,CD,0,D1_pwm200_grab5
5786,-2612,-1888,11640,CD,0,D1_pwm200_grab5
5791,40,536,9408,CD,0,D1_pwm200_grab5
5795,2960,3264,12652,CD,0,D1_pwm200_grab5
5800,752,-2196,7796,CD,0,D1_pwm200_grab5
5806,-860,-4464,6184,CD,0,D1_pwm200_grab5
5811,796,-192,9944,CD,0,D1_pwm200_grab5
5815,2456,-20,8912,CD,0,D1_pwm200_grab5
5821,-6904,-2380,9820,CD,0,D1_pwm200_grab5
5825,408,-320,8404,CD,0,D1_pwm200_grab5
5831,272,3100,12680,CD,0,D1_pwm200_grab5
5836,-1576,-2344,5572,CD,0,D1_pwm200_grab5
5841,-6252,-3692,10252,CD,0,D1_pwm200_grab5
5847,4248,1496,9416,CD,0,D1_pwm200_grab5
5852,-1556,-496,6680,CD,0,D1_pwm200_grab5
5857,-444,-1432,7940,CD,0,D1_pwm200_grab5
5862,-976,736,9140,CD,0,D1_pwm200_grab5
5866,2096,1840,8396,CD,0,D1_pwm200_grab5
5872,4448,-3248,12768,CD,0,D1_pwm200_grab5
5876,-3964,-1184,9944,CD,0,D1_pwm200_grab5
5882,1628,-1144,10704,CD,0,D1_pwm200_grab5
5888,-2460,-516,8376,CD,0,D1_pwm200_grab5
5892,-4344,52,11200,CD,0,D1_pwm200_grab5
5897,-576,-256,7880,CD,0,D1_pwm200_grab5
5901,472,1036,13696,CD,0,D1_pwm200_grab5
5906,-416,-3964,8144,CD,0,D1_pwm200_grab5
5911,-6208,-2388,11736,CD,0,D1_pwm200_grab5
5916,3660,720,11508,CD,0,D1_pwm200_grab5
5921,564,584,9976,CD,0,D1_pwm200_grab5
5926,2400,1528,8800,CD,0,D1_pwm200_grab5
5932,16,356,10928,CD,0,D1_pwm200_grab5
5941,-1740,-3392,7604,CD,0,D1_pwm200_grab5
5947,-6924,-4764,10024,CD,0,D1_pwm200_grab5
5952,6608,2368,12336,CD,0,D1_pwm200_grab5
5956,-556,620,5220,CD,0,D1_pwm200_grab5
5961,364,92,8848,CD,0,D1_pwm200_grab5
5966,248,788,12056,CD,0,D1_pwm200_grab5
5971,1904,1956,11144,CD,0,D1_pwm200_grab5
5977,-3828,-2024,13032,CD,0,D1_pwm200_grab5
5982,-4308,-3844,8684,CD,0,D1_pwm200_grab5
5986,5376,904,10816,CD,0,D1_pwm200_grab5
5991,780,900,6996,CD,0,D1_pwm200_grab5
5996,-4000,-876,10656,CD,0,D1_pwm200_grab5
6001,1340,1368,10988,CD,0,D1_pwm200_grab5
6006,2116,3300,14296,CD,0,D1_pwm200_grab5
6011,696,-1616,9216,CD,0,D1_pwm200_grab5
6017,-2024,-4392,7768,CD,0,D1_pwm200_grab5
6021,3332,-336,10088,CD,0,D1_pwm200_grab5
6026,2492,368,10408,CD,0,D1_pwm200_grab5
6032,-8248,-2984,10228,CD,0,D1_pwm200_grab5
6036,1932,224,9868,CD,0,D1_pwm200_grab5
6041,-444,3556,14640,CD,0,D1_pwm200_grab5
6046,-1688,-692,11348,CD,0,D1_pwm200_grab5
6052,-3336,-2880,7792,CD,0,D1_pwm200_grab5
6056,4004,1048,9540,CD,0,D1_pwm200_grab5
6061,3372,464,14504,CD,0,D1_pwm200_grab5
6066,-8620,-4008,11468,CD,0,D1_pwm200_grab5
6072,2696,-1956,9620,CD,0,D1_pwm200_grab5
6076,-760,2072,8644,CD,0,D1_pwm200_grab5
6081,-7232,-444,10228,CD,0,D1_pwm200_grab5
6086,-2340,-5800,5240,CD,0,D1_pwm200_grab5
6092,1632,-252,8796,CD,0,D1_pwm200_grab5
6096,996,-504,6916,CD,0,D1_pwm200_grab5
6103,-7324,-3180,9392,CD,0,D1_pwm200_grab5
6108,-1060,216,8676,CD,0,D1_pwm200_grab5
6112,148,3524,12888,CD,0,D1_pwm200_grab5
6123,-5576,-3992,9504,CD,0,D1_pwm200_grab5
6128,3560,960,9572,CD,0,D1_pwm200_grab5
6132,-1848,-964,4704,CD,0,D1_pwm200_grab5
6138,-1048,-56,8604,CD,0,D1_pwm200_grab5
6142,-1144,1216,7952,CD,0,D1_pwm200_grab5
6147,-1816,2608,13484,CD,0,D1_pwm200_grab5
6153,-6056,-2468,9192,CD,0,D1_pwm200_grab5
6157,-4420,-6540,9144,CD,0,D1_pwm200_grab5
6163,1880,-728,8980,CD,0,D1_pwm200_grab5
6168,-264,1176,6788,CD,0,D1_pwm200_grab5
6172,-6128,-1188,10948,CD,0,D1_pwm200_grab5
6178,-708,644,9816,CD,0,D1_pwm200_grab5
6183,-556,816,12608,CD,0,D1_pwm200_grab5
6187,-10116,-1456,9936,CD,0,D1_pwm200_grab5
6193,-2320,-6056,9588,CD,0,D1_pwm200_grab5
6198,540,964,10960,CD,0,D1_pwm200_grab5
6202,1296,1532,9528,CD,0,D1_pwm200_grab5
6208,-7012,-964,11756,CD,0,D1_pwm200_grab5
6212,-40,-100,9216,CD,0,D1_pwm200_grab5
6223,-2636,-2584,12900,CD,0,D1_pwm200_grab5
6228,-5604,-3624,9700,CD,0,D1_pwm200_grab5
6232,-520,-300,10644,CD,0,D1_pwm200_grab5
6237,3556,1136,14228,CD,0,D1_pwm200_grab5
6243,-9532,-1408,15572,CD,0,D1_pwm200_grab5
6248,720,-1432,11076,CD,0,D1_pwm200_grab5
6252,-52,1464,12408,CD,0,D1_pwm200_grab5
6257,-4420,-1252,12004,CD,0,D1_pwm200_grab5
6262,-4044,-5348,7548,CD,0,D1_pwm200_grab5
6267,4836,1172,10004,CD,0,D1_pwm200_grab5
6272,3540,316,15156,CD,0,D1_pwm200_grab5
6282,804,-2576,10628,CD,0,D1_pwm200_grab5
6288,1608,3132,9428,CD,0,D1_pwm200_grab5
6293,-2144,2960,14272,CD,0,D1_pwm200_grab5
6298,-1328,-3696,7840,CD,0,D1_pwm200_grab5
6303,3060,-48,9304,CD,0,D1_pwm200_grab5
6307,2840,356,12024,CD,0,D1_pwm200_grab5
6312,-8444,-3608,11284,CD,0,D1_pwm200_grab5
6317,1316,-2976,9748,CD,0,D1_pwm200_grab5
6323,-332,712,10744,CD,0,D1_pwm200_grab5
6327,3832,3496,12408,CD,0,D1_pwm200_grab5
6333,-832,-2408,8232,CD,0,D1_pwm200_grab5
6338,1088,-2000,6464,CD,0,D1_pwm200_grab5
6342,3180,-704,14848,CD,0,D1_pwm200_grab5
6353,1592,-2860,7256,CD,0,D1_pwm200_grab5
6359,776,1828,7240,CD,0,D1_pwm200_grab5
6363,-7376,2308,10560,CD,0,D1_pwm200_grab5
6368,-2524,-5956,6172,CD,0,D1_pwm200_grab5
6374,-128,-1392,9172,CD,0,D1_pwm200_grab5
6378,944,-92,8224,CD,0,D1_pwm200_grab5
6388,-2060,-704,8616,CD,0,D1_pwm200_grab5
6393,-2076,3544,11672,CD,0,D1_pwm200_grab5
6400,-5652,-2600,8864,CD,0,D1_pwm200_grab5
6403,-3052,-4940,6572,CD,0,D1_pwm200_grab5
6408,-460,-1252,10096,CD,0,D1_pwm200_grab5
6414,904,-696,13404,CD,0,D1_pwm200_grab5
6423,-1188,-3180,7864,CD,0,D1_pwm200_grab5
6428,-544,880,9768,CD,0,D1_pwm200_grab5
6438,-3124,-6948,8580,CD,0,D1_pwm200_grab5
6444,-540,-2316,10440,CD,0,D1_pwm200_grab5
6449,788,-40,12112,CD,0,D1_pwm200_grab5
6453,-7540,-896,10380,CD,0,D1_pwm200_grab5
6459,1332,-2812,10456,CD,0,D1_pwm200_grab5
6463,496,356,10972,CD,0,D1_pwm200_grab5
6468,1948,2316,16224,CD,0,D1_pwm200_grab5
6474,-1964,-5136,9532,CD,0,D1_pwm200_grab5
6479,1056,-336,9788,CD,0,D1_pwm200_grab5
6483,2568,900,15536,CD,0,D1_pwm200_grab5
6488,-1148,496,9004,CD,0,D1_pwm200_grab5
6494,2980,-1136,12852,CD,0,D1_pwm200_grab5
6498,-1396,-808,11828,CD,0,D1_pwm200_grab5
6503,1192,288,11576,CD,0,D1_pwm200_grab5
6508,3732,-812,11852,CD,0,D1_pwm200_grab5
6513,952,-1192,9616,CD,0,D1_pwm200_grab5
6518,3784,160,13340,CD,0,D1_pwm200_grab5
6523,-5420,-1856,11488,CD,0,D1_pwm200_grab5
6529,5120,908,10404,CD,0,D1_pwm200_grab5
6533,-2780,-2376,9236,CD,0,D1_pwm200_grab5
6538,1572,712,9292,CD,0,D1_pwm200_grab5
6544,5148,2712,13032,CD,0,D1_pwm200_grab5
6548,500,-1204,8896,CD,0,D1_pwm200_grab5
6553,464,-1632,8668,CD,0,D1_pwm200_grab5
6559,-1740,-548,7456,CD,0,D1_pwm200_grab5
6564,3100,-1804,11524,CD,0,D1_pwm200_grab5
6568,-1756,-156,10088,CD,0,D1_pwm200_grab5
6573,2612,-1580,10216,CD,0,D1_pwm200_grab5
6584,1492,928,10692,CD,0,D1_pwm200_grab5
6594,2296,388,9456,CD,0,D1_pwm200_grab5
6599,2784,848,7848,CD,0,D1_pwm200_grab5
6603,-2548,-2332,7504,CD,0,D1_pwm200_grab5
6608,-356,-808,5992,CD,0,D1_pwm200_grab5
6614,4220,2640,10868,CD,0,D1_pwm200_grab5
6620,336,-2016,8620,CD,0,D1_pwm200_grab5
6624,-2360,-2860,5876,CD,0,D1_pwm200_grab5
6629,-148,-720,9212,CD,0,D1_pwm200_grab5
6634,1832,-108,9212,CD,0,D1_pwm200_grab5
6639,-3652,-1244,10000,CD,0,D1_pwm200_grab5
6645,2360,2092,8736,CD,0,D1_pwm200_grab5
6649,1480,-2720,11724,CD,0,D1_pwm200_grab5
6656,-928,-3028,10576,CD,0,D1_pwm200_grab5
6660,-480,-3548,8056,CD,0,D1_pwm200_grab5
6664,2448,-120,7496,CD,0,D1_pwm200_grab5
6669,4448,4032,10148,CD,0,D1_pwm200_grab5
6674,-3568,-2440,9316,CD,0,D1_pwm200_grab5
6680,-1536,-3928,7016,CD,0,D1_pwm200_grab5
6684,3456,860,9756,CD,0,D1_pwm200_grab5
6690,1212,-1184,11556,CD,0,D1_pwm200_grab5
6694,-4656,-3332,4740,CD,0,D1_pwm200_grab5
6700,5580,-2004,14520,CD,0,D1_pwm200_grab5
6704,3188,3932,11828,CD,0,D1_pwm200_grab5
6710,-2412,-1236,9228,CD,0,D1_pwm200_grab5
6714,-1072,-3364,7788,CD,0,D1_pwm200_grab5
6719,8532,2540,4672,CD,0,D1_pwm200_grab5
6725,1244,1304,12952,CD,0,D1_pwm200_grab5
6729,-2408,-3228,10472,CD,0,D1_pwm200_grab5
6734,2384,2224,9684,CD,0,D1_pwm200_grab5
6739,4404,5504,13060,CD,0,D1_pwm200_grab5
6744,1272,1088,11828,CD,0,D1_pwm200_grab5
6749,-252,-1712,8560,CD,0,D1_pwm200_grab5
6760,-280,2076,12392,CD,0,D1_pwm200_grab5
6764,-2056,-2100,11148,CD,0,D1_pwm200_grab5
6769,-1484,8,10072,CD,0,D1_pwm200_grab5
6774,1452,3792,11392,CD,0,D1_pwm200_grab5
6779,284,88,10940,CD,0,D1_pwm200_grab5
6785,2156,2400,10372,CD,0,D1_pwm200_grab5
6790,584,-3164,12728,CD,0,D1_pwm200_grab5
6794,-1956,1648,11256,CD,0,D1_pwm200_grab5
6800,4388,1692,11480,CD,0,D1_pwm200_grab5
6805,2136,-1248,11640,CD,0,D1_pwm200_grab5
6809,4028,732,10044,CD,0,D1_pwm200_grab5
6814,960,1524,10828,CD,0,D1_pwm200_grab5
6820,2712,712,9864,CD,0,D1_pwm200_grab5
6824,9504,2384,10880,CD,0,D1_pwm200_grab5
6829,-2456,-2000,8984,CD,0,D1_pwm200_grab5
6834,4068,1644,9924,CD,0,D1_pwm200_grab5
6839,228,280,7660,CD,0,D1_pwm200_grab5
6844,-1856,-1528,8224,CD,0,D1_pwm200_grab5
6850,760,1216,10524,CD,0,D1_pwm200_grab5
6854,2508,2288,10176,CD,0,D1_pwm200_grab5
6859,-288,-1964,7000,CD,0,D1_pwm200_grab5
6864,-5048,-1588,11308,CD,0,D1_pwm200_grab5
6870,5160,1788,9732,CD,0,D1_pwm200_grab5
6875,360,-676,9884,CD,0,D1_pwm200_grab5
6880,2784,-780,7672,CD,0,D1_pwm200_grab5
6886,-80,1316,8872,CD,0,D1_pwm200_grab5
6891,2708,1788,7496,CD,0,D1_pwm200_grab5
6895,6128,-1244,11772,CD,0,D1_pwm200_grab5
6901,-1924,928,9528,CD,0,D1_pwm200_grab5
6905,576,-2092,9676,CD,0,D1_pwm200_grab5
6910,-460,-288,9292,CD,0,D1_pwm200_grab5
6915,-4440,-724,9744,CD,0,D1_pwm200_grab5
6921,-624,588,6984,CD,0,D1_pwm200_grab5
6925,320,516,12268,CD,0,D1_pwm200_grab5
6930,-1572,-3508,6956,CD,0,D1_pwm200_grab5
6935,-6612,-3872,9568,CD,0,D1_pwm200_grab5
6941,2488,704,11280,CD,0,D1_pwm200_grab5
6946,-2212,-164,7444,CD,0,D1_pwm200_grab5
6950,-1452,216,7860,CD,0,D1_pwm200_grab5
6956,172,-600,10084,CD,0,D1_pwm200_grab5
6960,-3548,704,12000,CD,0,D1_pwm200_grab5
6965,-3824,-3504,13312,CD,0,D1_pwm200_grab5
6976,5276,2020,12596,CD,0,D1_pwm200_grab5
6980,-1136,112,6180,CD,0,D1_pwm200_grab5
6986,-4120,-448,10440,CD,0,D1_pwm200_grab5
6990,-940,156,10836,CD,0,D1_pwm200_grab5
6996,1224,1976,15060,CD,0,D1_pwm200_grab5
7001,-3560,-64,11416,CD,0,D1_pwm200_grab5
7006,-2680,-5400,7092,CD,0,D1_pwm200_grab5
7010,2464,-452,10108,CD,0,D1_pwm200_grab5
7016,2660,1860,11532,CD,0,D1_pwm200_grab5
7020,-8860,-2048,12948,CD,0,D1_pwm200_grab5
7025,2360,-688,12100,CD,0,D1_pwm200_grab5
7030,-1520,1856,10540,CD,0,D1_pwm200_grab5
7035,-4308,-2484,13612,CD,0,D1_pwm200_grab5
7040,924,-2144,13176,CD,0,D1_pwm200_grab5
7045,2520,-1268,8260,CD,0,D1_pwm200_grab5
7051,3096,580,13664,CD,0,D1_pwm200_grab5
7061,3088,-2700,10892,CD,0,D1_pwm200_grab5
7066,3328,2740,10156,CD,0,D1_pwm200_grab5
7070,2280,3220,14928,CD,0,D1_pwm200_grab5
7075,760,-2880,5912,CD,0,D1_pwm200_grab5
7081,1680,-1096,8144,CD,0,D1_pwm200_grab5
7085,8,-1356,10328,CD,0,D1_pwm200_grab5
7090,-308,48,8440,CD,0,D1_pwm200_grab5
7096,2260,-2108,9048,CD,0,D1_pwm200_grab5
7100,-1256,-552,10292,CD,0,D1_pwm200_grab5
7106,1692,1984,8304,CD,0,D1_pwm200_grab5
7110,2948,1128,11972,CD,0,D1_pwm200_grab5
7116,-1084,-3112,9404,CD,0,D1_pwm200_grab5
7120,3376,-888,10536,CD,0,D1_pwm200_grab5
7131,960,-3244,9796,CD,0,D1_pwm200_grab5
7137,1716,1940,10060,CD,0,D1_pwm200_grab5
7142,3012,3320,10156,CD,0,D1_pwm200_grab5
7146,-1592,-3440,9776,CD,0,D1_pwm200_grab5
7151,1416,-2320,6344,CD,0,D1_pwm200_grab5
7156,976,-1000,12620,CD,0,D1_pwm200_grab5
7168,400,-2736,6568,CD,0,D1_pwm200_grab5
7171,-3136,-952,9496,CD,0,D1_pwm200_grab5
7176,696,384,9248,CD,0,D1_pwm200_grab5
7181,2640,224,14128,CD,0,D1_pwm200_grab5
7186,-1688,-2816,9776,CD,0,D1_pwm200_grab5
7191,-1776,-2264,9712,CD,0,D1_pwm200_grab5
7196,-5848,-928,10992,CD,0,D1_pwm200_grab5
7202,992,-2284,8152,CD,0,D1_pwm200_grab5
7207,-64,-360,12052,CD,0,D1_pwm200_grab5
7212,-1616,-3640,8152,CD,0,D1_pwm200_grab5
7217,5652,1564,13196,CD,0,D1_pwm200_grab5
7221,-512,-196,11964,CD,0,D1_pwm200_grab5
7226,-2348,-1248,7352,CD,0,D1_pwm200_grab5
7231,3008,1200,14572,CD,0,D1_pwm200_grab5
7236,2768,1064,11480,CD,0,D1_pwm200_grab5
7241,-3676,-2696,9992,CD,0,D1_pwm200_grab5
7247,-1080,-496,9336,CD,0,D1_pwm200_grab5
7252,2376,412,13280,CD,0,D1_pwm200_grab5
7256,-1780,1944,13124,CD,0,D1_pwm200_grab5
7261,-520,-1496,12144,CD,0,D1_pwm200_grab5
7272,5632,4848,13544,CD,0,D1_pwm200_grab5
7277,-2568,-1384,10296,CD,0,D1_pwm200_grab5
7281,288,-2748,9928,CD,0,D1_pwm200_grab5
7286,8584,3288,8144,CD,0,D1_pwm200_grab5
7292,3004,1444,11664,CD,0,D1_pwm200_grab5
7296,508,-628,10988,CD,0,D1_pwm200_grab5
7301,1620,280,10968,CD,0,D1_pwm200_grab5
7307,2296,4140,10364,CD,0,D1_pwm200_grab5
7311,1444,-216,11352,CD,0,D1_pwm200_grab5
7317,-600,-1944,9160,CD,0,D1_pwm200_grab5
7326,996,2960,12276,CD,0,D1_pwm200_grab5
7332,-2860,-2384,11456,CD,0,D1_pwm200_grab5
7341,3532,1184,8764,CD,0,D1_pwm200_grab5
7346,3144,1512,12772,CD,0,D1_pwm200_grab5
7352,2100,1144,7568,CD,0,D1_pwm200_grab5
7356,4752,-1312,13992,CD,0,D1_pwm200_grab5
7361,-480,2608,9948,CD,0,D1_pwm200_grab5
7367,3544,268,10004,CD,0,D1_pwm200_grab5
7371,-1868,2104,8668,CD,0,D1_pwm200_grab5
7377,3536,3008,9008,CD,0,D1_pwm200_grab5
7383,-80,236,9208,CD,0,D1_pwm200_grab5
7388,1188,336,7044,CD,0,D1_pwm200_grab5
7392,9856,3204,8312,CD,0,D1_pwm200_grab5
7397,-2368,2220,11920,CD,0,D1_pwm200_grab5
7402,-3368,-3180,8560,CD,0,D1_pwm200_grab5
7407,-1556,-1060,9232,CD,0,D1_pwm200_grab5
7413,-24,3184,8756,CD,0,D1_pwm200_grab5
7417,-1456,276,7408,CD,0,D1_pwm200_grab5
7422,-568,-2580,6732,CD,0,D1_pwm200_grab5
7427,-1260,-2208,7204,CD,0,D1_pwm200_grab5
7433,-4684,-1500,12360,CD,0,D1_pwm200_grab5
7438,3596,-400,9252,CD,0,D1_pwm200_grab5
7443,800,-420,9260,CD,0,D1_pwm200_grab5
7447,1644,672,8164,CD,0,D1_pwm200_grab5
7452,-992,1288,9500,CD,0,D1_pwm200_grab5
7457,460,-304,6504,CD,0,D1_pwm200_grab5
7462,6060,-1784,13180,CD,0,D1_pwm200_grab5
7467,-4308,-5664,9396,CD,0,D1_pwm200_grab5
7472,2488,868,10592,CD,0,D1_pwm200_grab5
7477,-1804,504,5528,CD,0,D1_pwm200_grab5
7482,-3680,252,11084,CD,0,D1_pwm200_grab5
7487,248,1400,9404,CD,0,D1_pwm200_grab5
7493,560,1552,16000,CD,0,D1_pwm200_grab5
7497,-2636,-3960,7592,CD,0,D1_pwm200_grab5
7502,-5944,-2564,10788,CD,0,D1_pwm200_grab5
7507,3948,1208,11876,CD,0,D1_pwm200_grab5
7512,2528,1156,12200,CD,0,D1_pwm200_grab5
7517,-9756,-2200,13756,CD,0,D1_pwm200_grab5
7523,-188,-356,12028,CD,0,D1_pwm200_grab5
7527,-2476,1672,12288,CD,0,D1_pwm200_grab5
7533,-4492,-3264,12424,CD,0,D1_pwm200_grab5
7538,-5188,-5460,6812,CD,0,D1_pwm200_grab5
7542,5452,1412,12092,CD,0,D1_pwm200_grab5
7548,636,300,8692,CD,0,D1_pwm200_grab5
7553,-8576,-2888,12772,CD,0,D1_pwm200_grab5
7557,396,-2468,10904,CD,0,D1_pwm200_grab5
7562,3796,2564,11616,CD,0,D1_pwm200_grab5
7568,1752,1596,12428,CD,0,D1_pwm200_grab5
7572,-1176,-3428,8368,CD,0,D1_pwm200_grab5
7577,2848,-1176,9496,CD,0,D1_pwm200_grab5
7583,3524,212,14872,CD,0,D1_pwm200_grab5
7592,2348,-1724,9508,CD,0,D1_pwm200_grab5
7597,-1952,-1632,10004,CD,0,D1_pwm200_grab5
7602,1376,1792,11488,CD,0,D1_pwm200_grab5
7607,3208,1000,12900,CD,0,D1_pwm200_grab5
7612,2444,-1448,7884,CD,0,D1_pwm200_grab5
7617,596,-688,11108,CD,0,D1_pwm200_grab5
7623,-1964,-396,7676,CD,0,D1_pwm200_grab5
7627,3452,-1960,10260,CD,0,D1_pwm200_grab5
7632,-304,636,8832,CD,0,D1_pwm200_grab5
7639,2656,2404,9428,CD,0,D1_pwm200_grab5
7643,1268,-1744,10472,CD,0,D1_pwm200_grab5
7648,-36,-2716,8776,CD,0,D1_pwm200_grab5
7654,1880,-496,10936,CD,0,D1_pwm200_grab5
7658,-6640,-2440,8392,CD,0,D1_pwm200_grab5
7663,-716,-3476,8516,CD,0,D1_pwm200_grab5
7668,192,1564,9460,CD,0,D1_pwm200_grab5
7673,684,2004,9380,CD,0,D1_pwm200_grab5
7678,484,-2532,12008,CD,0,D1_pwm200_grab5
7684,-832,-1432,11780,CD,0,D1_pwm200_grab5
7689,-3112,-2804,3572,CD,0,D1_pwm200_grab5
7693,2236,40,12564,CD,0,D1_pwm200_grab5
7699,2236,112,7924,CD,0,D1_pwm200_grab5
7704,-3412,-1556,9188,CD,0,D1_pwm200_grab5
7708,-1144,-1116,7624,CD,0,D1_pwm200_grab5
7714,3832,876,13308,CD,0,D1_pwm200_grab5
7718,-656,-2524,9036,CD,0,D1_pwm200_grab5
7724,-3100,-2944,10132,CD,0,D1_pwm200_grab5
7733,764,4244,12380,CD,0,D1_pwm200_grab5
7739,-1600,-2372,8336,CD,0,D1_pwm200_grab5
7743,-956,-2788,10440,CD,0,D1_pwm200_grab5
7753,-484,2632,13988,CD,0,D1_pwm200_grab5
7758,-1732,-2484,11104,CD,0,D1_pwm200_grab5
7764,6412,3116,16020,CD,0,D1_pwm200_grab5
7769,1332,3096,10244,CD,0,D1_pwm200_grab5
7773,344,1108,11808,CD,0,D1_pwm200_grab5
7779,-312,-1444,11120,CD,0,D1_pwm200_grab5
7783,7208,388,13192,CD,0,D1_pwm200_grab5
7789,-3060,2304,13628,CD,0,D1_pwm200_grab5
7793,1296,-620,10692,CD,0,D1_pwm200_grab5
7798,1744,860,11708,CD,0,D1_pwm200_grab5
7804,4128,4024,10108,CD,0,D1_pwm200_grab5
7808,976,1816,12088,CD,0,D1_pwm200_grab5
7813,3212,2944,15496,CD,0,D1_pwm200_grab5
7818,-3204,-3324,9712,CD,0,D1_pwm200_grab5
7824,-3756,-1876,9472,CD,0,D1_pwm200_grab5
7828,5924,2420,11920,CD,0,D1_pwm200_grab5
7833,-776,-184,8304,CD,1,D1_pwm200_grab5
7839,-2192,-1232,9720,CD,1,D1_pwm200_grab5
7843,2572,2116,10296,CD,1,D1_pwm200_grab5
7848,1828,2932,14884,CD,1,D1_pwm200_grab5
7854,-288,1672,14384,CD,1,D1_pwm200_grab5
7859,-1928,-4420,7028,CD,1,D1_pwm200_grab5
7863,4208,-296,9296,CD,1,D1_pwm200_grab5
7869,3192,976,12856,CD,1,D1_pwm200_grab5
7879,1968,-1436,9544,CD,1,D1_pwm200_grab5
7883,2172,3604,10140,CD,1,D1_pwm200_grab5
7888,-6476,1476,8196,CD,1,D1_pwm200_grab5
7895,-2356,-5136,4076,CD,1,D1_pwm200_grab5
7900,2328,-688,9148,CD,1,D1_pwm200_grab5
7904,1340,344,8580,CD,1,D1_pwm200_grab5
7909,-9080,-4552,10720,CD,1,D1_pwm200_grab5
7914,-1460,-856,9412,CD,1,D1_pwm200_grab5
7919,-2424,2520,8264,CD,1,D1_pwm200_grab5
7925,-7648,-2540,6416,CD,1,D1_pwm200_grab5
7929,-3496,-5548,7120,CD,1,D1_pwm200_grab5
7934,1932,332,9324,CD,1,D1_pwm200_grab5
7939,1396,-852,10860,CD,1,D1_pwm200_grab5
7944,-6892,-1724,8036,CD,1,D1_pwm200_grab5
7950,-1072,-3504,8508,CD,1,D1_pwm200_grab5
7954,184,1300,9612,CD,1,D1_pwm200_grab5
7959,212,1244,8512,CD,1,D1_pwm200_grab5
7964,668,-2116,12232,CD,1,D1_pwm200_grab5
7969,-956,-3076,7788,CD,1,D1_pwm200_grab5
7974,868,-1116,10756,CD,1,D1_pwm200_grab5
7980,2048,1212,12372,CD,1,D1_pwm200_grab5
7984,2052,520,8480,CD,1,D1_pwm200_grab5
7990,-3196,-1976,9236,CD,1,D1_pwm200_grab5
7995,-1564,-1944,7760,CD,1,D1_pwm200_grab5
7999,4068,1280,13400,CD,1,D1_pwm200_grab5
8004,-1100,-2080,9756,CD,1,D1_pwm200_grab5
8009,-1968,-2136,8292,CD,1,D1_pwm200_grab5
8015,2332,340,13452,CD,1,D1_pwm200_grab5
8020,2796,652,8892,CD,1,D1_pwm200_grab5
8024,-1380,-2148,9236,CD,1,D1_pwm200_grab5
8029,-572,-2772,11004,CD,1,D1_pwm200_grab5
8039,-68,2872,13768,CD,1,D1_pwm200_grab5
8045,-1864,-2108,11604,CD,1,D1_pwm200_grab5
8054,1064,3564,11980,CD,1,D1_pwm200_grab5
8059,-1784,-1860,9932,CD,1,D1_pwm200_grab5
8064,424,-952,11240,CD,1,D1_pwm200_grab5
8070,8024,612,12920,CD,1,D1_pwm200_grab5
8074,-2804,2604,13620,CD,1,D1_pwm200_grab5
8079,1676,-1060,10532,CD,1,D1_pwm200_grab5
8085,1132,876,11220,CD,1,D1_pwm200_grab5
8089,4748,3828,9832,CD,1,D1_pwm200_grab5
8094,2136,916,13380,CD,1,D1_pwm200_grab5
8099,276,-524,8076,CD,1,D1_pwm200_grab5
8104,8760,1032,14116,CD,1,D1_pwm200_grab5
8110,-4192,-1720,9544,CD,1,D1_pwm200_grab5
8114,5964,2264,12068,CD,1,D1_pwm200_grab5
8119,-1008,-644,8692,CD,1,D1_pwm200_grab5
8125,-980,-1148,9476,CD,1,D1_pwm200_grab5
8130,1932,1836,9728,CD,1,D1_pwm200_grab5
8134,2988,2628,12880,CD,1,D1_pwm200_grab5
8139,-1032,-1488,6072,CD,1,D1_pwm200_grab5
8145,-2112,-200,8240,CD,1,D1_pwm200_grab5
8151,3836,760,10080,CD,1,D1_pwm200_grab5
8156,112,-1052,8800,CD,1,D1_pwm200_grab5
8160,-948,-300,7992,CD,1,D1_pwm200_grab5
8166,1020,2048,10196,CD,1,D1_pwm200_grab5
8170,1832,1220,8376,CD,1,D1_pwm200_grab5
8176,-1020,-1740,4812,CD,1,D1_pwm200_grab5
8181,-4680,-2040,10892,CD,1,D1_pwm200_grab5
8185,4972,936,9360,CD,1,D1_pwm200_grab5
8190,-1920,-556,9708,CD,1,D1_pwm200_grab5
8201,-2064,-340,10108,CD,1,D1_pwm200_grab5
8205,-2568,2652,10764,CD,1,D1_pwm200_grab5
8211,-6940,-3352,8480,CD,1,D1_pwm200_grab5
8215,-4688,-5636,8016,CD,1,D1_pwm200_grab5
8221,1692,-120,9316,CD,1,D1_pwm200_grab5
8226,-1540,-652,6692,CD,1,D1_pwm200_grab5
8236,-1892,-2528,8288,CD,1,D1_pwm200_grab5
8240,2828,2168,11464,CD,1,D1_pwm200_grab5
8245,944,904,11820,CD,1,D1_pwm200_grab5
8251,-1372,-5180,10916,CD,1,D1_pwm200_grab5
8256,-908,-1868,7916,CD,1,D1_pwm200_grab5
8260,1992,368,13496,CD,1,D1_pwm200_grab5
8270,364,-1404,9712,CD,1,D1_pwm200_grab5
8275,2176,1752,11748,CD,1,D1_pwm200_grab5
8281,1768,988,10724,CD,1,D1_pwm200_grab5
8285,2708,-300,13960,CD,1,D1_pwm200_grab5
8291,444,-1012,10516,CD,1,D1_pwm200_grab5
8295,-852,-636,11148,CD,1,D1_pwm200_grab5
8300,-316,720,11308,CD,1,D1_pwm200_grab5
8306,1728,-1016,9184,CD,1,D1_pwm200_grab5
8311,-816,-184,12024,CD,1,D1_pwm200_grab5
8316,1092,652,8908,CD,1,D1_pwm200_grab5
8325,748,1984,13496,CD,1,D1_pwm200_grab5
8330,280,-2336,7696,CD,1,D1_pwm200_grab5
8335,3720,2408,9500,CD,1,D1_pwm200_grab5
8341,5208,2124,12228,CD,1,D1_pwm200_grab5
8345,-1932,-3272,9344,CD,1,D1_pwm200_grab5
8350,916,-428,11208,CD,1,D1_pwm200_grab5
8355,8404,4692,12180,CD,1,D1_pwm200_grab5
8360,3452,544,10156,CD,1,D1_pwm200_grab5
8366,-2196,-2172,10320,CD,1,D1_pwm200_grab5
8375,2928,3816,10424,CD,1,D1_pwm200_grab5
8381,-792,-1764,8300,CD,1,D1_pwm200_grab5
8386,84,-2036,9440,CD,1,D1_pwm200_grab5
8395,1632,3676,10896,CD,1,D1_pwm200_grab5
8401,-2956,-2432,9756,CD,1,D1_pwm200_grab5
8411,1176,2852,10444,CD,1,D1_pwm200_grab5
8417,-632,-2352,8960,CD,1,D1_pwm200_grab5
8422,1712,-676,6332,CD,1,D1_pwm200_grab5
8431,-684,1368,13180,CD,1,D1_pwm200_grab5
8437,-320,-2808,9972,CD,1,D1_pwm200_grab5
8441,1416,2116,10540,CD,1,D1_pwm200_grab5
8448,2632,3004,11400,CD,1,D1_pwm200_grab5
8451,748,1380,10332,CD,1,D1_pwm200_grab5
8456,440,-1076,6264,CD,1,D1_pwm200_grab5
8461,6668,548,9576,CD,1,D1_pwm200_grab5
8467,-3016,916,11772,CD,1,D1_pwm200_grab5
8471,-3768,-1920,9112,CD,1,D1_pwm200_grab5
8477,-3284,688,8392,CD,1,D1_pwm200_grab5
8482,1636,4548,8448,CD,1,D1_pwm200_grab5
8486,-2524,-188,7684,CD,1,D1_pwm200_grab5
8492,1248,1468,13540,CD,1,D1_pwm200_grab5
8497,-5320,-3516,3760,CD,1,D1_pwm200_grab5
8502,-5168,-3408,10892,CD,1,D1_pwm200_grab5
8506,2004,260,10608,CD,1,D1_pwm200_grab5
8512,-1636,16,10380,CD,1,D1_pwm200_grab5
8517,-2408,720,8952,CD,1,D1_pwm200_grab5
8521,120,2044,8380,CD,1,D1_pwm200_grab5
8526,-124,-368,11800,CD,1,D1_pwm200_grab5
8531,-1932,-2912,6984,CD,1,D1_pwm200_grab5
8536,-3776,-6360,7816,CD,1,D1_pwm200_grab5
8541,944,-516,8824,CD,1,D1_pwm200_grab5
8546,68,804,9532,CD,1,D1_pwm200_grab5
8552,-9828,-2676,10296,CD,1,D1_pwm200_grab5
8557,184,840,12100,CD,1,D1_pwm200_grab5
8561,-3744,1568,13960,CD,1,D1_pwm200_grab5
8566,-3836,-3464,13924,CD,1,D1_pwm200_grab5
8571,-6460,-5996,7404,CD,1,D1_pwm200_grab5
8576,1828,-636,9056,CD,1,D1_pwm200_grab5
8581,2816,756,14716,CD,1,D1_pwm200_grab5
8586,-9080,-2600,13924,CD,1,D1_pwm200_grab5
8591,64,-1884,10352,CD,1,D1_pwm200_grab5
8597,4312,3608,13528,CD,1,D1_pwm200_grab5
8601,1480,348,15412,CD,1,D1_pwm200_grab5
8606,-1688,-3936,8216,CD,1,D1_pwm200_grab5
8611,3776,-1248,10184,CD,1,D1_pwm200_grab5
8616,2680,628,13024,CD,1,D1_pwm200_grab5
8622,676,968,11672,CD,1,D1_pwm200_grab5
8626,2804,-2620,10724,CD,1,D1_pwm200_grab5
8632,-1172,-524,11008,CD,1,D1_pwm200_grab5
8637,1304,2408,9228,CD,1,D1_pwm200_grab5
8641,2952,-424,13352,CD,1,D1_pwm200_grab5
8647,2724,-1276,7960,CD,1,D1_pwm200_grab5
8651,1700,-1352,12304,CD,1,D1_pwm200_grab5
8656,-4772,-1760,8976,CD,1,D1_pwm200_grab5
8662,3400,-2764,10620,CD,1,D1_pwm200_grab5
8668,1700,2460,9724,CD,1,D1_pwm200_grab5
8672,1472,2836,9200,CD,1,D1_pwm200_grab5
8678,904,-1328,9032,CD,1,D1_pwm200_grab5
8683,620,-2060,7476,CD,1,D1_pwm200_grab5
8687,3800,284,12040,CD,1,D1_pwm200_grab5
8697,-132,-2860,8400,CD,1,D1_pwm200_grab5
8702,2168,2872,8940,CD,1,D1_pwm200_grab5
8708,1716,1604,8668,CD,1,D1_pwm200_grab5
8713,4456,2272,9520,CD,1,D1_pwm200_grab5
8717,-588,-2484,10652,CD,1,D1_pwm200_grab5
8722,-140,-2404,6412,CD,1,D1_pwm200_grab5
8728,-492,-972,10204,CD,1,D1_pwm200_grab5
8733,2396,-980,8076,CD,1,D1_pwm200_grab5
8737,-2092,-968,9396,CD,1,D1_pwm200_grab5
8742,824,508,8952,CD,1,D1_pwm200_grab5
8748,6580,1924,6880,CD,1,D1_pwm200_grab5
8752,-704,1276,13936,CD,1,D1_pwm200_grab5
8758,-1820,-2848,8196,CD,1,D1_pwm200_grab5
8762,556,1396,6372,CD,1,D1_pwm200_grab5
8768,2572,3572,11752,CD,1,D1_pwm200_grab5
8772,-3032,-2400,8560,CD,1,D1_pwm200_grab5
8778,-948,-2744,11240,CD,1,D1_pwm200_grab5
8782,7424,3056,10676,CD,1,D1_pwm200_grab5
8787,-876,200,12800,CD,1,D1_pwm200_grab5
8792,-5340,-1988,9528,CD,1,D1_pwm200_grab5
8798,4728,-244,13200,CD,1,D1_pwm200_grab5
8802,-1020,4176,9528,CD,1,D1_pwm200_grab5
8807,-1852,-1204,10740,CD,1,D1_pwm200_grab5
8813,-2748,-4024,9968,CD,1,D1_pwm200_grab5
8823,-2100,2688,14148,CD,1,D1_pwm200_grab5
8827,-2696,-1840,12020,CD,1,D1_pwm200_grab5
8833,-224,872,11148,CD,1,D1_pwm200_grab5
8837,3220,1664,10968,CD,1,D1_pwm200_grab5
8842,-12,1188,11736,CD,1,D1_pwm200_grab5
8848,2212,88,9780,CD,1,D1_pwm200_grab5
8853,3080,-2252,13020,CD,1,D1_pwm200_grab5
8857,-1952,1808,11852,CD,1,D1_pwm200_grab5
8862,4116,824,11388,CD,1,D1_pwm200_grab5
8867,1508,664,10788,CD,1,D1_pwm200_grab5
8873,2756,2592,9956,CD,1,D1_pwm200_grab5
8877,1652,1872,11284,CD,1,D1_pwm200_grab5
8888,-1452,-1612,5216,CD,1,D1_pwm200_grab5
8893,-4232,-2584,9868,CD,1,D1_pwm200_grab5
8897,6248,1380,10028,CD,1,D1_pwm200_grab5
8902,-100,240,7916,CD,1,D1_pwm200_grab5
8907,-64,-1048,7852,CD,1,D1_pwm200_grab5
8912,2664,2136,10884,CD,1,D1_pwm200_grab5
8918,3824,2756,10760,CD,1,D1_pwm200_grab5
8923,-676,-760,7316,CD,1,D1_pwm200_grab5
8929,-1920,-632,7724,CD,1,D1_pwm200_grab5
8933,4228,1280,10332,CD,1,D1_pwm200_grab5
8938,-168,-380,8492,CD,1,D1_pwm200_grab5
8943,-420,56,8696,CD,1,D1_pwm200_grab5
8948,-52,1404,9292,CD,1,D1_pwm200_grab5
8954,2580,1824,8840,CD,1,D1_pwm200_grab5
8960,640,-1864,8712,CD,1,D1_pwm200_grab5
8963,-2100,-5068,5472,CD,1,D1_pwm200_grab5
8968,1976,-436,10604,CD,1,D1_pwm200_grab5
8974,912,312,7496,CD,1,D1_pwm200_grab5
8978,-6512,-1968,8624,CD,1,D1_pwm200_grab5
8983,-344,476,10112,CD,1,D1_pwm200_grab5
8994,-5344,-2528,7592,CD,1,D1_pwm200_grab5
8998,-5060,-4636,10288,CD,1,D1_pwm200_grab5
9003,-340,-1280,9976,CD,1,D1_pwm200_grab5
9008,-12,320,11220,CD,1,D1_pwm200_grab5
9018,-1284,-2104,9696,CD,1,D1_pwm200_grab5
9023,1672,2076,10940,CD,1,D1_pwm200_grab5
9034,-1740,-5844,9256,CD,1,D1_pwm200_grab5
9039,1032,-148,9508,CD,1,D1_pwm200_grab5
9043,1060,1712,10372,CD,1,D1_pwm200_grab5
9049,-6040,-596,10636,CD,1,D1_pwm200_grab5
9054,-88,-2340,9388,CD,1,D1_pwm200_grab5
9058,560,2064,10900,CD,1,D1_pwm200_grab5
9063,1728,1380,7352,CD,1,D1_pwm200_grab5
9068,224,-3188,11028,CD,1,D1_pwm200_grab5
9074,-68,-1616,9344,CD,1,D1_pwm200_grab5
9078,3536,828,15160,CD,1,D1_pwm200_grab5
9083,-8360,-2856,13296,CD,1,D1_pwm200_grab5
9089,2732,1408,9700,CD,1,D1_pwm200_grab5
9093,-2772,-1492,9008,CD,1,D1_pwm200_grab5
9098,-1188,-1680,8844,CD,1,D1_pwm200_grab5
9104,5308,1140,13652,CD,1,D1_pwm200_grab5
9108,-340,-656,12164,CD,1,D1_pwm200_grab5
9114,128,-1632,9904,CD,1,D1_pwm200_grab5
9124,2624,-8,10740,CD,1,D1_pwm200_grab5
9128,-1928,-812,9080,CD,1,D1_pwm200_grab5
9134,2604,-1268,11312,CD,1,D1_pwm200_grab5
9138,10012,2948,8864,CD,1,D1_pwm200_grab5
9144,1212,1672,11436,CD,1,D1_pwm200_grab5
9148,2088,-1424,12236,CD,1,D1_pwm200_grab5
9153,3424,1164,7944,CD,1,D1_pwm200_grab5
9158,4564,3664,13764,CD,1,D1_pwm200_grab5
9164,-2008,-2772,8552,CD,1,D1_pwm200_grab5
9169,1880,-532,11104,CD,1,D1_pwm200_grab5
9174,8048,4400,10540,CD,1,D1_pwm200_grab5
9179,3268,1208,11040,CD,1,D1_pwm200_grab5
9185,-1564,-2960,5396,CD,1,D1_pwm200_grab5
9189,4096,652,8912,CD,1,D1_pwm200_grab5
9195,5772,904,9232,CD,1,D1_pwm200_grab5
9199,-2116,-2420,8480,CD,1,D1_pwm200_grab5
9205,1424,428,8516,CD,1,D1_pwm200_grab5
9209,7524,4196,10500,CD,1,D1_pwm200_grab5
9214,76,-1796,10712,CD,1,D1_pwm200_grab5
9219,-3468,-1852,10320,CD,1,D1_pwm200_grab5
9225,9684,-684,15472,CD,1,D1_pwm200_grab5
9229,1488,2692,9520,CD,1,D1_pwm200_grab5
9234,-1240,-2444,7420,CD,1,D1_pwm200_grab5
9240,532,-1460,7292,CD,1,D1_pwm200_grab5
9245,8932,3024,4740,CD,1,D1_pwm200_grab5
9249,-1040,1268,12448,CD,1,D1_pwm200_grab5
9254,-1604,-2232,9644,CD,1,D1_pwm200_grab5
9260,3012,-872,10328,CD,1,D1_pwm200_grab5
9264,1068,3184,7320,CD,1,D1_pwm200_grab5
9269,-660,84,10488,CD,1,D1_pwm200_grab5
9274,-788,-2052,7456,CD,1,D1_pwm200_grab5
9279,5432,592,9388,CD,1,D1_pwm200_grab5
9285,-1624,1732,12900,CD,1,D1_pwm200_grab5
9289,-1844,-1340,8964,CD,1,D1_pwm200_grab5
9295,-3756,156,6392,CD,1,D1_pwm200_grab5
9299,1340,3360,7296,CD,1,D1_pwm200_grab5
9305,-692,1116,10500,CD,1,D1_pwm200_grab5
9309,1716,1280,12008,CD,1,D1_pwm200_grab5
9314,-1752,-2872,9500,CD,1,D1_pwm200_grab5
9319,-4288,-2960,10896,CD,1,D1_pwm200_grab5
9325,2392,616,11048,CD,1,D1_pwm200_grab5
9330,-1652,-144,9292,CD,1,D1_pwm200_grab5
9335,1552,1136,10720,CD,1,D1_pwm200_grab5
9339,-916,812,10220,CD,1,D1_pwm200_grab5
9344,-744,2036,15608,CD,1,D1_pwm200_grab5
9350,-6900,-4528,12248,CD,1,D1_pwm200_grab5
9354,-4032,-4752,8892,CD,1,D1_pwm200_grab5
9360,3192,1336,11816,CD,1,D1_pwm200_grab5
9365,-224,1212,9912,CD,1,D1_pwm200_grab5
9369,-4760,-1256,10892,CD,1,D1_pwm200_grab5
9374,1100,1692,11392,CD,1,D1_pwm200_grab5
9384,-712,-2092,7132,CD,1,D1_pwm200_grab5
9389,-992,-3932,8232,CD,1,D1_pwm200_grab5
9395,2464,1128,9744,CD,1,D1_pwm200_grab5
9399,2544,1748,13064,CD,1,D1_pwm200_grab5
9404,-8464,-3564,12040,CD,1,D1_pwm200_grab5
9409,864,-372,11740,CD,1,D1_pwm200_grab5
9414,-856,2656,9368,CD,1,D1_pwm200_grab5
9419,-6308,-900,12336,CD,1,D1_pwm200_grab5
9424,-4248,-4928,7520,CD,1,D1_pwm200_grab5
9430,4012,1040,10936,CD,1,D1_pwm200_grab5
9435,424,924,9408,CD,1,D1_pwm200_grab5
9440,-6008,-3552,8752,CD,1,D1_pwm200_grab5
9446,1420,160,9640,CD,1,D1_pwm200_grab5
9451,-576,3584,12944,CD,1,D1_pwm200_grab5
9455,-2224,-1728,10900,CD,1,D1_pwm200_grab5
9461,-2504,-3768,7248,CD,1,D1_pwm200_grab5
9465,3520,392,9752,CD,1,D1_pwm200_grab5
9470,1316,968,7940,CD,1,D1_pwm200_grab5
9480,1224,-1936,7740,CD,1,D1_pwm200_grab5
9485,1508,2384,8236,CD,1,D1_pwm200_grab5
9490,-5160,1956,11936,CD,1,D1_pwm200_grab5
9495,-1888,-6328,5236,CD,1,D1_pwm200_grab5
9500,344,-1128,8944,CD,1,D1_pwm200_grab5
9505,776,1136,10360,CD,1,D1_pwm200_grab5
9515,-4,-2812,7408,CD,1,D1_pwm200_grab5
9520,-512,696,8756,CD,1,D1_pwm200_grab5
9525,-24,1204,10184,CD,1,D1_pwm200_grab5
9530,-132,-3528,8752,CD,1,D1_pwm200_grab5
9535,-188,-1352,9960,CD,1,D1_pwm200_grab5
9541,796,-320,11436,CD,1,D1_pwm200_grab5
9551,-1860,-2504,8240,CD,1,D1_pwm200_grab5
9555,3004,1184,12504,CD,1,D1_pwm200_grab5
9560,-1108,-1392,9156,CD,1,D1_pwm200_grab5
9566,2220,-608,12908,CD,1,D1_pwm200_grab5
9571,-68,-1820,10884,CD,1,D1_pwm200_grab5
9575,-1380,-1528,9712,CD,1,D1_pwm200_grab5
9580,-1504,1008,10900,CD,1,D1_pwm200_grab5
9586,2384,-1116,11324,CD,1,D1_pwm200_grab5
9591,-2488,-404,10180,CD,1,D1_pwm200_grab5
9596,1992,1076,8644,CD,1,D1_pwm200_grab5
9601,6044,3456,12292,CD,1,D1_pwm200_grab5
9605,3168,-548,11416,CD,1,D1_pwm200_grab5
9611,-3408,-4240,5448,CD,1,D1_pwm200_grab5
9620,5420,1988,11296,CD,1,D1_pwm200_grab5
9625,-1780,-1372,8940,CD,1,D1_pwm200_grab5
9631,-996,-2216,9900,CD,1,D1_pwm200_grab5
9636,5816,1640,12564,CD,1,D1_pwm200_grab5
9640,1460,-784,10964,CD,1,D1_pwm200_grab5
9645,-3324,-2812,11028,CD,1,D1_pwm200_grab5
9655,2356,4180,13512,CD,1,D1_pwm200_grab5
9661,-1384,-1808,9904,CD,1,D1_pwm200_grab5
9665,2896,-552,9256,CD,1,D1_pwm200_grab5
9670,9832,6008,8968,CD,1,D1_pwm200_grab5
9675,816,884,10536,CD,1,D1_pwm200_grab5
9680,3216,-3400,9912,CD,1,D1_pwm200_grab5
9687,1268,-416,6304,CD,1,D1_pwm200_grab5
9691,5468,2932,12584,CD,1,D1_pwm200_grab5
9696,-2336,-1344,7924,CD,1,D1_pwm200_grab5
9701,2860,328,10672,CD,1,D1_pwm200_grab5
9707,6316,3636,11344,CD,1,D1_pwm200_grab5
9711,4208,176,9688,CD,1,D1_pwm200_grab5
9716,-2344,-4316,4000,CD,1,D1_pwm200_grab5
9722,4376,1060,13460,CD,1,D1_pwm200_grab5
9726,4208,448,6800,CD,1,D1_pwm200_grab5
9732,-1408,-1104,8968,CD,1,D1_pwm200_grab5
9736,496,-924,9324,CD,1,D1_pwm200_grab5
9741,9616,3372,6620,CD,1,D1_pwm200_grab5
9746,2364,3056,10252,CD,1,D1_pwm200_grab5
9751,-1692,-3148,9304,CD,1,D1_pwm200_grab5
9757,2736,1344,9280,CD,1,D1_pwm200_grab5
9761,4184,3544,10140,CD,1,D1_pwm200_grab5
9767,-3024,-2832,8240,CD,1,D1_pwm200_grab5
9772,8,-792,5080,CD,1,D1_pwm200_grab5
9777,7288,1144,11072,CD,1,D1_pwm200_grab5
9781,-2368,1392,10408,CD,1,D1_pwm200_grab5
9786,660,-1280,9228,CD,1,D1_pwm200_grab5
9792,-5180,-1272,5260,CD,1,D1_pwm200_grab5
9796,1848,2960,6948,CD,1,D1_pwm200_grab5
9801,-2012,-1628,9500,CD,1,D1_pwm200_grab5
9806,-352,-1528,7352,CD,1,D1_pwm200_grab5
9811,7968,476,6580,CD,1,D1_pwm200_grab5
9816,-5204,-3060,8504,CD,1,D1_pwm200_grab5
9821,2840,972,11712,CD,1,D1_pwm200_grab5
9826,-1432,-812,8076,CD,1,D1_pwm200_grab5
9831,864,1444,8728,CD,1,D1_pwm200_grab5
9836,-1476,192,10740,CD,1,D1_pwm200_grab5
9841,-16,-1040,8224,CD,1,D1_pwm200_grab5
9847,-316,-4012,10532,CD,1,D1_pwm200_grab5
9851,-2468,604,12708,CD,1,D1_pwm200_grab5
9857,2636,1416,12120,CD,1,D1_pwm200_grab5
9861,-1120,1792,8440,CD,1,D1_pwm200_grab5
9867,-4980,-80,9144,CD,1,D1_pwm200_grab5
9871,2292,1240,11784,CD,1,D1_pwm200_grab5
9876,72,708,15592,CD,1,D1_pwm200_grab5
9881,-1484,-2516,8944,CD,1,D1_pwm200_grab5
9887,-3800,-3848,9936,CD,1,D1_pwm200_grab5
9891,4892,1996,11604,CD,1,D1_pwm200_grab5
9897,-1188,952,9248,CD,1,D1_pwm200_grab5
9901,-8000,-3764,11640,CD,1,D1_pwm200_grab5
9907,1780,-704,12528,CD,1,D1_pwm200_grab5
9911,-1572,2056,10400,CD,1,D1_pwm200_grab5
9917,-8128,-1720,12936,CD,1,D1_pwm200_grab5
9921,-2392,-4384,7008,CD,1,D1_pwm200_grab5
9927,3332,1136,11308,CD,1,D1_pwm200_grab5
9932,1232,688,9600,CD,1,D1_pwm200_grab5
9936,-6012,-3244,10700,CD,1,D1_pwm200_grab5
9942,1480,692,11412,CD,1,D1_pwm200_grab5
9947,356,3080,15588,CD,1,D1_pwm200_grab5
9953,-1344,0,10132,CD,1,D1_pwm200_grab5
9958,-4432,-4540,8688,CD,1,D1_pwm200_grab5
9963,5656,1108,9756,CD,1,D1_pwm200_grab5
9968,456,1592,8368,CD,1,D1_pwm200_grab5
9972,-2504,-1456,9552,CD,1,D1_pwm200_grab5
9978,2832,1256,10456,CD,1,D1_pwm200_grab5
9984,2372,2904,11460,CD,1,D1_pwm200_grab5
9988,-3236,1796,11988,CD,1,D1_pwm200_grab5
9992,-2708,-4992,7840,CD,1,D1_pwm200_grab5
9997,2552,228,9076,CD,1,D1_pwm200_grab5
10003,408,284,10284,CD,1,D1_pwm200_grab5
10008,-7708,-4528,10940,CD,1,D1_pwm200_grab5
10012,208,-604,8196,CD,1,D1_pwm200_grab5
10017,-576,2884,7380,CD,1,D1_pwm200_grab5
10023,-5020,-3220,12272,CD,1,D1_pwm200_grab5
10027,100,-2620,11116,CD,1,D1_pwm200_grab5
10033,-1240,-2676,6252,CD,1,D1_pwm200_grab5
10037,1100,-488,12948,CD,1,D1_pwm200_grab5
10047,96,-2380,6856,CD,1,D1_pwm200_grab5
10053,2032,1024,11268,CD,1,D1_pwm200_grab5
10058,588,-16,13956,CD,1,D1_pwm200_grab5
10062,-4056,-5936,6656,CD,1,D1_pwm200_grab5
10067,-672,-1772,9072,CD,1,D1_pwm200_grab5
10072,-508,-1648,10084,CD,1,D1_pwm200_grab5
10077,-1832,224,9732,CD,1,D1_pwm200_grab5
10082,964,-1584,8484,CD,1,D1_pwm200_grab5
10087,-2944,-848,9848,CD,1,D1_pwm200_grab5
10093,1744,1056,7200,CD,1,D1_pwm200_grab5
10098,388,-2068,11580,CD,1,D1_pwm200_grab5
10102,1668,-1516,10680,CD,1,D1_pwm200_grab5
10107,-752,-1848,10476,CD,1,D1_pwm200_grab5
10117,3376,2240,9684,CD,1,D1_pwm200_grab5
10122,-1184,-1212,11004,CD,1,D1_pwm200_grab5
10128,-1152,-2232,9160,CD,1,D1_pwm200_grab5
10133,4700,1616,12356,CD,1,D1_pwm200_grab5
10138,2144,-904,11308,CD,1,D1_pwm200_grab5
10142,-916,-2540,7624,CD,1,D1_pwm200_grab5
10147,2936,992,16084,CD,1,D1_pwm200_grab5
10153,5076,280,11432,CD,1,D1_pwm200_grab5
10157,-1244,-1972,10264,CD,1,D1_pwm200_grab5
10162,1564,-188,11296,CD,1,D1_pwm200_grab5
10167,9632,3880,8324,CD,1,D1_pwm200_grab5
10172,3128,1808,10900,CD,1,D1_pwm200_grab5
10177,1452,-1972,10268,CD,1,D1_pwm200_grab5
10182,2812,808,7276,CD,1,D1_pwm200_grab5
10188,7172,3732,14344,CD,1,D1_pwm200_grab5
10192,-2084,-796,8704,CD,1,D1_pwm200_grab5
10199,2108,-876,11284,CD,1,D1_pwm200_grab5
10204,8804,5568,10156,CD,1,D1_pwm200_grab5
10208,2052,544,10524,CD,1,D1_pwm200_grab5
10213,-472,-4192,4744,CD,1,D1_pwm200_grab5
10219,3224,296,8640,CD,1,D1_pwm200_grab5
10223,5116,440,9432,CD,1,D1_pwm200_grab5
10228,-1736,-1688,7728,CD,1,D1_pwm200_grab5
10234,1624,-88,8132,CD,1,D1_pwm200_grab5
10238,6060,3700,10112,CD,1,D1_pwm200_grab5
10244,-1392,1148,12468,CD,1,D1_pwm200_grab5
10248,-1296,-2660,10308,CD,1,D1_pwm200_grab5
10254,8044,-420,15472,CD,1,D1_pwm200_grab5
10259,2096,2652,10080,CD,1,D1_pwm200_grab5
10263,-1956,-1876,8440,CD,1,D1_pwm200_grab5
10268,948,-912,7852,CD,1,D1_pwm200_grab5
10273,8536,2456,6620,CD,1,D1_pwm200_grab5
10279,1364,1684,9588,CD,1,D1_pwm200_grab5
10284,-1560,-656,9144,CD,1,D1_pwm200_grab5
10288,68,-1544,9732,CD,1,D1_pwm200_grab5
10294,468,2592,7436,CD,1,D1_pwm200_grab5
10299,-828,276,9564,CD,1,D1_pwm200_grab5
10304,-2132,-2684,7244,CD,1,D1_pwm200_grab5
10308,7044,416,11984,CD,1,D1_pwm200_grab5
10313,-3384,1616,12564,CD,1,D1_pwm200_grab5
10318,-632,-1896,9072,CD,1,D1_pwm200_grab5
10324,-6120,-328,6360,CD,1,D1_pwm200_grab5
10328,-2848,-972,9008,CD,1,D1_pwm200_grab5
10333,-340,936,7036,CD,1,D1_pwm200_grab5
10339,-268,-156,12024,CD,1,D1_pwm200_grab5
10343,-1468,-1700,7048,CD,1,D1_pwm200_grab5
10348,-6372,-2712,10260,CD,1,D1_pwm200_grab5
10353,2544,516,10648,CD,1,D1_pwm200_grab5
10358,-2244,-492,8000,CD,1,D1_pwm200_grab5
10363,596,1396,9284,CD,1,D1_pwm200_grab5
10368,948,52,11368,CD,1,D1_pwm200_grab5
10373,-3896,180,10612,CD,1,D1_pwm200_grab5
10379,-4740,-3812,13484,CD,1,D1_pwm200_grab5
10389,3256,1852,12656,CD,1,D1_pwm200_grab5
10394,-1744,628,8436,CD,1,D1_pwm200_grab5
10398,-6140,-920,9236,CD,1,D1_pwm200_grab5
10403,896,144,12040,CD,1,D1_pwm200_grab5
10408,-456,1552,15768,CD,1,D1_pwm200_grab5
10413,540,-908,14188,CD,1,D1_pwm200_grab5
10418,-2288,-4440,8616,CD,1,D1_pwm200_grab5
10423,2168,-1220,10276,CD,1,D1_pwm200_grab5
10428,2888,1404,13768,CD,1,D1_pwm200_grab5
10433,-10104,-1724,13080,CD,1,D1_pwm200_grab5
10438,2744,-924,11792,CD,1,D1_pwm200_grab5
10444,3160,1932,12312,CD,1,D1_pwm200_grab5
10449,-5832,1740,12176,CD,1,D1_pwm200_grab5
10455,-1860,-3636,7468,CD,1,D1_pwm200_grab5
10460,2648,508,9800,CD,1,D1_pwm200_grab5
10464,3012,1148,13428,CD,1,D1_pwm200_grab5
10469,-8916,-3388,12244,CD,1,D1_pwm200_grab5
10474,1364,-780,12132,CD,1,D1_pwm200_grab5
10479,-968,2376,8504,CD,1,D1_pwm200_grab5
10485,-5768,388,11592,CD,1,D1_pwm200_grab5
10490,-3736,-5076,7840,CD,1,D1_pwm200_grab5
10496,4316,136,9960,CD,1,D1_pwm200_grab5
10500,3500,188,11240,CD,1,D1_pwm200_grab5
10504,-7160,-2804,9528,CD,1,D1_pwm200_grab5
10510,1212,-2892,9980,CD,1,D1_pwm200_grab5
10514,680,1960,10064,CD,1,D1_pwm200_grab5
10519,1336,920,10884,CD,1,D1_pwm200_grab5
10525,-328,-2732,10352,CD,1,D1_pwm200_grab5
10529,340,-1792,6664,CD,1,D1_pwm200_grab5
10534,2108,92,13668,CD,1,D1_pwm200_grab5
10540,1100,-780,12424,CD,1,D1_pwm200_grab5
10545,3696,-720,8640,CD,1,D1_pwm200_grab5
10550,-2684,-624,9148,CD,1,D1_pwm200_grab5
10554,1172,-76,6908,CD,1,D1_pwm200_grab5
10559,3640,-680,13560,CD,1,D1_pwm200_grab5
10565,1392,-2164,7616,CD,1,D1_pwm200_grab5
10569,-1548,-2832,8528,CD,1,D1_pwm200_grab5
10575,800,-1036,9932,CD,1,D1_pwm200_grab5
10579,1080,-936,7000,CD,1,D1_pwm200_grab5
10584,-2336,-1312,8976,CD,1,D1_pwm200_grab5
10589,-232,-2152,9496,CD,1,D1_pwm200_grab5
10594,8292,4416,10172,CD,1,D1_pwm200_grab5
10599,-540,-280,12160,CD,1,D1_pwm200_grab5
10604,-1340,-4748,6148,CD,1,D1_pwm200_grab5
10609,2048,884,10132,CD,1,D1_pwm200_grab5
10614,3780,3548,10404,CD,1,D1_pwm200_grab5
10619,-2272,-1800,10704,CD,1,D1_pwm200_grab5
10624,-1620,-2476,9552,CD,1,D1_pwm200_grab5
10630,9348,1272,9116,CD,1,D1_pwm200_grab5
10635,-2832,2316,13904,CD,1,D1_pwm200_grab5
10639,-2428,-1684,12460,CD,1,D1_pwm200_grab5
10644,80,-1212,9656,CD,1,D1_pwm200_grab5
10650,644,3564,11284,CD,1,D1_pwm200_grab5
10654,-1936,-1336,11036,CD,1,D1_pwm200_grab5
10659,-860,-2228,9684,CD,1,D1_pwm200_grab5
10664,8544,1496,7864,CD,1,D1_pwm200_grab5
10669,-3108,1380,12356,CD,1,D1_pwm200_grab5
10675,3648,2032,12708,CD,1,D1_pwm200_grab5
10680,3364,400,11884,CD,1,D1_pwm200_grab5
10684,1988,696,9544,CD,1,D1_pwm200_grab5
10689,452,16,10288,CD,1,D1_pwm200_grab5
10694,604,-288,8908,CD,1,D1_pwm200_grab5
10699,7288,264,13804,CD,1,D1_pwm200_grab5
10705,-1700,1928,11864,CD,1,D1_pwm200_grab5
10711,1908,952,10648,CD,1,D1_pwm200_grab5
10715,2468,-388,12200,CD,1,D1_pwm200_grab5
10720,4064,2256,8124,CD,1,D1_pwm200_grab5
10725,-508,128,11320,CD,1,D1_pwm200_grab5
10730,1384,696,7864,CD,1,D1_pwm200_grab5
10735,8184,1184,12528,CD,1,D1_pwm200_grab5
10740,-2040,2700,11908,CD,1,D1_pwm200_grab5
10746,3116,-764,9972,CD,1,D1_pwm200_grab5
10752,-3896,0,6100,CD,1,D1_pwm200_grab5
10755,-1820,-1384,9552,CD,1,D1_pwm200_grab5
10760,900,572,9268,CD,1,D1_pwm200_grab5
10765,2252,2288,11416,CD,1,D1_pwm200_grab5
10771,-1100,-1020,4992,CD,1,D1_pwm200_grab5
10776,-4840,-2004,9500,CD,1,D1_pwm200_grab5
10781,2880,1496,9472,CD,1,D1_pwm200_grab5
10785,-1256,-1276,7256,CD,1,D1_pwm200_grab5
10790,-164,284,7388,CD,1,D1_pwm200_grab5
10796,452,-800,9540,CD,1,D1_pwm200_grab5
10800,-2708,1552,11420,CD,1,D1_pwm200_grab5
10816,1448,388,8580,CD,1,D1_pwm200_grab5
10821,-1292,448,8504,CD,1,D1_pwm200_grab5
10831,-104,316,8624,CD,1,D1_pwm200_grab5
10835,-2596,1500,11152,CD,1,D1_pwm200_grab5
10841,-784,-732,14500,CD,1,D1_pwm200_grab5
10845,-2036,-5364,10920,CD,1,D1_pwm200_grab5
10850,-736,-1284,9144,CD,1,D1_pwm200_grab5
10855,1312,724,13304,CD,1,D1_pwm200_grab5
10866,-324,-2160,7724,CD,1,D1_pwm200_grab5
10870,1812,2040,13484,CD,1,D1_pwm200_grab5
10876,-1460,-536,13960,CD,1,D1_pwm200_grab5
10881,3160,-116,14504,CD,1,D1_pwm200_grab5
10885,60,-2332,9552,CD,1,D1_pwm200_grab5
10891,304,-1184,11756,CD,1,D1_pwm200_grab5
10895,-1420,568,11492,CD,1,D1_pwm200_grab5
10900,1476,-716,10632,CD,1,D1_pwm200_grab5
10905,-1556,-504,13220,CD,1,D1_pwm200_grab5
10910,1508,1004,8164,CD,1,D1_pwm200_grab5
10915,1432,376,13620,CD,1,D1_pwm200_grab5
10920,1336,-1676,10712,CD,1,D1_pwm200_grab5
10926,-632,-3180,7752,CD,1,D1_pwm200_grab5
10931,2464,2284,10948,CD,1,D1_pwm200_grab5
10935,3836,3052,11784,CD,1,D1_pwm200_grab5
10940,-1852,-1552,11148,CD,1,D1_pwm200_grab5
10945,948,-872,10808,CD,1,D1_pwm200_grab5
10951,7236,3172,10892,CD,1,D1_pwm200_grab5
10955,3768,-160,10560,CD,1,D1_pwm200_grab5
10961,-752,-2864,6460,CD,1,D1_pwm200_grab5
10966,4284,1580,14488,CD,1,D1_pwm200_grab5
10972,6140,372,9652,CD,1,D1_pwm200_grab5
10976,-1204,-328,8760,CD,1,D1_pwm200_grab5
10982,152,-472,8900,CD,1,D1_pwm200_grab5
10986,6284,4096,11716,CD,1,D1_pwm200_grab5
10992,1352,-2164,9292,CD,1,D1_pwm200_grab5
10996,624,-3272,6980,CD,1,D1_pwm200_grab5
11001,1112,-1068,11680,CD,1,D1_pwm200_grab5
11006,4528,48,10244,CD,1,D1_pwm200_grab5
11011,-1668,-500,9932,CD,1,D1_pwm200_grab5
11017,1280,-688,8908,CD,1,D1_pwm200_grab5
11027,100,780,11552,CD,1,D1_pwm200_grab5
11032,1720,-2432,10452,CD,1,D1_pwm200_grab5
11036,2704,1832,11612,CD,1,D1_pwm200_grab5
11042,3280,2512,11392,CD,1,D1_pwm200_grab5
11047,-1748,-1428,8156,CD,1,D1_pwm200_grab5
11051,1236,1044,7116,CD,1,D1_pwm200_grab5
11056,8436,1644,9172,CD,1,D1_pwm200_grab5
11061,-3196,1952,12168,CD,1,D1_pwm200_grab5
11066,-1532,-1344,9776,CD,1,D1_pwm200_grab5
11072,-2916,-32,7320,CD,1,D1_pwm200_grab5
11076,936,2876,6420,CD,1,D1_pwm200_grab5
11082,-948,-80,9544,CD,1,D1_pwm200_grab5
11086,-788,-2120,7960,CD,1,D1_pwm200_grab5
11096,-4876,-2564,11276,CD,1,D1_pwm200_grab5
11101,1840,1780,9272,CD,1,D1_pwm200_grab5
11106,-1100,-584,7828,CD,1,D1_pwm200_grab5
11112,-1416,-244,7384,CD,1,D1_pwm200_grab5
11116,-872,484,9416,CD,1,D1_pwm200_grab5
11122,320,-160,8628,CD,1,D1_pwm200_grab5
11126,1572,-4136,11896,CD,1,D1_pwm200_grab5
11131,-5596,-2296,9752,CD,1,D1_pwm200_grab5
11136,1832,648,10924,CD,1,D1_pwm200_grab5
11142,-548,596,9068,CD,1,D1_pwm200_grab5
11147,-5840,-1564,10628,CD,1,D1_pwm200_grab5
11151,-512,-148,9292,CD,1,D1_pwm200_grab5
11161,-3400,-2440,12744,CD,1,D1_pwm200_grab5
11166,-5072,-3628,9892,CD,1,D1_pwm200_grab5
11171,2592,1828,12096,CD,1,D1_pwm200_grab5
11177,-384,1636,7960,CD,1,D1_pwm200_grab5
11187,1436,-808,11736,CD,1,D1_pwm200_grab5
11191,3436,2096,15044,CD,1,D1_pwm200_grab5
11197,-3496,1064,13560,CD,1,D1_pwm200_grab5
11201,-3008,-4620,8240,CD,1,D1_pwm200_grab5
11207,3668,-48,10772,CD,1,D1_pwm200_grab5
11211,2396,888,12772,CD,1,D1_pwm200_grab5
11223,3400,-724,12300,CD,1,D1_pwm200_grab5
11228,352,2740,9268,CD,1,D1_pwm200_grab5
11232,-6092,1368,13152,CD,1,D1_pwm200_grab5
11237,-828,-3588,6428,CD,1,D1_pwm200_grab5
11243,2684,808,10656,CD,1,D1_pwm200_grab5
11247,3056,324,11380,CD,1,D1_pwm200_grab5
11257,1052,-344,11096,CD,1,D1_pwm200_grab5
11264,348,3036,9756,CD,1,D1_pwm200_grab5
11268,2120,2456,10492,CD,1,D1_pwm200_grab5
11273,2652,-860,10900,CD,1,D1_pwm200_grab5
11278,304,-1936,8480,CD,1,D1_pwm200_grab5
11282,3380,-532,12764,CD,1,D1_pwm200_grab5
11292,1828,-2676,10604,CD,1,D1_pwm200_grab5
11298,1640,1804,8800,CD,1,D1_pwm200_grab5
11303,1728,2232,9008,CD,1,D1_pwm200_grab5
11307,4352,280,9396,CD,1,D1_pwm200_grab5
11312,788,-1780,10288,CD,1,D1_pwm200_grab5
11317,-1908,-2580,5916,CD,1,D1_pwm200_grab5
11323,2300,512,12776,CD,1,D1_pwm200_grab5
11328,1116,-808,7992,CD,1,D1_pwm200_grab5
11333,-1724,-1408,8292,CD,1,D1_pwm200_grab5
11338,-1152,-1164,7024,CD,1,D1_pwm200_grab5
11343,4168,828,12740,CD,1,D1_pwm200_grab5
11347,-648,-1724,8276,CD,1,D1_pwm200_grab5
11352,-1528,-2468,9456,CD,1,D1_pwm200_grab5
11357,2332,2412,11244,CD,1,D1_pwm200_grab5
11362,1424,2124,11996,CD,1,D1_pwm200_grab5
11367,-1896,-1944,9112,CD,1,D1_pwm200_grab5
11372,260,-1792,7504,CD,1,D1_pwm200_grab5
11383,-1024,648,11172,CD,1,D1_pwm200_grab5
11387,-568,-2908,7696,CD,1,D1_pwm200_grab5
11393,-1988,220,8440,CD,1,D1_pwm200_grab5
11397,1164,4536,9628,CD,1,D1_pwm200_grab5
11402,-1132,-772,9636,CD,1,D1_pwm200_grab5
11407,-80,-1532,10284,CD,1,D1_pwm200_grab5
11412,8348,920,11416,CD,1,D1_pwm200_grab5
11417,-1684,3280,13812,CD,1,D1_pwm200_grab5
11422,-1260,-1448,11324,CD,1,D1_pwm200_grab5
11428,360,36,9960,CD,1,D1_pwm200_grab5
11433,1300,4332,9004,CD,1,D1_pwm200_grab5
11437,-492,740,9636,CD,1,D1_pwm200_grab5
11442,1656,816,13904,CD,1,D1_pwm200_grab5
11448,1036,-1940,10336,CD,1,D1_pwm200_grab5
11453,-4520,-688,11876,CD,1,D1_pwm200_grab5
11458,5256,1156,11524,CD,1,D1_pwm200_grab5
11463,-80,612,11060,CD,1,D1_pwm200_grab5
11468,2420,324,9180,CD,1,D1_pwm200_grab5
11472,-48,824,10628,CD,1,D1_pwm200_grab5
11478,2124,1152,9388,CD,1,D1_pwm200_grab5
11484,1820,-2244,13312,CD,1,D1_pwm200_grab5
11488,-1400,2284,10500,CD,1,D1_pwm200_grab5
11493,4068,1980,11368,CD,1,D1_pwm200_grab5
11498,3308,-676,11096,CD,1,D1_pwm200_grab5
11503,4004,1180,10292,CD,1,D1_pwm200_grab5
11508,12,436,10880,CD,1,D1_pwm200_grab5
11513,2564,1876,9388,CD,1,D1_pwm200_grab5
11518,7076,628,11184,CD,1,D1_pwm200_grab5
11524,-2420,-2360,7648,CD,1,D1_pwm200_grab5
11528,3496,1620,9428,CD,1,D1_pwm200_grab5
11533,1172,816,7036,CD,1,D1_pwm200_grab5
11539,-3284,-2240,8592,CD,1,D1_pwm200_grab5
11543,1392,652,10196,CD,1,D1_pwm200_grab5
11548,868,2224,11716,CD,1,D1_pwm200_grab5
11553,-1416,-1248,5064,CD,1,D1_pwm200_grab5
11559,-5468,-2684,10084,CD,1,D1_pwm200_grab5
11563,832,-952,8020,CD,1,D1_pwm200_grab5
11568,4416,1212,12456,CD,1,D1_pwm200_grab5
11578,1764,-1864,9640,CD,1,D1_pwm200_grab5
11584,-1300,2524,6664,CD,1,D1_pwm200_grab5
11593,-3232,-5492,7988,CD,1,D1_pwm200_grab5
11598,2024,-104,7836,CD,1,D1_pwm200_grab5
11603,36,452,9644,CD,1,D1_pwm200_grab5
11609,-6252,-1424,8284,CD,1,D1_pwm200_grab5
11614,-2008,-3008,8936,CD,1,D1_pwm200_grab5
11619,-2016,1264,8896,CD,1,D1_pwm200_grab5
11623,-932,668,10024,CD,1,D1_pwm200_grab5
11628,-76,-2860,12120,CD,1,D1_pwm200_grab5
11633,-1744,-2260,7264,CD,1,D1_pwm200_grab5
11638,800,512,12708,CD,1,D1_pwm200_grab5
11649,944,444,7668,CD,1,D1_pwm200_grab5
11653,-1344,-1244,10040,CD,1,D1_pwm200_grab5
11658,-2404,-2632,6452,CD,1,D1_pwm200_grab5
11664,3936,-120,14256,CD,1,D1_pwm200_grab5
11669,-732,-2160,8676,CD,1,D1_pwm200_grab5
11673,-1504,-1496,10160,CD,1,D1_pwm200_grab5
11678,872,-128,13308,CD,1,D1_pwm200_grab5
11683,1820,200,9144,CD,1,D1_pwm200_grab5
11688,-1488,-836,11668,CD,1,D1_pwm200_grab5
11693,1456,-2392,9708,CD,1,D1_pwm200_grab5
11703,2176,1208,11680,CD,1,D1_pwm200_grab5
11709,44,-2876,8872,CD,1,D1_pwm200_grab5
11713,4256,1564,11240,CD,1,D1_pwm200_grab5
11718,3952,4324,12996,CD,1,D1_pwm200_grab5
11723,-1080,-544,10372,CD,1,D1_pwm200_grab5
11729,1708,-1440,9088,CD,1,D1_pwm200_grab5
11734,6940,2992,11032,CD,1,D1_pwm200_grab5
11740,3392,-416,11596,CD,1,D1_pwm200_grab5
11745,-1708,-3340,5720,CD,1,D1_pwm200_grab5
11749,3848,1152,13284,CD,1,D1_pwm200_grab5
11755,6364,944,10204,CD,1,D1_pwm200_grab5
11759,-1484,-992,9156,CD,1,D1_pwm200_grab5
11765,-312,-1532,8872,CD,1,D1_pwm200_grab5
11769,6796,2988,12764,CD,1,D1_pwm200_grab5
11774,1588,-796,9508,CD,1,D1_pwm200_grab5
11780,-220,-2168,11364,CD,1,D1_pwm200_grab5
11789,6308,3156,14316,CD,1,D1_pwm200_grab5
11794,-844,0,8660,CD,1,D1_pwm200_grab5
11799,1652,-1424,9972,CD,1,D1_pwm200_grab5
11810,1684,1436,10560,CD,1,D1_pwm200_grab5
11815,-396,-4188,5708,CD,1,D1_pwm200_grab5
11820,-1060,868,8328,CD,1,D1_pwm200_grab5
11824,1588,3036,5888,CD,1,D1_pwm200_grab5
11829,-428,952,9644,CD,1,D1_pwm200_grab5
11834,736,-1616,8844,CD,1,D1_pwm200_grab5
11845,-1260,1480,12860,CD,1,D1_pwm200_grab5
11849,-1484,-2736,10028,CD,1,D1_pwm200_grab5
11854,6712,-1860,13496,CD,1,D1_pwm200_grab5
11859,60,2908,8988,CD,1,D1_pwm200_grab5
11864,-872,208,10288,CD,1,D1_pwm200_grab5
11870,1856,1356,7812,CD,1,D1_pwm200_grab5
11875,2816,-3236,10524,CD,1,D1_pwm200_grab5
11879,-4356,-356,12808,CD,1,D1_pwm200_grab5
11885,-700,-1016,9628,CD,1,D1_pwm200_grab5
11889,496,-1444,8436,CD,1,D1_pwm200_grab5
11895,1516,2180,6972,CD,1,D1_pwm200_grab5
11900,-1028,288,10084,CD,1,D1_pwm200_grab5
11905,-224,700,13860,CD,1,D1_pwm200_grab5
11910,-4748,-4384,5564,CD,1,D1_pwm200_grab5
11915,-4860,-3264,11516,CD,1,D1_pwm200_grab5
11920,1128,1316,10204,CD,1,D1_pwm200_grab5
11924,-1704,-300,9780,CD,1,D1_pwm200_grab5
11929,-3076,-1436,9216,CD,1,D1_pwm200_grab5
11935,-416,576,9592,CD,1,D1_pwm200_grab5
11940,156,452,13640,CD,1,D1_pwm200_grab5
11944,1828,-3500,11240,CD,1,D1_pwm200_grab5
11949,-3448,-5524,8492,CD,1,D1_pwm200_grab5
11954,3320,1172,11844,CD,1,D1_pwm200_grab5
11959,-28,1664,9888,CD,1,D1_pwm200_grab5
11964,-5260,-1236,11168,CD,1,D1_pwm200_grab5
11969,604,-744,11864,CD,1,D1_pwm200_grab5
11979,-2036,-2088,11864,CD,1,D1_pwm200_grab5
11984,-5040,-2680,10264,CD,1,D1_pwm200_grab5
11991,4404,2472,12928,CD,1,D1_pwm200_grab5
11996,1068,1320,9364,CD,1,D1_pwm200_grab5
12001,-3752,-1696,9796,CD,1,D1_pwm200_grab5
12005,1224,216,9252,CD,1,D1_pwm200_grab5
12011,500,1876,14376,CD,1,D1_pwm200_grab5
12016,-468,-1528,8788,CD,1,D1_pwm200_grab5
12020,-3728,-1752,10148,CD,1,D1_pwm200_grab5
12025,4476,2596,10884,CD,1,D1_pwm200_grab5
12030,-212,-196,10048,CD,1,D1_pwm200_grab5
12036,-7448,-3956,10204,CD,1,D1_pwm200_grab5
12041,1572,-1380,10712,CD,1,D1_pwm200_grab5
12045,-408,3968,9676,CD,1,D1_pwm200_grab5
12051,-5448,-1080,9416,CD,1,D1_pwm200_grab5
12056,-2976,-3864,5992,CD,1,D1_pwm200_grab5
12060,2844,1392,9892,CD,1,D1_pwm200_grab5
12065,1960,1304,6180,CD,1,D1_pwm200_grab5
12070,-6304,-3956,8580,CD,1,D1_pwm200_grab5
12076,1048,-2704,7772,CD,1,D1_pwm200_grab5
12081,2816,2316,8776,CD,1,D1_pwm200_grab5
12085,-3128,1704,12572,CD,1,D1_pwm200_grab5
12095,-436,-2432,7512,CD,1,D1_pwm200_grab5
12100,4072,1584,11260,CD,1,D1_pwm200_grab5
12110,308,-2708,8008,CD,1,D1_pwm200_grab5
12116,-996,864,9256,CD,1,D1_pwm200_grab5
12120,588,720,9776,CD,1,D1_pwm200_grab5
12125,3376,-428,10592,CD,1,D1_pwm200_grab5
12130,-416,-3400,8740,CD,1,D1_pwm200_grab5
12135,1692,-1700,9004,CD,1,D1_pwm200_grab5
12140,-6892,-464,9192,CD,1,D1_pwm200_grab5
12145,-1396,-2060,9924,CD,1,D1_pwm200_grab5
12150,-2072,628,9948,CD,1,D1_pwm200_grab5
12155,384,1580,14372,CD,1,D1_pwm200_grab5
12160,4480,1404,11200,CD,1,D1_pwm200_grab5
12165,-220,-1640,10772,CD,1,D1_pwm200_grab5
12171,-3508,-3544,6644,CD,1,D1_pwm200_grab5
12176,1940,912,12908,CD,1,D1_pwm200_grab5
12181,780,708,8864,CD,1,D1_pwm200_grab5
12185,-1652,-1156,9640,CD,1,D1_pwm200_grab5
12191,-1456,-1104,7792,CD,1,D1_pwm200_grab5
12196,2792,-64,13868,CD,1,D1_pwm200_grab5
12200,68,-2384,10296,CD,1,D1_pwm200_grab5
12206,-1344,-3460,8988,CD,1,D1_pwm200_grab5
12210,2032,2184,10084,CD,1,D1_pwm200_grab5
12215,2428,4476,14600,CD,1,D1_pwm200_grab5
12221,-1260,-1600,9088,CD,1,D1_pwm200_grab5
12225,-548,-3892,9292,CD,1,D1_pwm200_grab5
12230,8648,3780,11828,CD,1,D1_pwm200_grab5
12236,1012,564,11756,CD,1,D1_pwm200_grab5
12240,-2408,-3244,6636,CD,1,D1_pwm200_grab5
12247,2928,1268,10068,CD,1,D1_pwm200_grab5
12252,4084,3096,10984,CD,1,D1_pwm200_grab5
12256,-1616,-336,11884,CD,1,D1_pwm200_grab5
12262,2108,-968,9224,CD,1,D1_pwm200_grab5
12266,7156,2956,11804,CD,1,D1_pwm200_grab5
12271,3312,-1080,10204,CD,1,D1_pwm200_grab5
12277,-2404,-3068,6096,CD,1,D1_pwm200_grab5
12286,5792,1720,10832,CD,1,D1_pwm200_grab5
12292,-488,-376,8840,CD,1,D1_pwm200_grab5
12297,428,-1692,8968,CD,1,D1_pwm200_grab5
12306,3280,1776,10968,CD,1,D1_pwm200_grab5
12311,1404,-3024,9664,CD,1,D1_pwm200_grab5
12322,6520,3724,13380,CD,1,D1_pwm200_grab5
12327,-924,-124,9676,CD,1,D1_pwm200_grab5
12331,1404,-356,7504,CD,1,D1_pwm200_grab5
12336,8420,1580,11416,CD,1,D1_pwm200_grab5
12341,520,2572,9528,CD,1,D1_pwm200_grab5
12346,1376,-928,10632,CD,1,D1_pwm200_grab5
12352,-3884,-48,5220,CD,1,D1_pwm200_grab5
12357,3696,2864,5912,CD,1,D1_pwm200_grab5
12362,-408,20,8256,CD,1,D1_pwm200_grab5
12366,1188,-736,9292,CD,1,D1_pwm200_grab5
12372,9044,2600,5652,CD,1,D1_pwm200_grab5
12376,-3524,-756,8504,CD,1,D1_pwm200_grab5
12381,2248,-456,10192,CD,1,D1_pwm200_grab5
12386,-132,-1332,9000,CD,1,D1_pwm200_grab5
12391,40,512,7048,CD,1,D1_pwm200_grab5
12396,-184,412,8620,CD,1,D1_pwm200_grab5
12402,1060,1052,9260,CD,1,D1_pwm200_grab5
12406,-76,-2612,7636,CD,1,D1_pwm200_grab5
12411,-3680,-136,13452,CD,1,D1_pwm200_grab5
12417,1576,-16,9548,CD,1,D1_pwm200_grab5
12421,-2320,452,7020,CD,1,D1_pwm200_grab5
12431,-792,-644,11304,CD,1,D1_pwm200_grab5
12436,-1512,1304,14168,CD,1,D1_pwm200_grab5
12442,-3436,-5712,8916,CD,1,D1_pwm200_grab5
12446,-5468,-4600,11032,CD,1,D1_pwm200_grab5
12451,3124,1264,11332,CD,1,D1_pwm200_grab5
12457,-760,516,6760,CD,1,D1_pwm200_grab5
12467,72,-1852,10536,CD,1,D1_pwm200_grab5
12471,320,168,12956,CD,1,D1_pwm200_grab5
12477,-7896,-1176,11060,CD,1,D1_pwm200_grab5
12481,-1932,-4704,7696,CD,1,D1_pwm200_grab5
12486,1396,-8,10336,CD,1,D1_pwm200_grab5
12491,1512,2096,11012,CD,1,D1_pwm200_grab5
12496,-9652,-2448,14688,CD,1,D1_pwm200_grab5
12503,204,-952,12072,CD,1,D1_pwm200_grab5
12507,-204,2032,13948,CD,1,D1_pwm200_grab5
12512,-4684,-2172,10724,CD,1,D1_pwm200_grab5
12517,-4212,-4516,8168,CD,1,D1_pwm200_grab5
12522,5172,1156,11504,CD,1,D1_pwm200_grab5
12527,1496,2004,10672,CD,1,D1_pwm200_grab5
12532,-6644,-3612,9052,CD,1,D1_pwm200_grab5
12537,1088,-1216,11464,CD,1,D1_pwm200_grab5
12544,136,3600,13212,CD,1,D1_pwm200_grab5
12548,2540,3164,15316,CD,1,D1_pwm200_grab5
12552,-2936,-4068,7140,CD,1,D1_pwm200_grab5
12557,2344,-1796,8648,CD,1,D1_pwm200_grab5
12563,2980,1576,12276,CD,1,D1_pwm200_grab5
12567,-8900,-2704,12560,CD,1,D1_pwm200_grab5
12572,1984,-2616,8548,CD,1,D1_pwm200_grab5
12577,2772,1828,10296,CD,1,D1_pwm200_grab5
12582,-4372,1648,11628,CD,1,D1_pwm200_grab5
12588,3704,1280,13136,CD,1,D1_pwm200_grab5
12593,1328,-1988,7408,CD,1,D1_pwm200_grab5
12598,-756,-2008,8368,CD,1,D1_pwm200_grab5
12603,-2128,80,7448,CD,1,D1_pwm200_grab5
12608,3192,-632,8556,CD,1,D1_pwm200_grab5
12612,-1524,-1280,8180,CD,1,D1_pwm200_grab5
12618,1304,1092,10072,CD,1,D1_pwm200_grab5
12623,1024,-2560,9000,CD,1,D1_pwm200_grab5
12628,256,-3308,7968,CD,1,D1_pwm200_grab5
12632,-4084,-4792,4256,CD,1,D1_pwm200_grab5
12638,3284,-620,8788,CD,1,D1_pwm200_grab5
12642,3056,1484,6960,CD,1,D1_pwm200_grab5
12647,-1624,-2392,7848,CD,1,D1_pwm200_grab5
12652,1204,-1044,8360,CD,1,D1_pwm200_grab5
12657,5376,1788,9900,CD,1,D1_pwm200_grab5
12663,444,-2328,10964,CD,2,D1_pwm200_grab5
12668,-2440,-3620,5452,CD,2,D1_pwm200_grab5
12672,4172,-2016,10924,CD,2,D1_pwm200_grab5
12677,1600,3720,10964,CD,2,D1_pwm200_grab5
12683,-2024,-1592,11780,CD,2,D1_pwm200_grab5
12688,-880,-3172,7488,CD,2,D1_pwm200_grab5
12693,8120,3724,9200,CD,2,D1_pwm200_grab5
12697,808,1008,13664,CD,2,D1_pwm200_grab5
12703,-1752,-3848,8616,CD,2,D1_pwm200_grab5
12707,3672,2236,13516,CD,2,D1_pwm200_grab5
12713,4336,4880,15292,CD,2,D1_pwm200_grab5
12717,-968,464,12404,CD,2,D1_pwm200_grab5
12723,-272,-1248,7808,CD,2,D1_pwm200_grab5
12727,6760,748,10036,CD,2,D1_pwm200_grab5
12733,372,3036,12604,CD,2,D1_pwm200_grab5
12738,-732,-2240,10892,CD,2,D1_pwm200_grab5
12743,-332,-568,9884,CD,2,D1_pwm200_grab5
12747,1504,4796,10936,CD,2,D1_pwm200_grab5
12752,-732,324,9164,CD,2,D1_pwm200_grab5
12758,-16,-1848,8084,CD,2,D1_pwm200_grab5
12769,-280,3504,12964,CD,2,D1_pwm200_grab5
12774,264,-2856,10576,CD,2,D1_pwm200_grab5
12783,3720,3272,13828,CD,2,D1_pwm200_grab5
12789,-12,44,10676,CD,2,D1_pwm200_grab5
12793,1380,-1988,8628,CD,2,D1_pwm200_grab5
12804,-2860,1208,12884,CD,2,D1_pwm200_grab5
12809,4536,-296,10344,CD,2,D1_pwm200_grab5
12814,3100,188,12568,CD,2,D1_pwm200_grab5
12818,4980,2508,7848,CD,2,D1_pwm200_grab5
12823,396,1340,10676,CD,2,D1_pwm200_grab5
12828,1724,-204,8076,CD,2,D1_pwm200_grab5
12839,672,3848,10576,CD,2,D1_pwm200_grab5
12849,-1272,-832,8076,CD,2,D1_pwm200_grab5
12853,-236,-1020,8756,CD,2,D1_pwm200_grab5
12858,180,1356,8644,CD,2,D1_pwm200_grab5
12864,3712,3452,12832,CD,2,D1_pwm200_grab5
12869,740,-1860,9092,CD,2,D1_pwm200_grab5
12873,-2668,656,8504,CD,2,D1_pwm200_grab5
12878,2628,572,9088,CD,2,D1_pwm200_grab5
12883,1476,-80,10316,CD,2,D1_pwm200_grab5
12889,-7652,-2408,7984,CD,2,D1_pwm200_grab5
12893,500,-1196,9360,CD,2,D1_pwm200_grab5
12898,-680,2996,11956,CD,2,D1_pwm200_grab5
12904,-2548,-1772,11392,CD,2,D1_pwm200_grab5
12909,-5616,-5388,8284,CD,2,D1_pwm200_grab5
12913,2628,-40,8720,CD,2,D1_pwm200_grab5
12918,-2020,-384,6048,CD,2,D1_pwm200_grab5
12923,-5648,-1832,7992,CD,2,D1_pwm200_grab5
12928,244,-2232,8180,CD,2,D1_pwm200_grab5
12934,1188,1036,8616,CD,2,D1_pwm200_grab5
12938,-8332,-688,9144,CD,2,D1_pwm200_grab5
12944,-2844,-5604,6840,CD,2,D1_pwm200_grab5
12948,240,116,10532,CD,2,D1_pwm200_grab5
12954,780,300,9900,CD,2,D1_pwm200_grab5
12963,-664,-2128,9712,CD,2,D1_pwm200_grab5
12968,-2372,736,11772,CD,2,D1_pwm200_grab5
12974,-100,1456,11392,CD,2,D1_pwm200_grab5
12978,-3088,-4108,9568,CD,2,D1_pwm200_grab5
12984,-904,-2064,9300,CD,2,D1_pwm200_grab5
12989,1944,516,15140,CD,2,D1_pwm200_grab5
12999,1220,-2500,11804,CD,2,D1_pwm200_grab5
13003,188,372,10736,CD,2,D1_pwm200_grab5
13008,1508,812,16856,CD,2,D1_pwm200_grab5
13014,-2136,-4544,8960,CD,2,D1_pwm200_grab5
13019,1316,-196,10228,CD,2,D1_pwm200_grab5
13024,2648,1208,15580,CD,2,D1_pwm200_grab5
13034,884,-1904,11232,CD,2,D1_pwm200_grab5
13040,2740,2196,12696,CD,2,D1_pwm200_grab5
13045,-2540,484,13876,CD,2,D1_pwm200_grab5
13049,-2584,-3772,8444,CD,2,D1_pwm200_grab5
13056,2156,736,11780,CD,2,D1_pwm200_grab5
13059,2320,-908,11400,CD,2,D1_pwm200_grab5
13064,-1660,1436,11324,CD,2,D1_pwm200_grab5
13070,1040,-2144,10872,CD,2,D1_pwm200_grab5
13074,-376,-568,11172,CD,2,D1_pwm200_grab5
13079,1660,3776,13128,CD,2,D1_pwm200_grab5
13085,200,-1796,9948,CD,2,D1_pwm200_grab5
13089,1868,-2244,7516,CD,2,D1_pwm200_grab5
13094,2640,476,12244,CD,2,D1_pwm200_grab5
13099,2292,1884,13380,CD,2,D1_pwm200_grab5
13104,4764,1052,10372,CD,2,D1_pwm200_grab5
13109,-1432,-2268,8360,CD,2,D1_pwm200_grab5
13115,2680,804,7188,CD,2,D1_pwm200_grab5
13119,5408,1868,12656,CD,2,D1_pwm200_grab5
13124,3500,-932,9072,CD,2,D1_pwm200_grab5
13130,-2248,-2128,8064,CD,2,D1_pwm200_grab5
13135,4100,-68,13032,CD,2,D1_pwm200_grab5
13139,2768,-560,7176,CD,2,D1_pwm200_grab5
13144,-1076,-1144,9140,CD,2,D1_pwm200_grab5
13149,-740,-2628,8380,CD,2,D1_pwm200_grab5
13154,9472,4564,9036,CD,2,D1_pwm200_grab5
13159,120,192,9500,CD,2,D1_pwm200_grab5
13164,-1780,-4656,7224,CD,2,D1_pwm200_grab5
13170,1412,464,7900,CD,2,D1_pwm200_grab5
13174,3764,3616,9932,CD,2,D1_pwm200_grab5
13180,-2332,-3460,9120,CD,2,D1_pwm200_grab5
13184,-1012,-2456,5956,CD,2,D1_pwm200_grab5
13190,8360,1592,8604,CD,2,D1_pwm200_grab5
13194,-1936,1360,11104,CD,2,D1_pwm200_grab5
13199,-3340,-3060,10676,CD,2,D1_pwm200_grab5
13204,-4088,-2280,6580,CD,2,D1_pwm200_grab5
13209,2008,4384,11576,CD,2,D1_pwm200_grab5
13214,-1784,-1780,10568,CD,2,D1_pwm200_grab5
13219,-1140,-2884,8256,CD,2,D1_pwm200_grab5
13225,8032,2128,6776,CD,2,D1_pwm200_grab5
13229,-3852,1232,13696,CD,2,D1_pwm200_grab5
13234,2520,604,11804,CD,2,D1_pwm200_grab5
13239,1392,-548,11660,CD,2,D1_pwm200_grab5
13245,2740,2304,7852,CD,2,D1_pwm200_grab5
13249,-316,1836,12428,CD,2,D1_pwm200_grab5
13255,8,-680,7752,CD,2,D1_pwm200_grab5
13260,7160,760,11368,CD,2,D1_pwm200_grab5
13265,-1724,1508,12884,CD,2,D1_pwm200_grab5
13270,2508,-652,11376,CD,2,D1_pwm200_grab5
13276,-48,-900,10896,CD,2,D1_pwm200_grab5
13280,3548,4700,10072,CD,2,D1_pwm200_grab5
13285,-292,1212,9456,CD,2,D1_pwm200_grab5
13290,624,-1232,7876,CD,2,D1_pwm200_grab5
13295,8084,2108,11028,CD,2,D1_pwm200_grab5
13300,-288,2696,11716,CD,2,D1_pwm200_grab5
13305,1392,-1876,11808,CD,2,D1_pwm200_grab5
13310,-1260,-720,8112,CD,2,D1_pwm200_grab5
13316,608,392,9688,CD,2,D1_pwm200_grab5
13320,52,2296,9688,CD,2,D1_pwm200_grab5
13326,3072,1912,13092,CD,2,D1_pwm200_grab5
13330,1852,-452,8608,CD,2,D1_pwm200_grab5
13335,-3784,8,11356,CD,2,D1_pwm200_grab5
13341,5520,168,10044,CD,2,D1_pwm200_grab5
13345,580,-152,9732,CD,2,D1_pwm200_grab5
13351,3840,1116,7136,CD,2,D1_pwm200_grab5
13356,756,-548,10964,CD,2,D1_pwm200_grab5
13360,288,4336,13100,CD,2,D1_pwm200_grab5
13365,-1736,-1416,9788,CD,2,D1_pwm200_grab5
13370,-5384,-4008,10672,CD,2,D1_pwm200_grab5
13375,5076,1144,9636,CD,2,D1_pwm200_grab5
13380,-880,232,5488,CD,2,D1_pwm200_grab5
13385,-5260,-2440,7736,CD,2,D1_pwm200_grab5
13390,320,992,8984,CD,2,D1_pwm200_grab5
13395,1380,4176,12884,CD,2,D1_pwm200_grab5
13400,4036,1984,13424,CD,2,D1_pwm200_grab5
13405,-2504,-4484,9112,CD,2,D1_pwm200_grab5
13411,2260,-608,7788,CD,2,D1_pwm200_grab5
13415,1452,1980,11284,CD,2,D1_pwm200_grab5
13426,556,-2568,7920,CD,2,D1_pwm200_grab5
13430,2508,2992,8344,CD,2,D1_pwm200_grab5
13435,-6656,-400,10040,CD,2,D1_pwm200_grab5
13441,4704,-360,12636,CD,2,D1_pwm200_grab5
13445,-2548,-2660,7132,CD,2,D1_pwm200_grab5
13451,-952,-1484,9368,CD,2,D1_pwm200_grab5
13455,-2952,868,8828,CD,2,D1_pwm200_grab5
13461,788,-1120,7224,CD,2,D1_pwm200_grab5
13465,-2416,-1096,10360,CD,2,D1_pwm200_grab5
13470,80,1536,10716,CD,2,D1_pwm200_grab5
13476,-640,-2884,9796,CD,2,D1_pwm200_grab5
13480,-1036,-3224,8112,CD,2,D1_pwm200_grab5
13485,-3652,-3680,5948,CD,2,D1_pwm200_grab5
13491,1356,700,8648,CD,2,D1_pwm200_grab5
13496,3308,2964,9992,CD,2,D1_pwm200_grab5
13501,-2504,-3580,10248,CD,2,D1_pwm200_grab5
13505,2132,-436,9140,CD,2,D1_pwm200_grab5
13510,5224,1948,11020,CD,2,D1_pwm200_grab5
13515,1884,-1040,11828,CD,2,D1_pwm200_grab5
13521,-4524,-4488,5084,CD,2,D1_pwm200_grab5
13527,3448,2112,13156,CD,2,D1_pwm200_grab5
13532,2492,2860,10680,CD,2,D1_pwm200_grab5
13536,-1520,-2188,9212,CD,2,D1_pwm200_grab5
13541,684,-1456,9600,CD,2,D1_pwm200_grab5
13547,6556,2768,12708,CD,2,D1_pwm200_grab5
13551,924,-1436,11012,CD,2,D1_pwm200_grab5
13556,-952,-2580,7636,CD,2,D1_pwm200_grab5
13562,4692,2044,13744,CD,2,D1_pwm200_grab5
13566,3356,1124,10872,CD,2,D1_pwm200_grab5
13571,-344,-524,9948,CD,2,D1_pwm200_grab5
13577,-236,-1632,8508,CD,2,D1_pwm200_grab5
13581,10708,4188,7716,CD,2,D1_pwm200_grab5
13587,1004,2600,11420,CD,2,D1_pwm200_grab5
13592,-1416,-2544,10356,CD,2,D1_pwm200_grab5
13602,3268,3548,13156,CD,2,D1_pwm200_grab5
13607,-308,-860,9120,CD,2,D1_pwm200_grab5
13612,1992,1056,9392,CD,2,D1_pwm200_grab5
13616,5560,-500,10192,CD,2,D1_pwm200_grab5
13622,-3196,1568,12020,CD,2,D1_pwm200_grab5
13626,4104,-220,9644,CD,2,D1_pwm200_grab5
13632,1836,-356,10516,CD,2,D1_pwm200_grab5
13637,4476,2096,7320,CD,2,D1_pwm200_grab5
13641,-44,1140,8960,CD,2,D1_pwm200_grab5
13646,1464,-256,6532,CD,2,D1_pwm200_grab5
13651,4832,-1176,12132,CD,2,D1_pwm200_grab5
13656,-5364,-3968,10344,CD,2,D1_pwm200_grab5
13661,5188,1880,9528,CD,2,D1_pwm200_grab5
13666,-1144,204,5576,CD,2,D1_pwm200_grab5
13671,-4768,-1876,7444,CD,2,D1_pwm200_grab5
13677,-20,1352,8716,CD,2,D1_pwm200_grab5
13682,1176,3440,13552,CD,2,D1_pwm200_grab5
13686,-1788,-4972,9840,CD,2,D1_pwm200_grab5
13691,-3868,-3884,6904,CD,2,D1_pwm200_grab5
13696,-1592,-336,7876,CD,2,D1_pwm200_grab5
13701,1316,1068,11188,CD,2,D1_pwm200_grab5
13711,480,-2668,8168,CD,2,D1_pwm200_grab5
13716,32,972,10652,CD,2,D1_pwm200_grab5
13721,-2152,820,12020,CD,2,D1_pwm200_grab5
13726,-3892,-5964,8172,CD,2,D1_pwm200_grab5
13732,-28,-1496,8804,CD,2,D1_pwm200_grab5
13737,-160,1064,11920,CD,2,D1_pwm200_grab5
13741,72,-76,10952,CD,2,D1_pwm200_grab5
13747,680,-788,8604,CD,2,D1_pwm200_grab5
13752,-2108,-2340,10816,CD,2,D1_pwm200_grab5
13756,1036,1280,10488,CD,2,D1_pwm200_grab5
13761,2408,-1160,13160,CD,2,D1_pwm200_grab5
13766,420,-1756,10440,CD,2,D1_pwm200_grab5
13772,-1012,-2148,11128,CD,2,D1_pwm200_grab5
13776,-2184,828,10440,CD,2,D1_pwm200_grab5
13783,1620,-664,10672,CD,2,D1_pwm200_grab5
13788,-2020,-728,10064,CD,2,D1_pwm200_grab5
13792,-104,644,10320,CD,2,D1_pwm200_grab5
13797,2980,-524,12536,CD,2,D1_pwm200_grab5
13802,724,-2536,9248,CD,2,D1_pwm200_grab5
13808,2124,-572,11892,CD,2,D1_pwm200_grab5
13812,-468,1380,12052,CD,2,D1_pwm200_grab5
13817,1060,-1560,10396,CD,2,D1_pwm200_grab5
13824,-800,-1104,12592,CD,2,D1_pwm200_grab5
13828,2016,-764,10868,CD,2,D1_pwm200_grab5
13838,2192,224,11216,CD,2,D1_pwm200_grab5
13842,-1372,-3944,7700,CD,2,D1_pwm200_grab5
13847,3032,800,9432,CD,2,D1_pwm200_grab5
13852,4008,3356,12484,CD,2,D1_pwm200_grab5
13858,-892,-2592,8232,CD,2,D1_pwm200_grab5
13862,2316,-952,10784,CD,2,D1_pwm200_grab5
13873,-864,3260,12504,CD,2,D1_pwm200_grab5
13878,-2004,-3188,9912,CD,2,D1_pwm200_grab5
13882,-3284,584,6308,CD,2,D1_pwm200_grab5
13887,1576,3720,9720,CD,2,D1_pwm200_grab5
13892,-528,-200,8620,CD,2,D1_pwm200_grab5
13898,72,-2112,6940,CD,2,D1_pwm200_grab5
13907,152,2712,11168,CD,2,D1_pwm200_grab5
13912,4984,1960,9936,CD,2,D1_pwm200_grab5
13917,-1556,-804,7832,CD,2,D1_pwm200_grab5
13922,-360,-556,6904,CD,2,D1_pwm200_grab5
13927,-696,1760,10016,CD,2,D1_pwm200_grab5
13932,2332,1540,9600,CD,2,D1_pwm200_grab5
13937,256,-3776,10552,CD,2,D1_pwm200_grab5
13942,-3272,-1428,8504,CD,2,D1_pwm200_grab5
13947,2108,-340,10472,CD,2,D1_pwm200_grab5
13952,232,120,7880,CD,2,D1_pwm200_grab5
13962,208,-1000,9904,CD,2,D1_pwm200_grab5
13968,-536,2420,7624,CD,2,D1_pwm200_grab5
13977,-2644,-6200,4964,CD,2,D1_pwm200_grab5
13982,928,224,10216,CD,2,D1_pwm200_grab5
13987,-2020,224,9260,CD,2,D1_pwm200_grab5
13997,448,-2752,6836,CD,2,D1_pwm200_grab5
14002,-508,-312,11420,CD,2,D1_pwm200_grab5
14008,84,1536,10872,CD,2,D1_pwm200_grab5
14012,-2548,-3236,10928,CD,2,D1_pwm200_grab5
14017,-1200,-3460,8180,CD,2,D1_pwm200_grab5
14022,112,116,13552,CD,2,D1_pwm200_grab5
14028,-5684,-196,9184,CD,2,D1_pwm200_grab5
14032,784,-2492,11252,CD,2,D1_pwm200_grab5
14039,-1320,56,10192,CD,2,D1_pwm200_grab5
14043,608,2420,13544,CD,2,D1_pwm200_grab5
14048,-348,-2732,11848,CD,2,D1_pwm200_grab5
14053,604,-2380,9500,CD,2,D1_pwm200_grab5
14059,3132,1660,14456,CD,2,D1_pwm200_grab5
14069,920,-2196,11332,CD,2,D1_pwm200_grab5
14073,1876,364,13688,CD,2,D1_pwm200_grab5
14078,2576,2580,14984,CD,2,D1_pwm200_grab5
14084,5824,3672,12244,CD,2,D1_pwm200_grab5
14089,2016,-988,11144,CD,2,D1_pwm200_grab5
14094,-1060,-2780,6976,CD,2,D1_pwm200_grab5
14099,5320,1656,14164,CD,2,D1_pwm200_grab5
14103,3928,804,10560,CD,2,D1_pwm200_grab5
14108,-1568,-800,10432,CD,2,D1_pwm200_grab5
14113,1740,392,8952,CD,2,D1_pwm200_grab5
14118,6156,3280,11572,CD,2,D1_pwm200_grab5
14124,192,2580,12204,CD,2,D1_pwm200_grab5
14128,-1920,-2752,10176,CD,2,D1_pwm200_grab5
14138,2004,3492,12236,CD,2,D1_pwm200_grab5
14143,-844,-1160,8260,CD,2,D1_pwm200_grab5
14148,700,-1236,7344,CD,2,D1_pwm200_grab5
14158,2188,2612,10756,CD,2,D1_pwm200_grab5
14163,-1656,-3372,8604,CD,2,D1_pwm200_grab5
14168,728,0,9448,CD,2,D1_pwm200_grab5
14174,3592,2396,7544,CD,2,D1_pwm200_grab5
14179,-224,1248,9036,CD,2,D1_pwm200_grab5
14183,912,-624,6548,CD,2,D1_pwm200_grab5
14189,3836,-2240,12672,CD,2,D1_pwm200_grab5
14193,-2384,1232,10172,CD,2,D1_pwm200_grab5
14198,1940,60,9052,CD,2,D1_pwm200_grab5
14203,840,-2056,9304,CD,2,D1_pwm200_grab5
14209,-5860,-1860,7264,CD,2,D1_pwm200_grab5
14214,236,1800,9280,CD,2,D1_pwm200_grab5
14218,300,3364,13628,CD,2,D1_pwm200_grab5
14223,-2156,-4336,10240,CD,2,D1_pwm200_grab5
14228,-4496,-5028,6504,CD,2,D1_pwm200_grab5
14233,3052,1704,10828,CD,2,D1_pwm200_grab5
14238,-616,-124,4724,CD,2,D1_pwm200_grab5
14243,-4172,-484,8912,CD,2,D1_pwm200_grab5
14248,444,520,9440,CD,2,D1_pwm200_grab5
14253,584,1868,11964,CD,2,D1_pwm200_grab5
14258,-3180,268,12412,CD,2,D1_pwm200_grab5
14263,-4296,-6256,8756,CD,2,D1_pwm200_grab5
14268,-340,-1232,8952,CD,2,D1_pwm200_grab5
14273,396,1272,12656,CD,2,D1_pwm200_grab5
14284,396,-1472,12468,CD,2,D1_pwm200_grab5
14288,1588,1708,11688,CD,2,D1_pwm200_grab5
14295,-7156,-1080,11120,CD,2,D1_pwm200_grab5
14299,-2928,-6072,8760,CD,2,D1_pwm200_grab5
14305,2136,612,10736,CD,2,D1_pwm200_grab5
14310,1944,720,13272,CD,2,D1_pwm200_grab5
14320,416,-1696,10676,CD,2,D1_pwm200_grab5
14325,1800,3464,12040,CD,2,D1_pwm200_grab5
14330,-5060,-368,12336,CD,2,D1_pwm200_grab5
14334,-3052,-5088,7876,CD,2,D1_pwm200_grab5
14340,912,-2616,9428,CD,2,D1_pwm200_grab5
14344,2452,188,12520,CD,2,D1_pwm200_grab5
14349,-1808,944,11312,CD,2,D1_pwm200_grab5
14355,1472,-2556,11176,CD,2,D1_pwm200_grab5
14359,-1048,-316,11824,CD,2,D1_pwm200_grab5
14364,1392,2840,11436,CD,2,D1_pwm200_grab5
14370,2264,-840,12368,CD,2,D1_pwm200_grab5
14375,2732,-2516,8300,CD,2,D1_pwm200_grab5
14379,-1500,-4036,6680,CD,2,D1_pwm200_grab5
14385,2900,1096,11100,CD,2,D1_pwm200_grab5
14390,4316,2892,10824,CD,2,D1_pwm200_grab5
14394,-1572,-2592,7496,CD,2,D1_pwm200_grab5
14399,2596,-456,10396,CD,2,D1_pwm200_grab5
14405,5564,3836,11424,CD,2,D1_pwm200_grab5
14409,4256,-808,9932,CD,2,D1_pwm200_grab5
14414,-3132,-3476,4724,CD,2,D1_pwm200_grab5
14419,4384,512,11400,CD,2,D1_pwm200_grab5
14424,1292,3704,10824,CD,2,D1_pwm200_grab5
14430,-924,-320,8728,CD,2,D1_pwm200_grab5
14434,-832,-2344,5912,CD,2,D1_pwm200_grab5
14444,-404,1704,10220,CD,2,D1_pwm200_grab5
14449,-2924,-4620,9644,CD,2,D1_pwm200_grab5
14454,4540,-2168,11364,CD,2,D1_pwm200_grab5
14459,612,3548,9096,CD,2,D1_pwm200_grab5
14465,-968,1864,10496,CD,2,D1_pwm200_grab5
14470,1140,-16,8692,CD,2,D1_pwm200_grab5
14475,2600,-3448,12768,CD,2,D1_pwm200_grab5
14480,-3652,-336,9640,CD,2,D1_pwm200_grab5
14484,2252,-380,10760,CD,2,D1_pwm200_grab5
14490,-1820,-1460,8504,CD,2,D1_pwm200_grab5
14495,2208,2596,8080,CD,2,D1_pwm200_grab5
14500,-604,564,10388,CD,2,D1_pwm200_grab5
14504,376,-948,7736,CD,2,D1_pwm200_grab5
14510,-4824,-5144,10580,CD,2,D1_pwm200_grab5
14514,-4540,-6200,6204,CD,2,D1_pwm200_grab5
14519,2156,1732,11116,CD,2,D1_pwm200_grab5
14525,-1564,676,8596,CD,2,D1_pwm200_grab5
14529,-7916,-3288,8848,CD,2,D1_pwm200_grab5
14534,716,752,12460,CD,2,D1_pwm200_grab5
14539,-712,2564,15392,CD,2,D1_pwm200_grab5
14544,-3308,-4448,10896,CD,2,D1_pwm200_grab5
14550,-4044,-5784,9296,CD,2,D1_pwm200_grab5
14556,4928,2104,12252,CD,2,D1_pwm200_grab5
14560,-828,1160,8868,CD,2,D1_pwm200_grab5
14565,-4400,-1020,10492,CD,2,D1_pwm200_grab5
14571,628,380,10456,CD,2,D1_pwm200_grab5
14575,948,2560,16036,CD,2,D1_pwm200_grab5
14580,-2168,-3864,12232,CD,2,D1_pwm200_grab5
14585,-4240,-3004,9656,CD,2,D1_pwm200_grab5
14592,4968,3156,12744,CD,2,D1_pwm200_grab5
14596,3316,2596,14756,CD,2,D1_pwm200_grab5
14601,-9220,-2808,13668,CD,2,D1_pwm200_grab5
14605,1144,-2380,10968,CD,2,D1_pwm200_grab5
14611,3116,2724,13472,CD,2,D1_pwm200_grab5
14616,372,1568,13080,CD,2,D1_pwm200_grab5
14620,-3028,-5052,7492,CD,2,D1_pwm200_grab5
14625,4204,-732,8688,CD,2,D1_pwm200_grab5
14630,3872,2868,14348,CD,2,D1_pwm200_grab5
14636,4032,1612,16784,CD,2,D1_pwm200_grab5
14641,2628,-772,11140,CD,2,D1_pwm200_grab5
14646,-1340,-1800,10068,CD,2,D1_pwm200_grab5
14651,1788,2248,8832,CD,2,D1_pwm200_grab5
14655,4124,980,12744,CD,2,D1_pwm200_grab5
14661,2732,-2604,8008,CD,2,D1_pwm200_grab5
14666,-368,-784,8652,CD,2,D1_pwm200_grab5
14670,1276,-256,9944,CD,2,D1_pwm200_grab5
14676,1736,-2160,8156,CD,2,D1_pwm200_grab5
14681,-1488,-2408,8236,CD,2,D1_pwm200_grab5
14685,2116,-1328,8576,CD,2,D1_pwm200_grab5
14690,8312,5672,10012,CD,2,D1_pwm200_grab5
14695,3868,1556,10496,CD,2,D1_pwm200_grab5
14700,-1824,-5072,5980,CD,2,D1_pwm200_grab5
14705,5692,2592,14060,CD,2,D1_pwm200_grab5
14710,5008,3524,10524,CD,2,D1_pwm200_grab5
14716,-1048,-1044,7940,CD,2,D1_pwm200_grab5
14720,-1096,-2236,6104,CD,2,D1_pwm200_grab5
14726,8588,2704,10276,CD,2,D1_pwm200_grab5
14731,-1468,2596,10940,CD,2,D1_pwm200_grab5
14735,-1200,-2868,9012,CD,2,D1_pwm200_grab5
14741,-6164,-1096,4564,CD,2,D1_pwm200_grab5
14746,2116,2968,6240,CD,2,D1_pwm200_grab5
14751,-1408,-912,10208,CD,2,D1_pwm200_grab5
14755,36,-2804,8012,CD,2,D1_pwm200_grab5
14761,7820,1796,7064,CD,2,D1_pwm200_grab5
14765,-5116,-2616,9280,CD,2,D1_pwm200_grab5
14771,3364,1220,11748,CD,2,D1_pwm200_grab5
14775,-2572,-1784,8060,CD,2,D1_pwm200_grab5
14781,-364,892,7864,CD,2,D1_pwm200_grab5
14786,-132,728,10296,CD,2,D1_pwm200_grab5
14791,1000,332,10112,CD,2,D1_pwm200_grab5
14796,-3472,-3980,8152,CD,2,D1_pwm200_grab5
14800,-3564,-876,12336,CD,2,D1_pwm200_grab5
14806,2448,856,10252,CD,2,D1_pwm200_grab5
14811,-1148,-804,10724,CD,2,D1_pwm200_grab5
14817,-920,-64,8380,CD,2,D1_pwm200_grab5
14822,-640,1532,10016,CD,2,D1_pwm200_grab5
14826,60,232,10172,CD,2,D1_pwm200_grab5
14832,2244,-2936,12584,CD,2,D1_pwm200_grab5
14837,-5224,104,12368,CD,2,D1_pwm200_grab5
14841,4604,1268,12100,CD,2,D1_pwm200_grab5
14848,-1492,-640,12168,CD,2,D1_pwm200_grab5
14852,-5108,-1844,10508,CD,2,D1_pwm200_grab5
14857,576,-224,10880,CD,2,D1_pwm200_grab5
14861,564,3056,15520,CD,2,D1_pwm200_grab5
14866,-2604,-3104,12652,CD,2,D1_pwm200_grab5
14871,-4012,-3908,8976,CD,2,D1_pwm200_grab5
14876,5060,2792,12448,CD,2,D1_pwm200_grab5
14881,1336,1532,8864,CD,2,D1_pwm200_grab5
14887,-5712,-2344,8540,CD,2,D1_pwm200_grab5
14891,1036,-2396,10544,CD,2,D1_pwm200_grab5
14896,3308,2860,12672,CD,2,D1_pwm200_grab5
14902,1668,2020,13212,CD,2,D1_pwm200_grab5
14906,-2652,-4848,7692,CD,2,D1_pwm200_grab5
14911,3880,-972,8232,CD,2,D1_pwm200_grab5
14916,3888,2600,14072,CD,2,D1_pwm200_grab5
14926,1732,-2808,9548,CD,2,D1_pwm200_grab5
14931,4296,3428,10080,CD,2,D1_pwm200_grab5
14937,2012,1900,7896,CD,2,D1_pwm200_grab5
14941,2168,232,13116,CD,2,D1_pwm200_grab5
14946,2388,-2576,7900,CD,2,D1_pwm200_grab5
14951,-620,-1208,8740,CD,2,D1_pwm200_grab5
14956,1276,-532,9340,CD,2,D1_pwm200_grab5
14961,1464,-2164,7992,CD,2,D1_pwm200_grab5
14966,-2252,-1308,7588,CD,2,D1_pwm200_grab5
14971,356,1124,10544,CD,2,D1_pwm200_grab5
14976,8608,5192,10024,CD,2,D1_pwm200_grab5
14981,-280,-640,9072,CD,2,D1_pwm200_grab5
14986,-1684,-5036,6712,CD,2,D1_pwm200_grab5
14991,1036,664,7948,CD,2,D1_pwm200_grab5
14996,5340,3396,11152,CD,2,D1_pwm200_grab5
15002,-2688,-4408,8304,CD,2,D1_pwm200_grab5
15006,60,-2808,11152,CD,2,D1_pwm200_grab5
15012,5132,2140,10444,CD,2,D1_pwm200_grab5
15017,352,-1364,10540,CD,2,D1_pwm200_grab5
15021,-2384,-3892,11972,CD,2,D1_pwm200_grab5
15027,-6540,-1136,4928,CD,2,D1_pwm200_grab5
15032,752,5012,9908,CD,2,D1_pwm200_grab5
15037,-1712,-1092,10524,CD,2,D1_pwm200_grab5
15041,-952,-2180,8188,CD,2,D1_pwm200_grab5
15046,7284,2128,7724,CD,2,D1_pwm200_grab5
15051,200,2580,13392,CD,2,D1_pwm200_grab5
15057,-2484,-4516,11268,CD,2,D1_pwm200_grab5
15063,-132,-1444,8536,CD,2,D1_pwm200_grab5
15067,-1964,3628,9680,CD,2,D1_pwm200_grab5
15073,-580,-1024,9160,CD,2,D1_pwm200_grab5
15077,-1660,-2572,8208,CD,2,D1_pwm200_grab5
15087,-1648,2596,12876,CD,2,D1_pwm200_grab5
15092,-2152,-3232,11956,CD,2,D1_pwm200_grab5
15097,-2504,-848,7816,CD,2,D1_pwm200_grab5
15102,-312,3556,11684,CD,2,D1_pwm200_grab5
15108,-552,1912,9864,CD,2,D1_pwm200_grab5
15113,2048,752,10668,CD,2,D1_pwm200_grab5
15117,-152,-2112,9664,CD,2,D1_pwm200_grab5
15122,-3336,1480,11572,CD,2,D1_pwm200_grab5
15127,5964,1752,12424,CD,2,D1_pwm200_grab5
15132,1104,-48,11364,CD,2,D1_pwm200_grab5
15137,856,76,8428,CD,2,D1_pwm200_grab5
15143,200,1908,9436,CD,2,D1_pwm200_grab5
15147,-96,3668,11276,CD,2,D1_pwm200_grab5
15152,-3356,-1888,9448,CD,2,D1_pwm200_grab5
15157,-4040,-4836,7960,CD,2,D1_pwm200_grab5
15163,6164,1316,9948,CD,2,D1_pwm200_grab5
15168,2244,1932,9688,CD,2,D1_pwm200_grab5
15172,-6088,-3408,8472,CD,2,D1_pwm200_grab5
15177,1160,-428,10276,CD,2,D1_pwm200_grab5
15182,-384,3860,9756,CD,2,D1_pwm200_grab5
15187,-6192,-1932,9012,CD,2,D1_pwm200_grab5
15192,1492,-1816,11648,CD,2,D1_pwm200_grab5
15197,2268,-2288,7584,CD,2,D1_pwm200_grab5
15203,1420,2356,10692,CD,2,D1_pwm200_grab5
15208,-5932,-968,8624,CD,2,D1_pwm200_grab5
15212,1908,-2736,8292,CD,2,D1_pwm200_grab5
15217,-856,2004,8436,CD,2,D1_pwm200_grab5
15222,472,1424,14192,CD,2,D1_pwm200_grab5
15227,2448,-2760,8448,CD,2,D1_pwm200_grab5
15232,3396,-1016,8984,CD,2,D1_pwm200_grab5
15238,-3424,-4128,4228,CD,2,D1_pwm200_grab5
15242,3820,236,9944,CD,2,D1_pwm200_grab5
15247,2556,1112,6332,CD,2,D1_pwm200_grab5
15252,-2060,-2496,6772,CD,2,D1_pwm200_grab5
15258,612,-1052,10112,CD,2,D1_pwm200_grab5
15267,-516,-2728,9656,CD,2,D1_pwm200_grab5
15272,-2404,-4096,4048,CD,2,D1_pwm200_grab5
15277,-1484,-2124,6748,CD,2,D1_pwm200_grab5
15283,140,3536,8020,CD,2,D1_pwm200_grab5
15287,-1840,-2156,10524,CD,2,D1_pwm200_grab5
15292,-376,-2576,7896,CD,2,D1_pwm200_grab5
15297,7844,2996,7268,CD,2,D1_pwm200_grab5
15303,-968,2272,13304,CD,2,D1_pwm200_grab5
15307,-4376,-4884,10948,CD,2,D1_pwm200_grab5
15312,-4732,-816,5132,CD,2,D1_pwm200_grab5
15318,-2564,3376,10984,CD,2,D1_pwm200_grab5
15324,-1644,-404,9416,CD,2,D1_pwm200_grab5
15328,-1520,-2124,7456,CD,2,D1_pwm200_grab5
15339,-948,2420,13260,CD,2,D1_pwm200_grab5
15343,-2340,-3932,11908,CD,2,D1_pwm200_grab5
15348,-656,-532,9008,CD,2,D1_pwm200_grab5
15354,1308,4608,9484,CD,2,D1_pwm200_grab5
15358,-1252,-152,11920,CD,2,D1_pwm200_grab5
15363,764,476,11556,CD,2,D1_pwm200_grab5
15368,60,-1820,9568,CD,2,D1_pwm200_grab5
15374,-4996,-336,11560,CD,2,D1_pwm200_grab5
15379,5828,1520,12304,CD,2,D1_pwm200_grab5
15383,-904,-1204,11660,CD,2,D1_pwm200_grab5
15388,1040,436,8576,CD,2,D1_pwm200_grab5
15393,-520,3360,12276,CD,2,D1_pwm200_grab5
15399,2620,964,12024,CD,2,D1_pwm200_grab5
15404,-5328,-2800,11164,CD,2,D1_pwm200_grab5
15409,-4076,-4704,8172,CD,2,D1_pwm200_grab5
15414,4972,1544,11376,CD,2,D1_pwm200_grab5
15418,2108,1748,9504,CD,2,D1_pwm200_grab5
15423,-8180,-3756,11276,CD,2,D1_pwm200_grab5
15429,1060,-312,10116,CD,2,D1_pwm200_grab5
15433,872,4128,10500,CD,2,D1_pwm200_grab5
15439,-5524,-2272,9416,CD,2,D1_pwm200_grab5
15444,-2148,-4192,6572,CD,2,D1_pwm200_grab5
15448,2128,-2236,7284,CD,2,D1_pwm200_grab5
15454,2412,460,11008,CD,2,D1_pwm200_grab5
15458,-6160,-1436,8196,CD,2,D1_pwm200_grab5
15463,1680,-3008,8368,CD,2,D1_pwm200_grab5
15468,-768,2544,8428,CD,2,D1_pwm200_grab5
15473,1524,3088,13352,CD,2,D1_pwm200_grab5
15478,1916,-2840,7932,CD,2,D1_pwm200_grab5
15483,-248,-2212,7952,CD,2,D1_pwm200_grab5
15489,-3764,-3992,4112,CD,2,D1_pwm200_grab5
15494,3844,644,10336,CD,2,D1_pwm200_grab5
15498,2844,860,6840,CD,2,D1_pwm200_grab5
15504,-2248,-2812,6748,CD,2,D1_pwm200_grab5
15509,424,-1288,10936,CD,2,D1_pwm200_grab5
15514,8068,2948,8804,CD,2,D1_pwm200_grab5
15518,-764,-2552,9860,CD,2,D1_pwm200_grab5
15524,-2316,-4244,3864,CD,2,D1_pwm200_grab5
15528,2056,692,10472,CD,2,D1_pwm200_grab5
15534,1496,3772,7848,CD,2,D1_pwm200_grab5
15539,-1916,-2068,10788,CD,2,D1_pwm200_grab5
15543,-620,-2528,7524,CD,2,D1_pwm200_grab5
15548,7816,3176,8360,CD,2,D1_pwm200_grab5
15553,-1192,2308,13088,CD,2,D1_pwm200_grab5
15559,-4600,-5068,10644,CD,2,D1_pwm200_grab5
15563,-4964,-500,5740,CD,2,D1_pwm200_grab5
15568,-920,3720,10148,CD,2,D1_pwm200_grab5
15574,-1212,12,9848,CD,2,D1_pwm200_grab5
15579,-1384,-2168,7448,CD,2,D1_pwm200_grab5
15584,8348,1720,10196,CD,2,D1_pwm200_grab5
15589,-1268,2828,13460,CD,2,D1_pwm200_grab5
15595,-1116,-3360,11616,CD,2,D1_pwm200_grab5
15599,-4356,684,7584,CD,2,D1_pwm200_grab5
15605,3320,4832,8412,CD,2,D1_pwm200_grab5
15609,-876,464,12112,CD,2,D1_pwm200_grab5
15614,-428,-1968,8256,CD,2,D1_pwm200_grab5
15619,-1244,-2824,7812,CD,2,D1_pwm200_grab5
15625,-4696,-1028,10644,CD,2,D1_pwm200_grab5
15630,6896,2332,12468,CD,2,D1_pwm200_grab5
15635,-1340,-332,11424,CD,2,D1_pwm200_grab5
15639,-948,-900,9316,CD,2,D1_pwm200_grab5
15644,572,3100,11840,CD,2,D1_pwm200_grab5
15649,2396,1580,14348,CD,2,D1_pwm200_grab5
15654,-2052,-4672,8944,CD,2,D1_pwm200_grab5
15659,-3820,-5240,6520,CD,2,D1_pwm200_grab5
15665,4440,688,10880,CD,2,D1_pwm200_grab5
15669,3388,2884,12272,CD,2,D1_pwm200_grab5
15680,1184,-1632,9728,CD,2,D1_pwm200_grab5
15684,4744,2924,13496,CD,2,D1_pwm200_grab5
15690,-4844,696,10004,CD,2,D1_pwm200_grab5
15695,-1272,-4104,5960,CD,2,D1_pwm200_grab5
15700,2656,524,8260,CD,2,D1_pwm200_grab5
15705,88,-668,9008,CD,2,D1_pwm200_grab5
15709,-552,-516,8216,CD,2,D1_pwm200_grab5
15715,2988,-620,8776,CD,2,D1_pwm200_grab5
15720,-1996,-952,7624,CD,2,D1_pwm200_grab5
15724,1004,492,8124,CD,2,D1_pwm200_grab5
15730,1876,-1424,9972,CD,2,D1_pwm200_grab5
15734,36,-2712,8400,CD,2,D1_pwm200_grab5
15740,956,-1092,8596,CD,2,D1_pwm200_grab5
15745,7732,1212,17192,CD,2,D1_pwm200_grab5
15749,3872,3276,12252,CD,2,D1_pwm200_grab5
15755,-1172,-1744,7064,CD,2,D1_pwm200_grab5
15759,-248,-3040,10176,CD,2,D1_pwm200_grab5
15769,16,-668,11560,CD,2,D1_pwm200_grab5
15775,-132,-3788,8644,CD,2,D1_pwm200_grab5
15779,3708,1828,14912,CD,2,D1_pwm200_grab5
15784,1688,2100,11912,CD,2,D1_pwm200_grab5
15789,736,1048,10068,CD,2,D1_pwm200_grab5
15794,448,-2040,7052,CD,2,D1_pwm200_grab5
15800,2748,-2128,10016,CD,2,D1_pwm200_grab5
15805,-2608,1368,13540,CD,2,D1_pwm200_grab5
15809,1248,56,9200,CD,2,D1_pwm200_grab5
15814,120,-1428,9472,CD,2,D1_pwm200_grab5
15820,2160,2416,9520,CD,2,D1_pwm200_grab5
15824,-332,1296,11724,CD,2,D1_pwm200_grab5
15831,-344,-1996,8120,CD,2,D1_pwm200_grab5
15836,3144,-2284,12796,CD,2,D1_pwm200_grab5
15840,-4820,-220,10972,CD,2,D1_pwm200_grab5
15845,1908,320,11784,CD,2,D1_pwm200_grab5
15850,1200,88,12404,CD,2,D1_pwm200_grab5
15856,1820,1896,8580,CD,2,D1_pwm200_grab5
15860,-432,2368,13444,CD,2,D1_pwm200_grab5
15865,360,-808,8912,CD,2,D1_pwm200_grab5
15870,3756,-1812,12740,CD,2,D1_pwm200_grab5
15875,-4572,-4812,9600,CD,2,D1_pwm200_grab5
15881,2604,3164,12368,CD,2,D1_pwm200_grab5
15886,364,1200,11488,CD,2,D1_pwm200_grab5
15896,1424,720,13236,CD,2,D1_pwm200_grab5
15901,-676,2824,12888,CD,2,D1_pwm200_grab5
15906,-5516,-2868,7648,CD,2,D1_pwm200_grab5
15910,-2180,-3796,7872,CD,2,D1_pwm200_grab5
15915,2184,-1488,10160,CD,2,D1_pwm200_grab5
15920,2568,1384,14396,CD,2,D1_pwm200_grab5
15931,2156,-2336,10756,CD,2,D1_pwm200_grab5
15936,-408,2640,11212,CD,2,D1_pwm200_grab5
15941,1520,2744,12276,CD,2,D1_pwm200_grab5
15945,2820,-1940,10736,CD,2,D1_pwm200_grab5
15951,1140,-1784,9980,CD,2,D1_pwm200_grab5
15955,3828,1624,12180,CD,2,D1_pwm200_grab5
15961,2960,1420,9972,CD,2,D1_pwm200_grab5
15966,4872,1604,10136,CD,2,D1_pwm200_grab5
15970,-2912,-2052,8336,CD,2,D1_pwm200_grab5
15975,2056,-384,11964,CD,2,D1_pwm200_grab5
15980,9608,5480,9956,CD,2,D1_pwm200_grab5
15985,648,-1204,10148,CD,2,D1_pwm200_grab5
15991,680,-4228,6680,CD,2,D1_pwm200_grab5
15995,1388,1328,7220,CD,2,D1_pwm200_grab5
16000,4600,2596,7344,CD,2,D1_pwm200_grab5
16005,-516,-320,8704,CD,2,D1_pwm200_grab5
16011,1312,-664,8840,CD,2,D1_pwm200_grab5
16015,8896,2192,8028,CD,2,D1_pwm200_grab5
16020,-1544,2532,12704,CD,2,D1_pwm200_grab5
16025,-1076,-2688,9052,CD,2,D1_pwm200_grab5
16031,1048,-960,8512,CD,2,D1_pwm200_grab5
16035,2572,2888,6752,CD,2,D1_pwm200_grab5
16040,-544,376,9848,CD,2,D1_pwm200_grab5
16045,788,236,13380,CD,2,D1_pwm200_grab5
16051,-3408,-4656,7436,CD,2,D1_pwm200_grab5
16055,-4372,-2680,10228,CD,2,D1_pwm200_grab5
16060,2876,2540,9904,CD,2,D1_pwm200_grab5
16065,-2132,-1272,7908,CD,2,D1_pwm200_grab5
16071,-5756,-1500,7660,CD,2,D1_pwm200_grab5
16075,672,1480,9600,CD,2,D1_pwm200_grab5
16081,-2996,824,13060,CD,2,D1_pwm200_grab5
16087,-2252,-4768,13092,CD,2,D1_pwm200_grab5
16092,-5376,-5512,9044,CD,2,D1_pwm200_grab5
16096,3988,3072,12948,CD,2,D1_pwm200_grab5
16102,-2852,-792,7380,CD,2,D1_pwm200_grab5
16107,-5556,-1508,8704,CD,2,D1_pwm200_grab5
16111,608,-608,12588,CD,2,D1_pwm200_grab5
16116,-1800,1800,13312,CD,2,D1_pwm200_grab5
16121,-8124,-3824,6392,CD,2,D1_pwm200_grab5
16126,-3444,-5320,9020,CD,2,D1_pwm200_grab5
16131,-156,-724,10380,CD,2,D1_pwm200_grab5
16137,2992,2112,16380,CD,2,D1_pwm200_grab5
16142,-7116,-2188,10224,CD,2,D1_pwm200_grab5
16147,1680,-2412,11432,CD,2,D1_pwm200_grab5
16151,-1100,1564,11440,CD,2,D1_pwm200_grab5
16156,2224,3424,13404,CD,2,D1_pwm200_grab5
16162,416,-2232,12232,CD,2,D1_pwm200_grab5
16166,1492,-652,9968,CD,2,D1_pwm200_grab5
16171,-3284,-2560,5920,CD,2,D1_pwm200_grab5
16176,3864,1068,11892,CD,2,D1_pwm200_grab5
16181,5324,3188,13828,CD,2,D1_pwm200_grab5
16186,-3032,-2264,8444,CD,2,D1_pwm200_grab5
16191,1908,-664,11296,CD,2,D1_pwm200_grab5
16196,8928,5120,11048,CD,2,D1_pwm200_grab5
16201,2164,116,11980,CD,2,D1_pwm200_grab5
16206,-1008,-2984,5316,CD,2,D1_pwm200_grab5
16212,4040,3296,13044,CD,2,D1_pwm200_grab5
16217,4764,3192,8396,CD,2,D1_pwm200_grab5
16221,-180,724,10160,CD,2,D1_pwm200_grab5
16226,980,-1000,8416,CD,2,D1_pwm200_grab5
16236,-1100,3080,12752,CD,2,D1_pwm200_grab5
16241,2136,-2168,9576,CD,2,D1_pwm200_grab5
16247,-220,8,7008,CD,2,D1_pwm200_grab5
16251,4672,2928,8820,CD,2,D1_pwm200_grab5
16256,912,2168,8392,CD,2,D1_pwm200_grab5
16262,1488,1440,15984,CD,2,D1_pwm200_grab5
16267,-2924,-4664,6332,CD,2,D1_pwm200_grab5
16272,-3868,-3872,9408,CD,2,D1_pwm200_grab5
16276,3320,2848,9944,CD,2,D1_pwm200_grab5
16281,-1384,172,6520,CD,2,D1_pwm200_grab5
16286,-4784,-1356,7920,CD,2,D1_pwm200_grab5
16291,720,1080,9516,CD,2,D1_pwm200_grab5
16297,-2416,872,13296,CD,2,D1_pwm200_grab5
16301,756,400,10112,CD,2,D1_pwm200_grab5
16307,-2720,-6020,8856,CD,2,D1_pwm200_grab5
16312,-1324,-1148,6800,CD,2,D1_pwm200_grab5
16317,1568,868,14080,CD,2,D1_pwm200_grab5
16326,-112,-2888,9372,CD,2,D1_pwm200_grab5
16331,-520,1540,10284,CD,2,D1_pwm200_grab5
16336,-192,960,13496,CD,2,D1_pwm200_grab5
16342,-1100,-4048,9912,CD,2,D1_pwm200_grab5
16347,-36,-628,10420,CD,2,D1_pwm200_grab5
16352,-164,128,12024,CD,2,D1_pwm200_grab5
16363,548,-2780,9764,CD,2,D1_pwm200_grab5
16368,392,1908,11552,CD,2,D1_pwm200_grab5
16372,528,1660,10328,CD,2,D1_pwm200_grab5
16377,880,-2440,11936,CD,2,D1_pwm200_grab5
16382,-1452,-3008,8440,CD,2,D1_pwm200_grab5
16387,-3368,-2340,5640,CD,2,D1_pwm200_grab5
16393,1896,1976,8960,CD,2,D1_pwm200_grab5
16397,5100,2656,13528,CD,2,D1_pwm200_grab5
16403,-2980,-2804,9048,CD,2,D1_pwm200_grab5
16407,1640,-772,11320,CD,2,D1_pwm200_grab5
16417,1912,224,12320,CD,2,D1_pwm200_grab5
16422,1604,-3192,9044,CD,2,D1_pwm200_grab5
16427,1204,-284,10208,CD,2,D1_pwm200_grab5
16432,4712,4388,11364,CD,2,D1_pwm200_grab5
16437,-216,504,10036,CD,2,D1_pwm200_grab5
16442,952,-980,8284,CD,2,D1_pwm200_grab5
16452,-1016,3004,13092,CD,2,D1_pwm200_grab5
16458,2336,-1980,9416,CD,2,D1_pwm200_grab5
16463,2844,536,10832,CD,2,D1_pwm200_grab5
16467,4556,2668,9148,CD,2,D1_pwm200_grab5
16472,540,2336,10904,CD,2,D1_pwm200_grab5
16477,-968,1848,13652,CD,2,D1_pwm200_grab5
16483,-2128,-2288,10060,CD,2,D1_pwm200_grab5
16487,-4416,-4608,9172,CD,2,D1_pwm200_grab5
16492,7104,1592,11332,CD,2,D1_pwm200_grab5
16497,1336,860,9296,CD,2,D1_pwm200_grab5
16503,-5408,-2884,8060,CD,2,D1_pwm200_grab5
16507,1292,-156,10800,CD,2,D1_pwm200_grab5
16512,1204,2900,10260,CD,2,D1_pwm200_grab5
16518,1500,3680,10900,CD,2,D1_pwm200_grab5
16523,552,-2968,10136,CD,2,D1_pwm200_grab5
16527,2824,-2268,7792,CD,2,D1_pwm200_grab5
16532,1048,1316,10680,CD,2,D1_pwm200_grab5
16538,-3468,-728,7352,CD,2,D1_pwm200_grab5
16542,928,-2780,7864,CD,2,D1_pwm200_grab5
16547,-64,1156,9112,CD,2,D1_pwm200_grab5
16552,308,1960,12548,CD,2,D1_pwm200_grab5
16557,8032,4216,10524,CD,2,D1_pwm200_grab5
16562,-2064,-1128,9080,CD,2,D1_pwm200_grab5
16568,-1816,-4132,6456,CD,2,D1_pwm200_grab5
16572,1728,920,7196,CD,2,D1_pwm200_grab5
16578,3496,2792,12252,CD,2,D1_pwm200_grab5
16582,-3544,-4496,8624,CD,2,D1_pwm200_grab5
16587,532,-1632,10192,CD,2,D1_pwm200_grab5
16592,6156,2592,9728,CD,2,D1_pwm200_grab5
16598,-640,-380,11888,CD,2,D1_pwm200_grab5
16604,-916,-4436,8864,CD,2,D1_pwm200_grab5
16613,1548,2812,13448,CD,2,D1_pwm200_grab5
16618,-2604,-2436,8936,CD,2,D1_pwm200_grab5
16623,-896,-2032,8016,CD,2,D1_pwm200_grab5
16634,-1392,612,12276,CD,2,D1_pwm200_grab5
16638,-3492,-3728,11236,CD,2,D1_pwm200_grab5
16643,440,-84,10636,CD,2,D1_pwm200_grab5
16648,-164,1280,9144,CD,2,D1_pwm200_grab5
16653,-296,664,10140,CD,2,D1_pwm200_grab5
16659,-164,-1008,9188,CD,2,D1_pwm200_grab5
16663,2580,-2040,11168,CD,2,D1_pwm200_grab5
16668,-3852,-108,10308,CD,2,D1_pwm200_grab5
16673,4524,668,12524,CD,2,D1_pwm200_grab5
16678,-2592,-1428,11212,CD,2,D1_pwm200_grab5
16683,-5660,-2232,11436,CD,2,D1_pwm200_grab5
16688,692,-224,11752,CD,2,D1_pwm200_grab5
16694,-464,1624,11668,CD,2,D1_pwm200_grab5
16698,-6360,-1404,10816,CD,2,D1_pwm200_grab5
16704,-5212,-4884,7672,CD,2,D1_pwm200_grab5
16709,4488,1692,11724,CD,2,D1_pwm200_grab5
16713,2524,1588,10868,CD,2,D1_pwm200_grab5
16718,-8620,-2400,12340,CD,2,D1_pwm200_grab5
16724,1700,-612,10700,CD,2,D1_pwm200_grab5
16728,-356,372,10636,CD,2,D1_pwm200_grab5
16734,2628,2588,9676,CD,2,D1_pwm200_grab5
16738,2048,-256,11800,CD,2,D1_pwm200_grab5
16743,2296,-2384,7676,CD,2,D1_pwm200_grab5
16748,836,-228,9732,CD,2,D1_pwm200_grab5
16753,1480,-1380,9208,CD,2,D1_pwm200_grab5
16759,3740,-704,7456,CD,2,D1_pwm200_grab5
16763,-1744,404,7648,CD,2,D1_pwm200_grab5
16768,1584,-568,7512,CD,2,D1_pwm200_grab5
16774,9188,4732,10428,CD,2,D1_pwm200_grab5
16779,2592,1004,10872,CD,2,D1_pwm200_grab5
16784,-1572,-4252,8976,CD,2,D1_pwm200_grab5
16789,6168,-356,14548,CD,2,D1_pwm200_grab5
16793,-1452,1980,9460,CD,2,D1_pwm200_grab5
16798,-1812,-1172,7264,CD,2,D1_pwm200_grab5
16803,-268,-2164,8020,CD,2,D1_pwm200_grab5
16813,-3712,80,8912,CD,2,D1_pwm200_grab5
16819,2336,-480,9472,CD,2,D1_pwm200_grab5
16823,-3356,-2208,7940,CD,2,D1_pwm200_grab5
16828,-2024,-24,7308,CD,2,D1_pwm200_grab5
16834,-256,508,11028,CD,2,D1_pwm200_grab5
16839,1628,168,11256,CD,2,D1_pwm200_grab5
16844,-3784,-3228,7244,CD,2,D1_pwm200_grab5
16849,-3656,-2104,10452,CD,2,D1_pwm200_grab5
16854,2328,728,10196,CD,2,D1_pwm200_grab5
16859,-2496,-1764,7356,CD,2,D1_pwm200_grab5
16864,-2880,-692,9588,CD,2,D1_pwm200_grab5
16869,1204,1736,10036,CD,2,D1_pwm200_grab5
16875,-952,-200,14508,CD,2,D1_pwm200_grab5
16880,-1584,-3984,12616,CD,2,D1_pwm200_grab5
16884,-4216,-2264,10384,CD,2,D1_pwm200_grab5
16889,4068,2800,12936,CD,2,D1_pwm200_grab5
16894,-1996,-220,10224,CD,2,D1_pwm200_grab5
16905,-32,-1132,10628,CD,2,D1_pwm200_grab5
16909,1504,2552,12356,CD,2,D1_pwm200_grab5
16914,1408,500,13760,CD,2,D1_pwm200_grab5
16919,-1204,-4644,10420,CD,2,D1_pwm200_grab5
16924,2956,-36,10332,CD,2,D1_pwm200_grab5
16934,-8108,-3084,10612,CD,2,D1_pwm200_grab5
16940,3616,1068,9864,CD,2,D1_pwm200_grab5
16944,-2772,-1352,9228,CD,2,D1_pwm200_grab5
16949,1644,-448,11596,CD,2,D1_pwm200_grab5
16955,6952,2580,10600,CD,2,D1_pwm200_grab5
16959,1740,-1424,11884,CD,2,D1_pwm200_grab5
16969,3184,2252,9008,CD,2,D1_pwm200_grab5
16974,4768,1900,12276,CD,2,D1_pwm200_grab5
16979,-3100,-2268,8720,CD,2,D1_pwm200_grab5
16985,1808,-436,7400,CD,2,D1_pwm200_grab5
16989,8316,3100,10344,CD,2,D1_pwm200_grab5
16995,1604,4084,10500,CD,2,D1_pwm200_grab5
17000,-156,-1748,8524,CD,2,D1_pwm200_grab5
17005,2896,264,10288,CD,2,D1_pwm200_grab5
17009,3988,1848,9052,CD,2,D1_pwm200_grab5
17014,300,636,9820,CD,2,D1_pwm200_grab5
17020,2060,96,9272,CD,2,D1_pwm200_grab5
17025,-2660,-3424,11380,CD,2,D1_pwm200_grab5
17029,-1668,-2312,8620,CD,2,D1_pwm200_grab5
17034,5156,2776,11636,CD,2,D1_pwm200_grab5
17039,1464,536,7336,CD,2,D1_pwm200_grab5
17045,-6424,-1580,6928,CD,2,D1_pwm200_grab5
17050,536,744,10048,CD,2,D1_pwm200_grab5
17055,-1404,1800,12476,CD,2,D1_pwm200_grab5
17059,-4896,-3404,6928,CD,2,D1_pwm200_grab5
17065,-4420,-5716,11208,CD,2,D1_pwm200_grab5
17070,-100,-2820,6960,CD,2,D1_pwm200_grab5
17074,4312,1448,11764,CD,2,D1_pwm200_grab5
17084,1920,-3168,7480,CD,2,D1_pwm200_grab5
17089,464,1316,11696,CD,2,D1_pwm200_grab5
17094,2216,2768,8368,CD,2,D1_pwm200_grab5
17100,560,-3024,11624,CD,2,D1_pwm200_grab5
17105,-1088,-2236,6680,CD,2,D1_pwm200_grab5
17110,424,-524,11808,CD,2,D1_pwm200_grab5
17115,-656,-1652,8000,CD,2,D1_pwm200_grab5
17121,1864,-1460,8036,CD,2,D1_pwm200_grab5
17126,-1364,472,12408,CD,2,D1_pwm200_grab5
17131,1420,644,11232,CD,2,D1_pwm200_grab5
17135,472,-1084,8900,CD,2,D1_pwm200_grab5
17140,-656,-2264,9372,CD,2,D1_pwm200_grab5
17145,-272,516,13260,CD,2,D1_pwm200_grab5
17150,1588,-964,13032,CD,2,D1_pwm200_grab5
17155,-928,2720,11680,CD,2,D1_pwm200_grab5
17160,-3124,-2576,11100,CD,2,D1_pwm200_grab5
17165,-980,-1484,7048,CD,2,D1_pwm200_grab5
17175,-364,1232,13724,CD,2,D1_pwm200_grab5
17180,-2872,-3444,10440,CD,2,D1_pwm200_grab5
17185,2384,-300,12288,CD,2,D1_pwm200_grab5
17190,-104,4000,13316,CD,2,D1_pwm200_grab5
17195,-564,1760,12844,CD,2,D1_pwm200_grab5
17201,1404,-316,11096,CD,2,D1_pwm200_grab5
17205,-1896,-2052,9260,CD,2,D1_pwm200_grab5
17210,-652,380,10004,CD,2,D1_pwm200_grab5
17215,4560,1484,12480,CD,2,D1_pwm200_grab5
17220,-420,-848,10472,CD,2,D1_pwm200_grab5
17225,-524,984,10812,CD,2,D1_pwm200_grab5
17230,-56,2164,10012,CD,2,D1_pwm200_grab5
17236,1976,692,14148,CD,2,D1_pwm200_grab5
17241,-7820,-1208,8056,CD,2,D1_pwm200_grab5
17246,-3076,-4468,8240,CD,2,D1_pwm200_grab5
17251,3944,2036,10516,CD,2,D1_pwm200_grab5
17256,2736,2520,13380,CD,2,D1_pwm200_grab5
17260,-8000,-2936,11416,CD,2,D1_pwm200_grab5
17266,552,-448,11380,CD,2,D1_pwm200_grab5
17270,4388,3164,11888,CD,2,D1_pwm200_grab5
17276,2184,380,13172,CD,2,D1_pwm200_grab5
17280,2912,-580,8268,CD,2,D1_pwm200_grab5
17285,696,-1396,8788,CD,2,D1_pwm200_grab5
17291,1728,172,9456,CD,2,D1_pwm200_grab5
17295,2912,-260,12020,CD,2,D1_pwm200_grab5
17300,3640,-1320,7684,CD,2,D1_pwm200_grab5
17306,-2900,-1344,8412,CD,2,D1_pwm200_grab5
17311,-728,560,7456,CD,2,D1_pwm200_grab5
17315,4620,2512,10508,CD,2,D1_pwm200_grab5
17320,-916,-2412,7048,CD,2,D1_pwm200_grab5
17326,-2012,-4164,8524,CD,2,D1_pwm200_grab5
17330,8200,-792,16288,CD,2,D1_pwm200_grab5
17336,-252,1764,9140,CD,2,D1_pwm200_grab5
17340,-2848,-1940,8660,CD,2,D1_pwm200_grab5
17345,4,-1472,5644,CD,2,D1_pwm200_grab5
17350,9128,2828,10224,CD,2,D1_pwm200_grab5
17355,-1176,1380,10220,CD,2,D1_pwm200_grab5
17360,-5032,-4916,10516,CD,2,D1_pwm200_grab5
17366,-4548,484,6280,CD,2,D1_pwm200_grab5
17371,1784,4488,9836,CD,2,D1_pwm200_grab5
17376,-1336,-1844,8964,CD,2,D1_pwm200_grab5
17381,-412,-1740,6856,CD,2,D1_pwm200_grab5
17386,6268,2340,8652,CD,2,D1_pwm200_grab5
17391,-484,2524,12660,CD,2,D1_pwm200_grab5
17396,-1872,-3764,8944,CD,2,D1_pwm200_grab5
17402,-3392,820,9292,CD,2,D1_pwm200_grab5
17406,1944,2168,7796,CD,2,D1_pwm200_grab5
17412,84,2196,12920,CD,2,D1_pwm200_grab5
17417,-136,568,14124,CD,2,D1_pwm200_grab5
17421,-2752,-3544,8312,CD,2,D1_pwm200_grab5
17426,-3396,-3160,10984,CD,2,D1_pwm200_grab5
17432,4928,2560,12876,CD,2,D1_pwm200_grab5
17436,-1832,-520,7908,CD,2,D1_pwm200_grab5
17442,-2864,104,11104,CD,2,D1_pwm200_grab5
17446,1192,908,10500,CD,2,D1_pwm200_grab5
17451,4104,2848,12536,CD,2,D1_pwm200_grab5
17456,40,-128,12636,CD,2,D1_pwm200_grab5
17461,-1692,-4352,8244,CD,2,D1_pwm200_grab5
17467,1860,-156,9396,CD,2,D1_pwm200_grab5
17472,3000,2244,14264,CD,2,D1_pwm200_grab5
17477,-8488,-2628,13448,CD,2,D1_pwm200_grab5
17482,264,-1176,11308,CD,2,D1_pwm200_grab5
17486,3696,2984,12424,CD,2,D1_pwm200_grab5
17492,1340,524,10600,CD,3,D1_pwm200_grab5
17496,6436,2392,11168,CD,3,D1_pwm200_grab5
17501,800,-1660,9532,CD,3,D1_pwm200_grab5
17506,-896,-1476,5304,CD,3,D1_pwm200_grab5
17511,3160,780,12520,CD,3,D1_pwm200_grab5
17517,3900,720,10720,CD,3,D1_pwm200_grab5
17522,-3156,-1868,8336,CD,3,D1_pwm200_grab5
17526,1936,-700,10608,CD,3,D1_pwm200_grab5
17531,5408,3220,10656,CD,3,D1_pwm200_grab5
17537,80,2368,12560,CD,3,D1_pwm200_grab5
17542,-2872,-4584,8552,CD,3,D1_pwm200_grab5
17547,-2968,744,7368,CD,3,D1_pwm200_grab5
17551,1316,2344,8840,CD,3,D1_pwm200_grab5
17556,-1092,-1080,7836,CD,3,D1_pwm200_grab5
17561,172,-1168,5684,CD,3,D1_pwm200_grab5
17572,-1152,2100,10216,CD,3,D1_pwm200_grab5
17577,-2912,-3892,8396,CD,3,D1_pwm200_grab5
17582,-2348,-2172,7916,CD,3,D1_pwm200_grab5
17587,-2088,-972,8012,CD,3,D1_pwm200_grab5
17592,116,1984,9900,CD,3,D1_pwm200_grab5
17596,-32,84,13328,CD,3,D1_pwm200_grab5
17601,-2264,-3544,8348,CD,3,D1_pwm200_grab5
17606,-4136,-1632,8576,CD,3,D1_pwm200_grab5
17612,3504,1364,12520,CD,3,D1_pwm200_grab5
17617,-1816,-1336,5668,CD,3,D1_pwm200_grab5
17623,-3456,-276,9392,CD,3,D1_pwm200_grab5
17627,1448,116,10428,CD,3,D1_pwm200_grab5
17632,-148,496,14100,CD,3,D1_pwm200_grab5
17637,-3380,-4828,8556,CD,3,D1_pwm200_grab5
17642,-3556,-3624,10700,CD,3,D1_pwm200_grab5
17647,1992,1912,10584,CD,3,D1_pwm200_grab5
17652,-1872,-44,7852,CD,3,D1_pwm200_grab5
17657,-6704,-1600,8056,CD,3,D1_pwm200_grab5
17664,1220,584,10420,CD,3,D1_pwm200_grab5
17667,2420,2232,10676,CD,3,D1_pwm200_grab5
17673,-108,176,12656,CD,3,D1_pwm200_grab5
17677,-520,-5656,9752,CD,3,D1_pwm200_grab5
17683,1884,-360,9416,CD,3,D1_pwm200_grab5
17687,2088,1268,14680,CD,3,D1_pwm200_grab5
17692,-8404,-2260,13744,CD,3,D1_pwm200_grab5
17697,312,-2196,10004,CD,3,D1_pwm200_grab5
17703,3292,2876,11816,CD,3,D1_pwm200_grab5
17708,608,-1096,9516,CD,3,D1_pwm200_grab5
17712,6904,2552,12652,CD,3,D1_pwm200_grab5
17718,920,-2364,11640,CD,3,D1_pwm200_grab5
17722,-2800,-3196,5324,CD,3,D1_pwm200_grab5
17727,4264,260,11672,CD,3,D1_pwm200_grab5
17733,3760,2932,12628,CD,3,D1_pwm200_grab5
17738,-3444,-1136,9752,CD,3,D1_pwm200_grab5
17742,1036,-1212,10400,CD,3,D1_pwm200_grab5
17747,8276,3592,11552,CD,3,D1_pwm200_grab5
17752,-624,3432,13092,CD,3,D1_pwm200_grab5
17757,-1912,-3196,9540,CD,3,D1_pwm200_grab5
17762,-396,1916,9976,CD,3,D1_pwm200_grab5
17767,4232,3324,9304,CD,3,D1_pwm200_grab5
17772,-140,136,10316,CD,3,D1_pwm200_grab5
17777,2140,-224,7884,CD,3,D1_pwm200_grab5
17788,1576,3992,10760,CD,3,D1_pwm200_grab5
17792,6908,1740,12920,CD,3,D1_pwm200_grab5
17798,-1236,-244,6572,CD,3,D1_pwm200_grab5
17802,-2204,-808,9092,CD,3,D1_pwm200_grab5
17807,1004,1584,8752,CD,3,D1_pwm200_grab5
17813,1128,1036,15152,CD,3,D1_pwm200_grab5
17818,-1080,-2944,9832,CD,3,D1_pwm200_grab5
17822,-1364,-2444,8628,CD,3,D1_pwm200_grab5
17827,3680,1468,10724,CD,3,D1_pwm200_grab5
17833,1132,752,7356,CD,3,D1_pwm200_grab5
17843,496,-1220,8592,CD,3,D1_pwm200_grab5
17848,3240,2000,9788,CD,3,D1_pwm200_grab5
17852,24,40,12244,CD,3,D1_pwm200_grab5
17857,-2708,-5320,5844,CD,3,D1_pwm200_grab5
17862,576,-1804,6588,CD,3,D1_pwm200_grab5
17868,1552,88,11388,CD,3,D1_pwm200_grab5
17879,376,-1640,9360,CD,3,D1_pwm200_grab5
17883,2016,2116,10124,CD,3,D1_pwm200_grab5
17888,-1184,-600,11076,CD,3,D1_pwm200_grab5
17893,-152,-5260,9836,CD,3,D1_pwm200_grab5
17898,-1712,-1112,6632,CD,3,D1_pwm200_grab5
17904,1412,816,12408,CD,3,D1_pwm200_grab5
17914,-224,-2776,8864,CD,3,D1_pwm200_grab5
17918,-532,1888,10716,CD,3,D1_pwm200_grab5
17924,-1620,-2276,8824,CD,3,D1_pwm200_grab5
17928,4488,1068,12268,CD,3,D1_pwm200_grab5
17934,-2760,-3100,9236,CD,3,D1_pwm200_grab5
17938,-2592,-1968,6552,CD,3,D1_pwm200_grab5
17944,2720,-264,11164,CD,3,D1_pwm200_grab5
17948,3928,1160,9696,CD,3,D1_pwm200_grab5
17953,-4784,-2528,10812,CD,3,D1_pwm200_grab5
17959,696,-956,10452,CD,3,D1_pwm200_grab5
17968,-104,2520,13544,CD,3,D1_pwm200_grab5
17973,-3076,-3672,10652,CD,3,D1_pwm200_grab5
17979,1528,440,10984,CD,3,D1_pwm200_grab5
17984,3184,3584,9812,CD,3,D1_pwm200_grab5
17989,-1468,-496,9652,CD,3,D1_pwm200_grab5
17993,304,-1008,8152,CD,3,D1_pwm200_grab5
18004,-188,3148,12336,CD,3,D1_pwm200_grab5
18008,6488,460,11764,CD,3,D1_pwm200_grab5
18013,8,200,10828,CD,3,D1_pwm200_grab5
18019,92,-504,9160,CD,3,D1_pwm200_grab5
18023,1120,2688,10404,CD,3,D1_pwm200_grab5
18028,2804,1172,14344,CD,3,D1_pwm200_grab5
18033,-716,-2512,8716,CD,3,D1_pwm200_grab5
18039,-1264,-20,8088,CD,3,D1_pwm200_grab5
18044,5344,2744,12632,CD,3,D1_pwm200_grab5
18049,1952,792,10316,CD,3,D1_pwm200_grab5
18053,-8636,-2176,12244,CD,3,D1_pwm200_grab5
18059,840,-928,9532,CD,3,D1_pwm200_grab5
18063,5284,2928,10792,CD,3,D1_pwm200_grab5
18068,-4060,852,11876,CD,3,D1_pwm200_grab5
18073,-216,-3952,6556,CD,3,D1_pwm200_grab5
18078,1780,-876,7632,CD,3,D1_pwm200_grab5
18084,4560,1236,12908,CD,3,D1_pwm200_grab5
18089,-11204,-2576,10812,CD,3,D1_pwm200_grab5
18094,2872,180,6956,CD,3,D1_pwm200_grab5
18098,-1568,-264,9236,CD,3,D1_pwm200_grab5
18104,-2020,-1032,10428,CD,3,D1_pwm200_grab5
18108,1624,-408,8548,CD,3,D1_pwm200_grab5
18114,-276,-3352,7988,CD,3,D1_pwm200_grab5
18118,-1504,-2060,7320,CD,3,D1_pwm200_grab5
18123,1988,-140,10676,CD,3,D1_pwm200_grab5
18128,3164,-420,7724,CD,3,D1_pwm200_grab5
18135,-3068,-1572,9304,CD,3,D1_pwm200_grab5
18139,-2784,-1512,7612,CD,3,D1_pwm200_grab5
18144,5212,948,10936,CD,3,D1_pwm200_grab5
18149,-2792,-3152,8524,CD,3,D1_pwm200_grab5
18154,-4204,-2788,5380,CD,3,D1_pwm200_grab5
18159,2624,-296,12816,CD,3,D1_pwm200_grab5
18165,3200,920,9448,CD,3,D1_pwm200_grab5
18169,-3824,-2148,10704,CD,3,D1_pwm200_grab5
18174,332,-1372,10292,CD,3,D1_pwm200_grab5
18179,9840,1984,10440,CD,3,D1_pwm200_grab5
18184,-3256,1552,11364,CD,3,D1_pwm200_grab5
18190,-3628,-3548,10764,CD,3,D1_pwm200_grab5
18195,-4488,1492,6240,CD,3,D1_pwm200_grab5
18200,2284,4052,10700,CD,3,D1_pwm200_grab5
18204,-1596,-1232,11808,CD,3,D1_pwm200_grab5
18209,-28,-1264,8148,CD,3,D1_pwm200_grab5
18215,7328,2428,10676,CD,3,D1_pwm200_grab5
18219,-2688,-492,10560,CD,3,D1_pwm200_grab5
18224,5396,2404,13708,CD,3,D1_pwm200_grab5
18229,-400,168,10964,CD,3,D1_pwm200_grab5
18234,-1428,-612,9996,CD,3,D1_pwm200_grab5
18240,1160,2232,10180,CD,3,D1_pwm200_grab5
18244,400,1240,16528,CD,3,D1_pwm200_grab5
18250,-1384,-1932,8036,CD,3,D1_pwm200_grab5
18254,-2212,-2344,9948,CD,3,D1_pwm200_grab5
18259,5408,2312,12204,CD,3,D1_pwm200_grab5
18265,3640,1404,14384,CD,3,D1_pwm200_grab5
18269,-9772,-1828,12496,CD,3,D1_pwm200_grab5
18274,1876,-128,11736,CD,3,D1_pwm200_grab5
18279,3448,1780,12688,CD,3,D1_pwm200_grab5
18285,1420,1644,13384,CD,3,D1_pwm200_grab5
18289,-596,-3536,6444,CD,3,D1_pwm200_grab5
18294,2896,980,9172,CD,3,D1_pwm200_grab5
18300,4468,564,12808,CD,3,D1_pwm200_grab5
18304,3924,-764,12800,CD,3,D1_pwm200_grab5
18310,4492,-188,9440,CD,3,D1_pwm200_grab5
18314,-712,44,10004,CD,3,D1_pwm200_grab5
18320,-528,-328,10156,CD,3,D1_pwm200_grab5
18324,5712,1756,8276,CD,3,D1_pwm200_grab5
18329,1056,-1348,10564,CD,3,D1_pwm200_grab5
18335,80,-860,6180,CD,3,D1_pwm200_grab5
18339,3676,-76,10036,CD,3,D1_pwm200_grab5
18345,3956,-692,7696,CD,3,D1_pwm200_grab5
18349,-1840,-728,7720,CD,3,D1_pwm200_grab5
18354,592,-2684,9628,CD,3,D1_pwm200_grab5
18364,-1196,976,11576,CD,3,D1_pwm200_grab5
18370,-2580,-3308,8540,CD,3,D1_pwm200_grab5
18374,-760,-540,7860,CD,3,D1_pwm200_grab5
18380,4196,3056,9344,CD,3,D1_pwm200_grab5
18385,-2444,-1432,8580,CD,3,D1_pwm200_grab5
18391,944,-216,5916,CD,3,D1_pwm200_grab5
18395,9152,2976,9664,CD,3,D1_pwm200_grab5
18401,-892,2560,9620,CD,3,D1_pwm200_grab5
18405,-4444,-3772,10016,CD,3,D1_pwm200_grab5
18410,-424,664,8896,CD,3,D1_pwm200_grab5
18416,3452,4360,9616,CD,3,D1_pwm200_grab5
18421,-788,-1160,8832,CD,3,D1_pwm200_grab5
18425,-324,-1108,6568,CD,3,D1_pwm200_grab5
18432,5644,732,9568,CD,3,D1_pwm200_grab5
18435,-6232,-2336,9480,CD,3,D1_pwm200_grab5
18440,4012,1148,12784,CD,3,D1_pwm200_grab5
18445,-3408,-1160,8916,CD,3,D1_pwm200_grab5
18450,-4984,44,8924,CD,3,D1_pwm200_grab5
18456,72,1516,12592,CD,3,D1_pwm200_grab5
18460,-1012,1236,13624,CD,3,D1_pwm200_grab5
18465,-3168,-3196,9144,CD,3,D1_pwm200_grab5
18471,-4264,-4068,11208,CD,3,D1_pwm200_grab5
18475,2568,1100,11036,CD,3,D1_pwm200_grab5
18486,-9488,-1828,12540,CD,3,D1_pwm200_grab5
18491,736,-2076,12764,CD,3,D1_pwm200_grab5
18496,3296,2132,12548,CD,3,D1_pwm200_grab5
18500,-1104,-828,12072,CD,3,D1_pwm200_grab5
18505,-484,-4044,9972,CD,3,D1_pwm200_grab5
18510,1432,-972,8944,CD,3,D1_pwm200_grab5
18515,3564,1820,14916,CD,3,D1_pwm200_grab5
18520,3060,460,12584,CD,3,D1_pwm200_grab5
18525,4608,-500,9840,CD,3,D1_pwm200_grab5
18531,-2504,-1856,10524,CD,3,D1_pwm200_grab5
18535,-360,-348,10276,CD,3,D1_pwm200_grab5
18540,8048,3296,12324,CD,3,D1_pwm200_grab5
18546,1004,-1344,10952,CD,3,D1_pwm200_grab5
18550,-2424,-1508,4992,CD,3,D1_pwm200_grab5
18556,3756,-84,8648,CD,3,D1_pwm200_grab5
18561,4952,3372,10812,CD,3,D1_pwm200_grab5
18566,-1796,-160,7908,CD,3,D1_pwm200_grab5
18570,1332,-672,8292,CD,3,D1_pwm200_grab5
18580,-176,3520,12220,CD,3,D1_pwm200_grab5
18585,-1928,-3292,8512,CD,3,D1_pwm200_grab5
18590,684,1068,10516,CD,3,D1_pwm200_grab5
18595,4440,3128,9000,CD,3,D1_pwm200_grab5
18600,-264,-108,8556,CD,3,D1_pwm200_grab5
18605,1976,1404,13896,CD,3,D1_pwm200_grab5
18610,-332,-1588,6500,CD,3,D1_pwm200_grab5
18615,-4024,-2384,10352,CD,3,D1_pwm200_grab5
18620,6324,1848,11488,CD,3,D1_pwm200_grab5
18625,-2372,-1060,6976,CD,3,D1_pwm200_grab5
18630,-4260,-852,7796,CD,3,D1_pwm200_grab5
18636,232,1116,9948,CD,3,D1_pwm200_grab5
18641,-1468,1840,12992,CD,3,D1_pwm200_grab5
18646,-1868,-3032,11568,CD,3,D1_pwm200_grab5
18651,-4128,-3712,8300,CD,3,D1_pwm200_grab5
18657,3656,1104,12868,CD,3,D1_pwm200_grab5
18661,-744,-524,5576,CD,3,D1_pwm200_grab5
18666,-6564,-1464,8224,CD,3,D1_pwm200_grab5
18671,744,-964,10424,CD,3,D1_pwm200_grab5
18676,-2564,1944,10680,CD,3,D1_pwm200_grab5
18682,-6848,-4216,6908,CD,3,D1_pwm200_grab5
18688,-4484,-5080,10424,CD,3,D1_pwm200_grab5
18692,-356,-2268,7920,CD,3,D1_pwm200_grab5
18696,696,200,14932,CD,3,D1_pwm200_grab5
18702,-6488,-1176,8940,CD,3,D1_pwm200_grab5
18706,688,-2440,12132,CD,3,D1_pwm200_grab5
18711,-360,508,10760,CD,3,D1_pwm200_grab5
18717,-1392,-180,12808,CD,3,D1_pwm200_grab5
18722,-436,-3504,11952,CD,3,D1_pwm200_grab5
18727,828,-1560,8584,CD,3,D1_pwm200_grab5
18732,-4544,-2856,6880,CD,3,D1_pwm200_grab5
18736,2652,204,8536,CD,3,D1_pwm200_grab5
18742,5124,4108,14576,CD,3,D1_pwm200_grab5
18747,-2708,-1476,9788,CD,3,D1_pwm200_grab5
18752,984,-1284,8472,CD,3,D1_pwm200_grab5
18762,28,-736,13180,CD,3,D1_pwm200_grab5
18767,-360,-2184,6592,CD,3,D1_pwm200_grab5
18771,6780,2512,17552,CD,3,D1_pwm200_grab5
18776,4780,3356,10428,CD,3,D1_pwm200_grab5
18781,-292,-128,10380,CD,3,D1_pwm200_grab5
18787,1568,-244,8188,CD,3,D1_pwm200_grab5
18791,6468,1508,12000,CD,3,D1_pwm200_grab5
18796,-196,3456,11824,CD,3,D1_pwm200_grab5
18801,2236,-1476,9800,CD,3,D1_pwm200_grab5
18806,2584,392,11172,CD,3,D1_pwm200_grab5
18811,2100,656,8876,CD,3,D1_pwm200_grab5
18816,252,904,11792,CD,3,D1_pwm200_grab5
18821,16,3136,15736,CD,3,D1_pwm200_grab5
18827,-120,-1592,8124,CD,3,D1_pwm200_grab5
18831,-3204,-2772,10496,CD,3,D1_pwm200_grab5
18836,6308,1828,11612,CD,3,D1_pwm200_grab5
18841,-252,808,6904,CD,3,D1_pwm200_grab5
18847,-4804,-1340,7248,CD,3,D1_pwm200_grab5
18852,864,352,10148,CD,3,D1_pwm200_grab5
18856,-1848,2300,12156,CD,3,D1_pwm200_grab5
18862,460,516,9180,CD,3,D1_pwm200_grab5
18867,-520,-1964,10604,CD,3,D1_pwm200_grab5
18872,2320,-828,7104,CD,3,D1_pwm200_grab5
18876,2284,696,11460,CD,3,D1_pwm200_grab5
18887,-40,-2392,9156,CD,3,D1_pwm200_grab5
18891,136,228,9864,CD,3,D1_pwm200_grab5
18896,2084,1520,14680,CD,3,D1_pwm200_grab5
18903,-428,-2300,8196,CD,3,D1_pwm200_grab5
18907,-4,-2532,6524,CD,3,D1_pwm200_grab5
18912,2280,-584,10612,CD,3,D1_pwm200_grab5
18923,1256,-1696,7044,CD,3,D1_pwm200_grab5
18927,-488,204,10464,CD,3,D1_pwm200_grab5
18932,568,1004,10620,CD,3,D1_pwm200_grab5
18937,-472,-3328,11732,CD,3,D1_pwm200_grab5
18944,-2628,-2736,6228,CD,3,D1_pwm200_grab5
18948,388,-4036,6408,CD,3,D1_pwm200_grab5
18952,1708,1332,9248,CD,3,D1_pwm200_grab5
18957,1712,2180,11600,CD,3,D1_pwm200_grab5
18963,-3260,-1308,9528,CD,3,D1_pwm200_grab5
18968,576,-1400,8828,CD,3,D1_pwm200_grab5
18978,-344,-860,13108,CD,3,D1_pwm200_grab5
18982,212,-2936,9572,CD,3,D1_pwm200_grab5
18987,1488,-208,10260,CD,3,D1_pwm200_grab5
18993,1324,3504,10312,CD,3,D1_pwm200_grab5
18998,-548,-8,10264,CD,3,D1_pwm200_grab5
19002,584,-704,7720,CD,3,D1_pwm200_grab5
19007,2388,-1412,11184,CD,3,D1_pwm200_grab5
19012,-1524,2196,11216,CD,3,D1_pwm200_grab5
19017,3424,-1340,11580,CD,3,D1_pwm200_grab5
19023,2408,1580,11784,CD,3,D1_pwm200_grab5
19027,644,1176,8152,CD,3,D1_pwm200_grab5
19033,312,848,11628,CD,3,D1_pwm200_grab5
19038,-3012,2152,11952,CD,3,D1_pwm200_grab5
19042,-2404,-3364,10464,CD,3,D1_pwm200_grab5
19047,-4352,-4536,9796,CD,3,D1_pwm200_grab5
19052,6524,1952,13808,CD,3,D1_pwm200_grab5
19057,1040,1400,11448,CD,3,D1_pwm200_grab5
19067,1488,148,12656,CD,3,D1_pwm200_grab5
19072,3708,1188,11908,CD,3,D1_pwm200_grab5
19078,1076,1664,12708,CD,3,D1_pwm200_grab5
19083,-624,-2288,9812,CD,3,D1_pwm200_grab5
19087,3412,-1636,8628,CD,3,D1_pwm200_grab5
19092,2504,488,11504,CD,3,D1_pwm200_grab5
19098,-2232,156,9056,CD,3,D1_pwm200_grab5
19103,1256,-1492,7588,CD,3,D1_pwm200_grab5
19107,464,208,11460,CD,3,D1_pwm200_grab5
19113,1964,1956,13980,CD,3,D1_pwm200_grab5
19123,1400,-924,9904,CD,3,D1_pwm200_grab5
19128,-672,-3224,6092,CD,3,D1_pwm200_grab5
19132,2512,32,7028,CD,3,D1_pwm200_grab5
19137,1908,3012,12144,CD,3,D1_pwm200_grab5
19142,-2624,-1428,8028,CD,3,D1_pwm200_grab5
19147,1692,-1000,9360,CD,3,D1_pwm200_grab5
19153,7900,3176,8732,CD,3,D1_pwm200_grab5
19158,132,-792,11480,CD,3,D1_pwm200_grab5
19163,388,-3788,6624,CD,3,D1_pwm200_grab5
19168,8816,-56,16572,CD,3,D1_pwm200_grab5
19174,1080,2028,11108,CD,3,D1_pwm200_grab5
19178,-3696,-1384,8404,CD,3,D1_pwm200_grab5
19183,-276,-1476,6344,CD,3,D1_pwm200_grab5
19194,-2684,-272,10704,CD,3,D1_pwm200_grab5
19198,-4160,-3472,8888,CD,3,D1_pwm200_grab5
19203,824,40,10108,CD,3,D1_pwm200_grab5
19208,-140,-664,6688,CD,3,D1_pwm200_grab5
19214,-744,292,10288,CD,3,D1_pwm200_grab5
19219,-488,200,9224,CD,3,D1_pwm200_grab5
19224,412,-2008,10656,CD,3,D1_pwm200_grab5
19228,-5072,-360,9480,CD,3,D1_pwm200_grab5
19233,3940,-780,11848,CD,3,D1_pwm200_grab5
19238,-3404,-996,9408,CD,3,D1_pwm200_grab5
19248,720,-1616,10784,CD,3,D1_pwm200_grab5
19253,-2924,1512,10788,CD,3,D1_pwm200_grab5
19258,-7340,-3532,9052,CD,3,D1_pwm200_grab5
19269,2796,2292,13048,CD,3,D1_pwm200_grab5
19274,1524,1332,12440,CD,3,D1_pwm200_grab5
19283,1592,-392,12724,CD,3,D1_pwm200_grab5
19288,-956,272,12476,CD,3,D1_pwm200_grab5
19293,1700,2288,11680,CD,3,D1_pwm200_grab5
19299,2744,-1108,11132,CD,3,D1_pwm200_grab5
19303,3184,-1864,8420,CD,3,D1_pwm200_grab5
19308,1788,-344,13492,CD,3,D1_pwm200_grab5
19313,176,-76,10444,CD,3,D1_pwm200_grab5
19318,4136,808,10024,CD,3,D1_pwm200_grab5
19323,-188,-268,10884,CD,3,D1_pwm200_grab5
19328,1748,-720,8236,CD,3,D1_pwm200_grab5
19338,2604,-140,11936,CD,3,D1_pwm200_grab5
19344,-276,-2464,6488,CD,3,D1_pwm200_grab5
19353,644,1932,10892,CD,3,D1_pwm200_grab5
19358,-2420,-300,8580,CD,3,D1_pwm200_grab5
19364,1228,-1576,8960,CD,3,D1_pwm200_grab5
19374,-892,1956,9296,CD,3,D1_pwm200_grab5
19378,2760,-476,9140,CD,3,D1_pwm200_grab5
19384,568,-76,10676,CD,3,D1_pwm200_grab5
19389,-332,-1580,6800,CD,3,D1_pwm200_grab5
19394,20,140,8380,CD,3,D1_pwm200_grab5
19399,3492,1764,12468,CD,3,D1_pwm200_grab5
19404,-916,-2352,7276,CD,3,D1_pwm200_grab5
19408,-3164,-748,10148,CD,3,D1_pwm200_grab5
19415,3632,-260,9336,CD,3,D1_pwm200_grab5
19419,-3140,-396,8736,CD,3,D1_pwm200_grab5
19424,-1536,-1808,7412,CD,3,D1_pwm200_grab5
19429,-220,816,9116,CD,3,D1_pwm200_grab5
19434,-276,1204,12700,CD,3,D1_pwm200_grab5
19439,-1092,-2920,9232,CD,3,D1_pwm200_grab5
19445,-6056,-2316,9476,CD,3,D1_pwm200_grab5
19450,2960,1200,11644,CD,3,D1_pwm200_grab5
19454,-3660,-92,8132,CD,3,D1_pwm200_grab5
19464,1284,-1808,10532,CD,3,D1_pwm200_grab5
19469,624,1364,9340,CD,3,D1_pwm200_grab5
19475,668,224,12552,CD,3,D1_pwm200_grab5
19479,-4536,-5288,8608,CD,3,D1_pwm200_grab5
19485,784,584,10568,CD,3,D1_pwm200_grab5
19489,528,-544,13364,CD,3,D1_pwm200_grab5
19500,3928,1392,10220,CD,3,D1_pwm200_grab5
19504,-5272,-2460,8608,CD,3,D1_pwm200_grab5
19509,452,-1164,9548,CD,3,D1_pwm200_grab5
19514,6060,2092,11392,CD,3,D1_pwm200_grab5
19519,584,-848,12428,CD,3,D1_pwm200_grab5
19525,-1508,-688,8508,CD,3,D1_pwm200_grab5
19529,2268,344,8688,CD,3,D1_pwm200_grab5
19534,4508,2064,12324,CD,3,D1_pwm200_grab5
19539,-2180,-1448,10760,CD,3,D1_pwm200_grab5
19545,312,-1172,7728,CD,3,D1_pwm200_grab5
19549,8800,2864,11004,CD,3,D1_pwm200_grab5
19554,-844,2884,11912,CD,3,D1_pwm200_grab5
19560,-1540,-1956,10712,CD,3,D1_pwm200_grab5
19565,1708,748,11708,CD,3,D1_pwm200_grab5
19570,3892,2388,10444,CD,3,D1_pwm200_grab5
19575,-492,172,9476,CD,3,D1_pwm200_grab5
19579,2056,-280,8120,CD,3,D1_pwm200_grab5
19585,-2028,-2700,10916,CD,3,D1_pwm200_grab5
19590,-1636,-1896,9656,CD,3,D1_pwm200_grab5
19595,5384,2028,12168,CD,3,D1_pwm200_grab5
19600,1080,880,8912,CD,3,D1_pwm200_grab5
19604,-4608,-2020,11132,CD,3,D1_pwm200_grab5
19609,808,980,10896,CD,3,D1_pwm200_grab5
19614,-1860,2588,12588,CD,3,D1_pwm200_grab5
19620,-2900,-1204,8964,CD,3,D1_pwm200_grab5
19625,-3236,-3868,8560,CD,3,D1_pwm200_grab5
19629,1140,-1224,7196,CD,3,D1_pwm200_grab5
19634,3964,1480,12860,CD,3,D1_pwm200_grab5
19644,1908,-1752,8704,CD,3,D1_pwm200_grab5
19649,1968,188,9508,CD,3,D1_pwm200_grab5
19655,2188,2360,9268,CD,3,D1_pwm200_grab5
19660,-12,-2040,11364,CD,3,D1_pwm200_grab5
19664,2576,-1976,7448,CD,3,D1_pwm200_grab5
19670,972,-240,10988,CD,3,D1_pwm200_grab5
19676,-484,-668,8108,CD,3,D1_pwm200_grab5
19680,956,-1196,6952,CD,3,D1_pwm200_grab5
19686,176,-268,9932,CD,3,D1_pwm200_grab5
19691,1928,872,10832,CD,3,D1_pwm200_grab5
19695,3056,-360,7436,CD,3,D1_pwm200_grab5
19700,-752,-3440,7696,CD,3,D1_pwm200_grab5
19705,1068,-88,9104,CD,3,D1_pwm200_grab5
19710,416,-1080,10536,CD,3,D1_pwm200_grab5
19715,1212,2128,11388,CD,3,D1_pwm200_grab5
19721,-3040,-2776,9592,CD,3,D1_pwm200_grab5
19726,136,-1424,7848,CD,3,D1_pwm200_grab5
19730,6844,3244,10936,CD,3,D1_pwm200_grab5
19735,-880,220,12372,CD,3,D1_pwm200_grab5
19741,-2448,-3132,9508,CD,3,D1_pwm200_grab5
19745,5400,-580,13516,CD,3,D1_pwm200_grab5
19750,1504,3008,11436,CD,3,D1_pwm200_grab5
19755,-404,20,11412,CD,3,D1_pwm200_grab5
19760,720,-28,8428,CD,3,D1_pwm200_grab5
19765,-3220,-2712,9712,CD,3,D1_pwm200_grab5
19771,-2180,412,11276,CD,3,D1_pwm200_grab5
19775,2548,-360,10336,CD,3,D1_pwm200_grab5
19780,-1760,-68,9756,CD,3,D1_pwm200_grab5
19785,-2052,968,9172,CD,3,D1_pwm200_grab5
19791,112,824,9980,CD,3,D1_pwm200_grab5
19795,964,752,12316,CD,3,D1_pwm200_grab5
19811,4572,1988,11888,CD,3,D1_pwm200_grab5
19815,1528,260,12212,CD,3,D1_pwm200_grab5
19825,1024,-852,11912,CD,3,D1_pwm200_grab5
19831,2328,2068,12200,CD,3,D1_pwm200_grab5
19836,-2640,-724,11644,CD,3,D1_pwm200_grab5
19840,2948,-700,10568,CD,3,D1_pwm200_grab5
19846,1804,-904,9912,CD,3,D1_pwm200_grab5
19850,3224,592,12112,CD,3,D1_pwm200_grab5
19855,2860,264,12980,CD,3,D1_pwm200_grab5
19861,3116,-320,7804,CD,3,D1_pwm200_grab5
19865,296,-656,12784,CD,3,D1_pwm200_grab5
19871,1196,876,9360,CD,3,D1_pwm200_grab5
19875,4056,972,9480,CD,3,D1_pwm200_grab5
19881,2624,-1512,8012,CD,3,D1_pwm200_grab5
19886,-92,-1440,8508,CD,3,D1_pwm200_grab5
19895,1724,2248,10928,CD,3,D1_pwm200_grab5
19901,-2200,-1340,8172,CD,3,D1_pwm200_grab5
19905,1272,-1104,7196,CD,3,D1_pwm200_grab5
19910,9904,3816,11012,CD,3,D1_pwm200_grab5
19915,1852,1684,10576,CD,3,D1_pwm200_grab5
19920,-3820,-2856,8580,CD,3,D1_pwm200_grab5
19926,276,-1140,7960,CD,3,D1_pwm200_grab5
19931,708,2752,9756,CD,3,D1_pwm200_grab5
19937,-2136,-568,7768,CD,3,D1_pwm200_grab5
19942,-616,-2340,7816,CD,3,D1_pwm200_grab5
19946,9572,3664,6748,CD,3,D1_pwm200_grab5
19951,-1140,912,11648,CD,3,D1_pwm200_grab5
19956,-2344,-3472,8124,CD,3,D1_pwm200_grab5
19961,-4052,-452,5880,CD,3,D1_pwm200_grab5
19966,3212,2376,8676,CD,3,D1_pwm200_grab5
19971,-272,336,10948,CD,3,D1_pwm200_grab5
19976,1772,796,12856,CD,3,D1_pwm200_grab5
19982,-4584,-2736,7592,CD,3,D1_pwm200_grab5
19986,-4064,-2568,9700,CD,3,D1_pwm200_grab5
19991,3428,20,10688,CD,3,D1_pwm200_grab5
19997,-2944,-1368,9584,CD,3,D1_pwm200_grab5
20002,-3432,-664,9544,CD,3,D1_pwm200_grab5
20007,68,564,9464,CD,3,D1_pwm200_grab5
20012,2004,2488,11176,CD,3,D1_pwm200_grab5
20017,-2084,-752,12484,CD,3,D1_pwm200_grab5
20022,-2144,-4288,9720,CD,3,D1_pwm200_grab5
20027,236,-56,9124,CD,3,D1_pwm200_grab5
20031,1664,848,13048,CD,3,D1_pwm200_grab5
20042,968,-1312,11952,CD,3,D1_pwm200_grab5
20047,2028,2756,10740,CD,3,D1_pwm200_grab5
20052,304,-284,12256,CD,3,D1_pwm200_grab5
20057,4360,492,11120,CD,3,D1_pwm200_grab5
20061,1644,-988,10308,CD,3,D1_pwm200_grab5
20066,-1148,-1052,8980,CD,3,D1_pwm200_grab5
20076,3948,1344,10816,CD,3,D1_pwm200_grab5
20081,-804,-836,12372,CD,3,D1_pwm200_grab5
20086,140,-452,10000,CD,3,D1_pwm200_grab5
20091,5060,1424,9552,CD,3,D1_pwm200_grab5
20096,632,2308,13508,CD,3,D1_pwm200_grab5
20101,-2616,-2640,10176,CD,3,D1_pwm200_grab5
20106,1280,-1092,9936,CD,3,D1_pwm200_grab5
20112,1960,3004,10600,CD,3,D1_pwm200_grab5
20117,-2252,176,8300,CD,3,D1_pwm200_grab5
20121,844,-1792,8464,CD,3,D1_pwm200_grab5
20132,1880,1764,10648,CD,3,D1_pwm200_grab5
20136,-3528,-2932,8756,CD,3,D1_pwm200_grab5
20142,-1008,132,10756,CD,3,D1_pwm200_grab5
20147,-496,-1392,8240,CD,3,D1_pwm200_grab5
20151,1164,1724,9304,CD,3,D1_pwm200_grab5
20156,3160,1588,13516,CD,3,D1_pwm200_grab5
20161,-20,-2508,9116,CD,3,D1_pwm200_grab5
20167,-1392,-156,8720,CD,3,D1_pwm200_grab5
20171,4516,2108,10812,CD,3,D1_pwm200_grab5
20176,-404,-256,10228,CD,3,D1_pwm200_grab5
20182,-3384,-2312,8108,CD,3,D1_pwm200_grab5
20187,836,412,8332,CD,3,D1_pwm200_grab5
20197,-656,-3336,6724,CD,3,D1_pwm200_grab5
20202,-3316,-3520,9960,CD,3,D1_pwm200_grab5
20207,4680,1736,10068,CD,3,D1_pwm200_grab5
20218,-5000,-1636,6780,CD,3,D1_pwm200_grab5
20222,200,-280,9540,CD,3,D1_pwm200_grab5
20227,2904,1544,8420,CD,3,D1_pwm200_grab5
20232,632,196,10704,CD,3,D1_pwm200_grab5
20238,-2296,-6100,9572,CD,3,D1_pwm200_grab5
20242,-636,-1268,6548,CD,3,D1_pwm200_grab5
20248,1560,-544,12880,CD,3,D1_pwm200_grab5
20253,-7120,-908,7780,CD,3,D1_pwm200_grab5
20257,688,-2520,10064,CD,3,D1_pwm200_grab5
20262,-2176,-832,9068,CD,3,D1_pwm200_grab5
20268,-2088,-2096,9272,CD,3,D1_pwm200_grab5
20273,6568,1424,10608,CD,3,D1_pwm200_grab5
20278,-1532,-2500,10048,CD,3,D1_pwm200_grab5
20282,-3436,-3292,7152,CD,3,D1_pwm200_grab5
20287,2332,-504,9200,CD,3,D1_pwm200_grab5
20293,3104,3280,11780,CD,3,D1_pwm200_grab5
20297,-4656,-1712,9388,CD,3,D1_pwm200_grab5
20303,728,-1332,9164,CD,3,D1_pwm200_grab5
20307,8068,3160,12652,CD,3,D1_pwm200_grab5
20312,-3020,1756,11688,CD,3,D1_pwm200_grab5
20317,-2040,-1984,10012,CD,3,D1_pwm200_grab5
20322,1128,676,11332,CD,3,D1_pwm200_grab5
20327,3236,2548,10152,CD,3,D1_pwm200_grab5
20333,-416,-8,12688,CD,3,D1_pwm200_grab5
20337,1284,-1156,8164,CD,3,D1_pwm200_grab5
20343,3560,604,11892,CD,3,D1_pwm200_grab5
20347,36,2504,11332,CD,3,D1_pwm200_grab5
20353,6108,2096,12952,CD,3,D1_pwm200_grab5
20357,-728,844,9172,CD,3,D1_pwm200_grab5
20362,-5276,-2504,8720,CD,3,D1_pwm200_grab5
20368,1612,704,10172,CD,3,D1_pwm200_grab5
20373,-1916,3060,13244,CD,3,D1_pwm200_grab5
20378,-2916,-3832,10432,CD,3,D1_pwm200_grab5
20382,-2476,-3652,10072,CD,3,D1_pwm200_grab5
20387,4096,1744,10784,CD,3,D1_pwm200_grab5
20392,1976,1704,9752,CD,3,D1_pwm200_grab5
20398,-5524,-1236,8244,CD,3,D1_pwm200_grab5
20402,2464,-1096,8560,CD,3,D1_pwm200_grab5
20407,1972,576,9088,CD,3,D1_pwm200_grab5
20413,3916,3128,12740,CD,3,D1_pwm200_grab5
20417,2296,-1640,8172,CD,3,D1_pwm200_grab5
20423,1040,-1264,7544,CD,3,D1_pwm200_grab5
20427,4472,-576,10704,CD,3,D1_pwm200_grab5
20433,724,-852,9528,CD,3,D1_pwm200_grab5
20438,3040,-640,6348,CD,3,D1_pwm200_grab5
20444,212,-1696,9464,CD,3,D1_pwm200_grab5
20449,1884,1664,8472,CD,3,D1_pwm200_grab5
20453,3604,980,10136,CD,3,D1_pwm200_grab5
20459,-796,-1960,6788,CD,3,D1_pwm200_grab5
20463,-1988,-840,8220,CD,3,D1_pwm200_grab5
20468,1884,176,12840,CD,3,D1_pwm200_grab5
20474,1504,436,8344,CD,3,D1_pwm200_grab5
20478,-4488,-2720,9612,CD,3,D1_pwm200_grab5
20484,-508,-2460,6252,CD,3,D1_pwm200_grab5
20488,8028,2800,9296,CD,3,D1_pwm200_grab5
20494,-2012,2040,10380,CD,3,D1_pwm200_grab5
20498,-4208,-3836,10880,CD,3,D1_pwm200_grab5
20504,-1628,-364,7744,CD,3,D1_pwm200_grab5
20509,2416,3372,9540,CD,3,D1_pwm200_grab5
20513,-2120,-832,9576,CD,3,D1_pwm200_grab5
20519,-192,-1292,6600,CD,3,D1_pwm200_grab5
20523,-1188,-2788,10384,CD,3,D1_pwm200_grab5
20529,-5420,-2160,9464,CD,3,D1_pwm200_grab5
20534,4400,1012,12740,CD,3,D1_pwm200_grab5
20539,-2296,-532,9480,CD,3,D1_pwm200_grab5
20543,-6496,-1688,9232,CD,3,D1_pwm200_grab5
20549,448,812,13204,CD,3,D1_pwm200_grab5
20553,-2664,2772,11896,CD,3,D1_pwm200_grab5
20558,-5368,-4432,10352,CD,3,D1_pwm200_grab5
20564,-4048,-5552,10860,CD,3,D1_pwm200_grab5
20569,1360,-640,10496,CD,3,D1_pwm200_grab5
20578,-4272,-584,8396,CD,3,D1_pwm200_grab5
20583,2512,-828,11008,CD,3,D1_pwm200_grab5
20588,432,412,11848,CD,3,D1_pwm200_grab5
20594,2048,1152,11504,CD,3,D1_pwm200_grab5
20599,3152,-4,10984,CD,3,D1_pwm200_grab5
20603,1904,-1660,9292,CD,3,D1_pwm200_grab5
20608,-160,-1804,6216,CD,3,D1_pwm200_grab5
20619,2656,2000,11844,CD,3,D1_pwm200_grab5
20623,-900,-1636,9924,CD,3,D1_pwm200_grab5
20628,824,-844,9484,CD,3,D1_pwm200_grab5
20639,532,1264,12304,CD,3,D1_pwm200_grab5
20644,-2300,-2044,10108,CD,3,D1_pwm200_grab5
20648,-868,1140,6596,CD,3,D1_pwm200_grab5
20654,332,24,9816,CD,3,D1_pwm200_grab5
20658,28,1376,8784,CD,3,D1_pwm200_grab5
20663,3512,1768,13020,CD,3,D1_pwm200_grab5
20673,-2288,-432,10136,CD,3,D1_pwm200_grab5
20679,5664,552,9500,CD,3,D1_pwm200_grab5
20683,-1656,-836,7780,CD,3,D1_pwm200_grab5
20689,-3404,-1684,7944,CD,3,D1_pwm200_grab5
20694,724,1164,9200,CD,3,D1_pwm200_grab5
20705,-3396,-3452,10704,CD,3,D1_pwm200_grab5
20709,-5408,-3716,7740,CD,3,D1_pwm200_grab5
20715,2952,1664,10792,CD,3,D1_pwm200_grab5
20719,-1520,-1932,6636,CD,3,D1_pwm200_grab5
20729,580,-1276,10316,CD,3,D1_pwm200_grab5
20736,-956,1924,9484,CD,3,D1_pwm200_grab5
20740,1564,2648,10404,CD,3,D1_pwm200_grab5
20745,156,-1312,8120,CD,3,D1_pwm200_grab5
20749,-1244,-2188,8800,CD,3,D1_pwm200_grab5
20755,1424,-580,10384,CD,3,D1_pwm200_grab5
20760,-568,-908,9764,CD,3,D1_pwm200_grab5
20765,2244,-1380,9236,CD,3,D1_pwm200_grab5
20769,-1256,-576,9408,CD,3,D1_pwm200_grab5
20774,-1968,292,9124,CD,3,D1_pwm200_grab5
20779,7784,2292,8304,CD,3,D1_pwm200_grab5
20785,-980,608,13172,CD,3,D1_pwm200_grab5
20789,-3672,-3808,9156,CD,3,D1_pwm200_grab5
20795,20,484,8112,CD,3,D1_pwm200_grab5
20799,2268,3728,9768,CD,3,D1_pwm200_grab5
20804,-396,-1440,10928,CD,3,D1_pwm200_grab5
20810,-1392,-2940,6212,CD,3,D1_pwm200_grab5
20815,7656,2164,10160,CD,3,D1_pwm200_grab5
20820,-196,2112,13712,CD,3,D1_pwm200_grab5
20825,3376,1636,11684,CD,3,D1_pwm200_grab5
20829,-3236,-1532,9352,CD,3,D1_pwm200_grab5
20834,-3344,532,10968,CD,3,D1_pwm200_grab5
20840,304,800,10108,CD,3,D1_pwm200_grab5
20844,720,1392,15680,CD,3,D1_pwm200_grab5
20849,-2844,-3280,11752,CD,3,D1_pwm200_grab5
20854,-3456,-2520,10488,CD,3,D1_pwm200_grab5
20859,5588,1984,13328,CD,3,D1_pwm200_grab5
20865,3236,1480,14884,CD,3,D1_pwm200_grab5
20870,-5840,-2052,10700,CD,3,D1_pwm200_grab5
20875,800,-2540,10672,CD,3,D1_pwm200_grab5
20879,1828,1532,11524,CD,3,D1_pwm200_grab5
20884,744,2292,10952,CD,3,D1_pwm200_grab5
20889,1828,-1532,11500,CD,3,D1_pwm200_grab5
20894,2116,-1732,8392,CD,3,D1_pwm200_grab5
20899,3132,616,14124,CD,3,D1_pwm200_grab5
20904,20,-964,8524,CD,3,D1_pwm200_grab5
20909,3584,2588,13000,CD,3,D1_pwm200_grab5
20915,-2148,-2564,8236,CD,3,D1_pwm200_grab5
20919,1212,-256,8616,CD,3,D1_pwm200_grab5
20925,8948,4840,11028,CD,3,D1_pwm200_grab5
20930,3048,432,11500,CD,3,D1_pwm200_grab5
20935,-276,-2172,7220,CD,3,D1_pwm200_grab5
20940,4848,840,11468,CD,3,D1_pwm200_grab5
20944,1736,3196,10476,CD,3,D1_pwm200_grab5
20951,312,-1320,9540,CD,3,D1_pwm200_grab5
20956,-1032,-2604,9076,CD,3,D1_pwm200_grab5
20961,10148,4520,8064,CD,3,D1_pwm200_grab5
20966,-644,460,11284,CD,3,D1_pwm200_grab5
20971,-2608,-2500,9052,CD,3,D1_pwm200_grab5
20975,-3156,804,5716,CD,3,D1_pwm200_grab5
20981,4116,2952,9352,CD,3,D1_pwm200_grab5
20985,-1532,168,9476,CD,3,D1_pwm200_grab5
20990,1580,-228,5616,CD,3,D1_pwm200_grab5
20995,-2052,-2864,6172,CD,3,D1_pwm200_grab5
21000,-3636,-2880,9496,CD,3,D1_pwm200_grab5
21006,4136,-36,9520,CD,3,D1_pwm200_grab5
21010,-1648,-1440,7780,CD,3,D1_pwm200_grab5
21016,-6828,-3060,7156,CD,3,D1_pwm200_grab5
21020,-104,612,9720,CD,3,D1_pwm200_grab5
21026,-3360,2032,14408,CD,3,D1_pwm200_grab5
21030,-6664,-3780,8540,CD,3,D1_pwm200_grab5
21036,-1944,-4900,10540,CD,3,D1_pwm200_grab5
21040,-1600,-2028,6936,CD,3,D1_pwm200_grab5
21045,1732,1180,13640,CD,3,D1_pwm200_grab5
21050,-3100,-780,7340,CD,3,D1_pwm200_grab5
21055,1776,-2244,8908,CD,3,D1_pwm200_grab5
21061,-3420,-1144,9404,CD,3,D1_pwm200_grab5
21065,2616,1236,9484,CD,3,D1_pwm200_grab5
21070,804,-1640,9564,CD,3,D1_pwm200_grab5
21075,596,-948,9956,CD,3,D1_pwm200_grab5
21080,312,-2660,9652,CD,3,D1_pwm200_grab5
21090,2136,4048,11480,CD,3,D1_pwm200_grab5
21096,-2176,-1152,9800,CD,3,D1_pwm200_grab5
21101,-712,-2184,7488,CD,3,D1_pwm200_grab5
21110,496,1268,13100,CD,3,D1_pwm200_grab5
21115,-2092,-1796,10552,CD,3,D1_pwm200_grab5
21120,-1268,-1832,9908,CD,3,D1_pwm200_grab5
21125,-436,412,8800,CD,3,D1_pwm200_grab5
21130,360,2624,11576,CD,3,D1_pwm200_grab5
21136,3816,1152,12788,CD,3,D1_pwm200_grab5
21141,-156,-1792,8336,CD,3,D1_pwm200_grab5
21145,-692,268,9528,CD,3,D1_pwm200_grab5
21150,5104,1944,11716,CD,3,D1_pwm200_grab5
21156,-520,-540,9900,CD,3,D1_pwm200_grab5
21161,-3592,-1448,9436,CD,3,D1_pwm200_grab5
21165,1688,-1452,10048,CD,3,D1_pwm200_grab5
21170,4248,3060,12204,CD,3,D1_pwm200_grab5
21175,1104,372,12660,CD,3,D1_pwm200_grab5
21180,280,-4044,9192,CD,3,D1_pwm200_grab5
21186,1492,-516,8420,CD,3,D1_pwm200_grab5
21191,5036,1276,14256,CD,3,D1_pwm200_grab5
21201,1736,-2324,8488,CD,3,D1_pwm200_grab5
21206,3208,1800,10084,CD,3,D1_pwm200_grab5
21211,2768,3224,10108,CD,3,D1_pwm200_grab5
21217,36,-2532,9840,CD,3,D1_pwm200_grab5
21222,1408,-1492,7084,CD,3,D1_pwm200_grab5
21226,1116,-308,10668,CD,3,D1_pwm200_grab5
21232,1048,-724,8440,CD,3,D1_pwm200_grab5
21237,1700,-1592,7248,CD,3,D1_pwm200_grab5
21241,-352,-864,8156,CD,3,D1_pwm200_grab5
21246,2900,1516,9776,CD,3,D1_pwm200_grab5
21252,8916,3876,10824,CD,3,D1_pwm200_grab5
21257,-2320,-100,9712,CD,3,D1_pwm200_grab5
21261,-1292,-2372,8688,CD,3,D1_pwm200_grab5
21267,8448,404,16332,CD,3,D1_pwm200_grab5
21271,1192,3404,10620,CD,3,D1_pwm200_grab5
21276,-5156,-2712,8040,CD,3,D1_pwm200_grab5
21281,-1796,-2840,7380,CD,3,D1_pwm200_grab5
21286,7216,2784,10772,CD,3,D1_pwm200_grab5
21291,-5104,-736,8524,CD,3,D1_pwm200_grab5
21297,2508,-740,11752,CD,3,D1_pwm200_grab5
21301,-3012,-2424,7244,CD,3,D1_pwm200_grab5
21306,-784,344,9140,CD,3,D1_pwm200_grab5
21311,-76,1228,11932,CD,3,D1_pwm200_grab5
21317,1964,808,11996,CD,3,D1_pwm200_grab5
21321,-3496,-3608,7184,CD,3,D1_pwm200_grab5
21326,-2940,-1020,10532,CD,3,D1_pwm200_grab5
21331,3356,1400,11020,CD,3,D1_pwm200_grab5
21337,536,-732,12660,CD,3,D1_pwm200_grab5
21346,124,-3056,12032,CD,3,D1_pwm200_grab5
21351,2972,2760,12136,CD,3,D1_pwm200_grab5
21357,1604,388,13508,CD,3,D1_pwm200_grab5
21361,-1360,-4864,10276,CD,3,D1_pwm200_grab5
21366,-584,-1324,9112,CD,3,D1_pwm200_grab5
21371,2740,1848,14372,CD,3,D1_pwm200_grab5
21377,2056,2808,10040,CD,3,D1_pwm200_grab5
21382,3844,2256,12372,CD,3,D1_pwm200_grab5
21387,-3844,-2636,10984,CD,3,D1_pwm200_grab5
21392,1028,-816,12212,CD,3,D1_pwm200_grab5
21402,1628,-24,12732,CD,3,D1_pwm200_grab5
21406,1248,-2256,8376,CD,3,D1_pwm200_grab5
21416,2204,3240,12232,CD,3,D1_pwm200_grab5
21422,-324,1604,10404,CD,3,D1_pwm200_grab5
21426,1812,-212,7972,CD,3,D1_pwm200_grab5
21431,2180,684,10104,CD,3,D1_pwm200_grab5
21436,-924,1684,12620,CD,3,D1_pwm200_grab5
21441,2824,220,9548,CD,3,D1_pwm200_grab5
21447,-852,-2324,9024,CD,3,D1_pwm200_grab5
21451,200,1092,9248,CD,3,D1_pwm200_grab5
21457,780,2000,9296,CD,3,D1_pwm200_grab5
21463,3832,988,11152,CD,3,D1_pwm200_grab5
21467,336,-1828,8088,CD,3,D1_pwm200_grab5
21472,-1480,224,8576,CD,3,D1_pwm200_grab5
21478,4316,2000,10172,CD,3,D1_pwm200_grab5
21483,-788,-2284,8076,CD,3,D1_pwm200_grab5
21487,-5288,-2704,7672,CD,3,D1_pwm200_grab5
21493,888,1284,8540,CD,3,D1_pwm200_grab5
21497,984,3216,15736,CD,3,D1_pwm200_grab5
21502,-2400,-3220,8692,CD,3,D1_pwm200_grab5
21507,-108,-3864,7628,CD,3,D1_pwm200_grab5
21512,24,-1996,8952,CD,3,D1_pwm200_grab5
21517,4648,2288,12144,CD,3,D1_pwm200_grab5
21522,-6444,-2924,7340,CD,3,D1_pwm200_grab5
21527,2132,-2396,6820,CD,3,D1_pwm200_grab5
21532,488,1092,7948,CD,3,D1_pwm200_grab5
21538,2872,2172,8084,CD,3,D1_pwm200_grab5
21542,1108,-2392,10636,CD,3,D1_pwm200_grab5
21548,-484,-1528,11176,CD,3,D1_pwm200_grab5
21552,-2936,-4076,6596,CD,3,D1_pwm200_grab5
21562,3340,3124,12680,CD,3,D1_pwm200_grab5
21567,-4152,-2384,7920,CD,3,D1_pwm200_grab5
21572,-2352,-1796,7984,CD,3,D1_pwm200_grab5
21577,8320,2752,9392,CD,3,D1_pwm200_grab5
21583,-1956,404,11828,CD,3,D1_pwm200_grab5
21587,-3976,-4000,10992,CD,3,D1_pwm200_grab5
21593,-928,-2672,9184,CD,3,D1_pwm200_grab5
21598,-3132,704,9428,CD,3,D1_pwm200_grab5
21603,-440,1484,10836,CD,3,D1_pwm200_grab5
21608,612,272,12276,CD,3,D1_pwm200_grab5
21613,-412,-2912,8028,CD,3,D1_pwm200_grab5
21617,-5620,-2580,9504,CD,3,D1_pwm200_grab5
21623,6260,1696,11972,CD,3,D1_pwm200_grab5
21628,-1676,-1676,8820,CD,3,D1_pwm200_grab5
21633,-8080,-3864,13064,CD,3,D1_pwm200_grab5
21638,396,-2880,11036,CD,3,D1_pwm200_grab5
21642,5112,4080,12320,CD,3,D1_pwm200_grab5
21647,-444,468,12076,CD,3,D1_pwm200_grab5
21652,-624,-3452,10476,CD,3,D1_pwm200_grab5
21657,1868,-812,10724,CD,3,D1_pwm200_grab5
21662,4056,2724,14812,CD,3,D1_pwm200_grab5
21667,-1484,-736,8932,CD,3,D1_pwm200_grab5
21673,2764,-2244,9032,CD,3,D1_pwm200_grab5
21678,-896,-2852,11352,CD,3,D1_pwm200_grab5
21682,1496,-380,10996,CD,3,D1_pwm200_grab5
21692,3440,-168,10564,CD,3,D1_pwm200_grab5
21698,1396,-2556,7948,CD,3,D1_pwm200_grab5
21708,1784,3812,11320,CD,3,D1_pwm200_grab5
21712,-3032,-1940,7496,CD,3,D1_pwm200_grab5
21718,-56,-1988,7972,CD,3,D1_pwm200_grab5
21729,344,2360,12076,CD,3,D1_pwm200_grab5
21733,-2032,-3768,8556,CD,3,D1_pwm200_grab5
21738,-788,1364,6592,CD,3,D1_pwm200_grab5
21744,3904,3472,9320,CD,3,D1_pwm200_grab5
21749,688,-604,9024,CD,3,D1_pwm200_grab5
21753,228,-2032,5560,CD,3,D1_pwm200_grab5
21760,6580,1892,10824,CD,3,D1_pwm200_grab5
21764,-3988,-2156,8980,CD,3,D1_pwm200_grab5
21769,6036,1344,9968,CD,3,D1_pwm200_grab5
21773,-2312,-3552,7812,CD,3,D1_pwm200_grab5
21778,-5668,-3916,6840,CD,3,D1_pwm200_grab5
21783,156,1472,9776,CD,3,D1_pwm200_grab5
21788,-2572,2432,12704,CD,3,D1_pwm200_grab5
21794,-4564,-4008,10584,CD,3,D1_pwm200_grab5
21798,-5888,-5768,6240,CD,3,D1_pwm200_grab5
21803,-1236,-1672,8200,CD,3,D1_pwm200_grab5
21809,1452,1500,12652,CD,3,D1_pwm200_grab5
21814,-4496,-1780,8380,CD,3,D1_pwm200_grab5
21819,1068,-2796,8124,CD,3,D1_pwm200_grab5
21824,-2240,580,10636,CD,3,D1_pwm200_grab5
21829,2500,1744,9480,CD,3,D1_pwm200_grab5
21833,444,-2320,10716,CD,3,D1_pwm200_grab5
21838,-736,-2700,8964,CD,3,D1_pwm200_grab5
21843,-460,216,12980,CD,3,D1_pwm200_grab5
21848,7184,1996,15964,CD,3,D1_pwm200_grab5
21853,3136,3936,12176,CD,3,D1_pwm200_grab5
21859,-4828,-2820,9640,CD,3,D1_pwm200_grab5
21864,-120,-996,8584,CD,3,D1_pwm200_grab5
21869,8388,2612,10772,CD,3,D1_pwm200_grab5
21873,1156,1424,12908,CD,3,D1_pwm200_grab5
21879,-4952,-2680,11944,CD,3,D1_pwm200_grab5
21883,-3140,2572,7908,CD,3,D1_pwm200_grab5
21889,-2064,-124,10292,CD,3,D1_pwm200_grab5
21893,8,2868,10636,CD,3,D1_pwm200_grab5
21899,2248,1092,14092,CD,3,D1_pwm200_grab5
21904,-36,-2424,8336,CD,3,D1_pwm200_grab5
21908,-2676,-1464,9788,CD,3,D1_pwm200_grab5
21913,5172,1908,10692,CD,3,D1_pwm200_grab5
21918,-132,-1152,9584,CD,3,D1_pwm200_grab5
21923,-4628,-3172,8060,CD,3,D1_pwm200_grab5
21928,300,1976,11764,CD,3,D1_pwm200_grab5
21934,2252,2264,13584,CD,3,D1_pwm200_grab5
21938,1728,1732,12852,CD,3,D1_pwm200_grab5
21944,764,-1984,11032,CD,3,D1_pwm200_grab5
21948,764,-1364,8652,CD,3,D1_pwm200_grab5
21953,3056,1716,12820,CD,3,D1_pwm200_grab5
21958,-524,-576,8400,CD,3,D1_pwm200_grab5
21964,2472,-2536,7332,CD,3,D1_pwm200_grab5
21968,2068,300,11420,CD,3,D1_pwm200_grab5
21974,3332,2428,8480,CD,3,D1_pwm200_grab5
21979,3676,1204,9864,CD,3,D1_pwm200_grab5
21985,952,-2232,6768,CD,3,D1_pwm200_grab5
21990,-904,-756,8984,CD,3,D1_pwm200_grab5
21994,3068,1176,13604,CD,3,D1_pwm200_grab5
21999,1944,-500,7548,CD,3,D1_pwm200_grab5
22005,-3776,-3008,6884,CD,3,D1_pwm200_grab5
22009,928,-504,10784,CD,3,D1_pwm200_grab5
22014,4856,2088,9000,CD,3,D1_pwm200_grab5
22019,-124,2776,10328,CD,3,D1_pwm200_grab5
22024,-4292,-3168,8900,CD,3,D1_pwm200_grab5
22029,-308,-868,6984,CD,3,D1_pwm200_grab5
22035,2980,4744,9936,CD,3,D1_pwm200_grab5
22040,-128,-784,9408,CD,3,D1_pwm200_grab5
22044,1492,-2108,8516,CD,3,D1_pwm200_grab5
22050,3016,-836,8468,CD,3,D1_pwm200_grab5
22054,-1200,1532,11368,CD,3,D1_pwm200_grab5
22060,3172,1580,12280,CD,3,D1_pwm200_grab5
22064,-688,-1260,6368,CD,3,D1_pwm200_grab5
22070,-7648,-4028,8624,CD,3,D1_pwm200_grab5
22074,796,-480,9656,CD,3,D1_pwm200_grab5
22079,-3064,2284,10580,CD,3,D1_pwm200_grab5
22084,-6224,-2032,8260,CD,3,D1_pwm200_grab5
22089,-4412,-6160,9000,CD,3,D1_pwm200_grab5
22094,1136,412,8716,CD,3,D1_pwm200_grab5
22099,604,868,13528,CD,3,D1_pwm200_grab5
22104,2216,252,13332,CD,3,D1_pwm200_grab5
22109,1656,-2052,11804,CD,3,D1_pwm200_grab5
22115,-2752,-1984,7848,CD,3,D1_pwm200_grab5
22120,-932,988,9296,CD,3,D1_pwm200_grab5
22124,4832,40,11464,CD,3,D1_pwm200_grab5
22130,-312,-2292,10036,CD,3,D1_pwm200_grab5
22134,-2220,-2304,7468,CD,3,D1_pwm200_grab5
22139,3172,2560,12340,CD,3,D1_pwm200_grab5
22144,3812,5756,12176,CD,3,D1_pwm200_grab5
22150,-2332,-1168,8644,CD,3,D1_pwm200_grab5
22155,-1600,-2856,6836,CD,3,D1_pwm200_grab5
22160,8024,2892,10936,CD,3,D1_pwm200_grab5
22165,-960,2460,12504,CD,3,D1_pwm200_grab5
22170,-1796,-1684,10288,CD,3,D1_pwm200_grab5
22174,1356,136,10568,CD,3,D1_pwm200_grab5
22179,2880,3424,10860,CD,3,D1_pwm200_grab5
22184,956,2188,12288,CD,3,D1_pwm200_grab5
22194,-3932,-3104,10268,CD,3,D1_pwm200_grab5
22199,-3160,-3000,9696,CD,3,D1_pwm200_grab5
22205,6072,2112,12456,CD,3,D1_pwm200_grab5
22209,320,-308,8380,CD,3,D1_pwm200_grab5
22219,1568,192,10216,CD,3,D1_pwm200_grab5
22225,2204,2936,11792,CD,3,D1_pwm200_grab5
22231,-4124,-428,10012,CD,3,D1_pwm200_grab5
22235,-848,-4460,7672,CD,3,D1_pwm200_grab5
22241,2128,288,9120,CD,3,D1_pwm200_grab5
22245,3564,1872,13984,CD,3,D1_pwm200_grab5
22255,824,-2568,9528,CD,3,D1_pwm200_grab5
22260,4788,3760,10764,CD,3,D1_pwm200_grab5
22266,1288,2596,12388,CD,3,D1_pwm200_grab5
22272,-932,-5076,9192,CD,3,D1_pwm200_grab5
22276,-108,-2256,9164,CD,3,D1_pwm200_grab5
22286,2564,4132,11704,CD,3,D1_pwm200_grab5
22290,3868,2228,9676,CD,3,D1_pwm200_grab5
22301,372,-1244,9320,CD,3,D1_pwm200_grab5
22305,8364,4764,11072,CD,3,D1_pwm200_grab5
22311,-1728,-224,10112,CD,3,D1_pwm200_grab5
22315,220,-2856,8056,CD,3,D1_pwm200_grab5
