tiempo_ms,ax,ay,az,etiqueta,muestra_id,grabacion_id
3000,2684,902,8710,CD,0,D1_pwm175_grab1
3004,862,-2322,10082,CD,0,D1_pwm175_grab1
3009,-3512,1006,11178,CD,0,D1_pwm175_grab1
3014,-1468,1750,11388,CD,0,D1_pwm175_grab1
3020,846,-1682,11414,CD,0,D1_pwm175_grab1
3025,4262,-1976,7548,CD,0,D1_pwm175_grab1
3031,2690,800,7630,CD,0,D1_pwm175_grab1
3035,-592,-2638,11328,CD,0,D1_pwm175_grab1
3040,-3268,752,10536,CD,0,D1_pwm175_grab1
3045,-146,254,10702,CD,0,D1_pwm175_grab1
3050,-10516,-668,10370,CD,0,D1_pwm175_grab1
3056,4612,-1198,8856,CD,0,D1_pwm175_grab1
3060,2656,520,7384,CD,0,D1_pwm175_grab1
3065,-2650,-2952,12084,CD,0,D1_pwm175_grab1
3072,-2628,560,9804,CD,0,D1_pwm175_grab1
3076,-978,-824,9638,CD,0,D1_pwm175_grab1
3080,-3440,-126,11066,CD,0,D1_pwm175_grab1
3086,-5908,-2848,11364,CD,0,D1_pwm175_grab1
3091,1076,-2022,10434,CD,0,D1_pwm175_grab1
3096,9842,-592,10746,CD,0,D1_pwm175_grab1
3101,-2778,1932,11396,CD,0,D1_pwm175_grab1
3105,-192,-526,9620,CD,0,D1_pwm175_grab1
3110,-4724,212,10084,CD,0,D1_pwm175_grab1
3116,2074,1440,10026,CD,0,D1_pwm175_grab1
3120,548,-1306,11224,CD,0,D1_pwm175_grab1
3125,620,-1646,7136,CD,0,D1_pwm175_grab1
3130,198,1842,11822,CD,0,D1_pwm175_grab1
3135,-3090,-1488,9252,CD,0,D1_pwm175_grab1
3141,-1972,-736,10452,CD,0,D1_pwm175_grab1
3146,-248,726,11248,CD,0,D1_pwm175_grab1
3150,392,-1984,10526,CD,0,D1_pwm175_grab1
3155,2902,-1144,8730,CD,0,D1_pwm175_grab1
3166,2354,-184,9278,CD,0,D1_pwm175_grab1
3171,-2274,2676,11386,CD,0,D1_pwm175_grab1
3180,706,1768,14836,CD,0,D1_pwm175_grab1
3185,650,-4112,7162,CD,0,D1_pwm175_grab1
3190,-8484,-36,14120,CD,0,D1_pwm175_grab1
3196,2156,-298,8894,CD,0,D1_pwm175_grab1
3200,-1544,1694,12146,CD,0,D1_pwm175_grab1
3205,-940,-2388,13090,CD,0,D1_pwm175_grab1
3215,2422,1270,9308,CD,0,D1_pwm175_grab1
3225,1068,-198,9002,CD,0,D1_pwm175_grab1
3231,-1740,1912,11696,CD,0,D1_pwm175_grab1
3236,1662,-2592,11414,CD,0,D1_pwm175_grab1
3241,3902,-1548,7606,CD,0,D1_pwm175_grab1
3246,1392,678,10472,CD,0,D1_pwm175_grab1
3255,-452,2370,11356,CD,0,D1_pwm175_grab1
3260,-880,394,10714,CD,0,D1_pwm175_grab1
3276,1300,910,11082,CD,0,D1_pwm175_grab1
3286,-1554,2144,11276,CD,0,D1_pwm175_grab1
3291,-248,-768,9402,CD,0,D1_pwm175_grab1
3296,-4222,-22,11442,CD,0,D1_pwm175_grab1
3306,1894,1050,11224,CD,0,D1_pwm175_grab1
3317,-2626,1814,11372,CD,0,D1_pwm175_grab1
3322,-300,-760,9296,CD,0,D1_pwm175_grab1
3328,-4748,218,10718,CD,0,D1_pwm175_grab1
3332,1664,1508,9888,CD,0,D1_pwm175_grab1
3336,340,-1264,11502,CD,0,D1_pwm175_grab1
3342,6064,1358,9858,CD,0,D1_pwm175_grab1
3347,3690,3012,12640,CD,0,D1_pwm175_grab1
3351,-2352,-1344,9312,CD,0,D1_pwm175_grab1
3356,-2184,-534,10176,CD,0,D1_pwm175_grab1
3362,430,744,10810,CD,0,D1_pwm175_grab1
3367,444,-1750,11280,CD,0,D1_pwm175_grab1
3372,214,-4040,7292,CD,0,D1_pwm175_grab1
3381,-934,-964,9350,CD,0,D1_pwm175_grab1
3386,-608,1286,11576,CD,0,D1_pwm175_grab1
3396,666,2270,15050,CD,0,D1_pwm175_grab1
3402,680,-3962,7450,CD,0,D1_pwm175_grab1
3411,2174,-134,9302,CD,0,D1_pwm175_grab1
3416,-1762,1566,11816,CD,0,D1_pwm175_grab1
3426,2938,2498,14170,CD,0,D1_pwm175_grab1
3431,2624,-2336,8594,CD,0,D1_pwm175_grab1
3441,554,-26,8734,CD,0,D1_pwm175_grab1
3446,-1736,1820,12142,CD,0,D1_pwm175_grab1
3451,-698,-2776,12640,CD,0,D1_pwm175_grab1
3456,-2692,-5726,6628,CD,0,D1_pwm175_grab1
3462,2394,1214,9064,CD,0,D1_pwm175_grab1
3467,-322,-3126,9362,CD,0,D1_pwm175_grab1
3471,-3176,696,10758,CD,0,D1_pwm175_grab1
3476,-328,360,9930,CD,0,D1_pwm175_grab1
3487,-1116,-5820,5624,CD,0,D1_pwm175_grab1
3491,1614,538,10312,CD,0,D1_pwm175_grab1
3501,-500,2076,11246,CD,0,D1_pwm175_grab1
3506,-322,-892,9616,CD,0,D1_pwm175_grab1
3511,-3956,220,11048,CD,0,D1_pwm175_grab1
3517,-5562,-2866,11234,CD,0,D1_pwm175_grab1
3521,1140,-2494,10682,CD,0,D1_pwm175_grab1
3527,4294,1596,7950,CD,0,D1_pwm175_grab1
3531,3908,2302,12428,CD,0,D1_pwm175_grab1
3536,-2328,-1522,9138,CD,0,D1_pwm175_grab1
3542,-4492,142,11406,CD,0,D1_pwm175_grab1
3548,-5258,-3396,10996,CD,0,D1_pwm175_grab1
3553,1258,-2188,10584,CD,0,D1_pwm175_grab1
3558,4822,1462,8548,CD,0,D1_pwm175_grab1
3563,3860,2828,12630,CD,0,D1_pwm175_grab1
3568,-2186,-1476,9110,CD,0,D1_pwm175_grab1
3573,-1638,-332,10788,CD,0,D1_pwm175_grab1
3578,1304,1586,10102,CD,0,D1_pwm175_grab1
3582,988,-2128,10242,CD,0,D1_pwm175_grab1
3588,1662,-1182,8006,CD,0,D1_pwm175_grab1
3592,214,2172,11810,CD,0,D1_pwm175_grab1
3598,-728,-798,9658,CD,0,D1_pwm175_grab1
3602,-774,1516,11604,CD,0,D1_pwm175_grab1
3612,348,2596,15026,CD,0,D1_pwm175_grab1
3618,344,-3892,7506,CD,0,D1_pwm175_grab1
3623,1850,2372,11620,CD,0,D1_pwm175_grab1
3628,2112,-72,8990,CD,0,D1_pwm175_grab1
3632,-1986,2474,11850,CD,0,D1_pwm175_grab1
3642,3308,2130,13122,CD,0,D1_pwm175_grab1
3647,2618,-1818,8890,CD,0,D1_pwm175_grab1
3657,336,26,8572,CD,0,D1_pwm175_grab1
3662,-1948,2412,11636,CD,0,D1_pwm175_grab1
3672,3704,-2850,5432,CD,0,D1_pwm175_grab1
3678,2788,1466,8274,CD,0,D1_pwm175_grab1
3683,-8,-3232,8664,CD,0,D1_pwm175_grab1
3687,-3204,540,10774,CD,0,D1_pwm175_grab1
3693,310,470,9978,CD,0,D1_pwm175_grab1
3703,3930,-2174,6374,CD,0,D1_pwm175_grab1
3708,2350,1168,8456,CD,0,D1_pwm175_grab1
3718,-654,1820,11196,CD,0,D1_pwm175_grab1
3722,-832,-1160,9508,CD,0,D1_pwm175_grab1
3728,-3206,354,10700,CD,0,D1_pwm175_grab1
3733,-5712,-2128,12044,CD,0,D1_pwm175_grab1
3737,664,-3098,10220,CD,0,D1_pwm175_grab1
3748,-1156,1726,11048,CD,0,D1_pwm175_grab1
3752,-146,-886,9664,CD,0,D1_pwm175_grab1
3757,510,170,12058,CD,0,D1_pwm175_grab1
3763,4428,3242,8496,CD,0,D1_pwm175_grab1
3767,-138,-652,11816,CD,0,D1_pwm175_grab1
3772,-690,-1686,7028,CD,0,D1_pwm175_grab1
3778,-2430,1550,12774,CD,0,D1_pwm175_grab1
3783,-2448,-1526,9222,CD,0,D1_pwm175_grab1
3788,-330,-180,11456,CD,0,D1_pwm175_grab1
3793,2072,2318,9554,CD,0,D1_pwm175_grab1
3798,-42,-1282,10928,CD,0,D1_pwm175_grab1
3803,1106,-1378,7942,CD,0,D1_pwm175_grab1
3808,-714,2034,12262,CD,0,D1_pwm175_grab1
3814,-774,-734,9488,CD,0,D1_pwm175_grab1
3818,-866,1548,11794,CD,0,D1_pwm175_grab1
3824,206,1186,10714,CD,0,D1_pwm175_grab1
3829,136,-1902,10742,CD,0,D1_pwm175_grab1
3833,2856,-960,8964,CD,0,D1_pwm175_grab1
3838,882,2436,11740,CD,0,D1_pwm175_grab1
3844,2478,6,8988,CD,0,D1_pwm175_grab1
3848,-1818,2486,11502,CD,0,D1_pwm175_grab1
3859,3676,2310,12996,CD,0,D1_pwm175_grab1
3864,560,-3758,7750,CD,0,D1_pwm175_grab1
3873,1966,32,8872,CD,0,D1_pwm175_grab1
3879,-1708,2392,11670,CD,0,D1_pwm175_grab1
3884,-1450,-2356,12514,CD,0,D1_pwm175_grab1
3888,3550,-3048,5250,CD,0,D1_pwm175_grab1
3893,2964,1650,8356,CD,0,D1_pwm175_grab1
3899,894,-2790,8752,CD,0,D1_pwm175_grab1
3903,-3636,408,11014,CD,0,D1_pwm175_grab1
3909,-1656,1870,11750,CD,0,D1_pwm175_grab1
3914,-280,-2778,11556,CD,0,D1_pwm175_grab1
3918,4326,-2254,6464,CD,0,D1_pwm175_grab1
3923,2970,1534,7822,CD,0,D1_pwm175_grab1
3928,8902,-96,11082,CD,0,D1_pwm175_grab1
3934,-716,1990,11488,CD,0,D1_pwm175_grab1
3939,-1222,-1428,9496,CD,0,D1_pwm175_grab1
3943,-2670,218,11290,CD,0,D1_pwm175_grab1
3948,-1608,-6324,5342,CD,0,D1_pwm175_grab1
3954,1640,-122,10482,CD,0,D1_pwm175_grab1
3959,9714,-786,11212,CD,0,D1_pwm175_grab1
3963,-1624,1580,11064,CD,0,D1_pwm175_grab1
3968,-2376,-1686,9030,CD,0,D1_pwm175_grab1
3974,504,320,11832,CD,0,D1_pwm175_grab1
3978,5798,3568,8406,CD,0,D1_pwm175_grab1
3983,258,-84,12412,CD,0,D1_pwm175_grab1
3988,5508,1856,8742,CD,0,D1_pwm175_grab1
3994,4028,2376,12690,CD,0,D1_pwm175_grab1
3999,-2670,-1864,9072,CD,0,D1_pwm175_grab1
4003,156,46,11754,CD,0,D1_pwm175_grab1
4008,3744,3108,9172,CD,0,D1_pwm175_grab1
4013,1110,3778,15794,CD,0,D1_pwm175_grab1
4018,1042,-3878,7492,CD,0,D1_pwm175_grab1
4028,-52,-674,9398,CD,0,D1_pwm175_grab1
4033,-878,1770,11670,CD,0,D1_pwm175_grab1
4043,780,3546,15748,CD,0,D1_pwm175_grab1
4048,510,-3950,7056,CD,0,D1_pwm175_grab1
4060,2658,62,9248,CD,0,D1_pwm175_grab1
4065,-1812,2494,11006,CD,0,D1_pwm175_grab1
4074,620,3068,15490,CD,0,D1_pwm175_grab1
4079,178,-3764,7192,CD,0,D1_pwm175_grab1
4090,2468,112,9036,CD,0,D1_pwm175_grab1
4094,-1790,2332,11288,CD,0,D1_pwm175_grab1
4099,-3972,-2360,12712,CD,0,D1_pwm175_grab1
4104,1958,-4038,4140,CD,0,D1_pwm175_grab1
4109,2902,-1206,8070,CD,0,D1_pwm175_grab1
4114,-8784,-3258,11056,CD,0,D1_pwm175_grab1
4119,-286,60,8788,CD,0,D1_pwm175_grab1
4124,-1408,1792,11904,CD,0,D1_pwm175_grab1
4130,-2240,-2894,12786,CD,0,D1_pwm175_grab1
4134,2762,-3188,4854,CD,0,D1_pwm175_grab1
4140,268,-1474,10302,CD,0,D1_pwm175_grab1
4144,7642,486,11564,CD,0,D1_pwm175_grab1
4150,-3738,328,11026,CD,0,D1_pwm175_grab1
4155,-118,388,10124,CD,0,D1_pwm175_grab1
4160,-9102,-374,10104,CD,0,D1_pwm175_grab1
4164,-3126,-6042,6828,CD,0,D1_pwm175_grab1
4169,616,-1058,10616,CD,0,D1_pwm175_grab1
4175,8378,182,11352,CD,0,D1_pwm175_grab1
4180,-36,2016,11746,CD,0,D1_pwm175_grab1
4184,-1804,-1574,9056,CD,0,D1_pwm175_grab1
4189,-2724,40,11128,CD,0,D1_pwm175_grab1
4195,-4622,-1266,12154,CD,0,D1_pwm175_grab1
4199,590,-3178,10254,CD,0,D1_pwm175_grab1
4205,4556,1416,9002,CD,0,D1_pwm175_grab1
4209,4460,2464,12330,CD,0,D1_pwm175_grab1
4214,-2110,-1538,8992,CD,0,D1_pwm175_grab1
4219,644,672,11952,CD,0,D1_pwm175_grab1
4229,178,500,13182,CD,0,D1_pwm175_grab1
4234,-930,-2206,6682,CD,0,D1_pwm175_grab1
4239,-3806,1618,13026,CD,0,D1_pwm175_grab1
4244,716,-548,9216,CD,0,D1_pwm175_grab1
4249,-1206,1956,11336,CD,0,D1_pwm175_grab1
4259,1218,3814,15742,CD,0,D1_pwm175_grab1
4264,1182,-3712,7740,CD,0,D1_pwm175_grab1
4274,2260,156,9554,CD,0,D1_pwm175_grab1
4280,-2022,2188,11094,CD,0,D1_pwm175_grab1
4285,6730,-2736,8586,CD,0,D1_pwm175_grab1
4289,4138,428,11180,CD,0,D1_pwm175_grab1
4294,2414,216,8124,CD,0,D1_pwm175_grab1
4299,-4264,-3562,12336,CD,0,D1_pwm175_grab1
4304,-2060,364,8874,CD,0,D1_pwm175_grab1
4310,-1896,2340,10918,CD,0,D1_pwm175_grab1
4316,8280,-2400,7734,CD,0,D1_pwm175_grab1
4320,4124,1074,12078,CD,0,D1_pwm175_grab1
4325,2612,-266,7986,CD,0,D1_pwm175_grab1
4330,-5348,-3666,11914,CD,0,D1_pwm175_grab1
4335,-1754,196,8740,CD,0,D1_pwm175_grab1
4340,-1442,1274,12060,CD,0,D1_pwm175_grab1
4346,-5524,-1842,12592,CD,0,D1_pwm175_grab1
4350,4042,1770,12456,CD,0,D1_pwm175_grab1
4355,2708,1422,10380,CD,0,D1_pwm175_grab1
4361,4698,-1492,8946,CD,0,D1_pwm175_grab1
4366,-3206,1030,11380,CD,0,D1_pwm175_grab1
4371,-258,-76,9538,CD,0,D1_pwm175_grab1
4376,-6136,260,10392,CD,0,D1_pwm175_grab1
4381,-4480,-5496,8504,CD,0,D1_pwm175_grab1
4385,442,-1814,10124,CD,0,D1_pwm175_grab1
4390,2982,-1860,8464,CD,0,D1_pwm175_grab1
4395,2446,2444,12462,CD,0,D1_pwm175_grab1
4400,-1632,-1548,9208,CD,0,D1_pwm175_grab1
4406,-3156,-50,10090,CD,0,D1_pwm175_grab1
4410,-1836,-340,11624,CD,0,D1_pwm175_grab1
4415,398,-2822,10702,CD,0,D1_pwm175_grab1
4420,3584,22,9334,CD,0,D1_pwm175_grab1
4425,3012,2458,11582,CD,0,D1_pwm175_grab1
4431,-1806,-1574,9294,CD,0,D1_pwm175_grab1
4435,-3068,92,10868,CD,0,D1_pwm175_grab1
4445,370,1288,14382,CD,0,D1_pwm175_grab1
4450,888,-3344,8052,CD,0,D1_pwm175_grab1
4455,-6822,958,13626,CD,0,D1_pwm175_grab1
4460,1238,28,9356,CD,0,D1_pwm175_grab1
4465,-1540,2098,11294,CD,0,D1_pwm175_grab1
4475,334,744,13762,CD,0,D1_pwm175_grab1
4480,2058,-3010,8538,CD,0,D1_pwm175_grab1
4491,1348,320,9148,CD,0,D1_pwm175_grab1
4496,-1812,1940,11766,CD,0,D1_pwm175_grab1
4501,2452,-3488,9970,CD,0,D1_pwm175_grab1
4506,4090,-778,8196,CD,0,D1_pwm175_grab1
4511,2456,1100,8490,CD,0,D1_pwm175_grab1
4520,1562,262,9474,CD,0,D1_pwm175_grab1
4525,-1278,980,10928,CD,0,D1_pwm175_grab1
4540,1946,730,10066,CD,0,D1_pwm175_grab1
4551,-1160,1508,10712,CD,0,D1_pwm175_grab1
4556,-1488,1082,11436,CD,0,D1_pwm175_grab1
4571,1772,998,10566,CD,0,D1_pwm175_grab1
4581,-1594,1534,10872,CD,0,D1_pwm175_grab1
4586,-156,-602,9486,CD,0,D1_pwm175_grab1
4591,-4224,480,11138,CD,0,D1_pwm175_grab1
4602,2034,1174,10926,CD,0,D1_pwm175_grab1
4608,9472,-1114,10704,CD,0,D1_pwm175_grab1
4612,4062,2462,12512,CD,0,D1_pwm175_grab1
4616,-1976,-1826,9042,CD,0,D1_pwm175_grab1
4621,-1284,-110,10672,CD,0,D1_pwm175_grab1
4626,2798,2054,9716,CD,0,D1_pwm175_grab1
4632,244,-1804,11378,CD,0,D1_pwm175_grab1
4636,5520,1146,9658,CD,0,D1_pwm175_grab1
4641,3892,2560,12652,CD,0,D1_pwm175_grab1
4647,-2016,-1830,9146,CD,0,D1_pwm175_grab1
4652,-716,1376,11310,CD,0,D1_pwm175_grab1
4667,266,-3904,7602,CD,0,D1_pwm175_grab1
4677,-320,-1110,9408,CD,0,D1_pwm175_grab1
4682,-584,1194,11208,CD,0,D1_pwm175_grab1
4696,2668,-830,8842,CD,0,D1_pwm175_grab1
4702,-6482,-3738,11716,CD,0,D1_pwm175_grab1
4706,-920,528,8660,CD,0,D1_pwm175_grab1
4711,-1690,1574,12000,CD,0,D1_pwm175_grab1
4716,10318,-1242,7466,CD,0,D1_pwm175_grab1
4721,3584,2466,13658,CD,0,D1_pwm175_grab1
4726,2530,-1088,8846,CD,0,D1_pwm175_grab1
4731,-6820,-3566,11396,CD,0,D1_pwm175_grab1
4737,-2642,862,10830,CD,0,D1_pwm175_grab1
4742,268,322,9768,CD,0,D1_pwm175_grab1
4746,-6504,38,10178,CD,0,D1_pwm175_grab1
4751,-4358,-5984,7772,CD,0,D1_pwm175_grab1
4757,2616,1780,9844,CD,0,D1_pwm175_grab1
4761,2984,-2196,8752,CD,0,D1_pwm175_grab1
4766,-2746,944,10968,CD,0,D1_pwm175_grab1
4772,-146,270,9672,CD,0,D1_pwm175_grab1
4776,-6324,-36,10292,CD,0,D1_pwm175_grab1
4781,-1150,-450,11382,CD,0,D1_pwm175_grab1
4786,180,-3058,10290,CD,0,D1_pwm175_grab1
4792,3442,-378,9552,CD,0,D1_pwm175_grab1
4796,2792,2092,11846,CD,0,D1_pwm175_grab1
4801,-1902,-1494,9404,CD,0,D1_pwm175_grab1
4806,-3282,176,9920,CD,0,D1_pwm175_grab1
4812,-858,-858,11058,CD,0,D1_pwm175_grab1
4817,228,-3102,10548,CD,0,D1_pwm175_grab1
4823,2964,-422,9110,CD,0,D1_pwm175_grab1
4828,1750,2112,11466,CD,0,D1_pwm175_grab1
4833,-760,-1390,9464,CD,0,D1_pwm175_grab1
4838,-2996,348,10214,CD,0,D1_pwm175_grab1
4842,-346,-1032,10938,CD,0,D1_pwm175_grab1
4847,170,-3280,10260,CD,0,D1_pwm175_grab1
4853,2852,-464,8988,CD,0,D1_pwm175_grab1
4858,1870,2272,11492,CD,0,D1_pwm175_grab1
4862,-740,-1596,9334,CD,0,D1_pwm175_grab1
4867,-1596,1974,11308,CD,0,D1_pwm175_grab1
4877,944,1210,14552,CD,0,D1_pwm175_grab1
4883,522,-3740,8028,CD,0,D1_pwm175_grab1
4892,1680,380,9452,CD,0,D1_pwm175_grab1
4898,-1524,2024,11072,CD,0,D1_pwm175_grab1
4908,2196,-2352,5658,CD,0,D1_pwm175_grab1
4912,2840,2048,9370,CD,0,D1_pwm175_grab1
4917,-7842,-2956,11114,CD,0,D1_pwm175_grab1
4923,-824,630,8908,CD,0,D1_pwm175_grab1
4928,-1508,1744,12182,CD,0,D1_pwm175_grab1
4933,-2900,-3980,12178,CD,0,D1_pwm175_grab1
4938,1914,-2250,5756,CD,0,D1_pwm175_grab1
4942,2666,1880,10020,CD,0,D1_pwm175_grab1
4948,2910,-2294,8470,CD,0,D1_pwm175_grab1
4953,2572,1800,11564,CD,0,D1_pwm175_grab1
4957,-1996,-1458,9450,CD,0,D1_pwm175_grab1
4962,-5842,-484,9920,CD,0,D1_pwm175_grab1
4967,-3724,-6116,7734,CD,0,D1_pwm175_grab1
4972,722,-1334,9530,CD,0,D1_pwm175_grab1
4978,6086,662,11336,CD,0,D1_pwm175_grab1
4982,3130,1908,11758,CD,0,D1_pwm175_grab1
4987,-2026,-1498,9426,CD,0,D1_pwm175_grab1
4992,-630,870,11342,CD,0,D1_pwm175_grab1
5002,64,-3198,10428,CD,0,D1_pwm175_grab1
5007,2208,-634,8498,CD,0,D1_pwm175_grab1
5013,974,2198,11524,CD,0,D1_pwm175_grab1
5018,-392,-1544,9490,CD,0,D1_pwm175_grab1
5023,-554,888,11140,CD,0,D1_pwm175_grab1
5032,1302,1418,14462,CD,0,D1_pwm175_grab1
5037,2706,-1292,9012,CD,0,D1_pwm175_grab1
5047,1838,466,9520,CD,0,D1_pwm175_grab1
5053,-1712,1888,10994,CD,0,D1_pwm175_grab1
5057,9268,-300,7924,CD,0,D1_pwm175_grab1
5062,3792,2778,13672,CD,0,D1_pwm175_grab1
5067,2624,-1162,8972,CD,0,D1_pwm175_grab1
5072,-5864,-3624,11574,CD,0,D1_pwm175_grab1
5078,-1288,860,8950,CD,0,D1_pwm175_grab1
5083,-1476,2044,10758,CD,0,D1_pwm175_grab1
5088,8658,-542,7606,CD,0,D1_pwm175_grab1
5093,3906,2536,13510,CD,0,D1_pwm175_grab1
5099,2418,-904,8762,CD,0,D1_pwm175_grab1
5104,-4992,-3532,11398,CD,0,D1_pwm175_grab1
5108,-1890,792,9050,CD,0,D1_pwm175_grab1
5113,-1336,1554,11868,CD,0,D1_pwm175_grab1
5118,-5708,-3924,11544,CD,0,D1_pwm175_grab1
5123,366,-3236,5838,CD,0,D1_pwm175_grab1
5128,2458,1796,10670,CD,0,D1_pwm175_grab1
5133,7532,-1682,10006,CD,0,D1_pwm175_grab1
5138,-2392,1326,10896,CD,0,D1_pwm175_grab1
5144,-666,44,9532,CD,0,D1_pwm175_grab1
5149,-4086,36,10204,CD,0,D1_pwm175_grab1
5158,356,-2260,9520,CD,0,D1_pwm175_grab1
5163,5228,1384,10076,CD,0,D1_pwm175_grab1
5169,4048,1788,12154,CD,0,D1_pwm175_grab1
5173,-2098,-1830,9346,CD,0,D1_pwm175_grab1
5179,-1214,548,11070,CD,0,D1_pwm175_grab1
5183,4598,1084,10014,CD,0,D1_pwm175_grab1
5189,74,-2588,10802,CD,0,D1_pwm175_grab1
5194,-1246,-1406,7006,CD,0,D1_pwm175_grab1
5198,-2216,1650,12386,CD,0,D1_pwm175_grab1
5203,-2256,-2060,9234,CD,0,D1_pwm175_grab1
5208,-764,1186,10938,CD,0,D1_pwm175_grab1
5224,1032,-4186,7704,CD,0,D1_pwm175_grab1
5234,1672,618,9728,CD,0,D1_pwm175_grab1
5239,-1326,1854,11028,CD,0,D1_pwm175_grab1
5248,3562,1386,11376,CD,0,D1_pwm175_grab1
5254,2502,430,8578,CD,0,D1_pwm175_grab1
5258,-1238,-3294,11602,CD,0,D1_pwm175_grab1
5263,-3050,1126,9814,CD,0,D1_pwm175_grab1
5268,-1182,1290,11250,CD,0,D1_pwm175_grab1
5283,2752,922,8360,CD,0,D1_pwm175_grab1
5288,-226,-3304,10794,CD,0,D1_pwm175_grab1
5293,-310,1538,10596,CD,0,D1_pwm175_grab1
5298,-1300,-638,9496,CD,0,D1_pwm175_grab1
5303,-2946,466,11810,CD,0,D1_pwm175_grab1
5309,-2646,-4232,9496,CD,0,D1_pwm175_grab1
5314,98,-3278,9464,CD,0,D1_pwm175_grab1
5318,3382,1490,9734,CD,0,D1_pwm175_grab1
5324,66,1408,10728,CD,0,D1_pwm175_grab1
5328,-1856,-910,9522,CD,0,D1_pwm175_grab1
5334,-2550,650,11494,CD,0,D1_pwm175_grab1
5340,-2414,-3612,9632,CD,0,D1_pwm175_grab1
5344,-284,-3466,9262,CD,0,D1_pwm175_grab1
5350,4026,1224,10648,CD,0,D1_pwm175_grab1
5354,3160,1506,11508,CD,0,D1_pwm175_grab1
5359,-1614,-1918,9216,CD,0,D1_pwm175_grab1
5364,-2690,916,10714,CD,0,D1_pwm175_grab1
5370,-1752,-2950,9884,CD,0,D1_pwm175_grab1
5374,-350,-3708,9368,CD,0,D1_pwm175_grab1
5379,286,-3486,7924,CD,0,D1_pwm175_grab1
5389,1844,-286,8898,CD,0,D1_pwm175_grab1
5394,-1200,1600,10790,CD,0,D1_pwm175_grab1
5404,928,158,13746,CD,0,D1_pwm175_grab1
5410,180,-3522,7714,CD,0,D1_pwm175_grab1
5419,-958,852,9318,CD,0,D1_pwm175_grab1
5424,-850,1578,11722,CD,0,D1_pwm175_grab1
5429,-4186,-4652,11846,CD,0,D1_pwm175_grab1
5434,126,-2156,6952,CD,0,D1_pwm175_grab1
5440,3132,2128,10194,CD,0,D1_pwm175_grab1
5444,-6180,-3394,11318,CD,0,D1_pwm175_grab1
5450,-1344,872,9036,CD,0,D1_pwm175_grab1
5455,-936,1652,11402,CD,0,D1_pwm175_grab1
5460,-6318,-4754,11798,CD,0,D1_pwm175_grab1
5464,-5314,-6052,8166,CD,0,D1_pwm175_grab1
5470,-8,-1642,9534,CD,0,D1_pwm175_grab1
5474,5806,1930,10160,CD,0,D1_pwm175_grab1
5479,3622,1326,12248,CD,0,D1_pwm175_grab1
5484,-336,256,9942,CD,0,D1_pwm175_grab1
5489,-3912,-66,10180,CD,0,D1_pwm175_grab1
5494,-5034,-5694,8474,CD,0,D1_pwm175_grab1
5499,302,-2126,9528,CD,0,D1_pwm175_grab1
5504,-1186,-1186,7790,CD,0,D1_pwm175_grab1
5510,-3722,1168,12794,CD,0,D1_pwm175_grab1
5514,896,-1068,9144,CD,0,D1_pwm175_grab1
5519,-1078,1190,10892,CD,0,D1_pwm175_grab1
5524,7434,2694,9106,CD,0,D1_pwm175_grab1
5530,-276,-2342,11178,CD,0,D1_pwm175_grab1
5534,-172,-1876,8350,CD,0,D1_pwm175_grab1
5539,-5878,1014,13386,CD,0,D1_pwm175_grab1
5545,1512,-806,8940,CD,0,D1_pwm175_grab1
5550,-910,1684,11134,CD,0,D1_pwm175_grab1
5554,-174,-3308,8924,CD,0,D1_pwm175_grab1
5559,2760,254,9414,CD,0,D1_pwm175_grab1
5564,3336,1526,8842,CD,0,D1_pwm175_grab1
5574,624,780,9284,CD,0,D1_pwm175_grab1
5580,-1048,1596,11676,CD,0,D1_pwm175_grab1
5584,-2196,-4124,10510,CD,0,D1_pwm175_grab1
5590,1838,-408,8194,CD,0,D1_pwm175_grab1
5596,3394,1982,9144,CD,0,D1_pwm175_grab1
5601,2174,-3034,8170,CD,0,D1_pwm175_grab1
5605,-2934,1146,11000,CD,0,D1_pwm175_grab1
5610,-1052,1562,11938,CD,0,D1_pwm175_grab1
5615,-3762,-4306,11534,CD,0,D1_pwm175_grab1
5620,956,-1384,7530,CD,0,D1_pwm175_grab1
5625,2972,2208,10300,CD,0,D1_pwm175_grab1
5630,5008,-2564,9144,CD,0,D1_pwm175_grab1
5635,2772,1124,11164,CD,0,D1_pwm175_grab1
5640,-2160,-1374,9496,CD,0,D1_pwm175_grab1
5645,-1532,644,10836,CD,0,D1_pwm175_grab1
5650,-4696,-5454,8534,CD,0,D1_pwm175_grab1
5656,860,-1014,9204,CD,0,D1_pwm175_grab1
5661,4784,1802,10202,CD,0,D1_pwm175_grab1
5666,4062,1380,11458,CD,0,D1_pwm175_grab1
5671,-2336,-1606,9242,CD,0,D1_pwm175_grab1
5676,-1220,964,11070,CD,0,D1_pwm175_grab1
5685,2412,1574,13478,CD,0,D1_pwm175_grab1
5691,-1068,-1196,7918,CD,0,D1_pwm175_grab1
5695,-3458,1302,12758,CD,0,D1_pwm175_grab1
5701,896,-908,9372,CD,0,D1_pwm175_grab1
5706,-1172,1052,10762,CD,0,D1_pwm175_grab1
5715,3268,2104,13650,CD,0,D1_pwm175_grab1
5720,2982,712,8930,CD,0,D1_pwm175_grab1
5725,-648,-3772,9720,CD,0,D1_pwm175_grab1
5730,1296,854,9626,CD,0,D1_pwm175_grab1
5735,-982,1590,11588,CD,0,D1_pwm175_grab1
5740,-528,-2554,10054,CD,0,D1_pwm175_grab1
5746,2494,402,9106,CD,0,D1_pwm175_grab1
5751,3020,1226,9848,CD,0,D1_pwm175_grab1
5755,1348,-3512,8212,CD,0,D1_pwm175_grab1
5761,1492,1160,10648,CD,0,D1_pwm175_grab1
5765,-1926,-758,9556,CD,0,D1_pwm175_grab1
5771,-4784,-2348,8732,CD,0,D1_pwm175_grab1
5780,880,328,9524,CD,0,D1_pwm175_grab1
5785,6520,1018,11752,CD,0,D1_pwm175_grab1
5790,3032,1278,11128,CD,0,D1_pwm175_grab1
5795,-2232,-1120,9446,CD,0,D1_pwm175_grab1
5800,-2466,474,10506,CD,0,D1_pwm175_grab1
5811,-848,-3274,9986,CD,0,D1_pwm175_grab1
5815,60,134,8096,CD,0,D1_pwm175_grab1
5820,56,1776,11774,CD,0,D1_pwm175_grab1
5825,-302,-1500,9480,CD,0,D1_pwm175_grab1
5831,-936,948,10870,CD,0,D1_pwm175_grab1
5840,2278,800,13912,CD,0,D1_pwm175_grab1
5852,-2196,1422,12574,CD,0,D1_pwm175_grab1
5857,326,-1284,9180,CD,0,D1_pwm175_grab1
5862,-1202,994,10706,CD,0,D1_pwm175_grab1
5871,3004,1478,13354,CD,0,D1_pwm175_grab1
5876,1278,-4444,7592,CD,0,D1_pwm175_grab1
5886,1784,776,9760,CD,0,D1_pwm175_grab1
5891,-794,1680,11040,CD,0,D1_pwm175_grab1
5897,-50,-1474,9662,CD,0,D1_pwm175_grab1
5901,3020,372,9708,CD,0,D1_pwm175_grab1
5907,3364,976,8890,CD,0,D1_pwm175_grab1
5911,1060,-3640,8484,CD,0,D1_pwm175_grab1
5917,-3914,1000,10972,CD,0,D1_pwm175_grab1
5921,92,1052,10278,CD,0,D1_pwm175_grab1
5926,-6052,-2752,7592,CD,0,D1_pwm175_grab1
5936,712,622,10296,CD,0,D1_pwm175_grab1
5941,7046,1218,11162,CD,0,D1_pwm175_grab1
5946,1716,1108,11440,CD,0,D1_pwm175_grab1
5951,-2532,-1378,9510,CD,0,D1_pwm175_grab1
5957,-1806,84,10786,CD,0,D1_pwm175_grab1
5961,2364,-2310,8702,CD,0,D1_pwm175_grab1
5967,-1348,-3332,9254,CD,0,D1_pwm175_grab1
5971,5986,2114,10662,CD,0,D1_pwm175_grab1
5976,370,1778,11828,CD,0,D1_pwm175_grab1
5982,-378,-1598,9392,CD,0,D1_pwm175_grab1
5986,-1106,1002,11072,CD,0,D1_pwm175_grab1
5996,1920,298,13240,CD,0,D1_pwm175_grab1
6002,-106,-4500,7338,CD,0,D1_pwm175_grab1
6012,434,-1214,9222,CD,0,D1_pwm175_grab1
6017,-1234,1516,10786,CD,0,D1_pwm175_grab1
6021,1494,104,8838,CD,0,D1_pwm175_grab1
6027,4256,872,10614,CD,0,D1_pwm175_grab1
6031,3132,228,8366,CD,0,D1_pwm175_grab1
6037,-1476,-3976,9970,CD,0,D1_pwm175_grab1
6041,-3282,1082,10570,CD,0,D1_pwm175_grab1
6047,-12,1356,10618,CD,0,D1_pwm175_grab1
6051,-752,-964,10312,CD,0,D1_pwm175_grab1
6056,3056,346,9402,CD,0,D1_pwm175_grab1
6062,1608,1714,10642,CD,0,D1_pwm175_grab1
6067,7422,154,10536,CD,0,D1_pwm175_grab1
6072,-92,766,10494,CD,0,D1_pwm175_grab1
6076,-1718,-904,9752,CD,0,D1_pwm175_grab1
6082,-2332,-300,10088,CD,0,D1_pwm175_grab1
6086,-516,-3390,8900,CD,0,D1_pwm175_grab1
6092,1536,1266,10014,CD,0,D1_pwm175_grab1
6096,6256,1074,11264,CD,0,D1_pwm175_grab1
6103,2200,990,11072,CD,0,D1_pwm175_grab1
6108,-2034,-1094,9512,CD,0,D1_pwm175_grab1
6113,-2232,-28,9920,CD,0,D1_pwm175_grab1
6117,2848,-2228,8690,CD,0,D1_pwm175_grab1
6123,-1300,-2912,9930,CD,0,D1_pwm175_grab1
6127,840,636,9050,CD,0,D1_pwm175_grab1
6133,3902,1298,11466,CD,0,D1_pwm175_grab1
6138,-2436,-1372,9320,CD,0,D1_pwm175_grab1
6144,-1088,-52,10856,CD,0,D1_pwm175_grab1
6168,2786,778,9648,CD,0,D1_pwm175_grab1
6172,-1116,1036,10508,CD,0,D1_pwm175_grab1
6183,3454,1114,13232,CD,0,D1_pwm175_grab1
6188,3018,164,9176,CD,0,D1_pwm175_grab1
6193,-818,-4056,9462,CD,0,D1_pwm175_grab1
6197,-3170,1198,10554,CD,0,D1_pwm175_grab1
6203,-442,1256,10538,CD,0,D1_pwm175_grab1
6207,-5776,-3004,8714,CD,0,D1_pwm175_grab1
6212,-4534,-3884,9002,CD,0,D1_pwm175_grab1
6217,3354,1060,9810,CD,0,D1_pwm175_grab1
6222,2100,-3460,7784,CD,0,D1_pwm175_grab1
6227,-3924,1234,11128,CD,0,D1_pwm175_grab1
6233,-1912,-772,9456,CD,0,D1_pwm175_grab1
6237,-2410,-324,10040,CD,0,D1_pwm175_grab1
6243,2520,-2148,8984,CD,0,D1_pwm175_grab1
6247,-1302,-2814,10016,CD,0,D1_pwm175_grab1
6253,578,696,8606,CD,0,D1_pwm175_grab1
6258,3466,1244,11624,CD,0,D1_pwm175_grab1
6262,-2492,-1554,9276,CD,0,D1_pwm175_grab1
6268,-706,-162,11160,CD,0,D1_pwm175_grab1
6278,2318,360,13588,CD,0,D1_pwm175_grab1
6282,-94,-4640,7666,CD,0,D1_pwm175_grab1
6287,-12694,-526,13400,CD,0,D1_pwm175_grab1
6293,2616,882,9732,CD,0,D1_pwm175_grab1
6298,-1188,898,10408,CD,0,D1_pwm175_grab1
6307,3656,1192,12662,CD,0,D1_pwm175_grab1
6313,1472,-4298,7792,CD,0,D1_pwm175_grab1
6318,642,-3774,8750,CD,0,D1_pwm175_grab1
6322,-3532,1238,10958,CD,0,D1_pwm175_grab1
6327,-202,1114,10438,CD,0,D1_pwm175_grab1
6332,-5082,-2214,8186,CD,0,D1_pwm175_grab1
6338,1250,-752,8398,CD,0,D1_pwm175_grab1
6342,3680,1528,9724,CD,0,D1_pwm175_grab1
6348,4318,-2926,8612,CD,0,D1_pwm175_grab1
6352,-4112,946,11012,CD,0,D1_pwm175_grab1
6358,352,594,9864,CD,0,D1_pwm175_grab1
6363,-3742,-1792,8750,CD,0,D1_pwm175_grab1
6369,-6374,-4598,9444,CD,0,D1_pwm175_grab1
6374,206,-412,9670,CD,0,D1_pwm175_grab1
6379,9334,-1982,10616,CD,0,D1_pwm175_grab1
6383,-2796,918,10546,CD,0,D1_pwm175_grab1
6388,82,80,9672,CD,0,D1_pwm175_grab1
6394,-3144,-1582,9760,CD,0,D1_pwm175_grab1
6400,-4736,-4094,9282,CD,0,D1_pwm175_grab1
6403,-1232,-2828,10730,CD,0,D1_pwm175_grab1
6408,-86,-1388,9520,CD,0,D1_pwm175_grab1
6413,-5560,1200,13440,CD,0,D1_pwm175_grab1
6418,-2108,-1934,9488,CD,0,D1_pwm175_grab1
6423,-910,524,11532,CD,0,D1_pwm175_grab1
6433,128,-1610,12446,CD,0,D1_pwm175_grab1
6438,64,-3110,9076,CD,0,D1_pwm175_grab1
6444,-9438,-3020,11132,CD,0,D1_pwm175_grab1
6449,-130,1022,9192,CD,0,D1_pwm175_grab1
6454,-868,1692,11528,CD,0,D1_pwm175_grab1
6458,6904,2356,9324,CD,0,D1_pwm175_grab1
6463,5202,1480,11758,CD,0,D1_pwm175_grab1
6469,2368,-1810,8644,CD,0,D1_pwm175_grab1
6474,-5592,-3796,11272,CD,0,D1_pwm175_grab1
6478,-1626,1144,9292,CD,0,D1_pwm175_grab1
6483,-936,1748,11542,CD,0,D1_pwm175_grab1
6489,-3212,-1812,9762,CD,0,D1_pwm175_grab1
6494,-5132,-4154,9176,CD,0,D1_pwm175_grab1
6499,2622,2330,10792,CD,0,D1_pwm175_grab1
6508,-586,1072,10142,CD,0,D1_pwm175_grab1
6514,-900,-442,9358,CD,0,D1_pwm175_grab1
6519,-2590,-1246,10002,CD,0,D1_pwm175_grab1
6523,-1146,-2956,9556,CD,0,D1_pwm175_grab1
6528,-94,-1658,12358,CD,0,D1_pwm175_grab1
6534,184,-3054,9100,CD,0,D1_pwm175_grab1
6539,2660,1792,10770,CD,0,D1_pwm175_grab1
6543,-1232,-1598,9494,CD,0,D1_pwm175_grab1
6548,-884,646,10816,CD,0,D1_pwm175_grab1
6559,1430,-348,13730,CD,0,D1_pwm175_grab1
6563,-662,-4354,7898,CD,0,D1_pwm175_grab1
6569,-12018,-258,13694,CD,0,D1_pwm175_grab1
6574,-1490,1100,9196,CD,0,D1_pwm175_grab1
6578,-1330,1612,10772,CD,0,D1_pwm175_grab1
6584,2818,1018,9268,CD,0,D1_pwm175_grab1
6589,4596,710,10872,CD,0,D1_pwm175_grab1
6594,2820,-232,8766,CD,0,D1_pwm175_grab1
6598,-698,-4040,10044,CD,0,D1_pwm175_grab1
6603,-3146,1030,10260,CD,0,D1_pwm175_grab1
6608,-380,1376,10672,CD,0,D1_pwm175_grab1
6614,-6082,-2348,8148,CD,0,D1_pwm175_grab1
6619,2258,-468,8918,CD,0,D1_pwm175_grab1
6624,3576,1432,9364,CD,0,D1_pwm175_grab1
6630,2698,-3132,8292,CD,0,D1_pwm175_grab1
6635,-3884,716,10870,CD,0,D1_pwm175_grab1
6640,472,700,9890,CD,0,D1_pwm175_grab1
6644,-4422,-1982,8420,CD,0,D1_pwm175_grab1
6650,-6560,-4440,9452,CD,0,D1_pwm175_grab1
6654,332,-316,9622,CD,0,D1_pwm175_grab1
6660,6168,2764,10730,CD,0,D1_pwm175_grab1
6665,3078,1158,12012,CD,0,D1_pwm175_grab1
6669,-2230,-1998,9348,CD,0,D1_pwm175_grab1
6675,24,-44,11610,CD,0,D1_pwm175_grab1
6679,8346,468,7866,CD,0,D1_pwm175_grab1
6684,-1438,-2556,10662,CD,0,D1_pwm175_grab1
6690,82,-1458,9518,CD,0,D1_pwm175_grab1
6695,-5508,1240,13302,CD,0,D1_pwm175_grab1
6699,1528,-330,8998,CD,0,D1_pwm175_grab1
6705,-1122,1228,10678,CD,0,D1_pwm175_grab1
6709,10904,2784,9088,CD,0,D1_pwm175_grab1
6714,4650,1568,11776,CD,0,D1_pwm175_grab1
6719,1676,-3148,8634,CD,0,D1_pwm175_grab1
6725,-8632,-3676,11196,CD,0,D1_pwm175_grab1
6729,-352,928,9100,CD,0,D1_pwm175_grab1
6735,-1086,1758,11606,CD,0,D1_pwm175_grab1
6740,5786,2076,8976,CD,0,D1_pwm175_grab1
6744,-1008,-2166,7914,CD,0,D1_pwm175_grab1
6749,3472,2582,10622,CD,0,D1_pwm175_grab1
6754,9574,-1762,10880,CD,0,D1_pwm175_grab1
6759,-2074,848,10272,CD,0,D1_pwm175_grab1
6765,-14,-94,9488,CD,0,D1_pwm175_grab1
6770,-2900,-1678,9788,CD,0,D1_pwm175_grab1
6774,-3790,-3536,9324,CD,0,D1_pwm175_grab1
6780,1774,1854,10590,CD,0,D1_pwm175_grab1
6785,3630,2912,11156,CD,0,D1_pwm175_grab1
6790,3180,1444,10828,CD,0,D1_pwm175_grab1
6794,-1594,-1864,9574,CD,0,D1_pwm175_grab1
6799,-870,572,11126,CD,0,D1_pwm175_grab1
6809,796,-766,13312,CD,0,D1_pwm175_grab1
6815,-594,-4024,8202,CD,0,D1_pwm175_grab1
6820,-11252,22,13896,CD,0,D1_pwm175_grab1
6824,-446,-1150,9484,CD,0,D1_pwm175_grab1
6829,-1440,1484,10936,CD,0,D1_pwm175_grab1
6834,3354,1322,9300,CD,0,D1_pwm175_grab1
6840,4740,748,10868,CD,0,D1_pwm175_grab1
6845,2824,-362,8908,CD,0,D1_pwm175_grab1
6850,-1260,-3970,10058,CD,0,D1_pwm175_grab1
6855,-2782,970,10048,CD,0,D1_pwm175_grab1
6859,-596,1570,10688,CD,0,D1_pwm175_grab1
6864,-1666,-578,11822,CD,0,D1_pwm175_grab1
6871,2072,-520,8794,CD,0,D1_pwm175_grab1
6875,3464,1494,9658,CD,0,D1_pwm175_grab1
6880,3426,-2960,8470,CD,0,D1_pwm175_grab1
6885,-3766,804,10712,CD,0,D1_pwm175_grab1
6891,320,808,9964,CD,0,D1_pwm175_grab1
6896,-3410,-1852,8924,CD,0,D1_pwm175_grab1
6900,-6200,-4240,9790,CD,0,D1_pwm175_grab1
6905,3464,2628,10926,CD,0,D1_pwm175_grab1
6910,9398,-1830,10858,CD,0,D1_pwm175_grab1
6915,3470,1224,11840,CD,0,D1_pwm175_grab1
6920,-2128,-2054,9250,CD,0,D1_pwm175_grab1
6925,-530,134,11330,CD,0,D1_pwm175_grab1
6936,-950,-2070,11600,CD,0,D1_pwm175_grab1
6940,250,-2508,9322,CD,0,D1_pwm175_grab1
6945,2830,1610,10976,CD,0,D1_pwm175_grab1
6950,-1396,-1818,9590,CD,0,D1_pwm175_grab1
6955,-1212,1310,10530,CD,0,D1_pwm175_grab1
6960,7354,2032,8868,CD,0,D1_pwm175_grab1
6965,5078,1396,11506,CD,0,D1_pwm175_grab1
6971,1930,-2180,8454,CD,0,D1_pwm175_grab1
6975,-5716,-4030,10864,CD,0,D1_pwm175_grab1
6980,-1394,894,9222,CD,0,D1_pwm175_grab1
6985,-1294,1494,11084,CD,0,D1_pwm175_grab1
6991,1684,614,10048,CD,0,D1_pwm175_grab1
6995,4264,382,10214,CD,0,D1_pwm175_grab1
7000,2612,2418,10844,CD,0,D1_pwm175_grab1
7005,7534,-402,10730,CD,0,D1_pwm175_grab1
7011,-266,918,10386,CD,0,D1_pwm175_grab1
7016,-880,-960,9320,CD,0,D1_pwm175_grab1
7020,-2206,-768,9194,CD,0,D1_pwm175_grab1
7026,-5402,-3868,9818,CD,0,D1_pwm175_grab1
7031,1140,670,9614,CD,0,D1_pwm175_grab1
7035,5780,2020,11500,CD,0,D1_pwm175_grab1
7040,654,2026,11318,CD,0,D1_pwm175_grab1
7046,-552,-1278,9698,CD,0,D1_pwm175_grab1
7051,-946,918,10868,CD,0,D1_pwm175_grab1
7061,2306,598,13404,CD,0,D1_pwm175_grab1
7066,-342,-904,9152,CD,0,D1_pwm175_grab1
7070,-4630,1510,12742,CD,0,D1_pwm175_grab1
7076,1194,-150,9376,CD,0,D1_pwm175_grab1
7081,-808,864,10480,CD,0,D1_pwm175_grab1
7085,-2502,-486,12328,CD,0,D1_pwm175_grab1
7091,1862,-732,8578,CD,0,D1_pwm175_grab1
7095,3228,1584,10448,CD,0,D1_pwm175_grab1
7101,4120,-2750,8808,CD,0,D1_pwm175_grab1
7105,-788,988,9328,CD,0,D1_pwm175_grab1
7111,-872,1602,11662,CD,0,D1_pwm175_grab1
7115,-7856,-1940,11336,CD,0,D1_pwm175_grab1
7120,-2150,-2690,8182,CD,0,D1_pwm175_grab1
7126,3106,2314,11342,CD,0,D1_pwm175_grab1
7136,-1658,838,10108,CD,0,D1_pwm175_grab1
7142,-866,-674,9420,CD,0,D1_pwm175_grab1
7146,-6420,-2100,8828,CD,0,D1_pwm175_grab1
7151,-5148,-3764,8902,CD,0,D1_pwm175_grab1
7156,1616,1476,10384,CD,0,D1_pwm175_grab1
7162,5942,1598,10916,CD,0,D1_pwm175_grab1
7166,1566,918,11220,CD,0,D1_pwm175_grab1
7171,-672,-1562,9352,CD,0,D1_pwm175_grab1
7177,-986,722,11020,CD,0,D1_pwm175_grab1
7186,-1778,-2792,9992,CD,0,D1_pwm175_grab1
7192,-290,-148,9324,CD,0,D1_pwm175_grab1
7196,-3956,1610,12646,CD,0,D1_pwm175_grab1
7201,898,-264,9296,CD,0,D1_pwm175_grab1
7206,-990,872,10752,CD,0,D1_pwm175_grab1
7211,-2558,-706,11646,CD,0,D1_pwm175_grab1
7217,2354,-640,8788,CD,0,D1_pwm175_grab1
7222,3506,1458,9364,CD,0,D1_pwm175_grab1
7226,-7478,-3700,11642,CD,0,D1_pwm175_grab1
7232,-408,1016,9194,CD,0,D1_pwm175_grab1
7236,-1232,1780,11834,CD,0,D1_pwm175_grab1
7241,-8110,-1772,11424,CD,0,D1_pwm175_grab1
7247,-1604,-2550,8562,CD,0,D1_pwm175_grab1
7252,2580,2448,11220,CD,0,D1_pwm175_grab1
7256,3702,3312,10774,CD,0,D1_pwm175_grab1
7261,3334,1002,11148,CD,0,D1_pwm175_grab1
7266,-1040,-556,9266,CD,0,D1_pwm175_grab1
7272,-2132,-1108,9912,CD,0,D1_pwm175_grab1
7276,92,-2070,10154,CD,0,D1_pwm175_grab1
7281,-1442,-2662,9218,CD,0,D1_pwm175_grab1
7287,1444,1680,9474,CD,0,D1_pwm175_grab1
7291,1084,1960,11250,CD,0,D1_pwm175_grab1
7296,2110,808,9708,CD,0,D1_pwm175_grab1
7301,-1130,1206,10634,CD,0,D1_pwm175_grab1
7307,3402,928,8870,CD,0,D1_pwm175_grab1
7311,2116,704,13046,CD,0,D1_pwm175_grab1
7316,564,-4872,7832,CD,0,D1_pwm175_grab1
7327,1404,950,10110,CD,0,D1_pwm175_grab1
7332,-666,1406,11530,CD,0,D1_pwm175_grab1
7336,-3416,-994,12458,CD,0,D1_pwm175_grab1
7341,-5642,-3838,9956,CD,0,D1_pwm175_grab1
7347,718,606,10028,CD,0,D1_pwm175_grab1
7351,7034,-2580,10264,CD,0,D1_pwm175_grab1
7356,-3044,680,10250,CD,0,D1_pwm175_grab1
7362,-142,460,9748,CD,0,D1_pwm175_grab1
7367,-2586,-1406,9670,CD,0,D1_pwm175_grab1
7371,-5096,-3512,9928,CD,0,D1_pwm175_grab1
7377,-462,-1518,9566,CD,0,D1_pwm175_grab1
7382,4298,3346,11998,CD,0,D1_pwm175_grab1
7387,2718,1378,10946,CD,0,D1_pwm175_grab1
7393,-860,-922,9258,CD,0,D1_pwm175_grab1
7397,-1748,-910,9336,CD,0,D1_pwm175_grab1
7402,2166,-1532,10206,CD,0,D1_pwm175_grab1
7407,-1750,-2732,9794,CD,0,D1_pwm175_grab1
7412,-96,1220,8556,CD,0,D1_pwm175_grab1
7417,-996,1738,11538,CD,0,D1_pwm175_grab1
7422,434,-824,9630,CD,0,D1_pwm175_grab1
7427,-1006,1262,11138,CD,0,D1_pwm175_grab1
7438,3052,1192,13214,CD,0,D1_pwm175_grab1
7443,924,-4602,8056,CD,0,D1_pwm175_grab1
7453,312,898,9618,CD,0,D1_pwm175_grab1
7458,-1046,1478,11794,CD,0,D1_pwm175_grab1
7462,-6304,-1306,12286,CD,0,D1_pwm175_grab1
7467,-5482,-3616,9924,CD,0,D1_pwm175_grab1
7472,3306,2146,11354,CD,0,D1_pwm175_grab1
7482,-1882,1094,10214,CD,0,D1_pwm175_grab1
7488,-788,-192,9532,CD,0,D1_pwm175_grab1
7493,-1926,-1236,10266,CD,0,D1_pwm175_grab1
7497,-2318,-2684,10106,CD,0,D1_pwm175_grab1
7502,-1256,-2222,9046,CD,0,D1_pwm175_grab1
7508,3628,2218,11402,CD,0,D1_pwm175_grab1
7512,1880,1836,10768,CD,0,D1_pwm175_grab1
7518,-438,-1542,9088,CD,0,D1_pwm175_grab1
7523,-834,546,10780,CD,0,D1_pwm175_grab1
7532,1408,248,13046,CD,0,D1_pwm175_grab1
7538,-102,-4744,7802,CD,0,D1_pwm175_grab1
7548,1730,816,10010,CD,0,D1_pwm175_grab1
7552,-872,1160,11166,CD,0,D1_pwm175_grab1
7558,-2824,-864,11722,CD,0,D1_pwm175_grab1
7562,1852,-928,8512,CD,0,D1_pwm175_grab1
7567,3654,1564,9524,CD,0,D1_pwm175_grab1
7572,5464,-3080,9820,CD,0,D1_pwm175_grab1
7578,-2726,760,10246,CD,0,D1_pwm175_grab1
7582,206,740,9902,CD,0,D1_pwm175_grab1
7587,-3082,-1496,9920,CD,0,D1_pwm175_grab1
7593,-2290,-2932,8570,CD,0,D1_pwm175_grab1
7597,-78,-1128,9828,CD,0,D1_pwm175_grab1
7603,3648,3398,11392,CD,0,D1_pwm175_grab1
7607,2784,1066,10730,CD,0,D1_pwm175_grab1
7612,-734,-1940,9464,CD,0,D1_pwm175_grab1
7617,-878,274,10754,CD,0,D1_pwm175_grab1
7627,454,-380,13458,CD,0,D1_pwm175_grab1
7633,-592,1310,8366,CD,0,D1_pwm175_grab1
7638,-996,1670,11792,CD,0,D1_pwm175_grab1
7644,664,-910,9262,CD,0,D1_pwm175_grab1
7649,-852,760,10158,CD,0,D1_pwm175_grab1
7658,3136,1340,12648,CD,0,D1_pwm175_grab1
7664,1018,-4448,8110,CD,0,D1_pwm175_grab1
7673,1848,440,9120,CD,0,D1_pwm175_grab1
7678,-1016,1200,10546,CD,0,D1_pwm175_grab1
7683,-6794,-1596,12158,CD,0,D1_pwm175_grab1
7689,-1392,-2654,7872,CD,0,D1_pwm175_grab1
7694,3432,2238,10990,CD,0,D1_pwm175_grab1
7703,-1510,912,9864,CD,0,D1_pwm175_grab1
7708,-938,-460,9466,CD,0,D1_pwm175_grab1
7713,-5952,-1722,9182,CD,0,D1_pwm175_grab1
7718,-4938,-3766,9250,CD,0,D1_pwm175_grab1
7723,-1678,-2642,9280,CD,0,D1_pwm175_grab1
7729,2692,2022,10750,CD,0,D1_pwm175_grab1
7734,556,1722,10912,CD,0,D1_pwm175_grab1
7738,114,-1220,9410,CD,0,D1_pwm175_grab1
7743,-900,714,10792,CD,0,D1_pwm175_grab1
7753,-1694,-2292,10818,CD,0,D1_pwm175_grab1
7759,618,-1314,9830,CD,0,D1_pwm175_grab1
7763,-6136,1150,12934,CD,0,D1_pwm175_grab1
7769,856,926,9704,CD,0,D1_pwm175_grab1
7774,-1190,1416,11638,CD,0,D1_pwm175_grab1
7778,-5280,-1698,12308,CD,0,D1_pwm175_grab1
7784,366,-1590,8146,CD,0,D1_pwm175_grab1
7789,3312,2018,10574,CD,0,D1_pwm175_grab1
7793,-4036,-3480,11236,CD,0,D1_pwm175_grab1
7798,-1758,742,9286,CD,0,D1_pwm175_grab1
7803,-1120,1534,11156,CD,0,D1_pwm175_grab1
7808,-2620,-1386,10128,CD,0,D1_pwm175_grab1
7814,-2490,-2572,9810,CD,0,D1_pwm175_grab1
7818,-756,-2048,9608,CD,0,D1_pwm175_grab1
7823,3194,2464,10836,CD,0,D1_pwm175_grab1
7828,2006,1756,10712,CD,1,D1_pwm175_grab1
7834,-1404,-1354,9158,CD,1,D1_pwm175_grab1
7838,-388,-650,10664,CD,1,D1_pwm175_grab1
7843,5514,-254,9870,CD,1,D1_pwm175_grab1
7848,-1904,-2828,9474,CD,1,D1_pwm175_grab1
7853,-78,-4690,7826,CD,1,D1_pwm175_grab1
7864,1480,914,10262,CD,1,D1_pwm175_grab1
7868,-516,1420,11498,CD,1,D1_pwm175_grab1
7878,4146,1322,11726,CD,1,D1_pwm175_grab1
7883,1330,-3450,8372,CD,1,D1_pwm175_grab1
7888,-6752,-3662,10956,CD,1,D1_pwm175_grab1
7894,-1188,824,9310,CD,1,D1_pwm175_grab1
7899,-966,1540,11122,CD,1,D1_pwm175_grab1
7904,-7886,-1978,10704,CD,1,D1_pwm175_grab1
7910,-2686,-3300,8232,CD,1,D1_pwm175_grab1
7914,2504,-516,8892,CD,1,D1_pwm175_grab1
7919,90,-3822,8248,CD,1,D1_pwm175_grab1
7924,-2542,614,10262,CD,1,D1_pwm175_grab1
7929,-754,1056,9912,CD,1,D1_pwm175_grab1
7934,-3792,-1408,9770,CD,1,D1_pwm175_grab1
7940,3068,-1226,10188,CD,1,D1_pwm175_grab1
7944,-1840,-2632,9874,CD,1,D1_pwm175_grab1
7949,-228,1144,8872,CD,1,D1_pwm175_grab1
7954,-1958,1478,11826,CD,1,D1_pwm175_grab1
7959,-896,-1758,8946,CD,1,D1_pwm175_grab1
7965,-642,-398,10360,CD,1,D1_pwm175_grab1
7975,-960,-1726,12278,CD,1,D1_pwm175_grab1
7979,1014,-4228,8338,CD,1,D1_pwm175_grab1
7984,-8020,-3028,11898,CD,1,D1_pwm175_grab1
7989,-422,892,9390,CD,1,D1_pwm175_grab1
7994,-1114,1576,11674,CD,1,D1_pwm175_grab1
7999,3836,848,7832,CD,1,D1_pwm175_grab1
8004,4726,404,11534,CD,1,D1_pwm175_grab1
8009,2430,-1206,8184,CD,1,D1_pwm175_grab1
8015,-776,-3856,9490,CD,1,D1_pwm175_grab1
8019,-2854,482,9888,CD,1,D1_pwm175_grab1
8025,-1316,-896,9294,CD,1,D1_pwm175_grab1
8030,-1884,-942,10028,CD,1,D1_pwm175_grab1
8034,1126,-1654,10442,CD,1,D1_pwm175_grab1
8039,1242,860,9836,CD,1,D1_pwm175_grab1
8045,5886,2306,10962,CD,1,D1_pwm175_grab1
8049,2794,1234,11650,CD,1,D1_pwm175_grab1
8054,-1176,-1784,9330,CD,1,D1_pwm175_grab1
8059,-240,-396,10814,CD,1,D1_pwm175_grab1
8069,2904,1206,12546,CD,1,D1_pwm175_grab1
8074,772,-4354,8160,CD,1,D1_pwm175_grab1
8079,-7942,780,13426,CD,1,D1_pwm175_grab1
8085,2194,428,9128,CD,1,D1_pwm175_grab1
8089,-810,1306,10730,CD,1,D1_pwm175_grab1
8094,5702,1136,8698,CD,1,D1_pwm175_grab1
8100,4638,1034,11454,CD,1,D1_pwm175_grab1
8104,1966,-1988,8506,CD,1,D1_pwm175_grab1
8110,8640,-2016,10892,CD,1,D1_pwm175_grab1
8115,-1132,752,9756,CD,1,D1_pwm175_grab1
8119,-1084,1364,10320,CD,1,D1_pwm175_grab1
8125,-5032,-1584,9184,CD,1,D1_pwm175_grab1
8129,-4570,-3806,9632,CD,1,D1_pwm175_grab1
8135,1592,1156,9664,CD,1,D1_pwm175_grab1
8139,5652,1588,11534,CD,1,D1_pwm175_grab1
8144,3252,1432,11168,CD,1,D1_pwm175_grab1
8150,-1168,-1510,9070,CD,1,D1_pwm175_grab1
8155,-68,-662,10458,CD,1,D1_pwm175_grab1
8161,-4334,-3198,9970,CD,1,D1_pwm175_grab1
8165,-716,-1334,9050,CD,1,D1_pwm175_grab1
8170,4536,3166,12536,CD,1,D1_pwm175_grab1
8176,3172,1652,10718,CD,1,D1_pwm175_grab1
8180,-572,-1690,9222,CD,1,D1_pwm175_grab1
8186,-944,-22,10782,CD,1,D1_pwm175_grab1
8195,4598,1100,11940,CD,1,D1_pwm175_grab1
8200,-572,-4064,7836,CD,1,D1_pwm175_grab1
8210,2116,1032,10092,CD,1,D1_pwm175_grab1
8215,-792,1546,11288,CD,1,D1_pwm175_grab1
8221,-1670,-966,10942,CD,1,D1_pwm175_grab1
8226,2262,-706,9056,CD,1,D1_pwm175_grab1
8231,3368,802,9220,CD,1,D1_pwm175_grab1
8235,6200,1670,10824,CD,1,D1_pwm175_grab1
8240,-2784,550,10100,CD,1,D1_pwm175_grab1
8246,-80,546,9842,CD,1,D1_pwm175_grab1
8251,-3170,-1356,10242,CD,1,D1_pwm175_grab1
8256,-4732,-3466,9312,CD,1,D1_pwm175_grab1
8260,38,-956,9670,CD,1,D1_pwm175_grab1
8266,3616,3246,11438,CD,1,D1_pwm175_grab1
8270,3238,1380,10590,CD,1,D1_pwm175_grab1
8275,-490,-1826,9390,CD,1,D1_pwm175_grab1
8280,-954,-128,10456,CD,1,D1_pwm175_grab1
8290,654,-376,13654,CD,1,D1_pwm175_grab1
8295,-514,-4044,8274,CD,1,D1_pwm175_grab1
8306,2012,1016,10306,CD,1,D1_pwm175_grab1
8311,-598,1592,11390,CD,1,D1_pwm175_grab1
8315,-188,-752,11098,CD,1,D1_pwm175_grab1
8320,2120,-392,9302,CD,1,D1_pwm175_grab1
8326,3306,370,9692,CD,1,D1_pwm175_grab1
8330,3728,-2964,8684,CD,1,D1_pwm175_grab1
8335,-3260,580,10356,CD,1,D1_pwm175_grab1
8341,-496,520,9822,CD,1,D1_pwm175_grab1
8346,-2176,-1132,10466,CD,1,D1_pwm175_grab1
8350,-4862,-3572,9826,CD,1,D1_pwm175_grab1
8356,-494,-1032,9068,CD,1,D1_pwm175_grab1
8361,7152,-512,10510,CD,1,D1_pwm175_grab1
8366,3462,1584,10680,CD,1,D1_pwm175_grab1
8370,-722,-1764,9294,CD,1,D1_pwm175_grab1
8376,-1100,-110,10764,CD,1,D1_pwm175_grab1
8386,482,-544,12952,CD,1,D1_pwm175_grab1
8391,-768,-3648,8070,CD,1,D1_pwm175_grab1
8400,1170,-460,9470,CD,1,D1_pwm175_grab1
8406,-914,602,10494,CD,1,D1_pwm175_grab1
8416,3458,1520,12588,CD,1,D1_pwm175_grab1
8421,1116,-3816,8524,CD,1,D1_pwm175_grab1
8427,-8072,-3306,11954,CD,1,D1_pwm175_grab1
8431,-752,1082,9466,CD,1,D1_pwm175_grab1
8437,-1138,1762,11702,CD,1,D1_pwm175_grab1
8441,3704,814,8136,CD,1,D1_pwm175_grab1
8448,4396,556,11496,CD,1,D1_pwm175_grab1
8451,2446,1734,11002,CD,1,D1_pwm175_grab1
8456,8122,-870,11154,CD,1,D1_pwm175_grab1
8462,238,930,9914,CD,1,D1_pwm175_grab1
8467,-1556,-1104,9116,CD,1,D1_pwm175_grab1
8471,-1894,-746,9938,CD,1,D1_pwm175_grab1
8476,2872,-1122,10378,CD,1,D1_pwm175_grab1
8482,676,88,9624,CD,1,D1_pwm175_grab1
8486,5834,2580,11298,CD,1,D1_pwm175_grab1
8492,-1460,1460,12032,CD,1,D1_pwm175_grab1
8496,1188,-472,9060,CD,1,D1_pwm175_grab1
8501,-890,360,10150,CD,1,D1_pwm175_grab1
8511,3720,1352,12200,CD,1,D1_pwm175_grab1
8517,1106,-3684,8296,CD,1,D1_pwm175_grab1
8526,2482,876,9494,CD,1,D1_pwm175_grab1
8531,-878,1276,10940,CD,1,D1_pwm175_grab1
8537,-7530,-2250,10876,CD,1,D1_pwm175_grab1
8541,-2622,-3134,8266,CD,1,D1_pwm175_grab1
8546,3084,1902,10902,CD,1,D1_pwm175_grab1
8551,6754,-316,10576,CD,1,D1_pwm175_grab1
8556,212,644,9818,CD,1,D1_pwm175_grab1
8561,-1324,-1208,9336,CD,1,D1_pwm175_grab1
8567,-4096,-1750,9668,CD,1,D1_pwm175_grab1
8571,-5184,-3914,9800,CD,1,D1_pwm175_grab1
8577,-1970,-2482,9546,CD,1,D1_pwm175_grab1
8581,-122,1384,9422,CD,1,D1_pwm175_grab1
8586,-1988,1546,12108,CD,1,D1_pwm175_grab1
8591,1362,-262,9404,CD,1,D1_pwm175_grab1
8596,-908,504,10392,CD,1,D1_pwm175_grab1
8606,-576,-1354,12762,CD,1,D1_pwm175_grab1
8612,-430,-2710,9254,CD,1,D1_pwm175_grab1
8621,-1122,1032,9334,CD,1,D1_pwm175_grab1
8627,-1058,1890,11532,CD,1,D1_pwm175_grab1
8631,-7300,-2278,9944,CD,1,D1_pwm175_grab1
8637,-2892,-3120,8674,CD,1,D1_pwm175_grab1
8641,2172,1522,10884,CD,1,D1_pwm175_grab1
8646,856,-3602,8378,CD,1,D1_pwm175_grab1
8651,-3132,344,10286,CD,1,D1_pwm175_grab1
8656,-198,1166,10096,CD,1,D1_pwm175_grab1
8663,-3586,-1284,8874,CD,1,D1_pwm175_grab1
8668,-5960,-4208,9828,CD,1,D1_pwm175_grab1
8672,504,-372,9354,CD,1,D1_pwm175_grab1
8677,5170,3090,11400,CD,1,D1_pwm175_grab1
8682,3494,994,11092,CD,1,D1_pwm175_grab1
8688,-902,-634,9580,CD,1,D1_pwm175_grab1
8692,-2518,-672,9104,CD,1,D1_pwm175_grab1
8697,234,-2118,10454,CD,1,D1_pwm175_grab1
8704,-1526,-1920,9664,CD,1,D1_pwm175_grab1
8708,-686,-2656,9078,CD,1,D1_pwm175_grab1
8718,2532,1036,9864,CD,1,D1_pwm175_grab1
8722,-768,1354,11262,CD,1,D1_pwm175_grab1
8732,2654,974,13312,CD,1,D1_pwm175_grab1
8738,588,-4258,8442,CD,1,D1_pwm175_grab1
8743,-9468,-2442,12142,CD,1,D1_pwm175_grab1
8747,-2772,560,10208,CD,1,D1_pwm175_grab1
8753,-450,1090,9528,CD,1,D1_pwm175_grab1
8758,-3208,-1566,10206,CD,1,D1_pwm175_grab1
8763,-5006,-3702,9732,CD,1,D1_pwm175_grab1
8767,3064,1360,11258,CD,1,D1_pwm175_grab1
8778,-1420,782,9828,CD,1,D1_pwm175_grab1
8782,-1476,-984,9222,CD,1,D1_pwm175_grab1
8788,-1682,-634,10082,CD,1,D1_pwm175_grab1
8797,-100,-924,13312,CD,1,D1_pwm175_grab1
8803,-728,-3416,8658,CD,1,D1_pwm175_grab1
8808,72,1738,11442,CD,1,D1_pwm175_grab1
8812,770,-792,8890,CD,1,D1_pwm175_grab1
8818,-1074,172,10282,CD,1,D1_pwm175_grab1
8827,3040,1016,12368,CD,1,D1_pwm175_grab1
8832,3178,-24,8678,CD,1,D1_pwm175_grab1
8838,2412,-3336,8462,CD,1,D1_pwm175_grab1
8842,-3256,382,10412,CD,1,D1_pwm175_grab1
8848,-980,1966,11304,CD,1,D1_pwm175_grab1
8852,-7038,-2316,11598,CD,1,D1_pwm175_grab1
8858,-1622,-2586,7940,CD,1,D1_pwm175_grab1
8863,3436,2010,10716,CD,1,D1_pwm175_grab1
8867,7840,-1560,10800,CD,1,D1_pwm175_grab1
8872,-508,744,9610,CD,1,D1_pwm175_grab1
8877,-826,-1944,9430,CD,1,D1_pwm175_grab1
8882,-1270,12,10758,CD,1,D1_pwm175_grab1
8887,1612,-1782,10464,CD,1,D1_pwm175_grab1
8893,-1834,-2008,9760,CD,1,D1_pwm175_grab1
8897,218,1970,9080,CD,1,D1_pwm175_grab1
8902,-4,1792,11280,CD,1,D1_pwm175_grab1
8907,858,-676,9438,CD,1,D1_pwm175_grab1
8913,-940,174,10236,CD,1,D1_pwm175_grab1
8923,3010,1042,13146,CD,1,D1_pwm175_grab1
8929,-192,-1612,9792,CD,1,D1_pwm175_grab1
8939,2402,552,9550,CD,1,D1_pwm175_grab1
8943,-616,910,10358,CD,1,D1_pwm175_grab1
8948,4274,1142,7776,CD,1,D1_pwm175_grab1
8953,4812,730,11456,CD,1,D1_pwm175_grab1
8960,2350,-1690,7960,CD,1,D1_pwm175_grab1
8964,8910,-1588,10942,CD,1,D1_pwm175_grab1
8968,-2906,704,10152,CD,1,D1_pwm175_grab1
8973,-42,1692,10658,CD,1,D1_pwm175_grab1
8979,-5526,-1826,8668,CD,1,D1_pwm175_grab1
8988,1542,830,9950,CD,1,D1_pwm175_grab1
8994,5608,2028,10556,CD,1,D1_pwm175_grab1
8999,2738,688,11244,CD,1,D1_pwm175_grab1
9004,722,-892,8992,CD,1,D1_pwm175_grab1
9008,-358,-44,10944,CD,1,D1_pwm175_grab1
9013,9170,1564,8380,CD,1,D1_pwm175_grab1
9019,-1522,-2030,11170,CD,1,D1_pwm175_grab1
9023,450,-1148,10450,CD,1,D1_pwm175_grab1
9028,-7696,1162,13550,CD,1,D1_pwm175_grab1
9033,2266,652,9538,CD,1,D1_pwm175_grab1
9038,-914,806,10476,CD,1,D1_pwm175_grab1
9044,5790,1406,8832,CD,1,D1_pwm175_grab1
9049,4794,1134,11628,CD,1,D1_pwm175_grab1
9053,1962,-2038,8356,CD,1,D1_pwm175_grab1
9063,-2520,1116,9902,CD,1,D1_pwm175_grab1
9069,-894,1760,10548,CD,1,D1_pwm175_grab1
9073,-4814,-1864,9136,CD,1,D1_pwm175_grab1
9084,1254,900,9818,CD,1,D1_pwm175_grab1
9088,1180,2446,9566,CD,1,D1_pwm175_grab1
9093,2978,876,11064,CD,1,D1_pwm175_grab1
9099,-1396,-1962,8926,CD,1,D1_pwm175_grab1
9103,-358,-98,10818,CD,1,D1_pwm175_grab1
9109,8846,1200,8914,CD,1,D1_pwm175_grab1
9114,-1466,-2304,10792,CD,1,D1_pwm175_grab1
9119,178,-992,10114,CD,1,D1_pwm175_grab1
9123,-7022,1228,13442,CD,1,D1_pwm175_grab1
9129,2172,282,9270,CD,1,D1_pwm175_grab1
9133,-694,652,10220,CD,1,D1_pwm175_grab1
9138,5782,1608,7796,CD,1,D1_pwm175_grab1
9144,4854,854,11592,CD,1,D1_pwm175_grab1
9149,2028,-2384,7720,CD,1,D1_pwm175_grab1
9153,-3146,-3968,10244,CD,1,D1_pwm175_grab1
9159,-2416,1008,10062,CD,1,D1_pwm175_grab1
9163,-156,1922,10892,CD,1,D1_pwm175_grab1
9168,-6510,-2436,8752,CD,1,D1_pwm175_grab1
9175,2014,-250,9148,CD,1,D1_pwm175_grab1
9179,3234,650,9382,CD,1,D1_pwm175_grab1
9184,4498,-3400,9228,CD,1,D1_pwm175_grab1
9189,-3062,596,9998,CD,1,D1_pwm175_grab1
9194,-344,812,9634,CD,1,D1_pwm175_grab1
9200,-2950,-1576,10204,CD,1,D1_pwm175_grab1
9204,-4576,-3596,9322,CD,1,D1_pwm175_grab1
9210,-104,-356,9732,CD,1,D1_pwm175_grab1
9214,8114,-1080,11188,CD,1,D1_pwm175_grab1
9220,3658,1138,10120,CD,1,D1_pwm175_grab1
9224,-638,-2196,9268,CD,1,D1_pwm175_grab1
9229,-850,164,10292,CD,1,D1_pwm175_grab1
9245,-652,-3730,8456,CD,1,D1_pwm175_grab1
9250,-12076,132,13386,CD,1,D1_pwm175_grab1
9255,1016,-692,8834,CD,1,D1_pwm175_grab1
9259,-366,1212,11258,CD,1,D1_pwm175_grab1
9265,432,-522,10948,CD,1,D1_pwm175_grab1
9269,2856,-30,9814,CD,1,D1_pwm175_grab1
9275,3226,-432,8912,CD,1,D1_pwm175_grab1
9279,2636,-3566,8114,CD,1,D1_pwm175_grab1
9285,-3490,610,10566,CD,1,D1_pwm175_grab1
9289,-312,1104,10002,CD,1,D1_pwm175_grab1
9295,-6400,-2270,11666,CD,1,D1_pwm175_grab1
9300,-1338,-2456,7844,CD,1,D1_pwm175_grab1
9304,-136,-432,9430,CD,1,D1_pwm175_grab1
9310,5090,3382,11886,CD,1,D1_pwm175_grab1
9314,3298,810,10786,CD,1,D1_pwm175_grab1
9320,-1158,-2416,9098,CD,1,D1_pwm175_grab1
9324,-1322,260,10646,CD,1,D1_pwm175_grab1
9335,-1538,-1868,9634,CD,1,D1_pwm175_grab1
9340,1290,2388,10238,CD,1,D1_pwm175_grab1
9349,2652,1210,9840,CD,1,D1_pwm175_grab1
9354,-834,838,11084,CD,1,D1_pwm175_grab1
9360,1006,24,9772,CD,1,D1_pwm175_grab1
9365,3984,412,10558,CD,1,D1_pwm175_grab1
9370,2824,-816,8320,CD,1,D1_pwm175_grab1
9380,734,1454,9916,CD,1,D1_pwm175_grab1
9384,-704,1862,12112,CD,1,D1_pwm175_grab1
9389,-4086,-1966,9626,CD,1,D1_pwm175_grab1
9394,-5250,-4208,9380,CD,1,D1_pwm175_grab1
9400,990,832,9728,CD,1,D1_pwm175_grab1
9404,4346,2302,10948,CD,1,D1_pwm175_grab1
9409,3510,630,10788,CD,1,D1_pwm175_grab1
9414,-1442,-394,9122,CD,1,D1_pwm175_grab1
9419,-2156,-732,10506,CD,1,D1_pwm175_grab1
9425,-1248,-2588,10102,CD,1,D1_pwm175_grab1
9431,-1410,-1544,9190,CD,1,D1_pwm175_grab1
9436,2430,2278,10742,CD,1,D1_pwm175_grab1
9440,2230,1844,10602,CD,1,D1_pwm175_grab1
9446,134,-1616,8990,CD,1,D1_pwm175_grab1
9451,-1022,240,10276,CD,1,D1_pwm175_grab1
9455,6488,420,9318,CD,1,D1_pwm175_grab1
9460,-2204,-2520,9970,CD,1,D1_pwm175_grab1
9466,168,534,10590,CD,1,D1_pwm175_grab1
9470,-5416,1242,12790,CD,1,D1_pwm175_grab1
9476,1552,1320,10324,CD,1,D1_pwm175_grab1
9480,-350,1514,11648,CD,1,D1_pwm175_grab1
9486,-4056,-1774,12314,CD,1,D1_pwm175_grab1
9490,544,-1236,8238,CD,1,D1_pwm175_grab1
9496,1518,-3130,8096,CD,1,D1_pwm175_grab1
9500,-6128,-3636,11092,CD,1,D1_pwm175_grab1
9505,-1182,1352,9628,CD,1,D1_pwm175_grab1
9511,-1240,2148,11066,CD,1,D1_pwm175_grab1
9515,-2704,-1020,9568,CD,1,D1_pwm175_grab1
9520,-3754,-3510,9690,CD,1,D1_pwm175_grab1
9526,-616,-866,9966,CD,1,D1_pwm175_grab1
9530,3808,3284,12190,CD,1,D1_pwm175_grab1
9536,1326,736,10586,CD,1,D1_pwm175_grab1
9540,-1318,-1328,9084,CD,1,D1_pwm175_grab1
9545,-1360,-62,10068,CD,1,D1_pwm175_grab1
9551,4796,-632,10066,CD,1,D1_pwm175_grab1
9555,-1874,-2090,9994,CD,1,D1_pwm175_grab1
9560,-696,-3682,8366,CD,1,D1_pwm175_grab1
9570,2184,1496,10306,CD,1,D1_pwm175_grab1
9576,-572,110,10240,CD,1,D1_pwm175_grab1
9586,3872,1068,12802,CD,1,D1_pwm175_grab1
9591,1208,-4172,7972,CD,1,D1_pwm175_grab1
9595,-7546,-3048,11506,CD,1,D1_pwm175_grab1
9601,-3306,976,10550,CD,1,D1_pwm175_grab1
9605,-746,986,9732,CD,1,D1_pwm175_grab1
9610,-2460,-1632,10740,CD,1,D1_pwm175_grab1
9616,-2196,-2680,7982,CD,1,D1_pwm175_grab1
9620,3422,1492,11346,CD,1,D1_pwm175_grab1
9631,-1172,594,10280,CD,1,D1_pwm175_grab1
9635,-1472,-1102,9072,CD,1,D1_pwm175_grab1
9640,-1740,-184,10226,CD,1,D1_pwm175_grab1
9650,-68,-1592,12962,CD,1,D1_pwm175_grab1
9656,-774,-2848,8670,CD,1,D1_pwm175_grab1
9660,122,1616,11188,CD,1,D1_pwm175_grab1
9665,552,-1284,8904,CD,1,D1_pwm175_grab1
9671,-1034,314,10538,CD,1,D1_pwm175_grab1
9681,2628,102,12336,CD,1,D1_pwm175_grab1
9686,366,-4068,8102,CD,1,D1_pwm175_grab1
9697,1828,420,9416,CD,1,D1_pwm175_grab1
9701,-890,370,10368,CD,1,D1_pwm175_grab1
9707,7670,2192,8536,CD,1,D1_pwm175_grab1
9711,4694,1200,12140,CD,1,D1_pwm175_grab1
9716,1698,-3204,7874,CD,1,D1_pwm175_grab1
9721,-4334,-3470,11026,CD,1,D1_pwm175_grab1
9726,-1714,1520,9770,CD,1,D1_pwm175_grab1
9731,-678,190,9714,CD,1,D1_pwm175_grab1
9737,-2994,-1102,9788,CD,1,D1_pwm175_grab1
9742,-4052,-3580,8894,CD,1,D1_pwm175_grab1
9746,1690,1738,10790,CD,1,D1_pwm175_grab1
9756,1388,680,11094,CD,1,D1_pwm175_grab1
9761,-1684,-1626,8782,CD,1,D1_pwm175_grab1
9767,-1120,-90,10534,CD,1,D1_pwm175_grab1
9776,1166,-706,13734,CD,1,D1_pwm175_grab1
9781,-710,1572,9704,CD,1,D1_pwm175_grab1
9787,-2886,1356,12362,CD,1,D1_pwm175_grab1
9792,1220,-578,8810,CD,1,D1_pwm175_grab1
9796,-776,64,9924,CD,1,D1_pwm175_grab1
9807,4036,818,12264,CD,1,D1_pwm175_grab1
9811,1170,-4142,7518,CD,1,D1_pwm175_grab1
9817,4466,-3550,8434,CD,1,D1_pwm175_grab1
9822,-398,1486,9830,CD,1,D1_pwm175_grab1
9826,-636,1912,11560,CD,1,D1_pwm175_grab1
9832,-6956,-2194,11030,CD,1,D1_pwm175_grab1
9837,-1812,-2612,7992,CD,1,D1_pwm175_grab1
9841,3592,1682,10936,CD,1,D1_pwm175_grab1
9851,-1206,452,10074,CD,1,D1_pwm175_grab1
9856,-1180,-2582,8876,CD,1,D1_pwm175_grab1
9861,-2224,-284,9602,CD,1,D1_pwm175_grab1
9866,568,-2394,10168,CD,1,D1_pwm175_grab1
9872,-1844,-1558,9536,CD,1,D1_pwm175_grab1
9876,1444,2714,10532,CD,1,D1_pwm175_grab1
9881,358,1430,11062,CD,1,D1_pwm175_grab1
9886,274,-1398,9096,CD,1,D1_pwm175_grab1
9891,-1116,480,10468,CD,1,D1_pwm175_grab1
9901,2168,-18,12816,CD,1,D1_pwm175_grab1
9906,74,-4034,8098,CD,1,D1_pwm175_grab1
9916,1096,1634,9732,CD,1,D1_pwm175_grab1
9921,-1064,1492,12062,CD,1,D1_pwm175_grab1
9926,-4734,-1798,12426,CD,1,D1_pwm175_grab1
9931,476,-1262,8336,CD,1,D1_pwm175_grab1
9936,3308,908,10532,CD,1,D1_pwm175_grab1
9943,-4290,-3158,11150,CD,1,D1_pwm175_grab1
9947,-1798,1462,10100,CD,1,D1_pwm175_grab1
9953,-694,1988,11082,CD,1,D1_pwm175_grab1
9957,-7288,-2412,8774,CD,1,D1_pwm175_grab1
9962,-3876,-3422,8892,CD,1,D1_pwm175_grab1
9967,2160,1570,11300,CD,1,D1_pwm175_grab1
9978,526,572,11126,CD,1,D1_pwm175_grab1
9982,158,1662,10462,CD,1,D1_pwm175_grab1
9987,-738,72,10698,CD,1,D1_pwm175_grab1
9992,4322,-872,9732,CD,1,D1_pwm175_grab1
9998,-2338,-2244,9340,CD,1,D1_pwm175_grab1
10003,-740,1902,9856,CD,1,D1_pwm175_grab1
10007,-2714,1208,12188,CD,1,D1_pwm175_grab1
10012,1138,-768,8770,CD,1,D1_pwm175_grab1
10017,-898,306,10256,CD,1,D1_pwm175_grab1
10027,3630,340,11998,CD,1,D1_pwm175_grab1
10033,908,-3992,7898,CD,1,D1_pwm175_grab1
10043,-46,1404,9574,CD,1,D1_pwm175_grab1
10047,-1176,1808,11264,CD,1,D1_pwm175_grab1
10053,-6974,-2360,11356,CD,1,D1_pwm175_grab1
10057,-1294,-2350,7942,CD,1,D1_pwm175_grab1
10062,2124,-2450,7860,CD,1,D1_pwm175_grab1
10068,-1928,-3880,9546,CD,1,D1_pwm175_grab1
10073,-916,832,10258,CD,1,D1_pwm175_grab1
10078,-730,-444,9556,CD,1,D1_pwm175_grab1
10082,-2866,-712,9400,CD,1,D1_pwm175_grab1
10087,212,-2602,9798,CD,1,D1_pwm175_grab1
10092,-1410,-864,10038,CD,1,D1_pwm175_grab1
10097,1348,2708,10132,CD,1,D1_pwm175_grab1
10103,2404,680,11336,CD,1,D1_pwm175_grab1
10108,-1314,-1782,8950,CD,1,D1_pwm175_grab1
10112,-786,674,10586,CD,1,D1_pwm175_grab1
10123,1818,-460,13328,CD,1,D1_pwm175_grab1
10127,-82,-3982,8194,CD,1,D1_pwm175_grab1
10138,1146,1506,9940,CD,1,D1_pwm175_grab1
10142,-400,308,10054,CD,1,D1_pwm175_grab1
10147,8228,2798,8174,CD,1,D1_pwm175_grab1
10152,4526,604,11974,CD,1,D1_pwm175_grab1
10157,3534,70,10316,CD,1,D1_pwm175_grab1
10162,8368,-3356,9948,CD,1,D1_pwm175_grab1
10167,-2640,1230,10322,CD,1,D1_pwm175_grab1
10173,-1168,400,9688,CD,1,D1_pwm175_grab1
10177,-2278,-1522,10852,CD,1,D1_pwm175_grab1
10182,-3488,-3312,8382,CD,1,D1_pwm175_grab1
10188,2796,1648,11088,CD,1,D1_pwm175_grab1
10193,6902,-638,10014,CD,1,D1_pwm175_grab1
10199,266,382,10794,CD,1,D1_pwm175_grab1
10204,-1152,-1364,9248,CD,1,D1_pwm175_grab1
10208,-912,-44,10280,CD,1,D1_pwm175_grab1
10214,3968,-1080,9344,CD,1,D1_pwm175_grab1
10218,-2256,-1776,9390,CD,1,D1_pwm175_grab1
10223,4246,1646,10754,CD,1,D1_pwm175_grab1
10228,3088,282,10664,CD,1,D1_pwm175_grab1
10233,-916,-2186,8992,CD,1,D1_pwm175_grab1
10238,-566,1014,10386,CD,1,D1_pwm175_grab1
10249,3388,294,12118,CD,1,D1_pwm175_grab1
10253,890,-3778,8094,CD,1,D1_pwm175_grab1
10258,-7816,-2752,12188,CD,1,D1_pwm175_grab1
10264,2064,766,9848,CD,1,D1_pwm175_grab1
10268,-638,376,10426,CD,1,D1_pwm175_grab1
10273,3820,1350,8738,CD,1,D1_pwm175_grab1
10278,4424,572,11534,CD,1,D1_pwm175_grab1
10283,3218,1518,10872,CD,1,D1_pwm175_grab1
10289,8202,-2454,10270,CD,1,D1_pwm175_grab1
10293,102,1074,10598,CD,1,D1_pwm175_grab1
10299,-1342,-534,9116,CD,1,D1_pwm175_grab1
10303,-2260,-658,9840,CD,1,D1_pwm175_grab1
10309,-5596,-3962,9728,CD,1,D1_pwm175_grab1
10313,654,1382,10604,CD,1,D1_pwm175_grab1
10318,6214,754,11150,CD,1,D1_pwm175_grab1
10323,2340,604,11388,CD,1,D1_pwm175_grab1
10328,618,-1452,9052,CD,1,D1_pwm175_grab1
10333,-526,586,10206,CD,1,D1_pwm175_grab1
10343,2768,40,12796,CD,1,D1_pwm175_grab1
10349,68,-114,10866,CD,1,D1_pwm175_grab1
10354,-7384,832,13482,CD,1,D1_pwm175_grab1
10359,2020,70,8980,CD,1,D1_pwm175_grab1
10363,-596,392,10162,CD,1,D1_pwm175_grab1
10368,-5366,-1732,12192,CD,1,D1_pwm175_grab1
10373,-996,-1722,8080,CD,1,D1_pwm175_grab1
10379,3826,604,10552,CD,1,D1_pwm175_grab1
10388,-1868,1344,10060,CD,1,D1_pwm175_grab1
10394,-632,2096,10714,CD,1,D1_pwm175_grab1
10398,-6470,-2774,9120,CD,1,D1_pwm175_grab1
10409,2252,2064,10614,CD,1,D1_pwm175_grab1
10413,3388,2426,11470,CD,1,D1_pwm175_grab1
10418,574,1054,10392,CD,1,D1_pwm175_grab1
10423,16,-1970,9152,CD,1,D1_pwm175_grab1
10429,-294,56,10378,CD,1,D1_pwm175_grab1
10434,6604,-194,8848,CD,1,D1_pwm175_grab1
10438,-1706,-1730,10412,CD,1,D1_pwm175_grab1
10443,226,1254,10692,CD,1,D1_pwm175_grab1
10449,-4580,900,12340,CD,1,D1_pwm175_grab1
10454,1380,-186,9244,CD,1,D1_pwm175_grab1
10459,-838,554,10240,CD,1,D1_pwm175_grab1
10470,-104,-1932,12782,CD,1,D1_pwm175_grab1
10474,-878,-1962,9436,CD,1,D1_pwm175_grab1
10484,2260,792,9698,CD,1,D1_pwm175_grab1
10490,-184,596,10554,CD,1,D1_pwm175_grab1
10494,2000,1058,9120,CD,1,D1_pwm175_grab1
10500,-2750,-2724,8912,CD,1,D1_pwm175_grab1
10504,2460,1512,11448,CD,1,D1_pwm175_grab1
10510,300,-3294,8144,CD,1,D1_pwm175_grab1
10515,-2508,1200,11000,CD,1,D1_pwm175_grab1
10520,-120,1714,10618,CD,1,D1_pwm175_grab1
10524,-4634,-2478,8674,CD,1,D1_pwm175_grab1
10534,1034,1600,10590,CD,1,D1_pwm175_grab1
10539,-468,2268,9786,CD,1,D1_pwm175_grab1
10545,-1190,1048,11600,CD,1,D1_pwm175_grab1
10549,-1042,-2338,9130,CD,1,D1_pwm175_grab1
10555,-672,1098,10964,CD,1,D1_pwm175_grab1
10565,-1546,-2324,11060,CD,1,D1_pwm175_grab1
10570,224,48,10956,CD,1,D1_pwm175_grab1
10575,-7622,844,13566,CD,1,D1_pwm175_grab1
10579,1866,72,9082,CD,1,D1_pwm175_grab1
10584,-718,1448,11482,CD,1,D1_pwm175_grab1
10589,5990,2370,9124,CD,1,D1_pwm175_grab1
10595,4552,450,11532,CD,1,D1_pwm175_grab1
10600,1826,-3238,7528,CD,1,D1_pwm175_grab1
10604,-3994,-3096,10734,CD,1,D1_pwm175_grab1
10609,-1752,1518,9698,CD,1,D1_pwm175_grab1
10614,-1350,1962,10712,CD,1,D1_pwm175_grab1
10619,-6138,-2918,9112,CD,1,D1_pwm175_grab1
10624,-1922,-3146,9292,CD,1,D1_pwm175_grab1
10629,2212,2058,10550,CD,1,D1_pwm175_grab1
10635,6258,-920,10686,CD,1,D1_pwm175_grab1
10639,1786,974,11144,CD,1,D1_pwm175_grab1
10644,-1052,-1242,9264,CD,1,D1_pwm175_grab1
10650,-948,-160,10248,CD,1,D1_pwm175_grab1
10655,6058,-592,8848,CD,1,D1_pwm175_grab1
10659,-1708,-1506,10216,CD,1,D1_pwm175_grab1
10664,-334,1484,10120,CD,1,D1_pwm175_grab1
10670,-3702,916,11984,CD,1,D1_pwm175_grab1
10674,1102,-572,9304,CD,1,D1_pwm175_grab1
10679,-490,592,10240,CD,1,D1_pwm175_grab1
10690,3770,222,12426,CD,1,D1_pwm175_grab1
10695,1126,-4044,7656,CD,1,D1_pwm175_grab1
10699,-6650,-2242,11904,CD,1,D1_pwm175_grab1
10704,-966,1396,9752,CD,1,D1_pwm175_grab1
10713,-966,1396,9752,CD,1,D1_pwm175_grab1
10716,2884,1474,8858,CD,1,D1_pwm175_grab1
10721,4576,430,11064,CD,1,D1_pwm175_grab1
10725,2736,-2576,7002,CD,1,D1_pwm175_grab1
10730,-1496,-3200,8982,CD,1,D1_pwm175_grab1
10735,-2172,1268,10516,CD,1,D1_pwm175_grab1
10741,-246,1886,10598,CD,1,D1_pwm175_grab1
10746,-5614,-2862,8730,CD,1,D1_pwm175_grab1
10752,1244,-410,8750,CD,1,D1_pwm175_grab1
10755,1630,1940,10640,CD,1,D1_pwm175_grab1
10761,5744,538,10336,CD,1,D1_pwm175_grab1
10766,2002,582,11334,CD,1,D1_pwm175_grab1
10770,-826,-1810,9222,CD,1,D1_pwm175_grab1
10775,-68,566,11002,CD,1,D1_pwm175_grab1
10780,7972,332,8040,CD,1,D1_pwm175_grab1
10785,-1674,-2054,10482,CD,1,D1_pwm175_grab1
10790,3688,1966,11694,CD,1,D1_pwm175_grab1
10796,-5894,772,12748,CD,1,D1_pwm175_grab1
10801,1386,-136,9200,CD,1,D1_pwm175_grab1
10805,-824,738,10378,CD,1,D1_pwm175_grab1
10816,4196,498,12194,CD,1,D1_pwm175_grab1
10820,1466,-3708,7694,CD,1,D1_pwm175_grab1
10826,-5362,-2466,11784,CD,1,D1_pwm175_grab1
10831,2092,926,9740,CD,1,D1_pwm175_grab1
10836,-326,738,10656,CD,1,D1_pwm175_grab1
10840,-6920,-2628,9022,CD,1,D1_pwm175_grab1
10846,-2986,-2774,9098,CD,1,D1_pwm175_grab1
10851,2322,1636,11066,CD,1,D1_pwm175_grab1
10856,7516,-1786,10462,CD,1,D1_pwm175_grab1
10861,604,1238,10860,CD,1,D1_pwm175_grab1
10865,-1570,-1030,9128,CD,1,D1_pwm175_grab1
10871,-4214,-2472,8850,CD,1,D1_pwm175_grab1
10875,-5812,-4110,9718,CD,1,D1_pwm175_grab1
10881,-1818,-1106,9438,CD,1,D1_pwm175_grab1
10885,-664,2042,9558,CD,1,D1_pwm175_grab1
10890,-1532,778,11380,CD,1,D1_pwm175_grab1
10895,456,-1292,9298,CD,1,D1_pwm175_grab1
10901,-702,706,10234,CD,1,D1_pwm175_grab1
10910,2896,-348,12552,CD,1,D1_pwm175_grab1
10916,260,128,11120,CD,1,D1_pwm175_grab1
10920,-7382,642,13580,CD,1,D1_pwm175_grab1
10925,364,1276,9958,CD,1,D1_pwm175_grab1
10931,-678,1408,11486,CD,1,D1_pwm175_grab1
10936,-5078,-1542,12300,CD,1,D1_pwm175_grab1
10940,-696,-1314,8428,CD,1,D1_pwm175_grab1
10946,4044,522,10240,CD,1,D1_pwm175_grab1
10951,9058,-3020,10016,CD,1,D1_pwm175_grab1
10956,-1698,1356,9544,CD,1,D1_pwm175_grab1
10961,-1072,1916,10668,CD,1,D1_pwm175_grab1
10967,-6740,-2722,9034,CD,1,D1_pwm175_grab1
10972,-3712,-3280,9174,CD,1,D1_pwm175_grab1
10976,2556,2072,10714,CD,1,D1_pwm175_grab1
10986,1440,942,10930,CD,1,D1_pwm175_grab1
10992,-886,-1246,9506,CD,1,D1_pwm175_grab1
10996,-3180,-2706,10060,CD,1,D1_pwm175_grab1
11002,-5246,-3884,9864,CD,1,D1_pwm175_grab1
11008,92,1480,10222,CD,1,D1_pwm175_grab1
11012,-316,1866,10062,CD,1,D1_pwm175_grab1
11016,-3184,694,11620,CD,1,D1_pwm175_grab1
11021,940,-706,9458,CD,1,D1_pwm175_grab1
11026,-752,836,10386,CD,1,D1_pwm175_grab1
11036,-674,-2334,11916,CD,1,D1_pwm175_grab1
11041,-638,-906,10274,CD,1,D1_pwm175_grab1
11052,-494,1432,9632,CD,1,D1_pwm175_grab1
11056,-1248,1526,11572,CD,1,D1_pwm175_grab1
11062,-6866,-1630,10812,CD,1,D1_pwm175_grab1
11066,-1574,-1830,8680,CD,1,D1_pwm175_grab1
11072,3178,948,11282,CD,1,D1_pwm175_grab1
11076,-1584,-2714,10040,CD,1,D1_pwm175_grab1
11081,-2438,1414,10100,CD,1,D1_pwm175_grab1
11086,-496,1622,10678,CD,1,D1_pwm175_grab1
11092,-5938,-2556,8224,CD,1,D1_pwm175_grab1
11096,-192,-2542,9482,CD,1,D1_pwm175_grab1
11101,-1598,-436,9342,CD,1,D1_pwm175_grab1
11107,2076,2178,10484,CD,1,D1_pwm175_grab1
11112,230,920,10864,CD,1,D1_pwm175_grab1
11117,-976,-1708,9414,CD,1,D1_pwm175_grab1
11121,120,54,11048,CD,1,D1_pwm175_grab1
11131,-1908,-2058,9864,CD,1,D1_pwm175_grab1
11137,-12,-3718,8202,CD,1,D1_pwm175_grab1
11146,1352,852,9876,CD,1,D1_pwm175_grab1
11152,-522,1284,11368,CD,1,D1_pwm175_grab1
11162,4046,330,11854,CD,1,D1_pwm175_grab1
11167,1392,-3628,7900,CD,1,D1_pwm175_grab1
11172,-5864,-2360,11712,CD,1,D1_pwm175_grab1
11176,-1066,1500,9190,CD,1,D1_pwm175_grab1
11181,-318,726,9962,CD,1,D1_pwm175_grab1
11186,-3316,-2358,9736,CD,1,D1_pwm175_grab1
11191,-4160,-3332,9302,CD,1,D1_pwm175_grab1
11197,2768,1608,10806,CD,1,D1_pwm175_grab1
11207,1012,1168,10582,CD,1,D1_pwm175_grab1
11211,-1338,-912,9400,CD,1,D1_pwm175_grab1
11216,-1760,-800,9672,CD,1,D1_pwm175_grab1
11223,3768,-1368,9084,CD,1,D1_pwm175_grab1
11228,-1626,-1160,9580,CD,1,D1_pwm175_grab1
11233,-800,1942,9408,CD,1,D1_pwm175_grab1
11237,2948,622,11644,CD,1,D1_pwm175_grab1
11243,-1350,-2076,9020,CD,1,D1_pwm175_grab1
11248,-850,530,11014,CD,1,D1_pwm175_grab1
11258,-1122,-2318,11272,CD,1,D1_pwm175_grab1
11264,-266,-428,10882,CD,1,D1_pwm175_grab1
11267,-8152,-1540,12118,CD,1,D1_pwm175_grab1
11273,-466,1342,9874,CD,1,D1_pwm175_grab1
11277,-544,782,10232,CD,1,D1_pwm175_grab1
11282,4292,1792,8926,CD,1,D1_pwm175_grab1
11287,4558,396,11106,CD,1,D1_pwm175_grab1
11292,2246,-2734,7334,CD,1,D1_pwm175_grab1
11298,-2126,-2542,9932,CD,1,D1_pwm175_grab1
11303,-2066,1344,9778,CD,1,D1_pwm175_grab1
11307,-1160,-500,9474,CD,1,D1_pwm175_grab1
11312,-1978,-1500,9486,CD,1,D1_pwm175_grab1
11317,-4794,-3600,9682,CD,1,D1_pwm175_grab1
11323,1918,2004,10454,CD,1,D1_pwm175_grab1
11327,5528,26,10288,CD,1,D1_pwm175_grab1
11332,2408,850,11452,CD,1,D1_pwm175_grab1
11337,-840,-1582,9444,CD,1,D1_pwm175_grab1
11343,-2,-72,10936,CD,1,D1_pwm175_grab1
11347,7972,410,8010,CD,1,D1_pwm175_grab1
11352,1932,-848,12474,CD,1,D1_pwm175_grab1
11358,640,454,11058,CD,1,D1_pwm175_grab1
11362,-6350,390,12742,CD,1,D1_pwm175_grab1
11367,1490,-86,9214,CD,1,D1_pwm175_grab1
11373,-878,920,10316,CD,1,D1_pwm175_grab1
11377,8208,2648,8412,CD,1,D1_pwm175_grab1
11382,4096,390,12346,CD,1,D1_pwm175_grab1
11387,1554,-3584,7714,CD,1,D1_pwm175_grab1
11392,8760,-2770,10330,CD,1,D1_pwm175_grab1
11397,-1096,1494,10116,CD,1,D1_pwm175_grab1
11403,-1410,1620,10932,CD,1,D1_pwm175_grab1
11407,-6184,-1968,8462,CD,1,D1_pwm175_grab1
11413,-3926,-3086,9908,CD,1,D1_pwm175_grab1
11417,1570,1548,10950,CD,1,D1_pwm175_grab1
11423,6524,-756,10844,CD,1,D1_pwm175_grab1
11427,1748,1186,11188,CD,1,D1_pwm175_grab1
11433,-1670,-1408,9270,CD,1,D1_pwm175_grab1
11437,-640,1156,10770,CD,1,D1_pwm175_grab1
11442,5918,-344,8776,CD,1,D1_pwm175_grab1
11447,-1682,-1936,9386,CD,1,D1_pwm175_grab1
11452,-66,1188,11014,CD,1,D1_pwm175_grab1
11458,-4956,102,12330,CD,1,D1_pwm175_grab1
11462,1414,-576,8962,CD,1,D1_pwm175_grab1
11468,-646,860,10194,CD,1,D1_pwm175_grab1
11479,3922,136,11690,CD,1,D1_pwm175_grab1
11483,-722,-1590,9612,CD,1,D1_pwm175_grab1
11493,1992,568,9814,CD,1,D1_pwm175_grab1
11499,-436,874,11238,CD,1,D1_pwm175_grab1
11504,1318,920,10384,CD,1,D1_pwm175_grab1
11509,3498,434,10370,CD,1,D1_pwm175_grab1
11514,2730,-1650,8092,CD,1,D1_pwm175_grab1
11520,-9174,-968,12626,CD,1,D1_pwm175_grab1
11523,-1686,1512,10516,CD,1,D1_pwm175_grab1
11528,-982,1460,10050,CD,1,D1_pwm175_grab1
11533,-3418,-2544,9968,CD,1,D1_pwm175_grab1
11539,-5024,-3414,10438,CD,1,D1_pwm175_grab1
11544,632,1378,9934,CD,1,D1_pwm175_grab1
11549,4212,974,10960,CD,1,D1_pwm175_grab1
11554,3316,472,11148,CD,1,D1_pwm175_grab1
11558,-736,-1826,9376,CD,1,D1_pwm175_grab1
11563,-1144,736,10764,CD,1,D1_pwm175_grab1
11574,-296,-2094,12172,CD,1,D1_pwm175_grab1
11578,-632,-1564,9984,CD,1,D1_pwm175_grab1
11589,1888,396,9850,CD,1,D1_pwm175_grab1
11594,-148,822,10426,CD,1,D1_pwm175_grab1
11598,2488,1132,9256,CD,1,D1_pwm175_grab1
11603,1998,-914,12420,CD,1,D1_pwm175_grab1
11608,2830,-2070,7746,CD,1,D1_pwm175_grab1
11613,684,-2280,8560,CD,1,D1_pwm175_grab1
11618,-2210,1462,10684,CD,1,D1_pwm175_grab1
11623,-348,1412,10292,CD,1,D1_pwm175_grab1
11628,-3918,-2246,8662,CD,1,D1_pwm175_grab1
11633,-5672,-3942,9812,CD,1,D1_pwm175_grab1
11638,650,1092,9948,CD,1,D1_pwm175_grab1
11648,2522,360,11500,CD,1,D1_pwm175_grab1
11653,-870,-1952,9588,CD,1,D1_pwm175_grab1
11658,-1108,680,10962,CD,1,D1_pwm175_grab1
11668,-830,-2182,11556,CD,1,D1_pwm175_grab1
11674,-250,-904,10218,CD,1,D1_pwm175_grab1
11684,396,-1490,9490,CD,1,D1_pwm175_grab1
11688,-818,1242,10826,CD,1,D1_pwm175_grab1
11694,2880,1052,9624,CD,1,D1_pwm175_grab1
11699,3892,440,11014,CD,1,D1_pwm175_grab1
11703,2444,-2038,8060,CD,1,D1_pwm175_grab1
11708,-330,-2256,8928,CD,1,D1_pwm175_grab1
11714,-1752,1492,10348,CD,1,D1_pwm175_grab1
11719,-1028,1468,10018,CD,1,D1_pwm175_grab1
11723,-4498,-686,12520,CD,1,D1_pwm175_grab1
11728,-476,-1054,8596,CD,1,D1_pwm175_grab1
11734,3382,380,10556,CD,1,D1_pwm175_grab1
11744,-1678,1800,9938,CD,1,D1_pwm175_grab1
11749,-1778,32,9732,CD,1,D1_pwm175_grab1
11755,-1938,-2078,9866,CD,1,D1_pwm175_grab1
11760,-1750,-2576,10152,CD,1,D1_pwm175_grab1
11765,2126,1762,10642,CD,1,D1_pwm175_grab1
11769,5772,-212,9846,CD,1,D1_pwm175_grab1
11776,1890,1204,11430,CD,1,D1_pwm175_grab1
11779,-152,-1536,9246,CD,1,D1_pwm175_grab1
11785,-900,1304,11070,CD,1,D1_pwm175_grab1
11794,1634,-1036,12504,CD,1,D1_pwm175_grab1
11799,136,-3654,8580,CD,1,D1_pwm175_grab1
11804,-6306,-206,12470,CD,1,D1_pwm175_grab1
11810,1424,-362,9140,CD,1,D1_pwm175_grab1
11814,-1072,1044,10408,CD,1,D1_pwm175_grab1
11820,-4608,-1164,12832,CD,1,D1_pwm175_grab1
11824,218,-852,8700,CD,1,D1_pwm175_grab1
11830,3708,790,9968,CD,1,D1_pwm175_grab1
11840,-848,1804,9818,CD,1,D1_pwm175_grab1
11844,-1556,1460,10572,CD,1,D1_pwm175_grab1
11849,-5932,-2102,8762,CD,1,D1_pwm175_grab1
11854,-3680,-3288,10068,CD,1,D1_pwm175_grab1
11859,1536,1638,10304,CD,1,D1_pwm175_grab1
11864,2424,1674,10296,CD,1,D1_pwm175_grab1
11869,1062,366,9888,CD,1,D1_pwm175_grab1
11875,306,-1444,9478,CD,1,D1_pwm175_grab1
11879,-754,1346,10890,CD,1,D1_pwm175_grab1
11889,-1490,-2230,9574,CD,1,D1_pwm175_grab1
11894,168,158,11116,CD,1,D1_pwm175_grab1
11900,-6076,-400,12534,CD,1,D1_pwm175_grab1
11904,630,666,9912,CD,1,D1_pwm175_grab1
11910,-652,948,11406,CD,1,D1_pwm175_grab1
11914,-4018,-770,12582,CD,1,D1_pwm175_grab1
11920,-348,-982,8520,CD,1,D1_pwm175_grab1
11925,1670,-3314,7810,CD,1,D1_pwm175_grab1
11929,-3866,-1766,11402,CD,1,D1_pwm175_grab1
11935,-1510,1270,9236,CD,1,D1_pwm175_grab1
11939,-500,1426,10398,CD,1,D1_pwm175_grab1
11945,-6870,-2090,8496,CD,1,D1_pwm175_grab1
11949,-2070,-2630,10312,CD,1,D1_pwm175_grab1
11954,-1060,-612,8930,CD,1,D1_pwm175_grab1
11960,3290,1416,11052,CD,1,D1_pwm175_grab1
11964,1060,446,10258,CD,1,D1_pwm175_grab1
11969,-1162,-1074,9540,CD,1,D1_pwm175_grab1
11975,238,-596,10860,CD,1,D1_pwm175_grab1
11979,6122,324,8932,CD,1,D1_pwm175_grab1
11985,-1538,-2046,9510,CD,1,D1_pwm175_grab1
11990,542,530,10960,CD,1,D1_pwm175_grab1
11995,-5810,-244,12230,CD,1,D1_pwm175_grab1
12000,1412,-478,9238,CD,1,D1_pwm175_grab1
12005,-1090,818,10752,CD,1,D1_pwm175_grab1
12016,372,-1774,12900,CD,1,D1_pwm175_grab1
12020,-646,-2526,9174,CD,1,D1_pwm175_grab1
12030,1764,272,10188,CD,1,D1_pwm175_grab1
12036,-1460,1302,10698,CD,1,D1_pwm175_grab1
12041,-6462,-1998,8756,CD,1,D1_pwm175_grab1
12046,2542,-72,10662,CD,1,D1_pwm175_grab1
12050,3086,-890,8768,CD,1,D1_pwm175_grab1
12055,2766,-1626,8594,CD,1,D1_pwm175_grab1
12061,-2970,1508,10266,CD,1,D1_pwm175_grab1
12066,-620,1064,10030,CD,1,D1_pwm175_grab1
12071,-2932,-1962,9258,CD,1,D1_pwm175_grab1
12076,5696,-80,9606,CD,1,D1_pwm175_grab1
12081,-1572,-2138,9096,CD,1,D1_pwm175_grab1
12086,-122,696,10844,CD,1,D1_pwm175_grab1
12090,2420,500,10694,CD,1,D1_pwm175_grab1
12095,-942,-1720,9788,CD,1,D1_pwm175_grab1
12100,-1182,840,11050,CD,1,D1_pwm175_grab1
12110,-274,-1856,12422,CD,1,D1_pwm175_grab1
12116,-736,-2116,9298,CD,1,D1_pwm175_grab1
12120,-5018,-1914,11774,CD,1,D1_pwm175_grab1
12126,-1198,1036,9024,CD,1,D1_pwm175_grab1
12130,-590,814,10902,CD,1,D1_pwm175_grab1
12135,946,240,10454,CD,1,D1_pwm175_grab1
12141,3158,294,10748,CD,1,D1_pwm175_grab1
12145,2798,-1138,8402,CD,1,D1_pwm175_grab1
12151,1204,-1720,8676,CD,1,D1_pwm175_grab1
12155,-2168,1542,10310,CD,1,D1_pwm175_grab1
12160,-1428,-814,9454,CD,1,D1_pwm175_grab1
12165,-632,-932,10286,CD,1,D1_pwm175_grab1
12171,-4736,-3564,10166,CD,1,D1_pwm175_grab1
12176,1040,816,9512,CD,1,D1_pwm175_grab1
12181,3684,1240,10806,CD,1,D1_pwm175_grab1
12186,3234,636,10794,CD,1,D1_pwm175_grab1
12191,-616,-1494,9716,CD,1,D1_pwm175_grab1
12196,-956,726,10872,CD,1,D1_pwm175_grab1
12205,3334,610,12704,CD,1,D1_pwm175_grab1
12210,-640,-1898,9638,CD,1,D1_pwm175_grab1
12221,1986,174,10018,CD,1,D1_pwm175_grab1
12226,-536,950,10362,CD,1,D1_pwm175_grab1
12230,2264,514,9424,CD,1,D1_pwm175_grab1
12236,3422,198,11416,CD,1,D1_pwm175_grab1
12241,2682,-1344,8396,CD,1,D1_pwm175_grab1
12247,1204,-1776,8622,CD,1,D1_pwm175_grab1
12252,424,394,9146,CD,1,D1_pwm175_grab1
12256,-484,1040,11050,CD,1,D1_pwm175_grab1
12262,-5272,-1590,12528,CD,1,D1_pwm175_grab1
12267,-424,-1392,8588,CD,1,D1_pwm175_grab1
12271,3814,1188,10518,CD,1,D1_pwm175_grab1
12282,-730,2116,9890,CD,1,D1_pwm175_grab1
12288,-1188,84,9926,CD,1,D1_pwm175_grab1
12291,-2488,-1536,9026,CD,1,D1_pwm175_grab1
12297,-786,-2252,10320,CD,1,D1_pwm175_grab1
12301,-736,-1232,9148,CD,1,D1_pwm175_grab1
12306,1870,1510,10016,CD,1,D1_pwm175_grab1
12311,444,304,10144,CD,1,D1_pwm175_grab1
12316,672,-1118,9614,CD,1,D1_pwm175_grab1
12322,-974,1342,10908,CD,1,D1_pwm175_grab1
12331,1576,-462,13056,CD,1,D1_pwm175_grab1
12337,378,-3816,8340,CD,1,D1_pwm175_grab1
12346,384,352,9422,CD,1,D1_pwm175_grab1
12351,-846,876,11518,CD,1,D1_pwm175_grab1
12356,-4800,-1184,12264,CD,1,D1_pwm175_grab1
12361,-456,-1476,8610,CD,1,D1_pwm175_grab1
12366,3068,1034,11046,CD,1,D1_pwm175_grab1
12371,-2440,-1702,11094,CD,1,D1_pwm175_grab1
12377,-1070,2180,9976,CD,1,D1_pwm175_grab1
12381,-2092,-186,9800,CD,1,D1_pwm175_grab1
12386,-1814,-1584,9826,CD,1,D1_pwm175_grab1
12392,-776,-1924,10810,CD,1,D1_pwm175_grab1
12397,-1038,-1030,8658,CD,1,D1_pwm175_grab1
12402,1216,1430,9940,CD,1,D1_pwm175_grab1
12406,196,-10,10414,CD,1,D1_pwm175_grab1
12411,-1528,-1114,9658,CD,1,D1_pwm175_grab1
12417,-1020,1270,10934,CD,1,D1_pwm175_grab1
12426,1862,58,12272,CD,1,D1_pwm175_grab1
12432,798,-3948,8634,CD,1,D1_pwm175_grab1
12441,310,220,9128,CD,1,D1_pwm175_grab1
12447,-542,984,10922,CD,1,D1_pwm175_grab1
12452,6516,1278,8512,CD,1,D1_pwm175_grab1
12456,4000,532,11978,CD,1,D1_pwm175_grab1
12461,3662,1350,10674,CD,1,D1_pwm175_grab1
12471,-314,2250,9886,CD,1,D1_pwm175_grab1
12477,-1194,36,9860,CD,1,D1_pwm175_grab1
12481,-2322,-1310,8944,CD,1,D1_pwm175_grab1
12487,-22,-1864,10640,CD,1,D1_pwm175_grab1
12491,1682,1406,9622,CD,1,D1_pwm175_grab1
12497,5360,192,10890,CD,1,D1_pwm175_grab1
12502,3002,1642,11672,CD,1,D1_pwm175_grab1
12507,-1566,-1022,9510,CD,1,D1_pwm175_grab1
12512,132,-272,11172,CD,1,D1_pwm175_grab1
12522,-1180,-2120,10244,CD,1,D1_pwm175_grab1
12528,-54,-596,10894,CD,1,D1_pwm175_grab1
12533,1866,542,9930,CD,1,D1_pwm175_grab1
12538,-670,-1368,9694,CD,1,D1_pwm175_grab1
12542,-860,1104,11334,CD,1,D1_pwm175_grab1
12547,5578,1174,7748,CD,1,D1_pwm175_grab1
12553,4186,396,12182,CD,1,D1_pwm175_grab1
12557,2016,-2456,7978,CD,1,D1_pwm175_grab1
12562,-1526,-1724,10400,CD,1,D1_pwm175_grab1
12568,-1952,1080,9758,CD,1,D1_pwm175_grab1
12572,-566,832,11174,CD,1,D1_pwm175_grab1
12578,-2898,-1178,12236,CD,1,D1_pwm175_grab1
12583,1430,-696,9130,CD,1,D1_pwm175_grab1
12587,1784,1470,9984,CD,1,D1_pwm175_grab1
12592,5522,292,9938,CD,1,D1_pwm175_grab1
12598,2212,1472,11644,CD,1,D1_pwm175_grab1
12602,-1476,-1126,9616,CD,1,D1_pwm175_grab1
12608,266,192,11144,CD,1,D1_pwm175_grab1
12612,-2888,-2628,10054,CD,1,D1_pwm175_grab1
12617,300,-488,9206,CD,1,D1_pwm175_grab1
12622,3066,1230,10902,CD,1,D1_pwm175_grab1
12628,2174,656,9832,CD,1,D1_pwm175_grab1
12632,1576,-102,9604,CD,1,D1_pwm175_grab1
12637,-1142,1310,10726,CD,1,D1_pwm175_grab1
12642,5992,1234,8668,CD,1,D1_pwm175_grab1
12647,3942,614,12088,CD,1,D1_pwm175_grab1
12653,1904,-2668,8456,CD,2,D1_pwm175_grab1
12663,1330,180,10046,CD,2,D1_pwm175_grab1
12668,-602,896,11084,CD,2,D1_pwm175_grab1
12673,-5130,-2020,9160,CD,2,D1_pwm175_grab1
12677,-4232,-3644,10146,CD,2,D1_pwm175_grab1
12683,1560,1334,9654,CD,2,D1_pwm175_grab1
12688,5544,294,10966,CD,2,D1_pwm175_grab1
12692,2982,1744,11734,CD,2,D1_pwm175_grab1
12698,-1156,374,9810,CD,2,D1_pwm175_grab1
12702,-2026,-1618,9808,CD,2,D1_pwm175_grab1
12707,-4026,-3202,10482,CD,2,D1_pwm175_grab1
12712,-234,-240,8960,CD,2,D1_pwm175_grab1
12718,42,-630,10978,CD,2,D1_pwm175_grab1
12722,-7476,-878,12922,CD,2,D1_pwm175_grab1
12728,1772,-176,9430,CD,2,D1_pwm175_grab1
12732,-692,1176,10438,CD,2,D1_pwm175_grab1
12742,418,-840,12706,CD,2,D1_pwm175_grab1
12748,-238,-3316,8734,CD,2,D1_pwm175_grab1
12763,-650,984,11240,CD,2,D1_pwm175_grab1
12769,-2014,-1086,11584,CD,2,D1_pwm175_grab1
12774,1926,-500,9544,CD,2,D1_pwm175_grab1
12779,1238,-3734,8470,CD,2,D1_pwm175_grab1
12783,-6252,-1926,12636,CD,2,D1_pwm175_grab1
12788,-878,504,8776,CD,2,D1_pwm175_grab1
12794,-1236,1010,11140,CD,2,D1_pwm175_grab1
12800,-7178,-2110,9556,CD,2,D1_pwm175_grab1
12804,-3750,-3074,9808,CD,2,D1_pwm175_grab1
12809,720,-242,9178,CD,2,D1_pwm175_grab1
12813,3348,1472,11326,CD,2,D1_pwm175_grab1
12818,844,2314,10964,CD,2,D1_pwm175_grab1
12824,-2288,-768,9416,CD,2,D1_pwm175_grab1
12829,-1342,-980,9924,CD,2,D1_pwm175_grab1
12834,2892,-806,10696,CD,2,D1_pwm175_grab1
12839,-1286,-1980,8548,CD,2,D1_pwm175_grab1
12843,-434,-3074,8642,CD,2,D1_pwm175_grab1
12853,1792,226,10210,CD,2,D1_pwm175_grab1
12859,-1014,1112,10682,CD,2,D1_pwm175_grab1
12869,2878,772,12362,CD,2,D1_pwm175_grab1
12873,1244,-3700,8446,CD,2,D1_pwm175_grab1
12878,-7558,-2286,11954,CD,2,D1_pwm175_grab1
12883,-562,260,8600,CD,2,D1_pwm175_grab1
12888,-718,604,9922,CD,2,D1_pwm175_grab1
12894,-2434,-1564,9516,CD,2,D1_pwm175_grab1
12898,-1464,-2732,8348,CD,2,D1_pwm175_grab1
12903,3244,1930,11044,CD,2,D1_pwm175_grab1
12909,7062,-754,9766,CD,2,D1_pwm175_grab1
12913,312,2166,10484,CD,2,D1_pwm175_grab1
12918,-1552,-474,9590,CD,2,D1_pwm175_grab1
12924,-1722,-708,9126,CD,2,D1_pwm175_grab1
12934,-150,-980,12488,CD,2,D1_pwm175_grab1
12939,-218,786,9384,CD,2,D1_pwm175_grab1
12944,-2442,-206,10978,CD,2,D1_pwm175_grab1
12948,980,-548,9814,CD,2,D1_pwm175_grab1
12953,-1064,1298,10924,CD,2,D1_pwm175_grab1
12963,2330,792,13056,CD,2,D1_pwm175_grab1
12969,1194,-3696,8522,CD,2,D1_pwm175_grab1
12973,3916,-1268,9538,CD,2,D1_pwm175_grab1
12978,-722,278,8770,CD,2,D1_pwm175_grab1
12983,-1206,964,11132,CD,2,D1_pwm175_grab1
12989,-7008,-1946,10096,CD,2,D1_pwm175_grab1
12993,-1488,-2786,8900,CD,2,D1_pwm175_grab1
12998,2310,1518,11072,CD,2,D1_pwm175_grab1
13009,702,2374,10866,CD,2,D1_pwm175_grab1
13014,-2266,-648,9360,CD,2,D1_pwm175_grab1
13020,-4472,-1662,8560,CD,2,D1_pwm175_grab1
13025,-5288,-3906,9586,CD,2,D1_pwm175_grab1
13029,1144,682,9454,CD,2,D1_pwm175_grab1
13034,4858,1224,10590,CD,2,D1_pwm175_grab1
13040,2654,1280,11392,CD,2,D1_pwm175_grab1
13044,-1652,-1404,9828,CD,2,D1_pwm175_grab1
13050,-406,642,10848,CD,2,D1_pwm175_grab1
13059,-836,-1374,11580,CD,2,D1_pwm175_grab1
13065,-374,-2000,9740,CD,2,D1_pwm175_grab1
13074,1874,316,9828,CD,2,D1_pwm175_grab1
13080,-1028,1234,10988,CD,2,D1_pwm175_grab1
13084,2298,-74,9608,CD,2,D1_pwm175_grab1
13089,3258,-98,10956,CD,2,D1_pwm175_grab1
13094,2286,-1278,8802,CD,2,D1_pwm175_grab1
13099,1210,-1166,8766,CD,2,D1_pwm175_grab1
13104,-2058,1230,10210,CD,2,D1_pwm175_grab1
13109,-454,866,9556,CD,2,D1_pwm175_grab1
13114,-3262,-1804,9914,CD,2,D1_pwm175_grab1
13120,-4370,-3224,10202,CD,2,D1_pwm175_grab1
13124,1246,68,8952,CD,2,D1_pwm175_grab1
13130,3682,1354,11332,CD,2,D1_pwm175_grab1
13135,3538,1242,10778,CD,2,D1_pwm175_grab1
13139,-2086,-540,9650,CD,2,D1_pwm175_grab1
13145,-604,654,10610,CD,2,D1_pwm175_grab1
13154,-104,-1008,12286,CD,2,D1_pwm175_grab1
13160,-508,-2852,8856,CD,2,D1_pwm175_grab1
13170,2026,196,9950,CD,2,D1_pwm175_grab1
13174,-382,1082,10900,CD,2,D1_pwm175_grab1
13185,1850,-1196,9828,CD,2,D1_pwm175_grab1
13189,2970,64,9356,CD,2,D1_pwm175_grab1
13195,5902,-1070,9990,CD,2,D1_pwm175_grab1
13199,-2170,1416,10040,CD,2,D1_pwm175_grab1
13205,-556,428,9694,CD,2,D1_pwm175_grab1
13210,-2534,-1330,9338,CD,2,D1_pwm175_grab1
13215,-3864,-2560,10538,CD,2,D1_pwm175_grab1
13220,2702,1622,10414,CD,2,D1_pwm175_grab1
13225,5848,48,10554,CD,2,D1_pwm175_grab1
13229,1276,876,9904,CD,2,D1_pwm175_grab1
13234,-304,-1200,9982,CD,2,D1_pwm175_grab1
13239,-728,1060,10988,CD,2,D1_pwm175_grab1
13250,612,110,13004,CD,2,D1_pwm175_grab1
13255,384,-3484,8480,CD,2,D1_pwm175_grab1
13265,1872,-192,9490,CD,2,D1_pwm175_grab1
13271,-900,1236,10644,CD,2,D1_pwm175_grab1
13276,7614,1498,6874,CD,2,D1_pwm175_grab1
13280,3538,242,12134,CD,2,D1_pwm175_grab1
13286,1468,-2400,8612,CD,2,D1_pwm175_grab1
13290,-1556,-1600,10838,CD,2,D1_pwm175_grab1
13295,-2500,614,9312,CD,2,D1_pwm175_grab1
13300,-464,876,9990,CD,2,D1_pwm175_grab1
13305,-2848,-1204,12324,CD,2,D1_pwm175_grab1
13310,1406,-1500,8962,CD,2,D1_pwm175_grab1
13316,1710,930,9770,CD,2,D1_pwm175_grab1
13320,5194,844,10344,CD,2,D1_pwm175_grab1
13325,2538,1706,11720,CD,2,D1_pwm175_grab1
13330,-1804,-1342,9720,CD,2,D1_pwm175_grab1
13335,168,324,10940,CD,2,D1_pwm175_grab1
13346,464,-1098,9028,CD,2,D1_pwm175_grab1
13350,1826,1012,9880,CD,2,D1_pwm175_grab1
13361,1800,176,9796,CD,2,D1_pwm175_grab1
13365,-1134,1202,10868,CD,2,D1_pwm175_grab1
13371,2562,-94,9538,CD,2,D1_pwm175_grab1
13375,3060,-322,10912,CD,2,D1_pwm175_grab1
13381,2068,-1054,9068,CD,2,D1_pwm175_grab1
13390,-152,222,9450,CD,2,D1_pwm175_grab1
13395,-792,890,11282,CD,2,D1_pwm175_grab1
13400,-3166,-1652,10008,CD,2,D1_pwm175_grab1
13406,-4302,-3052,10258,CD,2,D1_pwm175_grab1
13410,1410,-176,8970,CD,2,D1_pwm175_grab1
13415,3486,1272,11668,CD,2,D1_pwm175_grab1
13420,3354,1416,10492,CD,2,D1_pwm175_grab1
13425,-2048,-666,9612,CD,2,D1_pwm175_grab1
13430,-844,-848,9408,CD,2,D1_pwm175_grab1
13435,1730,-604,11458,CD,2,D1_pwm175_grab1
13440,-160,-528,12492,CD,2,D1_pwm175_grab1
13445,-162,-3220,8724,CD,2,D1_pwm175_grab1
13456,1934,212,9944,CD,2,D1_pwm175_grab1
13461,-358,1018,10974,CD,2,D1_pwm175_grab1
13471,2476,866,11962,CD,2,D1_pwm175_grab1
13475,1268,-3094,9082,CD,2,D1_pwm175_grab1
13481,-5640,-2256,11984,CD,2,D1_pwm175_grab1
13485,-1804,1334,9930,CD,2,D1_pwm175_grab1
13491,-580,234,9760,CD,2,D1_pwm175_grab1
13496,-2474,-1446,9252,CD,2,D1_pwm175_grab1
13500,-3348,-2270,10816,CD,2,D1_pwm175_grab1
13505,2454,1458,10266,CD,2,D1_pwm175_grab1
13510,5666,202,10606,CD,2,D1_pwm175_grab1
13516,2628,2412,11444,CD,2,D1_pwm175_grab1
13520,-1438,-838,9566,CD,2,D1_pwm175_grab1
13526,56,-420,10526,CD,2,D1_pwm175_grab1
13532,6176,902,10010,CD,2,D1_pwm175_grab1
13536,-1090,-1778,9716,CD,2,D1_pwm175_grab1
13542,494,-644,10560,CD,2,D1_pwm175_grab1
13546,2520,1276,10362,CD,2,D1_pwm175_grab1
13552,-1068,-1446,9616,CD,2,D1_pwm175_grab1
13556,-690,702,10956,CD,2,D1_pwm175_grab1
13566,-198,-394,12604,CD,2,D1_pwm175_grab1
13571,1554,-2320,8416,CD,2,D1_pwm175_grab1
13577,-1418,-1830,10624,CD,2,D1_pwm175_grab1
13582,-2342,574,9232,CD,2,D1_pwm175_grab1
13586,-558,950,11238,CD,2,D1_pwm175_grab1
13591,-2872,-1180,12388,CD,2,D1_pwm175_grab1
13597,1606,-1562,8918,CD,2,D1_pwm175_grab1
13602,2992,764,9808,CD,2,D1_pwm175_grab1
13611,2520,1686,12004,CD,2,D1_pwm175_grab1
13616,-1644,-1450,9558,CD,2,D1_pwm175_grab1
13622,220,396,11044,CD,2,D1_pwm175_grab1
13626,-2396,-2012,10514,CD,2,D1_pwm175_grab1
13632,570,-1070,8966,CD,2,D1_pwm175_grab1
13636,1930,1142,9878,CD,2,D1_pwm175_grab1
13641,686,1058,10120,CD,2,D1_pwm175_grab1
13647,250,-1130,9714,CD,2,D1_pwm175_grab1
13651,-690,1122,10642,CD,2,D1_pwm175_grab1
13656,3150,224,9216,CD,2,D1_pwm175_grab1
13661,3272,-94,10998,CD,2,D1_pwm175_grab1
13667,790,-3920,8710,CD,2,D1_pwm175_grab1
13677,20,496,9598,CD,2,D1_pwm175_grab1
13682,-774,1034,11360,CD,2,D1_pwm175_grab1
13686,-5616,-1518,11846,CD,2,D1_pwm175_grab1
13691,-694,-2782,8180,CD,2,D1_pwm175_grab1
13697,1502,-222,8908,CD,2,D1_pwm175_grab1
13701,3610,1412,11642,CD,2,D1_pwm175_grab1
13707,-308,1754,10280,CD,2,D1_pwm175_grab1
13711,-1796,-712,9692,CD,2,D1_pwm175_grab1
13716,-1014,-770,9440,CD,2,D1_pwm175_grab1
13722,1174,-772,11350,CD,2,D1_pwm175_grab1
13726,-890,-1990,8476,CD,2,D1_pwm175_grab1
13731,-258,1036,9578,CD,2,D1_pwm175_grab1
13736,-2948,-38,11104,CD,2,D1_pwm175_grab1
13741,2124,446,9960,CD,2,D1_pwm175_grab1
13747,-300,1002,10900,CD,2,D1_pwm175_grab1
13756,2190,956,12214,CD,2,D1_pwm175_grab1
13762,1172,-3160,9138,CD,2,D1_pwm175_grab1
13767,-5828,-2306,12010,CD,2,D1_pwm175_grab1
13772,-1154,734,8776,CD,2,D1_pwm175_grab1
13777,-1088,1130,10644,CD,2,D1_pwm175_grab1
13782,-7356,-2158,9444,CD,2,D1_pwm175_grab1
13787,2518,-622,10192,CD,2,D1_pwm175_grab1
13792,2208,-382,9258,CD,2,D1_pwm175_grab1
13798,3770,-1124,8774,CD,2,D1_pwm175_grab1
13802,-2404,1056,10186,CD,2,D1_pwm175_grab1
13808,-800,708,9938,CD,2,D1_pwm175_grab1
13812,-2056,-1642,9972,CD,2,D1_pwm175_grab1
13818,-4274,-2840,10606,CD,2,D1_pwm175_grab1
13822,728,-942,8714,CD,2,D1_pwm175_grab1
13828,462,-840,10486,CD,2,D1_pwm175_grab1
13832,2022,1264,10156,CD,2,D1_pwm175_grab1
13837,-738,-1510,9536,CD,2,D1_pwm175_grab1
13843,-664,874,10976,CD,2,D1_pwm175_grab1
13853,-24,72,12670,CD,2,D1_pwm175_grab1
13857,428,-3564,8980,CD,2,D1_pwm175_grab1
13867,-2330,722,9736,CD,2,D1_pwm175_grab1
13872,-672,954,11342,CD,2,D1_pwm175_grab1
13878,-4620,-1544,13028,CD,2,D1_pwm175_grab1
13882,690,-2194,8460,CD,2,D1_pwm175_grab1
13887,2920,1338,10448,CD,2,D1_pwm175_grab1
13897,-300,1510,9886,CD,2,D1_pwm175_grab1
13903,-1028,-166,9674,CD,2,D1_pwm175_grab1
13907,-1974,-998,9136,CD,2,D1_pwm175_grab1
13912,508,-1094,11074,CD,2,D1_pwm175_grab1
13917,-54,-1724,8796,CD,2,D1_pwm175_grab1
13922,-318,1344,8748,CD,2,D1_pwm175_grab1
13927,-1566,632,10888,CD,2,D1_pwm175_grab1
13933,1058,-800,9402,CD,2,D1_pwm175_grab1
13937,-734,950,10460,CD,2,D1_pwm175_grab1
13947,1904,1078,12892,CD,2,D1_pwm175_grab1
13953,1126,-3522,8880,CD,2,D1_pwm175_grab1
13958,-5666,-2420,11820,CD,2,D1_pwm175_grab1
13963,-1362,838,9084,CD,2,D1_pwm175_grab1
13967,-764,1194,10870,CD,2,D1_pwm175_grab1
13977,-2836,-3946,8660,CD,2,D1_pwm175_grab1
13982,1982,1050,10590,CD,2,D1_pwm175_grab1
13988,5758,588,10368,CD,2,D1_pwm175_grab1
13992,-1974,1008,9954,CD,2,D1_pwm175_grab1
13997,-1780,-1348,9552,CD,2,D1_pwm175_grab1
14002,878,-46,11046,CD,2,D1_pwm175_grab1
14008,6616,1320,9404,CD,2,D1_pwm175_grab1
14012,-1362,-1686,9850,CD,2,D1_pwm175_grab1
14018,786,-764,10732,CD,2,D1_pwm175_grab1
14028,1804,190,9584,CD,2,D1_pwm175_grab1
14033,-752,1000,10516,CD,2,D1_pwm175_grab1
14044,106,576,13374,CD,2,D1_pwm175_grab1
14049,488,-3988,8706,CD,2,D1_pwm175_grab1
14058,518,784,10020,CD,2,D1_pwm175_grab1
14064,-628,1006,11374,CD,2,D1_pwm175_grab1
14068,-5214,-1366,12158,CD,2,D1_pwm175_grab1
14073,3306,408,11924,CD,2,D1_pwm175_grab1
14078,1462,-1756,8458,CD,2,D1_pwm175_grab1
14088,-482,1286,10106,CD,2,D1_pwm175_grab1
14093,-1816,-680,9708,CD,2,D1_pwm175_grab1
14098,-768,-816,9552,CD,2,D1_pwm175_grab1
14104,1852,-492,11276,CD,2,D1_pwm175_grab1
14108,-798,-2164,8576,CD,2,D1_pwm175_grab1
14113,3686,1704,10914,CD,2,D1_pwm175_grab1
14119,3280,962,11132,CD,2,D1_pwm175_grab1
14124,1354,-562,9334,CD,2,D1_pwm175_grab1
14128,-850,742,10660,CD,2,D1_pwm175_grab1
14138,2450,918,12116,CD,2,D1_pwm175_grab1
14144,1340,-2692,9232,CD,2,D1_pwm175_grab1
14148,-3812,-2432,11304,CD,2,D1_pwm175_grab1
14154,1908,834,10488,CD,2,D1_pwm175_grab1
14159,-434,786,11168,CD,2,D1_pwm175_grab1
14163,-1162,-524,11702,CD,2,D1_pwm175_grab1
14168,-3296,-3774,9826,CD,2,D1_pwm175_grab1
14173,1916,674,9564,CD,2,D1_pwm175_grab1
14179,4866,856,11092,CD,2,D1_pwm175_grab1
14184,3332,1388,11592,CD,2,D1_pwm175_grab1
14188,-1292,-1658,9274,CD,2,D1_pwm175_grab1
14193,-1544,-1546,9782,CD,2,D1_pwm175_grab1
14199,-1908,-1866,11168,CD,2,D1_pwm175_grab1
14204,34,-1936,8472,CD,2,D1_pwm175_grab1
14209,-218,-2198,9752,CD,2,D1_pwm175_grab1
14219,2484,698,9930,CD,2,D1_pwm175_grab1
14223,-458,644,10314,CD,2,D1_pwm175_grab1
14229,1008,-40,9564,CD,2,D1_pwm175_grab1
14233,964,1034,12482,CD,2,D1_pwm175_grab1
14239,1016,-3598,9224,CD,2,D1_pwm175_grab1
14249,-478,1066,9204,CD,2,D1_pwm175_grab1
14253,-446,1002,9996,CD,2,D1_pwm175_grab1
14259,-2776,-1852,9404,CD,2,D1_pwm175_grab1
14263,-3810,-2896,10198,CD,2,D1_pwm175_grab1
14268,974,-1486,8962,CD,2,D1_pwm175_grab1
14279,2178,1112,10886,CD,2,D1_pwm175_grab1
14283,-1536,-1206,9480,CD,2,D1_pwm175_grab1
14288,262,-380,10640,CD,2,D1_pwm175_grab1
14299,-848,-1780,9772,CD,2,D1_pwm175_grab1
14304,674,-878,10430,CD,2,D1_pwm175_grab1
14314,-468,-1822,9270,CD,2,D1_pwm175_grab1
14320,-856,910,10834,CD,2,D1_pwm175_grab1
14329,-164,372,12906,CD,2,D1_pwm175_grab1
14336,330,-3866,8982,CD,2,D1_pwm175_grab1
14340,-354,-2944,8752,CD,2,D1_pwm175_grab1
14345,-2510,762,9840,CD,2,D1_pwm175_grab1
14350,-248,1596,10322,CD,2,D1_pwm175_grab1
14354,-4654,-1580,13022,CD,2,D1_pwm175_grab1
14360,268,-2282,8294,CD,2,D1_pwm175_grab1
14364,2746,1656,10372,CD,2,D1_pwm175_grab1
14379,-1026,-2098,9378,CD,2,D1_pwm175_grab1
14385,-758,916,10676,CD,2,D1_pwm175_grab1
14394,-874,-248,12672,CD,2,D1_pwm175_grab1
14399,-422,1698,8872,CD,2,D1_pwm175_grab1
14404,-1672,1318,11476,CD,2,D1_pwm175_grab1
14409,1338,-882,9210,CD,2,D1_pwm175_grab1
14414,-740,712,10242,CD,2,D1_pwm175_grab1
14425,1536,-1098,9304,CD,2,D1_pwm175_grab1
14430,2324,814,9936,CD,2,D1_pwm175_grab1
14434,6670,-2576,9550,CD,2,D1_pwm175_grab1
14439,-1546,1174,9288,CD,2,D1_pwm175_grab1
14444,-676,1614,11060,CD,2,D1_pwm175_grab1
14449,-7428,-1848,8850,CD,2,D1_pwm175_grab1
14455,-3004,-4068,8506,CD,2,D1_pwm175_grab1
14459,1884,1122,10408,CD,2,D1_pwm175_grab1
14464,2840,2044,11022,CD,2,D1_pwm175_grab1
14470,1540,1666,10698,CD,2,D1_pwm175_grab1
14474,332,-1568,9188,CD,2,D1_pwm175_grab1
14480,632,-94,10994,CD,2,D1_pwm175_grab1
14485,6712,1364,9318,CD,2,D1_pwm175_grab1
14490,-1408,-1838,9778,CD,2,D1_pwm175_grab1
14495,1016,-788,10426,CD,2,D1_pwm175_grab1
14505,2068,410,9520,CD,2,D1_pwm175_grab1
14509,-426,1386,11338,CD,2,D1_pwm175_grab1
14515,-5954,-1718,12176,CD,2,D1_pwm175_grab1
14520,3066,470,11772,CD,2,D1_pwm175_grab1
14524,1736,-1322,9108,CD,2,D1_pwm175_grab1
14529,-434,-3278,8900,CD,2,D1_pwm175_grab1
14535,-2272,982,9718,CD,2,D1_pwm175_grab1
14539,-912,1766,10234,CD,2,D1_pwm175_grab1
14544,-3702,-1818,9664,CD,2,D1_pwm175_grab1
14551,-4250,-3786,10376,CD,2,D1_pwm175_grab1
14556,1306,-402,9076,CD,2,D1_pwm175_grab1
14565,-1766,400,9544,CD,2,D1_pwm175_grab1
14570,-1546,-396,9822,CD,2,D1_pwm175_grab1
14576,-1500,-1024,9664,CD,2,D1_pwm175_grab1
14581,754,-1346,10974,CD,2,D1_pwm175_grab1
14586,-790,-2562,8368,CD,2,D1_pwm175_grab1
14590,238,1852,9384,CD,2,D1_pwm175_grab1
14600,1118,-1054,9204,CD,2,D1_pwm175_grab1
14606,-982,736,10514,CD,2,D1_pwm175_grab1
14616,1692,1332,12548,CD,2,D1_pwm175_grab1
14621,1166,-3284,9300,CD,2,D1_pwm175_grab1
14626,-6840,-3424,11602,CD,2,D1_pwm175_grab1
14631,-894,1386,9030,CD,2,D1_pwm175_grab1
14636,-484,926,10126,CD,2,D1_pwm175_grab1
14640,-7098,-2060,9730,CD,2,D1_pwm175_grab1
14645,-1958,-3630,8736,CD,2,D1_pwm175_grab1
14650,2180,1440,10114,CD,2,D1_pwm175_grab1
14655,5962,236,10986,CD,2,D1_pwm175_grab1
14660,2008,724,10764,CD,2,D1_pwm175_grab1
14666,-1634,-1502,9324,CD,2,D1_pwm175_grab1
14670,88,-452,10472,CD,2,D1_pwm175_grab1
14676,6828,1052,9766,CD,2,D1_pwm175_grab1
14680,-1018,-1908,9806,CD,2,D1_pwm175_grab1
14685,568,-692,10444,CD,2,D1_pwm175_grab1
14691,-6474,1234,13030,CD,2,D1_pwm175_grab1
14695,2292,168,9238,CD,2,D1_pwm175_grab1
14701,-564,654,10062,CD,2,D1_pwm175_grab1
14705,5900,1144,7584,CD,2,D1_pwm175_grab1
14711,3060,434,11958,CD,2,D1_pwm175_grab1
14715,1634,-1532,8756,CD,2,D1_pwm175_grab1
14721,-1146,-3658,9042,CD,2,D1_pwm175_grab1
14725,-2660,850,9758,CD,2,D1_pwm175_grab1
14730,-352,1822,10464,CD,2,D1_pwm175_grab1
14736,-4758,-1630,8648,CD,2,D1_pwm175_grab1
14740,-4828,-4354,9250,CD,2,D1_pwm175_grab1
14745,1394,-112,9204,CD,2,D1_pwm175_grab1
14751,4482,2356,11016,CD,2,D1_pwm175_grab1
14761,-1034,62,9850,CD,2,D1_pwm175_grab1
14765,-864,546,10726,CD,2,D1_pwm175_grab1
14790,2312,1448,10236,CD,2,D1_pwm175_grab1
14795,-492,656,10908,CD,2,D1_pwm175_grab1
14806,1478,1578,13186,CD,2,D1_pwm175_grab1
14811,1034,-3692,8908,CD,2,D1_pwm175_grab1
14817,-6982,-3268,11286,CD,2,D1_pwm175_grab1
14822,-1054,1356,9492,CD,2,D1_pwm175_grab1
14826,-356,1594,11322,CD,2,D1_pwm175_grab1
14831,-7314,-1592,9566,CD,2,D1_pwm175_grab1
14837,-2580,-3730,8206,CD,2,D1_pwm175_grab1
14842,2104,50,8824,CD,2,D1_pwm175_grab1
14846,1646,-3476,7906,CD,2,D1_pwm175_grab1
14851,834,348,10730,CD,2,D1_pwm175_grab1
14856,-1776,-1564,9534,CD,2,D1_pwm175_grab1
14861,164,-586,10568,CD,2,D1_pwm175_grab1
14866,5682,630,9744,CD,2,D1_pwm175_grab1
14872,-1454,-2234,9430,CD,2,D1_pwm175_grab1
14877,1052,-206,10250,CD,2,D1_pwm175_grab1
14881,3286,1246,10708,CD,2,D1_pwm175_grab1
14886,-318,-2426,9232,CD,2,D1_pwm175_grab1
14891,-716,820,10478,CD,2,D1_pwm175_grab1
14897,6938,1208,8250,CD,2,D1_pwm175_grab1
14901,2894,844,12052,CD,2,D1_pwm175_grab1
14906,1562,-1868,9234,CD,2,D1_pwm175_grab1
14911,-2060,-3780,9714,CD,2,D1_pwm175_grab1
14916,-2344,1194,9260,CD,2,D1_pwm175_grab1
14922,-172,990,11118,CD,2,D1_pwm175_grab1
14926,-2448,-1182,12280,CD,2,D1_pwm175_grab1
14931,320,-1844,8620,CD,2,D1_pwm175_grab1
14936,1528,74,9174,CD,2,D1_pwm175_grab1
14942,4968,1860,11576,CD,2,D1_pwm175_grab1
14947,3580,876,11536,CD,2,D1_pwm175_grab1
14952,-1266,-2306,9004,CD,2,D1_pwm175_grab1
14956,-690,150,10758,CD,2,D1_pwm175_grab1
14962,-1042,-2072,10508,CD,2,D1_pwm175_grab1
14967,-382,-2592,8418,CD,2,D1_pwm175_grab1
14971,1670,2198,10048,CD,2,D1_pwm175_grab1
14982,2774,1166,9778,CD,2,D1_pwm175_grab1
14986,-360,668,10184,CD,2,D1_pwm175_grab1
14992,984,-326,9432,CD,2,D1_pwm175_grab1
14996,2574,-722,10464,CD,2,D1_pwm175_grab1
15001,2410,344,8952,CD,2,D1_pwm175_grab1
15006,-8684,-3356,11706,CD,2,D1_pwm175_grab1
15012,-342,1646,9230,CD,2,D1_pwm175_grab1
15016,-754,1566,11582,CD,2,D1_pwm175_grab1
15021,-3060,-1518,9726,CD,2,D1_pwm175_grab1
15026,-4054,-3498,9448,CD,2,D1_pwm175_grab1
15032,834,-1610,8990,CD,2,D1_pwm175_grab1
15036,3340,2896,12034,CD,2,D1_pwm175_grab1
15042,2446,1474,10802,CD,2,D1_pwm175_grab1
15047,-1552,-1152,9662,CD,2,D1_pwm175_grab1
15052,-622,-612,10264,CD,2,D1_pwm175_grab1
15057,5834,282,10112,CD,2,D1_pwm175_grab1
15062,-1002,-2312,9444,CD,2,D1_pwm175_grab1
15068,550,-144,10234,CD,2,D1_pwm175_grab1
15072,-5182,1762,12904,CD,2,D1_pwm175_grab1
15078,2330,-38,8890,CD,2,D1_pwm175_grab1
15082,-476,686,10198,CD,2,D1_pwm175_grab1
15092,-504,244,13090,CD,2,D1_pwm175_grab1
15097,18,-3720,8838,CD,2,D1_pwm175_grab1
15107,-2666,1010,9512,CD,2,D1_pwm175_grab1
15112,-74,1816,10632,CD,2,D1_pwm175_grab1
15117,-5218,-1478,8852,CD,2,D1_pwm175_grab1
15123,-4734,-4366,8928,CD,2,D1_pwm175_grab1
15128,2570,1664,9914,CD,2,D1_pwm175_grab1
15133,8916,-2694,10626,CD,2,D1_pwm175_grab1
15138,-1880,406,9366,CD,2,D1_pwm175_grab1
15142,-726,442,9954,CD,2,D1_pwm175_grab1
15147,-768,126,10684,CD,2,D1_pwm175_grab1
15158,-1142,-776,12092,CD,2,D1_pwm175_grab1
15162,-30,-2544,9362,CD,2,D1_pwm175_grab1
15167,314,2030,11378,CD,2,D1_pwm175_grab1
15172,1088,-1502,9068,CD,2,D1_pwm175_grab1
15177,-854,786,10098,CD,2,D1_pwm175_grab1
15187,1328,1466,13078,CD,2,D1_pwm175_grab1
15192,2106,354,9720,CD,2,D1_pwm175_grab1
15197,4130,-3056,8388,CD,2,D1_pwm175_grab1
15202,-2824,606,9874,CD,2,D1_pwm175_grab1
15208,-268,1430,11206,CD,2,D1_pwm175_grab1
15213,-7160,-1402,9792,CD,2,D1_pwm175_grab1
15218,-2590,-3682,8194,CD,2,D1_pwm175_grab1
15222,2182,1660,10572,CD,2,D1_pwm175_grab1
15227,6220,424,10562,CD,2,D1_pwm175_grab1
15232,2280,1958,10870,CD,2,D1_pwm175_grab1
15238,-10,-2252,9134,CD,2,D1_pwm175_grab1
15243,-974,624,10596,CD,2,D1_pwm175_grab1
15247,5982,678,9510,CD,2,D1_pwm175_grab1
15253,-1484,-2396,9588,CD,2,D1_pwm175_grab1
15258,1222,-334,10448,CD,2,D1_pwm175_grab1
15267,2548,302,8926,CD,2,D1_pwm175_grab1
15273,-612,906,10514,CD,2,D1_pwm175_grab1
15278,-5358,-1708,12644,CD,2,D1_pwm175_grab1
15283,-594,-2742,8032,CD,2,D1_pwm175_grab1
15287,1692,-1764,9076,CD,2,D1_pwm175_grab1
15292,-1070,-3830,8776,CD,2,D1_pwm175_grab1
15297,-2508,1080,9436,CD,2,D1_pwm175_grab1
15303,-742,1780,10362,CD,2,D1_pwm175_grab1
15307,-3644,-1298,9890,CD,2,D1_pwm175_grab1
15312,-4274,-3768,10054,CD,2,D1_pwm175_grab1
15318,1186,-134,9066,CD,2,D1_pwm175_grab1
15324,4654,2376,12116,CD,2,D1_pwm175_grab1
15328,-2312,220,9520,CD,2,D1_pwm175_grab1
15334,-1436,-248,10040,CD,2,D1_pwm175_grab1
15338,-1784,-900,9752,CD,2,D1_pwm175_grab1
15344,1194,-1520,10448,CD,2,D1_pwm175_grab1
15348,-978,-2752,8674,CD,2,D1_pwm175_grab1
15354,60,1872,9564,CD,2,D1_pwm175_grab1
15358,-1758,1712,12028,CD,2,D1_pwm175_grab1
15364,2648,1358,10116,CD,2,D1_pwm175_grab1
15369,-776,856,10414,CD,2,D1_pwm175_grab1
15378,2084,1328,12400,CD,2,D1_pwm175_grab1
15384,1210,-3068,9164,CD,2,D1_pwm175_grab1
15388,-5644,-3598,10822,CD,2,D1_pwm175_grab1
15394,-1748,1502,8904,CD,2,D1_pwm175_grab1
15399,-780,1658,11134,CD,2,D1_pwm175_grab1
15403,-2676,-1348,9424,CD,2,D1_pwm175_grab1
15408,-3112,-3808,9326,CD,2,D1_pwm175_grab1
15413,1758,1384,9660,CD,2,D1_pwm175_grab1
15418,5662,1172,11542,CD,2,D1_pwm175_grab1
15423,2892,792,11374,CD,2,D1_pwm175_grab1
15428,-1336,-1890,9368,CD,2,D1_pwm175_grab1
15433,-206,-410,10848,CD,2,D1_pwm175_grab1
15443,-1322,-1890,11104,CD,2,D1_pwm175_grab1
15448,76,-1766,10060,CD,2,D1_pwm175_grab1
15458,2836,864,9338,CD,2,D1_pwm175_grab1
15463,-490,812,10150,CD,2,D1_pwm175_grab1
15468,2182,-4,8858,CD,2,D1_pwm175_grab1
15474,2922,-248,11022,CD,2,D1_pwm175_grab1
15479,2132,-324,8870,CD,2,D1_pwm175_grab1
15483,1972,-3616,7662,CD,2,D1_pwm175_grab1
15489,-2666,344,10038,CD,2,D1_pwm175_grab1
15493,116,1458,10156,CD,2,D1_pwm175_grab1
15498,-3374,-1262,9932,CD,2,D1_pwm175_grab1
15503,-4348,-3456,9192,CD,2,D1_pwm175_grab1
15508,842,-824,9162,CD,2,D1_pwm175_grab1
15513,3462,2966,12084,CD,2,D1_pwm175_grab1
15518,2482,1418,10924,CD,2,D1_pwm175_grab1
15523,-150,-2376,9276,CD,2,D1_pwm175_grab1
15529,-612,-770,10262,CD,2,D1_pwm175_grab1
15539,-260,294,13656,CD,2,D1_pwm175_grab1
15543,238,-3996,8654,CD,2,D1_pwm175_grab1
15554,1114,1710,10300,CD,2,D1_pwm175_grab1
15559,-200,1046,11336,CD,2,D1_pwm175_grab1
15563,-4756,-1142,12648,CD,2,D1_pwm175_grab1
15569,-716,-2420,8352,CD,2,D1_pwm175_grab1
15575,1464,-2136,8530,CD,2,D1_pwm175_grab1
15579,-1916,-4012,8744,CD,2,D1_pwm175_grab1
15584,-2950,902,9504,CD,2,D1_pwm175_grab1
15589,-110,1688,10372,CD,2,D1_pwm175_grab1
15595,-4850,-1312,9132,CD,2,D1_pwm175_grab1
15599,-5002,-4122,9076,CD,2,D1_pwm175_grab1
15604,1328,652,9424,CD,2,D1_pwm175_grab1
15614,-1310,402,9382,CD,2,D1_pwm175_grab1
15620,-962,-2456,9316,CD,2,D1_pwm175_grab1
15625,-1118,20,10568,CD,2,D1_pwm175_grab1
15634,-954,-784,12868,CD,2,D1_pwm175_grab1
15639,-96,-3224,8902,CD,2,D1_pwm175_grab1
15650,2458,1642,10274,CD,2,D1_pwm175_grab1
15655,-688,620,10008,CD,2,D1_pwm175_grab1
15659,-1266,-586,12198,CD,2,D1_pwm175_grab1
15664,820,-1288,9010,CD,2,D1_pwm175_grab1
15670,2276,868,10496,CD,2,D1_pwm175_grab1
15679,-2652,356,9636,CD,2,D1_pwm175_grab1
15684,-1182,452,9734,CD,2,D1_pwm175_grab1
15689,-1954,-1192,10038,CD,2,D1_pwm175_grab1
15695,-3922,-4076,8648,CD,2,D1_pwm175_grab1
15700,1614,1454,10018,CD,2,D1_pwm175_grab1
15705,978,2236,10014,CD,2,D1_pwm175_grab1
15709,122,2200,11720,CD,2,D1_pwm175_grab1
15715,1090,-1554,8992,CD,2,D1_pwm175_grab1
15720,-960,668,10214,CD,2,D1_pwm175_grab1
15729,1508,1222,12200,CD,2,D1_pwm175_grab1
15734,324,-1966,9704,CD,2,D1_pwm175_grab1
15744,-1028,1296,9148,CD,2,D1_pwm175_grab1
15750,-496,1542,11018,CD,2,D1_pwm175_grab1
15754,-6634,-1560,10054,CD,2,D1_pwm175_grab1
15760,-2364,-3574,8786,CD,2,D1_pwm175_grab1
15765,2298,2138,10188,CD,2,D1_pwm175_grab1
15769,5438,822,10746,CD,2,D1_pwm175_grab1
15775,-2886,424,9632,CD,2,D1_pwm175_grab1
15779,-748,1064,9740,CD,2,D1_pwm175_grab1
15785,-2040,-1246,10668,CD,2,D1_pwm175_grab1
15795,-1506,-2076,10918,CD,2,D1_pwm175_grab1
15799,442,-1346,10282,CD,2,D1_pwm175_grab1
15810,2934,1030,9464,CD,2,D1_pwm175_grab1
15814,-1034,466,10402,CD,2,D1_pwm175_grab1
15824,316,662,12696,CD,2,D1_pwm175_grab1
15831,394,-4072,8662,CD,2,D1_pwm175_grab1
15840,274,1568,9630,CD,2,D1_pwm175_grab1
15846,-358,1388,11184,CD,2,D1_pwm175_grab1
15851,-6556,-1502,11724,CD,2,D1_pwm175_grab1
15856,3096,434,11288,CD,2,D1_pwm175_grab1
15860,1890,-1318,9180,CD,2,D1_pwm175_grab1
15866,420,-4088,7640,CD,2,D1_pwm175_grab1
15872,-2758,564,9688,CD,2,D1_pwm175_grab1
15875,-1408,-1008,9760,CD,2,D1_pwm175_grab1
15880,-748,-858,9852,CD,2,D1_pwm175_grab1
15886,5694,48,10108,CD,2,D1_pwm175_grab1
15890,-1272,-2424,9878,CD,2,D1_pwm175_grab1
15896,4352,2692,12834,CD,2,D1_pwm175_grab1
15901,3210,1874,11114,CD,2,D1_pwm175_grab1
15905,-316,-2442,9184,CD,2,D1_pwm175_grab1
15911,-1058,88,10426,CD,2,D1_pwm175_grab1
15916,6260,1524,7734,CD,2,D1_pwm175_grab1
15921,3264,718,11994,CD,2,D1_pwm175_grab1
15925,1528,-2100,8632,CD,2,D1_pwm175_grab1
15930,-930,-4128,8534,CD,2,D1_pwm175_grab1
15935,1666,1598,10168,CD,2,D1_pwm175_grab1
15940,-218,1324,11050,CD,2,D1_pwm175_grab1
15945,-4500,-1166,13102,CD,2,D1_pwm175_grab1
15951,-152,-2262,8286,CD,2,D1_pwm175_grab1
15955,2568,1864,10528,CD,2,D1_pwm175_grab1
15961,4566,3048,11746,CD,2,D1_pwm175_grab1
15965,2830,1116,11728,CD,2,D1_pwm175_grab1
15971,-892,-2588,9182,CD,2,D1_pwm175_grab1
15975,-1992,-848,9090,CD,2,D1_pwm175_grab1
15980,2790,-1072,10544,CD,2,D1_pwm175_grab1
15986,-838,-2354,9250,CD,2,D1_pwm175_grab1
15991,392,1330,10034,CD,2,D1_pwm175_grab1
15995,-2668,2206,12350,CD,2,D1_pwm175_grab1
16001,2318,1766,10272,CD,2,D1_pwm175_grab1
16006,-328,1286,11322,CD,2,D1_pwm175_grab1
16011,-2902,-718,12998,CD,2,D1_pwm175_grab1
16015,2660,1036,12334,CD,2,D1_pwm175_grab1
16020,1108,-2966,8550,CD,2,D1_pwm175_grab1
16025,-3418,-4036,10224,CD,2,D1_pwm175_grab1
16030,-2780,1002,9300,CD,2,D1_pwm175_grab1
16036,-258,1548,10656,CD,2,D1_pwm175_grab1
16040,-5238,-1104,9080,CD,2,D1_pwm175_grab1
16045,1598,-1388,10680,CD,2,D1_pwm175_grab1
16050,-426,-2292,8590,CD,2,D1_pwm175_grab1
16055,-242,1708,9562,CD,2,D1_pwm175_grab1
16060,2660,860,11984,CD,2,D1_pwm175_grab1
16065,-1286,-2450,9270,CD,2,D1_pwm175_grab1
16070,-1358,-366,10774,CD,2,D1_pwm175_grab1
16081,-1380,-1394,12316,CD,2,D1_pwm175_grab1
16087,-122,-2766,9216,CD,2,D1_pwm175_grab1
16097,1704,-882,9194,CD,2,D1_pwm175_grab1
16102,-684,626,10138,CD,2,D1_pwm175_grab1
16112,1992,1188,12610,CD,2,D1_pwm175_grab1
16117,900,-3470,8494,CD,2,D1_pwm175_grab1
16122,-4966,-3916,10810,CD,2,D1_pwm175_grab1
16126,-2234,1250,9214,CD,2,D1_pwm175_grab1
16131,-1008,306,9634,CD,2,D1_pwm175_grab1
16137,-6092,-1054,9268,CD,2,D1_pwm175_grab1
16142,-4166,-3850,9316,CD,2,D1_pwm175_grab1
16147,1476,1194,10164,CD,2,D1_pwm175_grab1
16152,5770,2016,10866,CD,2,D1_pwm175_grab1
16156,2388,742,11986,CD,2,D1_pwm175_grab1
16161,-1474,-2288,9316,CD,2,D1_pwm175_grab1
16167,-1218,-532,10872,CD,2,D1_pwm175_grab1
16177,1776,1152,12084,CD,2,D1_pwm175_grab1
16181,56,-2360,9564,CD,2,D1_pwm175_grab1
16192,3048,1476,9944,CD,2,D1_pwm175_grab1
16197,-344,1236,10950,CD,2,D1_pwm175_grab1
16201,-20,82,11698,CD,2,D1_pwm175_grab1
16206,2224,-658,9736,CD,2,D1_pwm175_grab1
16212,2094,476,9984,CD,2,D1_pwm175_grab1
16217,5156,1790,10308,CD,2,D1_pwm175_grab1
16221,-2750,8,9080,CD,2,D1_pwm175_grab1
16227,-824,578,9562,CD,2,D1_pwm175_grab1
16232,-2026,-1478,10174,CD,2,D1_pwm175_grab1
16236,-1006,-1894,10180,CD,2,D1_pwm175_grab1
16242,244,-1722,8696,CD,2,D1_pwm175_grab1
16246,952,2294,9726,CD,2,D1_pwm175_grab1
16252,1082,2608,11740,CD,2,D1_pwm175_grab1
16257,2994,1576,10176,CD,2,D1_pwm175_grab1
16261,-1004,388,10068,CD,2,D1_pwm175_grab1
16272,1268,1100,12414,CD,2,D1_pwm175_grab1
16276,762,-3814,8434,CD,2,D1_pwm175_grab1
16287,-1028,1394,9248,CD,2,D1_pwm175_grab1
16292,-190,1694,10854,CD,2,D1_pwm175_grab1
16302,-2826,-3428,8562,CD,2,D1_pwm175_grab1
16307,2078,2056,10646,CD,2,D1_pwm175_grab1
16311,5312,1528,10210,CD,2,D1_pwm175_grab1
16316,1962,448,11290,CD,2,D1_pwm175_grab1
16321,-1306,-1842,9604,CD,2,D1_pwm175_grab1
16327,-282,-788,10528,CD,2,D1_pwm175_grab1
16336,-1638,-2022,11318,CD,2,D1_pwm175_grab1
16343,1980,2432,10338,CD,2,D1_pwm175_grab1
16348,1838,2734,11348,CD,2,D1_pwm175_grab1
16353,672,-1720,9126,CD,2,D1_pwm175_grab1
16357,-1070,398,10070,CD,2,D1_pwm175_grab1
16367,710,844,12656,CD,2,D1_pwm175_grab1
16373,624,-4126,8400,CD,2,D1_pwm175_grab1
16382,3160,1122,9522,CD,2,D1_pwm175_grab1
16388,-142,1720,11006,CD,2,D1_pwm175_grab1
16393,-6906,-1046,10508,CD,2,D1_pwm175_grab1
16397,-2332,-3306,8454,CD,2,D1_pwm175_grab1
16402,2146,2100,10894,CD,2,D1_pwm175_grab1
16407,5450,1240,10184,CD,2,D1_pwm175_grab1
16413,1386,232,10886,CD,2,D1_pwm175_grab1
16417,-1222,-1738,9712,CD,2,D1_pwm175_grab1
16423,-2226,-1720,10652,CD,2,D1_pwm175_grab1
16427,7944,610,8826,CD,2,D1_pwm175_grab1
16432,-1608,-2188,10764,CD,2,D1_pwm175_grab1
16437,792,-1462,10334,CD,2,D1_pwm175_grab1
16447,2910,1186,9818,CD,2,D1_pwm175_grab1
16453,-340,1082,10680,CD,2,D1_pwm175_grab1
16458,3296,930,9274,CD,2,D1_pwm175_grab1
16463,238,704,12886,CD,2,D1_pwm175_grab1
16467,506,-4296,8418,CD,2,D1_pwm175_grab1
16473,1794,-3806,8058,CD,2,D1_pwm175_grab1
16478,-3236,46,9562,CD,2,D1_pwm175_grab1
16482,-372,1144,9920,CD,2,D1_pwm175_grab1
16487,-2378,-1412,10074,CD,2,D1_pwm175_grab1
16493,-4278,-3028,10042,CD,2,D1_pwm175_grab1
16497,454,-1130,8880,CD,2,D1_pwm175_grab1
16502,5610,1010,10134,CD,2,D1_pwm175_grab1
16508,802,14,10420,CD,2,D1_pwm175_grab1
16512,250,-2204,9278,CD,2,D1_pwm175_grab1
16518,-1296,282,10530,CD,2,D1_pwm175_grab1
16527,-52,494,12650,CD,2,D1_pwm175_grab1
16532,362,-3992,8812,CD,2,D1_pwm175_grab1
16542,2846,926,9636,CD,2,D1_pwm175_grab1
16548,-330,1078,10672,CD,2,D1_pwm175_grab1
16552,4336,1124,8634,CD,2,D1_pwm175_grab1
16557,-1242,-2892,8670,CD,2,D1_pwm175_grab1
16563,2188,2268,10816,CD,2,D1_pwm175_grab1
16568,6326,468,10820,CD,2,D1_pwm175_grab1
16572,1208,126,10060,CD,2,D1_pwm175_grab1
16577,-1468,-1370,9460,CD,2,D1_pwm175_grab1
16583,-2638,-1312,9882,CD,2,D1_pwm175_grab1
16587,-4688,-3162,10034,CD,2,D1_pwm175_grab1
16593,530,-826,8944,CD,2,D1_pwm175_grab1
16599,4562,2780,12602,CD,2,D1_pwm175_grab1
16604,2274,2416,11402,CD,2,D1_pwm175_grab1
16609,40,-2304,9320,CD,2,D1_pwm175_grab1
16613,-1306,190,10646,CD,2,D1_pwm175_grab1
16623,-1522,-2472,10012,CD,2,D1_pwm175_grab1
16629,1182,-856,10578,CD,2,D1_pwm175_grab1
16640,2774,712,9504,CD,2,D1_pwm175_grab1
16644,-420,1776,11622,CD,2,D1_pwm175_grab1
16653,-944,-2854,8586,CD,2,D1_pwm175_grab1
16659,2270,2328,10880,CD,2,D1_pwm175_grab1
16664,310,-4314,7980,CD,2,D1_pwm175_grab1
16669,-2958,312,9590,CD,2,D1_pwm175_grab1
16673,-326,1458,9992,CD,2,D1_pwm175_grab1
16678,-2752,-1230,9792,CD,2,D1_pwm175_grab1
16688,-1156,-2596,9564,CD,2,D1_pwm175_grab1
16694,878,-900,10538,CD,2,D1_pwm175_grab1
16699,-5948,2074,12992,CD,2,D1_pwm175_grab1
16703,-164,-2378,9340,CD,2,D1_pwm175_grab1
16708,-1308,128,10742,CD,2,D1_pwm175_grab1
16719,-544,132,12924,CD,2,D1_pwm175_grab1
16724,56,-4120,8652,CD,2,D1_pwm175_grab1
16728,-422,-4402,7794,CD,2,D1_pwm175_grab1
16734,-2838,200,9718,CD,2,D1_pwm175_grab1
16738,-10,1528,9902,CD,2,D1_pwm175_grab1
16743,-3836,-1366,9832,CD,2,D1_pwm175_grab1
16749,-586,-2646,8476,CD,2,D1_pwm175_grab1
16754,2246,2364,10876,CD,2,D1_pwm175_grab1
16759,6778,-74,10762,CD,2,D1_pwm175_grab1
16763,440,-40,9540,CD,2,D1_pwm175_grab1
16769,-258,-2474,9660,CD,2,D1_pwm175_grab1
16773,-1184,-6,10644,CD,2,D1_pwm175_grab1
16788,944,-610,10492,CD,2,D1_pwm175_grab1
16794,-5508,2130,12958,CD,2,D1_pwm175_grab1
16798,2458,388,9250,CD,2,D1_pwm175_grab1
16804,-282,682,10420,CD,2,D1_pwm175_grab1
16809,4958,1188,7692,CD,2,D1_pwm175_grab1
16813,-1074,-2688,8406,CD,2,D1_pwm175_grab1
16819,2244,1970,11458,CD,2,D1_pwm175_grab1
16824,6888,190,10906,CD,2,D1_pwm175_grab1
16829,-2840,260,9710,CD,2,D1_pwm175_grab1
16833,60,1558,10002,CD,2,D1_pwm175_grab1
16839,-3832,-1238,9900,CD,2,D1_pwm175_grab1
16843,-5210,-3418,9402,CD,2,D1_pwm175_grab1
16848,1034,-436,9242,CD,2,D1_pwm175_grab1
16854,3958,3418,11804,CD,2,D1_pwm175_grab1
16859,2460,1852,11006,CD,2,D1_pwm175_grab1
16865,-206,-2456,9630,CD,2,D1_pwm175_grab1
16869,-726,-1232,10132,CD,2,D1_pwm175_grab1
16875,5524,66,10236,CD,2,D1_pwm175_grab1
16880,-1014,-2658,9424,CD,2,D1_pwm175_grab1
16885,970,-712,10444,CD,2,D1_pwm175_grab1
16889,-5606,2306,13008,CD,2,D1_pwm175_grab1
16894,2380,464,9210,CD,2,D1_pwm175_grab1
16899,-172,1642,11516,CD,2,D1_pwm175_grab1
16905,-6034,-374,12040,CD,2,D1_pwm175_grab1
16910,3284,426,11608,CD,2,D1_pwm175_grab1
16915,1638,-1090,8700,CD,2,D1_pwm175_grab1
16920,-664,-4612,7790,CD,2,D1_pwm175_grab1
16925,-2884,232,9624,CD,2,D1_pwm175_grab1
16929,64,1594,9978,CD,2,D1_pwm175_grab1
16935,-3940,-1162,9912,CD,2,D1_pwm175_grab1
16940,4518,-118,10376,CD,2,D1_pwm175_grab1
16945,-1430,-2856,8990,CD,2,D1_pwm175_grab1
16950,3958,3526,11770,CD,2,D1_pwm175_grab1
16954,2618,1748,11078,CD,2,D1_pwm175_grab1
16959,-236,-2486,9624,CD,2,D1_pwm175_grab1
16964,-1230,-156,10588,CD,2,D1_pwm175_grab1
16975,-722,-28,13762,CD,2,D1_pwm175_grab1
16979,192,-4306,8474,CD,2,D1_pwm175_grab1
16984,-1254,-4606,8018,CD,2,D1_pwm175_grab1
16989,1014,1940,10176,CD,2,D1_pwm175_grab1
16994,-122,1608,11536,CD,2,D1_pwm175_grab1
16999,-5656,-238,12306,CD,2,D1_pwm175_grab1
17004,-738,-2612,8286,CD,2,D1_pwm175_grab1
17009,2240,2116,11472,CD,2,D1_pwm175_grab1
17020,-682,-66,9706,CD,2,D1_pwm175_grab1
17024,-184,-2244,9192,CD,2,D1_pwm175_grab1
17029,-410,-1214,10282,CD,2,D1_pwm175_grab1
17035,4070,-236,10430,CD,2,D1_pwm175_grab1
17040,-1356,-2832,8878,CD,2,D1_pwm175_grab1
17045,1148,-246,10534,CD,2,D1_pwm175_grab1
17049,-5326,2342,13240,CD,2,D1_pwm175_grab1
17054,2662,234,9046,CD,2,D1_pwm175_grab1
17060,-380,750,10564,CD,2,D1_pwm175_grab1
17065,5910,928,8356,CD,2,D1_pwm175_grab1
17070,3064,576,11450,CD,2,D1_pwm175_grab1
17074,1404,-1434,8988,CD,2,D1_pwm175_grab1
17080,-1120,-4516,7920,CD,2,D1_pwm175_grab1
17085,-2358,438,9358,CD,2,D1_pwm175_grab1
17090,-526,1740,9914,CD,2,D1_pwm175_grab1
17095,-3078,-1280,10650,CD,2,D1_pwm175_grab1
17099,-4188,-3052,9888,CD,2,D1_pwm175_grab1
17104,1264,-500,8946,CD,2,D1_pwm175_grab1
17115,-358,-40,9872,CD,2,D1_pwm175_grab1
17120,-1604,-1430,9554,CD,2,D1_pwm175_grab1
17125,-128,-1154,10434,CD,2,D1_pwm175_grab1
17131,4576,34,10226,CD,2,D1_pwm175_grab1
17135,-1396,-2804,9084,CD,2,D1_pwm175_grab1
17141,1250,-574,10598,CD,2,D1_pwm175_grab1
17145,-6028,2166,13320,CD,2,D1_pwm175_grab1
17152,-8,-2414,9642,CD,2,D1_pwm175_grab1
17155,-338,838,10586,CD,2,D1_pwm175_grab1
17161,4786,594,8528,CD,2,D1_pwm175_grab1
17165,3056,394,11304,CD,2,D1_pwm175_grab1
17170,1564,-1044,9072,CD,2,D1_pwm175_grab1
17176,-164,-4388,7690,CD,2,D1_pwm175_grab1
17181,-2394,342,9310,CD,2,D1_pwm175_grab1
17186,-580,1614,9734,CD,2,D1_pwm175_grab1
17190,-6474,-320,11244,CD,2,D1_pwm175_grab1
17195,-3854,-2812,9778,CD,2,D1_pwm175_grab1
17201,1060,-954,8930,CD,2,D1_pwm175_grab1
17205,3566,3052,11908,CD,2,D1_pwm175_grab1
17210,3022,2494,10978,CD,2,D1_pwm175_grab1
17215,342,-2006,9244,CD,2,D1_pwm175_grab1
17221,-1188,-74,10066,CD,2,D1_pwm175_grab1
17231,-1506,-2654,9732,CD,2,D1_pwm175_grab1
17235,1118,-1310,10416,CD,2,D1_pwm175_grab1
17245,314,1786,9908,CD,2,D1_pwm175_grab1
17251,6,1814,11222,CD,2,D1_pwm175_grab1
17255,-6680,-594,11116,CD,2,D1_pwm175_grab1
17261,-1400,-3330,8132,CD,2,D1_pwm175_grab1
17266,2216,2496,11114,CD,2,D1_pwm175_grab1
17270,1198,-4030,7936,CD,2,D1_pwm175_grab1
17275,-2548,250,9274,CD,2,D1_pwm175_grab1
17281,-1118,-1828,9594,CD,2,D1_pwm175_grab1
17285,44,-992,10246,CD,2,D1_pwm175_grab1
17291,7042,832,9420,CD,2,D1_pwm175_grab1
17296,-1560,-2240,10474,CD,2,D1_pwm175_grab1
17300,880,-1528,10056,CD,2,D1_pwm175_grab1
17310,2708,1144,9700,CD,2,D1_pwm175_grab1
17316,-1190,62,10090,CD,2,D1_pwm175_grab1
17326,2848,0,10942,CD,2,D1_pwm175_grab1
17330,1950,-82,9430,CD,2,D1_pwm175_grab1
17336,2500,-3828,8088,CD,2,D1_pwm175_grab1
17340,-3134,216,9466,CD,2,D1_pwm175_grab1
17345,-624,1226,9838,CD,2,D1_pwm175_grab1
17351,-2272,-962,10478,CD,2,D1_pwm175_grab1
17356,-1736,-3502,8198,CD,2,D1_pwm175_grab1
17361,2114,2418,10924,CD,2,D1_pwm175_grab1
17367,5290,1438,10292,CD,2,D1_pwm175_grab1
17372,1474,112,10704,CD,2,D1_pwm175_grab1
17376,-1066,-1904,9566,CD,2,D1_pwm175_grab1
17381,-60,-970,10272,CD,2,D1_pwm175_grab1
17391,-1504,-1976,10982,CD,2,D1_pwm175_grab1
17396,2048,2812,10444,CD,2,D1_pwm175_grab1
17401,1818,2894,11400,CD,2,D1_pwm175_grab1
17408,900,-1612,9228,CD,2,D1_pwm175_grab1
17412,-144,916,10696,CD,2,D1_pwm175_grab1
17416,2196,38,9826,CD,2,D1_pwm175_grab1
17421,2318,-480,10246,CD,2,D1_pwm175_grab1
17426,2082,522,9768,CD,2,D1_pwm175_grab1
17432,4654,-3402,9090,CD,2,D1_pwm175_grab1
17437,-862,1466,9450,CD,2,D1_pwm175_grab1
17441,-84,1928,11064,CD,2,D1_pwm175_grab1
17446,-6448,-448,10234,CD,2,D1_pwm175_grab1
17451,-2688,-2252,10590,CD,2,D1_pwm175_grab1
17457,44,-2134,8576,CD,2,D1_pwm175_grab1
17462,2092,2688,10592,CD,2,D1_pwm175_grab1
17467,410,2714,11870,CD,2,D1_pwm175_grab1
17471,1186,-1618,9368,CD,2,D1_pwm175_grab1
17476,-738,-678,10034,CD,2,D1_pwm175_grab1
17486,-1450,-1476,11884,CD,3,D1_pwm175_grab1
17491,114,-2950,9402,CD,3,D1_pwm175_grab1
17496,-6242,-4686,10612,CD,3,D1_pwm175_grab1
17502,-1398,1438,9134,CD,3,D1_pwm175_grab1
17506,-544,2042,11174,CD,3,D1_pwm175_grab1
17511,-5076,-524,10284,CD,3,D1_pwm175_grab1
17517,1330,-1428,9118,CD,3,D1_pwm175_grab1
17522,2210,1408,10364,CD,3,D1_pwm175_grab1
17532,-2756,-186,9066,CD,3,D1_pwm175_grab1
17537,-968,-2302,9028,CD,3,D1_pwm175_grab1
17541,-1320,-714,10286,CD,3,D1_pwm175_grab1
17551,-1094,-1240,12276,CD,3,D1_pwm175_grab1
17556,386,2132,9674,CD,3,D1_pwm175_grab1
17561,-1616,2564,12546,CD,3,D1_pwm175_grab1
17566,1934,-936,9214,CD,3,D1_pwm175_grab1
17572,-840,434,10412,CD,3,D1_pwm175_grab1
17581,700,-1842,8470,CD,3,D1_pwm175_grab1
17587,2394,1914,10478,CD,3,D1_pwm175_grab1
17596,-2184,1184,9070,CD,3,D1_pwm175_grab1
17601,-590,2050,10672,CD,3,D1_pwm175_grab1
17607,-3746,-496,10414,CD,3,D1_pwm175_grab1
17611,-4084,-3570,10044,CD,3,D1_pwm175_grab1
17616,1054,396,9402,CD,3,D1_pwm175_grab1
17623,4336,3462,12272,CD,3,D1_pwm175_grab1
17627,3766,1156,11144,CD,3,D1_pwm175_grab1
17633,-420,-2412,8886,CD,3,D1_pwm175_grab1
17637,-1250,-1010,9494,CD,3,D1_pwm175_grab1
17643,2522,-404,11106,CD,3,D1_pwm175_grab1
17647,-910,-3008,8622,CD,3,D1_pwm175_grab1
17652,900,956,10382,CD,3,D1_pwm175_grab1
17657,-4304,2464,13096,CD,3,D1_pwm175_grab1
17664,2494,-116,9122,CD,3,D1_pwm175_grab1
17668,-60,1242,10992,CD,3,D1_pwm175_grab1
17672,-4584,-636,12674,CD,3,D1_pwm175_grab1
17677,2426,934,11974,CD,3,D1_pwm175_grab1
17682,1482,-2098,8924,CD,3,D1_pwm175_grab1
17687,-1036,-4976,8004,CD,3,D1_pwm175_grab1
17692,-2398,716,9356,CD,3,D1_pwm175_grab1
17698,-610,1962,10198,CD,3,D1_pwm175_grab1
17702,-2674,-598,10988,CD,3,D1_pwm175_grab1
17707,4880,304,10476,CD,3,D1_pwm175_grab1
17713,-926,-2660,9542,CD,3,D1_pwm175_grab1
17717,3942,3458,12834,CD,3,D1_pwm175_grab1
17723,3114,1932,10926,CD,3,D1_pwm175_grab1
17728,164,-2412,8982,CD,3,D1_pwm175_grab1
17733,-1210,-218,10536,CD,3,D1_pwm175_grab1
17742,-530,530,12988,CD,3,D1_pwm175_grab1
17748,310,-4808,8452,CD,3,D1_pwm175_grab1
17753,616,-4694,7462,CD,3,D1_pwm175_grab1
17758,578,1744,10124,CD,3,D1_pwm175_grab1
17762,-250,1436,11052,CD,3,D1_pwm175_grab1
17768,-6308,-782,11556,CD,3,D1_pwm175_grab1
17772,-1046,-3304,8000,CD,3,D1_pwm175_grab1
17777,2178,2782,11084,CD,3,D1_pwm175_grab1
17782,5736,194,10474,CD,3,D1_pwm175_grab1
17787,1240,6,10082,CD,3,D1_pwm175_grab1
17793,408,-2388,9464,CD,3,D1_pwm175_grab1
17798,-26,-1178,9970,CD,3,D1_pwm175_grab1
17808,-1152,-2314,10260,CD,3,D1_pwm175_grab1
17812,786,-1312,10090,CD,3,D1_pwm175_grab1
17823,2676,1144,9826,CD,3,D1_pwm175_grab1
17827,-132,764,10642,CD,3,D1_pwm175_grab1
17832,2618,-152,8396,CD,3,D1_pwm175_grab1
17837,-2010,-3616,8950,CD,3,D1_pwm175_grab1
17842,1958,58,9310,CD,3,D1_pwm175_grab1
17847,3500,-4112,8392,CD,3,D1_pwm175_grab1
17853,-2992,-46,9362,CD,3,D1_pwm175_grab1
17857,-478,1166,9874,CD,3,D1_pwm175_grab1
17863,-2666,-606,10356,CD,3,D1_pwm175_grab1
17868,-3068,-2482,10244,CD,3,D1_pwm175_grab1
17872,358,-1796,9122,CD,3,D1_pwm175_grab1
17878,2452,3190,10826,CD,3,D1_pwm175_grab1
17884,2444,354,10920,CD,3,D1_pwm175_grab1
17888,-1050,-1894,9262,CD,3,D1_pwm175_grab1
17893,-492,-972,9932,CD,3,D1_pwm175_grab1
17904,-1234,-1804,11542,CD,3,D1_pwm175_grab1
17908,132,-2552,9514,CD,3,D1_pwm175_grab1
17920,1388,-1560,9132,CD,3,D1_pwm175_grab1
17924,20,800,10772,CD,3,D1_pwm175_grab1
17928,118,-552,10784,CD,3,D1_pwm175_grab1
17933,1280,-1450,9634,CD,3,D1_pwm175_grab1
17939,2260,1234,9830,CD,3,D1_pwm175_grab1
17943,7470,-3380,10284,CD,3,D1_pwm175_grab1
17949,-2728,-362,9004,CD,3,D1_pwm175_grab1
17953,-904,414,9734,CD,3,D1_pwm175_grab1
17959,-4976,-470,10376,CD,3,D1_pwm175_grab1
17963,-14,-1396,11168,CD,3,D1_pwm175_grab1
17968,-194,-2580,9002,CD,3,D1_pwm175_grab1
17974,268,2526,9494,CD,3,D1_pwm175_grab1
17978,-1472,2474,12324,CD,3,D1_pwm175_grab1
17984,1938,-982,9346,CD,3,D1_pwm175_grab1
17988,-742,494,10478,CD,3,D1_pwm175_grab1
17998,1698,1450,12682,CD,3,D1_pwm175_grab1
18004,-84,-4108,8732,CD,3,D1_pwm175_grab1
18008,-2654,-4492,9790,CD,3,D1_pwm175_grab1
18014,-2358,1190,9260,CD,3,D1_pwm175_grab1
18019,-484,1886,10704,CD,3,D1_pwm175_grab1
18023,-3528,-40,10216,CD,3,D1_pwm175_grab1
18029,-4384,-3584,10186,CD,3,D1_pwm175_grab1
18034,698,260,9332,CD,3,D1_pwm175_grab1
18038,4610,3578,12966,CD,3,D1_pwm175_grab1
18043,-980,-294,9078,CD,3,D1_pwm175_grab1
18049,-248,-2588,9128,CD,3,D1_pwm175_grab1
18053,-1264,-160,10664,CD,3,D1_pwm175_grab1
18063,-514,484,12798,CD,3,D1_pwm175_grab1
18068,160,-4548,8502,CD,3,D1_pwm175_grab1
18078,720,1834,10140,CD,3,D1_pwm175_grab1
18083,-484,776,10592,CD,3,D1_pwm175_grab1
18088,4638,-138,7632,CD,3,D1_pwm175_grab1
18094,-1166,-3382,8514,CD,3,D1_pwm175_grab1
18098,1950,2534,10926,CD,3,D1_pwm175_grab1
18108,1810,70,10040,CD,3,D1_pwm175_grab1
18114,-1386,-1334,9264,CD,3,D1_pwm175_grab1
18118,10,-1000,10206,CD,3,D1_pwm175_grab1
18123,-3008,-2332,10338,CD,3,D1_pwm175_grab1
18128,328,-1512,8704,CD,3,D1_pwm175_grab1
18135,2380,3250,11018,CD,3,D1_pwm175_grab1
18140,694,2202,11458,CD,3,D1_pwm175_grab1
18145,1210,-1950,9244,CD,3,D1_pwm175_grab1
18149,-1144,432,10372,CD,3,D1_pwm175_grab1
18160,652,1540,12236,CD,3,D1_pwm175_grab1
18165,92,-2784,9394,CD,3,D1_pwm175_grab1
18176,2436,1654,10414,CD,3,D1_pwm175_grab1
18180,-512,1672,10878,CD,3,D1_pwm175_grab1
18185,-4288,-388,10220,CD,3,D1_pwm175_grab1
18189,-3534,-3722,9756,CD,3,D1_pwm175_grab1
18194,1072,1000,9504,CD,3,D1_pwm175_grab1
18199,4812,2920,12094,CD,3,D1_pwm175_grab1
18204,-1880,-70,8902,CD,3,D1_pwm175_grab1
18209,-1400,-88,9686,CD,3,D1_pwm175_grab1
18214,-1094,-842,9744,CD,3,D1_pwm175_grab1
18225,-622,-160,13012,CD,3,D1_pwm175_grab1
18230,-18,-4422,8476,CD,3,D1_pwm175_grab1
18240,1288,1606,10526,CD,3,D1_pwm175_grab1
18244,-686,768,10572,CD,3,D1_pwm175_grab1
18249,5480,-124,7828,CD,3,D1_pwm175_grab1
18254,2230,578,11634,CD,3,D1_pwm175_grab1
18260,1670,-1618,9228,CD,3,D1_pwm175_grab1
18264,5750,-276,10092,CD,3,D1_pwm175_grab1
18269,1302,76,9900,CD,3,D1_pwm175_grab1
18274,-1332,-1106,9494,CD,3,D1_pwm175_grab1
18279,396,-1008,10044,CD,3,D1_pwm175_grab1
18285,-2780,-2110,10230,CD,3,D1_pwm175_grab1
18290,442,-1460,8494,CD,3,D1_pwm175_grab1
18294,1818,3378,10796,CD,3,D1_pwm175_grab1
18299,1420,2364,11364,CD,3,D1_pwm175_grab1
18304,2896,1276,10122,CD,3,D1_pwm175_grab1
18309,-46,830,10820,CD,3,D1_pwm175_grab1
18314,584,-784,10268,CD,3,D1_pwm175_grab1
18320,1156,-1336,10070,CD,3,D1_pwm175_grab1
18324,952,-3948,8806,CD,3,D1_pwm175_grab1
18335,-1858,1312,9474,CD,3,D1_pwm175_grab1
18339,-400,1544,10420,CD,3,D1_pwm175_grab1
18345,-4414,-442,10240,CD,3,D1_pwm175_grab1
18350,1164,-910,11636,CD,3,D1_pwm175_grab1
18354,-316,-2742,8918,CD,3,D1_pwm175_grab1
18359,450,2240,10002,CD,3,D1_pwm175_grab1
18364,3452,756,11070,CD,3,D1_pwm175_grab1
18369,-360,-2402,9180,CD,3,D1_pwm175_grab1
18374,-1210,-602,9960,CD,3,D1_pwm175_grab1
18391,294,-4562,8480,CD,3,D1_pwm175_grab1
18400,580,1798,10726,CD,3,D1_pwm175_grab1
18406,-578,724,10574,CD,3,D1_pwm175_grab1
18411,3698,-526,7974,CD,3,D1_pwm175_grab1
18415,2224,154,11304,CD,3,D1_pwm175_grab1
18421,1564,-1026,9264,CD,3,D1_pwm175_grab1
18425,2324,-4270,8022,CD,3,D1_pwm175_grab1
18430,-2450,424,9078,CD,3,D1_pwm175_grab1
18435,-1288,-1474,9592,CD,3,D1_pwm175_grab1
18441,70,-848,10144,CD,3,D1_pwm175_grab1
18445,-1502,-1570,10242,CD,3,D1_pwm175_grab1
18451,536,-1966,8676,CD,3,D1_pwm175_grab1
18455,148,3270,9556,CD,3,D1_pwm175_grab1
18460,470,2350,11620,CD,3,D1_pwm175_grab1
18465,1828,-1364,9022,CD,3,D1_pwm175_grab1
18471,-884,352,9856,CD,3,D1_pwm175_grab1
18475,-566,-966,12138,CD,3,D1_pwm175_grab1
18480,228,-1784,8892,CD,3,D1_pwm175_grab1
18486,2296,1248,10648,CD,3,D1_pwm175_grab1
18490,-4104,-4334,9718,CD,3,D1_pwm175_grab1
18495,-2442,1078,9462,CD,3,D1_pwm175_grab1
18501,-126,1590,10338,CD,3,D1_pwm175_grab1
18505,-4232,-394,10036,CD,3,D1_pwm175_grab1
18510,-4082,-3796,9142,CD,3,D1_pwm175_grab1
18515,1418,456,9318,CD,3,D1_pwm175_grab1
18520,1010,1156,11010,CD,3,D1_pwm175_grab1
18525,-4936,1984,12608,CD,3,D1_pwm175_grab1
18530,180,-2436,9462,CD,3,D1_pwm175_grab1
18536,-1050,-340,10056,CD,3,D1_pwm175_grab1
18551,628,-4736,8558,CD,3,D1_pwm175_grab1
18561,-2620,508,9300,CD,3,D1_pwm175_grab1
18566,-664,1338,9816,CD,3,D1_pwm175_grab1
18570,-7338,-756,10282,CD,3,D1_pwm175_grab1
18575,-2772,-4030,8484,CD,3,D1_pwm175_grab1
18581,1914,1948,10810,CD,3,D1_pwm175_grab1
18586,5768,1508,10304,CD,3,D1_pwm175_grab1
18591,2024,246,10962,CD,3,D1_pwm175_grab1
18595,-1198,-1860,9498,CD,3,D1_pwm175_grab1
18600,-854,-868,10418,CD,3,D1_pwm175_grab1
18610,-1162,-1224,11800,CD,3,D1_pwm175_grab1
18615,70,-2934,9334,CD,3,D1_pwm175_grab1
18626,2494,1546,10638,CD,3,D1_pwm175_grab1
18630,-88,1022,11480,CD,3,D1_pwm175_grab1
18635,-2124,-990,12952,CD,3,D1_pwm175_grab1
18640,-260,-2172,8588,CD,3,D1_pwm175_grab1
18646,2000,1580,11066,CD,3,D1_pwm175_grab1
18652,-2278,-4356,9030,CD,3,D1_pwm175_grab1
18656,-2834,862,9570,CD,3,D1_pwm175_grab1
18661,-58,1416,10326,CD,3,D1_pwm175_grab1
18666,-3604,-286,10052,CD,3,D1_pwm175_grab1
18671,-4350,-3638,9318,CD,3,D1_pwm175_grab1
18676,1126,-314,9048,CD,3,D1_pwm175_grab1
18681,3662,3650,12318,CD,3,D1_pwm175_grab1
18688,2230,1404,10540,CD,3,D1_pwm175_grab1
18691,366,-2336,9630,CD,3,D1_pwm175_grab1
18697,-1266,-224,10188,CD,3,D1_pwm175_grab1
18706,-54,1268,13586,CD,3,D1_pwm175_grab1
18712,718,-4614,8578,CD,3,D1_pwm175_grab1
18721,-1062,1648,10042,CD,3,D1_pwm175_grab1
18726,-360,1372,11194,CD,3,D1_pwm175_grab1
18731,-6544,-642,9884,CD,3,D1_pwm175_grab1
18736,-3388,-3988,9290,CD,3,D1_pwm175_grab1
18742,1316,1422,10470,CD,3,D1_pwm175_grab1
18747,5922,2082,11152,CD,3,D1_pwm175_grab1
18751,2798,472,11392,CD,3,D1_pwm175_grab1
18756,-1072,-2026,9342,CD,3,D1_pwm175_grab1
18761,-1464,-906,10382,CD,3,D1_pwm175_grab1
18771,-182,-2600,9158,CD,3,D1_pwm175_grab1
18776,-134,-3590,8682,CD,3,D1_pwm175_grab1
18786,2078,1792,10666,CD,3,D1_pwm175_grab1
18791,-220,1244,11574,CD,3,D1_pwm175_grab1
18797,-4242,-1298,12862,CD,3,D1_pwm175_grab1
18802,-500,-2718,8588,CD,3,D1_pwm175_grab1
18807,1892,1984,11014,CD,3,D1_pwm175_grab1
18812,-450,-4414,8146,CD,3,D1_pwm175_grab1
18816,550,84,9072,CD,3,D1_pwm175_grab1
18822,-1812,-712,9504,CD,3,D1_pwm175_grab1
18826,120,-754,10422,CD,3,D1_pwm175_grab1
18837,-990,-2688,9328,CD,3,D1_pwm175_grab1
18841,506,-472,10558,CD,3,D1_pwm175_grab1
18851,810,-1990,9534,CD,3,D1_pwm175_grab1
18857,-1304,-76,10172,CD,3,D1_pwm175_grab1
18862,920,-736,8974,CD,3,D1_pwm175_grab1
18866,1914,-674,10532,CD,3,D1_pwm175_grab1
18871,2006,260,9618,CD,3,D1_pwm175_grab1
18881,-2504,-48,8610,CD,3,D1_pwm175_grab1
18886,-684,706,9626,CD,3,D1_pwm175_grab1
18891,-4976,-630,9848,CD,3,D1_pwm175_grab1
18897,-3562,-3858,9702,CD,3,D1_pwm175_grab1
18902,1088,992,9842,CD,3,D1_pwm175_grab1
18908,5414,2626,11992,CD,3,D1_pwm175_grab1
18913,3370,656,11034,CD,3,D1_pwm175_grab1
18917,-800,-2118,9162,CD,3,D1_pwm175_grab1
18923,-1402,-858,10330,CD,3,D1_pwm175_grab1
18932,-604,-2802,8960,CD,3,D1_pwm175_grab1
18937,958,1690,10764,CD,3,D1_pwm175_grab1
18947,1548,1758,10704,CD,3,D1_pwm175_grab1
18952,-478,1410,11296,CD,3,D1_pwm175_grab1
18957,-5880,-1554,12572,CD,3,D1_pwm175_grab1
18962,-816,-3106,8246,CD,3,D1_pwm175_grab1
18967,2256,2298,10996,CD,3,D1_pwm175_grab1
18972,612,-4358,7668,CD,3,D1_pwm175_grab1
18977,-2650,510,9506,CD,3,D1_pwm175_grab1
18982,-714,1214,9696,CD,3,D1_pwm175_grab1
18987,180,-852,10240,CD,3,D1_pwm175_grab1
18992,7332,1450,10110,CD,3,D1_pwm175_grab1
18997,-1238,-2352,10216,CD,3,D1_pwm175_grab1
19003,246,-1060,10096,CD,3,D1_pwm175_grab1
19008,-8806,1494,12906,CD,3,D1_pwm175_grab1
19013,1090,-1756,9254,CD,3,D1_pwm175_grab1
19017,-1184,-90,10076,CD,3,D1_pwm175_grab1
19027,818,1414,12148,CD,3,D1_pwm175_grab1
19033,2186,438,9632,CD,3,D1_pwm175_grab1
19038,6818,-3860,10224,CD,3,D1_pwm175_grab1
19042,-2810,-312,8596,CD,3,D1_pwm175_grab1
19048,-936,310,9762,CD,3,D1_pwm175_grab1
19053,-4842,-746,9792,CD,3,D1_pwm175_grab1
19058,-3328,-3758,9580,CD,3,D1_pwm175_grab1
19062,1758,1208,9536,CD,3,D1_pwm175_grab1
19068,5030,2584,11720,CD,3,D1_pwm175_grab1
19072,-1426,2362,12084,CD,3,D1_pwm175_grab1
19078,2298,-638,9142,CD,3,D1_pwm175_grab1
19083,-424,434,10308,CD,3,D1_pwm175_grab1
19092,2128,1466,12604,CD,3,D1_pwm175_grab1
19097,-26,-4208,8492,CD,3,D1_pwm175_grab1
19107,1694,1706,11008,CD,3,D1_pwm175_grab1
19112,-80,1590,11212,CD,3,D1_pwm175_grab1
19118,-3166,-192,9938,CD,3,D1_pwm175_grab1
19123,-4832,-3658,10204,CD,3,D1_pwm175_grab1
19127,948,-442,8880,CD,3,D1_pwm175_grab1
19132,4208,3518,12988,CD,3,D1_pwm175_grab1
19137,492,-284,9308,CD,3,D1_pwm175_grab1
19143,-1274,-1194,9618,CD,3,D1_pwm175_grab1
19147,130,-740,10002,CD,3,D1_pwm175_grab1
19152,6554,800,10404,CD,3,D1_pwm175_grab1
19158,-1210,-2282,10148,CD,3,D1_pwm175_grab1
19164,734,-672,10146,CD,3,D1_pwm175_grab1
19169,-7624,1914,12976,CD,3,D1_pwm175_grab1
19173,2964,1092,10008,CD,3,D1_pwm175_grab1
19178,-1218,-408,9888,CD,3,D1_pwm175_grab1
19189,316,1244,12792,CD,3,D1_pwm175_grab1
19193,736,-4384,8366,CD,3,D1_pwm175_grab1
19204,-3254,-314,8786,CD,3,D1_pwm175_grab1
19208,-998,616,9632,CD,3,D1_pwm175_grab1
19214,-1996,-266,10060,CD,3,D1_pwm175_grab1
19219,-2744,-3920,8994,CD,3,D1_pwm175_grab1
19223,2038,1886,10180,CD,3,D1_pwm175_grab1
19228,5022,2050,10796,CD,3,D1_pwm175_grab1
19233,3048,430,11060,CD,3,D1_pwm175_grab1
19239,-822,-2198,9414,CD,3,D1_pwm175_grab1
19244,-990,-2,10090,CD,3,D1_pwm175_grab1
19253,1628,1690,12316,CD,3,D1_pwm175_grab1
19258,-26,-3616,8972,CD,3,D1_pwm175_grab1
19268,2120,1936,11074,CD,3,D1_pwm175_grab1
19274,424,1444,11520,CD,3,D1_pwm175_grab1
19279,-3024,-1000,12788,CD,3,D1_pwm175_grab1
19284,-224,-2286,8358,CD,3,D1_pwm175_grab1
19288,966,6,9260,CD,3,D1_pwm175_grab1
19294,4782,3360,12952,CD,3,D1_pwm175_grab1
19299,-1278,-608,8614,CD,3,D1_pwm175_grab1
19304,-1570,-1000,9588,CD,3,D1_pwm175_grab1
19308,-652,-510,9726,CD,3,D1_pwm175_grab1
19313,3814,-214,10790,CD,3,D1_pwm175_grab1
19318,-1054,-2770,9158,CD,3,D1_pwm175_grab1
19323,1364,468,11104,CD,3,D1_pwm175_grab1
19333,984,1968,10516,CD,3,D1_pwm175_grab1
19338,-422,672,10602,CD,3,D1_pwm175_grab1
19343,4874,300,8172,CD,3,D1_pwm175_grab1
19348,2706,780,11550,CD,3,D1_pwm175_grab1
19353,1706,-1288,9312,CD,3,D1_pwm175_grab1
19358,1314,-4292,7640,CD,3,D1_pwm175_grab1
19363,-2996,210,9266,CD,3,D1_pwm175_grab1
19368,-858,1250,9736,CD,3,D1_pwm175_grab1
19373,-136,-940,10160,CD,3,D1_pwm175_grab1
19378,-3560,-2854,10022,CD,3,D1_pwm175_grab1
19384,438,-1642,8278,CD,3,D1_pwm175_grab1
19388,2432,3270,11298,CD,3,D1_pwm175_grab1
19394,1422,2614,11374,CD,3,D1_pwm175_grab1
19399,966,-1752,9128,CD,3,D1_pwm175_grab1
19403,-1306,-210,10292,CD,3,D1_pwm175_grab1
19415,802,1312,12160,CD,3,D1_pwm175_grab1
19420,214,-2262,9794,CD,3,D1_pwm175_grab1
19429,3052,1798,10608,CD,3,D1_pwm175_grab1
19435,26,1232,11236,CD,3,D1_pwm175_grab1
19439,-136,-638,11478,CD,3,D1_pwm175_grab1
19445,1186,-930,9166,CD,3,D1_pwm175_grab1
19449,2234,794,10476,CD,3,D1_pwm175_grab1
19459,-2754,-434,8516,CD,3,D1_pwm175_grab1
19464,-1568,-246,9418,CD,3,D1_pwm175_grab1
19469,-1484,-646,9894,CD,3,D1_pwm175_grab1
19474,784,-1378,10708,CD,3,D1_pwm175_grab1
19479,-856,-2738,8260,CD,3,D1_pwm175_grab1
19484,256,2106,10472,CD,3,D1_pwm175_grab1
19490,-2686,2608,12630,CD,3,D1_pwm175_grab1
19495,2464,-206,8872,CD,3,D1_pwm175_grab1
19500,-658,322,10410,CD,3,D1_pwm175_grab1
19509,2658,1114,11790,CD,3,D1_pwm175_grab1
19514,1380,-2126,8996,CD,3,D1_pwm175_grab1
19519,-2090,-4948,8118,CD,3,D1_pwm175_grab1
19524,-2502,764,9494,CD,3,D1_pwm175_grab1
19530,-746,1852,9908,CD,3,D1_pwm175_grab1
19535,-3022,-1164,10554,CD,3,D1_pwm175_grab1
19539,-1026,-2554,8284,CD,3,D1_pwm175_grab1
19544,1302,-648,8748,CD,3,D1_pwm175_grab1
19549,3780,3268,12712,CD,3,D1_pwm175_grab1
19554,3232,1936,10672,CD,3,D1_pwm175_grab1
19560,100,-2280,9146,CD,3,D1_pwm175_grab1
19564,-1204,-294,10166,CD,3,D1_pwm175_grab1
19575,-482,560,13240,CD,3,D1_pwm175_grab1
19579,970,-390,10836,CD,3,D1_pwm175_grab1
19589,270,1976,10468,CD,3,D1_pwm175_grab1
19594,-184,2074,11390,CD,3,D1_pwm175_grab1
19600,-6806,-1460,11182,CD,3,D1_pwm175_grab1
19604,-1714,-3300,8720,CD,3,D1_pwm175_grab1
19610,2288,2200,10706,CD,3,D1_pwm175_grab1
19614,5428,852,10670,CD,3,D1_pwm175_grab1
19619,-2926,12,8918,CD,3,D1_pwm175_grab1
19625,-862,1086,9468,CD,3,D1_pwm175_grab1
19629,-110,-540,10192,CD,3,D1_pwm175_grab1
19640,-1434,-1592,11396,CD,3,D1_pwm175_grab1
19645,316,-1966,9676,CD,3,D1_pwm175_grab1
19654,3050,1738,10278,CD,3,D1_pwm175_grab1
19660,28,912,10834,CD,3,D1_pwm175_grab1
19671,1040,1312,12584,CD,3,D1_pwm175_grab1
19676,784,-3946,8540,CD,3,D1_pwm175_grab1
19686,-1046,1554,9794,CD,3,D1_pwm175_grab1
19691,-358,2390,10922,CD,3,D1_pwm175_grab1
19695,-5242,-1548,9780,CD,3,D1_pwm175_grab1
19700,1798,-350,9494,CD,3,D1_pwm175_grab1
19705,1944,1076,10238,CD,3,D1_pwm175_grab1
19715,2648,272,11028,CD,3,D1_pwm175_grab1
19720,-860,-2610,9342,CD,3,D1_pwm175_grab1
19726,-1198,-172,9938,CD,3,D1_pwm175_grab1
19735,-1406,-876,13026,CD,3,D1_pwm175_grab1
19741,-76,-3468,9068,CD,3,D1_pwm175_grab1
19746,-770,2800,12512,CD,3,D1_pwm175_grab1
19750,1862,-830,8772,CD,3,D1_pwm175_grab1
19755,218,1280,11258,CD,3,D1_pwm175_grab1
19760,-1434,-446,12014,CD,3,D1_pwm175_grab1
19766,686,-1158,9086,CD,3,D1_pwm175_grab1
19771,2372,1414,10270,CD,3,D1_pwm175_grab1
19780,-2810,-792,8554,CD,3,D1_pwm175_grab1
19786,-316,2416,10584,CD,3,D1_pwm175_grab1
19791,-4564,-1646,9512,CD,3,D1_pwm175_grab1
19795,-4128,-3852,9692,CD,3,D1_pwm175_grab1
19801,-900,-2792,8716,CD,3,D1_pwm175_grab1
19805,510,2082,10324,CD,3,D1_pwm175_grab1
19810,-1958,2808,12758,CD,3,D1_pwm175_grab1
19815,2066,-384,10239,CD,3,D1_pwm175_grab1
19820,-812,348,10558,CD,3,D1_pwm175_grab1
19830,-1260,-262,13682,CD,3,D1_pwm175_grab1
19836,94,-4124,8738,CD,3,D1_pwm175_grab1
19841,-2904,-4906,9436,CD,3,D1_pwm175_grab1
19846,-2424,1232,9204,CD,3,D1_pwm175_grab1
19850,-662,2124,10630,CD,3,D1_pwm175_grab1
19855,-3550,-1464,9734,CD,3,D1_pwm175_grab1
19861,-4774,-3768,10262,CD,3,D1_pwm175_grab1
19866,2498,1696,10532,CD,3,D1_pwm175_grab1
19871,7610,-1846,10358,CD,3,D1_pwm175_grab1
19875,-2088,-752,8806,CD,3,D1_pwm175_grab1
19880,-1340,-880,9616,CD,3,D1_pwm175_grab1
19886,-1372,-28,10508,CD,3,D1_pwm175_grab1
19896,-1220,-340,13152,CD,3,D1_pwm175_grab1
19901,8,-4212,8510,CD,3,D1_pwm175_grab1
19906,-3206,2894,13102,CD,3,D1_pwm175_grab1
19910,2390,62,9014,CD,3,D1_pwm175_grab1
19916,-764,490,10598,CD,3,D1_pwm175_grab1
19920,7740,1810,8800,CD,3,D1_pwm175_grab1
19927,2728,1224,12272,CD,3,D1_pwm175_grab1
19932,1376,-2020,8922,CD,3,D1_pwm175_grab1
19936,-1702,-4948,8608,CD,3,D1_pwm175_grab1
19941,-2590,984,9336,CD,3,D1_pwm175_grab1
19946,118,1676,11602,CD,3,D1_pwm175_grab1
19952,-4564,-1060,12296,CD,3,D1_pwm175_grab1
19957,-442,-2148,8574,CD,3,D1_pwm175_grab1
19961,2594,1802,10620,CD,3,D1_pwm175_grab1
19966,7204,-1258,10404,CD,3,D1_pwm175_grab1
19971,3344,1210,10824,CD,3,D1_pwm175_grab1
19976,-546,-2816,8994,CD,3,D1_pwm175_grab1
19981,-1238,62,10550,CD,3,D1_pwm175_grab1
19987,3420,-1236,9640,CD,3,D1_pwm175_grab1
19992,-1462,-2732,9092,CD,3,D1_pwm175_grab1
19996,1170,662,10736,CD,3,D1_pwm175_grab1
20002,-3908,2838,13322,CD,3,D1_pwm175_grab1
20006,2480,256,9042,CD,3,D1_pwm175_grab1
20011,-446,1706,11360,CD,3,D1_pwm175_grab1
20017,-5392,-1458,11990,CD,3,D1_pwm175_grab1
20022,-126,-1864,8482,CD,3,D1_pwm175_grab1
20026,1394,-1764,8950,CD,3,D1_pwm175_grab1
20032,-1396,-4998,8442,CD,3,D1_pwm175_grab1
20036,-2552,930,9374,CD,3,D1_pwm175_grab1
20041,-550,2044,10402,CD,3,D1_pwm175_grab1
20046,-3076,-1634,10062,CD,3,D1_pwm175_grab1
20051,-4946,-3762,10146,CD,3,D1_pwm175_grab1
20056,-1156,-2448,9542,CD,3,D1_pwm175_grab1
20062,974,456,10102,CD,3,D1_pwm175_grab1
20066,3288,1172,10868,CD,3,D1_pwm175_grab1
20071,-548,-2852,9006,CD,3,D1_pwm175_grab1
20077,-1276,150,10580,CD,3,D1_pwm175_grab1
20086,-1072,-48,13206,CD,3,D1_pwm175_grab1
20091,86,-4174,8514,CD,3,D1_pwm175_grab1
20096,-1504,-5006,8396,CD,3,D1_pwm175_grab1
20101,-2792,738,9616,CD,3,D1_pwm175_grab1
20107,-538,1624,11324,CD,3,D1_pwm175_grab1
20111,-5136,-1332,12008,CD,3,D1_pwm175_grab1
20116,132,-1728,8486,CD,3,D1_pwm175_grab1
20121,2628,2066,10330,CD,3,D1_pwm175_grab1
20131,-1126,-446,8970,CD,3,D1_pwm175_grab1
20136,-984,-926,9764,CD,3,D1_pwm175_grab1
20142,-1412,158,10750,CD,3,D1_pwm175_grab1
20152,-1078,-2524,9454,CD,3,D1_pwm175_grab1
20157,888,666,9970,CD,3,D1_pwm175_grab1
20162,-3026,3090,12852,CD,3,D1_pwm175_grab1
20167,2260,12,9108,CD,3,D1_pwm175_grab1
20171,-308,574,10486,CD,3,D1_pwm175_grab1
20176,7670,2406,8120,CD,3,D1_pwm175_grab1
20183,3000,1050,12622,CD,3,D1_pwm175_grab1
20188,18,-4064,8556,CD,3,D1_pwm175_grab1
20197,2300,1988,10440,CD,3,D1_pwm175_grab1
20202,-500,1560,11296,CD,3,D1_pwm175_grab1
20207,-4426,-1028,12032,CD,3,D1_pwm175_grab1
20212,500,-1570,8502,CD,3,D1_pwm175_grab1
20218,2636,1958,10304,CD,3,D1_pwm175_grab1
20222,7868,-2388,10620,CD,3,D1_pwm175_grab1
20227,2676,464,11274,CD,3,D1_pwm175_grab1
20233,-870,-688,9776,CD,3,D1_pwm175_grab1
20238,-2104,-1256,8834,CD,3,D1_pwm175_grab1
20242,2616,-1558,9662,CD,3,D1_pwm175_grab1
20247,-924,-2488,9354,CD,3,D1_pwm175_grab1
20253,616,1194,9758,CD,3,D1_pwm175_grab1
20258,-2278,3030,12706,CD,3,D1_pwm175_grab1
20262,2068,-248,9152,CD,3,D1_pwm175_grab1
20267,-330,1556,11614,CD,3,D1_pwm175_grab1
20272,8510,2516,8228,CD,3,D1_pwm175_grab1
20278,2814,1132,12800,CD,3,D1_pwm175_grab1
20282,1158,-2260,8810,CD,3,D1_pwm175_grab1
20288,-2874,-4768,9406,CD,3,D1_pwm175_grab1
20293,-2618,1180,9510,CD,3,D1_pwm175_grab1
20297,52,2136,10634,CD,3,D1_pwm175_grab1
20303,-4656,-1586,9208,CD,3,D1_pwm175_grab1
20308,734,-1432,8604,CD,3,D1_pwm175_grab1
20312,1754,-162,9372,CD,3,D1_pwm175_grab1
20318,4960,3270,11390,CD,3,D1_pwm175_grab1
20323,2474,154,11342,CD,3,D1_pwm175_grab1
20328,-826,-2842,9176,CD,3,D1_pwm175_grab1
20333,-1408,92,10728,CD,3,D1_pwm175_grab1
20342,-1418,-328,13136,CD,3,D1_pwm175_grab1
20348,-110,-3638,8826,CD,3,D1_pwm175_grab1
20357,2644,2250,10516,CD,3,D1_pwm175_grab1
20362,-394,1434,11534,CD,3,D1_pwm175_grab1
20367,-2506,-326,12256,CD,3,D1_pwm175_grab1
20373,1116,-1080,8924,CD,3,D1_pwm175_grab1
20378,2174,1590,10534,CD,3,D1_pwm175_grab1
20388,-2632,-316,8840,CD,3,D1_pwm175_grab1
20393,-30,2192,10806,CD,3,D1_pwm175_grab1
20398,-2216,-1488,9842,CD,3,D1_pwm175_grab1
20403,922,-2008,9852,CD,3,D1_pwm175_grab1
20407,-914,-2548,8440,CD,3,D1_pwm175_grab1
20413,-46,2142,9552,CD,3,D1_pwm175_grab1
20418,-714,2654,12700,CD,3,D1_pwm175_grab1
20423,1608,-944,8922,CD,3,D1_pwm175_grab1
20427,-876,338,10212,CD,3,D1_pwm175_grab1
20439,-1640,-834,12782,CD,3,D1_pwm175_grab1
20444,-172,-3114,9204,CD,3,D1_pwm175_grab1
20453,2852,2104,10352,CD,3,D1_pwm175_grab1
20458,-444,1232,11482,CD,3,D1_pwm175_grab1
20463,-910,18,11988,CD,3,D1_pwm175_grab1
20469,1586,-632,9154,CD,3,D1_pwm175_grab1
20474,878,-3144,8722,CD,3,D1_pwm175_grab1
20480,-5252,-4318,10472,CD,3,D1_pwm175_grab1
20483,-2970,-278,8870,CD,3,D1_pwm175_grab1
20489,-1108,272,9268,CD,3,D1_pwm175_grab1
20493,-2310,-1756,10324,CD,3,D1_pwm175_grab1
20498,-412,-2372,9810,CD,3,D1_pwm175_grab1
20504,-596,-2242,8532,CD,3,D1_pwm175_grab1
20508,390,2680,9544,CD,3,D1_pwm175_grab1
20514,1834,-168,11362,CD,3,D1_pwm175_grab1
20519,-1248,-2744,9068,CD,3,D1_pwm175_grab1
20523,-970,274,10118,CD,3,D1_pwm175_grab1
20533,1766,1010,12390,CD,3,D1_pwm175_grab1
20539,754,-3460,8594,CD,3,D1_pwm175_grab1
20548,-964,1804,9358,CD,3,D1_pwm175_grab1
20553,-496,1002,11298,CD,3,D1_pwm175_grab1
20558,242,216,11370,CD,3,D1_pwm175_grab1
20563,2104,-198,9520,CD,3,D1_pwm175_grab1
20568,2290,1428,9838,CD,3,D1_pwm175_grab1
20573,5106,1646,10856,CD,3,D1_pwm175_grab1
20578,2134,-132,10934,CD,3,D1_pwm175_grab1
20583,-1080,-2434,9302,CD,3,D1_pwm175_grab1
20589,-502,-208,10148,CD,3,D1_pwm175_grab1
20594,-1442,-2572,9698,CD,3,D1_pwm175_grab1
20598,-312,-1756,8672,CD,3,D1_pwm175_grab1
20603,1134,3032,9918,CD,3,D1_pwm175_grab1
20613,2744,1784,10374,CD,3,D1_pwm175_grab1
20618,-264,854,10878,CD,3,D1_pwm175_grab1
20623,1272,516,10676,CD,3,D1_pwm175_grab1
20628,2028,-214,10124,CD,3,D1_pwm175_grab1
20634,642,-3782,8510,CD,3,D1_pwm175_grab1
20644,-566,1992,9584,CD,3,D1_pwm175_grab1
20648,-340,2292,10978,CD,3,D1_pwm175_grab1
20654,-2342,-1714,10154,CD,3,D1_pwm175_grab1
20658,-2874,-3220,9722,CD,3,D1_pwm175_grab1
20664,-252,-1806,8758,CD,3,D1_pwm175_grab1
20668,2754,3122,11000,CD,3,D1_pwm175_grab1
20673,1752,-378,10814,CD,3,D1_pwm175_grab1
20679,-1030,-2202,9390,CD,3,D1_pwm175_grab1
20683,-122,-274,10272,CD,3,D1_pwm175_grab1
20694,-1498,-1850,11648,CD,3,D1_pwm175_grab1
20699,332,-1602,10126,CD,3,D1_pwm175_grab1
20710,2672,1630,10210,CD,3,D1_pwm175_grab1
20714,-964,418,10136,CD,3,D1_pwm175_grab1
20730,496,-4216,8404,CD,3,D1_pwm175_grab1
20739,-3346,186,9386,CD,3,D1_pwm175_grab1
20745,-308,1428,9940,CD,3,D1_pwm175_grab1
20749,-2334,-1678,10562,CD,3,D1_pwm175_grab1
20755,-1844,-3010,8960,CD,3,D1_pwm175_grab1
20760,2588,2142,10558,CD,3,D1_pwm175_grab1
20765,5430,308,10400,CD,3,D1_pwm175_grab1
20769,1158,-530,10490,CD,3,D1_pwm175_grab1
20774,-1024,-1886,9566,CD,3,D1_pwm175_grab1
20780,-1166,624,10628,CD,3,D1_pwm175_grab1
20790,316,540,12726,CD,3,D1_pwm175_grab1
20795,612,-1006,10432,CD,3,D1_pwm175_grab1
20800,-7652,2446,13508,CD,3,D1_pwm175_grab1
20805,2578,1210,9922,CD,3,D1_pwm175_grab1
20810,-468,622,10590,CD,3,D1_pwm175_grab1
20814,3192,1000,8994,CD,3,D1_pwm175_grab1
20819,3014,342,11444,CD,3,D1_pwm175_grab1
20824,2048,1936,10576,CD,3,D1_pwm175_grab1
20830,6098,-78,10894,CD,3,D1_pwm175_grab1
20834,1156,-594,10420,CD,3,D1_pwm175_grab1
20840,-218,1718,10082,CD,3,D1_pwm175_grab1
20845,-2304,-1684,10524,CD,3,D1_pwm175_grab1
20849,-4300,-3324,9662,CD,3,D1_pwm175_grab1
20854,330,-850,8928,CD,3,D1_pwm175_grab1
20859,4002,3036,12216,CD,3,D1_pwm175_grab1
20870,2624,660,9528,CD,3,D1_pwm175_grab1
20875,-544,394,10324,CD,3,D1_pwm175_grab1
20885,166,346,12644,CD,3,D1_pwm175_grab1
20889,202,-3934,8678,CD,3,D1_pwm175_grab1
20900,272,2540,9686,CD,3,D1_pwm175_grab1
20905,-936,1756,11504,CD,3,D1_pwm175_grab1
20909,-3178,-2046,10230,CD,3,D1_pwm175_grab1
20914,-3926,-3308,8848,CD,3,D1_pwm175_grab1
20920,2122,1912,10690,CD,3,D1_pwm175_grab1
20924,6090,-168,10814,CD,3,D1_pwm175_grab1
20929,1236,-564,10486,CD,3,D1_pwm175_grab1
20935,-1556,-1576,9240,CD,3,D1_pwm175_grab1
20940,44,-906,10256,CD,3,D1_pwm175_grab1
20945,7796,728,8730,CD,3,D1_pwm175_grab1
20950,-1656,-2422,10030,CD,3,D1_pwm175_grab1
20955,408,-468,10934,CD,3,D1_pwm175_grab1
20960,1310,1532,10818,CD,3,D1_pwm175_grab1
20966,152,-2790,9156,CD,3,D1_pwm175_grab1
20971,-1224,702,10692,CD,3,D1_pwm175_grab1
20980,220,84,12536,CD,3,D1_pwm175_grab1
20986,162,-3846,8754,CD,3,D1_pwm175_grab1
20996,-2768,460,9708,CD,3,D1_pwm175_grab1
21000,-942,1634,11474,CD,3,D1_pwm175_grab1
21005,-6808,-1272,10330,CD,3,D1_pwm175_grab1
21010,-1694,-2686,9182,CD,3,D1_pwm175_grab1
21015,2130,1866,10684,CD,3,D1_pwm175_grab1
21020,5990,-130,10646,CD,3,D1_pwm175_grab1
21025,1316,-566,10538,CD,3,D1_pwm175_grab1
21031,-1522,-1576,9196,CD,3,D1_pwm175_grab1
21035,-790,702,10362,CD,3,D1_pwm175_grab1
21040,7956,702,8646,CD,3,D1_pwm175_grab1
21045,-1728,-2382,10072,CD,3,D1_pwm175_grab1
21051,396,-476,10958,CD,3,D1_pwm175_grab1
21055,-7680,2188,13684,CD,3,D1_pwm175_grab1
21060,2656,676,9654,CD,3,D1_pwm175_grab1
21065,-506,380,10398,CD,3,D1_pwm175_grab1
21071,1672,662,9256,CD,3,D1_pwm175_grab1
21075,3106,-132,11042,CD,3,D1_pwm175_grab1
21080,2234,-1118,8344,CD,3,D1_pwm175_grab1
21085,2458,-4714,8108,CD,3,D1_pwm175_grab1
21090,-2786,472,9652,CD,3,D1_pwm175_grab1
21095,50,1780,10162,CD,3,D1_pwm175_grab1
21101,-3030,-1920,10162,CD,3,D1_pwm175_grab1
21106,-3622,-2994,9190,CD,3,D1_pwm175_grab1
21111,796,-314,9584,CD,3,D1_pwm175_grab1
21115,2952,3200,11174,CD,3,D1_pwm175_grab1
21121,1646,1494,10306,CD,3,D1_pwm175_grab1
21126,418,-2558,9196,CD,3,D1_pwm175_grab1
21130,-818,738,10294,CD,3,D1_pwm175_grab1
21140,404,80,13168,CD,3,D1_pwm175_grab1
21145,312,-4054,8610,CD,3,D1_pwm175_grab1
21155,-516,2580,10010,CD,3,D1_pwm175_grab1
21160,-444,356,10408,CD,3,D1_pwm175_grab1
21165,-7078,-852,9788,CD,3,D1_pwm175_grab1
21171,-2508,-2920,9058,CD,3,D1_pwm175_grab1
21175,2372,1426,10984,CD,3,D1_pwm175_grab1
21181,6016,552,10270,CD,3,D1_pwm175_grab1
21185,950,-580,10896,CD,3,D1_pwm175_grab1
21191,-1226,-1970,9260,CD,3,D1_pwm175_grab1
21196,-246,-446,10566,CD,3,D1_pwm175_grab1
21200,-3040,-2798,9444,CD,3,D1_pwm175_grab1
21207,598,-354,9552,CD,3,D1_pwm175_grab1
21211,2120,3182,10590,CD,3,D1_pwm175_grab1
21216,1428,1544,10426,CD,3,D1_pwm175_grab1
21221,636,-2362,9122,CD,3,D1_pwm175_grab1
21227,-734,690,10226,CD,3,D1_pwm175_grab1
21236,750,144,12930,CD,3,D1_pwm175_grab1
21241,-112,-882,10708,CD,3,D1_pwm175_grab1
21251,-1068,2442,9910,CD,3,D1_pwm175_grab1
21257,-322,1490,10826,CD,3,D1_pwm175_grab1
21262,-6784,-830,9332,CD,3,D1_pwm175_grab1
21266,-3090,-3192,9244,CD,3,D1_pwm175_grab1
21272,2198,1394,10734,CD,3,D1_pwm175_grab1
21277,5776,958,10188,CD,3,D1_pwm175_grab1
21281,-2656,340,9038,CD,3,D1_pwm175_grab1
21286,-394,1194,10034,CD,3,D1_pwm175_grab1
21292,-840,-328,10484,CD,3,D1_pwm175_grab1
21301,-1714,-2068,11314,CD,3,D1_pwm175_grab1
21306,-74,-1350,10298,CD,3,D1_pwm175_grab1
21317,2706,1394,10410,CD,3,D1_pwm175_grab1
21321,-622,668,10252,CD,3,D1_pwm175_grab1
21331,1514,370,12582,CD,3,D1_pwm175_grab1
21337,2210,-412,9596,CD,3,D1_pwm175_grab1
21342,7492,-4068,9994,CD,3,D1_pwm175_grab1
21346,-2420,508,8810,CD,3,D1_pwm175_grab1
21352,-1392,796,9648,CD,3,D1_pwm175_grab1
21356,-1984,-1980,9982,CD,3,D1_pwm175_grab1
21362,-4154,-3496,9484,CD,3,D1_pwm175_grab1
21366,1958,1320,10320,CD,3,D1_pwm175_grab1
21372,5372,1808,10284,CD,3,D1_pwm175_grab1
21377,-1118,1772,12260,CD,3,D1_pwm175_grab1
21382,1636,-1588,8692,CD,3,D1_pwm175_grab1
21387,-700,588,10208,CD,3,D1_pwm175_grab1
21391,9816,1916,8974,CD,3,D1_pwm175_grab1
21397,2198,180,11654,CD,3,D1_pwm175_grab1
21402,-226,-2282,9594,CD,3,D1_pwm175_grab1
21411,2218,1764,10766,CD,3,D1_pwm175_grab1
21417,-456,650,11526,CD,3,D1_pwm175_grab1
21421,-4762,-1260,9760,CD,3,D1_pwm175_grab1
21427,-4074,-3408,9862,CD,3,D1_pwm175_grab1
21431,2048,1516,9956,CD,3,D1_pwm175_grab1
21436,4032,2130,10942,CD,3,D1_pwm175_grab1
21441,2672,-504,10234,CD,3,D1_pwm175_grab1
21446,-1832,14,9618,CD,3,D1_pwm175_grab1
21451,-1128,-1620,9864,CD,3,D1_pwm175_grab1
21457,2808,-738,10660,CD,3,D1_pwm175_grab1
21462,-1176,-1520,8748,CD,3,D1_pwm175_grab1
21467,934,1830,11330,CD,3,D1_pwm175_grab1
21478,2296,-712,8704,CD,3,D1_pwm175_grab1
21483,-666,564,10298,CD,3,D1_pwm175_grab1
21493,-636,-1112,12788,CD,3,D1_pwm175_grab1
21497,-50,-3236,9130,CD,3,D1_pwm175_grab1
21507,-2022,1492,10234,CD,3,D1_pwm175_grab1
21513,-84,2110,9872,CD,3,D1_pwm175_grab1
21517,-3122,-1614,10710,CD,3,D1_pwm175_grab1
21523,-4078,-2918,9822,CD,3,D1_pwm175_grab1
21527,2256,1170,11244,CD,3,D1_pwm175_grab1
21532,6412,-1368,10472,CD,3,D1_pwm175_grab1
21537,656,-136,10348,CD,3,D1_pwm175_grab1
21543,-1908,-1062,9234,CD,3,D1_pwm175_grab1
21547,-712,690,10108,CD,3,D1_pwm175_grab1
21557,220,-322,12754,CD,3,D1_pwm175_grab1
21563,262,-3854,8700,CD,3,D1_pwm175_grab1
21573,2714,438,9768,CD,3,D1_pwm175_grab1
21578,-530,324,10708,CD,3,D1_pwm175_grab1
21582,866,278,10346,CD,3,D1_pwm175_grab1
21587,2486,-550,10406,CD,3,D1_pwm175_grab1
21593,2560,1350,10876,CD,3,D1_pwm175_grab1
21597,5384,332,9768,CD,3,D1_pwm175_grab1
21603,1746,-728,10818,CD,3,D1_pwm175_grab1
21608,-1008,1384,9646,CD,3,D1_pwm175_grab1
21613,-2320,-1916,10018,CD,3,D1_pwm175_grab1
21617,-1144,-1678,10550,CD,3,D1_pwm175_grab1
21622,52,-300,9312,CD,3,D1_pwm175_grab1
21628,122,3028,9572,CD,3,D1_pwm175_grab1
21637,2444,1366,10826,CD,3,D1_pwm175_grab1
21643,-244,420,11200,CD,3,D1_pwm175_grab1
21653,1806,174,11952,CD,3,D1_pwm175_grab1
21657,550,-3590,8140,CD,3,D1_pwm175_grab1
21662,-3834,-3272,10504,CD,3,D1_pwm175_grab1
21667,-1636,2254,10270,CD,3,D1_pwm175_grab1
21673,138,1710,10286,CD,3,D1_pwm175_grab1
21677,-1336,-1716,9478,CD,3,D1_pwm175_grab1
21682,1022,-936,11118,CD,3,D1_pwm175_grab1
21687,2050,1450,10142,CD,3,D1_pwm175_grab1
21693,4096,2344,10666,CD,3,D1_pwm175_grab1
21698,2408,-806,9904,CD,3,D1_pwm175_grab1
21702,-378,-2614,9348,CD,3,D1_pwm175_grab1
21707,-942,234,10306,CD,3,D1_pwm175_grab1
21718,-790,-1260,13022,CD,3,D1_pwm175_grab1
21724,-52,-2960,9222,CD,3,D1_pwm175_grab1
21729,-4798,1906,12910,CD,3,D1_pwm175_grab1
21734,2268,-574,9092,CD,3,D1_pwm175_grab1
21739,-420,496,10106,CD,3,D1_pwm175_grab1
21743,4810,1004,8166,CD,3,D1_pwm175_grab1
21748,2940,-172,11580,CD,3,D1_pwm175_grab1
21753,1492,-2420,7908,CD,3,D1_pwm175_grab1
21758,-46,-4274,7464,CD,3,D1_pwm175_grab1
21763,198,-132,10082,CD,3,D1_pwm175_grab1
21768,148,1932,10176,CD,3,D1_pwm175_grab1
21774,-3108,-1218,10384,CD,3,D1_pwm175_grab1
21779,-4290,-2792,9868,CD,3,D1_pwm175_grab1
21784,1116,690,9834,CD,3,D1_pwm175_grab1
21788,3056,2958,10816,CD,3,D1_pwm175_grab1
21794,1808,452,9776,CD,3,D1_pwm175_grab1
21798,748,-2388,9168,CD,3,D1_pwm175_grab1
21803,-488,420,11004,CD,3,D1_pwm175_grab1
21814,578,-282,12906,CD,3,D1_pwm175_grab1
21818,234,-3578,8844,CD,3,D1_pwm175_grab1
21824,-5764,-2424,11718,CD,3,D1_pwm175_grab1
21828,-1336,2438,9974,CD,3,D1_pwm175_grab1
21834,-192,1208,10582,CD,3,D1_pwm175_grab1
21838,-6078,-290,9210,CD,3,D1_pwm175_grab1
21844,-3684,-3372,9292,CD,3,D1_pwm175_grab1
21849,2148,1068,10390,CD,3,D1_pwm175_grab1
21854,5274,1068,10294,CD,3,D1_pwm175_grab1
21859,1926,-674,10602,CD,3,D1_pwm175_grab1
21864,-912,-2290,9256,CD,3,D1_pwm175_grab1
21868,-1264,-240,10414,CD,3,D1_pwm175_grab1
21879,-1190,-1588,11970,CD,3,D1_pwm175_grab1
21884,-180,-2234,9520,CD,3,D1_pwm175_grab1
21893,1754,1736,10774,CD,3,D1_pwm175_grab1
21898,-486,638,11682,CD,3,D1_pwm175_grab1
21903,-4976,-178,13070,CD,3,D1_pwm175_grab1
21909,-216,-2112,8760,CD,3,D1_pwm175_grab1
21913,2390,426,10898,CD,3,D1_pwm175_grab1
21918,6826,-2666,10216,CD,3,D1_pwm175_grab1
21923,176,356,9734,CD,3,D1_pwm175_grab1
21929,38,1946,10056,CD,3,D1_pwm175_grab1
21933,480,-1386,10258,CD,3,D1_pwm175_grab1
21939,5370,626,10390,CD,3,D1_pwm175_grab1
21943,-1432,-1632,9130,CD,3,D1_pwm175_grab1
21948,716,916,11758,CD,3,D1_pwm175_grab1
21953,-7216,1630,13684,CD,3,D1_pwm175_grab1
21959,2628,28,9666,CD,3,D1_pwm175_grab1
21964,-550,340,10534,CD,3,D1_pwm175_grab1
21975,350,-352,12628,CD,3,D1_pwm175_grab1
21980,196,-3472,8928,CD,3,D1_pwm175_grab1
21984,-6068,-2244,11972,CD,3,D1_pwm175_grab1
21989,-1156,2462,9916,CD,3,D1_pwm175_grab1
21995,-576,1212,10798,CD,3,D1_pwm175_grab1
22000,-5968,-174,9262,CD,3,D1_pwm175_grab1
22005,-3300,-3404,9740,CD,3,D1_pwm175_grab1
22010,2658,-830,9264,CD,3,D1_pwm175_grab1
22014,7450,-4088,9908,CD,3,D1_pwm175_grab1
22019,2338,-548,10740,CD,3,D1_pwm175_grab1
22025,-1348,-2104,8954,CD,3,D1_pwm175_grab1
22029,-1050,-324,10376,CD,3,D1_pwm175_grab1
22039,-1102,-1618,11574,CD,3,D1_pwm175_grab1
22044,-234,-2112,9556,CD,3,D1_pwm175_grab1
22055,2032,-1104,8964,CD,3,D1_pwm175_grab1
22060,-594,408,11314,CD,3,D1_pwm175_grab1
22064,-5406,-338,13328,CD,3,D1_pwm175_grab1
22070,60,-2228,8502,CD,3,D1_pwm175_grab1
22074,2668,508,10648,CD,3,D1_pwm175_grab1
22079,6214,-2586,9986,CD,3,D1_pwm175_grab1
22085,876,192,9828,CD,3,D1_pwm175_grab1
22089,-2072,-296,9396,CD,3,D1_pwm175_grab1
22094,-2176,-746,10440,CD,3,D1_pwm175_grab1
22100,-4290,-2558,10912,CD,3,D1_pwm175_grab1
22105,-1318,-1352,9452,CD,3,D1_pwm175_grab1
22109,352,460,11584,CD,3,D1_pwm175_grab1
22114,-8034,1572,13262,CD,3,D1_pwm175_grab1
22119,2764,160,10024,CD,3,D1_pwm175_grab1
22124,-220,250,10392,CD,3,D1_pwm175_grab1
22129,442,-22,10568,CD,3,D1_pwm175_grab1
22134,858,-208,12016,CD,3,D1_pwm175_grab1
22139,320,-3404,9068,CD,3,D1_pwm175_grab1
22144,6500,-4300,9616,CD,3,D1_pwm175_grab1
22149,-2176,1048,9104,CD,3,D1_pwm175_grab1
22155,-1030,1210,10072,CD,3,D1_pwm175_grab1
22160,-2354,-1324,9194,CD,3,D1_pwm175_grab1
22165,-466,-1176,11564,CD,3,D1_pwm175_grab1
22169,-20,-368,9528,CD,3,D1_pwm175_grab1
22174,4924,820,10956,CD,3,D1_pwm175_grab1
22179,2918,-550,10362,CD,3,D1_pwm175_grab1
22185,-1100,-2064,8948,CD,3,D1_pwm175_grab1
22189,-526,884,10458,CD,3,D1_pwm175_grab1
22200,2104,-84,12118,CD,3,D1_pwm175_grab1
22204,828,-3186,8266,CD,3,D1_pwm175_grab1
22209,-1272,-3268,9284,CD,3,D1_pwm175_grab1
22215,1550,1618,10498,CD,3,D1_pwm175_grab1
22220,-346,450,10866,CD,3,D1_pwm175_grab1
22225,-5998,-364,13130,CD,3,D1_pwm175_grab1
22230,-184,-2488,8088,CD,3,D1_pwm175_grab1
22235,3132,672,10672,CD,3,D1_pwm175_grab1
22241,5554,-2316,9558,CD,3,D1_pwm175_grab1
22245,1068,128,9926,CD,3,D1_pwm175_grab1
22250,-1606,-444,9718,CD,3,D1_pwm175_grab1
22255,-2020,-884,10738,CD,3,D1_pwm175_grab1
22261,-4122,-2428,10824,CD,3,D1_pwm175_grab1
22265,712,486,9454,CD,3,D1_pwm175_grab1
22270,2960,2658,11112,CD,3,D1_pwm175_grab1
22280,2662,346,10222,CD,3,D1_pwm175_grab1
22285,-62,474,10630,CD,3,D1_pwm175_grab1
22290,1378,54,10328,CD,3,D1_pwm175_grab1
22295,838,-262,11826,CD,3,D1_pwm175_grab1
22300,322,-3694,8898,CD,3,D1_pwm175_grab1
22306,-6392,-2050,11770,CD,3,D1_pwm175_grab1
3000,-1512,778,8198,CD,0,D1_pwm175_grab2
3004,-880,1582,11294,CD,0,D1_pwm175_grab2
3010,-7568,-3948,8950,CD,0,D1_pwm175_grab2
3014,2966,572,11782,CD,0,D1_pwm175_grab2
3020,2614,240,8826,CD,0,D1_pwm175_grab2
3025,2254,-2258,8014,CD,0,D1_pwm175_grab2
3030,-2754,532,10216,CD,0,D1_pwm175_grab2
3036,188,910,10106,CD,0,D1_pwm175_grab2
3041,-3896,-1684,9996,CD,0,D1_pwm175_grab2
3050,2602,1928,10158,CD,0,D1_pwm175_grab2
3055,7184,-1106,10150,CD,0,D1_pwm175_grab2
3066,-720,-772,9792,CD,0,D1_pwm175_grab2
3070,-2178,1108,10364,CD,0,D1_pwm175_grab2
3081,-426,-346,13404,CD,0,D1_pwm175_grab2
3085,-54,-3984,8394,CD,0,D1_pwm175_grab2
3091,-3288,972,12186,CD,0,D1_pwm175_grab2
3095,1100,-492,9146,CD,0,D1_pwm175_grab2
3100,-770,612,10158,CD,0,D1_pwm175_grab2
3111,2436,1742,13182,CD,0,D1_pwm175_grab2
3115,2286,1118,10604,CD,0,D1_pwm175_grab2
3120,7384,-2100,9798,CD,0,D1_pwm175_grab2
3125,-2206,846,9988,CD,0,D1_pwm175_grab2
3130,-656,98,9542,CD,0,D1_pwm175_grab2
3135,-7550,-3976,8344,CD,0,D1_pwm175_grab2
3141,-1776,-3790,8584,CD,0,D1_pwm175_grab2
3145,1416,922,10058,CD,0,D1_pwm175_grab2
3150,5824,884,10648,CD,0,D1_pwm175_grab2
3156,1666,1092,11990,CD,0,D1_pwm175_grab2
3161,-112,-1402,9258,CD,0,D1_pwm175_grab2
3166,-894,732,10600,CD,0,D1_pwm175_grab2
3176,-1662,-2060,10660,CD,0,D1_pwm175_grab2
3180,860,-1734,10212,CD,0,D1_pwm175_grab2
3190,1540,142,9172,CD,0,D1_pwm175_grab2
3195,-1062,868,10638,CD,0,D1_pwm175_grab2
3201,-5278,-4072,10854,CD,0,D1_pwm175_grab2
3205,430,-2068,8478,CD,0,D1_pwm175_grab2
3210,2744,1874,10146,CD,0,D1_pwm175_grab2
3216,-514,-2882,9082,CD,0,D1_pwm175_grab2
3221,-2108,860,9656,CD,0,D1_pwm175_grab2
3226,-440,1434,10078,CD,0,D1_pwm175_grab2
3230,-4692,-2706,9894,CD,0,D1_pwm175_grab2
3236,-2634,-4530,8862,CD,0,D1_pwm175_grab2
3240,1136,-446,8882,CD,0,D1_pwm175_grab2
3245,-102,242,9250,CD,0,D1_pwm175_grab2
3251,-3098,1012,12160,CD,0,D1_pwm175_grab2
3255,-1000,-1624,9356,CD,0,D1_pwm175_grab2
3261,-834,1092,11130,CD,0,D1_pwm175_grab2
3270,-538,-774,13234,CD,0,D1_pwm175_grab2
3275,-252,-3568,8656,CD,0,D1_pwm175_grab2
3286,2340,702,9716,CD,0,D1_pwm175_grab2
3292,-628,1064,10750,CD,0,D1_pwm175_grab2
3301,1642,1680,12536,CD,0,D1_pwm175_grab2
3307,1496,-2710,9222,CD,0,D1_pwm175_grab2
3312,-6484,-2778,11568,CD,0,D1_pwm175_grab2
3316,-752,1066,8298,CD,0,D1_pwm175_grab2
3322,-990,1458,10904,CD,0,D1_pwm175_grab2
3328,-7382,-4338,9478,CD,0,D1_pwm175_grab2
3332,-3028,-4512,8420,CD,0,D1_pwm175_grab2
3337,2128,1150,9456,CD,0,D1_pwm175_grab2
3342,5816,-104,10922,CD,0,D1_pwm175_grab2
3346,1714,862,11134,CD,0,D1_pwm175_grab2
3352,-958,-1132,9720,CD,0,D1_pwm175_grab2
3357,-850,958,11262,CD,0,D1_pwm175_grab2
3361,4388,-586,9254,CD,0,D1_pwm175_grab2
3366,-1268,-2076,10636,CD,0,D1_pwm175_grab2
3372,600,-3900,8654,CD,0,D1_pwm175_grab2
3376,-6134,1054,13266,CD,0,D1_pwm175_grab2
3381,1670,4,9216,CD,0,D1_pwm175_grab2
3386,-642,800,10266,CD,0,D1_pwm175_grab2
3392,8376,2646,7432,CD,0,D1_pwm175_grab2
3396,2980,1704,13294,CD,0,D1_pwm175_grab2
3402,1912,-622,8798,CD,0,D1_pwm175_grab2
3406,-1378,-2924,10070,CD,0,D1_pwm175_grab2
3412,-2636,800,9160,CD,0,D1_pwm175_grab2
3416,-46,1422,10436,CD,0,D1_pwm175_grab2
3421,-5944,-3092,8436,CD,0,D1_pwm175_grab2
3427,-2824,-4884,7982,CD,0,D1_pwm175_grab2
3431,954,-542,9248,CD,0,D1_pwm175_grab2
3436,5066,1712,10622,CD,0,D1_pwm175_grab2
3442,2780,840,12118,CD,0,D1_pwm175_grab2
3447,-1268,-1970,9338,CD,0,D1_pwm175_grab2
3452,-452,1304,11424,CD,0,D1_pwm175_grab2
3457,7828,2488,8032,CD,0,D1_pwm175_grab2
3462,-1102,-878,12386,CD,0,D1_pwm175_grab2
3466,390,-2964,9366,CD,0,D1_pwm175_grab2
3477,1848,830,9502,CD,0,D1_pwm175_grab2
3481,-930,976,10892,CD,0,D1_pwm175_grab2
3486,4208,-248,8536,CD,0,D1_pwm175_grab2
3491,2592,1190,12038,CD,0,D1_pwm175_grab2
3496,1084,-3404,9100,CD,0,D1_pwm175_grab2
3501,1388,-3106,7752,CD,0,D1_pwm175_grab2
3507,-2412,686,9950,CD,0,D1_pwm175_grab2
3511,-270,1256,9906,CD,0,D1_pwm175_grab2
3516,-3914,-1546,10790,CD,0,D1_pwm175_grab2
3526,480,-1976,8908,CD,0,D1_pwm175_grab2
3531,4010,2198,11474,CD,0,D1_pwm175_grab2
3537,-808,540,10180,CD,0,D1_pwm175_grab2
3542,-1358,-1020,9712,CD,0,D1_pwm175_grab2
3547,-2350,1000,10558,CD,0,D1_pwm175_grab2
3552,602,-2532,9934,CD,0,D1_pwm175_grab2
3557,-1174,-2734,9286,CD,0,D1_pwm175_grab2
3562,-128,278,8766,CD,0,D1_pwm175_grab2
3567,-2588,1536,12534,CD,0,D1_pwm175_grab2
3573,948,-770,9220,CD,0,D1_pwm175_grab2
3577,-690,1322,11124,CD,0,D1_pwm175_grab2
3582,8448,3150,8166,CD,0,D1_pwm175_grab2
3587,1910,2164,12970,CD,0,D1_pwm175_grab2
3593,1648,-2086,9346,CD,0,D1_pwm175_grab2
3597,-5798,-3146,11180,CD,0,D1_pwm175_grab2
3602,-1062,1198,8290,CD,0,D1_pwm175_grab2
3607,-988,1664,10968,CD,0,D1_pwm175_grab2
3613,-7352,-4356,9204,CD,0,D1_pwm175_grab2
3618,2326,978,11796,CD,0,D1_pwm175_grab2
3622,2160,904,9284,CD,0,D1_pwm175_grab2
3627,5840,56,11184,CD,0,D1_pwm175_grab2
3633,1824,644,10988,CD,0,D1_pwm175_grab2
3637,-1156,-1372,9586,CD,0,D1_pwm175_grab2
3643,-1286,1146,11302,CD,0,D1_pwm175_grab2
3647,3908,-418,9620,CD,0,D1_pwm175_grab2
3652,-982,-1892,10754,CD,0,D1_pwm175_grab2
3657,4470,2236,11742,CD,0,D1_pwm175_grab2
3663,3258,1474,11442,CD,0,D1_pwm175_grab2
3668,-800,-2156,9066,CD,0,D1_pwm175_grab2
3672,-654,798,10200,CD,0,D1_pwm175_grab2
3682,2694,2034,13580,CD,0,D1_pwm175_grab2
3688,1894,-668,8940,CD,0,D1_pwm175_grab2
3693,-2244,-3106,10414,CD,0,D1_pwm175_grab2
3697,-2668,896,8972,CD,0,D1_pwm175_grab2
3702,-686,1110,11238,CD,0,D1_pwm175_grab2
3708,-22,-2944,10726,CD,0,D1_pwm175_grab2
3717,1038,-666,9268,CD,0,D1_pwm175_grab2
3722,5270,1532,10650,CD,0,D1_pwm175_grab2
3727,2606,780,12146,CD,0,D1_pwm175_grab2
3733,-1348,-1922,9484,CD,0,D1_pwm175_grab2
3737,-172,1312,11834,CD,0,D1_pwm175_grab2
3748,-118,-2714,9558,CD,0,D1_pwm175_grab2
3752,2956,1310,10482,CD,0,D1_pwm175_grab2
3763,1922,646,9398,CD,0,D1_pwm175_grab2
3768,-976,876,10654,CD,0,D1_pwm175_grab2
3773,5314,456,8212,CD,0,D1_pwm175_grab2
3778,2862,1478,12692,CD,0,D1_pwm175_grab2
3782,820,-3494,9110,CD,0,D1_pwm175_grab2
3792,210,1200,9480,CD,0,D1_pwm175_grab2
3799,-600,1254,11284,CD,0,D1_pwm175_grab2
3803,-3472,-4176,10686,CD,0,D1_pwm175_grab2
3808,94,-1668,8294,CD,0,D1_pwm175_grab2
3813,2510,1236,9820,CD,0,D1_pwm175_grab2
3824,-2418,778,8988,CD,0,D1_pwm175_grab2
3828,96,1682,10468,CD,0,D1_pwm175_grab2
3833,-6220,-3132,9066,CD,0,D1_pwm175_grab2
3843,-1288,-2730,9242,CD,0,D1_pwm175_grab2
3848,900,586,8956,CD,0,D1_pwm175_grab2
3854,-1214,1946,12372,CD,0,D1_pwm175_grab2
3859,780,-1160,9204,CD,0,D1_pwm175_grab2
3863,-340,1328,11462,CD,0,D1_pwm175_grab2
3868,7660,2666,8404,CD,0,D1_pwm175_grab2
3874,-724,-696,12544,CD,0,D1_pwm175_grab2
3879,410,-2896,9414,CD,0,D1_pwm175_grab2
3884,-6998,-3074,11340,CD,0,D1_pwm175_grab2
3888,-734,1398,8446,CD,0,D1_pwm175_grab2
3894,-892,1508,11156,CD,0,D1_pwm175_grab2
3898,-7064,-4372,9662,CD,0,D1_pwm175_grab2
3903,2694,1212,12462,CD,0,D1_pwm175_grab2
3908,2096,574,9148,CD,0,D1_pwm175_grab2
3913,1408,-3294,7996,CD,0,D1_pwm175_grab2
3919,-3184,706,9760,CD,0,D1_pwm175_grab2
3923,-140,1364,10322,CD,0,D1_pwm175_grab2
3928,-1818,1002,10920,CD,0,D1_pwm175_grab2
3934,3268,-1384,9510,CD,0,D1_pwm175_grab2
3938,-1182,-2136,10392,CD,0,D1_pwm175_grab2
3944,4882,2290,11396,CD,0,D1_pwm175_grab2
3948,3574,1200,11706,CD,0,D1_pwm175_grab2
3953,-1086,-2294,9002,CD,0,D1_pwm175_grab2
3959,-1250,1080,11154,CD,0,D1_pwm175_grab2
3968,2682,2030,13448,CD,0,D1_pwm175_grab2
3973,1694,-1180,8966,CD,0,D1_pwm175_grab2
3979,-3536,-3194,10698,CD,0,D1_pwm175_grab2
3983,2196,1102,9538,CD,0,D1_pwm175_grab2
3988,-722,998,11058,CD,0,D1_pwm175_grab2
3993,766,-2140,10356,CD,0,D1_pwm175_grab2
3999,1986,448,10188,CD,0,D1_pwm175_grab2
4004,2752,1518,8990,CD,0,D1_pwm175_grab2
4008,4392,-2920,9004,CD,0,D1_pwm175_grab2
4013,2092,568,11900,CD,0,D1_pwm175_grab2
4019,-1710,-1698,9510,CD,0,D1_pwm175_grab2
4023,-3406,-1054,10696,CD,0,D1_pwm175_grab2
4034,148,-2432,9406,CD,0,D1_pwm175_grab2
4038,3424,1884,11162,CD,0,D1_pwm175_grab2
4043,2696,1522,10928,CD,0,D1_pwm175_grab2
4049,-258,-2098,9184,CD,0,D1_pwm175_grab2
4055,-918,944,10658,CD,0,D1_pwm175_grab2
4065,-1416,-2158,10052,CD,0,D1_pwm175_grab2
4070,-2,-806,9722,CD,0,D1_pwm175_grab2
4074,-4962,1406,13462,CD,0,D1_pwm175_grab2
4080,1856,-556,8822,CD,0,D1_pwm175_grab2
4084,-832,976,10420,CD,0,D1_pwm175_grab2
4096,2940,1874,13206,CD,0,D1_pwm175_grab2
4099,2658,1432,9668,CD,0,D1_pwm175_grab2
4105,-3468,-3264,10528,CD,0,D1_pwm175_grab2
4109,-2156,1038,8686,CD,0,D1_pwm175_grab2
4115,42,1578,10570,CD,0,D1_pwm175_grab2
4119,-7116,-3908,8762,CD,0,D1_pwm175_grab2
4125,-2034,-4304,7980,CD,0,D1_pwm175_grab2
4129,1674,-316,9054,CD,0,D1_pwm175_grab2
4134,5128,1194,10690,CD,0,D1_pwm175_grab2
4139,484,1932,11818,CD,0,D1_pwm175_grab2
4145,-1614,-1604,9476,CD,0,D1_pwm175_grab2
4149,-280,1048,11776,CD,0,D1_pwm175_grab2
4155,6302,1008,8340,CD,0,D1_pwm175_grab2
4159,-1272,-1188,11780,CD,0,D1_pwm175_grab2
4164,774,-2340,9716,CD,0,D1_pwm175_grab2
4175,2144,298,9340,CD,0,D1_pwm175_grab2
4179,-924,1044,10276,CD,0,D1_pwm175_grab2
4184,-5460,-4086,10416,CD,0,D1_pwm175_grab2
4190,3046,1370,13030,CD,0,D1_pwm175_grab2
4194,1920,-48,9014,CD,0,D1_pwm175_grab2
4199,24,-3370,9266,CD,0,D1_pwm175_grab2
4204,-3256,1048,9540,CD,0,D1_pwm175_grab2
4209,-120,1332,10478,CD,0,D1_pwm175_grab2
4214,-4740,-2540,9554,CD,0,D1_pwm175_grab2
4224,-1420,-2698,9900,CD,0,D1_pwm175_grab2
4229,5606,1948,11180,CD,0,D1_pwm175_grab2
4235,3494,764,12092,CD,0,D1_pwm175_grab2
4240,-1676,-2194,9036,CD,0,D1_pwm175_grab2
4244,-904,1256,11506,CD,0,D1_pwm175_grab2
4255,-780,-724,12744,CD,0,D1_pwm175_grab2
4260,-146,-2900,9154,CD,0,D1_pwm175_grab2
4269,2562,744,9448,CD,0,D1_pwm175_grab2
4275,-866,1012,10654,CD,0,D1_pwm175_grab2
4279,2504,-572,9754,CD,0,D1_pwm175_grab2
4284,2798,864,11190,CD,0,D1_pwm175_grab2
4290,2490,1116,8848,CD,0,D1_pwm175_grab2
4295,1442,-3306,7854,CD,0,D1_pwm175_grab2
4299,-2708,800,10008,CD,0,D1_pwm175_grab2
4304,532,1346,10208,CD,0,D1_pwm175_grab2
4315,-54,-2042,8390,CD,0,D1_pwm175_grab2
4320,2382,1438,10222,CD,0,D1_pwm175_grab2
4325,8286,-1378,10932,CD,0,D1_pwm175_grab2
4331,-230,728,10174,CD,0,D1_pwm175_grab2
4335,-1456,-570,9648,CD,0,D1_pwm175_grab2
4340,-2340,494,10598,CD,0,D1_pwm175_grab2
4345,2046,-2954,9318,CD,0,D1_pwm175_grab2
4350,748,-962,9270,CD,0,D1_pwm175_grab2
4356,-640,286,9220,CD,0,D1_pwm175_grab2
4360,-2210,1454,12732,CD,0,D1_pwm175_grab2
4365,1184,-1136,8828,CD,0,D1_pwm175_grab2
4371,-946,940,10306,CD,0,D1_pwm175_grab2
4380,2650,1788,13084,CD,0,D1_pwm175_grab2
4385,1346,-2280,8770,CD,0,D1_pwm175_grab2
4395,-1396,1354,8642,CD,0,D1_pwm175_grab2
4400,-342,1346,10602,CD,0,D1_pwm175_grab2
4406,-7746,-4214,8982,CD,0,D1_pwm175_grab2
4410,-1674,-3290,8378,CD,0,D1_pwm175_grab2
4415,2272,1148,9676,CD,0,D1_pwm175_grab2
4420,5538,384,10526,CD,0,D1_pwm175_grab2
4426,1434,310,11064,CD,0,D1_pwm175_grab2
4431,184,1106,10012,CD,0,D1_pwm175_grab2
4436,-3076,-1646,10224,CD,0,D1_pwm175_grab2
4440,4916,-382,8358,CD,0,D1_pwm175_grab2
4446,-1744,-2016,10880,CD,0,D1_pwm175_grab2
4451,940,-1472,9926,CD,0,D1_pwm175_grab2
4460,2010,-52,9016,CD,0,D1_pwm175_grab2
4466,-832,1214,10312,CD,0,D1_pwm175_grab2
4481,1750,-902,9014,CD,0,D1_pwm175_grab2
4486,-1284,-3164,10112,CD,0,D1_pwm175_grab2
4490,-3030,1278,9210,CD,0,D1_pwm175_grab2
4495,-148,1228,10582,CD,0,D1_pwm175_grab2
4500,-5146,-3004,9334,CD,0,D1_pwm175_grab2
4505,-3504,-4270,8788,CD,0,D1_pwm175_grab2
4510,3078,1842,9772,CD,0,D1_pwm175_grab2
4521,-2878,462,9812,CD,0,D1_pwm175_grab2
4526,-1724,-1946,9194,CD,0,D1_pwm175_grab2
4531,-934,1066,11506,CD,0,D1_pwm175_grab2
4540,-1256,-1418,12266,CD,0,D1_pwm175_grab2
4546,-142,-2746,9386,CD,0,D1_pwm175_grab2
4551,816,1480,11304,CD,0,D1_pwm175_grab2
4555,266,-1714,9238,CD,0,D1_pwm175_grab2
4560,-1038,1224,10708,CD,0,D1_pwm175_grab2
4572,1454,1408,13214,CD,0,D1_pwm175_grab2
4576,764,-3550,8808,CD,0,D1_pwm175_grab2
4581,-8582,-2072,12042,CD,0,D1_pwm175_grab2
4587,-190,1570,8948,CD,0,D1_pwm175_grab2
4591,-736,1184,10034,CD,0,D1_pwm175_grab2
4597,4896,1512,9510,CD,0,D1_pwm175_grab2
4601,3708,1018,12328,CD,0,D1_pwm175_grab2
4606,1984,-92,9014,CD,0,D1_pwm175_grab2
4611,7674,-922,10870,CD,0,D1_pwm175_grab2
4617,-48,760,10420,CD,0,D1_pwm175_grab2
4621,-1556,-742,9724,CD,0,D1_pwm175_grab2
4626,-1826,104,10720,CD,0,D1_pwm175_grab2
4631,-4306,-4614,8702,CD,0,D1_pwm175_grab2
4637,876,-926,9182,CD,0,D1_pwm175_grab2
4642,4946,2462,11056,CD,0,D1_pwm175_grab2
4646,3126,368,11738,CD,0,D1_pwm175_grab2
4651,1546,-808,8636,CD,0,D1_pwm175_grab2
4657,-690,1118,10352,CD,0,D1_pwm175_grab2
4666,3442,1548,12716,CD,0,D1_pwm175_grab2
4671,-414,-3430,8716,CD,0,D1_pwm175_grab2
4681,2566,914,9680,CD,0,D1_pwm175_grab2
4687,-674,1154,11082,CD,0,D1_pwm175_grab2
4692,-250,-852,10762,CD,0,D1_pwm175_grab2
4697,-3018,-3622,8692,CD,0,D1_pwm175_grab2
4701,2268,960,9648,CD,0,D1_pwm175_grab2
4706,5138,1014,10510,CD,0,D1_pwm175_grab2
4711,-2764,954,9984,CD,0,D1_pwm175_grab2
4717,-232,512,9928,CD,0,D1_pwm175_grab2
4722,-2528,-1592,10640,CD,0,D1_pwm175_grab2
4727,-2162,-3990,9296,CD,0,D1_pwm175_grab2
4732,-290,-2464,8884,CD,0,D1_pwm175_grab2
4736,380,-2246,9692,CD,0,D1_pwm175_grab2
4746,2358,456,9346,CD,0,D1_pwm175_grab2
4752,-856,1074,10668,CD,0,D1_pwm175_grab2
4762,974,910,13294,CD,0,D1_pwm175_grab2
4767,408,-3894,8428,CD,0,D1_pwm175_grab2
4776,298,1214,9450,CD,0,D1_pwm175_grab2
4782,160,898,10222,CD,0,D1_pwm175_grab2
4786,-3104,-1834,9396,CD,0,D1_pwm175_grab2
4792,-4644,-4434,9342,CD,0,D1_pwm175_grab2
4797,3094,2136,10530,CD,0,D1_pwm175_grab2
4801,6854,-1256,9896,CD,0,D1_pwm175_grab2
4807,-720,528,10178,CD,0,D1_pwm175_grab2
4812,-1144,-554,10040,CD,0,D1_pwm175_grab2
4816,-1762,-168,9682,CD,0,D1_pwm175_grab2
4822,2430,-2332,8684,CD,0,D1_pwm175_grab2
4827,-1782,-2688,9770,CD,0,D1_pwm175_grab2
4833,4350,2028,11274,CD,0,D1_pwm175_grab2
4838,3814,544,11324,CD,0,D1_pwm175_grab2
4842,-1400,-1864,9198,CD,0,D1_pwm175_grab2
4848,-1060,770,10694,CD,0,D1_pwm175_grab2
4858,-980,-764,13330,CD,0,D1_pwm175_grab2
4864,-540,-3676,8584,CD,0,D1_pwm175_grab2
4867,-3640,-2856,11042,CD,0,D1_pwm175_grab2
4872,-2362,1512,8906,CD,0,D1_pwm175_grab2
4878,-448,1184,10520,CD,0,D1_pwm175_grab2
4882,-680,-850,10800,CD,0,D1_pwm175_grab2
4887,2152,-176,9336,CD,0,D1_pwm175_grab2
4893,2914,1362,9732,CD,0,D1_pwm175_grab2
4903,-3348,604,10124,CD,0,D1_pwm175_grab2
4908,-1766,-1704,9192,CD,0,D1_pwm175_grab2
4912,-436,372,11242,CD,0,D1_pwm175_grab2
4917,-2930,-4022,9564,CD,0,D1_pwm175_grab2
4923,-478,-2170,9164,CD,0,D1_pwm175_grab2
4928,3338,1952,11466,CD,0,D1_pwm175_grab2
4933,1276,1260,10992,CD,0,D1_pwm175_grab2
4937,-172,-1700,9186,CD,0,D1_pwm175_grab2
4942,-956,1136,10722,CD,0,D1_pwm175_grab2
4953,3890,702,10936,CD,0,D1_pwm175_grab2
4958,302,-3918,8460,CD,0,D1_pwm175_grab2
4968,172,1566,9230,CD,0,D1_pwm175_grab2
4972,-708,1230,11450,CD,0,D1_pwm175_grab2
4977,-7052,-2410,10430,CD,0,D1_pwm175_grab2
4983,-582,-2214,9196,CD,0,D1_pwm175_grab2
4987,2434,1902,10806,CD,0,D1_pwm175_grab2
4993,3720,2344,11692,CD,0,D1_pwm175_grab2
4997,10,806,10744,CD,0,D1_pwm175_grab2
5003,-1630,-1020,9684,CD,0,D1_pwm175_grab2
5007,-1232,-258,10598,CD,0,D1_pwm175_grab2
5013,4014,-1650,8800,CD,0,D1_pwm175_grab2
5018,-2012,-2938,9404,CD,0,D1_pwm175_grab2
5022,350,64,10484,CD,0,D1_pwm175_grab2
5028,-4300,1028,12922,CD,0,D1_pwm175_grab2
5033,1838,-530,8632,CD,0,D1_pwm175_grab2
5038,-610,1128,10480,CD,0,D1_pwm175_grab2
5042,7472,2496,9836,CD,0,D1_pwm175_grab2
5047,4126,1256,12122,CD,0,D1_pwm175_grab2
5053,1240,-1760,8404,CD,0,D1_pwm175_grab2
5057,-2806,-3246,9676,CD,0,D1_pwm175_grab2
5062,-2388,1152,9416,CD,0,D1_pwm175_grab2
5067,-20,1382,10214,CD,0,D1_pwm175_grab2
5072,-5054,-2616,9188,CD,0,D1_pwm175_grab2
5079,1376,-662,9010,CD,0,D1_pwm175_grab2
5083,2600,1514,10748,CD,0,D1_pwm175_grab2
5093,-1908,978,9990,CD,0,D1_pwm175_grab2
5099,-862,-130,9812,CD,0,D1_pwm175_grab2
5103,-2220,-1050,10190,CD,0,D1_pwm175_grab2
5108,150,-3024,9452,CD,0,D1_pwm175_grab2
5113,-1156,-2414,8754,CD,0,D1_pwm175_grab2
5118,5730,1456,10720,CD,0,D1_pwm175_grab2
5124,-488,1220,11706,CD,0,D1_pwm175_grab2
5128,530,-1266,8860,CD,0,D1_pwm175_grab2
5134,-838,888,10360,CD,0,D1_pwm175_grab2
5143,2636,1100,12558,CD,0,D1_pwm175_grab2
5148,702,-3220,8252,CD,0,D1_pwm175_grab2
5153,-6256,-2658,11218,CD,0,D1_pwm175_grab2
5159,2754,848,9448,CD,0,D1_pwm175_grab2
5163,-360,1328,10648,CD,0,D1_pwm175_grab2
5169,-7312,-2892,10034,CD,0,D1_pwm175_grab2
5174,-2688,-3280,8686,CD,0,D1_pwm175_grab2
5178,2562,1868,10436,CD,0,D1_pwm175_grab2
5184,5222,692,10294,CD,0,D1_pwm175_grab2
5188,1922,524,11406,CD,0,D1_pwm175_grab2
5193,-1284,-1356,9638,CD,0,D1_pwm175_grab2
5198,-2324,-1584,10618,CD,0,D1_pwm175_grab2
5204,-2640,-3384,9710,CD,0,D1_pwm175_grab2
5208,-1954,-2184,11534,CD,0,D1_pwm175_grab2
5214,266,-1834,10048,CD,0,D1_pwm175_grab2
5218,-8530,790,13290,CD,0,D1_pwm175_grab2
5223,2424,660,9488,CD,0,D1_pwm175_grab2
5229,-690,1160,10404,CD,0,D1_pwm175_grab2
5233,2742,938,9654,CD,0,D1_pwm175_grab2
5238,1048,648,12978,CD,0,D1_pwm175_grab2
5244,366,-4040,8258,CD,0,D1_pwm175_grab2
5248,2422,-2970,7722,CD,0,D1_pwm175_grab2
5253,-3430,1026,10072,CD,0,D1_pwm175_grab2
5259,-58,798,10056,CD,0,D1_pwm175_grab2
5264,-2614,-1602,10084,CD,0,D1_pwm175_grab2
5268,-4624,-3860,9918,CD,0,D1_pwm175_grab2
5274,186,-1088,9084,CD,0,D1_pwm175_grab2
5279,5992,-338,9962,CD,0,D1_pwm175_grab2
5283,492,470,11006,CD,0,D1_pwm175_grab2
5289,-1180,-1008,9852,CD,0,D1_pwm175_grab2
5293,-942,982,10860,CD,0,D1_pwm175_grab2
5303,220,406,12758,CD,0,D1_pwm175_grab2
5308,268,-3844,8634,CD,0,D1_pwm175_grab2
5318,2308,206,9148,CD,0,D1_pwm175_grab2
5324,-632,1172,10418,CD,0,D1_pwm175_grab2
5329,4846,1714,9070,CD,0,D1_pwm175_grab2
5335,4162,898,11760,CD,0,D1_pwm175_grab2
5339,1634,-1228,8748,CD,0,D1_pwm175_grab2
5345,934,-3182,7898,CD,0,D1_pwm175_grab2
5350,-3234,1154,10244,CD,0,D1_pwm175_grab2
5355,-78,1006,10226,CD,0,D1_pwm175_grab2
5359,-6898,-2090,11552,CD,0,D1_pwm175_grab2
5365,-616,-2468,8600,CD,0,D1_pwm175_grab2
5369,2974,2240,11030,CD,0,D1_pwm175_grab2
5374,6220,-948,9830,CD,0,D1_pwm175_grab2
5379,2430,1036,10768,CD,0,D1_pwm175_grab2
5384,-848,-2160,9004,CD,0,D1_pwm175_grab2
5390,-986,742,10806,CD,0,D1_pwm175_grab2
5399,-1970,-2512,9994,CD,0,D1_pwm175_grab2
5404,1160,-328,10710,CD,0,D1_pwm175_grab2
5410,-5326,1034,12876,CD,0,D1_pwm175_grab2
5415,2054,6,9110,CD,0,D1_pwm175_grab2
5419,-668,1316,11458,CD,0,D1_pwm175_grab2
5425,-6586,-1948,11522,CD,0,D1_pwm175_grab2
5429,202,-2038,9050,CD,0,D1_pwm175_grab2
5434,2724,2148,10832,CD,0,D1_pwm175_grab2
5439,7126,-1470,10280,CD,0,D1_pwm175_grab2
5445,-3086,1156,10112,CD,0,D1_pwm175_grab2
5449,-52,1138,10206,CD,0,D1_pwm175_grab2
5455,-3318,-1588,9644,CD,0,D1_pwm175_grab2
5459,-5062,-3824,9988,CD,0,D1_pwm175_grab2
5464,-1690,-2570,9586,CD,0,D1_pwm175_grab2
5470,822,-368,10670,CD,0,D1_pwm175_grab2
5475,-5272,1116,12786,CD,0,D1_pwm175_grab2
5479,1794,-242,8852,CD,0,D1_pwm175_grab2
5485,-1030,702,10744,CD,0,D1_pwm175_grab2
5495,-532,-274,12730,CD,0,D1_pwm175_grab2
5499,-18,-3858,8600,CD,0,D1_pwm175_grab2
5505,-460,-3216,7926,CD,0,D1_pwm175_grab2
5509,-2708,966,10274,CD,0,D1_pwm175_grab2
5514,398,1326,10136,CD,0,D1_pwm175_grab2
5520,-4062,-1888,9564,CD,0,D1_pwm175_grab2
5525,212,-2098,9082,CD,0,D1_pwm175_grab2
5530,2702,2128,10800,CD,0,D1_pwm175_grab2
5534,6858,-1258,10360,CD,0,D1_pwm175_grab2
5539,394,578,10222,CD,0,D1_pwm175_grab2
5544,-1208,-726,9604,CD,0,D1_pwm175_grab2
5549,-818,646,10556,CD,0,D1_pwm175_grab2
5564,866,-592,10758,CD,0,D1_pwm175_grab2
5569,-5638,1184,12870,CD,0,D1_pwm175_grab2
5575,1826,-84,8916,CD,0,D1_pwm175_grab2
5579,-608,842,10416,CD,0,D1_pwm175_grab2
5584,4236,1614,8708,CD,0,D1_pwm175_grab2
5591,4110,638,11382,CD,0,D1_pwm175_grab2
5595,1612,-1016,8446,CD,0,D1_pwm175_grab2
5601,158,-3196,7714,CD,0,D1_pwm175_grab2
5605,848,1472,9536,CD,0,D1_pwm175_grab2
5611,-714,1366,11486,CD,0,D1_pwm175_grab2
5615,-7268,-1838,11302,CD,0,D1_pwm175_grab2
5620,-280,-2368,9176,CD,0,D1_pwm175_grab2
5625,2566,2216,10882,CD,0,D1_pwm175_grab2
5632,6306,-712,10496,CD,0,D1_pwm175_grab2
5636,2008,1078,10246,CD,0,D1_pwm175_grab2
5640,-402,-1936,9422,CD,0,D1_pwm175_grab2
5646,-28,-640,10778,CD,0,D1_pwm175_grab2
5651,6540,56,8862,CD,0,D1_pwm175_grab2
5655,-1776,-2532,9954,CD,0,D1_pwm175_grab2
5661,588,-1086,10606,CD,0,D1_pwm175_grab2
5666,-7018,1026,13154,CD,0,D1_pwm175_grab2
5670,2002,166,9192,CD,0,D1_pwm175_grab2
5675,-526,1284,11168,CD,0,D1_pwm175_grab2
5686,3946,260,10782,CD,0,D1_pwm175_grab2
5690,1964,-376,8684,CD,0,D1_pwm175_grab2
5695,2038,-3152,8088,CD,0,D1_pwm175_grab2
5701,-2688,786,10096,CD,0,D1_pwm175_grab2
5705,428,1112,9872,CD,0,D1_pwm175_grab2
5711,-3204,-1948,10132,CD,0,D1_pwm175_grab2
5716,-4346,-3484,9598,CD,0,D1_pwm175_grab2
5721,-2224,-2622,10322,CD,0,D1_pwm175_grab2
5725,3056,2544,10994,CD,0,D1_pwm175_grab2
5731,1266,1320,10268,CD,0,D1_pwm175_grab2
5735,-20,-1762,9374,CD,0,D1_pwm175_grab2
5740,-806,782,10356,CD,0,D1_pwm175_grab2
5750,874,500,13304,CD,0,D1_pwm175_grab2
5756,460,-3974,8492,CD,0,D1_pwm175_grab2
5760,3692,-3064,8790,CD,0,D1_pwm175_grab2
5765,-712,1584,9416,CD,0,D1_pwm175_grab2
5770,-456,1402,11026,CD,0,D1_pwm175_grab2
5775,-7140,-1674,9782,CD,0,D1_pwm175_grab2
5780,-2870,-3148,9232,CD,0,D1_pwm175_grab2
5786,2052,1556,11066,CD,0,D1_pwm175_grab2
5791,5914,884,10572,CD,0,D1_pwm175_grab2
5795,1612,550,11650,CD,0,D1_pwm175_grab2
5801,-1392,-1840,9436,CD,0,D1_pwm175_grab2
5805,-586,-178,10852,CD,0,D1_pwm175_grab2
5815,-1992,-2212,11416,CD,0,D1_pwm175_grab2
5821,60,-2184,9792,CD,0,D1_pwm175_grab2
5831,2664,908,9752,CD,0,D1_pwm175_grab2
5836,-708,1030,11072,CD,0,D1_pwm175_grab2
5840,-544,152,11682,CD,0,D1_pwm175_grab2
5846,2048,818,12734,CD,0,D1_pwm175_grab2
5851,662,-3488,8380,CD,0,D1_pwm175_grab2
5856,-4616,-2962,11186,CD,0,D1_pwm175_grab2
5861,-1746,1468,9254,CD,0,D1_pwm175_grab2
5867,-270,1502,10708,CD,0,D1_pwm175_grab2
5871,-5508,-1580,8834,CD,0,D1_pwm175_grab2
5876,-4348,-3538,9688,CD,0,D1_pwm175_grab2
5881,1594,1058,10216,CD,0,D1_pwm175_grab2
5888,7976,-2688,10256,CD,0,D1_pwm175_grab2
5891,2380,462,11682,CD,0,D1_pwm175_grab2
5897,-1286,-2234,9370,CD,0,D1_pwm175_grab2
5901,-1132,170,10900,CD,0,D1_pwm175_grab2
5911,-1420,-1444,12462,CD,0,D1_pwm175_grab2
5916,-232,-3456,8856,CD,0,D1_pwm175_grab2
5927,1404,-558,9206,CD,0,D1_pwm175_grab2
5931,-544,1194,11474,CD,0,D1_pwm175_grab2
5937,-4114,-336,12220,CD,0,D1_pwm175_grab2
5941,1186,-1156,9172,CD,0,D1_pwm175_grab2
5947,2462,1706,11118,CD,0,D1_pwm175_grab2
5956,-1064,588,9620,CD,0,D1_pwm175_grab2
5961,-1158,-654,9560,CD,0,D1_pwm175_grab2
5966,-4184,-1660,8974,CD,0,D1_pwm175_grab2
5972,-5432,-3714,9956,CD,0,D1_pwm175_grab2
5976,-1446,-2526,8746,CD,0,D1_pwm175_grab2
5982,1086,62,10788,CD,0,D1_pwm175_grab2
5987,-4656,1300,12964,CD,0,D1_pwm175_grab2
5991,1724,-72,8880,CD,0,D1_pwm175_grab2
5997,-590,696,10458,CD,0,D1_pwm175_grab2
6002,4404,1592,8804,CD,0,D1_pwm175_grab2
6006,3912,466,11188,CD,0,D1_pwm175_grab2
6012,84,-4176,8482,CD,0,D1_pwm175_grab2
6017,172,-3336,7896,CD,0,D1_pwm175_grab2
6021,-2028,880,9812,CD,0,D1_pwm175_grab2
6026,192,1492,9690,CD,0,D1_pwm175_grab2
6031,-3128,-2074,10430,CD,0,D1_pwm175_grab2
6036,-4322,-3204,9730,CD,0,D1_pwm175_grab2
6041,1122,-454,9470,CD,0,D1_pwm175_grab2
6047,3012,2582,10986,CD,0,D1_pwm175_grab2
6052,1294,440,10874,CD,0,D1_pwm175_grab2
6056,-1276,-1572,9526,CD,0,D1_pwm175_grab2
6061,-828,724,10146,CD,0,D1_pwm175_grab2
6071,644,596,13046,CD,0,D1_pwm175_grab2
6077,464,-4278,8490,CD,0,D1_pwm175_grab2
6081,-6752,-3076,11476,CD,0,D1_pwm175_grab2
6087,-916,1738,9674,CD,0,D1_pwm175_grab2
6091,-740,694,10802,CD,0,D1_pwm175_grab2
6096,-270,328,10814,CD,0,D1_pwm175_grab2
6102,3168,-110,9792,CD,0,D1_pwm175_grab2
6107,2190,616,9564,CD,0,D1_pwm175_grab2
6113,6808,-3048,10142,CD,0,D1_pwm175_grab2
6117,-1990,430,9158,CD,0,D1_pwm175_grab2
6122,-212,668,9480,CD,0,D1_pwm175_grab2
6127,-2362,-1752,9760,CD,0,D1_pwm175_grab2
6133,-3976,-3234,10342,CD,0,D1_pwm175_grab2
6138,1498,1128,10482,CD,0,D1_pwm175_grab2
6142,5610,1820,11532,CD,0,D1_pwm175_grab2
6148,-1208,1562,11412,CD,0,D1_pwm175_grab2
6152,1058,-1054,9006,CD,0,D1_pwm175_grab2
6158,-560,526,10070,CD,0,D1_pwm175_grab2
6168,2858,744,11916,CD,0,D1_pwm175_grab2
6173,-288,-3822,8738,CD,0,D1_pwm175_grab2
6182,2056,1438,10168,CD,0,D1_pwm175_grab2
6187,126,1724,10374,CD,0,D1_pwm175_grab2
6192,-4656,-1822,9044,CD,0,D1_pwm175_grab2
6197,-5276,-3616,9588,CD,0,D1_pwm175_grab2
6202,1620,508,9816,CD,0,D1_pwm175_grab2
6207,4136,2906,11396,CD,0,D1_pwm175_grab2
6212,-288,386,9340,CD,0,D1_pwm175_grab2
6217,-930,-558,9476,CD,0,D1_pwm175_grab2
6222,-496,-952,10340,CD,0,D1_pwm175_grab2
6228,4956,-604,9316,CD,0,D1_pwm175_grab2
6237,132,-4348,8496,CD,0,D1_pwm175_grab2
6247,618,1700,10028,CD,0,D1_pwm175_grab2
6253,-492,544,10208,CD,0,D1_pwm175_grab2
6258,3070,1568,8582,CD,0,D1_pwm175_grab2
6262,3810,150,10900,CD,0,D1_pwm175_grab2
6268,1904,-568,8676,CD,0,D1_pwm175_grab2
6272,6252,210,10518,CD,0,D1_pwm175_grab2
6278,652,326,10900,CD,0,D1_pwm175_grab2
6282,-1276,-1678,9496,CD,0,D1_pwm175_grab2
6288,78,-390,10978,CD,0,D1_pwm175_grab2
6292,-4256,-3196,9706,CD,0,D1_pwm175_grab2
6298,432,-1076,9404,CD,0,D1_pwm175_grab2
6302,2638,2752,10612,CD,0,D1_pwm175_grab2
6307,736,1640,10692,CD,0,D1_pwm175_grab2
6313,128,-1838,9502,CD,0,D1_pwm175_grab2
6317,-710,742,10714,CD,0,D1_pwm175_grab2
6322,350,740,11170,CD,0,D1_pwm175_grab2
6327,3240,12,9516,CD,0,D1_pwm175_grab2
6332,556,-3990,8400,CD,0,D1_pwm175_grab2
6343,-1374,1568,9178,CD,0,D1_pwm175_grab2
6347,-366,1664,10916,CD,0,D1_pwm175_grab2
6352,-5530,-1526,8964,CD,0,D1_pwm175_grab2
6358,-4084,-3348,9824,CD,0,D1_pwm175_grab2
6363,1666,1250,10580,CD,0,D1_pwm175_grab2
6368,5612,1936,10880,CD,0,D1_pwm175_grab2
6374,-1826,368,9242,CD,0,D1_pwm175_grab2
6378,-228,238,9680,CD,0,D1_pwm175_grab2
6384,-2290,-1496,9178,CD,0,D1_pwm175_grab2
6388,506,-2202,9570,CD,0,D1_pwm175_grab2
6394,-914,-2064,9382,CD,0,D1_pwm175_grab2
6398,402,1802,9722,CD,0,D1_pwm175_grab2
6408,2122,1526,10354,CD,0,D1_pwm175_grab2
6414,-388,692,10428,CD,0,D1_pwm175_grab2
6423,3300,636,12168,CD,0,D1_pwm175_grab2
6428,1148,-2456,8380,CD,0,D1_pwm175_grab2
6433,-1128,-3784,9196,CD,0,D1_pwm175_grab2
6439,-2482,1152,9490,CD,0,D1_pwm175_grab2
6443,-1138,-614,9534,CD,0,D1_pwm175_grab2
6448,-420,-1010,10424,CD,0,D1_pwm175_grab2
6453,-5370,-3656,10142,CD,0,D1_pwm175_grab2
6459,974,18,9548,CD,0,D1_pwm175_grab2
6463,4478,3084,12224,CD,0,D1_pwm175_grab2
6468,1928,996,11016,CD,0,D1_pwm175_grab2
6474,-540,-2482,9386,CD,0,D1_pwm175_grab2
6478,-1192,802,10974,CD,0,D1_pwm175_grab2
6488,3780,256,10964,CD,0,D1_pwm175_grab2
6493,164,-4536,8422,CD,0,D1_pwm175_grab2
6503,376,1800,9754,CD,0,D1_pwm175_grab2
6508,-696,1484,11522,CD,0,D1_pwm175_grab2
6518,-1382,-2482,9506,CD,0,D1_pwm175_grab2
6523,2002,2266,11318,CD,0,D1_pwm175_grab2
6529,2672,2848,10626,CD,0,D1_pwm175_grab2
6534,1200,1660,10704,CD,0,D1_pwm175_grab2
6538,-1124,-1808,9434,CD,0,D1_pwm175_grab2
6543,-382,-266,10686,CD,0,D1_pwm175_grab2
6553,-1892,-2210,10940,CD,0,D1_pwm175_grab2
6558,-120,-2376,9738,CD,0,D1_pwm175_grab2
6569,2198,1138,9816,CD,0,D1_pwm175_grab2
6574,-162,1602,10916,CD,0,D1_pwm175_grab2
6579,-1278,176,11534,CD,0,D1_pwm175_grab2
6583,2498,-436,9262,CD,0,D1_pwm175_grab2
6589,2426,1088,9840,CD,0,D1_pwm175_grab2
6599,-1608,376,8924,CD,0,D1_pwm175_grab2
6604,-418,458,9490,CD,0,D1_pwm175_grab2
6608,-2186,-1652,9410,CD,0,D1_pwm175_grab2
6614,1104,-1756,9690,CD,0,D1_pwm175_grab2
6619,1240,844,10156,CD,0,D1_pwm175_grab2
6625,5216,2572,12028,CD,0,D1_pwm175_grab2
6629,2844,542,11248,CD,0,D1_pwm175_grab2
6634,-808,-2490,9184,CD,0,D1_pwm175_grab2
6639,-1178,390,10880,CD,0,D1_pwm175_grab2
6649,-1212,-748,12622,CD,0,D1_pwm175_grab2
6654,-126,-4304,8424,CD,0,D1_pwm175_grab2
6665,1146,1632,10234,CD,0,D1_pwm175_grab2
6669,-730,1036,11400,CD,0,D1_pwm175_grab2
6675,-7172,-894,11864,CD,0,D1_pwm175_grab2
6679,202,-2066,9032,CD,0,D1_pwm175_grab2
6685,2546,2498,11028,CD,0,D1_pwm175_grab2
6690,6014,-548,10342,CD,0,D1_pwm175_grab2
6694,1162,106,9920,CD,0,D1_pwm175_grab2
6700,-1016,-922,9466,CD,0,D1_pwm175_grab2
6705,308,-702,10732,CD,0,D1_pwm175_grab2
6709,7654,504,8678,CD,0,D1_pwm175_grab2
6714,-1518,-2362,10246,CD,0,D1_pwm175_grab2
6719,168,-1330,10334,CD,0,D1_pwm175_grab2
6730,2036,614,9754,CD,0,D1_pwm175_grab2
6734,-606,462,10358,CD,0,D1_pwm175_grab2
6745,2928,-574,9730,CD,0,D1_pwm175_grab2
6749,2468,552,9332,CD,0,D1_pwm175_grab2
6754,6660,-3332,9982,CD,0,D1_pwm175_grab2
6760,-2254,402,9400,CD,0,D1_pwm175_grab2
6765,-120,714,9744,CD,0,D1_pwm175_grab2
6770,-2546,-1744,9024,CD,0,D1_pwm175_grab2
6774,-830,-2182,10268,CD,0,D1_pwm175_grab2
6780,1806,1430,9966,CD,0,D1_pwm175_grab2
6785,364,2234,9508,CD,0,D1_pwm175_grab2
6789,-1910,1722,11592,CD,0,D1_pwm175_grab2
6795,1134,-938,9236,CD,0,D1_pwm175_grab2
6799,-436,820,10632,CD,0,D1_pwm175_grab2
6815,992,-2794,8386,CD,0,D1_pwm175_grab2
6824,1242,1440,10552,CD,0,D1_pwm175_grab2
6830,-16,1712,10232,CD,0,D1_pwm175_grab2
6834,-3386,-1336,9628,CD,0,D1_pwm175_grab2
6839,-5152,-3502,10184,CD,0,D1_pwm175_grab2
6845,906,-90,9516,CD,0,D1_pwm175_grab2
6849,4308,3050,12334,CD,0,D1_pwm175_grab2
6854,1620,1068,10790,CD,0,D1_pwm175_grab2
6859,-852,-956,9590,CD,0,D1_pwm175_grab2
6865,390,-952,10274,CD,0,D1_pwm175_grab2
6871,6948,368,8852,CD,0,D1_pwm175_grab2
6875,-1740,-2222,10346,CD,0,D1_pwm175_grab2
6881,564,-1104,10178,CD,0,D1_pwm175_grab2
6890,1988,776,9920,CD,0,D1_pwm175_grab2
6895,-476,612,10528,CD,0,D1_pwm175_grab2
6906,1050,582,12280,CD,0,D1_pwm175_grab2
6910,472,-4290,8596,CD,0,D1_pwm175_grab2
6915,6364,-3354,9676,CD,0,D1_pwm175_grab2
6920,-2580,494,9348,CD,0,D1_pwm175_grab2
6925,-418,698,9820,CD,0,D1_pwm175_grab2
6931,-2334,-1642,9148,CD,0,D1_pwm175_grab2
6935,-1210,-2444,10418,CD,0,D1_pwm175_grab2
6941,2142,1726,10078,CD,0,D1_pwm175_grab2
6945,4742,2082,10948,CD,0,D1_pwm175_grab2
6950,2980,404,11380,CD,0,D1_pwm175_grab2
6955,1112,-1110,9070,CD,0,D1_pwm175_grab2
6960,-764,976,10688,CD,0,D1_pwm175_grab2
6971,2794,818,12468,CD,0,D1_pwm175_grab2
6976,1234,-2970,8522,CD,0,D1_pwm175_grab2
6985,1220,1448,10660,CD,0,D1_pwm175_grab2
6990,-330,728,11066,CD,0,D1_pwm175_grab2
6996,-6292,-470,12132,CD,0,D1_pwm175_grab2
7000,-4846,-3198,10506,CD,0,D1_pwm175_grab2
7006,746,-88,9322,CD,0,D1_pwm175_grab2
7010,4480,2864,12790,CD,0,D1_pwm175_grab2
7015,1914,1150,10600,CD,0,D1_pwm175_grab2
7020,-934,-1006,9642,CD,0,D1_pwm175_grab2
7025,628,-896,10346,CD,0,D1_pwm175_grab2
7030,6620,284,8922,CD,0,D1_pwm175_grab2
7036,-1840,-2218,10354,CD,0,D1_pwm175_grab2
7041,300,-4544,8498,CD,0,D1_pwm175_grab2
7050,-696,1566,9526,CD,0,D1_pwm175_grab2
7056,-802,1240,11152,CD,0,D1_pwm175_grab2
7060,906,368,10630,CD,0,D1_pwm175_grab2
7065,2584,-430,9428,CD,0,D1_pwm175_grab2
7071,2442,306,9862,CD,0,D1_pwm175_grab2
7075,7374,-3090,9858,CD,0,D1_pwm175_grab2
7081,-2232,670,9150,CD,0,D1_pwm175_grab2
7085,-652,-1688,9308,CD,0,D1_pwm175_grab2
7090,-1180,-2,10522,CD,0,D1_pwm175_grab2
7100,-1304,-1286,12476,CD,0,D1_pwm175_grab2
7106,472,2094,10444,CD,0,D1_pwm175_grab2
7110,-3064,1334,12010,CD,0,D1_pwm175_grab2
7115,1638,-808,8828,CD,0,D1_pwm175_grab2
7121,-720,1006,10742,CD,0,D1_pwm175_grab2
7127,7008,1206,8738,CD,0,D1_pwm175_grab2
7131,3056,614,11736,CD,0,D1_pwm175_grab2
7137,1288,-2338,8750,CD,0,D1_pwm175_grab2
7146,302,1486,10316,CD,0,D1_pwm175_grab2
7151,-480,742,11254,CD,0,D1_pwm175_grab2
7162,-1126,-2932,8624,CD,0,D1_pwm175_grab2
7166,2418,2302,11462,CD,0,D1_pwm175_grab2
7171,3146,2900,11434,CD,0,D1_pwm175_grab2
7176,1598,1496,10576,CD,0,D1_pwm175_grab2
7181,314,-1860,8970,CD,0,D1_pwm175_grab2
7186,-154,-598,10430,CD,0,D1_pwm175_grab2
7196,-1716,-1924,11224,CD,0,D1_pwm175_grab2
7201,126,-2114,9674,CD,0,D1_pwm175_grab2
7212,-1408,1436,9394,CD,0,D1_pwm175_grab2
7216,-576,1384,10480,CD,0,D1_pwm175_grab2
7221,-5048,-948,9638,CD,0,D1_pwm175_grab2
7227,1372,-974,8650,CD,0,D1_pwm175_grab2
7232,2458,1208,10794,CD,0,D1_pwm175_grab2
7241,-1010,868,9176,CD,0,D1_pwm175_grab2
7246,-1164,-64,9654,CD,0,D1_pwm175_grab2
7251,-566,-1428,10174,CD,0,D1_pwm175_grab2
7261,-916,-406,13144,CD,0,D1_pwm175_grab2
7267,1134,482,11134,CD,0,D1_pwm175_grab2
7271,-5804,1318,12922,CD,0,D1_pwm175_grab2
7277,1978,34,8834,CD,0,D1_pwm175_grab2
7281,-712,746,10534,CD,0,D1_pwm175_grab2
7286,2638,354,8958,CD,0,D1_pwm175_grab2
7291,3262,26,10806,CD,0,D1_pwm175_grab2
7296,2390,2396,11186,CD,0,D1_pwm175_grab2
7302,5446,516,9756,CD,0,D1_pwm175_grab2
7306,-1846,898,9124,CD,0,D1_pwm175_grab2
7311,-318,1208,9600,CD,0,D1_pwm175_grab2
7317,-2222,-1736,10204,CD,0,D1_pwm175_grab2
7321,-1102,-1786,10228,CD,0,D1_pwm175_grab2
7327,-58,-1804,8840,CD,0,D1_pwm175_grab2
7332,34,2690,9456,CD,0,D1_pwm175_grab2
7336,-1194,1316,11510,CD,0,D1_pwm175_grab2
7341,1670,1084,10534,CD,0,D1_pwm175_grab2
7347,-716,918,10102,CD,0,D1_pwm175_grab2
7357,2734,546,11588,CD,0,D1_pwm175_grab2
7361,1110,-2872,8342,CD,0,D1_pwm175_grab2
7372,-2174,1072,9644,CD,0,D1_pwm175_grab2
7376,62,1468,9948,CD,0,D1_pwm175_grab2
7382,-3242,-1584,10240,CD,0,D1_pwm175_grab2
7388,-668,-2606,8994,CD,0,D1_pwm175_grab2
7393,2122,2278,11216,CD,0,D1_pwm175_grab2
7398,5908,-8,10546,CD,0,D1_pwm175_grab2
7403,2198,508,10570,CD,0,D1_pwm175_grab2
7408,-1142,-950,9442,CD,0,D1_pwm175_grab2
7413,-644,-808,10308,CD,0,D1_pwm175_grab2
7424,-1520,-2012,11346,CD,0,D1_pwm175_grab2
7427,-360,-2476,9330,CD,0,D1_pwm175_grab2
7437,1720,984,10258,CD,0,D1_pwm175_grab2
7443,-670,478,10878,CD,0,D1_pwm175_grab2
7447,-4452,-500,12458,CD,0,D1_pwm175_grab2
7453,546,-1862,8428,CD,0,D1_pwm175_grab2
7458,2648,1858,10832,CD,0,D1_pwm175_grab2
7462,6570,-1732,9854,CD,0,D1_pwm175_grab2
7467,806,694,9402,CD,0,D1_pwm175_grab2
7472,-960,-314,9646,CD,0,D1_pwm175_grab2
7477,344,-1322,10220,CD,0,D1_pwm175_grab2
7487,-1594,-2254,10160,CD,0,D1_pwm175_grab2
7493,138,-944,10324,CD,0,D1_pwm175_grab2
7502,2016,484,9990,CD,0,D1_pwm175_grab2
7508,-864,964,10580,CD,0,D1_pwm175_grab2
7512,-944,-128,11212,CD,0,D1_pwm175_grab2
7517,1620,-1216,9286,CD,0,D1_pwm175_grab2
7523,2496,922,10116,CD,0,D1_pwm175_grab2
7532,-1160,670,9004,CD,0,D1_pwm175_grab2
7537,-754,116,9822,CD,0,D1_pwm175_grab2
7542,-742,-1446,9544,CD,0,D1_pwm175_grab2
7548,-4078,-2936,10310,CD,0,D1_pwm175_grab2
7552,-1356,-2320,9572,CD,0,D1_pwm175_grab2
7558,1050,434,10524,CD,0,D1_pwm175_grab2
7567,2108,152,9458,CD,0,D1_pwm175_grab2
7573,-466,918,10828,CD,0,D1_pwm175_grab2
7577,1974,234,9390,CD,0,D1_pwm175_grab2
7582,2746,-510,10600,CD,0,D1_pwm175_grab2
7597,-2030,856,8982,CD,0,D1_pwm175_grab2
7602,-660,558,9824,CD,0,D1_pwm175_grab2
7608,-1652,-1368,9318,CD,0,D1_pwm175_grab2
7612,654,-1510,10912,CD,0,D1_pwm175_grab2
7617,-994,-2246,8976,CD,0,D1_pwm175_grab2
7622,1188,1854,10910,CD,0,D1_pwm175_grab2
7627,2762,410,10700,CD,0,D1_pwm175_grab2
7632,-134,-1868,9506,CD,0,D1_pwm175_grab2
7638,-842,488,10320,CD,0,D1_pwm175_grab2
7648,-490,314,13028,CD,0,D1_pwm175_grab2
7663,-1104,1446,10090,CD,0,D1_pwm175_grab2
7668,-698,802,10850,CD,0,D1_pwm175_grab2
7674,-300,-380,10744,CD,0,D1_pwm175_grab2
7678,2342,-778,9526,CD,0,D1_pwm175_grab2
7684,2076,1940,10472,CD,0,D1_pwm175_grab2
7689,4866,1614,10142,CD,0,D1_pwm175_grab2
7694,2408,268,11044,CD,0,D1_pwm175_grab2
7699,-572,-1818,9694,CD,0,D1_pwm175_grab2
7704,-1006,-50,10220,CD,0,D1_pwm175_grab2
7709,2926,-670,10564,CD,0,D1_pwm175_grab2
7714,-898,-2504,8884,CD,0,D1_pwm175_grab2
7718,1084,986,10792,CD,0,D1_pwm175_grab2
7728,224,1334,10596,CD,0,D1_pwm175_grab2
7734,-598,826,11202,CD,0,D1_pwm175_grab2
7743,-1694,-2996,8768,CD,0,D1_pwm175_grab2
7748,2460,1982,11296,CD,0,D1_pwm175_grab2
7754,4510,-3540,9398,CD,0,D1_pwm175_grab2
7758,-2198,708,9132,CD,0,D1_pwm175_grab2
7763,-244,848,9660,CD,0,D1_pwm175_grab2
7768,-1010,-476,10272,CD,0,D1_pwm175_grab2
7779,-1672,-1328,11914,CD,0,D1_pwm175_grab2
7783,-150,-3026,9102,CD,0,D1_pwm175_grab2
7793,1654,-724,9148,CD,0,D1_pwm175_grab2
7798,-332,1142,10418,CD,0,D1_pwm175_grab2
7804,6712,1582,7928,CD,0,D1_pwm175_grab2
7809,72,-2126,8668,CD,0,D1_pwm175_grab2
7813,2286,1830,11352,CD,0,D1_pwm175_grab2
7818,6650,-998,10314,CD,0,D1_pwm175_grab2
7824,988,824,10094,CD,0,D1_pwm175_grab2
7829,-1268,-772,9728,CD,1,D1_pwm175_grab2
7834,-2684,-1132,10022,CD,1,D1_pwm175_grab2
7838,-3610,-2846,10106,CD,1,D1_pwm175_grab2
7843,402,-1032,9284,CD,1,D1_pwm175_grab2
7848,1616,3050,10036,CD,1,D1_pwm175_grab2
7858,2192,826,9764,CD,1,D1_pwm175_grab2
7863,-590,900,11158,CD,1,D1_pwm175_grab2
7869,-2392,-576,11962,CD,1,D1_pwm175_grab2
7873,2080,1070,12568,CD,1,D1_pwm175_grab2
7878,934,-3452,8584,CD,1,D1_pwm175_grab2
7883,-1646,-3126,10038,CD,1,D1_pwm175_grab2
7888,-2324,1116,9446,CD,1,D1_pwm175_grab2
7894,-334,1218,10134,CD,1,D1_pwm175_grab2
7899,-3054,-948,9974,CD,1,D1_pwm175_grab2
7904,-4604,-3234,10276,CD,1,D1_pwm175_grab2
7910,780,-90,9186,CD,1,D1_pwm175_grab2
7915,5462,-588,9642,CD,1,D1_pwm175_grab2
7919,1394,502,10210,CD,1,D1_pwm175_grab2
7924,-842,-1038,9818,CD,1,D1_pwm175_grab2
7929,194,-728,10138,CD,1,D1_pwm175_grab2
7939,934,938,12314,CD,1,D1_pwm175_grab2
7944,520,-3990,8744,CD,1,D1_pwm175_grab2
7949,-5486,-2940,11554,CD,1,D1_pwm175_grab2
7954,1984,1020,10530,CD,1,D1_pwm175_grab2
7960,-244,1058,11344,CD,1,D1_pwm175_grab2
7964,-2360,-482,12396,CD,1,D1_pwm175_grab2
7970,696,-1706,8636,CD,1,D1_pwm175_grab2
7974,2724,1248,10648,CD,1,D1_pwm175_grab2
7979,4630,2404,12466,CD,1,D1_pwm175_grab2
7985,3212,944,10628,CD,1,D1_pwm175_grab2
7990,-390,-1730,9248,CD,1,D1_pwm175_grab2
7994,472,-1024,10378,CD,1,D1_pwm175_grab2
8000,4842,4,9854,CD,1,D1_pwm175_grab2
8005,-1722,-2424,9684,CD,1,D1_pwm175_grab2
8010,1028,-118,11050,CD,1,D1_pwm175_grab2
8014,-7744,824,12722,CD,1,D1_pwm175_grab2
8020,2220,356,9604,CD,1,D1_pwm175_grab2
8024,-908,1128,10618,CD,1,D1_pwm175_grab2
8029,-6216,-1210,10310,CD,1,D1_pwm175_grab2
8035,2330,-408,9452,CD,1,D1_pwm175_grab2
8039,2316,-106,10004,CD,1,D1_pwm175_grab2
8044,7862,-2920,10322,CD,1,D1_pwm175_grab2
8049,-1878,786,8906,CD,1,D1_pwm175_grab2
8054,-1006,50,9546,CD,1,D1_pwm175_grab2
8059,-1188,-1196,9934,CD,1,D1_pwm175_grab2
8070,-1220,-746,13002,CD,1,D1_pwm175_grab2
8074,1202,1170,11090,CD,1,D1_pwm175_grab2
8080,-5102,1076,12466,CD,1,D1_pwm175_grab2
8084,2264,74,8758,CD,1,D1_pwm175_grab2
8090,-676,1054,10630,CD,1,D1_pwm175_grab2
8095,3006,414,9030,CD,1,D1_pwm175_grab2
8099,3234,134,10750,CD,1,D1_pwm175_grab2
8104,1580,-1002,9126,CD,1,D1_pwm175_grab2
8110,5042,280,9616,CD,1,D1_pwm175_grab2
8114,-2152,838,9042,CD,1,D1_pwm175_grab2
8119,-726,506,9404,CD,1,D1_pwm175_grab2
8124,-1926,-1270,10254,CD,1,D1_pwm175_grab2
8129,214,-1442,10478,CD,1,D1_pwm175_grab2
8134,-584,-1870,8542,CD,1,D1_pwm175_grab2
8139,436,2376,9924,CD,1,D1_pwm175_grab2
8144,-2614,1044,11870,CD,1,D1_pwm175_grab2
8150,1886,-338,8758,CD,1,D1_pwm175_grab2
8155,-1146,-10,10692,CD,1,D1_pwm175_grab2
8166,-752,-122,12952,CD,1,D1_pwm175_grab2
8171,34,-4164,8488,CD,1,D1_pwm175_grab2
8180,-242,1402,10196,CD,1,D1_pwm175_grab2
8185,-748,1280,11370,CD,1,D1_pwm175_grab2
8190,-6618,-1022,10050,CD,1,D1_pwm175_grab2
8195,-2774,-3232,9660,CD,1,D1_pwm175_grab2
8200,1722,1386,10768,CD,1,D1_pwm175_grab2
8205,5578,940,10918,CD,1,D1_pwm175_grab2
8210,2916,576,11170,CD,1,D1_pwm175_grab2
8216,-902,-1656,9568,CD,1,D1_pwm175_grab2
8220,-1210,-366,10360,CD,1,D1_pwm175_grab2
8230,-1310,-770,12448,CD,1,D1_pwm175_grab2
8236,-184,-3604,8592,CD,1,D1_pwm175_grab2
8246,578,1274,10424,CD,1,D1_pwm175_grab2
8250,-898,1166,11336,CD,1,D1_pwm175_grab2
8260,-1174,-3022,9018,CD,1,D1_pwm175_grab2
8265,2212,1936,10770,CD,1,D1_pwm175_grab2
8271,5270,102,10230,CD,1,D1_pwm175_grab2
8276,-2284,814,9102,CD,1,D1_pwm175_grab2
8280,-888,-1326,9586,CD,1,D1_pwm175_grab2
8285,-998,-726,9988,CD,1,D1_pwm175_grab2
8296,-1472,-1262,12370,CD,1,D1_pwm175_grab2
8301,-196,-3240,8910,CD,1,D1_pwm175_grab2
8310,1272,974,10718,CD,1,D1_pwm175_grab2
8316,-760,960,10654,CD,1,D1_pwm175_grab2
8325,-686,-2964,8586,CD,1,D1_pwm175_grab2
8331,2616,2032,11038,CD,1,D1_pwm175_grab2
8340,2290,516,10560,CD,1,D1_pwm175_grab2
8346,-880,-1260,9732,CD,1,D1_pwm175_grab2
8350,-332,-722,9820,CD,1,D1_pwm175_grab2
8360,-472,-1612,8400,CD,1,D1_pwm175_grab2
8366,-116,-2782,9304,CD,1,D1_pwm175_grab2
8376,1652,1196,10884,CD,1,D1_pwm175_grab2
8381,-168,1154,11332,CD,1,D1_pwm175_grab2
8385,-5190,-626,12622,CD,1,D1_pwm175_grab2
8390,-248,-2686,8226,CD,1,D1_pwm175_grab2
8396,2736,1690,11016,CD,1,D1_pwm175_grab2
8401,566,-3258,8224,CD,1,D1_pwm175_grab2
8407,-2060,1012,9592,CD,1,D1_pwm175_grab2
8411,-436,1030,9434,CD,1,D1_pwm175_grab2
8416,-2166,-1282,10838,CD,1,D1_pwm175_grab2
8421,-2236,-2092,9930,CD,1,D1_pwm175_grab2
8426,314,-1012,8934,CD,1,D1_pwm175_grab2
8431,340,2910,9282,CD,1,D1_pwm175_grab2
8436,-312,1180,11136,CD,1,D1_pwm175_grab2
8442,-890,-1712,9568,CD,1,D1_pwm175_grab2
8448,-1192,-384,10548,CD,1,D1_pwm175_grab2
8457,2710,616,11402,CD,1,D1_pwm175_grab2
8462,920,-2580,8360,CD,1,D1_pwm175_grab2
8466,-978,-3142,8414,CD,1,D1_pwm175_grab2
8472,-2142,1014,9946,CD,1,D1_pwm175_grab2
8477,52,1228,9892,CD,1,D1_pwm175_grab2
8486,-1546,-3032,9242,CD,1,D1_pwm175_grab2
8492,852,-634,9372,CD,1,D1_pwm175_grab2
8496,992,3032,9412,CD,1,D1_pwm175_grab2
8501,392,1214,10402,CD,1,D1_pwm175_grab2
8507,1086,-1318,9276,CD,1,D1_pwm175_grab2
8511,-484,414,10088,CD,1,D1_pwm175_grab2
8521,-1464,-1146,12110,CD,1,D1_pwm175_grab2
8527,-176,-3194,8882,CD,1,D1_pwm175_grab2
8536,-2486,1154,9982,CD,1,D1_pwm175_grab2
8542,114,1292,10138,CD,1,D1_pwm175_grab2
8546,-3212,-944,9954,CD,1,D1_pwm175_grab2
8551,-4546,-3342,9730,CD,1,D1_pwm175_grab2
8556,1148,-416,9368,CD,1,D1_pwm175_grab2
8561,5186,-74,10206,CD,1,D1_pwm175_grab2
8567,2506,350,10454,CD,1,D1_pwm175_grab2
8571,-1012,-1292,9520,CD,1,D1_pwm175_grab2
8577,-814,308,10228,CD,1,D1_pwm175_grab2
8586,1788,968,12632,CD,1,D1_pwm175_grab2
8592,750,-3476,8496,CD,1,D1_pwm175_grab2
8597,-2116,-2964,10414,CD,1,D1_pwm175_grab2
8601,1536,1124,10782,CD,1,D1_pwm175_grab2
8606,-486,1120,11000,CD,1,D1_pwm175_grab2
8616,-334,-2776,8196,CD,1,D1_pwm175_grab2
8621,1072,-218,9210,CD,1,D1_pwm175_grab2
8626,3936,2630,11758,CD,1,D1_pwm175_grab2
8631,1440,1082,10218,CD,1,D1_pwm175_grab2
8636,280,-1756,9602,CD,1,D1_pwm175_grab2
8641,380,-478,9934,CD,1,D1_pwm175_grab2
8651,-1828,-1514,11772,CD,1,D1_pwm175_grab2
8657,30,-2004,9830,CD,1,D1_pwm175_grab2
8668,1990,1258,10846,CD,1,D1_pwm175_grab2
8672,-164,876,11264,CD,1,D1_pwm175_grab2
8683,2950,564,11338,CD,1,D1_pwm175_grab2
8687,938,-2418,8540,CD,1,D1_pwm175_grab2
8693,-1098,-3446,8272,CD,1,D1_pwm175_grab2
8697,-1970,1140,10028,CD,1,D1_pwm175_grab2
8702,-340,1482,9594,CD,1,D1_pwm175_grab2
8708,990,-434,10378,CD,1,D1_pwm175_grab2
8712,6706,726,9828,CD,1,D1_pwm175_grab2
8717,-1846,-1794,10340,CD,1,D1_pwm175_grab2
8722,1228,2968,9692,CD,1,D1_pwm175_grab2
8728,1050,1326,10404,CD,1,D1_pwm175_grab2
8732,874,-1514,9028,CD,1,D1_pwm175_grab2
8737,-786,132,9814,CD,1,D1_pwm175_grab2
8747,1312,-1186,8704,CD,1,D1_pwm175_grab2
8753,2556,548,10486,CD,1,D1_pwm175_grab2
8758,7440,-2404,10246,CD,1,D1_pwm175_grab2
8763,-2306,1280,9976,CD,1,D1_pwm175_grab2
8768,102,1554,10298,CD,1,D1_pwm175_grab2
8772,-3744,-1206,10012,CD,1,D1_pwm175_grab2
8777,-4644,-3550,9472,CD,1,D1_pwm175_grab2
8782,1488,-108,9540,CD,1,D1_pwm175_grab2
8788,3022,2856,10756,CD,1,D1_pwm175_grab2
8797,2386,486,9430,CD,1,D1_pwm175_grab2
8803,-788,274,10036,CD,1,D1_pwm175_grab2
8818,616,-3896,8396,CD,1,D1_pwm175_grab2
8822,-3962,-2976,11026,CD,1,D1_pwm175_grab2
8828,-2242,1506,9880,CD,1,D1_pwm175_grab2
8833,-1194,28,9316,CD,1,D1_pwm175_grab2
8838,-924,-958,9980,CD,1,D1_pwm175_grab2
8843,-4848,-3808,9662,CD,1,D1_pwm175_grab2
8847,1656,298,9588,CD,1,D1_pwm175_grab2
8852,4220,2792,11822,CD,1,D1_pwm175_grab2
8857,1968,524,10152,CD,1,D1_pwm175_grab2
8863,10,-2074,9738,CD,1,D1_pwm175_grab2
8867,-1146,386,10522,CD,1,D1_pwm175_grab2
8877,3526,66,10860,CD,1,D1_pwm175_grab2
8883,1564,-798,8920,CD,1,D1_pwm175_grab2
8887,-6332,-2650,12044,CD,1,D1_pwm175_grab2
8893,-1190,1622,9858,CD,1,D1_pwm175_grab2
8897,-482,1624,11016,CD,1,D1_pwm175_grab2
8903,-5226,-862,9332,CD,1,D1_pwm175_grab2
8907,-3900,-3586,10040,CD,1,D1_pwm175_grab2
8913,1656,718,10162,CD,1,D1_pwm175_grab2
8918,5180,2040,11596,CD,1,D1_pwm175_grab2
8923,2522,78,10840,CD,1,D1_pwm175_grab2
8928,-812,-270,9736,CD,1,D1_pwm175_grab2
8933,-296,-704,9438,CD,1,D1_pwm175_grab2
8938,3950,-370,10812,CD,1,D1_pwm175_grab2
8943,-1414,-1850,9604,CD,1,D1_pwm175_grab2
8948,1150,642,10834,CD,1,D1_pwm175_grab2
8958,2078,374,9428,CD,1,D1_pwm175_grab2
8963,-812,1346,11564,CD,1,D1_pwm175_grab2
8969,1944,268,9900,CD,1,D1_pwm175_grab2
8973,3022,-218,10454,CD,1,D1_pwm175_grab2
8978,2180,-536,9282,CD,1,D1_pwm175_grab2
8983,6912,-3334,10104,CD,1,D1_pwm175_grab2
8989,-2770,548,8948,CD,1,D1_pwm175_grab2
8993,-842,440,9522,CD,1,D1_pwm175_grab2
8998,-1572,-894,9120,CD,1,D1_pwm175_grab2
9008,-1072,-1924,8972,CD,1,D1_pwm175_grab2
9014,1276,2154,10998,CD,1,D1_pwm175_grab2
9018,-3696,1324,12228,CD,1,D1_pwm175_grab2
9023,1960,-234,8762,CD,1,D1_pwm175_grab2
9028,-940,330,10426,CD,1,D1_pwm175_grab2
9033,4814,810,8520,CD,1,D1_pwm175_grab2
9039,3414,450,11226,CD,1,D1_pwm175_grab2
9044,1552,-1678,8766,CD,1,D1_pwm175_grab2
9049,2742,-3320,8612,CD,1,D1_pwm175_grab2
9053,-2746,1154,9568,CD,1,D1_pwm175_grab2
9058,-578,1086,9640,CD,1,D1_pwm175_grab2
9064,-1682,-1314,10260,CD,1,D1_pwm175_grab2
9068,-2312,-2212,10294,CD,1,D1_pwm175_grab2
9073,-350,-1416,8598,CD,1,D1_pwm175_grab2
9078,522,2750,9852,CD,1,D1_pwm175_grab2
9083,-890,1326,11444,CD,1,D1_pwm175_grab2
9089,1322,-1048,8738,CD,1,D1_pwm175_grab2
9094,-860,352,10380,CD,1,D1_pwm175_grab2
9104,2960,512,11278,CD,1,D1_pwm175_grab2
9108,926,-2652,8504,CD,1,D1_pwm175_grab2
9114,-1640,-3750,8730,CD,1,D1_pwm175_grab2
9119,-1850,1454,10258,CD,1,D1_pwm175_grab2
9124,-548,1760,9798,CD,1,D1_pwm175_grab2
9133,-4090,-3072,9772,CD,1,D1_pwm175_grab2
9138,838,-240,9152,CD,1,D1_pwm175_grab2
9144,2760,2696,10944,CD,1,D1_pwm175_grab2
9149,2142,1316,10140,CD,1,D1_pwm175_grab2
9153,494,-1890,9026,CD,1,D1_pwm175_grab2
9159,-1020,366,9926,CD,1,D1_pwm175_grab2
9169,-2124,-1828,11388,CD,1,D1_pwm175_grab2
9175,-66,-1668,10112,CD,1,D1_pwm175_grab2
9184,2242,1322,10504,CD,1,D1_pwm175_grab2
9190,-486,546,11418,CD,1,D1_pwm175_grab2
9194,-3394,-506,12848,CD,1,D1_pwm175_grab2
9199,1232,-1198,8636,CD,1,D1_pwm175_grab2
9204,2268,1154,10790,CD,1,D1_pwm175_grab2
9209,-1468,-3630,9280,CD,1,D1_pwm175_grab2
9216,-2304,1376,10316,CD,1,D1_pwm175_grab2
9219,-1400,-538,9302,CD,1,D1_pwm175_grab2
9224,296,-532,10694,CD,1,D1_pwm175_grab2
9229,4780,-60,10376,CD,1,D1_pwm175_grab2
9234,-1812,-2234,9110,CD,1,D1_pwm175_grab2
9240,906,438,11366,CD,1,D1_pwm175_grab2
9249,142,-2140,9482,CD,1,D1_pwm175_grab2
9254,-1240,580,10442,CD,1,D1_pwm175_grab2
9260,1090,336,9832,CD,1,D1_pwm175_grab2
9265,3524,-196,10466,CD,1,D1_pwm175_grab2
9270,2010,-718,8876,CD,1,D1_pwm175_grab2
9274,5496,-3848,9782,CD,1,D1_pwm175_grab2
9280,-2492,762,9170,CD,1,D1_pwm175_grab2
9285,-642,940,9518,CD,1,D1_pwm175_grab2
9290,-5178,-1054,9230,CD,1,D1_pwm175_grab2
9294,-3920,-3470,9890,CD,1,D1_pwm175_grab2
9299,1532,1078,10372,CD,1,D1_pwm175_grab2
9305,214,2562,9702,CD,1,D1_pwm175_grab2
9310,-1424,1476,11458,CD,1,D1_pwm175_grab2
9314,1446,-1042,8680,CD,1,D1_pwm175_grab2
9319,-488,192,10008,CD,1,D1_pwm175_grab2
9329,-1228,-1062,12634,CD,1,D1_pwm175_grab2
9334,-384,-3428,8684,CD,1,D1_pwm175_grab2
9344,-2218,1222,10448,CD,1,D1_pwm175_grab2
9349,342,1896,10444,CD,1,D1_pwm175_grab2
9354,-3458,-1794,9892,CD,1,D1_pwm175_grab2
9360,-4936,-3864,9300,CD,1,D1_pwm175_grab2
9365,1202,164,9756,CD,1,D1_pwm175_grab2
9370,6182,-994,10164,CD,1,D1_pwm175_grab2
9374,1238,70,10282,CD,1,D1_pwm175_grab2
9379,-1072,-1198,9420,CD,1,D1_pwm175_grab2
9385,18,-380,10714,CD,1,D1_pwm175_grab2
9399,406,-4218,8398,CD,1,D1_pwm175_grab2
9404,-6172,-2764,11634,CD,1,D1_pwm175_grab2
9409,2334,830,9934,CD,1,D1_pwm175_grab2
9414,-532,204,10606,CD,1,D1_pwm175_grab2
9419,-1374,-68,11526,CD,1,D1_pwm175_grab2
9424,2150,-822,9120,CD,1,D1_pwm175_grab2
9430,2834,164,9376,CD,1,D1_pwm175_grab2
9440,-1874,502,9064,CD,1,D1_pwm175_grab2
9446,-608,352,9974,CD,1,D1_pwm175_grab2
9451,-3970,-1442,9634,CD,1,D1_pwm175_grab2
9455,-4492,-3544,9984,CD,1,D1_pwm175_grab2
9460,1310,952,9886,CD,1,D1_pwm175_grab2
9465,4982,2174,12256,CD,1,D1_pwm175_grab2
9472,2880,350,10412,CD,1,D1_pwm175_grab2
9475,1724,-382,8834,CD,1,D1_pwm175_grab2
9480,-396,290,10286,CD,1,D1_pwm175_grab2
9485,6060,1896,8140,CD,1,D1_pwm175_grab2
9491,-720,-942,12754,CD,1,D1_pwm175_grab2
9495,-20,-3946,8504,CD,1,D1_pwm175_grab2
9506,562,1870,10166,CD,1,D1_pwm175_grab2
9511,-882,1120,10982,CD,1,D1_pwm175_grab2
9515,-2674,-1808,10008,CD,1,D1_pwm175_grab2
9521,-4702,-3602,9662,CD,1,D1_pwm175_grab2
9526,692,-208,9692,CD,1,D1_pwm175_grab2
9530,3192,3128,11232,CD,1,D1_pwm175_grab2
9535,1704,156,10756,CD,1,D1_pwm175_grab2
9541,-816,-1382,9524,CD,1,D1_pwm175_grab2
9545,-88,104,10250,CD,1,D1_pwm175_grab2
9556,-1820,-1694,11624,CD,1,D1_pwm175_grab2
9560,320,-3948,8440,CD,1,D1_pwm175_grab2
9565,-5352,-2782,11658,CD,1,D1_pwm175_grab2
9570,-1362,2060,9646,CD,1,D1_pwm175_grab2
9575,-130,266,10790,CD,1,D1_pwm175_grab2
9581,-1918,22,12520,CD,1,D1_pwm175_grab2
9585,1534,-1060,8794,CD,1,D1_pwm175_grab2
9590,3012,276,9638,CD,1,D1_pwm175_grab2
9600,2410,-54,10926,CD,1,D1_pwm175_grab2
9605,-892,-2518,8994,CD,1,D1_pwm175_grab2
9610,-1104,816,10802,CD,1,D1_pwm175_grab2
9615,2256,-1382,10428,CD,1,D1_pwm175_grab2
9621,-1304,-1712,9442,CD,1,D1_pwm175_grab2
9625,1170,1652,11410,CD,1,D1_pwm175_grab2
9631,-4248,1616,12332,CD,1,D1_pwm175_grab2
9635,1796,-178,9026,CD,1,D1_pwm175_grab2
9641,-770,296,10304,CD,1,D1_pwm175_grab2
9646,-7362,-1354,11690,CD,1,D1_pwm175_grab2
9650,36,-2134,8612,CD,1,D1_pwm175_grab2
9655,1618,-2364,8262,CD,1,D1_pwm175_grab2
9661,1514,-3782,7970,CD,1,D1_pwm175_grab2
9666,-2712,1244,10084,CD,1,D1_pwm175_grab2
9670,-308,1600,10188,CD,1,D1_pwm175_grab2
9675,-2062,-1754,10386,CD,1,D1_pwm175_grab2
9681,-3976,-3088,9694,CD,1,D1_pwm175_grab2
9687,-138,-234,9236,CD,1,D1_pwm175_grab2
9692,2626,2958,11018,CD,1,D1_pwm175_grab2
9696,1716,-136,10876,CD,1,D1_pwm175_grab2
9702,-800,-1622,9476,CD,1,D1_pwm175_grab2
9707,-454,330,10360,CD,1,D1_pwm175_grab2
9717,-1598,-1514,12224,CD,1,D1_pwm175_grab2
9721,-200,-1594,10100,CD,1,D1_pwm175_grab2
9732,-1388,2230,9786,CD,1,D1_pwm175_grab2
9737,-358,106,10990,CD,1,D1_pwm175_grab2
9741,-2698,-196,12996,CD,1,D1_pwm175_grab2
9746,1022,-1126,8476,CD,1,D1_pwm175_grab2
9751,2908,228,10260,CD,1,D1_pwm175_grab2
9761,-1586,382,9348,CD,1,D1_pwm175_grab2
9766,-1112,-156,9684,CD,1,D1_pwm175_grab2
9772,-1028,908,10650,CD,1,D1_pwm175_grab2
9776,2612,-1144,9916,CD,1,D1_pwm175_grab2
9782,-1758,-1970,9212,CD,1,D1_pwm175_grab2
9786,1140,1452,11738,CD,1,D1_pwm175_grab2
9791,-5092,1500,12500,CD,1,D1_pwm175_grab2
9796,1948,-318,8942,CD,1,D1_pwm175_grab2
9802,-946,280,10436,CD,1,D1_pwm175_grab2
9807,4086,1176,9070,CD,1,D1_pwm175_grab2
9811,3552,326,11274,CD,1,D1_pwm175_grab2
9816,1556,-2212,8286,CD,1,D1_pwm175_grab2
9821,1576,-3736,7904,CD,1,D1_pwm175_grab2
9827,-2460,1468,9920,CD,1,D1_pwm175_grab2
9831,-536,1552,10218,CD,1,D1_pwm175_grab2
9837,-1838,-1996,10716,CD,1,D1_pwm175_grab2
9842,-3466,-2796,9626,CD,1,D1_pwm175_grab2
9847,-198,-18,9216,CD,1,D1_pwm175_grab2
9852,1994,2828,10724,CD,1,D1_pwm175_grab2
9856,876,1210,10794,CD,1,D1_pwm175_grab2
9861,668,-2004,8668,CD,1,D1_pwm175_grab2
9867,-1022,756,10202,CD,1,D1_pwm175_grab2
9876,1918,-166,11814,CD,1,D1_pwm175_grab2
9881,392,-3790,8228,CD,1,D1_pwm175_grab2
9886,-5486,-2956,11106,CD,1,D1_pwm175_grab2
9891,-1322,2014,9890,CD,1,D1_pwm175_grab2
9897,-504,192,11202,CD,1,D1_pwm175_grab2
9901,-4742,-2004,9472,CD,1,D1_pwm175_grab2
9906,-4068,-3314,9836,CD,1,D1_pwm175_grab2
9912,2000,1816,10096,CD,1,D1_pwm175_grab2
9917,4558,1484,11300,CD,1,D1_pwm175_grab2
9922,2824,-84,10580,CD,1,D1_pwm175_grab2
9927,-568,-2254,9204,CD,1,D1_pwm175_grab2
9931,-884,1026,10266,CD,1,D1_pwm175_grab2
9936,2476,-1202,9988,CD,1,D1_pwm175_grab2
9943,-1828,-1594,8854,CD,1,D1_pwm175_grab2
9948,966,1622,11418,CD,1,D1_pwm175_grab2
9952,-4876,1256,12548,CD,1,D1_pwm175_grab2
9957,2012,-502,8658,CD,1,D1_pwm175_grab2
9962,-990,310,10372,CD,1,D1_pwm175_grab2
9968,4022,1484,9154,CD,1,D1_pwm175_grab2
9973,3690,86,11278,CD,1,D1_pwm175_grab2
9977,-70,-3628,8766,CD,1,D1_pwm175_grab2
9982,-8276,-1420,12350,CD,1,D1_pwm175_grab2
9988,-2274,1434,10048,CD,1,D1_pwm175_grab2
9993,-548,1702,9896,CD,1,D1_pwm175_grab2
9998,-2318,-2368,10712,CD,1,D1_pwm175_grab2
10003,-3354,-2900,9574,CD,1,D1_pwm175_grab2
10007,146,364,9640,CD,1,D1_pwm175_grab2
10013,2090,2644,10994,CD,1,D1_pwm175_grab2
10018,1096,-86,11304,CD,1,D1_pwm175_grab2
10022,-1152,-1648,9136,CD,1,D1_pwm175_grab2
10027,-794,830,9964,CD,1,D1_pwm175_grab2
10037,1492,-148,12348,CD,1,D1_pwm175_grab2
10043,418,-4072,7796,CD,1,D1_pwm175_grab2
10047,-6192,-2584,11484,CD,1,D1_pwm175_grab2
10053,-1044,1960,9872,CD,1,D1_pwm175_grab2
10058,-592,134,11138,CD,1,D1_pwm175_grab2
10062,-1444,384,12032,CD,1,D1_pwm175_grab2
10068,2220,-432,8906,CD,1,D1_pwm175_grab2
10073,2208,2000,10564,CD,1,D1_pwm175_grab2
10078,4914,882,10046,CD,1,D1_pwm175_grab2
10082,2384,-334,10842,CD,1,D1_pwm175_grab2
10087,-660,-2130,9324,CD,1,D1_pwm175_grab2
10092,-976,1050,10320,CD,1,D1_pwm175_grab2
10102,-1246,-814,9112,CD,1,D1_pwm175_grab2
10107,314,2392,10532,CD,1,D1_pwm175_grab2
10117,1500,1730,10384,CD,1,D1_pwm175_grab2
10122,-350,400,11204,CD,1,D1_pwm175_grab2
10127,-4470,-424,12586,CD,1,D1_pwm175_grab2
10133,382,-1238,8454,CD,1,D1_pwm175_grab2
10137,3122,460,10560,CD,1,D1_pwm175_grab2
10142,-2120,-3778,8632,CD,1,D1_pwm175_grab2
10147,-2202,1536,10362,CD,1,D1_pwm175_grab2
10152,172,1824,10444,CD,1,D1_pwm175_grab2
10157,-458,-718,10364,CD,1,D1_pwm175_grab2
10162,3592,-1148,9036,CD,1,D1_pwm175_grab2
10168,-2066,-1794,9300,CD,1,D1_pwm175_grab2
10173,1158,1474,11684,CD,1,D1_pwm175_grab2
10177,-5474,1450,12634,CD,1,D1_pwm175_grab2
10183,-142,-2354,9184,CD,1,D1_pwm175_grab2
10187,-662,1254,10542,CD,1,D1_pwm175_grab2
10198,58,-878,13430,CD,1,D1_pwm175_grab2
10203,-18,-3838,8446,CD,1,D1_pwm175_grab2
10214,-140,2008,9948,CD,1,D1_pwm175_grab2
10218,-520,884,10980,CD,1,D1_pwm175_grab2
10223,1864,1386,9568,CD,1,D1_pwm175_grab2
10229,3706,-22,10586,CD,1,D1_pwm175_grab2
10233,2252,-1960,7758,CD,1,D1_pwm175_grab2
10240,2540,-3984,8182,CD,1,D1_pwm175_grab2
10244,864,-154,11102,CD,1,D1_pwm175_grab2
10248,-880,-1400,9448,CD,1,D1_pwm175_grab2
10253,-220,440,10754,CD,1,D1_pwm175_grab2
10263,6,646,9858,CD,1,D1_pwm175_grab2
10269,1566,2666,10506,CD,1,D1_pwm175_grab2
10273,700,962,10226,CD,1,D1_pwm175_grab2
10278,540,-2002,8910,CD,1,D1_pwm175_grab2
10284,-582,174,10822,CD,1,D1_pwm175_grab2
10288,324,896,11336,CD,1,D1_pwm175_grab2
10293,2708,-26,9436,CD,1,D1_pwm175_grab2
10298,2324,-1308,8968,CD,1,D1_pwm175_grab2
10309,-1330,1972,9908,CD,1,D1_pwm175_grab2
10313,-218,1390,10736,CD,1,D1_pwm175_grab2
10324,-3934,-3190,9594,CD,1,D1_pwm175_grab2
10328,-1138,-196,9172,CD,1,D1_pwm175_grab2
10334,368,2718,10170,CD,1,D1_pwm175_grab2
10338,-1300,1158,11700,CD,1,D1_pwm175_grab2
10344,-694,-2196,9248,CD,1,D1_pwm175_grab2
10348,-1292,1206,10528,CD,1,D1_pwm175_grab2
10358,-1138,-2002,12494,CD,1,D1_pwm175_grab2
10363,-496,-1952,9610,CD,1,D1_pwm175_grab2
10368,-3826,-3184,10388,CD,1,D1_pwm175_grab2
10374,-1806,1800,9862,CD,1,D1_pwm175_grab2
10379,-528,1836,10372,CD,1,D1_pwm175_grab2
10384,-3660,62,12416,CD,1,D1_pwm175_grab2
10389,854,-886,8612,CD,1,D1_pwm175_grab2
10394,2798,40,10394,CD,1,D1_pwm175_grab2
10403,-1230,1000,9858,CD,1,D1_pwm175_grab2
10409,-1188,-308,9670,CD,1,D1_pwm175_grab2
10413,-854,1328,10390,CD,1,D1_pwm175_grab2
10423,-1830,-1126,9066,CD,1,D1_pwm175_grab2
10428,768,2044,11412,CD,1,D1_pwm175_grab2
10434,-4336,1182,12440,CD,1,D1_pwm175_grab2
10439,1814,-634,8618,CD,1,D1_pwm175_grab2
10444,-720,542,10290,CD,1,D1_pwm175_grab2
10448,5518,2238,9556,CD,1,D1_pwm175_grab2
10454,3700,-112,11146,CD,1,D1_pwm175_grab2
10460,1276,-2888,7622,CD,1,D1_pwm175_grab2
10469,742,1732,9868,CD,1,D1_pwm175_grab2
10474,-702,776,11328,CD,1,D1_pwm175_grab2
10480,-6634,-696,11538,CD,1,D1_pwm175_grab2
10484,-412,-1564,8794,CD,1,D1_pwm175_grab2
10490,2826,840,11240,CD,1,D1_pwm175_grab2
10496,7148,-2018,9860,CD,1,D1_pwm175_grab2
10499,2312,474,10140,CD,1,D1_pwm175_grab2
10504,-1266,-926,9482,CD,1,D1_pwm175_grab2
10509,24,-608,10890,CD,1,D1_pwm175_grab2
10515,5236,-746,8354,CD,1,D1_pwm175_grab2
10519,-2098,-1798,9568,CD,1,D1_pwm175_grab2
10525,944,1182,11768,CD,1,D1_pwm175_grab2
10530,-6224,1308,13060,CD,1,D1_pwm175_grab2
10534,2004,-164,8836,CD,1,D1_pwm175_grab2
10539,-320,978,11098,CD,1,D1_pwm175_grab2
10544,3126,1828,9674,CD,1,D1_pwm175_grab2
10550,3850,6,10704,CD,1,D1_pwm175_grab2
10554,1768,-2450,7684,CD,1,D1_pwm175_grab2
10560,714,-3734,7616,CD,1,D1_pwm175_grab2
10564,-1998,1500,10054,CD,1,D1_pwm175_grab2
10569,-428,1608,9984,CD,1,D1_pwm175_grab2
10575,-2774,-2820,10666,CD,1,D1_pwm175_grab2
10579,-3884,-3184,9508,CD,1,D1_pwm175_grab2
10584,146,1314,10038,CD,1,D1_pwm175_grab2
10590,3440,2124,11764,CD,1,D1_pwm175_grab2
10595,1526,770,10178,CD,1,D1_pwm175_grab2
10599,54,-2166,8998,CD,1,D1_pwm175_grab2
10605,-710,1356,10406,CD,1,D1_pwm175_grab2
10615,802,-1094,12906,CD,1,D1_pwm175_grab2
10619,-32,-3952,8008,CD,1,D1_pwm175_grab2
10624,2650,-3432,7660,CD,1,D1_pwm175_grab2
10630,-360,1850,9768,CD,1,D1_pwm175_grab2
10635,-334,1152,10924,CD,1,D1_pwm175_grab2
10640,-7158,-1542,10190,CD,1,D1_pwm175_grab2
10645,-1846,-2324,9278,CD,1,D1_pwm175_grab2
10650,2890,1700,11186,CD,1,D1_pwm175_grab2
10654,5798,-734,9592,CD,1,D1_pwm175_grab2
10659,1338,-14,11102,CD,1,D1_pwm175_grab2
10664,-826,-1344,9520,CD,1,D1_pwm175_grab2
10670,-306,230,10642,CD,1,D1_pwm175_grab2
10680,-1660,-1830,11410,CD,1,D1_pwm175_grab2
10684,52,-4,10946,CD,1,D1_pwm175_grab2
10695,1940,804,9582,CD,1,D1_pwm175_grab2
10700,-456,170,10482,CD,1,D1_pwm175_grab2
10705,1164,1442,11138,CD,1,D1_pwm175_grab2
10711,1684,-754,12470,CD,1,D1_pwm175_grab2
10715,214,-4030,7736,CD,1,D1_pwm175_grab2
10720,-6350,-2168,11764,CD,1,D1_pwm175_grab2
10726,-918,1842,9618,CD,1,D1_pwm175_grab2
10731,-220,1360,10768,CD,1,D1_pwm175_grab2
10735,-6376,-1842,9388,CD,1,D1_pwm175_grab2
10740,-2902,-2646,9602,CD,1,D1_pwm175_grab2
10745,2470,1968,11026,CD,1,D1_pwm175_grab2
10750,6232,-3858,9292,CD,1,D1_pwm175_grab2
10756,2030,-112,11292,CD,1,D1_pwm175_grab2
10760,-682,-1698,9486,CD,1,D1_pwm175_grab2
10765,-894,742,10502,CD,1,D1_pwm175_grab2
10775,-1308,-1978,12182,CD,1,D1_pwm175_grab2
10781,-428,-868,10350,CD,1,D1_pwm175_grab2
10791,666,-1706,8890,CD,1,D1_pwm175_grab2
10795,-372,244,10812,CD,1,D1_pwm175_grab2
10801,-508,1076,12060,CD,1,D1_pwm175_grab2
10805,2170,-128,9246,CD,1,D1_pwm175_grab2
10810,2858,-1210,9098,CD,1,D1_pwm175_grab2
10820,-2172,1092,9696,CD,1,D1_pwm175_grab2
10826,-746,544,9924,CD,1,D1_pwm175_grab2
10830,-5542,-2070,8838,CD,1,D1_pwm175_grab2
10836,-3684,-2892,9962,CD,1,D1_pwm175_grab2
10840,-1370,8,9374,CD,1,D1_pwm175_grab2
10846,764,2834,10348,CD,1,D1_pwm175_grab2
10850,-1674,882,11548,CD,1,D1_pwm175_grab2
10855,872,-1528,8986,CD,1,D1_pwm175_grab2
10860,-900,1102,10634,CD,1,D1_pwm175_grab2
10871,-1008,-2094,12682,CD,1,D1_pwm175_grab2
10875,-564,-1578,9848,CD,1,D1_pwm175_grab2
10881,-4208,-2548,11198,CD,1,D1_pwm175_grab2
10885,-1680,1974,9250,CD,1,D1_pwm175_grab2
10891,-920,1578,10724,CD,1,D1_pwm175_grab2
10896,-4442,-2216,9036,CD,1,D1_pwm175_grab2
10900,-4122,-3000,10462,CD,1,D1_pwm175_grab2
10905,1454,1996,10550,CD,1,D1_pwm175_grab2
10915,-1816,1010,9824,CD,1,D1_pwm175_grab2
10920,-852,166,9858,CD,1,D1_pwm175_grab2
10925,-1226,950,10718,CD,1,D1_pwm175_grab2
10936,-1070,-2284,12482,CD,1,D1_pwm175_grab2
10940,-608,-2086,9634,CD,1,D1_pwm175_grab2
10951,1158,-1272,8890,CD,1,D1_pwm175_grab2
10956,-756,1090,10614,CD,1,D1_pwm175_grab2
10966,3026,-442,11642,CD,1,D1_pwm175_grab2
10971,726,-3640,7812,CD,1,D1_pwm175_grab2
10977,-3400,-2800,10712,CD,1,D1_pwm175_grab2
10981,-1852,1968,9228,CD,1,D1_pwm175_grab2
10987,-908,1568,10648,CD,1,D1_pwm175_grab2
10992,-2664,596,12458,CD,1,D1_pwm175_grab2
10997,1132,-298,8836,CD,1,D1_pwm175_grab2
11001,3162,-504,9804,CD,1,D1_pwm175_grab2
11011,3072,80,11532,CD,1,D1_pwm175_grab2
11016,-756,-2102,9104,CD,1,D1_pwm175_grab2
11021,-1244,1002,10814,CD,1,D1_pwm175_grab2
11032,-1744,-368,9244,CD,1,D1_pwm175_grab2
11036,362,2698,10548,CD,1,D1_pwm175_grab2
11042,-2882,812,11814,CD,1,D1_pwm175_grab2
11047,1138,-1188,8834,CD,1,D1_pwm175_grab2
11051,-86,644,10932,CD,1,D1_pwm175_grab2
11056,-3156,400,12142,CD,1,D1_pwm175_grab2
11061,1408,-404,8934,CD,1,D1_pwm175_grab2
11067,3558,-206,9336,CD,1,D1_pwm175_grab2
11071,-3256,-2702,10616,CD,1,D1_pwm175_grab2
11077,-1822,1984,9180,CD,1,D1_pwm175_grab2
11082,-928,1598,10588,CD,1,D1_pwm175_grab2
11086,-4134,-2352,9076,CD,1,D1_pwm175_grab2
11091,-4380,-3082,10644,CD,1,D1_pwm175_grab2
11097,-1214,-120,9910,CD,1,D1_pwm175_grab2
11101,382,2568,10492,CD,1,D1_pwm175_grab2
11106,-2546,818,11554,CD,1,D1_pwm175_grab2
11112,-766,-2026,9132,CD,1,D1_pwm175_grab2
11116,-1274,1016,10874,CD,1,D1_pwm175_grab2
11127,-962,-2382,12646,CD,1,D1_pwm175_grab2
11132,-636,-2356,9444,CD,1,D1_pwm175_grab2
11136,-2438,-2380,10816,CD,1,D1_pwm175_grab2
11142,-2524,1792,9452,CD,1,D1_pwm175_grab2
11146,-370,1548,10456,CD,1,D1_pwm175_grab2
11152,-3360,416,12278,CD,1,D1_pwm175_grab2
11156,1268,-496,8912,CD,1,D1_pwm175_grab2
11161,3610,-42,9456,CD,1,D1_pwm175_grab2
11171,-1032,882,9868,CD,1,D1_pwm175_grab2
11177,-446,130,9928,CD,1,D1_pwm175_grab2
11181,-1434,1020,11166,CD,1,D1_pwm175_grab2
11192,-924,-2292,12574,CD,1,D1_pwm175_grab2
11196,532,2430,10648,CD,1,D1_pwm175_grab2
11202,-2848,814,11670,CD,1,D1_pwm175_grab2
11207,1254,-906,8982,CD,1,D1_pwm175_grab2
11211,-530,1124,10336,CD,1,D1_pwm175_grab2
11222,3180,-380,12148,CD,1,D1_pwm175_grab2
11227,956,-3774,7654,CD,1,D1_pwm175_grab2
11237,1622,974,9976,CD,1,D1_pwm175_grab2
11242,-152,666,10970,CD,1,D1_pwm175_grab2
11247,-3960,204,12332,CD,1,D1_pwm175_grab2
11252,986,-664,8934,CD,1,D1_pwm175_grab2
11257,3594,228,9710,CD,1,D1_pwm175_grab2
11264,7754,-3284,9308,CD,1,D1_pwm175_grab2
11267,2234,-14,11530,CD,1,D1_pwm175_grab2
11273,-782,-2334,9214,CD,1,D1_pwm175_grab2
11277,-2070,-1778,9312,CD,1,D1_pwm175_grab2
11283,2152,-2054,8564,CD,1,D1_pwm175_grab2
11288,-1358,-492,9890,CD,1,D1_pwm175_grab2
11292,634,2230,10800,CD,1,D1_pwm175_grab2
11297,-3134,846,11826,CD,1,D1_pwm175_grab2
11303,1388,-778,8910,CD,1,D1_pwm175_grab2
11308,-646,812,11480,CD,1,D1_pwm175_grab2
11312,-4376,284,12376,CD,1,D1_pwm175_grab2
11317,3294,-276,12122,CD,1,D1_pwm175_grab2
11323,1022,-3640,7584,CD,1,D1_pwm175_grab2
11327,-1576,-2546,10218,CD,1,D1_pwm175_grab2
11333,-2630,1706,9546,CD,1,D1_pwm175_grab2
11337,-280,1534,10354,CD,1,D1_pwm175_grab2
11342,-4080,-2272,8694,CD,1,D1_pwm175_grab2
11347,-4992,-3408,10376,CD,1,D1_pwm175_grab2
11353,-1600,-772,9282,CD,1,D1_pwm175_grab2
11357,5074,1492,11442,CD,1,D1_pwm175_grab2
11363,2102,28,11530,CD,1,D1_pwm175_grab2
11368,-722,-2256,9298,CD,1,D1_pwm175_grab2
11372,-1458,1038,11182,CD,1,D1_pwm175_grab2
11382,-816,-2230,12658,CD,1,D1_pwm175_grab2
11387,-574,-2568,9250,CD,1,D1_pwm175_grab2
11393,-2150,-2576,9672,CD,1,D1_pwm175_grab2
11397,1442,1160,9964,CD,1,D1_pwm175_grab2
11402,-656,834,11470,CD,1,D1_pwm175_grab2
11407,-4524,192,12316,CD,1,D1_pwm175_grab2
11412,962,-578,9250,CD,1,D1_pwm175_grab2
11417,2888,466,10228,CD,1,D1_pwm175_grab2
11427,-624,1186,9714,CD,1,D1_pwm175_grab2
11433,-1292,-246,9540,CD,1,D1_pwm175_grab2
11437,-1622,-1746,9970,CD,1,D1_pwm175_grab2
11443,2870,-1814,8708,CD,1,D1_pwm175_grab2
11447,-1628,-930,9266,CD,1,D1_pwm175_grab2
11452,480,1836,11222,CD,1,D1_pwm175_grab2
11457,-3894,690,12274,CD,1,D1_pwm175_grab2
11462,1510,-756,8682,CD,1,D1_pwm175_grab2
11467,-480,1006,10138,CD,1,D1_pwm175_grab2
11479,-660,-2174,12664,CD,1,D1_pwm175_grab2
11484,-536,-2732,9168,CD,1,D1_pwm175_grab2
11494,1292,1122,10002,CD,1,D1_pwm175_grab2
11499,-750,794,11442,CD,1,D1_pwm175_grab2
11504,-5188,-20,12238,CD,1,D1_pwm175_grab2
11508,612,-780,9296,CD,1,D1_pwm175_grab2
11513,2892,770,10490,CD,1,D1_pwm175_grab2
11518,-846,-2584,9664,CD,1,D1_pwm175_grab2
11523,-326,1156,9778,CD,1,D1_pwm175_grab2
11529,-1366,-348,9568,CD,1,D1_pwm175_grab2
11533,-1338,-1480,10132,CD,1,D1_pwm175_grab2
11538,3390,-1604,8628,CD,1,D1_pwm175_grab2
11543,-1652,-1154,9244,CD,1,D1_pwm175_grab2
11548,758,1504,11390,CD,1,D1_pwm175_grab2
11553,-4392,616,12474,CD,1,D1_pwm175_grab2
11558,-604,-2164,9466,CD,1,D1_pwm175_grab2
11564,-484,1054,10196,CD,1,D1_pwm175_grab2
11573,3716,-132,11272,CD,1,D1_pwm175_grab2
11578,1494,-2974,7494,CD,1,D1_pwm175_grab2
11583,-1262,-2702,8742,CD,1,D1_pwm175_grab2
11588,-1972,1606,9876,CD,1,D1_pwm175_grab2
11593,232,1484,10316,CD,1,D1_pwm175_grab2
11599,-6060,-346,12002,CD,1,D1_pwm175_grab2
11604,212,-1044,9306,CD,1,D1_pwm175_grab2
11608,1126,1790,10266,CD,1,D1_pwm175_grab2
11613,4018,1906,11322,CD,1,D1_pwm175_grab2
11618,2310,0,10600,CD,1,D1_pwm175_grab2
11623,-298,-2046,9430,CD,1,D1_pwm175_grab2
11628,-1084,1306,10954,CD,1,D1_pwm175_grab2
11638,-1702,-1380,9382,CD,1,D1_pwm175_grab2
11644,892,1150,11574,CD,1,D1_pwm175_grab2
11653,484,1268,10130,CD,1,D1_pwm175_grab2
11659,-494,736,11030,CD,1,D1_pwm175_grab2
11668,-674,-1372,9038,CD,1,D1_pwm175_grab2
11674,3140,832,10846,CD,1,D1_pwm175_grab2
11679,-448,-2754,8258,CD,1,D1_pwm175_grab2
11683,-1760,1560,10104,CD,1,D1_pwm175_grab2
11688,298,1486,10168,CD,1,D1_pwm175_grab2
11694,-22,-1204,10548,CD,1,D1_pwm175_grab2
11698,4614,-864,8200,CD,1,D1_pwm175_grab2
11703,-2012,-1676,9384,CD,1,D1_pwm175_grab2
11708,1134,1072,11444,CD,1,D1_pwm175_grab2
11719,-268,-2000,9526,CD,1,D1_pwm175_grab2
11723,-974,1342,10952,CD,1,D1_pwm175_grab2
11735,216,-1684,13216,CD,1,D1_pwm175_grab2
11739,-232,-3706,8522,CD,1,D1_pwm175_grab2
11750,2,1326,9790,CD,1,D1_pwm175_grab2
11754,-580,712,10872,CD,1,D1_pwm175_grab2
11759,3324,1416,9140,CD,1,D1_pwm175_grab2
11764,3824,20,10726,CD,1,D1_pwm175_grab2
11769,2114,-2194,7780,CD,1,D1_pwm175_grab2
11776,680,-2668,8044,CD,1,D1_pwm175_grab2
11780,496,780,10636,CD,1,D1_pwm175_grab2
11785,-910,-960,9782,CD,1,D1_pwm175_grab2
11790,344,-904,11042,CD,1,D1_pwm175_grab2
11799,392,1066,9932,CD,1,D1_pwm175_grab2
11804,3640,2130,11366,CD,1,D1_pwm175_grab2
11809,1628,342,9904,CD,1,D1_pwm175_grab2
11815,78,-1814,9510,CD,1,D1_pwm175_grab2
11820,-714,842,10550,CD,1,D1_pwm175_grab2
11824,2790,1314,9852,CD,1,D1_pwm175_grab2
11829,3496,480,10658,CD,1,D1_pwm175_grab2
11834,2154,-1824,8512,CD,1,D1_pwm175_grab2
11839,2078,-2606,7950,CD,1,D1_pwm175_grab2
11844,-510,1444,9400,CD,1,D1_pwm175_grab2
11849,-516,808,10684,CD,1,D1_pwm175_grab2
11859,-2070,-2120,9286,CD,1,D1_pwm175_grab2
11864,-522,510,9506,CD,1,D1_pwm175_grab2
11869,3140,2002,11108,CD,1,D1_pwm175_grab2
11874,1488,536,10346,CD,1,D1_pwm175_grab2
11880,-92,-1658,9212,CD,1,D1_pwm175_grab2
11885,-160,-358,11316,CD,1,D1_pwm175_grab2
11894,-1854,-2266,10520,CD,1,D1_pwm175_grab2
11900,238,-364,10772,CD,1,D1_pwm175_grab2
11909,-470,1210,8896,CD,1,D1_pwm175_grab2
11914,-548,1122,10486,CD,1,D1_pwm175_grab2
11924,3268,530,10256,CD,1,D1_pwm175_grab2
11929,2404,-1300,8844,CD,1,D1_pwm175_grab2
11934,4000,-2554,8440,CD,1,D1_pwm175_grab2
11939,-2542,1552,9414,CD,1,D1_pwm175_grab2
11945,-962,858,9690,CD,1,D1_pwm175_grab2
11949,-570,-358,11090,CD,1,D1_pwm175_grab2
11960,-1292,-1986,11384,CD,1,D1_pwm175_grab2
11964,1938,2212,10420,CD,1,D1_pwm175_grab2
11970,824,422,10690,CD,1,D1_pwm175_grab2
11974,194,-1420,9106,CD,1,D1_pwm175_grab2
11979,-1068,1372,10688,CD,1,D1_pwm175_grab2
11991,1810,-568,12156,CD,1,D1_pwm175_grab2
11995,338,-4172,8204,CD,1,D1_pwm175_grab2
12006,1818,394,9842,CD,1,D1_pwm175_grab2
12010,-574,722,10884,CD,1,D1_pwm175_grab2
12015,664,726,11286,CD,1,D1_pwm175_grab2
12020,2844,416,9904,CD,1,D1_pwm175_grab2
12025,2568,-686,9314,CD,1,D1_pwm175_grab2
12030,5978,-2642,9114,CD,1,D1_pwm175_grab2
12036,2390,720,11870,CD,1,D1_pwm175_grab2
12040,-782,-1288,9782,CD,1,D1_pwm175_grab2
12046,-2118,-2434,10182,CD,1,D1_pwm175_grab2
12051,-2020,-2708,9820,CD,1,D1_pwm175_grab2
12056,-1008,-150,9054,CD,1,D1_pwm175_grab2
12060,1082,2248,10070,CD,1,D1_pwm175_grab2
12066,-16,326,11026,CD,1,D1_pwm175_grab2
12070,400,-1212,9038,CD,1,D1_pwm175_grab2
12075,-244,750,10652,CD,1,D1_pwm175_grab2
12081,-16,676,11522,CD,1,D1_pwm175_grab2
12085,2198,-420,11932,CD,1,D1_pwm175_grab2
12091,492,-4066,8180,CD,1,D1_pwm175_grab2
12095,-5698,-1820,11614,CD,1,D1_pwm175_grab2
12100,-1008,1290,8696,CD,1,D1_pwm175_grab2
12106,-468,1272,10222,CD,1,D1_pwm175_grab2
12110,-5748,-2092,9164,CD,1,D1_pwm175_grab2
12116,-2652,-2686,9888,CD,1,D1_pwm175_grab2
12120,-914,-658,9184,CD,1,D1_pwm175_grab2
12125,5144,72,9852,CD,1,D1_pwm175_grab2
12130,2512,722,11920,CD,1,D1_pwm175_grab2
12136,-758,-1340,9818,CD,1,D1_pwm175_grab2
12140,-942,202,11008,CD,1,D1_pwm175_grab2
12151,-1074,-2120,12094,CD,1,D1_pwm175_grab2
12156,-530,-1640,9894,CD,1,D1_pwm175_grab2
12161,-4968,-1716,12120,CD,1,D1_pwm175_grab2
12165,1854,500,10120,CD,1,D1_pwm175_grab2
12171,-254,762,10620,CD,1,D1_pwm175_grab2
12175,-282,424,11604,CD,1,D1_pwm175_grab2
12181,2296,6,9858,CD,1,D1_pwm175_grab2
12186,3048,-200,9438,CD,1,D1_pwm175_grab2
12195,-2596,1374,9430,CD,1,D1_pwm175_grab2
12201,-576,344,9790,CD,1,D1_pwm175_grab2
12205,-2324,-1900,9426,CD,1,D1_pwm175_grab2
12210,-1630,-3116,9764,CD,1,D1_pwm175_grab2
12215,-1008,-870,9100,CD,1,D1_pwm175_grab2
12220,1168,2326,10398,CD,1,D1_pwm175_grab2
12225,-656,428,11050,CD,1,D1_pwm175_grab2
12230,670,-1166,9344,CD,1,D1_pwm175_grab2
12235,-1176,1398,10848,CD,1,D1_pwm175_grab2
12246,-994,-2170,12162,CD,1,D1_pwm175_grab2
12251,-556,-1768,9814,CD,1,D1_pwm175_grab2
12261,1786,432,10124,CD,1,D1_pwm175_grab2
12266,-282,772,10610,CD,1,D1_pwm175_grab2
12271,-636,196,11594,CD,1,D1_pwm175_grab2
12276,2020,-34,9768,CD,1,D1_pwm175_grab2
12281,3118,46,9618,CD,1,D1_pwm175_grab2
12286,-5156,-1828,11456,CD,1,D1_pwm175_grab2
12292,-2494,1432,9430,CD,1,D1_pwm175_grab2
12296,-664,288,9796,CD,1,D1_pwm175_grab2
12301,-2286,-1730,9406,CD,1,D1_pwm175_grab2
12307,-1272,-3028,9814,CD,1,D1_pwm175_grab2
12311,-1026,-1026,9010,CD,1,D1_pwm175_grab2
12316,852,2240,10284,CD,1,D1_pwm175_grab2
12321,-958,288,11084,CD,1,D1_pwm175_grab2
12326,-808,-1388,9782,CD,1,D1_pwm175_grab2
12332,-1118,1356,10832,CD,1,D1_pwm175_grab2
12341,2420,18,12594,CD,1,D1_pwm175_grab2
12346,820,-3956,8338,CD,1,D1_pwm175_grab2
12351,-4222,-1536,11970,CD,1,D1_pwm175_grab2
12356,-1402,1454,8796,CD,1,D1_pwm175_grab2
12362,-766,1152,10454,CD,1,D1_pwm175_grab2
12366,-1328,-104,11808,CD,1,D1_pwm175_grab2
12372,1532,-242,9524,CD,1,D1_pwm175_grab2
12376,1242,1694,10232,CD,1,D1_pwm175_grab2
12386,2552,482,11660,CD,1,D1_pwm175_grab2
12392,-1336,-1492,9524,CD,1,D1_pwm175_grab2
12396,-1080,756,11178,CD,1,D1_pwm175_grab2
12407,-1166,-1438,8946,CD,1,D1_pwm175_grab2
12411,434,2106,10190,CD,1,D1_pwm175_grab2
12427,-536,732,10848,CD,1,D1_pwm175_grab2
12432,-2038,-496,11996,CD,1,D1_pwm175_grab2
12436,1982,10,9342,CD,1,D1_pwm175_grab2
12441,3144,260,9636,CD,1,D1_pwm175_grab2
12452,-1542,1452,8918,CD,1,D1_pwm175_grab2
12457,-730,1152,10334,CD,1,D1_pwm175_grab2
12461,-2294,-1614,9496,CD,1,D1_pwm175_grab2
12466,494,-2474,9614,CD,1,D1_pwm175_grab2
12472,-982,-1140,9188,CD,1,D1_pwm175_grab2
12477,82,2028,9720,CD,1,D1_pwm175_grab2
12481,-1744,68,11232,CD,1,D1_pwm175_grab2
12487,1000,-814,9008,CD,1,D1_pwm175_grab2
12491,-1078,754,11128,CD,1,D1_pwm175_grab2
12502,-1098,-2080,12336,CD,1,D1_pwm175_grab2
12507,-656,-2756,9418,CD,1,D1_pwm175_grab2
12518,1854,442,10050,CD,1,D1_pwm175_grab2
12523,-550,798,10900,CD,1,D1_pwm175_grab2
12527,-2294,-638,11910,CD,1,D1_pwm175_grab2
12532,2774,202,12616,CD,1,D1_pwm175_grab2
12538,1004,-3838,8250,CD,1,D1_pwm175_grab2
12544,-3260,-1526,11630,CD,1,D1_pwm175_grab2
12547,-1012,1700,9510,CD,1,D1_pwm175_grab2
12552,-622,184,9798,CD,1,D1_pwm175_grab2
12557,-2192,-1372,9588,CD,1,D1_pwm175_grab2
12562,866,-2376,9526,CD,1,D1_pwm175_grab2
12568,-1012,-1342,9200,CD,1,D1_pwm175_grab2
12573,5420,834,11338,CD,1,D1_pwm175_grab2
12577,2724,532,11444,CD,1,D1_pwm175_grab2
12582,-1256,-1440,9602,CD,1,D1_pwm175_grab2
12587,-538,1196,10584,CD,1,D1_pwm175_grab2
12598,3226,422,12274,CD,1,D1_pwm175_grab2
12603,1166,-3592,8056,CD,1,D1_pwm175_grab2
12607,-2832,-1784,11148,CD,1,D1_pwm175_grab2
12613,1762,398,10030,CD,1,D1_pwm175_grab2
12617,-618,790,10892,CD,1,D1_pwm175_grab2
12622,-2942,-918,12042,CD,1,D1_pwm175_grab2
12628,1624,-248,9184,CD,1,D1_pwm175_grab2
12632,1552,1770,10174,CD,1,D1_pwm175_grab2
12637,4902,974,10252,CD,1,D1_pwm175_grab2
12642,2316,380,11256,CD,1,D1_pwm175_grab2
12647,-742,-1488,9830,CD,1,D1_pwm175_grab2
12653,-1916,-1122,9690,CD,1,D1_pwm175_grab2
12658,1782,-1920,9570,CD,2,D1_pwm175_grab2
12663,-1120,-1612,9098,CD,2,D1_pwm175_grab2
12667,202,1594,10002,CD,2,D1_pwm175_grab2
12678,1302,434,9864,CD,2,D1_pwm175_grab2
12683,-608,828,11304,CD,2,D1_pwm175_grab2
12687,-3388,-1114,11986,CD,2,D1_pwm175_grab2
12692,3384,436,12240,CD,2,D1_pwm175_grab2
12698,1306,-3212,8116,CD,2,D1_pwm175_grab2
12703,-1880,-1852,10408,CD,2,D1_pwm175_grab2
12707,-1904,1186,9424,CD,2,D1_pwm175_grab2
12712,124,910,9874,CD,2,D1_pwm175_grab2
12717,-1438,-1074,10026,CD,2,D1_pwm175_grab2
12723,1492,-1756,9738,CD,2,D1_pwm175_grab2
12727,-1518,-1684,8432,CD,2,D1_pwm175_grab2
12733,4496,1336,10766,CD,2,D1_pwm175_grab2
12737,2466,426,10854,CD,2,D1_pwm175_grab2
12742,-666,-1538,9884,CD,2,D1_pwm175_grab2
12747,-1032,1014,11092,CD,2,D1_pwm175_grab2
12758,-410,-1272,12608,CD,2,D1_pwm175_grab2
12764,-292,-3474,8522,CD,2,D1_pwm175_grab2
12774,1434,-432,9084,CD,2,D1_pwm175_grab2
12779,-468,1204,10608,CD,2,D1_pwm175_grab2
12789,3628,540,12218,CD,2,D1_pwm175_grab2
12793,1588,-2544,8236,CD,2,D1_pwm175_grab2
12800,-810,-1916,9342,CD,2,D1_pwm175_grab2
12803,-300,1948,10162,CD,2,D1_pwm175_grab2
12809,-1684,-640,9642,CD,2,D1_pwm175_grab2
12814,-4032,-1892,8804,CD,2,D1_pwm175_grab2
12818,-4980,-3866,9560,CD,2,D1_pwm175_grab2
12823,1210,1052,9706,CD,2,D1_pwm175_grab2
12828,4220,1614,11402,CD,2,D1_pwm175_grab2
12833,2342,462,10490,CD,2,D1_pwm175_grab2
12839,-412,-1422,9906,CD,2,D1_pwm175_grab2
12844,-1006,1270,10662,CD,2,D1_pwm175_grab2
12848,5482,1452,9084,CD,2,D1_pwm175_grab2
12853,-118,-894,12912,CD,2,D1_pwm175_grab2
12858,-54,-3822,8394,CD,2,D1_pwm175_grab2
12868,336,472,9308,CD,2,D1_pwm175_grab2
12873,-876,808,11112,CD,2,D1_pwm175_grab2
12878,-6326,-1740,11058,CD,2,D1_pwm175_grab2
12883,-256,-1898,9218,CD,2,D1_pwm175_grab2
12889,1066,462,9262,CD,2,D1_pwm175_grab2
12899,438,1848,10862,CD,2,D1_pwm175_grab2
12903,-1700,-792,9640,CD,2,D1_pwm175_grab2
12909,-48,-650,10940,CD,2,D1_pwm175_grab2
12914,4504,-286,9130,CD,2,D1_pwm175_grab2
12918,-1874,-2352,9156,CD,2,D1_pwm175_grab2
12924,668,50,11294,CD,2,D1_pwm175_grab2
12933,-10,484,9064,CD,2,D1_pwm175_grab2
12939,-1166,1160,10592,CD,2,D1_pwm175_grab2
12943,3364,796,9262,CD,2,D1_pwm175_grab2
12948,3524,322,11168,CD,2,D1_pwm175_grab2
12953,2042,-1648,8698,CD,2,D1_pwm175_grab2
12958,1730,-1638,8382,CD,2,D1_pwm175_grab2
12964,-1770,1428,9612,CD,2,D1_pwm175_grab2
12969,100,866,9434,CD,2,D1_pwm175_grab2
12973,194,-230,11006,CD,2,D1_pwm175_grab2
12978,-3264,-3054,9906,CD,2,D1_pwm175_grab2
12984,518,-434,9026,CD,2,D1_pwm175_grab2
12988,2538,1588,10620,CD,2,D1_pwm175_grab2
12994,1552,582,10252,CD,2,D1_pwm175_grab2
12998,54,-1082,9670,CD,2,D1_pwm175_grab2
13004,-840,1100,10982,CD,2,D1_pwm175_grab2
13014,1278,200,12916,CD,2,D1_pwm175_grab2
13020,-10,-1028,10586,CD,2,D1_pwm175_grab2
13029,1806,202,9702,CD,2,D1_pwm175_grab2
13034,-984,1054,10858,CD,2,D1_pwm175_grab2
13040,822,56,10398,CD,2,D1_pwm175_grab2
13045,2904,28,10278,CD,2,D1_pwm175_grab2
13050,2360,-436,9340,CD,2,D1_pwm175_grab2
13054,-5330,-1550,12466,CD,2,D1_pwm175_grab2
13059,-1610,1592,9390,CD,2,D1_pwm175_grab2
13065,-424,408,9314,CD,2,D1_pwm175_grab2
13070,-2344,-1826,10030,CD,2,D1_pwm175_grab2
13075,-1178,-2442,10094,CD,2,D1_pwm175_grab2
13079,-264,-1252,8718,CD,2,D1_pwm175_grab2
13085,-18,1802,9360,CD,2,D1_pwm175_grab2
13090,-628,76,10862,CD,2,D1_pwm175_grab2
13095,-1540,-1406,9726,CD,2,D1_pwm175_grab2
13100,-714,1134,10732,CD,2,D1_pwm175_grab2
13110,2570,616,12226,CD,2,D1_pwm175_grab2
13114,824,-3524,8256,CD,2,D1_pwm175_grab2
13120,-3632,-1696,11378,CD,2,D1_pwm175_grab2
13124,-1674,808,8760,CD,2,D1_pwm175_grab2
13129,-58,884,9828,CD,2,D1_pwm175_grab2
13134,-5370,-2060,8744,CD,2,D1_pwm175_grab2
13140,1664,-794,9176,CD,2,D1_pwm175_grab2
13145,1962,1594,10050,CD,2,D1_pwm175_grab2
13150,4086,980,10232,CD,2,D1_pwm175_grab2
13155,2864,802,11114,CD,2,D1_pwm175_grab2
13159,-826,-1368,9728,CD,2,D1_pwm175_grab2
13164,-872,1030,10682,CD,2,D1_pwm175_grab2
13174,-438,-932,12968,CD,2,D1_pwm175_grab2
13180,574,826,10766,CD,2,D1_pwm175_grab2
13190,844,466,10016,CD,2,D1_pwm175_grab2
13194,-788,736,11072,CD,2,D1_pwm175_grab2
13199,-5680,-1544,11608,CD,2,D1_pwm175_grab2
13204,-264,-2174,8764,CD,2,D1_pwm175_grab2
13209,2662,1376,11434,CD,2,D1_pwm175_grab2
13215,6548,-720,9890,CD,2,D1_pwm175_grab2
13219,-1836,1164,9708,CD,2,D1_pwm175_grab2
13224,504,906,9738,CD,2,D1_pwm175_grab2
13230,448,-594,10780,CD,2,D1_pwm175_grab2
13234,4666,92,9494,CD,2,D1_pwm175_grab2
13240,-1670,-2066,9442,CD,2,D1_pwm175_grab2
13245,720,-238,11002,CD,2,D1_pwm175_grab2
13254,1470,-92,9394,CD,2,D1_pwm175_grab2
13259,-792,1250,10726,CD,2,D1_pwm175_grab2
13270,696,74,13190,CD,2,D1_pwm175_grab2
13276,644,-4056,8454,CD,2,D1_pwm175_grab2
13281,-6640,-1784,12168,CD,2,D1_pwm175_grab2
13285,-870,652,9052,CD,2,D1_pwm175_grab2
13291,-742,670,10436,CD,2,D1_pwm175_grab2
13301,3084,-270,10518,CD,2,D1_pwm175_grab2
13305,2466,-440,9164,CD,2,D1_pwm175_grab2
13310,6678,-1908,9906,CD,2,D1_pwm175_grab2
13315,2012,1352,11662,CD,2,D1_pwm175_grab2
13321,-1386,-1184,9798,CD,2,D1_pwm175_grab2
13326,-362,454,11064,CD,2,D1_pwm175_grab2
13335,-1336,-1420,11462,CD,2,D1_pwm175_grab2
13340,14,1614,9156,CD,2,D1_pwm175_grab2
13345,-1488,132,10776,CD,2,D1_pwm175_grab2
13350,996,-802,9504,CD,2,D1_pwm175_grab2
13355,-826,886,11344,CD,2,D1_pwm175_grab2
13361,-2106,-508,12198,CD,2,D1_pwm175_grab2
13365,1456,-1162,9042,CD,2,D1_pwm175_grab2
13370,2498,612,10750,CD,2,D1_pwm175_grab2
13381,-2124,932,9124,CD,2,D1_pwm175_grab2
13385,-166,746,9798,CD,2,D1_pwm175_grab2
13390,-4674,-1908,8648,CD,2,D1_pwm175_grab2
13396,-4712,-3706,9690,CD,2,D1_pwm175_grab2
13401,-1082,-1816,8306,CD,2,D1_pwm175_grab2
13406,616,990,10886,CD,2,D1_pwm175_grab2
13410,-4756,-598,12008,CD,2,D1_pwm175_grab2
13415,1402,-408,9160,CD,2,D1_pwm175_grab2
13420,-772,1148,11044,CD,2,D1_pwm175_grab2
13430,-310,-388,13104,CD,2,D1_pwm175_grab2
13435,24,-3756,8682,CD,2,D1_pwm175_grab2
13440,18,-1916,8434,CD,2,D1_pwm175_grab2
13445,-1718,1060,9554,CD,2,D1_pwm175_grab2
13450,286,910,9526,CD,2,D1_pwm175_grab2
13455,-3192,-2130,10312,CD,2,D1_pwm175_grab2
13460,-470,-2474,9048,CD,2,D1_pwm175_grab2
13466,2120,1474,11380,CD,2,D1_pwm175_grab2
13470,6456,-458,10152,CD,2,D1_pwm175_grab2
13475,1260,1770,11156,CD,2,D1_pwm175_grab2
13480,-1638,-932,9582,CD,2,D1_pwm175_grab2
13486,-754,1254,10864,CD,2,D1_pwm175_grab2
13496,694,148,12952,CD,2,D1_pwm175_grab2
13500,170,-734,10842,CD,2,D1_pwm175_grab2
13511,1808,174,9484,CD,2,D1_pwm175_grab2
13516,-1038,1006,10718,CD,2,D1_pwm175_grab2
13520,790,48,10250,CD,2,D1_pwm175_grab2
13526,2944,-348,10106,CD,2,D1_pwm175_grab2
13531,2264,-476,9386,CD,2,D1_pwm175_grab2
13537,6556,-1874,9902,CD,2,D1_pwm175_grab2
13541,-1634,756,8612,CD,2,D1_pwm175_grab2
13547,-702,822,10518,CD,2,D1_pwm175_grab2
13551,-6026,-1686,8622,CD,2,D1_pwm175_grab2
13557,-3246,-3392,9994,CD,2,D1_pwm175_grab2
13561,1456,1088,10396,CD,2,D1_pwm175_grab2
13566,5308,770,10584,CD,2,D1_pwm175_grab2
13572,-1338,304,11106,CD,2,D1_pwm175_grab2
13576,802,-892,9344,CD,2,D1_pwm175_grab2
13581,-800,652,10944,CD,2,D1_pwm175_grab2
13592,-1238,-1042,11956,CD,2,D1_pwm175_grab2
13597,-310,-2762,9266,CD,2,D1_pwm175_grab2
13606,1564,548,9946,CD,2,D1_pwm175_grab2
13611,4,890,9854,CD,2,D1_pwm175_grab2
13617,-4826,-2026,9034,CD,2,D1_pwm175_grab2
13622,-4426,-3558,9862,CD,2,D1_pwm175_grab2
13627,2528,1178,10788,CD,2,D1_pwm175_grab2
13637,366,1582,9938,CD,2,D1_pwm175_grab2
13642,-1164,-418,9522,CD,2,D1_pwm175_grab2
13646,-600,-796,10038,CD,2,D1_pwm175_grab2
13651,4052,-86,10304,CD,2,D1_pwm175_grab2
13661,248,-3920,8892,CD,2,D1_pwm175_grab2
13666,-6230,-296,12684,CD,2,D1_pwm175_grab2
13672,1832,-228,9238,CD,2,D1_pwm175_grab2
13676,-898,982,10530,CD,2,D1_pwm175_grab2
13681,3468,812,8566,CD,2,D1_pwm175_grab2
13686,3642,-90,11260,CD,2,D1_pwm175_grab2
13691,1982,-1224,8442,CD,2,D1_pwm175_grab2
13697,5982,-240,9878,CD,2,D1_pwm175_grab2
13701,1304,1314,11238,CD,2,D1_pwm175_grab2
13706,288,746,9654,CD,2,D1_pwm175_grab2
13712,-2764,-2100,9896,CD,2,D1_pwm175_grab2
13716,-3516,-2650,9958,CD,2,D1_pwm175_grab2
13722,732,-528,9266,CD,2,D1_pwm175_grab2
13726,1432,1888,9664,CD,2,D1_pwm175_grab2
13731,492,866,10352,CD,2,D1_pwm175_grab2
13737,222,-1224,9656,CD,2,D1_pwm175_grab2
13741,-834,1010,11098,CD,2,D1_pwm175_grab2
13756,786,-3776,8608,CD,2,D1_pwm175_grab2
13761,-4078,-1786,11634,CD,2,D1_pwm175_grab2
13766,-1910,1062,8902,CD,2,D1_pwm175_grab2
13771,-430,954,10200,CD,2,D1_pwm175_grab2
13777,-5476,-1720,8320,CD,2,D1_pwm175_grab2
13783,-4066,-3750,9648,CD,2,D1_pwm175_grab2
13787,2772,948,10194,CD,2,D1_pwm175_grab2
13798,-412,1324,9608,CD,2,D1_pwm175_grab2
13803,-674,-168,9690,CD,2,D1_pwm175_grab2
13807,-1542,-1004,9302,CD,2,D1_pwm175_grab2
13813,2060,-794,10398,CD,2,D1_pwm175_grab2
13817,-658,-1724,9020,CD,2,D1_pwm175_grab2
13824,870,648,10310,CD,2,D1_pwm175_grab2
13828,-4872,260,12036,CD,2,D1_pwm175_grab2
13832,1646,-366,9160,CD,2,D1_pwm175_grab2
13837,-728,1066,10458,CD,2,D1_pwm175_grab2
13843,5302,1416,7914,CD,2,D1_pwm175_grab2
13847,3296,28,11778,CD,2,D1_pwm175_grab2
13853,1634,-1716,8580,CD,2,D1_pwm175_grab2
13857,1062,-2206,8192,CD,2,D1_pwm175_grab2
13862,-2174,968,9748,CD,2,D1_pwm175_grab2
13867,90,920,9836,CD,2,D1_pwm175_grab2
13872,-2878,-2042,9516,CD,2,D1_pwm175_grab2
13877,-4406,-3256,10002,CD,2,D1_pwm175_grab2
13883,832,-358,9310,CD,2,D1_pwm175_grab2
13887,3078,2088,11054,CD,2,D1_pwm175_grab2
13892,1034,1014,10324,CD,2,D1_pwm175_grab2
13898,-278,-1536,9732,CD,2,D1_pwm175_grab2
13902,-856,1320,10686,CD,2,D1_pwm175_grab2
13917,640,-4014,8670,CD,2,D1_pwm175_grab2
13923,-5422,-2116,12070,CD,2,D1_pwm175_grab2
13927,-1570,1156,8722,CD,2,D1_pwm175_grab2
13932,-774,1190,10874,CD,2,D1_pwm175_grab2
13937,-6048,-1626,8924,CD,2,D1_pwm175_grab2
13943,-3148,-3344,9818,CD,2,D1_pwm175_grab2
13947,2770,400,9596,CD,2,D1_pwm175_grab2
13952,5334,772,10654,CD,2,D1_pwm175_grab2
13957,2704,764,11888,CD,2,D1_pwm175_grab2
13962,-1448,-1684,9402,CD,2,D1_pwm175_grab2
13967,-1004,704,10804,CD,2,D1_pwm175_grab2
13978,-1102,-1036,12026,CD,2,D1_pwm175_grab2
13983,-266,-2970,9326,CD,2,D1_pwm175_grab2
13987,-2938,658,11610,CD,2,D1_pwm175_grab2
13992,1190,-616,9398,CD,2,D1_pwm175_grab2
13997,-776,838,11292,CD,2,D1_pwm175_grab2
14002,-4328,-858,12500,CD,2,D1_pwm175_grab2
14007,1256,-1616,8852,CD,2,D1_pwm175_grab2
14012,2550,1368,10698,CD,2,D1_pwm175_grab2
14022,86,1024,9696,CD,2,D1_pwm175_grab2
14027,-142,1288,10212,CD,2,D1_pwm175_grab2
14032,-3276,-1752,9520,CD,2,D1_pwm175_grab2
14038,-4734,-3516,10420,CD,2,D1_pwm175_grab2
14044,780,-14,9378,CD,2,D1_pwm175_grab2
14049,4158,2282,12206,CD,2,D1_pwm175_grab2
14053,1886,1028,10744,CD,2,D1_pwm175_grab2
14058,-838,-1936,9508,CD,2,D1_pwm175_grab2
14064,-1026,1186,11012,CD,2,D1_pwm175_grab2
14068,5192,300,9442,CD,2,D1_pwm175_grab2
14074,-1268,-1818,9692,CD,2,D1_pwm175_grab2
14078,892,-248,10764,CD,2,D1_pwm175_grab2
14088,36,1272,9262,CD,2,D1_pwm175_grab2
14093,-1162,1202,11206,CD,2,D1_pwm175_grab2
14103,-1014,-2768,8906,CD,2,D1_pwm175_grab2
14109,2094,-984,8746,CD,2,D1_pwm175_grab2
14113,3150,-2748,8078,CD,2,D1_pwm175_grab2
14118,-2960,644,9322,CD,2,D1_pwm175_grab2
14123,-1244,-1314,9442,CD,2,D1_pwm175_grab2
14128,184,112,11264,CD,2,D1_pwm175_grab2
14138,-1146,-1994,10458,CD,2,D1_pwm175_grab2
14144,-86,-1458,10510,CD,2,D1_pwm175_grab2
14148,594,1402,11170,CD,2,D1_pwm175_grab2
14153,-134,-1734,9444,CD,2,D1_pwm175_grab2
14158,-1016,968,10736,CD,2,D1_pwm175_grab2
14169,2928,-374,10062,CD,2,D1_pwm175_grab2
14173,2644,176,8982,CD,2,D1_pwm175_grab2
14184,-2116,620,9212,CD,2,D1_pwm175_grab2
14188,-100,676,9796,CD,2,D1_pwm175_grab2
14199,-2712,-3262,9658,CD,2,D1_pwm175_grab2
14204,1578,1294,10354,CD,2,D1_pwm175_grab2
14209,434,2588,9388,CD,2,D1_pwm175_grab2
14214,-272,1438,11404,CD,2,D1_pwm175_grab2
14218,540,-1286,9288,CD,2,D1_pwm175_grab2
14223,-764,902,10206,CD,2,D1_pwm175_grab2
14234,-1064,-1568,11928,CD,2,D1_pwm175_grab2
14238,-478,-2842,9440,CD,2,D1_pwm175_grab2
14248,2364,1156,10026,CD,2,D1_pwm175_grab2
14254,-328,1540,10526,CD,2,D1_pwm175_grab2
14264,-4064,-3870,9642,CD,2,D1_pwm175_grab2
14269,1282,902,10150,CD,2,D1_pwm175_grab2
14279,-1214,572,9140,CD,2,D1_pwm175_grab2
14284,-602,-74,9752,CD,2,D1_pwm175_grab2
14288,-2142,-1118,9396,CD,2,D1_pwm175_grab2
14294,900,-1722,9550,CD,2,D1_pwm175_grab2
14300,-698,-1726,9250,CD,2,D1_pwm175_grab2
14304,216,1790,9888,CD,2,D1_pwm175_grab2
14315,-1228,-2134,9100,CD,2,D1_pwm175_grab2
14320,-1006,1088,10776,CD,2,D1_pwm175_grab2
14336,-294,-3840,8790,CD,2,D1_pwm175_grab2
14340,-1304,-3490,9260,CD,2,D1_pwm175_grab2
14344,-2506,1060,9544,CD,2,D1_pwm175_grab2
14349,10,1598,10304,CD,2,D1_pwm175_grab2
14355,-4998,-1414,12096,CD,2,D1_pwm175_grab2
14360,1034,-1830,8808,CD,2,D1_pwm175_grab2
14365,2840,1856,10530,CD,2,D1_pwm175_grab2
14374,44,378,9556,CD,2,D1_pwm175_grab2
14380,-906,-2246,9510,CD,2,D1_pwm175_grab2
14384,-1036,1136,10868,CD,2,D1_pwm175_grab2
14399,860,102,10534,CD,2,D1_pwm175_grab2
14409,1796,-26,9220,CD,2,D1_pwm175_grab2
14415,-568,598,10130,CD,2,D1_pwm175_grab2
14419,4516,1274,8232,CD,2,D1_pwm175_grab2
14425,-498,-2404,8952,CD,2,D1_pwm175_grab2
14429,2136,1808,11294,CD,2,D1_pwm175_grab2
14435,916,-3626,7552,CD,2,D1_pwm175_grab2
14440,-2810,642,9730,CD,2,D1_pwm175_grab2
14444,284,1410,10172,CD,2,D1_pwm175_grab2
14449,-2942,-1898,9720,CD,2,D1_pwm175_grab2
14454,-4476,-3860,9632,CD,2,D1_pwm175_grab2
14459,556,-766,9322,CD,2,D1_pwm175_grab2
14464,658,-492,10938,CD,2,D1_pwm175_grab2
14475,-310,-2012,9450,CD,2,D1_pwm175_grab2
14479,-948,1108,10588,CD,2,D1_pwm175_grab2
14489,598,602,13456,CD,2,D1_pwm175_grab2
14495,366,-4290,8698,CD,2,D1_pwm175_grab2
14505,-866,1662,8982,CD,2,D1_pwm175_grab2
14509,312,1156,9904,CD,2,D1_pwm175_grab2
14519,-2102,-3092,9264,CD,2,D1_pwm175_grab2
14524,1626,1454,10952,CD,2,D1_pwm175_grab2
14530,6006,824,10932,CD,2,D1_pwm175_grab2
14535,1998,316,11732,CD,2,D1_pwm175_grab2
14540,-1628,-2040,9194,CD,2,D1_pwm175_grab2
14545,-402,542,11106,CD,2,D1_pwm175_grab2
14555,-172,-1674,9150,CD,2,D1_pwm175_grab2
14560,1436,2724,10208,CD,2,D1_pwm175_grab2
14566,256,1878,11652,CD,2,D1_pwm175_grab2
14570,440,-1434,9326,CD,2,D1_pwm175_grab2
14575,-822,868,10350,CD,2,D1_pwm175_grab2
14585,1774,952,13284,CD,2,D1_pwm175_grab2
14590,776,-3662,8762,CD,2,D1_pwm175_grab2
14595,-4382,-3134,11024,CD,2,D1_pwm175_grab2
14600,-2162,1528,8708,CD,2,D1_pwm175_grab2
14605,-466,1654,10904,CD,2,D1_pwm175_grab2
14610,-5130,-1892,8612,CD,2,D1_pwm175_grab2
14616,-3848,-3652,9900,CD,2,D1_pwm175_grab2
14620,1122,730,10304,CD,2,D1_pwm175_grab2
14625,5494,2150,11358,CD,2,D1_pwm175_grab2
14630,2954,408,11894,CD,2,D1_pwm175_grab2
14635,-1528,-2436,9052,CD,2,D1_pwm175_grab2
14640,-1220,912,10906,CD,2,D1_pwm175_grab2
14650,-1050,-922,12614,CD,2,D1_pwm175_grab2
14656,-316,-3522,8994,CD,2,D1_pwm175_grab2
14665,2210,1654,10058,CD,2,D1_pwm175_grab2
14670,-538,920,11278,CD,2,D1_pwm175_grab2
14680,1408,-1182,8812,CD,2,D1_pwm175_grab2
14686,2626,1752,10338,CD,2,D1_pwm175_grab2
14696,-802,224,9374,CD,2,D1_pwm175_grab2
14700,-798,-520,9686,CD,2,D1_pwm175_grab2
14705,-1444,-592,10144,CD,2,D1_pwm175_grab2
14710,3428,-922,9504,CD,2,D1_pwm175_grab2
14715,624,-218,9602,CD,2,D1_pwm175_grab2
14720,634,654,10486,CD,2,D1_pwm175_grab2
14725,-4316,1934,13074,CD,2,D1_pwm175_grab2
14730,1832,-184,8876,CD,2,D1_pwm175_grab2
14735,-580,556,10134,CD,2,D1_pwm175_grab2
14740,5436,1452,8608,CD,2,D1_pwm175_grab2
14745,3544,556,11600,CD,2,D1_pwm175_grab2
14750,1680,-1480,8480,CD,2,D1_pwm175_grab2
14760,1014,1884,9654,CD,2,D1_pwm175_grab2
14765,458,1694,10238,CD,2,D1_pwm175_grab2
14770,-3502,-1974,9834,CD,2,D1_pwm175_grab2
14776,-4576,-3926,9446,CD,2,D1_pwm175_grab2
14781,932,-592,9306,CD,2,D1_pwm175_grab2
14785,3752,3212,12002,CD,2,D1_pwm175_grab2
14790,2730,1456,10924,CD,2,D1_pwm175_grab2
14796,-470,-2220,9242,CD,2,D1_pwm175_grab2
14800,94,-282,10784,CD,2,D1_pwm175_grab2
14806,6658,644,8900,CD,2,D1_pwm175_grab2
14811,-1336,-2178,10116,CD,2,D1_pwm175_grab2
14817,314,-894,10548,CD,2,D1_pwm175_grab2
14827,2420,598,9278,CD,2,D1_pwm175_grab2
14831,-668,512,10210,CD,2,D1_pwm175_grab2
14837,1774,246,8912,CD,2,D1_pwm175_grab2
14841,868,714,12838,CD,2,D1_pwm175_grab2
14848,474,-4008,8790,CD,2,D1_pwm175_grab2
14852,3818,-3888,8340,CD,2,D1_pwm175_grab2
14856,-2900,188,9508,CD,2,D1_pwm175_grab2
14861,310,1254,10064,CD,2,D1_pwm175_grab2
14867,-2782,-1782,10158,CD,2,D1_pwm175_grab2
14871,-2864,-3184,9316,CD,2,D1_pwm175_grab2
14876,56,-1582,9186,CD,2,D1_pwm175_grab2
14881,5880,1016,11158,CD,2,D1_pwm175_grab2
14887,2454,380,11556,CD,2,D1_pwm175_grab2
14891,350,-1620,9138,CD,2,D1_pwm175_grab2
14896,-804,880,10078,CD,2,D1_pwm175_grab2
14906,1820,836,13122,CD,2,D1_pwm175_grab2
14912,718,-3894,8630,CD,2,D1_pwm175_grab2
14916,-4948,-3380,10774,CD,2,D1_pwm175_grab2
14921,2644,1378,9854,CD,2,D1_pwm175_grab2
14927,-460,676,10632,CD,2,D1_pwm175_grab2
14931,-1322,-530,11290,CD,2,D1_pwm175_grab2
14937,-3890,-3700,9478,CD,2,D1_pwm175_grab2
14941,1366,1006,10102,CD,2,D1_pwm175_grab2
14946,5464,2236,10874,CD,2,D1_pwm175_grab2
14951,2638,278,11958,CD,2,D1_pwm175_grab2
14956,-1526,-2574,9236,CD,2,D1_pwm175_grab2
14962,-2414,-1266,9550,CD,2,D1_pwm175_grab2
14966,258,-2198,9318,CD,2,D1_pwm175_grab2
14971,-718,-2148,9338,CD,2,D1_pwm175_grab2
14977,-326,-3374,8968,CD,2,D1_pwm175_grab2
14986,2282,1700,10202,CD,2,D1_pwm175_grab2
14991,-536,880,11304,CD,2,D1_pwm175_grab2
14997,-3062,-906,12096,CD,2,D1_pwm175_grab2
15001,3064,844,12550,CD,2,D1_pwm175_grab2
15007,1086,-2812,8618,CD,2,D1_pwm175_grab2
15012,-1770,-3860,9200,CD,2,D1_pwm175_grab2
15016,-2752,1060,9334,CD,2,D1_pwm175_grab2
15021,-1084,-582,9682,CD,2,D1_pwm175_grab2
15026,-1438,-936,10064,CD,2,D1_pwm175_grab2
15032,2914,-1142,9534,CD,2,D1_pwm175_grab2
15036,-1304,-2528,8828,CD,2,D1_pwm175_grab2
15042,4396,2996,11904,CD,2,D1_pwm175_grab2
15046,2734,842,11614,CD,2,D1_pwm175_grab2
15051,-1078,-2638,9298,CD,2,D1_pwm175_grab2
15056,-1152,734,10786,CD,2,D1_pwm175_grab2
15068,-434,-12,13198,CD,2,D1_pwm175_grab2
15072,-86,-4114,8542,CD,2,D1_pwm175_grab2
15082,2090,282,9058,CD,2,D1_pwm175_grab2
15088,-500,778,10158,CD,2,D1_pwm175_grab2
15093,4734,1210,8504,CD,2,D1_pwm175_grab2
15097,3622,400,11724,CD,2,D1_pwm175_grab2
15102,1656,-1362,8806,CD,2,D1_pwm175_grab2
15108,6846,-478,10756,CD,2,D1_pwm175_grab2
15112,474,78,10566,CD,2,D1_pwm175_grab2
15117,-1456,-1532,9518,CD,2,D1_pwm175_grab2
15122,-3154,-1510,9812,CD,2,D1_pwm175_grab2
15127,-4506,-3762,9820,CD,2,D1_pwm175_grab2
15133,462,-814,9312,CD,2,D1_pwm175_grab2
15137,3738,2872,11898,CD,2,D1_pwm175_grab2
15143,1726,1808,11478,CD,2,D1_pwm175_grab2
15147,2648,784,9100,CD,2,D1_pwm175_grab2
15152,-808,832,10412,CD,2,D1_pwm175_grab2
15157,1804,210,9614,CD,2,D1_pwm175_grab2
15163,796,684,13194,CD,2,D1_pwm175_grab2
15167,344,-4130,8606,CD,2,D1_pwm175_grab2
15173,-7266,-3380,11302,CD,2,D1_pwm175_grab2
15178,-840,1904,9174,CD,2,D1_pwm175_grab2
15183,-594,1596,11396,CD,2,D1_pwm175_grab2
15187,-6734,-1632,9966,CD,2,D1_pwm175_grab2
15192,-2518,-3004,9616,CD,2,D1_pwm175_grab2
15198,130,-1438,9174,CD,2,D1_pwm175_grab2
15203,6134,1306,11270,CD,2,D1_pwm175_grab2
15208,2302,288,11806,CD,2,D1_pwm175_grab2
15213,-1556,-2338,9192,CD,2,D1_pwm175_grab2
15218,-846,-112,10816,CD,2,D1_pwm175_grab2
15227,-1758,-1996,11682,CD,2,D1_pwm175_grab2
15233,666,-3942,8270,CD,2,D1_pwm175_grab2
15237,-5622,-3792,10442,CD,2,D1_pwm175_grab2
15242,2802,1626,9796,CD,2,D1_pwm175_grab2
15247,-600,814,10860,CD,2,D1_pwm175_grab2
15252,-1202,-532,11646,CD,2,D1_pwm175_grab2
15258,2530,-558,9114,CD,2,D1_pwm175_grab2
15263,2378,1082,9806,CD,2,D1_pwm175_grab2
15273,-2064,46,8968,CD,2,D1_pwm175_grab2
15277,-1266,-2560,9458,CD,2,D1_pwm175_grab2
15282,-1166,366,10656,CD,2,D1_pwm175_grab2
15287,844,-2076,9488,CD,2,D1_pwm175_grab2
15293,-870,-2068,9142,CD,2,D1_pwm175_grab2
15297,92,1720,9882,CD,2,D1_pwm175_grab2
15302,-1686,2384,12546,CD,2,D1_pwm175_grab2
15307,1430,-664,8842,CD,2,D1_pwm175_grab2
15313,-584,686,10106,CD,2,D1_pwm175_grab2
15323,-1168,-970,12920,CD,2,D1_pwm175_grab2
15329,-272,-3686,8898,CD,2,D1_pwm175_grab2
15338,2060,1852,10040,CD,2,D1_pwm175_grab2
15343,-398,1066,11302,CD,2,D1_pwm175_grab2
15348,-5036,-1398,11936,CD,2,D1_pwm175_grab2
15353,858,-1678,8874,CD,2,D1_pwm175_grab2
15360,2488,2178,10658,CD,2,D1_pwm175_grab2
15369,-216,56,9720,CD,2,D1_pwm175_grab2
15374,-906,-920,9864,CD,2,D1_pwm175_grab2
15379,-332,-506,10646,CD,2,D1_pwm175_grab2
15383,5430,-316,8996,CD,2,D1_pwm175_grab2
15388,-1474,-2458,9808,CD,2,D1_pwm175_grab2
15394,634,-436,10750,CD,2,D1_pwm175_grab2
15399,-6272,2086,13234,CD,2,D1_pwm175_grab2
15404,-86,1920,9974,CD,2,D1_pwm175_grab2
15409,-574,702,10210,CD,2,D1_pwm175_grab2
15413,2514,716,9028,CD,2,D1_pwm175_grab2
15418,3716,204,10764,CD,2,D1_pwm175_grab2
15423,2080,-676,8754,CD,2,D1_pwm175_grab2
15428,3360,-3912,8296,CD,2,D1_pwm175_grab2
15434,-2770,92,9410,CD,2,D1_pwm175_grab2
15438,560,1344,10002,CD,2,D1_pwm175_grab2
15444,-2878,-1604,9842,CD,2,D1_pwm175_grab2
15449,-2982,-3318,9338,CD,2,D1_pwm175_grab2
15453,76,-1310,9360,CD,2,D1_pwm175_grab2
15459,1418,2926,9942,CD,2,D1_pwm175_grab2
15463,810,2342,11626,CD,2,D1_pwm175_grab2
15468,424,-1626,9224,CD,2,D1_pwm175_grab2
15474,-822,816,10108,CD,2,D1_pwm175_grab2
15484,2106,804,12798,CD,2,D1_pwm175_grab2
15488,700,-3870,8282,CD,2,D1_pwm175_grab2
15494,-4278,-3774,10382,CD,2,D1_pwm175_grab2
15498,-2466,1382,9126,CD,2,D1_pwm175_grab2
15504,-48,1600,10766,CD,2,D1_pwm175_grab2
15509,-5028,-1452,8718,CD,2,D1_pwm175_grab2
15513,-4584,-3734,9604,CD,2,D1_pwm175_grab2
15518,1130,1108,10076,CD,2,D1_pwm175_grab2
15523,5166,2830,11500,CD,2,D1_pwm175_grab2
15528,-1556,-126,9312,CD,2,D1_pwm175_grab2
15534,-1292,-2854,9144,CD,2,D1_pwm175_grab2
15539,-1326,424,10848,CD,2,D1_pwm175_grab2
15549,-996,-858,12986,CD,2,D1_pwm175_grab2
15554,-214,-3804,8568,CD,2,D1_pwm175_grab2
15564,1404,1936,10090,CD,2,D1_pwm175_grab2
15569,-380,884,10238,CD,2,D1_pwm175_grab2
15574,5346,1688,8640,CD,2,D1_pwm175_grab2
15579,3814,650,11836,CD,2,D1_pwm175_grab2
15584,1568,-1944,8610,CD,2,D1_pwm175_grab2
15590,594,-4170,7424,CD,2,D1_pwm175_grab2
15595,-3202,316,9468,CD,2,D1_pwm175_grab2
15599,414,1342,10122,CD,2,D1_pwm175_grab2
15604,-3086,-1534,9900,CD,2,D1_pwm175_grab2
15610,-714,-2730,8806,CD,2,D1_pwm175_grab2
15616,2604,2634,10792,CD,2,D1_pwm175_grab2
15620,3790,2924,11732,CD,2,D1_pwm175_grab2
15624,1470,2198,11804,CD,2,D1_pwm175_grab2
15629,-200,-2254,9208,CD,2,D1_pwm175_grab2
15634,-1202,906,10482,CD,2,D1_pwm175_grab2
15645,1032,548,12916,CD,2,D1_pwm175_grab2
15650,-110,-1884,9984,CD,2,D1_pwm175_grab2
15660,-1208,1716,9196,CD,2,D1_pwm175_grab2
15665,-282,1622,11312,CD,2,D1_pwm175_grab2
15669,-5620,-1660,9602,CD,2,D1_pwm175_grab2
15675,-3260,-3072,9856,CD,2,D1_pwm175_grab2
15679,1354,1748,10648,CD,2,D1_pwm175_grab2
15684,6032,2008,11464,CD,2,D1_pwm175_grab2
15690,-3004,-438,9132,CD,2,D1_pwm175_grab2
15695,-148,204,10062,CD,2,D1_pwm175_grab2
15699,-2246,-962,9180,CD,2,D1_pwm175_grab2
15709,-1530,-1826,12592,CD,2,D1_pwm175_grab2
15715,-324,-3300,9144,CD,2,D1_pwm175_grab2
15725,2350,1942,10090,CD,2,D1_pwm175_grab2
15729,-598,884,10388,CD,2,D1_pwm175_grab2
15735,8002,2102,9118,CD,2,D1_pwm175_grab2
15739,3400,876,12238,CD,2,D1_pwm175_grab2
15745,2376,1884,10506,CD,2,D1_pwm175_grab2
15750,7494,-1598,10278,CD,2,D1_pwm175_grab2
15755,-330,-86,9458,CD,2,D1_pwm175_grab2
15760,-808,-712,9900,CD,2,D1_pwm175_grab2
15765,-522,-622,10436,CD,2,D1_pwm175_grab2
15770,-4842,-3522,9856,CD,2,D1_pwm175_grab2
15775,398,-10,9346,CD,2,D1_pwm175_grab2
15780,4626,2794,12462,CD,2,D1_pwm175_grab2
15784,2190,2258,11792,CD,2,D1_pwm175_grab2
15789,2412,698,9030,CD,2,D1_pwm175_grab2
15794,-508,796,10292,CD,2,D1_pwm175_grab2
15799,2232,964,9096,CD,2,D1_pwm175_grab2
15805,3706,170,10684,CD,2,D1_pwm175_grab2
15809,190,-4058,8722,CD,2,D1_pwm175_grab2
15814,-8116,-3904,11120,CD,2,D1_pwm175_grab2
15819,-540,1802,9314,CD,2,D1_pwm175_grab2
15825,-338,1558,11238,CD,2,D1_pwm175_grab2
15830,-5888,-1716,10194,CD,2,D1_pwm175_grab2
15836,-2400,-3034,9510,CD,2,D1_pwm175_grab2
15840,1808,2204,10354,CD,2,D1_pwm175_grab2
15846,5846,1520,11116,CD,2,D1_pwm175_grab2
15851,-3268,-296,8764,CD,2,D1_pwm175_grab2
15855,-228,352,9926,CD,2,D1_pwm175_grab2
15861,-1842,-1152,9874,CD,2,D1_pwm175_grab2
15865,-592,-2426,9674,CD,2,D1_pwm175_grab2
15870,-1090,-2186,8814,CD,2,D1_pwm175_grab2
15875,-474,-3512,8984,CD,2,D1_pwm175_grab2
15885,2200,1812,10180,CD,2,D1_pwm175_grab2
15891,-766,842,10512,CD,2,D1_pwm175_grab2
15895,7696,2010,9166,CD,2,D1_pwm175_grab2
15900,3442,794,11686,CD,2,D1_pwm175_grab2
15905,1358,-2326,8682,CD,2,D1_pwm175_grab2
15911,-1172,-4614,8028,CD,2,D1_pwm175_grab2
15915,-206,-360,9554,CD,2,D1_pwm175_grab2
15920,-812,-860,9880,CD,2,D1_pwm175_grab2
15926,-564,-744,10108,CD,2,D1_pwm175_grab2
15930,5212,-558,8996,CD,2,D1_pwm175_grab2
15935,580,-8,9116,CD,2,D1_pwm175_grab2
15940,4200,2604,12074,CD,2,D1_pwm175_grab2
15945,2610,2642,11730,CD,2,D1_pwm175_grab2
15950,-246,-2328,9212,CD,2,D1_pwm175_grab2
15956,-1128,620,10358,CD,2,D1_pwm175_grab2
15960,2320,1064,9660,CD,2,D1_pwm175_grab2
15965,3718,242,10694,CD,2,D1_pwm175_grab2
15970,2052,-684,9222,CD,2,D1_pwm175_grab2
15981,-790,1620,9168,CD,2,D1_pwm175_grab2
15986,-248,1640,10814,CD,2,D1_pwm175_grab2
15995,-2806,-3086,9302,CD,2,D1_pwm175_grab2
16000,-612,-1532,9130,CD,2,D1_pwm175_grab2
16006,844,2574,10014,CD,2,D1_pwm175_grab2
16011,-388,2716,12648,CD,2,D1_pwm175_grab2
16016,-1364,-2382,9330,CD,2,D1_pwm175_grab2
16021,-1274,40,10488,CD,2,D1_pwm175_grab2
16031,-1428,-1596,13214,CD,2,D1_pwm175_grab2
16036,-252,-3622,8996,CD,2,D1_pwm175_grab2
16045,-2600,824,9058,CD,2,D1_pwm175_grab2
16050,4,1718,10594,CD,2,D1_pwm175_grab2
16056,-4820,-800,12332,CD,2,D1_pwm175_grab2
16061,198,-1780,8722,CD,2,D1_pwm175_grab2
16066,2498,1942,10958,CD,2,D1_pwm175_grab2
16075,-806,-606,9648,CD,2,D1_pwm175_grab2
16080,-846,-1264,9978,CD,2,D1_pwm175_grab2
16086,-68,-572,10350,CD,2,D1_pwm175_grab2
16091,5064,-718,8616,CD,2,D1_pwm175_grab2
16097,1060,286,9322,CD,2,D1_pwm175_grab2
16102,3562,2750,11330,CD,2,D1_pwm175_grab2
16106,2754,2712,11658,CD,2,D1_pwm175_grab2
16111,-386,-2166,9206,CD,2,D1_pwm175_grab2
16117,-1146,598,10266,CD,2,D1_pwm175_grab2
16128,706,274,12856,CD,2,D1_pwm175_grab2
16132,2044,-558,9594,CD,2,D1_pwm175_grab2
16141,-1122,1622,9340,CD,2,D1_pwm175_grab2
16147,106,1676,10756,CD,2,D1_pwm175_grab2
16152,-6160,-1682,10064,CD,2,D1_pwm175_grab2
16156,-3190,-3076,9146,CD,2,D1_pwm175_grab2
16162,1810,2164,10656,CD,2,D1_pwm175_grab2
16166,5314,2450,10254,CD,2,D1_pwm175_grab2
16171,-666,2824,12792,CD,2,D1_pwm175_grab2
16177,-1222,-2544,9522,CD,2,D1_pwm175_grab2
16181,-1292,264,10480,CD,2,D1_pwm175_grab2
16191,-1302,-1302,13416,CD,2,D1_pwm175_grab2
16196,-238,-3760,8902,CD,2,D1_pwm175_grab2
16206,1584,2156,10462,CD,2,D1_pwm175_grab2
16211,-160,1294,10960,CD,2,D1_pwm175_grab2
16216,-5702,-872,11950,CD,2,D1_pwm175_grab2
16222,-136,-1926,8880,CD,2,D1_pwm175_grab2
16226,2300,1900,11276,CD,2,D1_pwm175_grab2
16236,-442,-398,10026,CD,2,D1_pwm175_grab2
16241,-1142,-1562,9798,CD,2,D1_pwm175_grab2
16246,272,-530,11326,CD,2,D1_pwm175_grab2
16257,-1992,-2860,10270,CD,2,D1_pwm175_grab2
16261,634,-1130,10486,CD,2,D1_pwm175_grab2
16271,2622,1390,9504,CD,2,D1_pwm175_grab2
16277,-656,878,10718,CD,2,D1_pwm175_grab2
16281,780,872,11304,CD,2,D1_pwm175_grab2
16287,3114,210,9408,CD,2,D1_pwm175_grab2
16292,2174,200,10178,CD,2,D1_pwm175_grab2
16297,-5246,-4590,10348,CD,2,D1_pwm175_grab2
16302,-2860,-302,8658,CD,2,D1_pwm175_grab2
16306,-564,200,9676,CD,2,D1_pwm175_grab2
16312,-1558,-1364,9914,CD,2,D1_pwm175_grab2
16316,576,-1916,9768,CD,2,D1_pwm175_grab2
16321,-1054,-2096,8570,CD,2,D1_pwm175_grab2
16327,918,1158,10518,CD,2,D1_pwm175_grab2
16331,-2920,2690,13156,CD,2,D1_pwm175_grab2
16336,-1010,-2690,9534,CD,2,D1_pwm175_grab2
16342,-1226,548,10906,CD,2,D1_pwm175_grab2
16353,-630,-676,13228,CD,2,D1_pwm175_grab2
16357,-100,-4130,8448,CD,2,D1_pwm175_grab2
16368,156,2194,9854,CD,2,D1_pwm175_grab2
16372,-396,1672,11296,CD,2,D1_pwm175_grab2
16378,2300,1430,9242,CD,2,D1_pwm175_grab2
16382,3648,280,10656,CD,2,D1_pwm175_grab2
16387,1784,2036,11464,CD,2,D1_pwm175_grab2
16392,6264,1578,10694,CD,2,D1_pwm175_grab2
16397,1802,280,11650,CD,2,D1_pwm175_grab2
16402,-1360,-2206,9378,CD,2,D1_pwm175_grab2
16408,-1056,-236,10966,CD,2,D1_pwm175_grab2
16418,-442,-1478,9154,CD,2,D1_pwm175_grab2
16422,648,2382,9624,CD,2,D1_pwm175_grab2
16432,2634,1914,10260,CD,2,D1_pwm175_grab2
16438,-510,1104,11134,CD,2,D1_pwm175_grab2
16443,-3436,-128,12600,CD,2,D1_pwm175_grab2
16447,1810,-914,9230,CD,2,D1_pwm175_grab2
16452,2214,1692,10902,CD,2,D1_pwm175_grab2
16458,-1442,-4792,8664,CD,2,D1_pwm175_grab2
16463,-2754,564,9324,CD,2,D1_pwm175_grab2
16468,246,1678,10202,CD,2,D1_pwm175_grab2
16473,-100,-960,10774,CD,2,D1_pwm175_grab2
16477,5510,-514,9136,CD,2,D1_pwm175_grab2
16482,-1568,-2600,9618,CD,2,D1_pwm175_grab2
16487,654,-948,10798,CD,2,D1_pwm175_grab2
16493,-6814,2034,13066,CD,2,D1_pwm175_grab2
16498,-238,-2340,9232,CD,2,D1_pwm175_grab2
16503,-1360,682,10514,CD,2,D1_pwm175_grab2
16512,3416,26,10098,CD,2,D1_pwm175_grab2
16517,2208,252,9328,CD,2,D1_pwm175_grab2
16523,6330,-3268,10206,CD,2,D1_pwm175_grab2
16527,-2814,-688,8600,CD,2,D1_pwm175_grab2
16532,104,548,9620,CD,2,D1_pwm175_grab2
16537,-2382,-1746,9448,CD,2,D1_pwm175_grab2
16542,-3838,-3050,10276,CD,2,D1_pwm175_grab2
16548,960,1290,10188,CD,2,D1_pwm175_grab2
16553,5746,2940,12036,CD,2,D1_pwm175_grab2
16557,-1796,2896,12416,CD,2,D1_pwm175_grab2
16562,1620,-320,9080,CD,2,D1_pwm175_grab2
16568,-486,586,10202,CD,2,D1_pwm175_grab2
16573,6966,2280,8516,CD,2,D1_pwm175_grab2
16577,3438,666,11648,CD,2,D1_pwm175_grab2
16582,-414,-4148,8672,CD,2,D1_pwm175_grab2
16593,828,2002,9900,CD,2,D1_pwm175_grab2
16599,-446,1512,11258,CD,2,D1_pwm175_grab2
16604,-7360,-1238,11224,CD,2,D1_pwm175_grab2
16608,-696,-2516,9168,CD,2,D1_pwm175_grab2
16614,2166,2616,10870,CD,2,D1_pwm175_grab2
16619,5508,1358,10356,CD,2,D1_pwm175_grab2
16624,-3328,-272,8724,CD,2,D1_pwm175_grab2
16629,-20,884,9798,CD,2,D1_pwm175_grab2
16633,-1792,-1924,10218,CD,2,D1_pwm175_grab2
16640,-2268,-2580,9904,CD,2,D1_pwm175_grab2
16644,-1750,-2144,12030,CD,2,D1_pwm175_grab2
16648,-368,-3148,9476,CD,2,D1_pwm175_grab2
16659,2334,1826,10494,CD,2,D1_pwm175_grab2
16664,-916,586,10320,CD,2,D1_pwm175_grab2
16673,3006,750,11406,CD,2,D1_pwm175_grab2
16678,1228,-2248,8736,CD,2,D1_pwm175_grab2
16688,-956,-706,9268,CD,2,D1_pwm175_grab2
16694,-706,-990,9692,CD,2,D1_pwm175_grab2
16699,-224,-702,10058,CD,2,D1_pwm175_grab2
16703,-4248,-3196,9946,CD,2,D1_pwm175_grab2
16709,586,-286,8888,CD,2,D1_pwm175_grab2
16714,3744,2812,11458,CD,2,D1_pwm175_grab2
16719,2698,3002,11736,CD,2,D1_pwm175_grab2
16724,-144,-1990,9242,CD,2,D1_pwm175_grab2
16729,-454,806,10492,CD,2,D1_pwm175_grab2
16733,1714,1074,10276,CD,2,D1_pwm175_grab2
16738,3226,98,10328,CD,2,D1_pwm175_grab2
16744,392,-4156,8344,CD,2,D1_pwm175_grab2
16754,-1420,1462,9022,CD,2,D1_pwm175_grab2
16759,-142,1954,10544,CD,2,D1_pwm175_grab2
16764,-4910,-1540,9628,CD,2,D1_pwm175_grab2
16768,-268,-2320,9984,CD,2,D1_pwm175_grab2
16774,-962,-2272,8938,CD,2,D1_pwm175_grab2
16779,848,1560,10396,CD,2,D1_pwm175_grab2
16784,3340,1148,11712,CD,2,D1_pwm175_grab2
16789,-886,-2506,9432,CD,2,D1_pwm175_grab2
16793,-1382,478,10266,CD,2,D1_pwm175_grab2
16808,-98,-4468,8514,CD,2,D1_pwm175_grab2
16814,532,-4548,7900,CD,2,D1_pwm175_grab2
16818,-2776,146,8950,CD,2,D1_pwm175_grab2
16823,-62,1618,11112,CD,2,D1_pwm175_grab2
16834,-1844,-2882,9080,CD,2,D1_pwm175_grab2
16838,1928,2242,11194,CD,2,D1_pwm175_grab2
16848,1592,14,11362,CD,2,D1_pwm175_grab2
16855,-992,-2422,9652,CD,2,D1_pwm175_grab2
16859,-1246,24,10590,CD,2,D1_pwm175_grab2
16865,-142,-2170,9492,CD,2,D1_pwm175_grab2
16870,-416,-2080,8988,CD,2,D1_pwm175_grab2
16875,228,1678,9672,CD,2,D1_pwm175_grab2
16879,-1448,3246,12670,CD,2,D1_pwm175_grab2
16884,1346,-430,8910,CD,2,D1_pwm175_grab2
16889,-632,434,10056,CD,2,D1_pwm175_grab2
16899,574,-1598,8604,CD,2,D1_pwm175_grab2
16905,1440,-1908,8324,CD,2,D1_pwm175_grab2
16910,-1042,-5006,7798,CD,2,D1_pwm175_grab2
16915,-2810,162,9308,CD,2,D1_pwm175_grab2
16919,502,1596,9886,CD,2,D1_pwm175_grab2
16924,-3444,-2054,10130,CD,2,D1_pwm175_grab2
16929,-4568,-3260,9272,CD,2,D1_pwm175_grab2
16935,724,-662,9468,CD,2,D1_pwm175_grab2
16939,866,-1512,10534,CD,2,D1_pwm175_grab2
16944,1632,2950,11660,CD,2,D1_pwm175_grab2
16950,88,-1878,9540,CD,2,D1_pwm175_grab2
16954,-960,680,10262,CD,2,D1_pwm175_grab2
16965,1334,674,13020,CD,2,D1_pwm175_grab2
16969,634,-3940,8254,CD,2,D1_pwm175_grab2
16974,-4510,-5032,10160,CD,2,D1_pwm175_grab2
16980,-2198,1378,9142,CD,2,D1_pwm175_grab2
16985,138,1842,10678,CD,2,D1_pwm175_grab2
16990,-4786,-1374,9288,CD,2,D1_pwm175_grab2
16995,-4732,-3488,9920,CD,2,D1_pwm175_grab2
16999,1120,872,10000,CD,2,D1_pwm175_grab2
17004,4942,3648,11656,CD,2,D1_pwm175_grab2
17009,2652,1432,11708,CD,2,D1_pwm175_grab2
17015,-804,-2692,9516,CD,2,D1_pwm175_grab2
17019,-1332,556,10938,CD,2,D1_pwm175_grab2
17024,4402,1278,8734,CD,2,D1_pwm175_grab2
17030,-494,-128,13346,CD,2,D1_pwm175_grab2
17034,52,-4470,8478,CD,2,D1_pwm175_grab2
17044,-58,1994,9524,CD,2,D1_pwm175_grab2
17050,-388,1848,11378,CD,2,D1_pwm175_grab2
17055,-6638,-902,10510,CD,2,D1_pwm175_grab2
17060,-2028,-2878,9576,CD,2,D1_pwm175_grab2
17064,2228,540,9480,CD,2,D1_pwm175_grab2
17070,6062,2410,11234,CD,2,D1_pwm175_grab2
17075,2422,336,11686,CD,2,D1_pwm175_grab2
17079,-1376,-2502,9324,CD,2,D1_pwm175_grab2
17084,-1362,-22,10674,CD,2,D1_pwm175_grab2
17094,-1702,-1554,12594,CD,2,D1_pwm175_grab2
17099,-214,-4074,8930,CD,2,D1_pwm175_grab2
17110,1582,-230,9210,CD,2,D1_pwm175_grab2
17116,-570,686,10526,CD,2,D1_pwm175_grab2
17120,6798,1632,8622,CD,2,D1_pwm175_grab2
17125,3400,730,12098,CD,2,D1_pwm175_grab2
17130,1512,-1670,8680,CD,2,D1_pwm175_grab2
17136,560,-4798,7762,CD,2,D1_pwm175_grab2
17140,-2946,386,9168,CD,2,D1_pwm175_grab2
17146,-206,1488,10938,CD,2,D1_pwm175_grab2
17150,-7332,-840,10906,CD,2,D1_pwm175_grab2
17155,-3940,-3048,10050,CD,2,D1_pwm175_grab2
17161,-178,-1340,8842,CD,2,D1_pwm175_grab2
17166,2466,2888,10552,CD,2,D1_pwm175_grab2
17171,722,3118,12540,CD,2,D1_pwm175_grab2
17176,538,-1638,9182,CD,2,D1_pwm175_grab2
17180,-1042,744,10528,CD,2,D1_pwm175_grab2
17190,-1594,-1358,12948,CD,2,D1_pwm175_grab2
17195,988,-3176,8590,CD,2,D1_pwm175_grab2
17201,-3308,-5238,9450,CD,2,D1_pwm175_grab2
17205,-2180,1148,9048,CD,2,D1_pwm175_grab2
17210,-152,1992,10500,CD,2,D1_pwm175_grab2
17215,-3202,-1434,10466,CD,2,D1_pwm175_grab2
17220,-4464,-3382,10282,CD,2,D1_pwm175_grab2
17225,538,-54,9400,CD,2,D1_pwm175_grab2
17231,6242,398,10436,CD,2,D1_pwm175_grab2
17235,-336,-674,9886,CD,2,D1_pwm175_grab2
17241,-270,-2252,9284,CD,2,D1_pwm175_grab2
17245,-1152,634,10624,CD,2,D1_pwm175_grab2
17256,276,618,12730,CD,2,D1_pwm175_grab2
17260,166,-4452,8550,CD,2,D1_pwm175_grab2
17265,-7200,-4798,10206,CD,2,D1_pwm175_grab2
17270,2544,1448,9984,CD,2,D1_pwm175_grab2
17276,-520,750,10808,CD,2,D1_pwm175_grab2
17281,-5014,-1018,9978,CD,2,D1_pwm175_grab2
17286,-3164,-3246,9636,CD,2,D1_pwm175_grab2
17291,1642,1558,9816,CD,2,D1_pwm175_grab2
17295,4648,3314,11364,CD,2,D1_pwm175_grab2
17300,3674,852,11504,CD,2,D1_pwm175_grab2
17305,-856,-2376,9160,CD,2,D1_pwm175_grab2
17310,-438,-1280,10324,CD,2,D1_pwm175_grab2
17316,3072,-730,9666,CD,2,D1_pwm175_grab2
17320,-1442,-2886,8988,CD,2,D1_pwm175_grab2
17325,74,-4860,8384,CD,2,D1_pwm175_grab2
17335,140,1918,9978,CD,2,D1_pwm175_grab2
17340,-158,1416,10932,CD,2,D1_pwm175_grab2
17345,-7014,-722,10648,CD,2,D1_pwm175_grab2
17350,3252,4,10044,CD,2,D1_pwm175_grab2
17355,2018,346,9860,CD,2,D1_pwm175_grab2
17361,6450,-3520,10022,CD,2,D1_pwm175_grab2
17366,-2420,-118,8344,CD,2,D1_pwm175_grab2
17371,-460,532,9538,CD,2,D1_pwm175_grab2
17377,-2020,-1646,9912,CD,2,D1_pwm175_grab2
17381,862,-1474,9996,CD,2,D1_pwm175_grab2
17387,-720,-2588,8478,CD,2,D1_pwm175_grab2
17391,4960,3700,11886,CD,2,D1_pwm175_grab2
17397,2714,1010,11582,CD,2,D1_pwm175_grab2
17402,-816,-2736,9358,CD,2,D1_pwm175_grab2
17408,-1314,564,10852,CD,2,D1_pwm175_grab2
17411,4450,884,8438,CD,2,D1_pwm175_grab2
17417,3440,432,10988,CD,2,D1_pwm175_grab2
17421,1642,-898,8792,CD,2,D1_pwm175_grab2
17427,1648,-4626,7976,CD,2,D1_pwm175_grab2
17432,-90,1962,9662,CD,2,D1_pwm175_grab2
17436,-412,1638,11378,CD,2,D1_pwm175_grab2
17442,-6098,-622,10204,CD,2,D1_pwm175_grab2
17446,-2326,-3166,9648,CD,2,D1_pwm175_grab2
17452,166,-1996,9142,CD,2,D1_pwm175_grab2
17456,294,2654,9066,CD,2,D1_pwm175_grab2
17462,-180,2992,12220,CD,2,D1_pwm175_grab2
17466,1092,-1032,9250,CD,2,D1_pwm175_grab2
17471,-1274,6,10504,CD,2,D1_pwm175_grab2
17482,-1236,-648,12784,CD,2,D1_pwm175_grab2
17486,14,-4560,8618,CD,2,D1_pwm175_grab2
17496,-2786,566,9426,CD,3,D1_pwm175_grab2
17501,460,1576,10164,CD,3,D1_pwm175_grab2
17507,-3262,-1340,10496,CD,3,D1_pwm175_grab2
17511,-484,-2870,8870,CD,3,D1_pwm175_grab2
17517,1812,2700,11016,CD,3,D1_pwm175_grab2
17521,5638,1442,10916,CD,3,D1_pwm175_grab2
17526,2430,-158,10782,CD,3,D1_pwm175_grab2
17532,-1110,-1744,9354,CD,3,D1_pwm175_grab2
17537,-822,840,10372,CD,3,D1_pwm175_grab2
17546,1762,978,12932,CD,3,D1_pwm175_grab2
17552,-288,-3884,9096,CD,3,D1_pwm175_grab2
17562,1762,1680,10500,CD,3,D1_pwm175_grab2
17567,-306,776,10776,CD,3,D1_pwm175_grab2
17572,-5598,-424,12090,CD,3,D1_pwm175_grab2
17576,264,-2484,8394,CD,3,D1_pwm175_grab2
17581,724,-176,9384,CD,3,D1_pwm175_grab2
17586,4276,3542,12170,CD,3,D1_pwm175_grab2
17591,1212,-374,10152,CD,3,D1_pwm175_grab2
17596,-896,-1400,9602,CD,3,D1_pwm175_grab2
17601,68,-894,10250,CD,3,D1_pwm175_grab2
17611,-1542,-1980,11510,CD,3,D1_pwm175_grab2
17616,-98,-2832,9522,CD,3,D1_pwm175_grab2
17628,2286,1766,10594,CD,3,D1_pwm175_grab2
17632,-796,650,10300,CD,3,D1_pwm175_grab2
17642,2692,852,11440,CD,3,D1_pwm175_grab2
17648,968,-2518,8752,CD,3,D1_pwm175_grab2
17657,-2248,632,9322,CD,3,D1_pwm175_grab2
17664,-16,1694,9998,CD,3,D1_pwm175_grab2
17667,430,-1084,10236,CD,3,D1_pwm175_grab2
17672,-3420,-2708,9792,CD,3,D1_pwm175_grab2
17678,684,-1212,8920,CD,3,D1_pwm175_grab2
17682,1824,3422,10168,CD,3,D1_pwm175_grab2
17687,1824,2816,11644,CD,3,D1_pwm175_grab2
17692,610,-1680,9222,CD,3,D1_pwm175_grab2
17698,-1034,624,9968,CD,3,D1_pwm175_grab2
17707,1698,-1118,9060,CD,3,D1_pwm175_grab2
17713,2374,1646,10724,CD,3,D1_pwm175_grab2
17722,-2358,1018,9314,CD,3,D1_pwm175_grab2
17727,354,1786,10320,CD,3,D1_pwm175_grab2
17733,-3864,-926,10556,CD,3,D1_pwm175_grab2
17737,-4170,-3318,9492,CD,3,D1_pwm175_grab2
17742,1170,-98,9500,CD,3,D1_pwm175_grab2
17747,3252,3480,11254,CD,3,D1_pwm175_grab2
17758,140,-2236,9488,CD,3,D1_pwm175_grab2
17763,-1038,740,10126,CD,3,D1_pwm175_grab2
17778,756,-4264,8354,CD,3,D1_pwm175_grab2
17783,-4330,-4670,10022,CD,3,D1_pwm175_grab2
17787,-2400,1514,9302,CD,3,D1_pwm175_grab2
17792,-794,194,9722,CD,3,D1_pwm175_grab2
17798,-4418,-652,10008,CD,3,D1_pwm175_grab2
17803,-4576,-3628,9634,CD,3,D1_pwm175_grab2
17808,1034,608,9638,CD,3,D1_pwm175_grab2
17813,4118,3714,12094,CD,3,D1_pwm175_grab2
17817,2032,1450,11000,CD,3,D1_pwm175_grab2
17823,-306,-2504,9574,CD,3,D1_pwm175_grab2
17827,-1166,646,10590,CD,3,D1_pwm175_grab2
17843,548,-4558,8440,CD,3,D1_pwm175_grab2
17847,-5400,-4294,10766,CD,3,D1_pwm175_grab2
17853,-1750,1690,9410,CD,3,D1_pwm175_grab2
17857,-100,1626,10836,CD,3,D1_pwm175_grab2
17862,-4562,-192,9732,CD,3,D1_pwm175_grab2
17867,-4272,-3586,10156,CD,3,D1_pwm175_grab2
17872,976,786,9832,CD,3,D1_pwm175_grab2
17884,-270,-440,9274,CD,3,D1_pwm175_grab2
17889,-848,-812,9628,CD,3,D1_pwm175_grab2
17894,344,-1190,10158,CD,3,D1_pwm175_grab2
17903,-1474,-2414,10426,CD,3,D1_pwm175_grab2
17908,376,-1698,9862,CD,3,D1_pwm175_grab2
17918,636,-1602,9052,CD,3,D1_pwm175_grab2
17923,-426,664,10812,CD,3,D1_pwm175_grab2
17929,-1266,-464,11556,CD,3,D1_pwm175_grab2
17934,1326,-1608,8994,CD,3,D1_pwm175_grab2
17939,2392,1862,10536,CD,3,D1_pwm175_grab2
17943,6968,-1758,10176,CD,3,D1_pwm175_grab2
17948,-1378,-372,8874,CD,3,D1_pwm175_grab2
17953,-970,-708,9800,CD,3,D1_pwm175_grab2
17958,-3154,-952,11024,CD,3,D1_pwm175_grab2
17964,5244,388,10002,CD,3,D1_pwm175_grab2
17969,-1544,-2658,9814,CD,3,D1_pwm175_grab2
17973,730,-1222,10234,CD,3,D1_pwm175_grab2
17983,2330,1158,9860,CD,3,D1_pwm175_grab2
17989,-662,762,10926,CD,3,D1_pwm175_grab2
17993,-378,-634,11256,CD,3,D1_pwm175_grab2
17998,1800,1218,11948,CD,3,D1_pwm175_grab2
18003,986,-3438,8518,CD,3,D1_pwm175_grab2
18009,7804,-2264,10350,CD,3,D1_pwm175_grab2
18014,-1514,-100,8832,CD,3,D1_pwm175_grab2
18018,-1026,-466,9688,CD,3,D1_pwm175_grab2
18023,224,-1166,10534,CD,3,D1_pwm175_grab2
18029,4466,188,10086,CD,3,D1_pwm175_grab2
18034,-1610,-2824,9272,CD,3,D1_pwm175_grab2
18038,2846,3456,10886,CD,3,D1_pwm175_grab2
18043,1428,1978,11056,CD,3,D1_pwm175_grab2
18048,2604,818,9552,CD,3,D1_pwm175_grab2
18054,-788,764,10894,CD,3,D1_pwm175_grab2
18058,108,-680,10932,CD,3,D1_pwm175_grab2
18063,2082,-836,9336,CD,3,D1_pwm175_grab2
18069,2012,1070,10560,CD,3,D1_pwm175_grab2
18078,-2634,1212,9410,CD,3,D1_pwm175_grab2
18084,210,1478,10440,CD,3,D1_pwm175_grab2
18088,-3974,-456,10010,CD,3,D1_pwm175_grab2
18093,3700,-42,10546,CD,3,D1_pwm175_grab2
18098,-1278,-2800,8684,CD,3,D1_pwm175_grab2
18104,956,-94,10860,CD,3,D1_pwm175_grab2
18113,2382,754,9232,CD,3,D1_pwm175_grab2
18118,-1100,670,10546,CD,3,D1_pwm175_grab2
18128,854,996,13312,CD,3,D1_pwm175_grab2
18135,718,-4402,8474,CD,3,D1_pwm175_grab2
18140,-4800,-4264,10676,CD,3,D1_pwm175_grab2
18145,-2054,1418,9394,CD,3,D1_pwm175_grab2
18149,-68,1596,10744,CD,3,D1_pwm175_grab2
18154,-4174,-20,9820,CD,3,D1_pwm175_grab2
18160,622,-2270,8402,CD,3,D1_pwm175_grab2
18164,2392,2294,10870,CD,3,D1_pwm175_grab2
18169,6162,-1078,9846,CD,3,D1_pwm175_grab2
18176,-106,-456,9418,CD,3,D1_pwm175_grab2
18179,-446,-2486,9430,CD,3,D1_pwm175_grab2
18185,-1252,232,10680,CD,3,D1_pwm175_grab2
18195,252,940,12696,CD,3,D1_pwm175_grab2
18200,268,-1824,9676,CD,3,D1_pwm175_grab2
18209,2314,1598,10290,CD,3,D1_pwm175_grab2
18214,-326,870,11108,CD,3,D1_pwm175_grab2
18219,-4576,-336,9930,CD,3,D1_pwm175_grab2
18225,-3600,-3428,10206,CD,3,D1_pwm175_grab2
18229,1006,910,9686,CD,3,D1_pwm175_grab2
18235,5024,3416,12888,CD,3,D1_pwm175_grab2
18240,-1420,-342,8818,CD,3,D1_pwm175_grab2
18244,-858,-614,9714,CD,3,D1_pwm175_grab2
18250,406,-1048,10302,CD,3,D1_pwm175_grab2
18255,5082,364,9930,CD,3,D1_pwm175_grab2
18260,-1574,-2638,9808,CD,3,D1_pwm175_grab2
18264,228,-4680,8490,CD,3,D1_pwm175_grab2
18274,-886,1724,9702,CD,3,D1_pwm175_grab2
18280,-622,1272,10758,CD,3,D1_pwm175_grab2
18284,196,-788,10942,CD,3,D1_pwm175_grab2
18290,1950,-856,9192,CD,3,D1_pwm175_grab2
18294,2258,1114,10682,CD,3,D1_pwm175_grab2
18305,3490,716,11222,CD,3,D1_pwm175_grab2
18309,-878,-2114,9224,CD,3,D1_pwm175_grab2
18314,-1190,-480,10218,CD,3,D1_pwm175_grab2
18324,-1570,-2812,9084,CD,3,D1_pwm175_grab2
18329,1108,-268,11080,CD,3,D1_pwm175_grab2
18340,2536,722,9268,CD,3,D1_pwm175_grab2
18344,-824,1074,10784,CD,3,D1_pwm175_grab2
18350,-6794,-668,10524,CD,3,D1_pwm175_grab2
18354,-2078,-3504,9078,CD,3,D1_pwm175_grab2
18359,1922,2282,10632,CD,3,D1_pwm175_grab2
18369,-2132,-138,8280,CD,3,D1_pwm175_grab2
18375,-624,244,9480,CD,3,D1_pwm175_grab2
18379,-1604,-1128,10240,CD,3,D1_pwm175_grab2
18385,2212,-558,10614,CD,3,D1_pwm175_grab2
18391,-946,-2732,8416,CD,3,D1_pwm175_grab2
18395,1150,642,10872,CD,3,D1_pwm175_grab2
18400,-4750,2602,13080,CD,3,D1_pwm175_grab2
18406,-484,-2394,9512,CD,3,D1_pwm175_grab2
18410,-1206,88,10520,CD,3,D1_pwm175_grab2
18420,310,1062,13324,CD,3,D1_pwm175_grab2
18426,504,-4558,8544,CD,3,D1_pwm175_grab2
18430,-6454,-4126,11130,CD,3,D1_pwm175_grab2
18436,-2588,-286,8188,CD,3,D1_pwm175_grab2
18440,-132,632,9498,CD,3,D1_pwm175_grab2
18446,-4626,-218,9666,CD,3,D1_pwm175_grab2
18451,-3922,-3550,10290,CD,3,D1_pwm175_grab2
18455,1042,726,9908,CD,3,D1_pwm175_grab2
18461,5316,3548,12862,CD,3,D1_pwm175_grab2
18466,2928,1170,11262,CD,3,D1_pwm175_grab2
18470,-762,-2394,9374,CD,3,D1_pwm175_grab2
18475,-596,954,10242,CD,3,D1_pwm175_grab2
18481,3706,370,7662,CD,3,D1_pwm175_grab2
18485,-68,852,12782,CD,3,D1_pwm175_grab2
18491,400,-4578,8534,CD,3,D1_pwm175_grab2
18500,-966,1686,9660,CD,3,D1_pwm175_grab2
18505,-708,1388,10976,CD,3,D1_pwm175_grab2
18510,-5178,-658,9982,CD,3,D1_pwm175_grab2
18516,-3124,-3418,9844,CD,3,D1_pwm175_grab2
18520,-370,-2482,9226,CD,3,D1_pwm175_grab2
18526,5294,3044,12200,CD,3,D1_pwm175_grab2
18531,3432,946,11150,CD,3,D1_pwm175_grab2
18536,-868,-2128,9236,CD,3,D1_pwm175_grab2
18541,-1236,-508,10354,CD,3,D1_pwm175_grab2
18550,-544,290,12988,CD,3,D1_pwm175_grab2
18555,192,-4626,8512,CD,3,D1_pwm175_grab2
18560,1750,-4464,8034,CD,3,D1_pwm175_grab2
18565,-496,1750,9984,CD,3,D1_pwm175_grab2
18571,-684,1332,10778,CD,3,D1_pwm175_grab2
18576,-6384,-914,10534,CD,3,D1_pwm175_grab2
18581,-2248,-3412,9220,CD,3,D1_pwm175_grab2
18585,2004,1832,10082,CD,3,D1_pwm175_grab2
18591,5128,2584,11144,CD,3,D1_pwm175_grab2
18595,3296,650,11388,CD,3,D1_pwm175_grab2
18600,-788,-2056,9366,CD,3,D1_pwm175_grab2
18606,-1254,-924,9904,CD,3,D1_pwm175_grab2
18615,-960,-114,13302,CD,3,D1_pwm175_grab2
18620,134,-4658,8330,CD,3,D1_pwm175_grab2
18631,-26,1956,10512,CD,3,D1_pwm175_grab2
18635,-298,1358,11058,CD,3,D1_pwm175_grab2
18640,-7206,-892,10656,CD,3,D1_pwm175_grab2
18646,2942,-328,10202,CD,3,D1_pwm175_grab2
18651,1834,208,10006,CD,3,D1_pwm175_grab2
18657,7120,-3874,10036,CD,3,D1_pwm175_grab2
18662,-2592,-266,8086,CD,3,D1_pwm175_grab2
18666,-548,204,9366,CD,3,D1_pwm175_grab2
18671,-1870,-882,10124,CD,3,D1_pwm175_grab2
18677,1864,-672,10446,CD,3,D1_pwm175_grab2
18682,-902,-2770,8506,CD,3,D1_pwm175_grab2
18686,4754,3790,12530,CD,3,D1_pwm175_grab2
18697,2256,486,8810,CD,3,D1_pwm175_grab2
18701,-676,988,10586,CD,3,D1_pwm175_grab2
18707,2446,-62,8144,CD,3,D1_pwm175_grab2
18711,3152,-170,10490,CD,3,D1_pwm175_grab2
18717,1918,-88,9500,CD,3,D1_pwm175_grab2
18726,-1288,1540,9572,CD,3,D1_pwm175_grab2
18732,-4,460,9540,CD,3,D1_pwm175_grab2
18737,-2460,-780,9834,CD,3,D1_pwm175_grab2
18741,572,-1310,9890,CD,3,D1_pwm175_grab2
18747,-600,-2634,9126,CD,3,D1_pwm175_grab2
18751,890,1440,10172,CD,3,D1_pwm175_grab2
18757,-3000,2654,12564,CD,3,D1_pwm175_grab2
18762,2174,8,8886,CD,3,D1_pwm175_grab2
18766,-1298,-384,10372,CD,3,D1_pwm175_grab2
18776,3296,242,11064,CD,3,D1_pwm175_grab2
18781,1760,-498,9222,CD,3,D1_pwm175_grab2
18791,-3298,-278,8872,CD,3,D1_pwm175_grab2
18797,244,628,9860,CD,3,D1_pwm175_grab2
18802,-2550,-608,9896,CD,3,D1_pwm175_grab2
18806,-2916,-3418,9716,CD,3,D1_pwm175_grab2
18812,1586,1052,9728,CD,3,D1_pwm175_grab2
18816,716,2448,9748,CD,3,D1_pwm175_grab2
18821,-1788,2508,12420,CD,3,D1_pwm175_grab2
18827,1810,-262,9202,CD,3,D1_pwm175_grab2
18831,-324,812,10498,CD,3,D1_pwm175_grab2
18836,6242,884,7656,CD,3,D1_pwm175_grab2
18841,3266,624,11946,CD,3,D1_pwm175_grab2
18847,180,-4582,8406,CD,3,D1_pwm175_grab2
18857,-422,1830,10062,CD,3,D1_pwm175_grab2
18862,-20,812,9798,CD,3,D1_pwm175_grab2
18866,-2246,-246,10460,CD,3,D1_pwm175_grab2
18872,-2484,-2396,10244,CD,3,D1_pwm175_grab2
18876,-110,-2208,8754,CD,3,D1_pwm175_grab2
18881,734,3214,9862,CD,3,D1_pwm175_grab2
18887,-604,2722,12564,CD,3,D1_pwm175_grab2
18892,-824,-2226,9320,CD,3,D1_pwm175_grab2
18897,-1236,-990,9774,CD,3,D1_pwm175_grab2
18912,224,-4608,8368,CD,3,D1_pwm175_grab2
18923,-4,2110,10628,CD,3,D1_pwm175_grab2
18928,-536,1042,10910,CD,3,D1_pwm175_grab2
18932,1386,-462,9402,CD,3,D1_pwm175_grab2
18938,3022,-286,10234,CD,3,D1_pwm175_grab2
18942,1798,348,9930,CD,3,D1_pwm175_grab2
18947,5368,2170,10254,CD,3,D1_pwm175_grab2
18952,2482,210,11094,CD,3,D1_pwm175_grab2
18957,-810,-2356,9530,CD,3,D1_pwm175_grab2
18963,-1292,-582,10156,CD,3,D1_pwm175_grab2
18972,-982,-2764,8756,CD,3,D1_pwm175_grab2
18978,1148,450,10512,CD,3,D1_pwm175_grab2
18982,-4322,2698,13022,CD,3,D1_pwm175_grab2
18988,552,2130,10782,CD,3,D1_pwm175_grab2
18992,-236,1712,11474,CD,3,D1_pwm175_grab2
18997,-7278,-1200,10958,CD,3,D1_pwm175_grab2
19003,-1954,-3404,8994,CD,3,D1_pwm175_grab2
19007,2108,1734,11002,CD,3,D1_pwm175_grab2
19013,5974,-4094,9916,CD,3,D1_pwm175_grab2
19018,-2940,-452,8384,CD,3,D1_pwm175_grab2
19023,-138,284,9578,CD,3,D1_pwm175_grab2
19028,-2276,-764,9546,CD,3,D1_pwm175_grab2
19037,-1366,-366,13180,CD,3,D1_pwm175_grab2
19043,80,-4114,8754,CD,3,D1_pwm175_grab2
19052,2118,194,8996,CD,3,D1_pwm175_grab2
19058,-396,738,10264,CD,3,D1_pwm175_grab2
19062,3898,732,7766,CD,3,D1_pwm175_grab2
19067,3432,242,11188,CD,3,D1_pwm175_grab2
19072,1942,1748,11202,CD,3,D1_pwm175_grab2
19077,6318,1366,10806,CD,3,D1_pwm175_grab2
19082,1748,50,11032,CD,3,D1_pwm175_grab2
19088,-1246,-2084,9330,CD,3,D1_pwm175_grab2
19092,-2298,-646,9722,CD,3,D1_pwm175_grab2
19097,-1048,-2094,9926,CD,3,D1_pwm175_grab2
19102,-382,-2416,8996,CD,3,D1_pwm175_grab2
19107,734,2342,9984,CD,3,D1_pwm175_grab2
19112,-1746,2812,12634,CD,3,D1_pwm175_grab2
19118,2038,2140,10512,CD,3,D1_pwm175_grab2
19122,-560,1664,11660,CD,3,D1_pwm175_grab2
19128,-5836,-1146,11976,CD,3,D1_pwm175_grab2
19133,3388,758,12012,CD,3,D1_pwm175_grab2
19138,1476,-1338,9096,CD,3,D1_pwm175_grab2
19142,1738,-4582,7820,CD,3,D1_pwm175_grab2
19148,-3268,-176,8978,CD,3,D1_pwm175_grab2
19152,-128,994,9810,CD,3,D1_pwm175_grab2
19159,-2086,-834,10256,CD,3,D1_pwm175_grab2
19164,-2614,-2646,9948,CD,3,D1_pwm175_grab2
19169,-256,-2266,8618,CD,3,D1_pwm175_grab2
19173,5250,2684,10954,CD,3,D1_pwm175_grab2
19178,3058,478,11324,CD,3,D1_pwm175_grab2
19183,-876,-2546,9312,CD,3,D1_pwm175_grab2
19188,-1320,-390,9960,CD,3,D1_pwm175_grab2
19198,-1156,0,13780,CD,3,D1_pwm175_grab2
19203,1382,-1886,9162,CD,3,D1_pwm175_grab2
19209,-414,-5014,7616,CD,3,D1_pwm175_grab2
19213,704,2270,10774,CD,3,D1_pwm175_grab2
19218,-104,1916,11480,CD,3,D1_pwm175_grab2
19223,-6948,-1334,10850,CD,3,D1_pwm175_grab2
19228,-1820,-3224,9110,CD,3,D1_pwm175_grab2
19233,2168,1768,10674,CD,3,D1_pwm175_grab2
19238,5616,2032,10332,CD,3,D1_pwm175_grab2
19244,1292,3096,12222,CD,3,D1_pwm175_grab2
19249,542,-1378,9124,CD,3,D1_pwm175_grab2
19253,-1106,-234,10244,CD,3,D1_pwm175_grab2
19263,-1482,-454,13404,CD,3,D1_pwm175_grab2
19268,94,-4070,8840,CD,3,D1_pwm175_grab2
19279,1822,2230,10904,CD,3,D1_pwm175_grab2
19283,-274,1776,11552,CD,3,D1_pwm175_grab2
19289,-3094,-1492,10746,CD,3,D1_pwm175_grab2
19293,-836,-2612,8660,CD,3,D1_pwm175_grab2
19298,2384,1760,10956,CD,3,D1_pwm175_grab2
19304,6440,988,10672,CD,3,D1_pwm175_grab2
19309,504,-424,10318,CD,3,D1_pwm175_grab2
19313,-1106,-2076,9414,CD,3,D1_pwm175_grab2
19318,-388,-384,10684,CD,3,D1_pwm175_grab2
19329,1402,1144,12544,CD,3,D1_pwm175_grab2
19333,-24,-2898,9526,CD,3,D1_pwm175_grab2
19343,2832,2118,10450,CD,3,D1_pwm175_grab2
19348,-406,1542,11460,CD,3,D1_pwm175_grab2
19353,-2896,-780,12182,CD,3,D1_pwm175_grab2
19358,1104,-1352,8968,CD,3,D1_pwm175_grab2
19364,1964,1746,10864,CD,3,D1_pwm175_grab2
19369,7248,-934,10508,CD,3,D1_pwm175_grab2
19373,3230,1654,10984,CD,3,D1_pwm175_grab2
19378,-1208,-1482,9304,CD,3,D1_pwm175_grab2
19383,232,-506,10932,CD,3,D1_pwm175_grab2
19388,6074,292,9256,CD,3,D1_pwm175_grab2
19393,-2158,-2248,10112,CD,3,D1_pwm175_grab2
19399,464,-1560,9990,CD,3,D1_pwm175_grab2
19409,2774,1814,9680,CD,3,D1_pwm175_grab2
19415,-1140,154,10278,CD,3,D1_pwm175_grab2
19424,1964,1292,12908,CD,3,D1_pwm175_grab2
19429,888,-3114,8908,CD,3,D1_pwm175_grab2
19435,-3874,-5024,9958,CD,3,D1_pwm175_grab2
19439,-2320,1080,9426,CD,3,D1_pwm175_grab2
19444,-136,2096,10698,CD,3,D1_pwm175_grab2
19449,-3842,-1444,9578,CD,3,D1_pwm175_grab2
19456,374,-2046,8684,CD,3,D1_pwm175_grab2
19460,870,-1090,8972,CD,3,D1_pwm175_grab2
19465,4872,3726,12982,CD,3,D1_pwm175_grab2
19470,2728,1992,11458,CD,3,D1_pwm175_grab2
19475,-766,-2576,9330,CD,3,D1_pwm175_grab2
19479,-1418,134,10710,CD,3,D1_pwm175_grab2
19489,286,1098,12916,CD,3,D1_pwm175_grab2
19494,446,-2040,9682,CD,3,D1_pwm175_grab2
19505,-590,2014,9540,CD,3,D1_pwm175_grab2
19509,-600,2200,11448,CD,3,D1_pwm175_grab2
19514,-4986,-1608,9870,CD,3,D1_pwm175_grab2
19519,-3296,-3184,9972,CD,3,D1_pwm175_grab2
19524,1534,352,9474,CD,3,D1_pwm175_grab2
19529,5694,3224,12094,CD,3,D1_pwm175_grab2
19534,3340,646,11320,CD,3,D1_pwm175_grab2
19539,-710,-692,9604,CD,3,D1_pwm175_grab2
19544,-1252,-42,10446,CD,3,D1_pwm175_grab2
19555,-1182,-10,13232,CD,3,D1_pwm175_grab2
19559,6,-4258,8646,CD,3,D1_pwm175_grab2
19570,1064,2278,10140,CD,3,D1_pwm175_grab2
19575,-700,2014,11212,CD,3,D1_pwm175_grab2
19579,3284,776,9188,CD,3,D1_pwm175_grab2
19585,-1094,-2784,8966,CD,3,D1_pwm175_grab2
19589,2408,1804,10202,CD,3,D1_pwm175_grab2
19594,5628,1542,11156,CD,3,D1_pwm175_grab2
19599,1880,-198,10892,CD,3,D1_pwm175_grab2
19605,-950,-2290,9382,CD,3,D1_pwm175_grab2
19609,-862,-304,10086,CD,3,D1_pwm175_grab2
19620,-998,-2718,8390,CD,3,D1_pwm175_grab2
19625,496,2044,10004,CD,3,D1_pwm175_grab2
19634,2516,2158,10650,CD,3,D1_pwm175_grab2
19639,-146,1554,11132,CD,3,D1_pwm175_grab2
19644,-3760,-682,12074,CD,3,D1_pwm175_grab2
19650,770,-1892,8758,CD,3,D1_pwm175_grab2
19654,2440,2048,10234,CD,3,D1_pwm175_grab2
19660,-1606,-5388,7580,CD,3,D1_pwm175_grab2
19664,-2582,384,9288,CD,3,D1_pwm175_grab2
19670,-282,1722,9858,CD,3,D1_pwm175_grab2
19675,-2840,-1798,10888,CD,3,D1_pwm175_grab2
19680,-3988,-3308,9574,CD,3,D1_pwm175_grab2
19685,596,-1818,8568,CD,3,D1_pwm175_grab2
19691,3070,3198,11206,CD,3,D1_pwm175_grab2
19696,2772,3006,11688,CD,3,D1_pwm175_grab2
19701,-1290,-2352,9302,CD,3,D1_pwm175_grab2
19706,-612,-224,10686,CD,3,D1_pwm175_grab2
19716,1474,992,12726,CD,3,D1_pwm175_grab2
19720,538,-3412,8692,CD,3,D1_pwm175_grab2
19726,-6442,-5082,9850,CD,3,D1_pwm175_grab2
19731,-1306,1516,9470,CD,3,D1_pwm175_grab2
19736,-26,2408,10814,CD,3,D1_pwm175_grab2
19740,-2210,-316,12030,CD,3,D1_pwm175_grab2
19745,1864,-736,9002,CD,3,D1_pwm175_grab2
19751,1920,1704,10586,CD,3,D1_pwm175_grab2
19756,4566,3608,11642,CD,3,D1_pwm175_grab2
19760,3202,884,11178,CD,3,D1_pwm175_grab2
19765,-882,-2924,9386,CD,3,D1_pwm175_grab2
19771,-1030,260,10234,CD,3,D1_pwm175_grab2
19780,-1874,-2366,9374,CD,3,D1_pwm175_grab2
19785,1068,-620,10536,CD,3,D1_pwm175_grab2
19795,2490,942,8870,CD,3,D1_pwm175_grab2
19800,-22,2076,11524,CD,3,D1_pwm175_grab2
19805,-7344,-1288,11190,CD,3,D1_pwm175_grab2
19810,-1522,-2892,8918,CD,3,D1_pwm175_grab2
19816,2324,1462,10394,CD,3,D1_pwm175_grab2
19820,3048,-4718,8310,CD,3,D1_pwm175_grab2
19826,-3278,-452,8802,CD,3,D1_pwm175_grab2
19830,130,896,9722,CD,3,D1_pwm175_grab2
19836,-2840,-1954,10176,CD,3,D1_pwm175_grab2
19841,9020,1018,7642,CD,3,D1_pwm175_grab2
19845,-1908,-1084,12344,CD,3,D1_pwm175_grab2
19850,88,-3026,9430,CD,3,D1_pwm175_grab2
19860,532,-1198,9088,CD,3,D1_pwm175_grab2
19866,-816,290,9966,CD,3,D1_pwm175_grab2
19870,9698,2776,9146,CD,3,D1_pwm175_grab2
19876,2862,1144,12394,CD,3,D1_pwm175_grab2
19881,1014,-2390,8564,CD,3,D1_pwm175_grab2
19885,8470,-2432,10412,CD,3,D1_pwm175_grab2
19891,-2798,-924,8928,CD,3,D1_pwm175_grab2
19895,-834,-1034,9408,CD,3,D1_pwm175_grab2
19901,-4680,-1934,9510,CD,3,D1_pwm175_grab2
19905,-4826,-3970,9270,CD,3,D1_pwm175_grab2
19910,1464,-544,9184,CD,3,D1_pwm175_grab2
19916,4500,3888,11874,CD,3,D1_pwm175_grab2
19920,2964,1544,11240,CD,3,D1_pwm175_grab2
19927,-814,-2766,9378,CD,3,D1_pwm175_grab2
19932,-1074,392,10544,CD,3,D1_pwm175_grab2
19942,-1974,-2088,10502,CD,3,D1_pwm175_grab2
19947,672,-1372,10112,CD,3,D1_pwm175_grab2
19956,2594,1140,9258,CD,3,D1_pwm175_grab2
19961,-690,874,10356,CD,3,D1_pwm175_grab2
19968,1470,790,9022,CD,3,D1_pwm175_grab2
19972,-2284,-2852,9304,CD,3,D1_pwm175_grab2
19976,2138,1036,10382,CD,3,D1_pwm175_grab2
19982,4990,-4724,9138,CD,3,D1_pwm175_grab2
19987,-3596,-848,8902,CD,3,D1_pwm175_grab2
19991,406,560,10146,CD,3,D1_pwm175_grab2
19996,-2938,-1688,9494,CD,3,D1_pwm175_grab2
20002,-1426,-3156,8764,CD,3,D1_pwm175_grab2
20006,-514,-2388,9290,CD,3,D1_pwm175_grab2
20012,-218,-3236,9168,CD,3,D1_pwm175_grab2
20021,2872,2430,10074,CD,3,D1_pwm175_grab2
20026,-610,508,10348,CD,3,D1_pwm175_grab2
20041,1136,-2168,8736,CD,3,D1_pwm175_grab2
20046,-2324,-5504,8500,CD,3,D1_pwm175_grab2
20051,-2786,794,9466,CD,3,D1_pwm175_grab2
20057,-1000,-1142,9276,CD,3,D1_pwm175_grab2
20062,-1034,-996,10280,CD,3,D1_pwm175_grab2
20066,-5084,-3956,9532,CD,3,D1_pwm175_grab2
20071,1000,-1000,9056,CD,3,D1_pwm175_grab2
20076,4804,3812,12420,CD,3,D1_pwm175_grab2
20081,2404,1798,11582,CD,3,D1_pwm175_grab2
20086,-766,-2724,9290,CD,3,D1_pwm175_grab2
20092,-1324,404,10700,CD,3,D1_pwm175_grab2
20097,3166,1338,8614,CD,3,D1_pwm175_grab2
20101,4042,272,10932,CD,3,D1_pwm175_grab2
20107,114,-4052,8698,CD,3,D1_pwm175_grab2
20112,-8436,-3814,11000,CD,3,D1_pwm175_grab2
20117,152,2382,9502,CD,3,D1_pwm175_grab2
20121,-386,2316,11580,CD,3,D1_pwm175_grab2
20126,-6600,-1572,10444,CD,3,D1_pwm175_grab2
20132,-2246,-2756,9608,CD,3,D1_pwm175_grab2
20137,1648,1158,10172,CD,3,D1_pwm175_grab2
20142,1390,2912,9722,CD,3,D1_pwm175_grab2
20147,1778,-212,11326,CD,3,D1_pwm175_grab2
20151,-1552,-2846,9006,CD,3,D1_pwm175_grab2
20156,-1196,-184,10656,CD,3,D1_pwm175_grab2
20166,-1854,-1196,12806,CD,3,D1_pwm175_grab2
20171,-450,-3358,9084,CD,3,D1_pwm175_grab2
20182,2868,2376,9970,CD,3,D1_pwm175_grab2
20188,-832,596,10456,CD,3,D1_pwm175_grab2
20197,3298,1168,12712,CD,3,D1_pwm175_grab2
20203,1060,-2170,8776,CD,3,D1_pwm175_grab2
20207,-2076,-5468,8548,CD,3,D1_pwm175_grab2
20212,-2680,924,9148,CD,3,D1_pwm175_grab2
20217,130,2044,10564,CD,3,D1_pwm175_grab2
20224,-3560,-1748,10114,CD,3,D1_pwm175_grab2
20227,-4922,-3714,9810,CD,3,D1_pwm175_grab2
20232,344,-962,8972,CD,3,D1_pwm175_grab2
20238,5038,3514,13094,CD,3,D1_pwm175_grab2
20242,2478,1964,11542,CD,3,D1_pwm175_grab2
20247,-882,-2884,9048,CD,3,D1_pwm175_grab2
20252,-1226,462,10698,CD,3,D1_pwm175_grab2
20263,210,554,13060,CD,3,D1_pwm175_grab2
20268,32,-3990,8682,CD,3,D1_pwm175_grab2
20277,292,2600,9478,CD,3,D1_pwm175_grab2
20283,-620,2186,11586,CD,3,D1_pwm175_grab2
20287,-6644,-1820,10714,CD,3,D1_pwm175_grab2
20293,-1974,-2714,9548,CD,3,D1_pwm175_grab2
20297,1854,1556,10014,CD,3,D1_pwm175_grab2
20302,5894,1856,11306,CD,3,D1_pwm175_grab2
20307,-3676,-598,8710,CD,3,D1_pwm175_grab2
20313,-1412,-2576,9182,CD,3,D1_pwm175_grab2
20318,-992,-178,10330,CD,3,D1_pwm175_grab2
20328,-1660,-1366,12942,CD,3,D1_pwm175_grab2
20333,-566,-3376,9222,CD,3,D1_pwm175_grab2
20342,2796,2186,10204,CD,3,D1_pwm175_grab2
20348,-1034,494,10472,CD,3,D1_pwm175_grab2
20352,-3140,-396,12006,CD,3,D1_pwm175_grab2
20357,1324,-1280,8546,CD,3,D1_pwm175_grab2
20362,2880,1808,10132,CD,3,D1_pwm175_grab2
20367,7214,-2422,10108,CD,3,D1_pwm175_grab2
20372,-1738,-1048,8978,CD,3,D1_pwm175_grab2
20378,-386,-930,9924,CD,3,D1_pwm175_grab2
20383,-1140,-884,9506,CD,3,D1_pwm175_grab2
20387,-4686,-3526,9618,CD,3,D1_pwm175_grab2
20393,520,-508,9060,CD,3,D1_pwm175_grab2
20398,1188,-384,10502,CD,3,D1_pwm175_grab2
20403,-4598,3622,13362,CD,3,D1_pwm175_grab2
20408,2200,834,9286,CD,3,D1_pwm175_grab2
20412,-410,690,10434,CD,3,D1_pwm175_grab2
20417,3586,1666,8658,CD,3,D1_pwm175_grab2
20423,3874,336,11500,CD,3,D1_pwm175_grab2
20427,132,-4140,8504,CD,3,D1_pwm175_grab2
20432,-8686,-3620,10648,CD,3,D1_pwm175_grab2
20439,116,2388,9670,CD,3,D1_pwm175_grab2
20444,-560,2118,10952,CD,3,D1_pwm175_grab2
20449,-6534,-1838,10512,CD,3,D1_pwm175_grab2
20454,-2374,-2836,9498,CD,3,D1_pwm175_grab2
20458,2128,1880,10116,CD,3,D1_pwm175_grab2
20463,5426,1882,10954,CD,3,D1_pwm175_grab2
20469,-3388,-314,8598,CD,3,D1_pwm175_grab2
20474,-324,378,9576,CD,3,D1_pwm175_grab2
20478,-2146,-1650,10342,CD,3,D1_pwm175_grab2
20493,-462,-3550,9006,CD,3,D1_pwm175_grab2
20504,2342,2366,10562,CD,3,D1_pwm175_grab2
20509,-872,476,10442,CD,3,D1_pwm175_grab2
20513,7204,2096,9246,CD,3,D1_pwm175_grab2
20518,3738,678,11678,CD,3,D1_pwm175_grab2
20523,2976,1830,10520,CD,3,D1_pwm175_grab2
20528,6572,-1444,10050,CD,3,D1_pwm175_grab2
20533,-1400,-1280,9232,CD,3,D1_pwm175_grab2
20539,-740,-1334,9752,CD,3,D1_pwm175_grab2
20543,-130,-710,9994,CD,3,D1_pwm175_grab2
20549,-4232,-3440,9234,CD,3,D1_pwm175_grab2
20554,586,-464,9140,CD,3,D1_pwm175_grab2
20558,3862,3278,12044,CD,3,D1_pwm175_grab2
20564,2576,2208,11200,CD,3,D1_pwm175_grab2
20568,2446,1188,9542,CD,3,D1_pwm175_grab2
20573,-786,670,10582,CD,3,D1_pwm175_grab2
20578,2488,1188,9532,CD,3,D1_pwm175_grab2
20584,3384,412,10664,CD,3,D1_pwm175_grab2
20588,248,-4158,8102,CD,3,D1_pwm175_grab2
20599,-620,2410,9620,CD,3,D1_pwm175_grab2
20603,168,2072,11014,CD,3,D1_pwm175_grab2
20609,-2190,-1726,10420,CD,3,D1_pwm175_grab2
20614,-1612,-2710,9500,CD,3,D1_pwm175_grab2
20618,-1270,-1602,8728,CD,3,D1_pwm175_grab2
20624,898,2842,10070,CD,3,D1_pwm175_grab2
20633,-1226,-2836,9206,CD,3,D1_pwm175_grab2
20638,-1010,446,10390,CD,3,D1_pwm175_grab2
20653,928,-2636,8394,CD,3,D1_pwm175_grab2
20659,-2772,-5638,8300,CD,3,D1_pwm175_grab2
20664,-2052,1474,9504,CD,3,D1_pwm175_grab2
20669,-90,2136,10602,CD,3,D1_pwm175_grab2
20673,-5836,-658,12068,CD,3,D1_pwm175_grab2
20678,-226,-1896,8590,CD,3,D1_pwm175_grab2
20683,2782,1580,10948,CD,3,D1_pwm175_grab2
20694,-608,-1134,9818,CD,3,D1_pwm175_grab2
20699,-982,-1652,9606,CD,3,D1_pwm175_grab2
20704,316,-470,10566,CD,3,D1_pwm175_grab2
20714,264,-428,9350,CD,3,D1_pwm175_grab2
20720,2814,3434,10876,CD,3,D1_pwm175_grab2
20725,1998,2316,11224,CD,3,D1_pwm175_grab2
20730,-88,-2480,9034,CD,3,D1_pwm175_grab2
20734,-782,722,10070,CD,3,D1_pwm175_grab2
20739,626,560,10814,CD,3,D1_pwm175_grab2
20744,2740,98,9596,CD,3,D1_pwm175_grab2
20749,2284,-58,9786,CD,3,D1_pwm175_grab2
20754,-5360,-4270,10222,CD,3,D1_pwm175_grab2
20760,-1538,2276,9642,CD,3,D1_pwm175_grab2
20764,352,1954,10880,CD,3,D1_pwm175_grab2
20769,-5440,-1524,9160,CD,3,D1_pwm175_grab2
20774,-4440,-3396,9662,CD,3,D1_pwm175_grab2
20779,-1590,-1690,8704,CD,3,D1_pwm175_grab2
20784,716,2122,10576,CD,3,D1_pwm175_grab2
20790,-2286,2958,13406,CD,3,D1_pwm175_grab2
20795,-1018,-3010,9126,CD,3,D1_pwm175_grab2
20799,-1210,724,10862,CD,3,D1_pwm175_grab2
20810,-448,-942,13332,CD,3,D1_pwm175_grab2
20814,-402,-3850,8738,CD,3,D1_pwm175_grab2
20824,-2258,818,9674,CD,3,D1_pwm175_grab2
20830,62,1934,9900,CD,3,D1_pwm175_grab2
20840,-1198,-2274,9152,CD,3,D1_pwm175_grab2
20844,2250,1752,11212,CD,3,D1_pwm175_grab2
20854,776,-896,10914,CD,3,D1_pwm175_grab2
20859,-1318,-2110,9224,CD,3,D1_pwm175_grab2
20864,-892,730,9922,CD,3,D1_pwm175_grab2
20874,-1862,-2342,11668,CD,3,D1_pwm175_grab2
20879,-322,-1976,9956,CD,3,D1_pwm175_grab2
20889,2804,1926,10158,CD,3,D1_pwm175_grab2
20895,-838,608,11226,CD,3,D1_pwm175_grab2
20899,-2366,176,12170,CD,3,D1_pwm175_grab2
20905,1650,-712,9034,CD,3,D1_pwm175_grab2
20909,1674,1730,10106,CD,3,D1_pwm175_grab2
20920,-1500,-398,8782,CD,3,D1_pwm175_grab2
20924,-1090,-238,9432,CD,3,D1_pwm175_grab2
20929,-796,-1292,10428,CD,3,D1_pwm175_grab2
20935,4232,-916,9484,CD,3,D1_pwm175_grab2
20939,-1804,-2106,9298,CD,3,D1_pwm175_grab2
20944,1036,424,11248,CD,3,D1_pwm175_grab2
20951,-5014,3212,13528,CD,3,D1_pwm175_grab2
20956,-738,-2980,9044,CD,3,D1_pwm175_grab2
20960,-1270,940,10694,CD,3,D1_pwm175_grab2
20970,636,-332,12712,CD,3,D1_pwm175_grab2
20976,-254,-3942,8466,CD,3,D1_pwm175_grab2
20986,-364,2766,9468,CD,3,D1_pwm175_grab2
20990,-668,1736,11214,CD,3,D1_pwm175_grab2
20996,-5948,-1524,9626,CD,3,D1_pwm175_grab2
21001,-2784,-2776,10086,CD,3,D1_pwm175_grab2
21005,1418,1812,10680,CD,3,D1_pwm175_grab2
21016,2220,-544,11460,CD,3,D1_pwm175_grab2
21020,-1376,-2566,8888,CD,3,D1_pwm175_grab2
21025,-1194,204,10506,CD,3,D1_pwm175_grab2
21035,-1026,-1882,12580,CD,3,D1_pwm175_grab2
21041,-504,-3130,9274,CD,3,D1_pwm175_grab2
21051,2210,2164,10262,CD,3,D1_pwm175_grab2
21055,-828,736,10966,CD,3,D1_pwm175_grab2
21060,-6092,-510,12194,CD,3,D1_pwm175_grab2
21066,396,-1708,8584,CD,3,D1_pwm175_grab2
21070,2910,1534,10692,CD,3,D1_pwm175_grab2
21075,-142,-5462,7068,CD,3,D1_pwm175_grab2
21081,280,-964,9836,CD,3,D1_pwm175_grab2
21086,-1006,-1002,9564,CD,3,D1_pwm175_grab2
21090,132,-854,10520,CD,3,D1_pwm175_grab2
21100,-1774,-2112,10664,CD,3,D1_pwm175_grab2
21105,32,-898,10612,CD,3,D1_pwm175_grab2
21115,70,-2420,8874,CD,3,D1_pwm175_grab2
21120,-202,566,10598,CD,3,D1_pwm175_grab2
21125,-94,806,10856,CD,3,D1_pwm175_grab2
21131,2714,-314,10008,CD,3,D1_pwm175_grab2
21136,3012,-272,9106,CD,3,D1_pwm175_grab2
21146,-3084,-356,9018,CD,3,D1_pwm175_grab2
21151,-30,318,10080,CD,3,D1_pwm175_grab2
21156,-4604,-1542,9612,CD,3,D1_pwm175_grab2
21160,-3984,-3122,10084,CD,3,D1_pwm175_grab2
21166,-1258,-1306,9648,CD,3,D1_pwm175_grab2
21171,824,2374,10730,CD,3,D1_pwm175_grab2
21175,-2122,2780,13088,CD,3,D1_pwm175_grab2
21181,1562,-570,8906,CD,3,D1_pwm175_grab2
21186,-528,852,10428,CD,3,D1_pwm175_grab2
21191,6778,2032,8820,CD,3,D1_pwm175_grab2
21195,3618,282,12164,CD,3,D1_pwm175_grab2
21200,-374,-3866,8736,CD,3,D1_pwm175_grab2
21212,960,2456,10066,CD,3,D1_pwm175_grab2
21217,-366,1076,10858,CD,3,D1_pwm175_grab2
21221,-7540,-782,11384,CD,3,D1_pwm175_grab2
21227,-816,-2292,9052,CD,3,D1_pwm175_grab2
21231,2862,1970,11002,CD,3,D1_pwm175_grab2
21236,2086,-5256,7572,CD,3,D1_pwm175_grab2
21241,-3226,660,9040,CD,3,D1_pwm175_grab2
21246,-246,1290,9834,CD,3,D1_pwm175_grab2
21252,-352,-406,10462,CD,3,D1_pwm175_grab2
21256,9228,668,7494,CD,3,D1_pwm175_grab2
21261,-1454,-2124,11866,CD,3,D1_pwm175_grab2
21266,-360,-1746,10016,CD,3,D1_pwm175_grab2
21277,2688,1920,10526,CD,3,D1_pwm175_grab2
21281,-856,686,10158,CD,3,D1_pwm175_grab2
21291,1456,-580,9332,CD,3,D1_pwm175_grab2
21297,3144,244,10064,CD,3,D1_pwm175_grab2
21301,7734,-3846,9740,CD,3,D1_pwm175_grab2
21306,-2512,-572,8848,CD,3,D1_pwm175_grab2
21312,-614,-274,9792,CD,3,D1_pwm175_grab2
21316,-1428,-1354,9842,CD,3,D1_pwm175_grab2
21322,-4130,-3288,9974,CD,3,D1_pwm175_grab2
21326,1240,1650,10018,CD,3,D1_pwm175_grab2
21332,4426,3182,11834,CD,3,D1_pwm175_grab2
21336,-4334,2812,13658,CD,3,D1_pwm175_grab2
21341,1966,-102,9098,CD,3,D1_pwm175_grab2
21346,-922,680,10520,CD,3,D1_pwm175_grab2
21351,4434,1512,9162,CD,3,D1_pwm175_grab2
21356,3688,396,11396,CD,3,D1_pwm175_grab2
21361,-194,-4208,8344,CD,3,D1_pwm175_grab2
21367,-8146,-2112,11370,CD,3,D1_pwm175_grab2
21372,-102,2716,9942,CD,3,D1_pwm175_grab2
21376,-60,1328,10096,CD,3,D1_pwm175_grab2
21381,-2050,-2010,10992,CD,3,D1_pwm175_grab2
21387,-3066,-2604,9920,CD,3,D1_pwm175_grab2
21391,-956,-38,9226,CD,3,D1_pwm175_grab2
21397,2048,3314,10384,CD,3,D1_pwm175_grab2
21401,1672,-916,11124,CD,3,D1_pwm175_grab2
21407,-966,-2358,9328,CD,3,D1_pwm175_grab2
21411,-1172,50,10468,CD,3,D1_pwm175_grab2
21421,2742,-150,11482,CD,3,D1_pwm175_grab2
21427,484,-3346,8248,CD,3,D1_pwm175_grab2
21432,-4164,-4752,9690,CD,3,D1_pwm175_grab2
21437,-1534,2004,9636,CD,3,D1_pwm175_grab2
21441,-472,790,11110,CD,3,D1_pwm175_grab2
21446,-3996,18,12624,CD,3,D1_pwm175_grab2
21452,426,-1204,8706,CD,3,D1_pwm175_grab2
21456,2928,826,10908,CD,3,D1_pwm175_grab2
21467,-1268,-556,9318,CD,3,D1_pwm175_grab2
21472,-970,-1016,9746,CD,3,D1_pwm175_grab2
21478,78,-974,10578,CD,3,D1_pwm175_grab2
21483,-4352,-3364,9534,CD,3,D1_pwm175_grab2
21487,708,1278,10108,CD,3,D1_pwm175_grab2
21493,4032,3432,11576,CD,3,D1_pwm175_grab2
21498,2290,1068,10480,CD,3,D1_pwm175_grab2
21504,-28,-2504,9106,CD,3,D1_pwm175_grab2
21508,-758,626,10856,CD,3,D1_pwm175_grab2
21512,1354,782,10256,CD,3,D1_pwm175_grab2
21517,3156,48,10070,CD,3,D1_pwm175_grab2
21522,54,-4060,8314,CD,3,D1_pwm175_grab2
21532,-1292,2488,9746,CD,3,D1_pwm175_grab2
21538,4,1530,10782,CD,3,D1_pwm175_grab2
21548,-388,-1942,9956,CD,3,D1_pwm175_grab2
21552,-1406,-688,9058,CD,3,D1_pwm175_grab2
21558,508,2612,10382,CD,3,D1_pwm175_grab2
21563,1994,-486,10934,CD,3,D1_pwm175_grab2
21567,-810,-2784,9246,CD,3,D1_pwm175_grab2
21572,-1374,542,10634,CD,3,D1_pwm175_grab2
21583,-610,-1826,12704,CD,3,D1_pwm175_grab2
21587,-600,-3418,8990,CD,3,D1_pwm175_grab2
21592,-1892,-5378,7704,CD,3,D1_pwm175_grab2
21597,-2240,1156,9912,CD,3,D1_pwm175_grab2
21603,-726,1170,11358,CD,3,D1_pwm175_grab2
21612,-638,-1972,9020,CD,3,D1_pwm175_grab2
21617,2378,1616,11434,CD,3,D1_pwm175_grab2
21627,648,-452,10828,CD,3,D1_pwm175_grab2
21632,8,-2470,9088,CD,3,D1_pwm175_grab2
21637,-798,902,10018,CD,3,D1_pwm175_grab2
21648,-1748,-2582,10668,CD,3,D1_pwm175_grab2
21652,-424,-1066,10516,CD,3,D1_pwm175_grab2
21662,2780,1392,10176,CD,3,D1_pwm175_grab2
21667,-656,488,11010,CD,3,D1_pwm175_grab2
21672,-1738,290,12342,CD,3,D1_pwm175_grab2
21677,-3684,-3230,9468,CD,3,D1_pwm175_grab2
21683,2702,60,9728,CD,3,D1_pwm175_grab2
21693,-1358,50,8630,CD,3,D1_pwm175_grab2
21697,-1080,-34,9576,CD,3,D1_pwm175_grab2
21703,-1378,-1466,9900,CD,3,D1_pwm175_grab2
21708,3332,-874,9802,CD,3,D1_pwm175_grab2
21712,-1626,-1418,9250,CD,3,D1_pwm175_grab2
21718,1098,930,11522,CD,3,D1_pwm175_grab2
21723,2328,752,10650,CD,3,D1_pwm175_grab2
21728,-568,-2758,9092,CD,3,D1_pwm175_grab2
21733,-1238,884,10568,CD,3,D1_pwm175_grab2
21743,562,-960,12426,CD,3,D1_pwm175_grab2
21748,-234,-3868,8748,CD,3,D1_pwm175_grab2
21758,-402,2464,9472,CD,3,D1_pwm175_grab2
21763,-836,1372,10990,CD,3,D1_pwm175_grab2
21768,-5708,-836,9522,CD,3,D1_pwm175_grab2
21773,-2868,-2886,9822,CD,3,D1_pwm175_grab2
21779,1610,1946,10572,CD,3,D1_pwm175_grab2
21783,5716,1214,10944,CD,3,D1_pwm175_grab2
21788,2466,-532,11104,CD,3,D1_pwm175_grab2
21794,-1296,-2268,8984,CD,3,D1_pwm175_grab2
21798,-1198,198,10514,CD,3,D1_pwm175_grab2
21809,-852,-2144,12148,CD,3,D1_pwm175_grab2
21814,-476,-3300,9122,CD,3,D1_pwm175_grab2
21823,1666,2046,10248,CD,3,D1_pwm175_grab2
21828,-708,764,10712,CD,3,D1_pwm175_grab2
21833,-6954,-618,11974,CD,3,D1_pwm175_grab2
21838,34,-1962,8760,CD,3,D1_pwm175_grab2
21843,3082,1646,10960,CD,3,D1_pwm175_grab2
21849,5646,-1304,9700,CD,3,D1_pwm175_grab2
21854,1112,-562,10504,CD,3,D1_pwm175_grab2
21859,-998,-1192,9618,CD,3,D1_pwm175_grab2
21863,-212,-1038,10638,CD,3,D1_pwm175_grab2
21874,-1428,-1996,10964,CD,3,D1_pwm175_grab2
21879,-374,-1304,10308,CD,3,D1_pwm175_grab2
21888,2504,1370,10522,CD,3,D1_pwm175_grab2
21894,-4,598,10816,CD,3,D1_pwm175_grab2
21898,-1858,364,12578,CD,3,D1_pwm175_grab2
21904,1446,-916,9344,CD,3,D1_pwm175_grab2
21908,3216,286,9904,CD,3,D1_pwm175_grab2
21918,-1650,-64,9124,CD,3,D1_pwm175_grab2
21923,-736,-250,9824,CD,3,D1_pwm175_grab2
21928,-3518,-1412,10304,CD,3,D1_pwm175_grab2
21934,3466,-682,9794,CD,3,D1_pwm175_grab2
21939,-1388,-1656,9686,CD,3,D1_pwm175_grab2
21943,1218,1100,11436,CD,3,D1_pwm175_grab2
21953,2130,224,9692,CD,3,D1_pwm175_grab2
21958,-678,732,10604,CD,3,D1_pwm175_grab2
21964,2842,824,9686,CD,3,D1_pwm175_grab2
21968,904,-700,12482,CD,3,D1_pwm175_grab2
21975,84,-4294,8264,CD,3,D1_pwm175_grab2
21980,-6860,-2416,11282,CD,3,D1_pwm175_grab2
21985,-602,2320,9678,CD,3,D1_pwm175_grab2
21990,86,1450,10388,CD,3,D1_pwm175_grab2
21994,-5746,-722,9404,CD,3,D1_pwm175_grab2
21999,-2916,-3058,9670,CD,3,D1_pwm175_grab2
22004,2116,2216,10530,CD,3,D1_pwm175_grab2
22009,8186,-4122,10126,CD,3,D1_pwm175_grab2
22016,-1576,592,8668,CD,3,D1_pwm175_grab2
22020,-720,-2402,9328,CD,3,D1_pwm175_grab2
22024,-1006,508,10484,CD,3,D1_pwm175_grab2
22039,-334,-3658,8860,CD,3,D1_pwm175_grab2
22050,2154,-136,9386,CD,3,D1_pwm175_grab2
22054,-740,632,10416,CD,3,D1_pwm175_grab2
22059,-7432,-332,11046,CD,3,D1_pwm175_grab2
22064,-1484,-2600,8626,CD,3,D1_pwm175_grab2
22070,2602,1694,11408,CD,3,D1_pwm175_grab2
22074,5716,36,9502,CD,3,D1_pwm175_grab2
22079,1076,-558,10882,CD,3,D1_pwm175_grab2
22084,-922,-1866,9322,CD,3,D1_pwm175_grab2
22090,-2518,-2044,10178,CD,3,D1_pwm175_grab2
22095,-1000,-1864,10188,CD,3,D1_pwm175_grab2
22099,-592,-508,9526,CD,3,D1_pwm175_grab2
22105,-534,-2024,9636,CD,3,D1_pwm175_grab2
22114,2268,1544,10522,CD,3,D1_pwm175_grab2
22120,-404,646,11180,CD,3,D1_pwm175_grab2
22124,-3612,16,12672,CD,3,D1_pwm175_grab2
22129,3082,100,11720,CD,3,D1_pwm175_grab2
22134,1312,-3098,7920,CD,3,D1_pwm175_grab2
22139,-1346,-4208,8042,CD,3,D1_pwm175_grab2
22144,-798,220,9714,CD,3,D1_pwm175_grab2
22149,-1228,-854,9810,CD,3,D1_pwm175_grab2
22154,186,-1288,10690,CD,3,D1_pwm175_grab2
22159,4950,134,9242,CD,3,D1_pwm175_grab2
22165,-1894,-2342,9400,CD,3,D1_pwm175_grab2
22169,3470,3260,11192,CD,3,D1_pwm175_grab2
22174,1992,796,10484,CD,3,D1_pwm175_grab2
22180,334,-2126,9150,CD,3,D1_pwm175_grab2
22184,-888,1084,10278,CD,3,D1_pwm175_grab2
22189,308,292,11098,CD,3,D1_pwm175_grab2
22195,2564,-250,10010,CD,3,D1_pwm175_grab2
22200,2310,-530,9402,CD,3,D1_pwm175_grab2
22210,-1668,2218,9958,CD,3,D1_pwm175_grab2
22214,-82,1606,10352,CD,3,D1_pwm175_grab2
22219,-4764,-642,8866,CD,3,D1_pwm175_grab2
22225,-4426,-3396,9994,CD,3,D1_pwm175_grab2
22230,1160,1416,10028,CD,3,D1_pwm175_grab2
22236,4984,2586,11590,CD,3,D1_pwm175_grab2
22241,2300,-74,10500,CD,3,D1_pwm175_grab2
22245,-606,-2630,9302,CD,3,D1_pwm175_grab2
22251,-864,-1450,10124,CD,3,D1_pwm175_grab2
22256,4766,-264,9796,CD,3,D1_pwm175_grab2
22261,-1484,-1760,9756,CD,3,D1_pwm175_grab2
22266,810,480,11128,CD,3,D1_pwm175_grab2
22276,208,2188,9634,CD,3,D1_pwm175_grab2
22281,-792,1194,11252,CD,3,D1_pwm175_grab2
22285,-6838,-670,10060,CD,3,D1_pwm175_grab2
22290,2880,-118,10838,CD,3,D1_pwm175_grab2
22295,2502,-860,9030,CD,3,D1_pwm175_grab2
22301,5858,-4236,9192,CD,3,D1_pwm175_grab2
22305,-3126,750,9144,CD,3,D1_pwm175_grab2
22311,-592,734,9814,CD,3,D1_pwm175_grab2
22316,-1098,-44,10558,CD,3,D1_pwm175_grab2
3005,-1322,-264,9806,CD,0,D1_pwm175_grab3
3010,-816,-1236,9510,CD,0,D1_pwm175_grab3
3015,-1390,336,11286,CD,0,D1_pwm175_grab3
3020,4800,-1102,8880,CD,0,D1_pwm175_grab3
3024,-1674,-2974,10016,CD,0,D1_pwm175_grab3
3030,4788,3586,12784,CD,0,D1_pwm175_grab3
3035,1948,1808,11288,CD,0,D1_pwm175_grab3
3040,-48,-2262,8906,CD,0,D1_pwm175_grab3
3045,-1420,538,10544,CD,0,D1_pwm175_grab3
3055,376,1050,12866,CD,0,D1_pwm175_grab3
3060,474,-4268,8140,CD,0,D1_pwm175_grab3
3065,-6902,-3554,11224,CD,0,D1_pwm175_grab3
3070,2458,1616,9904,CD,0,D1_pwm175_grab3
3075,-386,1940,11126,CD,0,D1_pwm175_grab3
3080,-5414,-2704,10170,CD,0,D1_pwm175_grab3
3085,-2138,-3496,9200,CD,0,D1_pwm175_grab3
3091,962,1194,10246,CD,0,D1_pwm175_grab3
3095,6304,2056,11310,CD,0,D1_pwm175_grab3
3101,2122,346,12086,CD,0,D1_pwm175_grab3
3106,-934,-2766,8978,CD,0,D1_pwm175_grab3
3111,-2546,-282,9818,CD,0,D1_pwm175_grab3
3120,-1176,-1390,13204,CD,0,D1_pwm175_grab3
3125,-642,-4374,8310,CD,0,D1_pwm175_grab3
3136,2016,2146,9626,CD,0,D1_pwm175_grab3
3140,-628,1314,11258,CD,0,D1_pwm175_grab3
3146,-4066,-1884,11224,CD,0,D1_pwm175_grab3
3150,3000,1432,12462,CD,0,D1_pwm175_grab3
3155,1972,-1160,8834,CD,0,D1_pwm175_grab3
3161,6566,-1546,10386,CD,0,D1_pwm175_grab3
3165,-120,-486,10354,CD,0,D1_pwm175_grab3
3170,-520,-1480,9764,CD,0,D1_pwm175_grab3
3175,-988,428,11206,CD,0,D1_pwm175_grab3
3180,5944,-302,8446,CD,0,D1_pwm175_grab3
3185,-1596,-2650,11154,CD,0,D1_pwm175_grab3
3190,4244,3042,12364,CD,0,D1_pwm175_grab3
3196,1300,2266,11310,CD,0,D1_pwm175_grab3
3200,2400,1192,9482,CD,0,D1_pwm175_grab3
3205,-386,556,10300,CD,0,D1_pwm175_grab3
3210,2022,714,9878,CD,0,D1_pwm175_grab3
3216,2452,432,10340,CD,0,D1_pwm175_grab3
3220,2752,1534,9614,CD,0,D1_pwm175_grab3
3225,6196,-4428,9076,CD,0,D1_pwm175_grab3
3230,-736,1970,8806,CD,0,D1_pwm175_grab3
3235,-592,1948,11000,CD,0,D1_pwm175_grab3
3240,-4938,-2962,10364,CD,0,D1_pwm175_grab3
3245,410,-3666,8684,CD,0,D1_pwm175_grab3
3250,-1120,-2366,9766,CD,0,D1_pwm175_grab3
3255,378,2106,9816,CD,0,D1_pwm175_grab3
3260,-1166,2664,12462,CD,0,D1_pwm175_grab3
3265,1242,-582,9008,CD,0,D1_pwm175_grab3
3270,-1436,928,10616,CD,0,D1_pwm175_grab3
3281,-982,-1192,13380,CD,0,D1_pwm175_grab3
3286,-474,-4722,8150,CD,0,D1_pwm175_grab3
3297,1710,1986,9826,CD,0,D1_pwm175_grab3
3301,-434,1460,10826,CD,0,D1_pwm175_grab3
3306,-4484,-2106,11220,CD,0,D1_pwm175_grab3
3311,3234,1370,11796,CD,0,D1_pwm175_grab3
3317,1940,-800,8884,CD,0,D1_pwm175_grab3
3322,34,-5032,7090,CD,0,D1_pwm175_grab3
3328,-2750,740,9676,CD,0,D1_pwm175_grab3
3332,-604,-1598,9768,CD,0,D1_pwm175_grab3
3337,-542,544,10844,CD,0,D1_pwm175_grab3
3341,5720,-612,8488,CD,0,D1_pwm175_grab3
3346,-1824,-2510,11494,CD,0,D1_pwm175_grab3
3352,4050,2976,12122,CD,0,D1_pwm175_grab3
3356,1896,2296,11154,CD,0,D1_pwm175_grab3
3361,54,-2112,8486,CD,0,D1_pwm175_grab3
3366,-1180,540,10262,CD,0,D1_pwm175_grab3
3371,3022,1186,10230,CD,0,D1_pwm175_grab3
3376,2750,742,10866,CD,0,D1_pwm175_grab3
3382,2828,894,9570,CD,0,D1_pwm175_grab3
3386,5574,-4506,8484,CD,0,D1_pwm175_grab3
3391,-510,1936,9036,CD,0,D1_pwm175_grab3
3396,-466,1956,10688,CD,0,D1_pwm175_grab3
3402,-5624,-3306,10212,CD,0,D1_pwm175_grab3
3406,-2190,-3530,8790,CD,0,D1_pwm175_grab3
3411,1532,1884,10238,CD,0,D1_pwm175_grab3
3416,778,2608,10298,CD,0,D1_pwm175_grab3
3421,-678,2456,12466,CD,0,D1_pwm175_grab3
3427,982,-986,8892,CD,0,D1_pwm175_grab3
3431,-1260,1268,10566,CD,0,D1_pwm175_grab3
3441,-1106,-1598,13502,CD,0,D1_pwm175_grab3
3446,-590,-4458,8232,CD,0,D1_pwm175_grab3
3456,-2146,1540,9298,CD,0,D1_pwm175_grab3
3461,-72,1868,10730,CD,0,D1_pwm175_grab3
3466,-3884,-2702,9966,CD,0,D1_pwm175_grab3
3471,-3416,-4188,8764,CD,0,D1_pwm175_grab3
3476,2866,2468,10770,CD,0,D1_pwm175_grab3
3481,6928,-2230,9750,CD,0,D1_pwm175_grab3
3486,-1634,-560,10076,CD,0,D1_pwm175_grab3
3491,-678,-1210,9724,CD,0,D1_pwm175_grab3
3497,-684,468,10722,CD,0,D1_pwm175_grab3
3506,-282,-546,12802,CD,0,D1_pwm175_grab3
3512,-352,-4692,8068,CD,0,D1_pwm175_grab3
3517,-5640,2666,13890,CD,0,D1_pwm175_grab3
3521,2116,770,9308,CD,0,D1_pwm175_grab3
3526,-608,274,10372,CD,0,D1_pwm175_grab3
3531,4430,1846,9438,CD,0,D1_pwm175_grab3
3537,3116,1346,11468,CD,0,D1_pwm175_grab3
3543,2466,-400,9264,CD,0,D1_pwm175_grab3
3547,2906,-4662,7374,CD,0,D1_pwm175_grab3
3553,-182,2322,9410,CD,0,D1_pwm175_grab3
3557,72,1576,11026,CD,0,D1_pwm175_grab3
3562,-6776,-3206,10092,CD,0,D1_pwm175_grab3
3568,-1632,-3194,8626,CD,0,D1_pwm175_grab3
3572,1822,2542,11040,CD,0,D1_pwm175_grab3
3577,5882,1004,10404,CD,0,D1_pwm175_grab3
3584,1432,-250,11800,CD,0,D1_pwm175_grab3
3588,564,-1744,8568,CD,0,D1_pwm175_grab3
3593,-1058,552,10224,CD,0,D1_pwm175_grab3
3597,9716,1466,7562,CD,0,D1_pwm175_grab3
3602,-1312,-2176,12996,CD,0,D1_pwm175_grab3
3608,-788,-3606,8820,CD,0,D1_pwm175_grab3
3617,2172,2170,10254,CD,0,D1_pwm175_grab3
3623,-326,548,10850,CD,0,D1_pwm175_grab3
3627,-4336,-3178,9792,CD,0,D1_pwm175_grab3
3633,-3252,-3944,8788,CD,0,D1_pwm175_grab3
3637,3064,1752,11116,CD,0,D1_pwm175_grab3
3642,7704,-2850,9544,CD,0,D1_pwm175_grab3
3648,-2012,-404,10070,CD,0,D1_pwm175_grab3
3652,-680,-868,9784,CD,0,D1_pwm175_grab3
3657,-902,414,10836,CD,0,D1_pwm175_grab3
3662,3366,-2036,8420,CD,0,D1_pwm175_grab3
3667,-2056,-2872,9726,CD,0,D1_pwm175_grab3
3673,-362,-4822,7852,CD,0,D1_pwm175_grab3
3678,-5600,2648,13630,CD,0,D1_pwm175_grab3
3682,2124,230,8898,CD,0,D1_pwm175_grab3
3688,-704,150,10390,CD,0,D1_pwm175_grab3
3693,4068,1946,9678,CD,0,D1_pwm175_grab3
3697,3146,1222,10824,CD,0,D1_pwm175_grab3
3702,2232,-756,8960,CD,0,D1_pwm175_grab3
3707,2878,-4646,7390,CD,0,D1_pwm175_grab3
3713,854,-396,11556,CD,0,D1_pwm175_grab3
3717,-288,1128,9984,CD,0,D1_pwm175_grab3
3722,-2970,-1948,11062,CD,0,D1_pwm175_grab3
3728,-1222,-3852,8746,CD,0,D1_pwm175_grab3
3732,-1130,-1082,9274,CD,0,D1_pwm175_grab3
3738,1282,3164,10544,CD,0,D1_pwm175_grab3
3743,242,2198,11872,CD,0,D1_pwm175_grab3
3747,652,-1834,8456,CD,0,D1_pwm175_grab3
3752,-928,438,9986,CD,0,D1_pwm175_grab3
3762,2626,456,11926,CD,0,D1_pwm175_grab3
3767,718,-3450,7562,CD,0,D1_pwm175_grab3
3772,-4242,-4342,9520,CD,0,D1_pwm175_grab3
3777,-1558,1808,9520,CD,0,D1_pwm175_grab3
3782,-180,1954,10562,CD,0,D1_pwm175_grab3
3787,-4586,-3362,9874,CD,0,D1_pwm175_grab3
3792,-3226,-3978,8580,CD,0,D1_pwm175_grab3
3799,2644,1766,11440,CD,0,D1_pwm175_grab3
3808,-1360,-180,10252,CD,0,D1_pwm175_grab3
3814,-918,-948,9636,CD,0,D1_pwm175_grab3
3818,-584,496,11102,CD,0,D1_pwm175_grab3
3824,4172,-1564,8434,CD,0,D1_pwm175_grab3
3829,-1994,-2866,9938,CD,0,D1_pwm175_grab3
3833,510,246,11102,CD,0,D1_pwm175_grab3
3838,1520,874,10570,CD,0,D1_pwm175_grab3
3843,2290,362,8764,CD,0,D1_pwm175_grab3
3849,-724,-26,10440,CD,0,D1_pwm175_grab3
3854,2828,1798,10084,CD,0,D1_pwm175_grab3
3859,3208,994,10650,CD,0,D1_pwm175_grab3
3864,2334,-630,8764,CD,0,D1_pwm175_grab3
3869,3860,-4998,7886,CD,0,D1_pwm175_grab3
3874,-2582,610,10002,CD,0,D1_pwm175_grab3
3878,-210,1466,10988,CD,0,D1_pwm175_grab3
3883,-3114,-1880,10808,CD,0,D1_pwm175_grab3
3888,-570,-3768,8580,CD,0,D1_pwm175_grab3
3894,-1228,-840,9722,CD,0,D1_pwm175_grab3
3899,516,2968,10234,CD,0,D1_pwm175_grab3
3904,-118,2164,11810,CD,0,D1_pwm175_grab3
3908,830,-1684,8514,CD,0,D1_pwm175_grab3
3913,-578,184,9620,CD,0,D1_pwm175_grab3
3924,-1274,-2564,12656,CD,0,D1_pwm175_grab3
3928,1156,-3630,7054,CD,0,D1_pwm175_grab3
3934,-3208,-4072,9120,CD,0,D1_pwm175_grab3
3939,-1888,1798,9914,CD,0,D1_pwm175_grab3
3943,464,1806,10824,CD,0,D1_pwm175_grab3
3948,-4796,-3150,9626,CD,0,D1_pwm175_grab3
3953,-3448,-4312,8060,CD,0,D1_pwm175_grab3
3958,2554,2078,11498,CD,0,D1_pwm175_grab3
3964,6974,-2674,9660,CD,0,D1_pwm175_grab3
3969,2006,310,10194,CD,0,D1_pwm175_grab3
3973,-306,-2834,8894,CD,0,D1_pwm175_grab3
3979,-836,1512,10640,CD,0,D1_pwm175_grab3
3989,206,-960,13060,CD,0,D1_pwm175_grab3
3994,-132,-4766,7542,CD,0,D1_pwm175_grab3
3998,-7344,2168,13558,CD,0,D1_pwm175_grab3
4003,2296,582,9128,CD,0,D1_pwm175_grab3
4009,-620,-88,10126,CD,0,D1_pwm175_grab3
4018,-1854,-2652,8814,CD,0,D1_pwm175_grab3
4023,2084,2476,11618,CD,0,D1_pwm175_grab3
4028,6374,724,10224,CD,0,D1_pwm175_grab3
4033,1202,-610,11868,CD,0,D1_pwm175_grab3
4038,-86,922,10132,CD,0,D1_pwm175_grab3
4043,-2798,-984,9904,CD,0,D1_pwm175_grab3
4048,388,-3694,8648,CD,0,D1_pwm175_grab3
4054,-1370,-956,9892,CD,0,D1_pwm175_grab3
4059,368,2604,10570,CD,0,D1_pwm175_grab3
4065,-1932,1876,11966,CD,0,D1_pwm175_grab3
4070,1340,-1150,8582,CD,0,D1_pwm175_grab3
4075,-168,434,9934,CD,0,D1_pwm175_grab3
4084,-710,-2316,12458,CD,0,D1_pwm175_grab3
4090,-658,-4034,8328,CD,0,D1_pwm175_grab3
4100,-2268,1560,10710,CD,0,D1_pwm175_grab3
4105,380,1548,10848,CD,0,D1_pwm175_grab3
4110,-3836,-2730,10616,CD,0,D1_pwm175_grab3
4115,-3372,-4242,8218,CD,0,D1_pwm175_grab3
4119,2466,2640,11406,CD,0,D1_pwm175_grab3
4124,5712,-1138,10096,CD,0,D1_pwm175_grab3
4130,1412,-108,11660,CD,0,D1_pwm175_grab3
4135,-932,-1500,9480,CD,0,D1_pwm175_grab3
4140,-944,1210,10254,CD,0,D1_pwm175_grab3
4149,1712,-206,12566,CD,0,D1_pwm175_grab3
4154,506,-4380,7494,CD,0,D1_pwm175_grab3
4159,-3356,-2860,10562,CD,0,D1_pwm175_grab3
4165,2064,1344,9864,CD,0,D1_pwm175_grab3
4169,-166,104,10774,CD,0,D1_pwm175_grab3
4174,-4288,-1318,11932,CD,0,D1_pwm175_grab3
4180,924,-608,8626,CD,0,D1_pwm175_grab3
4185,614,1868,10772,CD,0,D1_pwm175_grab3
4189,5242,2740,12840,CD,0,D1_pwm175_grab3
4195,1422,54,10490,CD,0,D1_pwm175_grab3
4200,-476,-2782,8684,CD,0,D1_pwm175_grab3
4204,64,626,10948,CD,0,D1_pwm175_grab3
4209,6038,-756,7874,CD,0,D1_pwm175_grab3
4215,-1606,-2432,11064,CD,0,D1_pwm175_grab3
4219,-292,-482,10658,CD,0,D1_pwm175_grab3
4225,-6296,-2282,11812,CD,0,D1_pwm175_grab3
4230,-678,2520,9308,CD,0,D1_pwm175_grab3
4234,-544,1140,11118,CD,0,D1_pwm175_grab3
4239,-5816,-3374,9292,CD,0,D1_pwm175_grab3
4244,1640,356,9066,CD,0,D1_pwm175_grab3
4249,3272,200,10096,CD,0,D1_pwm175_grab3
4259,-2118,476,10194,CD,0,D1_pwm175_grab3
4265,-782,-32,9910,CD,0,D1_pwm175_grab3
4269,-1074,1618,11102,CD,0,D1_pwm175_grab3
4279,-466,-2072,12216,CD,0,D1_pwm175_grab3
4284,770,1226,11752,CD,0,D1_pwm175_grab3
4289,-6358,1734,13080,CD,0,D1_pwm175_grab3
4294,2092,120,9170,CD,0,D1_pwm175_grab3
4299,-674,62,10386,CD,0,D1_pwm175_grab3
4304,1706,1142,11220,CD,0,D1_pwm175_grab3
4311,2260,616,9992,CD,0,D1_pwm175_grab3
4316,2538,-1202,9344,CD,0,D1_pwm175_grab3
4321,7452,-4180,8900,CD,0,D1_pwm175_grab3
4326,-1412,2122,9754,CD,0,D1_pwm175_grab3
4331,356,1144,10686,CD,0,D1_pwm175_grab3
4335,-5330,-3114,9342,CD,0,D1_pwm175_grab3
4341,-3490,-3662,9016,CD,0,D1_pwm175_grab3
4345,1412,2526,11028,CD,0,D1_pwm175_grab3
4350,4530,2090,11820,CD,0,D1_pwm175_grab3
4355,-4962,1348,12806,CD,0,D1_pwm175_grab3
4360,1904,-602,8596,CD,0,D1_pwm175_grab3
4365,-778,1764,10806,CD,0,D1_pwm175_grab3
4376,500,-1272,12412,CD,0,D1_pwm175_grab3
4381,-98,-4448,7740,CD,0,D1_pwm175_grab3
4385,-5134,-1712,11906,CD,0,D1_pwm175_grab3
4390,-1172,2202,9686,CD,0,D1_pwm175_grab3
4396,-840,850,9986,CD,0,D1_pwm175_grab3
4400,-2066,-1538,10504,CD,0,D1_pwm175_grab3
4406,-3464,-3234,9288,CD,0,D1_pwm175_grab3
4410,1578,2410,11360,CD,0,D1_pwm175_grab3
4415,5232,1872,11564,CD,0,D1_pwm175_grab3
4420,1464,-726,10632,CD,0,D1_pwm175_grab3
4425,-666,-2390,9008,CD,0,D1_pwm175_grab3
4430,-1166,1828,10968,CD,0,D1_pwm175_grab3
4440,3250,314,11212,CD,0,D1_pwm175_grab3
4446,-474,-4180,8084,CD,0,D1_pwm175_grab3
4450,-6380,-1392,12448,CD,0,D1_pwm175_grab3
4456,-582,2206,9448,CD,0,D1_pwm175_grab3
4461,-730,842,10688,CD,0,D1_pwm175_grab3
4466,-6376,-2934,9402,CD,0,D1_pwm175_grab3
4470,-2700,-2748,9892,CD,0,D1_pwm175_grab3
4475,1450,2430,11360,CD,0,D1_pwm175_grab3
4481,574,2836,10826,CD,0,D1_pwm175_grab3
4485,1726,-574,11174,CD,0,D1_pwm175_grab3
4491,-1010,-2242,8932,CD,0,D1_pwm175_grab3
4495,-1096,1700,11064,CD,0,D1_pwm175_grab3
4506,-480,-2062,12062,CD,0,D1_pwm175_grab3
4510,-518,-3768,8368,CD,0,D1_pwm175_grab3
4521,-44,2036,9226,CD,0,D1_pwm175_grab3
4526,-1016,530,10946,CD,0,D1_pwm175_grab3
4530,-6928,-2850,9712,CD,0,D1_pwm175_grab3
4535,-1902,-2622,9652,CD,0,D1_pwm175_grab3
4540,1886,2624,11200,CD,0,D1_pwm175_grab3
4546,5578,54,10672,CD,0,D1_pwm175_grab3
4551,2266,-398,11432,CD,0,D1_pwm175_grab3
4555,-1000,-1892,9126,CD,0,D1_pwm175_grab3
4561,-968,1554,10770,CD,0,D1_pwm175_grab3
4566,2438,-1950,8716,CD,0,D1_pwm175_grab3
4572,-1798,-1504,9250,CD,0,D1_pwm175_grab3
4577,996,1748,11850,CD,0,D1_pwm175_grab3
4581,-6330,1176,12862,CD,0,D1_pwm175_grab3
4586,1990,-216,9118,CD,0,D1_pwm175_grab3
4591,-738,262,10462,CD,0,D1_pwm175_grab3
4596,1194,994,11450,CD,0,D1_pwm175_grab3
4602,2192,348,9468,CD,0,D1_pwm175_grab3
4606,132,-4510,7284,CD,0,D1_pwm175_grab3
4611,7654,-4080,9078,CD,0,D1_pwm175_grab3
4617,-1898,1522,9844,CD,0,D1_pwm175_grab3
4622,-864,236,10084,CD,0,D1_pwm175_grab3
4627,-714,-1022,10486,CD,0,D1_pwm175_grab3
4631,2444,-1934,8766,CD,0,D1_pwm175_grab3
4636,-1986,-1476,9092,CD,0,D1_pwm175_grab3
4642,996,1652,11900,CD,0,D1_pwm175_grab3
4646,988,-446,9584,CD,0,D1_pwm175_grab3
4652,2140,-250,8952,CD,0,D1_pwm175_grab3
4656,-724,340,10672,CD,0,D1_pwm175_grab3
4661,466,946,11268,CD,0,D1_pwm175_grab3
4666,2274,262,9458,CD,0,D1_pwm175_grab3
4672,2362,-1144,9368,CD,0,D1_pwm175_grab3
4676,7610,-4296,9444,CD,0,D1_pwm175_grab3
4682,-1436,1430,9700,CD,0,D1_pwm175_grab3
4686,14,936,10170,CD,0,D1_pwm175_grab3
4691,-3668,-2382,9308,CD,0,D1_pwm175_grab3
4696,3410,-1550,8590,CD,0,D1_pwm175_grab3
4701,-1732,-1564,9274,CD,0,D1_pwm175_grab3
4706,634,1408,11746,CD,0,D1_pwm175_grab3
4717,2230,-8,9062,CD,0,D1_pwm175_grab3
4722,-726,208,10244,CD,0,D1_pwm175_grab3
4732,1434,-764,12496,CD,0,D1_pwm175_grab3
4737,2710,-962,9132,CD,0,D1_pwm175_grab3
4741,7294,-4328,9224,CD,0,D1_pwm175_grab3
4747,-1146,1160,9646,CD,0,D1_pwm175_grab3
4751,-906,258,9832,CD,0,D1_pwm175_grab3
4756,-722,-878,10466,CD,0,D1_pwm175_grab3
4761,3952,-1284,8296,CD,0,D1_pwm175_grab3
4766,-1664,-1680,9662,CD,0,D1_pwm175_grab3
4771,4400,2098,11932,CD,0,D1_pwm175_grab3
4776,456,66,10184,CD,0,D1_pwm175_grab3
4782,2142,6,9266,CD,0,D1_pwm175_grab3
4786,-284,310,10260,CD,0,D1_pwm175_grab3
4791,-378,762,11356,CD,0,D1_pwm175_grab3
4797,2242,90,9390,CD,0,D1_pwm175_grab3
4802,3110,-732,9160,CD,0,D1_pwm175_grab3
4806,7022,-4212,8830,CD,0,D1_pwm175_grab3
4811,-1582,2124,9782,CD,0,D1_pwm175_grab3
4816,-584,1018,10386,CD,0,D1_pwm175_grab3
4823,-3024,-2560,10300,CD,0,D1_pwm175_grab3
4827,-3504,-3212,10118,CD,0,D1_pwm175_grab3
4833,474,1822,10584,CD,0,D1_pwm175_grab3
4837,3826,2088,11470,CD,0,D1_pwm175_grab3
4843,870,104,10052,CD,0,D1_pwm175_grab3
4848,112,-1924,8874,CD,0,D1_pwm175_grab3
4853,-820,724,10706,CD,0,D1_pwm175_grab3
4862,-1382,-2720,11496,CD,0,D1_pwm175_grab3
4868,232,-4098,7654,CD,0,D1_pwm175_grab3
4872,-2870,-2042,10178,CD,0,D1_pwm175_grab3
4878,-1526,1858,9984,CD,0,D1_pwm175_grab3
4882,-300,1090,10016,CD,0,D1_pwm175_grab3
4887,-3206,-2588,10574,CD,0,D1_pwm175_grab3
4892,-154,-1490,8956,CD,0,D1_pwm175_grab3
4897,2574,1506,11536,CD,0,D1_pwm175_grab3
4908,664,34,9962,CD,0,D1_pwm175_grab3
4912,270,-1798,8952,CD,0,D1_pwm175_grab3
4917,-540,1472,10230,CD,0,D1_pwm175_grab3
4927,2004,-442,11768,CD,0,D1_pwm175_grab3
4932,-564,-2014,9394,CD,0,D1_pwm175_grab3
4942,1166,1056,9806,CD,0,D1_pwm175_grab3
4948,-1042,442,11110,CD,0,D1_pwm175_grab3
4953,-3310,-2512,10288,CD,0,D1_pwm175_grab3
4958,-3186,-3114,9980,CD,0,D1_pwm175_grab3
4963,752,1746,10552,CD,0,D1_pwm175_grab3
4968,2102,2518,10296,CD,0,D1_pwm175_grab3
4973,1676,314,11726,CD,0,D1_pwm175_grab3
4977,-1270,-1026,9240,CD,0,D1_pwm175_grab3
4982,-1020,816,10814,CD,0,D1_pwm175_grab3
4993,2206,-376,12100,CD,0,D1_pwm175_grab3
4998,770,-4178,7330,CD,0,D1_pwm175_grab3
5003,-888,-2120,8950,CD,0,D1_pwm175_grab3
5008,-1940,1928,10490,CD,0,D1_pwm175_grab3
5012,-1104,318,10596,CD,0,D1_pwm175_grab3
5022,-550,-1976,9210,CD,0,D1_pwm175_grab3
5027,2516,2342,11210,CD,0,D1_pwm175_grab3
5037,-632,-204,10330,CD,0,D1_pwm175_grab3
5043,768,-1420,8994,CD,0,D1_pwm175_grab3
5047,-484,1594,10620,CD,0,D1_pwm175_grab3
5057,-920,-2444,11856,CD,0,D1_pwm175_grab3
5062,-504,-3022,8828,CD,0,D1_pwm175_grab3
5073,280,1288,9672,CD,0,D1_pwm175_grab3
5078,-504,538,10448,CD,0,D1_pwm175_grab3
5089,-1080,-2292,9278,CD,0,D1_pwm175_grab3
5093,2048,-1832,9070,CD,0,D1_pwm175_grab3
5103,-1550,1884,9638,CD,0,D1_pwm175_grab3
5108,-990,42,9964,CD,0,D1_pwm175_grab3
5113,-878,-1654,10388,CD,0,D1_pwm175_grab3
5120,2640,-1442,8974,CD,0,D1_pwm175_grab3
5123,-480,-2064,12416,CD,0,D1_pwm175_grab3
5129,-428,-3504,8492,CD,0,D1_pwm175_grab3
5138,2162,-170,9130,CD,0,D1_pwm175_grab3
5144,-574,598,10700,CD,0,D1_pwm175_grab3
5148,-310,536,11464,CD,0,D1_pwm175_grab3
5153,2212,16,9524,CD,0,D1_pwm175_grab3
5159,2590,-906,9416,CD,0,D1_pwm175_grab3
5164,4774,204,9978,CD,0,D1_pwm175_grab3
5168,1976,-496,10912,CD,0,D1_pwm175_grab3
5173,-1232,-100,9644,CD,0,D1_pwm175_grab3
5178,-136,-1204,10702,CD,0,D1_pwm175_grab3
5184,4662,-772,8330,CD,0,D1_pwm175_grab3
5188,-1604,-1996,9404,CD,0,D1_pwm175_grab3
5193,238,776,11728,CD,0,D1_pwm175_grab3
5203,2180,244,9456,CD,0,D1_pwm175_grab3
5208,-326,834,10480,CD,0,D1_pwm175_grab3
5214,-1856,232,11892,CD,0,D1_pwm175_grab3
5218,1804,-308,9000,CD,0,D1_pwm175_grab3
5224,3158,-204,9826,CD,0,D1_pwm175_grab3
5234,22,1132,10230,CD,0,D1_pwm175_grab3
5238,-884,-386,9970,CD,0,D1_pwm175_grab3
5243,136,-772,10664,CD,0,D1_pwm175_grab3
5253,248,-1258,12494,CD,0,D1_pwm175_grab3
5259,-262,12,10878,CD,0,D1_pwm175_grab3
5268,2112,482,9816,CD,0,D1_pwm175_grab3
5274,66,520,10852,CD,0,D1_pwm175_grab3
5278,-3022,-46,12012,CD,0,D1_pwm175_grab3
5284,1210,-686,9028,CD,0,D1_pwm175_grab3
5289,3460,596,10528,CD,0,D1_pwm175_grab3
5294,4954,1360,12212,CD,0,D1_pwm175_grab3
5298,374,968,10564,CD,0,D1_pwm175_grab3
5303,-682,-648,9946,CD,0,D1_pwm175_grab3
5308,152,-550,10708,CD,0,D1_pwm175_grab3
5314,7410,448,7426,CD,0,D1_pwm175_grab3
5318,-1276,-2386,10826,CD,0,D1_pwm175_grab3
5323,-338,-566,10284,CD,0,D1_pwm175_grab3
5334,1814,754,10126,CD,0,D1_pwm175_grab3
5339,-478,1254,10348,CD,0,D1_pwm175_grab3
5345,6670,2070,10142,CD,0,D1_pwm175_grab3
5349,2952,-90,11620,CD,0,D1_pwm175_grab3
5359,1090,-2572,8286,CD,0,D1_pwm175_grab3
5364,-1898,1684,10210,CD,0,D1_pwm175_grab3
5369,-366,966,9780,CD,0,D1_pwm175_grab3
5380,-1070,-2714,10020,CD,0,D1_pwm175_grab3
5385,-578,84,9696,CD,0,D1_pwm175_grab3
5390,1058,2724,10900,CD,0,D1_pwm175_grab3
5395,-2942,-220,11124,CD,0,D1_pwm175_grab3
5400,1524,-802,8624,CD,0,D1_pwm175_grab3
5404,-360,1094,10272,CD,0,D1_pwm175_grab3
5409,4248,1504,9652,CD,0,D1_pwm175_grab3
5414,3046,110,11396,CD,0,D1_pwm175_grab3
5419,1902,-2502,7822,CD,0,D1_pwm175_grab3
5425,4570,-3070,9078,CD,0,D1_pwm175_grab3
5430,-2048,1648,10110,CD,0,D1_pwm175_grab3
5434,-362,542,9958,CD,0,D1_pwm175_grab3
5439,-2510,-1814,9638,CD,0,D1_pwm175_grab3
5444,546,-2290,9772,CD,0,D1_pwm175_grab3
5449,-1006,-680,9748,CD,0,D1_pwm175_grab3
5455,1348,2148,11350,CD,0,D1_pwm175_grab3
5460,1866,48,10186,CD,0,D1_pwm175_grab3
5464,1804,-360,8972,CD,0,D1_pwm175_grab3
5469,-348,918,10376,CD,0,D1_pwm175_grab3
5475,2000,898,10058,CD,0,D1_pwm175_grab3
5479,2620,106,10794,CD,0,D1_pwm175_grab3
5485,2560,-1532,8864,CD,0,D1_pwm175_grab3
5489,6836,-3334,9336,CD,0,D1_pwm175_grab3
5495,-1736,1652,9878,CD,0,D1_pwm175_grab3
5499,-600,926,9954,CD,0,D1_pwm175_grab3
5505,-1056,-1548,10010,CD,0,D1_pwm175_grab3
5509,2756,-1230,9150,CD,0,D1_pwm175_grab3
5515,-1200,-1532,9628,CD,0,D1_pwm175_grab3
5519,930,1496,11598,CD,0,D1_pwm175_grab3
5529,1974,82,9510,CD,0,D1_pwm175_grab3
5535,-456,648,10758,CD,0,D1_pwm175_grab3
5544,1982,-282,11844,CD,0,D1_pwm175_grab3
5550,2810,-452,10152,CD,0,D1_pwm175_grab3
5554,6530,-3192,8764,CD,0,D1_pwm175_grab3
5560,-824,1464,10000,CD,0,D1_pwm175_grab3
5565,-814,-378,9882,CD,0,D1_pwm175_grab3
5570,674,-1042,10886,CD,0,D1_pwm175_grab3
5574,5226,20,8134,CD,0,D1_pwm175_grab3
5579,700,1310,10098,CD,0,D1_pwm175_grab3
5585,1218,2480,9700,CD,0,D1_pwm175_grab3
5591,-658,-338,10112,CD,0,D1_pwm175_grab3
5595,1008,-1266,9094,CD,0,D1_pwm175_grab3
5601,-212,1516,10482,CD,0,D1_pwm175_grab3
5605,7818,2074,9250,CD,0,D1_pwm175_grab3
5610,2820,-88,11850,CD,0,D1_pwm175_grab3
5616,1124,-3688,7608,CD,0,D1_pwm175_grab3
5625,-32,1128,9524,CD,0,D1_pwm175_grab3
5632,-1096,586,10596,CD,0,D1_pwm175_grab3
5635,-2642,-2008,10082,CD,0,D1_pwm175_grab3
5640,-1870,-2926,10158,CD,0,D1_pwm175_grab3
5646,-278,98,9934,CD,0,D1_pwm175_grab3
5650,1270,2872,10602,CD,0,D1_pwm175_grab3
5655,-2808,-392,10944,CD,0,D1_pwm175_grab3
5660,-838,-1478,9294,CD,0,D1_pwm175_grab3
5666,-962,1052,10678,CD,0,D1_pwm175_grab3
5675,2904,126,11788,CD,0,D1_pwm175_grab3
5681,1838,-2608,8320,CD,0,D1_pwm175_grab3
5685,4856,-2630,9212,CD,0,D1_pwm175_grab3
5690,-2436,1692,9850,CD,0,D1_pwm175_grab3
5696,-612,588,9742,CD,0,D1_pwm175_grab3
5701,-4780,-1570,9748,CD,0,D1_pwm175_grab3
5706,-3000,-3146,9876,CD,0,D1_pwm175_grab3
5710,1754,2506,10606,CD,0,D1_pwm175_grab3
5715,4184,722,11306,CD,0,D1_pwm175_grab3
5720,-5420,-52,12028,CD,0,D1_pwm175_grab3
5725,1646,-322,9010,CD,0,D1_pwm175_grab3
5730,-812,956,10522,CD,0,D1_pwm175_grab3
5735,1768,478,10500,CD,0,D1_pwm175_grab3
5740,1150,-562,12214,CD,0,D1_pwm175_grab3
5745,18,-4540,7650,CD,0,D1_pwm175_grab3
5750,-3416,-928,11026,CD,0,D1_pwm175_grab3
5755,-1592,1686,9842,CD,0,D1_pwm175_grab3
5760,-1044,-72,9778,CD,0,D1_pwm175_grab3
5766,12,-1278,10704,CD,0,D1_pwm175_grab3
5770,3634,-646,8986,CD,0,D1_pwm175_grab3
5776,-1742,-2174,9214,CD,0,D1_pwm175_grab3
5780,2266,2114,10004,CD,0,D1_pwm175_grab3
5785,298,-236,9914,CD,0,D1_pwm175_grab3
5791,728,-1432,9142,CD,0,D1_pwm175_grab3
5795,-314,1542,10528,CD,0,D1_pwm175_grab3
5806,994,-484,9164,CD,0,D1_pwm175_grab3
5810,2558,312,10898,CD,0,D1_pwm175_grab3
5815,6208,-2746,8942,CD,0,D1_pwm175_grab3
5821,-1862,1842,10344,CD,0,D1_pwm175_grab3
5826,196,840,10084,CD,0,D1_pwm175_grab3
5831,-2532,-1788,10278,CD,0,D1_pwm175_grab3
5835,-2510,-3006,10256,CD,0,D1_pwm175_grab3
5840,-122,94,9864,CD,0,D1_pwm175_grab3
5847,1262,2870,10516,CD,0,D1_pwm175_grab3
5851,-2488,-578,10938,CD,0,D1_pwm175_grab3
5856,1434,-618,9070,CD,0,D1_pwm175_grab3
5862,-930,874,10606,CD,0,D1_pwm175_grab3
5871,-36,-1316,12012,CD,0,D1_pwm175_grab3
5876,-220,-4276,8266,CD,0,D1_pwm175_grab3
5881,-5516,-492,12254,CD,0,D1_pwm175_grab3
5886,-962,1162,9178,CD,0,D1_pwm175_grab3
5892,-794,344,9852,CD,0,D1_pwm175_grab3
5897,-1742,-1506,9782,CD,0,D1_pwm175_grab3
5901,1342,-1810,9938,CD,0,D1_pwm175_grab3
5906,1726,2314,10306,CD,0,D1_pwm175_grab3
5911,3560,864,10834,CD,0,D1_pwm175_grab3
5917,1302,-98,9634,CD,0,D1_pwm175_grab3
5921,244,-1320,9270,CD,0,D1_pwm175_grab3
5926,-632,1528,10398,CD,0,D1_pwm175_grab3
5931,64,-226,10884,CD,0,D1_pwm175_grab3
5937,1614,76,9962,CD,0,D1_pwm175_grab3
5941,2588,-372,10444,CD,0,D1_pwm175_grab3
5946,-1660,-950,9524,CD,0,D1_pwm175_grab3
5951,-1628,1608,10408,CD,0,D1_pwm175_grab3
5956,398,846,10044,CD,0,D1_pwm175_grab3
5961,-2906,-1662,10686,CD,0,D1_pwm175_grab3
5967,-2874,-3298,9654,CD,0,D1_pwm175_grab3
5971,458,634,9752,CD,0,D1_pwm175_grab3
5976,-184,-264,10434,CD,0,D1_pwm175_grab3
5986,1310,-974,9002,CD,0,D1_pwm175_grab3
5992,-260,1608,10602,CD,0,D1_pwm175_grab3
5996,5978,1344,8608,CD,0,D1_pwm175_grab3
6001,3004,452,11816,CD,0,D1_pwm175_grab3
6007,1582,-2852,8192,CD,0,D1_pwm175_grab3
6011,4100,-2034,9230,CD,0,D1_pwm175_grab3
6016,1508,1066,11528,CD,0,D1_pwm175_grab3
6022,-1072,-892,9986,CD,0,D1_pwm175_grab3
6027,-2256,-1394,9546,CD,0,D1_pwm175_grab3
6031,440,-2134,9940,CD,0,D1_pwm175_grab3
6036,-954,-1310,9452,CD,0,D1_pwm175_grab3
6041,1500,2054,11340,CD,0,D1_pwm175_grab3
6046,-5628,-328,11876,CD,0,D1_pwm175_grab3
6052,1724,-232,9190,CD,0,D1_pwm175_grab3
6056,-572,1120,10494,CD,0,D1_pwm175_grab3
6066,2020,122,10428,CD,0,D1_pwm175_grab3
6072,2600,-618,10026,CD,0,D1_pwm175_grab3
6076,6466,-2684,9044,CD,0,D1_pwm175_grab3
6081,-1124,1704,9706,CD,0,D1_pwm175_grab3
6087,-1100,-84,9694,CD,0,D1_pwm175_grab3
6091,626,-986,10804,CD,0,D1_pwm175_grab3
6096,5312,214,9224,CD,0,D1_pwm175_grab3
6102,-1724,-2532,9686,CD,0,D1_pwm175_grab3
6107,1034,2198,9690,CD,0,D1_pwm175_grab3
6112,-508,-360,10180,CD,0,D1_pwm175_grab3
6117,1078,-1168,8806,CD,0,D1_pwm175_grab3
6122,-330,1456,10588,CD,0,D1_pwm175_grab3
6128,7292,1676,9078,CD,0,D1_pwm175_grab3
6133,3102,478,11696,CD,0,D1_pwm175_grab3
6137,1226,-3314,7892,CD,0,D1_pwm175_grab3
6144,2026,-1752,8924,CD,0,D1_pwm175_grab3
6148,-1884,1840,10270,CD,0,D1_pwm175_grab3
6153,70,838,9984,CD,0,D1_pwm175_grab3
6157,-2406,-1474,10038,CD,0,D1_pwm175_grab3
6163,-636,-2648,9672,CD,0,D1_pwm175_grab3
6168,-596,-736,9538,CD,0,D1_pwm175_grab3
6173,1576,2252,10942,CD,0,D1_pwm175_grab3
6177,-4204,-270,11472,CD,0,D1_pwm175_grab3
6183,1764,-550,8924,CD,0,D1_pwm175_grab3
6187,-470,1290,10426,CD,0,D1_pwm175_grab3
6193,2580,494,8826,CD,0,D1_pwm175_grab3
6197,2808,312,11224,CD,0,D1_pwm175_grab3
6203,2328,-1432,8928,CD,0,D1_pwm175_grab3
6213,-1990,1776,9630,CD,0,D1_pwm175_grab3
6217,-666,298,10020,CD,0,D1_pwm175_grab3
6223,-1230,-1026,9934,CD,0,D1_pwm175_grab3
6227,-3540,-3630,9850,CD,0,D1_pwm175_grab3
6232,-1350,-2000,9460,CD,0,D1_pwm175_grab3
6237,964,1238,11298,CD,0,D1_pwm175_grab3
6248,1844,170,9608,CD,0,D1_pwm175_grab3
6252,-556,788,10614,CD,0,D1_pwm175_grab3
6257,-336,-612,10998,CD,0,D1_pwm175_grab3
6263,1618,-6,9890,CD,0,D1_pwm175_grab3
6267,366,-4284,7712,CD,0,D1_pwm175_grab3
6277,-844,1588,9962,CD,0,D1_pwm175_grab3
6283,-1178,-214,9914,CD,0,D1_pwm175_grab3
6287,614,-510,11020,CD,0,D1_pwm175_grab3
6292,5858,300,8794,CD,0,D1_pwm175_grab3
6297,-1804,-2738,9820,CD,0,D1_pwm175_grab3
6303,-4,-28,10710,CD,0,D1_pwm175_grab3
6307,-304,-150,10176,CD,0,D1_pwm175_grab3
6312,964,-1244,8740,CD,0,D1_pwm175_grab3
6317,-530,496,11146,CD,0,D1_pwm175_grab3
6323,-3154,-1180,11692,CD,0,D1_pwm175_grab3
6327,452,-740,9188,CD,0,D1_pwm175_grab3
6333,2712,1196,11478,CD,0,D1_pwm175_grab3
6338,6004,-2148,9054,CD,0,D1_pwm175_grab3
6342,444,1334,10968,CD,0,D1_pwm175_grab3
6348,322,858,10148,CD,0,D1_pwm175_grab3
6352,-2526,-1524,10604,CD,0,D1_pwm175_grab3
6358,-2146,-3444,9160,CD,0,D1_pwm175_grab3
6364,-288,-128,9642,CD,0,D1_pwm175_grab3
6368,1120,2736,10442,CD,0,D1_pwm175_grab3
6373,-2180,-148,11006,CD,0,D1_pwm175_grab3
6379,1414,-850,8684,CD,0,D1_pwm175_grab3
6383,-550,1454,10446,CD,0,D1_pwm175_grab3
6393,-252,-1588,12192,CD,0,D1_pwm175_grab3
6398,-218,-4184,8538,CD,0,D1_pwm175_grab3
6404,3186,-2456,8416,CD,0,D1_pwm175_grab3
6408,-2592,1608,10270,CD,0,D1_pwm175_grab3
6414,-314,672,9982,CD,0,D1_pwm175_grab3
6418,-2262,-1110,9938,CD,0,D1_pwm175_grab3
6424,-656,-3008,9574,CD,0,D1_pwm175_grab3
6428,2012,2608,10514,CD,0,D1_pwm175_grab3
6434,4576,548,11104,CD,0,D1_pwm175_grab3
6439,2244,256,10564,CD,0,D1_pwm175_grab3
6443,1776,-548,8772,CD,0,D1_pwm175_grab3
6448,-958,1288,10336,CD,0,D1_pwm175_grab3
6454,3622,902,9060,CD,0,D1_pwm175_grab3
6458,2880,546,11542,CD,0,D1_pwm175_grab3
6463,2006,-2000,8960,CD,0,D1_pwm175_grab3
6469,-4922,-1150,11786,CD,0,D1_pwm175_grab3
6474,-1250,1382,9082,CD,0,D1_pwm175_grab3
6478,240,710,10168,CD,0,D1_pwm175_grab3
6483,-4780,-1790,9470,CD,0,D1_pwm175_grab3
6488,1136,-2252,9608,CD,0,D1_pwm175_grab3
6494,-1744,-1504,9016,CD,0,D1_pwm175_grab3
6498,1446,1616,11658,CD,0,D1_pwm175_grab3
6504,-5900,174,12550,CD,0,D1_pwm175_grab3
6509,1674,-408,8796,CD,0,D1_pwm175_grab3
6514,-942,1406,10614,CD,0,D1_pwm175_grab3
6523,1520,-394,12720,CD,0,D1_pwm175_grab3
6528,2282,-1068,9744,CD,0,D1_pwm175_grab3
6534,7378,-2898,9340,CD,0,D1_pwm175_grab3
6538,-1472,1774,9630,CD,0,D1_pwm175_grab3
6543,-1152,78,9944,CD,0,D1_pwm175_grab3
6549,-570,-826,10558,CD,0,D1_pwm175_grab3
6554,-4146,-3838,9098,CD,0,D1_pwm175_grab3
6559,816,1616,10250,CD,0,D1_pwm175_grab3
6563,3844,1708,10922,CD,0,D1_pwm175_grab3
6569,630,314,10196,CD,0,D1_pwm175_grab3
6574,1874,-72,9202,CD,0,D1_pwm175_grab3
6578,-814,794,10726,CD,0,D1_pwm175_grab3
6584,-722,-264,11350,CD,0,D1_pwm175_grab3
6589,2046,104,9618,CD,0,D1_pwm175_grab3
6593,520,-4234,7802,CD,0,D1_pwm175_grab3
6598,-1870,-1740,10302,CD,0,D1_pwm175_grab3
6603,-2028,1438,9568,CD,0,D1_pwm175_grab3
6608,138,840,10036,CD,0,D1_pwm175_grab3
6615,-2848,-1580,9744,CD,0,D1_pwm175_grab3
6619,-4070,-3836,9524,CD,0,D1_pwm175_grab3
6624,68,978,9806,CD,0,D1_pwm175_grab3
6629,2918,2028,10636,CD,0,D1_pwm175_grab3
6634,1702,782,11528,CD,0,D1_pwm175_grab3
6640,-814,-1008,9942,CD,0,D1_pwm175_grab3
6644,-1128,570,11052,CD,0,D1_pwm175_grab3
6656,-958,-2204,12392,CD,0,D1_pwm175_grab3
6659,890,-3876,8036,CD,0,D1_pwm175_grab3
6665,-850,-2000,9220,CD,0,D1_pwm175_grab3
6670,-1874,1550,9660,CD,0,D1_pwm175_grab3
6674,-410,592,10680,CD,0,D1_pwm175_grab3
6685,-1218,-2398,9194,CD,0,D1_pwm175_grab3
6690,2524,2546,11576,CD,0,D1_pwm175_grab3
6699,-814,350,10906,CD,0,D1_pwm175_grab3
6704,600,-1444,8716,CD,0,D1_pwm175_grab3
6709,-996,1248,10682,CD,0,D1_pwm175_grab3
6720,-828,-1890,12708,CD,0,D1_pwm175_grab3
6724,-378,-3328,8606,CD,0,D1_pwm175_grab3
6735,-160,1212,9650,CD,0,D1_pwm175_grab3
6739,-678,544,10590,CD,0,D1_pwm175_grab3
6745,-1940,-1644,10778,CD,0,D1_pwm175_grab3
6749,-2146,-3504,9428,CD,0,D1_pwm175_grab3
6755,2018,2430,11494,CD,0,D1_pwm175_grab3
6765,1610,290,11682,CD,0,D1_pwm175_grab3
6770,-822,-1586,9672,CD,0,D1_pwm175_grab3
6775,-1110,996,10946,CD,0,D1_pwm175_grab3
6784,3282,542,11562,CD,0,D1_pwm175_grab3
6789,1420,-2576,8236,CD,0,D1_pwm175_grab3
6800,-734,1152,9266,CD,0,D1_pwm175_grab3
6804,-716,692,10698,CD,0,D1_pwm175_grab3
6809,-6106,-2408,9424,CD,0,D1_pwm175_grab3
6815,-2822,-3068,9620,CD,0,D1_pwm175_grab3
6820,1372,2058,11172,CD,0,D1_pwm175_grab3
6829,-2810,120,11522,CD,0,D1_pwm175_grab3
6834,-924,-1772,9536,CD,0,D1_pwm175_grab3
6840,-1218,1060,10962,CD,0,D1_pwm175_grab3
6849,-448,-1050,12646,CD,0,D1_pwm175_grab3
6859,-6358,-1450,12384,CD,0,D1_pwm175_grab3
6864,-844,1304,9064,CD,0,D1_pwm175_grab3
6871,-816,802,10694,CD,0,D1_pwm175_grab3
6876,-680,-306,11462,CD,0,D1_pwm175_grab3
6881,1544,-234,9378,CD,0,D1_pwm175_grab3
6885,2838,370,10234,CD,0,D1_pwm175_grab3
6896,-960,1262,10124,CD,0,D1_pwm175_grab3
6900,-854,-314,9944,CD,0,D1_pwm175_grab3
6905,126,-216,10922,CD,0,D1_pwm175_grab3
6912,4700,-780,8184,CD,0,D1_pwm175_grab3
6915,-1830,-2268,9814,CD,0,D1_pwm175_grab3
6920,466,-204,10898,CD,0,D1_pwm175_grab3
6930,1896,348,9592,CD,0,D1_pwm175_grab3
6936,-774,766,10834,CD,0,D1_pwm175_grab3
6940,-1122,-540,11478,CD,0,D1_pwm175_grab3
6945,1422,-106,9080,CD,0,D1_pwm175_grab3
6950,2668,758,10814,CD,0,D1_pwm175_grab3
6960,-662,1366,10282,CD,0,D1_pwm175_grab3
6965,-1110,-408,9942,CD,0,D1_pwm175_grab3
6971,338,114,11484,CD,0,D1_pwm175_grab3
6975,5214,-364,8130,CD,0,D1_pwm175_grab3
6981,-1998,-2388,9956,CD,0,D1_pwm175_grab3
6985,118,-834,10466,CD,0,D1_pwm175_grab3
6996,884,-1356,8982,CD,0,D1_pwm175_grab3
7001,-780,820,11196,CD,0,D1_pwm175_grab3
7006,-2016,-822,11662,CD,0,D1_pwm175_grab3
7010,1294,-380,9032,CD,0,D1_pwm175_grab3
7016,2372,1060,11060,CD,0,D1_pwm175_grab3
7025,48,1316,10608,CD,0,D1_pwm175_grab3
7030,-1192,-574,9850,CD,0,D1_pwm175_grab3
7036,-2598,-1778,10136,CD,0,D1_pwm175_grab3
7045,-1956,-2508,10274,CD,0,D1_pwm175_grab3
7051,-188,-1110,10452,CD,0,D1_pwm175_grab3
7060,1948,464,9638,CD,0,D1_pwm175_grab3
7066,-914,670,10868,CD,0,D1_pwm175_grab3
7070,-3176,-1062,11980,CD,0,D1_pwm175_grab3
7076,1310,-708,9000,CD,0,D1_pwm175_grab3
7081,1118,-3284,7922,CD,0,D1_pwm175_grab3
7090,692,1022,10654,CD,0,D1_pwm175_grab3
7095,-842,-472,9906,CD,0,D1_pwm175_grab3
7100,130,70,11522,CD,0,D1_pwm175_grab3
7110,-1594,-2512,10882,CD,0,D1_pwm175_grab3
7116,-414,-1592,10136,CD,0,D1_pwm175_grab3
7120,-1318,670,11334,CD,0,D1_pwm175_grab3
7127,812,-1354,8984,CD,0,D1_pwm175_grab3
7132,-826,930,10608,CD,0,D1_pwm175_grab3
7142,2814,1082,12396,CD,0,D1_pwm175_grab3
7146,1452,-2656,8484,CD,0,D1_pwm175_grab3
7151,358,-2528,8072,CD,0,D1_pwm175_grab3
7157,-1918,1274,9556,CD,0,D1_pwm175_grab3
7162,-412,886,10738,CD,0,D1_pwm175_grab3
7171,-2354,-3922,8946,CD,0,D1_pwm175_grab3
7177,-570,-926,8910,CD,0,D1_pwm175_grab3
7182,1158,2314,10210,CD,0,D1_pwm175_grab3
7186,-994,822,11316,CD,0,D1_pwm175_grab3
7191,788,-1114,8702,CD,0,D1_pwm175_grab3
7197,-748,742,10466,CD,0,D1_pwm175_grab3
7206,-780,-950,13044,CD,0,D1_pwm175_grab3
7212,1332,-2202,8742,CD,0,D1_pwm175_grab3
7216,112,-2714,7954,CD,0,D1_pwm175_grab3
7221,-1784,1154,9672,CD,0,D1_pwm175_grab3
7226,78,798,9670,CD,0,D1_pwm175_grab3
7231,-2264,-1612,11188,CD,0,D1_pwm175_grab3
7237,-2102,-3654,9062,CD,0,D1_pwm175_grab3
7241,1688,1854,11122,CD,0,D1_pwm175_grab3
7247,5584,518,10188,CD,0,D1_pwm175_grab3
7252,1774,678,12152,CD,0,D1_pwm175_grab3
7256,1104,-1080,8728,CD,0,D1_pwm175_grab3
7262,-650,694,10344,CD,0,D1_pwm175_grab3
7272,3142,916,12058,CD,0,D1_pwm175_grab3
7276,1362,-2006,8262,CD,0,D1_pwm175_grab3
7286,-40,1222,9058,CD,0,D1_pwm175_grab3
7291,-776,1032,11170,CD,0,D1_pwm175_grab3
7297,-2576,-1722,10938,CD,0,D1_pwm175_grab3
7302,-2232,-3672,9000,CD,0,D1_pwm175_grab3
7306,-30,-1054,9348,CD,0,D1_pwm175_grab3
7311,688,2280,9748,CD,0,D1_pwm175_grab3
7316,-904,936,11216,CD,0,D1_pwm175_grab3
7321,-1090,-1734,9510,CD,0,D1_pwm175_grab3
7327,-1236,1112,11068,CD,0,D1_pwm175_grab3
7337,-1080,-924,13008,CD,0,D1_pwm175_grab3
7341,1514,-2020,8142,CD,0,D1_pwm175_grab3
7347,170,-2872,7910,CD,0,D1_pwm175_grab3
7351,-2254,1024,9646,CD,0,D1_pwm175_grab3
7356,460,852,9894,CD,0,D1_pwm175_grab3
7361,-7238,-2932,9956,CD,0,D1_pwm175_grab3
7366,-1110,-2856,9332,CD,0,D1_pwm175_grab3
7372,1862,2032,10552,CD,0,D1_pwm175_grab3
7376,5530,268,10326,CD,0,D1_pwm175_grab3
7383,2442,744,12260,CD,0,D1_pwm175_grab3
7387,-846,-1478,9580,CD,0,D1_pwm175_grab3
7392,-1216,1158,11038,CD,0,D1_pwm175_grab3
7402,-1638,-2364,8878,CD,0,D1_pwm175_grab3
7407,1410,472,11072,CD,0,D1_pwm175_grab3
7412,-5624,950,13030,CD,0,D1_pwm175_grab3
7418,1676,-178,9040,CD,0,D1_pwm175_grab3
7424,-912,696,10762,CD,0,D1_pwm175_grab3
7427,-7274,-3022,10000,CD,0,D1_pwm175_grab3
7432,-902,-2796,9370,CD,0,D1_pwm175_grab3
7437,2138,2134,10522,CD,0,D1_pwm175_grab3
7442,6808,-3162,8926,CD,0,D1_pwm175_grab3
7448,-2268,910,9456,CD,0,D1_pwm175_grab3
7452,-456,62,9912,CD,0,D1_pwm175_grab3
7458,-1752,-394,10640,CD,0,D1_pwm175_grab3
7463,1714,-2556,8868,CD,0,D1_pwm175_grab3
7468,-944,-828,13242,CD,0,D1_pwm175_grab3
7473,-204,-4374,8476,CD,0,D1_pwm175_grab3
7483,1880,-126,8806,CD,0,D1_pwm175_grab3
7487,-864,608,10598,CD,0,D1_pwm175_grab3
7493,1980,982,9452,CD,0,D1_pwm175_grab3
7497,3022,820,10576,CD,0,D1_pwm175_grab3
7502,2088,372,9742,CD,0,D1_pwm175_grab3
7507,6284,-3462,8952,CD,0,D1_pwm175_grab3
7512,1908,590,12098,CD,0,D1_pwm175_grab3
7517,-898,-1740,9634,CD,0,D1_pwm175_grab3
7522,-2014,-468,10482,CD,0,D1_pwm175_grab3
7527,1752,-2668,8602,CD,0,D1_pwm175_grab3
7532,-1298,-2358,9068,CD,0,D1_pwm175_grab3
7538,1130,736,10866,CD,0,D1_pwm175_grab3
7542,-4518,1190,12902,CD,0,D1_pwm175_grab3
7547,1894,-236,8768,CD,0,D1_pwm175_grab3
7553,-576,964,10860,CD,0,D1_pwm175_grab3
7558,-7244,-2782,9784,CD,0,D1_pwm175_grab3
7563,3384,874,11008,CD,0,D1_pwm175_grab3
7568,2152,364,9080,CD,0,D1_pwm175_grab3
7578,-2478,640,9378,CD,0,D1_pwm175_grab3
7582,254,430,9974,CD,0,D1_pwm175_grab3
7588,-2202,-602,10370,CD,0,D1_pwm175_grab3
7592,1016,-2970,8398,CD,0,D1_pwm175_grab3
7597,-1264,-932,12932,CD,0,D1_pwm175_grab3
7608,-4272,1228,12578,CD,0,D1_pwm175_grab3
7612,1794,-296,8762,CD,0,D1_pwm175_grab3
7618,-582,636,10286,CD,0,D1_pwm175_grab3
7623,3050,1344,8928,CD,0,D1_pwm175_grab3
7627,3428,746,11548,CD,0,D1_pwm175_grab3
7633,2312,472,9112,CD,0,D1_pwm175_grab3
7639,5422,-3474,8586,CD,0,D1_pwm175_grab3
7644,-860,1506,8756,CD,0,D1_pwm175_grab3
7648,-534,1214,10444,CD,0,D1_pwm175_grab3
7653,-4390,-2780,9464,CD,0,D1_pwm175_grab3
7664,1242,314,9628,CD,0,D1_pwm175_grab3
7668,4854,2080,11914,CD,0,D1_pwm175_grab3
7673,2628,990,10870,CD,0,D1_pwm175_grab3
7680,-578,-1704,9248,CD,0,D1_pwm175_grab3
7683,-692,812,10254,CD,0,D1_pwm175_grab3
7694,458,506,12914,CD,0,D1_pwm175_grab3
7699,386,-4096,8704,CD,0,D1_pwm175_grab3
7704,-5772,-2218,11452,CD,0,D1_pwm175_grab3
7708,-1004,1380,8634,CD,0,D1_pwm175_grab3
7713,-22,1172,10364,CD,0,D1_pwm175_grab3
7718,-4424,-2642,9294,CD,0,D1_pwm175_grab3
7724,1028,-2680,8832,CD,0,D1_pwm175_grab3
7729,1552,248,9524,CD,0,D1_pwm175_grab3
7733,4278,2288,11636,CD,0,D1_pwm175_grab3
7738,2356,956,10542,CD,0,D1_pwm175_grab3
7743,-390,-1808,9270,CD,0,D1_pwm175_grab3
7748,-974,1284,10604,CD,0,D1_pwm175_grab3
7759,800,738,12994,CD,0,D1_pwm175_grab3
7764,482,-3924,8330,CD,0,D1_pwm175_grab3
7768,-4682,-2278,11216,CD,0,D1_pwm175_grab3
7774,-1392,1462,8886,CD,0,D1_pwm175_grab3
7778,186,1120,10252,CD,0,D1_pwm175_grab3
7783,-4228,-2520,9084,CD,0,D1_pwm175_grab3
7789,-4038,-4104,9326,CD,0,D1_pwm175_grab3
7793,1240,-188,9536,CD,0,D1_pwm175_grab3
7798,4130,2614,11628,CD,0,D1_pwm175_grab3
7803,1828,1010,10318,CD,0,D1_pwm175_grab3
7808,-214,-1818,9228,CD,0,D1_pwm175_grab3
7814,-976,1190,10324,CD,0,D1_pwm175_grab3
7824,1356,916,12800,CD,0,D1_pwm175_grab3
7828,634,-3524,8650,CD,0,D1_pwm175_grab3
7833,-3720,-2668,10838,CD,1,D1_pwm175_grab3
7838,-1988,1468,9064,CD,1,D1_pwm175_grab3
7844,30,1140,10336,CD,1,D1_pwm175_grab3
7849,-4578,-1838,11264,CD,1,D1_pwm175_grab3
7853,-4368,-4392,9152,CD,1,D1_pwm175_grab3
7859,802,-780,9430,CD,1,D1_pwm175_grab3
7864,4284,2786,11830,CD,1,D1_pwm175_grab3
7868,1388,1186,10652,CD,1,D1_pwm175_grab3
7874,-104,-1756,9342,CD,1,D1_pwm175_grab3
7879,-944,1192,10342,CD,1,D1_pwm175_grab3
7888,-1560,-1336,12186,CD,1,D1_pwm175_grab3
7894,-268,-3350,9086,CD,1,D1_pwm175_grab3
7904,2198,1082,10054,CD,1,D1_pwm175_grab3
7910,-446,786,10848,CD,1,D1_pwm175_grab3
7915,-4984,-1878,11202,CD,1,D1_pwm175_grab3
7919,392,-1828,9152,CD,1,D1_pwm175_grab3
7925,2666,2308,10490,CD,1,D1_pwm175_grab3
7929,1090,-3538,7492,CD,1,D1_pwm175_grab3
7934,-2322,914,9470,CD,1,D1_pwm175_grab3
7939,-752,-1288,10042,CD,1,D1_pwm175_grab3
7944,-536,684,11282,CD,1,D1_pwm175_grab3
7955,-1634,-1160,12368,CD,1,D1_pwm175_grab3
7959,-128,-3390,9064,CD,1,D1_pwm175_grab3
7969,1156,-730,8734,CD,1,D1_pwm175_grab3
7974,-604,736,10258,CD,1,D1_pwm175_grab3
7980,-4460,-1834,11168,CD,1,D1_pwm175_grab3
7984,220,-1568,9068,CD,1,D1_pwm175_grab3
7989,2498,2002,10384,CD,1,D1_pwm175_grab3
8000,202,82,10926,CD,1,D1_pwm175_grab3
8004,-850,-1256,9904,CD,1,D1_pwm175_grab3
8009,-2538,-1748,11082,CD,1,D1_pwm175_grab3
8015,-1606,-3734,8784,CD,1,D1_pwm175_grab3
8019,-440,-2480,9078,CD,1,D1_pwm175_grab3
8025,-38,-3234,9198,CD,1,D1_pwm175_grab3
8034,1910,1076,10192,CD,1,D1_pwm175_grab3
8039,-692,834,11032,CD,1,D1_pwm175_grab3
8045,-3650,-1732,11164,CD,1,D1_pwm175_grab3
8050,3362,1094,11996,CD,1,D1_pwm175_grab3
8054,1496,-634,8864,CD,1,D1_pwm175_grab3
8059,54,-3622,7688,CD,1,D1_pwm175_grab3
8064,-192,308,10808,CD,1,D1_pwm175_grab3
8069,-1068,-1218,9916,CD,1,D1_pwm175_grab3
8075,84,478,11544,CD,1,D1_pwm175_grab3
8084,-2018,-1492,11470,CD,1,D1_pwm175_grab3
8090,872,2196,9522,CD,1,D1_pwm175_grab3
8094,-438,1690,11514,CD,1,D1_pwm175_grab3
8099,938,-958,9046,CD,1,D1_pwm175_grab3
8105,-590,918,10080,CD,1,D1_pwm175_grab3
8109,-3114,-1362,11376,CD,1,D1_pwm175_grab3
8114,774,-994,9068,CD,1,D1_pwm175_grab3
8119,2188,1962,10872,CD,1,D1_pwm175_grab3
8130,-2742,812,9662,CD,1,D1_pwm175_grab3
8135,344,926,10172,CD,1,D1_pwm175_grab3
8139,-2470,-1748,10584,CD,1,D1_pwm175_grab3
8144,-3132,-4250,8862,CD,1,D1_pwm175_grab3
8151,-332,-2340,9236,CD,1,D1_pwm175_grab3
8155,1792,2396,10214,CD,1,D1_pwm175_grab3
8161,32,1752,11620,CD,1,D1_pwm175_grab3
8165,784,-1170,9154,CD,1,D1_pwm175_grab3
8170,-1238,1008,11062,CD,1,D1_pwm175_grab3
8180,-1224,-244,13346,CD,1,D1_pwm175_grab3
8186,-158,-4260,8674,CD,1,D1_pwm175_grab3
8195,-2964,870,9286,CD,1,D1_pwm175_grab3
8201,166,1102,10386,CD,1,D1_pwm175_grab3
8205,-2382,-1918,11000,CD,1,D1_pwm175_grab3
8210,-870,-2588,9168,CD,1,D1_pwm175_grab3
8215,2508,1800,10464,CD,1,D1_pwm175_grab3
8220,5116,492,9778,CD,1,D1_pwm175_grab3
8225,1454,312,11828,CD,1,D1_pwm175_grab3
8230,-1014,-1806,9726,CD,1,D1_pwm175_grab3
8236,-956,1008,10348,CD,1,D1_pwm175_grab3
8245,2412,1154,12358,CD,1,D1_pwm175_grab3
8250,868,-2140,9184,CD,1,D1_pwm175_grab3
8260,1492,1432,10126,CD,1,D1_pwm175_grab3
8265,-314,1032,10848,CD,1,D1_pwm175_grab3
8271,-5678,-2012,11156,CD,1,D1_pwm175_grab3
8275,-462,-2034,9038,CD,1,D1_pwm175_grab3
8280,276,-1780,8932,CD,1,D1_pwm175_grab3
8285,4358,2310,11976,CD,1,D1_pwm175_grab3
8291,1980,1756,11050,CD,1,D1_pwm175_grab3
8295,-1172,-1552,9744,CD,1,D1_pwm175_grab3
8300,-274,620,11212,CD,1,D1_pwm175_grab3
8311,-1778,-970,12290,CD,1,D1_pwm175_grab3
8315,-174,-3332,9028,CD,1,D1_pwm175_grab3
8321,-4236,-3276,10476,CD,1,D1_pwm175_grab3
8325,-1642,1312,8852,CD,1,D1_pwm175_grab3
8330,-80,1220,10274,CD,1,D1_pwm175_grab3
8336,-4078,-1572,11414,CD,1,D1_pwm175_grab3
8341,300,-1304,9036,CD,1,D1_pwm175_grab3
8345,2376,1826,10628,CD,1,D1_pwm175_grab3
8351,6178,-826,9910,CD,1,D1_pwm175_grab3
8356,-114,268,10864,CD,1,D1_pwm175_grab3
8361,-1276,-1340,9734,CD,1,D1_pwm175_grab3
8365,-930,1128,10452,CD,1,D1_pwm175_grab3
8375,-2148,-1434,11526,CD,1,D1_pwm175_grab3
8380,-112,-2740,9354,CD,1,D1_pwm175_grab3
8390,2392,1180,9918,CD,1,D1_pwm175_grab3
8395,-746,860,11066,CD,1,D1_pwm175_grab3
8400,-2994,-1040,11680,CD,1,D1_pwm175_grab3
8407,1114,-918,8974,CD,1,D1_pwm175_grab3
8411,2228,1988,10720,CD,1,D1_pwm175_grab3
8417,-416,-3692,7992,CD,1,D1_pwm175_grab3
8422,-2928,804,9682,CD,1,D1_pwm175_grab3
8426,312,940,10104,CD,1,D1_pwm175_grab3
8432,-2700,-1826,10352,CD,1,D1_pwm175_grab3
8436,-3566,-4182,9220,CD,1,D1_pwm175_grab3
8441,-192,-2306,9068,CD,1,D1_pwm175_grab3
8446,2532,2392,10650,CD,1,D1_pwm175_grab3
8456,524,-1418,9074,CD,1,D1_pwm175_grab3
8462,-818,1074,10256,CD,1,D1_pwm175_grab3
8471,2664,1064,12610,CD,1,D1_pwm175_grab3
8476,812,-1828,9170,CD,1,D1_pwm175_grab3
8482,-1660,-3614,9260,CD,1,D1_pwm175_grab3
8486,-2786,1138,9172,CD,1,D1_pwm175_grab3
8491,-416,-690,10062,CD,1,D1_pwm175_grab3
8496,-2918,-1896,10502,CD,1,D1_pwm175_grab3
8501,-4246,-4014,9424,CD,1,D1_pwm175_grab3
8506,52,-2148,8872,CD,1,D1_pwm175_grab3
8511,4260,2356,11730,CD,1,D1_pwm175_grab3
8517,1518,1802,11328,CD,1,D1_pwm175_grab3
8522,-56,-1858,8914,CD,1,D1_pwm175_grab3
8526,-1046,1176,10528,CD,1,D1_pwm175_grab3
8536,1962,1026,12372,CD,1,D1_pwm175_grab3
8542,624,-2478,9342,CD,1,D1_pwm175_grab3
8546,-4110,-3498,10524,CD,1,D1_pwm175_grab3
8552,-1754,1512,8944,CD,1,D1_pwm175_grab3
8556,-290,1224,10538,CD,1,D1_pwm175_grab3
8561,-3892,-2216,9556,CD,1,D1_pwm175_grab3
8566,-3950,-3930,9632,CD,1,D1_pwm175_grab3
8571,970,-1456,9124,CD,1,D1_pwm175_grab3
8577,5046,2484,12408,CD,1,D1_pwm175_grab3
8581,2704,1502,11048,CD,1,D1_pwm175_grab3
8586,-508,-1912,9128,CD,1,D1_pwm175_grab3
8591,-1034,1102,10600,CD,1,D1_pwm175_grab3
8601,988,950,12752,CD,1,D1_pwm175_grab3
8606,282,-3298,9078,CD,1,D1_pwm175_grab3
8612,-6314,-3096,10988,CD,1,D1_pwm175_grab3
8616,2510,1108,9706,CD,1,D1_pwm175_grab3
8621,-224,1182,10646,CD,1,D1_pwm175_grab3
8626,-5272,-2504,9494,CD,1,D1_pwm175_grab3
8631,-3128,-3430,9718,CD,1,D1_pwm175_grab3
8636,1878,-150,9360,CD,1,D1_pwm175_grab3
8642,4956,2396,10966,CD,1,D1_pwm175_grab3
8646,3144,772,11476,CD,1,D1_pwm175_grab3
8651,-994,-2114,9224,CD,1,D1_pwm175_grab3
8656,-828,-450,10842,CD,1,D1_pwm175_grab3
8662,4232,-1458,8268,CD,1,D1_pwm175_grab3
8668,-2408,-2266,10094,CD,1,D1_pwm175_grab3
8673,1178,-1310,10280,CD,1,D1_pwm175_grab3
8682,2700,540,8996,CD,1,D1_pwm175_grab3
8688,-734,1036,10574,CD,1,D1_pwm175_grab3
8693,1094,700,9790,CD,1,D1_pwm175_grab3
8698,1502,1074,13186,CD,1,D1_pwm175_grab3
8702,340,-3170,8892,CD,1,D1_pwm175_grab3
8708,6492,-3660,9496,CD,1,D1_pwm175_grab3
8712,-2902,296,9314,CD,1,D1_pwm175_grab3
8717,-46,36,9898,CD,1,D1_pwm175_grab3
8722,-2284,-1162,10332,CD,1,D1_pwm175_grab3
8727,1338,-2914,8592,CD,1,D1_pwm175_grab3
8732,-1586,-2694,9260,CD,1,D1_pwm175_grab3
8737,5668,2858,11414,CD,1,D1_pwm175_grab3
8743,2480,748,12030,CD,1,D1_pwm175_grab3
8748,1744,-276,8528,CD,1,D1_pwm175_grab3
8753,-594,952,10260,CD,1,D1_pwm175_grab3
8757,5372,2192,9822,CD,1,D1_pwm175_grab3
8763,4106,750,11434,CD,1,D1_pwm175_grab3
8767,1560,324,9058,CD,1,D1_pwm175_grab3
8772,602,-4204,7454,CD,1,D1_pwm175_grab3
8778,292,1852,9068,CD,1,D1_pwm175_grab3
8782,-658,1316,11144,CD,1,D1_pwm175_grab3
8792,-2796,-3988,8516,CD,1,D1_pwm175_grab3
8798,-376,-2594,9402,CD,1,D1_pwm175_grab3
8803,1684,2124,9800,CD,1,D1_pwm175_grab3
8807,822,2052,11624,CD,1,D1_pwm175_grab3
8812,628,-1368,8874,CD,1,D1_pwm175_grab3
8818,-766,1056,10154,CD,1,D1_pwm175_grab3
8832,844,-1836,8844,CD,1,D1_pwm175_grab3
8837,-2776,-4108,9382,CD,1,D1_pwm175_grab3
8843,-2490,1200,9548,CD,1,D1_pwm175_grab3
8847,508,1150,10512,CD,1,D1_pwm175_grab3
8852,-4318,-2228,9046,CD,1,D1_pwm175_grab3
8857,-4610,-4216,9056,CD,1,D1_pwm175_grab3
8862,2742,2230,10142,CD,1,D1_pwm175_grab3
8868,6306,-760,10332,CD,1,D1_pwm175_grab3
8872,292,48,10584,CD,1,D1_pwm175_grab3
8877,-520,-2032,9244,CD,1,D1_pwm175_grab3
8882,-1074,1122,10638,CD,1,D1_pwm175_grab3
8898,90,-3568,8762,CD,1,D1_pwm175_grab3
8907,2730,1046,9450,CD,1,D1_pwm175_grab3
8913,-548,1116,10412,CD,1,D1_pwm175_grab3
8919,-876,58,10862,CD,1,D1_pwm175_grab3
8923,2520,-480,8928,CD,1,D1_pwm175_grab3
8928,2752,2184,9704,CD,1,D1_pwm175_grab3
8934,7668,-2940,9842,CD,1,D1_pwm175_grab3
8939,-2592,156,9652,CD,1,D1_pwm175_grab3
8943,-176,1286,10588,CD,1,D1_pwm175_grab3
8948,-3964,-2344,9682,CD,1,D1_pwm175_grab3
8953,-3924,-3704,9750,CD,1,D1_pwm175_grab3
8958,1076,-1064,9098,CD,1,D1_pwm175_grab3
8963,1400,-822,10344,CD,1,D1_pwm175_grab3
8973,2160,362,8838,CD,1,D1_pwm175_grab3
8978,-534,1146,10184,CD,1,D1_pwm175_grab3
8988,628,864,13190,CD,1,D1_pwm175_grab3
8994,-46,-3774,8694,CD,1,D1_pwm175_grab3
8999,-7928,-2940,10896,CD,1,D1_pwm175_grab3
9004,-3822,250,9698,CD,1,D1_pwm175_grab3
9009,340,390,10084,CD,1,D1_pwm175_grab3
9013,-2530,-1580,10170,CD,1,D1_pwm175_grab3
9018,-1938,-3706,8944,CD,1,D1_pwm175_grab3
9024,2344,1176,9870,CD,1,D1_pwm175_grab3
9029,5320,1920,10438,CD,1,D1_pwm175_grab3
9034,2770,536,12050,CD,1,D1_pwm175_grab3
9038,-1322,-2140,9428,CD,1,D1_pwm175_grab3
9043,-1164,738,10682,CD,1,D1_pwm175_grab3
9049,8446,2714,9964,CD,1,D1_pwm175_grab3
9053,3640,1116,12298,CD,1,D1_pwm175_grab3
9058,1132,-1282,9136,CD,1,D1_pwm175_grab3
9068,1306,1654,9892,CD,1,D1_pwm175_grab3
9073,-216,1220,10730,CD,1,D1_pwm175_grab3
9079,-6798,-1716,11404,CD,1,D1_pwm175_grab3
9084,-604,-2314,9012,CD,1,D1_pwm175_grab3
9089,30,-1960,8858,CD,1,D1_pwm175_grab3
9094,4558,2306,11988,CD,1,D1_pwm175_grab3
9099,1696,1932,11390,CD,1,D1_pwm175_grab3
9103,-956,-1684,9902,CD,1,D1_pwm175_grab3
9108,-302,112,11134,CD,1,D1_pwm175_grab3
9119,-2278,-1480,12422,CD,1,D1_pwm175_grab3
9123,-158,-3192,9198,CD,1,D1_pwm175_grab3
9134,-1386,1552,8754,CD,1,D1_pwm175_grab3
9138,-274,1402,10784,CD,1,D1_pwm175_grab3
9144,-1944,-296,11856,CD,1,D1_pwm175_grab3
9149,1582,-844,8554,CD,1,D1_pwm175_grab3
9153,2506,2030,10452,CD,1,D1_pwm175_grab3
9163,-2298,190,9792,CD,1,D1_pwm175_grab3
9168,-898,-984,10024,CD,1,D1_pwm175_grab3
9175,-954,-576,10708,CD,1,D1_pwm175_grab3
9180,3650,-1726,7876,CD,1,D1_pwm175_grab3
9184,830,-1012,9430,CD,1,D1_pwm175_grab3
9189,4342,2928,11794,CD,1,D1_pwm175_grab3
9194,2166,1440,10906,CD,1,D1_pwm175_grab3
9199,-478,-2084,9102,CD,1,D1_pwm175_grab3
9204,-978,982,10398,CD,1,D1_pwm175_grab3
9214,1280,1024,13212,CD,1,D1_pwm175_grab3
9220,2018,1048,10244,CD,1,D1_pwm175_grab3
9225,-5612,-3384,10754,CD,1,D1_pwm175_grab3
9230,-1548,1654,9246,CD,1,D1_pwm175_grab3
9235,-6,1248,10690,CD,1,D1_pwm175_grab3
9239,-5732,-2082,8902,CD,1,D1_pwm175_grab3
9244,-4222,-3602,9602,CD,1,D1_pwm175_grab3
9250,1406,480,9932,CD,1,D1_pwm175_grab3
9254,5470,2880,11008,CD,1,D1_pwm175_grab3
9259,-2434,1918,13014,CD,1,D1_pwm175_grab3
9264,-1034,-2426,9202,CD,1,D1_pwm175_grab3
9269,-1130,808,10862,CD,1,D1_pwm175_grab3
9279,-756,306,13368,CD,1,D1_pwm175_grab3
9285,-254,-4138,8578,CD,1,D1_pwm175_grab3
9294,264,1972,9406,CD,1,D1_pwm175_grab3
9299,-540,1366,11162,CD,1,D1_pwm175_grab3
9304,-7632,-1754,10370,CD,1,D1_pwm175_grab3
9309,-1900,-2728,9664,CD,1,D1_pwm175_grab3
9314,1946,1520,10744,CD,1,D1_pwm175_grab3
9319,6124,1554,10886,CD,1,D1_pwm175_grab3
9324,1864,630,12230,CD,1,D1_pwm175_grab3
9329,-1324,-2316,9162,CD,1,D1_pwm175_grab3
9335,-1158,520,10922,CD,1,D1_pwm175_grab3
9344,3258,1122,12000,CD,1,D1_pwm175_grab3
9349,-518,-3908,8878,CD,1,D1_pwm175_grab3
9360,2194,1718,9634,CD,1,D1_pwm175_grab3
9364,-524,1336,11166,CD,1,D1_pwm175_grab3
9369,-5900,-1338,11626,CD,1,D1_pwm175_grab3
9375,532,-2022,8956,CD,1,D1_pwm175_grab3
9379,2312,2434,10808,CD,1,D1_pwm175_grab3
9384,1316,-4016,7216,CD,1,D1_pwm175_grab3
9390,626,152,11072,CD,1,D1_pwm175_grab3
9394,-884,-1420,9754,CD,1,D1_pwm175_grab3
9400,-272,-82,10856,CD,1,D1_pwm175_grab3
9410,-2212,-2134,12130,CD,1,D1_pwm175_grab3
9414,-510,-3142,9470,CD,1,D1_pwm175_grab3
9424,2688,1392,9554,CD,1,D1_pwm175_grab3
9430,-758,976,10520,CD,1,D1_pwm175_grab3
9440,3396,1076,12098,CD,1,D1_pwm175_grab3
9445,1050,-1692,8918,CD,1,D1_pwm175_grab3
9451,-1326,-4188,8256,CD,1,D1_pwm175_grab3
9455,-2612,1122,9516,CD,1,D1_pwm175_grab3
9460,-92,1284,10274,CD,1,D1_pwm175_grab3
9465,-2698,-2048,10856,CD,1,D1_pwm175_grab3
9470,-810,-2662,8832,CD,1,D1_pwm175_grab3
9476,72,-1434,8868,CD,1,D1_pwm175_grab3
9481,3748,2242,11570,CD,1,D1_pwm175_grab3
9486,1372,2140,11580,CD,1,D1_pwm175_grab3
9490,96,-1898,8868,CD,1,D1_pwm175_grab3
9496,-984,862,10432,CD,1,D1_pwm175_grab3
9506,2160,918,12106,CD,1,D1_pwm175_grab3
9511,-302,-3484,8990,CD,1,D1_pwm175_grab3
9515,-4406,-3880,10026,CD,1,D1_pwm175_grab3
9521,-1798,1362,9250,CD,1,D1_pwm175_grab3
9525,-168,1518,10604,CD,1,D1_pwm175_grab3
9531,-4002,-2116,9866,CD,1,D1_pwm175_grab3
9535,-4068,-3412,10100,CD,1,D1_pwm175_grab3
9540,1410,-16,9330,CD,1,D1_pwm175_grab3
9545,4698,2636,12254,CD,1,D1_pwm175_grab3
9551,-720,118,10754,CD,1,D1_pwm175_grab3
9555,-1262,-1566,9816,CD,1,D1_pwm175_grab3
9561,-960,784,10372,CD,1,D1_pwm175_grab3
9570,732,686,12820,CD,1,D1_pwm175_grab3
9575,76,-3864,8272,CD,1,D1_pwm175_grab3
9581,-6578,-3258,10774,CD,1,D1_pwm175_grab3
9586,-906,1614,9244,CD,1,D1_pwm175_grab3
9590,-548,1018,10940,CD,1,D1_pwm175_grab3
9596,-2034,-40,11976,CD,1,D1_pwm175_grab3
9600,-3768,-3346,9654,CD,1,D1_pwm175_grab3
9605,1994,1238,10096,CD,1,D1_pwm175_grab3
9610,4684,2760,11110,CD,1,D1_pwm175_grab3
9616,2712,810,11136,CD,1,D1_pwm175_grab3
9621,-792,-2410,9196,CD,1,D1_pwm175_grab3
9626,-1126,760,10370,CD,1,D1_pwm175_grab3
9630,5500,-780,8490,CD,1,D1_pwm175_grab3
9635,-2194,-2836,10256,CD,1,D1_pwm175_grab3
9641,530,-1454,10446,CD,1,D1_pwm175_grab3
9645,-7252,-2702,11052,CD,1,D1_pwm175_grab3
9651,-572,2016,9660,CD,1,D1_pwm175_grab3
9656,22,1390,10736,CD,1,D1_pwm175_grab3
9660,-6398,-1780,9850,CD,1,D1_pwm175_grab3
9666,-3506,-3340,9338,CD,1,D1_pwm175_grab3
9671,2316,1556,10246,CD,1,D1_pwm175_grab3
9680,-1506,202,9298,CD,1,D1_pwm175_grab3
9686,-384,-382,9824,CD,1,D1_pwm175_grab3
9691,-1064,-840,10314,CD,1,D1_pwm175_grab3
9696,4492,-1048,8792,CD,1,D1_pwm175_grab3
9701,-1660,-2578,10050,CD,1,D1_pwm175_grab3
9707,660,-996,10436,CD,1,D1_pwm175_grab3
9712,1394,1736,11418,CD,1,D1_pwm175_grab3
9716,-184,-2250,8930,CD,1,D1_pwm175_grab3
9722,-1084,868,10538,CD,1,D1_pwm175_grab3
9731,3126,-550,9026,CD,1,D1_pwm175_grab3
9736,2494,1248,9774,CD,1,D1_pwm175_grab3
9747,-2170,64,9422,CD,1,D1_pwm175_grab3
9752,-284,1648,10664,CD,1,D1_pwm175_grab3
9757,-3548,-1824,10148,CD,1,D1_pwm175_grab3
9761,-4426,-3370,10238,CD,1,D1_pwm175_grab3
9766,918,-128,9424,CD,1,D1_pwm175_grab3
9772,1084,-698,10498,CD,1,D1_pwm175_grab3
9781,2450,606,9378,CD,1,D1_pwm175_grab3
9786,-392,754,10382,CD,1,D1_pwm175_grab3
9797,1492,630,11966,CD,1,D1_pwm175_grab3
9802,250,-3166,8584,CD,1,D1_pwm175_grab3
9806,-4450,-3618,10098,CD,1,D1_pwm175_grab3
9811,-1678,1430,9384,CD,1,D1_pwm175_grab3
9816,-282,-438,9994,CD,1,D1_pwm175_grab3
9822,-948,-686,9802,CD,1,D1_pwm175_grab3
9826,3666,-1312,8746,CD,1,D1_pwm175_grab3
9832,1362,66,9364,CD,1,D1_pwm175_grab3
9837,3566,2510,11336,CD,1,D1_pwm175_grab3
9841,1972,1756,10902,CD,1,D1_pwm175_grab3
9846,-156,-2056,9014,CD,1,D1_pwm175_grab3
9851,-880,792,10144,CD,1,D1_pwm175_grab3
9856,32,716,11308,CD,1,D1_pwm175_grab3
9861,2534,-442,9064,CD,1,D1_pwm175_grab3
9866,2198,1082,10524,CD,1,D1_pwm175_grab3
9871,-3332,-3778,9294,CD,1,D1_pwm175_grab3
9877,-2054,1262,9624,CD,1,D1_pwm175_grab3
9881,316,1566,10078,CD,1,D1_pwm175_grab3
9887,-3670,-2092,10454,CD,1,D1_pwm175_grab3
9892,-4124,-3272,9646,CD,1,D1_pwm175_grab3
9896,1182,-182,9634,CD,1,D1_pwm175_grab3
9901,834,-1086,10484,CD,1,D1_pwm175_grab3
9911,2718,910,9508,CD,1,D1_pwm175_grab3
9917,-738,778,10078,CD,1,D1_pwm175_grab3
9926,2496,784,11840,CD,1,D1_pwm175_grab3
9932,748,-2648,8200,CD,1,D1_pwm175_grab3
9936,-1612,-3890,8222,CD,1,D1_pwm175_grab3
9942,-2554,1144,10004,CD,1,D1_pwm175_grab3
9948,362,1426,10118,CD,1,D1_pwm175_grab3
9952,-7332,-1192,11378,CD,1,D1_pwm175_grab3
9957,-712,-2748,9416,CD,1,D1_pwm175_grab3
9962,2016,2420,10786,CD,1,D1_pwm175_grab3
9967,5440,892,10540,CD,1,D1_pwm175_grab3
9973,2340,238,11422,CD,1,D1_pwm175_grab3
9978,-976,-1912,9474,CD,1,D1_pwm175_grab3
9982,-1056,466,10638,CD,1,D1_pwm175_grab3
9988,7966,1952,9190,CD,1,D1_pwm175_grab3
9993,-1596,-866,12888,CD,1,D1_pwm175_grab3
9997,-272,-4320,8658,CD,1,D1_pwm175_grab3
10008,182,1956,9704,CD,1,D1_pwm175_grab3
10012,-374,1236,10750,CD,1,D1_pwm175_grab3
10018,-6294,-1258,10734,CD,1,D1_pwm175_grab3
10022,-2270,-3022,9608,CD,1,D1_pwm175_grab3
10027,-470,-1704,9098,CD,1,D1_pwm175_grab3
10033,984,2360,10286,CD,1,D1_pwm175_grab3
10037,2750,418,11238,CD,1,D1_pwm175_grab3
10043,-798,-2310,9328,CD,1,D1_pwm175_grab3
10047,-1206,670,10446,CD,1,D1_pwm175_grab3
10057,-892,64,13096,CD,1,D1_pwm175_grab3
10063,54,-4504,8372,CD,1,D1_pwm175_grab3
10067,-6606,-2966,10956,CD,1,D1_pwm175_grab3
10073,-2890,598,9164,CD,1,D1_pwm175_grab3
10078,170,1496,10594,CD,1,D1_pwm175_grab3
10082,-5224,-1300,9820,CD,1,D1_pwm175_grab3
10088,-3994,-3138,9614,CD,1,D1_pwm175_grab3
10092,1758,1262,10278,CD,1,D1_pwm175_grab3
10097,4364,2970,11532,CD,1,D1_pwm175_grab3
10102,1858,860,10738,CD,1,D1_pwm175_grab3
10108,-264,-2458,9394,CD,1,D1_pwm175_grab3
10112,-694,602,10624,CD,1,D1_pwm175_grab3
10122,546,438,12908,CD,1,D1_pwm175_grab3
10127,372,-3904,8296,CD,1,D1_pwm175_grab3
10138,-2136,1810,9756,CD,1,D1_pwm175_grab3
10142,214,1544,10410,CD,1,D1_pwm175_grab3
10147,-3970,-1672,9804,CD,1,D1_pwm175_grab3
10152,-4790,-3290,9894,CD,1,D1_pwm175_grab3
10157,980,-78,9640,CD,1,D1_pwm175_grab3
10163,3488,3118,10848,CD,1,D1_pwm175_grab3
10167,634,1806,11150,CD,1,D1_pwm175_grab3
10172,318,-2114,9312,CD,1,D1_pwm175_grab3
10178,-844,942,10324,CD,1,D1_pwm175_grab3
10187,2068,650,12324,CD,1,D1_pwm175_grab3
10192,694,-2808,8374,CD,1,D1_pwm175_grab3
10203,1004,1906,10256,CD,1,D1_pwm175_grab3
10209,-246,1054,10848,CD,1,D1_pwm175_grab3
10214,-7230,-782,11040,CD,1,D1_pwm175_grab3
10218,-1388,-2938,9244,CD,1,D1_pwm175_grab3
10223,2208,2438,11002,CD,1,D1_pwm175_grab3
10228,5040,1770,10140,CD,1,D1_pwm175_grab3
10233,2410,128,11450,CD,1,D1_pwm175_grab3
10238,-522,96,9702,CD,1,D1_pwm175_grab3
10244,-1322,608,10454,CD,1,D1_pwm175_grab3
10259,14,-4604,8510,CD,1,D1_pwm175_grab3
10263,-7390,-2770,11058,CD,1,D1_pwm175_grab3
10268,-602,2340,10118,CD,1,D1_pwm175_grab3
10273,112,1436,10856,CD,1,D1_pwm175_grab3
10279,-1758,734,12170,CD,1,D1_pwm175_grab3
10284,-3636,-3196,9696,CD,1,D1_pwm175_grab3
10288,1666,1424,10572,CD,1,D1_pwm175_grab3
10293,4566,3038,11256,CD,1,D1_pwm175_grab3
10299,1858,604,11020,CD,1,D1_pwm175_grab3
10303,-474,-2640,9470,CD,1,D1_pwm175_grab3
10308,-1204,1020,10566,CD,1,D1_pwm175_grab3
10319,-1728,-2316,10858,CD,1,D1_pwm175_grab3
10323,-174,-2540,9566,CD,1,D1_pwm175_grab3
10329,-4506,-3756,10576,CD,1,D1_pwm175_grab3
10333,-2036,1890,9618,CD,1,D1_pwm175_grab3
10338,116,1550,10518,CD,1,D1_pwm175_grab3
10343,-4036,-1638,9684,CD,1,D1_pwm175_grab3
10348,-4776,-3224,9966,CD,1,D1_pwm175_grab3
10354,882,42,9748,CD,1,D1_pwm175_grab3
10359,5300,-108,9888,CD,1,D1_pwm175_grab3
10363,1422,-258,10498,CD,1,D1_pwm175_grab3
10368,204,-2182,9322,CD,1,D1_pwm175_grab3
10373,-920,956,10414,CD,1,D1_pwm175_grab3
10384,1864,582,12348,CD,1,D1_pwm175_grab3
10389,710,-2904,8404,CD,1,D1_pwm175_grab3
10394,-1074,-4388,8458,CD,1,D1_pwm175_grab3
10398,996,1944,10466,CD,1,D1_pwm175_grab3
10403,-192,1000,10844,CD,1,D1_pwm175_grab3
10413,-3144,-2636,10166,CD,1,D1_pwm175_grab3
10418,-150,-1362,8952,CD,1,D1_pwm175_grab3
10423,1172,2834,9848,CD,1,D1_pwm175_grab3
10428,-1234,2302,12372,CD,1,D1_pwm175_grab3
10434,1222,-1306,8792,CD,1,D1_pwm175_grab3
10438,-1316,850,10514,CD,1,D1_pwm175_grab3
10455,24,-4658,8474,CD,1,D1_pwm175_grab3
10465,-832,2314,10152,CD,1,D1_pwm175_grab3
10469,222,1460,10892,CD,1,D1_pwm175_grab3
10475,-5174,-1208,9902,CD,1,D1_pwm175_grab3
10480,1982,-1088,8794,CD,1,D1_pwm175_grab3
10485,2076,1998,10864,CD,1,D1_pwm175_grab3
10496,222,-318,9426,CD,1,D1_pwm175_grab3
10499,-244,-2606,9530,CD,1,D1_pwm175_grab3
10505,-1156,1242,10658,CD,1,D1_pwm175_grab3
10514,828,276,12846,CD,1,D1_pwm175_grab3
10520,-292,-3190,9192,CD,1,D1_pwm175_grab3
10530,1722,1770,10342,CD,1,D1_pwm175_grab3
10535,-344,476,10850,CD,1,D1_pwm175_grab3
10539,-3214,-2032,9932,CD,1,D1_pwm175_grab3
10544,-4284,-2982,9968,CD,1,D1_pwm175_grab3
10550,388,-568,9478,CD,1,D1_pwm175_grab3
10554,2016,3248,10124,CD,1,D1_pwm175_grab3
10559,-126,2098,11880,CD,1,D1_pwm175_grab3
10565,-876,-1874,9478,CD,1,D1_pwm175_grab3
10569,-1156,622,10526,CD,1,D1_pwm175_grab3
10580,-1372,-780,12976,CD,1,D1_pwm175_grab3
10585,1200,-1912,8756,CD,1,D1_pwm175_grab3
10589,1728,-4276,7928,CD,1,D1_pwm175_grab3
10594,-2592,804,9262,CD,1,D1_pwm175_grab3
10599,-124,1222,9920,CD,1,D1_pwm175_grab3
10605,-5454,-946,10122,CD,1,D1_pwm175_grab3
10610,-3552,-2932,9940,CD,1,D1_pwm175_grab3
10615,1804,1550,10592,CD,1,D1_pwm175_grab3
10620,4324,3010,11494,CD,1,D1_pwm175_grab3
10624,-4526,2394,12990,CD,1,D1_pwm175_grab3
10630,2220,-160,8626,CD,1,D1_pwm175_grab3
10634,-760,380,10554,CD,1,D1_pwm175_grab3
10639,994,1114,10766,CD,1,D1_pwm175_grab3
10644,728,412,12540,CD,1,D1_pwm175_grab3
10650,412,-4010,8224,CD,1,D1_pwm175_grab3
10655,-3108,-4134,9530,CD,1,D1_pwm175_grab3
10659,-2354,1724,9862,CD,1,D1_pwm175_grab3
10664,474,1634,10360,CD,1,D1_pwm175_grab3
10669,848,-1148,10964,CD,1,D1_pwm175_grab3
10674,6164,-46,8762,CD,1,D1_pwm175_grab3
10679,-1786,-2484,9926,CD,1,D1_pwm175_grab3
10685,1434,3336,9686,CD,1,D1_pwm175_grab3
10690,-484,2114,11714,CD,1,D1_pwm175_grab3
10694,958,-1598,9214,CD,1,D1_pwm175_grab3
10700,-526,1008,10444,CD,1,D1_pwm175_grab3
10705,6268,1466,8450,CD,1,D1_pwm175_grab3
10710,2916,84,11604,CD,1,D1_pwm175_grab3
10716,1258,-1600,8810,CD,1,D1_pwm175_grab3
10721,2932,-4194,8402,CD,1,D1_pwm175_grab3
10726,-594,2138,9976,CD,1,D1_pwm175_grab3
10730,-208,1204,10548,CD,1,D1_pwm175_grab3
10735,-4844,-858,10238,CD,1,D1_pwm175_grab3
10740,-3540,-2844,10338,CD,1,D1_pwm175_grab3
10746,1802,1192,10050,CD,1,D1_pwm175_grab3
10752,4124,2972,11834,CD,1,D1_pwm175_grab3
10761,2192,204,8990,CD,1,D1_pwm175_grab3
10766,-1186,1166,10190,CD,1,D1_pwm175_grab3
10775,1190,478,11892,CD,1,D1_pwm175_grab3
10780,538,-3744,8100,CD,1,D1_pwm175_grab3
10785,-2524,-4380,8718,CD,1,D1_pwm175_grab3
10791,-2164,1424,9878,CD,1,D1_pwm175_grab3
10795,-876,-494,9756,CD,1,D1_pwm175_grab3
10800,894,-1050,10656,CD,1,D1_pwm175_grab3
10805,-3248,-2372,9540,CD,1,D1_pwm175_grab3
10811,494,-1040,9540,CD,1,D1_pwm175_grab3
10815,756,3138,9544,CD,1,D1_pwm175_grab3
10821,-1196,2056,11752,CD,1,D1_pwm175_grab3
10826,1370,-1264,8940,CD,1,D1_pwm175_grab3
10830,-522,890,10284,CD,1,D1_pwm175_grab3
10836,4490,1296,8340,CD,1,D1_pwm175_grab3
10841,-134,-2494,8918,CD,1,D1_pwm175_grab3
10845,1628,-778,9062,CD,1,D1_pwm175_grab3
10850,5266,-4092,9444,CD,1,D1_pwm175_grab3
10856,-2740,428,9156,CD,1,D1_pwm175_grab3
10860,-48,762,9792,CD,1,D1_pwm175_grab3
10866,-1356,-1956,9260,CD,1,D1_pwm175_grab3
10871,2592,-872,10002,CD,1,D1_pwm175_grab3
10876,-1214,-2442,9558,CD,1,D1_pwm175_grab3
10880,160,-4532,8482,CD,1,D1_pwm175_grab3
10891,2302,714,9668,CD,1,D1_pwm175_grab3
10895,-374,378,10580,CD,1,D1_pwm175_grab3
10901,-1826,598,12404,CD,1,D1_pwm175_grab3
10906,1410,-1630,8460,CD,1,D1_pwm175_grab3
10910,2278,2036,10930,CD,1,D1_pwm175_grab3
10921,-110,-360,9784,CD,1,D1_pwm175_grab3
10925,-724,-1004,9900,CD,1,D1_pwm175_grab3
10931,-104,-540,10048,CD,1,D1_pwm175_grab3
10940,-1644,-1306,12292,CD,1,D1_pwm175_grab3
10946,78,-3622,8806,CD,1,D1_pwm175_grab3
10956,734,1902,10630,CD,1,D1_pwm175_grab3
10960,-378,434,11022,CD,1,D1_pwm175_grab3
10967,610,696,9744,CD,1,D1_pwm175_grab3
10971,2800,-814,9670,CD,1,D1_pwm175_grab3
10976,2110,872,9832,CD,1,D1_pwm175_grab3
10986,-1038,222,9036,CD,1,D1_pwm175_grab3
10991,-422,14,9648,CD,1,D1_pwm175_grab3
10996,792,-1430,10410,CD,1,D1_pwm175_grab3
11008,52,-1058,8962,CD,1,D1_pwm175_grab3
11011,-144,-2190,9520,CD,1,D1_pwm175_grab3
11021,1912,1340,10568,CD,1,D1_pwm175_grab3
11026,-262,296,10718,CD,1,D1_pwm175_grab3
11036,-466,-2842,8694,CD,1,D1_pwm175_grab3
11041,2100,2868,11578,CD,1,D1_pwm175_grab3
11051,2086,-402,11054,CD,1,D1_pwm175_grab3
11056,-622,-1992,9600,CD,1,D1_pwm175_grab3
11061,-1140,572,10152,CD,1,D1_pwm175_grab3
11081,-6040,-3064,11098,CD,1,D1_pwm175_grab3
11087,2340,968,9714,CD,1,D1_pwm175_grab3
11092,-600,236,10642,CD,1,D1_pwm175_grab3
11096,-4632,-676,10388,CD,1,D1_pwm175_grab3
11102,-4160,-3076,9778,CD,1,D1_pwm175_grab3
11106,1330,770,10190,CD,1,D1_pwm175_grab3
11112,3356,3284,10676,CD,1,D1_pwm175_grab3
11117,494,1190,10808,CD,1,D1_pwm175_grab3
11122,484,-2122,9456,CD,1,D1_pwm175_grab3
11126,-754,-502,10462,CD,1,D1_pwm175_grab3
11136,2066,352,12034,CD,1,D1_pwm175_grab3
11141,894,-3026,8324,CD,1,D1_pwm175_grab3
11146,358,-4534,7846,CD,1,D1_pwm175_grab3
11152,-2634,1152,9758,CD,1,D1_pwm175_grab3
11157,190,1174,10060,CD,1,D1_pwm175_grab3
11162,-2220,-1866,9732,CD,1,D1_pwm175_grab3
11166,-806,-1828,10414,CD,1,D1_pwm175_grab3
11172,1724,2008,10318,CD,1,D1_pwm175_grab3
11176,4596,2826,11960,CD,1,D1_pwm175_grab3
11186,1918,-218,8946,CD,1,D1_pwm175_grab3
11192,-556,796,10674,CD,1,D1_pwm175_grab3
11196,1050,580,10400,CD,1,D1_pwm175_grab3
11202,2356,-826,9464,CD,1,D1_pwm175_grab3
11206,2066,714,10342,CD,1,D1_pwm175_grab3
11216,-2078,1450,10022,CD,1,D1_pwm175_grab3
11222,244,1380,10084,CD,1,D1_pwm175_grab3
11227,-2946,-1764,10824,CD,1,D1_pwm175_grab3
11233,-2850,-2132,9472,CD,1,D1_pwm175_grab3
11237,562,-992,9522,CD,1,D1_pwm175_grab3
11242,760,3308,9658,CD,1,D1_pwm175_grab3
11247,-1366,1666,11710,CD,1,D1_pwm175_grab3
11252,-676,-2034,9518,CD,1,D1_pwm175_grab3
11258,-934,658,10686,CD,1,D1_pwm175_grab3
11267,2986,-264,10852,CD,1,D1_pwm175_grab3
11272,1746,-666,9120,CD,1,D1_pwm175_grab3
11277,6198,-4192,9896,CD,1,D1_pwm175_grab3
11282,-2340,672,9140,CD,1,D1_pwm175_grab3
11287,-136,486,9828,CD,1,D1_pwm175_grab3
11292,-3342,-940,10876,CD,1,D1_pwm175_grab3
11297,-3754,-2610,10382,CD,1,D1_pwm175_grab3
11302,724,-30,9368,CD,1,D1_pwm175_grab3
11307,544,-572,10296,CD,1,D1_pwm175_grab3
11312,-8430,1880,12342,CD,1,D1_pwm175_grab3
11317,2174,890,10086,CD,1,D1_pwm175_grab3
11323,-294,508,10816,CD,1,D1_pwm175_grab3
11328,-3738,292,12714,CD,1,D1_pwm175_grab3
11333,2654,276,10772,CD,1,D1_pwm175_grab3
11338,1000,-2058,8796,CD,1,D1_pwm175_grab3
11342,2372,-4338,8550,CD,1,D1_pwm175_grab3
11348,-2192,1084,9446,CD,1,D1_pwm175_grab3
11352,-578,-1278,9776,CD,1,D1_pwm175_grab3
11357,-794,-666,9856,CD,1,D1_pwm175_grab3
11372,994,668,10834,CD,1,D1_pwm175_grab3
11378,-6290,1874,12672,CD,1,D1_pwm175_grab3
11382,2210,340,8956,CD,1,D1_pwm175_grab3
11387,-638,620,10530,CD,1,D1_pwm175_grab3
11393,-5756,64,10162,CD,1,D1_pwm175_grab3
11398,-3512,-3316,9852,CD,1,D1_pwm175_grab3
11403,1424,1480,10372,CD,1,D1_pwm175_grab3
11408,4474,3154,11682,CD,1,D1_pwm175_grab3
11413,790,138,9636,CD,1,D1_pwm175_grab3
11418,-720,-582,9616,CD,1,D1_pwm175_grab3
11423,-242,-1180,10356,CD,1,D1_pwm175_grab3
11433,-1434,-1586,12276,CD,1,D1_pwm175_grab3
11438,744,-3688,8284,CD,1,D1_pwm175_grab3
11448,-2348,1240,9846,CD,1,D1_pwm175_grab3
11453,-442,500,10550,CD,1,D1_pwm175_grab3
11458,-6620,-98,10500,CD,1,D1_pwm175_grab3
11462,-1802,-2982,9624,CD,1,D1_pwm175_grab3
11468,1914,2528,10758,CD,1,D1_pwm175_grab3
11473,4648,2480,11260,CD,1,D1_pwm175_grab3
11479,2394,236,10956,CD,1,D1_pwm175_grab3
11484,-268,-1972,9504,CD,1,D1_pwm175_grab3
11488,-1126,864,10292,CD,1,D1_pwm175_grab3
11493,7462,694,8640,CD,1,D1_pwm175_grab3
11499,-1746,-2314,10696,CD,1,D1_pwm175_grab3
11504,-32,-2324,9316,CD,1,D1_pwm175_grab3
11513,1680,1286,10268,CD,1,D1_pwm175_grab3
11518,-680,560,10864,CD,1,D1_pwm175_grab3
11524,-3304,-1372,10624,CD,1,D1_pwm175_grab3
11529,-3334,-2486,9412,CD,1,D1_pwm175_grab3
11533,1738,2686,11372,CD,1,D1_pwm175_grab3
11538,5552,1246,10514,CD,1,D1_pwm175_grab3
11543,2572,64,11128,CD,1,D1_pwm175_grab3
11548,-540,-1674,9518,CD,1,D1_pwm175_grab3
11554,-960,180,10688,CD,1,D1_pwm175_grab3
11564,2862,-174,11296,CD,1,D1_pwm175_grab3
11568,1566,-1204,8984,CD,1,D1_pwm175_grab3
11574,-6438,-2906,11150,CD,1,D1_pwm175_grab3
11579,-1350,1676,9720,CD,1,D1_pwm175_grab3
11584,-408,856,10522,CD,1,D1_pwm175_grab3
11588,-3794,-608,10786,CD,1,D1_pwm175_grab3
11594,-3566,-2736,10406,CD,1,D1_pwm175_grab3
11598,1010,458,9446,CD,1,D1_pwm175_grab3
11603,2620,3222,10698,CD,1,D1_pwm175_grab3
11609,-7630,1574,12404,CD,1,D1_pwm175_grab3
11614,618,-1488,8948,CD,1,D1_pwm175_grab3
11618,-700,1198,10332,CD,1,D1_pwm175_grab3
11629,2330,412,10978,CD,1,D1_pwm175_grab3
11634,938,-2644,8526,CD,1,D1_pwm175_grab3
11639,778,-4290,8172,CD,1,D1_pwm175_grab3
11643,-2250,964,9574,CD,1,D1_pwm175_grab3
11648,-736,-1064,9850,CD,1,D1_pwm175_grab3
11653,-2146,-1794,10110,CD,1,D1_pwm175_grab3
11659,544,-1242,9972,CD,1,D1_pwm175_grab3
11663,-462,-2274,9222,CD,1,D1_pwm175_grab3
11669,1296,1324,10662,CD,1,D1_pwm175_grab3
11674,-4978,1808,12232,CD,1,D1_pwm175_grab3
11678,2270,82,8842,CD,1,D1_pwm175_grab3
11684,-596,1004,10480,CD,1,D1_pwm175_grab3
11688,-532,106,10648,CD,1,D1_pwm175_grab3
11693,-2966,-3300,9762,CD,1,D1_pwm175_grab3
11699,2192,1246,10290,CD,1,D1_pwm175_grab3
11703,6002,-2472,9608,CD,1,D1_pwm175_grab3
11709,-92,444,9340,CD,1,D1_pwm175_grab3
11713,-550,-528,9722,CD,1,D1_pwm175_grab3
11718,284,-1288,10216,CD,1,D1_pwm175_grab3
11729,-1618,-1766,11714,CD,1,D1_pwm175_grab3
11734,1174,2540,10710,CD,1,D1_pwm175_grab3
11739,-3116,1684,12164,CD,1,D1_pwm175_grab3
11744,2098,-254,8528,CD,1,D1_pwm175_grab3
11750,-530,1116,10818,CD,1,D1_pwm175_grab3
11754,1936,74,9738,CD,1,D1_pwm175_grab3
11760,2646,-552,9982,CD,1,D1_pwm175_grab3
11764,1586,200,10114,CD,1,D1_pwm175_grab3
11770,7256,-3488,10026,CD,1,D1_pwm175_grab3
11776,-2446,1312,9704,CD,1,D1_pwm175_grab3
11779,-702,-260,9602,CD,1,D1_pwm175_grab3
11784,484,-1488,10880,CD,1,D1_pwm175_grab3
11789,6582,614,9312,CD,1,D1_pwm175_grab3
11795,-1654,-2446,10200,CD,1,D1_pwm175_grab3
11800,-52,-1916,9570,CD,1,D1_pwm175_grab3
11809,1854,1322,10114,CD,1,D1_pwm175_grab3
11814,-388,1226,10810,CD,1,D1_pwm175_grab3
11819,-6808,-304,11598,CD,1,D1_pwm175_grab3
11824,-120,-2870,8984,CD,1,D1_pwm175_grab3
11829,2012,2598,11232,CD,1,D1_pwm175_grab3
11835,5344,810,10092,CD,1,D1_pwm175_grab3
11839,2474,322,11040,CD,1,D1_pwm175_grab3
11844,-670,-1448,9510,CD,1,D1_pwm175_grab3
11849,-1054,-228,10380,CD,1,D1_pwm175_grab3
11860,-1498,-2538,9552,CD,1,D1_pwm175_grab3
11870,-6632,-2594,11282,CD,1,D1_pwm175_grab3
11874,-1404,1506,9760,CD,1,D1_pwm175_grab3
11880,-414,882,10240,CD,1,D1_pwm175_grab3
11884,-3912,-776,10688,CD,1,D1_pwm175_grab3
11889,-3550,-2944,10190,CD,1,D1_pwm175_grab3
11895,1240,504,9602,CD,1,D1_pwm175_grab3
11899,5898,-124,9698,CD,1,D1_pwm175_grab3
11904,1092,1330,11010,CD,1,D1_pwm175_grab3
11909,700,-1316,9176,CD,1,D1_pwm175_grab3
11915,-654,1046,10248,CD,1,D1_pwm175_grab3
11925,2396,454,10972,CD,1,D1_pwm175_grab3
11929,1058,-2304,8478,CD,1,D1_pwm175_grab3
11935,1856,-4010,8674,CD,1,D1_pwm175_grab3
11939,-556,1556,9920,CD,1,D1_pwm175_grab3
11944,-660,948,10774,CD,1,D1_pwm175_grab3
11950,-2110,-1556,9730,CD,1,D1_pwm175_grab3
11955,1636,-1166,9992,CD,1,D1_pwm175_grab3
11960,-766,-2306,9594,CD,1,D1_pwm175_grab3
11965,1080,742,10658,CD,1,D1_pwm175_grab3
11970,-6298,1642,12134,CD,1,D1_pwm175_grab3
11975,2372,222,9194,CD,1,D1_pwm175_grab3
11979,-710,972,10568,CD,1,D1_pwm175_grab3
11990,1968,794,11058,CD,1,D1_pwm175_grab3
11996,820,-2890,8636,CD,1,D1_pwm175_grab3
12001,32,-3934,8042,CD,1,D1_pwm175_grab3
12005,-2282,1010,9664,CD,1,D1_pwm175_grab3
12010,-296,580,9634,CD,1,D1_pwm175_grab3
12015,-1714,-1440,10618,CD,1,D1_pwm175_grab3
12021,-3590,-3530,9772,CD,1,D1_pwm175_grab3
12025,1546,1332,10346,CD,1,D1_pwm175_grab3
12030,4408,3038,11670,CD,1,D1_pwm175_grab3
12036,-5276,1618,12540,CD,1,D1_pwm175_grab3
12040,2410,376,8670,CD,1,D1_pwm175_grab3
12046,-478,1016,10908,CD,1,D1_pwm175_grab3
12051,-1140,-218,11338,CD,1,D1_pwm175_grab3
12056,1630,-1266,8862,CD,1,D1_pwm175_grab3
12060,762,-3308,8402,CD,1,D1_pwm175_grab3
12065,-262,-3916,8152,CD,1,D1_pwm175_grab3
12070,-2446,900,9680,CD,1,D1_pwm175_grab3
12076,-774,-866,9692,CD,1,D1_pwm175_grab3
12080,-494,-1102,10370,CD,1,D1_pwm175_grab3
12091,-1662,-1462,12092,CD,1,D1_pwm175_grab3
12095,-158,-3494,8710,CD,1,D1_pwm175_grab3
12100,-4464,1786,12478,CD,1,D1_pwm175_grab3
12105,2264,130,9008,CD,1,D1_pwm175_grab3
12111,-398,1086,10802,CD,1,D1_pwm175_grab3
12115,178,-54,11018,CD,1,D1_pwm175_grab3
12120,-2480,-3184,10010,CD,1,D1_pwm175_grab3
12125,1874,1580,10260,CD,1,D1_pwm175_grab3
12130,4534,2384,12018,CD,1,D1_pwm175_grab3
12135,2306,988,10642,CD,1,D1_pwm175_grab3
12140,-728,-882,9780,CD,1,D1_pwm175_grab3
12145,-12,-898,10484,CD,1,D1_pwm175_grab3
12155,-1754,-1368,11958,CD,1,D1_pwm175_grab3
12161,342,-3388,8360,CD,1,D1_pwm175_grab3
12165,-2028,-3758,8284,CD,1,D1_pwm175_grab3
12171,-2206,940,9946,CD,1,D1_pwm175_grab3
12175,-114,816,9762,CD,1,D1_pwm175_grab3
12180,-6358,-452,10458,CD,1,D1_pwm175_grab3
12185,-2824,-3256,10034,CD,1,D1_pwm175_grab3
12191,1516,1372,10872,CD,1,D1_pwm175_grab3
12196,5130,2572,12274,CD,1,D1_pwm175_grab3
12201,2110,802,10912,CD,1,D1_pwm175_grab3
12206,2136,-26,8638,CD,1,D1_pwm175_grab3
12210,-398,1034,10246,CD,1,D1_pwm175_grab3
12216,300,144,9870,CD,1,D1_pwm175_grab3
12221,932,1050,11938,CD,1,D1_pwm175_grab3
12226,500,-3474,8602,CD,1,D1_pwm175_grab3
12230,-1892,-3764,8930,CD,1,D1_pwm175_grab3
12236,-2402,1120,9910,CD,1,D1_pwm175_grab3
12240,-372,818,10026,CD,1,D1_pwm175_grab3
12246,-1956,-1090,11110,CD,1,D1_pwm175_grab3
12252,-1534,-1770,9898,CD,1,D1_pwm175_grab3
12257,-316,-1696,8640,CD,1,D1_pwm175_grab3
12261,4534,2512,11094,CD,1,D1_pwm175_grab3
12267,1882,520,10708,CD,1,D1_pwm175_grab3
12271,-186,-2006,9670,CD,1,D1_pwm175_grab3
12276,-902,128,10236,CD,1,D1_pwm175_grab3
12292,1688,376,10292,CD,1,D1_pwm175_grab3
12297,6792,-2976,10008,CD,1,D1_pwm175_grab3
12302,-2670,1092,9902,CD,1,D1_pwm175_grab3
12306,-142,1024,10136,CD,1,D1_pwm175_grab3
12312,-2538,-712,10322,CD,1,D1_pwm175_grab3
12316,-2288,-2242,9950,CD,1,D1_pwm175_grab3
12321,54,-1302,9382,CD,1,D1_pwm175_grab3
12326,1482,2816,10454,CD,1,D1_pwm175_grab3
12336,1364,1518,10320,CD,1,D1_pwm175_grab3
12341,-600,1120,11238,CD,1,D1_pwm175_grab3
12346,2380,-28,9594,CD,1,D1_pwm175_grab3
12351,2374,-624,10082,CD,1,D1_pwm175_grab3
12357,1860,26,10028,CD,1,D1_pwm175_grab3
12361,6532,-3064,9828,CD,1,D1_pwm175_grab3
12366,-1552,376,8840,CD,1,D1_pwm175_grab3
12372,-754,-640,9656,CD,1,D1_pwm175_grab3
12376,-1012,-114,10380,CD,1,D1_pwm175_grab3
12386,-1700,-1736,11140,CD,1,D1_pwm175_grab3
12392,324,-2284,9654,CD,1,D1_pwm175_grab3
12402,1470,1280,10666,CD,1,D1_pwm175_grab3
12406,-466,1158,11292,CD,1,D1_pwm175_grab3
12411,-7130,-494,10998,CD,1,D1_pwm175_grab3
12416,-2180,-2044,9556,CD,1,D1_pwm175_grab3
12422,334,-1158,9086,CD,1,D1_pwm175_grab3
12426,5124,1856,11080,CD,1,D1_pwm175_grab3
12431,2212,288,11080,CD,1,D1_pwm175_grab3
12436,-458,-1836,9658,CD,1,D1_pwm175_grab3
12441,-1076,-12,10456,CD,1,D1_pwm175_grab3
12451,36,766,12570,CD,1,D1_pwm175_grab3
12456,334,-3954,8428,CD,1,D1_pwm175_grab3
12462,6782,-3254,10122,CD,1,D1_pwm175_grab3
12467,-2272,1312,10174,CD,1,D1_pwm175_grab3
12472,-340,1058,10124,CD,1,D1_pwm175_grab3
12476,-2098,-852,10910,CD,1,D1_pwm175_grab3
12481,-2486,-2144,9882,CD,1,D1_pwm175_grab3
12486,38,-1204,8840,CD,1,D1_pwm175_grab3
12491,1278,2944,10516,CD,1,D1_pwm175_grab3
12496,-2592,1698,12212,CD,1,D1_pwm175_grab3
12503,2110,-320,8722,CD,1,D1_pwm175_grab3
12507,-944,46,10150,CD,1,D1_pwm175_grab3
12517,212,682,12716,CD,1,D1_pwm175_grab3
12523,484,-3976,8280,CD,1,D1_pwm175_grab3
12527,-2908,-3578,9500,CD,1,D1_pwm175_grab3
12532,-2634,1316,10272,CD,1,D1_pwm175_grab3
12538,56,1156,10246,CD,1,D1_pwm175_grab3
12542,-2784,-746,10386,CD,1,D1_pwm175_grab3
12547,-2662,-2446,9614,CD,1,D1_pwm175_grab3
12552,296,-972,9538,CD,1,D1_pwm175_grab3
12557,1486,2930,10288,CD,1,D1_pwm175_grab3
12563,-2434,1722,12018,CD,1,D1_pwm175_grab3
12567,2042,-366,8904,CD,1,D1_pwm175_grab3
12572,-308,796,10558,CD,1,D1_pwm175_grab3
12577,2234,30,9434,CD,1,D1_pwm175_grab3
12583,2314,-722,10270,CD,1,D1_pwm175_grab3
12588,1960,56,9784,CD,1,D1_pwm175_grab3
12592,6166,-2996,9744,CD,1,D1_pwm175_grab3
12598,-1522,312,8854,CD,1,D1_pwm175_grab3
12602,-784,-612,9706,CD,1,D1_pwm175_grab3
12607,1016,-788,10292,CD,1,D1_pwm175_grab3
12613,7900,1166,9054,CD,1,D1_pwm175_grab3
12618,-1592,-1554,11434,CD,1,D1_pwm175_grab3
12622,258,-2454,9472,CD,1,D1_pwm175_grab3
12628,-2696,1470,11938,CD,1,D1_pwm175_grab3
12632,1142,1408,10920,CD,1,D1_pwm175_grab3
12637,-298,1048,11322,CD,1,D1_pwm175_grab3
12642,-7306,-574,10770,CD,1,D1_pwm175_grab3
12648,-2338,-3502,9224,CD,1,D1_pwm175_grab3
12652,1974,1502,10970,CD,1,D1_pwm175_grab3
12657,4690,2274,11350,CD,1,D1_pwm175_grab3
12662,2018,212,10550,CD,2,D1_pwm175_grab3
12668,-636,-632,9606,CD,2,D1_pwm175_grab3
12672,-1022,242,10358,CD,2,D1_pwm175_grab3
12682,594,662,12606,CD,2,D1_pwm175_grab3
12688,550,-3728,8464,CD,2,D1_pwm175_grab3
12693,-1300,-3538,8834,CD,2,D1_pwm175_grab3
12697,-2290,1294,10276,CD,2,D1_pwm175_grab3
12702,-312,1066,9914,CD,2,D1_pwm175_grab3
12707,-6410,-432,10614,CD,2,D1_pwm175_grab3
12713,-2352,-3470,9394,CD,2,D1_pwm175_grab3
12718,-356,-1492,9106,CD,2,D1_pwm175_grab3
12722,1774,2236,11036,CD,2,D1_pwm175_grab3
12728,-3992,1876,12660,CD,2,D1_pwm175_grab3
12732,2450,-46,8856,CD,2,D1_pwm175_grab3
12737,-458,698,10714,CD,2,D1_pwm175_grab3
12743,320,-206,10950,CD,2,D1_pwm175_grab3
12747,982,594,11800,CD,2,D1_pwm175_grab3
12752,616,-3474,8126,CD,2,D1_pwm175_grab3
12758,-1478,-3860,8266,CD,2,D1_pwm175_grab3
12763,-2394,1258,10446,CD,2,D1_pwm175_grab3
12769,134,1112,10032,CD,2,D1_pwm175_grab3
12773,-2304,-1048,9912,CD,2,D1_pwm175_grab3
12778,-724,-1704,9866,CD,2,D1_pwm175_grab3
12783,-178,-1384,9496,CD,2,D1_pwm175_grab3
12789,4580,2232,12184,CD,2,D1_pwm175_grab3
12793,2038,632,10204,CD,2,D1_pwm175_grab3
12798,36,-1852,9370,CD,2,D1_pwm175_grab3
12804,-188,674,10520,CD,2,D1_pwm175_grab3
12809,-586,-68,11210,CD,2,D1_pwm175_grab3
12813,1576,-1478,9244,CD,2,D1_pwm175_grab3
12818,2200,1004,10252,CD,2,D1_pwm175_grab3
12823,5298,-1902,9638,CD,2,D1_pwm175_grab3
12828,-2110,1320,10442,CD,2,D1_pwm175_grab3
12833,-478,1026,9464,CD,2,D1_pwm175_grab3
12838,-1690,-1340,10562,CD,2,D1_pwm175_grab3
12848,-1584,-964,12924,CD,2,D1_pwm175_grab3
12853,110,-3382,8858,CD,2,D1_pwm175_grab3
12863,-276,1746,10752,CD,2,D1_pwm175_grab3
12869,-436,502,10770,CD,2,D1_pwm175_grab3
12873,-2230,-222,11856,CD,2,D1_pwm175_grab3
12879,1486,-1526,8626,CD,2,D1_pwm175_grab3
12884,1890,1282,10748,CD,2,D1_pwm175_grab3
12888,3728,2744,10842,CD,2,D1_pwm175_grab3
12894,868,704,10110,CD,2,D1_pwm175_grab3
12899,520,-1856,9612,CD,2,D1_pwm175_grab3
12903,-698,598,10266,CD,2,D1_pwm175_grab3
12914,-1522,-938,12604,CD,2,D1_pwm175_grab3
12918,-92,-3668,8688,CD,2,D1_pwm175_grab3
12929,-2590,918,9914,CD,2,D1_pwm175_grab3
12933,-324,852,9770,CD,2,D1_pwm175_grab3
12938,-1272,-1026,9654,CD,2,D1_pwm175_grab3
12944,1590,-922,10758,CD,2,D1_pwm175_grab3
12948,-860,-1786,9362,CD,2,D1_pwm175_grab3
12954,2798,2754,10554,CD,2,D1_pwm175_grab3
12959,1258,1008,10280,CD,2,D1_pwm175_grab3
12964,590,-1804,9138,CD,2,D1_pwm175_grab3
12968,-822,466,9956,CD,2,D1_pwm175_grab3
12974,-2946,-312,12824,CD,2,D1_pwm175_grab3
12978,492,-2164,8176,CD,2,D1_pwm175_grab3
12983,2234,1338,11108,CD,2,D1_pwm175_grab3
12989,5558,-578,9412,CD,2,D1_pwm175_grab3
12993,-2464,974,9792,CD,2,D1_pwm175_grab3
12998,-142,804,9688,CD,2,D1_pwm175_grab3
13004,-1350,-1188,9472,CD,2,D1_pwm175_grab3
13009,2822,-484,10444,CD,2,D1_pwm175_grab3
13015,-894,-1968,9552,CD,2,D1_pwm175_grab3
13019,608,426,10628,CD,2,D1_pwm175_grab3
13030,2490,636,9704,CD,2,D1_pwm175_grab3
13035,-788,632,10360,CD,2,D1_pwm175_grab3
13039,7094,942,8646,CD,2,D1_pwm175_grab3
13044,2544,326,10698,CD,2,D1_pwm175_grab3
13049,1034,-1996,8872,CD,2,D1_pwm175_grab3
13054,4470,-4042,9482,CD,2,D1_pwm175_grab3
13059,1808,-104,10610,CD,2,D1_pwm175_grab3
13065,-610,-1488,9626,CD,2,D1_pwm175_grab3
13069,-804,-146,9786,CD,2,D1_pwm175_grab3
13074,3700,-54,10598,CD,2,D1_pwm175_grab3
13079,-1294,-2038,8990,CD,2,D1_pwm175_grab3
13085,548,162,10800,CD,2,D1_pwm175_grab3
13094,2360,1124,9798,CD,2,D1_pwm175_grab3
13100,256,1280,10814,CD,2,D1_pwm175_grab3
13105,-4004,-820,11032,CD,2,D1_pwm175_grab3
13110,-3652,-3178,9292,CD,2,D1_pwm175_grab3
13115,1728,1846,11338,CD,2,D1_pwm175_grab3
13120,5436,-168,9700,CD,2,D1_pwm175_grab3
13125,2086,-270,10794,CD,2,D1_pwm175_grab3
13130,-768,-1772,9362,CD,2,D1_pwm175_grab3
13134,-1020,-122,10324,CD,2,D1_pwm175_grab3
13145,2748,-70,11204,CD,2,D1_pwm175_grab3
13150,1576,-1538,8748,CD,2,D1_pwm175_grab3
13154,-5972,-2560,11166,CD,2,D1_pwm175_grab3
13159,-1318,2034,10156,CD,2,D1_pwm175_grab3
13165,-488,1254,10580,CD,2,D1_pwm175_grab3
13170,-3286,-1076,11410,CD,2,D1_pwm175_grab3
13175,-3408,-2822,9618,CD,2,D1_pwm175_grab3
13179,784,-46,9318,CD,2,D1_pwm175_grab3
13185,376,-378,10456,CD,2,D1_pwm175_grab3
13195,1326,-1190,8408,CD,2,D1_pwm175_grab3
13200,-736,502,10140,CD,2,D1_pwm175_grab3
13204,4424,738,8382,CD,2,D1_pwm175_grab3
13209,2968,-42,10734,CD,2,D1_pwm175_grab3
13215,1386,-1174,8966,CD,2,D1_pwm175_grab3
13219,6536,-4014,10218,CD,2,D1_pwm175_grab3
13224,-2142,884,9020,CD,2,D1_pwm175_grab3
13230,-510,-1836,9616,CD,2,D1_pwm175_grab3
13235,676,-1120,10438,CD,2,D1_pwm175_grab3
13240,5816,572,10108,CD,2,D1_pwm175_grab3
13245,-1420,-2126,9814,CD,2,D1_pwm175_grab3
13249,118,-892,10340,CD,2,D1_pwm175_grab3
13259,2052,1216,10394,CD,2,D1_pwm175_grab3
13264,-608,392,10782,CD,2,D1_pwm175_grab3
13270,-7148,-456,11340,CD,2,D1_pwm175_grab3
13276,2614,-42,10498,CD,2,D1_pwm175_grab3
13281,1628,-988,9496,CD,2,D1_pwm175_grab3
13285,6812,-3848,9916,CD,2,D1_pwm175_grab3
13290,-2148,696,8958,CD,2,D1_pwm175_grab3
13296,-738,-42,9556,CD,2,D1_pwm175_grab3
13300,1288,-892,11028,CD,2,D1_pwm175_grab3
13306,6076,740,9734,CD,2,D1_pwm175_grab3
13312,-1828,-2120,10306,CD,2,D1_pwm175_grab3
13315,98,-1228,10386,CD,2,D1_pwm175_grab3
13325,1830,1404,10456,CD,2,D1_pwm175_grab3
13331,-500,522,11176,CD,2,D1_pwm175_grab3
13335,-7326,-422,10924,CD,2,D1_pwm175_grab3
13341,-1090,-3016,9204,CD,2,D1_pwm175_grab3
13346,1580,1732,11382,CD,2,D1_pwm175_grab3
13351,5324,1126,10816,CD,2,D1_pwm175_grab3
13356,1916,-372,10506,CD,2,D1_pwm175_grab3
13361,-556,-2166,9328,CD,2,D1_pwm175_grab3
13366,-984,580,10490,CD,2,D1_pwm175_grab3
13376,-2,208,12054,CD,2,D1_pwm175_grab3
13380,36,-3850,8382,CD,2,D1_pwm175_grab3
13385,-3404,-3286,9824,CD,2,D1_pwm175_grab3
13391,-1758,2092,10792,CD,2,D1_pwm175_grab3
13396,-198,412,11126,CD,2,D1_pwm175_grab3
13400,-2198,-1374,11358,CD,2,D1_pwm175_grab3
13406,-2600,-2160,9454,CD,2,D1_pwm175_grab3
13410,56,-740,8950,CD,2,D1_pwm175_grab3
13415,1356,2762,10604,CD,2,D1_pwm175_grab3
13420,-2886,1350,11992,CD,2,D1_pwm175_grab3
13426,1974,-688,8064,CD,2,D1_pwm175_grab3
13430,-780,414,10466,CD,2,D1_pwm175_grab3
13440,2750,-520,10066,CD,2,D1_pwm175_grab3
13446,1624,-274,9866,CD,2,D1_pwm175_grab3
13451,6416,-3508,9812,CD,2,D1_pwm175_grab3
13455,-800,592,9036,CD,2,D1_pwm175_grab3
13461,-936,-276,9514,CD,2,D1_pwm175_grab3
13465,670,-802,10990,CD,2,D1_pwm175_grab3
13475,-16,-806,9484,CD,2,D1_pwm175_grab3
13481,1676,2894,10922,CD,2,D1_pwm175_grab3
13490,1168,1762,10288,CD,2,D1_pwm175_grab3
13496,-664,386,11014,CD,2,D1_pwm175_grab3
13501,-6932,-548,10520,CD,2,D1_pwm175_grab3
13505,-1718,-3128,9244,CD,2,D1_pwm175_grab3
13511,1728,1926,10844,CD,2,D1_pwm175_grab3
13516,5018,1568,11582,CD,2,D1_pwm175_grab3
13520,-1234,302,9088,CD,2,D1_pwm175_grab3
13527,-806,-410,9706,CD,2,D1_pwm175_grab3
13532,852,-742,10874,CD,2,D1_pwm175_grab3
13536,7696,1030,8738,CD,2,D1_pwm175_grab3
13542,-1826,-1886,11176,CD,2,D1_pwm175_grab3
13546,58,-1762,9990,CD,2,D1_pwm175_grab3
13556,1934,-814,8396,CD,2,D1_pwm175_grab3
13561,-468,430,10250,CD,2,D1_pwm175_grab3
13568,1452,488,9650,CD,2,D1_pwm175_grab3
13572,-1886,-3068,9392,CD,2,D1_pwm175_grab3
13577,1816,1612,11282,CD,2,D1_pwm175_grab3
13582,5214,1730,11342,CD,2,D1_pwm175_grab3
13587,1682,-436,10402,CD,2,D1_pwm175_grab3
13591,-496,-2200,9342,CD,2,D1_pwm175_grab3
13597,-1064,752,10466,CD,2,D1_pwm175_grab3
13601,7734,840,8982,CD,2,D1_pwm175_grab3
13606,-1776,-1734,11286,CD,2,D1_pwm175_grab3
13611,48,-3864,8278,CD,2,D1_pwm175_grab3
13616,-2804,-3584,9522,CD,2,D1_pwm175_grab3
13621,-2008,2062,10868,CD,2,D1_pwm175_grab3
13626,-186,1446,10534,CD,2,D1_pwm175_grab3
13632,-2116,-1500,11000,CD,2,D1_pwm175_grab3
13636,-2678,-2280,9652,CD,2,D1_pwm175_grab3
13642,2104,2000,11270,CD,2,D1_pwm175_grab3
13646,4738,1686,10416,CD,2,D1_pwm175_grab3
13651,1792,-690,10062,CD,2,D1_pwm175_grab3
13657,1940,-842,8258,CD,2,D1_pwm175_grab3
13661,-844,458,10528,CD,2,D1_pwm175_grab3
13667,2288,452,9980,CD,2,D1_pwm175_grab3
13672,2708,-356,10048,CD,2,D1_pwm175_grab3
13676,1716,-760,9552,CD,2,D1_pwm175_grab3
13682,-3106,-3420,9662,CD,2,D1_pwm175_grab3
13686,-2174,2094,10918,CD,2,D1_pwm175_grab3
13691,360,1396,10488,CD,2,D1_pwm175_grab3
13697,1002,-996,11092,CD,2,D1_pwm175_grab3
13701,6814,680,9254,CD,2,D1_pwm175_grab3
13707,-1824,-2076,10518,CD,2,D1_pwm175_grab3
13711,-138,-990,9914,CD,2,D1_pwm175_grab3
13722,1764,-1032,8666,CD,2,D1_pwm175_grab3
13726,-604,556,10428,CD,2,D1_pwm175_grab3
13731,3432,758,9330,CD,2,D1_pwm175_grab3
13736,2722,-378,10898,CD,2,D1_pwm175_grab3
13741,1698,1998,11312,CD,2,D1_pwm175_grab3
13746,5492,772,10630,CD,2,D1_pwm175_grab3
13751,2254,-538,10648,CD,2,D1_pwm175_grab3
13756,-644,-2116,9292,CD,2,D1_pwm175_grab3
13761,1314,-1032,10858,CD,2,D1_pwm175_grab3
13767,5860,286,9492,CD,2,D1_pwm175_grab3
13772,-1684,-1906,10474,CD,2,D1_pwm175_grab3
13777,176,-722,10524,CD,2,D1_pwm175_grab3
13787,1918,1284,10582,CD,2,D1_pwm175_grab3
13792,-554,176,10984,CD,2,D1_pwm175_grab3
13797,-7522,-360,11156,CD,2,D1_pwm175_grab3
13803,2894,-402,10688,CD,2,D1_pwm175_grab3
13807,1922,-1134,8738,CD,2,D1_pwm175_grab3
13812,6420,-4262,9918,CD,2,D1_pwm175_grab3
13817,-1822,794,9198,CD,2,D1_pwm175_grab3
13824,-400,318,9962,CD,2,D1_pwm175_grab3
13827,-896,964,10668,CD,2,D1_pwm175_grab3
13837,-334,-278,12684,CD,2,D1_pwm175_grab3
13843,-58,-918,10116,CD,2,D1_pwm175_grab3
13853,1912,1174,10398,CD,2,D1_pwm175_grab3
13857,-248,216,10754,CD,2,D1_pwm175_grab3
13863,-7336,-206,11446,CD,2,D1_pwm175_grab3
13867,-3428,-2734,9686,CD,2,D1_pwm175_grab3
13873,214,-38,9416,CD,2,D1_pwm175_grab3
13878,1312,3528,10266,CD,2,D1_pwm175_grab3
13882,1992,-852,10208,CD,2,D1_pwm175_grab3
13888,-574,-1968,9542,CD,2,D1_pwm175_grab3
13892,-656,952,10284,CD,2,D1_pwm175_grab3
13903,-274,-326,12716,CD,2,D1_pwm175_grab3
13907,20,-4064,8064,CD,2,D1_pwm175_grab3
13912,6778,-4314,9876,CD,2,D1_pwm175_grab3
13918,-2156,996,9060,CD,2,D1_pwm175_grab3
13922,464,1144,10680,CD,2,D1_pwm175_grab3
13928,-3424,-1458,10472,CD,2,D1_pwm175_grab3
13933,-3452,-2924,9044,CD,2,D1_pwm175_grab3
13938,724,424,10076,CD,2,D1_pwm175_grab3
13942,1208,3644,9734,CD,2,D1_pwm175_grab3
13947,-952,1030,11440,CD,2,D1_pwm175_grab3
13952,2056,1158,9992,CD,2,D1_pwm175_grab3
13958,-750,30,11038,CD,2,D1_pwm175_grab3
13962,4224,1062,8716,CD,2,D1_pwm175_grab3
13967,2818,-406,11326,CD,2,D1_pwm175_grab3
13973,1736,-1804,8780,CD,2,D1_pwm175_grab3
13977,6358,-4440,9754,CD,2,D1_pwm175_grab3
13983,-2586,816,9228,CD,2,D1_pwm175_grab3
13987,-350,460,9968,CD,2,D1_pwm175_grab3
13993,812,-1370,10354,CD,2,D1_pwm175_grab3
14003,-1482,-1756,10270,CD,2,D1_pwm175_grab3
14007,262,54,10806,CD,2,D1_pwm175_grab3
14017,2070,1100,10282,CD,2,D1_pwm175_grab3
14023,-458,-4,10872,CD,2,D1_pwm175_grab3
14027,-6412,-12,12376,CD,2,D1_pwm175_grab3
14032,-122,-2474,8362,CD,2,D1_pwm175_grab3
14038,2546,1438,11546,CD,2,D1_pwm175_grab3
14043,5842,-4560,9958,CD,2,D1_pwm175_grab3
14048,-2338,1034,9510,CD,2,D1_pwm175_grab3
14053,-310,744,9894,CD,2,D1_pwm175_grab3
14059,-294,-1572,9874,CD,2,D1_pwm175_grab3
14063,4392,-258,10068,CD,2,D1_pwm175_grab3
14068,-1366,-1696,9916,CD,2,D1_pwm175_grab3
14073,170,248,10674,CD,2,D1_pwm175_grab3
14083,-1620,2336,10614,CD,2,D1_pwm175_grab3
14088,-424,64,10632,CD,2,D1_pwm175_grab3
14093,-5524,68,12642,CD,2,D1_pwm175_grab3
14099,550,-2332,8392,CD,2,D1_pwm175_grab3
14103,2570,1650,11162,CD,2,D1_pwm175_grab3
14109,5034,-516,9322,CD,2,D1_pwm175_grab3
14113,1672,-484,10656,CD,2,D1_pwm175_grab3
14119,-660,-1254,9626,CD,2,D1_pwm175_grab3
14123,-802,1124,10534,CD,2,D1_pwm175_grab3
14138,-218,-3654,8520,CD,2,D1_pwm175_grab3
14149,-842,2396,10372,CD,2,D1_pwm175_grab3
14153,198,852,10720,CD,2,D1_pwm175_grab3
14158,-4736,-1120,10260,CD,2,D1_pwm175_grab3
14163,-3892,-3286,9596,CD,2,D1_pwm175_grab3
14168,1428,1640,10406,CD,2,D1_pwm175_grab3
14173,3148,2878,10660,CD,2,D1_pwm175_grab3
14178,1052,590,10154,CD,2,D1_pwm175_grab3
14184,438,-2246,9064,CD,2,D1_pwm175_grab3
14189,-374,1334,10298,CD,2,D1_pwm175_grab3
14198,2326,-186,11652,CD,2,D1_pwm175_grab3
14204,924,-3482,7896,CD,2,D1_pwm175_grab3
14209,854,-4154,8072,CD,2,D1_pwm175_grab3
14213,-2818,1588,10430,CD,2,D1_pwm175_grab3
14219,210,1154,10272,CD,2,D1_pwm175_grab3
14223,-2160,-1970,9752,CD,2,D1_pwm175_grab3
14228,236,-2044,10002,CD,2,D1_pwm175_grab3
14233,-792,-756,9726,CD,2,D1_pwm175_grab3
14238,1538,2134,11198,CD,2,D1_pwm175_grab3
14244,-4930,2020,12366,CD,2,D1_pwm175_grab3
14249,-30,-2110,9122,CD,2,D1_pwm175_grab3
14254,-458,340,10548,CD,2,D1_pwm175_grab3
14258,-330,808,11896,CD,2,D1_pwm175_grab3
14264,1696,-856,9084,CD,2,D1_pwm175_grab3
14268,2506,-250,9930,CD,2,D1_pwm175_grab3
14279,-698,188,9786,CD,2,D1_pwm175_grab3
14284,-654,-376,9872,CD,2,D1_pwm175_grab3
14289,-2316,-2502,10608,CD,2,D1_pwm175_grab3
14295,-1158,-2292,9432,CD,2,D1_pwm175_grab3
14299,-382,-104,9656,CD,2,D1_pwm175_grab3
14304,1620,2484,10840,CD,2,D1_pwm175_grab3
14309,-3150,1578,11866,CD,2,D1_pwm175_grab3
14315,1948,-922,8358,CD,2,D1_pwm175_grab3
14320,-562,442,10142,CD,2,D1_pwm175_grab3
14324,1010,1122,10062,CD,2,D1_pwm175_grab3
14330,564,-556,11888,CD,2,D1_pwm175_grab3
14334,-204,-3802,8256,CD,2,D1_pwm175_grab3
14344,-1176,604,9526,CD,2,D1_pwm175_grab3
14350,-392,180,9986,CD,2,D1_pwm175_grab3
14354,804,-988,10436,CD,2,D1_pwm175_grab3
14365,-1694,-1842,10850,CD,2,D1_pwm175_grab3
14370,1184,2960,10378,CD,2,D1_pwm175_grab3
14375,-1686,1328,11844,CD,2,D1_pwm175_grab3
14380,1886,1196,10062,CD,2,D1_pwm175_grab3
14385,-296,130,10752,CD,2,D1_pwm175_grab3
14395,-344,-2368,8990,CD,2,D1_pwm175_grab3
14399,2578,1952,11328,CD,2,D1_pwm175_grab3
14404,5148,350,9252,CD,2,D1_pwm175_grab3
14410,-2108,1164,9270,CD,2,D1_pwm175_grab3
14414,-718,428,9564,CD,2,D1_pwm175_grab3
14420,68,-1692,10702,CD,2,D1_pwm175_grab3
14429,-492,-1000,12852,CD,2,D1_pwm175_grab3
14434,-288,-3836,8310,CD,2,D1_pwm175_grab3
14439,-5120,-2356,11468,CD,2,D1_pwm175_grab3
14444,-1300,2392,10574,CD,2,D1_pwm175_grab3
14449,-804,-44,10774,CD,2,D1_pwm175_grab3
14459,784,-1894,8766,CD,2,D1_pwm175_grab3
14464,1124,1492,10456,CD,2,D1_pwm175_grab3
14470,2420,3158,10304,CD,2,D1_pwm175_grab3
14475,338,538,10682,CD,2,D1_pwm175_grab3
14479,678,-1960,8946,CD,2,D1_pwm175_grab3
14485,-354,1476,10580,CD,2,D1_pwm175_grab3
14495,-1200,-1666,12412,CD,2,D1_pwm175_grab3
14499,-346,-3248,8840,CD,2,D1_pwm175_grab3
14510,-2960,1530,10106,CD,2,D1_pwm175_grab3
14514,-78,926,10076,CD,2,D1_pwm175_grab3
14520,-1836,-2038,9806,CD,2,D1_pwm175_grab3
14525,1156,-1828,9996,CD,2,D1_pwm175_grab3
14530,1504,2032,10428,CD,2,D1_pwm175_grab3
14535,3748,2186,11234,CD,2,D1_pwm175_grab3
14539,1400,280,10042,CD,2,D1_pwm175_grab3
14544,242,-1998,9082,CD,2,D1_pwm175_grab3
14551,-568,1520,10152,CD,2,D1_pwm175_grab3
14561,1976,-422,11256,CD,2,D1_pwm175_grab3
14566,446,-3656,7634,CD,2,D1_pwm175_grab3
14576,230,1866,9666,CD,2,D1_pwm175_grab3
14581,-816,356,10838,CD,2,D1_pwm175_grab3
14586,-5980,-812,10058,CD,2,D1_pwm175_grab3
14590,-2792,-2650,10430,CD,2,D1_pwm175_grab3
14595,-600,-88,9820,CD,2,D1_pwm175_grab3
14600,1648,2260,11032,CD,2,D1_pwm175_grab3
14606,-4030,1552,11876,CD,2,D1_pwm175_grab3
14610,-418,-2082,9204,CD,2,D1_pwm175_grab3
14616,-844,1474,10716,CD,2,D1_pwm175_grab3
14626,978,-706,11480,CD,2,D1_pwm175_grab3
14630,-106,-3702,8196,CD,2,D1_pwm175_grab3
14636,5886,-3590,8968,CD,2,D1_pwm175_grab3
14640,-954,736,9776,CD,2,D1_pwm175_grab3
14645,-348,-32,9950,CD,2,D1_pwm175_grab3
14650,-2216,-2492,11100,CD,2,D1_pwm175_grab3
14656,-2522,-2470,9402,CD,2,D1_pwm175_grab3
14661,-354,512,9558,CD,2,D1_pwm175_grab3
14665,1264,2908,10596,CD,2,D1_pwm175_grab3
14670,-2042,1206,11864,CD,2,D1_pwm175_grab3
14675,1656,-1096,8292,CD,2,D1_pwm175_grab3
14681,-274,258,10882,CD,2,D1_pwm175_grab3
14690,-902,-2358,9144,CD,2,D1_pwm175_grab3
14696,1644,-1788,8686,CD,2,D1_pwm175_grab3
14705,-1896,1110,9350,CD,2,D1_pwm175_grab3
14710,-806,380,9626,CD,2,D1_pwm175_grab3
14716,120,-1754,10702,CD,2,D1_pwm175_grab3
14726,-306,-1160,12792,CD,2,D1_pwm175_grab3
14730,-348,-3730,8472,CD,2,D1_pwm175_grab3
14740,2482,808,9624,CD,2,D1_pwm175_grab3
14745,-680,38,10556,CD,2,D1_pwm175_grab3
14750,-5544,264,12354,CD,2,D1_pwm175_grab3
14755,566,-1752,8724,CD,2,D1_pwm175_grab3
14761,2706,1350,10974,CD,2,D1_pwm175_grab3
14766,2810,3028,10560,CD,2,D1_pwm175_grab3
14770,190,626,10804,CD,2,D1_pwm175_grab3
14775,-648,-1080,9754,CD,2,D1_pwm175_grab3
14780,-954,488,10102,CD,2,D1_pwm175_grab3
14790,-1208,-1822,12398,CD,2,D1_pwm175_grab3
14796,-368,-3226,8890,CD,2,D1_pwm175_grab3
14806,-264,2008,9866,CD,2,D1_pwm175_grab3
14811,-316,604,10388,CD,2,D1_pwm175_grab3
14817,-2064,918,12374,CD,2,D1_pwm175_grab3
14821,1536,-648,8788,CD,2,D1_pwm175_grab3
14827,2230,-44,10520,CD,2,D1_pwm175_grab3
14836,164,404,10516,CD,2,D1_pwm175_grab3
14841,-970,-608,9614,CD,2,D1_pwm175_grab3
14846,-506,-404,10456,CD,2,D1_pwm175_grab3
14856,-1682,-2242,11760,CD,2,D1_pwm175_grab3
14861,-298,-1938,9686,CD,2,D1_pwm175_grab3
14871,912,1568,9550,CD,2,D1_pwm175_grab3
14876,-1028,296,10908,CD,2,D1_pwm175_grab3
14887,-1784,-2342,9992,CD,2,D1_pwm175_grab3
14892,-144,536,10048,CD,2,D1_pwm175_grab3
14901,2432,-402,10728,CD,2,D1_pwm175_grab3
14907,-712,-1876,9202,CD,2,D1_pwm175_grab3
14911,-916,1330,10788,CD,2,D1_pwm175_grab3
14922,64,-1278,11996,CD,2,D1_pwm175_grab3
14926,-348,-3824,8302,CD,2,D1_pwm175_grab3
14932,-4884,-2374,11204,CD,2,D1_pwm175_grab3
14936,-1580,2256,10072,CD,2,D1_pwm175_grab3
14941,-600,1022,10226,CD,2,D1_pwm175_grab3
14947,-3470,-2126,10540,CD,2,D1_pwm175_grab3
14951,-3802,-2782,10152,CD,2,D1_pwm175_grab3
14956,596,1612,10220,CD,2,D1_pwm175_grab3
14961,2010,2892,10386,CD,2,D1_pwm175_grab3
14966,438,732,10904,CD,2,D1_pwm175_grab3
14971,558,-1796,8778,CD,2,D1_pwm175_grab3
14976,-550,1488,10250,CD,2,D1_pwm175_grab3
14986,2766,-500,11000,CD,2,D1_pwm175_grab3
15001,-2344,1600,10222,CD,2,D1_pwm175_grab3
15006,-82,1016,10000,CD,2,D1_pwm175_grab3
15012,-2434,-2748,10050,CD,2,D1_pwm175_grab3
15016,-3368,-2594,10586,CD,2,D1_pwm175_grab3
15021,-960,-122,9778,CD,2,D1_pwm175_grab3
15026,1692,2004,11388,CD,2,D1_pwm175_grab3
15032,-4152,1742,11944,CD,2,D1_pwm175_grab3
15036,1994,-652,8594,CD,2,D1_pwm175_grab3
15042,-324,628,10258,CD,2,D1_pwm175_grab3
15047,538,1596,10522,CD,2,D1_pwm175_grab3
15052,2864,-444,9872,CD,2,D1_pwm175_grab3
15063,-3518,-3440,10260,CD,2,D1_pwm175_grab3
15067,-2220,2212,10048,CD,2,D1_pwm175_grab3
15073,-574,1178,10476,CD,2,D1_pwm175_grab3
15078,-2614,-2450,10764,CD,2,D1_pwm175_grab3
15083,-3664,-2776,10016,CD,2,D1_pwm175_grab3
15088,-178,1156,9898,CD,2,D1_pwm175_grab3
15092,1750,3098,10218,CD,2,D1_pwm175_grab3
15098,1626,-516,11000,CD,2,D1_pwm175_grab3
15104,-640,-1698,9596,CD,2,D1_pwm175_grab3
15108,-646,1352,10514,CD,2,D1_pwm175_grab3
15112,6402,2008,10144,CD,2,D1_pwm175_grab3
15118,3052,-384,10782,CD,2,D1_pwm175_grab3
15123,1044,-2870,7976,CD,2,D1_pwm175_grab3
15127,1880,-4334,8060,CD,2,D1_pwm175_grab3
15132,-2408,1446,9810,CD,2,D1_pwm175_grab3
15138,-318,846,10870,CD,2,D1_pwm175_grab3
15142,-5032,-1208,9338,CD,2,D1_pwm175_grab3
15148,710,-2064,9102,CD,2,D1_pwm175_grab3
15153,-1164,-464,9438,CD,2,D1_pwm175_grab3
15157,1692,1728,11524,CD,2,D1_pwm175_grab3
15162,-4560,2130,12456,CD,2,D1_pwm175_grab3
15167,2266,-288,8558,CD,2,D1_pwm175_grab3
15173,-510,548,10258,CD,2,D1_pwm175_grab3
15182,1004,-830,12348,CD,2,D1_pwm175_grab3
15187,-202,-3896,8134,CD,2,D1_pwm175_grab3
15192,6870,-4062,9534,CD,2,D1_pwm175_grab3
15198,-1328,528,9550,CD,2,D1_pwm175_grab3
15203,-644,-104,9764,CD,2,D1_pwm175_grab3
15207,92,-1476,10622,CD,2,D1_pwm175_grab3
15212,6582,-630,8148,CD,2,D1_pwm175_grab3
15217,-216,1144,9958,CD,2,D1_pwm175_grab3
15223,2194,3062,10396,CD,2,D1_pwm175_grab3
15227,-588,1296,11764,CD,2,D1_pwm175_grab3
15232,2500,858,9522,CD,2,D1_pwm175_grab3
15237,-136,450,10676,CD,2,D1_pwm175_grab3
15243,-4538,614,12476,CD,2,D1_pwm175_grab3
15247,766,-1256,8790,CD,2,D1_pwm175_grab3
15253,2992,1164,10632,CD,2,D1_pwm175_grab3
15257,5350,-1398,8950,CD,2,D1_pwm175_grab3
15263,-2494,1522,9476,CD,2,D1_pwm175_grab3
15267,-262,828,10174,CD,2,D1_pwm175_grab3
15272,-1958,-2700,10314,CD,2,D1_pwm175_grab3
15282,-1344,-2226,12592,CD,2,D1_pwm175_grab3
15288,-410,-2604,9408,CD,2,D1_pwm175_grab3
15298,828,1876,10200,CD,2,D1_pwm175_grab3
15303,-592,752,10524,CD,2,D1_pwm175_grab3
15307,890,1620,10582,CD,2,D1_pwm175_grab3
15313,2986,-128,9758,CD,2,D1_pwm175_grab3
15319,2102,-1220,8912,CD,2,D1_pwm175_grab3
15329,-1668,810,9396,CD,2,D1_pwm175_grab3
15333,-838,-56,9482,CD,2,D1_pwm175_grab3
15338,-176,-1716,10570,CD,2,D1_pwm175_grab3
15344,-4104,-3068,10054,CD,2,D1_pwm175_grab3
15349,190,1314,10284,CD,2,D1_pwm175_grab3
15354,2996,2950,10912,CD,2,D1_pwm175_grab3
15358,-250,1164,11606,CD,2,D1_pwm175_grab3
15363,2640,862,9258,CD,2,D1_pwm175_grab3
15368,-436,352,10538,CD,2,D1_pwm175_grab3
15373,-3500,826,12554,CD,2,D1_pwm175_grab3
15379,1362,-796,8758,CD,2,D1_pwm175_grab3
15383,746,-3398,7976,CD,2,D1_pwm175_grab3
15389,416,-4260,7492,CD,2,D1_pwm175_grab3
15394,-2652,1626,9578,CD,2,D1_pwm175_grab3
15398,-254,1034,10094,CD,2,D1_pwm175_grab3
15403,-562,-298,10560,CD,2,D1_pwm175_grab3
15413,-1540,-2328,11826,CD,2,D1_pwm175_grab3
15418,-440,-2216,9694,CD,2,D1_pwm175_grab3
15424,-3296,1780,12614,CD,2,D1_pwm175_grab3
15429,1812,-750,8664,CD,2,D1_pwm175_grab3
15433,-666,910,10588,CD,2,D1_pwm175_grab3
15438,2530,1878,10098,CD,2,D1_pwm175_grab3
15443,3034,16,10268,CD,2,D1_pwm175_grab3
15448,2562,2276,11342,CD,2,D1_pwm175_grab3
15454,5306,416,9426,CD,2,D1_pwm175_grab3
15459,2178,-270,11280,CD,2,D1_pwm175_grab3
15464,-458,162,9794,CD,2,D1_pwm175_grab3
15468,-954,-2092,10264,CD,2,D1_pwm175_grab3
15474,3584,-1422,8624,CD,2,D1_pwm175_grab3
15478,-1704,-1428,9370,CD,2,D1_pwm175_grab3
15483,1062,760,11388,CD,2,D1_pwm175_grab3
15488,-6816,-1744,11612,CD,2,D1_pwm175_grab3
15493,-544,2232,10134,CD,2,D1_pwm175_grab3
15498,166,1034,10710,CD,2,D1_pwm175_grab3
15504,-1922,1100,12302,CD,2,D1_pwm175_grab3
15508,1866,-274,8962,CD,2,D1_pwm175_grab3
15514,2468,168,9954,CD,2,D1_pwm175_grab3
15519,6154,-2902,9498,CD,2,D1_pwm175_grab3
15523,-200,256,9892,CD,2,D1_pwm175_grab3
15528,-1068,-650,9612,CD,2,D1_pwm175_grab3
15533,-932,1590,10560,CD,2,D1_pwm175_grab3
15543,-1628,-2482,10988,CD,2,D1_pwm175_grab3
15548,-426,-1458,10222,CD,2,D1_pwm175_grab3
15558,2178,1210,9798,CD,2,D1_pwm175_grab3
15563,-502,548,10692,CD,2,D1_pwm175_grab3
15568,-6572,76,12034,CD,2,D1_pwm175_grab3
15575,150,-1584,9144,CD,2,D1_pwm175_grab3
15579,2774,1778,10972,CD,2,D1_pwm175_grab3
15584,3752,-4228,8172,CD,2,D1_pwm175_grab3
15589,-2586,1340,9224,CD,2,D1_pwm175_grab3
15600,-1886,-2566,10174,CD,2,D1_pwm175_grab3
15605,1054,-2242,9228,CD,2,D1_pwm175_grab3
15609,-1628,-682,9138,CD,2,D1_pwm175_grab3
15616,1888,1756,11324,CD,2,D1_pwm175_grab3
15625,2212,-250,8662,CD,2,D1_pwm175_grab3
15629,-580,708,10616,CD,2,D1_pwm175_grab3
15635,632,1606,10860,CD,2,D1_pwm175_grab3
15639,2762,124,9520,CD,2,D1_pwm175_grab3
15644,2106,-1014,9160,CD,2,D1_pwm175_grab3
15650,7478,-3918,9592,CD,2,D1_pwm175_grab3
15655,-1852,892,9248,CD,2,D1_pwm175_grab3
15660,-558,-2170,9474,CD,2,D1_pwm175_grab3
15664,-370,-1742,10502,CD,2,D1_pwm175_grab3
15670,4826,-1180,8122,CD,2,D1_pwm175_grab3
15674,-1806,-1726,9678,CD,2,D1_pwm175_grab3
15679,722,316,11284,CD,2,D1_pwm175_grab3
15685,-7824,1832,13066,CD,2,D1_pwm175_grab3
15690,2630,704,9188,CD,2,D1_pwm175_grab3
15695,-396,534,10676,CD,2,D1_pwm175_grab3
15699,-2164,1034,12412,CD,2,D1_pwm175_grab3
15704,1806,-202,8784,CD,2,D1_pwm175_grab3
15709,2624,320,9814,CD,2,D1_pwm175_grab3
15714,6302,-2860,9430,CD,2,D1_pwm175_grab3
15720,-256,286,9826,CD,2,D1_pwm175_grab3
15725,-880,-652,9720,CD,2,D1_pwm175_grab3
15729,172,-634,10938,CD,2,D1_pwm175_grab3
15735,8264,-212,7134,CD,2,D1_pwm175_grab3
15739,-1600,-2354,10868,CD,2,D1_pwm175_grab3
15745,-350,-1292,10534,CD,2,D1_pwm175_grab3
15755,2364,1148,9862,CD,2,D1_pwm175_grab3
15759,-214,498,10624,CD,2,D1_pwm175_grab3
15765,-5036,420,12526,CD,2,D1_pwm175_grab3
15770,770,-1112,8956,CD,2,D1_pwm175_grab3
15775,3052,1276,10488,CD,2,D1_pwm175_grab3
15780,5388,-1384,9114,CD,2,D1_pwm175_grab3
15785,-2444,1418,9334,CD,2,D1_pwm175_grab3
15790,-652,-1178,10036,CD,2,D1_pwm175_grab3
15795,-996,-16,10776,CD,2,D1_pwm175_grab3
15804,-1336,-2218,12312,CD,2,D1_pwm175_grab3
15809,-484,-2526,9498,CD,2,D1_pwm175_grab3
15819,1372,1482,10102,CD,2,D1_pwm175_grab3
15824,-624,886,10482,CD,2,D1_pwm175_grab3
15831,2916,1800,9870,CD,2,D1_pwm175_grab3
15835,3262,-54,10392,CD,2,D1_pwm175_grab3
15840,1744,-1696,8604,CD,2,D1_pwm175_grab3
15846,5432,-4128,9170,CD,2,D1_pwm175_grab3
15850,-2252,974,9042,CD,2,D1_pwm175_grab3
15855,-548,472,9652,CD,2,D1_pwm175_grab3
15861,-1844,-2316,9936,CD,2,D1_pwm175_grab3
15866,-4446,-3106,10280,CD,2,D1_pwm175_grab3
15872,712,1602,10654,CD,2,D1_pwm175_grab3
15875,1524,1068,11322,CD,2,D1_pwm175_grab3
15880,-5482,1978,13030,CD,2,D1_pwm175_grab3
15886,2338,136,8720,CD,2,D1_pwm175_grab3
15891,-350,576,10284,CD,2,D1_pwm175_grab3
15895,92,1274,11018,CD,2,D1_pwm175_grab3
15900,2842,48,9330,CD,2,D1_pwm175_grab3
15906,-48,-3856,8330,CD,2,D1_pwm175_grab3
15910,-3270,-3262,10292,CD,2,D1_pwm175_grab3
15915,-1552,658,9170,CD,2,D1_pwm175_grab3
15921,-456,-120,9714,CD,2,D1_pwm175_grab3
15925,-464,-1616,10414,CD,2,D1_pwm175_grab3
15931,5356,-1066,8038,CD,2,D1_pwm175_grab3
15935,-1644,-1620,10028,CD,2,D1_pwm175_grab3
15940,446,-156,10916,CD,2,D1_pwm175_grab3
15951,168,-1928,8964,CD,2,D1_pwm175_grab3
15955,-960,1428,10682,CD,2,D1_pwm175_grab3
15961,-1788,1028,12330,CD,2,D1_pwm175_grab3
15966,1866,-374,8956,CD,2,D1_pwm175_grab3
15970,2940,578,9638,CD,2,D1_pwm175_grab3
15976,5894,-2550,8988,CD,2,D1_pwm175_grab3
15981,-288,342,9800,CD,2,D1_pwm175_grab3
15985,-386,-798,10070,CD,2,D1_pwm175_grab3
15990,-2040,-2610,11210,CD,2,D1_pwm175_grab3
15995,-2824,-2886,9804,CD,2,D1_pwm175_grab3
16000,-1636,-1952,11412,CD,2,D1_pwm175_grab3
16005,-74,-1354,10120,CD,2,D1_pwm175_grab3
16016,2208,1218,10146,CD,2,D1_pwm175_grab3
16020,102,756,10886,CD,2,D1_pwm175_grab3
16026,-4818,362,12526,CD,2,D1_pwm175_grab3
16031,3238,-234,10954,CD,2,D1_pwm175_grab3
16036,1170,-2370,8362,CD,2,D1_pwm175_grab3
16041,1154,-3938,7818,CD,2,D1_pwm175_grab3
16045,654,60,10870,CD,2,D1_pwm175_grab3
16050,-458,-1300,9848,CD,2,D1_pwm175_grab3
16055,-986,80,10862,CD,2,D1_pwm175_grab3
16066,-1232,-2144,12460,CD,2,D1_pwm175_grab3
16070,1322,2102,10848,CD,2,D1_pwm175_grab3
16076,-2986,1386,12370,CD,2,D1_pwm175_grab3
16080,1860,-460,8534,CD,2,D1_pwm175_grab3
16086,-376,912,10184,CD,2,D1_pwm175_grab3
16092,2700,1680,9622,CD,2,D1_pwm175_grab3
16097,3370,-20,10328,CD,2,D1_pwm175_grab3
16101,2048,-1352,8456,CD,2,D1_pwm175_grab3
16107,5592,-3936,9170,CD,2,D1_pwm175_grab3
16111,-1232,1874,9028,CD,2,D1_pwm175_grab3
16117,-548,1308,10728,CD,2,D1_pwm175_grab3
16122,-3906,-1592,9190,CD,2,D1_pwm175_grab3
16128,-4164,-2974,10818,CD,2,D1_pwm175_grab3
16131,-1400,-1068,9768,CD,2,D1_pwm175_grab3
16136,1302,986,11022,CD,2,D1_pwm175_grab3
16142,-5524,1660,12582,CD,2,D1_pwm175_grab3
16147,1988,14,8802,CD,2,D1_pwm175_grab3
16151,-1194,1474,10808,CD,2,D1_pwm175_grab3
16161,1272,-770,11872,CD,2,D1_pwm175_grab3
16166,-4,-3908,8440,CD,2,D1_pwm175_grab3
16176,-1772,936,9228,CD,2,D1_pwm175_grab3
16181,-368,-302,9880,CD,2,D1_pwm175_grab3
16186,-496,-1392,10230,CD,2,D1_pwm175_grab3
16192,-3922,-3114,10322,CD,2,D1_pwm175_grab3
16196,12,904,9850,CD,2,D1_pwm175_grab3
16201,2770,2740,10814,CD,2,D1_pwm175_grab3
16206,1158,1066,11152,CD,2,D1_pwm175_grab3
16212,264,-1654,8986,CD,2,D1_pwm175_grab3
16217,-96,734,10670,CD,2,D1_pwm175_grab3
16221,-1568,796,12434,CD,2,D1_pwm175_grab3
16226,1366,-418,9230,CD,2,D1_pwm175_grab3
16232,590,-3254,8150,CD,2,D1_pwm175_grab3
16236,-1442,-3442,8210,CD,2,D1_pwm175_grab3
16241,-1564,1386,10002,CD,2,D1_pwm175_grab3
16252,-2452,-2668,10832,CD,2,D1_pwm175_grab3
16262,-1564,-2144,11332,CD,2,D1_pwm175_grab3
16266,-70,-1526,9950,CD,2,D1_pwm175_grab3
16271,-1010,876,11684,CD,2,D1_pwm175_grab3
16277,1358,-978,8772,CD,2,D1_pwm175_grab3
16282,-430,1120,10376,CD,2,D1_pwm175_grab3
16287,5378,1954,9594,CD,2,D1_pwm175_grab3
16291,3406,-28,11036,CD,2,D1_pwm175_grab3
16296,1610,-2056,8202,CD,2,D1_pwm175_grab3
16301,1610,-2056,8202,CD,2,D1_pwm175_grab3
16307,700,450,11334,CD,2,D1_pwm175_grab3
16312,312,808,9920,CD,2,D1_pwm175_grab3
16316,-2462,-2406,9748,CD,2,D1_pwm175_grab3
16322,122,-2644,8856,CD,2,D1_pwm175_grab3
16326,-956,-922,9724,CD,2,D1_pwm175_grab3
16331,1578,1780,10878,CD,2,D1_pwm175_grab3
16336,-3902,1210,12282,CD,2,D1_pwm175_grab3
16343,1782,-308,8776,CD,2,D1_pwm175_grab3
16347,-218,962,10398,CD,2,D1_pwm175_grab3
16358,492,-852,12148,CD,2,D1_pwm175_grab3
16362,-130,-4272,8498,CD,2,D1_pwm175_grab3
16368,-5260,-2362,11114,CD,2,D1_pwm175_grab3
16373,-1130,1720,9064,CD,2,D1_pwm175_grab3
16377,-522,1196,10118,CD,2,D1_pwm175_grab3
16382,-3828,-2074,9730,CD,2,D1_pwm175_grab3
16387,3132,-2066,8734,CD,2,D1_pwm175_grab3
16392,730,1190,9870,CD,2,D1_pwm175_grab3
16398,4292,2364,11524,CD,2,D1_pwm175_grab3
16403,1834,714,10560,CD,2,D1_pwm175_grab3
16408,-128,-1762,9338,CD,2,D1_pwm175_grab3
16412,-1124,1222,10434,CD,2,D1_pwm175_grab3
16423,1774,-202,11762,CD,2,D1_pwm175_grab3
16428,2612,388,9984,CD,2,D1_pwm175_grab3
16433,-3350,-2938,9562,CD,2,D1_pwm175_grab3
16438,-1426,1472,8191,CD,2,D1_pwm175_grab3
16442,256,1374,9936,CD,2,D1_pwm175_grab3
16447,-3210,-2466,10454,CD,2,D1_pwm175_grab3
16453,-3542,-3348,9802,CD,2,D1_pwm175_grab3
16458,550,610,9740,CD,2,D1_pwm175_grab3
16462,2370,2930,10408,CD,2,D1_pwm175_grab3
16467,1192,846,10786,CD,2,D1_pwm175_grab3
16472,2200,640,9776,CD,2,D1_pwm175_grab3
16478,-746,1190,10402,CD,2,D1_pwm175_grab3
16488,2848,156,11674,CD,2,D1_pwm175_grab3
16492,894,-3320,7860,CD,2,D1_pwm175_grab3
16498,-1446,-3362,8166,CD,2,D1_pwm175_grab3
16502,-1662,1460,10010,CD,2,D1_pwm175_grab3
16508,608,1148,10028,CD,2,D1_pwm175_grab3
16512,50,-624,11266,CD,2,D1_pwm175_grab3
16518,-3142,-3562,9092,CD,2,D1_pwm175_grab3
16522,-76,-42,9748,CD,2,D1_pwm175_grab3
16528,1342,3074,10058,CD,2,D1_pwm175_grab3
16533,-176,790,11288,CD,2,D1_pwm175_grab3
16537,1004,-1148,8906,CD,2,D1_pwm175_grab3
16542,-462,1218,10470,CD,2,D1_pwm175_grab3
16553,3100,198,11856,CD,2,D1_pwm175_grab3
16557,1312,-2750,8182,CD,2,D1_pwm175_grab3
16563,418,-3454,7672,CD,2,D1_pwm175_grab3
16567,-2532,1454,9880,CD,2,D1_pwm175_grab3
16572,214,896,9820,CD,2,D1_pwm175_grab3
16577,-2392,-2208,10128,CD,2,D1_pwm175_grab3
16583,-2186,-3370,9070,CD,2,D1_pwm175_grab3
16588,-740,-818,9380,CD,2,D1_pwm175_grab3
16592,1120,2808,10626,CD,2,D1_pwm175_grab3
16599,2116,68,11686,CD,2,D1_pwm175_grab3
16603,-618,-1780,9816,CD,2,D1_pwm175_grab3
16609,-1320,1066,10918,CD,2,D1_pwm175_grab3
16618,-422,-1292,12950,CD,2,D1_pwm175_grab3
16623,-266,-4550,8220,CD,2,D1_pwm175_grab3
16633,-314,1454,8968,CD,2,D1_pwm175_grab3
16638,-670,746,10910,CD,2,D1_pwm175_grab3
16643,-5544,-2058,9264,CD,2,D1_pwm175_grab3
16648,-3038,-2776,10136,CD,2,D1_pwm175_grab3
16653,1834,2366,10622,CD,2,D1_pwm175_grab3
16659,5020,2046,10764,CD,2,D1_pwm175_grab3
16664,1916,184,11082,CD,2,D1_pwm175_grab3
16669,-344,-2006,9738,CD,2,D1_pwm175_grab3
16673,-1300,1254,10918,CD,2,D1_pwm175_grab3
16678,6090,-698,8060,CD,2,D1_pwm175_grab3
16684,536,-786,13160,CD,2,D1_pwm175_grab3
16689,-66,-4610,8086,CD,2,D1_pwm175_grab3
16693,-5834,-2294,11648,CD,2,D1_pwm175_grab3
16698,-904,1664,9074,CD,2,D1_pwm175_grab3
16703,220,1064,10406,CD,2,D1_pwm175_grab3
16709,-4878,-2118,8558,CD,2,D1_pwm175_grab3
16713,-4080,-3260,9750,CD,2,D1_pwm175_grab3
16719,2622,1580,10590,CD,2,D1_pwm175_grab3
16723,6438,-2284,9318,CD,2,D1_pwm175_grab3
16729,1692,386,10754,CD,2,D1_pwm175_grab3
16734,-148,-2010,9630,CD,2,D1_pwm175_grab3
16738,-1254,1398,10820,CD,2,D1_pwm175_grab3
16749,962,-426,12746,CD,2,D1_pwm175_grab3
16753,116,-4502,8048,CD,2,D1_pwm175_grab3
16764,2174,812,10040,CD,2,D1_pwm175_grab3
16768,4,1012,10240,CD,2,D1_pwm175_grab3
16774,-4052,-2176,8862,CD,2,D1_pwm175_grab3
16779,-4412,-3736,9776,CD,2,D1_pwm175_grab3
16783,454,1018,9924,CD,2,D1_pwm175_grab3
16788,5020,2688,12182,CD,2,D1_pwm175_grab3
16793,1384,774,10826,CD,2,D1_pwm175_grab3
16798,-646,-1028,9968,CD,2,D1_pwm175_grab3
16804,-610,254,11208,CD,2,D1_pwm175_grab3
16813,1604,72,12476,CD,2,D1_pwm175_grab3
16818,446,-4072,8178,CD,2,D1_pwm175_grab3
16824,-3454,-2846,10590,CD,2,D1_pwm175_grab3
16829,-1572,1586,9230,CD,2,D1_pwm175_grab3
16833,-132,1210,10218,CD,2,D1_pwm175_grab3
16838,-5746,-1692,11440,CD,2,D1_pwm175_grab3
16844,-200,-1600,9374,CD,2,D1_pwm175_grab3
16849,2656,2528,11196,CD,2,D1_pwm175_grab3
16855,5656,-454,9066,CD,2,D1_pwm175_grab3
16859,764,606,11704,CD,2,D1_pwm175_grab3
16865,-652,-1418,9766,CD,2,D1_pwm175_grab3
16869,-1072,814,11022,CD,2,D1_pwm175_grab3
16879,-1306,-1768,9004,CD,2,D1_pwm175_grab3
16885,1104,1810,10974,CD,2,D1_pwm175_grab3
16889,-3308,908,12490,CD,2,D1_pwm175_grab3
16896,1616,-350,8646,CD,2,D1_pwm175_grab3
16900,-560,810,10664,CD,2,D1_pwm175_grab3
16904,-6878,-1966,10530,CD,2,D1_pwm175_grab3
16909,-1352,-2204,9338,CD,2,D1_pwm175_grab3
16915,2146,2434,11310,CD,2,D1_pwm175_grab3
16920,5894,-3682,8916,CD,2,D1_pwm175_grab3
16924,-2430,1226,9162,CD,2,D1_pwm175_grab3
16930,218,344,9874,CD,2,D1_pwm175_grab3
16935,-1958,-946,10156,CD,2,D1_pwm175_grab3
16944,-1020,-1458,12924,CD,2,D1_pwm175_grab3
16949,-450,-4176,8418,CD,2,D1_pwm175_grab3
16960,1892,-76,9002,CD,2,D1_pwm175_grab3
16965,-474,902,10656,CD,2,D1_pwm175_grab3
16970,876,686,9828,CD,2,D1_pwm175_grab3
16975,2652,174,10380,CD,2,D1_pwm175_grab3
16979,2640,484,9666,CD,2,D1_pwm175_grab3
16984,5900,1334,10476,CD,2,D1_pwm175_grab3
16989,1514,356,11862,CD,2,D1_pwm175_grab3
16994,-806,-1926,9740,CD,2,D1_pwm175_grab3
16999,-1284,-388,10296,CD,2,D1_pwm175_grab3
17005,3926,-1428,8602,CD,2,D1_pwm175_grab3
17009,-1730,-2352,10064,CD,2,D1_pwm175_grab3
17014,756,-210,10712,CD,2,D1_pwm175_grab3
17019,-7250,1020,13084,CD,2,D1_pwm175_grab3
17025,-332,1282,8792,CD,2,D1_pwm175_grab3
17029,-660,926,10686,CD,2,D1_pwm175_grab3
17035,-5130,-2490,9042,CD,2,D1_pwm175_grab3
17040,-3374,-3096,10462,CD,2,D1_pwm175_grab3
17044,2632,1304,10470,CD,2,D1_pwm175_grab3
17049,6722,-2640,9000,CD,2,D1_pwm175_grab3
17054,-1210,1162,9856,CD,2,D1_pwm175_grab3
17059,-518,-630,9970,CD,2,D1_pwm175_grab3
17064,-84,-276,10950,CD,2,D1_pwm175_grab3
17075,308,-146,12566,CD,2,D1_pwm175_grab3
17089,1990,634,10112,CD,2,D1_pwm175_grab3
17094,-734,912,10952,CD,2,D1_pwm175_grab3
17100,-3122,-1068,11630,CD,2,D1_pwm175_grab3
17104,586,-1032,8904,CD,2,D1_pwm175_grab3
17110,2466,1852,11302,CD,2,D1_pwm175_grab3
17115,6186,-1460,9184,CD,2,D1_pwm175_grab3
17120,-146,1158,10762,CD,2,D1_pwm175_grab3
17125,630,802,9792,CD,2,D1_pwm175_grab3
17131,-2730,-1950,10440,CD,2,D1_pwm175_grab3
17136,-1612,-3302,8800,CD,2,D1_pwm175_grab3
17140,-368,-1016,9410,CD,2,D1_pwm175_grab3
17145,654,2538,9992,CD,2,D1_pwm175_grab3
17150,-1794,424,11518,CD,2,D1_pwm175_grab3
17155,1538,624,9828,CD,2,D1_pwm175_grab3
17161,-800,926,11172,CD,2,D1_pwm175_grab3
17165,5348,2026,8802,CD,2,D1_pwm175_grab3
17170,3378,348,11796,CD,2,D1_pwm175_grab3
17175,1884,-1578,8652,CD,2,D1_pwm175_grab3
17181,3216,-3238,8270,CD,2,D1_pwm175_grab3
17185,-2618,1426,9484,CD,2,D1_pwm175_grab3
17190,250,316,9812,CD,2,D1_pwm175_grab3
17196,-1042,550,11158,CD,2,D1_pwm175_grab3
17206,-1066,-1676,9292,CD,2,D1_pwm175_grab3
17211,1496,1620,11126,CD,2,D1_pwm175_grab3
17215,-4088,516,12386,CD,2,D1_pwm175_grab3
17221,1718,-306,9084,CD,2,D1_pwm175_grab3
17225,-770,1238,10572,CD,2,D1_pwm175_grab3
17230,2738,1234,9398,CD,2,D1_pwm175_grab3
17235,2856,28,10970,CD,2,D1_pwm175_grab3
17241,1744,2466,11000,CD,2,D1_pwm175_grab3
17245,7006,-3326,9376,CD,2,D1_pwm175_grab3
17250,-2350,1354,9182,CD,2,D1_pwm175_grab3
17255,-246,-118,9854,CD,2,D1_pwm175_grab3
17260,-1378,-898,10018,CD,2,D1_pwm175_grab3
17265,2658,-1750,8946,CD,2,D1_pwm175_grab3
17270,-1650,-2204,9270,CD,2,D1_pwm175_grab3
17276,1208,456,11330,CD,2,D1_pwm175_grab3
17286,1830,56,9546,CD,2,D1_pwm175_grab3
17290,-904,1002,10808,CD,2,D1_pwm175_grab3
17296,44,242,11028,CD,2,D1_pwm175_grab3
17301,1920,-134,9358,CD,2,D1_pwm175_grab3
17305,2316,668,10812,CD,2,D1_pwm175_grab3
17310,7214,-2818,9126,CD,2,D1_pwm175_grab3
17315,-1152,1414,9644,CD,2,D1_pwm175_grab3
17321,-796,-540,9902,CD,2,D1_pwm175_grab3
17325,176,-528,11136,CD,2,D1_pwm175_grab3
17331,5540,-474,8306,CD,2,D1_pwm175_grab3
17335,-2048,-2468,10152,CD,2,D1_pwm175_grab3
17341,136,-1000,10394,CD,2,D1_pwm175_grab3
17351,1780,516,9642,CD,2,D1_pwm175_grab3
17355,-848,864,11278,CD,2,D1_pwm175_grab3
17361,-2986,-406,12000,CD,2,D1_pwm175_grab3
17366,2848,312,11944,CD,2,D1_pwm175_grab3
17371,1308,-3022,8198,CD,2,D1_pwm175_grab3
17377,-164,-3120,7886,CD,2,D1_pwm175_grab3
17382,-2230,1334,9782,CD,2,D1_pwm175_grab3
17387,338,648,9796,CD,2,D1_pwm175_grab3
17391,-2602,-2006,10184,CD,2,D1_pwm175_grab3
17396,-2572,-3346,9150,CD,2,D1_pwm175_grab3
17401,-450,-720,9256,CD,2,D1_pwm175_grab3
17406,5224,848,9852,CD,2,D1_pwm175_grab3
17411,-1616,628,11830,CD,2,D1_pwm175_grab3
17417,1116,-888,9172,CD,2,D1_pwm175_grab3
17421,-712,1470,10722,CD,2,D1_pwm175_grab3
17426,6130,2302,9150,CD,2,D1_pwm175_grab3
17432,3094,376,11968,CD,2,D1_pwm175_grab3
17436,1564,-2190,8570,CD,2,D1_pwm175_grab3
17441,2222,-3204,7834,CD,2,D1_pwm175_grab3
17447,-330,1234,8922,CD,2,D1_pwm175_grab3
17452,22,464,9832,CD,2,D1_pwm175_grab3
17457,-2176,-1708,10282,CD,2,D1_pwm175_grab3
17461,-736,-2924,9356,CD,2,D1_pwm175_grab3
17466,-1176,-1452,8870,CD,2,D1_pwm175_grab3
17471,1348,2050,11158,CD,2,D1_pwm175_grab3
17477,-3680,580,12548,CD,2,D1_pwm175_grab3
17482,1274,-542,8972,CD,2,D1_pwm175_grab3
17486,-1084,1292,10858,CD,2,D1_pwm175_grab3
17496,3148,306,11066,CD,3,D1_pwm175_grab3
17501,1962,-1016,9638,CD,3,D1_pwm175_grab3
17506,5774,-3336,8710,CD,3,D1_pwm175_grab3
17511,-2390,1332,8934,CD,3,D1_pwm175_grab3
17517,-354,50,9718,CD,3,D1_pwm175_grab3
17521,-354,50,9718,CD,3,D1_pwm175_grab3
17526,-4038,-3598,9566,CD,3,D1_pwm175_grab3
17532,1176,1476,10128,CD,3,D1_pwm175_grab3
17536,1328,902,11244,CD,3,D1_pwm175_grab3
17541,-5464,752,13170,CD,3,D1_pwm175_grab3
17546,1582,-152,8868,CD,3,D1_pwm175_grab3
17551,-1044,996,10862,CD,3,D1_pwm175_grab3
17557,850,636,10278,CD,3,D1_pwm175_grab3
17561,2608,74,9810,CD,3,D1_pwm175_grab3
17566,502,-4202,7928,CD,3,D1_pwm175_grab3
17571,-3406,-2254,10898,CD,3,D1_pwm175_grab3
17576,-1946,1260,9040,CD,3,D1_pwm175_grab3
17581,-570,-284,9580,CD,3,D1_pwm175_grab3
17586,-1154,-526,10692,CD,3,D1_pwm175_grab3
17592,4342,-1216,8840,CD,3,D1_pwm175_grab3
17596,-1666,-2364,9536,CD,3,D1_pwm175_grab3
17601,490,-266,10924,CD,3,D1_pwm175_grab3
17612,94,-1674,9394,CD,3,D1_pwm175_grab3
17616,-888,1462,10684,CD,3,D1_pwm175_grab3
17627,2128,526,12372,CD,3,D1_pwm175_grab3
17632,906,-3562,8036,CD,3,D1_pwm175_grab3
17637,-1326,-2856,9148,CD,3,D1_pwm175_grab3
17642,-2160,1282,9390,CD,3,D1_pwm175_grab3
17648,-444,808,10658,CD,3,D1_pwm175_grab3
17652,-7114,-1718,10738,CD,3,D1_pwm175_grab3
17657,-1106,-2672,9430,CD,3,D1_pwm175_grab3
17662,2214,2470,11292,CD,3,D1_pwm175_grab3
17668,2156,2680,10402,CD,3,D1_pwm175_grab3
17673,-530,842,11432,CD,3,D1_pwm175_grab3
17678,378,-1262,9196,CD,3,D1_pwm175_grab3
17682,-724,1282,10866,CD,3,D1_pwm175_grab3
17693,-810,-1150,13280,CD,3,D1_pwm175_grab3
17697,-312,-4104,8554,CD,3,D1_pwm175_grab3
17707,-2070,1410,9564,CD,3,D1_pwm175_grab3
17712,-52,614,9782,CD,3,D1_pwm175_grab3
17717,-2044,-2050,11012,CD,3,D1_pwm175_grab3
17723,-1718,-2722,9408,CD,3,D1_pwm175_grab3
17727,-750,-762,8886,CD,3,D1_pwm175_grab3
17733,5368,1392,9948,CD,3,D1_pwm175_grab3
17737,1874,434,11562,CD,3,D1_pwm175_grab3
17743,-782,-1604,9580,CD,3,D1_pwm175_grab3
17747,-1192,1222,10856,CD,3,D1_pwm175_grab3
17752,4954,1776,9370,CD,3,D1_pwm175_grab3
17757,3250,130,10918,CD,3,D1_pwm175_grab3
17762,1658,-1740,8914,CD,3,D1_pwm175_grab3
17767,3042,-3370,8190,CD,3,D1_pwm175_grab3
17773,-928,1254,9032,CD,3,D1_pwm175_grab3
17777,-462,760,10518,CD,3,D1_pwm175_grab3
17783,-5172,-1932,8596,CD,3,D1_pwm175_grab3
17788,-3636,-3382,10094,CD,3,D1_pwm175_grab3
17792,-1004,-1472,9044,CD,3,D1_pwm175_grab3
17798,1358,1450,11162,CD,3,D1_pwm175_grab3
17803,-4328,678,12516,CD,3,D1_pwm175_grab3
17807,1858,-348,8836,CD,3,D1_pwm175_grab3
17813,-1122,1450,10810,CD,3,D1_pwm175_grab3
17822,620,118,12620,CD,3,D1_pwm175_grab3
17828,212,-4124,8144,CD,3,D1_pwm175_grab3
17832,-3886,-2180,11272,CD,3,D1_pwm175_grab3
17838,-1488,1316,9416,CD,3,D1_pwm175_grab3
17842,-44,-40,9740,CD,3,D1_pwm175_grab3
17848,-1168,-778,10302,CD,3,D1_pwm175_grab3
17852,-3908,-3312,10226,CD,3,D1_pwm175_grab3
17857,312,484,9616,CD,3,D1_pwm175_grab3
17862,3706,2462,11040,CD,3,D1_pwm175_grab3
17868,588,968,10834,CD,3,D1_pwm175_grab3
17872,50,-1518,9224,CD,3,D1_pwm175_grab3
17878,-826,1264,10622,CD,3,D1_pwm175_grab3
17888,2226,356,11644,CD,3,D1_pwm175_grab3
17894,-280,-3452,8850,CD,3,D1_pwm175_grab3
17903,314,1204,9904,CD,3,D1_pwm175_grab3
17908,-706,718,10778,CD,3,D1_pwm175_grab3
17920,-2292,-3128,9390,CD,3,D1_pwm175_grab3
17924,-446,-714,8976,CD,3,D1_pwm175_grab3
17929,908,2502,10216,CD,3,D1_pwm175_grab3
17933,1824,362,11360,CD,3,D1_pwm175_grab3
17938,-696,-1610,9594,CD,3,D1_pwm175_grab3
17944,-1010,1226,10786,CD,3,D1_pwm175_grab3
17953,-112,-258,12970,CD,3,D1_pwm175_grab3
17968,-1856,1316,9276,CD,3,D1_pwm175_grab3
17974,-330,754,10368,CD,3,D1_pwm175_grab3
17978,-4052,-1530,9326,CD,3,D1_pwm175_grab3
17983,-4046,-3354,10212,CD,3,D1_pwm175_grab3
17989,710,704,9902,CD,3,D1_pwm175_grab3
17993,4092,2290,11264,CD,3,D1_pwm175_grab3
17999,370,916,10676,CD,3,D1_pwm175_grab3
18003,-22,-1650,9452,CD,3,D1_pwm175_grab3
18009,-704,716,10760,CD,3,D1_pwm175_grab3
18019,1824,362,12092,CD,3,D1_pwm175_grab3
18023,782,-3268,8380,CD,3,D1_pwm175_grab3
18029,-374,-2850,8354,CD,3,D1_pwm175_grab3
18033,-2106,1336,9690,CD,3,D1_pwm175_grab3
18038,-192,652,9750,CD,3,D1_pwm175_grab3
18043,-1784,-1926,10924,CD,3,D1_pwm175_grab3
18054,-500,-820,8856,CD,3,D1_pwm175_grab3
18059,1238,2448,10354,CD,3,D1_pwm175_grab3
18064,-3168,646,12166,CD,3,D1_pwm175_grab3
18068,1334,-592,8826,CD,3,D1_pwm175_grab3
18074,-868,1108,10812,CD,3,D1_pwm175_grab3
18079,3026,920,9318,CD,3,D1_pwm175_grab3
18084,2766,-292,10618,CD,3,D1_pwm175_grab3
18088,1732,-1076,9566,CD,3,D1_pwm175_grab3
18098,-1766,1244,9120,CD,3,D1_pwm175_grab3
18103,-440,-82,9556,CD,3,D1_pwm175_grab3
18108,-1020,-1380,10198,CD,3,D1_pwm175_grab3
18113,3402,-588,9928,CD,3,D1_pwm175_grab3
18118,-1386,-1946,9032,CD,3,D1_pwm175_grab3
18124,776,220,11044,CD,3,D1_pwm175_grab3
18135,182,-1546,9432,CD,3,D1_pwm175_grab3
18139,-682,1502,10624,CD,3,D1_pwm175_grab3
18150,1986,294,12242,CD,3,D1_pwm175_grab3
18154,876,-3236,8288,CD,3,D1_pwm175_grab3
18160,12,-3060,8022,CD,3,D1_pwm175_grab3
18164,-2498,1154,9662,CD,3,D1_pwm175_grab3
18170,20,756,9798,CD,3,D1_pwm175_grab3
18179,-1864,-2240,10158,CD,3,D1_pwm175_grab3
18184,-574,-888,9094,CD,3,D1_pwm175_grab3
18190,1284,2574,10564,CD,3,D1_pwm175_grab3
18195,-3212,926,12360,CD,3,D1_pwm175_grab3
18199,1360,-638,9048,CD,3,D1_pwm175_grab3
18205,-888,1046,10642,CD,3,D1_pwm175_grab3
18210,3156,1018,9216,CD,3,D1_pwm175_grab3
18214,44,-140,12714,CD,3,D1_pwm175_grab3
18220,1794,-1124,9474,CD,3,D1_pwm175_grab3
18230,-2236,1010,9070,CD,3,D1_pwm175_grab3
18235,-530,-146,9748,CD,3,D1_pwm175_grab3
18240,-860,-1410,10376,CD,3,D1_pwm175_grab3
18244,3204,-566,9718,CD,3,D1_pwm175_grab3
18249,-1514,-1894,9128,CD,3,D1_pwm175_grab3
18254,802,238,10932,CD,3,D1_pwm175_grab3
18259,486,1032,10740,CD,3,D1_pwm175_grab3
18264,2098,454,9558,CD,3,D1_pwm175_grab3
18269,-794,652,11154,CD,3,D1_pwm175_grab3
18275,-2118,138,12408,CD,3,D1_pwm175_grab3
18280,1462,-1378,8882,CD,3,D1_pwm175_grab3
18284,2170,1132,11218,CD,3,D1_pwm175_grab3
18290,6196,-1942,9606,CD,3,D1_pwm175_grab3
18294,538,662,10568,CD,3,D1_pwm175_grab3
18300,166,710,9916,CD,3,D1_pwm175_grab3
18304,-76,-226,11032,CD,3,D1_pwm175_grab3
18315,-1588,-1852,11446,CD,3,D1_pwm175_grab3
18319,-244,-2636,9474,CD,3,D1_pwm175_grab3
18330,1466,1226,9858,CD,3,D1_pwm175_grab3
18335,-1052,780,10906,CD,3,D1_pwm175_grab3
18339,2970,882,9280,CD,3,D1_pwm175_grab3
18345,2622,-362,10692,CD,3,D1_pwm175_grab3
18349,1932,2244,11072,CD,3,D1_pwm175_grab3
18354,5434,382,10086,CD,3,D1_pwm175_grab3
18359,2476,332,11840,CD,3,D1_pwm175_grab3
18364,-832,-1550,9408,CD,3,D1_pwm175_grab3
18369,-990,870,10780,CD,3,D1_pwm175_grab3
18379,-1462,-1916,9202,CD,3,D1_pwm175_grab3
18385,844,142,10888,CD,3,D1_pwm175_grab3
18396,2088,624,9752,CD,3,D1_pwm175_grab3
18401,-658,610,11110,CD,3,D1_pwm175_grab3
18406,-2464,126,12398,CD,3,D1_pwm175_grab3
18411,1150,-1518,8656,CD,3,D1_pwm175_grab3
18416,2276,1194,11240,CD,3,D1_pwm175_grab3
18421,-4,-3572,7774,CD,3,D1_pwm175_grab3
18426,-2304,1190,9882,CD,3,D1_pwm175_grab3
18430,316,762,10052,CD,3,D1_pwm175_grab3
18435,-224,-250,11008,CD,3,D1_pwm175_grab3
18445,-1550,-1628,11548,CD,3,D1_pwm175_grab3
18450,-316,-2764,9248,CD,3,D1_pwm175_grab3
18461,1698,-428,8944,CD,3,D1_pwm175_grab3
18465,-612,1028,10302,CD,3,D1_pwm175_grab3
18471,2574,718,9304,CD,3,D1_pwm175_grab3
18475,-1200,-2866,9332,CD,3,D1_pwm175_grab3
18481,1594,1898,11396,CD,3,D1_pwm175_grab3
18486,5528,716,10390,CD,3,D1_pwm175_grab3
18491,2312,290,11834,CD,3,D1_pwm175_grab3
18495,-1060,-1890,9324,CD,3,D1_pwm175_grab3
18501,-462,-1210,10032,CD,3,D1_pwm175_grab3
18505,4234,-186,9582,CD,3,D1_pwm175_grab3
18511,-1366,-1880,9636,CD,3,D1_pwm175_grab3
18516,756,-226,10766,CD,3,D1_pwm175_grab3
18525,-796,1806,9432,CD,3,D1_pwm175_grab3
18531,-712,1054,10354,CD,3,D1_pwm175_grab3
18536,-4340,-1274,9874,CD,3,D1_pwm175_grab3
18541,678,-1960,8454,CD,3,D1_pwm175_grab3
18545,2392,1438,11014,CD,3,D1_pwm175_grab3
18555,386,192,10806,CD,3,D1_pwm175_grab3
18560,-132,-1776,9136,CD,3,D1_pwm175_grab3
18565,-750,1178,10406,CD,3,D1_pwm175_grab3
18575,1850,188,11674,CD,3,D1_pwm175_grab3
18580,-286,-3062,8998,CD,3,D1_pwm175_grab3
18590,798,1546,9980,CD,3,D1_pwm175_grab3
18596,-726,872,11282,CD,3,D1_pwm175_grab3
18606,-1920,-2336,9822,CD,3,D1_pwm175_grab3
18610,42,-716,9418,CD,3,D1_pwm175_grab3
18615,606,3008,9868,CD,3,D1_pwm175_grab3
18620,2102,182,11780,CD,3,D1_pwm175_grab3
18625,-980,-2086,9324,CD,3,D1_pwm175_grab3
18631,-1092,992,10648,CD,3,D1_pwm175_grab3
18641,-380,-198,12706,CD,3,D1_pwm175_grab3
18646,-134,-4272,8492,CD,3,D1_pwm175_grab3
18657,-1326,1852,9348,CD,3,D1_pwm175_grab3
18661,-306,676,10850,CD,3,D1_pwm175_grab3
18667,-3722,-196,12626,CD,3,D1_pwm175_grab3
18672,484,-2246,8396,CD,3,D1_pwm175_grab3
18676,2540,1768,10934,CD,3,D1_pwm175_grab3
18688,786,-48,10900,CD,3,D1_pwm175_grab3
18691,-106,-1880,9002,CD,3,D1_pwm175_grab3
18697,-768,1096,10430,CD,3,D1_pwm175_grab3
18707,-1246,-1100,12354,CD,3,D1_pwm175_grab3
18712,-258,-3452,8830,CD,3,D1_pwm175_grab3
18721,434,1808,10330,CD,3,D1_pwm175_grab3
18727,-578,1058,11114,CD,3,D1_pwm175_grab3
18732,-1904,-1870,11054,CD,3,D1_pwm175_grab3
18737,-1540,-2124,9862,CD,3,D1_pwm175_grab3
18741,1676,1758,11108,CD,3,D1_pwm175_grab3
18747,5166,2046,10704,CD,3,D1_pwm175_grab3
18752,2106,214,11574,CD,3,D1_pwm175_grab3
18756,-770,-2222,9402,CD,3,D1_pwm175_grab3
18762,-1052,1056,10542,CD,3,D1_pwm175_grab3
18772,10,94,12992,CD,3,D1_pwm175_grab3
18776,1808,-706,9276,CD,3,D1_pwm175_grab3
18781,6766,-3934,10014,CD,3,D1_pwm175_grab3
18786,-2088,1730,9364,CD,3,D1_pwm175_grab3
18791,-338,1402,10670,CD,3,D1_pwm175_grab3
18796,-3602,-1358,9892,CD,3,D1_pwm175_grab3
18801,-3972,-3368,10142,CD,3,D1_pwm175_grab3
18807,464,218,9766,CD,3,D1_pwm175_grab3
18811,3614,2884,11048,CD,3,D1_pwm175_grab3
18822,2554,934,9532,CD,3,D1_pwm175_grab3
18827,-780,1026,10432,CD,3,D1_pwm175_grab3
18836,2238,414,11852,CD,3,D1_pwm175_grab3
18842,968,-2834,8686,CD,3,D1_pwm175_grab3
18847,410,-4240,7546,CD,3,D1_pwm175_grab3
18851,-2750,998,9500,CD,3,D1_pwm175_grab3
18856,-180,1120,9930,CD,3,D1_pwm175_grab3
18862,-216,-136,10770,CD,3,D1_pwm175_grab3
18866,-952,-1978,9928,CD,3,D1_pwm175_grab3
18872,-770,-1526,8908,CD,3,D1_pwm175_grab3
18876,1400,2182,10542,CD,3,D1_pwm175_grab3
18887,1778,-152,8724,CD,3,D1_pwm175_grab3
18891,-742,564,10542,CD,3,D1_pwm175_grab3
18897,1682,454,9696,CD,3,D1_pwm175_grab3
18902,2736,-414,10112,CD,3,D1_pwm175_grab3
18907,218,-4330,8402,CD,3,D1_pwm175_grab3
18912,-3734,-3662,10174,CD,3,D1_pwm175_grab3
18917,-2278,1670,9712,CD,3,D1_pwm175_grab3
18923,-26,1506,10390,CD,3,D1_pwm175_grab3
18927,-3322,-1578,9780,CD,3,D1_pwm175_grab3
18933,-3824,-3478,9708,CD,3,D1_pwm175_grab3
18938,514,-48,9802,CD,3,D1_pwm175_grab3
18944,2726,3286,10646,CD,3,D1_pwm175_grab3
18948,448,1994,11930,CD,3,D1_pwm175_grab3
18952,514,-1668,9098,CD,3,D1_pwm175_grab3
18957,-610,996,10304,CD,3,D1_pwm175_grab3
18968,2446,374,11992,CD,3,D1_pwm175_grab3
18973,1060,-2628,8702,CD,3,D1_pwm175_grab3
18977,988,-4408,7444,CD,3,D1_pwm175_grab3
18982,-3328,644,9230,CD,3,D1_pwm175_grab3
18987,-36,1074,10072,CD,3,D1_pwm175_grab3
18993,-1864,-1612,10802,CD,3,D1_pwm175_grab3
18997,-1010,-2222,9818,CD,3,D1_pwm175_grab3
19002,-912,-1664,9094,CD,3,D1_pwm175_grab3
19008,1528,2074,10738,CD,3,D1_pwm175_grab3
19018,1762,-60,8858,CD,3,D1_pwm175_grab3
19022,-726,494,10468,CD,3,D1_pwm175_grab3
19033,2854,-172,10200,CD,3,D1_pwm175_grab3
19038,1796,-294,9872,CD,3,D1_pwm175_grab3
19042,7454,-3662,9616,CD,3,D1_pwm175_grab3
19047,-2458,168,8916,CD,3,D1_pwm175_grab3
19053,-716,-324,9786,CD,3,D1_pwm175_grab3
19057,-606,-1184,10716,CD,3,D1_pwm175_grab3
19063,4224,-466,9216,CD,3,D1_pwm175_grab3
19067,872,282,9916,CD,3,D1_pwm175_grab3
19072,698,-374,10524,CD,3,D1_pwm175_grab3
19082,2692,1370,9714,CD,3,D1_pwm175_grab3
19087,-590,436,10934,CD,3,D1_pwm175_grab3
19092,-2790,-244,12220,CD,3,D1_pwm175_grab3
19098,1494,-1470,8728,CD,3,D1_pwm175_grab3
19103,2094,1688,11120,CD,3,D1_pwm175_grab3
19112,-3148,574,9630,CD,3,D1_pwm175_grab3
19117,-1074,-1548,9422,CD,3,D1_pwm175_grab3
19122,-112,-116,10708,CD,3,D1_pwm175_grab3
19132,-1610,-1798,11740,CD,3,D1_pwm175_grab3
19138,-276,-2936,9300,CD,3,D1_pwm175_grab3
19147,1714,-196,8966,CD,3,D1_pwm175_grab3
19152,-670,680,10310,CD,3,D1_pwm175_grab3
19158,2974,806,9296,CD,3,D1_pwm175_grab3
19163,2942,-218,10662,CD,3,D1_pwm175_grab3
19168,1654,-716,9528,CD,3,D1_pwm175_grab3
19179,-3268,-52,8600,CD,3,D1_pwm175_grab3
19184,-474,60,9972,CD,3,D1_pwm175_grab3
19188,-4322,-1296,9754,CD,3,D1_pwm175_grab3
19193,-3874,-3562,9612,CD,3,D1_pwm175_grab3
19198,1246,648,10058,CD,3,D1_pwm175_grab3
19203,1086,166,10682,CD,3,D1_pwm175_grab3
19209,-7256,2208,13076,CD,3,D1_pwm175_grab3
19213,2510,1156,9494,CD,3,D1_pwm175_grab3
19218,-568,412,10652,CD,3,D1_pwm175_grab3
19224,-1512,-46,11806,CD,3,D1_pwm175_grab3
19229,2218,542,12106,CD,3,D1_pwm175_grab3
19233,778,-3264,8140,CD,3,D1_pwm175_grab3
19243,-488,-176,10040,CD,3,D1_pwm175_grab3
19249,-1156,-1426,9538,CD,3,D1_pwm175_grab3
19254,290,-590,10922,CD,3,D1_pwm175_grab3
19263,-1824,-1938,11226,CD,3,D1_pwm175_grab3
19268,1030,2810,10274,CD,3,D1_pwm175_grab3
19274,-1612,2532,12710,CD,3,D1_pwm175_grab3
19278,1462,-528,8906,CD,3,D1_pwm175_grab3
19283,-534,800,10180,CD,3,D1_pwm175_grab3
19289,-6632,-666,11890,CD,3,D1_pwm175_grab3
19294,-190,-2780,8846,CD,3,D1_pwm175_grab3
19298,1904,2400,11270,CD,3,D1_pwm175_grab3
19304,5800,754,10354,CD,3,D1_pwm175_grab3
19309,-3484,-132,8868,CD,3,D1_pwm175_grab3
19313,-232,418,10060,CD,3,D1_pwm175_grab3
19319,-1530,-1252,10012,CD,3,D1_pwm175_grab3
19324,1960,-1360,9592,CD,3,D1_pwm175_grab3
19328,-1222,-826,12662,CD,3,D1_pwm175_grab3
19333,-242,-4016,8826,CD,3,D1_pwm175_grab3
19343,-66,2316,9578,CD,3,D1_pwm175_grab3
19348,-440,1440,10974,CD,3,D1_pwm175_grab3
19354,-700,-20,11472,CD,3,D1_pwm175_grab3
19358,2014,-1022,8916,CD,3,D1_pwm175_grab3
19363,2008,950,10568,CD,3,D1_pwm175_grab3
19374,2800,1332,11668,CD,3,D1_pwm175_grab3
19378,-716,-2644,9114,CD,3,D1_pwm175_grab3
19384,-1134,832,10490,CD,3,D1_pwm175_grab3
19393,-1920,-2114,10860,CD,3,D1_pwm175_grab3
19398,-10,-1942,9628,CD,3,D1_pwm175_grab3
19408,2328,1936,10118,CD,3,D1_pwm175_grab3
19415,-440,712,11144,CD,3,D1_pwm175_grab3
19419,-5960,-570,11938,CD,3,D1_pwm175_grab3
19425,-18,-2524,8730,CD,3,D1_pwm175_grab3
19430,1486,-1530,8864,CD,3,D1_pwm175_grab3
19434,4242,-4368,8660,CD,3,D1_pwm175_grab3
19439,-3264,24,9248,CD,3,D1_pwm175_grab3
19444,-102,674,10056,CD,3,D1_pwm175_grab3
19450,-1990,-1398,9606,CD,3,D1_pwm175_grab3
19454,1206,-1792,9574,CD,3,D1_pwm175_grab3
19459,-1400,-882,12634,CD,3,D1_pwm175_grab3
19465,-170,-3798,8878,CD,3,D1_pwm175_grab3
19474,2420,898,9216,CD,3,D1_pwm175_grab3
19480,-430,608,10216,CD,3,D1_pwm175_grab3
19485,-46,100,10956,CD,3,D1_pwm175_grab3
19490,2248,-916,9110,CD,3,D1_pwm175_grab3
19495,2126,766,10192,CD,3,D1_pwm175_grab3
19499,5580,2466,11944,CD,3,D1_pwm175_grab3
19505,2650,1194,11892,CD,3,D1_pwm175_grab3
19509,-800,-2748,8946,CD,3,D1_pwm175_grab3
19515,406,-800,10748,CD,3,D1_pwm175_grab3
19520,6640,416,8396,CD,3,D1_pwm175_grab3
19524,-1850,-2154,10864,CD,3,D1_pwm175_grab3
19530,176,-1716,9786,CD,3,D1_pwm175_grab3
19540,2392,1964,10188,CD,3,D1_pwm175_grab3
19545,-136,1758,10638,CD,3,D1_pwm175_grab3
19549,-3628,-1268,10594,CD,3,D1_pwm175_grab3
19554,-44,-2468,8534,CD,3,D1_pwm175_grab3
19559,2020,2158,11250,CD,3,D1_pwm175_grab3
19564,5802,766,9914,CD,3,D1_pwm175_grab3
19570,1184,-106,11502,CD,3,D1_pwm175_grab3
19574,-1230,-2314,9398,CD,3,D1_pwm175_grab3
19580,-1038,112,10710,CD,3,D1_pwm175_grab3
19589,2820,444,11550,CD,3,D1_pwm175_grab3
19595,-290,-3856,8734,CD,3,D1_pwm175_grab3
19604,194,2282,9998,CD,3,D1_pwm175_grab3
19610,-382,1374,11218,CD,3,D1_pwm175_grab3
19615,-6158,-896,10082,CD,3,D1_pwm175_grab3
19619,-2872,-3072,9782,CD,3,D1_pwm175_grab3
19624,1260,1660,11030,CD,3,D1_pwm175_grab3
19630,1144,1788,10348,CD,3,D1_pwm175_grab3
19635,2330,1158,12194,CD,3,D1_pwm175_grab3
19639,-936,-2852,8880,CD,3,D1_pwm175_grab3
19645,-1318,786,10650,CD,3,D1_pwm175_grab3
19654,254,254,12498,CD,3,D1_pwm175_grab3
19660,118,-3978,8482,CD,3,D1_pwm175_grab3
19664,-4926,-4418,10004,CD,3,D1_pwm175_grab3
19670,-1996,1632,9318,CD,3,D1_pwm175_grab3
19675,10,816,10828,CD,3,D1_pwm175_grab3
19681,-5842,-616,12148,CD,3,D1_pwm175_grab3
19685,-276,-2608,8472,CD,3,D1_pwm175_grab3
19690,2088,2190,11204,CD,3,D1_pwm175_grab3
19695,5612,1126,9784,CD,3,D1_pwm175_grab3
19700,1424,-20,11334,CD,3,D1_pwm175_grab3
19706,-1022,-2442,9500,CD,3,D1_pwm175_grab3
19710,-1092,286,10472,CD,3,D1_pwm175_grab3
19720,-1154,-622,12998,CD,3,D1_pwm175_grab3
19726,-48,-4008,8704,CD,3,D1_pwm175_grab3
19736,-686,2146,10090,CD,3,D1_pwm175_grab3
19740,-230,1428,11044,CD,3,D1_pwm175_grab3
19745,-5528,-840,9538,CD,3,D1_pwm175_grab3
19751,-3802,-3272,9814,CD,3,D1_pwm175_grab3
19755,1108,1334,10532,CD,3,D1_pwm175_grab3
19761,4938,2922,12114,CD,3,D1_pwm175_grab3
19765,1650,1652,12032,CD,3,D1_pwm175_grab3
19770,-396,-2680,9182,CD,3,D1_pwm175_grab3
19775,-1176,864,10454,CD,3,D1_pwm175_grab3
19786,1278,578,12526,CD,3,D1_pwm175_grab3
19791,448,-3686,8392,CD,3,D1_pwm175_grab3
19801,-2952,960,9362,CD,3,D1_pwm175_grab3
19806,18,1684,10564,CD,3,D1_pwm175_grab3
19811,-2218,-1418,11070,CD,3,D1_pwm175_grab3
19816,-2898,-2792,9758,CD,3,D1_pwm175_grab3
19820,-174,-1134,9134,CD,3,D1_pwm175_grab3
19826,1098,2732,9988,CD,3,D1_pwm175_grab3
19835,-862,-2856,9300,CD,3,D1_pwm175_grab3
19840,-666,752,10516,CD,3,D1_pwm175_grab3
19846,3802,976,9276,CD,3,D1_pwm175_grab3
19850,3136,42,10516,CD,3,D1_pwm175_grab3
19856,1514,-860,9686,CD,3,D1_pwm175_grab3
19860,6682,-3760,9616,CD,3,D1_pwm175_grab3
19865,-2490,-64,8936,CD,3,D1_pwm175_grab3
19870,-764,84,9666,CD,3,D1_pwm175_grab3
19875,-4006,-1182,10084,CD,3,D1_pwm175_grab3
19880,-4260,-3410,9474,CD,3,D1_pwm175_grab3
19885,-1558,-2578,9438,CD,3,D1_pwm175_grab3
19890,804,-612,10424,CD,3,D1_pwm175_grab3
19896,-8206,1636,12716,CD,3,D1_pwm175_grab3
19901,2918,1748,9556,CD,3,D1_pwm175_grab3
19905,-410,586,10730,CD,3,D1_pwm175_grab3
19911,-3602,-148,12504,CD,3,D1_pwm175_grab3
19916,2824,432,11948,CD,3,D1_pwm175_grab3
19920,1020,-2578,8616,CD,3,D1_pwm175_grab3
19927,1474,-4546,7586,CD,3,D1_pwm175_grab3
19932,-3374,58,9116,CD,3,D1_pwm175_grab3
19936,182,1006,10272,CD,3,D1_pwm175_grab3
19941,-1940,-1488,9784,CD,3,D1_pwm175_grab3
19947,-180,-2266,9614,CD,3,D1_pwm175_grab3
19951,-954,-2132,9364,CD,3,D1_pwm175_grab3
19957,4548,2804,11668,CD,3,D1_pwm175_grab3
19962,2338,1794,11612,CD,3,D1_pwm175_grab3
19968,-518,-2548,9044,CD,3,D1_pwm175_grab3
19972,-596,554,10352,CD,3,D1_pwm175_grab3
19976,390,202,10946,CD,3,D1_pwm175_grab3
19982,2412,-612,9278,CD,3,D1_pwm175_grab3
19987,1828,648,10548,CD,3,D1_pwm175_grab3
19991,7016,-2360,9482,CD,3,D1_pwm175_grab3
19997,-2586,746,9456,CD,3,D1_pwm175_grab3
20001,444,1696,10260,CD,3,D1_pwm175_grab3
20007,-2822,-1624,10794,CD,3,D1_pwm175_grab3
20011,7168,442,7990,CD,3,D1_pwm175_grab3
20016,-1890,-2344,11010,CD,3,D1_pwm175_grab3
20021,42,-2088,9488,CD,3,D1_pwm175_grab3
20032,2184,2182,10104,CD,3,D1_pwm175_grab3
20036,-154,804,11018,CD,3,D1_pwm175_grab3
20042,3930,1326,8976,CD,3,D1_pwm175_grab3
20047,3290,-72,10890,CD,3,D1_pwm175_grab3
20051,1690,-984,9086,CD,3,D1_pwm175_grab3
20056,6090,1390,10306,CD,3,D1_pwm175_grab3
20062,2004,542,12068,CD,3,D1_pwm175_grab3
20066,-1228,-2660,9202,CD,3,D1_pwm175_grab3
20072,-1276,350,10874,CD,3,D1_pwm175_grab3
20082,-1414,-2204,10030,CD,3,D1_pwm175_grab3
20087,874,-344,10490,CD,3,D1_pwm175_grab3
20091,-7428,1866,12400,CD,3,D1_pwm175_grab3
20096,-818,2002,9666,CD,3,D1_pwm175_grab3
20101,-142,1516,11154,CD,3,D1_pwm175_grab3
20107,-4390,-1064,9944,CD,3,D1_pwm175_grab3
20112,-3906,-3266,10188,CD,3,D1_pwm175_grab3
20117,864,1016,10210,CD,3,D1_pwm175_grab3
20121,5988,-194,9742,CD,3,D1_pwm175_grab3
20126,2,-320,10348,CD,3,D1_pwm175_grab3
20131,-1014,-1840,9740,CD,3,D1_pwm175_grab3
20137,-568,-144,10728,CD,3,D1_pwm175_grab3
20146,2174,524,11386,CD,3,D1_pwm175_grab3
20151,650,-2948,8586,CD,3,D1_pwm175_grab3
20156,-1428,-4968,7872,CD,3,D1_pwm175_grab3
20162,362,2246,10378,CD,3,D1_pwm175_grab3
20166,-46,1080,10980,CD,3,D1_pwm175_grab3
20171,-6884,-956,10388,CD,3,D1_pwm175_grab3
20176,-2678,-3154,9416,CD,3,D1_pwm175_grab3
20182,1362,1982,11120,CD,3,D1_pwm175_grab3
20188,5312,2914,11224,CD,3,D1_pwm175_grab3
20192,2332,1218,12344,CD,3,D1_pwm175_grab3
20197,-746,-2976,9144,CD,3,D1_pwm175_grab3
20203,474,-770,10820,CD,3,D1_pwm175_grab3
20213,-1696,-2242,11368,CD,3,D1_pwm175_grab3
20217,-156,-2414,9606,CD,3,D1_pwm175_grab3
20228,-2698,1062,9564,CD,3,D1_pwm175_grab3
20233,10,1700,10648,CD,3,D1_pwm175_grab3
20237,-2882,-1406,10570,CD,3,D1_pwm175_grab3
20242,-754,-2860,8648,CD,3,D1_pwm175_grab3
20248,2006,2690,11574,CD,3,D1_pwm175_grab3
20253,5434,1814,9650,CD,3,D1_pwm175_grab3
20257,2372,600,11672,CD,3,D1_pwm175_grab3
20262,-1108,-2754,9374,CD,3,D1_pwm175_grab3
20268,-770,736,10522,CD,3,D1_pwm175_grab3
20272,5772,1470,9282,CD,3,D1_pwm175_grab3
20277,3238,382,10960,CD,3,D1_pwm175_grab3
20282,-12,-4274,8394,CD,3,D1_pwm175_grab3
20287,-6478,-4468,10288,CD,3,D1_pwm175_grab3
20292,-1592,1926,10072,CD,3,D1_pwm175_grab3
20297,450,1630,10796,CD,3,D1_pwm175_grab3
20302,-4686,-1018,9840,CD,3,D1_pwm175_grab3
20308,-4416,-3466,9414,CD,3,D1_pwm175_grab3
20312,-1338,-2504,9136,CD,3,D1_pwm175_grab3
20317,1144,-12,10606,CD,3,D1_pwm175_grab3
20323,1222,2822,12084,CD,3,D1_pwm175_grab3
20328,300,-2276,9168,CD,3,D1_pwm175_grab3
20333,-990,832,10156,CD,3,D1_pwm175_grab3
20343,2440,526,12014,CD,3,D1_pwm175_grab3
20347,824,-3134,8162,CD,3,D1_pwm175_grab3
20352,6572,-754,10238,CD,3,D1_pwm175_grab3
20358,386,-414,10240,CD,3,D1_pwm175_grab3
20362,210,1278,10102,CD,3,D1_pwm175_grab3
20367,-2090,-1494,10012,CD,3,D1_pwm175_grab3
20372,-1610,-2534,9590,CD,3,D1_pwm175_grab3
20377,-644,-1570,9382,CD,3,D1_pwm175_grab3
20383,1480,1828,10828,CD,3,D1_pwm175_grab3
20392,2310,414,9004,CD,3,D1_pwm175_grab3
20397,-158,1136,11100,CD,3,D1_pwm175_grab3
20402,1718,1012,10190,CD,3,D1_pwm175_grab3
20408,3042,-164,9862,CD,3,D1_pwm175_grab3
20412,1780,-130,10072,CD,3,D1_pwm175_grab3
20418,7262,-2866,9714,CD,3,D1_pwm175_grab3
20422,-2570,-666,8790,CD,3,D1_pwm175_grab3
20427,-792,-608,9918,CD,3,D1_pwm175_grab3
20433,482,-936,10954,CD,3,D1_pwm175_grab3
20439,5588,-288,8420,CD,3,D1_pwm175_grab3
20443,680,42,9806,CD,3,D1_pwm175_grab3
20449,948,2918,9660,CD,3,D1_pwm175_grab3
20454,-220,3130,12250,CD,3,D1_pwm175_grab3
20458,1080,-1106,8880,CD,3,D1_pwm175_grab3
20464,-638,782,10232,CD,3,D1_pwm175_grab3
20468,5214,1660,9044,CD,3,D1_pwm175_grab3
20473,3418,186,11014,CD,3,D1_pwm175_grab3
20478,1476,-1502,8656,CD,3,D1_pwm175_grab3
20484,4434,-3924,9082,CD,3,D1_pwm175_grab3
20489,-3200,-532,8850,CD,3,D1_pwm175_grab3
20493,150,572,10046,CD,3,D1_pwm175_grab3
20498,-1518,-1270,9492,CD,3,D1_pwm175_grab3
20504,2426,-1532,9468,CD,3,D1_pwm175_grab3
20508,-1218,-2140,9796,CD,3,D1_pwm175_grab3
20514,1042,-80,10522,CD,3,D1_pwm175_grab3
20518,-6748,2094,12236,CD,3,D1_pwm175_grab3
20524,2758,1662,9582,CD,3,D1_pwm175_grab3
20529,-148,696,10414,CD,3,D1_pwm175_grab3
20533,-2026,302,12480,CD,3,D1_pwm175_grab3
20538,1516,-1326,8582,CD,3,D1_pwm175_grab3
20544,2156,1622,10856,CD,3,D1_pwm175_grab3
20549,5848,-108,9672,CD,3,D1_pwm175_grab3
20553,110,-432,10220,CD,3,D1_pwm175_grab3
20558,-1162,-1854,9728,CD,3,D1_pwm175_grab3
20563,-1922,-1664,10458,CD,3,D1_pwm175_grab3
20573,-1624,-1728,12718,CD,3,D1_pwm175_grab3
20578,-56,-3434,9060,CD,3,D1_pwm175_grab3
20588,256,2444,10502,CD,3,D1_pwm175_grab3
20593,156,1174,10922,CD,3,D1_pwm175_grab3
20598,-6910,-814,10602,CD,3,D1_pwm175_grab3
20603,-2824,-3174,9380,CD,3,D1_pwm175_grab3
20608,1310,2050,11220,CD,3,D1_pwm175_grab3
20614,5284,3134,11162,CD,3,D1_pwm175_grab3
20618,2058,1790,12272,CD,3,D1_pwm175_grab3
20623,-568,-2922,9266,CD,3,D1_pwm175_grab3
20628,-1368,594,10556,CD,3,D1_pwm175_grab3
20638,536,252,12804,CD,3,D1_pwm175_grab3
20643,240,-3886,8146,CD,3,D1_pwm175_grab3
20654,-2990,714,9494,CD,3,D1_pwm175_grab3
20658,242,1638,10564,CD,3,D1_pwm175_grab3
20664,-2650,-1480,10400,CD,3,D1_pwm175_grab3
20668,-3582,-2886,9832,CD,3,D1_pwm175_grab3
20674,-40,-616,9328,CD,3,D1_pwm175_grab3
20679,1142,2654,9880,CD,3,D1_pwm175_grab3
20689,-1044,-2850,9206,CD,3,D1_pwm175_grab3
20695,-1370,388,10514,CD,3,D1_pwm175_grab3
20704,-616,-172,12866,CD,3,D1_pwm175_grab3
20709,68,-4384,8048,CD,3,D1_pwm175_grab3
20715,-5464,-5132,9864,CD,3,D1_pwm175_grab3
20719,-2220,1478,9766,CD,3,D1_pwm175_grab3
20724,640,1808,10602,CD,3,D1_pwm175_grab3
20730,-6130,-104,12468,CD,3,D1_pwm175_grab3
20734,746,-2408,9030,CD,3,D1_pwm175_grab3
20739,918,650,10096,CD,3,D1_pwm175_grab3
20744,1992,3178,9984,CD,3,D1_pwm175_grab3
20750,504,3424,12260,CD,3,D1_pwm175_grab3
20754,996,-1526,9220,CD,3,D1_pwm175_grab3
20760,-722,816,10188,CD,3,D1_pwm175_grab3
20770,-1436,-1042,12608,CD,3,D1_pwm175_grab3
20774,-102,-4262,8568,CD,3,D1_pwm175_grab3
20779,3212,-4220,8728,CD,3,D1_pwm175_grab3
20784,-3652,-700,9018,CD,3,D1_pwm175_grab3
20789,8,640,9824,CD,3,D1_pwm175_grab3
20794,-1560,-1406,9286,CD,3,D1_pwm175_grab3
20800,1642,-1634,9658,CD,3,D1_pwm175_grab3
20804,-1262,-2170,9506,CD,3,D1_pwm175_grab3
20810,3888,2776,11394,CD,3,D1_pwm175_grab3
20815,2072,3302,12166,CD,3,D1_pwm175_grab3
20820,274,-2184,9140,CD,3,D1_pwm175_grab3
20824,-198,670,10606,CD,3,D1_pwm175_grab3
20829,-2054,560,12782,CD,3,D1_pwm175_grab3
20835,1448,-1372,8424,CD,3,D1_pwm175_grab3
20840,2072,1536,11024,CD,3,D1_pwm175_grab3
20844,5926,312,9798,CD,3,D1_pwm175_grab3
20849,-2866,-368,9128,CD,3,D1_pwm175_grab3
20854,280,1286,9664,CD,3,D1_pwm175_grab3
20860,-1988,-1816,9948,CD,3,D1_pwm175_grab3
20869,-1558,-1750,12726,CD,3,D1_pwm175_grab3
20875,-140,-3538,8846,CD,3,D1_pwm175_grab3
20884,-54,2418,10278,CD,3,D1_pwm175_grab3
20889,-440,600,10414,CD,3,D1_pwm175_grab3
20895,-948,840,11452,CD,3,D1_pwm175_grab3
20899,2600,-898,8780,CD,3,D1_pwm175_grab3
20905,2230,1276,10268,CD,3,D1_pwm175_grab3
20909,5290,3176,12058,CD,3,D1_pwm175_grab3
20915,1778,2602,12460,CD,3,D1_pwm175_grab3
20920,-398,-2736,9226,CD,3,D1_pwm175_grab3
20924,-1344,700,10588,CD,3,D1_pwm175_grab3
20934,-1766,-2066,12274,CD,3,D1_pwm175_grab3
20939,-272,-3364,9040,CD,3,D1_pwm175_grab3
20950,566,2456,10588,CD,3,D1_pwm175_grab3
20956,188,1334,10780,CD,3,D1_pwm175_grab3
20960,-6758,-514,10788,CD,3,D1_pwm175_grab3
20966,-2442,-2958,9344,CD,3,D1_pwm175_grab3
20970,1948,806,10578,CD,3,D1_pwm175_grab3
20980,-614,-770,8852,CD,3,D1_pwm175_grab3
20985,-924,-1224,9580,CD,3,D1_pwm175_grab3
20990,348,-852,10902,CD,3,D1_pwm175_grab3
21001,750,242,12374,CD,3,D1_pwm175_grab3
21006,412,-3854,7974,CD,3,D1_pwm175_grab3
21016,1422,2478,10320,CD,3,D1_pwm175_grab3
21021,-86,1176,11092,CD,3,D1_pwm175_grab3
21025,-7022,-472,11452,CD,3,D1_pwm175_grab3
21031,-1184,-2784,9650,CD,3,D1_pwm175_grab3
21036,-26,-702,9516,CD,3,D1_pwm175_grab3
21041,1198,2468,10098,CD,3,D1_pwm175_grab3
21046,-2124,3534,12808,CD,3,D1_pwm175_grab3
21051,-724,-2738,9254,CD,3,D1_pwm175_grab3
21055,-1350,558,10450,CD,3,D1_pwm175_grab3
21065,26,-142,12076,CD,3,D1_pwm175_grab3
21070,96,-4100,8192,CD,3,D1_pwm175_grab3
21075,-4220,-5240,9384,CD,3,D1_pwm175_grab3
21081,-2446,-888,8620,CD,3,D1_pwm175_grab3
21086,-596,-836,9820,CD,3,D1_pwm175_grab3
21091,-2736,-1964,10978,CD,3,D1_pwm175_grab3
21096,-2802,-2518,9646,CD,3,D1_pwm175_grab3
21100,396,-370,9388,CD,3,D1_pwm175_grab3
21106,558,2394,9622,CD,3,D1_pwm175_grab3
21110,-1198,3402,12576,CD,3,D1_pwm175_grab3
21115,1754,-266,8684,CD,3,D1_pwm175_grab3
21121,42,1000,11030,CD,3,D1_pwm175_grab3
21131,-1360,-2790,8958,CD,3,D1_pwm175_grab3
21136,1908,-86,9246,CD,3,D1_pwm175_grab3
21146,-1788,-882,8346,CD,3,D1_pwm175_grab3
21150,-458,-476,9562,CD,3,D1_pwm175_grab3
21155,682,-1184,10634,CD,3,D1_pwm175_grab3
21165,-190,-144,13008,CD,3,D1_pwm175_grab3
21170,310,-4070,8262,CD,3,D1_pwm175_grab3
21181,1832,2318,10692,CD,3,D1_pwm175_grab3
21186,98,1014,10820,CD,3,D1_pwm175_grab3
21190,-7324,-64,11538,CD,3,D1_pwm175_grab3
21195,-992,-2814,9074,CD,3,D1_pwm175_grab3
21201,1766,2640,11440,CD,3,D1_pwm175_grab3
21206,5140,2758,10114,CD,3,D1_pwm175_grab3
21211,2924,1094,12084,CD,3,D1_pwm175_grab3
21217,-842,-704,9528,CD,3,D1_pwm175_grab3
21222,882,-1250,11022,CD,3,D1_pwm175_grab3
21227,7070,148,8544,CD,3,D1_pwm175_grab3
21232,-1692,-2660,10622,CD,3,D1_pwm175_grab3
21236,6,-2276,9706,CD,3,D1_pwm175_grab3
21246,1830,2344,10426,CD,3,D1_pwm175_grab3
21252,628,1718,10254,CD,3,D1_pwm175_grab3
21257,-7230,-134,11548,CD,3,D1_pwm175_grab3
21261,-872,-2696,9650,CD,3,D1_pwm175_grab3
21267,1314,2596,11556,CD,3,D1_pwm175_grab3
21272,5750,2554,11022,CD,3,D1_pwm175_grab3
21276,3048,1330,12228,CD,3,D1_pwm175_grab3
21281,-776,-2726,9284,CD,3,D1_pwm175_grab3
21286,-1340,614,10674,CD,3,D1_pwm175_grab3
21292,2132,1322,9610,CD,3,D1_pwm175_grab3
21296,90,-64,11948,CD,3,D1_pwm175_grab3
21301,214,-3954,8410,CD,3,D1_pwm175_grab3
21306,-3758,-5292,9302,CD,3,D1_pwm175_grab3
21311,-2258,818,9576,CD,3,D1_pwm175_grab3
21317,124,1612,10386,CD,3,D1_pwm175_grab3
21322,-2308,-2146,11056,CD,3,D1_pwm175_grab3
21326,-2422,-2232,9530,CD,3,D1_pwm175_grab3
21332,-4,-782,9032,CD,3,D1_pwm175_grab3
21336,1012,1994,10162,CD,3,D1_pwm175_grab3
21341,-2474,3284,12684,CD,3,D1_pwm175_grab3
21346,2248,112,8620,CD,3,D1_pwm175_grab3
21351,-656,576,10242,CD,3,D1_pwm175_grab3
21356,914,1170,10442,CD,3,D1_pwm175_grab3
21361,3276,-312,9472,CD,3,D1_pwm175_grab3
21366,1910,662,9990,CD,3,D1_pwm175_grab3
21372,6288,-1524,10418,CD,3,D1_pwm175_grab3
21376,-330,-854,8642,CD,3,D1_pwm175_grab3
21382,-804,-938,9572,CD,3,D1_pwm175_grab3
21387,342,-930,10766,CD,3,D1_pwm175_grab3
21396,-1550,-2290,11654,CD,3,D1_pwm175_grab3
21402,-456,-3162,9094,CD,3,D1_pwm175_grab3
21411,612,2330,10338,CD,3,D1_pwm175_grab3
21416,-710,558,10614,CD,3,D1_pwm175_grab3
21422,-6228,-330,10908,CD,3,D1_pwm175_grab3
21426,-2096,-2828,9696,CD,3,D1_pwm175_grab3
21432,1440,2326,10924,CD,3,D1_pwm175_grab3
21436,4976,2926,11656,CD,3,D1_pwm175_grab3
21441,2646,2226,11926,CD,3,D1_pwm175_grab3
21446,-302,-2460,9234,CD,3,D1_pwm175_grab3
21452,-1334,824,10218,CD,3,D1_pwm175_grab3
21463,-1706,-2148,11820,CD,3,D1_pwm175_grab3
21468,-244,-3308,8862,CD,3,D1_pwm175_grab3
21477,348,2380,10218,CD,3,D1_pwm175_grab3
21483,-80,1280,11152,CD,3,D1_pwm175_grab3
21487,-5622,-256,10500,CD,3,D1_pwm175_grab3
21493,-3076,-2866,10400,CD,3,D1_pwm175_grab3
21497,2240,1332,10518,CD,3,D1_pwm175_grab3
21504,5464,-290,9758,CD,3,D1_pwm175_grab3
21508,1912,2648,12160,CD,3,D1_pwm175_grab3
21512,-72,-2446,9162,CD,3,D1_pwm175_grab3
21517,-1242,936,10362,CD,3,D1_pwm175_grab3
21527,1896,428,11248,CD,3,D1_pwm175_grab3
21532,914,-2832,8656,CD,3,D1_pwm175_grab3
21542,-682,2466,10420,CD,3,D1_pwm175_grab3
21547,30,1124,9820,CD,3,D1_pwm175_grab3
21553,-1322,-2116,10236,CD,3,D1_pwm175_grab3
21558,524,-1444,9856,CD,3,D1_pwm175_grab3
21563,-838,-2002,8700,CD,3,D1_pwm175_grab3
21567,1304,262,10822,CD,3,D1_pwm175_grab3
21577,358,-2186,9436,CD,3,D1_pwm175_grab3
21583,-940,922,10520,CD,3,D1_pwm175_grab3
21592,1886,-1458,8584,CD,3,D1_pwm175_grab3
21597,1888,2108,11368,CD,3,D1_pwm175_grab3
21602,5726,794,10270,CD,3,D1_pwm175_grab3
21607,1730,-466,10498,CD,3,D1_pwm175_grab3
21613,-1086,-1930,9556,CD,3,D1_pwm175_grab3
21617,-1374,-1812,9400,CD,3,D1_pwm175_grab3
21622,1340,-1404,10060,CD,3,D1_pwm175_grab3
21628,-1178,-2168,9334,CD,3,D1_pwm175_grab3
21633,-426,-4148,8530,CD,3,D1_pwm175_grab3
21643,-930,2262,9838,CD,3,D1_pwm175_grab3
21647,46,1494,10978,CD,3,D1_pwm175_grab3
21652,-4214,-742,10792,CD,3,D1_pwm175_grab3
21658,1012,-1674,8184,CD,3,D1_pwm175_grab3
21662,2078,2082,11498,CD,3,D1_pwm175_grab3
21668,5838,1300,9762,CD,3,D1_pwm175_grab3
21673,1116,-376,10992,CD,3,D1_pwm175_grab3
21677,752,-1810,8920,CD,3,D1_pwm175_grab3
21682,-948,828,10196,CD,3,D1_pwm175_grab3
21693,3070,234,10676,CD,3,D1_pwm175_grab3
21698,-174,-4240,8356,CD,3,D1_pwm175_grab3
21702,-6282,-5070,10476,CD,3,D1_pwm175_grab3
21707,-1636,2094,9832,CD,3,D1_pwm175_grab3
21712,158,1514,10868,CD,3,D1_pwm175_grab3
21719,-3928,-798,10392,CD,3,D1_pwm175_grab3
21724,-4532,-3014,10362,CD,3,D1_pwm175_grab3
21729,258,304,9912,CD,3,D1_pwm175_grab3
21733,2814,2986,10454,CD,3,D1_pwm175_grab3
21738,2236,-50,11444,CD,3,D1_pwm175_grab3
21744,-892,-2356,9488,CD,3,D1_pwm175_grab3
21748,-1170,224,10218,CD,3,D1_pwm175_grab3
21758,-1080,-412,13060,CD,3,D1_pwm175_grab3
21763,1558,-1214,9168,CD,3,D1_pwm175_grab3
21768,5532,-3566,10106,CD,3,D1_pwm175_grab3
21773,-2820,-748,8350,CD,3,D1_pwm175_grab3
21778,-392,154,9714,CD,3,D1_pwm175_grab3
21783,-3670,-1154,10716,CD,3,D1_pwm175_grab3
21788,-4082,-2762,9378,CD,3,D1_pwm175_grab3
21793,532,114,9978,CD,3,D1_pwm175_grab3
21798,1192,2946,9480,CD,3,D1_pwm175_grab3
21808,2382,2164,10338,CD,3,D1_pwm175_grab3
21813,-214,742,11074,CD,3,D1_pwm175_grab3
21819,-7098,648,12082,CD,3,D1_pwm175_grab3
21824,3200,-278,10588,CD,3,D1_pwm175_grab3
21829,1842,-390,9348,CD,3,D1_pwm175_grab3
21834,6350,-2732,10108,CD,3,D1_pwm175_grab3
21839,-2156,-876,8688,CD,3,D1_pwm175_grab3
21843,-502,-408,9822,CD,3,D1_pwm175_grab3
21848,-1258,736,10806,CD,3,D1_pwm175_grab3
21858,124,88,12290,CD,3,D1_pwm175_grab3
21864,-90,-2446,9520,CD,3,D1_pwm175_grab3
21873,1092,2330,10838,CD,3,D1_pwm175_grab3
21879,102,738,10974,CD,3,D1_pwm175_grab3
21888,-1980,-1852,9812,CD,3,D1_pwm175_grab3
21893,-406,-1410,8764,CD,3,D1_pwm175_grab3
21898,1692,1386,10710,CD,3,D1_pwm175_grab3
21903,1750,1644,11744,CD,3,D1_pwm175_grab3
21908,-216,-2630,9634,CD,3,D1_pwm175_grab3
21914,-1040,1042,10636,CD,3,D1_pwm175_grab3
21923,1546,382,12250,CD,3,D1_pwm175_grab3
21933,5840,-170,10382,CD,3,D1_pwm175_grab3
21939,1068,-684,9828,CD,3,D1_pwm175_grab3
21943,224,1062,9948,CD,3,D1_pwm175_grab3
21949,-1706,-1874,9480,CD,3,D1_pwm175_grab3
21954,506,-1490,10418,CD,3,D1_pwm175_grab3
21958,-982,-2186,9300,CD,3,D1_pwm175_grab3
21963,1090,530,10690,CD,3,D1_pwm175_grab3
21974,2720,1250,9670,CD,3,D1_pwm175_grab3
21979,-308,486,10732,CD,3,D1_pwm175_grab3
21989,2722,272,10976,CD,3,D1_pwm175_grab3
21995,1226,-2088,8496,CD,3,D1_pwm175_grab3
22004,-2890,-262,8880,CD,3,D1_pwm175_grab3
22010,24,730,9662,CD,3,D1_pwm175_grab3
22016,-776,-1974,9808,CD,3,D1_pwm175_grab3
22024,-1072,-2522,9818,CD,3,D1_pwm175_grab3
22029,-14,-1166,10204,CD,3,D1_pwm175_grab3
22039,2264,1908,10322,CD,3,D1_pwm175_grab3
22044,-64,476,10658,CD,3,D1_pwm175_grab3
22054,-166,-2842,8454,CD,3,D1_pwm175_grab3
22060,48,-394,9584,CD,3,D1_pwm175_grab3
22064,5186,2744,9892,CD,3,D1_pwm175_grab3
22069,2922,438,11700,CD,3,D1_pwm175_grab3
22074,-672,-2500,9340,CD,3,D1_pwm175_grab3
22080,-1254,628,10232,CD,3,D1_pwm175_grab3
22089,52,250,12382,CD,3,D1_pwm175_grab3
22094,162,-4328,7758,CD,3,D1_pwm175_grab3
22105,-2818,974,10078,CD,3,D1_pwm175_grab3
22110,520,1568,10124,CD,3,D1_pwm175_grab3
22114,-2694,-1808,10584,CD,3,D1_pwm175_grab3
22119,-2134,-1990,9280,CD,3,D1_pwm175_grab3
22125,-110,-1290,9644,CD,3,D1_pwm175_grab3
22129,1484,1744,10362,CD,3,D1_pwm175_grab3
22134,-3918,3496,12358,CD,3,D1_pwm175_grab3
22140,2340,202,8854,CD,3,D1_pwm175_grab3
22144,-420,596,10358,CD,3,D1_pwm175_grab3
22150,-354,644,11034,CD,3,D1_pwm175_grab3
22154,2254,-1094,9038,CD,3,D1_pwm175_grab3
22160,2232,1658,10430,CD,3,D1_pwm175_grab3
22164,5304,-532,9782,CD,3,D1_pwm175_grab3
22170,636,-662,9924,CD,3,D1_pwm175_grab3
22174,-864,-1254,9626,CD,3,D1_pwm175_grab3
22179,-544,-722,9788,CD,3,D1_pwm175_grab3
22184,758,-1192,10198,CD,3,D1_pwm175_grab3
22189,-1576,-1264,12888,CD,3,D1_pwm175_grab3
22194,-212,-4204,8564,CD,3,D1_pwm175_grab3
22205,-1110,2308,10392,CD,3,D1_pwm175_grab3
22210,460,1184,10754,CD,3,D1_pwm175_grab3
22214,-4486,-290,11064,CD,3,D1_pwm175_grab3
22220,-3994,-3190,9426,CD,3,D1_pwm175_grab3
22224,1688,2702,11554,CD,3,D1_pwm175_grab3
22235,2516,-140,11018,CD,3,D1_pwm175_grab3
22240,-974,-2094,9282,CD,3,D1_pwm175_grab3
22245,-942,-84,10510,CD,3,D1_pwm175_grab3
22256,-866,-334,12460,CD,3,D1_pwm175_grab3
22261,-262,-4484,8178,CD,3,D1_pwm175_grab3
22272,2158,1922,10384,CD,3,D1_pwm175_grab3
22275,144,1418,10604,CD,3,D1_pwm175_grab3
22280,-2840,-1184,11582,CD,3,D1_pwm175_grab3
22286,-2800,-2270,9572,CD,3,D1_pwm175_grab3
22291,136,-696,9126,CD,3,D1_pwm175_grab3
22295,938,2616,9996,CD,3,D1_pwm175_grab3
22301,-2306,3184,12616,CD,3,D1_pwm175_grab3
22305,-574,-2526,9352,CD,3,D1_pwm175_grab3
22310,-1022,926,10660,CD,3,D1_pwm175_grab3
22315,522,300,10274,CD,3,D1_pwm175_grab3
3000,-4750,-5212,9828,CD,0,D1_pwm175_grab4
3004,-2232,750,10220,CD,0,D1_pwm175_grab4
3010,384,1598,10750,CD,0,D1_pwm175_grab4
3014,-7052,-282,11598,CD,0,D1_pwm175_grab4
3019,-680,-2154,9364,CD,0,D1_pwm175_grab4
3024,1122,2550,11696,CD,0,D1_pwm175_grab4
3030,5372,2536,12746,CD,0,D1_pwm175_grab4
3035,1340,3012,12530,CD,0,D1_pwm175_grab4
3041,260,-2290,8696,CD,0,D1_pwm175_grab4
3045,-788,970,10300,CD,0,D1_pwm175_grab4
3056,-1592,-1084,12750,CD,0,D1_pwm175_grab4
3060,-64,-4028,8080,CD,0,D1_pwm175_grab4
3065,-4388,-5366,9790,CD,0,D1_pwm175_grab4
3070,-2624,782,10376,CD,0,D1_pwm175_grab4
3075,-794,-560,9754,CD,0,D1_pwm175_grab4
3081,478,-980,11168,CD,0,D1_pwm175_grab4
3085,6162,-982,8036,CD,0,D1_pwm175_grab4
3091,-1908,-2658,11206,CD,0,D1_pwm175_grab4
3095,1618,1468,10816,CD,0,D1_pwm175_grab4
3101,-5096,2626,11518,CD,0,D1_pwm175_grab4
3106,2616,1510,9046,CD,0,D1_pwm175_grab4
3111,166,392,10288,CD,0,D1_pwm175_grab4
3115,-4534,-1198,10642,CD,0,D1_pwm175_grab4
3120,-2820,-2454,9692,CD,0,D1_pwm175_grab4
3125,496,1006,10600,CD,0,D1_pwm175_grab4
3130,1506,2634,10228,CD,0,D1_pwm175_grab4
3136,1992,1300,12416,CD,0,D1_pwm175_grab4
3140,-478,-3006,9090,CD,0,D1_pwm175_grab4
3145,-1148,846,10128,CD,0,D1_pwm175_grab4
3155,564,16,11956,CD,0,D1_pwm175_grab4
3160,1642,740,10704,CD,0,D1_pwm175_grab4
3166,6062,-386,9894,CD,0,D1_pwm175_grab4
3170,826,100,11200,CD,0,D1_pwm175_grab4
3175,92,882,10460,CD,0,D1_pwm175_grab4
3181,-1648,-1922,9656,CD,0,D1_pwm175_grab4
3186,1900,-2344,9550,CD,0,D1_pwm175_grab4
3190,-1508,-2378,10166,CD,0,D1_pwm175_grab4
3195,338,-830,10210,CD,0,D1_pwm175_grab4
3200,-4604,-5280,10022,CD,0,D1_pwm175_grab4
3206,-2416,644,9862,CD,0,D1_pwm175_grab4
3211,-34,1518,11010,CD,0,D1_pwm175_grab4
3220,-1110,-2486,8590,CD,0,D1_pwm175_grab4
3226,1294,2558,11750,CD,0,D1_pwm175_grab4
3230,4548,2728,11810,CD,0,D1_pwm175_grab4
3235,920,3278,12206,CD,0,D1_pwm175_grab4
3241,594,-2106,9038,CD,0,D1_pwm175_grab4
3245,-54,368,10684,CD,0,D1_pwm175_grab4
3250,-4052,1294,13120,CD,0,D1_pwm175_grab4
3255,2858,6,11036,CD,0,D1_pwm175_grab4
3261,1456,-1326,8812,CD,0,D1_pwm175_grab4
3265,6156,-2480,9862,CD,0,D1_pwm175_grab4
3271,-1868,-746,9666,CD,0,D1_pwm175_grab4
3275,-680,-978,9986,CD,0,D1_pwm175_grab4
3281,442,-732,10424,CD,0,D1_pwm175_grab4
3291,-1830,-2074,12102,CD,0,D1_pwm175_grab4
3297,1056,646,10774,CD,0,D1_pwm175_grab4
3306,2700,2014,9166,CD,0,D1_pwm175_grab4
3312,30,468,10650,CD,0,D1_pwm175_grab4
3316,-5330,800,13274,CD,0,D1_pwm175_grab4
3321,1292,-1982,8548,CD,0,D1_pwm175_grab4
3328,1484,3054,11602,CD,0,D1_pwm175_grab4
3331,1286,2556,10238,CD,0,D1_pwm175_grab4
3336,2420,2332,12520,CD,0,D1_pwm175_grab4
3341,-116,-2818,8922,CD,0,D1_pwm175_grab4
3347,-1008,922,10100,CD,0,D1_pwm175_grab4
3356,1690,108,10812,CD,0,D1_pwm175_grab4
3361,610,-2668,8230,CD,0,D1_pwm175_grab4
3366,2578,-3648,9110,CD,0,D1_pwm175_grab4
3372,1590,786,11942,CD,0,D1_pwm175_grab4
3377,-852,-2606,9282,CD,0,D1_pwm175_grab4
3381,274,-1488,10534,CD,0,D1_pwm175_grab4
3386,4876,-1408,9020,CD,0,D1_pwm175_grab4
3391,-1700,-2916,10520,CD,0,D1_pwm175_grab4
3396,-180,-2336,9300,CD,0,D1_pwm175_grab4
3407,196,2448,9924,CD,0,D1_pwm175_grab4
3412,148,1092,11104,CD,0,D1_pwm175_grab4
3417,-1972,-2086,9572,CD,0,D1_pwm175_grab4
3421,-2328,-2314,9544,CD,0,D1_pwm175_grab4
3426,826,1572,10580,CD,0,D1_pwm175_grab4
3432,1348,2546,10026,CD,0,D1_pwm175_grab4
3436,-756,3684,12118,CD,0,D1_pwm175_grab4
3442,1890,-410,8356,CD,0,D1_pwm175_grab4
3447,-516,578,10158,CD,0,D1_pwm175_grab4
3451,2394,2494,11348,CD,0,D1_pwm175_grab4
3457,-834,-2338,8556,CD,0,D1_pwm175_grab4
3461,1468,1046,10550,CD,0,D1_pwm175_grab4
3467,5640,-18,9986,CD,0,D1_pwm175_grab4
3472,1510,84,11064,CD,0,D1_pwm175_grab4
3476,-1022,-2204,9368,CD,0,D1_pwm175_grab4
3481,-990,116,10412,CD,0,D1_pwm175_grab4
3491,-1334,-942,11946,CD,0,D1_pwm175_grab4
3496,-70,-4060,8056,CD,0,D1_pwm175_grab4
3501,-3516,-5374,9386,CD,0,D1_pwm175_grab4
3507,-2310,126,10026,CD,0,D1_pwm175_grab4
3511,-78,1356,10670,CD,0,D1_pwm175_grab4
3516,-2056,-2456,10568,CD,0,D1_pwm175_grab4
3521,-372,-2134,9562,CD,0,D1_pwm175_grab4
3526,-700,-2004,9216,CD,0,D1_pwm175_grab4
3531,726,72,10898,CD,0,D1_pwm175_grab4
3542,1452,-1070,9036,CD,0,D1_pwm175_grab4
3548,-436,716,10196,CD,0,D1_pwm175_grab4
3552,4226,2478,10478,CD,0,D1_pwm175_grab4
3557,2754,-208,10104,CD,0,D1_pwm175_grab4
3563,1664,306,10246,CD,0,D1_pwm175_grab4
3567,5436,-532,9448,CD,0,D1_pwm175_grab4
3572,76,-390,10508,CD,0,D1_pwm175_grab4
3577,-1040,-2012,9698,CD,0,D1_pwm175_grab4
3582,-1258,-1952,9636,CD,0,D1_pwm175_grab4
3592,-1698,-1124,12760,CD,0,D1_pwm175_grab4
3598,132,-4096,8050,CD,0,D1_pwm175_grab4
3603,-3358,-5534,9604,CD,0,D1_pwm175_grab4
3608,-3058,340,10166,CD,0,D1_pwm175_grab4
3612,272,1330,10746,CD,0,D1_pwm175_grab4
3618,-2444,-2356,9960,CD,0,D1_pwm175_grab4
3622,-1364,-2246,9252,CD,0,D1_pwm175_grab4
3628,-884,-1920,9662,CD,0,D1_pwm175_grab4
3633,952,662,10872,CD,0,D1_pwm175_grab4
3643,2624,2312,10016,CD,0,D1_pwm175_grab4
3647,368,548,10724,CD,0,D1_pwm175_grab4
3657,88,-2282,8224,CD,0,D1_pwm175_grab4
3662,1470,94,9572,CD,0,D1_pwm175_grab4
3667,5660,-878,9830,CD,0,D1_pwm175_grab4
3673,1152,3032,12688,CD,0,D1_pwm175_grab4
3677,464,-2560,9234,CD,0,D1_pwm175_grab4
3682,-778,812,10152,CD,0,D1_pwm175_grab4
3693,2444,282,11550,CD,0,D1_pwm175_grab4
3697,1172,-1766,8628,CD,0,D1_pwm175_grab4
3703,-4754,-5588,9658,CD,0,D1_pwm175_grab4
3707,-2270,650,9966,CD,0,D1_pwm175_grab4
3712,-534,-888,10078,CD,0,D1_pwm175_grab4
3717,644,-942,10624,CD,0,D1_pwm175_grab4
3722,7262,-892,7608,CD,0,D1_pwm175_grab4
3727,-1948,-2304,11910,CD,0,D1_pwm175_grab4
3733,-124,-3272,8562,CD,0,D1_pwm175_grab4
3738,-6306,-5028,9938,CD,0,D1_pwm175_grab4
3742,2690,2106,9316,CD,0,D1_pwm175_grab4
3748,160,540,10704,CD,0,D1_pwm175_grab4
3752,-6138,854,12978,CD,0,D1_pwm175_grab4
3758,-2974,-2576,9324,CD,0,D1_pwm175_grab4
3762,204,-76,10220,CD,0,D1_pwm175_grab4
3767,1560,2184,10600,CD,0,D1_pwm175_grab4
3773,-3776,3500,12008,CD,0,D1_pwm175_grab4
3777,2606,1086,8882,CD,0,D1_pwm175_grab4
3782,-1002,882,10080,CD,0,D1_pwm175_grab4
3792,2230,120,10774,CD,0,D1_pwm175_grab4
3798,786,-1984,8514,CD,0,D1_pwm175_grab4
3803,5068,-2696,10368,CD,0,D1_pwm175_grab4
3808,-2018,-1040,9330,CD,0,D1_pwm175_grab4
3813,-584,-622,9788,CD,0,D1_pwm175_grab4
3819,578,-1234,11094,CD,0,D1_pwm175_grab4
3824,-2036,-2400,10052,CD,0,D1_pwm175_grab4
3829,-530,-1568,9548,CD,0,D1_pwm175_grab4
3833,1278,1204,10926,CD,0,D1_pwm175_grab4
3838,-6330,2160,11506,CD,0,D1_pwm175_grab4
3844,-1050,2024,9900,CD,0,D1_pwm175_grab4
3848,252,1416,10998,CD,0,D1_pwm175_grab4
3853,-4188,-1814,11032,CD,0,D1_pwm175_grab4
3858,-2674,-2250,9494,CD,0,D1_pwm175_grab4
3863,1460,2802,11998,CD,0,D1_pwm175_grab4
3868,5618,2462,10962,CD,0,D1_pwm175_grab4
3873,1524,2590,13120,CD,0,D1_pwm175_grab4
3879,-28,-2588,9050,CD,0,D1_pwm175_grab4
3883,-216,500,10210,CD,0,D1_pwm175_grab4
3888,-1590,2256,13570,CD,0,D1_pwm175_grab4
3894,2764,-1056,8238,CD,0,D1_pwm175_grab4
3899,1618,2424,11332,CD,0,D1_pwm175_grab4
3903,4352,-3286,9640,CD,0,D1_pwm175_grab4
3909,-3054,-1160,9212,CD,0,D1_pwm175_grab4
3913,-600,-450,9974,CD,0,D1_pwm175_grab4
3918,930,-1288,10914,CD,0,D1_pwm175_grab4
3923,5688,-1296,8082,CD,0,D1_pwm175_grab4
3929,52,-340,11196,CD,0,D1_pwm175_grab4
3933,154,-3642,8012,CD,0,D1_pwm175_grab4
3938,-906,-4774,8272,CD,0,D1_pwm175_grab4
3943,-2570,-776,9844,CD,0,D1_pwm175_grab4
3949,398,1288,10996,CD,0,D1_pwm175_grab4
3953,-4820,-1356,10532,CD,0,D1_pwm175_grab4
3958,-3284,-2512,9658,CD,0,D1_pwm175_grab4
3964,398,536,10504,CD,0,D1_pwm175_grab4
3968,-42,-1414,10082,CD,0,D1_pwm175_grab4
3978,1196,2680,10150,CD,0,D1_pwm175_grab4
3983,222,1042,10974,CD,0,D1_pwm175_grab4
3989,962,2734,12496,CD,0,D1_pwm175_grab4
3993,2522,-642,8628,CD,0,D1_pwm175_grab4
3998,1876,1696,11216,CD,0,D1_pwm175_grab4
4003,5754,1228,9356,CD,0,D1_pwm175_grab4
4008,1088,466,11960,CD,0,D1_pwm175_grab4
4013,1436,-1378,8604,CD,0,D1_pwm175_grab4
4019,-612,670,10088,CD,0,D1_pwm175_grab4
4024,5168,2742,10630,CD,0,D1_pwm175_grab4
4028,-1018,-654,12722,CD,0,D1_pwm175_grab4
4033,314,-4016,7816,CD,0,D1_pwm175_grab4
4039,-1762,-5588,8736,CD,0,D1_pwm175_grab4
4043,-3372,-546,9814,CD,0,D1_pwm175_grab4
4049,160,996,10458,CD,0,D1_pwm175_grab4
4054,-1496,-2238,9530,CD,0,D1_pwm175_grab4
4060,306,-2162,10014,CD,0,D1_pwm175_grab4
4065,-1332,-2554,9646,CD,0,D1_pwm175_grab4
4069,1452,2776,9914,CD,0,D1_pwm175_grab4
4074,-300,4356,12206,CD,0,D1_pwm175_grab4
4080,1898,-426,8454,CD,0,D1_pwm175_grab4
4085,-476,414,9916,CD,0,D1_pwm175_grab4
4090,2332,2870,11188,CD,0,D1_pwm175_grab4
4094,3342,-382,9352,CD,0,D1_pwm175_grab4
4100,1014,2580,11800,CD,0,D1_pwm175_grab4
4104,5224,2600,12058,CD,0,D1_pwm175_grab4
4109,1586,-66,11064,CD,0,D1_pwm175_grab4
4114,-916,-2174,9502,CD,0,D1_pwm175_grab4
4119,-946,130,10426,CD,0,D1_pwm175_grab4
4129,-1446,-858,12168,CD,0,D1_pwm175_grab4
4135,-172,-4384,7820,CD,0,D1_pwm175_grab4
4144,-1548,-1064,9822,CD,0,D1_pwm175_grab4
4149,224,1274,10574,CD,0,D1_pwm175_grab4
4155,-1968,-2782,10282,CD,0,D1_pwm175_grab4
4159,-242,-2326,9368,CD,0,D1_pwm175_grab4
4164,-684,-2106,9606,CD,0,D1_pwm175_grab4
4170,508,24,10642,CD,0,D1_pwm175_grab4
4180,2212,2564,9826,CD,0,D1_pwm175_grab4
4184,546,1534,11006,CD,0,D1_pwm175_grab4
4194,182,-2066,8610,CD,0,D1_pwm175_grab4
4200,1410,3142,11568,CD,0,D1_pwm175_grab4
4204,5036,2582,12166,CD,0,D1_pwm175_grab4
4209,1918,3792,12616,CD,0,D1_pwm175_grab4
4215,562,-2056,8818,CD,0,D1_pwm175_grab4
4219,-868,886,10006,CD,0,D1_pwm175_grab4
4229,3026,110,10692,CD,0,D1_pwm175_grab4
4235,1060,-1054,8854,CD,0,D1_pwm175_grab4
4244,-1084,-1146,9480,CD,0,D1_pwm175_grab4
4249,-806,-1186,9710,CD,0,D1_pwm175_grab4
4255,-8,-870,10628,CD,0,D1_pwm175_grab4
4264,-1994,-2208,12034,CD,0,D1_pwm175_grab4
4269,-586,-4112,8234,CD,0,D1_pwm175_grab4
4275,-5860,-5998,9614,CD,0,D1_pwm175_grab4
4279,-1872,1304,9836,CD,0,D1_pwm175_grab4
4285,400,1526,10896,CD,0,D1_pwm175_grab4
4289,-3322,-2550,11148,CD,0,D1_pwm175_grab4
4294,-2250,-2342,9304,CD,0,D1_pwm175_grab4
4300,4,-912,9834,CD,0,D1_pwm175_grab4
4304,1346,1270,10820,CD,0,D1_pwm175_grab4
4310,962,3914,13024,CD,0,D1_pwm175_grab4
4316,680,-1994,8896,CD,0,D1_pwm175_grab4
4321,-746,870,10384,CD,0,D1_pwm175_grab4
4326,7152,2430,9936,CD,0,D1_pwm175_grab4
4330,2902,268,11178,CD,0,D1_pwm175_grab4
4336,1286,-516,9442,CD,0,D1_pwm175_grab4
4340,6098,-1752,9968,CD,0,D1_pwm175_grab4
4346,-1282,-1008,9772,CD,0,D1_pwm175_grab4
4350,508,1328,10446,CD,0,D1_pwm175_grab4
4356,-364,-570,10526,CD,0,D1_pwm175_grab4
4366,-1872,-1830,12600,CD,0,D1_pwm175_grab4
4371,-150,-4070,8058,CD,0,D1_pwm175_grab4
4376,-4522,-6116,9908,CD,0,D1_pwm175_grab4
4380,-2772,872,9960,CD,0,D1_pwm175_grab4
4385,360,1398,10972,CD,0,D1_pwm175_grab4
4390,-7564,170,11318,CD,0,D1_pwm175_grab4
4396,-2160,-2502,10268,CD,0,D1_pwm175_grab4
4401,-750,-2028,9578,CD,0,D1_pwm175_grab4
4405,1026,1010,10976,CD,0,D1_pwm175_grab4
4410,-6690,1970,11322,CD,0,D1_pwm175_grab4
4415,2646,2184,9692,CD,0,D1_pwm175_grab4
4421,234,362,10612,CD,0,D1_pwm175_grab4
4426,-6974,1260,12096,CD,0,D1_pwm175_grab4
4430,3240,-140,10182,CD,0,D1_pwm175_grab4
4435,1512,504,9668,CD,0,D1_pwm175_grab4
4440,5358,2802,11676,CD,0,D1_pwm175_grab4
4451,368,-2306,9066,CD,0,D1_pwm175_grab4
4455,-724,940,10300,CD,0,D1_pwm175_grab4
4460,7864,2204,9666,CD,0,D1_pwm175_grab4
4466,2718,226,11508,CD,0,D1_pwm175_grab4
4476,-3496,-6116,9016,CD,0,D1_pwm175_grab4
4481,-1686,-1200,9728,CD,0,D1_pwm175_grab4
4485,-890,-1324,9894,CD,0,D1_pwm175_grab4
4491,-76,-658,10280,CD,0,D1_pwm175_grab4
4515,1828,2380,9936,CD,0,D1_pwm175_grab4
4520,274,610,10706,CD,0,D1_pwm175_grab4
4525,-2618,-2170,10186,CD,0,D1_pwm175_grab4
4531,-2308,-2554,10116,CD,0,D1_pwm175_grab4
4536,-714,-1944,9640,CD,0,D1_pwm175_grab4
4541,962,1020,10786,CD,0,D1_pwm175_grab4
4545,-6490,2102,11226,CD,0,D1_pwm175_grab4
4551,2580,2138,9830,CD,0,D1_pwm175_grab4
4556,-544,750,9988,CD,0,D1_pwm175_grab4
4561,3822,2204,10894,CD,0,D1_pwm175_grab4
4567,3300,32,9950,CD,0,D1_pwm175_grab4
4571,1406,604,9840,CD,0,D1_pwm175_grab4
4577,5350,-558,9802,CD,0,D1_pwm175_grab4
4581,880,-686,10480,CD,0,D1_pwm175_grab4
4587,-908,-1766,9510,CD,0,D1_pwm175_grab4
4592,-296,-2190,10122,CD,0,D1_pwm175_grab4
4596,2190,-1828,9220,CD,0,D1_pwm175_grab4
4602,-1696,-3086,9798,CD,0,D1_pwm175_grab4
4608,28,-1678,9854,CD,0,D1_pwm175_grab4
4611,-2854,-6032,8730,CD,0,D1_pwm175_grab4
4616,-2584,112,10314,CD,0,D1_pwm175_grab4
4621,130,1132,10504,CD,0,D1_pwm175_grab4
4626,-1512,-2436,10042,CD,0,D1_pwm175_grab4
4632,764,-2110,9538,CD,0,D1_pwm175_grab4
4637,480,1008,10968,CD,0,D1_pwm175_grab4
4641,1588,2674,10024,CD,0,D1_pwm175_grab4
4651,1422,2412,9894,CD,0,D1_pwm175_grab4
4656,204,712,10796,CD,0,D1_pwm175_grab4
4666,-1402,-2462,9394,CD,0,D1_pwm175_grab4
4672,770,2168,11096,CD,0,D1_pwm175_grab4
4676,5792,1656,9462,CD,0,D1_pwm175_grab4
4682,1172,440,12270,CD,0,D1_pwm175_grab4
4687,-718,-2644,9504,CD,0,D1_pwm175_grab4
4691,-1038,854,10578,CD,0,D1_pwm175_grab4
4696,1676,1896,11764,CD,0,D1_pwm175_grab4
4701,3242,-150,8730,CD,0,D1_pwm175_grab4
4706,1438,1754,10754,CD,0,D1_pwm175_grab4
4711,5464,578,9904,CD,0,D1_pwm175_grab4
4716,-3482,-828,9786,CD,0,D1_pwm175_grab4
4721,-80,164,10250,CD,0,D1_pwm175_grab4
4727,558,-2232,10378,CD,0,D1_pwm175_grab4
4731,4356,-1238,8516,CD,0,D1_pwm175_grab4
4736,-806,-256,11780,CD,0,D1_pwm175_grab4
4741,160,-3986,8050,CD,0,D1_pwm175_grab4
4746,-1374,-5646,8022,CD,0,D1_pwm175_grab4
4751,-2792,-158,10172,CD,0,D1_pwm175_grab4
4756,546,988,10970,CD,0,D1_pwm175_grab4
4762,-4156,-802,11008,CD,0,D1_pwm175_grab4
4767,-3576,-2716,9336,CD,0,D1_pwm175_grab4
4771,210,-110,10464,CD,0,D1_pwm175_grab4
4776,1262,2380,10370,CD,0,D1_pwm175_grab4
4787,494,2480,9812,CD,0,D1_pwm175_grab4
4791,312,962,10968,CD,0,D1_pwm175_grab4
4796,-2516,1740,13388,CD,0,D1_pwm175_grab4
4801,1978,-1504,7296,CD,0,D1_pwm175_grab4
4806,1642,3086,11864,CD,0,D1_pwm175_grab4
4811,5700,2416,9598,CD,0,D1_pwm175_grab4
4816,1366,1238,12744,CD,0,D1_pwm175_grab4
4823,-260,-2750,9316,CD,0,D1_pwm175_grab4
4828,-970,1056,10218,CD,0,D1_pwm175_grab4
4838,-1952,-1964,12068,CD,0,D1_pwm175_grab4
4842,-494,-4284,8082,CD,0,D1_pwm175_grab4
4847,-5364,-6176,9264,CD,0,D1_pwm175_grab4
4852,-1986,1216,10144,CD,0,D1_pwm175_grab4
4858,356,1308,10764,CD,0,D1_pwm175_grab4
4864,-2446,-2056,11084,CD,0,D1_pwm175_grab4
4868,7174,-370,7400,CD,0,D1_pwm175_grab4
4872,-1920,-2492,11696,CD,0,D1_pwm175_grab4
4878,674,740,10922,CD,0,D1_pwm175_grab4
4882,-6594,2130,10984,CD,0,D1_pwm175_grab4
4887,2604,2002,9400,CD,0,D1_pwm175_grab4
4892,128,368,10406,CD,0,D1_pwm175_grab4
4903,778,-2422,8532,CD,0,D1_pwm175_grab4
4907,50,-1282,10058,CD,0,D1_pwm175_grab4
4913,1350,1570,10712,CD,0,D1_pwm175_grab4
4917,1910,3388,12452,CD,0,D1_pwm175_grab4
4922,768,-1964,8772,CD,0,D1_pwm175_grab4
4928,-692,990,10084,CD,0,D1_pwm175_grab4
4933,5754,1762,10742,CD,0,D1_pwm175_grab4
4937,2986,140,10358,CD,0,D1_pwm175_grab4
4942,1270,-96,9784,CD,0,D1_pwm175_grab4
4948,6302,-1658,10160,CD,0,D1_pwm175_grab4
4952,1710,2288,12870,CD,0,D1_pwm175_grab4
4957,-1040,-1508,9646,CD,0,D1_pwm175_grab4
4963,-576,-602,10172,CD,0,D1_pwm175_grab4
4972,-1900,-1050,12264,CD,0,D1_pwm175_grab4
4978,-236,-4576,8018,CD,0,D1_pwm175_grab4
4983,-4228,-6404,9166,CD,0,D1_pwm175_grab4
4987,-2414,696,10264,CD,0,D1_pwm175_grab4
4992,-620,-962,9988,CD,0,D1_pwm175_grab4
4998,-1828,-2466,10776,CD,0,D1_pwm175_grab4
5002,-950,-2178,9842,CD,0,D1_pwm175_grab4
5007,-752,-2710,9026,CD,0,D1_pwm175_grab4
5013,292,-176,10910,CD,0,D1_pwm175_grab4
5022,2288,2438,9702,CD,0,D1_pwm175_grab4
5027,202,578,10612,CD,0,D1_pwm175_grab4
5037,-1880,-2322,9794,CD,0,D1_pwm175_grab4
5043,760,2642,11454,CD,0,D1_pwm175_grab4
5047,4672,2806,12240,CD,0,D1_pwm175_grab4
5053,824,4120,12474,CD,0,D1_pwm175_grab4
5057,1430,-1396,8494,CD,0,D1_pwm175_grab4
5063,-662,788,10150,CD,0,D1_pwm175_grab4
5068,3088,1466,11362,CD,0,D1_pwm175_grab4
5072,3056,-68,9212,CD,0,D1_pwm175_grab4
5079,662,-3878,7730,CD,0,D1_pwm175_grab4
5083,-272,-5652,7786,CD,0,D1_pwm175_grab4
5088,-3566,-510,10186,CD,0,D1_pwm175_grab4
5094,136,458,10422,CD,0,D1_pwm175_grab4
5099,-210,-2344,9958,CD,0,D1_pwm175_grab4
5103,3270,-1266,9012,CD,0,D1_pwm175_grab4
5109,-1668,-2912,10468,CD,0,D1_pwm175_grab4
5114,-152,-2286,9248,CD,0,D1_pwm175_grab4
5120,-3874,3646,11434,CD,0,D1_pwm175_grab4
5123,-276,2364,10164,CD,0,D1_pwm175_grab4
5129,674,926,10978,CD,0,D1_pwm175_grab4
5134,-4446,-32,11344,CD,0,D1_pwm175_grab4
5138,-3334,-2902,8964,CD,0,D1_pwm175_grab4
5144,632,234,10780,CD,0,D1_pwm175_grab4
5148,1042,2656,9928,CD,0,D1_pwm175_grab4
5153,-2890,4076,12084,CD,0,D1_pwm175_grab4
5159,16,-2520,8896,CD,0,D1_pwm175_grab4
5163,-54,438,10206,CD,0,D1_pwm175_grab4
5168,-2086,1472,13010,CD,0,D1_pwm175_grab4
5173,2268,-1588,7214,CD,0,D1_pwm175_grab4
5178,1428,3232,11590,CD,0,D1_pwm175_grab4
5183,5430,2416,9566,CD,0,D1_pwm175_grab4
5189,1756,1106,12650,CD,0,D1_pwm175_grab4
5194,-170,-2752,9142,CD,0,D1_pwm175_grab4
5198,-1092,1026,9876,CD,0,D1_pwm175_grab4
5209,1526,632,11702,CD,0,D1_pwm175_grab4
5213,1216,-2184,8390,CD,0,D1_pwm175_grab4
5219,4456,-3840,9622,CD,0,D1_pwm175_grab4
5224,-2466,-796,9964,CD,0,D1_pwm175_grab4
5229,-324,-434,10166,CD,0,D1_pwm175_grab4
5234,468,-1724,10538,CD,0,D1_pwm175_grab4
5244,-390,-2426,9110,CD,0,D1_pwm175_grab4
5248,-288,-3928,8232,CD,0,D1_pwm175_grab4
5253,-5224,-5720,9372,CD,0,D1_pwm175_grab4
5259,-1756,1310,10480,CD,0,D1_pwm175_grab4
5263,702,1376,10816,CD,0,D1_pwm175_grab4
5268,-3060,-1360,10848,CD,0,D1_pwm175_grab4
5274,-1928,-2382,9698,CD,0,D1_pwm175_grab4
5278,44,-1934,9900,CD,0,D1_pwm175_grab4
5283,4560,2760,12202,CD,0,D1_pwm175_grab4
5289,748,3798,12330,CD,0,D1_pwm175_grab4
5293,2460,1794,9578,CD,0,D1_pwm175_grab4
5299,354,218,10392,CD,0,D1_pwm175_grab4
5308,172,-2756,8230,CD,0,D1_pwm175_grab4
5314,1146,3378,11686,CD,0,D1_pwm175_grab4
5318,4472,2886,11700,CD,0,D1_pwm175_grab4
5323,1168,-78,11516,CD,0,D1_pwm175_grab4
5329,-1004,-2168,9408,CD,0,D1_pwm175_grab4
5335,-816,-2,10426,CD,0,D1_pwm175_grab4
5344,-968,304,12234,CD,0,D1_pwm175_grab4
5350,536,-4164,8020,CD,0,D1_pwm175_grab4
5354,-346,-5392,7912,CD,0,D1_pwm175_grab4
5359,-2988,-148,10246,CD,0,D1_pwm175_grab4
5364,724,1014,10912,CD,0,D1_pwm175_grab4
5369,-3758,-350,11622,CD,0,D1_pwm175_grab4
5376,-2988,-2654,9426,CD,0,D1_pwm175_grab4
5380,-1580,-3074,10180,CD,0,D1_pwm175_grab4
5384,-182,-2794,8978,CD,0,D1_pwm175_grab4
5395,-514,2022,9712,CD,0,D1_pwm175_grab4
5399,372,1062,11046,CD,0,D1_pwm175_grab4
5405,-5346,1256,12722,CD,0,D1_pwm175_grab4
5409,1370,-2520,7670,CD,0,D1_pwm175_grab4
5415,1278,3796,11964,CD,0,D1_pwm175_grab4
5420,1486,2086,10992,CD,0,D1_pwm175_grab4
5424,-4584,3438,11982,CD,0,D1_pwm175_grab4
5429,2982,970,8636,CD,0,D1_pwm175_grab4
5434,-104,348,10364,CD,0,D1_pwm175_grab4
5440,-4922,1198,12796,CD,0,D1_pwm175_grab4
5444,2706,346,10688,CD,0,D1_pwm175_grab4
5450,1476,-184,9574,CD,0,D1_pwm175_grab4
5454,5328,-2024,9444,CD,0,D1_pwm175_grab4
5459,-68,-422,10712,CD,0,D1_pwm175_grab4
5464,304,-2286,9012,CD,0,D1_pwm175_grab4
5469,-636,1122,10400,CD,0,D1_pwm175_grab4
5475,6692,728,9870,CD,0,D1_pwm175_grab4
5479,2396,562,11018,CD,0,D1_pwm175_grab4
5495,-3004,142,10436,CD,0,D1_pwm175_grab4
5499,404,1138,10466,CD,0,D1_pwm175_grab4
5505,-486,-1156,9914,CD,0,D1_pwm175_grab4
5514,-1864,-770,12902,CD,0,D1_pwm175_grab4
5529,500,2034,9860,CD,0,D1_pwm175_grab4
5535,420,508,10552,CD,0,D1_pwm175_grab4
5539,-4770,748,11798,CD,0,D1_pwm175_grab4
5545,-2558,-2786,9032,CD,0,D1_pwm175_grab4
5549,-1170,-3250,9736,CD,0,D1_pwm175_grab4
5554,156,-934,10270,CD,0,D1_pwm175_grab4
5565,2594,346,8098,CD,0,D1_pwm175_grab4
5569,-260,480,9954,CD,0,D1_pwm175_grab4
5575,-2300,1160,12390,CD,0,D1_pwm175_grab4
5580,2682,-1708,7592,CD,0,D1_pwm175_grab4
5584,1286,3590,11614,CD,0,D1_pwm175_grab4
5590,5126,2084,9976,CD,0,D1_pwm175_grab4
5596,2352,1170,12172,CD,0,D1_pwm175_grab4
5600,-102,-2422,8882,CD,0,D1_pwm175_grab4
5605,-226,-1578,10106,CD,0,D1_pwm175_grab4
5616,-2048,-1494,12492,CD,0,D1_pwm175_grab4
5620,-74,-4422,7932,CD,0,D1_pwm175_grab4
5630,-2610,780,10296,CD,0,D1_pwm175_grab4
5636,-682,-564,9980,CD,0,D1_pwm175_grab4
5640,-194,-1718,10346,CD,0,D1_pwm175_grab4
5645,-568,-1876,9932,CD,0,D1_pwm175_grab4
5651,-906,-3300,9348,CD,0,D1_pwm175_grab4
5655,374,-326,10750,CD,0,D1_pwm175_grab4
5666,1588,2152,9898,CD,0,D1_pwm175_grab4
5671,196,374,10736,CD,0,D1_pwm175_grab4
5675,-2204,-1554,11144,CD,0,D1_pwm175_grab4
5681,-562,-1810,9578,CD,0,D1_pwm175_grab4
5685,-610,-3058,8938,CD,0,D1_pwm175_grab4
5690,2020,3152,10010,CD,0,D1_pwm175_grab4
5695,-1162,3590,12476,CD,0,D1_pwm175_grab4
5700,1962,-370,8648,CD,0,D1_pwm175_grab4
5705,-236,694,10418,CD,0,D1_pwm175_grab4
5710,36,964,11666,CD,0,D1_pwm175_grab4
5716,2304,-1180,7836,CD,0,D1_pwm175_grab4
5720,726,2004,11078,CD,0,D1_pwm175_grab4
5726,2106,3216,10490,CD,0,D1_pwm175_grab4
5731,1194,434,12154,CD,0,D1_pwm175_grab4
5735,-486,-2624,9276,CD,0,D1_pwm175_grab4
5741,-830,592,10118,CD,0,D1_pwm175_grab4
5751,952,880,12410,CD,0,D1_pwm175_grab4
5755,998,-2798,8244,CD,0,D1_pwm175_grab4
5766,2018,664,12198,CD,0,D1_pwm175_grab4
5770,-406,-406,10242,CD,0,D1_pwm175_grab4
5775,576,-2076,10182,CD,0,D1_pwm175_grab4
5785,-1966,-1992,12068,CD,0,D1_pwm175_grab4
5791,-166,-4066,8142,CD,0,D1_pwm175_grab4
5801,-2246,1264,10588,CD,0,D1_pwm175_grab4
5806,-534,-306,10234,CD,0,D1_pwm175_grab4
5810,-2622,-1148,10814,CD,0,D1_pwm175_grab4
5815,-1334,-2130,9700,CD,0,D1_pwm175_grab4
5820,-540,-2774,9754,CD,0,D1_pwm175_grab4
5825,582,410,10618,CD,0,D1_pwm175_grab4
5835,2012,2066,10130,CD,0,D1_pwm175_grab4
5840,446,482,10614,CD,0,D1_pwm175_grab4
5852,2704,-906,7954,CD,0,D1_pwm175_grab4
5856,1260,2648,11384,CD,0,D1_pwm175_grab4
5862,5300,1168,9634,CD,0,D1_pwm175_grab4
5866,1962,538,11936,CD,0,D1_pwm175_grab4
5871,-550,-2324,9148,CD,0,D1_pwm175_grab4
5876,-878,430,10292,CD,0,D1_pwm175_grab4
5886,724,902,11244,CD,0,D1_pwm175_grab4
5891,704,-2904,8514,CD,0,D1_pwm175_grab4
5896,4102,-4194,9432,CD,0,D1_pwm175_grab4
5902,-2142,-192,10196,CD,0,D1_pwm175_grab4
5906,-520,-338,10208,CD,0,D1_pwm175_grab4
5911,170,-2088,10502,CD,0,D1_pwm175_grab4
5921,-2052,-1814,11712,CD,0,D1_pwm175_grab4
5936,-2042,1020,10034,CD,0,D1_pwm175_grab4
5942,220,1202,10860,CD,0,D1_pwm175_grab4
5947,-2036,-1134,11294,CD,0,D1_pwm175_grab4
5952,-898,-1776,9766,CD,0,D1_pwm175_grab4
5957,-684,-3030,9058,CD,0,D1_pwm175_grab4
5961,368,-100,11014,CD,0,D1_pwm175_grab4
5972,2216,-242,8824,CD,0,D1_pwm175_grab4
5977,132,446,10570,CD,0,D1_pwm175_grab4
5981,-5426,1200,11978,CD,0,D1_pwm175_grab4
5987,-2088,-3038,9356,CD,0,D1_pwm175_grab4
5991,700,1530,11038,CD,0,D1_pwm175_grab4
5997,1496,3270,10420,CD,0,D1_pwm175_grab4
6001,-1070,3532,12312,CD,0,D1_pwm175_grab4
6006,2400,-200,8406,CD,0,D1_pwm175_grab4
6011,-904,782,9766,CD,0,D1_pwm175_grab4
6017,-1142,646,12130,CD,0,D1_pwm175_grab4
6021,2032,-1596,7630,CD,0,D1_pwm175_grab4
6026,1346,3230,11954,CD,0,D1_pwm175_grab4
6031,5648,2024,10002,CD,0,D1_pwm175_grab4
6037,1620,1118,12614,CD,0,D1_pwm175_grab4
6041,-170,-2480,9186,CD,0,D1_pwm175_grab4
6046,-802,664,10304,CD,0,D1_pwm175_grab4
6057,-2068,-844,12446,CD,0,D1_pwm175_grab4
6062,1088,-1786,9048,CD,0,D1_pwm175_grab4
6071,-1544,-294,10122,CD,0,D1_pwm175_grab4
6076,-758,-968,10078,CD,0,D1_pwm175_grab4
6081,-346,-1708,9840,CD,0,D1_pwm175_grab4
6091,-836,-3202,10014,CD,0,D1_pwm175_grab4
6097,28,-1072,9794,CD,0,D1_pwm175_grab4
6107,658,1848,9920,CD,0,D1_pwm175_grab4
6113,408,470,10530,CD,0,D1_pwm175_grab4
6117,-4628,874,11652,CD,0,D1_pwm175_grab4
6123,-2472,-2856,9126,CD,0,D1_pwm175_grab4
6127,1088,340,10346,CD,0,D1_pwm175_grab4
6132,5498,2518,11018,CD,0,D1_pwm175_grab4
6144,212,-2254,9084,CD,0,D1_pwm175_grab4
6147,-144,604,10040,CD,0,D1_pwm175_grab4
6163,1116,3814,11562,CD,0,D1_pwm175_grab4
6167,4904,2454,11056,CD,0,D1_pwm175_grab4
6172,-556,-228,10558,CD,0,D1_pwm175_grab4
6177,-868,-1292,9958,CD,0,D1_pwm175_grab4
6182,-618,-1392,9952,CD,0,D1_pwm175_grab4
6192,2488,476,10416,CD,0,D1_pwm175_grab4
6198,896,-118,9738,CD,0,D1_pwm175_grab4
6208,8,-266,10730,CD,0,D1_pwm175_grab4
6212,-74,748,10580,CD,0,D1_pwm175_grab4
6217,-338,-1840,10406,CD,0,D1_pwm175_grab4
6223,3008,-808,9388,CD,0,D1_pwm175_grab4
6227,-1528,-3220,10214,CD,0,D1_pwm175_grab4
6233,218,-4550,7900,CD,0,D1_pwm175_grab4
6237,-1346,-5512,7854,CD,0,D1_pwm175_grab4
6243,-2554,-76,10348,CD,0,D1_pwm175_grab4
6248,-144,564,10330,CD,0,D1_pwm175_grab4
6253,-3638,610,11666,CD,0,D1_pwm175_grab4
6257,-3118,-2802,9746,CD,0,D1_pwm175_grab4
6262,496,-1300,9902,CD,0,D1_pwm175_grab4
6267,1438,2170,11036,CD,0,D1_pwm175_grab4
6278,-656,1886,9748,CD,0,D1_pwm175_grab4
6282,290,772,10710,CD,0,D1_pwm175_grab4
6287,-3148,78,11968,CD,0,D1_pwm175_grab4
6293,-2668,-2524,9556,CD,0,D1_pwm175_grab4
6298,996,3316,11734,CD,0,D1_pwm175_grab4
6303,4678,2990,11988,CD,0,D1_pwm175_grab4
6308,638,2726,12374,CD,0,D1_pwm175_grab4
6313,1142,-1660,9082,CD,0,D1_pwm175_grab4
6317,48,454,10392,CD,0,D1_pwm175_grab4
6327,106,-2846,8470,CD,0,D1_pwm175_grab4
6332,830,3140,11646,CD,0,D1_pwm175_grab4
6337,4962,-334,9248,CD,0,D1_pwm175_grab4
6342,776,190,11434,CD,0,D1_pwm175_grab4
6347,-688,-2172,9612,CD,0,D1_pwm175_grab4
6352,-926,-412,9990,CD,0,D1_pwm175_grab4
6363,-364,1046,12504,CD,0,D1_pwm175_grab4
6369,856,-3752,7952,CD,0,D1_pwm175_grab4
6373,1866,-4784,8586,CD,0,D1_pwm175_grab4
6378,-1452,1294,9910,CD,0,D1_pwm175_grab4
6384,196,938,10708,CD,0,D1_pwm175_grab4
6388,-2596,-726,11918,CD,0,D1_pwm175_grab4
6393,-1612,-2138,9324,CD,0,D1_pwm175_grab4
6398,-120,-2574,9150,CD,0,D1_pwm175_grab4
6403,-28,-3936,8152,CD,0,D1_pwm175_grab4
6413,-1800,1088,10530,CD,0,D1_pwm175_grab4
6418,178,468,10408,CD,0,D1_pwm175_grab4
6429,-1316,-2958,9134,CD,0,D1_pwm175_grab4
6434,714,1894,11072,CD,0,D1_pwm175_grab4
6438,1896,3374,10744,CD,0,D1_pwm175_grab4
6448,1788,1944,9908,CD,0,D1_pwm175_grab4
6453,450,576,10568,CD,0,D1_pwm175_grab4
6458,-434,476,11654,CD,0,D1_pwm175_grab4
6463,2228,-1340,7574,CD,0,D1_pwm175_grab4
6469,1222,3002,11664,CD,0,D1_pwm175_grab4
6479,1892,1216,12492,CD,0,D1_pwm175_grab4
6484,-186,-2374,9210,CD,0,D1_pwm175_grab4
6488,-180,836,10052,CD,0,D1_pwm175_grab4
6493,-1520,472,11802,CD,0,D1_pwm175_grab4
6499,1404,1086,11178,CD,0,D1_pwm175_grab4
6503,1030,-1756,9348,CD,0,D1_pwm175_grab4
6508,5846,-3534,9826,CD,0,D1_pwm175_grab4
6514,-1230,-268,10288,CD,0,D1_pwm175_grab4
6519,-724,-980,9990,CD,0,D1_pwm175_grab4
6523,-468,-1596,10134,CD,0,D1_pwm175_grab4
6533,2040,720,10760,CD,0,D1_pwm175_grab4
6539,270,-4662,7976,CD,0,D1_pwm175_grab4
6549,-2696,16,10032,CD,0,D1_pwm175_grab4
6553,-32,940,10700,CD,0,D1_pwm175_grab4
6559,-762,-1518,10452,CD,0,D1_pwm175_grab4
6563,2054,-1114,9388,CD,0,D1_pwm175_grab4
6568,-1408,-3236,9994,CD,0,D1_pwm175_grab4
6574,156,-4570,7860,CD,0,D1_pwm175_grab4
6583,-272,1750,9842,CD,0,D1_pwm175_grab4
6589,234,786,10836,CD,0,D1_pwm175_grab4
6593,-3502,670,11488,CD,0,D1_pwm175_grab4
6599,-3134,-2890,9646,CD,0,D1_pwm175_grab4
6603,532,-1126,9952,CD,0,D1_pwm175_grab4
6609,1412,2242,11212,CD,0,D1_pwm175_grab4
6614,-4868,2846,11488,CD,0,D1_pwm175_grab4
6619,1034,-1622,8930,CD,0,D1_pwm175_grab4
6624,-542,1038,10148,CD,0,D1_pwm175_grab4
6629,3688,1124,9758,CD,0,D1_pwm175_grab4
6635,2736,28,9784,CD,0,D1_pwm175_grab4
6640,1074,1394,10150,CD,0,D1_pwm175_grab4
6645,5060,-764,9228,CD,0,D1_pwm175_grab4
6649,986,280,11202,CD,0,D1_pwm175_grab4
6654,-572,-1946,9476,CD,0,D1_pwm175_grab4
6659,-990,-382,10186,CD,0,D1_pwm175_grab4
6669,-288,926,12036,CD,0,D1_pwm175_grab4
6674,452,-3648,8096,CD,0,D1_pwm175_grab4
6679,1322,-4880,8320,CD,0,D1_pwm175_grab4
6685,-2570,-420,10056,CD,0,D1_pwm175_grab4
6689,-232,-68,10000,CD,0,D1_pwm175_grab4
6695,466,-1806,10754,CD,0,D1_pwm175_grab4
6704,-1892,-2160,11498,CD,0,D1_pwm175_grab4
6709,-106,-3962,8212,CD,0,D1_pwm175_grab4
6719,-1770,1000,10094,CD,0,D1_pwm175_grab4
6724,130,956,10596,CD,0,D1_pwm175_grab4
6730,-2354,-1116,11696,CD,0,D1_pwm175_grab4
6735,-1050,-2200,9028,CD,0,D1_pwm175_grab4
6739,1002,1764,11258,CD,0,D1_pwm175_grab4
6744,302,252,10520,CD,0,D1_pwm175_grab4
6754,1948,2214,9344,CD,0,D1_pwm175_grab4
6759,250,630,10578,CD,0,D1_pwm175_grab4
6770,-1902,-2950,9248,CD,0,D1_pwm175_grab4
6774,824,1256,10790,CD,0,D1_pwm175_grab4
6785,-774,3316,12048,CD,0,D1_pwm175_grab4
6789,2478,112,8224,CD,0,D1_pwm175_grab4
6794,-212,750,10274,CD,0,D1_pwm175_grab4
6800,-1572,586,12104,CD,0,D1_pwm175_grab4
6804,2100,-1668,7510,CD,0,D1_pwm175_grab4
6810,1070,3274,11406,CD,0,D1_pwm175_grab4
6814,5612,2158,10276,CD,0,D1_pwm175_grab4
6819,-1574,-560,10230,CD,0,D1_pwm175_grab4
6824,-582,-1302,9954,CD,0,D1_pwm175_grab4
6830,-942,566,10178,CD,0,D1_pwm175_grab4
6840,1984,940,10800,CD,0,D1_pwm175_grab4
6844,998,-996,9764,CD,0,D1_pwm175_grab4
6850,5774,-3036,9518,CD,0,D1_pwm175_grab4
6855,-700,-308,10572,CD,0,D1_pwm175_grab4
6860,240,768,10716,CD,0,D1_pwm175_grab4
6865,-1168,-1432,9986,CD,0,D1_pwm175_grab4
6871,2512,-1184,9308,CD,0,D1_pwm175_grab4
6876,-1412,-3042,10518,CD,0,D1_pwm175_grab4
6881,24,-2044,9060,CD,0,D1_pwm175_grab4
6890,-278,1946,10422,CD,0,D1_pwm175_grab4
6895,646,1096,11002,CD,0,D1_pwm175_grab4
6900,-5428,490,12634,CD,0,D1_pwm175_grab4
6905,806,-2684,8144,CD,0,D1_pwm175_grab4
6910,946,3298,11512,CD,0,D1_pwm175_grab4
6915,1306,2058,10776,CD,0,D1_pwm175_grab4
6920,-5008,2882,11178,CD,0,D1_pwm175_grab4
6926,2954,1430,8912,CD,0,D1_pwm175_grab4
6930,428,856,10222,CD,0,D1_pwm175_grab4
6941,214,-2926,8124,CD,0,D1_pwm175_grab4
6946,994,1268,10656,CD,0,D1_pwm175_grab4
6950,5440,-380,9458,CD,0,D1_pwm175_grab4
6955,818,3234,12366,CD,0,D1_pwm175_grab4
6961,1406,-1320,8886,CD,0,D1_pwm175_grab4
6965,-444,762,9978,CD,0,D1_pwm175_grab4
6970,1712,990,9940,CD,0,D1_pwm175_grab4
6976,2756,-446,8934,CD,0,D1_pwm175_grab4
6980,1226,2134,10372,CD,0,D1_pwm175_grab4
6985,2384,-4528,8928,CD,0,D1_pwm175_grab4
6990,-2566,-620,9846,CD,0,D1_pwm175_grab4
6995,-434,-340,10090,CD,0,D1_pwm175_grab4
7001,-1118,-60,10014,CD,0,D1_pwm175_grab4
7010,844,1094,11582,CD,0,D1_pwm175_grab4
7015,614,-2450,8598,CD,0,D1_pwm175_grab4
7021,4682,-4138,9638,CD,0,D1_pwm175_grab4
7026,-2182,450,10086,CD,0,D1_pwm175_grab4
7031,48,1160,10912,CD,0,D1_pwm175_grab4
7036,-1788,-1090,10776,CD,0,D1_pwm175_grab4
7045,-2076,-706,12474,CD,0,D1_pwm175_grab4
7051,208,-4424,8044,CD,0,D1_pwm175_grab4
7060,-2446,90,10358,CD,0,D1_pwm175_grab4
7065,334,902,10928,CD,0,D1_pwm175_grab4
7070,-4222,474,11224,CD,0,D1_pwm175_grab4
7075,-3124,-3204,9572,CD,0,D1_pwm175_grab4
7080,924,-212,10330,CD,0,D1_pwm175_grab4
7086,-240,-1454,9552,CD,0,D1_pwm175_grab4
7095,274,2162,9616,CD,0,D1_pwm175_grab4
7100,250,1020,10738,CD,0,D1_pwm175_grab4
7105,-4146,604,12748,CD,0,D1_pwm175_grab4
7111,960,-2388,7748,CD,0,D1_pwm175_grab4
7115,1310,3236,11300,CD,0,D1_pwm175_grab4
7120,5036,2840,11696,CD,0,D1_pwm175_grab4
7127,1114,2584,12582,CD,0,D1_pwm175_grab4
7131,690,-1948,9212,CD,0,D1_pwm175_grab4
7136,-518,708,10182,CD,0,D1_pwm175_grab4
7141,4506,904,9716,CD,0,D1_pwm175_grab4
7147,-936,870,12570,CD,0,D1_pwm175_grab4
7152,452,-3982,8132,CD,0,D1_pwm175_grab4
7162,-2680,-676,10174,CD,0,D1_pwm175_grab4
7168,-210,60,10034,CD,0,D1_pwm175_grab4
7172,-952,-460,10070,CD,0,D1_pwm175_grab4
7182,-490,1032,12914,CD,0,D1_pwm175_grab4
7196,-1546,1228,9980,CD,0,D1_pwm175_grab4
7201,94,1230,10810,CD,0,D1_pwm175_grab4
7207,-2240,-1482,11680,CD,0,D1_pwm175_grab4
7216,-2044,-1570,12132,CD,0,D1_pwm175_grab4
7231,2212,2470,9364,CD,0,D1_pwm175_grab4
7236,288,902,10668,CD,0,D1_pwm175_grab4
7241,-5932,64,11624,CD,0,D1_pwm175_grab4
7247,-2076,-2906,9288,CD,0,D1_pwm175_grab4
7251,984,1058,10840,CD,0,D1_pwm175_grab4
7256,308,-298,9994,CD,0,D1_pwm175_grab4
7266,2468,218,8272,CD,0,D1_pwm175_grab4
7271,-198,514,10072,CD,0,D1_pwm175_grab4
7276,-1896,868,12494,CD,0,D1_pwm175_grab4
7281,2256,-1530,7758,CD,0,D1_pwm175_grab4
7286,830,3052,11114,CD,0,D1_pwm175_grab4
7292,5718,2502,10516,CD,0,D1_pwm175_grab4
7296,-1766,3690,12118,CD,0,D1_pwm175_grab4
7302,2760,660,8300,CD,0,D1_pwm175_grab4
7306,-948,488,10126,CD,0,D1_pwm175_grab4
7312,7112,1308,10314,CD,0,D1_pwm175_grab4
7316,2292,932,10644,CD,0,D1_pwm175_grab4
7321,938,-374,9954,CD,0,D1_pwm175_grab4
7326,5840,-2528,9518,CD,0,D1_pwm175_grab4
7332,-578,-564,10526,CD,0,D1_pwm175_grab4
7337,-788,-1794,9700,CD,0,D1_pwm175_grab4
7341,-802,538,10100,CD,0,D1_pwm175_grab4
7352,-1710,444,12750,CD,0,D1_pwm175_grab4
7356,486,-4158,8338,CD,0,D1_pwm175_grab4
7366,-2758,-646,10112,CD,0,D1_pwm175_grab4
7371,-242,560,10460,CD,0,D1_pwm175_grab4
7377,376,-1532,10724,CD,0,D1_pwm175_grab4
7382,4708,-856,8644,CD,0,D1_pwm175_grab4
7387,618,-1970,9902,CD,0,D1_pwm175_grab4
7392,976,1462,10590,CD,0,D1_pwm175_grab4
7402,2866,1878,9000,CD,0,D1_pwm175_grab4
7407,490,812,10242,CD,0,D1_pwm175_grab4
7418,-588,-2672,8542,CD,0,D1_pwm175_grab4
7422,1484,2102,11054,CD,0,D1_pwm175_grab4
7428,3158,3272,11274,CD,0,D1_pwm175_grab4
7432,872,3790,12520,CD,0,D1_pwm175_grab4
7437,1712,-1066,8672,CD,0,D1_pwm175_grab4
7443,-432,386,9946,CD,0,D1_pwm175_grab4
7447,400,1516,10642,CD,0,D1_pwm175_grab4
7453,2992,-692,8384,CD,0,D1_pwm175_grab4
7458,1120,2682,10358,CD,0,D1_pwm175_grab4
7468,-60,3986,12814,CD,0,D1_pwm175_grab4
7473,-284,-2628,9096,CD,0,D1_pwm175_grab4
7478,-1230,342,9976,CD,0,D1_pwm175_grab4
7487,1496,876,11282,CD,0,D1_pwm175_grab4
7492,476,-1432,9164,CD,0,D1_pwm175_grab4
7498,5724,-3744,9742,CD,0,D1_pwm175_grab4
7503,-2068,-988,9744,CD,0,D1_pwm175_grab4
7508,-42,1346,11054,CD,0,D1_pwm175_grab4
7512,-438,-822,10664,CD,0,D1_pwm175_grab4
7522,-2268,-196,12542,CD,0,D1_pwm175_grab4
7528,376,-4314,8068,CD,0,D1_pwm175_grab4
7538,-2494,-142,10470,CD,0,D1_pwm175_grab4
7542,-188,956,10536,CD,0,D1_pwm175_grab4
7548,-1104,-1808,10478,CD,0,D1_pwm175_grab4
7552,2382,-1616,8458,CD,0,D1_pwm175_grab4
7558,-1370,-2690,10102,CD,0,D1_pwm175_grab4
7563,-142,-2358,9090,CD,0,D1_pwm175_grab4
7572,2,2460,9772,CD,0,D1_pwm175_grab4
7578,228,1260,10824,CD,0,D1_pwm175_grab4
7582,-3336,-904,11472,CD,0,D1_pwm175_grab4
7588,-3394,-2856,9542,CD,0,D1_pwm175_grab4
7593,1312,2650,11066,CD,0,D1_pwm175_grab4
7597,1044,1692,11282,CD,0,D1_pwm175_grab4
7603,-4706,3258,11328,CD,0,D1_pwm175_grab4
7608,3020,1762,8674,CD,0,D1_pwm175_grab4
7612,268,622,10360,CD,0,D1_pwm175_grab4
7622,-108,-2402,8710,CD,0,D1_pwm175_grab4
7627,1022,2046,10984,CD,0,D1_pwm175_grab4
7632,5164,-24,9468,CD,0,D1_pwm175_grab4
7638,802,-60,11434,CD,0,D1_pwm175_grab4
7644,-502,-2606,9470,CD,0,D1_pwm175_grab4
7648,-1004,258,10128,CD,0,D1_pwm175_grab4
7658,194,1008,12640,CD,0,D1_pwm175_grab4
7664,792,-2484,8848,CD,0,D1_pwm175_grab4
7668,3230,-4866,9176,CD,0,D1_pwm175_grab4
7674,-1720,1192,10058,CD,0,D1_pwm175_grab4
7680,78,1450,10826,CD,0,D1_pwm175_grab4
7683,638,-1036,10528,CD,0,D1_pwm175_grab4
7693,-2426,-702,12568,CD,0,D1_pwm175_grab4
7698,422,-4338,7894,CD,0,D1_pwm175_grab4
7709,-2310,600,10758,CD,0,D1_pwm175_grab4
7713,302,1018,10776,CD,0,D1_pwm175_grab4
7718,-4984,-88,11610,CD,0,D1_pwm175_grab4
7724,-168,-2436,8686,CD,0,D1_pwm175_grab4
7729,-850,-2860,10400,CD,0,D1_pwm175_grab4
7733,162,-1216,9632,CD,0,D1_pwm175_grab4
7744,1198,2344,10210,CD,0,D1_pwm175_grab4
7749,524,1266,10742,CD,0,D1_pwm175_grab4
7754,-3380,1228,12752,CD,0,D1_pwm175_grab4
7758,1976,-1706,8024,CD,0,D1_pwm175_grab4
7763,884,2740,10936,CD,0,D1_pwm175_grab4
7768,952,2700,10716,CD,0,D1_pwm175_grab4
7773,-2704,4062,11922,CD,0,D1_pwm175_grab4
7778,2930,942,8276,CD,0,D1_pwm175_grab4
7783,50,328,9798,CD,0,D1_pwm175_grab4
7788,-4710,1064,12580,CD,0,D1_pwm175_grab4
7794,2700,546,10174,CD,0,D1_pwm175_grab4
7799,830,714,10306,CD,0,D1_pwm175_grab4
7809,1794,2938,12342,CD,0,D1_pwm175_grab4
7813,796,-2262,8782,CD,0,D1_pwm175_grab4
7819,-704,490,10046,CD,0,D1_pwm175_grab4
7824,4012,1690,10164,CD,0,D1_pwm175_grab4
7828,3138,106,9632,CD,0,D1_pwm175_grab4
7834,630,-3476,8646,CD,1,D1_pwm175_grab4
7843,-2978,-852,9860,CD,1,D1_pwm175_grab4
7848,-244,280,10410,CD,1,D1_pwm175_grab4
7854,-1140,330,10438,CD,1,D1_pwm175_grab4
7863,-248,750,12098,CD,1,D1_pwm175_grab4
7868,544,-2702,8926,CD,1,D1_pwm175_grab4
7879,-1632,1306,10114,CD,1,D1_pwm175_grab4
7884,164,1556,11184,CD,1,D1_pwm175_grab4
7889,-2130,-1676,10854,CD,1,D1_pwm175_grab4
7894,-2008,-2782,9496,CD,1,D1_pwm175_grab4
7899,-310,-2966,9684,CD,1,D1_pwm175_grab4
7904,472,-64,10564,CD,1,D1_pwm175_grab4
7915,2204,-554,8298,CD,1,D1_pwm175_grab4
7919,-370,200,9900,CD,1,D1_pwm175_grab4
7925,-1108,1622,11738,CD,1,D1_pwm175_grab4
7930,3014,-946,7952,CD,1,D1_pwm175_grab4
7936,1046,2978,10354,CD,1,D1_pwm175_grab4
7939,1134,3620,10274,CD,1,D1_pwm175_grab4
7944,-920,4268,12894,CD,1,D1_pwm175_grab4
7949,2378,150,8654,CD,1,D1_pwm175_grab4
7954,-1186,632,10046,CD,1,D1_pwm175_grab4
7964,2164,588,10964,CD,1,D1_pwm175_grab4
7970,478,-338,9692,CD,1,D1_pwm175_grab4
7974,6206,-3256,9676,CD,1,D1_pwm175_grab4
7979,1396,1416,12270,CD,1,D1_pwm175_grab4
7984,254,-2770,9132,CD,1,D1_pwm175_grab4
7990,-812,698,10144,CD,1,D1_pwm175_grab4
7999,-2088,348,12478,CD,1,D1_pwm175_grab4
8005,530,-4070,8164,CD,1,D1_pwm175_grab4
8015,-2618,-190,10544,CD,1,D1_pwm175_grab4
8020,-154,886,10438,CD,1,D1_pwm175_grab4
8025,-746,-108,10142,CD,1,D1_pwm175_grab4
8035,-1746,634,12906,CD,1,D1_pwm175_grab4
8040,48,-2988,8740,CD,1,D1_pwm175_grab4
8049,-246,2616,9848,CD,1,D1_pwm175_grab4
8054,282,1430,11026,CD,1,D1_pwm175_grab4
8059,-3042,-1456,11342,CD,1,D1_pwm175_grab4
8064,4966,-1172,8266,CD,1,D1_pwm175_grab4
8069,-2058,-1938,11490,CD,1,D1_pwm175_grab4
8074,314,-3380,8244,CD,1,D1_pwm175_grab4
8084,2952,2064,8938,CD,1,D1_pwm175_grab4
8090,352,536,10338,CD,1,D1_pwm175_grab4
8099,-294,-2260,9050,CD,1,D1_pwm175_grab4
8104,1098,1626,10938,CD,1,D1_pwm175_grab4
8109,664,904,10262,CD,1,D1_pwm175_grab4
8120,1524,-1310,8656,CD,1,D1_pwm175_grab4
8124,-514,328,10118,CD,1,D1_pwm175_grab4
8129,954,1680,11304,CD,1,D1_pwm175_grab4
8134,3046,-388,8256,CD,1,D1_pwm175_grab4
8139,916,2412,10714,CD,1,D1_pwm175_grab4
8150,1328,290,12220,CD,1,D1_pwm175_grab4
8155,-532,-2964,9200,CD,1,D1_pwm175_grab4
8160,502,-972,10426,CD,1,D1_pwm175_grab4
8170,-2554,-752,12548,CD,1,D1_pwm175_grab4
8176,398,-4356,7876,CD,1,D1_pwm175_grab4
8186,-2194,924,10892,CD,1,D1_pwm175_grab4
8190,522,1624,11036,CD,1,D1_pwm175_grab4
8196,-118,-872,10492,CD,1,D1_pwm175_grab4
8201,-568,-2622,8752,CD,1,D1_pwm175_grab4
8206,-782,-2802,10378,CD,1,D1_pwm175_grab4
8210,148,-1038,9808,CD,1,D1_pwm175_grab4
8220,1498,2564,9948,CD,1,D1_pwm175_grab4
8225,532,1156,10634,CD,1,D1_pwm175_grab4
8236,470,-2378,9048,CD,1,D1_pwm175_grab4
8241,1498,-504,10166,CD,1,D1_pwm175_grab4
8245,636,3076,10504,CD,1,D1_pwm175_grab4
8250,-1780,4440,12346,CD,1,D1_pwm175_grab4
8256,2782,550,8218,CD,1,D1_pwm175_grab4
8261,-134,64,9896,CD,1,D1_pwm175_grab4
8266,-3624,1438,12758,CD,1,D1_pwm175_grab4
8270,2224,-1482,7874,CD,1,D1_pwm175_grab4
8276,1250,2952,10560,CD,1,D1_pwm175_grab4
8280,5176,3248,11100,CD,1,D1_pwm175_grab4
8285,2176,2050,12388,CD,1,D1_pwm175_grab4
8290,422,-2628,8876,CD,1,D1_pwm175_grab4
8295,-1018,664,9970,CD,1,D1_pwm175_grab4
8305,2968,300,10466,CD,1,D1_pwm175_grab4
8311,766,636,9860,CD,1,D1_pwm175_grab4
8320,-350,-1222,10592,CD,1,D1_pwm175_grab4
8330,-1010,128,10386,CD,1,D1_pwm175_grab4
8340,-1680,308,12462,CD,1,D1_pwm175_grab4
8345,488,-3800,8212,CD,1,D1_pwm175_grab4
8350,-1878,-6816,7666,CD,1,D1_pwm175_grab4
8355,-3098,-452,10422,CD,1,D1_pwm175_grab4
8361,424,1498,11124,CD,1,D1_pwm175_grab4
8365,-436,-2176,10412,CD,1,D1_pwm175_grab4
8370,3780,-1784,7994,CD,1,D1_pwm175_grab4
8376,-2014,-2314,10606,CD,1,D1_pwm175_grab4
8381,-74,-3070,8736,CD,1,D1_pwm175_grab4
8390,-200,2730,9742,CD,1,D1_pwm175_grab4
8395,268,1488,10976,CD,1,D1_pwm175_grab4
8407,944,-1852,8176,CD,1,D1_pwm175_grab4
8412,1544,2368,11054,CD,1,D1_pwm175_grab4
8417,4662,3630,12302,CD,1,D1_pwm175_grab4
8421,1554,3200,12820,CD,1,D1_pwm175_grab4
8427,898,-2200,8904,CD,1,D1_pwm175_grab4
8431,-606,660,10196,CD,1,D1_pwm175_grab4
8436,4380,2206,10894,CD,1,D1_pwm175_grab4
8441,-1104,362,12442,CD,1,D1_pwm175_grab4
8446,524,-3246,8384,CD,1,D1_pwm175_grab4
8457,-30,-1032,10790,CD,1,D1_pwm175_grab4
8462,-778,-2528,9478,CD,1,D1_pwm175_grab4
8466,-886,778,10496,CD,1,D1_pwm175_grab4
8476,-1106,414,13038,CD,1,D1_pwm175_grab4
8482,110,-3412,8498,CD,1,D1_pwm175_grab4
8491,-3750,-954,10024,CD,1,D1_pwm175_grab4
8497,-100,390,10700,CD,1,D1_pwm175_grab4
8502,612,-1966,10424,CD,1,D1_pwm175_grab4
8507,5130,-1534,7860,CD,1,D1_pwm175_grab4
8511,-2358,-1624,11636,CD,1,D1_pwm175_grab4
8516,382,-3548,8270,CD,1,D1_pwm175_grab4
8526,2972,2300,8752,CD,1,D1_pwm175_grab4
8531,348,400,10334,CD,1,D1_pwm175_grab4
8536,-3166,-2082,10654,CD,1,D1_pwm175_grab4
8542,-3268,-3242,8816,CD,1,D1_pwm175_grab4
8546,376,-2412,10052,CD,1,D1_pwm175_grab4
8551,792,944,10404,CD,1,D1_pwm175_grab4
8562,1310,-1666,8494,CD,1,D1_pwm175_grab4
8567,-674,506,10036,CD,1,D1_pwm175_grab4
8571,2200,2300,11286,CD,1,D1_pwm175_grab4
8576,-56,-2174,8798,CD,1,D1_pwm175_grab4
8581,1662,1740,10906,CD,1,D1_pwm175_grab4
8586,3756,3548,11888,CD,1,D1_pwm175_grab4
8592,1106,3944,12688,CD,1,D1_pwm175_grab4
8596,1492,-1702,8646,CD,1,D1_pwm175_grab4
8601,-1244,772,10720,CD,1,D1_pwm175_grab4
8611,-142,612,11818,CD,1,D1_pwm175_grab4
8617,526,-2578,9002,CD,1,D1_pwm175_grab4
8621,5352,916,9862,CD,1,D1_pwm175_grab4
8627,1190,-184,11280,CD,1,D1_pwm175_grab4
8631,-462,-2894,9240,CD,1,D1_pwm175_grab4
8637,-1208,914,10208,CD,1,D1_pwm175_grab4
8647,-2644,-1398,11860,CD,1,D1_pwm175_grab4
8651,-86,-3964,8054,CD,1,D1_pwm175_grab4
8662,-1338,1696,10294,CD,1,D1_pwm175_grab4
8668,302,1690,11276,CD,1,D1_pwm175_grab4
8672,-2130,-2722,10798,CD,1,D1_pwm175_grab4
8677,-2692,-3312,9050,CD,1,D1_pwm175_grab4
8683,1548,1138,10974,CD,1,D1_pwm175_grab4
8687,2762,3704,11204,CD,1,D1_pwm175_grab4
8692,384,4226,12680,CD,1,D1_pwm175_grab4
8697,1736,-1094,8544,CD,1,D1_pwm175_grab4
8702,-306,354,9950,CD,1,D1_pwm175_grab4
8713,-1480,-2246,9488,CD,1,D1_pwm175_grab4
8717,1332,654,10916,CD,1,D1_pwm175_grab4
8722,3026,3646,11848,CD,1,D1_pwm175_grab4
8727,1364,158,11560,CD,1,D1_pwm175_grab4
8733,-318,-3142,9152,CD,1,D1_pwm175_grab4
8738,-1134,1040,10152,CD,1,D1_pwm175_grab4
8747,3072,-214,8126,CD,1,D1_pwm175_grab4
8753,1166,2608,10842,CD,1,D1_pwm175_grab4
8758,6214,2158,9854,CD,1,D1_pwm175_grab4
8762,1116,196,12124,CD,1,D1_pwm175_grab4
8767,-284,-500,10380,CD,1,D1_pwm175_grab4
8773,430,-830,10658,CD,1,D1_pwm175_grab4
8782,-2662,-1100,12478,CD,1,D1_pwm175_grab4
8787,212,-4160,7966,CD,1,D1_pwm175_grab4
8793,4224,-5010,8970,CD,1,D1_pwm175_grab4
8798,-3160,-1394,9680,CD,1,D1_pwm175_grab4
8803,-606,-722,10300,CD,1,D1_pwm175_grab4
8807,-2188,-2936,10452,CD,1,D1_pwm175_grab4
8813,-1198,-3238,8490,CD,1,D1_pwm175_grab4
8817,-572,-2618,10132,CD,1,D1_pwm175_grab4
8822,238,-576,10158,CD,1,D1_pwm175_grab4
8832,-2244,1024,10812,CD,1,D1_pwm175_grab4
8837,406,1578,11254,CD,1,D1_pwm175_grab4
8843,-1860,-2750,10320,CD,1,D1_pwm175_grab4
8847,-2082,-2422,9434,CD,1,D1_pwm175_grab4
8853,1388,470,10498,CD,1,D1_pwm175_grab4
8857,1340,3362,10518,CD,1,D1_pwm175_grab4
8863,172,4588,12640,CD,1,D1_pwm175_grab4
8867,2224,-338,8076,CD,1,D1_pwm175_grab4
8872,-474,80,9682,CD,1,D1_pwm175_grab4
8877,-6348,-414,11500,CD,1,D1_pwm175_grab4
8883,-2506,-2826,9134,CD,1,D1_pwm175_grab4
8887,1070,2924,10392,CD,1,D1_pwm175_grab4
8893,5940,2378,10040,CD,1,D1_pwm175_grab4
8897,1848,636,11952,CD,1,D1_pwm175_grab4
8902,-238,-3048,8864,CD,1,D1_pwm175_grab4
8908,-1182,1106,10280,CD,1,D1_pwm175_grab4
8918,1960,392,11022,CD,1,D1_pwm175_grab4
8924,598,-940,9460,CD,1,D1_pwm175_grab4
8929,-4490,-6548,8760,CD,1,D1_pwm175_grab4
8934,-2670,622,10748,CD,1,D1_pwm175_grab4
8938,248,1522,11232,CD,1,D1_pwm175_grab4
8943,-1476,-2594,10244,CD,1,D1_pwm175_grab4
8949,-322,-2998,8768,CD,1,D1_pwm175_grab4
8954,-1242,-2658,10194,CD,1,D1_pwm175_grab4
8958,256,-1130,10364,CD,1,D1_pwm175_grab4
8963,-4680,-6610,8612,CD,1,D1_pwm175_grab4
8969,1592,2974,10014,CD,1,D1_pwm175_grab4
8974,512,926,10860,CD,1,D1_pwm175_grab4
8979,-5234,-446,11386,CD,1,D1_pwm175_grab4
8983,-3248,-2984,9304,CD,1,D1_pwm175_grab4
8988,1192,-264,10728,CD,1,D1_pwm175_grab4
8993,776,3200,10372,CD,1,D1_pwm175_grab4
8999,-1540,4580,12746,CD,1,D1_pwm175_grab4
9003,1300,2976,9336,CD,1,D1_pwm175_grab4
9008,-144,128,9904,CD,1,D1_pwm175_grab4
9014,-2602,1814,13126,CD,1,D1_pwm175_grab4
9019,2566,-1252,7766,CD,1,D1_pwm175_grab4
9023,1338,3036,10844,CD,1,D1_pwm175_grab4
9028,5530,3140,10476,CD,1,D1_pwm175_grab4
9033,1696,1236,12392,CD,1,D1_pwm175_grab4
9038,124,-3098,8856,CD,1,D1_pwm175_grab4
9043,-734,1068,10200,CD,1,D1_pwm175_grab4
9053,2734,302,11258,CD,1,D1_pwm175_grab4
9059,1226,-336,9458,CD,1,D1_pwm175_grab4
9063,5700,-3130,9486,CD,1,D1_pwm175_grab4
9069,-1650,-1400,10264,CD,1,D1_pwm175_grab4
9073,-678,-1614,9950,CD,1,D1_pwm175_grab4
9078,-458,-106,10162,CD,1,D1_pwm175_grab4
9088,-2188,46,13024,CD,1,D1_pwm175_grab4
9094,478,-4368,7934,CD,1,D1_pwm175_grab4
9098,-2956,-6896,7832,CD,1,D1_pwm175_grab4
9104,-3184,162,10918,CD,1,D1_pwm175_grab4
9109,412,1226,11252,CD,1,D1_pwm175_grab4
9113,-1172,-2542,9634,CD,1,D1_pwm175_grab4
9118,1756,-2164,8474,CD,1,D1_pwm175_grab4
9124,-1664,-2460,10820,CD,1,D1_pwm175_grab4
9129,760,2372,10712,CD,1,D1_pwm175_grab4
9139,494,2862,10132,CD,1,D1_pwm175_grab4
9144,702,1294,10844,CD,1,D1_pwm175_grab4
9149,-4364,-964,11046,CD,1,D1_pwm175_grab4
9153,-3388,-2986,9260,CD,1,D1_pwm175_grab4
9158,964,-838,10268,CD,1,D1_pwm175_grab4
9163,938,2470,10490,CD,1,D1_pwm175_grab4
9169,1916,2192,12766,CD,1,D1_pwm175_grab4
9179,-1000,860,10240,CD,1,D1_pwm175_grab4
9184,6352,1878,10782,CD,1,D1_pwm175_grab4
9189,3004,348,10378,CD,1,D1_pwm175_grab4
9194,934,156,9914,CD,1,D1_pwm175_grab4
9199,6202,-2314,9378,CD,1,D1_pwm175_grab4
9204,-954,-1364,10732,CD,1,D1_pwm175_grab4
9209,278,1016,11154,CD,1,D1_pwm175_grab4
9214,-844,-2478,9724,CD,1,D1_pwm175_grab4
9224,-2052,88,12770,CD,1,D1_pwm175_grab4
9230,310,-4002,8240,CD,1,D1_pwm175_grab4
9234,-2336,-7184,7820,CD,1,D1_pwm175_grab4
9239,-3234,-54,10310,CD,1,D1_pwm175_grab4
9244,30,1040,10980,CD,1,D1_pwm175_grab4
9250,-4398,-898,10986,CD,1,D1_pwm175_grab4
9254,-3522,-3090,9116,CD,1,D1_pwm175_grab4
9259,-1962,-2692,10288,CD,1,D1_pwm175_grab4
9264,-166,-2024,9576,CD,1,D1_pwm175_grab4
9275,342,2880,9874,CD,1,D1_pwm175_grab4
9280,456,1388,10980,CD,1,D1_pwm175_grab4
9284,-3832,-526,11018,CD,1,D1_pwm175_grab4
9290,2142,-1740,7886,CD,1,D1_pwm175_grab4
9295,1344,3162,11024,CD,1,D1_pwm175_grab4
9299,5104,3364,11570,CD,1,D1_pwm175_grab4
9305,-2778,4672,12344,CD,1,D1_pwm175_grab4
9309,2966,1194,8754,CD,1,D1_pwm175_grab4
9314,-154,30,9972,CD,1,D1_pwm175_grab4
9319,-4670,1794,13184,CD,1,D1_pwm175_grab4
9324,1926,-1568,7792,CD,1,D1_pwm175_grab4
9329,1278,2816,11298,CD,1,D1_pwm175_grab4
9334,5716,-2326,9390,CD,1,D1_pwm175_grab4
9340,-880,-1332,10490,CD,1,D1_pwm175_grab4
9345,352,-2784,8714,CD,1,D1_pwm175_grab4
9349,-784,860,10164,CD,1,D1_pwm175_grab4
9354,6602,1826,10628,CD,1,D1_pwm175_grab4
9359,2886,358,10932,CD,1,D1_pwm175_grab4
9365,1194,166,9822,CD,1,D1_pwm175_grab4
9369,5932,-2408,9288,CD,1,D1_pwm175_grab4
9374,-3072,-106,10646,CD,1,D1_pwm175_grab4
9379,192,1224,10774,CD,1,D1_pwm175_grab4
9384,-1326,-2512,9604,CD,1,D1_pwm175_grab4
9394,-1996,82,13296,CD,1,D1_pwm175_grab4
9399,542,-4118,8208,CD,1,D1_pwm175_grab4
9409,-3454,-82,10458,CD,1,D1_pwm175_grab4
9414,388,1258,10620,CD,1,D1_pwm175_grab4
9420,-4254,-568,11302,CD,1,D1_pwm175_grab4
9424,-3350,-2698,9296,CD,1,D1_pwm175_grab4
9430,994,-846,10054,CD,1,D1_pwm175_grab4
9435,740,2246,10532,CD,1,D1_pwm175_grab4
9441,-2388,4544,11938,CD,1,D1_pwm175_grab4
9445,3034,1104,8104,CD,1,D1_pwm175_grab4
9451,-160,102,9792,CD,1,D1_pwm175_grab4
9455,6874,1676,10652,CD,1,D1_pwm175_grab4
9460,2782,432,10928,CD,1,D1_pwm175_grab4
9466,1092,-12,9756,CD,1,D1_pwm175_grab4
9472,6090,-2668,9348,CD,1,D1_pwm175_grab4
9475,2146,1810,12472,CD,1,D1_pwm175_grab4
9480,286,-2830,8604,CD,1,D1_pwm175_grab4
9486,-1008,914,9982,CD,1,D1_pwm175_grab4
9490,6742,1602,10636,CD,1,D1_pwm175_grab4
9495,-2142,48,13198,CD,1,D1_pwm175_grab4
9500,480,-4096,8250,CD,1,D1_pwm175_grab4
9510,-3440,20,10454,CD,1,D1_pwm175_grab4
9515,-958,-1732,9432,CD,1,D1_pwm175_grab4
9520,-556,-354,10496,CD,1,D1_pwm175_grab4
9530,-2226,-166,12478,CD,1,D1_pwm175_grab4
9535,0,-1612,9986,CD,1,D1_pwm175_grab4
9545,850,3070,10200,CD,1,D1_pwm175_grab4
9551,676,1132,11064,CD,1,D1_pwm175_grab4
9555,-4626,-12,11372,CD,1,D1_pwm175_grab4
9560,1070,-2062,8572,CD,1,D1_pwm175_grab4
9566,-1444,-2974,10018,CD,1,D1_pwm175_grab4
9571,-242,-1588,9782,CD,1,D1_pwm175_grab4
9576,-1956,4656,12708,CD,1,D1_pwm175_grab4
9581,2832,724,8692,CD,1,D1_pwm175_grab4
9585,-128,204,10022,CD,1,D1_pwm175_grab4
9590,-2796,1712,13506,CD,1,D1_pwm175_grab4
9596,2510,-1568,7604,CD,1,D1_pwm175_grab4
9600,758,-330,10196,CD,1,D1_pwm175_grab4
9605,636,2840,10288,CD,1,D1_pwm175_grab4
9610,-1562,4666,12524,CD,1,D1_pwm175_grab4
9616,-20,-3194,8822,CD,1,D1_pwm175_grab4
9621,-780,990,10062,CD,1,D1_pwm175_grab4
9630,2580,420,11504,CD,1,D1_pwm175_grab4
9635,1292,-768,9258,CD,1,D1_pwm175_grab4
9641,5834,-3694,9590,CD,1,D1_pwm175_grab4
9645,1828,1208,12744,CD,1,D1_pwm175_grab4
9650,-230,-3172,8672,CD,1,D1_pwm175_grab4
9655,-124,-830,9998,CD,1,D1_pwm175_grab4
9666,-2344,-154,13082,CD,1,D1_pwm175_grab4
9670,352,-4260,7962,CD,1,D1_pwm175_grab4
9681,-2986,652,10906,CD,1,D1_pwm175_grab4
9686,640,1418,11200,CD,1,D1_pwm175_grab4
9692,-1758,-2324,9846,CD,1,D1_pwm175_grab4
9696,-3060,-2608,9268,CD,1,D1_pwm175_grab4
9701,790,-48,10222,CD,1,D1_pwm175_grab4
9706,706,2868,10136,CD,1,D1_pwm175_grab4
9712,-1214,4480,12522,CD,1,D1_pwm175_grab4
9717,2874,446,8062,CD,1,D1_pwm175_grab4
9721,-468,152,9924,CD,1,D1_pwm175_grab4
9728,-2924,1694,13030,CD,1,D1_pwm175_grab4
9732,-3046,-2984,9076,CD,1,D1_pwm175_grab4
9737,940,3126,11226,CD,1,D1_pwm175_grab4
9742,5988,2616,10662,CD,1,D1_pwm175_grab4
9746,1896,1054,12604,CD,1,D1_pwm175_grab4
9752,-296,-3182,8638,CD,1,D1_pwm175_grab4
9756,-1114,914,10044,CD,1,D1_pwm175_grab4
9766,2336,572,10846,CD,1,D1_pwm175_grab4
9771,1320,3244,11028,CD,1,D1_pwm175_grab4
9776,5528,2700,10350,CD,1,D1_pwm175_grab4
9781,-1938,-1146,10452,CD,1,D1_pwm175_grab4
9786,-1028,-1252,9516,CD,1,D1_pwm175_grab4
9792,-402,-884,10298,CD,1,D1_pwm175_grab4
9801,-2408,-604,12662,CD,1,D1_pwm175_grab4
9806,-16,-4050,8102,CD,1,D1_pwm175_grab4
9812,-4110,-6538,8504,CD,1,D1_pwm175_grab4
9817,-2034,-1270,10294,CD,1,D1_pwm175_grab4
9821,266,1440,11236,CD,1,D1_pwm175_grab4
9826,-1408,-2330,10482,CD,1,D1_pwm175_grab4
9831,78,-2070,8788,CD,1,D1_pwm175_grab4
9836,-1392,-3142,9602,CD,1,D1_pwm175_grab4
9841,-54,-960,10394,CD,1,D1_pwm175_grab4
9852,1300,2936,9628,CD,1,D1_pwm175_grab4
9857,356,1572,10790,CD,1,D1_pwm175_grab4
9862,-4818,466,11530,CD,1,D1_pwm175_grab4
9866,-3152,-2710,9522,CD,1,D1_pwm175_grab4
9871,702,106,10582,CD,1,D1_pwm175_grab4
9877,984,3284,10220,CD,1,D1_pwm175_grab4
9882,-1040,4386,12978,CD,1,D1_pwm175_grab4
9886,2638,-12,8418,CD,1,D1_pwm175_grab4
9891,-476,94,10104,CD,1,D1_pwm175_grab4
9896,-1984,1788,12904,CD,1,D1_pwm175_grab4
9902,2472,-1202,7636,CD,1,D1_pwm175_grab4
9907,1336,2812,11502,CD,1,D1_pwm175_grab4
9917,1498,638,12596,CD,1,D1_pwm175_grab4
9922,-398,-3126,8814,CD,1,D1_pwm175_grab4
9927,-1076,936,10068,CD,1,D1_pwm175_grab4
9937,1906,680,11726,CD,1,D1_pwm175_grab4
9942,50,-4112,7976,CD,1,D1_pwm175_grab4
9948,-4508,-6304,8536,CD,1,D1_pwm175_grab4
9952,-2608,1008,10870,CD,1,D1_pwm175_grab4
9958,608,1620,10988,CD,1,D1_pwm175_grab4
9962,-2178,-2370,10298,CD,1,D1_pwm175_grab4
9967,32,-2474,8742,CD,1,D1_pwm175_grab4
9972,-918,-2768,9994,CD,1,D1_pwm175_grab4
9978,56,-626,10264,CD,1,D1_pwm175_grab4
9984,-664,4416,12880,CD,1,D1_pwm175_grab4
9988,1730,2780,9568,CD,1,D1_pwm175_grab4
9992,352,656,10522,CD,1,D1_pwm175_grab4
10003,-2400,-2628,9172,CD,1,D1_pwm175_grab4
10008,996,1110,10760,CD,1,D1_pwm175_grab4
10012,1160,3280,10088,CD,1,D1_pwm175_grab4
10018,-158,4326,12454,CD,1,D1_pwm175_grab4
10023,-582,-3190,8754,CD,1,D1_pwm175_grab4
10028,-412,236,9778,CD,1,D1_pwm175_grab4
10033,-1166,1958,12210,CD,1,D1_pwm175_grab4
10038,3238,-982,7726,CD,1,D1_pwm175_grab4
10042,1454,2804,10914,CD,1,D1_pwm175_grab4
10052,1928,114,11800,CD,1,D1_pwm175_grab4
10057,-474,-2966,8894,CD,1,D1_pwm175_grab4
10062,178,-1280,10290,CD,1,D1_pwm175_grab4
10072,1486,370,11136,CD,1,D1_pwm175_grab4
10077,718,-2038,8650,CD,1,D1_pwm175_grab4
10083,4164,-5180,9420,CD,1,D1_pwm175_grab4
10087,-2826,-1004,10412,CD,1,D1_pwm175_grab4
10092,-688,-380,9912,CD,1,D1_pwm175_grab4
10098,336,-1300,10528,CD,1,D1_pwm175_grab4
10103,-1364,-2686,9242,CD,1,D1_pwm175_grab4
10108,-818,-2710,9524,CD,1,D1_pwm175_grab4
10113,-412,-3768,8270,CD,1,D1_pwm175_grab4
10117,-5630,-5658,9094,CD,1,D1_pwm175_grab4
10123,-1852,1936,10688,CD,1,D1_pwm175_grab4
10127,280,1478,11044,CD,1,D1_pwm175_grab4
10133,-2444,-2166,11308,CD,1,D1_pwm175_grab4
10138,-1332,-2476,8710,CD,1,D1_pwm175_grab4
10143,970,1836,11526,CD,1,D1_pwm175_grab4
10147,3354,3340,11346,CD,1,D1_pwm175_grab4
10152,74,3888,12974,CD,1,D1_pwm175_grab4
10157,2478,2562,9044,CD,1,D1_pwm175_grab4
10163,54,294,10338,CD,1,D1_pwm175_grab4
10172,-1246,-2496,9174,CD,1,D1_pwm175_grab4
10177,638,2090,11304,CD,1,D1_pwm175_grab4
10183,5774,1038,9496,CD,1,D1_pwm175_grab4
10187,852,-524,11514,CD,1,D1_pwm175_grab4
10193,-818,-2926,9206,CD,1,D1_pwm175_grab4
10198,-842,660,10338,CD,1,D1_pwm175_grab4
10208,402,484,12520,CD,1,D1_pwm175_grab4
10213,886,-3168,8116,CD,1,D1_pwm175_grab4
10218,1668,-6046,7822,CD,1,D1_pwm175_grab4
10223,-1266,2234,10642,CD,1,D1_pwm175_grab4
10228,396,1388,10846,CD,1,D1_pwm175_grab4
10233,-2988,-1766,11606,CD,1,D1_pwm175_grab4
10240,-2204,-2688,8800,CD,1,D1_pwm175_grab4
10243,-1994,-2422,11798,CD,1,D1_pwm175_grab4
10248,-366,-3106,8822,CD,1,D1_pwm175_grab4
10259,-1258,2400,10926,CD,1,D1_pwm175_grab4
10264,46,114,10116,CD,1,D1_pwm175_grab4
10273,-82,-2406,8670,CD,1,D1_pwm175_grab4
10278,880,2816,11536,CD,1,D1_pwm175_grab4
10284,1022,1228,10690,CD,1,D1_pwm175_grab4
10294,3004,2080,9046,CD,1,D1_pwm175_grab4
10298,462,298,10362,CD,1,D1_pwm175_grab4
10303,2962,1862,10490,CD,1,D1_pwm175_grab4
10308,3432,-38,9130,CD,1,D1_pwm175_grab4
10314,1368,944,10194,CD,1,D1_pwm175_grab4
10324,458,-780,11084,CD,1,D1_pwm175_grab4
10329,982,-2322,8664,CD,1,D1_pwm175_grab4
10333,-302,900,10010,CD,1,D1_pwm175_grab4
10338,3796,1986,10224,CD,1,D1_pwm175_grab4
10343,-876,-80,11946,CD,1,D1_pwm175_grab4
10348,230,-3670,8076,CD,1,D1_pwm175_grab4
10353,-992,-6704,7156,CD,1,D1_pwm175_grab4
10358,-2958,-98,10600,CD,1,D1_pwm175_grab4
10364,-216,624,10582,CD,1,D1_pwm175_grab4
10369,-530,38,10112,CD,1,D1_pwm175_grab4
10378,-990,126,12604,CD,1,D1_pwm175_grab4
10383,442,-3816,7688,CD,1,D1_pwm175_grab4
10393,-280,2892,9930,CD,1,D1_pwm175_grab4
10399,430,1188,11178,CD,1,D1_pwm175_grab4
10403,-3738,-772,11254,CD,1,D1_pwm175_grab4
10408,-3410,-2776,9184,CD,1,D1_pwm175_grab4
10414,-1752,-2984,10804,CD,1,D1_pwm175_grab4
10418,-362,-2058,9462,CD,1,D1_pwm175_grab4
10429,3338,1192,8320,CD,1,D1_pwm175_grab4
10433,-252,88,10148,CD,1,D1_pwm175_grab4
10439,-5528,1580,13120,CD,1,D1_pwm175_grab4
10443,1358,-2094,8208,CD,1,D1_pwm175_grab4
10449,1040,3088,11920,CD,1,D1_pwm175_grab4
10460,1328,1994,12580,CD,1,D1_pwm175_grab4
10464,182,-2694,8572,CD,1,D1_pwm175_grab4
10469,-474,-346,10078,CD,1,D1_pwm175_grab4
10479,-1584,-240,12824,CD,1,D1_pwm175_grab4
10484,200,-4098,7748,CD,1,D1_pwm175_grab4
10490,-2148,-6758,7492,CD,1,D1_pwm175_grab4
10496,-3268,346,10972,CD,1,D1_pwm175_grab4
10499,-1058,-1676,9704,CD,1,D1_pwm175_grab4
10505,-612,-462,10454,CD,1,D1_pwm175_grab4
10509,2662,-1862,8766,CD,1,D1_pwm175_grab4
10514,-1512,-2872,10362,CD,1,D1_pwm175_grab4
10519,-202,-1466,9816,CD,1,D1_pwm175_grab4
10529,494,2756,10136,CD,1,D1_pwm175_grab4
10534,772,996,10794,CD,1,D1_pwm175_grab4
10539,-944,-2062,10424,CD,1,D1_pwm175_grab4
10545,2064,-1648,8930,CD,1,D1_pwm175_grab4
10550,600,362,10506,CD,1,D1_pwm175_grab4
10555,1176,2652,10366,CD,1,D1_pwm175_grab4
10559,-2794,4166,11938,CD,1,D1_pwm175_grab4
10569,16,206,9944,CD,1,D1_pwm175_grab4
10579,2088,-1994,7880,CD,1,D1_pwm175_grab4
10584,548,336,10546,CD,1,D1_pwm175_grab4
10589,5158,2690,10758,CD,1,D1_pwm175_grab4
10594,1832,1080,12074,CD,1,D1_pwm175_grab4
10600,90,-2790,8822,CD,1,D1_pwm175_grab4
10605,-644,980,9758,CD,1,D1_pwm175_grab4
10614,2816,348,10624,CD,1,D1_pwm175_grab4
10619,1378,-904,8866,CD,1,D1_pwm175_grab4
10624,5610,2842,10768,CD,1,D1_pwm175_grab4
10629,-1136,-876,10762,CD,1,D1_pwm175_grab4
10634,-762,-1208,9984,CD,1,D1_pwm175_grab4
10639,-326,-864,9872,CD,1,D1_pwm175_grab4
10649,-1796,-660,12498,CD,1,D1_pwm175_grab4
10654,-200,-3954,7912,CD,1,D1_pwm175_grab4
10664,-2848,642,10888,CD,1,D1_pwm175_grab4
10669,228,1116,10636,CD,1,D1_pwm175_grab4
10674,-1636,-2104,10052,CD,1,D1_pwm175_grab4
10679,2116,-1766,8894,CD,1,D1_pwm175_grab4
10684,-1340,-2982,9776,CD,1,D1_pwm175_grab4
10689,-232,-1072,10226,CD,1,D1_pwm175_grab4
10700,880,2686,9632,CD,1,D1_pwm175_grab4
10704,198,578,10504,CD,1,D1_pwm175_grab4
10715,1712,-1780,7690,CD,1,D1_pwm175_grab4
10721,1504,2824,11900,CD,1,D1_pwm175_grab4
10726,5742,2724,10810,CD,1,D1_pwm175_grab4
10731,1304,1054,12472,CD,1,D1_pwm175_grab4
10736,-96,-2708,8758,CD,1,D1_pwm175_grab4
10740,-698,990,10032,CD,1,D1_pwm175_grab4
10752,-1822,-754,12568,CD,1,D1_pwm175_grab4
10756,1338,-1188,9150,CD,1,D1_pwm175_grab4
10760,5712,-3604,9304,CD,1,D1_pwm175_grab4
10766,-1626,-904,10546,CD,1,D1_pwm175_grab4
10770,-762,-1274,10012,CD,1,D1_pwm175_grab4
10775,-532,-790,10208,CD,1,D1_pwm175_grab4
10785,-1780,-1094,12914,CD,1,D1_pwm175_grab4
10790,-224,-1026,10192,CD,1,D1_pwm175_grab4
10801,-3258,774,11076,CD,1,D1_pwm175_grab4
10806,390,1126,10926,CD,1,D1_pwm175_grab4
10811,-1378,-1864,10386,CD,1,D1_pwm175_grab4
10815,1652,-1704,9226,CD,1,D1_pwm175_grab4
10820,-1344,-2864,9918,CD,1,D1_pwm175_grab4
10825,-60,-812,10358,CD,1,D1_pwm175_grab4
10830,-2280,3844,12032,CD,1,D1_pwm175_grab4
10835,3200,406,7988,CD,1,D1_pwm175_grab4
10841,474,556,10702,CD,1,D1_pwm175_grab4
10846,-4866,482,11226,CD,1,D1_pwm175_grab4
10851,-3328,-2928,9026,CD,1,D1_pwm175_grab4
10856,604,1098,10930,CD,1,D1_pwm175_grab4
10861,1228,2922,10232,CD,1,D1_pwm175_grab4
10866,-2288,3978,12438,CD,1,D1_pwm175_grab4
10870,-136,-2616,8718,CD,1,D1_pwm175_grab4
10876,-714,1126,9962,CD,1,D1_pwm175_grab4
10881,-2940,1578,13596,CD,1,D1_pwm175_grab4
10886,1728,-1768,7730,CD,1,D1_pwm175_grab4
10891,1796,2762,11764,CD,1,D1_pwm175_grab4
10896,5450,2576,10272,CD,1,D1_pwm175_grab4
10900,1540,668,12080,CD,1,D1_pwm175_grab4
10906,-78,-2872,8816,CD,1,D1_pwm175_grab4
10911,-396,-1096,10080,CD,1,D1_pwm175_grab4
10920,-1836,-1232,12254,CD,1,D1_pwm175_grab4
10926,1480,-1544,8622,CD,1,D1_pwm175_grab4
10930,5342,-3678,9272,CD,1,D1_pwm175_grab4
10935,-1502,-726,10644,CD,1,D1_pwm175_grab4
10941,-584,-1254,10224,CD,1,D1_pwm175_grab4
10946,-406,-1086,9974,CD,1,D1_pwm175_grab4
10955,-1320,-2902,9390,CD,1,D1_pwm175_grab4
10961,-164,-736,10398,CD,1,D1_pwm175_grab4
10972,1008,2636,9480,CD,1,D1_pwm175_grab4
10976,38,600,10618,CD,1,D1_pwm175_grab4
10981,-4462,450,11390,CD,1,D1_pwm175_grab4
10987,-2966,-2656,9446,CD,1,D1_pwm175_grab4
10991,1722,2592,11802,CD,1,D1_pwm175_grab4
10997,5576,2506,10284,CD,1,D1_pwm175_grab4
11001,1410,674,12186,CD,1,D1_pwm175_grab4
11008,-200,-2742,8862,CD,1,D1_pwm175_grab4
11011,-406,424,10284,CD,1,D1_pwm175_grab4
11016,-3216,1434,13092,CD,1,D1_pwm175_grab4
11021,1932,-1670,7852,CD,1,D1_pwm175_grab4
11026,1396,2752,11876,CD,1,D1_pwm175_grab4
11032,5518,-3756,9336,CD,1,D1_pwm175_grab4
11037,-1742,-794,10564,CD,1,D1_pwm175_grab4
11042,-648,-1226,10042,CD,1,D1_pwm175_grab4
11047,-404,-1096,10180,CD,1,D1_pwm175_grab4
11057,2098,562,10850,CD,1,D1_pwm175_grab4
11062,1020,-1802,8680,CD,1,D1_pwm175_grab4
11066,6160,-3824,9596,CD,1,D1_pwm175_grab4
11071,-1816,-508,10438,CD,1,D1_pwm175_grab4
11076,618,1136,11076,CD,1,D1_pwm175_grab4
11081,-2096,-1866,10054,CD,1,D1_pwm175_grab4
11086,828,-2102,9028,CD,1,D1_pwm175_grab4
11092,-1154,-2390,9986,CD,1,D1_pwm175_grab4
11097,-414,-3586,8400,CD,1,D1_pwm175_grab4
11101,-3472,-6010,8706,CD,1,D1_pwm175_grab4
11106,-2906,1030,10608,CD,1,D1_pwm175_grab4
11111,336,1078,11032,CD,1,D1_pwm175_grab4
11117,-5320,622,11312,CD,1,D1_pwm175_grab4
11121,-2790,-2958,9106,CD,1,D1_pwm175_grab4
11126,650,1754,11102,CD,1,D1_pwm175_grab4
11132,1170,3052,9932,CD,1,D1_pwm175_grab4
11141,1208,2482,9918,CD,1,D1_pwm175_grab4
11147,122,544,10674,CD,1,D1_pwm175_grab4
11151,-4896,666,11134,CD,1,D1_pwm175_grab4
11157,2332,-1184,7928,CD,1,D1_pwm175_grab4
11161,1922,2468,11410,CD,1,D1_pwm175_grab4
11166,5214,1980,9840,CD,1,D1_pwm175_grab4
11171,1634,472,11908,CD,1,D1_pwm175_grab4
11176,-204,-2836,8916,CD,1,D1_pwm175_grab4
11181,-362,380,10166,CD,1,D1_pwm175_grab4
11187,-1844,1386,13154,CD,1,D1_pwm175_grab4
11191,1954,-1124,7704,CD,1,D1_pwm175_grab4
11196,1232,-2068,8118,CD,1,D1_pwm175_grab4
11201,5532,-4128,9528,CD,1,D1_pwm175_grab4
11206,-1926,-644,10328,CD,1,D1_pwm175_grab4
11212,-476,-846,10146,CD,1,D1_pwm175_grab4
11216,-282,-1516,10062,CD,1,D1_pwm175_grab4
11228,-1810,-1996,12388,CD,1,D1_pwm175_grab4
11232,-502,-3690,8420,CD,1,D1_pwm175_grab4
11238,-7960,1106,10904,CD,1,D1_pwm175_grab4
11243,1424,2444,9732,CD,1,D1_pwm175_grab4
11247,30,506,10618,CD,1,D1_pwm175_grab4
11253,-4908,792,11268,CD,1,D1_pwm175_grab4
11257,-2820,-2818,9486,CD,1,D1_pwm175_grab4
11262,318,1766,11208,CD,1,D1_pwm175_grab4
11268,-4,-278,10452,CD,1,D1_pwm175_grab4
11277,2594,-56,8212,CD,1,D1_pwm175_grab4
11282,-402,352,10208,CD,1,D1_pwm175_grab4
11287,-1886,1326,12932,CD,1,D1_pwm175_grab4
11293,1940,-1168,7770,CD,1,D1_pwm175_grab4
11298,1608,2108,11678,CD,1,D1_pwm175_grab4
11302,5828,1892,10062,CD,1,D1_pwm175_grab4
11308,-1078,3588,12300,CD,1,D1_pwm175_grab4
11313,2766,78,8016,CD,1,D1_pwm175_grab4
11317,-828,856,9984,CD,1,D1_pwm175_grab4
11327,1740,406,11448,CD,1,D1_pwm175_grab4
11333,1020,-2232,8446,CD,1,D1_pwm175_grab4
11343,-2332,-504,10210,CD,1,D1_pwm175_grab4
11347,-482,-938,10072,CD,1,D1_pwm175_grab4
11352,-718,882,9892,CD,1,D1_pwm175_grab4
11363,-1842,-2080,12496,CD,1,D1_pwm175_grab4
11367,-354,-3460,8698,CD,1,D1_pwm175_grab4
11377,-2736,1032,11030,CD,1,D1_pwm175_grab4
11382,358,1100,10848,CD,1,D1_pwm175_grab4
11387,-1870,-1666,10556,CD,1,D1_pwm175_grab4
11397,-1084,-2432,9736,CD,1,D1_pwm175_grab4
11403,184,-184,10624,CD,1,D1_pwm175_grab4
11407,-7672,954,10876,CD,1,D1_pwm175_grab4
11413,1416,2470,10053,CD,1,D1_pwm175_grab4
11418,264,564,10636,CD,1,D1_pwm175_grab4
11422,-5330,612,11326,CD,1,D1_pwm175_grab4
11427,-2940,-2890,8956,CD,1,D1_pwm175_grab4
11433,594,1934,11576,CD,1,D1_pwm175_grab4
11437,1372,3044,9868,CD,1,D1_pwm175_grab4
11442,-1298,3528,12750,CD,1,D1_pwm175_grab4
11447,2556,96,8410,CD,1,D1_pwm175_grab4
11452,8,650,10228,CD,1,D1_pwm175_grab4
11457,-1384,1412,13138,CD,1,D1_pwm175_grab4
11463,2048,-1118,8032,CD,1,D1_pwm175_grab4
11468,1846,2152,11584,CD,1,D1_pwm175_grab4
11479,-2004,-500,10446,CD,1,D1_pwm175_grab4
11483,-790,-902,9732,CD,1,D1_pwm175_grab4
11489,-302,-1472,10438,CD,1,D1_pwm175_grab4
11499,-1828,-2116,12118,CD,1,D1_pwm175_grab4
11504,-510,-3636,8648,CD,1,D1_pwm175_grab4
11514,-2072,1084,10778,CD,1,D1_pwm175_grab4
11518,56,498,10576,CD,1,D1_pwm175_grab4
11524,-2038,-1988,10680,CD,1,D1_pwm175_grab4
11528,358,-1870,8872,CD,1,D1_pwm175_grab4
11534,-1136,-2318,9278,CD,1,D1_pwm175_grab4
11539,76,-260,10556,CD,1,D1_pwm175_grab4
11558,-1642,1346,13326,CD,1,D1_pwm175_grab4
11564,-2740,-2688,9392,CD,1,D1_pwm175_grab4
11569,448,1790,11014,CD,1,D1_pwm175_grab4
11573,1090,2826,9908,CD,1,D1_pwm175_grab4
11578,-1622,3426,12394,CD,1,D1_pwm175_grab4
11583,2748,238,8016,CD,1,D1_pwm175_grab4
11588,-246,618,10338,CD,1,D1_pwm175_grab4
11593,-2482,1420,13096,CD,1,D1_pwm175_grab4
11599,2038,358,11282,CD,1,D1_pwm175_grab4
11604,1274,-2030,8448,CD,1,D1_pwm175_grab4
11608,5620,1770,10590,CD,1,D1_pwm175_grab4
11614,1226,778,12186,CD,1,D1_pwm175_grab4
11618,-324,-2692,8754,CD,1,D1_pwm175_grab4
11623,-704,846,10048,CD,1,D1_pwm175_grab4
11634,2038,474,10804,CD,1,D1_pwm175_grab4
11638,902,-1940,8606,CD,1,D1_pwm175_grab4
11643,-3160,-5708,8606,CD,1,D1_pwm175_grab4
11648,-1666,-270,10342,CD,1,D1_pwm175_grab4
11653,-656,-1276,10060,CD,1,D1_pwm175_grab4
11659,-626,-1494,10284,CD,1,D1_pwm175_grab4
11668,-2014,-1852,12318,CD,1,D1_pwm175_grab4
11674,-328,-3634,8542,CD,1,D1_pwm175_grab4
11678,-3184,-5726,8708,CD,1,D1_pwm175_grab4
11683,1160,2368,10066,CD,1,D1_pwm175_grab4
11688,598,818,10652,CD,1,D1_pwm175_grab4
11694,-1484,-1892,10498,CD,1,D1_pwm175_grab4
11698,1144,-1506,9190,CD,1,D1_pwm175_grab4
11704,-1446,-2688,9370,CD,1,D1_pwm175_grab4
11709,-18,-496,10384,CD,1,D1_pwm175_grab4
11719,976,2358,9792,CD,1,D1_pwm175_grab4
11723,216,598,10118,CD,1,D1_pwm175_grab4
11735,1984,-1588,8132,CD,1,D1_pwm175_grab4
11739,1802,2594,11570,CD,1,D1_pwm175_grab4
11745,5128,2182,10198,CD,1,D1_pwm175_grab4
11749,1434,736,11776,CD,1,D1_pwm175_grab4
11754,50,-2662,9140,CD,1,D1_pwm175_grab4
11759,-496,872,9764,CD,1,D1_pwm175_grab4
11769,-1852,-1748,12236,CD,1,D1_pwm175_grab4
11774,-296,-3690,8526,CD,1,D1_pwm175_grab4
11780,5580,-3634,9166,CD,1,D1_pwm175_grab4
11785,-1124,-532,10590,CD,1,D1_pwm175_grab4
11790,-492,-1274,10068,CD,1,D1_pwm175_grab4
11795,-614,-1278,10024,CD,1,D1_pwm175_grab4
11805,-1572,-2696,9420,CD,1,D1_pwm175_grab4
11809,-40,-674,10304,CD,1,D1_pwm175_grab4
11819,-2404,574,11022,CD,1,D1_pwm175_grab4
11824,352,1088,10544,CD,1,D1_pwm175_grab4
11829,-1896,-1894,10060,CD,1,D1_pwm175_grab4
11835,1918,-1638,8970,CD,1,D1_pwm175_grab4
11839,-1274,-2602,9800,CD,1,D1_pwm175_grab4
11844,1216,2818,10384,CD,1,D1_pwm175_grab4
11849,-2822,3500,12510,CD,1,D1_pwm175_grab4
11855,2744,458,8476,CD,1,D1_pwm175_grab4
11859,-130,352,10350,CD,1,D1_pwm175_grab4
11865,-4384,552,11420,CD,1,D1_pwm175_grab4
11869,-3046,-2652,9232,CD,1,D1_pwm175_grab4
11875,642,1318,10588,CD,1,D1_pwm175_grab4
11879,1320,2486,10490,CD,1,D1_pwm175_grab4
11884,1038,1262,12144,CD,1,D1_pwm175_grab4
11890,88,-2418,8994,CD,1,D1_pwm175_grab4
11894,-626,870,9974,CD,1,D1_pwm175_grab4
11904,1780,-1830,8290,CD,1,D1_pwm175_grab4
11910,1406,2942,11664,CD,1,D1_pwm175_grab4
11915,5320,2148,11220,CD,1,D1_pwm175_grab4
11920,1682,1226,11730,CD,1,D1_pwm175_grab4
11924,-540,-1496,9830,CD,1,D1_pwm175_grab4
11930,-850,-1048,10318,CD,1,D1_pwm175_grab4
11940,-1566,-1380,12530,CD,1,D1_pwm175_grab4
11944,-154,-3772,8516,CD,1,D1_pwm175_grab4
11949,5598,-3118,9456,CD,1,D1_pwm175_grab4
11955,-570,-448,11020,CD,1,D1_pwm175_grab4
11959,-946,-1540,9514,CD,1,D1_pwm175_grab4
11964,-910,-1854,10288,CD,1,D1_pwm175_grab4
11970,2670,-1376,9128,CD,1,D1_pwm175_grab4
11974,-1470,-2864,10016,CD,1,D1_pwm175_grab4
11980,-64,-1074,10064,CD,1,D1_pwm175_grab4
11990,346,2442,10028,CD,1,D1_pwm175_grab4
11995,294,934,10804,CD,1,D1_pwm175_grab4
12001,-4146,290,11104,CD,1,D1_pwm175_grab4
12005,1658,-1956,8306,CD,1,D1_pwm175_grab4
12010,1508,3014,11650,CD,1,D1_pwm175_grab4
12015,5190,2334,11230,CD,1,D1_pwm175_grab4
12020,1834,1266,11710,CD,1,D1_pwm175_grab4
12025,252,-2338,8932,CD,1,D1_pwm175_grab4
12032,-488,916,9766,CD,1,D1_pwm175_grab4
12035,-4208,1428,13814,CD,1,D1_pwm175_grab4
12041,1204,-2016,8160,CD,1,D1_pwm175_grab4
12046,1118,-962,8986,CD,1,D1_pwm175_grab4
12050,5518,-2986,9412,CD,1,D1_pwm175_grab4
12055,-454,-542,11026,CD,1,D1_pwm175_grab4
12060,-894,-1576,9468,CD,1,D1_pwm175_grab4
12065,-806,-888,10304,CD,1,D1_pwm175_grab4
12076,2720,266,10842,CD,1,D1_pwm175_grab4
12080,1494,-1158,9042,CD,1,D1_pwm175_grab4
12085,-2414,-6022,7748,CD,1,D1_pwm175_grab4
12091,-2676,330,10616,CD,1,D1_pwm175_grab4
12095,-152,754,10406,CD,1,D1_pwm175_grab4
12101,-1260,-1962,10232,CD,1,D1_pwm175_grab4
12106,2558,-1420,8796,CD,1,D1_pwm175_grab4
12110,-1624,-2942,9756,CD,1,D1_pwm175_grab4
12116,-168,-1294,10084,CD,1,D1_pwm175_grab4
12121,-1976,-5916,7758,CD,1,D1_pwm175_grab4
12125,490,2414,9336,CD,1,D1_pwm175_grab4
12131,-72,974,10636,CD,1,D1_pwm175_grab4
12136,-3808,382,11284,CD,1,D1_pwm175_grab4
12140,-3208,-2472,9456,CD,1,D1_pwm175_grab4
12145,354,898,10232,CD,1,D1_pwm175_grab4
12150,1448,2388,10524,CD,1,D1_pwm175_grab4
12156,-3522,3368,12042,CD,1,D1_pwm175_grab4
12161,412,2330,9776,CD,1,D1_pwm175_grab4
12165,618,1152,10770,CD,1,D1_pwm175_grab4
12170,-4960,1394,13354,CD,1,D1_pwm175_grab4
12176,1218,-1982,8540,CD,1,D1_pwm175_grab4
12180,1206,2970,11978,CD,1,D1_pwm175_grab4
12185,5618,2236,11806,CD,1,D1_pwm175_grab4
12191,1542,1484,12052,CD,1,D1_pwm175_grab4
12196,98,-2368,8720,CD,1,D1_pwm175_grab4
12200,-510,894,10026,CD,1,D1_pwm175_grab4
12206,-4444,1460,13734,CD,1,D1_pwm175_grab4
12210,2590,404,10432,CD,1,D1_pwm175_grab4
12216,1022,-1080,9280,CD,1,D1_pwm175_grab4
12220,5710,-3028,9204,CD,1,D1_pwm175_grab4
12225,-676,-306,10898,CD,1,D1_pwm175_grab4
12230,-772,-1738,9738,CD,1,D1_pwm175_grab4
12235,-1024,-360,10706,CD,1,D1_pwm175_grab4
12246,-1660,-1302,12222,CD,1,D1_pwm175_grab4
12251,-58,-1448,9606,CD,1,D1_pwm175_grab4
12261,420,2396,9752,CD,1,D1_pwm175_grab4
12267,638,1264,10900,CD,1,D1_pwm175_grab4
12272,-4088,-200,10882,CD,1,D1_pwm175_grab4
12276,-3242,-2848,9126,CD,1,D1_pwm175_grab4
12281,588,878,10690,CD,1,D1_pwm175_grab4
12286,1696,2596,10604,CD,1,D1_pwm175_grab4
12292,-3664,3270,11844,CD,1,D1_pwm175_grab4
12297,2644,808,8904,CD,1,D1_pwm175_grab4
12302,356,466,10268,CD,1,D1_pwm175_grab4
12306,-4872,1454,13570,CD,1,D1_pwm175_grab4
12311,1264,-2008,8472,CD,1,D1_pwm175_grab4
12316,1732,3048,11662,CD,1,D1_pwm175_grab4
12321,4948,2540,11208,CD,1,D1_pwm175_grab4
12326,1636,1294,11580,CD,1,D1_pwm175_grab4
12332,518,-2452,9074,CD,1,D1_pwm175_grab4
12337,-318,1046,10012,CD,1,D1_pwm175_grab4
12342,5552,1434,10154,CD,1,D1_pwm175_grab4
12346,3052,206,10412,CD,1,D1_pwm175_grab4
12351,1424,-696,9094,CD,1,D1_pwm175_grab4
12357,5032,-2656,8942,CD,1,D1_pwm175_grab4
12361,-314,-442,11148,CD,1,D1_pwm175_grab4
12367,-550,-1704,9774,CD,1,D1_pwm175_grab4
12371,-758,-2242,10482,CD,1,D1_pwm175_grab4
12381,-1200,-980,12114,CD,1,D1_pwm175_grab4
12387,-172,-4120,7968,CD,1,D1_pwm175_grab4
12392,-2086,-5804,7532,CD,1,D1_pwm175_grab4
12397,-2828,372,10752,CD,1,D1_pwm175_grab4
12401,304,914,10492,CD,1,D1_pwm175_grab4
12406,-1204,-2214,10038,CD,1,D1_pwm175_grab4
12412,-3414,-2662,9684,CD,1,D1_pwm175_grab4
12417,-1642,-2932,10140,CD,1,D1_pwm175_grab4
12421,-206,-1510,9898,CD,1,D1_pwm175_grab4
12431,474,2276,9472,CD,1,D1_pwm175_grab4
12436,214,946,10490,CD,1,D1_pwm175_grab4
12442,-4090,-72,10902,CD,1,D1_pwm175_grab4
12446,-3194,-2610,9368,CD,1,D1_pwm175_grab4
12452,1344,2838,11920,CD,1,D1_pwm175_grab4
12457,5648,2414,11656,CD,1,D1_pwm175_grab4
12461,-3356,3306,11952,CD,1,D1_pwm175_grab4
12467,2666,856,8732,CD,1,D1_pwm175_grab4
12471,122,292,10000,CD,1,D1_pwm175_grab4
12481,1512,-1782,8246,CD,1,D1_pwm175_grab4
12486,1508,3218,11472,CD,1,D1_pwm175_grab4
12491,5596,-3292,8994,CD,1,D1_pwm175_grab4
12496,-1022,-376,10866,CD,1,D1_pwm175_grab4
12503,-458,-1602,9782,CD,1,D1_pwm175_grab4
12507,-922,-582,10648,CD,1,D1_pwm175_grab4
12517,-1658,-1224,12410,CD,1,D1_pwm175_grab4
12523,-88,-4034,8332,CD,1,D1_pwm175_grab4
12527,-2214,-5802,8008,CD,1,D1_pwm175_grab4
12532,670,2254,9552,CD,1,D1_pwm175_grab4
12538,426,1050,10620,CD,1,D1_pwm175_grab4
12542,-4310,-186,10698,CD,1,D1_pwm175_grab4
12547,2354,-1936,9036,CD,1,D1_pwm175_grab4
12553,-1688,-2860,9976,CD,1,D1_pwm175_grab4
12557,36,-1104,10048,CD,1,D1_pwm175_grab4
12568,624,2318,9838,CD,1,D1_pwm175_grab4
12572,200,276,9982,CD,1,D1_pwm175_grab4
12577,-3890,1470,13614,CD,1,D1_pwm175_grab4
12582,1864,-1534,8260,CD,1,D1_pwm175_grab4
12587,576,796,10632,CD,1,D1_pwm175_grab4
12593,1388,3100,10566,CD,1,D1_pwm175_grab4
12597,-2778,3180,12698,CD,1,D1_pwm175_grab4
12602,2318,574,8766,CD,1,D1_pwm175_grab4
12608,118,260,10208,CD,1,D1_pwm175_grab4
12617,2796,160,10590,CD,1,D1_pwm175_grab4
12623,1030,-1122,9010,CD,1,D1_pwm175_grab4
12627,6020,-3792,9380,CD,1,D1_pwm175_grab4
12632,1334,784,11830,CD,1,D1_pwm175_grab4
12637,140,-2546,8880,CD,1,D1_pwm175_grab4
12642,-536,1202,10026,CD,1,D1_pwm175_grab4
12652,-1692,-1578,12018,CD,1,D1_pwm175_grab4
12657,-418,-4130,8234,CD,1,D1_pwm175_grab4
12667,-1860,880,10710,CD,2,D1_pwm175_grab4
12673,-386,-1380,10148,CD,2,D1_pwm175_grab4
12677,-952,-728,10626,CD,2,D1_pwm175_grab4
12688,-1662,-1492,12618,CD,2,D1_pwm175_grab4
12692,56,-806,10442,CD,2,D1_pwm175_grab4
12702,1144,2104,9254,CD,2,D1_pwm175_grab4
12708,-52,686,10496,CD,2,D1_pwm175_grab4
12712,-4378,-50,11014,CD,2,D1_pwm175_grab4
12717,766,-2398,8990,CD,2,D1_pwm175_grab4
12723,-1232,-2300,10036,CD,2,D1_pwm175_grab4
12728,210,-450,10226,CD,2,D1_pwm175_grab4
12737,2146,240,8226,CD,2,D1_pwm175_grab4
12743,-90,224,10168,CD,2,D1_pwm175_grab4
12748,-2198,1508,12896,CD,2,D1_pwm175_grab4
12753,2360,-722,8362,CD,2,D1_pwm175_grab4
12759,1648,2742,11554,CD,2,D1_pwm175_grab4
12764,5746,1052,9940,CD,2,D1_pwm175_grab4
12769,1304,458,12000,CD,2,D1_pwm175_grab4
12774,-402,-1048,10212,CD,2,D1_pwm175_grab4
12778,-524,-994,10662,CD,2,D1_pwm175_grab4
12788,-1904,-2052,12340,CD,2,D1_pwm175_grab4
12793,-256,-3998,8286,CD,2,D1_pwm175_grab4
12800,-4376,-4626,9306,CD,2,D1_pwm175_grab4
12803,-2442,174,10104,CD,2,D1_pwm175_grab4
12809,-798,-882,10222,CD,2,D1_pwm175_grab4
12813,-278,-1020,10814,CD,2,D1_pwm175_grab4
12818,-930,-2766,8868,CD,2,D1_pwm175_grab4
12824,-1038,-1956,9954,CD,2,D1_pwm175_grab4
12829,574,448,10786,CD,2,D1_pwm175_grab4
12838,1964,1970,9874,CD,2,D1_pwm175_grab4
12843,-82,1406,10834,CD,2,D1_pwm175_grab4
12848,-1788,-2274,11276,CD,2,D1_pwm175_grab4
12854,-1446,-2586,9296,CD,2,D1_pwm175_grab4
12859,1180,2642,11676,CD,2,D1_pwm175_grab4
12863,2724,3356,10498,CD,2,D1_pwm175_grab4
12868,106,2488,12200,CD,2,D1_pwm175_grab4
12874,1568,-976,8676,CD,2,D1_pwm175_grab4
12878,112,698,10112,CD,2,D1_pwm175_grab4
12883,534,1834,11422,CD,2,D1_pwm175_grab4
12888,-1670,-2460,9510,CD,2,D1_pwm175_grab4
12894,822,2534,11566,CD,2,D1_pwm175_grab4
12899,5106,-112,8932,CD,2,D1_pwm175_grab4
12903,690,122,11936,CD,2,D1_pwm175_grab4
12909,-374,-2622,9334,CD,2,D1_pwm175_grab4
12914,-1186,930,10338,CD,2,D1_pwm175_grab4
12924,948,-30,11954,CD,2,D1_pwm175_grab4
12928,1652,1296,10914,CD,2,D1_pwm175_grab4
12933,5530,-902,9042,CD,2,D1_pwm175_grab4
12938,-3358,300,10246,CD,2,D1_pwm175_grab4
12944,-10,40,10468,CD,2,D1_pwm175_grab4
12948,340,-1998,10810,CD,2,D1_pwm175_grab4
12958,-2010,-2860,11380,CD,2,D1_pwm175_grab4
12963,-392,-2998,8672,CD,2,D1_pwm175_grab4
12974,-3602,272,9854,CD,2,D1_pwm175_grab4
12978,694,1436,10734,CD,2,D1_pwm175_grab4
12983,-3068,-1760,11018,CD,2,D1_pwm175_grab4
12988,-2524,-3148,9142,CD,2,D1_pwm175_grab4
12994,182,-454,10120,CD,2,D1_pwm175_grab4
12999,1262,1938,11072,CD,2,D1_pwm175_grab4
13003,-5298,2890,11560,CD,2,D1_pwm175_grab4
13009,2446,1124,9252,CD,2,D1_pwm175_grab4
13015,336,248,10190,CD,2,D1_pwm175_grab4
13019,3490,1756,10548,CD,2,D1_pwm175_grab4
13024,3088,424,9800,CD,2,D1_pwm175_grab4
13030,1412,350,10252,CD,2,D1_pwm175_grab4
13035,5456,-2302,9006,CD,2,D1_pwm175_grab4
13039,-274,-16,11718,CD,2,D1_pwm175_grab4
13045,-652,-1884,9682,CD,2,D1_pwm175_grab4
13050,-1148,468,10856,CD,2,D1_pwm175_grab4
13059,-880,-716,12166,CD,2,D1_pwm175_grab4
13065,72,-4076,8140,CD,2,D1_pwm175_grab4
13074,-3260,570,10120,CD,2,D1_pwm175_grab4
13079,-120,736,10608,CD,2,D1_pwm175_grab4
13084,-614,-2184,10578,CD,2,D1_pwm175_grab4
13090,3816,-1598,8542,CD,2,D1_pwm175_grab4
13095,-2040,-3156,9918,CD,2,D1_pwm175_grab4
13099,-258,-1834,9470,CD,2,D1_pwm175_grab4
13109,384,1978,9300,CD,2,D1_pwm175_grab4
13115,60,916,10668,CD,2,D1_pwm175_grab4
13120,-3756,-358,10238,CD,2,D1_pwm175_grab4
13124,-3684,-2918,9576,CD,2,D1_pwm175_grab4
13129,272,340,10256,CD,2,D1_pwm175_grab4
13134,1456,3026,11030,CD,2,D1_pwm175_grab4
13140,1506,892,11474,CD,2,D1_pwm175_grab4
13145,2286,342,8806,CD,2,D1_pwm175_grab4
13149,-98,32,10194,CD,2,D1_pwm175_grab4
13155,-3578,1364,13122,CD,2,D1_pwm175_grab4
13159,1364,-1076,8150,CD,2,D1_pwm175_grab4
13165,1546,2886,11710,CD,2,D1_pwm175_grab4
13170,5572,1678,10324,CD,2,D1_pwm175_grab4
13175,948,826,11918,CD,2,D1_pwm175_grab4
13180,-428,-1126,10076,CD,2,D1_pwm175_grab4
13184,-760,1240,10124,CD,2,D1_pwm175_grab4
13194,2494,410,11544,CD,2,D1_pwm175_grab4
13199,1132,-1566,9138,CD,2,D1_pwm175_grab4
13205,5980,-4306,8948,CD,2,D1_pwm175_grab4
13210,-1790,188,10698,CD,2,D1_pwm175_grab4
13214,-554,-1076,9984,CD,2,D1_pwm175_grab4
13220,-2006,-2356,10106,CD,2,D1_pwm175_grab4
13224,1118,-2398,8862,CD,2,D1_pwm175_grab4
13230,-1726,-1848,12314,CD,2,D1_pwm175_grab4
13234,-258,-4206,8108,CD,2,D1_pwm175_grab4
13240,-3566,-4400,9200,CD,2,D1_pwm175_grab4
13245,-1982,1172,10876,CD,2,D1_pwm175_grab4
13250,164,1086,10574,CD,2,D1_pwm175_grab4
13255,-1820,-2216,10288,CD,2,D1_pwm175_grab4
13259,-2716,-2802,9398,CD,2,D1_pwm175_grab4
13264,846,1736,10746,CD,2,D1_pwm175_grab4
13270,1140,3396,10038,CD,2,D1_pwm175_grab4
13275,-756,2236,12222,CD,2,D1_pwm175_grab4
13280,1940,-372,8462,CD,2,D1_pwm175_grab4
13285,-48,504,9894,CD,2,D1_pwm175_grab4
13290,-1266,1498,12458,CD,2,D1_pwm175_grab4
13295,2830,-476,8110,CD,2,D1_pwm175_grab4
13300,858,-2556,8680,CD,2,D1_pwm175_grab4
13306,5204,-4588,8940,CD,2,D1_pwm175_grab4
13310,-2482,494,10088,CD,2,D1_pwm175_grab4
13315,-392,-2404,9112,CD,2,D1_pwm175_grab4
13320,-1130,1198,10294,CD,2,D1_pwm175_grab4
13331,1788,146,11156,CD,2,D1_pwm175_grab4
13335,644,-2680,8550,CD,2,D1_pwm175_grab4
13340,-4670,-3588,10036,CD,2,D1_pwm175_grab4
13345,-1502,1406,10450,CD,2,D1_pwm175_grab4
13350,44,1154,10668,CD,2,D1_pwm175_grab4
13356,82,-1066,10854,CD,2,D1_pwm175_grab4
13365,-2116,-2554,11802,CD,2,D1_pwm175_grab4
13370,-496,-3758,8522,CD,2,D1_pwm175_grab4
13376,-5164,-3114,10042,CD,2,D1_pwm175_grab4
13381,1764,1410,9648,CD,2,D1_pwm175_grab4
13386,-32,302,10498,CD,2,D1_pwm175_grab4
13395,-2138,-2588,9020,CD,2,D1_pwm175_grab4
13400,-854,-1988,9344,CD,2,D1_pwm175_grab4
13405,538,840,10944,CD,2,D1_pwm175_grab4
13415,1864,1456,9316,CD,2,D1_pwm175_grab4
13421,-52,390,10470,CD,2,D1_pwm175_grab4
13426,614,1574,11364,CD,2,D1_pwm175_grab4
13430,2662,-64,8950,CD,2,D1_pwm175_grab4
13435,1748,1704,10984,CD,2,D1_pwm175_grab4
13440,3162,2870,10982,CD,2,D1_pwm175_grab4
13445,174,2008,11926,CD,2,D1_pwm175_grab4
13451,1168,-1090,8196,CD,2,D1_pwm175_grab4
13455,-328,662,10268,CD,2,D1_pwm175_grab4
13460,304,1452,11052,CD,2,D1_pwm175_grab4
13465,942,124,12212,CD,2,D1_pwm175_grab4
13471,774,-3364,8034,CD,2,D1_pwm175_grab4
13480,-2976,724,10270,CD,2,D1_pwm175_grab4
13485,-568,-2258,9332,CD,2,D1_pwm175_grab4
13490,-1246,1036,10596,CD,2,D1_pwm175_grab4
13500,786,50,11768,CD,2,D1_pwm175_grab4
13505,-312,-3398,8384,CD,2,D1_pwm175_grab4
13516,-912,1770,10274,CD,2,D1_pwm175_grab4
13520,578,1170,10776,CD,2,D1_pwm175_grab4
13526,-2318,-2034,10966,CD,2,D1_pwm175_grab4
13531,-1880,-2854,9030,CD,2,D1_pwm175_grab4
13536,-468,-1454,9968,CD,2,D1_pwm175_grab4
13541,860,1382,11032,CD,2,D1_pwm175_grab4
13547,306,1834,11724,CD,2,D1_pwm175_grab4
13552,1174,-1176,8272,CD,2,D1_pwm175_grab4
13556,-414,732,10188,CD,2,D1_pwm175_grab4
13561,472,1330,11032,CD,2,D1_pwm175_grab4
13566,2894,-94,8764,CD,2,D1_pwm175_grab4
13571,1306,2904,11538,CD,2,D1_pwm175_grab4
13577,2978,2918,10394,CD,2,D1_pwm175_grab4
13581,-14,1648,11732,CD,2,D1_pwm175_grab4
13586,-562,-2172,9296,CD,2,D1_pwm175_grab4
13591,-1210,1100,10700,CD,2,D1_pwm175_grab4
13601,854,82,11596,CD,2,D1_pwm175_grab4
13606,494,-3262,8394,CD,2,D1_pwm175_grab4
13616,716,356,11886,CD,2,D1_pwm175_grab4
13621,-108,-2162,9490,CD,2,D1_pwm175_grab4
13626,422,-1444,10912,CD,2,D1_pwm175_grab4
13636,-2168,-2684,11498,CD,2,D1_pwm175_grab4
13641,-428,-3492,8422,CD,2,D1_pwm175_grab4
13651,-1026,1708,9872,CD,2,D1_pwm175_grab4
13656,-108,-58,10550,CD,2,D1_pwm175_grab4
13661,490,-1636,10854,CD,2,D1_pwm175_grab4
13666,-1706,-2570,9546,CD,2,D1_pwm175_grab4
13672,-728,-1804,9166,CD,2,D1_pwm175_grab4
13676,684,1224,11168,CD,2,D1_pwm175_grab4
13686,1790,1136,9242,CD,2,D1_pwm175_grab4
13692,56,306,10468,CD,2,D1_pwm175_grab4
13696,-2190,-2232,11026,CD,2,D1_pwm175_grab4
13702,-1264,-2634,9222,CD,2,D1_pwm175_grab4
13707,710,2330,11394,CD,2,D1_pwm175_grab4
13711,3084,2818,11022,CD,2,D1_pwm175_grab4
13716,-422,1966,11992,CD,2,D1_pwm175_grab4
13721,1330,-1152,8466,CD,2,D1_pwm175_grab4
13727,-406,700,10284,CD,2,D1_pwm175_grab4
13732,184,1412,11224,CD,2,D1_pwm175_grab4
13736,2482,-152,8590,CD,2,D1_pwm175_grab4
13741,1118,2608,11060,CD,2,D1_pwm175_grab4
13752,378,298,12118,CD,2,D1_pwm175_grab4
13757,-178,-2186,9584,CD,2,D1_pwm175_grab4
13762,-1188,1066,10492,CD,2,D1_pwm175_grab4
13771,822,238,12152,CD,2,D1_pwm175_grab4
13777,736,-3252,8266,CD,2,D1_pwm175_grab4
13782,3428,-4548,8466,CD,2,D1_pwm175_grab4
13788,-1012,1610,10172,CD,2,D1_pwm175_grab4
13792,694,1224,10560,CD,2,D1_pwm175_grab4
13797,-2280,-2230,11002,CD,2,D1_pwm175_grab4
13803,-1320,-2800,9204,CD,2,D1_pwm175_grab4
13808,-400,-1620,9950,CD,2,D1_pwm175_grab4
13813,612,1142,11096,CD,2,D1_pwm175_grab4
13824,1906,1172,9198,CD,2,D1_pwm175_grab4
13827,252,360,10210,CD,2,D1_pwm175_grab4
13838,-1434,-2472,9178,CD,2,D1_pwm175_grab4
13842,1204,2610,11086,CD,2,D1_pwm175_grab4
13847,2508,2852,10344,CD,2,D1_pwm175_grab4
13853,-20,1572,11594,CD,2,D1_pwm175_grab4
13857,1506,-1190,8486,CD,2,D1_pwm175_grab4
13863,-302,894,10018,CD,2,D1_pwm175_grab4
13868,56,1340,11254,CD,2,D1_pwm175_grab4
13872,3036,-230,8598,CD,2,D1_pwm175_grab4
13878,1776,1926,10692,CD,2,D1_pwm175_grab4
13883,5048,-856,8822,CD,2,D1_pwm175_grab4
13887,1012,276,12026,CD,2,D1_pwm175_grab4
13892,-288,-2042,9424,CD,2,D1_pwm175_grab4
13897,-1258,1076,10426,CD,2,D1_pwm175_grab4
13908,-2074,-2428,11388,CD,2,D1_pwm175_grab4
13912,582,-3036,8338,CD,2,D1_pwm175_grab4
13918,3640,-4300,8864,CD,2,D1_pwm175_grab4
13922,-2080,962,10468,CD,2,D1_pwm175_grab4
13928,-456,-204,10214,CD,2,D1_pwm175_grab4
13933,322,-1276,10832,CD,2,D1_pwm175_grab4
13942,-2084,-2394,11812,CD,2,D1_pwm175_grab4
13947,-348,-3702,8574,CD,2,D1_pwm175_grab4
13953,-4756,-2430,10538,CD,2,D1_pwm175_grab4
13958,-1070,1566,9998,CD,2,D1_pwm175_grab4
13962,-4,814,10258,CD,2,D1_pwm175_grab4
13967,-1912,-2234,11088,CD,2,D1_pwm175_grab4
13973,-880,-2376,9310,CD,2,D1_pwm175_grab4
13977,-940,-2200,9306,CD,2,D1_pwm175_grab4
13982,380,648,11054,CD,2,D1_pwm175_grab4
13993,1698,-704,8694,CD,2,D1_pwm175_grab4
13998,-46,344,10440,CD,2,D1_pwm175_grab4
14003,-5320,-60,11272,CD,2,D1_pwm175_grab4
14007,-2342,-2632,9606,CD,2,D1_pwm175_grab4
14013,710,1828,10812,CD,2,D1_pwm175_grab4
14017,1354,3018,10174,CD,2,D1_pwm175_grab4
14022,-1276,1428,11794,CD,2,D1_pwm175_grab4
14027,1516,-576,8162,CD,2,D1_pwm175_grab4
14032,-828,1254,10496,CD,2,D1_pwm175_grab4
14044,1860,336,11810,CD,2,D1_pwm175_grab4
14048,1160,-2164,8742,CD,2,D1_pwm175_grab4
14058,-1658,1042,10744,CD,2,D1_pwm175_grab4
14063,-406,-710,10298,CD,2,D1_pwm175_grab4
14068,-732,-608,10714,CD,2,D1_pwm175_grab4
14073,812,-2010,9090,CD,2,D1_pwm175_grab4
14078,-1220,-2688,9542,CD,2,D1_pwm175_grab4
14089,-2728,-2942,9370,CD,2,D1_pwm175_grab4
14094,-1736,1296,10688,CD,2,D1_pwm175_grab4
14099,332,848,10504,CD,2,D1_pwm175_grab4
14103,-1642,-2084,9886,CD,2,D1_pwm175_grab4
14109,1608,-1854,9130,CD,2,D1_pwm175_grab4
14113,496,626,10192,CD,2,D1_pwm175_grab4
14119,1146,2916,10816,CD,2,D1_pwm175_grab4
14129,308,1192,9368,CD,2,D1_pwm175_grab4
14133,522,618,10404,CD,2,D1_pwm175_grab4
14138,-4098,-422,10584,CD,2,D1_pwm175_grab4
14143,-2830,-2972,9340,CD,2,D1_pwm175_grab4
14149,720,272,10320,CD,2,D1_pwm175_grab4
14153,5256,794,11386,CD,2,D1_pwm175_grab4
14158,702,682,11402,CD,2,D1_pwm175_grab4
14164,328,-1816,8798,CD,2,D1_pwm175_grab4
14169,274,364,10272,CD,2,D1_pwm175_grab4
14179,802,-2130,8600,CD,2,D1_pwm175_grab4
14183,1548,3316,11320,CD,2,D1_pwm175_grab4
14189,4502,1334,10972,CD,2,D1_pwm175_grab4
14194,-90,750,11614,CD,2,D1_pwm175_grab4
14199,-774,-1368,9936,CD,2,D1_pwm175_grab4
14204,-992,554,11024,CD,2,D1_pwm175_grab4
14209,3408,1260,9928,CD,2,D1_pwm175_grab4
14213,2928,74,9970,CD,2,D1_pwm175_grab4
14218,1748,606,10014,CD,2,D1_pwm175_grab4
14223,4662,-2444,8352,CD,2,D1_pwm175_grab4
14229,346,662,11872,CD,2,D1_pwm175_grab4
14233,-512,268,10464,CD,2,D1_pwm175_grab4
14238,722,-1730,10992,CD,2,D1_pwm175_grab4
14248,-1924,-2612,10872,CD,2,D1_pwm175_grab4
14254,394,-3720,7858,CD,2,D1_pwm175_grab4
14258,1700,-3610,8380,CD,2,D1_pwm175_grab4
14263,-1840,1222,10594,CD,2,D1_pwm175_grab4
14268,-196,182,10284,CD,2,D1_pwm175_grab4
14273,-2002,-1482,11362,CD,2,D1_pwm175_grab4
14278,-1860,-2468,9912,CD,2,D1_pwm175_grab4
14283,-460,-1906,9116,CD,2,D1_pwm175_grab4
14289,862,1578,11638,CD,2,D1_pwm175_grab4
14300,1662,692,9238,CD,2,D1_pwm175_grab4
14304,-124,248,10350,CD,2,D1_pwm175_grab4
14309,-6428,154,11030,CD,2,D1_pwm175_grab4
14314,2706,-686,8778,CD,2,D1_pwm175_grab4
14319,1916,2178,10786,CD,2,D1_pwm175_grab4
14324,4732,-878,8280,CD,2,D1_pwm175_grab4
14330,1082,604,11910,CD,2,D1_pwm175_grab4
14334,62,-1878,9514,CD,2,D1_pwm175_grab4
14339,-394,810,10298,CD,2,D1_pwm175_grab4
14344,-948,738,11964,CD,2,D1_pwm175_grab4
14350,1966,-1018,8462,CD,2,D1_pwm175_grab4
14354,960,-2306,8512,CD,2,D1_pwm175_grab4
14360,5484,-3854,9258,CD,2,D1_pwm175_grab4
14365,-1232,1146,10968,CD,2,D1_pwm175_grab4
14370,-350,-432,10298,CD,2,D1_pwm175_grab4
14374,-414,-1072,10530,CD,2,D1_pwm175_grab4
14385,1898,320,11824,CD,2,D1_pwm175_grab4
14389,1164,-1834,9026,CD,2,D1_pwm175_grab4
14395,-2874,-2606,9290,CD,2,D1_pwm175_grab4
14400,-1610,1190,10432,CD,2,D1_pwm175_grab4
14404,136,752,10198,CD,2,D1_pwm175_grab4
14409,-1660,-2090,10046,CD,2,D1_pwm175_grab4
14414,1996,-1538,9222,CD,2,D1_pwm175_grab4
14419,-1318,-2834,9762,CD,2,D1_pwm175_grab4
14429,-1694,-2946,8686,CD,2,D1_pwm175_grab4
14435,220,1150,9180,CD,2,D1_pwm175_grab4
14440,58,402,10122,CD,2,D1_pwm175_grab4
14445,-3736,-498,11106,CD,2,D1_pwm175_grab4
14449,-2976,-2702,9560,CD,2,D1_pwm175_grab4
14455,394,-176,9748,CD,2,D1_pwm175_grab4
14460,1504,2526,11244,CD,2,D1_pwm175_grab4
14470,-166,1258,9566,CD,2,D1_pwm175_grab4
14474,522,598,10408,CD,2,D1_pwm175_grab4
14484,128,-2296,8856,CD,2,D1_pwm175_grab4
14489,1086,3056,11306,CD,2,D1_pwm175_grab4
14495,4670,1166,11450,CD,2,D1_pwm175_grab4
14500,24,902,11000,CD,2,D1_pwm175_grab4
14504,780,-1404,8688,CD,2,D1_pwm175_grab4
14509,370,400,10404,CD,2,D1_pwm175_grab4
14519,2534,-92,9292,CD,2,D1_pwm175_grab4
14525,1446,1068,10902,CD,2,D1_pwm175_grab4
14529,5012,-1810,8468,CD,2,D1_pwm175_grab4
14534,576,800,12258,CD,2,D1_pwm175_grab4
14540,-658,-1738,9760,CD,2,D1_pwm175_grab4
14544,-1076,1008,10844,CD,2,D1_pwm175_grab4
14555,678,418,11792,CD,2,D1_pwm175_grab4
14566,-4174,-1938,11148,CD,2,D1_pwm175_grab4
14571,-1244,1132,10068,CD,2,D1_pwm175_grab4
14575,458,778,10398,CD,2,D1_pwm175_grab4
14581,-2024,-1900,10732,CD,2,D1_pwm175_grab4
14585,-636,-2250,9294,CD,2,D1_pwm175_grab4
14592,-744,-2108,9910,CD,2,D1_pwm175_grab4
14605,1078,700,9380,CD,2,D1_pwm175_grab4
14611,316,466,10358,CD,2,D1_pwm175_grab4
14620,-2558,-2718,9426,CD,2,D1_pwm175_grab4
14625,1178,1268,10672,CD,2,D1_pwm175_grab4
14630,1114,3120,10060,CD,2,D1_pwm175_grab4
14640,1992,-358,8490,CD,2,D1_pwm175_grab4
14646,52,672,10328,CD,2,D1_pwm175_grab4
14651,-2752,806,12664,CD,2,D1_pwm175_grab4
14655,2114,-1594,8470,CD,2,D1_pwm175_grab4
14660,1814,3104,11206,CD,2,D1_pwm175_grab4
14666,4658,460,9468,CD,2,D1_pwm175_grab4
14671,998,680,11614,CD,2,D1_pwm175_grab4
14676,458,-1918,9278,CD,2,D1_pwm175_grab4
14680,-572,1394,10408,CD,2,D1_pwm175_grab4
14691,2630,270,10848,CD,2,D1_pwm175_grab4
14695,1288,-716,9332,CD,2,D1_pwm175_grab4
14705,-404,1020,11484,CD,2,D1_pwm175_grab4
14710,-414,-846,10238,CD,2,D1_pwm175_grab4
14715,-728,-232,10778,CD,2,D1_pwm175_grab4
14726,-1210,-176,12066,CD,2,D1_pwm175_grab4
14736,-1198,-3010,8062,CD,2,D1_pwm175_grab4
14741,-1666,1122,10552,CD,2,D1_pwm175_grab4
14745,200,590,10280,CD,2,D1_pwm175_grab4
14751,-452,-2002,10292,CD,2,D1_pwm175_grab4
14755,4474,-872,8742,CD,2,D1_pwm175_grab4
14761,148,-812,9572,CD,2,D1_pwm175_grab4
14765,-208,-2116,9486,CD,2,D1_pwm175_grab4
14775,-240,1294,9350,CD,2,D1_pwm175_grab4
14780,174,420,10036,CD,2,D1_pwm175_grab4
14785,-3222,-1228,11392,CD,2,D1_pwm175_grab4
14796,178,-1072,9474,CD,2,D1_pwm175_grab4
14800,4708,1312,11632,CD,2,D1_pwm175_grab4
14806,-288,1080,11300,CD,2,D1_pwm175_grab4
14812,1116,-1408,9044,CD,2,D1_pwm175_grab4
14816,-462,1298,10458,CD,2,D1_pwm175_grab4
14822,2304,930,10010,CD,2,D1_pwm175_grab4
14826,2250,-312,9468,CD,2,D1_pwm175_grab4
14831,1576,1148,10932,CD,2,D1_pwm175_grab4
14837,5044,-1800,8232,CD,2,D1_pwm175_grab4
14841,-1636,1266,10542,CD,2,D1_pwm175_grab4
14848,68,190,10296,CD,2,D1_pwm175_grab4
14851,-950,974,10596,CD,2,D1_pwm175_grab4
14861,520,188,12318,CD,2,D1_pwm175_grab4
14867,802,-3110,8260,CD,2,D1_pwm175_grab4
14872,3810,-3294,8900,CD,2,D1_pwm175_grab4
14876,-1960,1262,10458,CD,2,D1_pwm175_grab4
14882,232,502,9920,CD,2,D1_pwm175_grab4
14886,-2092,-1600,11090,CD,2,D1_pwm175_grab4
14896,-1848,-1586,12160,CD,2,D1_pwm175_grab4
14906,-3482,-1884,10840,CD,2,D1_pwm175_grab4
14911,-1608,1052,10238,CD,2,D1_pwm175_grab4
14917,356,454,10308,CD,2,D1_pwm175_grab4
14921,-4758,276,11298,CD,2,D1_pwm175_grab4
14926,-2414,-2764,9348,CD,2,D1_pwm175_grab4
14932,866,1162,10474,CD,2,D1_pwm175_grab4
14937,276,-28,10530,CD,2,D1_pwm175_grab4
14946,490,724,9458,CD,2,D1_pwm175_grab4
14952,342,338,10282,CD,2,D1_pwm175_grab4
14956,-4488,130,10696,CD,2,D1_pwm175_grab4
14961,1660,-1996,8460,CD,2,D1_pwm175_grab4
14966,1266,2860,11436,CD,2,D1_pwm175_grab4
14971,5122,182,10812,CD,2,D1_pwm175_grab4
14976,-3814,896,11482,CD,2,D1_pwm175_grab4
14982,2228,-80,8622,CD,2,D1_pwm175_grab4
14986,190,708,10406,CD,2,D1_pwm175_grab4
14991,-4850,632,12772,CD,2,D1_pwm175_grab4
14997,1156,-2318,8474,CD,2,D1_pwm175_grab4
15001,1174,-256,10162,CD,2,D1_pwm175_grab4
15011,16,1130,11758,CD,2,D1_pwm175_grab4
15017,-816,-1124,10098,CD,2,D1_pwm175_grab4
15021,-324,1468,10620,CD,2,D1_pwm175_grab4
15026,4158,994,9778,CD,2,D1_pwm175_grab4
15031,2826,-76,10212,CD,2,D1_pwm175_grab4
15037,1412,376,9962,CD,2,D1_pwm175_grab4
15046,-1810,1268,10384,CD,2,D1_pwm175_grab4
15052,-258,134,10446,CD,2,D1_pwm175_grab4
15056,744,-1792,10976,CD,2,D1_pwm175_grab4
15067,-1890,-2426,10768,CD,2,D1_pwm175_grab4
15072,-374,-2692,8700,CD,2,D1_pwm175_grab4
15082,2036,456,9020,CD,2,D1_pwm175_grab4
15088,270,404,10364,CD,2,D1_pwm175_grab4
15098,-796,-2908,8616,CD,2,D1_pwm175_grab4
15102,1270,2856,11540,CD,2,D1_pwm175_grab4
15107,918,1632,11508,CD,2,D1_pwm175_grab4
15118,1630,520,9106,CD,2,D1_pwm175_grab4
15123,-186,1284,10518,CD,2,D1_pwm175_grab4
15128,548,542,10542,CD,2,D1_pwm175_grab4
15133,2838,-726,8914,CD,2,D1_pwm175_grab4
15138,1764,1628,10732,CD,2,D1_pwm175_grab4
15143,4702,-1328,8034,CD,2,D1_pwm175_grab4
15147,-1290,978,11298,CD,2,D1_pwm175_grab4
15152,1594,-774,8814,CD,2,D1_pwm175_grab4
15157,-398,1154,10488,CD,2,D1_pwm175_grab4
15162,-454,278,11486,CD,2,D1_pwm175_grab4
15167,1482,400,11468,CD,2,D1_pwm175_grab4
15172,930,-2524,8210,CD,2,D1_pwm175_grab4
15178,5224,-3424,9460,CD,2,D1_pwm175_grab4
15182,-1182,1534,10970,CD,2,D1_pwm175_grab4
15187,-148,-202,10402,CD,2,D1_pwm175_grab4
15193,-660,1102,10408,CD,2,D1_pwm175_grab4
15202,1580,342,11872,CD,2,D1_pwm175_grab4
15212,-2974,-2252,9820,CD,2,D1_pwm175_grab4
15218,-1552,986,10220,CD,2,D1_pwm175_grab4
15222,312,398,10070,CD,2,D1_pwm175_grab4
15237,-1662,-750,12538,CD,2,D1_pwm175_grab4
15253,114,760,9226,CD,2,D1_pwm175_grab4
15257,22,138,10002,CD,2,D1_pwm175_grab4
15262,-3908,108,11190,CD,2,D1_pwm175_grab4
15267,-2608,-2672,9534,CD,2,D1_pwm175_grab4
15273,566,296,9984,CD,2,D1_pwm175_grab4
15278,94,-1136,9498,CD,2,D1_pwm175_grab4
15287,2336,126,8524,CD,2,D1_pwm175_grab4
15293,-288,728,10250,CD,2,D1_pwm175_grab4
15302,340,-2800,8594,CD,2,D1_pwm175_grab4
15307,1052,2842,11568,CD,2,D1_pwm175_grab4
15313,4674,794,11216,CD,2,D1_pwm175_grab4
15318,-58,884,11022,CD,2,D1_pwm175_grab4
15323,876,-1148,8800,CD,2,D1_pwm175_grab4
15328,-804,244,10510,CD,2,D1_pwm175_grab4
15339,-200,204,12478,CD,2,D1_pwm175_grab4
15353,-1990,1290,10568,CD,2,D1_pwm175_grab4
15358,-198,-228,10302,CD,2,D1_pwm175_grab4
15363,-916,474,10586,CD,2,D1_pwm175_grab4
15373,-1760,-1938,11682,CD,2,D1_pwm175_grab4
15383,-3902,-1694,11334,CD,2,D1_pwm175_grab4
15389,-1566,898,9930,CD,2,D1_pwm175_grab4
15393,366,212,10204,CD,2,D1_pwm175_grab4
15398,-2194,-1154,10708,CD,2,D1_pwm175_grab4
15409,-778,-1838,9888,CD,2,D1_pwm175_grab4
15413,406,628,10710,CD,2,D1_pwm175_grab4
15424,842,488,9356,CD,2,D1_pwm175_grab4
15428,236,198,10212,CD,2,D1_pwm175_grab4
15443,920,1280,10768,CD,2,D1_pwm175_grab4
15448,1488,2728,10272,CD,2,D1_pwm175_grab4
15453,-3126,792,11458,CD,2,D1_pwm175_grab4
15458,2360,-50,8460,CD,2,D1_pwm175_grab4
15463,90,914,10412,CD,2,D1_pwm175_grab4
15469,-3942,394,12942,CD,2,D1_pwm175_grab4
15474,1508,-2328,8124,CD,2,D1_pwm175_grab4
15478,1570,2948,11550,CD,2,D1_pwm175_grab4
15483,4564,318,10404,CD,2,D1_pwm175_grab4
15488,274,890,11342,CD,2,D1_pwm175_grab4
15494,844,-1424,9150,CD,2,D1_pwm175_grab4
15498,-390,1306,10460,CD,2,D1_pwm175_grab4
15504,4430,600,9480,CD,2,D1_pwm175_grab4
15509,2660,-32,10306,CD,2,D1_pwm175_grab4
15514,1470,-118,9578,CD,2,D1_pwm175_grab4
15524,680,1378,12236,CD,2,D1_pwm175_grab4
15528,-180,-56,10342,CD,2,D1_pwm175_grab4
15533,-734,-36,10536,CD,2,D1_pwm175_grab4
15544,-18,200,11732,CD,2,D1_pwm175_grab4
15549,476,-3470,7982,CD,2,D1_pwm175_grab4
15554,2360,-2998,8974,CD,2,D1_pwm175_grab4
15559,-1632,1290,10568,CD,2,D1_pwm175_grab4
15563,26,-70,10136,CD,2,D1_pwm175_grab4
15569,-2192,-934,11486,CD,2,D1_pwm175_grab4
15574,-1468,-2158,9980,CD,2,D1_pwm175_grab4
15579,-496,-1640,9158,CD,2,D1_pwm175_grab4
15584,678,1288,11438,CD,2,D1_pwm175_grab4
15595,1312,624,9230,CD,2,D1_pwm175_grab4
15600,-174,294,10488,CD,2,D1_pwm175_grab4
15610,2658,-1208,8456,CD,2,D1_pwm175_grab4
15614,1752,2070,11040,CD,2,D1_pwm175_grab4
15619,1518,2386,9904,CD,2,D1_pwm175_grab4
15625,-1948,930,11622,CD,2,D1_pwm175_grab4
15629,2030,-352,8784,CD,2,D1_pwm175_grab4
15635,-358,1110,10450,CD,2,D1_pwm175_grab4
15639,-1750,236,12570,CD,2,D1_pwm175_grab4
15644,1666,-1630,7976,CD,2,D1_pwm175_grab4
15649,976,-1942,8644,CD,2,D1_pwm175_grab4
15654,5538,-3528,9028,CD,2,D1_pwm175_grab4
15659,534,802,12080,CD,2,D1_pwm175_grab4
15665,236,-1426,9400,CD,2,D1_pwm175_grab4
15669,-450,1308,10384,CD,2,D1_pwm175_grab4
15679,1998,160,11282,CD,2,D1_pwm175_grab4
15684,1340,-1186,9304,CD,2,D1_pwm175_grab4
15694,-1626,838,10432,CD,2,D1_pwm175_grab4
15700,280,132,10060,CD,2,D1_pwm175_grab4
15704,-788,-448,10556,CD,2,D1_pwm175_grab4
15715,-1238,-340,12772,CD,2,D1_pwm175_grab4
15724,-734,-2904,8226,CD,2,D1_pwm175_grab4
15729,-1946,906,10536,CD,2,D1_pwm175_grab4
15734,40,154,9980,CD,2,D1_pwm175_grab4
15740,-3220,-410,11690,CD,2,D1_pwm175_grab4
15745,4976,-258,9132,CD,2,D1_pwm175_grab4
15749,-1620,-2322,10712,CD,2,D1_pwm175_grab4
15755,-96,-2078,8966,CD,2,D1_pwm175_grab4
15764,-836,906,9582,CD,2,D1_pwm175_grab4
15769,480,212,10180,CD,2,D1_pwm175_grab4
15780,-694,-2878,8854,CD,2,D1_pwm175_grab4
15785,842,2348,11446,CD,2,D1_pwm175_grab4
15789,726,1444,10996,CD,2,D1_pwm175_grab4
15799,1842,624,9198,CD,2,D1_pwm175_grab4
15805,320,596,10388,CD,2,D1_pwm175_grab4
15814,2434,-862,8482,CD,2,D1_pwm175_grab4
15820,1318,1730,11298,CD,2,D1_pwm175_grab4
15825,5406,-920,8576,CD,2,D1_pwm175_grab4
15831,754,1164,12812,CD,2,D1_pwm175_grab4
15835,-390,-1544,9572,CD,2,D1_pwm175_grab4
15841,-888,952,10448,CD,2,D1_pwm175_grab4
15850,1214,628,11558,CD,2,D1_pwm175_grab4
15860,-3248,-2186,10446,CD,2,D1_pwm175_grab4
15865,-1692,762,10168,CD,2,D1_pwm175_grab4
15872,394,192,10234,CD,2,D1_pwm175_grab4
15875,-632,-1114,10678,CD,2,D1_pwm175_grab4
15886,-1886,-960,12138,CD,2,D1_pwm175_grab4
15901,286,788,9266,CD,2,D1_pwm175_grab4
15905,326,384,10310,CD,2,D1_pwm175_grab4
15911,-4230,-40,10776,CD,2,D1_pwm175_grab4
15916,2318,-1098,9564,CD,2,D1_pwm175_grab4
15921,-1402,-2510,9654,CD,2,D1_pwm175_grab4
15926,-206,-1208,9736,CD,2,D1_pwm175_grab4
15935,2360,206,8692,CD,2,D1_pwm175_grab4
15940,104,766,10384,CD,2,D1_pwm175_grab4
15946,-4896,600,12914,CD,2,D1_pwm175_grab4
15950,1302,-2446,8176,CD,2,D1_pwm175_grab4
15955,1478,3090,11664,CD,2,D1_pwm175_grab4
15960,1664,2340,11340,CD,2,D1_pwm175_grab4
15965,-4474,1328,11500,CD,2,D1_pwm175_grab4
15970,2244,414,9016,CD,2,D1_pwm175_grab4
15976,-238,1350,10462,CD,2,D1_pwm175_grab4
15980,4260,994,9834,CD,2,D1_pwm175_grab4
15985,2780,18,10166,CD,2,D1_pwm175_grab4
15990,1424,270,9736,CD,2,D1_pwm175_grab4
15995,4786,-2592,8156,CD,2,D1_pwm175_grab4
16001,-108,1234,11476,CD,2,D1_pwm175_grab4
16006,798,-1184,9028,CD,2,D1_pwm175_grab4
16010,-260,1404,10474,CD,2,D1_pwm175_grab4
16020,-230,104,11996,CD,2,D1_pwm175_grab4
16026,368,-3554,8112,CD,2,D1_pwm175_grab4
16030,478,-3626,8120,CD,2,D1_pwm175_grab4
16036,-1974,814,10416,CD,2,D1_pwm175_grab4
16040,254,-48,10176,CD,2,D1_pwm175_grab4
16046,-974,546,10470,CD,2,D1_pwm175_grab4
16056,-1762,-2580,10966,CD,2,D1_pwm175_grab4
16060,-314,-2878,8936,CD,2,D1_pwm175_grab4
16071,-720,1124,9478,CD,2,D1_pwm175_grab4
16075,204,358,10012,CD,2,D1_pwm175_grab4
16081,-2382,-1512,11668,CD,2,D1_pwm175_grab4
16086,-1674,-2316,9440,CD,2,D1_pwm175_grab4
16092,-268,-1616,9308,CD,2,D1_pwm175_grab4
16096,3174,2062,10720,CD,2,D1_pwm175_grab4
16102,-808,1516,11584,CD,2,D1_pwm175_grab4
16107,1306,-764,8848,CD,2,D1_pwm175_grab4
16111,-244,1138,10526,CD,2,D1_pwm175_grab4
16117,312,996,11116,CD,2,D1_pwm175_grab4
16122,2270,-734,8698,CD,2,D1_pwm175_grab4
16126,1492,1842,10952,CD,2,D1_pwm175_grab4
16131,1996,2590,10150,CD,2,D1_pwm175_grab4
16137,446,896,12694,CD,2,D1_pwm175_grab4
16141,-386,-1644,9626,CD,2,D1_pwm175_grab4
16147,-852,1046,10204,CD,2,D1_pwm175_grab4
16157,1250,486,12162,CD,2,D1_pwm175_grab4
16162,960,-2336,8700,CD,2,D1_pwm175_grab4
16167,5002,-3724,9102,CD,2,D1_pwm175_grab4
16172,886,1012,12780,CD,2,D1_pwm175_grab4
16176,-330,-788,10270,CD,2,D1_pwm175_grab4
16181,-322,-970,10696,CD,2,D1_pwm175_grab4
16192,-1876,-1094,12236,CD,2,D1_pwm175_grab4
16196,106,-3828,8414,CD,2,D1_pwm175_grab4
16201,-3206,-2712,10124,CD,2,D1_pwm175_grab4
16206,-1714,846,10290,CD,2,D1_pwm175_grab4
16212,232,252,10278,CD,2,D1_pwm175_grab4
16217,-1862,-1692,10078,CD,2,D1_pwm175_grab4
16221,828,-1728,9440,CD,2,D1_pwm175_grab4
16227,-1256,-2230,9964,CD,2,D1_pwm175_grab4
16232,40,-764,9786,CD,2,D1_pwm175_grab4
16241,444,1044,9334,CD,2,D1_pwm175_grab4
16246,244,520,10310,CD,2,D1_pwm175_grab4
16252,-4286,-264,10530,CD,2,D1_pwm175_grab4
16257,2140,-1268,9410,CD,2,D1_pwm175_grab4
16261,764,346,10586,CD,2,D1_pwm175_grab4
16266,1540,2496,10808,CD,2,D1_pwm175_grab4
16272,-3630,1626,11476,CD,2,D1_pwm175_grab4
16276,2378,328,8670,CD,2,D1_pwm175_grab4
16282,130,778,10402,CD,2,D1_pwm175_grab4
16286,-4908,606,12862,CD,2,D1_pwm175_grab4
16292,1180,-2312,8232,CD,2,D1_pwm175_grab4
16297,1092,-176,10166,CD,2,D1_pwm175_grab4
16301,4694,1156,11156,CD,2,D1_pwm175_grab4
16307,336,1328,11410,CD,2,D1_pwm175_grab4
16311,812,-1432,9006,CD,2,D1_pwm175_grab4
16317,-194,1262,10360,CD,2,D1_pwm175_grab4
16322,3792,1076,9772,CD,2,D1_pwm175_grab4
16327,2782,-92,10182,CD,2,D1_pwm175_grab4
16332,1404,626,9794,CD,2,D1_pwm175_grab4
16337,4484,-2262,8168,CD,2,D1_pwm175_grab4
16343,-2122,818,10366,CD,2,D1_pwm175_grab4
16348,-86,-202,10372,CD,2,D1_pwm175_grab4
16352,730,-1536,11256,CD,2,D1_pwm175_grab4
16363,-1992,-2184,10792,CD,2,D1_pwm175_grab4
16377,-1268,1018,9306,CD,2,D1_pwm175_grab4
16384,178,576,10400,CD,2,D1_pwm175_grab4
16387,-1956,-1552,11504,CD,2,D1_pwm175_grab4
16392,-1608,-2428,9638,CD,2,D1_pwm175_grab4
16398,-524,-2018,9118,CD,2,D1_pwm175_grab4
16403,584,944,11036,CD,2,D1_pwm175_grab4
16413,1416,852,9218,CD,2,D1_pwm175_grab4
16418,-252,464,10562,CD,2,D1_pwm175_grab4
16423,-856,766,11680,CD,2,D1_pwm175_grab4
16433,804,1164,11190,CD,2,D1_pwm175_grab4
16437,1228,2794,10038,CD,2,D1_pwm175_grab4
16442,-1950,1414,11870,CD,2,D1_pwm175_grab4
16448,1736,-142,8696,CD,2,D1_pwm175_grab4
16453,-190,916,10600,CD,2,D1_pwm175_grab4
16457,-2090,626,12614,CD,2,D1_pwm175_grab4
16462,2048,298,11190,CD,2,D1_pwm175_grab4
16467,976,-1270,8920,CD,2,D1_pwm175_grab4
16478,502,968,12118,CD,2,D1_pwm175_grab4
16483,128,-1546,9330,CD,2,D1_pwm175_grab4
16487,-370,1222,10264,CD,2,D1_pwm175_grab4
16497,2058,304,11210,CD,2,D1_pwm175_grab4
16512,-588,516,11514,CD,2,D1_pwm175_grab4
16518,-436,-1116,10208,CD,2,D1_pwm175_grab4
16523,-852,-98,10668,CD,2,D1_pwm175_grab4
16533,-1172,-166,12680,CD,2,D1_pwm175_grab4
16548,-252,1312,9196,CD,2,D1_pwm175_grab4
16552,-50,520,10100,CD,2,D1_pwm175_grab4
16558,256,-1630,10746,CD,2,D1_pwm175_grab4
16567,-1834,-2140,10766,CD,2,D1_pwm175_grab4
16573,-74,-2694,8634,CD,2,D1_pwm175_grab4
16582,2200,800,9004,CD,2,D1_pwm175_grab4
16587,-296,556,10328,CD,2,D1_pwm175_grab4
16598,-912,-2802,8926,CD,2,D1_pwm175_grab4
16603,1004,2048,11352,CD,2,D1_pwm175_grab4
16608,2624,2404,10366,CD,2,D1_pwm175_grab4
16614,-484,1588,11414,CD,2,D1_pwm175_grab4
16619,1288,-720,8556,CD,2,D1_pwm175_grab4
16624,-924,840,10164,CD,2,D1_pwm175_grab4
16633,1104,448,12144,CD,2,D1_pwm175_grab4
16640,908,-2360,8746,CD,2,D1_pwm175_grab4
16649,884,888,12684,CD,2,D1_pwm175_grab4
16654,-360,-1730,9352,CD,2,D1_pwm175_grab4
16659,-754,908,10320,CD,2,D1_pwm175_grab4
16669,-1902,-946,12278,CD,2,D1_pwm175_grab4
16674,182,-3908,8296,CD,2,D1_pwm175_grab4
16678,-2904,-2844,9954,CD,2,D1_pwm175_grab4
16683,-920,1002,10986,CD,2,D1_pwm175_grab4
16689,-516,-994,10212,CD,2,D1_pwm175_grab4
16693,-796,-770,10706,CD,2,D1_pwm175_grab4
16704,-1382,-2208,10172,CD,2,D1_pwm175_grab4
16709,170,-1210,9556,CD,2,D1_pwm175_grab4
16718,284,1198,9352,CD,2,D1_pwm175_grab4
16724,236,542,10350,CD,2,D1_pwm175_grab4
16729,-574,-1684,10630,CD,2,D1_pwm175_grab4
16734,3314,-784,9216,CD,2,D1_pwm175_grab4
16738,-1580,-2398,9908,CD,2,D1_pwm175_grab4
16743,1466,2182,11050,CD,2,D1_pwm175_grab4
16749,-4638,1922,11400,CD,2,D1_pwm175_grab4
16753,2376,442,8852,CD,2,D1_pwm175_grab4
16759,148,646,10404,CD,2,D1_pwm175_grab4
16769,-2632,-2964,9766,CD,2,D1_pwm175_grab4
16774,82,-1188,9610,CD,2,D1_pwm175_grab4
16779,1310,1946,11424,CD,2,D1_pwm175_grab4
16784,180,1578,11350,CD,2,D1_pwm175_grab4
16788,1024,-1268,8800,CD,2,D1_pwm175_grab4
16793,-84,1138,10392,CD,2,D1_pwm175_grab4
16799,1612,944,10052,CD,2,D1_pwm175_grab4
16804,2874,-346,9350,CD,2,D1_pwm175_grab4
16809,1472,1600,10282,CD,2,D1_pwm175_grab4
16813,3336,2256,10874,CD,2,D1_pwm175_grab4
16819,-554,1638,11608,CD,2,D1_pwm175_grab4
16823,1204,-788,8870,CD,2,D1_pwm175_grab4
16828,-898,652,10418,CD,2,D1_pwm175_grab4
16838,1136,322,11464,CD,2,D1_pwm175_grab4
16844,612,-2362,8608,CD,2,D1_pwm175_grab4
16848,4896,-3948,9436,CD,2,D1_pwm175_grab4
16854,-1748,816,10614,CD,2,D1_pwm175_grab4
16860,102,-530,10272,CD,2,D1_pwm175_grab4
16864,-1670,-1562,10920,CD,2,D1_pwm175_grab4
16870,-140,-1878,9516,CD,2,D1_pwm175_grab4
16874,-1018,-2454,9306,CD,2,D1_pwm175_grab4
16880,198,-174,10516,CD,2,D1_pwm175_grab4
16890,672,1026,9278,CD,2,D1_pwm175_grab4
16894,-232,490,10500,CD,2,D1_pwm175_grab4
16900,-1776,-1638,10328,CD,2,D1_pwm175_grab4
16904,1384,-1492,9192,CD,2,D1_pwm175_grab4
16909,864,226,10598,CD,2,D1_pwm175_grab4
16915,1406,2798,11008,CD,2,D1_pwm175_grab4
16919,-3302,1742,11878,CD,2,D1_pwm175_grab4
16924,2010,238,8884,CD,2,D1_pwm175_grab4
16929,-16,714,10488,CD,2,D1_pwm175_grab4
16940,-2606,-2816,9546,CD,2,D1_pwm175_grab4
16945,482,-298,10026,CD,2,D1_pwm175_grab4
16949,4852,1350,11492,CD,2,D1_pwm175_grab4
16955,390,1228,11626,CD,2,D1_pwm175_grab4
16959,578,-1412,9126,CD,2,D1_pwm175_grab4
16965,-184,1306,10216,CD,2,D1_pwm175_grab4
16970,3746,830,9664,CD,2,D1_pwm175_grab4
16975,2266,-60,10224,CD,2,D1_pwm175_grab4
16979,1336,752,10290,CD,2,D1_pwm175_grab4
16984,4762,1678,11606,CD,2,D1_pwm175_grab4
16990,96,424,12144,CD,2,D1_pwm175_grab4
16994,-394,-1506,9906,CD,2,D1_pwm175_grab4
16999,-942,468,10424,CD,2,D1_pwm175_grab4
17010,146,234,12302,CD,2,D1_pwm175_grab4
17024,584,694,12792,CD,2,D1_pwm175_grab4
17029,-46,-456,10432,CD,2,D1_pwm175_grab4
17035,424,-1258,10862,CD,2,D1_pwm175_grab4
17044,-2060,-1512,11776,CD,2,D1_pwm175_grab4
17060,-1226,1146,10244,CD,2,D1_pwm175_grab4
17065,426,564,10456,CD,2,D1_pwm175_grab4
17070,-2074,-1612,10302,CD,2,D1_pwm175_grab4
17074,18,-1986,9280,CD,2,D1_pwm175_grab4
17079,-944,-2102,10114,CD,2,D1_pwm175_grab4
17085,266,-294,10016,CD,2,D1_pwm175_grab4
17094,1008,1112,9216,CD,2,D1_pwm175_grab4
17099,200,582,10306,CD,2,D1_pwm175_grab4
17105,-4218,94,10880,CD,2,D1_pwm175_grab4
17110,1494,-1852,8252,CD,2,D1_pwm175_grab4
17115,1218,2746,11648,CD,2,D1_pwm175_grab4
17125,656,988,11892,CD,2,D1_pwm175_grab4
17130,176,-1650,8984,CD,2,D1_pwm175_grab4
17135,-312,1062,10324,CD,2,D1_pwm175_grab4
17145,2216,276,10550,CD,2,D1_pwm175_grab4
17150,562,-3898,8084,CD,2,D1_pwm175_grab4
17160,-14,530,12042,CD,2,D1_pwm175_grab4
17166,-456,-1398,10010,CD,2,D1_pwm175_grab4
17171,-884,166,10594,CD,2,D1_pwm175_grab4
17180,-326,258,12206,CD,2,D1_pwm175_grab4
17185,422,-3324,8456,CD,2,D1_pwm175_grab4
17196,-2568,774,10088,CD,2,D1_pwm175_grab4
17200,-186,-290,10290,CD,2,D1_pwm175_grab4
17205,570,-1260,10966,CD,2,D1_pwm175_grab4
17216,-1912,-1662,11368,CD,2,D1_pwm175_grab4
17226,-4028,-2362,10710,CD,2,D1_pwm175_grab4
17230,1582,946,9252,CD,2,D1_pwm175_grab4
17235,22,462,10318,CD,2,D1_pwm175_grab4
17240,-1694,-1230,10622,CD,2,D1_pwm175_grab4
17245,248,-1758,9588,CD,2,D1_pwm175_grab4
17251,-1084,-2414,9530,CD,2,D1_pwm175_grab4
17255,284,-252,10440,CD,2,D1_pwm175_grab4
17266,646,1120,9476,CD,2,D1_pwm175_grab4
17270,16,658,10356,CD,2,D1_pwm175_grab4
17276,-3354,446,13024,CD,2,D1_pwm175_grab4
17280,-3044,-3276,9106,CD,2,D1_pwm175_grab4
17285,848,60,10500,CD,2,D1_pwm175_grab4
17290,1558,2798,11098,CD,2,D1_pwm175_grab4
17295,-3808,1974,11828,CD,2,D1_pwm175_grab4
17300,2154,330,8942,CD,2,D1_pwm175_grab4
17306,134,700,10342,CD,2,D1_pwm175_grab4
17311,4258,622,9974,CD,2,D1_pwm175_grab4
17316,2580,10,10150,CD,2,D1_pwm175_grab4
17321,1118,502,10100,CD,2,D1_pwm175_grab4
17325,4690,1830,11486,CD,2,D1_pwm175_grab4
17330,382,1358,11504,CD,2,D1_pwm175_grab4
17335,784,-1440,8920,CD,2,D1_pwm175_grab4
17341,-102,1188,10134,CD,2,D1_pwm175_grab4
17345,2488,596,9764,CD,2,D1_pwm175_grab4
17351,-22,86,11592,CD,2,D1_pwm175_grab4
17366,-2124,898,10490,CD,2,D1_pwm175_grab4
17372,-66,-324,10192,CD,2,D1_pwm175_grab4
17377,480,-1368,11026,CD,2,D1_pwm175_grab4
17387,-2002,-1952,11372,CD,2,D1_pwm175_grab4
17391,612,1034,11156,CD,2,D1_pwm175_grab4
17402,1530,1120,9638,CD,2,D1_pwm175_grab4
17406,-14,484,10434,CD,2,D1_pwm175_grab4
17411,-1862,-1548,11242,CD,2,D1_pwm175_grab4
17416,-346,-1840,9540,CD,2,D1_pwm175_grab4
17421,-832,-2404,9266,CD,2,D1_pwm175_grab4
17427,140,70,10670,CD,2,D1_pwm175_grab4
17431,-1984,1782,11960,CD,2,D1_pwm175_grab4
17436,1760,-200,8698,CD,2,D1_pwm175_grab4
17442,94,726,10184,CD,2,D1_pwm175_grab4
17447,-2072,648,12654,CD,2,D1_pwm175_grab4
17451,-2808,-3050,9456,CD,2,D1_pwm175_grab4
17457,750,494,10594,CD,2,D1_pwm175_grab4
17461,1162,3304,10564,CD,2,D1_pwm175_grab4
17467,-2632,2034,12060,CD,2,D1_pwm175_grab4
17471,1770,-42,8558,CD,2,D1_pwm175_grab4
17476,-356,1216,10204,CD,2,D1_pwm175_grab4
17486,2364,176,11228,CD,2,D1_pwm175_grab4
17492,1272,-374,9542,CD,3,D1_pwm175_grab4
17496,5340,1340,11004,CD,3,D1_pwm175_grab4
17501,718,952,12008,CD,3,D1_pwm175_grab4
17506,156,-1904,8948,CD,3,D1_pwm175_grab4
17511,-314,1086,10346,CD,3,D1_pwm175_grab4
17521,-1332,30,12458,CD,3,D1_pwm175_grab4
17536,-548,128,11712,CD,3,D1_pwm175_grab4
17542,-444,-1414,10022,CD,3,D1_pwm175_grab4
17546,-854,218,10734,CD,3,D1_pwm175_grab4
17557,-1772,-2350,10758,CD,3,D1_pwm175_grab4
17562,-202,-2760,8702,CD,3,D1_pwm175_grab4
17572,2,1726,9292,CD,3,D1_pwm175_grab4
17577,352,798,10442,CD,3,D1_pwm175_grab4
17582,468,-1540,10996,CD,3,D1_pwm175_grab4
17591,-1916,-2262,10538,CD,3,D1_pwm175_grab4
17596,1040,1874,11100,CD,3,D1_pwm175_grab4
17606,2206,926,8962,CD,3,D1_pwm175_grab4
17612,98,384,10418,CD,3,D1_pwm175_grab4
17623,-174,-2850,8750,CD,3,D1_pwm175_grab4
17627,1334,2472,11202,CD,3,D1_pwm175_grab4
17632,2948,2592,10660,CD,3,D1_pwm175_grab4
17637,364,368,12586,CD,3,D1_pwm175_grab4
17642,-404,-1886,9660,CD,3,D1_pwm175_grab4
17647,-974,656,10408,CD,3,D1_pwm175_grab4
17658,508,626,12114,CD,3,D1_pwm175_grab4
17662,764,-2688,8824,CD,3,D1_pwm175_grab4
17672,904,542,12334,CD,3,D1_pwm175_grab4
17678,-364,-638,10264,CD,3,D1_pwm175_grab4
17682,-80,-936,10716,CD,3,D1_pwm175_grab4
17693,-2006,-1158,11978,CD,3,D1_pwm175_grab4
17698,8,-4072,8292,CD,3,D1_pwm175_grab4
17702,-3612,-3096,10110,CD,3,D1_pwm175_grab4
17707,-1490,534,10888,CD,3,D1_pwm175_grab4
17712,-238,-898,10124,CD,3,D1_pwm175_grab4
17717,-1682,-1396,10548,CD,3,D1_pwm175_grab4
17723,854,-1876,9346,CD,3,D1_pwm175_grab4
17728,-1290,-2614,9758,CD,3,D1_pwm175_grab4
17733,102,-866,10094,CD,3,D1_pwm175_grab4
17742,554,1534,9606,CD,3,D1_pwm175_grab4
17747,40,562,10406,CD,3,D1_pwm175_grab4
17752,-1502,-1644,10460,CD,3,D1_pwm175_grab4
17757,-3108,-3138,9204,CD,3,D1_pwm175_grab4
17763,928,-460,10330,CD,3,D1_pwm175_grab4
17767,1618,2886,11152,CD,3,D1_pwm175_grab4
17773,-3848,2360,11956,CD,3,D1_pwm175_grab4
17778,2144,540,9112,CD,3,D1_pwm175_grab4
17783,232,420,10158,CD,3,D1_pwm175_grab4
17792,-2828,-2860,9590,CD,3,D1_pwm175_grab4
17797,1368,2886,11466,CD,3,D1_pwm175_grab4
17803,4674,2088,11584,CD,3,D1_pwm175_grab4
17808,634,1416,11590,CD,3,D1_pwm175_grab4
17812,730,-1598,8772,CD,3,D1_pwm175_grab4
17818,-74,1084,10170,CD,3,D1_pwm175_grab4
17823,2524,894,9948,CD,3,D1_pwm175_grab4
17828,2508,-410,9894,CD,3,D1_pwm175_grab4
17832,1410,1672,10604,CD,3,D1_pwm175_grab4
17837,4686,-1768,8302,CD,3,D1_pwm175_grab4
17842,334,304,12096,CD,3,D1_pwm175_grab4
17848,-358,-1990,9758,CD,3,D1_pwm175_grab4
17852,-1058,632,10286,CD,3,D1_pwm175_grab4
17862,820,590,11862,CD,3,D1_pwm175_grab4
17867,828,-2602,8458,CD,3,D1_pwm175_grab4
17878,-1136,1394,9966,CD,3,D1_pwm175_grab4
17883,-112,760,10420,CD,3,D1_pwm175_grab4
17888,-1694,-1564,11354,CD,3,D1_pwm175_grab4
17894,-250,-1892,9340,CD,3,D1_pwm175_grab4
17899,-862,-2732,9382,CD,3,D1_pwm175_grab4
17903,120,-140,10506,CD,3,D1_pwm175_grab4
17913,858,1436,9034,CD,3,D1_pwm175_grab4
17918,164,566,10134,CD,3,D1_pwm175_grab4
17929,-2968,-2970,9632,CD,3,D1_pwm175_grab4
17933,764,-90,10224,CD,3,D1_pwm175_grab4
17938,1308,3240,10842,CD,3,D1_pwm175_grab4
17943,-3090,2146,12054,CD,3,D1_pwm175_grab4
17949,1912,220,8698,CD,3,D1_pwm175_grab4
17954,-60,348,10324,CD,3,D1_pwm175_grab4
17958,4928,890,9804,CD,3,D1_pwm175_grab4
17964,636,-2202,8384,CD,3,D1_pwm175_grab4
17968,1318,2908,11688,CD,3,D1_pwm175_grab4
17979,522,1308,11850,CD,3,D1_pwm175_grab4
17983,668,-1600,8890,CD,3,D1_pwm175_grab4
17989,-264,938,10290,CD,3,D1_pwm175_grab4
17994,2738,654,9938,CD,3,D1_pwm175_grab4
17998,-278,552,12092,CD,3,D1_pwm175_grab4
18003,576,-3494,8004,CD,3,D1_pwm175_grab4
18013,142,196,12310,CD,3,D1_pwm175_grab4
18019,-268,-1828,9756,CD,3,D1_pwm175_grab4
18023,-1012,622,10440,CD,3,D1_pwm175_grab4
18033,576,644,12160,CD,3,D1_pwm175_grab4
18039,-16,-4006,8184,CD,3,D1_pwm175_grab4
18043,-4226,-2516,10388,CD,3,D1_pwm175_grab4
18049,-2044,428,10148,CD,3,D1_pwm175_grab4
18054,-320,-732,10282,CD,3,D1_pwm175_grab4
18058,-328,-976,10508,CD,3,D1_pwm175_grab4
18069,-1966,-698,12384,CD,3,D1_pwm175_grab4
18073,284,-4212,8128,CD,3,D1_pwm175_grab4
18078,-2496,-3192,9476,CD,3,D1_pwm175_grab4
18083,622,1380,9042,CD,3,D1_pwm175_grab4
18088,-22,462,10350,CD,3,D1_pwm175_grab4
18093,-1188,-1396,10178,CD,3,D1_pwm175_grab4
18099,2852,-1178,9346,CD,3,D1_pwm175_grab4
18104,-1472,-2476,10312,CD,3,D1_pwm175_grab4
18109,86,-1820,9230,CD,3,D1_pwm175_grab4
18118,-124,1624,9780,CD,3,D1_pwm175_grab4
18124,124,380,10272,CD,3,D1_pwm175_grab4
18134,82,-2710,8602,CD,3,D1_pwm175_grab4
18139,1212,2674,11256,CD,3,D1_pwm175_grab4
18149,182,1696,11618,CD,3,D1_pwm175_grab4
18155,1252,-1036,8628,CD,3,D1_pwm175_grab4
18159,-242,816,10262,CD,3,D1_pwm175_grab4
18170,552,724,12198,CD,3,D1_pwm175_grab4
18174,788,-2686,8888,CD,3,D1_pwm175_grab4
18184,790,402,12382,CD,3,D1_pwm175_grab4
18190,-132,-2176,9322,CD,3,D1_pwm175_grab4
18194,-828,812,10476,CD,3,D1_pwm175_grab4
18205,-2028,-434,12434,CD,3,D1_pwm175_grab4
18210,284,-4370,7958,CD,3,D1_pwm175_grab4
18215,-2444,-3278,9306,CD,3,D1_pwm175_grab4
18219,-714,470,11224,CD,3,D1_pwm175_grab4
18224,-526,-1098,9966,CD,3,D1_pwm175_grab4
18230,-842,-692,10714,CD,3,D1_pwm175_grab4
18240,-1458,112,12270,CD,3,D1_pwm175_grab4
18244,28,-1944,9078,CD,3,D1_pwm175_grab4
18255,-94,1616,9738,CD,3,D1_pwm175_grab4
18260,318,834,10506,CD,3,D1_pwm175_grab4
18265,528,-1726,11020,CD,3,D1_pwm175_grab4
18275,-1860,-2022,10692,CD,3,D1_pwm175_grab4
18280,-82,-3324,8396,CD,3,D1_pwm175_grab4
18289,2060,1108,9244,CD,3,D1_pwm175_grab4
18294,412,478,10276,CD,3,D1_pwm175_grab4
18305,-1020,-2270,9530,CD,3,D1_pwm175_grab4
18309,-520,-2864,9420,CD,3,D1_pwm175_grab4
18315,420,468,10868,CD,3,D1_pwm175_grab4
18324,1870,-398,8416,CD,3,D1_pwm175_grab4
18330,64,500,10126,CD,3,D1_pwm175_grab4
18335,-2614,340,12396,CD,3,D1_pwm175_grab4
18339,2050,-2036,8102,CD,3,D1_pwm175_grab4
18344,1220,3332,11180,CD,3,D1_pwm175_grab4
18349,1620,3072,11134,CD,3,D1_pwm175_grab4
18355,-3470,2104,12160,CD,3,D1_pwm175_grab4
18360,2300,452,9090,CD,3,D1_pwm175_grab4
18365,-358,926,10320,CD,3,D1_pwm175_grab4
18369,3614,520,9796,CD,3,D1_pwm175_grab4
18374,2522,-188,9926,CD,3,D1_pwm175_grab4
18380,1176,1276,10566,CD,3,D1_pwm175_grab4
18385,4910,-2406,8698,CD,3,D1_pwm175_grab4
18391,244,236,11914,CD,3,D1_pwm175_grab4
18395,-108,-1720,9776,CD,3,D1_pwm175_grab4
18400,-1010,434,10502,CD,3,D1_pwm175_grab4
18411,-1914,-1198,11550,CD,3,D1_pwm175_grab4
18420,-3604,-2298,10310,CD,3,D1_pwm175_grab4
18426,-1766,990,10180,CD,3,D1_pwm175_grab4
18430,-112,794,10612,CD,3,D1_pwm175_grab4
18435,-472,-878,10390,CD,3,D1_pwm175_grab4
18451,192,-1158,9676,CD,3,D1_pwm175_grab4
18455,-6752,70,11362,CD,3,D1_pwm175_grab4
18461,-264,1454,9734,CD,3,D1_pwm175_grab4
18465,188,714,10558,CD,3,D1_pwm175_grab4
18470,-2934,-170,11246,CD,3,D1_pwm175_grab4
18475,5304,28,8954,CD,3,D1_pwm175_grab4
18481,-1720,-2336,10578,CD,3,D1_pwm175_grab4
18486,988,1962,11360,CD,3,D1_pwm175_grab4
18490,-6238,1802,11472,CD,3,D1_pwm175_grab4
18495,1990,1114,9516,CD,3,D1_pwm175_grab4
18501,476,456,10286,CD,3,D1_pwm175_grab4
18506,-6284,92,11122,CD,3,D1_pwm175_grab4
18515,1252,1334,10918,CD,3,D1_pwm175_grab4
18520,260,338,10554,CD,3,D1_pwm175_grab4
18525,-2170,1690,11882,CD,3,D1_pwm175_grab4
18531,1966,-88,8652,CD,3,D1_pwm175_grab4
18535,186,552,10144,CD,3,D1_pwm175_grab4
18541,-3892,26,12548,CD,3,D1_pwm175_grab4
18546,896,-2570,8066,CD,3,D1_pwm175_grab4
18550,1266,3364,11454,CD,3,D1_pwm175_grab4
18555,4214,1174,10856,CD,3,D1_pwm175_grab4
18560,-4510,2036,11864,CD,3,D1_pwm175_grab4
18566,2314,594,9108,CD,3,D1_pwm175_grab4
18571,-312,884,10182,CD,3,D1_pwm175_grab4
18576,1340,178,9670,CD,3,D1_pwm175_grab4
18580,2276,-668,9292,CD,3,D1_pwm175_grab4
18586,1386,2174,10774,CD,3,D1_pwm175_grab4
18591,4650,-1326,8308,CD,3,D1_pwm175_grab4
18596,708,464,11946,CD,3,D1_pwm175_grab4
18600,-54,-1864,9730,CD,3,D1_pwm175_grab4
18605,-70,574,10204,CD,3,D1_pwm175_grab4
18616,1820,710,11000,CD,3,D1_pwm175_grab4
18620,1008,-1106,9348,CD,3,D1_pwm175_grab4
18631,-342,388,11264,CD,3,D1_pwm175_grab4
18636,-210,-1174,10012,CD,3,D1_pwm175_grab4
18641,-630,-422,10528,CD,3,D1_pwm175_grab4
18651,-1504,-2424,10620,CD,3,D1_pwm175_grab4
18656,-138,-2656,8620,CD,3,D1_pwm175_grab4
18662,-4992,-1576,11246,CD,3,D1_pwm175_grab4
18667,-1308,1220,9948,CD,3,D1_pwm175_grab4
18671,58,766,10654,CD,3,D1_pwm175_grab4
18677,-1882,-428,11176,CD,3,D1_pwm175_grab4
18681,-286,-1818,9574,CD,3,D1_pwm175_grab4
18686,1222,1292,10714,CD,3,D1_pwm175_grab4
18691,322,332,10638,CD,3,D1_pwm175_grab4
18701,400,1264,9758,CD,3,D1_pwm175_grab4
18706,236,476,10346,CD,3,D1_pwm175_grab4
18712,-3616,518,11232,CD,3,D1_pwm175_grab4
18716,-2812,-3172,9456,CD,3,D1_pwm175_grab4
18721,678,-744,9816,CD,3,D1_pwm175_grab4
18727,1368,2586,11202,CD,3,D1_pwm175_grab4
18736,2290,826,9354,CD,3,D1_pwm175_grab4
18741,496,550,10376,CD,3,D1_pwm175_grab4
18751,-1780,-3456,8440,CD,3,D1_pwm175_grab4
18756,1110,2180,11252,CD,3,D1_pwm175_grab4
18762,1438,2928,9610,CD,3,D1_pwm175_grab4
18766,-1670,1326,11746,CD,3,D1_pwm175_grab4
18772,200,-1896,9470,CD,3,D1_pwm175_grab4
18776,66,648,10128,CD,3,D1_pwm175_grab4
18781,-3088,-252,12346,CD,3,D1_pwm175_grab4
18786,1072,-2528,8022,CD,3,D1_pwm175_grab4
18791,1258,3474,11642,CD,3,D1_pwm175_grab4
18796,4226,622,10544,CD,3,D1_pwm175_grab4
18801,268,824,11276,CD,3,D1_pwm175_grab4
18807,1008,-1722,9112,CD,3,D1_pwm175_grab4
18811,-746,-286,10666,CD,3,D1_pwm175_grab4
18817,1622,-46,9506,CD,3,D1_pwm175_grab4
18821,2002,-638,9336,CD,3,D1_pwm175_grab4
18827,1502,1908,10924,CD,3,D1_pwm175_grab4
18831,4488,-1550,8336,CD,3,D1_pwm175_grab4
18836,770,450,11742,CD,3,D1_pwm175_grab4
18841,-16,-1886,9752,CD,3,D1_pwm175_grab4
18847,-796,260,10284,CD,3,D1_pwm175_grab4
18856,-1820,-222,12248,CD,3,D1_pwm175_grab4
18862,1068,-1008,9430,CD,3,D1_pwm175_grab4
18867,4496,-3502,8758,CD,3,D1_pwm175_grab4
18871,-88,382,11254,CD,3,D1_pwm175_grab4
18877,-326,-1216,10054,CD,3,D1_pwm175_grab4
18882,-562,-550,10440,CD,3,D1_pwm175_grab4
18891,-1474,-2276,10940,CD,3,D1_pwm175_grab4
18896,-76,-2976,8500,CD,3,D1_pwm175_grab4
18903,-4374,-1742,11116,CD,3,D1_pwm175_grab4
18908,-1632,1058,10068,CD,3,D1_pwm175_grab4
18913,78,782,10664,CD,3,D1_pwm175_grab4
18917,-1630,-372,10908,CD,3,D1_pwm175_grab4
18923,852,-1322,9760,CD,3,D1_pwm175_grab4
18927,-774,-3150,9528,CD,3,D1_pwm175_grab4
18933,1426,2884,10682,CD,3,D1_pwm175_grab4
18938,-3304,1692,11606,CD,3,D1_pwm175_grab4
18944,2650,270,8478,CD,3,D1_pwm175_grab4
18947,304,508,10396,CD,3,D1_pwm175_grab4
18953,-2936,164,11600,CD,3,D1_pwm175_grab4
18957,-2066,-2832,9658,CD,3,D1_pwm175_grab4
18962,232,-1838,9316,CD,3,D1_pwm175_grab4
18968,828,1920,11196,CD,3,D1_pwm175_grab4
18972,-632,1208,11582,CD,3,D1_pwm175_grab4
18978,1900,-684,8626,CD,3,D1_pwm175_grab4
18982,-218,640,10122,CD,3,D1_pwm175_grab4
18993,-2636,-3490,8888,CD,3,D1_pwm175_grab4
18998,1090,752,10552,CD,3,D1_pwm175_grab4
19003,1610,2966,10684,CD,3,D1_pwm175_grab4
19008,-3720,1646,11664,CD,3,D1_pwm175_grab4
19012,946,-1720,9114,CD,3,D1_pwm175_grab4
19017,-478,804,10524,CD,3,D1_pwm175_grab4
19023,2490,-48,9414,CD,3,D1_pwm175_grab4
19027,1952,-178,9400,CD,3,D1_pwm175_grab4
19033,1142,3078,11612,CD,3,D1_pwm175_grab4
19037,1554,2132,9310,CD,3,D1_pwm175_grab4
19042,-1038,1022,11402,CD,3,D1_pwm175_grab4
19048,1890,-730,8760,CD,3,D1_pwm175_grab4
19053,-766,150,10494,CD,3,D1_pwm175_grab4
19062,1394,1130,10920,CD,3,D1_pwm175_grab4
19067,924,-1340,9800,CD,3,D1_pwm175_grab4
19072,4200,-76,10302,CD,3,D1_pwm175_grab4
19078,248,840,11382,CD,3,D1_pwm175_grab4
19083,1040,-1538,9248,CD,3,D1_pwm175_grab4
19088,-412,798,10374,CD,3,D1_pwm175_grab4
19097,-196,1110,12016,CD,3,D1_pwm175_grab4
19112,-1470,920,10132,CD,3,D1_pwm175_grab4
19118,238,-1744,9606,CD,3,D1_pwm175_grab4
19123,-708,330,10404,CD,3,D1_pwm175_grab4
19132,1894,802,10514,CD,3,D1_pwm175_grab4
19148,-1996,800,10028,CD,3,D1_pwm175_grab4
19152,-366,278,10446,CD,3,D1_pwm175_grab4
19159,1098,-794,10874,CD,3,D1_pwm175_grab4
19168,-1510,-1640,11814,CD,3,D1_pwm175_grab4
19174,286,1060,10878,CD,3,D1_pwm175_grab4
19183,720,922,9218,CD,3,D1_pwm175_grab4
19189,314,346,10312,CD,3,D1_pwm175_grab4
19194,-3260,594,12172,CD,3,D1_pwm175_grab4
19208,-12,-1774,9064,CD,3,D1_pwm175_grab4
19218,2272,880,8838,CD,3,D1_pwm175_grab4
19223,262,398,10172,CD,3,D1_pwm175_grab4
19239,598,1360,10684,CD,3,D1_pwm175_grab4
19243,256,236,10250,CD,3,D1_pwm175_grab4
19253,94,1050,9716,CD,3,D1_pwm175_grab4
19259,134,502,10288,CD,3,D1_pwm175_grab4
19273,530,2746,11768,CD,3,D1_pwm175_grab4
19278,1840,1920,9866,CD,3,D1_pwm175_grab4
19284,-1308,1012,11658,CD,3,D1_pwm175_grab4
19288,1436,836,9244,CD,3,D1_pwm175_grab4
19294,346,352,10180,CD,3,D1_pwm175_grab4
19299,-2882,-380,11682,CD,3,D1_pwm175_grab4
19303,430,-2486,8246,CD,3,D1_pwm175_grab4
19309,968,3112,12080,CD,3,D1_pwm175_grab4
19313,4342,124,10924,CD,3,D1_pwm175_grab4
19319,-664,842,11632,CD,3,D1_pwm175_grab4
19324,1324,-1366,9214,CD,3,D1_pwm175_grab4
19329,302,474,10200,CD,3,D1_pwm175_grab4
19338,1126,-886,8796,CD,3,D1_pwm175_grab4
19343,1322,2140,11782,CD,3,D1_pwm175_grab4
19354,180,402,11992,CD,3,D1_pwm175_grab4
19359,498,-1618,9608,CD,3,D1_pwm175_grab4
19363,-464,694,10504,CD,3,D1_pwm175_grab4
19369,4048,74,9026,CD,3,D1_pwm175_grab4
19374,-158,-3236,8604,CD,3,D1_pwm175_grab4
19379,1374,524,10894,CD,3,D1_pwm175_grab4
19383,4518,-2128,7972,CD,3,D1_pwm175_grab4
19388,346,468,11852,CD,3,D1_pwm175_grab4
19393,-124,-1654,10010,CD,3,D1_pwm175_grab4
19398,-568,28,10298,CD,3,D1_pwm175_grab4
19409,1106,1040,11278,CD,3,D1_pwm175_grab4
19415,1276,-1602,9392,CD,3,D1_pwm175_grab4
19420,-638,-2170,8646,CD,3,D1_pwm175_grab4
19425,-996,1136,10284,CD,3,D1_pwm175_grab4
19430,-378,148,10000,CD,3,D1_pwm175_grab4
19434,890,-1046,10788,CD,3,D1_pwm175_grab4
19445,-1366,-2312,11104,CD,3,D1_pwm175_grab4
19450,-190,-3278,8550,CD,3,D1_pwm175_grab4
19456,-2918,-1468,10288,CD,3,D1_pwm175_grab4
19460,-1498,1162,9896,CD,3,D1_pwm175_grab4
19465,-162,414,10288,CD,3,D1_pwm175_grab4
19469,-96,-708,10998,CD,3,D1_pwm175_grab4
19480,-1016,-3208,9728,CD,3,D1_pwm175_grab4
19485,-108,-1770,8966,CD,3,D1_pwm175_grab4
19494,-1202,1030,9592,CD,3,D1_pwm175_grab4
19499,54,356,10374,CD,3,D1_pwm175_grab4
19504,-1726,-226,11332,CD,3,D1_pwm175_grab4
19509,618,-1168,9734,CD,3,D1_pwm175_grab4
19515,-518,-3054,8834,CD,3,D1_pwm175_grab4
19519,276,402,10218,CD,3,D1_pwm175_grab4
19530,-586,868,9564,CD,3,D1_pwm175_grab4
19534,216,178,10172,CD,3,D1_pwm175_grab4
19544,-1524,-2402,9950,CD,3,D1_pwm175_grab4
19549,60,-1768,9100,CD,3,D1_pwm175_grab4
19554,682,2006,11254,CD,3,D1_pwm175_grab4
19564,816,750,9684,CD,3,D1_pwm175_grab4
19570,298,218,10110,CD,3,D1_pwm175_grab4
19575,-3960,710,11250,CD,3,D1_pwm175_grab4
19579,784,-2874,8206,CD,3,D1_pwm175_grab4
19584,626,118,9930,CD,3,D1_pwm175_grab4
19589,1326,2722,11074,CD,3,D1_pwm175_grab4
19599,2126,668,9502,CD,3,D1_pwm175_grab4
19605,460,640,10308,CD,3,D1_pwm175_grab4
19620,1264,2552,11920,CD,3,D1_pwm175_grab4
19630,-3440,910,11530,CD,3,D1_pwm175_grab4
19634,2582,26,8860,CD,3,D1_pwm175_grab4
19640,288,842,10222,CD,3,D1_pwm175_grab4
19665,686,570,12186,CD,3,D1_pwm175_grab4
19670,-288,-1652,9666,CD,3,D1_pwm175_grab4
19675,-600,28,10572,CD,3,D1_pwm175_grab4
19686,1118,1298,10870,CD,3,D1_pwm175_grab4
19691,1108,-1546,9642,CD,3,D1_pwm175_grab4
19696,4250,-2922,8622,CD,3,D1_pwm175_grab4
19700,-1626,1106,10296,CD,3,D1_pwm175_grab4
19706,-40,230,10190,CD,3,D1_pwm175_grab4
19710,966,-1078,10532,CD,3,D1_pwm175_grab4
19720,130,1332,11804,CD,3,D1_pwm175_grab4
19725,852,-3222,8484,CD,3,D1_pwm175_grab4
19736,-778,878,10540,CD,3,D1_pwm175_grab4
19741,302,534,10208,CD,3,D1_pwm175_grab4
19746,110,-750,10512,CD,3,D1_pwm175_grab4
19756,-744,772,12624,CD,3,D1_pwm175_grab4
19770,-1636,1038,10138,CD,3,D1_pwm175_grab4
19776,-512,-352,10366,CD,3,D1_pwm175_grab4
19780,60,-1304,10202,CD,3,D1_pwm175_grab4
19785,2850,-530,9686,CD,3,D1_pwm175_grab4
19791,-510,-3476,9050,CD,3,D1_pwm175_grab4
19796,-2,-786,9894,CD,3,D1_pwm175_grab4
19800,896,-2412,8720,CD,3,D1_pwm175_grab4
19805,-1760,1174,10354,CD,3,D1_pwm175_grab4
19811,-204,110,10212,CD,3,D1_pwm175_grab4
19815,886,-1022,10452,CD,3,D1_pwm175_grab4
19825,-158,-2814,8604,CD,3,D1_pwm175_grab4
19830,176,550,10450,CD,3,D1_pwm175_grab4
19841,-1540,1010,10360,CD,3,D1_pwm175_grab4
19845,212,472,10212,CD,3,D1_pwm175_grab4
19850,756,-1034,10500,CD,3,D1_pwm175_grab4
19860,-996,-2632,11022,CD,3,D1_pwm175_grab4
19866,428,1758,10988,CD,3,D1_pwm175_grab4
19881,152,344,10282,CD,3,D1_pwm175_grab4
19886,-596,-472,10510,CD,3,D1_pwm175_grab4
19890,4576,88,9754,CD,3,D1_pwm175_grab4
19901,-194,-1730,9268,CD,3,D1_pwm175_grab4
19910,1818,466,9332,CD,3,D1_pwm175_grab4
19915,204,412,10386,CD,3,D1_pwm175_grab4
19920,-4418,550,10754,CD,3,D1_pwm175_grab4
19931,370,610,10178,CD,3,D1_pwm175_grab4
19936,1662,2746,11000,CD,3,D1_pwm175_grab4
19947,1374,-1238,9144,CD,3,D1_pwm175_grab4
19952,-440,990,10464,CD,3,D1_pwm175_grab4
19956,-294,-544,10262,CD,3,D1_pwm175_grab4
19961,1340,-1144,8864,CD,3,D1_pwm175_grab4
19966,1318,2704,11638,CD,3,D1_pwm175_grab4
19972,2180,2672,10600,CD,3,D1_pwm175_grab4
19976,-3752,990,11960,CD,3,D1_pwm175_grab4
19981,2626,120,9102,CD,3,D1_pwm175_grab4
19986,-404,828,10558,CD,3,D1_pwm175_grab4
19992,1732,-396,9178,CD,3,D1_pwm175_grab4
19996,1378,34,9496,CD,3,D1_pwm175_grab4
20001,1238,1640,11298,CD,3,D1_pwm175_grab4
20012,-2436,626,11512,CD,3,D1_pwm175_grab4
20017,2496,-356,8772,CD,3,D1_pwm175_grab4
20021,66,966,10380,CD,3,D1_pwm175_grab4
20026,4132,48,8796,CD,3,D1_pwm175_grab4
20032,1122,870,10082,CD,3,D1_pwm175_grab4
20036,1256,112,10694,CD,3,D1_pwm175_grab4
20046,552,660,12160,CD,3,D1_pwm175_grab4
20052,-444,-1394,9880,CD,3,D1_pwm175_grab4
20056,-318,994,10392,CD,3,D1_pwm175_grab4
20062,-2586,-482,11656,CD,3,D1_pwm175_grab4
20067,892,1552,10950,CD,3,D1_pwm175_grab4
20072,1252,-1268,9882,CD,3,D1_pwm175_grab4
20076,4126,-2820,8458,CD,3,D1_pwm175_grab4
20081,236,758,11782,CD,3,D1_pwm175_grab4
20087,-634,-1174,10208,CD,3,D1_pwm175_grab4
20092,-648,-552,10428,CD,3,D1_pwm175_grab4
20097,-728,-670,10666,CD,3,D1_pwm175_grab4
20102,1160,-1316,8736,CD,3,D1_pwm175_grab4
20106,1118,-2576,8952,CD,3,D1_pwm175_grab4
20111,3804,-3108,8668,CD,3,D1_pwm175_grab4
20117,-238,794,11070,CD,3,D1_pwm175_grab4
20122,-626,-744,10572,CD,3,D1_pwm175_grab4
20126,-472,-936,10210,CD,3,D1_pwm175_grab4
20137,-130,1266,12336,CD,3,D1_pwm175_grab4
20141,1250,1766,11610,CD,3,D1_pwm175_grab4
20151,-654,1094,10566,CD,3,D1_pwm175_grab4
20157,-584,-558,10582,CD,3,D1_pwm175_grab4
20161,-222,-1182,10096,CD,3,D1_pwm175_grab4
20172,-764,798,12680,CD,3,D1_pwm175_grab4
20176,666,-4164,7946,CD,3,D1_pwm175_grab4
20188,-800,1126,9838,CD,3,D1_pwm175_grab4
20193,226,122,9974,CD,3,D1_pwm175_grab4
20197,-1052,-2,11116,CD,3,D1_pwm175_grab4
20207,-514,-3614,8596,CD,3,D1_pwm175_grab4
20213,10,-1090,9454,CD,3,D1_pwm175_grab4
20224,-632,1118,9326,CD,3,D1_pwm175_grab4
20227,186,98,10096,CD,3,D1_pwm175_grab4
20232,-1920,18,11484,CD,3,D1_pwm175_grab4
20237,762,-1072,9550,CD,3,D1_pwm175_grab4
20242,-244,-3070,8346,CD,3,D1_pwm175_grab4
20248,72,412,10084,CD,3,D1_pwm175_grab4
20258,-404,882,9226,CD,3,D1_pwm175_grab4
20262,168,106,10042,CD,3,D1_pwm175_grab4
20267,-2378,468,12058,CD,3,D1_pwm175_grab4
20272,-952,-2230,9748,CD,3,D1_pwm175_grab4
20277,-10,-1978,8682,CD,3,D1_pwm175_grab4
20282,488,1818,10846,CD,3,D1_pwm175_grab4
20293,428,518,9568,CD,3,D1_pwm175_grab4
20297,172,110,10108,CD,3,D1_pwm175_grab4
20302,-3246,684,12184,CD,3,D1_pwm175_grab4
20313,192,-548,9400,CD,3,D1_pwm175_grab4
20317,954,2444,11192,CD,3,D1_pwm175_grab4
20328,1544,438,9786,CD,3,D1_pwm175_grab4
20332,256,442,10216,CD,3,D1_pwm175_grab4
20352,1588,2714,10982,CD,3,D1_pwm175_grab4
20362,2316,274,9668,CD,3,D1_pwm175_grab4
20367,300,882,10364,CD,3,D1_pwm175_grab4
20382,494,2510,11408,CD,3,D1_pwm175_grab4
20388,1892,2614,10500,CD,3,D1_pwm175_grab4
20393,58,412,10716,CD,3,D1_pwm175_grab4
20397,2592,-214,8994,CD,3,D1_pwm175_grab4
20402,208,1104,10474,CD,3,D1_pwm175_grab4
20418,606,3380,11860,CD,3,D1_pwm175_grab4
20422,1544,2288,9908,CD,3,D1_pwm175_grab4
20427,-2874,540,11390,CD,3,D1_pwm175_grab4
20432,100,-1284,9540,CD,3,D1_pwm175_grab4
20439,-422,406,10668,CD,3,D1_pwm175_grab4
20443,3178,-242,8610,CD,3,D1_pwm175_grab4
20449,830,792,9984,CD,3,D1_pwm175_grab4
20453,1416,354,11160,CD,3,D1_pwm175_grab4
20459,4424,-1910,8498,CD,3,D1_pwm175_grab4
20463,-50,264,11790,CD,3,D1_pwm175_grab4
20469,-336,-1198,9942,CD,3,D1_pwm175_grab4
20474,-64,-1652,10150,CD,3,D1_pwm175_grab4
20483,610,1262,10954,CD,3,D1_pwm175_grab4
20488,1410,-760,10288,CD,3,D1_pwm175_grab4
20498,-46,294,11910,CD,3,D1_pwm175_grab4
20503,-396,-1008,10426,CD,3,D1_pwm175_grab4
20509,-290,-350,10362,CD,3,D1_pwm175_grab4
20519,-1192,-752,12110,CD,3,D1_pwm175_grab4
20523,1478,-1662,9546,CD,3,D1_pwm175_grab4
20534,268,510,11948,CD,3,D1_pwm175_grab4
20539,-524,-912,10570,CD,3,D1_pwm175_grab4
20543,-400,-744,10064,CD,3,D1_pwm175_grab4
20554,-1206,-1588,11768,CD,3,D1_pwm175_grab4
20558,-120,-3922,8312,CD,3,D1_pwm175_grab4
20563,-440,-2082,8696,CD,3,D1_pwm175_grab4
20568,558,752,11552,CD,3,D1_pwm175_grab4
20573,-626,-624,10522,CD,3,D1_pwm175_grab4
20578,-474,-1316,9810,CD,3,D1_pwm175_grab4
20589,76,1412,11684,CD,3,D1_pwm175_grab4
20593,-206,-3462,8400,CD,3,D1_pwm175_grab4
20598,-1302,-1864,9074,CD,3,D1_pwm175_grab4
20604,-1230,1350,10326,CD,3,D1_pwm175_grab4
20608,-540,-314,10556,CD,3,D1_pwm175_grab4
20613,-272,-1444,9868,CD,3,D1_pwm175_grab4
20624,-268,1112,11514,CD,3,D1_pwm175_grab4
20629,744,-3642,8072,CD,3,D1_pwm175_grab4
20634,-1908,-1552,10324,CD,3,D1_pwm175_grab4
20638,-1430,1140,10172,CD,3,D1_pwm175_grab4
20644,254,-84,10092,CD,3,D1_pwm175_grab4
20648,752,-396,10982,CD,3,D1_pwm175_grab4
20658,-590,600,11560,CD,3,D1_pwm175_grab4
20664,550,-3904,8160,CD,3,D1_pwm175_grab4
20673,-1506,1032,10244,CD,3,D1_pwm175_grab4
20679,224,-90,9984,CD,3,D1_pwm175_grab4
20683,-350,-302,10420,CD,3,D1_pwm175_grab4
20695,-478,-3308,9634,CD,3,D1_pwm175_grab4
20699,-68,-1438,9234,CD,3,D1_pwm175_grab4
20704,-3310,-874,11350,CD,3,D1_pwm175_grab4
20710,-1344,1112,10174,CD,3,D1_pwm175_grab4
20715,50,650,10346,CD,3,D1_pwm175_grab4
20719,-3494,626,11668,CD,3,D1_pwm175_grab4
20730,136,946,9932,CD,3,D1_pwm175_grab4
20734,1332,2426,11122,CD,3,D1_pwm175_grab4
20739,-4088,-662,11392,CD,3,D1_pwm175_grab4
20745,-904,974,9866,CD,3,D1_pwm175_grab4
20750,530,-12,9910,CD,3,D1_pwm175_grab4
20755,-3712,632,10846,CD,3,D1_pwm175_grab4
20764,-40,1610,10522,CD,3,D1_pwm175_grab4
20769,1834,2652,11060,CD,3,D1_pwm175_grab4
20774,-5640,1372,11986,CD,3,D1_pwm175_grab4
20780,-614,810,9586,CD,3,D1_pwm175_grab4
20784,406,66,9922,CD,3,D1_pwm175_grab4
20789,-2306,378,11432,CD,3,D1_pwm175_grab4
20799,36,2110,11024,CD,3,D1_pwm175_grab4
20805,2150,2694,10904,CD,3,D1_pwm175_grab4
20809,-4874,1464,12270,CD,3,D1_pwm175_grab4
20815,2838,-2,9034,CD,3,D1_pwm175_grab4
20819,44,1106,10728,CD,3,D1_pwm175_grab4
20824,-2208,374,12442,CD,3,D1_pwm175_grab4
20829,280,-1710,9128,CD,3,D1_pwm175_grab4
20834,148,2596,11540,CD,3,D1_pwm175_grab4
20839,2278,2592,10612,CD,3,D1_pwm175_grab4
20845,-3902,1174,12304,CD,3,D1_pwm175_grab4
20849,2880,44,9088,CD,3,D1_pwm175_grab4
20854,90,1212,10658,CD,3,D1_pwm175_grab4
20859,-5890,-232,11064,CD,3,D1_pwm175_grab4
20865,-494,-2064,9426,CD,3,D1_pwm175_grab4
20869,-82,-2036,8436,CD,3,D1_pwm175_grab4
20874,362,1436,10772,CD,3,D1_pwm175_grab4
20879,-3308,946,11862,CD,3,D1_pwm175_grab4
20884,2768,-158,8834,CD,3,D1_pwm175_grab4
20890,94,1360,10622,CD,3,D1_pwm175_grab4
20894,-5562,-390,11240,CD,3,D1_pwm175_grab4
20899,-1230,-3896,8136,CD,3,D1_pwm175_grab4
20904,598,3550,12214,CD,3,D1_pwm175_grab4
20909,534,1960,10960,CD,3,D1_pwm175_grab4
20919,2490,-438,8614,CD,3,D1_pwm175_grab4
20925,-24,1324,10646,CD,3,D1_pwm175_grab4
20929,-5252,-388,11448,CD,3,D1_pwm175_grab4
20935,-606,-3658,8208,CD,3,D1_pwm175_grab4
20939,736,3738,11996,CD,3,D1_pwm175_grab4
20944,1238,2060,9570,CD,3,D1_pwm175_grab4
20950,-1684,612,11368,CD,3,D1_pwm175_grab4
20956,-200,-1254,9922,CD,3,D1_pwm175_grab4
20961,-328,-236,10656,CD,3,D1_pwm175_grab4
20966,4044,-356,8470,CD,3,D1_pwm175_grab4
20970,484,1360,10572,CD,3,D1_pwm175_grab4
20976,1554,-46,10820,CD,3,D1_pwm175_grab4
20986,-160,156,11586,CD,3,D1_pwm175_grab4
20990,-278,-1120,10374,CD,3,D1_pwm175_grab4
20995,-200,1384,10538,CD,3,D1_pwm175_grab4
21005,410,1310,11070,CD,3,D1_pwm175_grab4
21010,1582,-478,10392,CD,3,D1_pwm175_grab4
21016,4052,-2018,8138,CD,3,D1_pwm175_grab4
21021,26,92,11690,CD,3,D1_pwm175_grab4
21025,-332,-1096,10506,CD,3,D1_pwm175_grab4
21031,-58,-482,10276,CD,3,D1_pwm175_grab4
21036,-3338,-560,11454,CD,3,D1_pwm175_grab4
21040,518,1234,11272,CD,3,D1_pwm175_grab4
21045,1636,-880,9986,CD,3,D1_pwm175_grab4
21050,3686,-2148,8090,CD,3,D1_pwm175_grab4
21056,460,360,11802,CD,3,D1_pwm175_grab4
21060,-462,-984,10414,CD,3,D1_pwm175_grab4
21065,-152,-566,10120,CD,3,D1_pwm175_grab4
21075,548,1310,11052,CD,3,D1_pwm175_grab4
21080,1596,-1026,9610,CD,3,D1_pwm175_grab4
21085,3454,-2176,8398,CD,3,D1_pwm175_grab4
21090,828,438,11560,CD,3,D1_pwm175_grab4
21095,-510,-770,10310,CD,3,D1_pwm175_grab4
21101,-234,-824,10060,CD,3,D1_pwm175_grab4
21110,612,1522,10964,CD,3,D1_pwm175_grab4
21116,1530,-1252,9458,CD,3,D1_pwm175_grab4
21120,3458,-2412,8632,CD,3,D1_pwm175_grab4
21125,844,456,11428,CD,3,D1_pwm175_grab4
21130,-478,-730,10390,CD,3,D1_pwm175_grab4
21136,-296,-866,10024,CD,3,D1_pwm175_grab4
21145,598,1526,10772,CD,3,D1_pwm175_grab4
21151,1388,-1500,9446,CD,3,D1_pwm175_grab4
21155,3486,-2576,8982,CD,3,D1_pwm175_grab4
21160,-2144,1282,9926,CD,3,D1_pwm175_grab4
21165,-674,-844,10352,CD,3,D1_pwm175_grab4
21171,-406,-934,10034,CD,3,D1_pwm175_grab4
21180,530,1576,10790,CD,3,D1_pwm175_grab4
21185,1398,-1832,9474,CD,3,D1_pwm175_grab4
21190,3592,-2692,9114,CD,3,D1_pwm175_grab4
21195,592,638,11726,CD,3,D1_pwm175_grab4
21200,176,-396,9892,CD,3,D1_pwm175_grab4
21206,200,-1106,10300,CD,3,D1_pwm175_grab4
21216,-952,-1350,12352,CD,3,D1_pwm175_grab4
21221,-46,-4210,8066,CD,3,D1_pwm175_grab4
21226,888,-2720,8860,CD,3,D1_pwm175_grab4
21231,-1930,1276,10174,CD,3,D1_pwm175_grab4
21237,382,-168,9838,CD,3,D1_pwm175_grab4
21242,-1858,488,11644,CD,3,D1_pwm175_grab4
21248,1168,-1134,9562,CD,3,D1_pwm175_grab4
21251,-936,-1888,11934,CD,3,D1_pwm175_grab4
21257,-242,-4074,8134,CD,3,D1_pwm175_grab4
21262,44,-2528,8722,CD,3,D1_pwm175_grab4
21267,-1862,1254,10068,CD,3,D1_pwm175_grab4
21272,496,-120,9752,CD,3,D1_pwm175_grab4
21276,332,-928,10578,CD,3,D1_pwm175_grab4
21281,438,-1540,9826,CD,3,D1_pwm175_grab4
21286,-198,-2870,8358,CD,3,D1_pwm175_grab4
21292,-452,-3752,8330,CD,3,D1_pwm175_grab4
21296,-952,-2468,8638,CD,3,D1_pwm175_grab4
21301,-1658,1250,10232,CD,3,D1_pwm175_grab4
21306,352,-150,9674,CD,3,D1_pwm175_grab4
21311,622,-696,10700,CD,3,D1_pwm175_grab4
21322,-160,-2436,8550,CD,3,D1_pwm175_grab4
21326,218,1130,10554,CD,3,D1_pwm175_grab4
21337,-1432,1348,10308,CD,3,D1_pwm175_grab4
21342,220,-170,9762,CD,3,D1_pwm175_grab4
21346,864,-758,10946,CD,3,D1_pwm175_grab4
21357,-828,-3236,10504,CD,3,D1_pwm175_grab4
21361,346,1490,10708,CD,3,D1_pwm175_grab4
21371,510,764,9924,CD,3,D1_pwm175_grab4
21376,214,-124,9836,CD,3,D1_pwm175_grab4
21381,982,-494,11284,CD,3,D1_pwm175_grab4
21391,-644,-3468,10256,CD,3,D1_pwm175_grab4
21397,-290,-2696,8568,CD,3,D1_pwm175_grab4
21406,990,508,9784,CD,3,D1_pwm175_grab4
21411,326,554,10092,CD,3,D1_pwm175_grab4
21417,-3190,708,12660,CD,3,D1_pwm175_grab4
21431,-282,-2228,8768,CD,3,D1_pwm175_grab4
21436,-2724,-1814,10830,CD,3,D1_pwm175_grab4
21441,1412,352,9384,CD,3,D1_pwm175_grab4
21447,122,698,10284,CD,3,D1_pwm175_grab4
21451,-3256,774,12584,CD,3,D1_pwm175_grab4
21462,370,44,9622,CD,3,D1_pwm175_grab4
21468,722,2236,11006,CD,3,D1_pwm175_grab4
21477,2126,442,9248,CD,3,D1_pwm175_grab4
21483,-302,1180,10612,CD,3,D1_pwm175_grab4
21488,-2964,-670,11528,CD,3,D1_pwm175_grab4
21497,744,3360,12468,CD,3,D1_pwm175_grab4
21504,2980,1190,9644,CD,3,D1_pwm175_grab4
21512,2676,324,9172,CD,3,D1_pwm175_grab4
21518,-92,1094,10504,CD,3,D1_pwm175_grab4
21523,-1450,-546,11560,CD,3,D1_pwm175_grab4
21528,70,-1990,8042,CD,3,D1_pwm175_grab4
21533,1058,3214,12338,CD,3,D1_pwm175_grab4
21537,3506,802,9896,CD,3,D1_pwm175_grab4
21542,-246,740,11120,CD,3,D1_pwm175_grab4
21547,2934,196,8988,CD,3,D1_pwm175_grab4
21553,-90,1192,10778,CD,3,D1_pwm175_grab4
21558,-4302,746,10816,CD,3,D1_pwm175_grab4
21567,1534,2722,11982,CD,3,D1_pwm175_grab4
21572,3934,86,10020,CD,3,D1_pwm175_grab4
21578,556,540,10924,CD,3,D1_pwm175_grab4
21582,892,-1244,9376,CD,3,D1_pwm175_grab4
21588,-380,750,10430,CD,3,D1_pwm175_grab4
21603,86,2708,11490,CD,3,D1_pwm175_grab4
21607,4106,-302,9956,CD,3,D1_pwm175_grab4
21613,1040,282,10856,CD,3,D1_pwm175_grab4
21618,514,-1276,9576,CD,3,D1_pwm175_grab4
21622,-356,366,10312,CD,3,D1_pwm175_grab4
21627,1616,-706,8820,CD,3,D1_pwm175_grab4
21632,-1396,-3904,8204,CD,3,D1_pwm175_grab4
21637,336,3358,12118,CD,3,D1_pwm175_grab4
21642,1940,2678,9790,CD,3,D1_pwm175_grab4
21647,1072,134,10960,CD,3,D1_pwm175_grab4
21652,62,-1360,9752,CD,3,D1_pwm175_grab4
21657,-374,266,10314,CD,3,D1_pwm175_grab4
21662,3580,-404,8614,CD,3,D1_pwm175_grab4
21667,1078,890,10116,CD,3,D1_pwm175_grab4
21672,1482,224,10680,CD,3,D1_pwm175_grab4
21678,1656,2140,9198,CD,3,D1_pwm175_grab4
21683,-1382,1154,11602,CD,3,D1_pwm175_grab4
21687,-520,-1430,9920,CD,3,D1_pwm175_grab4
21692,-416,-216,10438,CD,3,D1_pwm175_grab4
21703,820,1330,10728,CD,3,D1_pwm175_grab4
21708,1402,-752,10202,CD,3,D1_pwm175_grab4
21712,4148,-2148,8798,CD,3,D1_pwm175_grab4
21719,398,122,11642,CD,3,D1_pwm175_grab4
21723,-758,-1292,10034,CD,3,D1_pwm175_grab4
21728,6,-1510,9998,CD,3,D1_pwm175_grab4
21739,-1262,-856,12378,CD,3,D1_pwm175_grab4
21743,108,-4568,7828,CD,3,D1_pwm175_grab4
21748,1318,-3390,8704,CD,3,D1_pwm175_grab4
21753,-1982,1088,9946,CD,3,D1_pwm175_grab4
21760,282,-88,9892,CD,3,D1_pwm175_grab4
21763,-372,-1020,10400,CD,3,D1_pwm175_grab4
21773,-1212,-1628,11990,CD,3,D1_pwm175_grab4
21778,-296,-4382,7928,CD,3,D1_pwm175_grab4
21783,-64,-3096,8422,CD,3,D1_pwm175_grab4
21788,-1900,1112,9910,CD,3,D1_pwm175_grab4
21794,352,34,9728,CD,3,D1_pwm175_grab4
21799,416,-1254,10452,CD,3,D1_pwm175_grab4
21809,-1104,-2186,11538,CD,3,D1_pwm175_grab4
21814,-424,-4164,8146,CD,3,D1_pwm175_grab4
21818,-1038,-3010,8362,CD,3,D1_pwm175_grab4
21823,-1762,1162,10248,CD,3,D1_pwm175_grab4
21829,298,-26,9716,CD,3,D1_pwm175_grab4
21833,576,-982,10760,CD,3,D1_pwm175_grab4
21843,-1054,-2570,11080,CD,3,D1_pwm175_grab4
21848,-334,-3950,8230,CD,3,D1_pwm175_grab4
21853,-1436,-2772,8650,CD,3,D1_pwm175_grab4
21858,-1686,1288,10262,CD,3,D1_pwm175_grab4
21864,254,-62,9794,CD,3,D1_pwm175_grab4
21869,854,-938,11126,CD,3,D1_pwm175_grab4
21878,-922,-2848,10750,CD,3,D1_pwm175_grab4
21883,-224,-3640,8198,CD,3,D1_pwm175_grab4
21888,-1762,-2712,9246,CD,3,D1_pwm175_grab4
21893,-1748,1240,10214,CD,3,D1_pwm175_grab4
21898,272,-2,10010,CD,3,D1_pwm175_grab4
21903,1126,-986,11030,CD,3,D1_pwm175_grab4
21913,-764,-3058,10756,CD,3,D1_pwm175_grab4
21919,-200,-3310,8284,CD,3,D1_pwm175_grab4
21923,-1978,-2514,9898,CD,3,D1_pwm175_grab4
21928,810,714,9692,CD,3,D1_pwm175_grab4
21933,302,-58,10056,CD,3,D1_pwm175_grab4
21939,970,-964,10800,CD,3,D1_pwm175_grab4
21948,-726,-3050,10478,CD,3,D1_pwm175_grab4
21953,-264,-2986,8418,CD,3,D1_pwm175_grab4
21958,-2440,-2378,10390,CD,3,D1_pwm175_grab4
21964,-1722,1246,10690,CD,3,D1_pwm175_grab4
21969,96,474,10292,CD,3,D1_pwm175_grab4
21975,-2966,616,12880,CD,3,D1_pwm175_grab4
21979,-1298,-2560,9730,CD,3,D1_pwm175_grab4
21985,330,-1138,9088,CD,3,D1_pwm175_grab4
21989,406,1976,11270,CD,3,D1_pwm175_grab4
21999,1644,664,9228,CD,3,D1_pwm175_grab4
22004,-20,614,10310,CD,3,D1_pwm175_grab4
22009,-4426,-6,11486,CD,3,D1_pwm175_grab4
22020,168,-716,9300,CD,3,D1_pwm175_grab4
22025,686,2350,11320,CD,3,D1_pwm175_grab4
22034,2206,524,9162,CD,3,D1_pwm175_grab4
22040,-46,840,10500,CD,3,D1_pwm175_grab4
22044,-3228,1126,11874,CD,3,D1_pwm175_grab4
22050,-286,-2792,7926,CD,3,D1_pwm175_grab4
22054,830,3652,12226,CD,3,D1_pwm175_grab4
22059,1062,2718,11194,CD,3,D1_pwm175_grab4
22069,2298,460,9204,CD,3,D1_pwm175_grab4
22074,-94,872,10618,CD,3,D1_pwm175_grab4
22079,-3604,1162,11288,CD,3,D1_pwm175_grab4
22089,1078,3778,12130,CD,3,D1_pwm175_grab4
22094,2492,1220,9506,CD,3,D1_pwm175_grab4
22100,-126,798,11230,CD,3,D1_pwm175_grab4
22104,2414,414,9304,CD,3,D1_pwm175_grab4
22109,-20,894,10644,CD,3,D1_pwm175_grab4
22115,-4212,1026,10978,CD,3,D1_pwm175_grab4
22125,296,1394,10602,CD,3,D1_pwm175_grab4
22129,1894,3066,10864,CD,3,D1_pwm175_grab4
22134,322,684,10962,CD,3,D1_pwm175_grab4
22140,1260,-1060,9184,CD,3,D1_pwm175_grab4
22144,126,1134,10634,CD,3,D1_pwm175_grab4
22159,458,2242,11170,CD,3,D1_pwm175_grab4
22165,2036,3054,10498,CD,3,D1_pwm175_grab4
22174,922,-1266,9328,CD,3,D1_pwm175_grab4
22180,-522,804,10380,CD,3,D1_pwm175_grab4
22184,398,-950,10178,CD,3,D1_pwm175_grab4
22189,-1494,-3804,8632,CD,3,D1_pwm175_grab4
22194,638,2696,11370,CD,3,D1_pwm175_grab4
22200,2054,3018,10356,CD,3,D1_pwm175_grab4
22204,-3638,1854,11772,CD,3,D1_pwm175_grab4
22209,2734,-160,8802,CD,3,D1_pwm175_grab4
22214,-554,652,10626,CD,3,D1_pwm175_grab4
22219,1618,-908,9338,CD,3,D1_pwm175_grab4
22225,776,62,9304,CD,3,D1_pwm175_grab4
22230,1516,1864,11918,CD,3,D1_pwm175_grab4
22235,4346,-736,9752,CD,3,D1_pwm175_grab4
22241,542,86,11304,CD,3,D1_pwm175_grab4
22245,-76,-1492,9724,CD,3,D1_pwm175_grab4
22250,-434,336,10778,CD,3,D1_pwm175_grab4
22260,-682,824,11906,CD,3,D1_pwm175_grab4
22265,870,-4132,7832,CD,3,D1_pwm175_grab4
22270,4454,-3858,9614,CD,3,D1_pwm175_grab4
22275,168,-148,11252,CD,3,D1_pwm175_grab4
22281,-288,-1356,10150,CD,3,D1_pwm175_grab4
22285,-216,374,10758,CD,3,D1_pwm175_grab4
22290,3862,-582,8338,CD,3,D1_pwm175_grab4
22295,-894,492,11864,CD,3,D1_pwm175_grab4
22300,442,-4372,7848,CD,3,D1_pwm175_grab4
22305,4234,-3646,9684,CD,3,D1_pwm175_grab4
22311,-1154,936,9998,CD,3,D1_pwm175_grab4
22315,-336,-1432,10180,CD,3,D1_pwm175_grab4
3000,1492,1168,10470,CD,0,D1_pwm175_grab5
3005,888,-612,10062,CD,0,D1_pwm175_grab5
3009,-2160,-5596,8404,CD,0,D1_pwm175_grab5
3015,366,38,12730,CD,0,D1_pwm175_grab5
3019,-1350,1506,11726,CD,0,D1_pwm175_grab5
3024,-62,-2466,8392,CD,0,D1_pwm175_grab5
3036,-784,-1218,11204,CD,0,D1_pwm175_grab5
3040,-664,-3508,8626,CD,0,D1_pwm175_grab5
3046,-1840,-5676,8372,CD,0,D1_pwm175_grab5
3050,-1102,2798,12270,CD,0,D1_pwm175_grab5
3056,1164,884,11520,CD,0,D1_pwm175_grab5
3060,-1850,1232,10678,CD,0,D1_pwm175_grab5
3066,2,-528,10260,CD,0,D1_pwm175_grab5
3070,-702,-3836,10054,CD,0,D1_pwm175_grab5
3075,-468,-3338,8650,CD,0,D1_pwm175_grab5
3080,-1528,-5908,8416,CD,0,D1_pwm175_grab5
3085,466,-544,12324,CD,0,D1_pwm175_grab5
3090,890,1026,11640,CD,0,D1_pwm175_grab5
3095,-1726,708,10496,CD,0,D1_pwm175_grab5
3100,840,-338,10174,CD,0,D1_pwm175_grab5
3105,-936,-4026,10216,CD,0,D1_pwm175_grab5
3111,-510,-1938,9238,CD,0,D1_pwm175_grab5
3115,-1398,-5708,8834,CD,0,D1_pwm175_grab5
3121,612,-808,12284,CD,0,D1_pwm175_grab5
3126,-1828,744,11300,CD,0,D1_pwm175_grab5
3131,-1516,168,10314,CD,0,D1_pwm175_grab5
3135,1432,136,10318,CD,0,D1_pwm175_grab5
3141,-1156,-3956,10274,CD,0,D1_pwm175_grab5
3145,-808,-2452,9204,CD,0,D1_pwm175_grab5
3151,-3756,-3090,8192,CD,0,D1_pwm175_grab5
3156,-518,2312,12234,CD,0,D1_pwm175_grab5
3161,-1734,514,10864,CD,0,D1_pwm175_grab5
3166,468,-2916,8900,CD,0,D1_pwm175_grab5
3170,1688,380,10600,CD,0,D1_pwm175_grab5
3176,-1328,-3538,10716,CD,0,D1_pwm175_grab5
3181,-886,-2738,9320,CD,0,D1_pwm175_grab5
3186,-3272,-3848,8092,CD,0,D1_pwm175_grab5
3190,-358,1816,12118,CD,0,D1_pwm175_grab5
3196,-392,1506,12080,CD,0,D1_pwm175_grab5
3201,-128,-2892,8998,CD,0,D1_pwm175_grab5
3210,1340,1066,11158,CD,0,D1_pwm175_grab5
3215,-800,-3134,9202,CD,0,D1_pwm175_grab5
3221,-2902,-4610,8160,CD,0,D1_pwm175_grab5
3225,-726,1088,12008,CD,0,D1_pwm175_grab5
3230,-858,1558,12284,CD,0,D1_pwm175_grab5
3235,-486,-1338,8874,CD,0,D1_pwm175_grab5
3245,1556,1252,10762,CD,0,D1_pwm175_grab5
3250,592,-1302,9504,CD,0,D1_pwm175_grab5
3255,-2570,-5216,8248,CD,0,D1_pwm175_grab5
3260,-552,434,12338,CD,0,D1_pwm175_grab5
3266,-1298,1370,12136,CD,0,D1_pwm175_grab5
3271,-52,-1974,8652,CD,0,D1_pwm175_grab5
3281,-1080,-1466,11430,CD,0,D1_pwm175_grab5
3286,-596,-3404,8772,CD,0,D1_pwm175_grab5
3291,-2104,-5920,8418,CD,0,D1_pwm175_grab5
3297,-634,2986,11950,CD,0,D1_pwm175_grab5
3302,1110,928,11414,CD,0,D1_pwm175_grab5
3306,-1492,1258,10824,CD,0,D1_pwm175_grab5
3311,276,-340,10034,CD,0,D1_pwm175_grab5
3316,-962,-3958,9858,CD,0,D1_pwm175_grab5
3321,-604,-1854,9530,CD,0,D1_pwm175_grab5
3331,584,-852,11944,CD,0,D1_pwm175_grab5
3336,320,1274,11894,CD,0,D1_pwm175_grab5
3342,-1220,386,10210,CD,0,D1_pwm175_grab5
3346,1218,54,10612,CD,0,D1_pwm175_grab5
3351,-1162,-3728,10860,CD,0,D1_pwm175_grab5
3357,-700,-2490,9512,CD,0,D1_pwm175_grab5
3361,-3332,-3688,8290,CD,0,D1_pwm175_grab5
3367,-1204,1742,11920,CD,0,D1_pwm175_grab5
3371,-1740,174,10276,CD,0,D1_pwm175_grab5
3377,-1038,-420,9442,CD,0,D1_pwm175_grab5
3386,-1316,-3302,11364,CD,0,D1_pwm175_grab5
3392,-870,-3154,9162,CD,0,D1_pwm175_grab5
3396,-2890,-4486,8234,CD,0,D1_pwm175_grab5
3401,-894,1142,12412,CD,0,D1_pwm175_grab5
3406,-898,1398,12260,CD,0,D1_pwm175_grab5
3411,-454,-1372,8852,CD,0,D1_pwm175_grab5
3421,-1266,-2220,11438,CD,0,D1_pwm175_grab5
3427,-832,-3412,8914,CD,0,D1_pwm175_grab5
3432,-2436,-5646,8158,CD,0,D1_pwm175_grab5
3437,-78,266,12628,CD,0,D1_pwm175_grab5
3441,-1250,1466,12018,CD,0,D1_pwm175_grab5
3447,138,-2050,8470,CD,0,D1_pwm175_grab5
3456,-548,-1042,11538,CD,0,D1_pwm175_grab5
3462,-484,-3124,8656,CD,0,D1_pwm175_grab5
3466,-1530,-5912,8446,CD,0,D1_pwm175_grab5
3472,394,-706,12086,CD,0,D1_pwm175_grab5
3477,-1608,1126,11302,CD,0,D1_pwm175_grab5
3481,528,-2644,8742,CD,0,D1_pwm175_grab5
3491,426,-2,11352,CD,0,D1_pwm175_grab5
3496,-630,-2254,9646,CD,0,D1_pwm175_grab5
3501,-588,-5262,8560,CD,0,D1_pwm175_grab5
3506,966,-1144,11870,CD,0,D1_pwm175_grab5
3512,-1776,366,10410,CD,0,D1_pwm175_grab5
3517,48,-2612,8946,CD,0,D1_pwm175_grab5
3527,1052,858,11136,CD,0,D1_pwm175_grab5
3532,346,-2214,8996,CD,0,D1_pwm175_grab5
3537,-2940,-4434,8216,CD,0,D1_pwm175_grab5
3542,-882,1246,12522,CD,0,D1_pwm175_grab5
3547,-836,1486,12294,CD,0,D1_pwm175_grab5
3553,-432,-1418,8754,CD,0,D1_pwm175_grab5
3558,3958,708,11538,CD,0,D1_pwm175_grab5
3562,-1252,-2144,11452,CD,0,D1_pwm175_grab5
3567,-780,-3368,8900,CD,0,D1_pwm175_grab5
3572,-2292,-5726,8258,CD,0,D1_pwm175_grab5
3578,-524,3108,11798,CD,0,D1_pwm175_grab5
3582,1194,662,11116,CD,0,D1_pwm175_grab5
3588,404,-2104,8636,CD,0,D1_pwm175_grab5
3597,-258,-710,11516,CD,0,D1_pwm175_grab5
3602,-360,-3042,8642,CD,0,D1_pwm175_grab5
3607,-1234,-5774,8448,CD,0,D1_pwm175_grab5
3613,592,-872,11978,CD,0,D1_pwm175_grab5
3617,232,1256,11912,CD,0,D1_pwm175_grab5
3623,-1258,470,10100,CD,0,D1_pwm175_grab5
3632,846,524,11264,CD,0,D1_pwm175_grab5
3637,146,-2538,8820,CD,0,D1_pwm175_grab5
3643,-214,-4822,8320,CD,0,D1_pwm175_grab5
3648,1202,-1498,11548,CD,0,D1_pwm175_grab5
3653,-1644,-186,9966,CD,0,D1_pwm175_grab5
3658,-524,-688,9182,CD,0,D1_pwm175_grab5
3662,3652,878,11410,CD,0,D1_pwm175_grab5
3667,-1216,-2660,11484,CD,0,D1_pwm175_grab5
3673,784,-1418,9462,CD,0,D1_pwm175_grab5
3677,864,-3370,9450,CD,0,D1_pwm175_grab5
3683,1280,-1626,11028,CD,0,D1_pwm175_grab5
3687,-996,-1226,9240,CD,0,D1_pwm175_grab5
3692,-652,-1888,9570,CD,0,D1_pwm175_grab5
3702,-430,-898,11470,CD,0,D1_pwm175_grab5
3707,-360,-3188,8686,CD,0,D1_pwm175_grab5
3713,2428,-1614,11152,CD,0,D1_pwm175_grab5
3717,886,-1390,10526,CD,0,D1_pwm175_grab5
3722,226,-2076,8614,CD,0,D1_pwm175_grab5
3727,-900,-1102,10024,CD,0,D1_pwm175_grab5
3737,954,628,11498,CD,0,D1_pwm175_grab5
3742,196,-2412,8742,CD,0,D1_pwm175_grab5
3747,-116,-4640,8144,CD,0,D1_pwm175_grab5
3752,1202,-1592,11014,CD,0,D1_pwm175_grab5
3758,1824,-2460,8116,CD,0,D1_pwm175_grab5
3763,-572,-286,9966,CD,0,D1_pwm175_grab5
3768,3944,-832,10348,CD,0,D1_pwm175_grab5
3773,-336,-1224,7428,CD,0,D1_pwm175_grab5
3778,808,-914,9644,CD,0,D1_pwm175_grab5
3783,1876,-2738,10198,CD,0,D1_pwm175_grab5
3787,1354,-1598,10774,CD,0,D1_pwm175_grab5
3792,-536,-1620,8906,CD,0,D1_pwm175_grab5
3799,-720,-1618,9838,CD,0,D1_pwm175_grab5
3803,6488,-606,9952,CD,0,D1_pwm175_grab5
3809,1270,1362,9080,CD,0,D1_pwm175_grab5
3813,1306,1028,11266,CD,0,D1_pwm175_grab5
3818,-692,-5014,8348,CD,0,D1_pwm175_grab5
3823,912,-1418,11340,CD,0,D1_pwm175_grab5
3829,-1606,66,10524,CD,0,D1_pwm175_grab5
3834,-252,-2658,8904,CD,0,D1_pwm175_grab5
3843,18,-414,7894,CD,0,D1_pwm175_grab5
3849,1030,2548,11912,CD,0,D1_pwm175_grab5
3853,2698,1774,11876,CD,0,D1_pwm175_grab5
3858,-268,1142,11162,CD,0,D1_pwm175_grab5
3863,-642,-1428,9134,CD,0,D1_pwm175_grab5
3868,-738,-1892,9596,CD,0,D1_pwm175_grab5
3878,1516,1512,9558,CD,0,D1_pwm175_grab5
3884,528,3022,11836,CD,0,D1_pwm175_grab5
3889,3054,2910,12220,CD,0,D1_pwm175_grab5
3894,-1354,3116,11100,CD,0,D1_pwm175_grab5
3899,3130,-958,8506,CD,0,D1_pwm175_grab5
3904,-784,-558,10114,CD,0,D1_pwm175_grab5
3909,4612,-984,10062,CD,0,D1_pwm175_grab5
3913,110,-476,7826,CD,0,D1_pwm175_grab5
3919,1046,2374,11900,CD,0,D1_pwm175_grab5
3923,2884,1740,11636,CD,0,D1_pwm175_grab5
3928,-3238,3918,10416,CD,0,D1_pwm175_grab5
3934,1566,1406,8936,CD,0,D1_pwm175_grab5
3939,1550,-502,9272,CD,0,D1_pwm175_grab5
3943,1716,-626,10706,CD,0,D1_pwm175_grab5
3948,-2058,-2740,7288,CD,0,D1_pwm175_grab5
3953,426,2968,11818,CD,0,D1_pwm175_grab5
3959,3286,2708,12402,CD,0,D1_pwm175_grab5
3964,-1518,3266,10918,CD,0,D1_pwm175_grab5
3968,430,2958,10290,CD,0,D1_pwm175_grab5
3974,1700,-266,9538,CD,0,D1_pwm175_grab5
3978,-2192,2288,11324,CD,0,D1_pwm175_grab5
3984,-3162,-4002,6526,CD,0,D1_pwm175_grab5
3989,270,1684,11000,CD,0,D1_pwm175_grab5
3993,1722,2762,10130,CD,0,D1_pwm175_grab5
3999,-3522,3662,10324,CD,0,D1_pwm175_grab5
4004,1312,1600,9636,CD,0,D1_pwm175_grab5
4008,1800,-372,9478,CD,0,D1_pwm175_grab5
4014,-1256,1418,10822,CD,0,D1_pwm175_grab5
4018,1728,118,10626,CD,0,D1_pwm175_grab5
4023,8,-1244,9596,CD,0,D1_pwm175_grab5
4028,1076,1322,9780,CD,0,D1_pwm175_grab5
4034,-4576,1682,9544,CD,0,D1_pwm175_grab5
4038,-108,2704,11164,CD,0,D1_pwm175_grab5
4043,1604,52,9906,CD,0,D1_pwm175_grab5
4048,-2080,2126,11436,CD,0,D1_pwm175_grab5
4055,632,-1222,9130,CD,0,D1_pwm175_grab5
4059,-522,-3682,9246,CD,0,D1_pwm175_grab5
4064,1344,2668,10148,CD,0,D1_pwm175_grab5
4069,-3546,3288,9928,CD,0,D1_pwm175_grab5
4075,812,2068,9744,CD,0,D1_pwm175_grab5
4079,1800,-446,9530,CD,0,D1_pwm175_grab5
4084,-3102,2212,11558,CD,0,D1_pwm175_grab5
4089,-1558,-2768,8052,CD,0,D1_pwm175_grab5
4094,-310,-2188,9138,CD,0,D1_pwm175_grab5
4099,-1266,-2976,9204,CD,0,D1_pwm175_grab5
4104,-4244,464,9062,CD,0,D1_pwm175_grab5
4109,-658,2848,12008,CD,0,D1_pwm175_grab5
4114,1306,402,10960,CD,0,D1_pwm175_grab5
4120,-1932,1998,11278,CD,0,D1_pwm175_grab5
4124,1388,-336,10080,CD,0,D1_pwm175_grab5
4130,-566,-3998,10142,CD,0,D1_pwm175_grab5
4134,-900,-1732,9206,CD,0,D1_pwm175_grab5
4140,-570,-4944,7986,CD,0,D1_pwm175_grab5
4144,-512,2024,12470,CD,0,D1_pwm175_grab5
4149,-170,1374,12038,CD,0,D1_pwm175_grab5
4154,-558,134,9478,CD,0,D1_pwm175_grab5
4160,4096,1202,11326,CD,0,D1_pwm175_grab5
4164,-476,-2480,11186,CD,0,D1_pwm175_grab5
4170,-850,-3240,9096,CD,0,D1_pwm175_grab5
4175,-1446,-5320,8704,CD,0,D1_pwm175_grab5
4179,696,-40,12694,CD,0,D1_pwm175_grab5
4184,-1634,1086,11376,CD,0,D1_pwm175_grab5
4190,498,-1832,9144,CD,0,D1_pwm175_grab5
4199,1164,538,11124,CD,0,D1_pwm175_grab5
4204,450,-2604,9016,CD,0,D1_pwm175_grab5
4209,750,-3772,8850,CD,0,D1_pwm175_grab5
4214,1100,-1544,11146,CD,0,D1_pwm175_grab5
4220,-1144,-824,9532,CD,0,D1_pwm175_grab5
4224,-472,-1966,9466,CD,0,D1_pwm175_grab5
4234,1192,1850,9954,CD,0,D1_pwm175_grab5
4240,1374,200,10584,CD,0,D1_pwm175_grab5
4244,2010,-1126,10896,CD,0,D1_pwm175_grab5
4249,512,-864,10786,CD,0,D1_pwm175_grab5
4254,1162,-2176,8472,CD,0,D1_pwm175_grab5
4260,-706,-920,10012,CD,0,D1_pwm175_grab5
4269,-576,-420,8032,CD,0,D1_pwm175_grab5
4274,1104,2682,11860,CD,0,D1_pwm175_grab5
4280,3090,1648,11594,CD,0,D1_pwm175_grab5
4285,-852,1480,11042,CD,0,D1_pwm175_grab5
4289,3206,-1630,8338,CD,0,D1_pwm175_grab5
4294,282,-122,9908,CD,0,D1_pwm175_grab5
4299,870,-532,11432,CD,0,D1_pwm175_grab5
4305,816,1170,8994,CD,0,D1_pwm175_grab5
4310,1298,1410,11322,CD,0,D1_pwm175_grab5
4316,2320,282,11160,CD,0,D1_pwm175_grab5
4321,618,72,10966,CD,0,D1_pwm175_grab5
4326,2266,-2130,8160,CD,0,D1_pwm175_grab5
4330,-182,-392,10012,CD,0,D1_pwm175_grab5
4335,2616,-1074,10190,CD,0,D1_pwm175_grab5
4340,-1728,-1924,7550,CD,0,D1_pwm175_grab5
4345,1364,-96,10260,CD,0,D1_pwm175_grab5
4350,1628,-1518,10908,CD,0,D1_pwm175_grab5
4356,-1494,2692,10668,CD,0,D1_pwm175_grab5
4361,3236,-844,8570,CD,0,D1_pwm175_grab5
4365,922,-210,10154,CD,0,D1_pwm175_grab5
4370,-946,-74,12104,CD,0,D1_pwm175_grab5
4375,-3038,-3966,6584,CD,0,D1_pwm175_grab5
4380,56,2124,11074,CD,0,D1_pwm175_grab5
4386,2998,1130,11406,CD,0,D1_pwm175_grab5
4390,-228,1086,10786,CD,0,D1_pwm175_grab5
4395,1312,1382,9502,CD,0,D1_pwm175_grab5
4401,1742,-368,9496,CD,0,D1_pwm175_grab5
4406,-3656,1678,11696,CD,0,D1_pwm175_grab5
4410,-1998,-3692,7272,CD,0,D1_pwm175_grab5
4415,-200,-1048,9520,CD,0,D1_pwm175_grab5
4420,906,1496,9972,CD,0,D1_pwm175_grab5
4425,-4290,1414,9532,CD,0,D1_pwm175_grab5
4430,2402,204,8548,CD,0,D1_pwm175_grab5
4435,1288,-232,9590,CD,0,D1_pwm175_grab5
4440,-2036,2108,11506,CD,0,D1_pwm175_grab5
4445,1332,-930,9562,CD,0,D1_pwm175_grab5
4450,-436,-3880,9636,CD,0,D1_pwm175_grab5
4455,-742,-1012,9472,CD,0,D1_pwm175_grab5
4460,-3260,-2398,8738,CD,0,D1_pwm175_grab5
4466,-440,2226,12416,CD,0,D1_pwm175_grab5
4470,1766,-334,9468,CD,0,D1_pwm175_grab5
4475,-2490,2198,11528,CD,0,D1_pwm175_grab5
4480,3738,1112,11056,CD,0,D1_pwm175_grab5
4485,-664,-3014,10638,CD,0,D1_pwm175_grab5
4491,-1102,-3248,9054,CD,0,D1_pwm175_grab5
4495,-1580,-4914,8854,CD,0,D1_pwm175_grab5
4500,1026,282,12844,CD,0,D1_pwm175_grab5
4506,-1592,1208,11504,CD,0,D1_pwm175_grab5
4511,-1592,1748,10962,CD,0,D1_pwm175_grab5
4515,2392,222,10678,CD,0,D1_pwm175_grab5
4521,-736,-3954,10428,CD,0,D1_pwm175_grab5
4525,408,-2858,8856,CD,0,D1_pwm175_grab5
4530,356,-3966,8466,CD,0,D1_pwm175_grab5
4535,1002,-1528,11136,CD,0,D1_pwm175_grab5
4540,-1260,-580,9826,CD,0,D1_pwm175_grab5
4545,-380,-2136,9298,CD,0,D1_pwm175_grab5
4556,168,-1608,11322,CD,0,D1_pwm175_grab5
4560,-442,-3344,8856,CD,0,D1_pwm175_grab5
4567,-834,-5020,8200,CD,0,D1_pwm175_grab5
4572,974,-826,11980,CD,0,D1_pwm175_grab5
4577,-1530,456,10750,CD,0,D1_pwm175_grab5
4581,-264,-2232,8978,CD,0,D1_pwm175_grab5
4591,-544,-3170,11364,CD,0,D1_pwm175_grab5
4597,-808,-3172,9342,CD,0,D1_pwm175_grab5
4602,-1712,-5018,8750,CD,0,D1_pwm175_grab5
4608,364,164,12444,CD,0,D1_pwm175_grab5
4612,-460,-1490,9034,CD,0,D1_pwm175_grab5
4617,-690,-1788,9754,CD,0,D1_pwm175_grab5
4627,742,1434,9122,CD,0,D1_pwm175_grab5
4632,514,-2886,8782,CD,0,D1_pwm175_grab5
4636,-142,-4100,8616,CD,0,D1_pwm175_grab5
4641,1090,-1480,10944,CD,0,D1_pwm175_grab5
4646,-1054,-572,9940,CD,0,D1_pwm175_grab5
4652,-264,-744,9880,CD,0,D1_pwm175_grab5
4657,2736,-1000,9980,CD,0,D1_pwm175_grab5
4662,-1790,-1652,7544,CD,0,D1_pwm175_grab5
4667,532,2940,11942,CD,0,D1_pwm175_grab5
4672,1816,-1778,10706,CD,0,D1_pwm175_grab5
4677,1096,-1082,10368,CD,0,D1_pwm175_grab5
4681,932,-1952,8540,CD,0,D1_pwm175_grab5
4687,-806,-1336,9682,CD,0,D1_pwm175_grab5
4692,4302,-864,10200,CD,0,D1_pwm175_grab5
4697,-3058,-3898,6724,CD,0,D1_pwm175_grab5
4701,216,2226,11222,CD,0,D1_pwm175_grab5
4707,1594,2798,10396,CD,0,D1_pwm175_grab5
4711,-292,1094,10910,CD,0,D1_pwm175_grab5
4717,3052,-1758,7990,CD,0,D1_pwm175_grab5
4721,214,-330,9946,CD,0,D1_pwm175_grab5
4726,1340,-794,11178,CD,0,D1_pwm175_grab5
4732,-2642,-2968,7214,CD,0,D1_pwm175_grab5
4736,-130,-1076,9466,CD,0,D1_pwm175_grab5
4741,952,1594,10084,CD,0,D1_pwm175_grab5
4747,-4448,1316,9440,CD,0,D1_pwm175_grab5
4751,2534,234,8812,CD,0,D1_pwm175_grab5
4756,1296,-492,9616,CD,0,D1_pwm175_grab5
4761,-3158,632,12130,CD,0,D1_pwm175_grab5
4766,-2674,-4092,6708,CD,0,D1_pwm175_grab5
4772,-34,716,10292,CD,0,D1_pwm175_grab5
4776,1488,2364,10304,CD,0,D1_pwm175_grab5
4781,-3002,-2466,8564,CD,0,D1_pwm175_grab5
4787,54,2428,12400,CD,0,D1_pwm175_grab5
4792,1724,-244,9782,CD,0,D1_pwm175_grab5
4797,-2578,2128,11574,CD,0,D1_pwm175_grab5
4801,-542,-2400,8362,CD,0,D1_pwm175_grab5
4806,-416,-2718,9216,CD,0,D1_pwm175_grab5
4812,-66,252,9630,CD,0,D1_pwm175_grab5
4816,-3806,-846,8768,CD,0,D1_pwm175_grab5
4822,-802,2666,12416,CD,0,D1_pwm175_grab5
4827,796,1030,11532,CD,0,D1_pwm175_grab5
4833,-2976,1338,11678,CD,0,D1_pwm175_grab5
4838,-1728,-3528,7296,CD,0,D1_pwm175_grab5
4842,-408,-1196,9270,CD,0,D1_pwm175_grab5
4847,844,1584,10392,CD,0,D1_pwm175_grab5
4853,-4118,1230,9264,CD,0,D1_pwm175_grab5
4857,-406,2656,11026,CD,0,D1_pwm175_grab5
4864,1282,392,10524,CD,0,D1_pwm175_grab5
4868,714,-608,9584,CD,0,D1_pwm175_grab5
4873,964,-854,9978,CD,0,D1_pwm175_grab5
4877,-550,-3818,9616,CD,0,D1_pwm175_grab5
4882,-788,-1354,9616,CD,0,D1_pwm175_grab5
4887,-2748,-2704,8400,CD,0,D1_pwm175_grab5
4892,-694,2020,12058,CD,0,D1_pwm175_grab5
4897,-340,1118,12066,CD,0,D1_pwm175_grab5
4903,-406,942,9968,CD,0,D1_pwm175_grab5
4912,-406,-2814,11240,CD,0,D1_pwm175_grab5
4917,-776,-3324,9002,CD,0,D1_pwm175_grab5
4923,-1564,-5074,8698,CD,0,D1_pwm175_grab5
4928,840,56,12560,CD,0,D1_pwm175_grab5
4932,-1578,1032,11690,CD,0,D1_pwm175_grab5
4938,418,-1678,8772,CD,0,D1_pwm175_grab5
4947,1134,388,11362,CD,0,D1_pwm175_grab5
4952,1322,1710,11558,CD,0,D1_pwm175_grab5
4957,950,-3630,9278,CD,0,D1_pwm175_grab5
4963,950,-1798,10322,CD,0,D1_pwm175_grab5
4967,-694,-1058,9508,CD,0,D1_pwm175_grab5
4972,-688,-2020,9304,CD,0,D1_pwm175_grab5
4982,1180,1794,9924,CD,0,D1_pwm175_grab5
4988,1242,486,10566,CD,0,D1_pwm175_grab5
4992,3182,2250,12124,CD,0,D1_pwm175_grab5
4998,952,-732,10758,CD,0,D1_pwm175_grab5
5002,1466,-2248,8298,CD,0,D1_pwm175_grab5
5007,-420,-930,9774,CD,0,D1_pwm175_grab5
5012,3146,-920,10086,CD,0,D1_pwm175_grab5
5018,-1116,-916,7934,CD,0,D1_pwm175_grab5
5022,850,2756,11888,CD,0,D1_pwm175_grab5
5028,3276,1702,11770,CD,0,D1_pwm175_grab5
5032,-1104,2208,10740,CD,0,D1_pwm175_grab5
5038,3304,-1252,8330,CD,0,D1_pwm175_grab5
5042,674,-402,10122,CD,0,D1_pwm175_grab5
5047,-220,-504,11922,CD,0,D1_pwm175_grab5
5052,-2944,-3540,6874,CD,0,D1_pwm175_grab5
5058,82,2338,11182,CD,0,D1_pwm175_grab5
5062,1734,2696,10686,CD,0,D1_pwm175_grab5
5067,-2966,3780,10390,CD,0,D1_pwm175_grab5
5073,1558,1292,9292,CD,0,D1_pwm175_grab5
5079,40,-480,9934,CD,0,D1_pwm175_grab5
5084,1236,-694,11076,CD,0,D1_pwm175_grab5
5089,-2282,-2676,7380,CD,0,D1_pwm175_grab5
5093,108,3094,11648,CD,0,D1_pwm175_grab5
5099,3134,2292,11756,CD,0,D1_pwm175_grab5
5103,-2186,3492,10500,CD,0,D1_pwm175_grab5
5109,2402,32,8256,CD,0,D1_pwm175_grab5
5113,1214,-252,9510,CD,0,D1_pwm175_grab5
5120,2744,-1054,10048,CD,0,D1_pwm175_grab5
5123,-2626,-4202,6672,CD,0,D1_pwm175_grab5
5128,-204,766,10160,CD,0,D1_pwm175_grab5
5134,1562,2744,10662,CD,0,D1_pwm175_grab5
5138,-4084,2994,9948,CD,0,D1_pwm175_grab5
5144,506,2330,9756,CD,0,D1_pwm175_grab5
5148,1668,-146,9452,CD,0,D1_pwm175_grab5
5154,-2304,2000,11648,CD,0,D1_pwm175_grab5
5159,-2830,-3734,6888,CD,0,D1_pwm175_grab5
5164,-448,-2656,9102,CD,0,D1_pwm175_grab5
5168,-136,270,9960,CD,0,D1_pwm175_grab5
5173,-3576,-794,8700,CD,0,D1_pwm175_grab5
5178,-814,2670,12030,CD,0,D1_pwm175_grab5
5184,666,898,11532,CD,0,D1_pwm175_grab5
5188,-1560,1470,10744,CD,0,D1_pwm175_grab5
5193,2466,100,10572,CD,0,D1_pwm175_grab5
5199,-206,-1380,9094,CD,0,D1_pwm175_grab5
5203,670,1284,10040,CD,0,D1_pwm175_grab5
5209,-2380,-4568,8368,CD,0,D1_pwm175_grab5
5213,-136,1206,12612,CD,0,D1_pwm175_grab5
5218,-1034,1382,12188,CD,0,D1_pwm175_grab5
5223,840,-802,9512,CD,0,D1_pwm175_grab5
5228,5804,1604,11452,CD,0,D1_pwm175_grab5
5234,278,-1226,11286,CD,0,D1_pwm175_grab5
5239,-906,-1356,9438,CD,0,D1_pwm175_grab5
5244,-2842,-2980,8348,CD,0,D1_pwm175_grab5
5248,888,-1054,11562,CD,0,D1_pwm175_grab5
5254,-1408,316,10618,CD,0,D1_pwm175_grab5
5258,-216,-2220,8910,CD,0,D1_pwm175_grab5
5269,1580,1396,11006,CD,0,D1_pwm175_grab5
5274,1060,-1184,9460,CD,0,D1_pwm175_grab5
5278,-1288,-5258,8566,CD,0,D1_pwm175_grab5
5283,624,-270,12320,CD,0,D1_pwm175_grab5
5289,-1736,1010,11630,CD,0,D1_pwm175_grab5
5294,-804,-1550,9962,CD,0,D1_pwm175_grab5
5299,5222,-282,10228,CD,0,D1_pwm175_grab5
5304,568,976,8870,CD,0,D1_pwm175_grab5
5308,1314,1480,11428,CD,0,D1_pwm175_grab5
5313,2552,540,11064,CD,0,D1_pwm175_grab5
5318,924,-1778,10614,CD,0,D1_pwm175_grab5
5323,-880,-1120,9620,CD,0,D1_pwm175_grab5
5329,-380,-1830,9250,CD,0,D1_pwm175_grab5
5339,992,1552,10124,CD,0,D1_pwm175_grab5
5345,1320,276,10494,CD,0,D1_pwm175_grab5
5349,1794,-1168,10984,CD,0,D1_pwm175_grab5
5354,922,-790,10592,CD,0,D1_pwm175_grab5
5360,-1586,2,10328,CD,0,D1_pwm175_grab5
5364,-202,-2048,9062,CD,0,D1_pwm175_grab5
5376,1330,1480,11086,CD,0,D1_pwm175_grab5
5380,710,2712,11798,CD,0,D1_pwm175_grab5
5384,3152,1450,11590,CD,0,D1_pwm175_grab5
5389,-794,1580,10682,CD,0,D1_pwm175_grab5
5394,3144,-1508,7952,CD,0,D1_pwm175_grab5
5400,-760,-1338,9992,CD,0,D1_pwm175_grab5
5405,5204,-676,10060,CD,0,D1_pwm175_grab5
5409,168,604,8980,CD,0,D1_pwm175_grab5
5415,1238,1924,11502,CD,0,D1_pwm175_grab5
5419,1982,2818,11058,CD,0,D1_pwm175_grab5
5425,-2774,3862,10486,CD,0,D1_pwm175_grab5
5430,1844,844,8734,CD,0,D1_pwm175_grab5
5434,1560,-510,9318,CD,0,D1_pwm175_grab5
5439,1848,-608,10540,CD,0,D1_pwm175_grab5
5449,226,3026,11790,CD,0,D1_pwm175_grab5
5455,3088,2030,11850,CD,0,D1_pwm175_grab5
5459,-1872,3286,10672,CD,0,D1_pwm175_grab5
5464,-88,2614,10912,CD,0,D1_pwm175_grab5
5469,1440,-30,10310,CD,0,D1_pwm175_grab5
5474,-2394,2092,11736,CD,0,D1_pwm175_grab5
5485,106,1018,10232,CD,0,D1_pwm175_grab5
5489,1514,2504,10544,CD,0,D1_pwm175_grab5
5494,-3902,3084,10054,CD,0,D1_pwm175_grab5
5499,624,2442,9446,CD,0,D1_pwm175_grab5
5505,182,1272,12066,CD,0,D1_pwm175_grab5
5509,-876,1080,10020,CD,0,D1_pwm175_grab5
5515,3638,692,11028,CD,0,D1_pwm175_grab5
5519,-614,-3234,11046,CD,0,D1_pwm175_grab5
5525,18,714,10180,CD,0,D1_pwm175_grab5
5530,-3694,-326,8850,CD,0,D1_pwm175_grab5
5535,-364,2878,11658,CD,0,D1_pwm175_grab5
5539,852,1008,11280,CD,0,D1_pwm175_grab5
5544,-1402,1548,10930,CD,0,D1_pwm175_grab5
5554,938,-294,11140,CD,0,D1_pwm175_grab5
5559,380,-2870,8784,CD,0,D1_pwm175_grab5
5564,-2120,-4330,8396,CD,0,D1_pwm175_grab5
5569,-232,1230,12004,CD,0,D1_pwm175_grab5
5574,-1006,1418,12240,CD,0,D1_pwm175_grab5
5580,928,-58,9752,CD,0,D1_pwm175_grab5
5591,280,-1516,11508,CD,0,D1_pwm175_grab5
5596,-128,-3448,8834,CD,0,D1_pwm175_grab5
5600,-970,-4904,8430,CD,0,D1_pwm175_grab5
5606,48,2542,12378,CD,0,D1_pwm175_grab5
5610,-102,1384,11776,CD,0,D1_pwm175_grab5
5616,-570,600,9966,CD,0,D1_pwm175_grab5
5621,3784,992,10944,CD,0,D1_pwm175_grab5
5626,-732,-2858,10942,CD,0,D1_pwm175_grab5
5630,-930,-3252,8958,CD,0,D1_pwm175_grab5
5635,1760,-2778,10262,CD,0,D1_pwm175_grab5
5641,972,-1850,10080,CD,0,D1_pwm175_grab5
5645,-1688,1180,11550,CD,0,D1_pwm175_grab5
5651,502,-1126,9128,CD,0,D1_pwm175_grab5
5660,1040,-10,11572,CD,0,D1_pwm175_grab5
5666,556,-2878,8862,CD,0,D1_pwm175_grab5
5670,424,-3966,8744,CD,0,D1_pwm175_grab5
5675,552,-176,11028,CD,0,D1_pwm175_grab5
5680,2272,-2236,8044,CD,0,D1_pwm175_grab5
5685,-260,-1810,9628,CD,0,D1_pwm175_grab5
5696,1102,1594,10516,CD,0,D1_pwm175_grab5
5701,1348,-242,10282,CD,0,D1_pwm175_grab5
5706,1486,-1476,10812,CD,0,D1_pwm175_grab5
5710,688,-1302,10752,CD,0,D1_pwm175_grab5
5715,964,-2292,8550,CD,0,D1_pwm175_grab5
5720,826,-530,9746,CD,0,D1_pwm175_grab5
5726,4042,-406,9986,CD,0,D1_pwm175_grab5
5731,-548,-100,8458,CD,0,D1_pwm175_grab5
5735,1108,2614,11772,CD,0,D1_pwm175_grab5
5740,2866,1236,11430,CD,0,D1_pwm175_grab5
5745,-508,1320,11080,CD,0,D1_pwm175_grab5
5750,2960,-1982,8008,CD,0,D1_pwm175_grab5
5755,178,-606,9870,CD,0,D1_pwm175_grab5
5761,-3386,1240,11686,CD,0,D1_pwm175_grab5
5765,-2504,-2764,7326,CD,0,D1_pwm175_grab5
5770,90,2956,11544,CD,0,D1_pwm175_grab5
5776,2850,2194,11362,CD,0,D1_pwm175_grab5
5780,-2186,3648,10604,CD,0,D1_pwm175_grab5
5785,2204,192,8128,CD,0,D1_pwm175_grab5
5791,1274,-582,9418,CD,0,D1_pwm175_grab5
5795,-2842,392,12210,CD,0,D1_pwm175_grab5
5800,-2524,-4060,6700,CD,0,D1_pwm175_grab5
5805,-152,492,9966,CD,0,D1_pwm175_grab5
5810,1462,2542,10696,CD,0,D1_pwm175_grab5
5815,-3974,3058,9983,CD,0,D1_pwm175_grab5
5821,694,2434,9598,CD,0,D1_pwm175_grab5
5825,1752,-244,9372,CD,0,D1_pwm175_grab5
5830,-2124,1928,11734,CD,0,D1_pwm175_grab5
5836,-464,-2420,8412,CD,0,D1_pwm175_grab5
5841,-422,-2664,9064,CD,0,D1_pwm175_grab5
5847,1566,2872,10576,CD,0,D1_pwm175_grab5
5851,-3178,3948,10492,CD,0,D1_pwm175_grab5
5857,1272,1218,8870,CD,0,D1_pwm175_grab5
5862,1640,-612,8944,CD,0,D1_pwm175_grab5
5866,-3204,1288,11638,CD,0,D1_pwm175_grab5
5872,-1294,-3442,7286,CD,0,D1_pwm175_grab5
5876,-46,-1378,9148,CD,0,D1_pwm175_grab5
5881,788,1486,10154,CD,0,D1_pwm175_grab5
5888,-1910,3830,10736,CD,0,D1_pwm175_grab5
5891,52,3042,11016,CD,0,D1_pwm175_grab5
5897,1292,330,10442,CD,0,D1_pwm175_grab5
5901,-2052,1550,11680,CD,0,D1_pwm175_grab5
5907,1126,-1094,9258,CD,0,D1_pwm175_grab5
5911,-550,-3618,9278,CD,0,D1_pwm175_grab5
5916,-836,-1020,9444,CD,0,D1_pwm175_grab5
5922,-3050,-2740,8336,CD,0,D1_pwm175_grab5
5926,486,2590,10432,CD,0,D1_pwm175_grab5
5932,-122,1556,11918,CD,0,D1_pwm175_grab5
5936,-422,822,9892,CD,0,D1_pwm175_grab5
5941,3574,824,11114,CD,0,D1_pwm175_grab5
5947,-572,-2994,11254,CD,0,D1_pwm175_grab5
5951,-800,-3226,9224,CD,0,D1_pwm175_grab5
5956,-1550,-5370,8578,CD,0,D1_pwm175_grab5
5962,662,110,12550,CD,0,D1_pwm175_grab5
5966,950,1198,11290,CD,0,D1_pwm175_grab5
5972,-1604,1510,10802,CD,0,D1_pwm175_grab5
5981,1044,-260,11538,CD,0,D1_pwm175_grab5
5987,622,-2896,8924,CD,0,D1_pwm175_grab5
5991,40,-4050,8732,CD,0,D1_pwm175_grab5
5997,480,-1850,10768,CD,0,D1_pwm175_grab5
6001,-1238,-778,9940,CD,0,D1_pwm175_grab5
6006,730,-480,9694,CD,0,D1_pwm175_grab5
6017,1058,1428,10392,CD,0,D1_pwm175_grab5
6021,1340,-60,10308,CD,0,D1_pwm175_grab5
6027,1614,-1524,10722,CD,0,D1_pwm175_grab5
6032,864,-1186,10644,CD,0,D1_pwm175_grab5
6036,966,-2300,8498,CD,0,D1_pwm175_grab5
6041,-758,-1204,9480,CD,0,D1_pwm175_grab5
6051,1234,1174,10996,CD,0,D1_pwm175_grab5
6056,1044,-1524,9546,CD,0,D1_pwm175_grab5
6061,3190,1286,11432,CD,0,D1_pwm175_grab5
6067,-666,1422,10868,CD,0,D1_pwm175_grab5
6071,3072,-1840,7904,CD,0,D1_pwm175_grab5
6076,268,-576,9838,CD,0,D1_pwm175_grab5
6082,902,-336,11218,CD,0,D1_pwm175_grab5
6087,408,1042,9340,CD,0,D1_pwm175_grab5
6091,1264,1626,11430,CD,0,D1_pwm175_grab5
6097,2238,208,11182,CD,0,D1_pwm175_grab5
6102,-212,-34,11402,CD,0,D1_pwm175_grab5
6107,2346,-2364,8302,CD,0,D1_pwm175_grab5
6113,-110,-724,9806,CD,0,D1_pwm175_grab5
6118,2398,-680,10232,CD,0,D1_pwm175_grab5
6122,-2232,-1986,7554,CD,0,D1_pwm175_grab5
6128,1234,368,10668,CD,0,D1_pwm175_grab5
6132,1954,-1112,10690,CD,0,D1_pwm175_grab5
6137,570,-1096,10868,CD,0,D1_pwm175_grab5
6142,1114,-2474,8422,CD,0,D1_pwm175_grab5
6147,824,-884,9376,CD,0,D1_pwm175_grab5
6152,-1630,260,12352,CD,0,D1_pwm175_grab5
6157,-2628,-3688,6850,CD,0,D1_pwm175_grab5
6163,162,1432,10470,CD,0,D1_pwm175_grab5
6168,3258,1596,11544,CD,0,D1_pwm175_grab5
6173,-1020,1768,10916,CD,0,D1_pwm175_grab5
6177,3340,-1762,8322,CD,0,D1_pwm175_grab5
6182,396,-632,9912,CD,0,D1_pwm175_grab5
6187,-2728,1312,11570,CD,0,D1_pwm175_grab5
6192,-914,-3054,7454,CD,0,D1_pwm175_grab5
6198,-360,-1978,8904,CD,0,D1_pwm175_grab5
6203,336,1028,10044,CD,0,D1_pwm175_grab5
6207,-3988,534,9128,CD,0,D1_pwm175_grab5
6212,1940,784,8940,CD,0,D1_pwm175_grab5
6217,1658,-780,9260,CD,0,D1_pwm175_grab5
6223,-3632,852,11862,CD,0,D1_pwm175_grab5
6228,-2138,-3850,6972,CD,0,D1_pwm175_grab5
6232,-584,-3654,9882,CD,0,D1_pwm175_grab5
6238,-918,-1682,9556,CD,0,D1_pwm175_grab5
6243,-2510,-3656,8188,CD,0,D1_pwm175_grab5
6248,10,1922,11946,CD,0,D1_pwm175_grab5
6252,1476,92,9656,CD,0,D1_pwm175_grab5
6258,-2220,1752,11848,CD,0,D1_pwm175_grab5
6263,886,-1648,8960,CD,0,D1_pwm175_grab5
6268,-284,-3520,9322,CD,0,D1_pwm175_grab5
6272,-326,-3582,9034,CD,0,D1_pwm175_grab5
6278,-1136,-5186,8378,CD,0,D1_pwm175_grab5
6283,760,-644,12424,CD,0,D1_pwm175_grab5
6288,-1736,696,11276,CD,0,D1_pwm175_grab5
6292,-776,884,10184,CD,0,D1_pwm175_grab5
6298,3502,510,10540,CD,0,D1_pwm175_grab5
6303,-752,-3094,10694,CD,0,D1_pwm175_grab5
6308,-1046,-3176,8902,CD,0,D1_pwm175_grab5
6312,-1684,-5036,8688,CD,0,D1_pwm175_grab5
6317,816,-1954,10164,CD,0,D1_pwm175_grab5
6322,-416,-1504,9248,CD,0,D1_pwm175_grab5
6327,-602,-1586,9352,CD,0,D1_pwm175_grab5
6337,864,-254,11466,CD,0,D1_pwm175_grab5
6342,350,-3000,8900,CD,0,D1_pwm175_grab5
6348,488,-4054,8676,CD,0,D1_pwm175_grab5
6353,594,-1750,10882,CD,0,D1_pwm175_grab5
6358,-1218,-622,9948,CD,0,D1_pwm175_grab5
6363,-260,-1526,9596,CD,0,D1_pwm175_grab5
6373,246,-1638,11144,CD,0,D1_pwm175_grab5
6378,-190,-3374,8666,CD,0,D1_pwm175_grab5
6384,-882,-5082,8116,CD,0,D1_pwm175_grab5
6389,658,-910,11992,CD,0,D1_pwm175_grab5
6394,-1544,490,10718,CD,0,D1_pwm175_grab5
6400,-170,-1860,9114,CD,0,D1_pwm175_grab5
6404,3980,-364,10040,CD,0,D1_pwm175_grab5
6408,-794,-502,8386,CD,0,D1_pwm175_grab5
6413,1070,-1174,9690,CD,0,D1_pwm175_grab5
6418,2060,-2708,10230,CD,0,D1_pwm175_grab5
6423,674,-1746,10660,CD,0,D1_pwm175_grab5
6428,-198,-1904,8844,CD,0,D1_pwm175_grab5
6433,-884,-1522,9942,CD,0,D1_pwm175_grab5
6444,-2780,-2822,7206,CD,0,D1_pwm175_grab5
6449,84,2594,11260,CD,0,D1_pwm175_grab5
6454,2738,382,11182,CD,0,D1_pwm175_grab5
6458,-544,86,11216,CD,0,D1_pwm175_grab5
6464,2576,-2270,8226,CD,0,D1_pwm175_grab5
6469,-116,-516,9768,CD,0,D1_pwm175_grab5
6473,2422,-638,10496,CD,0,D1_pwm175_grab5
6478,-2416,-2056,7468,CD,0,D1_pwm175_grab5
6484,166,2988,11688,CD,0,D1_pwm175_grab5
6488,1194,2178,10662,CD,0,D1_pwm175_grab5
6494,-1748,3140,10842,CD,0,D1_pwm175_grab5
6498,2754,-618,8530,CD,0,D1_pwm175_grab5
6503,1066,-680,9372,CD,0,D1_pwm175_grab5
6508,-2316,136,12246,CD,0,D1_pwm175_grab5
6513,-2718,-3836,6754,CD,0,D1_pwm175_grab5
6518,46,1310,10614,CD,0,D1_pwm175_grab5
6523,1586,2774,10702,CD,0,D1_pwm175_grab5
6529,-3060,-1638,8408,CD,0,D1_pwm175_grab5
6534,736,1730,9708,CD,0,D1_pwm175_grab5
6538,1690,-512,9084,CD,0,D1_pwm175_grab5
6543,-2590,1630,11620,CD,0,D1_pwm175_grab5
6549,-270,-2706,7888,CD,0,D1_pwm175_grab5
6554,-130,-2430,8924,CD,0,D1_pwm175_grab5
6558,-30,926,10030,CD,0,D1_pwm175_grab5
6563,-3900,26,9048,CD,0,D1_pwm175_grab5
6568,-162,2904,11706,CD,0,D1_pwm175_grab5
6574,858,864,11070,CD,0,D1_pwm175_grab5
6579,-1698,1248,11106,CD,0,D1_pwm175_grab5
6583,2406,-444,9866,CD,0,D1_pwm175_grab5
6589,-656,-3694,9978,CD,0,D1_pwm175_grab5
6594,-1254,-2184,9122,CD,0,D1_pwm175_grab5
6598,-2360,-4178,8450,CD,0,D1_pwm175_grab5
6604,1034,1954,12630,CD,0,D1_pwm175_grab5
6608,-976,1676,12018,CD,0,D1_pwm175_grab5
6614,-2280,1642,11796,CD,0,D1_pwm175_grab5
6619,1196,-1086,9624,CD,0,D1_pwm175_grab5
6624,-224,-3698,9824,CD,0,D1_pwm175_grab5
6630,-870,-1000,9450,CD,0,D1_pwm175_grab5
6635,-3074,-2628,8366,CD,0,D1_pwm175_grab5
6640,-364,2430,12208,CD,0,D1_pwm175_grab5
6644,-38,1550,12114,CD,0,D1_pwm175_grab5
6650,-332,506,9666,CD,0,D1_pwm175_grab5
6654,64,-2084,8638,CD,0,D1_pwm175_grab5
6660,-354,-2602,11122,CD,0,D1_pwm175_grab5
6664,-632,-3288,8864,CD,0,D1_pwm175_grab5
6669,-1434,-5166,8616,CD,0,D1_pwm175_grab5
6674,736,48,12848,CD,0,D1_pwm175_grab5
6680,-1538,1242,11336,CD,0,D1_pwm175_grab5
6684,236,-1488,9082,CD,0,D1_pwm175_grab5
6694,-546,-3378,10918,CD,0,D1_pwm175_grab5
6700,734,-2466,8910,CD,0,D1_pwm175_grab5
6704,1348,-3468,9420,CD,0,D1_pwm175_grab5
6709,766,-1726,10726,CD,0,D1_pwm175_grab5
6714,-906,-1158,9432,CD,0,D1_pwm175_grab5
6720,-552,-1496,9718,CD,0,D1_pwm175_grab5
6729,608,1408,9630,CD,0,D1_pwm175_grab5
6734,374,-3222,8592,CD,0,D1_pwm175_grab5
6739,-482,-4554,8364,CD,0,D1_pwm175_grab5
6745,-212,-894,11030,CD,0,D1_pwm175_grab5
6750,1754,-2334,8344,CD,0,D1_pwm175_grab5
6754,-480,-646,9922,CD,0,D1_pwm175_grab5
6760,3250,-550,10204,CD,0,D1_pwm175_grab5
6764,-1706,-1212,7820,CD,0,D1_pwm175_grab5
6769,448,3130,11864,CD,0,D1_pwm175_grab5
6775,3282,1712,11954,CD,0,D1_pwm175_grab5
6780,810,-1592,10558,CD,0,D1_pwm175_grab5
6785,3154,-1310,8468,CD,0,D1_pwm175_grab5
6789,830,-676,9630,CD,0,D1_pwm175_grab5
6794,-986,-144,11968,CD,0,D1_pwm175_grab5
6799,-2866,-3410,6936,CD,0,D1_pwm175_grab5
6805,72,1906,10908,CD,0,D1_pwm175_grab5
6809,1466,2714,10688,CD,0,D1_pwm175_grab5
6815,-3392,3774,10430,CD,0,D1_pwm175_grab5
6819,3082,-1924,8146,CD,0,D1_pwm175_grab5
6824,240,-546,9716,CD,0,D1_pwm175_grab5
6830,-2950,1470,11778,CD,0,D1_pwm175_grab5
6834,-662,-3062,7564,CD,0,D1_pwm175_grab5
6840,-18,-1822,8948,CD,0,D1_pwm175_grab5
6844,266,1414,10350,CD,0,D1_pwm175_grab5
6850,-3956,686,9218,CD,0,D1_pwm175_grab5
6854,-146,2918,11580,CD,0,D1_pwm175_grab5
6859,1508,-862,9378,CD,0,D1_pwm175_grab5
6865,-3510,790,11994,CD,0,D1_pwm175_grab5
6871,-1812,-3568,7090,CD,0,D1_pwm175_grab5
6876,-168,-660,9654,CD,0,D1_pwm175_grab5
6881,898,1922,10620,CD,0,D1_pwm175_grab5
6886,-3728,1984,9676,CD,0,D1_pwm175_grab5
6890,-114,2764,11540,CD,0,D1_pwm175_grab5
6896,1484,142,10524,CD,0,D1_pwm175_grab5
6900,-3048,386,12046,CD,0,D1_pwm175_grab5
6905,-2172,-3772,6762,CD,0,D1_pwm175_grab5
6910,-320,294,9780,CD,0,D1_pwm175_grab5
6915,-894,-968,9432,CD,0,D1_pwm175_grab5
6920,-2814,-2858,8308,CD,0,D1_pwm175_grab5
6925,-102,2220,12020,CD,0,D1_pwm175_grab5
6931,-270,1666,12070,CD,0,D1_pwm175_grab5
6935,42,644,9782,CD,0,D1_pwm175_grab5
6940,522,-2008,8864,CD,0,D1_pwm175_grab5
6945,-406,-3292,9280,CD,0,D1_pwm175_grab5
6951,-586,0,10120,CD,0,D1_pwm175_grab5
6955,-1092,-4856,8310,CD,0,D1_pwm175_grab5
6960,650,-276,12600,CD,0,D1_pwm175_grab5
6965,-1548,860,10954,CD,0,D1_pwm175_grab5
6971,-4,-1566,9042,CD,0,D1_pwm175_grab5
6980,-256,-3074,11090,CD,0,D1_pwm175_grab5
6985,-758,-3252,9124,CD,0,D1_pwm175_grab5
6990,-1548,-4736,8396,CD,0,D1_pwm175_grab5
6995,854,182,12912,CD,0,D1_pwm175_grab5
7000,-72,-1784,8920,CD,0,D1_pwm175_grab5
7005,-928,-1466,9826,CD,0,D1_pwm175_grab5
7015,-108,906,9134,CD,0,D1_pwm175_grab5
7020,966,-2506,8832,CD,0,D1_pwm175_grab5
7026,1286,-3292,9754,CD,0,D1_pwm175_grab5
7030,820,-1698,10386,CD,0,D1_pwm175_grab5
7035,-446,-1180,9608,CD,0,D1_pwm175_grab5
7041,-30,-622,9710,CD,0,D1_pwm175_grab5
7045,1598,-530,10600,CD,0,D1_pwm175_grab5
7050,-2786,-2360,7372,CD,0,D1_pwm175_grab5
7055,26,3082,11582,CD,0,D1_pwm175_grab5
7060,2360,-304,10598,CD,0,D1_pwm175_grab5
7065,-194,-288,10896,CD,0,D1_pwm175_grab5
7070,2470,-2228,8214,CD,0,D1_pwm175_grab5
7076,-262,-824,9574,CD,0,D1_pwm175_grab5
7080,2070,-440,10182,CD,0,D1_pwm175_grab5
7086,-1712,-3812,6978,CD,0,D1_pwm175_grab5
7090,-146,-220,9758,CD,0,D1_pwm175_grab5
7096,1142,2210,10708,CD,0,D1_pwm175_grab5
7100,-1998,3130,10796,CD,0,D1_pwm175_grab5
7105,2206,-348,8212,CD,0,D1_pwm175_grab5
7110,1096,-778,9306,CD,0,D1_pwm175_grab5
7116,-3172,56,11770,CD,0,D1_pwm175_grab5
7120,-2182,-3732,7004,CD,0,D1_pwm175_grab5
7127,-236,376,10070,CD,0,D1_pwm175_grab5
7132,1398,2336,10840,CD,0,D1_pwm175_grab5
7136,-3752,2516,9894,CD,0,D1_pwm175_grab5
7142,2506,-722,8138,CD,0,D1_pwm175_grab5
7147,930,-912,9428,CD,0,D1_pwm175_grab5
7152,-2394,330,12104,CD,0,D1_pwm175_grab5
7156,-2202,-3618,6790,CD,0,D1_pwm175_grab5
7162,-128,1104,10182,CD,0,D1_pwm175_grab5
7166,1608,2266,10732,CD,0,D1_pwm175_grab5
7172,-2866,-2068,8410,CD,0,D1_pwm175_grab5
7177,-136,2470,11906,CD,0,D1_pwm175_grab5
7181,1726,-404,9498,CD,0,D1_pwm175_grab5
7186,-2250,1380,11928,CD,0,D1_pwm175_grab5
7192,464,-1994,8526,CD,0,D1_pwm175_grab5
7196,-332,-3142,8884,CD,0,D1_pwm175_grab5
7201,-550,250,10042,CD,0,D1_pwm175_grab5
7207,-3042,-1352,8590,CD,0,D1_pwm175_grab5
7212,604,-176,12652,CD,0,D1_pwm175_grab5
7216,-1472,1110,11270,CD,0,D1_pwm175_grab5
7222,-660,1100,10090,CD,0,D1_pwm175_grab5
7227,3328,226,10606,CD,0,D1_pwm175_grab5
7231,-424,-3080,11052,CD,0,D1_pwm175_grab5
7236,-800,-3016,9334,CD,0,D1_pwm175_grab5
7241,-1410,-4800,8414,CD,0,D1_pwm175_grab5
7246,834,134,12848,CD,0,D1_pwm175_grab5
7252,-1598,1240,11610,CD,0,D1_pwm175_grab5
7256,-866,-1484,9902,CD,0,D1_pwm175_grab5
7262,6220,1146,11184,CD,0,D1_pwm175_grab5
7267,1270,28,11362,CD,0,D1_pwm175_grab5
7272,960,-2680,8954,CD,0,D1_pwm175_grab5
7276,1264,-3218,9742,CD,0,D1_pwm175_grab5
7282,788,-1726,10564,CD,0,D1_pwm175_grab5
7287,-508,-1280,9600,CD,0,D1_pwm175_grab5
7292,-510,-1514,9326,CD,0,D1_pwm175_grab5
7296,1782,-486,10478,CD,0,D1_pwm175_grab5
7301,-2790,-2274,7490,CD,0,D1_pwm175_grab5
7307,1550,1054,11128,CD,0,D1_pwm175_grab5
7311,2214,-428,10676,CD,0,D1_pwm175_grab5
7316,-256,-314,10862,CD,0,D1_pwm175_grab5
7321,2392,-2112,8272,CD,0,D1_pwm175_grab5
7327,-324,-824,9550,CD,0,D1_pwm175_grab5
7331,2336,-336,9980,CD,0,D1_pwm175_grab5
7337,-2080,-1516,8164,CD,0,D1_pwm175_grab5
7342,-150,136,9932,CD,0,D1_pwm175_grab5
7346,3136,1568,11424,CD,0,D1_pwm175_grab5
7352,-1930,2892,10742,CD,0,D1_pwm175_grab5
7356,2380,-444,7994,CD,0,D1_pwm175_grab5
7362,1012,-594,9312,CD,0,D1_pwm175_grab5
7367,-2982,166,12046,CD,0,D1_pwm175_grab5
7371,-2236,-3728,6896,CD,0,D1_pwm175_grab5
7377,-368,744,10122,CD,0,D1_pwm175_grab5
7383,1602,2606,10986,CD,0,D1_pwm175_grab5
7387,-1204,2424,10794,CD,0,D1_pwm175_grab5
7393,2650,-1230,8332,CD,0,D1_pwm175_grab5
7397,898,-818,9512,CD,0,D1_pwm175_grab5
7402,-1698,-94,11992,CD,0,D1_pwm175_grab5
7407,-2630,-3524,6854,CD,0,D1_pwm175_grab5
7412,-124,1694,10648,CD,0,D1_pwm175_grab5
7418,1816,2370,10734,CD,0,D1_pwm175_grab5
7422,-3730,3216,10196,CD,0,D1_pwm175_grab5
7427,576,1904,9500,CD,0,D1_pwm175_grab5
7433,1584,-588,9328,CD,0,D1_pwm175_grab5
7438,-2566,1404,11926,CD,0,D1_pwm175_grab5
7443,180,-2520,8042,CD,0,D1_pwm175_grab5
7447,-364,-2760,8618,CD,0,D1_pwm175_grab5
7452,-316,638,10116,CD,0,D1_pwm175_grab5
7457,-3344,-648,8910,CD,0,D1_pwm175_grab5
7463,-154,2874,11272,CD,0,D1_pwm175_grab5
7468,654,1148,11568,CD,0,D1_pwm175_grab5
7472,-1110,980,10528,CD,0,D1_pwm175_grab5
7478,2622,64,10178,CD,0,D1_pwm175_grab5
7482,-542,-3730,10520,CD,0,D1_pwm175_grab5
7487,-1156,-2428,9402,CD,0,D1_pwm175_grab5
7493,-1658,-4578,8556,CD,0,D1_pwm175_grab5
7497,920,878,12752,CD,0,D1_pwm175_grab5
7503,-1346,1460,11922,CD,0,D1_pwm175_grab5
7507,-2024,1338,11190,CD,0,D1_pwm175_grab5
7513,5402,1150,11488,CD,0,D1_pwm175_grab5
7517,946,-416,11572,CD,0,D1_pwm175_grab5
7522,676,-3170,8896,CD,0,D1_pwm175_grab5
7527,332,-3900,8840,CD,0,D1_pwm175_grab5
7533,490,-1596,10786,CD,0,D1_pwm175_grab5
7538,-1182,-828,10076,CD,0,D1_pwm175_grab5
7542,-168,-1476,9564,CD,0,D1_pwm175_grab5
7547,5206,1388,11092,CD,0,D1_pwm175_grab5
7552,700,1398,10248,CD,0,D1_pwm175_grab5
7557,1548,104,10570,CD,0,D1_pwm175_grab5
7563,1590,-1152,10692,CD,0,D1_pwm175_grab5
7568,114,-930,10938,CD,0,D1_pwm175_grab5
7572,1428,-2210,8498,CD,0,D1_pwm175_grab5
7577,-580,-810,9856,CD,0,D1_pwm175_grab5
7582,3306,-278,10074,CD,0,D1_pwm175_grab5
7588,926,1506,10728,CD,0,D1_pwm175_grab5
7593,1262,-1030,10006,CD,0,D1_pwm175_grab5
7597,3450,1158,11788,CD,0,D1_pwm175_grab5
7602,-878,2146,10508,CD,0,D1_pwm175_grab5
7607,2998,-1172,8046,CD,0,D1_pwm175_grab5
7613,582,-650,9474,CD,0,D1_pwm175_grab5
7617,-1034,-140,12226,CD,0,D1_pwm175_grab5
7623,-2610,-3382,7074,CD,0,D1_pwm175_grab5
7627,1086,2626,11914,CD,0,D1_pwm175_grab5
7633,3008,862,11166,CD,0,D1_pwm175_grab5
7639,-1002,1028,10762,CD,0,D1_pwm175_grab5
7643,3056,-1698,8538,CD,0,D1_pwm175_grab5
7649,260,-440,9710,CD,0,D1_pwm175_grab5
7653,608,-128,11406,CD,0,D1_pwm175_grab5
7658,-3026,-2934,7280,CD,0,D1_pwm175_grab5
7664,-40,2652,11298,CD,0,D1_pwm175_grab5
7668,2726,276,10770,CD,0,D1_pwm175_grab5
7674,-510,242,10968,CD,0,D1_pwm175_grab5
7678,2710,-2196,8280,CD,0,D1_pwm175_grab5
7683,1536,-1036,9082,CD,0,D1_pwm175_grab5
7688,-3634,1310,11890,CD,0,D1_pwm175_grab5
7693,-1216,-3384,7108,CD,0,D1_pwm175_grab5
7699,-120,-796,9200,CD,0,D1_pwm175_grab5
7703,838,1968,10650,CD,0,D1_pwm175_grab5
7708,-2086,3252,10922,CD,0,D1_pwm175_grab5
7714,2342,-64,8464,CD,0,D1_pwm175_grab5
7718,1194,-806,9318,CD,0,D1_pwm175_grab5
7724,-2220,1544,11946,CD,0,D1_pwm175_grab5
7728,1560,-992,9002,CD,0,D1_pwm175_grab5
7733,-280,-3914,9246,CD,0,D1_pwm175_grab5
7738,-1078,-876,9584,CD,0,D1_pwm175_grab5
7743,-2676,-2674,8440,CD,0,D1_pwm175_grab5
7748,316,2290,10780,CD,0,D1_pwm175_grab5
7754,1708,-436,9600,CD,0,D1_pwm175_grab5
7759,-2720,1680,12010,CD,0,D1_pwm175_grab5
7764,656,-1844,8612,CD,0,D1_pwm175_grab5
7769,-110,-2516,11316,CD,0,D1_pwm175_grab5
7774,-664,-3330,9080,CD,0,D1_pwm175_grab5
7779,-1196,-4920,8324,CD,0,D1_pwm175_grab5
7783,614,-114,12682,CD,0,D1_pwm175_grab5
7789,350,1328,11590,CD,0,D1_pwm175_grab5
7793,-1080,794,9934,CD,0,D1_pwm175_grab5
7798,3618,252,10426,CD,0,D1_pwm175_grab5
7803,-270,-3488,10738,CD,0,D1_pwm175_grab5
7809,1224,-2550,9030,CD,0,D1_pwm175_grab5
7814,1286,-3328,9740,CD,0,D1_pwm175_grab5
7819,636,-1830,10674,CD,0,D1_pwm175_grab5
7823,-616,-1322,9580,CD,0,D1_pwm175_grab5
7829,1042,-1280,9312,CD,1,D1_pwm175_grab5
7838,868,-344,11194,CD,1,D1_pwm175_grab5
7843,442,-3276,8566,CD,1,D1_pwm175_grab5
7849,378,-3934,8808,CD,1,D1_pwm175_grab5
7853,-186,-538,10894,CD,1,D1_pwm175_grab5
7858,2040,-2292,8356,CD,1,D1_pwm175_grab5
7863,-370,-528,9766,CD,1,D1_pwm175_grab5
7868,2878,-262,10094,CD,1,D1_pwm175_grab5
7874,712,1616,10316,CD,1,D1_pwm175_grab5
7879,1364,-296,10570,CD,1,D1_pwm175_grab5
7883,1938,-1416,10546,CD,1,D1_pwm175_grab5
7888,-212,-1244,11082,CD,1,D1_pwm175_grab5
7894,1144,-2124,8536,CD,1,D1_pwm175_grab5
7899,-678,-642,10132,CD,1,D1_pwm175_grab5
7904,3980,-456,9752,CD,1,D1_pwm175_grab5
7909,1232,1204,10824,CD,1,D1_pwm175_grab5
7915,1356,-1466,9332,CD,1,D1_pwm175_grab5
7919,1620,-2750,10038,CD,1,D1_pwm175_grab5
7924,582,-1578,10790,CD,1,D1_pwm175_grab5
7930,276,-1660,8894,CD,1,D1_pwm175_grab5
7934,-884,-1212,9970,CD,1,D1_pwm175_grab5
7939,232,22,11656,CD,1,D1_pwm175_grab5
7944,-2974,-3164,7308,CD,1,D1_pwm175_grab5
7950,1154,2168,11728,CD,1,D1_pwm175_grab5
7954,2952,620,10892,CD,1,D1_pwm175_grab5
7960,-526,498,10890,CD,1,D1_pwm175_grab5
7965,2880,-2158,8256,CD,1,D1_pwm175_grab5
7969,-158,-400,9930,CD,1,D1_pwm175_grab5
7975,2000,-178,10708,CD,1,D1_pwm175_grab5
7979,-1076,-3324,7114,CD,1,D1_pwm175_grab5
7985,-132,-948,9050,CD,1,D1_pwm175_grab5
7990,912,1982,10704,CD,1,D1_pwm175_grab5
7995,-1998,3132,10906,CD,1,D1_pwm175_grab5
7999,2458,-172,8436,CD,1,D1_pwm175_grab5
8005,1158,-762,9286,CD,1,D1_pwm175_grab5
8009,-3410,652,12392,CD,1,D1_pwm175_grab5
8014,-2296,-3736,6724,CD,1,D1_pwm175_grab5
8020,-40,448,10254,CD,1,D1_pwm175_grab5
8024,-974,-884,9586,CD,1,D1_pwm175_grab5
8029,-2800,-2346,8470,CD,1,D1_pwm175_grab5
8035,388,2230,10528,CD,1,D1_pwm175_grab5
8039,1856,-540,9432,CD,1,D1_pwm175_grab5
8044,-2844,1926,11972,CD,1,D1_pwm175_grab5
8049,324,-2044,8312,CD,1,D1_pwm175_grab5
8054,-234,-3026,9070,CD,1,D1_pwm175_grab5
8060,-420,458,10156,CD,1,D1_pwm175_grab5
8064,-1368,-5006,8542,CD,1,D1_pwm175_grab5
8069,602,174,12786,CD,1,D1_pwm175_grab5
8075,684,1146,11286,CD,1,D1_pwm175_grab5
8079,-1514,722,10314,CD,1,D1_pwm175_grab5
8084,3050,-16,10266,CD,1,D1_pwm175_grab5
8090,-446,-3586,10614,CD,1,D1_pwm175_grab5
8094,-1094,-2582,9136,CD,1,D1_pwm175_grab5
8100,-2188,-4438,8628,CD,1,D1_pwm175_grab5
8104,986,1468,12876,CD,1,D1_pwm175_grab5
8109,-926,-1028,9840,CD,1,D1_pwm175_grab5
8114,1392,-1074,9382,CD,1,D1_pwm175_grab5
8125,482,-996,11172,CD,1,D1_pwm175_grab5
8130,-48,-3574,8402,CD,1,D1_pwm175_grab5
8134,-652,-4504,8100,CD,1,D1_pwm175_grab5
8139,718,-624,11914,CD,1,D1_pwm175_grab5
8145,-1636,186,10420,CD,1,D1_pwm175_grab5
8150,26,-2162,9200,CD,1,D1_pwm175_grab5
8155,4042,752,11226,CD,1,D1_pwm175_grab5
8161,-214,-2064,11338,CD,1,D1_pwm175_grab5
8165,-560,-3384,8760,CD,1,D1_pwm175_grab5
8170,-1496,-4986,8526,CD,1,D1_pwm175_grab5
8175,706,150,12666,CD,1,D1_pwm175_grab5
8180,-1540,1164,11476,CD,1,D1_pwm175_grab5
8185,284,-2180,8808,CD,1,D1_pwm175_grab5
8195,1144,524,11216,CD,1,D1_pwm175_grab5
8200,990,-2532,8698,CD,1,D1_pwm175_grab5
8205,1098,-3668,9528,CD,1,D1_pwm175_grab5
8211,834,-1472,10780,CD,1,D1_pwm175_grab5
8215,-818,-1008,9574,CD,1,D1_pwm175_grab5
8221,-468,-1288,9830,CD,1,D1_pwm175_grab5
8231,650,1316,9462,CD,1,D1_pwm175_grab5
8235,1366,750,11010,CD,1,D1_pwm175_grab5
8241,2142,-914,10622,CD,1,D1_pwm175_grab5
8245,-28,-1042,11060,CD,1,D1_pwm175_grab5
8251,1412,-2320,8368,CD,1,D1_pwm175_grab5
8255,-748,-324,10080,CD,1,D1_pwm175_grab5
8260,3652,-486,9782,CD,1,D1_pwm175_grab5
8266,-1448,-1092,7962,CD,1,D1_pwm175_grab5
8270,628,2990,12042,CD,1,D1_pwm175_grab5
8276,1442,-2478,10222,CD,1,D1_pwm175_grab5
8280,-1080,1526,10778,CD,1,D1_pwm175_grab5
8285,3284,-1476,8340,CD,1,D1_pwm175_grab5
8290,374,-178,9924,CD,1,D1_pwm175_grab5
8296,202,428,12226,CD,1,D1_pwm175_grab5
8300,-2784,-3302,7066,CD,1,D1_pwm175_grab5
8305,-164,2756,11446,CD,1,D1_pwm175_grab5
8310,2030,2544,10764,CD,1,D1_pwm175_grab5
8316,-326,170,10808,CD,1,D1_pwm175_grab5
8321,1580,628,8968,CD,1,D1_pwm175_grab5
8325,1644,-890,9060,CD,1,D1_pwm175_grab5
8331,-3808,1416,12104,CD,1,D1_pwm175_grab5
8335,-1752,-3578,7052,CD,1,D1_pwm175_grab5
8340,-34,-462,9656,CD,1,D1_pwm175_grab5
8345,1090,2150,10696,CD,1,D1_pwm175_grab5
8350,-3870,2282,9760,CD,1,D1_pwm175_grab5
8356,2530,-630,8222,CD,1,D1_pwm175_grab5
8360,830,-620,9302,CD,1,D1_pwm175_grab5
8366,-2692,1860,11940,CD,1,D1_pwm175_grab5
8371,1248,-1198,9100,CD,1,D1_pwm175_grab5
8375,-100,-3762,9028,CD,1,D1_pwm175_grab5
8380,-746,-190,9972,CD,1,D1_pwm175_grab5
8385,-3110,-1314,8892,CD,1,D1_pwm175_grab5
8391,254,2754,11700,CD,1,D1_pwm175_grab5
8395,1802,-894,9156,CD,1,D1_pwm175_grab5
8400,-2954,2028,11936,CD,1,D1_pwm175_grab5
8406,-564,-2298,8052,CD,1,D1_pwm175_grab5
8412,-218,-2534,9012,CD,1,D1_pwm175_grab5
8416,-100,1034,10422,CD,1,D1_pwm175_grab5
8421,-3230,178,9068,CD,1,D1_pwm175_grab5
8427,-352,2878,11704,CD,1,D1_pwm175_grab5
8431,1234,600,11268,CD,1,D1_pwm175_grab5
8436,-3442,1514,12126,CD,1,D1_pwm175_grab5
8441,-1362,-3188,7136,CD,1,D1_pwm175_grab5
8446,-340,-852,9054,CD,1,D1_pwm175_grab5
8452,-1220,-1752,9430,CD,1,D1_pwm175_grab5
8456,-2396,-3410,8446,CD,1,D1_pwm175_grab5
8461,468,1906,12404,CD,1,D1_pwm175_grab5
8466,-534,1690,12216,CD,1,D1_pwm175_grab5
8471,822,-698,9346,CD,1,D1_pwm175_grab5
8477,1074,-1202,9230,CD,1,D1_pwm175_grab5
8481,-334,-3844,9192,CD,1,D1_pwm175_grab5
8486,-784,-522,9970,CD,1,D1_pwm175_grab5
8491,-1116,-4794,8204,CD,1,D1_pwm175_grab5
8496,766,-264,12424,CD,1,D1_pwm175_grab5
8502,-1670,876,10866,CD,1,D1_pwm175_grab5
8506,266,-2230,8896,CD,1,D1_pwm175_grab5
8516,1104,1090,10860,CD,1,D1_pwm175_grab5
8522,-846,-3250,9188,CD,1,D1_pwm175_grab5
8526,-1762,-4594,8544,CD,1,D1_pwm175_grab5
8531,724,756,13004,CD,1,D1_pwm175_grab5
8536,-442,-1442,9148,CD,1,D1_pwm175_grab5
8541,-892,-1196,9968,CD,1,D1_pwm175_grab5
8551,180,992,8992,CD,1,D1_pwm175_grab5
8556,1270,1408,11676,CD,1,D1_pwm175_grab5
8561,316,-3948,8942,CD,1,D1_pwm175_grab5
8566,824,-1350,10904,CD,1,D1_pwm175_grab5
8572,-1026,-494,10116,CD,1,D1_pwm175_grab5
8577,-388,-26,9954,CD,1,D1_pwm175_grab5
8582,3228,-404,10146,CD,1,D1_pwm175_grab5
8586,-2280,-1812,7532,CD,1,D1_pwm175_grab5
8592,206,3358,11972,CD,1,D1_pwm175_grab5
8597,3412,1712,12098,CD,1,D1_pwm175_grab5
8601,250,-1168,10902,CD,1,D1_pwm175_grab5
8606,1150,-2012,8530,CD,1,D1_pwm175_grab5
8611,-842,-256,10092,CD,1,D1_pwm175_grab5
8616,3842,-438,10040,CD,1,D1_pwm175_grab5
8621,-2610,-3564,7100,CD,1,D1_pwm175_grab5
8626,18,2054,10884,CD,1,D1_pwm175_grab5
8632,1346,2762,10458,CD,1,D1_pwm175_grab5
8636,-3354,3410,10400,CD,1,D1_pwm175_grab5
8641,3114,-1948,8134,CD,1,D1_pwm175_grab5
8646,108,-182,9978,CD,1,D1_pwm175_grab5
8651,1018,70,11400,CD,1,D1_pwm175_grab5
8657,-2666,-2908,7442,CD,1,D1_pwm175_grab5
8662,-384,2866,11596,CD,1,D1_pwm175_grab5
8667,2570,2472,11332,CD,1,D1_pwm175_grab5
8672,-2728,3204,10762,CD,1,D1_pwm175_grab5
8677,1820,304,8728,CD,1,D1_pwm175_grab5
8683,-212,-188,9700,CD,1,D1_pwm175_grab5
8687,2682,-268,10350,CD,1,D1_pwm175_grab5
8693,-2278,-2026,7818,CD,1,D1_pwm175_grab5
8697,106,3456,11930,CD,1,D1_pwm175_grab5
8702,3378,1628,11820,CD,1,D1_pwm175_grab5
8708,-3622,2376,9910,CD,1,D1_pwm175_grab5
8712,158,2348,10728,CD,1,D1_pwm175_grab5
8718,1710,-502,9710,CD,1,D1_pwm175_grab5
8723,-2084,900,12774,CD,1,D1_pwm175_grab5
8727,-2280,-3538,7066,CD,1,D1_pwm175_grab5
8732,-262,1614,10370,CD,1,D1_pwm175_grab5
8738,1518,2744,10528,CD,1,D1_pwm175_grab5
8742,-3536,3104,10242,CD,1,D1_pwm175_grab5
8747,-126,2502,11586,CD,1,D1_pwm175_grab5
8753,604,1090,11574,CD,1,D1_pwm175_grab5
8757,-1294,324,9916,CD,1,D1_pwm175_grab5
8762,-600,-2326,7896,CD,1,D1_pwm175_grab5
8768,-310,-2436,8744,CD,1,D1_pwm175_grab5
8773,152,1072,10528,CD,1,D1_pwm175_grab5
8777,-3536,504,9062,CD,1,D1_pwm175_grab5
8782,-330,2702,11144,CD,1,D1_pwm175_grab5
8788,1184,514,10964,CD,1,D1_pwm175_grab5
8793,1260,-1554,9198,CD,1,D1_pwm175_grab5
8802,-174,-4022,10150,CD,1,D1_pwm175_grab5
8808,-1146,-1556,9648,CD,1,D1_pwm175_grab5
8813,-2306,-3024,8472,CD,1,D1_pwm175_grab5
8817,414,2040,12478,CD,1,D1_pwm175_grab5
8822,-416,1342,12324,CD,1,D1_pwm175_grab5
8828,654,-1006,9494,CD,1,D1_pwm175_grab5
8837,910,1456,10502,CD,1,D1_pwm175_grab5
8842,-386,-3376,8736,CD,1,D1_pwm175_grab5
8848,-1306,-4862,8312,CD,1,D1_pwm175_grab5
8852,740,-62,12424,CD,1,D1_pwm175_grab5
8858,-1536,978,11494,CD,1,D1_pwm175_grab5
8862,268,-2326,8638,CD,1,D1_pwm175_grab5
8873,1138,708,11132,CD,1,D1_pwm175_grab5
8877,1234,2186,12012,CD,1,D1_pwm175_grab5
8882,1408,-3384,9826,CD,1,D1_pwm175_grab5
8888,828,-1466,10894,CD,1,D1_pwm175_grab5
8892,-634,-1004,9416,CD,1,D1_pwm175_grab5
8897,-508,-1180,9856,CD,1,D1_pwm175_grab5
8907,606,1052,9398,CD,1,D1_pwm175_grab5
8912,1352,872,11006,CD,1,D1_pwm175_grab5
8918,2124,-788,10642,CD,1,D1_pwm175_grab5
8923,698,-1070,11538,CD,1,D1_pwm175_grab5
8928,-1392,-196,10370,CD,1,D1_pwm175_grab5
8933,160,-1924,9380,CD,1,D1_pwm175_grab5
8943,1124,1384,10622,CD,1,D1_pwm175_grab5
8949,1406,-1132,9782,CD,1,D1_pwm175_grab5
8953,1362,-2446,10162,CD,1,D1_pwm175_grab5
8958,344,-1340,10800,CD,1,D1_pwm175_grab5
8963,378,-1874,8864,CD,1,D1_pwm175_grab5
8969,-864,-828,9904,CD,1,D1_pwm175_grab5
8973,4938,-488,10310,CD,1,D1_pwm175_grab5
8978,-224,142,8932,CD,1,D1_pwm175_grab5
8983,1286,2258,11756,CD,1,D1_pwm175_grab5
8989,2762,174,10832,CD,1,D1_pwm175_grab5
8993,-264,192,10704,CD,1,D1_pwm175_grab5
8998,2694,-2020,8150,CD,1,D1_pwm175_grab5
9003,-206,110,9790,CD,1,D1_pwm175_grab5
9008,2130,-238,10776,CD,1,D1_pwm175_grab5
9014,-2252,-2470,7686,CD,1,D1_pwm175_grab5
9018,-94,3512,11848,CD,1,D1_pwm175_grab5
9023,3426,1794,11762,CD,1,D1_pwm175_grab5
9028,-2142,2538,10492,CD,1,D1_pwm175_grab5
9034,2664,-688,8154,CD,1,D1_pwm175_grab5
9039,738,-374,9544,CD,1,D1_pwm175_grab5
9044,3704,-652,9990,CD,1,D1_pwm175_grab5
9049,-2472,-3676,7114,CD,1,D1_pwm175_grab5
9053,-364,1506,10434,CD,1,D1_pwm175_grab5
9058,1476,2856,10584,CD,1,D1_pwm175_grab5
9063,-3424,3092,10258,CD,1,D1_pwm175_grab5
9068,810,1388,9438,CD,1,D1_pwm175_grab5
9073,1546,-924,8858,CD,1,D1_pwm175_grab5
9078,-3024,2426,11874,CD,1,D1_pwm175_grab5
9083,-916,-2394,7944,CD,1,D1_pwm175_grab5
9088,-88,-2322,8996,CD,1,D1_pwm175_grab5
9093,186,1070,10488,CD,1,D1_pwm175_grab5
9098,-3428,812,9242,CD,1,D1_pwm175_grab5
9104,-312,2824,11444,CD,1,D1_pwm175_grab5
9109,1404,210,10972,CD,1,D1_pwm175_grab5
9113,-2354,1440,11372,CD,1,D1_pwm175_grab5
9118,1712,-322,9950,CD,1,D1_pwm175_grab5
9123,-164,-3808,10078,CD,1,D1_pwm175_grab5
9128,1334,2120,10544,CD,1,D1_pwm175_grab5
9133,-2588,-2488,10544,CD,1,D1_pwm175_grab5
9139,290,2290,12286,CD,1,D1_pwm175_grab5
9144,-22,1336,12252,CD,1,D1_pwm175_grab5
9148,-44,-1230,9172,CD,1,D1_pwm175_grab5
9154,4064,520,11016,CD,1,D1_pwm175_grab5
9159,-364,-2250,11286,CD,1,D1_pwm175_grab5
9163,-600,-3274,8840,CD,1,D1_pwm175_grab5
9169,-3164,-680,8726,CD,1,D1_pwm175_grab5
9175,-230,2858,11352,CD,1,D1_pwm175_grab5
9179,678,928,11524,CD,1,D1_pwm175_grab5
9184,-1280,606,10190,CD,1,D1_pwm175_grab5
9189,2432,194,10524,CD,1,D1_pwm175_grab5
9194,-570,-3684,10862,CD,1,D1_pwm175_grab5
9199,-1086,-2322,9514,CD,1,D1_pwm175_grab5
9204,-1948,-4076,8492,CD,1,D1_pwm175_grab5
9210,-34,2562,10938,CD,1,D1_pwm175_grab5
9214,1176,-168,10276,CD,1,D1_pwm175_grab5
9219,1218,-1824,9474,CD,1,D1_pwm175_grab5
9230,232,-1016,11548,CD,1,D1_pwm175_grab5
9234,-42,-3590,8590,CD,1,D1_pwm175_grab5
9240,-994,-4704,8082,CD,1,D1_pwm175_grab5
9245,886,-240,12176,CD,1,D1_pwm175_grab5
9250,32,1240,11990,CD,1,D1_pwm175_grab5
9255,-334,-392,9474,CD,1,D1_pwm175_grab5
9265,1134,1104,11072,CD,1,D1_pwm175_grab5
9269,1174,-2096,8886,CD,1,D1_pwm175_grab5
9275,1556,-3340,9916,CD,1,D1_pwm175_grab5
9280,724,-1578,10792,CD,1,D1_pwm175_grab5
9284,-430,-1090,9318,CD,1,D1_pwm175_grab5
9289,956,-2342,8826,CD,1,D1_pwm175_grab5
9300,750,-196,11716,CD,1,D1_pwm175_grab5
9304,1308,1138,11098,CD,1,D1_pwm175_grab5
9309,2022,-1010,10668,CD,1,D1_pwm175_grab5
9314,116,-840,10792,CD,1,D1_pwm175_grab5
9319,1624,-2190,8286,CD,1,D1_pwm175_grab5
9325,-548,562,10212,CD,1,D1_pwm175_grab5
9334,1074,1258,10688,CD,1,D1_pwm175_grab5
9339,1380,-986,9874,CD,1,D1_pwm175_grab5
9345,3454,1668,11684,CD,1,D1_pwm175_grab5
9349,-970,1368,10662,CD,1,D1_pwm175_grab5
9354,3214,-1918,8144,CD,1,D1_pwm175_grab5
9360,142,36,10120,CD,1,D1_pwm175_grab5
9365,602,822,12020,CD,1,D1_pwm175_grab5
9369,162,240,8800,CD,1,D1_pwm175_grab5
9374,1234,1962,11664,CD,1,D1_pwm175_grab5
9379,2304,20,10924,CD,1,D1_pwm175_grab5
9384,-98,-142,10770,CD,1,D1_pwm175_grab5
9389,1980,240,8740,CD,1,D1_pwm175_grab5
9395,1178,-820,9262,CD,1,D1_pwm175_grab5
9399,-3640,2264,12578,CD,1,D1_pwm175_grab5
9404,-2316,-3232,7194,CD,1,D1_pwm175_grab5
9410,76,3306,11886,CD,1,D1_pwm175_grab5
9414,3434,1786,11916,CD,1,D1_pwm175_grab5
9419,-1348,2106,10542,CD,1,D1_pwm175_grab5
9424,2994,-1238,7954,CD,1,D1_pwm175_grab5
9430,576,-174,9744,CD,1,D1_pwm175_grab5
9436,-826,1458,12900,CD,1,D1_pwm175_grab5
9441,-2410,-3390,7152,CD,1,D1_pwm175_grab5
9445,-252,2354,10856,CD,1,D1_pwm175_grab5
9450,2866,734,11092,CD,1,D1_pwm175_grab5
9456,-512,350,10786,CD,1,D1_pwm175_grab5
9460,2856,-2174,8262,CD,1,D1_pwm175_grab5
9466,78,524,10142,CD,1,D1_pwm175_grab5
9470,1914,394,11262,CD,1,D1_pwm175_grab5
9475,-1780,-2836,7716,CD,1,D1_pwm175_grab5
9480,-28,-768,9354,CD,1,D1_pwm175_grab5
9486,1190,2106,10620,CD,1,D1_pwm175_grab5
9490,-2022,2522,10574,CD,1,D1_pwm175_grab5
9495,2414,-906,8292,CD,1,D1_pwm175_grab5
9500,866,-550,9504,CD,1,D1_pwm175_grab5
9505,-1954,1796,12950,CD,1,D1_pwm175_grab5
9510,-2346,-3492,7022,CD,1,D1_pwm175_grab5
9515,-98,-3490,9164,CD,1,D1_pwm175_grab5
9521,-496,-24,10078,CD,1,D1_pwm175_grab5
9526,-3052,-662,8788,CD,1,D1_pwm175_grab5
9530,1090,1352,9060,CD,1,D1_pwm175_grab5
9536,1532,-1042,8920,CD,1,D1_pwm175_grab5
9540,-3268,2564,12018,CD,1,D1_pwm175_grab5
9546,-1194,-2336,7754,CD,1,D1_pwm175_grab5
9550,-136,-1498,8714,CD,1,D1_pwm175_grab5
9555,900,1848,10496,CD,1,D1_pwm175_grab5
9560,-2408,-3402,8568,CD,1,D1_pwm175_grab5
9565,204,2034,12566,CD,1,D1_pwm175_grab5
9571,1448,-366,9904,CD,1,D1_pwm175_grab5
9575,-2228,1862,11438,CD,1,D1_pwm175_grab5
9580,536,-540,9316,CD,1,D1_pwm175_grab5
9585,-246,-3788,9064,CD,1,D1_pwm175_grab5
9590,-572,-442,9994,CD,1,D1_pwm175_grab5
9596,-3062,-1078,8570,CD,1,D1_pwm175_grab5
9601,810,238,12820,CD,1,D1_pwm175_grab5
9605,-1646,1466,11206,CD,1,D1_pwm175_grab5
9611,-1332,278,10096,CD,1,D1_pwm175_grab5
9616,2576,232,10622,CD,1,D1_pwm175_grab5
9620,-454,-3766,10946,CD,1,D1_pwm175_grab5
9626,-1018,-2472,9488,CD,1,D1_pwm175_grab5
9631,-2272,-3828,8440,CD,1,D1_pwm175_grab5
9635,146,1834,12698,CD,1,D1_pwm175_grab5
9640,-576,1438,12326,CD,1,D1_pwm175_grab5
9645,-62,-1970,9366,CD,1,D1_pwm175_grab5
9655,-208,-1562,11504,CD,1,D1_pwm175_grab5
9660,-334,-3582,8598,CD,1,D1_pwm175_grab5
9665,-1496,-4906,8416,CD,1,D1_pwm175_grab5
9670,814,358,12638,CD,1,D1_pwm175_grab5
9675,-1410,1154,11778,CD,1,D1_pwm175_grab5
9681,694,-2818,8554,CD,1,D1_pwm175_grab5
9692,-924,-3638,10716,CD,1,D1_pwm175_grab5
9696,-1032,-2448,9286,CD,1,D1_pwm175_grab5
9702,-2352,-4010,8590,CD,1,D1_pwm175_grab5
9706,256,1848,12286,CD,1,D1_pwm175_grab5
9711,-658,1762,12288,CD,1,D1_pwm175_grab5
9716,818,-2124,9096,CD,1,D1_pwm175_grab5
9722,4506,602,10996,CD,1,D1_pwm175_grab5
9728,-298,-1610,11946,CD,1,D1_pwm175_grab5
9731,1270,-600,9926,CD,1,D1_pwm175_grab5
9736,-1342,-5024,8348,CD,1,D1_pwm175_grab5
9741,584,192,12768,CD,1,D1_pwm175_grab5
9746,-1600,1272,11626,CD,1,D1_pwm175_grab5
9751,714,-2786,8872,CD,1,D1_pwm175_grab5
9762,822,372,11524,CD,1,D1_pwm175_grab5
9767,784,-2898,8524,CD,1,D1_pwm175_grab5
9771,2484,-340,10960,CD,1,D1_pwm175_grab5
9776,840,-1264,11340,CD,1,D1_pwm175_grab5
9782,-1232,-212,10324,CD,1,D1_pwm175_grab5
9787,30,-1964,9392,CD,1,D1_pwm175_grab5
9797,1038,1286,10406,CD,1,D1_pwm175_grab5
9802,1276,-870,9778,CD,1,D1_pwm175_grab5
9806,1914,-2804,10266,CD,1,D1_pwm175_grab5
9812,564,-1666,10596,CD,1,D1_pwm175_grab5
9817,-176,-1616,8970,CD,1,D1_pwm175_grab5
9822,-814,-760,9834,CD,1,D1_pwm175_grab5
9826,5978,-816,10242,CD,1,D1_pwm175_grab5
9831,628,364,8942,CD,1,D1_pwm175_grab5
9837,1134,1616,11476,CD,1,D1_pwm175_grab5
9841,2126,-910,10894,CD,1,D1_pwm175_grab5
9847,338,-790,10824,CD,1,D1_pwm175_grab5
9852,1564,-2190,8246,CD,1,D1_pwm175_grab5
9857,-612,544,10180,CD,1,D1_pwm175_grab5
9861,3902,-368,10226,CD,1,D1_pwm175_grab5
9867,-800,-1752,7796,CD,1,D1_pwm175_grab5
9872,390,3074,12098,CD,1,D1_pwm175_grab5
9877,3294,1560,11342,CD,1,D1_pwm175_grab5
9881,-752,946,10806,CD,1,D1_pwm175_grab5
9886,3128,-2212,7996,CD,1,D1_pwm175_grab5
9891,-22,264,10132,CD,1,D1_pwm175_grab5
9897,6172,-812,9896,CD,1,D1_pwm175_grab5
9901,-2418,-3048,7380,CD,1,D1_pwm175_grab5
9907,-234,3234,11784,CD,1,D1_pwm175_grab5
9911,3576,2376,12316,CD,1,D1_pwm175_grab5
9916,-1864,2684,10868,CD,1,D1_pwm175_grab5
9921,2956,-892,8390,CD,1,D1_pwm175_grab5
9927,648,-344,9806,CD,1,D1_pwm175_grab5
9931,-1164,1920,13144,CD,1,D1_pwm175_grab5
9937,-448,-1244,8056,CD,1,D1_pwm175_grab5
9943,676,2950,12046,CD,1,D1_pwm175_grab5
9947,2910,962,11200,CD,1,D1_pwm175_grab5
9953,-198,552,10842,CD,1,D1_pwm175_grab5
9957,2804,-2128,8030,CD,1,D1_pwm175_grab5
9962,-184,620,9980,CD,1,D1_pwm175_grab5
9967,2132,684,11246,CD,1,D1_pwm175_grab5
9973,-1754,-2798,7776,CD,1,D1_pwm175_grab5
9977,1056,670,11280,CD,1,D1_pwm175_grab5
9982,2054,-1634,10676,CD,1,D1_pwm175_grab5
9987,-1460,2318,10626,CD,1,D1_pwm175_grab5
9992,3146,-1410,8096,CD,1,D1_pwm175_grab5
9998,488,16,9930,CD,1,D1_pwm175_grab5
10002,-172,1838,12952,CD,1,D1_pwm175_grab5
10008,-2574,-3276,7232,CD,1,D1_pwm175_grab5
10013,-156,2306,10960,CD,1,D1_pwm175_grab5
10018,2418,522,11164,CD,1,D1_pwm175_grab5
10022,-10,-10,11026,CD,1,D1_pwm175_grab5
10028,2124,140,8824,CD,1,D1_pwm175_grab5
10032,1112,-1020,9250,CD,1,D1_pwm175_grab5
10038,-3370,2880,12806,CD,1,D1_pwm175_grab5
10043,-2392,-2744,7372,CD,1,D1_pwm175_grab5
10047,418,340,9884,CD,1,D1_pwm175_grab5
10053,1074,2652,10562,CD,1,D1_pwm175_grab5
10058,-1130,1556,10720,CD,1,D1_pwm175_grab5
10063,3084,-1846,8068,CD,1,D1_pwm175_grab5
10068,304,246,9946,CD,1,D1_pwm175_grab5
10072,-3616,3004,11740,CD,1,D1_pwm175_grab5
10077,-1580,-1816,8252,CD,1,D1_pwm175_grab5
10082,180,-1884,9084,CD,1,D1_pwm175_grab5
10088,694,1310,10228,CD,1,D1_pwm175_grab5
10093,-3730,1934,9538,CD,1,D1_pwm175_grab5
10097,2554,-478,8302,CD,1,D1_pwm175_grab5
10102,836,-678,9368,CD,1,D1_pwm175_grab5
10107,-1852,2546,13326,CD,1,D1_pwm175_grab5
10112,184,-504,9200,CD,1,D1_pwm175_grab5
10117,64,-3426,9438,CD,1,D1_pwm175_grab5
10122,-264,-304,9970,CD,1,D1_pwm175_grab5
10127,-3660,-478,8640,CD,1,D1_pwm175_grab5
10132,-236,2970,11792,CD,1,D1_pwm175_grab5
10138,1418,-1030,8928,CD,1,D1_pwm175_grab5
10142,-3730,2924,12048,CD,1,D1_pwm175_grab5
10147,-2082,-2442,7752,CD,1,D1_pwm175_grab5
10153,224,-820,9224,CD,1,D1_pwm175_grab5
10157,-828,-1806,9554,CD,1,D1_pwm175_grab5
10163,-3112,-2554,8496,CD,1,D1_pwm175_grab5
10168,110,2652,12254,CD,1,D1_pwm175_grab5
10172,-20,1252,11814,CD,1,D1_pwm175_grab5
10177,-3076,2730,11314,CD,1,D1_pwm175_grab5
10182,-1140,-1166,8824,CD,1,D1_pwm175_grab5
10188,186,-2626,9098,CD,1,D1_pwm175_grab5
10192,410,550,10114,CD,1,D1_pwm175_grab5
10199,-3648,1076,9196,CD,1,D1_pwm175_grab5
10204,-260,3256,11496,CD,1,D1_pwm175_grab5
10208,1534,42,10658,CD,1,D1_pwm175_grab5
10214,-2422,1488,11180,CD,1,D1_pwm175_grab5
10219,-2436,-2882,7218,CD,1,D1_pwm175_grab5
10224,262,718,9882,CD,1,D1_pwm175_grab5
10228,1114,2756,10310,CD,1,D1_pwm175_grab5
10233,-3112,3326,10050,CD,1,D1_pwm175_grab5
10238,1416,1670,9056,CD,1,D1_pwm175_grab5
10243,1062,1070,11546,CD,1,D1_pwm175_grab5
10248,-1604,-386,10268,CD,1,D1_pwm175_grab5
10254,1872,226,10478,CD,1,D1_pwm175_grab5
10258,-504,-3816,10688,CD,1,D1_pwm175_grab5
10264,1084,1882,10596,CD,1,D1_pwm175_grab5
10268,-3824,2720,9670,CD,1,D1_pwm175_grab5
10274,602,2506,10034,CD,1,D1_pwm175_grab5
10278,1632,-780,9264,CD,1,D1_pwm175_grab5
10284,-848,-1864,8966,CD,1,D1_pwm175_grab5
10288,3272,130,10740,CD,1,D1_pwm175_grab5
10293,-956,-2880,11300,CD,1,D1_pwm175_grab5
10298,-768,-2958,9076,CD,1,D1_pwm175_grab5
10304,-3806,1250,9130,CD,1,D1_pwm175_grab5
10308,-268,3244,11250,CD,1,D1_pwm175_grab5
10314,1436,-30,10602,CD,1,D1_pwm175_grab5
10318,-2386,1544,11008,CD,1,D1_pwm175_grab5
10324,234,-182,9430,CD,1,D1_pwm175_grab5
10328,-746,-1318,11288,CD,1,D1_pwm175_grab5
10334,-402,-3332,8632,CD,1,D1_pwm175_grab5
10338,-1986,-5332,8792,CD,1,D1_pwm175_grab5
10343,-392,3160,12198,CD,1,D1_pwm175_grab5
10349,1216,910,11614,CD,1,D1_pwm175_grab5
10353,-1722,-204,10490,CD,1,D1_pwm175_grab5
10358,1274,188,10166,CD,1,D1_pwm175_grab5
10363,-380,-3800,10636,CD,1,D1_pwm175_grab5
10368,144,-3074,8392,CD,1,D1_pwm175_grab5
10373,-1062,-5358,8268,CD,1,D1_pwm175_grab5
10378,800,-532,12342,CD,1,D1_pwm175_grab5
10383,474,1444,11936,CD,1,D1_pwm175_grab5
10389,-1080,-1684,9192,CD,1,D1_pwm175_grab5
10394,2822,98,10752,CD,1,D1_pwm175_grab5
10398,-988,-3140,11260,CD,1,D1_pwm175_grab5
10404,-720,-2602,9170,CD,1,D1_pwm175_grab5
10409,-2886,-3918,8350,CD,1,D1_pwm175_grab5
10414,696,-1628,11460,CD,1,D1_pwm175_grab5
10418,-1364,-102,10238,CD,1,D1_pwm175_grab5
10424,-372,-2576,8534,CD,1,D1_pwm175_grab5
10433,-994,-2176,11276,CD,1,D1_pwm175_grab5
10438,-618,-3210,8824,CD,1,D1_pwm175_grab5
10443,-2310,-5060,8654,CD,1,D1_pwm175_grab5
10448,388,1274,12708,CD,1,D1_pwm175_grab5
10454,-1318,1738,11988,CD,1,D1_pwm175_grab5
10460,700,-3128,8508,CD,1,D1_pwm175_grab5
10464,374,-88,9510,CD,1,D1_pwm175_grab5
10470,-206,-3456,10294,CD,1,D1_pwm175_grab5
10475,-326,-1186,9586,CD,1,D1_pwm175_grab5
10479,-3522,-1378,8460,CD,1,D1_pwm175_grab5
10484,-340,3190,12326,CD,1,D1_pwm175_grab5
10490,1128,1184,11726,CD,1,D1_pwm175_grab5
10496,-1624,-392,10370,CD,1,D1_pwm175_grab5
10504,-584,-3622,10710,CD,1,D1_pwm175_grab5
10509,-718,-1910,9458,CD,1,D1_pwm175_grab5
10514,-3384,-2580,8324,CD,1,D1_pwm175_grab5
10519,-382,2682,12316,CD,1,D1_pwm175_grab5
10525,484,1540,11924,CD,1,D1_pwm175_grab5
10529,-1132,-1328,9474,CD,1,D1_pwm175_grab5
10534,2548,94,10776,CD,1,D1_pwm175_grab5
10540,742,322,11418,CD,1,D1_pwm175_grab5
10545,-814,-2438,9244,CD,1,D1_pwm175_grab5
10549,-3104,-3476,8354,CD,1,D1_pwm175_grab5
10554,-236,2240,12416,CD,1,D1_pwm175_grab5
10560,-360,1530,11914,CD,1,D1_pwm175_grab5
10564,-624,-2428,8774,CD,1,D1_pwm175_grab5
10575,-1208,-2428,11296,CD,1,D1_pwm175_grab5
10579,-656,-3012,8916,CD,1,D1_pwm175_grab5
10584,-2722,-4720,8552,CD,1,D1_pwm175_grab5
10589,142,1596,12486,CD,1,D1_pwm175_grab5
10594,-952,1828,12224,CD,1,D1_pwm175_grab5
10599,182,-2834,8390,CD,1,D1_pwm175_grab5
10610,-1048,-1676,11360,CD,1,D1_pwm175_grab5
10614,-420,-3270,8724,CD,1,D1_pwm175_grab5
10619,-2304,-5318,8558,CD,1,D1_pwm175_grab5
10624,254,744,12496,CD,1,D1_pwm175_grab5
10629,-1260,1778,12160,CD,1,D1_pwm175_grab5
10635,898,-3272,8542,CD,1,D1_pwm175_grab5
10644,-632,-870,11638,CD,1,D1_pwm175_grab5
10649,-104,-3102,8648,CD,1,D1_pwm175_grab5
10655,-1692,-5576,8510,CD,1,D1_pwm175_grab5
10660,442,-130,12548,CD,1,D1_pwm175_grab5
10664,960,1206,11566,CD,1,D1_pwm175_grab5
10670,1116,-3224,9056,CD,1,D1_pwm175_grab5
10680,162,-172,11510,CD,1,D1_pwm175_grab5
10684,322,-2880,8524,CD,1,D1_pwm175_grab5
10690,-1022,-5256,8312,CD,1,D1_pwm175_grab5
10695,764,-720,12202,CD,1,D1_pwm175_grab5
10699,-1646,668,10996,CD,1,D1_pwm175_grab5
10705,-908,-1526,9340,CD,1,D1_pwm175_grab5
10710,2500,156,10466,CD,1,D1_pwm175_grab5
10716,-1168,-3022,11180,CD,1,D1_pwm175_grab5
10720,-762,-2752,9054,CD,1,D1_pwm175_grab5
10725,-3034,-3948,8356,CD,1,D1_pwm175_grab5
10730,-50,2276,12306,CD,1,D1_pwm175_grab5
10735,-490,1666,12306,CD,1,D1_pwm175_grab5
10740,-262,-2398,8526,CD,1,D1_pwm175_grab5
10746,-774,-648,9154,CD,1,D1_pwm175_grab5
10750,88,-2988,9410,CD,1,D1_pwm175_grab5
10755,-624,-3082,8834,CD,1,D1_pwm175_grab5
10761,-2608,-4976,8376,CD,1,D1_pwm175_grab5
10765,-82,1284,12346,CD,1,D1_pwm175_grab5
10771,-896,1798,12302,CD,1,D1_pwm175_grab5
10775,522,-3024,8434,CD,1,D1_pwm175_grab5
10785,-116,-3570,9770,CD,1,D1_pwm175_grab5
10790,-220,-764,9758,CD,1,D1_pwm175_grab5
10795,-1998,-5480,8408,CD,1,D1_pwm175_grab5
10800,184,396,12658,CD,1,D1_pwm175_grab5
10806,-1452,1602,11972,CD,1,D1_pwm175_grab5
10810,1114,-3228,8948,CD,1,D1_pwm175_grab5
10820,-226,-340,11636,CD,1,D1_pwm175_grab5
10826,-568,-1780,9520,CD,1,D1_pwm175_grab5
10836,-120,3052,12284,CD,1,D1_pwm175_grab5
10840,-1626,1010,11440,CD,1,D1_pwm175_grab5
10845,900,-3222,9190,CD,1,D1_pwm175_grab5
10856,454,238,11230,CD,1,D1_pwm175_grab5
10860,472,-2798,8412,CD,1,D1_pwm175_grab5
10865,-942,-5090,8268,CD,1,D1_pwm175_grab5
10870,-194,2700,12164,CD,1,D1_pwm175_grab5
10876,4,1588,12278,CD,1,D1_pwm175_grab5
10880,210,-2886,9198,CD,1,D1_pwm175_grab5
10891,994,520,10814,CD,1,D1_pwm175_grab5
10895,548,-1678,9018,CD,1,D1_pwm175_grab5
10901,-438,-4518,8308,CD,1,D1_pwm175_grab5
10905,826,-1684,11262,CD,1,D1_pwm175_grab5
10910,-484,1764,12292,CD,1,D1_pwm175_grab5
10915,-190,-2416,8610,CD,1,D1_pwm175_grab5
10926,1352,686,10546,CD,1,D1_pwm175_grab5
10930,776,-960,9612,CD,1,D1_pwm175_grab5
10936,648,-3652,9144,CD,1,D1_pwm175_grab5
10940,860,-1808,11004,CD,1,D1_pwm175_grab5
10945,-1220,-970,9170,CD,1,D1_pwm175_grab5
10950,454,-2878,8760,CD,1,D1_pwm175_grab5
10961,-716,-1078,11746,CD,1,D1_pwm175_grab5
10966,-222,-3368,8706,CD,1,D1_pwm175_grab5
10972,-2158,-5486,8418,CD,1,D1_pwm175_grab5
10976,322,574,12808,CD,1,D1_pwm175_grab5
10981,-1324,1374,12144,CD,1,D1_pwm175_grab5
10986,870,-3522,8868,CD,1,D1_pwm175_grab5
10991,842,216,9838,CD,1,D1_pwm175_grab5
10997,-500,-3326,10328,CD,1,D1_pwm175_grab5
11001,-296,-1858,9270,CD,1,D1_pwm175_grab5
11008,-3616,-1992,8390,CD,1,D1_pwm175_grab5
11011,734,-192,12574,CD,1,D1_pwm175_grab5
11017,-1496,1000,11594,CD,1,D1_pwm175_grab5
11021,826,-3366,8910,CD,1,D1_pwm175_grab5
11032,-1068,-3296,10928,CD,1,D1_pwm175_grab5
11036,-496,-2194,9218,CD,1,D1_pwm175_grab5
11042,-3350,-2782,8258,CD,1,D1_pwm175_grab5
11047,-504,2628,11966,CD,1,D1_pwm175_grab5
11051,-1738,812,10696,CD,1,D1_pwm175_grab5
11056,426,-2952,9128,CD,1,D1_pwm175_grab5
11066,916,432,10910,CD,1,D1_pwm175_grab5
11072,-554,-2650,9216,CD,1,D1_pwm175_grab5
11076,-3194,-3734,8110,CD,1,D1_pwm175_grab5
11081,-674,2230,12258,CD,1,D1_pwm175_grab5
11087,-194,1586,12264,CD,1,D1_pwm175_grab5
11091,-780,-1738,9126,CD,1,D1_pwm175_grab5
11101,1212,600,10796,CD,1,D1_pwm175_grab5
11106,500,-1520,9188,CD,1,D1_pwm175_grab5
11112,-2852,-4500,8184,CD,1,D1_pwm175_grab5
11117,-334,1714,12582,CD,1,D1_pwm175_grab5
11121,-546,1648,12384,CD,1,D1_pwm175_grab5
11126,-326,-2360,8702,CD,1,D1_pwm175_grab5
11137,1306,750,10582,CD,1,D1_pwm175_grab5
11141,600,-948,9880,CD,1,D1_pwm175_grab5
11146,608,-3656,9088,CD,1,D1_pwm175_grab5
11152,-32,1144,12790,CD,1,D1_pwm175_grab5
11157,-866,1628,12174,CD,1,D1_pwm175_grab5
11161,58,-3124,8296,CD,1,D1_pwm175_grab5
11171,-838,-1238,11292,CD,1,D1_pwm175_grab5
11176,-254,-3156,8672,CD,1,D1_pwm175_grab5
11181,1462,-3174,9850,CD,1,D1_pwm175_grab5
11186,452,-1924,10782,CD,1,D1_pwm175_grab5
11192,-1350,1596,11708,CD,1,D1_pwm175_grab5
11197,596,-3468,8502,CD,1,D1_pwm175_grab5
11206,-466,-538,11084,CD,1,D1_pwm175_grab5
11211,-68,-3140,8636,CD,1,D1_pwm175_grab5
11216,-1824,-5416,8782,CD,1,D1_pwm175_grab5
11223,882,266,12974,CD,1,D1_pwm175_grab5
11228,-1756,1350,11400,CD,1,D1_pwm175_grab5
11232,-1556,-136,10392,CD,1,D1_pwm175_grab5
11238,1186,254,10136,CD,1,D1_pwm175_grab5
11243,-534,-3268,11154,CD,1,D1_pwm175_grab5
11247,-494,-2124,9268,CD,1,D1_pwm175_grab5
11252,-3456,-2486,8308,CD,1,D1_pwm175_grab5
11257,-600,2954,12406,CD,1,D1_pwm175_grab5
11264,586,1298,11854,CD,1,D1_pwm175_grab5
11267,798,-3208,8892,CD,1,D1_pwm175_grab5
11273,1934,148,10428,CD,1,D1_pwm175_grab5
11278,-916,-3182,11288,CD,1,D1_pwm175_grab5
11283,-614,-2488,9126,CD,1,D1_pwm175_grab5
11287,-3252,-3140,8214,CD,1,D1_pwm175_grab5
11292,-566,2594,12378,CD,1,D1_pwm175_grab5
11298,254,1616,12034,CD,1,D1_pwm175_grab5
11302,-1098,-1486,9108,CD,1,D1_pwm175_grab5
11312,-1070,-3002,11302,CD,1,D1_pwm175_grab5
11317,-732,-2740,9054,CD,1,D1_pwm175_grab5
11323,-3116,-3866,8264,CD,1,D1_pwm175_grab5
11328,-446,2042,12466,CD,1,D1_pwm175_grab5
11332,-326,1594,11952,CD,1,D1_pwm175_grab5
11337,-648,-2226,8560,CD,1,D1_pwm175_grab5
11342,3496,176,10960,CD,1,D1_pwm175_grab5
11347,-1242,-2266,11400,CD,1,D1_pwm175_grab5
11352,686,-1328,9574,CD,1,D1_pwm175_grab5
11357,-2774,-4720,8390,CD,1,D1_pwm175_grab5
11363,206,1542,12612,CD,1,D1_pwm175_grab5
11367,-1042,1556,12074,CD,1,D1_pwm175_grab5
11373,-96,-2828,8264,CD,1,D1_pwm175_grab5
11382,-1138,-1262,11368,CD,1,D1_pwm175_grab5
11388,-378,-3272,8742,CD,1,D1_pwm175_grab5
11393,1158,-3174,9670,CD,1,D1_pwm175_grab5
11397,438,872,12536,CD,1,D1_pwm175_grab5
11403,-1248,1644,12262,CD,1,D1_pwm175_grab5
11407,742,-3188,8424,CD,1,D1_pwm175_grab5
11418,-832,-664,11480,CD,1,D1_pwm175_grab5
11422,-138,-3178,8600,CD,1,D1_pwm175_grab5
11427,-2088,-5530,8450,CD,1,D1_pwm175_grab5
11433,430,200,12606,CD,1,D1_pwm175_grab5
11438,-1376,1446,11860,CD,1,D1_pwm175_grab5
11442,1010,-3412,8760,CD,1,D1_pwm175_grab5
11453,-278,-194,11762,CD,1,D1_pwm175_grab5
11457,116,-2846,8804,CD,1,D1_pwm175_grab5
11462,-1444,-5542,8496,CD,1,D1_pwm175_grab5
11467,536,-428,12538,CD,1,D1_pwm175_grab5
11472,-1638,1044,11378,CD,1,D1_pwm175_grab5
11479,-1348,-472,10128,CD,1,D1_pwm175_grab5
11483,1836,380,10422,CD,1,D1_pwm175_grab5
11489,-828,-3346,10890,CD,1,D1_pwm175_grab5
11493,-618,-2530,9230,CD,1,D1_pwm175_grab5
11499,-3420,-3104,8376,CD,1,D1_pwm175_grab5
11503,-256,2772,12202,CD,1,D1_pwm175_grab5
11508,6,1252,11900,CD,1,D1_pwm175_grab5
11513,-858,-1650,9224,CD,1,D1_pwm175_grab5
11518,-1888,-1128,8906,CD,1,D1_pwm175_grab5
11523,-1270,-2584,11324,CD,1,D1_pwm175_grab5
11528,-482,-2912,8908,CD,1,D1_pwm175_grab5
11533,-3126,-4018,8278,CD,1,D1_pwm175_grab5
11538,-266,2176,12090,CD,1,D1_pwm175_grab5
11544,-476,1690,12238,CD,1,D1_pwm175_grab5
11548,-324,-2398,8550,CD,1,D1_pwm175_grab5
11558,128,-2992,9356,CD,1,D1_pwm175_grab5
11563,-458,-3028,8908,CD,1,D1_pwm175_grab5
11568,-2732,-4804,8176,CD,1,D1_pwm175_grab5
11573,-276,1348,12210,CD,1,D1_pwm175_grab5
11579,-868,1756,12260,CD,1,D1_pwm175_grab5
11583,178,-2832,8538,CD,1,D1_pwm175_grab5
11593,-1210,-1320,11906,CD,1,D1_pwm175_grab5
11598,96,-1000,9758,CD,1,D1_pwm175_grab5
11608,192,664,12774,CD,1,D1_pwm175_grab5
11614,-1262,1418,12082,CD,1,D1_pwm175_grab5
11618,708,-3160,8864,CD,1,D1_pwm175_grab5
11628,-442,-416,11670,CD,1,D1_pwm175_grab5
11634,32,-3060,8662,CD,1,D1_pwm175_grab5
11644,-176,3056,11950,CD,1,D1_pwm175_grab5
11648,-1520,1022,11642,CD,1,D1_pwm175_grab5
11653,834,-3520,8922,CD,1,D1_pwm175_grab5
11664,242,278,11226,CD,1,D1_pwm175_grab5
11668,422,-2578,8634,CD,1,D1_pwm175_grab5
11674,-1026,-5166,8364,CD,1,D1_pwm175_grab5
11678,-348,2776,11880,CD,1,D1_pwm175_grab5
11684,-60,1392,11902,CD,1,D1_pwm175_grab5
11689,-736,-1438,9278,CD,1,D1_pwm175_grab5
11699,980,662,10990,CD,1,D1_pwm175_grab5
11703,522,-1722,9178,CD,1,D1_pwm175_grab5
11709,-476,-4714,8162,CD,1,D1_pwm175_grab5
11714,830,-1348,11536,CD,1,D1_pwm175_grab5
11719,-510,1622,12128,CD,1,D1_pwm175_grab5
11724,-396,-2162,8732,CD,1,D1_pwm175_grab5
11729,3570,280,10892,CD,1,D1_pwm175_grab5
11734,-1324,-2050,11988,CD,1,D1_pwm175_grab5
11740,-442,-3168,8986,CD,1,D1_pwm175_grab5
11744,-2564,-4900,8188,CD,1,D1_pwm175_grab5
11750,-148,1322,12636,CD,1,D1_pwm175_grab5
11755,-984,1604,12302,CD,1,D1_pwm175_grab5
11759,-2066,1784,10840,CD,1,D1_pwm175_grab5
11764,248,-8,9496,CD,1,D1_pwm175_grab5
11769,-254,-3496,9422,CD,1,D1_pwm175_grab5
11774,-112,-1246,9512,CD,1,D1_pwm175_grab5
11779,-2146,-5344,8472,CD,1,D1_pwm175_grab5
11784,484,594,12888,CD,1,D1_pwm175_grab5
11790,-1302,1456,12068,CD,1,D1_pwm175_grab5
11794,662,-3316,8638,CD,1,D1_pwm175_grab5
11800,902,424,9970,CD,1,D1_pwm175_grab5
11804,-656,-3446,10164,CD,1,D1_pwm175_grab5
11810,-398,-2084,9006,CD,1,D1_pwm175_grab5
11814,-3622,-2260,8318,CD,1,D1_pwm175_grab5
11819,732,-352,12576,CD,1,D1_pwm175_grab5
11825,-1616,1004,11170,CD,1,D1_pwm175_grab5
11829,652,-3654,8784,CD,1,D1_pwm175_grab5
11840,-1098,-3036,11270,CD,1,D1_pwm175_grab5
11844,-402,-2664,9004,CD,1,D1_pwm175_grab5
11849,-3244,-3428,8178,CD,1,D1_pwm175_grab5
11855,-626,2296,11934,CD,1,D1_pwm175_grab5
11859,-312,1522,11856,CD,1,D1_pwm175_grab5
11864,30,-3150,9170,CD,1,D1_pwm175_grab5
11875,1164,822,10990,CD,1,D1_pwm175_grab5
11880,-526,-3116,9100,CD,1,D1_pwm175_grab5
11884,-2870,-4320,8200,CD,1,D1_pwm175_grab5
11890,-374,1744,12468,CD,1,D1_pwm175_grab5
11894,-718,1478,12194,CD,1,D1_pwm175_grab5
11900,-354,-1944,8824,CD,1,D1_pwm175_grab5
11909,1410,956,10698,CD,1,D1_pwm175_grab5
11914,682,-692,9908,CD,1,D1_pwm175_grab5
11920,-2418,-5046,8360,CD,1,D1_pwm175_grab5
11925,110,1094,12780,CD,1,D1_pwm175_grab5
11929,-1034,1494,12150,CD,1,D1_pwm175_grab5
11934,212,-2858,8386,CD,1,D1_pwm175_grab5
11945,-606,-590,11402,CD,1,D1_pwm175_grab5
11949,688,378,10926,CD,1,D1_pwm175_grab5
11955,2186,-2568,10516,CD,1,D1_pwm175_grab5
11959,540,-1728,10700,CD,1,D1_pwm175_grab5
11965,-1426,1428,11542,CD,1,D1_pwm175_grab5
11970,680,-3484,8534,CD,1,D1_pwm175_grab5
11979,116,96,11270,CD,1,D1_pwm175_grab5
11985,196,-2888,8786,CD,1,D1_pwm175_grab5
11990,-1300,-5238,8468,CD,1,D1_pwm175_grab5
11995,858,-480,12520,CD,1,D1_pwm175_grab5
12000,100,1274,11752,CD,1,D1_pwm175_grab5
12005,-1242,-268,9980,CD,1,D1_pwm175_grab5
12010,2122,624,10890,CD,1,D1_pwm175_grab5
12016,-864,-3244,11446,CD,1,D1_pwm175_grab5
12020,-564,-2850,9154,CD,1,D1_pwm175_grab5
12026,-3216,-3430,8236,CD,1,D1_pwm175_grab5
12030,-542,2440,12316,CD,1,D1_pwm175_grab5
12035,-1810,188,10460,CD,1,D1_pwm175_grab5
12041,74,-3238,9054,CD,1,D1_pwm175_grab5
12046,3144,630,11156,CD,1,D1_pwm175_grab5
12051,-1200,-2202,11786,CD,1,D1_pwm175_grab5
12055,-544,-3198,8954,CD,1,D1_pwm175_grab5
12060,-2940,-4412,8170,CD,1,D1_pwm175_grab5
12066,-272,1698,12560,CD,1,D1_pwm175_grab5
12070,-614,1572,12054,CD,1,D1_pwm175_grab5
12075,-324,-2706,9512,CD,1,D1_pwm175_grab5
12085,-1080,-1300,11648,CD,1,D1_pwm175_grab5
12090,-348,-3276,8762,CD,1,D1_pwm175_grab5
12095,-2324,-5260,8364,CD,1,D1_pwm175_grab5
12100,184,832,12742,CD,1,D1_pwm175_grab5
12106,-1194,1680,11798,CD,1,D1_pwm175_grab5
12111,272,-2944,8314,CD,1,D1_pwm175_grab5
12120,1316,684,10044,CD,1,D1_pwm175_grab5
12126,-88,-3222,8830,CD,1,D1_pwm175_grab5
12131,-2014,-5354,8600,CD,1,D1_pwm175_grab5
12135,730,182,12750,CD,1,D1_pwm175_grab5
12141,-1670,1226,11384,CD,1,D1_pwm175_grab5
12146,810,-3318,8584,CD,1,D1_pwm175_grab5
12155,82,288,11374,CD,1,D1_pwm175_grab5
12160,872,1402,11464,CD,1,D1_pwm175_grab5
12166,-1344,-5310,8662,CD,1,D1_pwm175_grab5
12171,988,-256,12388,CD,1,D1_pwm175_grab5
12175,-1742,734,11216,CD,1,D1_pwm175_grab5
12180,638,-3434,8688,CD,1,D1_pwm175_grab5
12190,432,654,11604,CD,1,D1_pwm175_grab5
12196,294,-2318,8934,CD,1,D1_pwm175_grab5
12200,-726,-5084,8210,CD,1,D1_pwm175_grab5
12206,754,-828,11934,CD,1,D1_pwm175_grab5
12210,-1554,420,10718,CD,1,D1_pwm175_grab5
12216,154,-3376,8898,CD,1,D1_pwm175_grab5
12225,940,896,11576,CD,1,D1_pwm175_grab5
12231,568,-1634,9338,CD,1,D1_pwm175_grab5
12235,-370,-4744,8022,CD,1,D1_pwm175_grab5
12240,616,-1394,11384,CD,1,D1_pwm175_grab5
12247,-444,1656,11896,CD,1,D1_pwm175_grab5
12251,-784,-1672,8720,CD,1,D1_pwm175_grab5
12262,-1124,-1854,11540,CD,1,D1_pwm175_grab5
12266,-464,-3440,8904,CD,1,D1_pwm175_grab5
12271,-2674,-4982,8332,CD,1,D1_pwm175_grab5
12276,194,1192,12656,CD,1,D1_pwm175_grab5
12281,-1090,1416,11932,CD,1,D1_pwm175_grab5
12288,-2030,2426,10984,CD,1,D1_pwm175_grab5
12297,-876,-988,11408,CD,1,D1_pwm175_grab5
12301,-340,-3502,8788,CD,1,D1_pwm175_grab5
12306,-2388,-5360,8572,CD,1,D1_pwm175_grab5
12312,532,716,12496,CD,1,D1_pwm175_grab5
12316,-1466,1412,11992,CD,1,D1_pwm175_grab5
12322,638,-3044,8398,CD,1,D1_pwm175_grab5
12326,602,304,10004,CD,1,D1_pwm175_grab5
12331,-614,-206,11648,CD,1,D1_pwm175_grab5
12337,-12,-3268,8626,CD,1,D1_pwm175_grab5
12341,-1830,-5414,8504,CD,1,D1_pwm175_grab5
12346,458,-20,12360,CD,1,D1_pwm175_grab5
12352,-1574,1274,11692,CD,1,D1_pwm175_grab5
12357,880,-3406,8636,CD,1,D1_pwm175_grab5
12366,-652,-3494,10672,CD,1,D1_pwm175_grab5
12372,-550,-2492,9134,CD,1,D1_pwm175_grab5
12376,-1118,-5366,8226,CD,1,D1_pwm175_grab5
12382,584,-628,12214,CD,1,D1_pwm175_grab5
12386,-1664,758,11106,CD,1,D1_pwm175_grab5
12391,514,-3298,9086,CD,1,D1_pwm175_grab5
12402,724,614,11782,CD,1,D1_pwm175_grab5
12406,-634,-2976,9112,CD,1,D1_pwm175_grab5
12412,-3312,-3512,8272,CD,1,D1_pwm175_grab5
12416,826,-940,11764,CD,1,D1_pwm175_grab5
12421,-1552,130,10636,CD,1,D1_pwm175_grab5
12426,106,-3258,9334,CD,1,D1_pwm175_grab5
12436,1142,994,11404,CD,1,D1_pwm175_grab5
12441,662,-1460,9450,CD,1,D1_pwm175_grab5
12446,-3022,-4492,8292,CD,1,D1_pwm175_grab5
12452,-20,1696,12158,CD,1,D1_pwm175_grab5
12456,-888,1580,12014,CD,1,D1_pwm175_grab5
12462,-368,-3156,9198,CD,1,D1_pwm175_grab5
12472,1360,1140,10948,CD,1,D1_pwm175_grab5
12476,766,-622,9826,CD,1,D1_pwm175_grab5
12482,440,-3804,8970,CD,1,D1_pwm175_grab5
12486,-140,1014,12126,CD,1,D1_pwm175_grab5
12491,-1116,1562,11876,CD,1,D1_pwm175_grab5
12497,56,-2248,8576,CD,1,D1_pwm175_grab5
12507,-912,-1314,11924,CD,1,D1_pwm175_grab5
12512,-278,-3542,8900,CD,1,D1_pwm175_grab5
12518,-2316,-5394,8164,CD,1,D1_pwm175_grab5
12522,-30,554,12422,CD,1,D1_pwm175_grab5
12527,1268,686,11096,CD,1,D1_pwm175_grab5
12532,-1882,2024,11024,CD,1,D1_pwm175_grab5
12537,586,172,9964,CD,1,D1_pwm175_grab5
12544,-362,-3942,9686,CD,1,D1_pwm175_grab5
12548,-42,-3446,8748,CD,1,D1_pwm175_grab5
12552,-1916,-5432,8486,CD,1,D1_pwm175_grab5
12557,412,328,12570,CD,1,D1_pwm175_grab5
12562,-1448,1144,11784,CD,1,D1_pwm175_grab5
12567,-1558,1326,10852,CD,1,D1_pwm175_grab5
12573,1174,702,10226,CD,1,D1_pwm175_grab5
12578,-566,-3872,10154,CD,1,D1_pwm175_grab5
12583,-488,-2292,9046,CD,1,D1_pwm175_grab5
12588,-1554,-5458,8598,CD,1,D1_pwm175_grab5
12593,692,-156,12438,CD,1,D1_pwm175_grab5
12597,-1506,1018,11394,CD,1,D1_pwm175_grab5
12602,670,-3568,8492,CD,1,D1_pwm175_grab5
12612,-836,-3640,10624,CD,1,D1_pwm175_grab5
12617,-582,-2732,8812,CD,1,D1_pwm175_grab5
12622,-3640,-2838,8196,CD,1,D1_pwm175_grab5
12628,-468,2418,11878,CD,1,D1_pwm175_grab5
12633,-1676,678,10708,CD,1,D1_pwm175_grab5
12637,482,-3502,8728,CD,1,D1_pwm175_grab5
12648,824,840,11372,CD,1,D1_pwm175_grab5
12652,-498,-3168,8958,CD,1,D1_pwm175_grab5
12658,-3356,-3850,8088,CD,2,D1_pwm175_grab5
12663,-534,1996,12098,CD,2,D1_pwm175_grab5
12667,-372,1530,12092,CD,2,D1_pwm175_grab5
12673,70,-3358,8956,CD,2,D1_pwm175_grab5
12682,1094,1138,11404,CD,2,D1_pwm175_grab5
12687,598,-1722,9292,CD,2,D1_pwm175_grab5
12693,-3104,-4290,8168,CD,2,D1_pwm175_grab5
12697,-310,1818,12412,CD,2,D1_pwm175_grab5
12702,-556,1494,12186,CD,2,D1_pwm175_grab5
12707,-784,-1338,9036,CD,2,D1_pwm175_grab5
12712,3540,926,11530,CD,2,D1_pwm175_grab5
12717,1242,1270,11306,CD,2,D1_pwm175_grab5
12722,592,-1054,9712,CD,2,D1_pwm175_grab5
12728,140,-4068,8514,CD,2,D1_pwm175_grab5
12732,-174,1400,12548,CD,2,D1_pwm175_grab5
12737,-806,1722,12002,CD,2,D1_pwm175_grab5
12743,-560,-1982,8572,CD,2,D1_pwm175_grab5
12752,-976,-1468,11614,CD,2,D1_pwm175_grab5
12759,-390,-3574,8682,CD,2,D1_pwm175_grab5
12763,-2454,-5484,8234,CD,2,D1_pwm175_grab5
12768,14,818,12588,CD,2,D1_pwm175_grab5
12773,1142,770,11082,CD,2,D1_pwm175_grab5
12779,-1844,2596,10994,CD,2,D1_pwm175_grab5
12784,-30,-276,9976,CD,2,D1_pwm175_grab5
12789,-312,-3992,9542,CD,2,D1_pwm175_grab5
12794,-172,-1426,9502,CD,2,D1_pwm175_grab5
12800,-4114,-960,8374,CD,2,D1_pwm175_grab5
12804,504,382,12608,CD,2,D1_pwm175_grab5
12809,-1504,1316,11700,CD,2,D1_pwm175_grab5
12814,-1866,2208,11074,CD,2,D1_pwm175_grab5
12818,540,160,10134,CD,2,D1_pwm175_grab5
12824,-362,-3866,10212,CD,2,D1_pwm175_grab5
12828,-358,-2010,9074,CD,2,D1_pwm175_grab5
12833,-3850,-1820,8284,CD,2,D1_pwm175_grab5
12838,-518,2784,12100,CD,2,D1_pwm175_grab5
12844,-1752,1140,11610,CD,2,D1_pwm175_grab5
12848,606,-3146,8376,CD,2,D1_pwm175_grab5
12853,878,440,10298,CD,2,D1_pwm175_grab5
12859,-518,-3746,10546,CD,2,D1_pwm175_grab5
12864,-490,-2370,8888,CD,2,D1_pwm175_grab5
12873,-524,2610,12122,CD,2,D1_pwm175_grab5
12879,770,1536,11664,CD,2,D1_pwm175_grab5
12883,-1436,946,10738,CD,2,D1_pwm175_grab5
12894,-650,-3956,10632,CD,2,D1_pwm175_grab5
12899,-708,-2576,9204,CD,2,D1_pwm175_grab5
12903,-3718,-2716,8182,CD,2,D1_pwm175_grab5
12909,-318,2366,12230,CD,2,D1_pwm175_grab5
12914,376,1406,11760,CD,2,D1_pwm175_grab5
12918,-1274,396,10180,CD,2,D1_pwm175_grab5
12924,1960,824,10776,CD,2,D1_pwm175_grab5
12928,568,656,11878,CD,2,D1_pwm175_grab5
12933,-612,-3050,9166,CD,2,D1_pwm175_grab5
12939,-3536,-3344,8166,CD,2,D1_pwm175_grab5
12943,-158,2386,12366,CD,2,D1_pwm175_grab5
12948,-62,1438,11844,CD,2,D1_pwm175_grab5
12954,-1096,-92,9806,CD,2,D1_pwm175_grab5
12959,2222,878,10874,CD,2,D1_pwm175_grab5
12963,-1040,-3184,11096,CD,2,D1_pwm175_grab5
12969,-688,-3306,8706,CD,2,D1_pwm175_grab5
12973,-3420,-3744,8076,CD,2,D1_pwm175_grab5
12979,-144,2218,12078,CD,2,D1_pwm175_grab5
12983,-422,1632,11984,CD,2,D1_pwm175_grab5
12989,-844,-600,9462,CD,2,D1_pwm175_grab5
12994,2624,1102,11162,CD,2,D1_pwm175_grab5
12998,-1246,-2728,11420,CD,2,D1_pwm175_grab5
13004,-660,-3444,8572,CD,2,D1_pwm175_grab5
13008,-3296,-4402,7954,CD,2,D1_pwm175_grab5
13015,412,2878,10796,CD,2,D1_pwm175_grab5
13019,1946,474,10410,CD,2,D1_pwm175_grab5
13024,-2688,3592,11506,CD,2,D1_pwm175_grab5
13030,-1126,-1412,9516,CD,2,D1_pwm175_grab5
13035,118,-3508,8658,CD,2,D1_pwm175_grab5
13039,344,80,10094,CD,2,D1_pwm175_grab5
13049,330,2844,10938,CD,2,D1_pwm175_grab5
13054,1082,-192,9632,CD,2,D1_pwm175_grab5
13059,-2422,3458,11298,CD,2,D1_pwm175_grab5
13065,-954,-1000,9516,CD,2,D1_pwm175_grab5
13069,-6,-3604,8658,CD,2,D1_pwm175_grab5
13074,454,-276,9926,CD,2,D1_pwm175_grab5
13084,326,3074,11028,CD,2,D1_pwm175_grab5
13089,1592,460,10612,CD,2,D1_pwm175_grab5
13094,-1206,2508,13866,CD,2,D1_pwm175_grab5
13099,-634,-616,9614,CD,2,D1_pwm175_grab5
13104,-140,-3664,8586,CD,2,D1_pwm175_grab5
13109,414,-548,9666,CD,2,D1_pwm175_grab5
13114,-4228,614,8866,CD,2,D1_pwm175_grab5
13120,114,3048,10978,CD,2,D1_pwm175_grab5
13124,1414,716,10846,CD,2,D1_pwm175_grab5
13129,-1928,2988,11156,CD,2,D1_pwm175_grab5
13135,-2928,-3494,6806,CD,2,D1_pwm175_grab5
13139,770,550,10342,CD,2,D1_pwm175_grab5
13144,322,-960,9378,CD,2,D1_pwm175_grab5
13149,-4296,264,8690,CD,2,D1_pwm175_grab5
13155,-212,2830,11224,CD,2,D1_pwm175_grab5
13159,1220,962,11168,CD,2,D1_pwm175_grab5
13165,-1940,2902,10952,CD,2,D1_pwm175_grab5
13170,-304,-466,10014,CD,2,D1_pwm175_grab5
13174,-310,-3780,9318,CD,2,D1_pwm175_grab5
13179,2202,2992,11372,CD,2,D1_pwm175_grab5
13185,-4206,-200,8620,CD,2,D1_pwm175_grab5
13190,-250,2804,11588,CD,2,D1_pwm175_grab5
13195,1060,842,11322,CD,2,D1_pwm175_grab5
13200,-2102,2840,10994,CD,2,D1_pwm175_grab5
13204,-114,-230,9948,CD,2,D1_pwm175_grab5
13209,-232,-3846,9740,CD,2,D1_pwm175_grab5
13214,-158,-1458,9376,CD,2,D1_pwm175_grab5
13219,-2288,3880,10598,CD,2,D1_pwm175_grab5
13224,2088,1306,8830,CD,2,D1_pwm175_grab5
13230,1238,1090,11388,CD,2,D1_pwm175_grab5
13235,-2052,2528,11218,CD,2,D1_pwm175_grab5
13239,154,4,9928,CD,2,D1_pwm175_grab5
13245,-262,-3828,9836,CD,2,D1_pwm175_grab5
13250,-312,-1534,9260,CD,2,D1_pwm175_grab5
13254,-4102,-924,8396,CD,2,D1_pwm175_grab5
13259,2018,1406,8754,CD,2,D1_pwm175_grab5
13264,1816,-214,9360,CD,2,D1_pwm175_grab5
13271,-2386,3476,13300,CD,2,D1_pwm175_grab5
13276,-2646,-3116,7302,CD,2,D1_pwm175_grab5
13281,546,-224,9512,CD,2,D1_pwm175_grab5
13285,1554,2740,10816,CD,2,D1_pwm175_grab5
13290,-2754,3806,10408,CD,2,D1_pwm175_grab5
13295,1870,1330,8800,CD,2,D1_pwm175_grab5
13300,174,136,10160,CD,2,D1_pwm175_grab5
13306,2550,-298,10770,CD,2,D1_pwm175_grab5
13310,-1142,-3034,6986,CD,2,D1_pwm175_grab5
13315,480,-714,9350,CD,2,D1_pwm175_grab5
13320,1244,2780,10690,CD,2,D1_pwm175_grab5
13325,-2870,3646,10528,CD,2,D1_pwm175_grab5
13330,1676,1684,8966,CD,2,D1_pwm175_grab5
13335,1798,-494,9260,CD,2,D1_pwm175_grab5
13341,2222,64,11186,CD,2,D1_pwm175_grab5
13346,-1336,-3170,7138,CD,2,D1_pwm175_grab5
13351,36,3336,11304,CD,2,D1_pwm175_grab5
13356,898,2400,10424,CD,2,D1_pwm175_grab5
13360,-3092,3514,10482,CD,2,D1_pwm175_grab5
13365,1600,1972,9268,CD,2,D1_pwm175_grab5
13371,1968,-374,9318,CD,2,D1_pwm175_grab5
13375,-3420,3730,12532,CD,2,D1_pwm175_grab5
13381,-1484,-3180,7178,CD,2,D1_pwm175_grab5
13385,80,3230,11174,CD,2,D1_pwm175_grab5
13390,3376,3110,12118,CD,2,D1_pwm175_grab5
13395,-904,2264,11068,CD,2,D1_pwm175_grab5
13401,1336,2250,9524,CD,2,D1_pwm175_grab5
13406,2228,-242,9418,CD,2,D1_pwm175_grab5
13410,-3498,3722,12238,CD,2,D1_pwm175_grab5
13415,-2174,-2652,7956,CD,2,D1_pwm175_grab5
13420,20,3006,11088,CD,2,D1_pwm175_grab5
13425,3472,3422,12158,CD,2,D1_pwm175_grab5
13430,-1074,2652,11120,CD,2,D1_pwm175_grab5
13435,3052,-1324,8040,CD,2,D1_pwm175_grab5
13441,2164,-232,9402,CD,2,D1_pwm175_grab5
13445,-3488,3790,12070,CD,2,D1_pwm175_grab5
13451,-1890,-2464,8256,CD,2,D1_pwm175_grab5
13455,334,-2210,8746,CD,2,D1_pwm175_grab5
13460,3516,3414,12132,CD,2,D1_pwm175_grab5
13465,-1288,2926,11166,CD,2,D1_pwm175_grab5
13470,3090,-1072,8278,CD,2,D1_pwm175_grab5
13475,642,48,10040,CD,2,D1_pwm175_grab5
13480,694,930,12058,CD,2,D1_pwm175_grab5
13485,-1810,-2200,8472,CD,2,D1_pwm175_grab5
13491,202,-2448,8492,CD,2,D1_pwm175_grab5
13495,488,1262,10118,CD,2,D1_pwm175_grab5
13501,-1338,3176,11230,CD,2,D1_pwm175_grab5
13506,3158,-856,8442,CD,2,D1_pwm175_grab5
13511,782,38,9854,CD,2,D1_pwm175_grab5
13515,276,1090,12674,CD,2,D1_pwm175_grab5
13520,-2560,-3688,6692,CD,2,D1_pwm175_grab5
13527,156,2872,11118,CD,2,D1_pwm175_grab5
13531,3272,3152,12240,CD,2,D1_pwm175_grab5
13536,-1434,3106,11118,CD,2,D1_pwm175_grab5
13542,816,-2404,8420,CD,2,D1_pwm175_grab5
13546,-1040,-654,9928,CD,2,D1_pwm175_grab5
13551,5426,-1734,9782,CD,2,D1_pwm175_grab5
13556,500,-682,7660,CD,2,D1_pwm175_grab5
13561,592,2904,12106,CD,2,D1_pwm175_grab5
13566,2468,36,11262,CD,2,D1_pwm175_grab5
13572,-1400,3290,11138,CD,2,D1_pwm175_grab5
13577,2882,-630,8440,CD,2,D1_pwm175_grab5
13581,-950,-550,9940,CD,2,D1_pwm175_grab5
13586,5328,-1606,9772,CD,2,D1_pwm175_grab5
13592,220,-794,7378,CD,2,D1_pwm175_grab5
13596,622,3000,12150,CD,2,D1_pwm175_grab5
13601,2614,390,11296,CD,2,D1_pwm175_grab5
13606,126,-112,11186,CD,2,D1_pwm175_grab5
13611,2768,-240,8444,CD,2,D1_pwm175_grab5
13617,1202,-180,9500,CD,2,D1_pwm175_grab5
13621,5008,-1658,9814,CD,2,D1_pwm175_grab5
13626,-72,-1102,7316,CD,2,D1_pwm175_grab5
13631,530,3304,12146,CD,2,D1_pwm175_grab5
13636,2784,740,11556,CD,2,D1_pwm175_grab5
13642,34,130,11550,CD,2,D1_pwm175_grab5
13647,1650,-2388,8478,CD,2,D1_pwm175_grab5
13651,-792,-674,9578,CD,2,D1_pwm175_grab5
13656,-678,1882,13718,CD,2,D1_pwm175_grab5
13661,-154,-1262,7276,CD,2,D1_pwm175_grab5
13666,646,3400,12186,CD,2,D1_pwm175_grab5
13671,2754,1174,11526,CD,2,D1_pwm175_grab5
13676,-56,320,11736,CD,2,D1_pwm175_grab5
13682,1822,-2372,8344,CD,2,D1_pwm175_grab5
13687,-644,-372,9772,CD,2,D1_pwm175_grab5
13692,4160,-1424,10036,CD,2,D1_pwm175_grab5
13697,-2794,-3562,6710,CD,2,D1_pwm175_grab5
13702,262,1354,10272,CD,2,D1_pwm175_grab5
13706,2572,1336,11340,CD,2,D1_pwm175_grab5
13712,-52,478,11552,CD,2,D1_pwm175_grab5
13716,1920,-2464,8256,CD,2,D1_pwm175_grab5
13722,-652,-130,9710,CD,2,D1_pwm175_grab5
13727,3906,-1236,10222,CD,2,D1_pwm175_grab5
13731,-184,-1848,7126,CD,2,D1_pwm175_grab5
13737,402,3386,11908,CD,2,D1_pwm175_grab5
13742,2876,2932,11798,CD,2,D1_pwm175_grab5
13746,-16,692,11358,CD,2,D1_pwm175_grab5
13751,2226,-2330,8264,CD,2,D1_pwm175_grab5
13756,-568,-188,9420,CD,2,D1_pwm175_grab5
13762,3770,-1142,10444,CD,2,D1_pwm175_grab5
13766,-344,-2054,7164,CD,2,D1_pwm175_grab5
13772,248,3596,11962,CD,2,D1_pwm175_grab5
13776,2926,1504,11790,CD,2,D1_pwm175_grab5
13782,4,672,11244,CD,2,D1_pwm175_grab5
13787,-960,-1240,9542,CD,2,D1_pwm175_grab5
13792,-652,-2716,9692,CD,2,D1_pwm175_grab5
13803,1238,906,10868,CD,2,D1_pwm175_grab5
13807,742,-48,10408,CD,2,D1_pwm175_grab5
13813,736,-3426,9320,CD,2,D1_pwm175_grab5
13818,292,-1572,10568,CD,2,D1_pwm175_grab5
13824,-1168,1514,11868,CD,2,D1_pwm175_grab5
13828,-824,-2600,9996,CD,2,D1_pwm175_grab5
13837,1402,938,10756,CD,2,D1_pwm175_grab5
13842,976,38,10540,CD,2,D1_pwm175_grab5
13847,926,-3274,9484,CD,2,D1_pwm175_grab5
13852,514,-1496,10404,CD,2,D1_pwm175_grab5
13858,-744,-1716,9434,CD,2,D1_pwm175_grab5
13863,-804,-2626,9878,CD,2,D1_pwm175_grab5
13872,1348,1052,10516,CD,2,D1_pwm175_grab5
13878,1010,156,10504,CD,2,D1_pwm175_grab5
13882,1222,-3014,9828,CD,2,D1_pwm175_grab5
13887,654,-1472,10396,CD,2,D1_pwm175_grab5
13892,-628,-1684,9326,CD,2,D1_pwm175_grab5
13898,-920,-2620,9616,CD,2,D1_pwm175_grab5
13907,-766,-928,11726,CD,2,D1_pwm175_grab5
13913,860,316,10662,CD,2,D1_pwm175_grab5
13917,1640,-2706,10192,CD,2,D1_pwm175_grab5
13922,774,-1558,10486,CD,2,D1_pwm175_grab5
13928,-714,-1808,8998,CD,2,D1_pwm175_grab5
13933,-974,-2406,9852,CD,2,D1_pwm175_grab5
13942,1376,1034,9966,CD,2,D1_pwm175_grab5
13947,-4,-3570,8622,CD,2,D1_pwm175_grab5
13953,1968,-2358,10330,CD,2,D1_pwm175_grab5
13958,904,-1420,10532,CD,2,D1_pwm175_grab5
13963,-676,-2002,8834,CD,2,D1_pwm175_grab5
13967,-1008,-2116,10072,CD,2,D1_pwm175_grab5
13978,1258,914,9566,CD,2,D1_pwm175_grab5
13982,828,796,11208,CD,2,D1_pwm175_grab5
13987,-1788,-5570,8528,CD,2,D1_pwm175_grab5
13993,1036,40,12866,CD,2,D1_pwm175_grab5
13998,-360,-2142,9022,CD,2,D1_pwm175_grab5
14003,-1018,-1940,10002,CD,2,D1_pwm175_grab5
14012,970,778,9160,CD,2,D1_pwm175_grab5
14017,872,1326,11490,CD,2,D1_pwm175_grab5
14022,2616,-1788,10896,CD,2,D1_pwm175_grab5
14027,1024,-212,12726,CD,2,D1_pwm175_grab5
14033,-1482,932,11080,CD,2,D1_pwm175_grab5
14038,644,-3338,8426,CD,2,D1_pwm175_grab5
14049,398,254,11424,CD,2,D1_pwm175_grab5
14053,346,-3054,8736,CD,2,D1_pwm175_grab5
14058,-1276,-5566,8370,CD,2,D1_pwm175_grab5
14064,776,-480,12410,CD,2,D1_pwm175_grab5
14068,-10,1618,11998,CD,2,D1_pwm175_grab5
14074,-1204,778,10192,CD,2,D1_pwm175_grab5
14080,1866,854,10738,CD,2,D1_pwm175_grab5
14083,690,548,11478,CD,2,D1_pwm175_grab5
14089,488,-2850,8916,CD,2,D1_pwm175_grab5
14093,-990,-5280,8358,CD,2,D1_pwm175_grab5
14098,796,-608,12054,CD,2,D1_pwm175_grab5
14103,-1688,134,10418,CD,2,D1_pwm175_grab5
14108,-1176,328,9986,CD,2,D1_pwm175_grab5
14114,2340,1084,11026,CD,2,D1_pwm175_grab5
14119,-716,-3474,11542,CD,2,D1_pwm175_grab5
14123,672,-2484,8894,CD,2,D1_pwm175_grab5
14129,-630,-4808,8296,CD,2,D1_pwm175_grab5
14133,652,-786,11552,CD,2,D1_pwm175_grab5
14138,-1744,-158,10278,CD,2,D1_pwm175_grab5
14144,176,-3322,8838,CD,2,D1_pwm175_grab5
14148,2986,1148,11350,CD,2,D1_pwm175_grab5
14153,-890,-2968,11654,CD,2,D1_pwm175_grab5
14159,-762,-3344,8804,CD,2,D1_pwm175_grab5
14163,-3010,-4390,8088,CD,2,D1_pwm175_grab5
14168,456,-1128,10876,CD,2,D1_pwm175_grab5
14174,-1396,-486,9974,CD,2,D1_pwm175_grab5
14178,-204,-3214,9124,CD,2,D1_pwm175_grab5
14188,-766,-2644,11510,CD,2,D1_pwm175_grab5
14194,-792,-3626,8800,CD,2,D1_pwm175_grab5
14199,-2826,-4748,8058,CD,2,D1_pwm175_grab5
14204,396,1112,12576,CD,2,D1_pwm175_grab5
14209,-1090,-906,9730,CD,2,D1_pwm175_grab5
14214,-474,-2792,9602,CD,2,D1_pwm175_grab5
14224,1278,1120,11132,CD,2,D1_pwm175_grab5
14228,-670,-3790,8902,CD,2,D1_pwm175_grab5
14234,-2562,-5192,8238,CD,2,D1_pwm175_grab5
14239,958,848,12918,CD,2,D1_pwm175_grab5
14243,-1340,1360,11688,CD,2,D1_pwm175_grab5
14248,-34,-1836,8162,CD,2,D1_pwm175_grab5
14258,1414,1230,10522,CD,2,D1_pwm175_grab5
14264,1142,-92,10376,CD,2,D1_pwm175_grab5
14268,1638,-2792,10150,CD,2,D1_pwm175_grab5
14274,1152,440,12886,CD,2,D1_pwm175_grab5
14278,-1608,1220,11568,CD,2,D1_pwm175_grab5
14283,586,-2390,8212,CD,2,D1_pwm175_grab5
14294,-226,-740,11722,CD,2,D1_pwm175_grab5
14299,-92,-3590,8368,CD,2,D1_pwm175_grab5
14304,-1754,-5264,8392,CD,2,D1_pwm175_grab5
14309,-542,2270,11864,CD,2,D1_pwm175_grab5
14314,772,1506,11752,CD,2,D1_pwm175_grab5
14319,-1646,1594,10838,CD,2,D1_pwm175_grab5
14325,1818,490,10488,CD,2,D1_pwm175_grab5
14330,-470,-4354,10254,CD,2,D1_pwm175_grab5
14334,-1024,-2082,9558,CD,2,D1_pwm175_grab5
14340,-1136,-5128,8304,CD,2,D1_pwm175_grab5
14344,560,-248,12119,CD,2,D1_pwm175_grab5
14349,-1616,412,10820,CD,2,D1_pwm175_grab5
14354,-1314,998,10184,CD,2,D1_pwm175_grab5
14359,2428,1020,10964,CD,2,D1_pwm175_grab5
14364,-696,-4034,10744,CD,2,D1_pwm175_grab5
14369,-1100,-2706,9332,CD,2,D1_pwm175_grab5
14374,-3174,-3442,8216,CD,2,D1_pwm175_grab5
14379,608,-552,11352,CD,2,D1_pwm175_grab5
14384,-1504,-166,10316,CD,2,D1_pwm175_grab5
14390,48,-3350,8766,CD,2,D1_pwm175_grab5
14394,3058,1454,11406,CD,2,D1_pwm175_grab5
14400,-794,-3218,11214,CD,2,D1_pwm175_grab5
14405,-1036,-3380,8726,CD,2,D1_pwm175_grab5
14409,-2924,-4344,8132,CD,2,D1_pwm175_grab5
14414,644,1442,12254,CD,2,D1_pwm175_grab5
14420,-1134,1624,11920,CD,2,D1_pwm175_grab5
14424,-354,-3292,9048,CD,2,D1_pwm175_grab5
14435,-598,-2558,11670,CD,2,D1_pwm175_grab5
14440,-734,-3740,8664,CD,2,D1_pwm175_grab5
14444,-2506,-4994,8102,CD,2,D1_pwm175_grab5
14449,664,772,12588,CD,2,D1_pwm175_grab5
14455,-1410,1454,11840,CD,2,D1_pwm175_grab5
14459,252,-1558,8550,CD,2,D1_pwm175_grab5
14470,1452,1544,10280,CD,2,D1_pwm175_grab5
14475,-414,-3812,8684,CD,2,D1_pwm175_grab5
14479,-2038,-5130,8354,CD,2,D1_pwm175_grab5
14485,848,364,12786,CD,2,D1_pwm175_grab5
14490,-1518,1026,11526,CD,2,D1_pwm175_grab5
14494,698,-2382,8474,CD,2,D1_pwm175_grab5
14505,462,-428,11910,CD,2,D1_pwm175_grab5
14510,1358,694,11224,CD,2,D1_pwm175_grab5
14515,-1282,-5052,8454,CD,2,D1_pwm175_grab5
14519,840,-22,12280,CD,2,D1_pwm175_grab5
14525,-1474,634,11044,CD,2,D1_pwm175_grab5
14529,522,-3088,8546,CD,2,D1_pwm175_grab5
14540,942,640,11726,CD,2,D1_pwm175_grab5
14544,622,-2734,8586,CD,2,D1_pwm175_grab5
14550,-844,-4760,7946,CD,2,D1_pwm175_grab5
14556,250,1804,11802,CD,2,D1_pwm175_grab5
14560,-688,1560,11910,CD,2,D1_pwm175_grab5
14565,-766,176,9464,CD,2,D1_pwm175_grab5
14571,3450,1520,11560,CD,2,D1_pwm175_grab5
14576,-728,-3038,11478,CD,2,D1_pwm175_grab5
14580,-932,-3444,8854,CD,2,D1_pwm175_grab5
14586,-2674,-4648,8182,CD,2,D1_pwm175_grab5
14592,516,932,12284,CD,2,D1_pwm175_grab5
14595,-1308,1488,11962,CD,2,D1_pwm175_grab5
14600,-44,-736,8876,CD,2,D1_pwm175_grab5
14605,4592,1670,11922,CD,2,D1_pwm175_grab5
14610,-268,-2144,11962,CD,2,D1_pwm175_grab5
14616,-584,-3796,8892,CD,2,D1_pwm175_grab5
14620,-2096,-5068,8366,CD,2,D1_pwm175_grab5
14626,978,528,12794,CD,2,D1_pwm175_grab5
14630,-1476,1038,11562,CD,2,D1_pwm175_grab5
14636,694,-1996,8656,CD,2,D1_pwm175_grab5
14645,414,-616,11860,CD,2,D1_pwm175_grab5
14650,-102,-3632,8508,CD,2,D1_pwm175_grab5
14655,-1248,-4928,8482,CD,2,D1_pwm175_grab5
14660,842,2,12230,CD,2,D1_pwm175_grab5
14666,-1476,540,10978,CD,2,D1_pwm175_grab5
14671,540,-2952,8650,CD,2,D1_pwm175_grab5
14676,2458,1104,10978,CD,2,D1_pwm175_grab5
14680,990,550,11634,CD,2,D1_pwm175_grab5
14686,548,-2896,8552,CD,2,D1_pwm175_grab5
14691,-746,-4554,7978,CD,2,D1_pwm175_grab5
14695,754,-676,11236,CD,2,D1_pwm175_grab5
14700,-1174,-172,10204,CD,2,D1_pwm175_grab5
14706,-182,-3258,8806,CD,2,D1_pwm175_grab5
14716,-608,-3134,11652,CD,2,D1_pwm175_grab5
14721,1030,-1878,9304,CD,2,D1_pwm175_grab5
14725,524,-3480,8892,CD,2,D1_pwm175_grab5
14730,948,-1008,10726,CD,2,D1_pwm175_grab5
14735,-940,-1174,9400,CD,2,D1_pwm175_grab5
14741,-546,-2908,9360,CD,2,D1_pwm175_grab5
14750,1488,1752,10460,CD,2,D1_pwm175_grab5
14756,-508,-3882,8798,CD,2,D1_pwm175_grab5
14760,-1818,-4924,8486,CD,2,D1_pwm175_grab5
14765,874,-782,10894,CD,2,D1_pwm175_grab5
14770,-310,-1834,9092,CD,2,D1_pwm175_grab5
14776,-858,-2682,9682,CD,2,D1_pwm175_grab5
14785,974,1628,9140,CD,2,D1_pwm175_grab5
14791,1440,852,11316,CD,2,D1_pwm175_grab5
14795,-1018,-4720,8214,CD,2,D1_pwm175_grab5
14800,808,-206,11898,CD,2,D1_pwm175_grab5
14807,-1380,282,10710,CD,2,D1_pwm175_grab5
14811,164,-3064,8580,CD,2,D1_pwm175_grab5
14821,1320,900,11530,CD,2,D1_pwm175_grab5
14826,750,-2668,8706,CD,2,D1_pwm175_grab5
14832,-396,-4102,8118,CD,2,D1_pwm175_grab5
14837,596,1338,12152,CD,2,D1_pwm175_grab5
14842,-1118,1492,11928,CD,2,D1_pwm175_grab5
14846,-370,122,9066,CD,2,D1_pwm175_grab5
14857,1574,1578,10936,CD,2,D1_pwm175_grab5
14862,1234,-1410,9670,CD,2,D1_pwm175_grab5
14867,1324,-3026,9568,CD,2,D1_pwm175_grab5
14871,934,-908,10782,CD,2,D1_pwm175_grab5
14876,-1518,1246,11674,CD,2,D1_pwm175_grab5
14881,610,-1332,8806,CD,2,D1_pwm175_grab5
14891,1292,1850,9860,CD,2,D1_pwm175_grab5
14897,1498,-26,10736,CD,2,D1_pwm175_grab5
14901,2236,-2002,10500,CD,2,D1_pwm175_grab5
14906,662,-628,10974,CD,2,D1_pwm175_grab5
14911,174,-1830,9052,CD,2,D1_pwm175_grab5
14917,662,-2436,8668,CD,2,D1_pwm175_grab5
14926,1040,304,11824,CD,2,D1_pwm175_grab5
14931,458,-3374,8296,CD,2,D1_pwm175_grab5
14936,2142,-932,10842,CD,2,D1_pwm175_grab5
14941,-248,-306,11214,CD,2,D1_pwm175_grab5
14946,1470,-1920,8848,CD,2,D1_pwm175_grab5
14952,-806,-1452,9782,CD,2,D1_pwm175_grab5
14956,4744,-1850,9300,CD,2,D1_pwm175_grab5
14961,1494,1320,11284,CD,2,D1_pwm175_grab5
14967,968,-2002,9176,CD,2,D1_pwm175_grab5
14971,496,-3614,8840,CD,2,D1_pwm175_grab5
14976,-804,352,11294,CD,2,D1_pwm175_grab5
14981,2470,-1804,8504,CD,2,D1_pwm175_grab5
14987,-230,-884,9618,CD,2,D1_pwm175_grab5
14991,3300,-1614,9676,CD,2,D1_pwm175_grab5
14996,-1506,-1696,7360,CD,2,D1_pwm175_grab5
15001,1456,-654,10252,CD,2,D1_pwm175_grab5
15007,2044,-2514,10230,CD,2,D1_pwm175_grab5
15012,836,-904,10954,CD,2,D1_pwm175_grab5
15016,-214,-1680,8942,CD,2,D1_pwm175_grab5
15022,392,-328,9962,CD,2,D1_pwm175_grab5
15026,1906,-1228,10482,CD,2,D1_pwm175_grab5
15032,-2422,-3010,7202,CD,2,D1_pwm175_grab5
15036,170,3650,11808,CD,2,D1_pwm175_grab5
15042,2076,-1334,10602,CD,2,D1_pwm175_grab5
15046,272,-406,11058,CD,2,D1_pwm175_grab5
15051,872,-2018,8942,CD,2,D1_pwm175_grab5
15056,-952,-1568,10000,CD,2,D1_pwm175_grab5
15063,5360,-1600,9298,CD,2,D1_pwm175_grab5
15067,62,242,8078,CD,2,D1_pwm175_grab5
15072,1262,2426,12104,CD,2,D1_pwm175_grab5
15078,2538,220,11082,CD,2,D1_pwm175_grab5
15083,1018,-700,10812,CD,2,D1_pwm175_grab5
15087,-892,-718,9894,CD,2,D1_pwm175_grab5
15092,-440,-3138,9090,CD,2,D1_pwm175_grab5
15104,1570,1602,10686,CD,2,D1_pwm175_grab5
15108,726,3520,12334,CD,2,D1_pwm175_grab5
15112,3204,1314,11092,CD,2,D1_pwm175_grab5
15117,-968,1098,11054,CD,2,D1_pwm175_grab5
15122,-220,-1394,9000,CD,2,D1_pwm175_grab5
15128,-814,-2726,9726,CD,2,D1_pwm175_grab5
15133,6140,-824,9486,CD,2,D1_pwm175_grab5
15138,1028,1596,9210,CD,2,D1_pwm175_grab5
15142,1584,638,11254,CD,2,D1_pwm175_grab5
15147,3336,2186,11648,CD,2,D1_pwm175_grab5
15153,-1236,2196,10996,CD,2,D1_pwm175_grab5
15158,2900,-760,8448,CD,2,D1_pwm175_grab5
15162,-974,-1762,10024,CD,2,D1_pwm175_grab5
15168,5282,-1664,9224,CD,2,D1_pwm175_grab5
15172,24,386,8056,CD,2,D1_pwm175_grab5
15178,1346,2338,12168,CD,2,D1_pwm175_grab5
15183,2592,286,10892,CD,2,D1_pwm175_grab5
15187,-768,350,11142,CD,2,D1_pwm175_grab5
15193,2052,558,8494,CD,2,D1_pwm175_grab5
15198,1652,-22,9640,CD,2,D1_pwm175_grab5
15202,3448,-1708,9428,CD,2,D1_pwm175_grab5
15208,-1846,-1834,7316,CD,2,D1_pwm175_grab5
15212,424,3676,12234,CD,2,D1_pwm175_grab5
15217,3454,1402,11294,CD,2,D1_pwm175_grab5
15222,-982,1426,10918,CD,2,D1_pwm175_grab5
15228,3282,-1158,8614,CD,2,D1_pwm175_grab5
15233,1910,26,9572,CD,2,D1_pwm175_grab5
15237,-3432,2374,12286,CD,2,D1_pwm175_grab5
15242,-3038,-3496,6846,CD,2,D1_pwm175_grab5
15248,-120,3760,11988,CD,2,D1_pwm175_grab5
15253,3542,2224,12040,CD,2,D1_pwm175_grab5
15258,-1780,2480,11018,CD,2,D1_pwm175_grab5
15263,2592,-308,8446,CD,2,D1_pwm175_grab5
15268,1412,2,10024,CD,2,D1_pwm175_grab5
15272,-670,394,12586,CD,2,D1_pwm175_grab5
15278,-166,-1848,8760,CD,2,D1_pwm175_grab5
15282,22,2268,10970,CD,2,D1_pwm175_grab5
15287,1650,2828,10446,CD,2,D1_pwm175_grab5
15293,-3058,2930,10746,CD,2,D1_pwm175_grab5
15298,1366,1038,8974,CD,2,D1_pwm175_grab5
15302,1928,-182,9800,CD,2,D1_pwm175_grab5
15308,-3126,1590,12804,CD,2,D1_pwm175_grab5
15312,-2030,-4042,6708,CD,2,D1_pwm175_grab5
15319,-306,80,9122,CD,2,D1_pwm175_grab5
15324,3482,1860,11760,CD,2,D1_pwm175_grab5
15329,-1210,2058,10760,CD,2,D1_pwm175_grab5
15334,3212,-650,8642,CD,2,D1_pwm175_grab5
15338,906,-158,9928,CD,2,D1_pwm175_grab5
15344,436,-600,11450,CD,2,D1_pwm175_grab5
15349,-3310,-3978,6586,CD,2,D1_pwm175_grab5
15354,-400,3378,11640,CD,2,D1_pwm175_grab5
15358,3354,2442,11664,CD,2,D1_pwm175_grab5
15364,-2406,2812,10936,CD,2,D1_pwm175_grab5
15368,2148,512,8620,CD,2,D1_pwm175_grab5
15374,1552,-160,9760,CD,2,D1_pwm175_grab5
15378,-2028,680,12948,CD,2,D1_pwm175_grab5
15384,-2822,-4444,6478,CD,2,D1_pwm175_grab5
15389,-102,1706,10626,CD,2,D1_pwm175_grab5
15394,1326,2860,10290,CD,2,D1_pwm175_grab5
15398,-3650,2624,10606,CD,2,D1_pwm175_grab5
15404,810,1406,9484,CD,2,D1_pwm175_grab5
15408,1988,-38,9752,CD,2,D1_pwm175_grab5
15413,-3514,1944,12288,CD,2,D1_pwm175_grab5
15418,-1418,-3796,7224,CD,2,D1_pwm175_grab5
15423,-348,-918,8876,CD,2,D1_pwm175_grab5
15429,1164,2278,10766,CD,2,D1_pwm175_grab5
15434,-3934,1704,9818,CD,2,D1_pwm175_grab5
15439,104,1968,10418,CD,2,D1_pwm175_grab5
15443,1176,-58,10006,CD,2,D1_pwm175_grab5
15448,-2508,3010,12112,CD,2,D1_pwm175_grab5
15453,-54,-2240,8218,CD,2,D1_pwm175_grab5
15459,-462,-2978,8086,CD,2,D1_pwm175_grab5
15463,-100,876,10458,CD,2,D1_pwm175_grab5
15468,-3694,184,9118,CD,2,D1_pwm175_grab5
15473,-414,2176,11208,CD,2,D1_pwm175_grab5
15478,1164,582,10746,CD,2,D1_pwm175_grab5
15483,-2920,1226,12900,CD,2,D1_pwm175_grab5
15488,1270,-476,9824,CD,2,D1_pwm175_grab5
15493,-400,-4334,8912,CD,2,D1_pwm175_grab5
15499,-974,-812,9848,CD,2,D1_pwm175_grab5
15503,-3150,-1758,8584,CD,2,D1_pwm175_grab5
15509,-382,1868,11218,CD,2,D1_pwm175_grab5
15514,38,1038,11644,CD,2,D1_pwm175_grab5
15519,-1424,2154,10530,CD,2,D1_pwm175_grab5
15524,2658,792,11074,CD,2,D1_pwm175_grab5
15528,-256,-1446,8908,CD,2,D1_pwm175_grab5
15533,-1294,-2348,9384,CD,2,D1_pwm175_grab5
15539,-2696,-3266,8320,CD,2,D1_pwm175_grab5
15543,226,1390,12120,CD,2,D1_pwm175_grab5
15548,-980,1130,11940,CD,2,D1_pwm175_grab5
15554,-508,812,9310,CD,2,D1_pwm175_grab5
15563,-210,-3198,11542,CD,2,D1_pwm175_grab5
15569,-332,534,10408,CD,2,D1_pwm175_grab5
15575,-3724,-308,9036,CD,2,D1_pwm175_grab5
15579,-408,2136,11450,CD,2,D1_pwm175_grab5
15585,1096,516,10846,CD,2,D1_pwm175_grab5
15590,-1992,2452,11456,CD,2,D1_pwm175_grab5
15595,1502,-172,9868,CD,2,D1_pwm175_grab5
15599,-408,-4310,9226,CD,2,D1_pwm175_grab5
15605,-1138,-1206,9806,CD,2,D1_pwm175_grab5
15610,-3828,2380,10344,CD,2,D1_pwm175_grab5
15616,430,1722,10064,CD,2,D1_pwm175_grab5
15619,12,1110,11622,CD,2,D1_pwm175_grab5
15625,-1214,1368,10284,CD,2,D1_pwm175_grab5
15629,2474,884,11098,CD,2,D1_pwm175_grab5
15634,-632,-3982,10718,CD,2,D1_pwm175_grab5
15639,-1346,-2690,9064,CD,2,D1_pwm175_grab5
15645,-2570,-3634,8316,CD,2,D1_pwm175_grab5
15649,-270,1906,10962,CD,2,D1_pwm175_grab5
15654,1748,232,10130,CD,2,D1_pwm175_grab5
15660,-242,140,9072,CD,2,D1_pwm175_grab5
15670,-298,-2934,11656,CD,2,D1_pwm175_grab5
15674,-870,-3548,8932,CD,2,D1_pwm175_grab5
15680,-1946,-4542,8456,CD,2,D1_pwm175_grab5
15685,728,610,12670,CD,2,D1_pwm175_grab5
15690,1092,618,11026,CD,2,D1_pwm175_grab5
15694,-2000,2482,11346,CD,2,D1_pwm175_grab5
15699,1758,-142,10032,CD,2,D1_pwm175_grab5
15704,572,-1282,11848,CD,2,D1_pwm175_grab5
15710,-148,-3742,8466,CD,2,D1_pwm175_grab5
15714,-1216,-4632,8502,CD,2,D1_pwm175_grab5
15719,1152,230,12224,CD,2,D1_pwm175_grab5
15725,-1662,562,10834,CD,2,D1_pwm175_grab5
15730,-1324,1524,10388,CD,2,D1_pwm175_grab5
15735,2418,820,10946,CD,2,D1_pwm175_grab5
15740,-642,-4336,10432,CD,2,D1_pwm175_grab5
15744,552,-3220,8378,CD,2,D1_pwm175_grab5
15750,-578,-4086,8138,CD,2,D1_pwm175_grab5
15754,1176,-308,11304,CD,2,D1_pwm175_grab5
15759,-1084,-134,10208,CD,2,D1_pwm175_grab5
15764,-286,-3132,8870,CD,2,D1_pwm175_grab5
15770,3522,1546,11818,CD,2,D1_pwm175_grab5
15775,-344,-3390,11462,CD,2,D1_pwm175_grab5
15780,-1140,-3374,8884,CD,2,D1_pwm175_grab5
15785,-2180,-4332,8420,CD,2,D1_pwm175_grab5
15789,1126,-664,10940,CD,2,D1_pwm175_grab5
15794,-628,-898,9468,CD,2,D1_pwm175_grab5
15799,-552,-2774,9306,CD,2,D1_pwm175_grab5
15810,90,-2108,11788,CD,2,D1_pwm175_grab5
15814,-508,-3788,8650,CD,2,D1_pwm175_grab5
15820,-1706,-4660,8560,CD,2,D1_pwm175_grab5
15825,860,526,12630,CD,2,D1_pwm175_grab5
15831,-1744,764,11274,CD,2,D1_pwm175_grab5
15835,754,-1862,8756,CD,2,D1_pwm175_grab5
15846,842,-730,11806,CD,2,D1_pwm175_grab5
15851,-1390,-1504,9838,CD,2,D1_pwm175_grab5
15855,-3036,-2364,8622,CD,2,D1_pwm175_grab5
15860,26,2012,12022,CD,2,D1_pwm175_grab5
15865,-84,950,11582,CD,2,D1_pwm175_grab5
15870,-1302,1156,10242,CD,2,D1_pwm175_grab5
15880,1166,360,11516,CD,2,D1_pwm175_grab5
15885,548,-3220,8350,CD,2,D1_pwm175_grab5
15891,-2734,-3298,8338,CD,2,D1_pwm175_grab5
15895,340,1684,12214,CD,2,D1_pwm175_grab5
15900,-842,1280,11846,CD,2,D1_pwm175_grab5
15906,-698,494,9324,CD,2,D1_pwm175_grab5
15910,3274,1270,11684,CD,2,D1_pwm175_grab5
15916,1510,926,10988,CD,2,D1_pwm175_grab5
15920,906,-2464,8988,CD,2,D1_pwm175_grab5
15926,174,-3590,8578,CD,2,D1_pwm175_grab5
15931,404,1024,12530,CD,2,D1_pwm175_grab5
15935,-1308,1232,11896,CD,2,D1_pwm175_grab5
15940,-184,-130,8894,CD,2,D1_pwm175_grab5
15945,4214,1430,12088,CD,2,D1_pwm175_grab5
15951,-318,-2782,11704,CD,2,D1_pwm175_grab5
15955,-804,-3630,8812,CD,2,D1_pwm175_grab5
15961,1404,-2890,9650,CD,2,D1_pwm175_grab5
15965,1024,-618,10960,CD,2,D1_pwm175_grab5
15970,-1530,1018,11594,CD,2,D1_pwm175_grab5
15976,254,-1000,8840,CD,2,D1_pwm175_grab5
15985,176,-1894,11614,CD,2,D1_pwm175_grab5
15991,-544,-3830,8384,CD,2,D1_pwm175_grab5
15995,-1680,-4844,8668,CD,2,D1_pwm175_grab5
16001,726,-646,10834,CD,2,D1_pwm175_grab5
16005,-86,-1514,9226,CD,2,D1_pwm175_grab5
16011,588,-1840,8840,CD,2,D1_pwm175_grab5
16020,646,-1036,11352,CD,2,D1_pwm175_grab5
16025,-140,-3690,8222,CD,2,D1_pwm175_grab5
16031,-1194,-4852,8370,CD,2,D1_pwm175_grab5
16035,1018,170,12336,CD,2,D1_pwm175_grab5
16041,-1320,800,10800,CD,2,D1_pwm175_grab5
16046,-820,-1846,10210,CD,2,D1_pwm175_grab5
16055,1114,-88,11314,CD,2,D1_pwm175_grab5
16061,202,-3230,8606,CD,2,D1_pwm175_grab5
16065,-690,-4454,7988,CD,2,D1_pwm175_grab5
16070,1178,-204,11796,CD,2,D1_pwm175_grab5
16075,-1408,84,10080,CD,2,D1_pwm175_grab5
16081,50,-2380,8588,CD,2,D1_pwm175_grab5
16092,1424,636,11306,CD,2,D1_pwm175_grab5
16096,-1270,-2664,9334,CD,2,D1_pwm175_grab5
16102,-2660,-3790,8330,CD,2,D1_pwm175_grab5
16106,314,1404,12642,CD,2,D1_pwm175_grab5
16112,-954,1104,11938,CD,2,D1_pwm175_grab5
16116,-762,340,9386,CD,2,D1_pwm175_grab5
16121,3632,1228,11926,CD,2,D1_pwm175_grab5
16126,-528,-3424,11376,CD,2,D1_pwm175_grab5
16131,1206,-2298,8992,CD,2,D1_pwm175_grab5
16136,-2206,-4476,8424,CD,2,D1_pwm175_grab5
16141,620,1010,12922,CD,2,D1_pwm175_grab5
16146,-1132,1390,11770,CD,2,D1_pwm175_grab5
16151,-268,-484,9060,CD,2,D1_pwm175_grab5
16156,4426,1378,12330,CD,2,D1_pwm175_grab5
16162,-160,-2618,11256,CD,2,D1_pwm175_grab5
16167,-956,-3594,8546,CD,2,D1_pwm175_grab5
16172,1398,-2832,9964,CD,2,D1_pwm175_grab5
16176,676,476,12952,CD,2,D1_pwm175_grab5
16181,-1178,1258,11380,CD,2,D1_pwm175_grab5
16187,296,-940,8828,CD,2,D1_pwm175_grab5
16196,324,-1800,11196,CD,2,D1_pwm175_grab5
16202,-704,-3684,8614,CD,2,D1_pwm175_grab5
16207,-1448,-4826,8578,CD,2,D1_pwm175_grab5
16211,1034,304,12810,CD,2,D1_pwm175_grab5
16217,-1424,732,10812,CD,2,D1_pwm175_grab5
16222,524,-1750,8608,CD,2,D1_pwm175_grab5
16232,642,-848,11396,CD,2,D1_pwm175_grab5
16237,-174,-3682,8394,CD,2,D1_pwm175_grab5
16241,-1124,-4666,8552,CD,2,D1_pwm175_grab5
16247,1322,250,12430,CD,2,D1_pwm175_grab5
16251,-1730,428,10572,CD,2,D1_pwm175_grab5
16256,522,-2114,8632,CD,2,D1_pwm175_grab5
16266,922,-230,11588,CD,2,D1_pwm175_grab5
16271,280,-3594,8072,CD,2,D1_pwm175_grab5
16276,-900,-4580,8276,CD,2,D1_pwm175_grab5
16281,1144,-30,11802,CD,2,D1_pwm175_grab5
16286,-1734,262,10522,CD,2,D1_pwm175_grab5
16292,284,-2258,8654,CD,2,D1_pwm175_grab5
16296,2918,758,11488,CD,2,D1_pwm175_grab5
16301,1230,170,11522,CD,2,D1_pwm175_grab5
16306,632,-3230,8314,CD,2,D1_pwm175_grab5
16312,-788,-4328,8044,CD,2,D1_pwm175_grab5
16316,1024,-446,11362,CD,2,D1_pwm175_grab5
16322,-1414,60,10266,CD,2,D1_pwm175_grab5
16326,-44,-2358,8834,CD,2,D1_pwm175_grab5
16336,-608,-4184,10736,CD,2,D1_pwm175_grab5
16343,-1468,-2740,9274,CD,2,D1_pwm175_grab5
16347,-2562,-3912,8300,CD,2,D1_pwm175_grab5
16353,478,1492,12946,CD,2,D1_pwm175_grab5
16357,-592,1154,11606,CD,2,D1_pwm175_grab5
16362,-868,280,9324,CD,2,D1_pwm175_grab5
16368,3446,1072,11746,CD,2,D1_pwm175_grab5
16373,-580,-3550,10952,CD,2,D1_pwm175_grab5
16378,366,878,10454,CD,2,D1_pwm175_grab5
16382,-3950,608,9226,CD,2,D1_pwm175_grab5
16388,650,1258,12918,CD,2,D1_pwm175_grab5
16392,-1068,1188,11592,CD,2,D1_pwm175_grab5
16397,-446,-78,9134,CD,2,D1_pwm175_grab5
16408,-454,-2910,11352,CD,2,D1_pwm175_grab5
16413,-1134,-3520,8558,CD,2,D1_pwm175_grab5
16418,-3814,-104,9048,CD,2,D1_pwm175_grab5
16422,-574,2156,11592,CD,2,D1_pwm175_grab5
16427,-1422,1200,11578,CD,2,D1_pwm175_grab5
16433,-144,-318,8966,CD,2,D1_pwm175_grab5
16443,-22,-2570,11624,CD,2,D1_pwm175_grab5
16447,-890,-3612,8650,CD,2,D1_pwm175_grab5
16452,-2046,-4780,8442,CD,2,D1_pwm175_grab5
16457,-514,2040,11646,CD,2,D1_pwm175_grab5
16463,1158,608,11184,CD,2,D1_pwm175_grab5
16468,-2026,2188,11112,CD,2,D1_pwm175_grab5
16477,124,-2132,11656,CD,2,D1_pwm175_grab5
16483,-512,-3688,8554,CD,2,D1_pwm175_grab5
16487,-1840,-4852,8644,CD,2,D1_pwm175_grab5
16493,886,512,12586,CD,2,D1_pwm175_grab5
16498,810,686,11358,CD,2,D1_pwm175_grab5
16502,-1824,1978,11110,CD,2,D1_pwm175_grab5
16508,1652,-460,9826,CD,2,D1_pwm175_grab5
16513,534,-1540,11496,CD,2,D1_pwm175_grab5
16518,-354,-3742,8248,CD,2,D1_pwm175_grab5
16523,-1430,-4850,8672,CD,2,D1_pwm175_grab5
16528,1090,334,12434,CD,2,D1_pwm175_grab5
16533,-1446,810,11026,CD,2,D1_pwm175_grab5
16537,-1614,1722,10926,CD,2,D1_pwm175_grab5
16542,1970,-28,10480,CD,2,D1_pwm175_grab5
16547,-696,-4386,9884,CD,2,D1_pwm175_grab5
16552,-1316,-1550,9672,CD,2,D1_pwm175_grab5
16558,-1038,-4624,8350,CD,2,D1_pwm175_grab5
16562,1164,-96,12098,CD,2,D1_pwm175_grab5
16567,-1164,600,10580,CD,2,D1_pwm175_grab5
16572,240,-1838,8836,CD,2,D1_pwm175_grab5
16577,2612,334,11004,CD,2,D1_pwm175_grab5
16582,-786,-4434,10512,CD,2,D1_pwm175_grab5
16588,-1266,-2050,9646,CD,2,D1_pwm175_grab5
16592,-2806,-3124,8332,CD,2,D1_pwm175_grab5
16599,-218,1580,12242,CD,2,D1_pwm175_grab5
16603,-556,926,11946,CD,2,D1_pwm175_grab5
16609,-1306,1430,9844,CD,2,D1_pwm175_grab5
16614,3356,746,11516,CD,2,D1_pwm175_grab5
16619,-530,-1976,8436,CD,2,D1_pwm175_grab5
16623,584,1484,10548,CD,2,D1_pwm175_grab5
16628,-3900,1038,9436,CD,2,D1_pwm175_grab5
16633,40,2106,10954,CD,2,D1_pwm175_grab5
16638,1420,314,10318,CD,2,D1_pwm175_grab5
16643,-968,962,9568,CD,2,D1_pwm175_grab5
16653,-500,-3798,11042,CD,2,D1_pwm175_grab5
16659,-22,916,10474,CD,2,D1_pwm175_grab5
16664,-3684,256,9136,CD,2,D1_pwm175_grab5
16668,-410,2112,11080,CD,2,D1_pwm175_grab5
16674,1118,468,10600,CD,2,D1_pwm175_grab5
16678,-2092,2434,11408,CD,2,D1_pwm175_grab5
16689,-76,-2954,11042,CD,2,D1_pwm175_grab5
16693,-1116,-3480,8616,CD,2,D1_pwm175_grab5
16698,-1926,-4700,8596,CD,2,D1_pwm175_grab5
16704,-772,1986,11248,CD,2,D1_pwm175_grab5
16708,772,488,11062,CD,2,D1_pwm175_grab5
16713,-1998,2190,11004,CD,2,D1_pwm175_grab5
16718,1068,-874,9676,CD,2,D1_pwm175_grab5
16723,-580,-3944,9378,CD,2,D1_pwm175_grab5
16729,-726,-3602,8592,CD,2,D1_pwm175_grab5
16733,-1538,-4812,8684,CD,2,D1_pwm175_grab5
16739,1044,318,12794,CD,2,D1_pwm175_grab5
16743,288,502,11504,CD,2,D1_pwm175_grab5
16749,-1884,1886,10824,CD,2,D1_pwm175_grab5
16753,1824,-152,10262,CD,2,D1_pwm175_grab5
16758,-636,-4308,10068,CD,2,D1_pwm175_grab5
16764,-938,-1414,9892,CD,2,D1_pwm175_grab5
16769,-1090,-4546,8590,CD,2,D1_pwm175_grab5
16773,1352,156,12424,CD,2,D1_pwm175_grab5
16778,-1688,334,10546,CD,2,D1_pwm175_grab5
16784,-1736,1450,10650,CD,2,D1_pwm175_grab5
16788,2532,410,10900,CD,2,D1_pwm175_grab5
16794,-682,-4306,10662,CD,2,D1_pwm175_grab5
16798,-1362,-2060,9576,CD,2,D1_pwm175_grab5
16803,-2884,-3118,8530,CD,2,D1_pwm175_grab5
16808,-176,1712,12440,CD,2,D1_pwm175_grab5
16814,-1552,90,10440,CD,2,D1_pwm175_grab5
16818,30,-2140,8748,CD,2,D1_pwm175_grab5
16824,3260,668,11486,CD,2,D1_pwm175_grab5
16828,-538,-4276,10742,CD,2,D1_pwm175_grab5
16834,-1562,-2456,9364,CD,2,D1_pwm175_grab5
16839,-2604,-3710,8452,CD,2,D1_pwm175_grab5
16844,104,1344,12656,CD,2,D1_pwm175_grab5
16849,-448,1236,11682,CD,2,D1_pwm175_grab5
16855,-1036,552,9352,CD,2,D1_pwm175_grab5
16864,-524,-2392,8670,CD,2,D1_pwm175_grab5
16869,296,1014,10552,CD,2,D1_pwm175_grab5
16874,-3710,368,9166,CD,2,D1_pwm175_grab5
16879,-628,2104,11230,CD,2,D1_pwm175_grab5
16884,886,18,10726,CD,2,D1_pwm175_grab5
16889,-2352,2508,11216,CD,2,D1_pwm175_grab5
16896,372,-1480,8912,CD,2,D1_pwm175_grab5
16899,-260,-2892,11006,CD,2,D1_pwm175_grab5
16905,-252,186,10160,CD,2,D1_pwm175_grab5
16909,-3550,-800,8910,CD,2,D1_pwm175_grab5
16915,-650,2018,11808,CD,2,D1_pwm175_grab5
16920,814,424,11064,CD,2,D1_pwm175_grab5
16925,-2278,2102,11164,CD,2,D1_pwm175_grab5
16929,1168,-656,9568,CD,2,D1_pwm175_grab5
16935,-496,-3850,9608,CD,2,D1_pwm175_grab5
16939,-672,-3774,8238,CD,2,D1_pwm175_grab5
16945,-3432,-1682,8772,CD,2,D1_pwm175_grab5
16949,-520,2014,11996,CD,2,D1_pwm175_grab5
16955,834,782,11372,CD,2,D1_pwm175_grab5
16959,-2000,1812,10944,CD,2,D1_pwm175_grab5
16965,2024,-92,10428,CD,2,D1_pwm175_grab5
16970,-470,-4264,10060,CD,2,D1_pwm175_grab5
16974,-1210,-1200,9842,CD,2,D1_pwm175_grab5
16980,-3166,-2470,8586,CD,2,D1_pwm175_grab5
16984,-316,1894,12130,CD,2,D1_pwm175_grab5
16989,436,774,11528,CD,2,D1_pwm175_grab5
16995,-1660,1478,10510,CD,2,D1_pwm175_grab5
17000,2526,298,10764,CD,2,D1_pwm175_grab5
17004,-596,-4596,10030,CD,2,D1_pwm175_grab5
17009,-1438,-1712,9732,CD,2,D1_pwm175_grab5
17014,-2842,-3024,8520,CD,2,D1_pwm175_grab5
17019,50,1870,12536,CD,2,D1_pwm175_grab5
17024,-82,894,11578,CD,2,D1_pwm175_grab5
17030,-1324,852,10102,CD,2,D1_pwm175_grab5
17034,2892,622,11096,CD,2,D1_pwm175_grab5
17039,-784,-4054,10352,CD,2,D1_pwm175_grab5
17044,-1514,-2450,9296,CD,2,D1_pwm175_grab5
17049,-2584,-3768,8450,CD,2,D1_pwm175_grab5
17054,220,1446,12534,CD,2,D1_pwm175_grab5
17060,-636,1036,11702,CD,2,D1_pwm175_grab5
17064,-2688,1994,11278,CD,2,D1_pwm175_grab5
17070,3516,876,11636,CD,2,D1_pwm175_grab5
17074,-694,-3604,10938,CD,2,D1_pwm175_grab5
17079,-1272,-2858,9050,CD,2,D1_pwm175_grab5
17085,-2166,-4384,8404,CD,2,D1_pwm175_grab5
17089,132,752,12334,CD,2,D1_pwm175_grab5
17095,-1148,960,11740,CD,2,D1_pwm175_grab5
17100,-508,232,9106,CD,2,D1_pwm175_grab5
17104,554,-1776,8888,CD,2,D1_pwm175_grab5
17111,-444,-3074,9040,CD,2,D1_pwm175_grab5
17115,-272,390,10260,CD,2,D1_pwm175_grab5
17121,-3674,-824,8920,CD,2,D1_pwm175_grab5
17126,-344,1964,11648,CD,2,D1_pwm175_grab5
17131,1070,518,11128,CD,2,D1_pwm175_grab5
17135,-1976,1924,11276,CD,2,D1_pwm175_grab5
17140,1306,-1080,9308,CD,2,D1_pwm175_grab5
17146,-430,1692,10420,CD,2,D1_pwm175_grab5
17150,1638,2594,10196,CD,2,D1_pwm175_grab5
17155,-3366,-1596,8858,CD,2,D1_pwm175_grab5
17160,-202,2044,11984,CD,2,D1_pwm175_grab5
17166,660,632,11180,CD,2,D1_pwm175_grab5
17170,-1760,1728,11180,CD,2,D1_pwm175_grab5
17175,1576,-618,9708,CD,2,D1_pwm175_grab5
17180,-736,-4230,9298,CD,2,D1_pwm175_grab5
17185,1384,2492,10230,CD,2,D1_pwm175_grab5
17190,-3648,2218,10092,CD,2,D1_pwm175_grab5
17195,-318,1950,11890,CD,2,D1_pwm175_grab5
17200,206,788,11366,CD,2,D1_pwm175_grab5
17206,-1672,1612,10904,CD,2,D1_pwm175_grab5
17210,2096,-134,10506,CD,2,D1_pwm175_grab5
17215,-828,-4332,9888,CD,2,D1_pwm175_grab5
17220,-1296,-1388,9814,CD,2,D1_pwm175_grab5
17226,-3980,1996,9960,CD,2,D1_pwm175_grab5
17230,498,1876,10102,CD,2,D1_pwm175_grab5
17236,1808,20,10006,CD,2,D1_pwm175_grab5
17241,-1610,1500,10354,CD,2,D1_pwm175_grab5
17245,2596,202,10998,CD,2,D1_pwm175_grab5
17251,-894,-4326,10448,CD,2,D1_pwm175_grab5
17255,-1246,-1862,9784,CD,2,D1_pwm175_grab5
17260,-2706,-3266,8372,CD,2,D1_pwm175_grab5
17266,-306,1518,12210,CD,2,D1_pwm175_grab5
17271,1548,176,10158,CD,2,D1_pwm175_grab5
17276,-2674,1584,11332,CD,2,D1_pwm175_grab5
17280,3378,518,11398,CD,2,D1_pwm175_grab5
17285,-820,-4250,10700,CD,2,D1_pwm175_grab5
17291,-1402,-2420,9490,CD,2,D1_pwm175_grab5
17295,-2622,-3722,8500,CD,2,D1_pwm175_grab5
17300,-42,1246,12528,CD,2,D1_pwm175_grab5
17306,-672,896,11778,CD,2,D1_pwm175_grab5
17310,-2274,1742,11386,CD,2,D1_pwm175_grab5
17316,-230,-2644,7988,CD,2,D1_pwm175_grab5
17320,-750,-1856,8372,CD,2,D1_pwm175_grab5
17326,-1488,-2778,9130,CD,2,D1_pwm175_grab5
17331,-2368,-4092,8516,CD,2,D1_pwm175_grab5
17336,170,998,12664,CD,2,D1_pwm175_grab5
17340,-740,1068,11616,CD,2,D1_pwm175_grab5
17345,-1056,450,9318,CD,2,D1_pwm175_grab5
17350,-94,-2184,8574,CD,2,D1_pwm175_grab5
17355,-608,-2380,8712,CD,2,D1_pwm175_grab5
17361,120,950,10524,CD,2,D1_pwm175_grab5
17367,-3704,24,8936,CD,2,D1_pwm175_grab5
17371,-666,1974,10954,CD,2,D1_pwm175_grab5
17377,914,384,10948,CD,2,D1_pwm175_grab5
17381,-1986,2230,11080,CD,2,D1_pwm175_grab5
17386,268,-1788,8908,CD,2,D1_pwm175_grab5
17392,-104,2612,11202,CD,2,D1_pwm175_grab5
17397,2182,2610,10488,CD,2,D1_pwm175_grab5
17401,-3064,3012,10528,CD,2,D1_pwm175_grab5
17406,1684,1094,9038,CD,2,D1_pwm175_grab5
17411,704,424,11174,CD,2,D1_pwm175_grab5
17417,-2088,2134,11128,CD,2,D1_pwm175_grab5
17422,678,-1480,9014,CD,2,D1_pwm175_grab5
17426,-740,-3286,9278,CD,2,D1_pwm175_grab5
17431,1732,2540,10300,CD,2,D1_pwm175_grab5
17436,-3184,2774,10214,CD,2,D1_pwm175_grab5
17441,1434,1390,9068,CD,2,D1_pwm175_grab5
17446,1682,-70,9566,CD,2,D1_pwm175_grab5
17451,-2116,1932,11112,CD,2,D1_pwm175_grab5
17456,1240,-764,9552,CD,2,D1_pwm175_grab5
17462,-650,-3702,9650,CD,2,D1_pwm175_grab5
17466,-894,-472,9962,CD,2,D1_pwm175_grab5
17471,-3352,2602,10024,CD,2,D1_pwm175_grab5
17476,908,1546,9022,CD,2,D1_pwm175_grab5
17481,1622,32,9702,CD,2,D1_pwm175_grab5
17487,-3068,1260,11962,CD,3,D1_pwm175_grab5
17491,-2508,-3928,6984,CD,3,D1_pwm175_grab5
17501,-1194,-750,9944,CD,3,D1_pwm175_grab5
17507,-3216,-2260,8714,CD,3,D1_pwm175_grab5
17511,630,1710,9332,CD,3,D1_pwm175_grab5
17516,1634,-46,9762,CD,3,D1_pwm175_grab5
17521,-3324,1426,11502,CD,3,D1_pwm175_grab5
17526,-2330,-3826,7198,CD,3,D1_pwm175_grab5
17531,-574,656,9604,CD,3,D1_pwm175_grab5
17537,-1412,-1088,9902,CD,3,D1_pwm175_grab5
17541,-2968,-2608,8740,CD,3,D1_pwm175_grab5
17546,-120,1926,12346,CD,3,D1_pwm175_grab5
17552,1556,-30,9752,CD,3,D1_pwm175_grab5
17557,-3560,1522,11316,CD,3,D1_pwm175_grab5
17562,-1948,-3636,7342,CD,3,D1_pwm175_grab5
17566,-638,98,9466,CD,3,D1_pwm175_grab5
17572,1376,2108,10524,CD,3,D1_pwm175_grab5
17577,-3786,1880,9746,CD,3,D1_pwm175_grab5
17582,-220,1840,12230,CD,3,D1_pwm175_grab5
17586,-166,876,11504,CD,3,D1_pwm175_grab5
17592,-3438,1724,11230,CD,3,D1_pwm175_grab5
17596,-1416,-3188,7852,CD,3,D1_pwm175_grab5
17601,-480,-708,9408,CD,3,D1_pwm175_grab5
17606,1138,1664,10450,CD,3,D1_pwm175_grab5
17611,-4038,1378,9598,CD,3,D1_pwm175_grab5
17616,212,2132,10668,CD,3,D1_pwm175_grab5
17622,1652,202,10272,CD,3,D1_pwm175_grab5
17627,-2946,1932,11216,CD,3,D1_pwm175_grab5
17632,-2932,-3454,6788,CD,3,D1_pwm175_grab5
17638,124,3204,11682,CD,3,D1_pwm175_grab5
17642,3630,2416,11788,CD,3,D1_pwm175_grab5
17648,-2312,3102,10698,CD,3,D1_pwm175_grab5
17652,2374,262,8768,CD,3,D1_pwm175_grab5
17657,1182,-94,9950,CD,3,D1_pwm175_grab5
17662,-380,514,12316,CD,3,D1_pwm175_grab5
17668,18,-2072,8622,CD,3,D1_pwm175_grab5
17672,-104,2904,11480,CD,3,D1_pwm175_grab5
17677,3336,2468,11408,CD,3,D1_pwm175_grab5
17683,-2558,3198,10574,CD,3,D1_pwm175_grab5
17688,2178,718,9162,CD,3,D1_pwm175_grab5
17693,1298,-126,9796,CD,3,D1_pwm175_grab5
17697,-1332,644,12522,CD,3,D1_pwm175_grab5
17702,-3362,-3894,6380,CD,3,D1_pwm175_grab5
17707,-682,-2812,8602,CD,3,D1_pwm175_grab5
17713,2598,2582,10720,CD,3,D1_pwm175_grab5
17717,-3058,3100,10498,CD,3,D1_pwm175_grab5
17722,1836,1176,9250,CD,3,D1_pwm175_grab5
17727,1648,-200,9788,CD,3,D1_pwm175_grab5
17732,-1976,912,12524,CD,3,D1_pwm175_grab5
17737,-3116,-3984,6486,CD,3,D1_pwm175_grab5
17742,-208,2256,11004,CD,3,D1_pwm175_grab5
17748,1788,2672,10298,CD,3,D1_pwm175_grab5
17752,-3472,-1174,8660,CD,3,D1_pwm175_grab5
17757,1488,1372,9292,CD,3,D1_pwm175_grab5
17762,1802,-118,9912,CD,3,D1_pwm175_grab5
17767,-2564,1132,12284,CD,3,D1_pwm175_grab5
17772,-2584,-3886,6904,CD,3,D1_pwm175_grab5
17778,-156,1454,10548,CD,3,D1_pwm175_grab5
17783,1364,2608,10160,CD,3,D1_pwm175_grab5
17788,-3478,2718,10188,CD,3,D1_pwm175_grab5
17793,-784,1954,12004,CD,3,D1_pwm175_grab5
17797,1798,-94,9806,CD,3,D1_pwm175_grab5
17802,-3036,1584,12070,CD,3,D1_pwm175_grab5
17807,-2150,-3712,7098,CD,3,D1_pwm175_grab5
17812,-276,790,9698,CD,3,D1_pwm175_grab5
17817,1152,2446,10310,CD,3,D1_pwm175_grab5
17822,-3654,2330,9836,CD,3,D1_pwm175_grab5
17827,812,2048,9542,CD,3,D1_pwm175_grab5
17833,802,-314,10102,CD,3,D1_pwm175_grab5
17837,-3312,1628,11748,CD,3,D1_pwm175_grab5
17843,-1868,-3578,7242,CD,3,D1_pwm175_grab5
17848,-492,234,9132,CD,3,D1_pwm175_grab5
17853,1304,2196,10576,CD,3,D1_pwm175_grab5
17858,-3768,2008,9558,CD,3,D1_pwm175_grab5
17862,332,2212,9706,CD,3,D1_pwm175_grab5
17867,1530,24,9792,CD,3,D1_pwm175_grab5
17872,-3086,1742,11360,CD,3,D1_pwm175_grab5
17879,-3112,-3366,6808,CD,3,D1_pwm175_grab5
17884,114,3496,12132,CD,3,D1_pwm175_grab5
17889,3688,2206,11780,CD,3,D1_pwm175_grab5
17894,-2092,2898,11008,CD,3,D1_pwm175_grab5
17898,2700,-230,8616,CD,3,D1_pwm175_grab5
17904,1130,-274,10042,CD,3,D1_pwm175_grab5
17909,340,30,12058,CD,3,D1_pwm175_grab5
17914,-2848,-3436,6844,CD,3,D1_pwm175_grab5
17918,1436,1288,11820,CD,3,D1_pwm175_grab5
17923,3598,2372,11712,CD,3,D1_pwm175_grab5
17928,-2298,3236,10920,CD,3,D1_pwm175_grab5
17933,2420,256,8732,CD,3,D1_pwm175_grab5
17939,1290,-324,9820,CD,3,D1_pwm175_grab5
17943,-214,482,12718,CD,3,D1_pwm175_grab5
17948,-2772,-3506,6658,CD,3,D1_pwm175_grab5
17953,214,3008,11494,CD,3,D1_pwm175_grab5
17958,2596,488,11024,CD,3,D1_pwm175_grab5
17963,-2558,3286,10648,CD,3,D1_pwm175_grab5
17969,2220,724,8818,CD,3,D1_pwm175_grab5
17974,1380,-310,9646,CD,3,D1_pwm175_grab5
17978,-860,634,12874,CD,3,D1_pwm175_grab5
17983,-2874,-3660,6564,CD,3,D1_pwm175_grab5
17989,84,2644,11104,CD,3,D1_pwm175_grab5
17994,2664,2518,10894,CD,3,D1_pwm175_grab5
17998,-580,1072,11272,CD,3,D1_pwm175_grab5
18003,2586,-1494,8434,CD,3,D1_pwm175_grab5
18008,1466,-164,9788,CD,3,D1_pwm175_grab5
18014,-1784,868,12490,CD,3,D1_pwm175_grab5
18023,-190,1966,10732,CD,3,D1_pwm175_grab5
18029,1932,2794,10434,CD,3,D1_pwm175_grab5
18034,-3076,2998,10254,CD,3,D1_pwm175_grab5
18038,2658,-1364,8322,CD,3,D1_pwm175_grab5
18044,358,-846,9682,CD,3,D1_pwm175_grab5
18049,-2598,1126,12100,CD,3,D1_pwm175_grab5
18059,-388,1362,10350,CD,3,D1_pwm175_grab5
18064,1446,2636,10252,CD,3,D1_pwm175_grab5
18068,-3428,2600,10040,CD,3,D1_pwm175_grab5
18074,940,1924,9726,CD,3,D1_pwm175_grab5
18078,744,-786,9894,CD,3,D1_pwm175_grab5
18084,2034,-380,10794,CD,3,D1_pwm175_grab5
18088,-1978,-2028,7616,CD,3,D1_pwm175_grab5
18094,-480,864,10088,CD,3,D1_pwm175_grab5
18098,1380,2432,10398,CD,3,D1_pwm175_grab5
18104,-3814,2248,9792,CD,3,D1_pwm175_grab5
18109,764,2210,10042,CD,3,D1_pwm175_grab5
18113,1750,-42,9818,CD,3,D1_pwm175_grab5
18119,1372,-298,11226,CD,3,D1_pwm175_grab5
18124,-2406,-2558,7258,CD,3,D1_pwm175_grab5
18128,400,3486,12002,CD,3,D1_pwm175_grab5
18134,3878,2090,11802,CD,3,D1_pwm175_grab5
18139,-1702,2542,10818,CD,3,D1_pwm175_grab5
18145,2926,-478,8370,CD,3,D1_pwm175_grab5
18149,1118,-256,10064,CD,3,D1_pwm175_grab5
18154,982,-230,11378,CD,3,D1_pwm175_grab5
18160,662,840,8564,CD,3,D1_pwm175_grab5
18165,1616,718,11416,CD,3,D1_pwm175_grab5
18169,1566,-848,10644,CD,3,D1_pwm175_grab5
18174,270,-4,10920,CD,3,D1_pwm175_grab5
18179,2656,-172,8630,CD,3,D1_pwm175_grab5
18184,1166,-314,10010,CD,3,D1_pwm175_grab5
18189,554,-14,11692,CD,3,D1_pwm175_grab5
18194,-3302,-3422,6706,CD,3,D1_pwm175_grab5
18199,1702,1348,11780,CD,3,D1_pwm175_grab5
18204,1916,-350,10890,CD,3,D1_pwm175_grab5
18210,160,448,10988,CD,3,D1_pwm175_grab5
18214,1766,-1818,8468,CD,3,D1_pwm175_grab5
18219,1272,-366,9846,CD,3,D1_pwm175_grab5
18224,-314,116,12146,CD,3,D1_pwm175_grab5
18230,-3548,-3744,6462,CD,3,D1_pwm175_grab5
18235,-88,2986,11642,CD,3,D1_pwm175_grab5
18240,2566,302,11090,CD,3,D1_pwm175_grab5
18244,-276,834,10998,CD,3,D1_pwm175_grab5
18249,2468,-1492,8346,CD,3,D1_pwm175_grab5
18254,76,-1116,9414,CD,3,D1_pwm175_grab5
18259,3850,-602,10222,CD,3,D1_pwm175_grab5
18270,-94,2596,11430,CD,3,D1_pwm175_grab5
18274,2078,2598,10352,CD,3,D1_pwm175_grab5
18279,-752,1222,10980,CD,3,D1_pwm175_grab5
18284,2778,-1424,8146,CD,3,D1_pwm175_grab5
18289,316,-846,9566,CD,3,D1_pwm175_grab5
18294,3052,-578,10080,CD,3,D1_pwm175_grab5
18300,-1668,-1364,7744,CD,3,D1_pwm175_grab5
18305,-150,1902,10816,CD,3,D1_pwm175_grab5
18309,1506,2722,10200,CD,3,D1_pwm175_grab5
18315,-3494,2710,10246,CD,3,D1_pwm175_grab5
18320,2828,-1254,8216,CD,3,D1_pwm175_grab5
18324,570,-622,9730,CD,3,D1_pwm175_grab5
18329,2402,-448,10264,CD,3,D1_pwm175_grab5
18335,-2300,-2062,7386,CD,3,D1_pwm175_grab5
18340,606,3146,12110,CD,3,D1_pwm175_grab5
18345,3600,1770,11478,CD,3,D1_pwm175_grab5
18349,-3754,2322,9798,CD,3,D1_pwm175_grab5
18354,720,2098,9458,CD,3,D1_pwm175_grab5
18360,1618,48,9602,CD,3,D1_pwm175_grab5
18364,1574,-350,10934,CD,3,D1_pwm175_grab5
18370,-3100,-2844,6962,CD,3,D1_pwm175_grab5
18374,332,3428,12100,CD,3,D1_pwm175_grab5
18380,3702,1992,11786,CD,3,D1_pwm175_grab5
18384,-1848,2736,10944,CD,3,D1_pwm175_grab5
18391,2984,-234,8690,CD,3,D1_pwm175_grab5
18396,1116,-340,9954,CD,3,D1_pwm175_grab5
18401,5392,-316,10174,CD,3,D1_pwm175_grab5
18405,620,618,8562,CD,3,D1_pwm175_grab5
18410,1554,880,11588,CD,3,D1_pwm175_grab5
18416,1924,-578,10824,CD,3,D1_pwm175_grab5
18421,290,128,11074,CD,3,D1_pwm175_grab5
18425,1560,-1832,8370,CD,3,D1_pwm175_grab5
18430,-246,-1512,9394,CD,3,D1_pwm175_grab5
18436,-24,94,12380,CD,3,D1_pwm175_grab5
18440,-2936,-3448,6780,CD,3,D1_pwm175_grab5
18446,1462,1498,11966,CD,3,D1_pwm175_grab5
18450,2310,92,10872,CD,3,D1_pwm175_grab5
18456,-212,682,11140,CD,3,D1_pwm175_grab5
18460,1942,-1792,8270,CD,3,D1_pwm175_grab5
18465,-190,-1298,9368,CD,3,D1_pwm175_grab5
18471,4198,-730,9800,CD,3,D1_pwm175_grab5
18475,-2834,-3680,6576,CD,3,D1_pwm175_grab5
18481,92,2838,11294,CD,3,D1_pwm175_grab5
18486,2840,710,11068,CD,3,D1_pwm175_grab5
18491,-720,1124,11168,CD,3,D1_pwm175_grab5
18495,2510,-1434,8440,CD,3,D1_pwm175_grab5
18500,178,-1132,9478,CD,3,D1_pwm175_grab5
18505,3448,-620,10052,CD,3,D1_pwm175_grab5
18510,-1686,-1142,7612,CD,3,D1_pwm175_grab5
18515,964,2668,12166,CD,3,D1_pwm175_grab5
18520,1866,2712,10344,CD,3,D1_pwm175_grab5
18526,-1174,1586,11170,CD,3,D1_pwm175_grab5
18530,2882,-1182,8470,CD,3,D1_pwm175_grab5
18535,568,-858,9690,CD,3,D1_pwm175_grab5
18540,2492,-626,10302,CD,3,D1_pwm175_grab5
18546,-2332,-1926,7432,CD,3,D1_pwm175_grab5
18550,768,3068,12124,CD,3,D1_pwm175_grab5
18556,3286,1746,11172,CD,3,D1_pwm175_grab5
18560,-3434,2500,9904,CD,3,D1_pwm175_grab5
18565,2904,-914,8444,CD,3,D1_pwm175_grab5
18570,906,-754,9862,CD,3,D1_pwm175_grab5
18575,1596,-526,10834,CD,3,D1_pwm175_grab5
18581,-2412,-2358,7386,CD,3,D1_pwm175_grab5
18585,622,3284,11902,CD,3,D1_pwm175_grab5
18590,3530,1972,11564,CD,3,D1_pwm175_grab5
18596,-1782,2736,10884,CD,3,D1_pwm175_grab5
18600,2908,-454,8430,CD,3,D1_pwm175_grab5
18606,1096,-386,9846,CD,3,D1_pwm175_grab5
18610,834,-178,11862,CD,3,D1_pwm175_grab5
18616,-2560,-2954,6960,CD,3,D1_pwm175_grab5
18621,452,3486,11842,CD,3,D1_pwm175_grab5
18626,3900,1964,11826,CD,3,D1_pwm175_grab5
18631,-2272,3034,10620,CD,3,D1_pwm175_grab5
18636,2674,264,8498,CD,3,D1_pwm175_grab5
18640,1294,-300,9716,CD,3,D1_pwm175_grab5
18647,4768,-658,10006,CD,3,D1_pwm175_grab5
18651,-262,166,8082,CD,3,D1_pwm175_grab5
18657,1406,1470,11812,CD,3,D1_pwm175_grab5
18661,2244,-56,10936,CD,3,D1_pwm175_grab5
18666,-238,544,11242,CD,3,D1_pwm175_grab5
18672,2076,-1622,8564,CD,3,D1_pwm175_grab5
18676,-78,-1102,9478,CD,3,D1_pwm175_grab5
18681,3808,-882,9890,CD,3,D1_pwm175_grab5
18688,1924,716,10546,CD,3,D1_pwm175_grab5
18691,1194,2348,12102,CD,3,D1_pwm175_grab5
18696,2582,886,10966,CD,3,D1_pwm175_grab5
18701,-774,1296,11182,CD,3,D1_pwm175_grab5
18706,2436,-1510,8294,CD,3,D1_pwm175_grab5
18711,294,-1072,9752,CD,3,D1_pwm175_grab5
18717,2858,-638,10178,CD,3,D1_pwm175_grab5
18721,-1512,-1470,7862,CD,3,D1_pwm175_grab5
18727,1368,-1178,10068,CD,3,D1_pwm175_grab5
18731,3244,1454,11154,CD,3,D1_pwm175_grab5
18737,-1214,1944,11012,CD,3,D1_pwm175_grab5
18741,2948,-1016,8334,CD,3,D1_pwm175_grab5
18746,806,-818,9876,CD,3,D1_pwm175_grab5
18751,2156,-432,10870,CD,3,D1_pwm175_grab5
18756,-1952,-2028,7532,CD,3,D1_pwm175_grab5
18761,638,3180,11948,CD,3,D1_pwm175_grab5
18766,1818,-1712,10754,CD,3,D1_pwm175_grab5
18772,548,-418,10892,CD,3,D1_pwm175_grab5
18776,3156,-574,8374,CD,3,D1_pwm175_grab5
18781,1132,-476,9816,CD,3,D1_pwm175_grab5
18787,1302,-362,11356,CD,3,D1_pwm175_grab5
18792,-2552,-2788,7162,CD,3,D1_pwm175_grab5
18797,454,3380,11854,CD,3,D1_pwm175_grab5
18802,3994,2144,11934,CD,3,D1_pwm175_grab5
18806,340,-322,10966,CD,3,D1_pwm175_grab5
18811,1024,-1876,8804,CD,3,D1_pwm175_grab5
18816,1078,-184,9816,CD,3,D1_pwm175_grab5
18822,682,112,11824,CD,3,D1_pwm175_grab5
18826,-2978,-3280,6900,CD,3,D1_pwm175_grab5
18831,216,3180,11746,CD,3,D1_pwm175_grab5
18836,3838,2260,11948,CD,3,D1_pwm175_grab5
18842,-2274,3198,10770,CD,3,D1_pwm175_grab5
18847,1498,-1918,8558,CD,3,D1_pwm175_grab5
18852,-462,-1434,9490,CD,3,D1_pwm175_grab5
18856,4432,-646,10232,CD,3,D1_pwm175_grab5
18867,184,2784,11458,CD,3,D1_pwm175_grab5
18871,3476,2434,11632,CD,3,D1_pwm175_grab5
18877,-2554,3388,10492,CD,3,D1_pwm175_grab5
18882,2244,1016,9084,CD,3,D1_pwm175_grab5
18887,-102,-1354,9348,CD,3,D1_pwm175_grab5
18891,3904,-786,10276,CD,3,D1_pwm175_grab5
18896,-590,-672,8110,CD,3,D1_pwm175_grab5
18902,1122,2468,12004,CD,3,D1_pwm175_grab5
18907,2780,726,11198,CD,3,D1_pwm175_grab5
18913,-538,1292,11032,CD,3,D1_pwm175_grab5
18917,2814,-1378,8196,CD,3,D1_pwm175_grab5
18922,220,-958,9590,CD,3,D1_pwm175_grab5
18933,1652,972,10354,CD,3,D1_pwm175_grab5
18937,1180,-1314,9958,CD,3,D1_pwm175_grab5
18942,1448,-2496,10218,CD,3,D1_pwm175_grab5
18947,-834,1686,11094,CD,3,D1_pwm175_grab5
18952,2912,-1392,7998,CD,3,D1_pwm175_grab5
18958,466,-756,9714,CD,3,D1_pwm175_grab5
18962,2684,-518,10038,CD,3,D1_pwm175_grab5
18968,1464,1068,9940,CD,3,D1_pwm175_grab5
18973,1386,-690,10436,CD,3,D1_pwm175_grab5
18978,1780,-2160,10568,CD,3,D1_pwm175_grab5
18982,904,-744,10552,CD,3,D1_pwm175_grab5
18987,3004,-1060,8214,CD,3,D1_pwm175_grab5
18993,706,-684,9860,CD,3,D1_pwm175_grab5
18997,2104,-378,10490,CD,3,D1_pwm175_grab5
19003,-2424,-2374,7186,CD,3,D1_pwm175_grab5
19008,556,3214,11978,CD,3,D1_pwm175_grab5
19013,1850,-1858,10800,CD,3,D1_pwm175_grab5
19018,784,-428,10718,CD,3,D1_pwm175_grab5
19023,674,-1890,8832,CD,3,D1_pwm175_grab5
19028,-686,-1898,9928,CD,3,D1_pwm175_grab5
19033,1440,-208,11254,CD,3,D1_pwm175_grab5
19037,-3048,-2894,6886,CD,3,D1_pwm175_grab5
19042,382,3264,11870,CD,3,D1_pwm175_grab5
19047,3530,2294,11804,CD,3,D1_pwm175_grab5
19053,566,-242,10880,CD,3,D1_pwm175_grab5
19057,1164,-1900,8594,CD,3,D1_pwm175_grab5
19063,-460,-1730,9578,CD,3,D1_pwm175_grab5
19067,5458,-416,10128,CD,3,D1_pwm175_grab5
19073,-3104,-3288,6796,CD,3,D1_pwm175_grab5
19077,402,3092,11722,CD,3,D1_pwm175_grab5
19083,3572,2400,11874,CD,3,D1_pwm175_grab5
19088,-2128,3260,10882,CD,3,D1_pwm175_grab5
19093,1508,-2064,8274,CD,3,D1_pwm175_grab5
19098,-382,-1384,9378,CD,3,D1_pwm175_grab5
19102,4938,-608,9974,CD,3,D1_pwm175_grab5
19107,80,30,8114,CD,3,D1_pwm175_grab5
19112,1304,1610,11882,CD,3,D1_pwm175_grab5
19117,3448,2432,11658,CD,3,D1_pwm175_grab5
19122,-2548,3480,10708,CD,3,D1_pwm175_grab5
19128,2268,746,8722,CD,3,D1_pwm175_grab5
19132,-234,-1292,9292,CD,3,D1_pwm175_grab5
19137,4314,-702,10114,CD,3,D1_pwm175_grab5
19143,-702,-450,7826,CD,3,D1_pwm175_grab5
19148,1194,2140,11922,CD,3,D1_pwm175_grab5
19152,2748,708,11210,CD,3,D1_pwm175_grab5
19159,-504,1200,11392,CD,3,D1_pwm175_grab5
19164,2584,-1580,8432,CD,3,D1_pwm175_grab5
19168,34,-1046,9384,CD,3,D1_pwm175_grab5
19179,1890,896,10486,CD,3,D1_pwm175_grab5
19183,974,-1372,9814,CD,3,D1_pwm175_grab5
19189,1406,-2494,10378,CD,3,D1_pwm175_grab5
19193,1114,-1066,10630,CD,3,D1_pwm175_grab5
19198,-114,-1736,8780,CD,3,D1_pwm175_grab5
19203,476,-872,9712,CD,3,D1_pwm175_grab5
19209,2584,-628,10188,CD,3,D1_pwm175_grab5
19213,1756,1036,9604,CD,3,D1_pwm175_grab5
19218,1136,-414,10610,CD,3,D1_pwm175_grab5
19224,2074,-1906,10750,CD,3,D1_pwm175_grab5
19229,904,-654,10924,CD,3,D1_pwm175_grab5
19233,234,-2042,8512,CD,3,D1_pwm175_grab5
19238,-838,-1768,10030,CD,3,D1_pwm175_grab5
19243,1752,-248,10824,CD,3,D1_pwm175_grab5
19249,-1984,-2440,7400,CD,3,D1_pwm175_grab5
19254,1246,228,11096,CD,3,D1_pwm175_grab5
19259,1988,-1434,10778,CD,3,D1_pwm175_grab5
19264,492,-336,11006,CD,3,D1_pwm175_grab5
19268,744,-2088,8628,CD,3,D1_pwm175_grab5
19273,-606,-1588,9940,CD,3,D1_pwm175_grab5
19284,768,720,8696,CD,3,D1_pwm175_grab5
19288,572,3048,11506,CD,3,D1_pwm175_grab5
19293,1856,-712,10996,CD,3,D1_pwm175_grab5
19298,244,14,11204,CD,3,D1_pwm175_grab5
19303,1276,-2056,8682,CD,3,D1_pwm175_grab5
19308,-498,-1534,9586,CD,3,D1_pwm175_grab5
19318,388,448,8160,CD,3,D1_pwm175_grab5
19323,1354,1450,11826,CD,3,D1_pwm175_grab5
19328,3926,2606,12264,CD,3,D1_pwm175_grab5
19334,22,246,11196,CD,3,D1_pwm175_grab5
19338,1612,-2068,8502,CD,3,D1_pwm175_grab5
19343,-372,-1350,9426,CD,3,D1_pwm175_grab5
19349,4716,-660,10150,CD,3,D1_pwm175_grab5
19353,160,-14,7980,CD,3,D1_pwm175_grab5
19359,1378,1906,11992,CD,3,D1_pwm175_grab5
19363,1948,166,11030,CD,3,D1_pwm175_grab5
19369,-2,748,11144,CD,3,D1_pwm175_grab5
19373,1972,-2028,8326,CD,3,D1_pwm175_grab5
19379,-270,-1406,9352,CD,3,D1_pwm175_grab5
19383,4162,-686,10348,CD,3,D1_pwm175_grab5
19388,-190,-442,8126,CD,3,D1_pwm175_grab5
19394,1246,2338,12008,CD,3,D1_pwm175_grab5
19399,2372,528,11254,CD,3,D1_pwm175_grab5
19404,-208,990,11024,CD,3,D1_pwm175_grab5
19409,2498,-1626,8280,CD,3,D1_pwm175_grab5
19415,-822,-1988,9538,CD,3,D1_pwm175_grab5
19425,1784,940,10592,CD,3,D1_pwm175_grab5
19429,856,-1492,9868,CD,3,D1_pwm175_grab5
19434,1058,-2578,9988,CD,3,D1_pwm175_grab5
19439,976,-1202,10726,CD,3,D1_pwm175_grab5
19444,-396,-1740,9136,CD,3,D1_pwm175_grab5
19449,-928,-1992,9608,CD,3,D1_pwm175_grab5
19454,4888,1420,12424,CD,3,D1_pwm175_grab5
19459,1606,930,10312,CD,3,D1_pwm175_grab5
19464,1154,-932,10290,CD,3,D1_pwm175_grab5
19469,1558,-2270,10400,CD,3,D1_pwm175_grab5
19474,816,-1094,10724,CD,3,D1_pwm175_grab5
19479,-80,-2026,8946,CD,3,D1_pwm175_grab5
19485,-990,-1902,9836,CD,3,D1_pwm175_grab5
19494,214,-1526,10614,CD,3,D1_pwm175_grab5
19499,1370,-192,10634,CD,3,D1_pwm175_grab5
19504,1814,-1988,10774,CD,3,D1_pwm175_grab5
19510,916,-804,10680,CD,3,D1_pwm175_grab5
19514,154,-2126,8820,CD,3,D1_pwm175_grab5
19519,-924,-1884,10062,CD,3,D1_pwm175_grab5
19529,1390,1052,9436,CD,3,D1_pwm175_grab5
19534,-462,-3436,8310,CD,3,D1_pwm175_grab5
19540,-1108,-4566,8998,CD,3,D1_pwm175_grab5
19544,928,-460,10800,CD,3,D1_pwm175_grab5
19549,638,-2106,8736,CD,3,D1_pwm175_grab5
19554,-760,-1638,9942,CD,3,D1_pwm175_grab5
19564,1290,788,8866,CD,3,D1_pwm175_grab5
19569,1200,820,11338,CD,3,D1_pwm175_grab5
19574,1926,-1148,11050,CD,3,D1_pwm175_grab5
19579,1006,-1066,11386,CD,3,D1_pwm175_grab5
19584,1114,-2090,8434,CD,3,D1_pwm175_grab5
19590,-574,-1414,9742,CD,3,D1_pwm175_grab5
19599,962,534,8436,CD,3,D1_pwm175_grab5
19605,1148,1302,11640,CD,3,D1_pwm175_grab5
19609,1906,-472,11016,CD,3,D1_pwm175_grab5
19615,404,178,11184,CD,3,D1_pwm175_grab5
19619,-1402,-798,9882,CD,3,D1_pwm175_grab5
19624,-122,-1634,9474,CD,3,D1_pwm175_grab5
19630,5258,-424,9978,CD,3,D1_pwm175_grab5
19634,472,326,8300,CD,3,D1_pwm175_grab5
19640,1202,1538,11754,CD,3,D1_pwm175_grab5
19644,2120,10,11126,CD,3,D1_pwm175_grab5
19650,-36,644,11232,CD,3,D1_pwm175_grab5
19655,1818,-2020,8300,CD,3,D1_pwm175_grab5
19659,-554,-1720,9656,CD,3,D1_pwm175_grab5
19671,1632,354,11046,CD,3,D1_pwm175_grab5
19676,444,-2200,9036,CD,3,D1_pwm175_grab5
19680,-462,-3524,9022,CD,3,D1_pwm175_grab5
19685,1320,-1216,10706,CD,3,D1_pwm175_grab5
19691,-808,-1132,9472,CD,3,D1_pwm175_grab5
19695,-674,-1774,9578,CD,3,D1_pwm175_grab5
19700,3746,844,11846,CD,3,D1_pwm175_grab5
19705,-966,-3174,10934,CD,3,D1_pwm175_grab5
19710,-1144,-2994,8716,CD,3,D1_pwm175_grab5
19716,40,-3190,9242,CD,3,D1_pwm175_grab5
19720,1226,-1204,10758,CD,3,D1_pwm175_grab5
19725,-654,-1392,9122,CD,3,D1_pwm175_grab5
19731,-860,-1766,9492,CD,3,D1_pwm175_grab5
19740,-802,-2928,11124,CD,3,D1_pwm175_grab5
19746,-950,-3266,8794,CD,3,D1_pwm175_grab5
19750,-1898,-4874,8506,CD,3,D1_pwm175_grab5
19755,1264,-1084,10998,CD,3,D1_pwm175_grab5
19760,-650,-1680,8882,CD,3,D1_pwm175_grab5
19766,-946,-1904,9636,CD,3,D1_pwm175_grab5
19776,1924,1128,10338,CD,3,D1_pwm175_grab5
19780,-878,-3468,8520,CD,3,D1_pwm175_grab5
19785,-2000,-4870,8670,CD,3,D1_pwm175_grab5
19790,670,178,12648,CD,3,D1_pwm175_grab5
19795,-1358,908,11544,CD,3,D1_pwm175_grab5
19800,-980,-2044,9726,CD,3,D1_pwm175_grab5
19810,1788,1200,10274,CD,3,D1_pwm175_grab5
19816,906,-1032,10266,CD,3,D1_pwm175_grab5
19820,-1898,-4920,8870,CD,3,D1_pwm175_grab5
19825,882,-188,12406,CD,3,D1_pwm175_grab5
19831,-1324,868,11322,CD,3,D1_pwm175_grab5
19835,-376,-628,8978,CD,3,D1_pwm175_grab5
19845,1724,1158,10040,CD,3,D1_pwm175_grab5
19851,1088,-594,10616,CD,3,D1_pwm175_grab5
19856,1744,-1964,10628,CD,3,D1_pwm175_grab5
19860,1110,-372,12386,CD,3,D1_pwm175_grab5
19865,-1426,682,11056,CD,3,D1_pwm175_grab5
19870,-106,-696,8968,CD,3,D1_pwm175_grab5
19875,5532,1708,12186,CD,3,D1_pwm175_grab5
19880,318,-1468,10552,CD,3,D1_pwm175_grab5
19885,1316,-140,10842,CD,3,D1_pwm175_grab5
19890,1904,-1826,10788,CD,3,D1_pwm175_grab5
19895,878,-700,10796,CD,3,D1_pwm175_grab5
19901,-1670,392,10646,CD,3,D1_pwm175_grab5
19906,200,-1262,9012,CD,3,D1_pwm175_grab5
19916,472,-1028,10814,CD,3,D1_pwm175_grab5
19920,-540,-3420,8484,CD,3,D1_pwm175_grab5
19927,-1272,-4590,9070,CD,3,D1_pwm175_grab5
19931,1178,-570,12246,CD,3,D1_pwm175_grab5
19936,-1758,84,10562,CD,3,D1_pwm175_grab5
19942,-1700,1166,10660,CD,3,D1_pwm175_grab5
19946,1968,-424,10392,CD,3,D1_pwm175_grab5
19952,-1078,-3918,10540,CD,3,D1_pwm175_grab5
19957,-956,-1606,9330,CD,3,D1_pwm175_grab5
19962,-3270,-3164,8316,CD,3,D1_pwm175_grab5
19968,-514,1752,12182,CD,3,D1_pwm175_grab5
19972,-1646,-88,10598,CD,3,D1_pwm175_grab5
19977,374,-1472,9186,CD,3,D1_pwm175_grab5
19981,2520,-64,10890,CD,3,D1_pwm175_grab5
19987,-1002,-4004,10618,CD,3,D1_pwm175_grab5
19992,-1094,-1990,9230,CD,3,D1_pwm175_grab5
19996,-3048,-3506,8404,CD,3,D1_pwm175_grab5
20001,-260,1578,12408,CD,3,D1_pwm175_grab5
20007,-248,1372,11964,CD,3,D1_pwm175_grab5
20011,236,-1526,9316,CD,3,D1_pwm175_grab5
20021,-1156,-3824,10330,CD,3,D1_pwm175_grab5
20027,-1090,-2252,9142,CD,3,D1_pwm175_grab5
20031,-2896,-3822,8422,CD,3,D1_pwm175_grab5
20036,-50,1494,12576,CD,3,D1_pwm175_grab5
20042,-596,1266,11692,CD,3,D1_pwm175_grab5
20046,-1260,324,9976,CD,3,D1_pwm175_grab5
20056,1354,246,11110,CD,3,D1_pwm175_grab5
20062,-1262,-2588,8874,CD,3,D1_pwm175_grab5
20066,-2674,-4048,8278,CD,3,D1_pwm175_grab5
20072,-90,1196,12296,CD,3,D1_pwm175_grab5
20077,-904,1320,11818,CD,3,D1_pwm175_grab5
20082,-1180,118,9730,CD,3,D1_pwm175_grab5
20091,-1120,-3468,10890,CD,3,D1_pwm175_grab5
20096,324,-2382,8876,CD,3,D1_pwm175_grab5
20101,-544,-3676,8748,CD,3,D1_pwm175_grab5
20107,-240,812,12118,CD,3,D1_pwm175_grab5
20111,-972,1336,12068,CD,3,D1_pwm175_grab5
20117,-1130,30,9350,CD,3,D1_pwm175_grab5
20126,-1142,-3244,11256,CD,3,D1_pwm175_grab5
20132,-970,-3050,8894,CD,3,D1_pwm175_grab5
20136,-2192,-4574,8352,CD,3,D1_pwm175_grab5
20142,1384,-1216,10982,CD,3,D1_pwm175_grab5
20146,-1208,1154,11954,CD,3,D1_pwm175_grab5
20151,-1044,-204,8954,CD,3,D1_pwm175_grab5
20162,-880,-2718,11002,CD,3,D1_pwm175_grab5
20167,-952,-3378,8666,CD,3,D1_pwm175_grab5
20171,-2198,-4810,8454,CD,3,D1_pwm175_grab5
20176,380,424,12826,CD,3,D1_pwm175_grab5
20182,-1208,1124,11744,CD,3,D1_pwm175_grab5
20188,-1726,1862,10866,CD,3,D1_pwm175_grab5
20193,364,-1660,8678,CD,3,D1_pwm175_grab5
20197,-802,-3274,9152,CD,3,D1_pwm175_grab5
20203,-86,-326,9866,CD,3,D1_pwm175_grab5
20208,-3838,-1510,8324,CD,3,D1_pwm175_grab5
20212,-820,2378,11512,CD,3,D1_pwm175_grab5
20218,526,1182,11572,CD,3,D1_pwm175_grab5
20224,-1920,1188,12606,CD,3,D1_pwm175_grab5
20227,564,-1350,9186,CD,3,D1_pwm175_grab5
20232,-914,-3646,9810,CD,3,D1_pwm175_grab5
20238,-560,-818,9696,CD,3,D1_pwm175_grab5
20243,-3444,-2174,8266,CD,3,D1_pwm175_grab5
20247,-1034,2038,11670,CD,3,D1_pwm175_grab5
20252,226,1356,11876,CD,3,D1_pwm175_grab5
20258,-1516,1478,10664,CD,3,D1_pwm175_grab5
20263,1164,-1000,9630,CD,3,D1_pwm175_grab5
20267,-1056,-3896,10300,CD,3,D1_pwm175_grab5
20272,-712,-1410,9586,CD,3,D1_pwm175_grab5
20278,-3174,-2900,8202,CD,3,D1_pwm175_grab5
20283,-912,1836,12206,CD,3,D1_pwm175_grab5
20287,-42,1382,11986,CD,3,D1_pwm175_grab5
20292,-1564,1206,10618,CD,3,D1_pwm175_grab5
20298,1876,-638,10150,CD,3,D1_pwm175_grab5
20302,-1188,-3866,10592,CD,3,D1_pwm175_grab5
20308,1120,2146,10346,CD,3,D1_pwm175_grab5
20312,-3136,-3362,8182,CD,3,D1_pwm175_grab5
20318,-574,1588,12348,CD,3,D1_pwm175_grab5
20323,-182,1424,12012,CD,3,D1_pwm175_grab5
20328,-1518,850,10390,CD,3,D1_pwm175_grab5
20337,-1106,-3814,10848,CD,3,D1_pwm175_grab5
20343,-1072,-2206,9058,CD,3,D1_pwm175_grab5
20353,-264,1294,12276,CD,3,D1_pwm175_grab5
20358,-376,1412,12084,CD,3,D1_pwm175_grab5
20363,-1356,546,9912,CD,3,D1_pwm175_grab5
20372,-1170,-3598,10828,CD,3,D1_pwm175_grab5
20378,-1126,-2518,8870,CD,3,D1_pwm175_grab5
20382,-2586,-4232,8492,CD,3,D1_pwm175_grab5
20387,-576,2528,10914,CD,3,D1_pwm175_grab5
20392,1314,730,10898,CD,3,D1_pwm175_grab5
20397,-1190,304,9424,CD,3,D1_pwm175_grab5
20408,-1096,-3186,10564,CD,3,D1_pwm175_grab5
20412,-1180,-2916,8782,CD,3,D1_pwm175_grab5
20422,590,424,12766,CD,3,D1_pwm175_grab5
20427,1122,808,11270,CD,3,D1_pwm175_grab5
20433,-2090,2202,10694,CD,3,D1_pwm175_grab5
20439,-354,-2270,8770,CD,3,D1_pwm175_grab5
20443,-706,-3000,9316,CD,3,D1_pwm175_grab5
20449,112,156,10056,CD,3,D1_pwm175_grab5
20454,-3892,-930,8284,CD,3,D1_pwm175_grab5
20459,-846,2384,11940,CD,3,D1_pwm175_grab5
20464,1056,1024,11476,CD,3,D1_pwm175_grab5
20469,-1238,968,12950,CD,3,D1_pwm175_grab5
20473,-2866,-3750,6422,CD,3,D1_pwm175_grab5
20478,346,1202,10262,CD,3,D1_pwm175_grab5
20484,-278,-304,9758,CD,3,D1_pwm175_grab5
20488,-3828,-1576,8336,CD,3,D1_pwm175_grab5
20493,-786,2074,11888,CD,3,D1_pwm175_grab5
20499,860,1224,11736,CD,3,D1_pwm175_grab5
20503,-1816,1538,10814,CD,3,D1_pwm175_grab5
20508,-3002,-3850,6662,CD,3,D1_pwm175_grab5
20514,102,642,9950,CD,3,D1_pwm175_grab5
20518,1530,2784,10424,CD,3,D1_pwm175_grab5
20524,-3746,-2350,8486,CD,3,D1_pwm175_grab5
20529,-662,1958,11972,CD,3,D1_pwm175_grab5
20533,410,1272,11828,CD,3,D1_pwm175_grab5
20538,-1534,1324,10796,CD,3,D1_pwm175_grab5
20543,1732,-744,9760,CD,3,D1_pwm175_grab5
20548,96,-156,9600,CD,3,D1_pwm175_grab5
20553,1114,2526,10510,CD,3,D1_pwm175_grab5
20558,-3594,2294,9520,CD,3,D1_pwm175_grab5
20563,482,2436,10214,CD,3,D1_pwm175_grab5
20568,-76,1308,11702,CD,3,D1_pwm175_grab5
20574,-1302,950,10672,CD,3,D1_pwm175_grab5
20579,1974,-266,10190,CD,3,D1_pwm175_grab5
20584,-1196,-3972,10268,CD,3,D1_pwm175_grab5
20588,1148,2052,10480,CD,3,D1_pwm175_grab5
20593,-3754,1746,9260,CD,3,D1_pwm175_grab5
20598,174,2712,10680,CD,3,D1_pwm175_grab5
20603,1844,144,9950,CD,3,D1_pwm175_grab5
20608,-1180,742,10432,CD,3,D1_pwm175_grab5
20613,2278,-24,10708,CD,3,D1_pwm175_grab5
20618,-1270,-3798,10884,CD,3,D1_pwm175_grab5
20623,-1002,-2196,8964,CD,3,D1_pwm175_grab5
20629,-4076,1204,9086,CD,3,D1_pwm175_grab5
20633,-182,2636,10804,CD,3,D1_pwm175_grab5
20639,1688,510,10378,CD,3,D1_pwm175_grab5
20643,-2904,1810,10942,CD,3,D1_pwm175_grab5
20648,-1006,-3280,8270,CD,3,D1_pwm175_grab5
20653,-1312,-3558,11108,CD,3,D1_pwm175_grab5
20659,-996,-2586,9006,CD,3,D1_pwm175_grab5
20663,-2620,-4260,8292,CD,3,D1_pwm175_grab5
20669,-310,2574,10882,CD,3,D1_pwm175_grab5
20673,1524,694,10716,CD,3,D1_pwm175_grab5
20678,-2198,1990,10892,CD,3,D1_pwm175_grab5
20683,-422,-2808,8290,CD,3,D1_pwm175_grab5
20688,-638,-2544,8648,CD,3,D1_pwm175_grab5
20695,780,872,10338,CD,3,D1_pwm175_grab5
20699,-4256,-86,8710,CD,3,D1_pwm175_grab5
20704,-388,2552,11008,CD,3,D1_pwm175_grab5
20709,1722,-510,9590,CD,3,D1_pwm175_grab5
20714,-586,372,12698,CD,3,D1_pwm175_grab5
20724,540,2048,10792,CD,3,D1_pwm175_grab5
20729,2854,2564,11402,CD,3,D1_pwm175_grab5
20734,-2718,3338,10384,CD,3,D1_pwm175_grab5
20740,-726,2366,11210,CD,3,D1_pwm175_grab5
20744,914,1156,11406,CD,3,D1_pwm175_grab5
20749,-1618,2132,10858,CD,3,D1_pwm175_grab5
20760,550,1432,10700,CD,3,D1_pwm175_grab5
20764,1924,2702,10708,CD,3,D1_pwm175_grab5
20769,-3140,3218,10148,CD,3,D1_pwm175_grab5
20775,1408,1886,9402,CD,3,D1_pwm175_grab5
20779,674,1268,11780,CD,3,D1_pwm175_grab5
20785,-1602,1974,10754,CD,3,D1_pwm175_grab5
20789,582,-1668,9226,CD,3,D1_pwm175_grab5
20795,448,764,10152,CD,3,D1_pwm175_grab5
20800,1430,2698,10398,CD,3,D1_pwm175_grab5
20804,-3194,2894,9958,CD,3,D1_pwm175_grab5
20810,1150,2220,9472,CD,3,D1_pwm175_grab5
20815,2102,-188,9664,CD,3,D1_pwm175_grab5
20820,-2266,1270,12306,CD,3,D1_pwm175_grab5
20825,1076,-1202,9504,CD,3,D1_pwm175_grab5
20829,-996,-3874,10164,CD,3,D1_pwm175_grab5
20835,1178,2540,10284,CD,3,D1_pwm175_grab5
20839,-3460,2360,9612,CD,3,D1_pwm175_grab5
20845,884,2656,9656,CD,3,D1_pwm175_grab5
20850,2058,-48,9632,CD,3,D1_pwm175_grab5
20855,-2952,1376,11814,CD,3,D1_pwm175_grab5
20869,-866,-1512,9356,CD,3,D1_pwm175_grab5
20875,-3732,1820,9282,CD,3,D1_pwm175_grab5
20880,442,2576,9842,CD,3,D1_pwm175_grab5
20884,1838,234,9866,CD,3,D1_pwm175_grab5
20889,-3096,1642,11258,CD,3,D1_pwm175_grab5
20894,-1978,-3666,7390,CD,3,D1_pwm175_grab5
20899,-364,-1180,9066,CD,3,D1_pwm175_grab5
20904,1352,2082,10684,CD,3,D1_pwm175_grab5
20910,-3036,-3574,8438,CD,3,D1_pwm175_grab5
20914,-270,2422,10342,CD,3,D1_pwm175_grab5
20919,1590,408,10158,CD,3,D1_pwm175_grab5
20924,-2880,2004,10970,CD,3,D1_pwm175_grab5
20929,-1488,-3328,7962,CD,3,D1_pwm175_grab5
20935,-384,-1942,9012,CD,3,D1_pwm175_grab5
20939,1068,1378,10528,CD,3,D1_pwm175_grab5
20944,-3938,592,8894,CD,3,D1_pwm175_grab5
20950,-604,2638,11132,CD,3,D1_pwm175_grab5
20955,1514,-534,9608,CD,3,D1_pwm175_grab5
20961,-118,64,12698,CD,3,D1_pwm175_grab5
20966,-2874,-3412,6710,CD,3,D1_pwm175_grab5
20971,642,2558,10970,CD,3,D1_pwm175_grab5
20976,3326,2360,11898,CD,3,D1_pwm175_grab5
20981,-2310,3564,10458,CD,3,D1_pwm175_grab5
20986,2456,1404,8772,CD,3,D1_pwm175_grab5
20990,1860,-486,9532,CD,3,D1_pwm175_grab5
20995,-498,336,12818,CD,3,D1_pwm175_grab5
21000,-3152,-3638,6526,CD,3,D1_pwm175_grab5
21006,526,2048,10650,CD,3,D1_pwm175_grab5
21010,2822,2620,11370,CD,3,D1_pwm175_grab5
21016,-2706,3394,10294,CD,3,D1_pwm175_grab5
21020,1948,1752,8914,CD,3,D1_pwm175_grab5
21025,1970,-308,9496,CD,3,D1_pwm175_grab5
21031,-1102,544,12362,CD,3,D1_pwm175_grab5
21035,-3388,-3848,6530,CD,3,D1_pwm175_grab5
21041,418,1532,10374,CD,3,D1_pwm175_grab5
21046,2254,2716,10866,CD,3,D1_pwm175_grab5
21051,-2972,3036,10086,CD,3,D1_pwm175_grab5
21056,1388,1984,9150,CD,3,D1_pwm175_grab5
21061,1988,-94,9472,CD,3,D1_pwm175_grab5
21066,-2080,810,12020,CD,3,D1_pwm175_grab5
21070,-3294,-3944,6498,CD,3,D1_pwm175_grab5
21076,904,3294,11874,CD,3,D1_pwm175_grab5
21080,1674,2694,10538,CD,3,D1_pwm175_grab5
21086,-3212,2470,9800,CD,3,D1_pwm175_grab5
21090,976,2358,9790,CD,3,D1_pwm175_grab5
21095,2084,52,9538,CD,3,D1_pwm175_grab5
21100,-2716,1114,11860,CD,3,D1_pwm175_grab5
21105,-3036,-4006,6584,CD,3,D1_pwm175_grab5
21111,190,338,9794,CD,3,D1_pwm175_grab5
21116,3340,1820,11572,CD,3,D1_pwm175_grab5
21120,-3372,2194,9542,CD,3,D1_pwm175_grab5
21125,732,2474,10132,CD,3,D1_pwm175_grab5
21131,2096,92,9640,CD,3,D1_pwm175_grab5
21135,-3240,1388,11616,CD,3,D1_pwm175_grab5
21140,-2518,-4030,6916,CD,3,D1_pwm175_grab5
21146,-12,-622,9558,CD,3,D1_pwm175_grab5
21151,1098,2360,10442,CD,3,D1_pwm175_grab5
21156,-1450,2930,10874,CD,3,D1_pwm175_grab5
21160,3340,-196,8296,CD,3,D1_pwm175_grab5
21165,1976,222,9878,CD,3,D1_pwm175_grab5
21171,-3202,1642,11378,CD,3,D1_pwm175_grab5
21175,-1618,-3744,7546,CD,3,D1_pwm175_grab5
21180,-144,-1366,8942,CD,3,D1_pwm175_grab5
21186,1192,1914,10526,CD,3,D1_pwm175_grab5
21191,-4052,1126,9154,CD,3,D1_pwm175_grab5
21195,3084,272,8498,CD,3,D1_pwm175_grab5
21200,1334,-638,9704,CD,3,D1_pwm175_grab5
21206,512,-430,11606,CD,3,D1_pwm175_grab5
21211,-3148,-3236,6970,CD,3,D1_pwm175_grab5
21216,444,2932,11252,CD,3,D1_pwm175_grab5
21221,3422,2322,12040,CD,3,D1_pwm175_grab5
21226,-1984,3336,10732,CD,3,D1_pwm175_grab5
21232,2876,952,8960,CD,3,D1_pwm175_grab5
21237,-496,-1640,9460,CD,3,D1_pwm175_grab5
21241,4590,-580,10402,CD,3,D1_pwm175_grab5
21246,548,324,8498,CD,3,D1_pwm175_grab5
21251,414,2700,11094,CD,3,D1_pwm175_grab5
21256,3386,2346,11944,CD,3,D1_pwm175_grab5
21261,-2318,3314,10540,CD,3,D1_pwm175_grab5
21267,2470,1300,9206,CD,3,D1_pwm175_grab5
21272,1750,-346,9490,CD,3,D1_pwm175_grab5
21276,4268,-844,10208,CD,3,D1_pwm175_grab5
21281,36,-288,8180,CD,3,D1_pwm175_grab5
21286,950,2530,12158,CD,3,D1_pwm175_grab5
21291,2650,2522,11296,CD,3,D1_pwm175_grab5
21297,-2814,3288,10286,CD,3,D1_pwm175_grab5
21302,1854,1570,9200,CD,3,D1_pwm175_grab5
21306,1954,-248,9620,CD,3,D1_pwm175_grab5
21312,-1168,406,12740,CD,3,D1_pwm175_grab5
21316,-2996,-3912,6382,CD,3,D1_pwm175_grab5
21322,910,2998,12106,CD,3,D1_pwm175_grab5
21326,3016,1286,11354,CD,3,D1_pwm175_grab5
21332,-762,2206,11368,CD,3,D1_pwm175_grab5
21336,1496,2154,9194,CD,3,D1_pwm175_grab5
21341,2146,-138,9678,CD,3,D1_pwm175_grab5
21346,-1826,822,12454,CD,3,D1_pwm175_grab5
21352,-2764,-3884,6472,CD,3,D1_pwm175_grab5
21356,442,744,9844,CD,3,D1_pwm175_grab5
21361,3280,1752,11552,CD,3,D1_pwm175_grab5
21366,-1220,2590,11326,CD,3,D1_pwm175_grab5
21371,3476,-640,8546,CD,3,D1_pwm175_grab5
21377,2250,102,9596,CD,3,D1_pwm175_grab5
21382,-2560,1172,11884,CD,3,D1_pwm175_grab5
21386,-2702,-4056,6656,CD,3,D1_pwm175_grab5
21392,78,-4,9340,CD,3,D1_pwm175_grab5
21397,1162,2576,10440,CD,3,D1_pwm175_grab5
21401,-1348,2778,11052,CD,3,D1_pwm175_grab5
21407,3442,-280,8720,CD,3,D1_pwm175_grab5
21411,1074,-642,9716,CD,3,D1_pwm175_grab5
21416,1196,-870,10874,CD,3,D1_pwm175_grab5
21422,-2388,-3906,7156,CD,3,D1_pwm175_grab5
21427,-280,-820,9196,CD,3,D1_pwm175_grab5
21432,1332,2388,10648,CD,3,D1_pwm175_grab5
21437,-3728,1180,9302,CD,3,D1_pwm175_grab5
21442,3038,42,8634,CD,3,D1_pwm175_grab5
21447,1232,-430,9794,CD,3,D1_pwm175_grab5
21451,550,-556,11534,CD,3,D1_pwm175_grab5
21457,-2656,-3102,7142,CD,3,D1_pwm175_grab5
21462,646,3388,11458,CD,3,D1_pwm175_grab5
21467,3300,2262,11880,CD,3,D1_pwm175_grab5
21473,-1894,3134,10632,CD,3,D1_pwm175_grab5
21478,2794,580,8632,CD,3,D1_pwm175_grab5
21482,-666,-1622,9652,CD,3,D1_pwm175_grab5
21488,5102,-528,9914,CD,3,D1_pwm175_grab5
21492,414,444,8206,CD,3,D1_pwm175_grab5
21497,1136,1758,12116,CD,3,D1_pwm175_grab5
21504,2308,120,11274,CD,3,D1_pwm175_grab5
21507,-2166,3340,10378,CD,3,D1_pwm175_grab5
21513,2674,1416,8822,CD,3,D1_pwm175_grab5
21517,1818,-394,9530,CD,3,D1_pwm175_grab5
21523,4416,-734,10164,CD,3,D1_pwm175_grab5
21527,-116,-38,7808,CD,3,D1_pwm175_grab5
21532,1106,2404,12344,CD,3,D1_pwm175_grab5
21537,2372,660,11310,CD,3,D1_pwm175_grab5
21542,-240,1498,11598,CD,3,D1_pwm175_grab5
21547,2248,1674,8886,CD,3,D1_pwm175_grab5
21552,1968,-288,9488,CD,3,D1_pwm175_grab5
21557,-864,330,12410,CD,3,D1_pwm175_grab5
21563,-642,-750,7768,CD,3,D1_pwm175_grab5
21568,1080,2884,12266,CD,3,D1_pwm175_grab5
21572,2380,1008,11260,CD,3,D1_pwm175_grab5
21577,-528,2000,11374,CD,3,D1_pwm175_grab5
21582,2938,-1546,8360,CD,3,D1_pwm175_grab5
21587,112,-1336,9528,CD,3,D1_pwm175_grab5
21593,-1868,512,12090,CD,3,D1_pwm175_grab5
21598,-3510,-4050,6452,CD,3,D1_pwm175_grab5
21602,960,3146,11958,CD,3,D1_pwm175_grab5
21607,2766,1292,11400,CD,3,D1_pwm175_grab5
21613,-780,2422,11086,CD,3,D1_pwm175_grab5
21617,3314,-876,8410,CD,3,D1_pwm175_grab5
21623,604,-1064,9782,CD,3,D1_pwm175_grab5
21627,2232,-970,10536,CD,3,D1_pwm175_grab5
21632,-3144,-4116,6510,CD,3,D1_pwm175_grab5
21637,202,416,9816,CD,3,D1_pwm175_grab5
21643,3312,1650,11698,CD,3,D1_pwm175_grab5
21648,-1288,2738,10834,CD,3,D1_pwm175_grab5
21652,3556,-260,8436,CD,3,D1_pwm175_grab5
21657,1102,-768,9754,CD,3,D1_pwm175_grab5
21662,1434,-874,10708,CD,3,D1_pwm175_grab5
21668,-2204,-2352,7692,CD,3,D1_pwm175_grab5
21672,490,3290,11564,CD,3,D1_pwm175_grab5
21677,1168,2148,10406,CD,3,D1_pwm175_grab5
21682,-1698,3110,10750,CD,3,D1_pwm175_grab5
21687,3316,212,8490,CD,3,D1_pwm175_grab5
21693,1266,-280,9778,CD,3,D1_pwm175_grab5
21697,690,-702,11248,CD,3,D1_pwm175_grab5
21702,-2846,-3126,7226,CD,3,D1_pwm175_grab5
21708,406,3118,11418,CD,3,D1_pwm175_grab5
21713,3560,2288,12120,CD,3,D1_pwm175_grab5
21718,-2242,3264,10638,CD,3,D1_pwm175_grab5
21724,1856,-2196,8506,CD,3,D1_pwm175_grab5
21729,-672,-1708,9568,CD,3,D1_pwm175_grab5
21733,4244,-656,10176,CD,3,D1_pwm175_grab5
21739,394,306,8310,CD,3,D1_pwm175_grab5
21744,1318,2148,12252,CD,3,D1_pwm175_grab5
21748,2040,38,11248,CD,3,D1_pwm175_grab5
21754,122,1594,11372,CD,3,D1_pwm175_grab5
21758,2670,-1686,8458,CD,3,D1_pwm175_grab5
21764,-328,-1372,9386,CD,3,D1_pwm175_grab5
21768,3692,-980,10386,CD,3,D1_pwm175_grab5
21773,-194,-568,8270,CD,3,D1_pwm175_grab5
21778,1006,2630,12174,CD,3,D1_pwm175_grab5
21783,2670,696,11514,CD,3,D1_pwm175_grab5
21788,-488,2054,11232,CD,3,D1_pwm175_grab5
21793,3482,-1256,8276,CD,3,D1_pwm175_grab5
21799,138,-982,9492,CD,3,D1_pwm175_grab5
21803,3020,-1124,10222,CD,3,D1_pwm175_grab5
21808,-1066,-1388,7990,CD,3,D1_pwm175_grab5
21813,698,3238,12082,CD,3,D1_pwm175_grab5
21818,3318,1470,11448,CD,3,D1_pwm175_grab5
21824,-1134,2476,11166,CD,3,D1_pwm175_grab5
21829,3552,-906,8124,CD,3,D1_pwm175_grab5
21834,688,-642,9868,CD,3,D1_pwm175_grab5
21838,1960,-948,10196,CD,3,D1_pwm175_grab5
21843,1450,1666,9568,CD,3,D1_pwm175_grab5
21848,510,3504,11740,CD,3,D1_pwm175_grab5
21853,3310,1876,11716,CD,3,D1_pwm175_grab5
21858,-1718,3094,11006,CD,3,D1_pwm175_grab5
21864,3478,-82,8584,CD,3,D1_pwm175_grab5
21868,1000,-582,9932,CD,3,D1_pwm175_grab5
21874,944,-724,11020,CD,3,D1_pwm175_grab5
21878,-2854,-2918,7242,CD,3,D1_pwm175_grab5
21883,1270,1022,11624,CD,3,D1_pwm175_grab5
21889,3408,2064,12012,CD,3,D1_pwm175_grab5
21894,-2062,3218,10760,CD,3,D1_pwm175_grab5
21898,3176,758,9016,CD,3,D1_pwm175_grab5
21903,1404,-428,9620,CD,3,D1_pwm175_grab5
21908,214,-406,12036,CD,3,D1_pwm175_grab5
21913,-3464,-3422,6758,CD,3,D1_pwm175_grab5
21919,440,2880,11238,CD,3,D1_pwm175_grab5
21923,3228,2258,11848,CD,3,D1_pwm175_grab5
21929,282,1488,11436,CD,3,D1_pwm175_grab5
21934,2580,1406,9282,CD,3,D1_pwm175_grab5
21938,1792,-310,9534,CD,3,D1_pwm175_grab5
21943,-606,-68,12672,CD,3,D1_pwm175_grab5
21949,-3440,-3808,6448,CD,3,D1_pwm175_grab5
21954,554,2442,11084,CD,3,D1_pwm175_grab5
21958,2698,2576,11178,CD,3,D1_pwm175_grab5
21963,-2810,2852,10062,CD,3,D1_pwm175_grab5
21969,3120,-1644,8152,CD,3,D1_pwm175_grab5
21974,-106,-1296,9436,CD,3,D1_pwm175_grab5
21979,3480,-1050,9944,CD,3,D1_pwm175_grab5
21985,-810,-902,7892,CD,3,D1_pwm175_grab5
21990,978,2964,12134,CD,3,D1_pwm175_grab5
21994,3120,1242,11374,CD,3,D1_pwm175_grab5
21999,-960,2580,11536,CD,3,D1_pwm175_grab5
22004,3466,-1084,8336,CD,3,D1_pwm175_grab5
22010,-1166,-2510,9810,CD,3,D1_pwm175_grab5
22014,6196,798,10898,CD,3,D1_pwm175_grab5
22019,-1738,-1664,7668,CD,3,D1_pwm175_grab5
22024,716,3246,11890,CD,3,D1_pwm175_grab5
22029,3346,1746,11632,CD,3,D1_pwm175_grab5
22035,-1454,2900,11302,CD,3,D1_pwm175_grab5
22039,3648,-306,8812,CD,3,D1_pwm175_grab5
22045,912,-884,9710,CD,3,D1_pwm175_grab5
22049,5872,444,10582,CD,3,D1_pwm175_grab5
22055,1694,1786,9382,CD,3,D1_pwm175_grab5
22059,514,3552,11750,CD,3,D1_pwm175_grab5
22065,3060,1838,11690,CD,3,D1_pwm175_grab5
22070,-1780,3028,10844,CD,3,D1_pwm175_grab5
22074,3428,166,8934,CD,3,D1_pwm175_grab5
22079,1176,-530,9746,CD,3,D1_pwm175_grab5
22085,602,-918,11212,CD,3,D1_pwm175_grab5
22089,1210,1282,8658,CD,3,D1_pwm175_grab5
22094,1158,1050,11680,CD,3,D1_pwm175_grab5
22100,2054,-682,11114,CD,3,D1_pwm175_grab5
22105,-2112,3098,10492,CD,3,D1_pwm175_grab5
22110,2796,798,8970,CD,3,D1_pwm175_grab5
22114,1424,-480,9782,CD,3,D1_pwm175_grab5
22119,-58,-554,12104,CD,3,D1_pwm175_grab5
22124,-2974,-3422,6870,CD,3,D1_pwm175_grab5
22129,1346,1780,12130,CD,3,D1_pwm175_grab5
22134,2368,106,11192,CD,3,D1_pwm175_grab5
22139,-268,1836,11792,CD,3,D1_pwm175_grab5
22144,2380,1680,8980,CD,3,D1_pwm175_grab5
22149,1998,-340,9616,CD,3,D1_pwm175_grab5
22155,-594,-122,12866,CD,3,D1_pwm175_grab5
22159,-2950,-3848,6542,CD,3,D1_pwm175_grab5
22165,494,2196,10584,CD,3,D1_pwm175_grab5
22169,2728,862,11332,CD,3,D1_pwm175_grab5
22175,-644,2236,11774,CD,3,D1_pwm175_grab5
22179,3368,-1354,8530,CD,3,D1_pwm175_grab5
22184,2,-1354,9372,CD,3,D1_pwm175_grab5
22190,-1544,346,12300,CD,3,D1_pwm175_grab5
22194,-3286,-4182,6604,CD,3,D1_pwm175_grab5
22199,244,1160,9946,CD,3,D1_pwm175_grab5
22205,1570,2642,10382,CD,3,D1_pwm175_grab5
22209,-1124,2652,11408,CD,3,D1_pwm175_grab5
22214,3576,-876,8638,CD,3,D1_pwm175_grab5
22220,602,-986,9638,CD,3,D1_pwm175_grab5
22224,1810,-1160,10352,CD,3,D1_pwm175_grab5
22230,-2092,-2040,7622,CD,3,D1_pwm175_grab5
22236,820,3584,11964,CD,3,D1_pwm175_grab5
22241,2944,1554,11328,CD,3,D1_pwm175_grab5
22245,-1608,2858,10814,CD,3,D1_pwm175_grab5
22250,796,-2426,8400,CD,3,D1_pwm175_grab5
22255,-1070,-2194,9918,CD,3,D1_pwm175_grab5
22260,5920,134,10136,CD,3,D1_pwm175_grab5
22265,1242,1742,8968,CD,3,D1_pwm175_grab5
22272,1252,544,11520,CD,3,D1_pwm175_grab5
22275,3404,1836,11958,CD,3,D1_pwm175_grab5
22281,-1948,3038,10518,CD,3,D1_pwm175_grab5
22286,3134,760,8794,CD,3,D1_pwm175_grab5
22290,-766,-2000,9700,CD,3,D1_pwm175_grab5
22295,5096,-344,9944,CD,3,D1_pwm175_grab5
22300,530,1132,8380,CD,3,D1_pwm175_grab5
22306,1254,1582,12210,CD,3,D1_pwm175_grab5
22310,2230,-222,11208,CD,3,D1_pwm175_grab5
