tiempo_ms,ax,ay,az,etiqueta,muestra_id,grabacion_id
3002,6440,3768,8876,CD,0,D2_pwm200_grab1
3008,-2892,2464,14048,CD,0,D2_pwm200_grab1
3012,1332,-3988,5104,CD,0,D2_pwm200_grab1
3018,960,136,11216,CD,0,D2_pwm200_grab1
3023,-344,2056,12108,CD,0,D2_pwm200_grab1
3027,-2596,-1920,7924,CD,0,D2_pwm200_grab1
3032,704,-1228,8100,CD,0,D2_pwm200_grab1
3038,4980,-536,11060,CD,0,D2_pwm200_grab1
3043,-3196,4528,13936,CD,0,D2_pwm200_grab1
3048,-6488,-2552,8936,CD,0,D2_pwm200_grab1
3058,-256,3788,11792,CD,0,D2_pwm200_grab1
3062,-1668,-136,9124,CD,0,D2_pwm200_grab1
3068,-308,-2056,9696,CD,0,D2_pwm200_grab1
3072,-2684,-2264,4072,CD,0,D2_pwm200_grab1
3077,-1752,-2732,6572,CD,0,D2_pwm200_grab1
3082,1464,2216,12372,CD,0,D2_pwm200_grab1
3087,468,224,13664,CD,0,D2_pwm200_grab1
3092,80,900,10940,CD,0,D2_pwm200_grab1
3097,-1380,1996,10364,CD,0,D2_pwm200_grab1
3102,1836,708,11528,CD,0,D2_pwm200_grab1
3107,956,-2060,6768,CD,0,D2_pwm200_grab1
3112,-2368,-2412,6480,CD,0,D2_pwm200_grab1
3117,4148,1576,13036,CD,0,D2_pwm200_grab1
3123,-1520,1552,10996,CD,0,D2_pwm200_grab1
3127,-4320,-2536,6880,CD,0,D2_pwm200_grab1
3132,1196,-1104,12088,CD,0,D2_pwm200_grab1
3137,-476,2124,15696,CD,0,D2_pwm200_grab1
3143,-6268,-2472,10276,CD,0,D2_pwm200_grab1
3147,-2384,-7032,6708,CD,0,D2_pwm200_grab1
3153,4344,1280,12412,CD,0,D2_pwm200_grab1
3158,-236,1164,10372,CD,0,D2_pwm200_grab1
3163,-4272,-2352,7828,CD,0,D2_pwm200_grab1
3168,728,364,9392,CD,0,D2_pwm200_grab1
3173,-968,1760,15828,CD,0,D2_pwm200_grab1
3179,-1096,-1372,12784,CD,0,D2_pwm200_grab1
3183,-964,-6668,6124,CD,0,D2_pwm200_grab1
3188,4252,2044,12272,CD,0,D2_pwm200_grab1
3193,-280,560,9836,CD,0,D2_pwm200_grab1
3198,-2624,-2292,6768,CD,0,D2_pwm200_grab1
3203,5148,-3488,10440,CD,0,D2_pwm200_grab1
3208,-1028,3180,7412,CD,0,D2_pwm200_grab1
3213,2564,-388,11344,CD,0,D2_pwm200_grab1
3219,-800,-5804,10444,CD,0,D2_pwm200_grab1
3223,3704,-2492,9076,CD,0,D2_pwm200_grab1
3228,-1720,88,9436,CD,0,D2_pwm200_grab1
3239,648,-2920,10140,CD,0,D2_pwm200_grab1
3244,-1100,-252,9448,CD,0,D2_pwm200_grab1
3249,-776,80,12844,CD,0,D2_pwm200_grab1
3254,4220,2852,9584,CD,0,D2_pwm200_grab1
3259,2528,-4612,9148,CD,0,D2_pwm200_grab1
3263,96,-2064,9724,CD,0,D2_pwm200_grab1
3274,1664,-3240,8480,CD,0,D2_pwm200_grab1
3279,1280,1472,13272,CD,0,D2_pwm200_grab1
3283,-1140,-212,10172,CD,0,D2_pwm200_grab1
3288,6916,4140,11028,CD,0,D2_pwm200_grab1
3293,-1520,1360,12568,CD,0,D2_pwm200_grab1
3299,-1672,-5236,3548,CD,0,D2_pwm200_grab1
3308,1644,1444,13420,CD,0,D2_pwm200_grab1
3314,-2312,-2304,8492,CD,0,D2_pwm200_grab1
3319,-356,28,9256,CD,0,D2_pwm200_grab1
3324,8412,4556,12944,CD,0,D2_pwm200_grab1
3328,-3556,4940,15340,CD,0,D2_pwm200_grab1
3333,-6064,-2752,10000,CD,0,D2_pwm200_grab1
3344,172,4408,11908,CD,0,D2_pwm200_grab1
3348,-976,-668,8704,CD,0,D2_pwm200_grab1
3353,676,-2016,10060,CD,0,D2_pwm200_grab1
3364,-3996,5072,15792,CD,0,D2_pwm200_grab1
3368,-324,-664,12144,CD,0,D2_pwm200_grab1
3374,2320,1452,13628,CD,0,D2_pwm200_grab1
3379,1908,3856,11244,CD,0,D2_pwm200_grab1
3383,-2168,2044,10248,CD,0,D2_pwm200_grab1
3388,3300,-204,8464,CD,0,D2_pwm200_grab1
3393,1468,-1272,8216,CD,0,D2_pwm200_grab1
3398,-1476,-156,7092,CD,0,D2_pwm200_grab1
3403,2020,2252,11436,CD,0,D2_pwm200_grab1
3408,4220,2012,11132,CD,0,D2_pwm200_grab1
3415,1876,2988,12304,CD,0,D2_pwm200_grab1
3420,-1456,704,8536,CD,0,D2_pwm200_grab1
3425,3180,-456,9164,CD,0,D2_pwm200_grab1
3429,2940,-1016,11612,CD,0,D2_pwm200_grab1
3435,-24,724,6120,CD,0,D2_pwm200_grab1
3439,-1612,2092,9572,CD,0,D2_pwm200_grab1
3444,4560,1664,10948,CD,0,D2_pwm200_grab1
3449,372,2632,9272,CD,0,D2_pwm200_grab1
3456,-2764,1632,9148,CD,0,D2_pwm200_grab1
3460,1624,3104,13384,CD,0,D2_pwm200_grab1
3464,-2244,-1152,13128,CD,0,D2_pwm200_grab1
3470,-72,-6556,4160,CD,0,D2_pwm200_grab1
3474,3880,916,12416,CD,0,D2_pwm200_grab1
3480,-1148,-908,8752,CD,0,D2_pwm200_grab1
3485,-3828,-2480,7072,CD,0,D2_pwm200_grab1
3489,-2692,528,8056,CD,0,D2_pwm200_grab1
3495,-212,1760,14736,CD,0,D2_pwm200_grab1
3499,-520,-1160,10444,CD,0,D2_pwm200_grab1
3504,-1924,-5268,11772,CD,0,D2_pwm200_grab1
3510,2964,-4100,10364,CD,0,D2_pwm200_grab1
3514,-1352,-4,10356,CD,0,D2_pwm200_grab1
3525,888,-3356,10172,CD,0,D2_pwm200_grab1
3529,-3084,3164,10828,CD,0,D2_pwm200_grab1
3534,-868,-1644,9068,CD,0,D2_pwm200_grab1
3539,-2280,-7324,13376,CD,0,D2_pwm200_grab1
3545,2448,-3624,8528,CD,0,D2_pwm200_grab1
3550,-788,-1916,10920,CD,0,D2_pwm200_grab1
3554,-6124,-2188,8624,CD,0,D2_pwm200_grab1
3560,2816,-2516,11120,CD,0,D2_pwm200_grab1
3564,-548,868,12204,CD,0,D2_pwm200_grab1
3570,-1292,80,12256,CD,0,D2_pwm200_grab1
3575,2568,1308,13224,CD,0,D2_pwm200_grab1
3580,4204,-3072,9292,CD,0,D2_pwm200_grab1
3584,1864,-3860,5516,CD,0,D2_pwm200_grab1
3594,1048,2852,12708,CD,0,D2_pwm200_grab1
3600,-1180,-3048,8984,CD,0,D2_pwm200_grab1
3604,2224,1052,10344,CD,0,D2_pwm200_grab1
3610,8760,5916,12140,CD,0,D2_pwm200_grab1
3615,-488,2528,13780,CD,0,D2_pwm200_grab1
3619,628,-2880,4068,CD,0,D2_pwm200_grab1
3630,1032,4448,12476,CD,0,D2_pwm200_grab1
3635,-1956,-536,9584,CD,0,D2_pwm200_grab1
3639,460,-1464,10328,CD,0,D2_pwm200_grab1
3644,8532,668,12120,CD,0,D2_pwm200_grab1
3650,-3572,5500,13376,CD,0,D2_pwm200_grab1
3654,-4372,-1104,10420,CD,0,D2_pwm200_grab1
3659,4860,456,8808,CD,0,D2_pwm200_grab1
3665,2020,3020,11592,CD,0,D2_pwm200_grab1
3670,-948,-1924,7864,CD,0,D2_pwm200_grab1
3675,1744,-1864,8876,CD,0,D2_pwm200_grab1
3686,-2248,6092,11988,CD,0,D2_pwm200_grab1
3690,-3456,-1648,10288,CD,0,D2_pwm200_grab1
3700,2260,2564,8304,CD,0,D2_pwm200_grab1
3706,-728,-1208,8856,CD,0,D2_pwm200_grab1
3712,1576,-1912,7232,CD,0,D2_pwm200_grab1
3715,-24,532,4168,CD,0,D2_pwm200_grab1
3721,816,-2312,4048,CD,0,D2_pwm200_grab1
3725,1984,2376,10124,CD,0,D2_pwm200_grab1
3730,812,-1196,11128,CD,0,D2_pwm200_grab1
3735,852,-180,9216,CD,0,D2_pwm200_grab1
3740,-1328,1260,9928,CD,0,D2_pwm200_grab1
3746,2088,728,8012,CD,0,D2_pwm200_grab1
3751,-1528,-1260,4256,CD,0,D2_pwm200_grab1
3760,3496,-1800,10336,CD,0,D2_pwm200_grab1
3765,-2520,-636,9552,CD,0,D2_pwm200_grab1
3775,-1260,-1888,10924,CD,0,D2_pwm200_grab1
3780,-4824,1112,12088,CD,0,D2_pwm200_grab1
3790,-3308,-7072,10400,CD,0,D2_pwm200_grab1
3796,1580,-1456,10988,CD,0,D2_pwm200_grab1
3800,-44,-1396,11032,CD,0,D2_pwm200_grab1
3811,1672,-3128,8276,CD,0,D2_pwm200_grab1
3815,2580,2852,12096,CD,0,D2_pwm200_grab1
3820,-1676,-480,10184,CD,0,D2_pwm200_grab1
3825,72,-3596,15692,CD,0,D2_pwm200_grab1
3831,2708,-3868,7592,CD,0,D2_pwm200_grab1
3836,1344,-24,11912,CD,0,D2_pwm200_grab1
3845,2384,1064,13712,CD,0,D2_pwm200_grab1
3850,-1588,-1692,9044,CD,0,D2_pwm200_grab1
3855,-128,676,9476,CD,0,D2_pwm200_grab1
3861,6960,4900,12676,CD,0,D2_pwm200_grab1
3865,716,132,11972,CD,0,D2_pwm200_grab1
3871,-256,-3936,3604,CD,0,D2_pwm200_grab1
3881,1356,668,12088,CD,0,D2_pwm200_grab1
3885,-876,-1308,8976,CD,0,D2_pwm200_grab1
3891,1160,-1092,10156,CD,0,D2_pwm200_grab1
3901,-3532,4952,14192,CD,0,D2_pwm200_grab1
3906,-1848,-1392,11660,CD,0,D2_pwm200_grab1
3915,1768,2964,12132,CD,0,D2_pwm200_grab1
3920,-1460,-952,9124,CD,0,D2_pwm200_grab1
3927,2492,-1292,9120,CD,0,D2_pwm200_grab1
3931,9664,2752,13488,CD,0,D2_pwm200_grab1
3942,-3444,-1068,11268,CD,0,D2_pwm200_grab1
3951,2212,3012,12460,CD,0,D2_pwm200_grab1
3957,-112,-1644,8512,CD,0,D2_pwm200_grab1
3962,1632,-1652,7444,CD,0,D2_pwm200_grab1
3972,1452,-1284,4672,CD,0,D2_pwm200_grab1
3977,1108,1492,10968,CD,0,D2_pwm200_grab1
3981,460,-788,11576,CD,0,D2_pwm200_grab1
3986,560,-240,8524,CD,0,D2_pwm200_grab1
3991,-2836,636,9112,CD,0,D2_pwm200_grab1
3996,2956,388,8596,CD,0,D2_pwm200_grab1
4001,-868,-396,3420,CD,0,D2_pwm200_grab1
4007,-1240,-2340,5216,CD,0,D2_pwm200_grab1
4012,3096,-1272,10724,CD,0,D2_pwm200_grab1
4017,-2484,-124,9160,CD,0,D2_pwm200_grab1
4027,-1568,-1872,11644,CD,0,D2_pwm200_grab1
4032,-4720,908,11712,CD,0,D2_pwm200_grab1
4047,1512,-1460,11460,CD,0,D2_pwm200_grab1
4051,-3168,-40,9368,CD,0,D2_pwm200_grab1
4062,2500,-2672,8704,CD,0,D2_pwm200_grab1
4066,2428,2348,12192,CD,0,D2_pwm200_grab1
4071,-1592,-356,10996,CD,0,D2_pwm200_grab1
4077,164,-2868,15032,CD,0,D2_pwm200_grab1
4081,2668,-3628,7768,CD,0,D2_pwm200_grab1
4086,1628,-852,11764,CD,0,D2_pwm200_grab1
4097,1784,968,13828,CD,0,D2_pwm200_grab1
4101,-1444,-1576,9428,CD,0,D2_pwm200_grab1
4107,1300,240,8580,CD,0,D2_pwm200_grab1
4112,7428,5664,12220,CD,0,D2_pwm200_grab1
4117,120,780,12356,CD,0,D2_pwm200_grab1
4121,1500,-3540,4388,CD,0,D2_pwm200_grab1
4131,480,2292,11080,CD,0,D2_pwm200_grab1
4136,-1280,-1284,10600,CD,0,D2_pwm200_grab1
4141,1092,-960,9792,CD,0,D2_pwm200_grab1
4147,9508,2372,11828,CD,0,D2_pwm200_grab1
4152,-3008,4692,12748,CD,0,D2_pwm200_grab1
4156,-3496,-1364,10264,CD,0,D2_pwm200_grab1
4162,1028,1100,6632,CD,0,D2_pwm200_grab1
4166,1620,2392,12552,CD,0,D2_pwm200_grab1
4171,-1948,-136,8868,CD,0,D2_pwm200_grab1
4176,1824,-972,8732,CD,0,D2_pwm200_grab1
4182,8312,1116,13328,CD,0,D2_pwm200_grab1
4187,-2248,6344,10408,CD,0,D2_pwm200_grab1
4192,-3224,-204,10356,CD,0,D2_pwm200_grab1
4197,3656,-136,5924,CD,0,D2_pwm200_grab1
4203,2584,3540,11216,CD,0,D2_pwm200_grab1
4207,-1116,-992,8144,CD,0,D2_pwm200_grab1
4213,1864,-1108,7020,CD,0,D2_pwm200_grab1
4217,9104,2148,10372,CD,0,D2_pwm200_grab1
4224,-2760,4096,9656,CD,0,D2_pwm200_grab1
4228,2020,2312,10680,CD,0,D2_pwm200_grab1
4233,852,-316,10868,CD,0,D2_pwm200_grab1
4237,-1644,-1152,7448,CD,0,D2_pwm200_grab1
4242,-1436,616,10096,CD,0,D2_pwm200_grab1
4247,1356,740,12552,CD,0,D2_pwm200_grab1
4252,-664,-116,9212,CD,0,D2_pwm200_grab1
4258,-516,-4412,5220,CD,0,D2_pwm200_grab1
4263,3864,2164,10580,CD,0,D2_pwm200_grab1
4268,1220,388,8924,CD,0,D2_pwm200_grab1
4277,4328,-1992,10772,CD,0,D2_pwm200_grab1
4282,-3092,1452,9992,CD,0,D2_pwm200_grab1
4288,-1052,-2048,8504,CD,0,D2_pwm200_grab1
4292,-3292,-6904,14400,CD,0,D2_pwm200_grab1
4298,2324,-3872,9380,CD,0,D2_pwm200_grab1
4303,-1064,-1164,9024,CD,0,D2_pwm200_grab1
4312,2164,-512,9980,CD,0,D2_pwm200_grab1
4318,-2812,-568,8936,CD,0,D2_pwm200_grab1
4322,-3056,268,9520,CD,0,D2_pwm200_grab1
4327,5784,3024,9436,CD,0,D2_pwm200_grab1
4332,700,-2524,8628,CD,0,D2_pwm200_grab1
4337,-1628,-5404,5720,CD,0,D2_pwm200_grab1
4342,-232,-1204,11144,CD,0,D2_pwm200_grab1
4348,3752,1408,11100,CD,0,D2_pwm200_grab1
4352,-2036,-1168,8124,CD,0,D2_pwm200_grab1
4357,760,-2044,8324,CD,0,D2_pwm200_grab1
4373,2584,-1764,11332,CD,0,D2_pwm200_grab1
4382,1628,5100,8824,CD,0,D2_pwm200_grab1
4388,-2896,-688,9616,CD,0,D2_pwm200_grab1
4393,1844,-1028,9700,CD,0,D2_pwm200_grab1
4397,-700,-1352,8220,CD,0,D2_pwm200_grab1
4402,-920,704,7492,CD,0,D2_pwm200_grab1
4408,572,2836,12840,CD,0,D2_pwm200_grab1
4412,4724,1568,11680,CD,0,D2_pwm200_grab1
4417,2244,2232,11424,CD,0,D2_pwm200_grab1
4422,-1996,1864,9800,CD,0,D2_pwm200_grab1
4428,2996,-676,8784,CD,0,D2_pwm200_grab1
4433,848,-432,10532,CD,0,D2_pwm200_grab1
4439,312,-592,5876,CD,0,D2_pwm200_grab1
4444,1708,3008,11752,CD,0,D2_pwm200_grab1
4448,2088,1532,12380,CD,0,D2_pwm200_grab1
4454,2800,3036,10848,CD,0,D2_pwm200_grab1
4458,-2612,2012,9640,CD,0,D2_pwm200_grab1
4463,3708,-196,7352,CD,0,D2_pwm200_grab1
4468,-848,208,6216,CD,0,D2_pwm200_grab1
4473,-880,144,5484,CD,0,D2_pwm200_grab1
4478,2820,2384,11220,CD,0,D2_pwm200_grab1
4483,-320,-600,8464,CD,0,D2_pwm200_grab1
4489,-5984,-2948,4180,CD,0,D2_pwm200_grab1
4494,200,440,11288,CD,0,D2_pwm200_grab1
4499,-3012,856,14032,CD,0,D2_pwm200_grab1
4503,-7720,-1896,6412,CD,0,D2_pwm200_grab1
4508,-3192,-5780,9316,CD,0,D2_pwm200_grab1
4514,5196,-32,10628,CD,0,D2_pwm200_grab1
4518,-1928,400,10240,CD,0,D2_pwm200_grab1
4529,4384,-3016,9476,CD,0,D2_pwm200_grab1
4533,2628,2940,11724,CD,0,D2_pwm200_grab1
4539,448,-16,11012,CD,0,D2_pwm200_grab1
4543,-1588,-2948,15340,CD,0,D2_pwm200_grab1
4548,4824,-3680,5960,CD,0,D2_pwm200_grab1
4554,212,-956,10124,CD,0,D2_pwm200_grab1
4559,-9332,-6144,8008,CD,0,D2_pwm200_grab1
4563,3408,-3060,8232,CD,0,D2_pwm200_grab1
4568,-2288,-2004,9096,CD,0,D2_pwm200_grab1
4573,-252,24,7764,CD,0,D2_pwm200_grab1
4578,8528,4724,10812,CD,0,D2_pwm200_grab1
4583,-1836,272,10892,CD,0,D2_pwm200_grab1
4599,1328,964,11672,CD,0,D2_pwm200_grab1
4603,-2572,-2200,10228,CD,0,D2_pwm200_grab1
4609,-1060,-2884,6940,CD,0,D2_pwm200_grab1
4613,8344,1164,11972,CD,0,D2_pwm200_grab1
4618,-5408,3604,14440,CD,0,D2_pwm200_grab1
4623,-5208,-2252,12908,CD,0,D2_pwm200_grab1
4628,4140,-1352,10060,CD,0,D2_pwm200_grab1
4634,1260,2780,10404,CD,0,D2_pwm200_grab1
4638,-3124,-160,9788,CD,0,D2_pwm200_grab1
4644,236,-2220,8648,CD,0,D2_pwm200_grab1
4648,6872,728,12536,CD,0,D2_pwm200_grab1
4653,-100,-1940,6368,CD,0,D2_pwm200_grab1
4659,2984,3644,13200,CD,0,D2_pwm200_grab1
4664,920,128,12280,CD,0,D2_pwm200_grab1
4668,420,252,9304,CD,0,D2_pwm200_grab1
4674,-1876,1584,10440,CD,0,D2_pwm200_grab1
4679,1452,-68,11436,CD,0,D2_pwm200_grab1
4683,-156,-1236,5624,CD,0,D2_pwm200_grab1
4688,320,-3304,6208,CD,0,D2_pwm200_grab1
4694,3760,4228,12096,CD,0,D2_pwm200_grab1
4699,56,-344,11736,CD,0,D2_pwm200_grab1
4704,1992,-96,8524,CD,0,D2_pwm200_grab1
4710,-2076,868,9832,CD,0,D2_pwm200_grab1
4715,2624,260,9232,CD,0,D2_pwm200_grab1
4719,-384,-2212,8412,CD,0,D2_pwm200_grab1
4724,-468,-2296,5172,CD,0,D2_pwm200_grab1
4729,5556,3064,11556,CD,0,D2_pwm200_grab1
4736,-164,-772,11436,CD,0,D2_pwm200_grab1
4740,-8296,-5472,6184,CD,0,D2_pwm200_grab1
4744,1548,-2036,11896,CD,0,D2_pwm200_grab1
4749,-2484,1748,10916,CD,0,D2_pwm200_grab1
4754,-5464,-988,6348,CD,0,D2_pwm200_grab1
4759,-3108,-5664,11580,CD,0,D2_pwm200_grab1
4764,4012,-780,10224,CD,0,D2_pwm200_grab1
4770,-1572,1504,10464,CD,0,D2_pwm200_grab1
4774,-8688,-6052,5556,CD,0,D2_pwm200_grab1
4780,4052,-2656,9652,CD,0,D2_pwm200_grab1
4785,1528,312,12936,CD,0,D2_pwm200_grab1
4789,1220,236,12772,CD,0,D2_pwm200_grab1
4794,1824,-980,12912,CD,0,D2_pwm200_grab1
4799,3920,-2884,5360,CD,0,D2_pwm200_grab1
4805,596,-2264,10140,CD,0,D2_pwm200_grab1
4809,-4560,-2140,6940,CD,0,D2_pwm200_grab1
4814,3176,-2580,8584,CD,0,D2_pwm200_grab1
4820,312,-372,9892,CD,0,D2_pwm200_grab1
4824,2156,192,6528,CD,0,D2_pwm200_grab1
4829,7948,5596,9272,CD,0,D2_pwm200_grab1
4834,-3024,1644,12900,CD,0,D2_pwm200_grab1
4840,3312,-4852,4408,CD,0,D2_pwm200_grab1
4844,1248,40,13528,CD,0,D2_pwm200_grab1
4849,1000,4640,10344,CD,0,D2_pwm200_grab1
4855,-2396,-1720,10424,CD,0,D2_pwm200_grab1
4859,572,-784,7624,CD,0,D2_pwm200_grab1
4865,3032,-2172,11988,CD,0,D2_pwm200_grab1
4869,-4100,2396,11876,CD,0,D2_pwm200_grab1
4875,-3920,-1016,8932,CD,0,D2_pwm200_grab1
4879,-5824,1916,4504,CD,0,D2_pwm200_grab1
4885,-1132,3860,9268,CD,0,D2_pwm200_grab1
4889,-3340,1284,9708,CD,0,D2_pwm200_grab1
4894,588,-1156,8124,CD,0,D2_pwm200_grab1
4899,3400,-2444,13084,CD,0,D2_pwm200_grab1
4904,-1448,508,10496,CD,0,D2_pwm200_grab1
4909,3896,3416,13068,CD,0,D2_pwm200_grab1
4914,-2680,8,11344,CD,0,D2_pwm200_grab1
4920,-2084,-1768,10084,CD,0,D2_pwm200_grab1
4924,132,768,11048,CD,0,D2_pwm200_grab1
4930,352,980,16008,CD,0,D2_pwm200_grab1
4934,-4684,-3288,11580,CD,0,D2_pwm200_grab1
4940,-820,-5852,6736,CD,0,D2_pwm200_grab1
4945,5080,1304,12836,CD,0,D2_pwm200_grab1
4950,-328,1416,11312,CD,0,D2_pwm200_grab1
4955,-5068,-996,9480,CD,0,D2_pwm200_grab1
4960,1056,604,10608,CD,0,D2_pwm200_grab1
4965,-948,1932,17164,CD,0,D2_pwm200_grab1
4970,-2628,-2276,12796,CD,0,D2_pwm200_grab1
4975,-2300,-7256,7384,CD,0,D2_pwm200_grab1
4981,6104,1864,11440,CD,0,D2_pwm200_grab1
4986,-580,844,10880,CD,0,D2_pwm200_grab1
4992,-4396,-1800,8168,CD,0,D2_pwm200_grab1
4996,4556,-2496,11576,CD,0,D2_pwm200_grab1
5000,2800,1780,10332,CD,0,D2_pwm200_grab1
5005,108,-188,12456,CD,0,D2_pwm200_grab1
5010,-1876,-3176,14724,CD,0,D2_pwm200_grab1
5016,5584,-3580,7268,CD,0,D2_pwm200_grab1
5020,2012,432,11008,CD,0,D2_pwm200_grab1
5026,-8304,-3700,10220,CD,0,D2_pwm200_grab1
5030,4032,-3404,8504,CD,0,D2_pwm200_grab1
5035,-3216,-2932,8240,CD,0,D2_pwm200_grab1
5040,-272,820,8016,CD,0,D2_pwm200_grab1
5046,7636,5832,9712,CD,0,D2_pwm200_grab1
5051,1268,-88,7736,CD,0,D2_pwm200_grab1
5060,4368,-1176,15324,CD,0,D2_pwm200_grab1
5065,2800,876,10824,CD,0,D2_pwm200_grab1
5070,-3300,-2232,7036,CD,0,D2_pwm200_grab1
5076,2784,388,8264,CD,0,D2_pwm200_grab1
5080,8632,1012,10628,CD,0,D2_pwm200_grab1
5085,-3624,3644,11368,CD,0,D2_pwm200_grab1
5091,-5884,-4476,10488,CD,0,D2_pwm200_grab1
5096,2064,-1676,5956,CD,0,D2_pwm200_grab1
5101,-264,2692,8864,CD,0,D2_pwm200_grab1
5106,-1904,-680,7880,CD,0,D2_pwm200_grab1
5111,-244,-1408,8620,CD,0,D2_pwm200_grab1
5116,5244,-384,9996,CD,0,D2_pwm200_grab1
5121,-1824,-3112,5720,CD,0,D2_pwm200_grab1
5125,2112,1896,12180,CD,0,D2_pwm200_grab1
5131,-2764,-1320,11800,CD,0,D2_pwm200_grab1
5135,-3212,52,8580,CD,0,D2_pwm200_grab1
5140,-3340,1612,10716,CD,0,D2_pwm200_grab1
5146,1092,1008,13620,CD,0,D2_pwm200_grab1
5150,-964,-2584,8428,CD,0,D2_pwm200_grab1
5155,-588,-5860,6532,CD,0,D2_pwm200_grab1
5161,4296,2764,12748,CD,0,D2_pwm200_grab1
5165,-1968,352,12140,CD,0,D2_pwm200_grab1
5170,-8700,-4204,9876,CD,0,D2_pwm200_grab1
5175,3156,-2104,13068,CD,0,D2_pwm200_grab1
5181,-1284,1616,11400,CD,0,D2_pwm200_grab1
5185,2712,-1268,12292,CD,0,D2_pwm200_grab1
5190,-2092,-6144,12412,CD,0,D2_pwm200_grab1
5195,4524,-3524,11332,CD,0,D2_pwm200_grab1
5200,124,1700,12132,CD,0,D2_pwm200_grab1
5207,-9764,-2888,12068,CD,0,D2_pwm200_grab1
5211,4176,-2508,12596,CD,0,D2_pwm200_grab1
5217,2872,3064,12200,CD,0,D2_pwm200_grab1
5222,3204,-356,11816,CD,0,D2_pwm200_grab1
5226,-2188,-4672,14308,CD,0,D2_pwm200_grab1
5231,5268,-3468,8864,CD,0,D2_pwm200_grab1
5237,2856,872,12860,CD,0,D2_pwm200_grab1
5241,-9568,-3064,10356,CD,0,D2_pwm200_grab1
5246,5340,-1864,12020,CD,0,D2_pwm200_grab1
5251,-2624,-1256,9520,CD,0,D2_pwm200_grab1
5256,-320,1048,10608,CD,0,D2_pwm200_grab1
5261,6108,5344,9408,CD,0,D2_pwm200_grab1
5266,3316,376,7804,CD,0,D2_pwm200_grab1
5271,432,-2852,4888,CD,0,D2_pwm200_grab1
5277,5832,-208,16548,CD,0,D2_pwm200_grab1
5281,4496,1008,11636,CD,0,D2_pwm200_grab1
5286,-2488,-1416,8236,CD,0,D2_pwm200_grab1
5292,2692,544,7452,CD,0,D2_pwm200_grab1
5296,8832,2568,9848,CD,0,D2_pwm200_grab1
5301,-4132,3636,12904,CD,0,D2_pwm200_grab1
5307,-4468,-2276,10532,CD,0,D2_pwm200_grab1
5312,13144,-516,17068,CD,0,D2_pwm200_grab1
5317,1332,1584,7960,CD,0,D2_pwm200_grab1
5321,-2420,-872,7628,CD,0,D2_pwm200_grab1
5327,788,-1628,7424,CD,0,D2_pwm200_grab1
5331,7420,1216,9296,CD,0,D2_pwm200_grab1
5341,1068,1256,11392,CD,0,D2_pwm200_grab1
5346,-1488,-1636,10112,CD,0,D2_pwm200_grab1
5352,-1564,1040,8832,CD,0,D2_pwm200_grab1
5356,-2968,372,8480,CD,0,D2_pwm200_grab1
5361,1296,820,10108,CD,0,D2_pwm200_grab1
5366,-2576,-2036,6348,CD,0,D2_pwm200_grab1
5372,68,-4180,5644,CD,0,D2_pwm200_grab1
5377,3388,-2832,12068,CD,0,D2_pwm200_grab1
5382,-3956,-220,10516,CD,0,D2_pwm200_grab1
5386,-11260,-4676,9788,CD,0,D2_pwm200_grab1
5392,1812,-2016,13508,CD,0,D2_pwm200_grab1
5396,-1952,2704,10632,CD,0,D2_pwm200_grab1
5401,-244,-1884,11524,CD,0,D2_pwm200_grab1
5412,4584,-1972,12740,CD,0,D2_pwm200_grab1
5416,156,632,12408,CD,0,D2_pwm200_grab1
5421,2160,-2000,11416,CD,0,D2_pwm200_grab1
5426,3784,1680,13420,CD,0,D2_pwm200_grab1
5431,-2972,72,9456,CD,0,D2_pwm200_grab1
5436,-1604,1468,11876,CD,0,D2_pwm200_grab1
5442,5584,3976,10400,CD,0,D2_pwm200_grab1
5446,2348,-640,9412,CD,0,D2_pwm200_grab1
5451,1360,-1512,9020,CD,0,D2_pwm200_grab1
5457,5296,-932,14868,CD,0,D2_pwm200_grab1
5462,3552,1768,14484,CD,0,D2_pwm200_grab1
5467,-2644,-280,10468,CD,0,D2_pwm200_grab1
5472,-768,1740,12032,CD,0,D2_pwm200_grab1
5478,8360,5088,10608,CD,0,D2_pwm200_grab1
5482,3548,280,7336,CD,0,D2_pwm200_grab1
5488,348,-3364,4788,CD,0,D2_pwm200_grab1
5492,5932,-896,14420,CD,0,D2_pwm200_grab1
5498,5256,1188,15512,CD,0,D2_pwm200_grab1
5502,-2036,-676,8664,CD,0,D2_pwm200_grab1
5508,2576,-424,9504,CD,0,D2_pwm200_grab1
5512,8692,2264,12484,CD,0,D2_pwm200_grab1
5517,-2224,5652,12140,CD,0,D2_pwm200_grab1
5522,-4284,-1416,11860,CD,0,D2_pwm200_grab1
5527,8024,284,10476,CD,0,D2_pwm200_grab1
5532,1764,1852,7876,CD,0,D2_pwm200_grab1
5538,-1232,-460,8800,CD,0,D2_pwm200_grab1
5543,972,-1228,7436,CD,0,D2_pwm200_grab1
5547,-656,-552,5384,CD,0,D2_pwm200_grab1
5552,1572,-3040,3820,CD,0,D2_pwm200_grab1
5557,2352,2908,10756,CD,0,D2_pwm200_grab1
5562,960,-372,10676,CD,0,D2_pwm200_grab1
5567,-2392,-1352,7780,CD,0,D2_pwm200_grab1
5573,-1648,1244,8712,CD,0,D2_pwm200_grab1
5577,1544,68,12620,CD,0,D2_pwm200_grab1
5583,-752,-376,12448,CD,0,D2_pwm200_grab1
5587,-1076,-5492,5484,CD,0,D2_pwm200_grab1
5592,3120,-3744,9932,CD,0,D2_pwm200_grab1
5597,-1600,120,10160,CD,0,D2_pwm200_grab1
5607,460,-3284,10012,CD,0,D2_pwm200_grab1
5613,1212,2188,10552,CD,0,D2_pwm200_grab1
5617,780,-808,8760,CD,0,D2_pwm200_grab1
5623,-3012,-5196,13764,CD,0,D2_pwm200_grab1
5627,1192,-4132,9428,CD,0,D2_pwm200_grab1
5632,-2060,-3580,5464,CD,0,D2_pwm200_grab1
5638,2020,-2136,10832,CD,0,D2_pwm200_grab1
5642,1184,320,12528,CD,0,D2_pwm200_grab1
5647,-3148,68,9800,CD,0,D2_pwm200_grab1
5652,-1364,-208,5356,CD,0,D2_pwm200_grab1
5657,7824,3628,11996,CD,0,D2_pwm200_grab1
5663,-1004,16,10600,CD,0,D2_pwm200_grab1
5668,-1244,-3568,4988,CD,0,D2_pwm200_grab1
5678,2048,5048,11756,CD,0,D2_pwm200_grab1
5682,-2484,-320,8668,CD,0,D2_pwm200_grab1
5688,1528,196,10496,CD,0,D2_pwm200_grab1
5693,7492,1568,12068,CD,0,D2_pwm200_grab1
5697,-4048,4732,15436,CD,0,D2_pwm200_grab1
5703,-5544,-2460,11804,CD,0,D2_pwm200_grab1
5713,2024,2520,10204,CD,0,D2_pwm200_grab1
5718,-2228,-48,9636,CD,0,D2_pwm200_grab1
5723,-304,-1792,8456,CD,0,D2_pwm200_grab1
5728,8000,2700,12552,CD,0,D2_pwm200_grab1
5733,-1820,4060,12124,CD,0,D2_pwm200_grab1
5739,-3896,-1636,11672,CD,0,D2_pwm200_grab1
5744,-3496,3308,5532,CD,0,D2_pwm200_grab1
5749,3024,3072,10496,CD,0,D2_pwm200_grab1
5753,-1084,744,9236,CD,0,D2_pwm200_grab1
5758,1276,-996,7380,CD,0,D2_pwm200_grab1
5763,-576,-1612,14500,CD,0,D2_pwm200_grab1
5769,804,-3488,4812,CD,0,D2_pwm200_grab1
5774,5252,3952,12748,CD,0,D2_pwm200_grab1
5778,832,108,10560,CD,0,D2_pwm200_grab1
5783,-3076,-1700,8868,CD,0,D2_pwm200_grab1
5788,-1252,1216,8504,CD,0,D2_pwm200_grab1
5793,-772,1352,14620,CD,0,D2_pwm200_grab1
5798,-1360,-1412,12268,CD,0,D2_pwm200_grab1
5803,-248,-4296,11872,CD,0,D2_pwm200_grab1
5808,2688,-3820,9432,CD,0,D2_pwm200_grab1
5814,3116,1064,11392,CD,0,D2_pwm200_grab1
5824,3928,-2980,10712,CD,0,D2_pwm200_grab1
5828,2084,2052,10576,CD,0,D2_pwm200_grab1
5833,252,364,10936,CD,0,D2_pwm200_grab1
5838,-2500,-4616,13564,CD,0,D2_pwm200_grab1
5843,3600,-4848,5700,CD,0,D2_pwm200_grab1
5848,-2420,-4364,3756,CD,0,D2_pwm200_grab1
5853,3160,552,16156,CD,0,D2_pwm200_grab1
5858,1340,232,12652,CD,0,D2_pwm200_grab1
5864,-3148,-2020,9164,CD,0,D2_pwm200_grab1
5868,-436,-444,4876,CD,0,D2_pwm200_grab1
5878,-1376,236,10716,CD,0,D2_pwm200_grab1
5893,-180,1000,7884,CD,0,D2_pwm200_grab1
5898,-2228,-60,8596,CD,0,D2_pwm200_grab1
5903,-1084,-1904,6728,CD,0,D2_pwm200_grab1
5908,7200,1780,11852,CD,0,D2_pwm200_grab1
5914,-4720,3276,12572,CD,0,D2_pwm200_grab1
5919,-5388,-2172,11892,CD,0,D2_pwm200_grab1
5923,-7172,1096,4244,CD,0,D2_pwm200_grab1
5928,1608,2548,10104,CD,0,D2_pwm200_grab1
5933,-1368,1300,9352,CD,0,D2_pwm200_grab1
5938,2536,1352,14504,CD,0,D2_pwm200_grab1
5943,-844,-2260,13836,CD,0,D2_pwm200_grab1
5948,-644,-3700,7120,CD,0,D2_pwm200_grab1
5953,3608,3956,13792,CD,0,D2_pwm200_grab1
5959,580,820,11980,CD,0,D2_pwm200_grab1
5963,-3492,-1824,10044,CD,0,D2_pwm200_grab1
5968,-252,1804,10208,CD,0,D2_pwm200_grab1
5975,-788,1260,15856,CD,0,D2_pwm200_grab1
5980,-1028,-2108,14364,CD,0,D2_pwm200_grab1
5985,-1824,-7080,8244,CD,0,D2_pwm200_grab1
5989,5380,4192,12636,CD,0,D2_pwm200_grab1
5995,-244,2032,11012,CD,0,D2_pwm200_grab1
6000,-3584,-1740,8660,CD,0,D2_pwm200_grab1
6004,304,-516,10652,CD,0,D2_pwm200_grab1
6010,-1344,1480,14752,CD,0,D2_pwm200_grab1
6016,-7360,-2540,9212,CD,0,D2_pwm200_grab1
6020,300,-4028,11712,CD,0,D2_pwm200_grab1
6025,3616,-3688,8620,CD,0,D2_pwm200_grab1
6029,2912,568,11196,CD,0,D2_pwm200_grab1
6035,-8488,-3572,9008,CD,0,D2_pwm200_grab1
6039,4240,-2948,10772,CD,0,D2_pwm200_grab1
6044,3280,1144,12680,CD,0,D2_pwm200_grab1
6049,564,816,11824,CD,0,D2_pwm200_grab1
6055,1000,-240,12192,CD,0,D2_pwm200_grab1
6059,-20,-88,10028,CD,0,D2_pwm200_grab1
6069,2812,1080,15572,CD,0,D2_pwm200_grab1
6075,2428,1928,12208,CD,0,D2_pwm200_grab1
6079,-2808,-2208,9352,CD,0,D2_pwm200_grab1
6084,2320,92,7232,CD,0,D2_pwm200_grab1
6089,8196,5708,12140,CD,0,D2_pwm200_grab1
6094,168,2292,10332,CD,0,D2_pwm200_grab1
6105,-5112,1416,2856,CD,0,D2_pwm200_grab1
6109,-416,2548,8472,CD,0,D2_pwm200_grab1
6114,-2300,1068,9320,CD,0,D2_pwm200_grab1
6120,2380,432,6216,CD,0,D2_pwm200_grab1
6124,3764,-2252,10064,CD,0,D2_pwm200_grab1
6130,-936,1512,6252,CD,0,D2_pwm200_grab1
6134,-3492,-1244,9472,CD,0,D2_pwm200_grab1
6140,-5108,1316,6632,CD,0,D2_pwm200_grab1
6144,-4988,-2476,9344,CD,0,D2_pwm200_grab1
6150,-992,-252,7544,CD,0,D2_pwm200_grab1
6154,-2128,532,14480,CD,0,D2_pwm200_grab1
6160,-6864,-2552,9892,CD,0,D2_pwm200_grab1
6170,2772,-732,10424,CD,0,D2_pwm200_grab1
6174,-2940,-72,10028,CD,0,D2_pwm200_grab1
6179,-9532,-1896,6752,CD,0,D2_pwm200_grab1
6184,-1092,-1028,10468,CD,0,D2_pwm200_grab1
6190,1632,1260,13084,CD,0,D2_pwm200_grab1
6194,-624,-20,13708,CD,0,D2_pwm200_grab1
6199,-1060,-1900,11352,CD,0,D2_pwm200_grab1
6204,3348,-5072,8944,CD,0,D2_pwm200_grab1
6210,-312,-2284,12100,CD,0,D2_pwm200_grab1
6214,-7384,-3392,9572,CD,0,D2_pwm200_grab1
6220,2548,-1500,11036,CD,0,D2_pwm200_grab1
6224,2660,880,14124,CD,0,D2_pwm200_grab1
6230,-1088,-1028,13204,CD,0,D2_pwm200_grab1
6236,2088,1820,12176,CD,0,D2_pwm200_grab1
6240,3864,-3904,8164,CD,0,D2_pwm200_grab1
6246,1136,-612,11392,CD,0,D2_pwm200_grab1
6250,-372,-332,9888,CD,0,D2_pwm200_grab1
6256,4660,-1068,11556,CD,0,D2_pwm200_grab1
6260,-1780,492,13384,CD,0,D2_pwm200_grab1
6265,312,-264,14836,CD,0,D2_pwm200_grab1
6270,6360,3996,10952,CD,0,D2_pwm200_grab1
6275,-2132,4328,14096,CD,0,D2_pwm200_grab1
6281,3024,-1800,9368,CD,0,D2_pwm200_grab1
6285,3728,4368,11748,CD,0,D2_pwm200_grab1
6291,4020,4316,11196,CD,0,D2_pwm200_grab1
6295,-1776,-1924,7588,CD,0,D2_pwm200_grab1
6301,2720,-980,10808,CD,0,D2_pwm200_grab1
6305,9244,2916,9516,CD,0,D2_pwm200_grab1
6311,-2968,5944,13720,CD,0,D2_pwm200_grab1
6316,1516,1956,10536,CD,0,D2_pwm200_grab1
6320,1580,1264,11920,CD,0,D2_pwm200_grab1
6326,564,968,9316,CD,0,D2_pwm200_grab1
6330,-1280,208,8912,CD,0,D2_pwm200_grab1
6335,4292,1768,6212,CD,0,D2_pwm200_grab1
6340,-320,-1056,4940,CD,0,D2_pwm200_grab1
6350,2692,3824,11032,CD,0,D2_pwm200_grab1
6355,60,-876,10276,CD,0,D2_pwm200_grab1
6360,-8004,-5008,6580,CD,0,D2_pwm200_grab1
6366,592,-1684,8892,CD,0,D2_pwm200_grab1
6370,-2872,2504,8428,CD,0,D2_pwm200_grab1
6376,-7116,-844,7008,CD,0,D2_pwm200_grab1
6380,-2252,-6184,9884,CD,0,D2_pwm200_grab1
6386,3108,-3124,10492,CD,0,D2_pwm200_grab1
6390,-1152,428,9820,CD,0,D2_pwm200_grab1
6400,3724,-916,8892,CD,0,D2_pwm200_grab1
6405,-1124,-576,12560,CD,0,D2_pwm200_grab1
6411,-1016,424,11804,CD,0,D2_pwm200_grab1
6415,2304,2504,10332,CD,0,D2_pwm200_grab1
6420,1832,-2740,8924,CD,0,D2_pwm200_grab1
6425,-1516,-2852,10012,CD,0,D2_pwm200_grab1
6430,1948,-2404,10564,CD,0,D2_pwm200_grab1
6435,2604,1556,12776,CD,0,D2_pwm200_grab1
6440,-3464,-44,10036,CD,0,D2_pwm200_grab1
6446,1356,-836,10040,CD,0,D2_pwm200_grab1
6450,7680,1408,9824,CD,0,D2_pwm200_grab1
6460,-2948,-3400,10096,CD,0,D2_pwm200_grab1
6470,1056,4424,11388,CD,0,D2_pwm200_grab1
6475,-1280,-716,8468,CD,0,D2_pwm200_grab1
6480,700,-1016,9616,CD,0,D2_pwm200_grab1
6486,8904,2124,10464,CD,0,D2_pwm200_grab1
6496,-2564,-1324,11164,CD,0,D2_pwm200_grab1
6502,7800,604,14368,CD,0,D2_pwm200_grab1
6507,2612,3052,10612,CD,0,D2_pwm200_grab1
6512,-2172,164,9800,CD,0,D2_pwm200_grab1
6517,1620,-1108,9436,CD,0,D2_pwm200_grab1
6521,8916,2184,11624,CD,0,D2_pwm200_grab1
6526,-2580,5900,12176,CD,0,D2_pwm200_grab1
6532,4620,4060,13296,CD,0,D2_pwm200_grab1
6537,420,-356,11400,CD,0,D2_pwm200_grab1
6542,-636,-660,9368,CD,0,D2_pwm200_grab1
6546,-940,-20,8952,CD,0,D2_pwm200_grab1
6552,2408,532,13868,CD,0,D2_pwm200_grab1
6556,-236,-1128,9088,CD,0,D2_pwm200_grab1
6561,332,-4212,5288,CD,0,D2_pwm200_grab1
6567,3552,4036,11644,CD,0,D2_pwm200_grab1
6571,428,2052,10936,CD,0,D2_pwm200_grab1
6576,-9036,-5056,8492,CD,0,D2_pwm200_grab1
6582,3932,-3392,10748,CD,0,D2_pwm200_grab1
6587,-980,2624,7412,CD,0,D2_pwm200_grab1
6591,2836,680,12404,CD,0,D2_pwm200_grab1
6597,-1928,-5492,9884,CD,0,D2_pwm200_grab1
6601,4384,-3884,8944,CD,0,D2_pwm200_grab1
6606,460,552,10828,CD,0,D2_pwm200_grab1
6617,3940,440,9636,CD,0,D2_pwm200_grab1
6621,-2412,-852,7976,CD,0,D2_pwm200_grab1
6626,-1364,616,8820,CD,0,D2_pwm200_grab1
6631,7272,4192,8712,CD,0,D2_pwm200_grab1
6637,1228,-2656,9272,CD,0,D2_pwm200_grab1
6646,2984,-2788,11984,CD,0,D2_pwm200_grab1
6651,1464,336,12416,CD,0,D2_pwm200_grab1
6656,-1612,-628,7452,CD,0,D2_pwm200_grab1
6661,1352,-976,9600,CD,0,D2_pwm200_grab1
6671,-4708,3632,15032,CD,0,D2_pwm200_grab1
6677,-4184,-3880,9792,CD,0,D2_pwm200_grab1
6687,892,4300,11172,CD,0,D2_pwm200_grab1
6692,-2640,456,8964,CD,0,D2_pwm200_grab1
6697,516,-1224,9440,CD,0,D2_pwm200_grab1
6701,-2632,-3420,4096,CD,0,D2_pwm200_grab1
6706,-960,-4044,6924,CD,0,D2_pwm200_grab1
6712,2292,2104,12608,CD,0,D2_pwm200_grab1
6716,-2008,-1924,10476,CD,0,D2_pwm200_grab1
6721,-1180,644,9960,CD,0,D2_pwm200_grab1
6726,-1308,1144,9180,CD,0,D2_pwm200_grab1
6731,1916,804,13792,CD,0,D2_pwm200_grab1
6736,-884,-1956,12440,CD,0,D2_pwm200_grab1
6742,-880,-3724,7724,CD,0,D2_pwm200_grab1
6748,3108,3976,14096,CD,0,D2_pwm200_grab1
6752,-320,268,12320,CD,0,D2_pwm200_grab1
6757,-3100,-1408,9728,CD,0,D2_pwm200_grab1
6762,-672,1676,10420,CD,0,D2_pwm200_grab1
6767,-592,1748,15608,CD,0,D2_pwm200_grab1
6772,-1232,-1540,13740,CD,0,D2_pwm200_grab1
6777,308,-3256,5808,CD,0,D2_pwm200_grab1
6782,5504,4444,14100,CD,0,D2_pwm200_grab1
6787,1744,1276,13048,CD,0,D2_pwm200_grab1
6792,-9032,-3092,11324,CD,0,D2_pwm200_grab1
6798,5004,-1824,13180,CD,0,D2_pwm200_grab1
6802,2316,1552,10476,CD,0,D2_pwm200_grab1
6808,2188,200,14348,CD,0,D2_pwm200_grab1
6812,-464,-4204,10656,CD,0,D2_pwm200_grab1
6817,4984,-2868,10440,CD,0,D2_pwm200_grab1
6823,2504,1160,11456,CD,0,D2_pwm200_grab1
6828,5920,-564,14332,CD,0,D2_pwm200_grab1
6832,5456,1364,12244,CD,0,D2_pwm200_grab1
6837,-2648,-1044,9856,CD,0,D2_pwm200_grab1
6843,-568,-620,5596,CD,0,D2_pwm200_grab1
6852,1160,-612,9416,CD,0,D2_pwm200_grab1
6863,3944,-192,14692,CD,0,D2_pwm200_grab1
6867,3664,1216,13788,CD,0,D2_pwm200_grab1
6873,-1396,-508,7404,CD,0,D2_pwm200_grab1
6877,1228,-1168,7768,CD,0,D2_pwm200_grab1
6882,8652,3020,8040,CD,0,D2_pwm200_grab1
6888,-3996,4692,12800,CD,0,D2_pwm200_grab1
6892,-6292,-3344,8844,CD,0,D2_pwm200_grab1
6897,-1600,-240,3288,CD,0,D2_pwm200_grab1
6903,-220,920,7128,CD,0,D2_pwm200_grab1
6907,-2192,-104,9428,CD,0,D2_pwm200_grab1
6912,1944,1220,10248,CD,0,D2_pwm200_grab1
6918,-1500,-2292,5872,CD,0,D2_pwm200_grab1
6923,-1400,-3568,7156,CD,0,D2_pwm200_grab1
6927,1468,3172,11304,CD,0,D2_pwm200_grab1
6933,-2044,-1640,10988,CD,0,D2_pwm200_grab1
6937,-3864,-2772,7988,CD,0,D2_pwm200_grab1
6943,-1352,1148,8664,CD,0,D2_pwm200_grab1
6947,-472,1020,13632,CD,0,D2_pwm200_grab1
6953,-784,-2168,12228,CD,0,D2_pwm200_grab1
6957,-2700,-7024,11516,CD,0,D2_pwm200_grab1
6963,3564,-2692,10560,CD,0,D2_pwm200_grab1
6968,308,400,12636,CD,0,D2_pwm200_grab1
6977,2988,-2680,10648,CD,0,D2_pwm200_grab1
6982,1472,2340,11920,CD,0,D2_pwm200_grab1
6987,536,576,14136,CD,0,D2_pwm200_grab1
6993,-1700,-5188,12076,CD,0,D2_pwm200_grab1
6999,3504,-4412,10652,CD,0,D2_pwm200_grab1
7003,1836,748,12860,CD,0,D2_pwm200_grab1
7013,5028,-1640,13016,CD,0,D2_pwm200_grab1
7018,3652,1976,13668,CD,0,D2_pwm200_grab1
7023,-268,932,14348,CD,0,D2_pwm200_grab1
7029,312,-424,13088,CD,0,D2_pwm200_grab1
7033,4304,-3452,9912,CD,0,D2_pwm200_grab1
7038,1512,-660,12408,CD,0,D2_pwm200_grab1
7044,4756,1756,16812,CD,0,D2_pwm200_grab1
7049,3460,3592,15616,CD,0,D2_pwm200_grab1
7054,-1540,-1436,9508,CD,0,D2_pwm200_grab1
7058,2352,-428,9316,CD,0,D2_pwm200_grab1
7068,-588,3724,13240,CD,0,D2_pwm200_grab1
7073,4164,-3704,3256,CD,0,D2_pwm200_grab1
7078,3256,2016,8412,CD,0,D2_pwm200_grab1
7084,2232,1084,7320,CD,0,D2_pwm200_grab1
7088,-628,1232,9780,CD,0,D2_pwm200_grab1
7094,1204,-284,7052,CD,0,D2_pwm200_grab1
7098,2776,-2236,9884,CD,0,D2_pwm200_grab1
7103,-2640,2452,9148,CD,0,D2_pwm200_grab1
7109,1076,1152,10540,CD,0,D2_pwm200_grab1
7114,2248,1344,9372,CD,0,D2_pwm200_grab1
7119,376,1664,9644,CD,0,D2_pwm200_grab1
7124,-1908,1160,9352,CD,0,D2_pwm200_grab1
7129,-3200,520,13236,CD,0,D2_pwm200_grab1
7133,-6064,-1052,9688,CD,0,D2_pwm200_grab1
7143,1172,1476,10180,CD,0,D2_pwm200_grab1
7148,-1896,612,8644,CD,0,D2_pwm200_grab1
7158,-368,-2276,7724,CD,0,D2_pwm200_grab1
7163,-5180,240,10380,CD,0,D2_pwm200_grab1
7168,-1832,-1144,11256,CD,0,D2_pwm200_grab1
7174,-640,-1548,13372,CD,0,D2_pwm200_grab1
7178,936,-5044,6588,CD,0,D2_pwm200_grab1
7183,504,-2404,11680,CD,0,D2_pwm200_grab1
7189,-5556,-2204,7312,CD,0,D2_pwm200_grab1
7193,2672,-2336,9832,CD,0,D2_pwm200_grab1
7199,-1168,-1092,11740,CD,0,D2_pwm200_grab1
7203,-348,348,14324,CD,0,D2_pwm200_grab1
7209,1416,2896,10172,CD,0,D2_pwm200_grab1
7213,-4020,3620,13812,CD,0,D2_pwm200_grab1
7219,2892,-3596,6580,CD,0,D2_pwm200_grab1
7224,1796,2948,10648,CD,0,D2_pwm200_grab1
7229,2432,6040,10812,CD,0,D2_pwm200_grab1
7233,-1820,-484,9936,CD,0,D2_pwm200_grab1
7238,1176,-1344,9564,CD,0,D2_pwm200_grab1
7243,9288,2840,10476,CD,0,D2_pwm200_grab1
7248,-3524,4564,15424,CD,0,D2_pwm200_grab1
7254,1916,-2392,9768,CD,0,D2_pwm200_grab1
7264,4092,5556,13036,CD,0,D2_pwm200_grab1
7269,-1536,-216,8348,CD,0,D2_pwm200_grab1
7275,2380,-584,9796,CD,0,D2_pwm200_grab1
7279,9008,1148,10140,CD,0,D2_pwm200_grab1
7284,-3336,5336,14328,CD,0,D2_pwm200_grab1
7289,-4596,-1268,10508,CD,0,D2_pwm200_grab1
7294,7928,36,12140,CD,0,D2_pwm200_grab1
7299,168,476,9832,CD,0,D2_pwm200_grab1
7305,-1240,996,10472,CD,0,D2_pwm200_grab1
7309,3220,1660,13048,CD,0,D2_pwm200_grab1
7315,72,-1304,6836,CD,0,D2_pwm200_grab1
7320,-608,-4400,6708,CD,0,D2_pwm200_grab1
7324,5288,3284,12584,CD,0,D2_pwm200_grab1
7329,764,680,11516,CD,0,D2_pwm200_grab1
7335,-2484,-1560,8652,CD,0,D2_pwm200_grab1
7339,3824,-3204,11660,CD,0,D2_pwm200_grab1
7344,3608,2480,11500,CD,0,D2_pwm200_grab1
7349,4668,760,13544,CD,0,D2_pwm200_grab1
7354,-1396,-2560,12816,CD,0,D2_pwm200_grab1
7359,6388,-4612,7852,CD,0,D2_pwm200_grab1
7364,2392,1244,11424,CD,0,D2_pwm200_grab1
7369,-8732,-3608,10400,CD,0,D2_pwm200_grab1
7374,4640,-3168,11128,CD,0,D2_pwm200_grab1
7379,4168,2688,10704,CD,0,D2_pwm200_grab1
7384,2296,-1020,7852,CD,0,D2_pwm200_grab1
7389,7764,5208,11164,CD,0,D2_pwm200_grab1
7394,2728,1864,9768,CD,0,D2_pwm200_grab1
7404,4336,76,11664,CD,0,D2_pwm200_grab1
7409,2912,1468,11928,CD,0,D2_pwm200_grab1
7414,-1336,-1732,7108,CD,0,D2_pwm200_grab1
7419,1236,-1412,8100,CD,0,D2_pwm200_grab1
7424,5944,12,8232,CD,0,D2_pwm200_grab1
7430,-3384,3124,10916,CD,0,D2_pwm200_grab1
7434,-4512,-2372,8524,CD,0,D2_pwm200_grab1
7445,-1136,2728,7064,CD,0,D2_pwm200_grab1
7450,-2576,636,9652,CD,0,D2_pwm200_grab1
7454,1468,-176,7532,CD,0,D2_pwm200_grab1
7459,1252,-3572,9256,CD,0,D2_pwm200_grab1
7464,-2408,912,8988,CD,0,D2_pwm200_grab1
7469,3184,2904,13496,CD,0,D2_pwm200_grab1
7475,-2668,-200,9352,CD,0,D2_pwm200_grab1
7480,-5144,-1868,9372,CD,0,D2_pwm200_grab1
7484,-656,-428,9320,CD,0,D2_pwm200_grab1
7490,-2100,1968,15016,CD,0,D2_pwm200_grab1
7495,-9568,-3292,6752,CD,0,D2_pwm200_grab1
7505,2400,460,10636,CD,0,D2_pwm200_grab1
7511,-1264,1640,10224,CD,0,D2_pwm200_grab1
7516,-8644,-2320,7568,CD,0,D2_pwm200_grab1
7520,920,-1116,10224,CD,0,D2_pwm200_grab1
7526,-4304,688,13696,CD,0,D2_pwm200_grab1
7531,-8776,-1968,8028,CD,0,D2_pwm200_grab1
7540,4776,880,11524,CD,0,D2_pwm200_grab1
7546,-2248,1260,10892,CD,0,D2_pwm200_grab1
7550,-7208,-4072,7924,CD,0,D2_pwm200_grab1
7556,3192,-1728,11040,CD,0,D2_pwm200_grab1
7560,3096,1336,14188,CD,0,D2_pwm200_grab1
7566,560,196,14124,CD,0,D2_pwm200_grab1
7570,3148,1432,12696,CD,0,D2_pwm200_grab1
7576,3292,-4160,8580,CD,0,D2_pwm200_grab1
7580,1708,-764,11376,CD,0,D2_pwm200_grab1
7586,672,808,8696,CD,0,D2_pwm200_grab1
7591,5388,-1428,10892,CD,0,D2_pwm200_grab1
7595,-1600,-1472,8124,CD,0,D2_pwm200_grab1
7600,3336,-1044,9684,CD,0,D2_pwm200_grab1
7606,9040,5476,9864,CD,0,D2_pwm200_grab1
7611,-416,4968,12092,CD,0,D2_pwm200_grab1
7615,2168,-2156,8608,CD,0,D2_pwm200_grab1
7620,5904,4200,14008,CD,0,D2_pwm200_grab1
7626,4372,3788,9712,CD,0,D2_pwm200_grab1
7630,-1272,-728,6908,CD,0,D2_pwm200_grab1
7635,2856,-980,9324,CD,0,D2_pwm200_grab1
7640,-164,-2748,8808,CD,0,D2_pwm200_grab1
7646,200,436,5076,CD,0,D2_pwm200_grab1
7650,16,904,10652,CD,0,D2_pwm200_grab1
7655,1724,-328,11332,CD,0,D2_pwm200_grab1
7660,-384,48,8628,CD,0,D2_pwm200_grab1
7666,-1564,912,9004,CD,0,D2_pwm200_grab1
7671,2592,1620,7832,CD,0,D2_pwm200_grab1
7676,-936,-2040,3528,CD,0,D2_pwm200_grab1
7685,3588,-2384,8052,CD,0,D2_pwm200_grab1
7690,-3304,484,9164,CD,0,D2_pwm200_grab1
7701,-712,-3324,10104,CD,0,D2_pwm200_grab1
7705,-2024,1356,9664,CD,0,D2_pwm200_grab1
7710,-2152,588,11256,CD,0,D2_pwm200_grab1
7716,-2848,-7248,10700,CD,0,D2_pwm200_grab1
7721,2392,-2796,8540,CD,0,D2_pwm200_grab1
7726,-1076,-3360,10084,CD,0,D2_pwm200_grab1
7730,-1480,-252,8064,CD,0,D2_pwm200_grab1
7736,1032,912,10712,CD,0,D2_pwm200_grab1
7741,-2180,-912,11628,CD,0,D2_pwm200_grab1
7745,-4100,-1568,4392,CD,0,D2_pwm200_grab1
7750,4840,4256,11312,CD,0,D2_pwm200_grab1
7756,-344,-2188,9096,CD,0,D2_pwm200_grab1
7761,-264,-3688,7448,CD,0,D2_pwm200_grab1
7771,3712,2740,13372,CD,0,D2_pwm200_grab1
7776,-2560,-1572,11752,CD,0,D2_pwm200_grab1
7782,-156,-2624,7812,CD,0,D2_pwm200_grab1
7787,7692,5292,13540,CD,0,D2_pwm200_grab1
7792,2412,1740,11352,CD,0,D2_pwm200_grab1
7796,56,-5392,3484,CD,0,D2_pwm200_grab1
7802,4492,2172,15364,CD,0,D2_pwm200_grab1
7808,2760,5048,15764,CD,0,D2_pwm200_grab1
7811,-1764,520,8772,CD,0,D2_pwm200_grab1
7816,1012,-1200,9628,CD,0,D2_pwm200_grab1
7821,8028,684,9448,CD,0,D2_pwm200_grab1
7826,-1420,3964,10204,CD,0,D2_pwm200_grab1
7832,-3300,-16,10124,CD,1,D2_pwm200_grab1
7837,1664,2280,8468,CD,1,D2_pwm200_grab1
7841,2204,2056,8008,CD,1,D2_pwm200_grab1
7846,-864,2136,10644,CD,1,D2_pwm200_grab1
7851,2108,2212,15340,CD,1,D2_pwm200_grab1
7856,-3836,-1272,13292,CD,1,D2_pwm200_grab1
7861,152,-6516,4704,CD,1,D2_pwm200_grab1
7867,4900,3788,12424,CD,1,D2_pwm200_grab1
7871,808,1780,9472,CD,1,D2_pwm200_grab1
7876,-5232,-3148,6368,CD,1,D2_pwm200_grab1
7882,376,-16,7444,CD,1,D2_pwm200_grab1
7887,-3988,936,12248,CD,1,D2_pwm200_grab1
7896,1768,-420,11104,CD,1,D2_pwm200_grab1
7902,3944,-3308,8516,CD,1,D2_pwm200_grab1
7906,2216,-1052,10072,CD,1,D2_pwm200_grab1
7911,-5840,-1260,6868,CD,1,D2_pwm200_grab1
7916,3076,-3604,10420,CD,1,D2_pwm200_grab1
7921,2280,740,13440,CD,1,D2_pwm200_grab1
7927,172,408,10756,CD,1,D2_pwm200_grab1
7931,284,-124,13492,CD,1,D2_pwm200_grab1
7936,-672,1680,13580,CD,1,D2_pwm200_grab1
7942,4384,-3900,4044,CD,1,D2_pwm200_grab1
7946,864,-1516,6552,CD,1,D2_pwm200_grab1
7952,2068,5316,10476,CD,1,D2_pwm200_grab1
7956,-2372,-1076,8760,CD,1,D2_pwm200_grab1
7962,2044,-1216,7584,CD,1,D2_pwm200_grab1
7971,-3444,4744,12956,CD,1,D2_pwm200_grab1
7976,2348,-4508,6144,CD,1,D2_pwm200_grab1
7982,1996,-400,11396,CD,1,D2_pwm200_grab1
7986,-1736,1404,8060,CD,1,D2_pwm200_grab1
7992,-2252,1852,10780,CD,1,D2_pwm200_grab1
7996,856,-56,7808,CD,1,D2_pwm200_grab1
8001,-992,-2200,8108,CD,1,D2_pwm200_grab1
8006,-3212,-1268,8912,CD,1,D2_pwm200_grab1
8011,92,932,12868,CD,1,D2_pwm200_grab1
8016,-176,568,14836,CD,1,D2_pwm200_grab1
8023,-848,-120,8876,CD,1,D2_pwm200_grab1
8027,-3080,1980,12004,CD,1,D2_pwm200_grab1
8033,1636,1936,9372,CD,1,D2_pwm200_grab1
8037,-1616,-2936,6568,CD,1,D2_pwm200_grab1
8042,-772,-4044,7232,CD,1,D2_pwm200_grab1
8047,3068,2520,14548,CD,1,D2_pwm200_grab1
8053,-1272,-964,12764,CD,1,D2_pwm200_grab1
8058,432,636,10704,CD,1,D2_pwm200_grab1
8062,-1480,980,9576,CD,1,D2_pwm200_grab1
8068,-3180,1224,11636,CD,1,D2_pwm200_grab1
8072,164,960,13940,CD,1,D2_pwm200_grab1
8078,-1404,-5868,9588,CD,1,D2_pwm200_grab1
8082,5696,-2732,9756,CD,1,D2_pwm200_grab1
8087,-428,2956,10428,CD,1,D2_pwm200_grab1
8098,2284,-3416,10972,CD,1,D2_pwm200_grab1
8103,2680,2468,10836,CD,1,D2_pwm200_grab1
8107,612,248,10084,CD,1,D2_pwm200_grab1
8112,5656,4740,10336,CD,1,D2_pwm200_grab1
8118,1904,-1832,9072,CD,1,D2_pwm200_grab1
8123,396,-3548,7492,CD,1,D2_pwm200_grab1
8128,2392,-844,7588,CD,1,D2_pwm200_grab1
8132,4656,1812,13736,CD,1,D2_pwm200_grab1
8137,-5096,-2792,9548,CD,1,D2_pwm200_grab1
8143,-144,-1696,7960,CD,1,D2_pwm200_grab1
8148,5976,6100,10360,CD,1,D2_pwm200_grab1
8152,-3692,6056,13828,CD,1,D2_pwm200_grab1
8157,240,-2744,8396,CD,1,D2_pwm200_grab1
8167,1612,3752,9172,CD,1,D2_pwm200_grab1
8173,-1680,-664,7952,CD,1,D2_pwm200_grab1
8178,1976,-700,7064,CD,1,D2_pwm200_grab1
8182,8116,1116,7724,CD,1,D2_pwm200_grab1
8188,-2740,4104,11304,CD,1,D2_pwm200_grab1
8192,2040,3240,12112,CD,1,D2_pwm200_grab1
8198,-1208,-1488,12176,CD,1,D2_pwm200_grab1
8202,-2116,-1960,7432,CD,1,D2_pwm200_grab1
8207,-3104,1316,9756,CD,1,D2_pwm200_grab1
8212,1996,1732,10992,CD,1,D2_pwm200_grab1
8217,-1904,-1584,8732,CD,1,D2_pwm200_grab1
8222,-1132,-6388,4876,CD,1,D2_pwm200_grab1
8227,1820,2008,13364,CD,1,D2_pwm200_grab1
8233,-1796,-860,10028,CD,1,D2_pwm200_grab1
8242,1560,-3188,9008,CD,1,D2_pwm200_grab1
8247,-1640,1516,9380,CD,1,D2_pwm200_grab1
8252,1884,792,13628,CD,1,D2_pwm200_grab1
8257,-3848,-6632,11996,CD,1,D2_pwm200_grab1
8262,3072,-4768,8892,CD,1,D2_pwm200_grab1
8267,-232,1032,12920,CD,1,D2_pwm200_grab1
8279,3172,-2572,12096,CD,1,D2_pwm200_grab1
8283,3188,2880,12052,CD,1,D2_pwm200_grab1
8288,864,756,13604,CD,1,D2_pwm200_grab1
8294,-1900,-2288,14476,CD,1,D2_pwm200_grab1
8299,5084,-4556,9472,CD,1,D2_pwm200_grab1
8304,1132,-164,12380,CD,1,D2_pwm200_grab1
8308,-8436,-2552,12428,CD,1,D2_pwm200_grab1
8313,3276,-2696,10896,CD,1,D2_pwm200_grab1
8318,4208,2436,14348,CD,1,D2_pwm200_grab1
8324,680,-1884,8400,CD,1,D2_pwm200_grab1
8329,8840,6104,12404,CD,1,D2_pwm200_grab1
8333,808,2424,13416,CD,1,D2_pwm200_grab1
8344,4640,668,12228,CD,1,D2_pwm200_grab1
8348,3352,2728,14136,CD,1,D2_pwm200_grab1
8353,-1060,-1200,9320,CD,1,D2_pwm200_grab1
8359,2408,-1960,9936,CD,1,D2_pwm200_grab1
8364,5988,-1352,10816,CD,1,D2_pwm200_grab1
8369,-2664,4500,11080,CD,1,D2_pwm200_grab1
8373,-2584,-228,9708,CD,1,D2_pwm200_grab1
8384,1124,3520,9756,CD,1,D2_pwm200_grab1
8388,-1532,68,8664,CD,1,D2_pwm200_grab1
8394,3428,0,9796,CD,1,D2_pwm200_grab1
8399,2132,-2804,11004,CD,1,D2_pwm200_grab1
8403,-320,2364,7736,CD,1,D2_pwm200_grab1
8408,3904,3260,11636,CD,1,D2_pwm200_grab1
8413,-388,2292,9832,CD,1,D2_pwm200_grab1
8418,-5300,-2504,8100,CD,1,D2_pwm200_grab1
8423,1200,-576,7244,CD,1,D2_pwm200_grab1
8429,-1820,2384,12108,CD,1,D2_pwm200_grab1
8433,-7172,-1552,9796,CD,1,D2_pwm200_grab1
8438,-1988,-8688,4592,CD,1,D2_pwm200_grab1
8443,4096,460,9272,CD,1,D2_pwm200_grab1
8449,676,0,11908,CD,1,D2_pwm200_grab1
8453,-9000,-4852,9076,CD,1,D2_pwm200_grab1
8458,3220,-3188,9720,CD,1,D2_pwm200_grab1
8464,3516,912,11464,CD,1,D2_pwm200_grab1
8468,-872,460,10748,CD,1,D2_pwm200_grab1
8474,-816,528,11660,CD,1,D2_pwm200_grab1
8478,3300,-6276,8912,CD,1,D2_pwm200_grab1
8484,232,-2048,10948,CD,1,D2_pwm200_grab1
8493,1616,3480,12280,CD,1,D2_pwm200_grab1
8499,-2100,-2408,6352,CD,1,D2_pwm200_grab1
8504,532,-1660,8144,CD,1,D2_pwm200_grab1
8514,-1184,2876,14772,CD,1,D2_pwm200_grab1
8519,1724,-5024,4176,CD,1,D2_pwm200_grab1
8523,368,908,7468,CD,1,D2_pwm200_grab1
8529,1800,6276,14912,CD,1,D2_pwm200_grab1
8534,-1944,-1112,7780,CD,1,D2_pwm200_grab1
8539,308,-2152,7048,CD,1,D2_pwm200_grab1
8550,-1560,4800,15000,CD,1,D2_pwm200_grab1
8554,1624,-2780,9848,CD,1,D2_pwm200_grab1
8564,2660,5456,11436,CD,1,D2_pwm200_grab1
8570,-1640,-88,8736,CD,1,D2_pwm200_grab1
8576,1032,-1872,8892,CD,1,D2_pwm200_grab1
8580,-1260,-1928,6800,CD,1,D2_pwm200_grab1
8584,-856,-1872,8404,CD,1,D2_pwm200_grab1
8589,1936,4540,14868,CD,1,D2_pwm200_grab1
8594,1612,-168,14748,CD,1,D2_pwm200_grab1
8600,-224,-696,9280,CD,1,D2_pwm200_grab1
8605,-2164,1672,10536,CD,1,D2_pwm200_grab1
8609,1548,872,12588,CD,1,D2_pwm200_grab1
8615,-1020,-1488,8436,CD,1,D2_pwm200_grab1
8619,-1788,-6348,10452,CD,1,D2_pwm200_grab1
8625,6980,-840,9832,CD,1,D2_pwm200_grab1
8630,676,3840,11984,CD,1,D2_pwm200_grab1
8635,-7928,-4780,9252,CD,1,D2_pwm200_grab1
8640,3492,-2668,12004,CD,1,D2_pwm200_grab1
8645,-428,2032,8668,CD,1,D2_pwm200_grab1
8654,-248,-4468,9460,CD,1,D2_pwm200_grab1
8659,5212,-2312,8976,CD,1,D2_pwm200_grab1
8664,640,-2712,9456,CD,1,D2_pwm200_grab1
8669,4892,-788,11844,CD,1,D2_pwm200_grab1
8674,4424,72,10216,CD,1,D2_pwm200_grab1
8679,-3504,-1496,9696,CD,1,D2_pwm200_grab1
8685,-1600,-236,8040,CD,1,D2_pwm200_grab1
8695,-472,-2184,8728,CD,1,D2_pwm200_grab1
8710,2252,2560,8584,CD,1,D2_pwm200_grab1
8715,-1524,-960,6884,CD,1,D2_pwm200_grab1
8719,1684,-2060,8044,CD,1,D2_pwm200_grab1
8725,9032,1996,6820,CD,1,D2_pwm200_grab1
8730,-3328,4012,12688,CD,1,D2_pwm200_grab1
8734,-6496,-3136,9628,CD,1,D2_pwm200_grab1
8744,188,1556,8056,CD,1,D2_pwm200_grab1
8750,-2076,592,8200,CD,1,D2_pwm200_grab1
8754,1436,1856,11488,CD,1,D2_pwm200_grab1
8759,-3668,-2024,8152,CD,1,D2_pwm200_grab1
8764,-1472,-4808,7220,CD,1,D2_pwm200_grab1
8770,928,3116,11896,CD,1,D2_pwm200_grab1
8774,-1888,-1392,12028,CD,1,D2_pwm200_grab1
8779,-5448,-3356,9140,CD,1,D2_pwm200_grab1
8784,-772,1616,8644,CD,1,D2_pwm200_grab1
8791,-2784,1196,14632,CD,1,D2_pwm200_grab1
8795,-2404,-1724,15728,CD,1,D2_pwm200_grab1
8801,-3588,-8900,6820,CD,1,D2_pwm200_grab1
8806,3820,4024,14408,CD,1,D2_pwm200_grab1
8811,-3180,1452,10788,CD,1,D2_pwm200_grab1
8815,-6420,-1828,8468,CD,1,D2_pwm200_grab1
8821,792,-1028,9432,CD,1,D2_pwm200_grab1
8826,-3880,1380,14220,CD,1,D2_pwm200_grab1
8830,-9900,-1500,7176,CD,1,D2_pwm200_grab1
8836,-1108,-2512,14468,CD,1,D2_pwm200_grab1
8840,3184,-4084,9600,CD,1,D2_pwm200_grab1
8845,2464,944,13128,CD,1,D2_pwm200_grab1
8850,-5964,-1792,9408,CD,1,D2_pwm200_grab1
8855,5164,-2744,12840,CD,1,D2_pwm200_grab1
8860,1380,-836,14128,CD,1,D2_pwm200_grab1
8865,1160,644,11732,CD,1,D2_pwm200_grab1
8870,2032,1952,12500,CD,1,D2_pwm200_grab1
8875,1916,2540,10704,CD,1,D2_pwm200_grab1
8880,4176,-3564,5080,CD,1,D2_pwm200_grab1
8885,3740,796,9036,CD,1,D2_pwm200_grab1
8891,4456,5964,14084,CD,1,D2_pwm200_grab1
8895,-1244,-1324,7884,CD,1,D2_pwm200_grab1
8900,2732,-1400,9588,CD,1,D2_pwm200_grab1
8910,-1384,5424,13632,CD,1,D2_pwm200_grab1
8915,3736,-4092,5632,CD,1,D2_pwm200_grab1
8920,3840,1412,11304,CD,1,D2_pwm200_grab1
8925,676,1380,7220,CD,1,D2_pwm200_grab1
8930,-1168,2356,10772,CD,1,D2_pwm200_grab1
8935,3756,-212,7656,CD,1,D2_pwm200_grab1
8940,-348,-2380,4592,CD,1,D2_pwm200_grab1
8945,-2152,-1376,8332,CD,1,D2_pwm200_grab1
8950,3076,2904,11532,CD,1,D2_pwm200_grab1
8956,-300,-928,11612,CD,1,D2_pwm200_grab1
8961,-8712,-5300,5536,CD,1,D2_pwm200_grab1
8965,800,-1652,7580,CD,1,D2_pwm200_grab1
8970,-4004,1888,9936,CD,1,D2_pwm200_grab1
8975,-7704,28,6776,CD,1,D2_pwm200_grab1
8981,-2828,-6756,9328,CD,1,D2_pwm200_grab1
8985,1712,-972,8152,CD,1,D2_pwm200_grab1
8990,-1448,2280,10184,CD,1,D2_pwm200_grab1
8996,-10048,-5116,9752,CD,1,D2_pwm200_grab1
9001,1636,-3428,9360,CD,1,D2_pwm200_grab1
9005,-3268,116,11852,CD,1,D2_pwm200_grab1
9011,-3128,-108,7960,CD,1,D2_pwm200_grab1
9015,4516,2316,11648,CD,1,D2_pwm200_grab1
9020,-1688,-2996,8304,CD,1,D2_pwm200_grab1
9025,-684,-4516,9032,CD,1,D2_pwm200_grab1
9030,2916,-452,15108,CD,1,D2_pwm200_grab1
9035,3256,1924,12428,CD,1,D2_pwm200_grab1
9041,-2464,-2068,10116,CD,1,D2_pwm200_grab1
9046,-1180,-1356,8080,CD,1,D2_pwm200_grab1
9051,7972,5720,12660,CD,1,D2_pwm200_grab1
9056,1232,232,11184,CD,1,D2_pwm200_grab1
9066,3224,256,11376,CD,1,D2_pwm200_grab1
9071,476,5400,13792,CD,1,D2_pwm200_grab1
9076,-1488,-2732,8664,CD,1,D2_pwm200_grab1
9081,344,-2348,8220,CD,1,D2_pwm200_grab1
9086,9352,6364,10124,CD,1,D2_pwm200_grab1
9091,-1760,2624,11960,CD,1,D2_pwm200_grab1
9096,-2172,144,11348,CD,1,D2_pwm200_grab1
9101,3264,940,11368,CD,1,D2_pwm200_grab1
9107,2192,3648,9976,CD,1,D2_pwm200_grab1
9112,-1428,2368,10736,CD,1,D2_pwm200_grab1
9116,3840,668,8988,CD,1,D2_pwm200_grab1
9122,-568,-4176,6664,CD,1,D2_pwm200_grab1
9126,-1212,92,9215,CD,1,D2_pwm200_grab1
9131,6076,2124,12480,CD,1,D2_pwm200_grab1
9136,-1808,2812,10564,CD,1,D2_pwm200_grab1
9142,-7020,-4620,7612,CD,1,D2_pwm200_grab1
9147,1828,-2084,8776,CD,1,D2_pwm200_grab1
9152,-2176,2816,9904,CD,1,D2_pwm200_grab1
9157,-2912,1092,10360,CD,1,D2_pwm200_grab1
9162,-2396,-5668,10080,CD,1,D2_pwm200_grab1
9166,5856,-572,9144,CD,1,D2_pwm200_grab1
9172,980,3812,11344,CD,1,D2_pwm200_grab1
9176,4240,-236,10808,CD,1,D2_pwm200_grab1
9181,4944,-272,12356,CD,1,D2_pwm200_grab1
9187,-2804,-2884,10644,CD,1,D2_pwm200_grab1
9192,-1324,668,8332,CD,1,D2_pwm200_grab1
9197,8212,7268,12656,CD,1,D2_pwm200_grab1
9201,2472,-1532,7524,CD,1,D2_pwm200_grab1
9211,4476,816,14632,CD,1,D2_pwm200_grab1
9216,2464,2832,10440,CD,1,D2_pwm200_grab1
9221,-2512,-616,8664,CD,1,D2_pwm200_grab1
9226,2204,-800,7580,CD,1,D2_pwm200_grab1
9231,7112,664,8808,CD,1,D2_pwm200_grab1
9237,-1564,5244,10260,CD,1,D2_pwm200_grab1
9241,-5944,-3704,9000,CD,1,D2_pwm200_grab1
9246,944,-368,5848,CD,1,D2_pwm200_grab1
9251,-304,3608,7028,CD,1,D2_pwm200_grab1
9257,-1316,1628,8268,CD,1,D2_pwm200_grab1
9262,-480,2212,13496,CD,1,D2_pwm200_grab1
9267,-4892,-2708,12856,CD,1,D2_pwm200_grab1
9272,-3316,-8248,5380,CD,1,D2_pwm200_grab1
9276,3492,-76,11048,CD,1,D2_pwm200_grab1
9282,-2660,136,10764,CD,1,D2_pwm200_grab1
9286,-9428,-3252,6168,CD,1,D2_pwm200_grab1
9291,504,-1564,9364,CD,1,D2_pwm200_grab1
9296,-4504,1404,12276,CD,1,D2_pwm200_grab1
9302,-10532,-1708,6440,CD,1,D2_pwm200_grab1
9313,3532,-1028,10328,CD,1,D2_pwm200_grab1
9318,-2892,740,10108,CD,1,D2_pwm200_grab1
9322,-9532,-4316,11008,CD,1,D2_pwm200_grab1
9327,1528,-2852,10180,CD,1,D2_pwm200_grab1
9332,-1460,2768,9892,CD,1,D2_pwm200_grab1
9338,2880,1436,12316,CD,1,D2_pwm200_grab1
9342,-3188,-6936,11996,CD,1,D2_pwm200_grab1
9348,248,-3444,9776,CD,1,D2_pwm200_grab1
9352,388,-2756,10736,CD,1,D2_pwm200_grab1
9363,3676,1860,12956,CD,1,D2_pwm200_grab1
9367,-1380,-788,12324,CD,1,D2_pwm200_grab1
9372,-1136,-1896,9228,CD,1,D2_pwm200_grab1
9378,9964,6056,12956,CD,1,D2_pwm200_grab1
9382,2372,496,10112,CD,1,D2_pwm200_grab1
9388,-3800,-1340,12160,CD,1,D2_pwm200_grab1
9392,4756,-1432,9004,CD,1,D2_pwm200_grab1
9398,2436,3288,10220,CD,1,D2_pwm200_grab1
9403,-1548,284,8704,CD,1,D2_pwm200_grab1
9407,1356,-1948,8492,CD,1,D2_pwm200_grab1
9412,3992,-488,11560,CD,1,D2_pwm200_grab1
9417,-1396,4056,11144,CD,1,D2_pwm200_grab1
9422,-3132,504,10284,CD,1,D2_pwm200_grab1
9428,4344,1064,11296,CD,1,D2_pwm200_grab1
9433,-4180,-2240,9088,CD,1,D2_pwm200_grab1
9438,1004,548,7332,CD,1,D2_pwm200_grab1
9443,-588,3084,14236,CD,1,D2_pwm200_grab1
9448,-6288,-1972,10984,CD,1,D2_pwm200_grab1
9457,4916,2732,11504,CD,1,D2_pwm200_grab1
9463,728,1568,9068,CD,1,D2_pwm200_grab1
9467,-7648,-5256,5700,CD,1,D2_pwm200_grab1
9473,1800,-4172,8988,CD,1,D2_pwm200_grab1
9477,3540,196,12448,CD,1,D2_pwm200_grab1
9482,-704,204,11596,CD,1,D2_pwm200_grab1
9487,4168,992,11128,CD,1,D2_pwm200_grab1
9493,1640,-6420,6512,CD,1,D2_pwm200_grab1
9497,1456,-1920,11036,CD,1,D2_pwm200_grab1
9502,-3248,-476,7668,CD,1,D2_pwm200_grab1
9507,2704,-1520,10380,CD,1,D2_pwm200_grab1
9512,-3636,-432,11944,CD,1,D2_pwm200_grab1
9517,1560,-2440,8080,CD,1,D2_pwm200_grab1
9523,7780,5340,7764,CD,1,D2_pwm200_grab1
9528,-2264,3584,15144,CD,1,D2_pwm200_grab1
9533,848,-4720,6360,CD,1,D2_pwm200_grab1
9537,9628,-960,17432,CD,1,D2_pwm200_grab1
9543,996,5124,11956,CD,1,D2_pwm200_grab1
9547,-2756,240,8900,CD,1,D2_pwm200_grab1
9553,-264,-2656,6960,CD,1,D2_pwm200_grab1
9558,9120,780,9140,CD,1,D2_pwm200_grab1
9564,-4428,4968,16536,CD,1,D2_pwm200_grab1
9568,-4944,-3964,11012,CD,1,D2_pwm200_grab1
9574,3568,-2088,11824,CD,1,D2_pwm200_grab1
9578,916,3820,9272,CD,1,D2_pwm200_grab1
9583,-2480,1720,11064,CD,1,D2_pwm200_grab1
9588,80,-1584,7472,CD,1,D2_pwm200_grab1
9594,4940,-1404,11708,CD,1,D2_pwm200_grab1
9598,-2376,2792,12832,CD,1,D2_pwm200_grab1
9604,4168,4948,13812,CD,1,D2_pwm200_grab1
9608,-1396,980,14096,CD,1,D2_pwm200_grab1
9614,-2748,-1472,10016,CD,1,D2_pwm200_grab1
9619,-476,2104,9316,CD,1,D2_pwm200_grab1
9623,-280,2416,16564,CD,1,D2_pwm200_grab1
9628,-5976,-2152,12096,CD,1,D2_pwm200_grab1
9633,-1336,-7664,5392,CD,1,D2_pwm200_grab1
9638,5776,1544,14488,CD,1,D2_pwm200_grab1
9643,3176,3480,12316,CD,1,D2_pwm200_grab1
9649,-7724,-2976,10784,CD,1,D2_pwm200_grab1
9653,4012,-3636,11624,CD,1,D2_pwm200_grab1
9658,4156,-24,14940,CD,1,D2_pwm200_grab1
9663,1176,1452,12004,CD,1,D2_pwm200_grab1
9669,836,392,13312,CD,1,D2_pwm200_grab1
9673,3612,-3300,7276,CD,1,D2_pwm200_grab1
9679,1772,-756,11860,CD,1,D2_pwm200_grab1
9683,-5160,-1164,7132,CD,1,D2_pwm200_grab1
9689,3440,4028,12952,CD,1,D2_pwm200_grab1
9693,-1732,-1888,6956,CD,1,D2_pwm200_grab1
9698,2676,-960,9340,CD,1,D2_pwm200_grab1
9703,11480,6412,8344,CD,1,D2_pwm200_grab1
9708,-772,4616,13544,CD,1,D2_pwm200_grab1
9714,3628,-4880,3780,CD,1,D2_pwm200_grab1
9719,5232,3528,12944,CD,1,D2_pwm200_grab1
9724,2632,5368,11168,CD,1,D2_pwm200_grab1
9728,-864,2256,8976,CD,1,D2_pwm200_grab1
9733,4460,1376,8128,CD,1,D2_pwm200_grab1
9739,-24,-2832,7632,CD,1,D2_pwm200_grab1
9743,-1212,-1304,6120,CD,1,D2_pwm200_grab1
9748,744,2520,9396,CD,1,D2_pwm200_grab1
9754,352,-148,11844,CD,1,D2_pwm200_grab1
9758,-960,-1448,7208,CD,1,D2_pwm200_grab1
9763,-1592,444,10544,CD,1,D2_pwm200_grab1
9768,2828,1660,8332,CD,1,D2_pwm200_grab1
9774,-2832,996,7496,CD,1,D2_pwm200_grab1
9778,-3464,-8088,8236,CD,1,D2_pwm200_grab1
9783,3268,-1128,8740,CD,1,D2_pwm200_grab1
9788,-3388,1012,9584,CD,1,D2_pwm200_grab1
9798,800,-2528,8572,CD,1,D2_pwm200_grab1
9804,-92,2412,5528,CD,1,D2_pwm200_grab1
9808,2848,1144,11828,CD,1,D2_pwm200_grab1
9815,-4540,-6172,11064,CD,1,D2_pwm200_grab1
9819,2908,-3468,10396,CD,1,D2_pwm200_grab1
9824,296,1304,10960,CD,1,D2_pwm200_grab1
9834,1600,-3696,10160,CD,1,D2_pwm200_grab1
9839,3040,2800,12092,CD,1,D2_pwm200_grab1
9845,3120,860,12120,CD,1,D2_pwm200_grab1
9849,-2688,-4196,13880,CD,1,D2_pwm200_grab1
9856,4496,-4240,10160,CD,1,D2_pwm200_grab1
9859,-1948,-5708,5488,CD,1,D2_pwm200_grab1
9865,2320,764,15468,CD,1,D2_pwm200_grab1
9870,2984,2892,15608,CD,1,D2_pwm200_grab1
9875,-1804,-2124,9036,CD,1,D2_pwm200_grab1
9880,208,-1344,8560,CD,1,D2_pwm200_grab1
9884,9548,6292,12232,CD,1,D2_pwm200_grab1
9889,1288,1456,12592,CD,1,D2_pwm200_grab1
9895,3148,-4532,5100,CD,1,D2_pwm200_grab1
9900,-1396,332,5676,CD,1,D2_pwm200_grab1
9905,1620,5020,11424,CD,1,D2_pwm200_grab1
9909,-984,1416,9516,CD,1,D2_pwm200_grab1
9915,1168,-1312,8172,CD,1,D2_pwm200_grab1
9919,4104,-2008,11808,CD,1,D2_pwm200_grab1
9924,-1672,2836,12032,CD,1,D2_pwm200_grab1
9929,-2316,32,9724,CD,1,D2_pwm200_grab1
9934,4792,432,11132,CD,1,D2_pwm200_grab1
9939,1400,3588,9364,CD,1,D2_pwm200_grab1
9944,524,688,8468,CD,1,D2_pwm200_grab1
9949,-1516,2580,14524,CD,1,D2_pwm200_grab1
9954,-4720,-1864,12468,CD,1,D2_pwm200_grab1
9959,-2412,-7196,5916,CD,1,D2_pwm200_grab1
9965,6740,1180,13192,CD,1,D2_pwm200_grab1
9969,0,2336,10452,CD,1,D2_pwm200_grab1
9974,-7520,-3128,6768,CD,1,D2_pwm200_grab1
9979,1560,-1204,7648,CD,1,D2_pwm200_grab1
9984,3600,296,13236,CD,1,D2_pwm200_grab1
9990,244,1896,10692,CD,1,D2_pwm200_grab1
9995,288,568,13988,CD,1,D2_pwm200_grab1
9999,2436,-4916,5212,CD,1,D2_pwm200_grab1
10005,1164,-664,10536,CD,1,D2_pwm200_grab1
10010,-7332,-3944,7228,CD,1,D2_pwm200_grab1
10015,3364,-3216,9436,CD,1,D2_pwm200_grab1
10019,1440,-728,10856,CD,1,D2_pwm200_grab1
10024,168,384,12480,CD,1,D2_pwm200_grab1
10035,-1544,2892,10952,CD,1,D2_pwm200_grab1
10040,2308,-6740,3868,CD,1,D2_pwm200_grab1
10045,1360,1300,8264,CD,1,D2_pwm200_grab1
10049,2152,5540,12836,CD,1,D2_pwm200_grab1
10055,-1844,-2392,6880,CD,1,D2_pwm200_grab1
10060,1188,-1600,7764,CD,1,D2_pwm200_grab1
10065,8572,3772,7152,CD,1,D2_pwm200_grab1
10071,-2520,3184,16052,CD,1,D2_pwm200_grab1
10075,-1548,-4568,9124,CD,1,D2_pwm200_grab1
10080,6296,1584,16900,CD,1,D2_pwm200_grab1
10085,128,3596,10444,CD,1,D2_pwm200_grab1
10091,-1456,-428,8464,CD,1,D2_pwm200_grab1
10096,-704,-2560,6004,CD,1,D2_pwm200_grab1
10100,8868,1824,9292,CD,1,D2_pwm200_grab1
10105,-4996,4856,16480,CD,1,D2_pwm200_grab1
10110,-2688,-2848,12124,CD,1,D2_pwm200_grab1
10115,-824,-2168,12948,CD,1,D2_pwm200_grab1
10121,900,1452,11220,CD,1,D2_pwm200_grab1
10125,-1832,1644,10724,CD,1,D2_pwm200_grab1
10130,3404,1564,11392,CD,1,D2_pwm200_grab1
10135,-1648,-2344,11952,CD,1,D2_pwm200_grab1
10140,100,-3292,5944,CD,1,D2_pwm200_grab1
10145,3572,5404,14136,CD,1,D2_pwm200_grab1
10150,1056,208,13400,CD,1,D2_pwm200_grab1
10155,-8932,-3352,12096,CD,1,D2_pwm200_grab1
10160,2380,-2384,10356,CD,1,D2_pwm200_grab1
10165,2288,3172,10384,CD,1,D2_pwm200_grab1
10171,5448,1024,12840,CD,1,D2_pwm200_grab1
10176,-2788,-5372,13984,CD,1,D2_pwm200_grab1
10181,6312,-3396,9480,CD,1,D2_pwm200_grab1
10185,3036,3984,12904,CD,1,D2_pwm200_grab1
10190,-8464,-3008,11240,CD,1,D2_pwm200_grab1
10196,4164,-3412,11884,CD,1,D2_pwm200_grab1
10201,-2860,-3620,10656,CD,1,D2_pwm200_grab1
10205,20,-1144,9368,CD,1,D2_pwm200_grab1
10210,7876,7228,10152,CD,1,D2_pwm200_grab1
10215,2624,1000,9148,CD,1,D2_pwm200_grab1
10225,4324,1760,13972,CD,1,D2_pwm200_grab1
10230,2996,1000,11820,CD,1,D2_pwm200_grab1
10235,-1588,-1824,7932,CD,1,D2_pwm200_grab1
10240,1444,-1160,6736,CD,1,D2_pwm200_grab1
10245,5084,-144,10312,CD,1,D2_pwm200_grab1
10251,-2648,5112,12024,CD,1,D2_pwm200_grab1
10256,-4540,-700,8628,CD,1,D2_pwm200_grab1
10266,440,2864,6416,CD,1,D2_pwm200_grab1
10271,-1436,844,8200,CD,1,D2_pwm200_grab1
10276,2672,-1408,7556,CD,1,D2_pwm200_grab1
10280,-232,-3332,11592,CD,1,D2_pwm200_grab1
10286,-1840,-7892,3588,CD,1,D2_pwm200_grab1
10290,4216,1400,11644,CD,1,D2_pwm200_grab1
10296,-804,476,9824,CD,1,D2_pwm200_grab1
10301,-7932,-2300,8088,CD,1,D2_pwm200_grab1
10306,556,-812,7368,CD,1,D2_pwm200_grab1
10310,-4124,2236,13648,CD,1,D2_pwm200_grab1
10316,-9980,-1856,3624,CD,1,D2_pwm200_grab1
10327,1568,-296,10892,CD,1,D2_pwm200_grab1
10331,-2352,1084,10772,CD,1,D2_pwm200_grab1
10336,-10464,-5776,8864,CD,1,D2_pwm200_grab1
10342,2456,-1956,9432,CD,1,D2_pwm200_grab1
10346,-3036,2032,8448,CD,1,D2_pwm200_grab1
10351,-2428,-324,10204,CD,1,D2_pwm200_grab1
10361,3880,88,12776,CD,1,D2_pwm200_grab1
10368,-2292,2160,12764,CD,1,D2_pwm200_grab1
10372,3724,-688,11972,CD,1,D2_pwm200_grab1
10377,3936,1136,11420,CD,1,D2_pwm200_grab1
10382,-2760,-1156,13304,CD,1,D2_pwm200_grab1
10386,-2312,764,9320,CD,1,D2_pwm200_grab1
10391,7672,5208,11400,CD,1,D2_pwm200_grab1
10396,1632,-1332,10500,CD,1,D2_pwm200_grab1
10402,572,-3092,7940,CD,1,D2_pwm200_grab1
10407,4612,2276,17076,CD,1,D2_pwm200_grab1
10412,2492,3796,11148,CD,1,D2_pwm200_grab1
10417,-1800,976,9796,CD,1,D2_pwm200_grab1
10421,372,-2288,8244,CD,1,D2_pwm200_grab1
10427,8488,2012,9256,CD,1,D2_pwm200_grab1
10431,-1856,4972,14048,CD,1,D2_pwm200_grab1
10437,-3972,-1792,11152,CD,1,D2_pwm200_grab1
10441,-3720,1884,5080,CD,1,D2_pwm200_grab1
10447,3840,3532,10468,CD,1,D2_pwm200_grab1
10451,-1084,1748,9720,CD,1,D2_pwm200_grab1
10456,3296,1148,15548,CD,1,D2_pwm200_grab1
10461,-1436,-1924,13852,CD,1,D2_pwm200_grab1
10466,108,-4136,4656,CD,1,D2_pwm200_grab1
10472,5596,4268,14700,CD,1,D2_pwm200_grab1
10476,1072,1640,11748,CD,1,D2_pwm200_grab1
10482,-4824,-2076,8448,CD,1,D2_pwm200_grab1
10486,532,1092,7156,CD,1,D2_pwm200_grab1
10491,-3148,1948,12704,CD,1,D2_pwm200_grab1
10497,1052,1604,11912,CD,1,D2_pwm200_grab1
10502,864,-2128,11388,CD,1,D2_pwm200_grab1
10507,3032,-3984,6540,CD,1,D2_pwm200_grab1
10511,3080,1840,11288,CD,1,D2_pwm200_grab1
10516,-9236,-4916,7772,CD,1,D2_pwm200_grab1
10522,2740,-4144,11152,CD,1,D2_pwm200_grab1
10526,2236,-160,13204,CD,1,D2_pwm200_grab1
10531,1404,1396,12256,CD,1,D2_pwm200_grab1
10536,1200,-568,11736,CD,1,D2_pwm200_grab1
10542,-1312,1232,12056,CD,1,D2_pwm200_grab1
10552,692,1436,5856,CD,1,D2_pwm200_grab1
10556,-536,3204,11244,CD,1,D2_pwm200_grab1
10562,-3800,-2084,8052,CD,1,D2_pwm200_grab1
10566,-96,-1352,6788,CD,1,D2_pwm200_grab1
10571,9328,4944,8896,CD,1,D2_pwm200_grab1
10576,-4436,2336,13340,CD,1,D2_pwm200_grab1
10582,-260,-5992,7852,CD,1,D2_pwm200_grab1
10587,4596,2444,17056,CD,1,D2_pwm200_grab1
10593,1488,4628,10744,CD,1,D2_pwm200_grab1
10598,-2860,-1520,9360,CD,1,D2_pwm200_grab1
10602,956,-1992,6864,CD,1,D2_pwm200_grab1
10607,7340,1752,8020,CD,1,D2_pwm200_grab1
10613,-3564,3560,16348,CD,1,D2_pwm200_grab1
10618,-4680,-4600,10564,CD,1,D2_pwm200_grab1
10622,-3536,-3212,4428,CD,1,D2_pwm200_grab1
10628,708,240,9008,CD,1,D2_pwm200_grab1
10633,-1932,1324,11816,CD,1,D2_pwm200_grab1
10638,2480,980,12064,CD,1,D2_pwm200_grab1
10642,-3156,-3340,9644,CD,1,D2_pwm200_grab1
10648,-12,-3776,6128,CD,1,D2_pwm200_grab1
10653,3628,2744,12752,CD,1,D2_pwm200_grab1
10658,-396,900,12528,CD,1,D2_pwm200_grab1
10662,-5624,-920,11084,CD,1,D2_pwm200_grab1
10667,2688,-1760,10892,CD,1,D2_pwm200_grab1
10673,3164,3160,12424,CD,1,D2_pwm200_grab1
10677,4448,1640,12388,CD,1,D2_pwm200_grab1
10682,-2252,-3688,13700,CD,1,D2_pwm200_grab1
10687,5344,-2032,10308,CD,1,D2_pwm200_grab1
10693,1828,3132,11932,CD,1,D2_pwm200_grab1
10698,-7896,-3352,10048,CD,1,D2_pwm200_grab1
10703,3148,-3132,11740,CD,1,D2_pwm200_grab1
10707,4444,2052,13736,CD,1,D2_pwm200_grab1
10713,1356,216,9904,CD,1,D2_pwm200_grab1
10717,11336,6368,11216,CD,1,D2_pwm200_grab1
10723,956,2168,13376,CD,1,D2_pwm200_grab1
10732,2664,1284,7340,CD,1,D2_pwm200_grab1
10737,2824,4068,14152,CD,1,D2_pwm200_grab1
10742,-2148,-3264,7516,CD,1,D2_pwm200_grab1
10747,2784,-236,8584,CD,1,D2_pwm200_grab1
10752,1752,-2128,13520,CD,1,D2_pwm200_grab1
10757,-2068,3736,10160,CD,1,D2_pwm200_grab1
10763,1028,1300,8616,CD,1,D2_pwm200_grab1
10767,3188,-104,7804,CD,1,D2_pwm200_grab1
10773,1148,712,8868,CD,1,D2_pwm200_grab1
10777,-1784,1712,10284,CD,1,D2_pwm200_grab1
10782,4280,1680,6840,CD,1,D2_pwm200_grab1
10788,-2560,-2280,8628,CD,1,D2_pwm200_grab1
10792,816,-1100,3684,CD,1,D2_pwm200_grab1
10798,2056,1044,11800,CD,1,D2_pwm200_grab1
10802,-2620,2064,9616,CD,1,D2_pwm200_grab1
10813,2292,-3856,9372,CD,1,D2_pwm200_grab1
10818,-3956,2484,7828,CD,1,D2_pwm200_grab1
10822,2068,-64,12004,CD,1,D2_pwm200_grab1
10828,-6284,-8308,10532,CD,1,D2_pwm200_grab1
10832,2844,-4396,8820,CD,1,D2_pwm200_grab1
10839,-2520,2012,12276,CD,1,D2_pwm200_grab1
10848,1392,-3064,10248,CD,1,D2_pwm200_grab1
10853,3296,2816,13312,CD,1,D2_pwm200_grab1
10859,-136,-36,11664,CD,1,D2_pwm200_grab1
10863,-968,-3456,12568,CD,1,D2_pwm200_grab1
10868,2304,-4556,7808,CD,1,D2_pwm200_grab1
10873,724,-740,11628,CD,1,D2_pwm200_grab1
10880,-7384,-2820,9432,CD,1,D2_pwm200_grab1
10884,-464,3384,13696,CD,1,D2_pwm200_grab1
10889,-1760,-2992,9372,CD,1,D2_pwm200_grab1
10893,-476,-1304,8108,CD,1,D2_pwm200_grab1
10898,9396,6064,12304,CD,1,D2_pwm200_grab1
10904,-2680,1736,14032,CD,1,D2_pwm200_grab1
10909,3604,-3600,6004,CD,1,D2_pwm200_grab1
10913,5560,3416,17880,CD,1,D2_pwm200_grab1
10918,3388,6008,14072,CD,1,D2_pwm200_grab1
10924,-1124,2660,10072,CD,1,D2_pwm200_grab1
10929,2636,-800,8144,CD,1,D2_pwm200_grab1
10933,-588,-2948,10656,CD,1,D2_pwm200_grab1
10939,-200,1284,8328,CD,1,D2_pwm200_grab1
10943,3224,3320,11780,CD,1,D2_pwm200_grab1
10949,2332,-200,11804,CD,1,D2_pwm200_grab1
10954,792,-348,9088,CD,1,D2_pwm200_grab1
10958,-1896,1404,9744,CD,1,D2_pwm200_grab1
10964,3736,828,14092,CD,1,D2_pwm200_grab1
10968,3300,-224,13596,CD,1,D2_pwm200_grab1
10973,-4372,-6452,10968,CD,1,D2_pwm200_grab1
10978,5068,-1400,11440,CD,1,D2_pwm200_grab1
10983,844,3996,12348,CD,1,D2_pwm200_grab1
10993,2684,-3072,9948,CD,1,D2_pwm200_grab1
10999,2640,3004,9116,CD,1,D2_pwm200_grab1
11003,2172,1464,12360,CD,1,D2_pwm200_grab1
11008,9480,6340,13144,CD,1,D2_pwm200_grab1
11014,3052,-1640,8036,CD,1,D2_pwm200_grab1
11019,-204,-4656,1664,CD,1,D2_pwm200_grab1
11023,4952,2028,15652,CD,1,D2_pwm200_grab1
11028,3232,1940,13380,CD,1,D2_pwm200_grab1
11034,-1312,-2216,7472,CD,1,D2_pwm200_grab1
11038,2212,-316,9832,CD,1,D2_pwm200_grab1
11049,-1236,2644,13332,CD,1,D2_pwm200_grab1
11053,-5136,-3264,7728,CD,1,D2_pwm200_grab1
11059,4136,-788,7908,CD,1,D2_pwm200_grab1
11064,56,3656,6800,CD,1,D2_pwm200_grab1
11069,-652,2192,9004,CD,1,D2_pwm200_grab1
11074,2236,-1464,7092,CD,1,D2_pwm200_grab1
11079,-388,-2400,7808,CD,1,D2_pwm200_grab1
11084,-1212,140,8508,CD,1,D2_pwm200_grab1
11088,788,2368,9144,CD,1,D2_pwm200_grab1
11094,-112,-2372,10636,CD,1,D2_pwm200_grab1
11100,-1548,-1640,6532,CD,1,D2_pwm200_grab1
11104,-2584,2428,10472,CD,1,D2_pwm200_grab1
11110,2004,1244,10636,CD,1,D2_pwm200_grab1
11114,-1624,-2524,11132,CD,1,D2_pwm200_grab1
11119,-1836,-5252,5240,CD,1,D2_pwm200_grab1
11124,2856,3084,12500,CD,1,D2_pwm200_grab1
11129,-2444,-932,11128,CD,1,D2_pwm200_grab1
11136,-4776,-2084,9508,CD,1,D2_pwm200_grab1
11139,1848,-3356,9644,CD,1,D2_pwm200_grab1
11145,1412,2356,11324,CD,1,D2_pwm200_grab1
11150,764,1068,12000,CD,1,D2_pwm200_grab1
11154,-3388,-6272,13348,CD,1,D2_pwm200_grab1
11159,2272,-3968,8712,CD,1,D2_pwm200_grab1
11165,908,2748,13168,CD,1,D2_pwm200_grab1
11174,3272,-3248,12120,CD,1,D2_pwm200_grab1
11180,-3140,-1808,11072,CD,1,D2_pwm200_grab1
11184,948,-956,10064,CD,1,D2_pwm200_grab1
11194,1144,1012,12000,CD,1,D2_pwm200_grab1
11199,2396,-5292,4852,CD,1,D2_pwm200_grab1
11204,2696,1280,9464,CD,1,D2_pwm200_grab1
11214,-1680,-2828,8536,CD,1,D2_pwm200_grab1
11219,1408,-1528,9032,CD,1,D2_pwm200_grab1
11224,2400,-1316,14644,CD,1,D2_pwm200_grab1
11229,264,2996,9164,CD,1,D2_pwm200_grab1
11235,-56,2516,10380,CD,1,D2_pwm200_grab1
11239,2668,1652,12368,CD,1,D2_pwm200_grab1
11245,3236,612,8020,CD,1,D2_pwm200_grab1
11250,-844,2704,10560,CD,1,D2_pwm200_grab1
11255,4260,628,8028,CD,1,D2_pwm200_grab1
11259,-1588,-3024,8044,CD,1,D2_pwm200_grab1
11265,-2172,-7216,4672,CD,1,D2_pwm200_grab1
11270,5304,2516,13172,CD,1,D2_pwm200_grab1
11274,100,2308,9748,CD,1,D2_pwm200_grab1
11285,2224,-3276,8572,CD,1,D2_pwm200_grab1
11289,-804,2304,8144,CD,1,D2_pwm200_grab1
11294,2436,300,10532,CD,1,D2_pwm200_grab1
11299,-4540,-6224,11312,CD,1,D2_pwm200_grab1
11304,3208,-1340,9164,CD,1,D2_pwm200_grab1
11310,1788,-2948,8820,CD,1,D2_pwm200_grab1
11314,2728,-632,8712,CD,1,D2_pwm200_grab1
11320,3600,780,11896,CD,1,D2_pwm200_grab1
11325,-3180,-2684,10828,CD,1,D2_pwm200_grab1
11330,-828,392,6724,CD,1,D2_pwm200_grab1
11334,8828,4452,12392,CD,1,D2_pwm200_grab1
11339,132,-1632,8800,CD,1,D2_pwm200_grab1
11344,-2332,-5980,4564,CD,1,D2_pwm200_grab1
11350,2840,444,12524,CD,1,D2_pwm200_grab1
11356,2852,1936,13600,CD,1,D2_pwm200_grab1
11361,-2556,-3600,7624,CD,1,D2_pwm200_grab1
11365,408,-180,8244,CD,1,D2_pwm200_grab1
11371,7820,6364,9868,CD,1,D2_pwm200_grab1
11376,-1068,476,13308,CD,1,D2_pwm200_grab1
11381,1880,-5856,4500,CD,1,D2_pwm200_grab1
11386,-112,232,7984,CD,1,D2_pwm200_grab1
11390,344,5032,11792,CD,1,D2_pwm200_grab1
11395,-2732,2576,11844,CD,1,D2_pwm200_grab1
11400,1740,-860,7036,CD,1,D2_pwm200_grab1
11406,1016,-4128,15332,CD,1,D2_pwm200_grab1
11411,-660,504,9044,CD,1,D2_pwm200_grab1
11415,1016,1244,10380,CD,1,D2_pwm200_grab1
11421,276,-1704,11660,CD,1,D2_pwm200_grab1
11425,2084,2412,11184,CD,1,D2_pwm200_grab1
11430,-1864,2300,9856,CD,1,D2_pwm200_grab1
11436,-3884,2504,12980,CD,1,D2_pwm200_grab1
11440,-5484,-364,7120,CD,1,D2_pwm200_grab1
11445,-3624,-7544,8288,CD,1,D2_pwm200_grab1
11450,5436,-520,13352,CD,1,D2_pwm200_grab1
11455,-1384,3492,11544,CD,1,D2_pwm200_grab1
11460,-9252,-2776,12636,CD,1,D2_pwm200_grab1
11466,3072,-3524,10808,CD,1,D2_pwm200_grab1
11471,2408,2880,11716,CD,1,D2_pwm200_grab1
11476,3588,800,13264,CD,1,D2_pwm200_grab1
11480,8276,5448,12608,CD,1,D2_pwm200_grab1
11485,2884,-1104,8112,CD,1,D2_pwm200_grab1
11491,360,-3464,5856,CD,1,D2_pwm200_grab1
11496,5352,900,13868,CD,1,D2_pwm200_grab1
11500,4396,1912,14152,CD,1,D2_pwm200_grab1
11505,-1720,-3976,9172,CD,1,D2_pwm200_grab1
11511,2152,-608,10308,CD,1,D2_pwm200_grab1
11515,9180,7360,13584,CD,1,D2_pwm200_grab1
11520,-2392,6300,14008,CD,1,D2_pwm200_grab1
11526,-4596,-3708,9224,CD,1,D2_pwm200_grab1
11536,1164,2688,7408,CD,1,D2_pwm200_grab1
11540,-1796,548,8436,CD,1,D2_pwm200_grab1
11545,1016,-1880,6864,CD,1,D2_pwm200_grab1
11550,1988,-3048,15376,CD,1,D2_pwm200_grab1
11555,956,2892,6360,CD,1,D2_pwm200_grab1
11560,-36,2060,8232,CD,1,D2_pwm200_grab1
11565,60,2388,10620,CD,1,D2_pwm200_grab1
11571,-8180,-3148,6732,CD,1,D2_pwm200_grab1
11575,620,-2288,7044,CD,1,D2_pwm200_grab1
11580,-3952,3292,9480,CD,1,D2_pwm200_grab1
11585,-6508,-460,6692,CD,1,D2_pwm200_grab1
11590,-4152,-8580,5788,CD,1,D2_pwm200_grab1
11596,3852,-508,10428,CD,1,D2_pwm200_grab1
11600,-2420,596,9232,CD,1,D2_pwm200_grab1
11611,1884,-3888,8832,CD,1,D2_pwm200_grab1
11617,-3084,3444,9652,CD,1,D2_pwm200_grab1
11621,2292,472,12004,CD,1,D2_pwm200_grab1
11626,-4392,-8208,11364,CD,1,D2_pwm200_grab1
11632,892,-3680,8148,CD,1,D2_pwm200_grab1
11636,284,1704,11232,CD,1,D2_pwm200_grab1
11646,2924,-3000,10104,CD,1,D2_pwm200_grab1
11652,-1748,-2108,9800,CD,1,D2_pwm200_grab1
11657,-604,-744,6992,CD,1,D2_pwm200_grab1
11662,9272,5556,14668,CD,1,D2_pwm200_grab1
11667,-2448,-756,11080,CD,1,D2_pwm200_grab1
11672,-1040,-6028,3340,CD,1,D2_pwm200_grab1
11677,556,-144,8640,CD,1,D2_pwm200_grab1
11681,1556,4428,14416,CD,1,D2_pwm200_grab1
11686,-3380,-2788,9744,CD,1,D2_pwm200_grab1
11691,-156,-2556,8064,CD,1,D2_pwm200_grab1
11696,2296,-3312,16244,CD,1,D2_pwm200_grab1
11702,-1188,4324,12288,CD,1,D2_pwm200_grab1
11706,-912,1808,11416,CD,1,D2_pwm200_grab1
11711,4076,296,11284,CD,1,D2_pwm200_grab1
11717,2320,1032,8332,CD,1,D2_pwm200_grab1
11721,-1808,3736,11200,CD,1,D2_pwm200_grab1
11727,2228,248,8168,CD,1,D2_pwm200_grab1
11731,-36,-2768,10792,CD,1,D2_pwm200_grab1
11737,-3932,-8588,8308,CD,1,D2_pwm200_grab1
11741,5980,1436,14328,CD,1,D2_pwm200_grab1
11746,-576,2740,12500,CD,1,D2_pwm200_grab1
11752,-8456,-4476,8412,CD,1,D2_pwm200_grab1
11756,2280,-2632,10096,CD,1,D2_pwm200_grab1
11761,-2240,2904,10156,CD,1,D2_pwm200_grab1
11766,3116,704,12588,CD,1,D2_pwm200_grab1
11772,-2592,-6424,8760,CD,1,D2_pwm200_grab1
11776,4488,-3412,6500,CD,1,D2_pwm200_grab1
11782,1876,-348,10296,CD,1,D2_pwm200_grab1
11786,5968,276,11084,CD,1,D2_pwm200_grab1
11791,3780,-484,10608,CD,1,D2_pwm200_grab1
11796,-1456,-2500,10328,CD,1,D2_pwm200_grab1
11801,-1456,1044,9508,CD,1,D2_pwm200_grab1
11811,784,-1908,7968,CD,1,D2_pwm200_grab1
11816,-84,-5212,2072,CD,1,D2_pwm200_grab1
11826,2516,1660,7900,CD,1,D2_pwm200_grab1
11831,-1588,-416,7384,CD,1,D2_pwm200_grab1
11836,1436,-2732,8196,CD,1,D2_pwm200_grab1
11841,5472,2384,7544,CD,1,D2_pwm200_grab1
11847,-2040,4888,12244,CD,1,D2_pwm200_grab1
11851,-6388,-3064,9224,CD,1,D2_pwm200_grab1
11856,1304,-640,6140,CD,1,D2_pwm200_grab1
11862,-324,2028,5684,CD,1,D2_pwm200_grab1
11868,-2460,2004,10072,CD,1,D2_pwm200_grab1
11872,-308,-2000,5864,CD,1,D2_pwm200_grab1
11878,-652,-3460,11972,CD,1,D2_pwm200_grab1
11883,-2100,1384,8200,CD,1,D2_pwm200_grab1
11888,332,396,8936,CD,1,D2_pwm200_grab1
11892,-904,-1000,11688,CD,1,D2_pwm200_grab1
11898,-1288,128,7108,CD,1,D2_pwm200_grab1
11902,-1648,1936,11960,CD,1,D2_pwm200_grab1
11908,-5552,2896,8740,CD,1,D2_pwm200_grab1
11913,-7060,-372,7092,CD,1,D2_pwm200_grab1
11917,-6076,-8848,9328,CD,1,D2_pwm200_grab1
11922,3068,1060,14408,CD,1,D2_pwm200_grab1
11927,-4292,1112,12096,CD,1,D2_pwm200_grab1
11938,2140,-3480,10828,CD,1,D2_pwm200_grab1
11943,-544,2832,10444,CD,1,D2_pwm200_grab1
11947,-1528,1512,11196,CD,1,D2_pwm200_grab1
11953,6472,3640,12796,CD,1,D2_pwm200_grab1
11957,1336,-1592,9592,CD,1,D2_pwm200_grab1
11962,1256,-2612,10388,CD,1,D2_pwm200_grab1
11967,4516,700,16316,CD,1,D2_pwm200_grab1
11972,4020,2464,15032,CD,1,D2_pwm200_grab1
11977,-1444,-3072,9292,CD,1,D2_pwm200_grab1
11982,-4,104,8888,CD,1,D2_pwm200_grab1
11992,-2288,5172,14240,CD,1,D2_pwm200_grab1
11997,-4868,-2076,11132,CD,1,D2_pwm200_grab1
12003,-696,-188,5340,CD,1,D2_pwm200_grab1
12008,3072,4524,10440,CD,1,D2_pwm200_grab1
12013,-644,1044,9484,CD,1,D2_pwm200_grab1
12017,1376,-1800,8888,CD,1,D2_pwm200_grab1
12023,5472,-764,14932,CD,1,D2_pwm200_grab1
12028,-28,3304,9380,CD,1,D2_pwm200_grab1
12032,3796,4836,11480,CD,1,D2_pwm200_grab1
12037,916,2348,12808,CD,1,D2_pwm200_grab1
12043,-4336,-3748,8356,CD,1,D2_pwm200_grab1
12047,892,556,8324,CD,1,D2_pwm200_grab1
12052,-1448,1764,14144,CD,1,D2_pwm200_grab1
12057,-6500,-1820,5076,CD,1,D2_pwm200_grab1
12062,-3552,-8428,7864,CD,1,D2_pwm200_grab1
12068,6072,792,12568,CD,1,D2_pwm200_grab1
12073,-1532,1960,9472,CD,1,D2_pwm200_grab1
12077,-6400,-2644,6124,CD,1,D2_pwm200_grab1
12082,2544,-4396,9268,CD,1,D2_pwm200_grab1
12087,-1020,-716,11636,CD,1,D2_pwm200_grab1
12093,44,1516,11640,CD,1,D2_pwm200_grab1
12098,3892,2568,11376,CD,1,D2_pwm200_grab1
12102,1068,-4212,4504,CD,1,D2_pwm200_grab1
12108,532,-1768,10492,CD,1,D2_pwm200_grab1
12112,-904,800,6148,CD,1,D2_pwm200_grab1
12119,2712,188,10160,CD,1,D2_pwm200_grab1
12124,-3316,-2416,10136,CD,1,D2_pwm200_grab1
12128,-2408,900,8840,CD,1,D2_pwm200_grab1
12133,5252,4104,11004,CD,1,D2_pwm200_grab1
12139,124,-2936,8620,CD,1,D2_pwm200_grab1
12143,-1544,-4788,7244,CD,1,D2_pwm200_grab1
12148,2764,328,16016,CD,1,D2_pwm200_grab1
12153,1772,2056,13452,CD,1,D2_pwm200_grab1
12158,-3048,-1572,9164,CD,1,D2_pwm200_grab1
12163,668,-1680,7424,CD,1,D2_pwm200_grab1
12168,5140,1360,8040,CD,1,D2_pwm200_grab1
12174,-3172,3892,15264,CD,1,D2_pwm200_grab1
12178,-6640,-3552,9900,CD,1,D2_pwm200_grab1
12184,-4396,-964,3060,CD,1,D2_pwm200_grab1
12189,64,3796,8892,CD,1,D2_pwm200_grab1
12193,-1172,840,9364,CD,1,D2_pwm200_grab1
12198,-660,-2404,7220,CD,1,D2_pwm200_grab1
12203,-7300,-4836,8900,CD,1,D2_pwm200_grab1
12208,-1688,-7672,7164,CD,1,D2_pwm200_grab1
12213,2412,1160,12808,CD,1,D2_pwm200_grab1
12218,-916,1516,12388,CD,1,D2_pwm200_grab1
12223,-9496,-2540,9012,CD,1,D2_pwm200_grab1
12228,1348,-16,8540,CD,1,D2_pwm200_grab1
12233,-4508,2140,12140,CD,1,D2_pwm200_grab1
12238,-7356,-2848,6700,CD,1,D2_pwm200_grab1
12244,-3680,-7704,8324,CD,1,D2_pwm200_grab1
12248,5588,-3284,8128,CD,1,D2_pwm200_grab1
12254,1184,-224,12076,CD,1,D2_pwm200_grab1
12258,-4924,-1792,8368,CD,1,D2_pwm200_grab1
12264,3604,-2508,11188,CD,1,D2_pwm200_grab1
12268,-520,524,12572,CD,1,D2_pwm200_grab1
12274,32,724,13868,CD,1,D2_pwm200_grab1
12279,4948,2920,11568,CD,1,D2_pwm200_grab1
12284,2908,-2240,7864,CD,1,D2_pwm200_grab1
12288,4488,-3808,4640,CD,1,D2_pwm200_grab1
12299,3392,5816,14580,CD,1,D2_pwm200_grab1
12304,-1280,-2176,8464,CD,1,D2_pwm200_grab1
12308,3000,-1272,9212,CD,1,D2_pwm200_grab1
12313,9216,3512,6636,CD,1,D2_pwm200_grab1
12318,-1888,4892,14032,CD,1,D2_pwm200_grab1
12324,-3532,-2384,10148,CD,1,D2_pwm200_grab1
12328,9904,-2080,12676,CD,1,D2_pwm200_grab1
12333,-196,-488,8036,CD,1,D2_pwm200_grab1
12339,-1212,1100,10496,CD,1,D2_pwm200_grab1
12343,4044,1500,11308,CD,1,D2_pwm200_grab1
12348,-1364,-1628,7700,CD,1,D2_pwm200_grab1
12353,12,-2600,4096,CD,1,D2_pwm200_grab1
12358,2192,1928,10264,CD,1,D2_pwm200_grab1
12364,904,-152,10372,CD,1,D2_pwm200_grab1
12368,-4308,-1684,7668,CD,1,D2_pwm200_grab1
12374,120,1216,7300,CD,1,D2_pwm200_grab1
12380,880,1984,14984,CD,1,D2_pwm200_grab1
12384,-4904,-3780,7780,CD,1,D2_pwm200_grab1
12389,-2700,-8592,7628,CD,1,D2_pwm200_grab1
12395,2356,2364,12144,CD,1,D2_pwm200_grab1
12399,-1832,-436,11140,CD,1,D2_pwm200_grab1
12405,-9584,-3560,6360,CD,1,D2_pwm200_grab1
12410,408,176,8096,CD,1,D2_pwm200_grab1
12416,-5212,2516,8756,CD,1,D2_pwm200_grab1
12419,-1508,596,10924,CD,1,D2_pwm200_grab1
12424,920,-872,10692,CD,1,D2_pwm200_grab1
12429,1856,-5364,5484,CD,1,D2_pwm200_grab1
12435,-84,-1780,11896,CD,1,D2_pwm200_grab1
12440,-5744,-1308,8328,CD,1,D2_pwm200_grab1
12445,2924,-2408,10180,CD,1,D2_pwm200_grab1
12449,-2148,132,13688,CD,1,D2_pwm200_grab1
12454,-868,1584,11896,CD,1,D2_pwm200_grab1
12459,8028,5848,10964,CD,1,D2_pwm200_grab1
12464,-4320,2572,16332,CD,1,D2_pwm200_grab1
12470,3544,-3772,6864,CD,1,D2_pwm200_grab1
12474,7644,2524,20528,CD,1,D2_pwm200_grab1
12479,2756,5780,14004,CD,1,D2_pwm200_grab1
12484,-3112,-428,10432,CD,1,D2_pwm200_grab1
12490,1504,-2096,9788,CD,1,D2_pwm200_grab1
12494,8376,2524,6532,CD,1,D2_pwm200_grab1
12499,-2828,4768,15648,CD,1,D2_pwm200_grab1
12504,2660,4484,13544,CD,1,D2_pwm200_grab1
12510,2636,-84,13448,CD,1,D2_pwm200_grab1
12514,420,-128,8720,CD,1,D2_pwm200_grab1
12520,-1052,2304,10500,CD,1,D2_pwm200_grab1
12525,2172,460,13380,CD,1,D2_pwm200_grab1
12530,-280,-2320,7632,CD,1,D2_pwm200_grab1
12534,-848,-4616,6100,CD,1,D2_pwm200_grab1
12540,4088,5260,12836,CD,1,D2_pwm200_grab1
12545,1020,3552,13700,CD,1,D2_pwm200_grab1
12554,3632,-3252,10296,CD,1,D2_pwm200_grab1
12560,2504,3368,9728,CD,1,D2_pwm200_grab1
12564,1864,284,12980,CD,1,D2_pwm200_grab1
12569,92,-4432,8888,CD,1,D2_pwm200_grab1
12574,5524,-2408,7380,CD,1,D2_pwm200_grab1
12580,3000,3544,12024,CD,1,D2_pwm200_grab1
12585,-7168,-4108,7408,CD,1,D2_pwm200_grab1
12590,3224,472,12120,CD,1,D2_pwm200_grab1
12594,-1436,-2312,7716,CD,1,D2_pwm200_grab1
12600,360,-464,8608,CD,1,D2_pwm200_grab1
12610,-1296,-1116,11120,CD,1,D2_pwm200_grab1
12614,3620,-6020,2576,CD,1,D2_pwm200_grab1
12620,1512,-552,8720,CD,1,D2_pwm200_grab1
12624,1036,4344,12820,CD,1,D2_pwm200_grab1
12631,-3840,-2296,8380,CD,1,D2_pwm200_grab1
12636,1848,-340,7292,CD,1,D2_pwm200_grab1
12640,8188,4404,8444,CD,1,D2_pwm200_grab1
12645,-3788,3172,14624,CD,1,D2_pwm200_grab1
12650,1180,-5292,7312,CD,1,D2_pwm200_grab1
12660,2060,5956,12964,CD,2,D2_pwm200_grab1
12665,-2256,-1884,7772,CD,2,D2_pwm200_grab1
12670,624,-816,7448,CD,2,D2_pwm200_grab1
12675,-1048,-340,8808,CD,2,D2_pwm200_grab1
12681,-1932,-1256,7340,CD,2,D2_pwm200_grab1
12685,1640,1256,11960,CD,2,D2_pwm200_grab1
12691,-360,-1344,14368,CD,2,D2_pwm200_grab1
12696,-2940,-744,7456,CD,2,D2_pwm200_grab1
12701,-1340,2768,12112,CD,2,D2_pwm200_grab1
12705,1496,1556,13916,CD,2,D2_pwm200_grab1
12711,-2508,-3948,9068,CD,2,D2_pwm200_grab1
12715,-5836,-7272,11544,CD,2,D2_pwm200_grab1
12720,4448,468,12640,CD,2,D2_pwm200_grab1
12725,-1188,2472,14680,CD,2,D2_pwm200_grab1
12735,3332,-3128,11536,CD,2,D2_pwm200_grab1
12740,3024,2816,13084,CD,2,D2_pwm200_grab1
12746,128,96,11804,CD,2,D2_pwm200_grab1
12750,-1536,-4320,10856,CD,2,D2_pwm200_grab1
12755,5324,-3784,8436,CD,2,D2_pwm200_grab1
12761,-1360,-6036,3648,CD,2,D2_pwm200_grab1
12766,4372,3156,17000,CD,2,D2_pwm200_grab1
12770,1072,4616,16240,CD,2,D2_pwm200_grab1
12776,-1788,-3812,8900,CD,2,D2_pwm200_grab1
12780,860,-364,8412,CD,2,D2_pwm200_grab1
12791,536,1036,12348,CD,2,D2_pwm200_grab1
12795,4240,-3808,4344,CD,2,D2_pwm200_grab1
12800,2132,616,8548,CD,2,D2_pwm200_grab1
12805,2760,3340,8256,CD,2,D2_pwm200_grab1
12810,-1076,2224,9756,CD,2,D2_pwm200_grab1
12815,2560,-1296,8912,CD,2,D2_pwm200_grab1
12821,92,-2920,13016,CD,2,D2_pwm200_grab1
12826,348,2548,8492,CD,2,D2_pwm200_grab1
12830,2304,1888,10444,CD,2,D2_pwm200_grab1
12835,2208,916,9720,CD,2,D2_pwm200_grab1
12840,1864,96,9304,CD,2,D2_pwm200_grab1
12845,1488,-156,7656,CD,2,D2_pwm200_grab1
12850,-2796,2292,11592,CD,2,D2_pwm200_grab1
12855,-6736,-1972,3512,CD,2,D2_pwm200_grab1
12861,-4504,-6020,9684,CD,2,D2_pwm200_grab1
12866,4492,1180,11660,CD,2,D2_pwm200_grab1
12870,-1452,1980,9124,CD,2,D2_pwm200_grab1
12881,1784,-3908,8824,CD,2,D2_pwm200_grab1
12887,-2664,3520,7152,CD,2,D2_pwm200_grab1
12892,2340,260,12592,CD,2,D2_pwm200_grab1
12897,-4804,-6672,8480,CD,2,D2_pwm200_grab1
12901,4600,-2444,7968,CD,2,D2_pwm200_grab1
12907,-820,1012,11604,CD,2,D2_pwm200_grab1
12917,2696,-4036,9192,CD,2,D2_pwm200_grab1
12922,2968,1684,12980,CD,2,D2_pwm200_grab1
12926,556,-128,11252,CD,2,D2_pwm200_grab1
12932,8892,3972,11072,CD,2,D2_pwm200_grab1
12936,-536,-3216,9644,CD,2,D2_pwm200_grab1
12941,-1600,-5920,1900,CD,2,D2_pwm200_grab1
12946,3248,872,16300,CD,2,D2_pwm200_grab1
12952,488,1164,12428,CD,2,D2_pwm200_grab1
12957,-2212,-1796,9116,CD,2,D2_pwm200_grab1
12962,-44,-276,7096,CD,2,D2_pwm200_grab1
12966,9336,5340,14656,CD,2,D2_pwm200_grab1
12971,-2296,4012,12680,CD,2,D2_pwm200_grab1
12977,-5652,-4372,10036,CD,2,D2_pwm200_grab1
12981,-4244,-1548,4928,CD,2,D2_pwm200_grab1
12987,1468,5164,10792,CD,2,D2_pwm200_grab1
12991,-1928,1824,9888,CD,2,D2_pwm200_grab1
12996,-48,-1848,7744,CD,2,D2_pwm200_grab1
13001,-280,-3476,15624,CD,2,D2_pwm200_grab1
13007,-100,2816,10648,CD,2,D2_pwm200_grab1
13011,-644,2088,11748,CD,2,D2_pwm200_grab1
13017,-20,1576,12304,CD,2,D2_pwm200_grab1
13021,-7708,-1468,10156,CD,2,D2_pwm200_grab1
13027,772,768,9236,CD,2,D2_pwm200_grab1
13031,-2648,2364,13012,CD,2,D2_pwm200_grab1
13036,-6416,-3744,7384,CD,2,D2_pwm200_grab1
13042,-3712,-8292,9608,CD,2,D2_pwm200_grab1
13047,6280,1808,13764,CD,2,D2_pwm200_grab1
13052,-684,2640,12252,CD,2,D2_pwm200_grab1
13056,-6212,-3696,7240,CD,2,D2_pwm200_grab1
13062,3268,-2888,10544,CD,2,D2_pwm200_grab1
13067,1696,408,13124,CD,2,D2_pwm200_grab1
13071,1124,180,14196,CD,2,D2_pwm200_grab1
13077,2852,2812,11260,CD,2,D2_pwm200_grab1
13081,4760,-3336,6744,CD,2,D2_pwm200_grab1
13087,1352,596,10388,CD,2,D2_pwm200_grab1
13091,5028,436,9200,CD,2,D2_pwm200_grab1
13096,3516,-1508,10088,CD,2,D2_pwm200_grab1
13101,-1996,-3456,7940,CD,2,D2_pwm200_grab1
13106,2776,-480,7876,CD,2,D2_pwm200_grab1
13111,8236,4692,7160,CD,2,D2_pwm200_grab1
13117,-2588,4028,14416,CD,2,D2_pwm200_grab1
13121,-1540,-4276,8236,CD,2,D2_pwm200_grab1
13127,11876,-896,17960,CD,2,D2_pwm200_grab1
13132,3108,2564,9372,CD,2,D2_pwm200_grab1
13136,-1380,-1888,7624,CD,2,D2_pwm200_grab1
13142,1496,-2356,8336,CD,2,D2_pwm200_grab1
13147,8560,3592,6128,CD,2,D2_pwm200_grab1
13152,-3276,5008,12276,CD,2,D2_pwm200_grab1
13158,-5940,-4408,9256,CD,2,D2_pwm200_grab1
13163,-5760,-28,1276,CD,2,D2_pwm200_grab1
13168,864,2064,7000,CD,2,D2_pwm200_grab1
13173,-3072,876,9860,CD,2,D2_pwm200_grab1
13177,-1484,-2340,6104,CD,2,D2_pwm200_grab1
13182,864,-1472,15180,CD,2,D2_pwm200_grab1
13187,-1836,-5544,6812,CD,2,D2_pwm200_grab1
13192,1260,2688,11600,CD,2,D2_pwm200_grab1
13198,-2060,-1412,11492,CD,2,D2_pwm200_grab1
13202,-8088,-3964,8436,CD,2,D2_pwm200_grab1
13207,-432,1952,8312,CD,2,D2_pwm200_grab1
13212,-5068,1648,10468,CD,2,D2_pwm200_grab1
13217,-5788,-4128,9216,CD,2,D2_pwm200_grab1
13223,-5424,-8760,8644,CD,2,D2_pwm200_grab1
13228,4368,-4220,8608,CD,2,D2_pwm200_grab1
13232,308,352,12812,CD,2,D2_pwm200_grab1
13237,-8160,-3628,10904,CD,2,D2_pwm200_grab1
13243,2888,-3064,9652,CD,2,D2_pwm200_grab1
13247,2756,1296,15636,CD,2,D2_pwm200_grab1
13253,76,1268,13960,CD,2,D2_pwm200_grab1
13258,2528,-760,10852,CD,2,D2_pwm200_grab1
13263,2412,-3212,7984,CD,2,D2_pwm200_grab1
13267,1764,568,13776,CD,2,D2_pwm200_grab1
13273,2660,2704,11640,CD,2,D2_pwm200_grab1
13278,1668,5472,14916,CD,2,D2_pwm200_grab1
13282,-2624,-732,9500,CD,2,D2_pwm200_grab1
13287,2604,-1768,9992,CD,2,D2_pwm200_grab1
13298,-1240,3784,14420,CD,2,D2_pwm200_grab1
13302,68,-3620,8688,CD,2,D2_pwm200_grab1
13312,2916,624,9372,CD,2,D2_pwm200_grab1
13317,-1252,1564,8848,CD,2,D2_pwm200_grab1
13323,3568,-384,8832,CD,2,D2_pwm200_grab1
13327,-720,-1668,11696,CD,2,D2_pwm200_grab1
13333,1420,328,5936,CD,2,D2_pwm200_grab1
13338,2084,3056,10016,CD,2,D2_pwm200_grab1
13342,1884,-20,13128,CD,2,D2_pwm200_grab1
13348,632,-1936,6712,CD,2,D2_pwm200_grab1
13353,36,2580,9900,CD,2,D2_pwm200_grab1
13357,824,2844,10440,CD,2,D2_pwm200_grab1
13362,680,-460,10972,CD,2,D2_pwm200_grab1
13367,-2904,-5480,9676,CD,2,D2_pwm200_grab1
13372,5084,-252,8968,CD,2,D2_pwm200_grab1
13377,2216,4020,13832,CD,2,D2_pwm200_grab1
13388,2608,-3816,8696,CD,2,D2_pwm200_grab1
13392,2268,2908,11288,CD,2,D2_pwm200_grab1
13399,2656,664,11488,CD,2,D2_pwm200_grab1
13403,-2284,-4348,11200,CD,2,D2_pwm200_grab1
13409,2252,-3112,7244,CD,2,D2_pwm200_grab1
13413,572,2540,11916,CD,2,D2_pwm200_grab1
13424,2488,-4628,9500,CD,2,D2_pwm200_grab1
13428,2896,1288,12608,CD,2,D2_pwm200_grab1
13434,-1172,1032,13236,CD,2,D2_pwm200_grab1
13438,-1416,-2556,8932,CD,2,D2_pwm200_grab1
13443,-3388,-368,11128,CD,2,D2_pwm200_grab1
13449,2880,-5856,4168,CD,2,D2_pwm200_grab1
13454,96,292,7860,CD,2,D2_pwm200_grab1
13458,1800,4928,12784,CD,2,D2_pwm200_grab1
13463,-3068,-3712,7444,CD,2,D2_pwm200_grab1
13469,1144,112,8592,CD,2,D2_pwm200_grab1
13473,7128,4556,8704,CD,2,D2_pwm200_grab1
13479,-2660,2068,15404,CD,2,D2_pwm200_grab1
13483,-2364,-312,10824,CD,2,D2_pwm200_grab1
13488,-320,-1216,10428,CD,2,D2_pwm200_grab1
13494,1384,2168,7808,CD,2,D2_pwm200_grab1
13498,-1896,1940,10884,CD,2,D2_pwm200_grab1
13503,2504,-360,7580,CD,2,D2_pwm200_grab1
13508,-2972,-1908,8120,CD,2,D2_pwm200_grab1
13514,1032,-720,7852,CD,2,D2_pwm200_grab1
13518,1272,1836,11032,CD,2,D2_pwm200_grab1
13523,548,-812,12476,CD,2,D2_pwm200_grab1
13533,1620,-1236,10744,CD,2,D2_pwm200_grab1
13538,-1504,3364,11048,CD,2,D2_pwm200_grab1
13543,-2428,-1456,8088,CD,2,D2_pwm200_grab1
13549,-4524,-6872,11212,CD,2,D2_pwm200_grab1
13554,6252,912,12392,CD,2,D2_pwm200_grab1
13559,-288,3352,13936,CD,2,D2_pwm200_grab1
13564,-8924,-3124,11804,CD,2,D2_pwm200_grab1
13568,4136,848,13044,CD,2,D2_pwm200_grab1
13573,-2648,-1440,12552,CD,2,D2_pwm200_grab1
13578,-1944,1752,9124,CD,2,D2_pwm200_grab1
13584,8396,4032,10608,CD,2,D2_pwm200_grab1
13588,1888,-1384,10872,CD,2,D2_pwm200_grab1
13593,1136,-1560,6384,CD,2,D2_pwm200_grab1
13604,4416,804,14504,CD,2,D2_pwm200_grab1
13608,-1852,-2420,9004,CD,2,D2_pwm200_grab1
13614,2020,-1408,8844,CD,2,D2_pwm200_grab1
13619,8600,5492,8208,CD,2,D2_pwm200_grab1
13623,-3116,4768,14232,CD,2,D2_pwm200_grab1
13628,-4608,-3928,8304,CD,2,D2_pwm200_grab1
13634,40,-1448,4884,CD,2,D2_pwm200_grab1
13639,2052,3652,9436,CD,2,D2_pwm200_grab1
13643,-3128,-1156,9296,CD,2,D2_pwm200_grab1
13648,2132,-1664,7792,CD,2,D2_pwm200_grab1
13654,4152,2128,13268,CD,2,D2_pwm200_grab1
13659,1216,5056,7880,CD,2,D2_pwm200_grab1
13665,-4880,-3264,7668,CD,2,D2_pwm200_grab1
13670,4072,-700,8356,CD,2,D2_pwm200_grab1
13675,-428,3104,6276,CD,2,D2_pwm200_grab1
13679,-644,1896,8200,CD,2,D2_pwm200_grab1
13684,2240,-1528,6744,CD,2,D2_pwm200_grab1
13689,-268,-1488,9344,CD,2,D2_pwm200_grab1
13696,96,-44,8848,CD,2,D2_pwm200_grab1
13700,3552,28,11964,CD,2,D2_pwm200_grab1
13704,-2572,-552,10356,CD,2,D2_pwm200_grab1
13710,-10976,-4940,6772,CD,2,D2_pwm200_grab1
13715,424,-2028,9124,CD,2,D2_pwm200_grab1
13719,-2748,2392,11056,CD,2,D2_pwm200_grab1
13725,-8100,-2272,4752,CD,2,D2_pwm200_grab1
13729,-4384,-8116,10080,CD,2,D2_pwm200_grab1
13734,2824,-540,10356,CD,2,D2_pwm200_grab1
13740,-1412,-1256,11660,CD,2,D2_pwm200_grab1
13744,-2176,476,7332,CD,2,D2_pwm200_grab1
13750,2436,-820,10108,CD,2,D2_pwm200_grab1
13754,-2472,-196,12628,CD,2,D2_pwm200_grab1
13759,-2992,472,8788,CD,2,D2_pwm200_grab1
13765,5932,2816,12608,CD,2,D2_pwm200_grab1
13769,-808,-3764,8936,CD,2,D2_pwm200_grab1
13774,60,-1640,8644,CD,2,D2_pwm200_grab1
13779,5220,1420,16428,CD,2,D2_pwm200_grab1
13784,3380,6672,15728,CD,2,D2_pwm200_grab1
13789,-1956,-1492,9336,CD,2,D2_pwm200_grab1
13794,1392,-1104,8556,CD,2,D2_pwm200_grab1
13799,8032,3280,9116,CD,2,D2_pwm200_grab1
13804,-2788,5020,16756,CD,2,D2_pwm200_grab1
13809,-5132,-3400,10388,CD,2,D2_pwm200_grab1
13815,2892,-1468,8076,CD,2,D2_pwm200_grab1
13820,2932,3856,9848,CD,2,D2_pwm200_grab1
13824,-592,2892,10544,CD,2,D2_pwm200_grab1
13829,2284,1208,14632,CD,2,D2_pwm200_grab1
13835,228,-2804,9368,CD,2,D2_pwm200_grab1
13839,-1900,-4760,7468,CD,2,D2_pwm200_grab1
13844,5368,3672,12440,CD,2,D2_pwm200_grab1
13849,1332,988,12064,CD,2,D2_pwm200_grab1
13855,-4052,-2364,9552,CD,2,D2_pwm200_grab1
13859,424,1336,7816,CD,2,D2_pwm200_grab1
13864,108,1736,13812,CD,2,D2_pwm200_grab1
13869,1408,1060,12584,CD,2,D2_pwm200_grab1
13874,-3052,-3812,11412,CD,2,D2_pwm200_grab1
13879,6912,-3448,6868,CD,2,D2_pwm200_grab1
13884,1408,3512,11996,CD,2,D2_pwm200_grab1
13889,-6788,-3208,7468,CD,2,D2_pwm200_grab1
13895,2844,-4872,8892,CD,2,D2_pwm200_grab1
13900,2480,984,12432,CD,2,D2_pwm200_grab1
13905,-1268,1008,13576,CD,2,D2_pwm200_grab1
13910,4832,992,7200,CD,2,D2_pwm200_grab1
13915,2788,-5192,4884,CD,2,D2_pwm200_grab1
13921,2136,-328,10872,CD,2,D2_pwm200_grab1
13925,-2412,372,6112,CD,2,D2_pwm200_grab1
13930,3612,-1816,9616,CD,2,D2_pwm200_grab1
13935,-3112,-500,12496,CD,2,D2_pwm200_grab1
13941,-736,1792,9212,CD,2,D2_pwm200_grab1
13945,6136,640,10496,CD,2,D2_pwm200_grab1
13952,-628,-2436,7048,CD,2,D2_pwm200_grab1
13955,1432,-5476,6600,CD,2,D2_pwm200_grab1
13961,9304,-84,17860,CD,2,D2_pwm200_grab1
13965,1260,5444,12320,CD,2,D2_pwm200_grab1
13970,-3432,-376,9752,CD,2,D2_pwm200_grab1
13975,-364,-2216,6992,CD,2,D2_pwm200_grab1
13980,7632,3800,7584,CD,2,D2_pwm200_grab1
13985,-5180,2588,15908,CD,2,D2_pwm200_grab1
13990,-5868,-5860,9236,CD,2,D2_pwm200_grab1
13996,-600,-1540,12540,CD,2,D2_pwm200_grab1
14000,-2164,-1084,7676,CD,2,D2_pwm200_grab1
14005,-1272,2312,10004,CD,2,D2_pwm200_grab1
14010,-424,580,11500,CD,2,D2_pwm200_grab1
14016,-880,-2768,9728,CD,2,D2_pwm200_grab1
14020,-2784,-4460,7768,CD,2,D2_pwm200_grab1
14026,3920,5000,14456,CD,2,D2_pwm200_grab1
14031,-1468,144,12988,CD,2,D2_pwm200_grab1
14035,-1808,-1392,9720,CD,2,D2_pwm200_grab1
14041,3532,-2820,10576,CD,2,D2_pwm200_grab1
14046,2484,3520,13312,CD,2,D2_pwm200_grab1
14051,2012,764,14052,CD,2,D2_pwm200_grab1
14055,-2360,-5024,11060,CD,2,D2_pwm200_grab1
14060,4768,-1924,9832,CD,2,D2_pwm200_grab1
14065,96,2392,14660,CD,2,D2_pwm200_grab1
14076,3560,-3016,10464,CD,2,D2_pwm200_grab1
14081,-2360,-1608,9684,CD,2,D2_pwm200_grab1
14085,1288,-240,9780,CD,2,D2_pwm200_grab1
14096,-592,1496,13180,CD,2,D2_pwm200_grab1
14106,2104,3256,11152,CD,2,D2_pwm200_grab1
14111,944,4004,14236,CD,2,D2_pwm200_grab1
14116,-1532,-3344,7808,CD,2,D2_pwm200_grab1
14121,2628,-140,9544,CD,2,D2_pwm200_grab1
14125,1192,-1660,15752,CD,2,D2_pwm200_grab1
14130,1276,4740,7788,CD,2,D2_pwm200_grab1
14135,632,2196,10328,CD,2,D2_pwm200_grab1
14141,3932,-136,9396,CD,2,D2_pwm200_grab1
14145,3672,-616,8336,CD,2,D2_pwm200_grab1
14150,-408,2596,8760,CD,2,D2_pwm200_grab1
14155,3772,356,9008,CD,2,D2_pwm200_grab1
14160,288,-764,8448,CD,2,D2_pwm200_grab1
14166,-320,-32,6656,CD,2,D2_pwm200_grab1
14172,1688,2356,10600,CD,2,D2_pwm200_grab1
14177,640,-736,10992,CD,2,D2_pwm200_grab1
14181,-1692,-1432,5664,CD,2,D2_pwm200_grab1
14186,-784,1280,9268,CD,2,D2_pwm200_grab1
14192,1316,1032,11040,CD,2,D2_pwm200_grab1
14196,-2152,-4436,10836,CD,2,D2_pwm200_grab1
14201,-1668,-4160,4796,CD,2,D2_pwm200_grab1
14206,2800,2980,11544,CD,2,D2_pwm200_grab1
14212,-1724,892,11804,CD,2,D2_pwm200_grab1
14222,2296,-3828,9824,CD,2,D2_pwm200_grab1
14227,3460,3676,10652,CD,2,D2_pwm200_grab1
14232,240,1080,12628,CD,2,D2_pwm200_grab1
14236,-1468,-3464,7940,CD,2,D2_pwm200_grab1
14242,3248,-4696,7772,CD,2,D2_pwm200_grab1
14246,64,-124,11560,CD,2,D2_pwm200_grab1
14252,3444,2052,15496,CD,2,D2_pwm200_grab1
14257,-528,3468,14664,CD,2,D2_pwm200_grab1
14261,-4044,-2820,9976,CD,2,D2_pwm200_grab1
14266,1048,-8,8400,CD,2,D2_pwm200_grab1
14271,8088,4856,13348,CD,2,D2_pwm200_grab1
14276,-2756,1024,14784,CD,2,D2_pwm200_grab1
14282,2528,-5708,4704,CD,2,D2_pwm200_grab1
14286,1488,2364,13720,CD,2,D2_pwm200_grab1
14291,540,6960,15804,CD,2,D2_pwm200_grab1
14297,-4008,3260,11348,CD,2,D2_pwm200_grab1
14301,1032,-1756,8412,CD,2,D2_pwm200_grab1
14307,-936,-2996,13152,CD,2,D2_pwm200_grab1
14311,772,1816,8728,CD,2,D2_pwm200_grab1
14317,924,1572,11296,CD,2,D2_pwm200_grab1
14321,1452,832,11164,CD,2,D2_pwm200_grab1
14326,396,912,9652,CD,2,D2_pwm200_grab1
14331,-664,2036,10268,CD,2,D2_pwm200_grab1
14337,-2972,2476,11688,CD,2,D2_pwm200_grab1
14341,-6972,-1864,5132,CD,2,D2_pwm200_grab1
14347,-3452,-7064,10096,CD,2,D2_pwm200_grab1
14352,5944,2568,12856,CD,2,D2_pwm200_grab1
14357,-1236,3024,11492,CD,2,D2_pwm200_grab1
14362,-8312,-4632,10004,CD,2,D2_pwm200_grab1
14367,3468,-3256,10612,CD,2,D2_pwm200_grab1
14371,964,2600,9752,CD,2,D2_pwm200_grab1
14377,3200,-316,13200,CD,2,D2_pwm200_grab1
14381,7980,3768,9496,CD,2,D2_pwm200_grab1
14387,2376,-1260,9608,CD,2,D2_pwm200_grab1
14391,1672,-1364,8372,CD,2,D2_pwm200_grab1
14396,5832,512,13128,CD,2,D2_pwm200_grab1
14401,4564,732,13700,CD,2,D2_pwm200_grab1
14406,-2060,-3728,9388,CD,2,D2_pwm200_grab1
14411,124,900,7344,CD,2,D2_pwm200_grab1
14417,9200,6420,13896,CD,2,D2_pwm200_grab1
14423,64,-1392,9644,CD,2,D2_pwm200_grab1
14432,3768,-148,11528,CD,2,D2_pwm200_grab1
14437,-996,3828,12608,CD,2,D2_pwm200_grab1
14443,-2172,-3288,6168,CD,2,D2_pwm200_grab1
14447,2380,-1088,9392,CD,2,D2_pwm200_grab1
14452,8016,5608,9304,CD,2,D2_pwm200_grab1
14458,-2992,2028,13872,CD,2,D2_pwm200_grab1
14464,3500,-5876,4116,CD,2,D2_pwm200_grab1
14467,2672,-1688,7316,CD,2,D2_pwm200_grab1
14472,-432,3660,6252,CD,2,D2_pwm200_grab1
14477,-1960,1956,8268,CD,2,D2_pwm200_grab1
14482,1684,-344,6512,CD,2,D2_pwm200_grab1
14488,-708,-2008,9576,CD,2,D2_pwm200_grab1
14493,-288,-84,8676,CD,2,D2_pwm200_grab1
14497,-184,1476,10104,CD,2,D2_pwm200_grab1
14502,-956,-2332,11168,CD,2,D2_pwm200_grab1
14508,-10424,-4836,7788,CD,2,D2_pwm200_grab1
14512,-656,-1700,9744,CD,2,D2_pwm200_grab1
14518,-3280,2824,9996,CD,2,D2_pwm200_grab1
14522,-7804,-1676,5672,CD,2,D2_pwm200_grab1
14527,-4224,-8212,10292,CD,2,D2_pwm200_grab1
14533,4820,-716,11732,CD,2,D2_pwm200_grab1
14537,-2672,504,11816,CD,2,D2_pwm200_grab1
14542,-10744,-3356,12608,CD,2,D2_pwm200_grab1
14547,3072,-2500,10180,CD,2,D2_pwm200_grab1
14552,-3516,-628,11684,CD,2,D2_pwm200_grab1
14558,-2424,252,8872,CD,2,D2_pwm200_grab1
14562,7420,3556,13492,CD,2,D2_pwm200_grab1
14567,1272,-3176,10192,CD,2,D2_pwm200_grab1
14572,248,-880,8944,CD,2,D2_pwm200_grab1
14577,5936,664,15856,CD,2,D2_pwm200_grab1
14582,4276,1860,14264,CD,2,D2_pwm200_grab1
14587,-2832,-1164,11396,CD,2,D2_pwm200_grab1
14592,-532,-1804,7548,CD,2,D2_pwm200_grab1
14597,8212,3288,8628,CD,2,D2_pwm200_grab1
14602,-2736,4764,14192,CD,2,D2_pwm200_grab1
14607,-4652,-3288,9272,CD,2,D2_pwm200_grab1
14613,-4400,624,5136,CD,2,D2_pwm200_grab1
14617,3040,3756,10688,CD,2,D2_pwm200_grab1
14622,-2608,2276,10600,CD,2,D2_pwm200_grab1
14627,1268,-2000,9500,CD,2,D2_pwm200_grab1
14633,5032,2244,13312,CD,2,D2_pwm200_grab1
14637,-1232,-3480,6704,CD,2,D2_pwm200_grab1
14642,4944,3596,14288,CD,2,D2_pwm200_grab1
14648,504,940,10748,CD,2,D2_pwm200_grab1
14653,-5088,-2668,9912,CD,2,D2_pwm200_grab1
14657,852,712,8480,CD,2,D2_pwm200_grab1
14662,-1808,1144,13992,CD,2,D2_pwm200_grab1
14668,-6440,-4660,8152,CD,2,D2_pwm200_grab1
14673,-1852,-7716,6972,CD,2,D2_pwm200_grab1
14679,4112,2308,12620,CD,2,D2_pwm200_grab1
14683,56,2944,10720,CD,2,D2_pwm200_grab1
14688,-8524,-5016,6236,CD,2,D2_pwm200_grab1
14693,1244,-2468,8536,CD,2,D2_pwm200_grab1
14699,-3212,1704,10296,CD,2,D2_pwm200_grab1
14704,592,984,8580,CD,2,D2_pwm200_grab1
14708,-3920,-7420,9484,CD,2,D2_pwm200_grab1
14713,5868,-812,9508,CD,2,D2_pwm200_grab1
14718,-2900,996,9676,CD,2,D2_pwm200_grab1
14723,1568,728,5392,CD,2,D2_pwm200_grab1
14729,3320,-2908,8584,CD,2,D2_pwm200_grab1
14733,-3216,-2888,11636,CD,2,D2_pwm200_grab1
14738,-908,704,9900,CD,2,D2_pwm200_grab1
14743,7072,3356,11764,CD,2,D2_pwm200_grab1
14749,-1196,-3416,7000,CD,2,D2_pwm200_grab1
14753,-1404,-4152,5368,CD,2,D2_pwm200_grab1
14758,3700,-1616,10088,CD,2,D2_pwm200_grab1
14764,1916,3476,10096,CD,2,D2_pwm200_grab1
14768,-2460,-480,8504,CD,2,D2_pwm200_grab1
14773,-36,-1584,6484,CD,2,D2_pwm200_grab1
14779,8448,2400,7352,CD,2,D2_pwm200_grab1
14783,-5044,3988,12992,CD,2,D2_pwm200_grab1
14788,-4496,-4376,10152,CD,2,D2_pwm200_grab1
14794,-5812,-1540,3356,CD,2,D2_pwm200_grab1
14798,2104,3764,10532,CD,2,D2_pwm200_grab1
14804,-3316,556,10264,CD,2,D2_pwm200_grab1
14808,828,632,11116,CD,2,D2_pwm200_grab1
14814,-1960,-2920,11244,CD,2,D2_pwm200_grab1
14819,-1052,-4720,7468,CD,2,D2_pwm200_grab1
14823,2408,3512,14884,CD,2,D2_pwm200_grab1
14828,-24,916,14076,CD,2,D2_pwm200_grab1
14833,-4600,-2136,10140,CD,2,D2_pwm200_grab1
14839,64,2876,10760,CD,2,D2_pwm200_grab1
14843,-2520,1840,14500,CD,2,D2_pwm200_grab1
14848,2168,-684,13584,CD,2,D2_pwm200_grab1
14854,-1240,-3916,11164,CD,2,D2_pwm200_grab1
14859,6776,-2880,8616,CD,2,D2_pwm200_grab1
14864,2324,2300,15180,CD,2,D2_pwm200_grab1
14868,-8904,-2988,9948,CD,2,D2_pwm200_grab1
14874,4292,-2280,10720,CD,2,D2_pwm200_grab1
14878,4628,2076,14272,CD,2,D2_pwm200_grab1
14883,28,796,13400,CD,2,D2_pwm200_grab1
14888,2248,592,9304,CD,2,D2_pwm200_grab1
14893,480,1448,12688,CD,2,D2_pwm200_grab1
14898,1508,-3768,568,CD,2,D2_pwm200_grab1
14904,3536,1640,9404,CD,2,D2_pwm200_grab1
14909,-792,3120,13152,CD,2,D2_pwm200_grab1
14913,-1920,-2140,8112,CD,2,D2_pwm200_grab1
14919,2624,-604,10036,CD,2,D2_pwm200_grab1
14923,9220,5604,7052,CD,2,D2_pwm200_grab1
14928,-2672,2844,14168,CD,2,D2_pwm200_grab1
14934,3064,-2912,7316,CD,2,D2_pwm200_grab1
14939,4880,4096,14660,CD,2,D2_pwm200_grab1
14944,3616,4784,13484,CD,2,D2_pwm200_grab1
14949,-2416,-2940,7624,CD,2,D2_pwm200_grab1
14954,3248,-892,8664,CD,2,D2_pwm200_grab1
14960,9256,3348,6420,CD,2,D2_pwm200_grab1
14965,-1576,5840,12460,CD,2,D2_pwm200_grab1
14970,-3408,-4560,8840,CD,2,D2_pwm200_grab1
14974,1568,-1796,6500,CD,2,D2_pwm200_grab1
14980,-276,-1416,6060,CD,2,D2_pwm200_grab1
14985,-1152,552,9948,CD,2,D2_pwm200_grab1
14990,512,312,8268,CD,2,D2_pwm200_grab1
14994,-2096,-2752,8400,CD,2,D2_pwm200_grab1
15000,-2124,-3984,5824,CD,2,D2_pwm200_grab1
15005,1708,1188,11448,CD,2,D2_pwm200_grab1
15010,-2228,-1896,11244,CD,2,D2_pwm200_grab1
15015,-5208,-1864,8644,CD,2,D2_pwm200_grab1
15019,2380,-2612,9484,CD,2,D2_pwm200_grab1
15024,896,2240,8864,CD,2,D2_pwm200_grab1
15030,3456,1140,13488,CD,2,D2_pwm200_grab1
15034,-4396,-4996,9300,CD,2,D2_pwm200_grab1
15040,3848,-2900,9608,CD,2,D2_pwm200_grab1
15045,-368,828,13172,CD,2,D2_pwm200_grab1
15049,-10476,-3004,11740,CD,2,D2_pwm200_grab1
15055,2964,-3884,9480,CD,2,D2_pwm200_grab1
15059,4416,3912,13492,CD,2,D2_pwm200_grab1
15064,-476,340,8396,CD,2,D2_pwm200_grab1
15070,7884,3776,14396,CD,2,D2_pwm200_grab1
15074,-1396,452,14172,CD,2,D2_pwm200_grab1
15085,3016,-44,10748,CD,2,D2_pwm200_grab1
15095,-2612,-3084,8444,CD,2,D2_pwm200_grab1
15100,1384,48,9344,CD,2,D2_pwm200_grab1
15109,-468,5012,10184,CD,2,D2_pwm200_grab1
15115,-3956,-716,9320,CD,2,D2_pwm200_grab1
15120,-2588,2708,5576,CD,2,D2_pwm200_grab1
15125,2008,5156,9748,CD,2,D2_pwm200_grab1
15129,-2028,1380,9252,CD,2,D2_pwm200_grab1
15134,2112,-448,8088,CD,2,D2_pwm200_grab1
15144,548,820,8688,CD,2,D2_pwm200_grab1
15149,6116,2224,14916,CD,2,D2_pwm200_grab1
15155,1112,2496,11244,CD,2,D2_pwm200_grab1
15159,-6172,-2792,9164,CD,2,D2_pwm200_grab1
15164,900,-240,9088,CD,2,D2_pwm200_grab1
15170,-2424,916,13764,CD,2,D2_pwm200_grab1
15175,-7532,-1868,5384,CD,2,D2_pwm200_grab1
15179,-3656,-7744,8584,CD,2,D2_pwm200_grab1
15184,7504,-28,11296,CD,2,D2_pwm200_grab1
15191,-1500,1552,8292,CD,2,D2_pwm200_grab1
15196,-8968,-4952,8172,CD,2,D2_pwm200_grab1
15200,100,-2920,8100,CD,2,D2_pwm200_grab1
15205,-1184,3248,8620,CD,2,D2_pwm200_grab1
15210,-4872,-1352,7656,CD,2,D2_pwm200_grab1
15215,-1296,-4764,7944,CD,2,D2_pwm200_grab1
15221,4400,-2760,8240,CD,2,D2_pwm200_grab1
15225,248,1160,10744,CD,2,D2_pwm200_grab1
15235,3348,-896,11236,CD,2,D2_pwm200_grab1
15240,-2428,-1628,9816,CD,2,D2_pwm200_grab1
15245,-1984,128,9948,CD,2,D2_pwm200_grab1
15250,8412,4640,10244,CD,2,D2_pwm200_grab1
15255,-432,-3444,8592,CD,2,D2_pwm200_grab1
15261,-1928,-3368,9072,CD,2,D2_pwm200_grab1
15266,4328,-1788,12120,CD,2,D2_pwm200_grab1
15270,2972,1260,13632,CD,2,D2_pwm200_grab1
15276,-2328,-1900,7616,CD,2,D2_pwm200_grab1
15281,1376,-1936,7164,CD,2,D2_pwm200_grab1
15285,8768,2088,8552,CD,2,D2_pwm200_grab1
15291,-2636,3888,11604,CD,2,D2_pwm200_grab1
15296,-5756,-4240,9816,CD,2,D2_pwm200_grab1
15301,-4156,-1820,3532,CD,2,D2_pwm200_grab1
15305,992,3308,10172,CD,2,D2_pwm200_grab1
15311,-3404,1196,10296,CD,2,D2_pwm200_grab1
15316,-1448,-1632,6728,CD,2,D2_pwm200_grab1
15321,-3412,-3332,8548,CD,2,D2_pwm200_grab1
15325,-412,-4812,7424,CD,2,D2_pwm200_grab1
15330,1260,1972,11860,CD,2,D2_pwm200_grab1
15335,-824,-716,12056,CD,2,D2_pwm200_grab1
15340,-5152,-2168,10064,CD,2,D2_pwm200_grab1
15346,516,2236,9748,CD,2,D2_pwm200_grab1
15351,-3196,1452,13520,CD,2,D2_pwm200_grab1
15355,-2420,-3244,13844,CD,2,D2_pwm200_grab1
15361,-2448,-4868,9720,CD,2,D2_pwm200_grab1
15366,6584,-2080,9944,CD,2,D2_pwm200_grab1
15370,1336,2612,14092,CD,2,D2_pwm200_grab1
15375,-8900,-1816,12732,CD,2,D2_pwm200_grab1
15380,4128,-3012,9972,CD,2,D2_pwm200_grab1
15385,5616,3280,13236,CD,2,D2_pwm200_grab1
15390,-484,308,13656,CD,2,D2_pwm200_grab1
15395,-1016,-1868,10388,CD,2,D2_pwm200_grab1
15400,5488,-2632,7300,CD,2,D2_pwm200_grab1
15405,-312,-3004,2984,CD,2,D2_pwm200_grab1
15410,4660,1988,15748,CD,2,D2_pwm200_grab1
15415,2152,1136,15468,CD,2,D2_pwm200_grab1
15420,-2092,-2344,9568,CD,2,D2_pwm200_grab1
15426,2056,-284,9676,CD,2,D2_pwm200_grab1
15431,8544,5676,12724,CD,2,D2_pwm200_grab1
15436,1164,852,11960,CD,2,D2_pwm200_grab1
15440,4108,-3340,2432,CD,2,D2_pwm200_grab1
15446,4480,-248,10760,CD,2,D2_pwm200_grab1
15451,444,4652,13824,CD,2,D2_pwm200_grab1
15456,-2280,-2140,6816,CD,2,D2_pwm200_grab1
15462,2816,-364,10060,CD,2,D2_pwm200_grab1
15466,9160,5908,6092,CD,2,D2_pwm200_grab1
15471,-2872,4260,14964,CD,2,D2_pwm200_grab1
15477,5372,-4200,4436,CD,2,D2_pwm200_grab1
15481,5884,4144,15108,CD,2,D2_pwm200_grab1
15488,1336,4776,12324,CD,2,D2_pwm200_grab1
15491,-1616,2224,8028,CD,2,D2_pwm200_grab1
15497,2244,-892,7136,CD,2,D2_pwm200_grab1
15502,2296,352,8912,CD,2,D2_pwm200_grab1
15507,-1032,-496,7832,CD,2,D2_pwm200_grab1
15511,696,1552,10584,CD,2,D2_pwm200_grab1
15517,304,-1584,10308,CD,2,D2_pwm200_grab1
15521,80,-1188,6104,CD,2,D2_pwm200_grab1
15527,-2864,2872,10380,CD,2,D2_pwm200_grab1
15531,-3884,1112,10852,CD,2,D2_pwm200_grab1
15536,-10700,-2776,4816,CD,2,D2_pwm200_grab1
15541,-3452,-8048,9548,CD,2,D2_pwm200_grab1
15546,3128,-372,9996,CD,2,D2_pwm200_grab1
15552,-3572,-24,9172,CD,2,D2_pwm200_grab1
15562,608,-2372,8976,CD,2,D2_pwm200_grab1
15566,-4788,2092,8504,CD,2,D2_pwm200_grab1
15571,1432,616,12476,CD,2,D2_pwm200_grab1
15577,2780,1288,13220,CD,2,D2_pwm200_grab1
15582,824,-4124,8016,CD,2,D2_pwm200_grab1
15586,156,-776,13452,CD,2,D2_pwm200_grab1
15591,2324,224,8664,CD,2,D2_pwm200_grab1
15596,3980,-272,11328,CD,2,D2_pwm200_grab1
15601,-4032,-1748,12652,CD,2,D2_pwm200_grab1
15607,-556,260,11912,CD,2,D2_pwm200_grab1
15611,5628,3116,13152,CD,2,D2_pwm200_grab1
15622,516,-3600,9500,CD,2,D2_pwm200_grab1
15631,3264,5352,13280,CD,2,D2_pwm200_grab1
15636,-740,-1560,7972,CD,2,D2_pwm200_grab1
15642,1676,-1724,9124,CD,2,D2_pwm200_grab1
15652,-2312,5048,13108,CD,2,D2_pwm200_grab1
15657,-2716,-2720,8908,CD,2,D2_pwm200_grab1
15661,1640,-652,13960,CD,2,D2_pwm200_grab1
15667,1396,-532,8336,CD,2,D2_pwm200_grab1
15671,-956,1896,10196,CD,2,D2_pwm200_grab1
15677,3884,704,9520,CD,2,D2_pwm200_grab1
15682,-956,-2444,6644,CD,2,D2_pwm200_grab1
15686,1784,-1592,4976,CD,2,D2_pwm200_grab1
15691,3120,4476,13200,CD,2,D2_pwm200_grab1
15696,1780,-1104,12500,CD,2,D2_pwm200_grab1
15703,220,-2840,8360,CD,2,D2_pwm200_grab1
15707,528,1724,8876,CD,2,D2_pwm200_grab1
15712,1700,700,15628,CD,2,D2_pwm200_grab1
15717,-312,-1568,9124,CD,2,D2_pwm200_grab1
15722,-1640,-5404,8332,CD,2,D2_pwm200_grab1
15727,2600,3080,12144,CD,2,D2_pwm200_grab1
15732,-88,984,8864,CD,2,D2_pwm200_grab1
15738,-4672,-3068,8096,CD,2,D2_pwm200_grab1
15742,484,128,8776,CD,2,D2_pwm200_grab1
15747,2304,2272,10116,CD,2,D2_pwm200_grab1
15753,2064,552,10116,CD,2,D2_pwm200_grab1
15757,-2340,-5008,9448,CD,2,D2_pwm200_grab1
15762,4592,-3172,4992,CD,2,D2_pwm200_grab1
15768,456,1176,13648,CD,2,D2_pwm200_grab1
15778,3280,-3672,8888,CD,2,D2_pwm200_grab1
15782,3264,1968,11128,CD,2,D2_pwm200_grab1
15788,-2572,-1432,6980,CD,2,D2_pwm200_grab1
15793,8428,3060,13560,CD,2,D2_pwm200_grab1
15797,-3892,-1084,11592,CD,2,D2_pwm200_grab1
15807,2804,1396,14564,CD,2,D2_pwm200_grab1
15812,-1012,3456,14456,CD,2,D2_pwm200_grab1
15817,-3632,-2876,10680,CD,2,D2_pwm200_grab1
15822,1172,112,8132,CD,2,D2_pwm200_grab1
15827,7628,3740,13228,CD,2,D2_pwm200_grab1
15832,-2668,2456,9864,CD,2,D2_pwm200_grab1
15837,-3792,-1920,9588,CD,2,D2_pwm200_grab1
15842,-1912,644,8100,CD,2,D2_pwm200_grab1
15847,140,3400,7036,CD,2,D2_pwm200_grab1
15852,-3864,2876,11244,CD,2,D2_pwm200_grab1
15857,2008,824,6372,CD,2,D2_pwm200_grab1
15862,232,-1452,15316,CD,2,D2_pwm200_grab1
15867,-672,-1028,8284,CD,2,D2_pwm200_grab1
15872,3928,3016,15784,CD,2,D2_pwm200_grab1
15878,-1908,488,11716,CD,2,D2_pwm200_grab1
15883,-5736,-1928,9372,CD,2,D2_pwm200_grab1
15887,420,-816,11116,CD,2,D2_pwm200_grab1
15892,-3612,1156,14152,CD,2,D2_pwm200_grab1
15897,-10364,-2816,5784,CD,2,D2_pwm200_grab1
15908,6468,172,12316,CD,2,D2_pwm200_grab1
15912,-328,2904,10592,CD,2,D2_pwm200_grab1
15917,-5908,-520,8216,CD,2,D2_pwm200_grab1
15923,4212,-3068,9516,CD,2,D2_pwm200_grab1
15927,1116,252,13936,CD,2,D2_pwm200_grab1
15932,252,1392,13236,CD,2,D2_pwm200_grab1
15938,4252,1388,11296,CD,2,D2_pwm200_grab1
15943,5448,-952,7320,CD,2,D2_pwm200_grab1
15947,1112,916,13376,CD,2,D2_pwm200_grab1
15952,-272,1340,6164,CD,2,D2_pwm200_grab1
15958,4112,-556,12112,CD,2,D2_pwm200_grab1
15963,-636,-1120,11892,CD,2,D2_pwm200_grab1
15968,536,76,11732,CD,2,D2_pwm200_grab1
15974,5648,2808,11304,CD,2,D2_pwm200_grab1
15978,3988,-2340,8916,CD,2,D2_pwm200_grab1
15984,180,-604,10156,CD,2,D2_pwm200_grab1
15989,6172,-1044,10068,CD,2,D2_pwm200_grab1
15993,3376,-116,12272,CD,2,D2_pwm200_grab1
15998,-2764,-1440,10652,CD,2,D2_pwm200_grab1
16004,2560,-340,8412,CD,2,D2_pwm200_grab1
16008,8800,4552,8000,CD,2,D2_pwm200_grab1
16014,-4144,3156,13808,CD,2,D2_pwm200_grab1
16019,-1904,-4068,7840,CD,2,D2_pwm200_grab1
16029,2096,2460,10600,CD,2,D2_pwm200_grab1
16033,-1528,-1924,6232,CD,2,D2_pwm200_grab1
16038,1932,-1780,8684,CD,2,D2_pwm200_grab1
16043,-304,532,7916,CD,2,D2_pwm200_grab1
16048,-320,-880,5084,CD,2,D2_pwm200_grab1
16054,924,-300,11908,CD,2,D2_pwm200_grab1
16058,-824,-2888,10972,CD,2,D2_pwm200_grab1
16063,-784,-224,6636,CD,2,D2_pwm200_grab1
16069,-1120,384,9336,CD,2,D2_pwm200_grab1
16073,2000,1672,8592,CD,2,D2_pwm200_grab1
16078,-2140,-3156,4356,CD,2,D2_pwm200_grab1
16083,-524,-2748,7400,CD,2,D2_pwm200_grab1
16088,4396,-1848,10780,CD,2,D2_pwm200_grab1
16094,-3736,884,11168,CD,2,D2_pwm200_grab1
16103,1164,-2268,10676,CD,2,D2_pwm200_grab1
16108,-584,2652,8776,CD,2,D2_pwm200_grab1
16114,-2432,-1644,10180,CD,2,D2_pwm200_grab1
16118,-3444,-6732,9892,CD,2,D2_pwm200_grab1
16123,6268,-1568,10872,CD,2,D2_pwm200_grab1
16129,-1680,-780,13640,CD,2,D2_pwm200_grab1
16133,756,1636,7492,CD,2,D2_pwm200_grab1
16138,3496,1004,13544,CD,2,D2_pwm200_grab1
16143,-1904,-1216,13064,CD,2,D2_pwm200_grab1
16149,-2024,88,9180,CD,2,D2_pwm200_grab1
16153,6352,2848,12680,CD,2,D2_pwm200_grab1
16158,1808,-2872,11764,CD,2,D2_pwm200_grab1
16163,304,84,10180,CD,2,D2_pwm200_grab1
16168,6468,-328,13632,CD,2,D2_pwm200_grab1
16173,3796,5856,14776,CD,2,D2_pwm200_grab1
16178,-1504,-2172,7904,CD,2,D2_pwm200_grab1
16184,2596,-868,9548,CD,2,D2_pwm200_grab1
16193,-2652,5204,15268,CD,2,D2_pwm200_grab1
16199,-1784,-3428,8788,CD,2,D2_pwm200_grab1
16208,2944,3572,12460,CD,2,D2_pwm200_grab1
16214,-1304,-2768,7344,CD,2,D2_pwm200_grab1
16220,2792,-1636,9756,CD,2,D2_pwm200_grab1
16225,10072,3852,9776,CD,2,D2_pwm200_grab1
16230,-232,5660,10568,CD,2,D2_pwm200_grab1
16234,-4084,-4264,7860,CD,2,D2_pwm200_grab1
16240,2516,-1576,8644,CD,2,D2_pwm200_grab1
16245,2060,1956,9416,CD,2,D2_pwm200_grab1
16249,-792,252,8420,CD,2,D2_pwm200_grab1
16254,1700,-1644,8736,CD,2,D2_pwm200_grab1
16260,-1252,-2160,6348,CD,2,D2_pwm200_grab1
16265,-132,-2180,4816,CD,2,D2_pwm200_grab1
16269,2076,3312,10952,CD,2,D2_pwm200_grab1
16275,-212,-2620,11196,CD,2,D2_pwm200_grab1
16280,-2612,-2604,6440,CD,2,D2_pwm200_grab1
16284,-652,412,9024,CD,2,D2_pwm200_grab1
16290,2264,656,14056,CD,2,D2_pwm200_grab1
16294,-2064,-2852,6096,CD,2,D2_pwm200_grab1
16299,-3108,-4968,7652,CD,2,D2_pwm200_grab1
16304,4636,-2712,10116,CD,2,D2_pwm200_grab1
16310,-1652,812,10784,CD,2,D2_pwm200_grab1
16320,2708,-3724,8040,CD,2,D2_pwm200_grab1
16325,-480,2176,8604,CD,2,D2_pwm200_grab1
16329,3036,1004,11568,CD,2,D2_pwm200_grab1
16335,-3056,-6452,10060,CD,2,D2_pwm200_grab1
16339,2552,-3640,6800,CD,2,D2_pwm200_grab1
16344,-1696,-1816,13340,CD,2,D2_pwm200_grab1
16349,3372,-1392,9164,CD,2,D2_pwm200_grab1
16355,3652,1144,13292,CD,2,D2_pwm200_grab1
16360,-3800,-592,11140,CD,2,D2_pwm200_grab1
16364,-1928,216,9044,CD,2,D2_pwm200_grab1
16370,6296,3180,13220,CD,2,D2_pwm200_grab1
16374,2016,-2916,11308,CD,2,D2_pwm200_grab1
16379,-1836,-4192,6048,CD,2,D2_pwm200_grab1
16395,-1692,-1904,7876,CD,2,D2_pwm200_grab1
16399,848,-1612,8260,CD,2,D2_pwm200_grab1
16405,9056,3768,9096,CD,2,D2_pwm200_grab1
16410,-3024,4052,15196,CD,2,D2_pwm200_grab1
16415,-168,-2652,8648,CD,2,D2_pwm200_grab1
16424,2824,4076,13676,CD,2,D2_pwm200_grab1
16430,-2372,1744,10388,CD,2,D2_pwm200_grab1
16435,1796,1396,10716,CD,2,D2_pwm200_grab1
16440,60,-1612,3920,CD,2,D2_pwm200_grab1
16444,-68,-3088,7692,CD,2,D2_pwm200_grab1
16449,3696,2812,13192,CD,2,D2_pwm200_grab1
16455,1340,-144,14420,CD,2,D2_pwm200_grab1
16459,468,-964,7988,CD,2,D2_pwm200_grab1
16465,-480,2340,10388,CD,2,D2_pwm200_grab1
16471,3340,668,12428,CD,2,D2_pwm200_grab1
16476,-304,-1524,3888,CD,2,D2_pwm200_grab1
16481,1520,-2200,5768,CD,2,D2_pwm200_grab1
16486,2000,2976,10856,CD,2,D2_pwm200_grab1
16490,1848,-264,12840,CD,2,D2_pwm200_grab1
16495,-56,-2504,9200,CD,2,D2_pwm200_grab1
16501,684,1852,9076,CD,2,D2_pwm200_grab1
16505,2496,492,12432,CD,2,D2_pwm200_grab1
16510,256,-2412,10084,CD,2,D2_pwm200_grab1
16515,-352,-4604,7184,CD,2,D2_pwm200_grab1
16520,5444,-2200,7448,CD,2,D2_pwm200_grab1
16525,1460,3088,13376,CD,2,D2_pwm200_grab1
16535,4500,-3280,8336,CD,2,D2_pwm200_grab1
16540,1128,1496,8692,CD,2,D2_pwm200_grab1
16545,4240,2184,11096,CD,2,D2_pwm200_grab1
16550,-2264,-5704,8832,CD,2,D2_pwm200_grab1
16555,568,-2648,8464,CD,2,D2_pwm200_grab1
16560,-644,-2988,9172,CD,2,D2_pwm200_grab1
16565,5008,-1544,9140,CD,2,D2_pwm200_grab1
16570,2904,220,12112,CD,2,D2_pwm200_grab1
16575,-4204,-2712,11040,CD,2,D2_pwm200_grab1
16580,-3028,44,7696,CD,2,D2_pwm200_grab1
16586,7212,3496,12912,CD,2,D2_pwm200_grab1
16591,-2472,-2584,9504,CD,2,D2_pwm200_grab1
16606,1344,3344,10608,CD,2,D2_pwm200_grab1
16610,-2340,-256,7600,CD,2,D2_pwm200_grab1
16616,-112,-1340,7220,CD,2,D2_pwm200_grab1
16620,9660,2452,9600,CD,2,D2_pwm200_grab1
16625,-5004,3616,12404,CD,2,D2_pwm200_grab1
16631,-2288,-4392,9992,CD,2,D2_pwm200_grab1
16636,3576,-2504,11284,CD,2,D2_pwm200_grab1
16640,936,704,8808,CD,2,D2_pwm200_grab1
16646,-1844,2040,10580,CD,2,D2_pwm200_grab1
16650,2088,1912,8592,CD,2,D2_pwm200_grab1
16655,-1060,-2424,4856,CD,2,D2_pwm200_grab1
16661,-72,-2592,6956,CD,2,D2_pwm200_grab1
16665,2876,3968,15208,CD,2,D2_pwm200_grab1
16670,1588,-272,14948,CD,2,D2_pwm200_grab1
16675,-248,-1496,7852,CD,2,D2_pwm200_grab1
16680,-2032,2704,10924,CD,2,D2_pwm200_grab1
16685,-1964,2208,10704,CD,2,D2_pwm200_grab1
16690,-5732,-1356,8292,CD,2,D2_pwm200_grab1
16695,-2852,-6428,10688,CD,2,D2_pwm200_grab1
16700,7956,-460,11172,CD,2,D2_pwm200_grab1
16705,-72,3176,13172,CD,2,D2_pwm200_grab1
16711,-8988,-4228,9832,CD,2,D2_pwm200_grab1
16715,3164,-2480,9148,CD,2,D2_pwm200_grab1
16720,76,1288,10508,CD,2,D2_pwm200_grab1
16726,3660,1204,12976,CD,2,D2_pwm200_grab1
16732,-820,-4820,7816,CD,2,D2_pwm200_grab1
16736,6920,-1148,9432,CD,2,D2_pwm200_grab1
16741,416,2904,11808,CD,2,D2_pwm200_grab1
16746,-7628,-2144,11756,CD,2,D2_pwm200_grab1
16752,3500,-3228,7832,CD,2,D2_pwm200_grab1
16757,4636,1696,10972,CD,2,D2_pwm200_grab1
16762,4988,2184,11604,CD,2,D2_pwm200_grab1
16768,-1244,-3088,9552,CD,2,D2_pwm200_grab1
16771,2000,-2616,7816,CD,2,D2_pwm200_grab1
16776,1288,-2732,7200,CD,2,D2_pwm200_grab1
16782,3192,-364,6376,CD,2,D2_pwm200_grab1
16786,3584,1064,14236,CD,2,D2_pwm200_grab1
16792,-3352,-2084,11484,CD,2,D2_pwm200_grab1
16796,-1328,196,7944,CD,2,D2_pwm200_grab1
16802,6560,2632,11936,CD,2,D2_pwm200_grab1
16807,180,-504,9500,CD,2,D2_pwm200_grab1
16812,1408,-5024,7224,CD,2,D2_pwm200_grab1
16816,10404,-364,18384,CD,2,D2_pwm200_grab1
16821,2096,5248,11980,CD,2,D2_pwm200_grab1
16826,-3148,-340,7768,CD,2,D2_pwm200_grab1
16831,352,-1324,7196,CD,2,D2_pwm200_grab1
16836,9916,2996,8604,CD,2,D2_pwm200_grab1
16841,-6220,3220,14252,CD,2,D2_pwm200_grab1
16846,-3996,-4928,9112,CD,2,D2_pwm200_grab1
16851,10368,-560,19328,CD,2,D2_pwm200_grab1
16856,-456,-2184,5864,CD,2,D2_pwm200_grab1
16862,-3012,2244,10576,CD,2,D2_pwm200_grab1
16867,368,1996,7636,CD,2,D2_pwm200_grab1
16871,-68,-452,6680,CD,2,D2_pwm200_grab1
16876,-3000,-2896,5472,CD,2,D2_pwm200_grab1
16882,1204,2336,13808,CD,2,D2_pwm200_grab1
16887,-1712,-1696,13552,CD,2,D2_pwm200_grab1
16891,2112,-1112,7584,CD,2,D2_pwm200_grab1
16897,1784,-2000,9340,CD,2,D2_pwm200_grab1
16902,-4356,1696,11748,CD,2,D2_pwm200_grab1
16906,-7552,-940,8008,CD,2,D2_pwm200_grab1
16917,5020,1240,13400,CD,2,D2_pwm200_grab1
16922,-436,2968,11824,CD,2,D2_pwm200_grab1
16926,-8884,-4096,10108,CD,2,D2_pwm200_grab1
16931,1936,-1616,10148,CD,2,D2_pwm200_grab1
16936,-2204,1760,11056,CD,2,D2_pwm200_grab1
16942,-656,196,12796,CD,2,D2_pwm200_grab1
16947,4312,1004,12876,CD,2,D2_pwm200_grab1
16951,6444,-2988,6388,CD,2,D2_pwm200_grab1
16956,2276,724,14376,CD,2,D2_pwm200_grab1
16961,-3620,336,7532,CD,2,D2_pwm200_grab1
16967,4364,-1268,11560,CD,2,D2_pwm200_grab1
16971,2112,-564,14144,CD,2,D2_pwm200_grab1
16977,276,428,12500,CD,2,D2_pwm200_grab1
16982,5704,2548,10160,CD,2,D2_pwm200_grab1
16987,4288,-1256,9628,CD,2,D2_pwm200_grab1
16993,2480,680,12212,CD,2,D2_pwm200_grab1
16997,3000,1604,6596,CD,2,D2_pwm200_grab1
17002,4404,-2172,10620,CD,2,D2_pwm200_grab1
17007,-1048,-1580,11492,CD,2,D2_pwm200_grab1
17012,868,892,10988,CD,2,D2_pwm200_grab1
17017,5196,4444,12276,CD,2,D2_pwm200_grab1
17024,3192,-2068,7684,CD,2,D2_pwm200_grab1
17027,4812,-3880,5220,CD,2,D2_pwm200_grab1
17032,716,1104,6456,CD,2,D2_pwm200_grab1
17038,2988,5320,13580,CD,2,D2_pwm200_grab1
17043,-3752,-2156,8328,CD,2,D2_pwm200_grab1
17047,3200,-524,8108,CD,2,D2_pwm200_grab1
17053,7020,3596,6032,CD,2,D2_pwm200_grab1
17058,-3708,4644,13988,CD,2,D2_pwm200_grab1
17063,2116,-4788,6772,CD,2,D2_pwm200_grab1
17068,2844,260,10160,CD,2,D2_pwm200_grab1
17073,744,-920,6476,CD,2,D2_pwm200_grab1
17078,-3296,1600,10648,CD,2,D2_pwm200_grab1
17082,3892,2404,7068,CD,2,D2_pwm200_grab1
17088,684,-392,8040,CD,2,D2_pwm200_grab1
17092,24,-1584,4632,CD,2,D2_pwm200_grab1
17098,-868,-4,11032,CD,2,D2_pwm200_grab1
17102,592,-1880,11492,CD,2,D2_pwm200_grab1
17107,-480,-272,6372,CD,2,D2_pwm200_grab1
17112,-4,-2448,8740,CD,2,D2_pwm200_grab1
17118,-7120,696,9640,CD,2,D2_pwm200_grab1
17122,-8980,-328,6352,CD,2,D2_pwm200_grab1
17132,4560,-1720,10632,CD,2,D2_pwm200_grab1
17138,-3584,1268,10688,CD,2,D2_pwm200_grab1
17143,-9640,-4620,8356,CD,2,D2_pwm200_grab1
17148,672,-2296,10644,CD,2,D2_pwm200_grab1
17152,336,180,12248,CD,2,D2_pwm200_grab1
17157,-440,736,12796,CD,2,D2_pwm200_grab1
17163,280,216,12348,CD,2,D2_pwm200_grab1
17167,3892,-2376,7632,CD,2,D2_pwm200_grab1
17172,-1264,-1440,13980,CD,2,D2_pwm200_grab1
17177,-7112,-1040,8980,CD,2,D2_pwm200_grab1
17182,3812,-1848,11484,CD,2,D2_pwm200_grab1
17188,1952,56,14228,CD,2,D2_pwm200_grab1
17193,-1868,-756,11208,CD,2,D2_pwm200_grab1
17197,8148,4348,13292,CD,2,D2_pwm200_grab1
17203,-3132,3068,15896,CD,2,D2_pwm200_grab1
17207,3388,-3632,2900,CD,2,D2_pwm200_grab1
17213,2116,388,7248,CD,2,D2_pwm200_grab1
17217,44,4484,15072,CD,2,D2_pwm200_grab1
17223,-2232,-2692,9904,CD,2,D2_pwm200_grab1
17227,2460,-1348,9320,CD,2,D2_pwm200_grab1
17232,6484,4620,7488,CD,2,D2_pwm200_grab1
17239,-1764,3768,15708,CD,2,D2_pwm200_grab1
17243,4804,-2152,4844,CD,2,D2_pwm200_grab1
17248,2664,176,5640,CD,2,D2_pwm200_grab1
17254,2240,5964,14252,CD,2,D2_pwm200_grab1
17259,-1996,-2776,8984,CD,2,D2_pwm200_grab1
17263,3168,-2096,9532,CD,2,D2_pwm200_grab1
17268,6684,5736,6624,CD,2,D2_pwm200_grab1
17273,-1420,4244,14500,CD,2,D2_pwm200_grab1
17280,4124,-2944,3780,CD,2,D2_pwm200_grab1
17283,3488,976,8236,CD,2,D2_pwm200_grab1
17288,300,2612,6304,CD,2,D2_pwm200_grab1
17294,-2296,692,9428,CD,2,D2_pwm200_grab1
17299,3068,612,6872,CD,2,D2_pwm200_grab1
17304,1520,-356,13244,CD,2,D2_pwm200_grab1
17309,484,1436,7432,CD,2,D2_pwm200_grab1
17314,-1152,1804,9216,CD,2,D2_pwm200_grab1
17319,2780,-504,8592,CD,2,D2_pwm200_grab1
17324,-6168,-2640,8220,CD,2,D2_pwm200_grab1
17328,444,-316,9344,CD,2,D2_pwm200_grab1
17334,-3548,1464,11576,CD,2,D2_pwm200_grab1
17339,-4048,-3484,12700,CD,2,D2_pwm200_grab1
17344,-2364,-7696,6776,CD,2,D2_pwm200_grab1
17349,2308,-640,12876,CD,2,D2_pwm200_grab1
17354,-344,-288,7652,CD,2,D2_pwm200_grab1
17359,-7516,-2128,8804,CD,2,D2_pwm200_grab1
17363,1464,-1392,7840,CD,2,D2_pwm200_grab1
17368,1908,1760,9012,CD,2,D2_pwm200_grab1
17374,-904,324,11908,CD,2,D2_pwm200_grab1
17378,-3296,-3768,9884,CD,2,D2_pwm200_grab1
17383,3368,-5332,5504,CD,2,D2_pwm200_grab1
17388,-700,1112,15016,CD,2,D2_pwm200_grab1
17394,-10236,-4052,9124,CD,2,D2_pwm200_grab1
17399,3700,-2528,9936,CD,2,D2_pwm200_grab1
17403,3176,2112,12448,CD,2,D2_pwm200_grab1
17408,-2196,-1120,8288,CD,2,D2_pwm200_grab1
17414,5888,3436,14408,CD,2,D2_pwm200_grab1
17419,-864,780,13896,CD,2,D2_pwm200_grab1
17423,-2292,-5496,3124,CD,2,D2_pwm200_grab1
17428,3896,1600,16300,CD,2,D2_pwm200_grab1
17434,-348,3428,15748,CD,2,D2_pwm200_grab1
17439,-3640,-3152,11132,CD,2,D2_pwm200_grab1
17444,152,-1564,7472,CD,2,D2_pwm200_grab1
17448,7704,4720,14612,CD,2,D2_pwm200_grab1
17453,-1240,4492,11288,CD,2,D2_pwm200_grab1
17458,-4584,-2540,9388,CD,2,D2_pwm200_grab1
17463,-2560,12,5428,CD,2,D2_pwm200_grab1
17468,2856,3364,11464,CD,2,D2_pwm200_grab1
17474,-1012,288,8132,CD,2,D2_pwm200_grab1
17479,2012,-964,9544,CD,2,D2_pwm200_grab1
17488,156,4936,10808,CD,2,D2_pwm200_grab1
17494,-4704,40,9080,CD,3,D2_pwm200_grab1
17500,-3572,476,2964,CD,3,D2_pwm200_grab1
17504,1692,4224,8752,CD,3,D2_pwm200_grab1
17509,-596,-340,7972,CD,3,D2_pwm200_grab1
17515,3036,-952,9120,CD,3,D2_pwm200_grab1
17525,1736,2184,8196,CD,3,D2_pwm200_grab1
17529,-4464,464,7972,CD,3,D2_pwm200_grab1
17536,4536,736,10276,CD,3,D2_pwm200_grab1
17540,-3524,-2996,8284,CD,3,D2_pwm200_grab1
17545,1280,-308,8740,CD,3,D2_pwm200_grab1
17550,-164,2048,14108,CD,3,D2_pwm200_grab1
17555,-4356,-3204,12292,CD,3,D2_pwm200_grab1
17559,-424,-6328,7244,CD,3,D2_pwm200_grab1
17565,3276,1140,11784,CD,3,D2_pwm200_grab1
17569,-220,-140,8348,CD,3,D2_pwm200_grab1
17574,-7160,-3920,7196,CD,3,D2_pwm200_grab1
17580,3012,-3572,7960,CD,3,D2_pwm200_grab1
17584,4512,2116,9620,CD,3,D2_pwm200_grab1
17589,680,136,12484,CD,3,D2_pwm200_grab1
17595,-816,-1084,8040,CD,3,D2_pwm200_grab1
17600,3992,-5508,6092,CD,3,D2_pwm200_grab1
17604,1544,72,11596,CD,3,D2_pwm200_grab1
17609,-10728,-3416,10612,CD,3,D2_pwm200_grab1
17615,4340,-3348,7456,CD,3,D2_pwm200_grab1
17620,3684,2444,11432,CD,3,D2_pwm200_grab1
17624,-1040,-1500,7772,CD,3,D2_pwm200_grab1
17630,7276,4632,9796,CD,3,D2_pwm200_grab1
17634,-2792,-408,13692,CD,3,D2_pwm200_grab1
17640,-3352,-5820,4288,CD,3,D2_pwm200_grab1
17644,1952,-572,12680,CD,3,D2_pwm200_grab1
17649,540,2696,15832,CD,3,D2_pwm200_grab1
17654,-3632,-2204,10364,CD,3,D2_pwm200_grab1
17659,696,-1200,7300,CD,3,D2_pwm200_grab1
17664,3424,940,14328,CD,3,D2_pwm200_grab1
17669,-1132,1572,9300,CD,3,D2_pwm200_grab1
17675,-6284,-3268,9352,CD,3,D2_pwm200_grab1
17679,-5116,-500,5776,CD,3,D2_pwm200_grab1
17684,212,4800,9664,CD,3,D2_pwm200_grab1
17690,-2336,2272,9188,CD,3,D2_pwm200_grab1
17695,200,-1020,7952,CD,3,D2_pwm200_grab1
17699,2072,-476,18268,CD,3,D2_pwm200_grab1
17705,-676,1744,10016,CD,3,D2_pwm200_grab1
17709,3424,1652,13724,CD,3,D2_pwm200_grab1
17714,-384,1788,12392,CD,3,D2_pwm200_grab1
17719,-5596,-1544,11020,CD,3,D2_pwm200_grab1
17724,856,792,9856,CD,3,D2_pwm200_grab1
17729,-3120,1796,14784,CD,3,D2_pwm200_grab1
17734,-2468,-3812,13260,CD,3,D2_pwm200_grab1
17740,-2608,-8420,10184,CD,3,D2_pwm200_grab1
17745,4992,1604,14092,CD,3,D2_pwm200_grab1
17750,408,1984,11988,CD,3,D2_pwm200_grab1
17756,-4660,-2472,9788,CD,3,D2_pwm200_grab1
17760,1796,-28,10012,CD,3,D2_pwm200_grab1
17765,-2748,604,14280,CD,3,D2_pwm200_grab1
17770,-6776,-2204,7016,CD,3,D2_pwm200_grab1
17775,-1380,-6888,7884,CD,3,D2_pwm200_grab1
17780,5776,2088,13664,CD,3,D2_pwm200_grab1
17786,1060,2188,10048,CD,3,D2_pwm200_grab1
17792,-5752,-3692,8732,CD,3,D2_pwm200_grab1
17795,4180,-3040,7876,CD,3,D2_pwm200_grab1
17800,3936,168,12992,CD,3,D2_pwm200_grab1
17805,-624,228,12480,CD,3,D2_pwm200_grab1
17811,3928,1532,10444,CD,3,D2_pwm200_grab1
17816,4240,-3008,4860,CD,3,D2_pwm200_grab1
17821,2856,688,12460,CD,3,D2_pwm200_grab1
17826,-6580,-1644,6000,CD,3,D2_pwm200_grab1
17830,4944,-2348,9992,CD,3,D2_pwm200_grab1
17835,-2728,-3100,8112,CD,3,D2_pwm200_grab1
17841,2372,-1688,9700,CD,3,D2_pwm200_grab1
17845,7236,5092,8720,CD,3,D2_pwm200_grab1
17851,-3180,2756,13420,CD,3,D2_pwm200_grab1
17856,3164,-5404,1788,CD,3,D2_pwm200_grab1
17860,1300,840,5152,CD,3,D2_pwm200_grab1
17865,-184,4408,12524,CD,3,D2_pwm200_grab1
17871,-3680,-2220,9004,CD,3,D2_pwm200_grab1
17875,996,-1376,7352,CD,3,D2_pwm200_grab1
17881,2668,-328,15500,CD,3,D2_pwm200_grab1
17885,-616,712,8960,CD,3,D2_pwm200_grab1
17891,-3184,128,8704,CD,3,D2_pwm200_grab1
17895,-244,-1540,9544,CD,3,D2_pwm200_grab1
17900,652,104,5200,CD,3,D2_pwm200_grab1
17906,-2424,2896,10208,CD,3,D2_pwm200_grab1
17911,1360,1152,6072,CD,3,D2_pwm200_grab1
17915,1244,-496,12504,CD,3,D2_pwm200_grab1
17925,3408,796,13612,CD,3,D2_pwm200_grab1
17930,-1840,-652,9724,CD,3,D2_pwm200_grab1
17936,-7980,-1980,10344,CD,3,D2_pwm200_grab1
17940,1584,-660,9188,CD,3,D2_pwm200_grab1
17945,-4936,1080,12640,CD,3,D2_pwm200_grab1
17950,-7364,-820,6388,CD,3,D2_pwm200_grab1
17960,3836,900,13464,CD,3,D2_pwm200_grab1
17965,1308,2564,13744,CD,3,D2_pwm200_grab1
17971,-5736,-424,9460,CD,3,D2_pwm200_grab1
17975,4524,-2360,9796,CD,3,D2_pwm200_grab1
17981,1032,456,13160,CD,3,D2_pwm200_grab1
17986,-244,264,12584,CD,3,D2_pwm200_grab1
17991,4484,1300,14324,CD,3,D2_pwm200_grab1
17995,5580,-2692,7564,CD,3,D2_pwm200_grab1
18001,1736,208,14572,CD,3,D2_pwm200_grab1
18006,-596,2300,7472,CD,3,D2_pwm200_grab1
18012,4000,132,13200,CD,3,D2_pwm200_grab1
18017,652,-1396,13640,CD,3,D2_pwm200_grab1
18022,-1068,264,10468,CD,3,D2_pwm200_grab1
18027,7068,3604,11628,CD,3,D2_pwm200_grab1
18031,2840,-280,11764,CD,3,D2_pwm200_grab1
18036,1836,-1204,10464,CD,3,D2_pwm200_grab1
18042,5660,-120,12652,CD,3,D2_pwm200_grab1
18048,3440,1012,13984,CD,3,D2_pwm200_grab1
18051,-1800,-184,7984,CD,3,D2_pwm200_grab1
18057,2872,-1876,9368,CD,3,D2_pwm200_grab1
18061,12072,3936,9180,CD,3,D2_pwm200_grab1
18067,-3164,4448,12584,CD,3,D2_pwm200_grab1
18072,-2636,-2348,7896,CD,3,D2_pwm200_grab1
18077,11244,-2124,16188,CD,3,D2_pwm200_grab1
18081,1988,2924,10872,CD,3,D2_pwm200_grab1
18086,-2912,-664,7532,CD,3,D2_pwm200_grab1
18092,3328,1588,10576,CD,3,D2_pwm200_grab1
18102,-632,-3488,6596,CD,3,D2_pwm200_grab1
18106,1192,1080,11196,CD,3,D2_pwm200_grab1
18111,-684,-672,11872,CD,3,D2_pwm200_grab1
18117,-2752,-2960,5616,CD,3,D2_pwm200_grab1
18122,-1632,328,9216,CD,3,D2_pwm200_grab1
18126,-356,2276,12716,CD,3,D2_pwm200_grab1
18131,-1756,-2668,12344,CD,3,D2_pwm200_grab1
18137,-2912,-5876,9296,CD,3,D2_pwm200_grab1
18141,3896,-2932,6212,CD,3,D2_pwm200_grab1
18146,-2008,252,11696,CD,3,D2_pwm200_grab1
18156,3260,-2708,8764,CD,3,D2_pwm200_grab1
18161,1604,1236,9588,CD,3,D2_pwm200_grab1
18166,1900,340,14160,CD,3,D2_pwm200_grab1
18171,-2780,-3716,9280,CD,3,D2_pwm200_grab1
18176,-3364,-360,10964,CD,3,D2_pwm200_grab1
18182,-2276,-6192,5472,CD,3,D2_pwm200_grab1
18186,4468,-384,15044,CD,3,D2_pwm200_grab1
18191,1064,2664,15716,CD,3,D2_pwm200_grab1
18196,-3688,-212,11944,CD,3,D2_pwm200_grab1
18202,-720,-1140,7916,CD,3,D2_pwm200_grab1
18206,7904,2568,15280,CD,3,D2_pwm200_grab1
18211,-2128,1152,14976,CD,3,D2_pwm200_grab1
18216,-544,-4432,4432,CD,3,D2_pwm200_grab1
18221,-1192,-1356,7300,CD,3,D2_pwm200_grab1
18227,1324,3792,8988,CD,3,D2_pwm200_grab1
18232,-2256,2452,9024,CD,3,D2_pwm200_grab1
18236,1120,-28,7792,CD,3,D2_pwm200_grab1
18247,732,4796,9936,CD,3,D2_pwm200_grab1
18252,-4064,-1108,9600,CD,3,D2_pwm200_grab1
18257,-3580,2080,5808,CD,3,D2_pwm200_grab1
18262,2072,3916,9076,CD,3,D2_pwm200_grab1
18267,-784,1744,8208,CD,3,D2_pwm200_grab1
18272,2784,204,8980,CD,3,D2_pwm200_grab1
18282,812,1720,9924,CD,3,D2_pwm200_grab1
18288,-2300,468,8628,CD,3,D2_pwm200_grab1
18292,3428,532,10536,CD,3,D2_pwm200_grab1
18298,672,2040,6776,CD,3,D2_pwm200_grab1
18302,-1920,1080,10512,CD,3,D2_pwm200_grab1
18308,-3516,1048,13332,CD,3,D2_pwm200_grab1
18313,-4736,-2508,8304,CD,3,D2_pwm200_grab1
18322,5804,24,12356,CD,3,D2_pwm200_grab1
18328,-480,1000,8620,CD,3,D2_pwm200_grab1
18332,-8056,-3856,7272,CD,3,D2_pwm200_grab1
18338,1292,-2420,9184,CD,3,D2_pwm200_grab1
18342,-3476,1248,9588,CD,3,D2_pwm200_grab1
18347,588,1580,11084,CD,3,D2_pwm200_grab1
18352,1472,1152,12004,CD,3,D2_pwm200_grab1
18357,5240,-2768,6704,CD,3,D2_pwm200_grab1
18362,356,-404,11268,CD,3,D2_pwm200_grab1
18368,-692,1512,6548,CD,3,D2_pwm200_grab1
18372,3512,-3380,9908,CD,3,D2_pwm200_grab1
18378,-16,-1192,10972,CD,3,D2_pwm200_grab1
18382,-880,168,11388,CD,3,D2_pwm200_grab1
18388,6164,3280,10028,CD,3,D2_pwm200_grab1
18392,-5372,3016,13464,CD,3,D2_pwm200_grab1
18398,3032,-4368,4628,CD,3,D2_pwm200_grab1
18403,92,-748,5720,CD,3,D2_pwm200_grab1
18407,1672,5924,13472,CD,3,D2_pwm200_grab1
18413,-3168,-2352,8936,CD,3,D2_pwm200_grab1
18417,1936,-1888,7808,CD,3,D2_pwm200_grab1
18423,5040,3288,5752,CD,3,D2_pwm200_grab1
18428,-4560,3264,13520,CD,3,D2_pwm200_grab1
18432,-2404,-4,11284,CD,3,D2_pwm200_grab1
18437,964,-656,10756,CD,3,D2_pwm200_grab1
18442,1012,2448,6912,CD,3,D2_pwm200_grab1
18447,-3676,1412,11680,CD,3,D2_pwm200_grab1
18452,2896,1536,7480,CD,3,D2_pwm200_grab1
18457,-2644,-3988,4156,CD,3,D2_pwm200_grab1
18462,-660,-1924,8828,CD,3,D2_pwm200_grab1
18467,-784,1704,11460,CD,3,D2_pwm200_grab1
18473,944,488,12564,CD,3,D2_pwm200_grab1
18477,-7976,-3428,8456,CD,3,D2_pwm200_grab1
18482,2096,-872,10992,CD,3,D2_pwm200_grab1
18488,-4288,1936,11508,CD,3,D2_pwm200_grab1
18493,-7848,-1176,6216,CD,3,D2_pwm200_grab1
18497,-2676,-6724,9412,CD,3,D2_pwm200_grab1
18502,6360,596,12908,CD,3,D2_pwm200_grab1
18508,-2588,2552,9360,CD,3,D2_pwm200_grab1
18512,-6640,-3248,9436,CD,3,D2_pwm200_grab1
18518,1984,-2676,8868,CD,3,D2_pwm200_grab1
18523,-2364,1652,11120,CD,3,D2_pwm200_grab1
18528,-64,220,12288,CD,3,D2_pwm200_grab1
18534,-1764,-4216,9284,CD,3,D2_pwm200_grab1
18538,6960,-1368,9696,CD,3,D2_pwm200_grab1
18544,-952,3064,9724,CD,3,D2_pwm200_grab1
18548,-8560,-1668,11756,CD,3,D2_pwm200_grab1
18553,2360,-3064,8208,CD,3,D2_pwm200_grab1
18560,2732,888,11268,CD,3,D2_pwm200_grab1
18563,980,760,10564,CD,3,D2_pwm200_grab1
18568,5384,4004,13376,CD,3,D2_pwm200_grab1
18573,4108,-2128,8020,CD,3,D2_pwm200_grab1
18578,992,-2116,9540,CD,3,D2_pwm200_grab1
18584,3072,404,7476,CD,3,D2_pwm200_grab1
18588,2692,1444,13612,CD,3,D2_pwm200_grab1
18594,-1188,-1760,10948,CD,3,D2_pwm200_grab1
18598,-2732,-964,9496,CD,3,D2_pwm200_grab1
18603,8588,4036,7084,CD,3,D2_pwm200_grab1
18608,-1416,5204,12288,CD,3,D2_pwm200_grab1
18614,784,-3560,6880,CD,3,D2_pwm200_grab1
18624,1820,5152,12868,CD,3,D2_pwm200_grab1
18629,-1416,280,6024,CD,3,D2_pwm200_grab1
18633,2004,-1660,7432,CD,3,D2_pwm200_grab1
18639,9396,2992,8200,CD,3,D2_pwm200_grab1
18643,-3568,3512,12076,CD,3,D2_pwm200_grab1
18649,12,1832,11104,CD,3,D2_pwm200_grab1
18653,-680,-1388,11824,CD,3,D2_pwm200_grab1
18659,-2476,-2216,5700,CD,3,D2_pwm200_grab1
18663,-3516,312,11840,CD,3,D2_pwm200_grab1
18668,2768,2364,10012,CD,3,D2_pwm200_grab1
18674,-3904,-2992,3708,CD,3,D2_pwm200_grab1
18678,-1324,-5596,7516,CD,3,D2_pwm200_grab1
18683,416,1792,11872,CD,3,D2_pwm200_grab1
18688,-4308,548,9092,CD,3,D2_pwm200_grab1
18694,-8884,-4012,9980,CD,3,D2_pwm200_grab1
18698,1392,-3484,8936,CD,3,D2_pwm200_grab1
18703,-2556,2168,10068,CD,3,D2_pwm200_grab1
18709,788,472,13424,CD,3,D2_pwm200_grab1
18713,-1452,-5168,8896,CD,3,D2_pwm200_grab1
18718,4224,-4040,6888,CD,3,D2_pwm200_grab1
18724,-1736,2352,11612,CD,3,D2_pwm200_grab1
18733,4156,788,13564,CD,3,D2_pwm200_grab1
18739,-2264,-1628,12228,CD,3,D2_pwm200_grab1
18743,-1400,16,10464,CD,3,D2_pwm200_grab1
18748,5316,3292,14300,CD,3,D2_pwm200_grab1
18753,2720,-928,11932,CD,3,D2_pwm200_grab1
18758,-956,-3728,7200,CD,3,D2_pwm200_grab1
18764,5692,-220,11772,CD,3,D2_pwm200_grab1
18768,2460,2716,15852,CD,3,D2_pwm200_grab1
18774,-1712,-1512,11644,CD,3,D2_pwm200_grab1
18780,-1556,-2512,9572,CD,3,D2_pwm200_grab1
18784,7020,3848,14384,CD,3,D2_pwm200_grab1
18789,704,888,13720,CD,3,D2_pwm200_grab1
18795,36,-4436,3548,CD,3,D2_pwm200_grab1
18799,3688,2132,14592,CD,3,D2_pwm200_grab1
18805,1148,1968,15160,CD,3,D2_pwm200_grab1
18809,-2504,-2096,11392,CD,3,D2_pwm200_grab1
18816,992,-1492,9504,CD,3,D2_pwm200_grab1
18820,4600,2028,15196,CD,3,D2_pwm200_grab1
18824,244,5152,9212,CD,3,D2_pwm200_grab1
18830,-5148,-1140,8012,CD,3,D2_pwm200_grab1
18835,-1572,-2288,4788,CD,3,D2_pwm200_grab1
18839,1744,2016,7736,CD,3,D2_pwm200_grab1
18844,-736,1328,6256,CD,3,D2_pwm200_grab1
18849,2884,-844,9392,CD,3,D2_pwm200_grab1
18854,5832,468,16468,CD,3,D2_pwm200_grab1
18860,-324,-5604,6972,CD,3,D2_pwm200_grab1
18864,3868,2892,12996,CD,3,D2_pwm200_grab1
18870,1024,432,10828,CD,3,D2_pwm200_grab1
18874,-5488,-3204,7984,CD,3,D2_pwm200_grab1
18879,1400,560,7524,CD,3,D2_pwm200_grab1
18884,-3316,1188,13540,CD,3,D2_pwm200_grab1
18889,-3356,-2916,9456,CD,3,D2_pwm200_grab1
18900,3960,796,12408,CD,3,D2_pwm200_grab1
18905,3368,1300,11284,CD,3,D2_pwm200_grab1
18915,4588,-2952,7084,CD,3,D2_pwm200_grab1
18919,3040,984,11164,CD,3,D2_pwm200_grab1
18924,56,1676,10560,CD,3,D2_pwm200_grab1
18930,908,-1920,12236,CD,3,D2_pwm200_grab1
18934,2048,-3184,6304,CD,3,D2_pwm200_grab1
18940,-72,-2148,12208,CD,3,D2_pwm200_grab1
18944,1496,-2216,6524,CD,3,D2_pwm200_grab1
18950,-676,3992,14520,CD,3,D2_pwm200_grab1
18955,-4044,-1884,10044,CD,3,D2_pwm200_grab1
18960,-200,-1756,7220,CD,3,D2_pwm200_grab1
18964,5860,4176,6112,CD,3,D2_pwm200_grab1
18969,-4432,2460,15184,CD,3,D2_pwm200_grab1
18974,2528,-4752,6160,CD,3,D2_pwm200_grab1
18979,1796,1536,9800,CD,3,D2_pwm200_grab1
18985,1768,6800,14144,CD,3,D2_pwm200_grab1
18990,-1304,2520,8924,CD,3,D2_pwm200_grab1
18994,1148,688,7340,CD,3,D2_pwm200_grab1
19000,1968,-500,13812,CD,3,D2_pwm200_grab1
19004,-2432,-1916,8156,CD,3,D2_pwm200_grab1
19010,264,2256,12248,CD,3,D2_pwm200_grab1
19014,596,596,13968,CD,3,D2_pwm200_grab1
19019,2764,-524,7716,CD,3,D2_pwm200_grab1
19025,-3532,2544,13476,CD,3,D2_pwm200_grab1
19031,4068,1864,9696,CD,3,D2_pwm200_grab1
19036,-2652,-2952,5448,CD,3,D2_pwm200_grab1
19041,4,-2208,7140,CD,3,D2_pwm200_grab1
19046,2220,3112,13116,CD,3,D2_pwm200_grab1
19050,1504,1204,14684,CD,3,D2_pwm200_grab1
19055,-796,-788,9148,CD,3,D2_pwm200_grab1
19061,-2096,436,10828,CD,3,D2_pwm200_grab1
19066,2140,2300,15556,CD,3,D2_pwm200_grab1
19070,-16,-2176,8604,CD,3,D2_pwm200_grab1
19076,-512,-3996,8064,CD,3,D2_pwm200_grab1
19081,5532,200,8444,CD,3,D2_pwm200_grab1
19086,628,3668,12676,CD,3,D2_pwm200_grab1
19091,-7968,-3164,10508,CD,3,D2_pwm200_grab1
19096,4588,-3404,9012,CD,3,D2_pwm200_grab1
19101,2548,1024,9120,CD,3,D2_pwm200_grab1
19106,2084,640,13756,CD,3,D2_pwm200_grab1
19110,-1540,-2492,8124,CD,3,D2_pwm200_grab1
19115,1604,104,10812,CD,3,D2_pwm200_grab1
19120,1516,-3284,7884,CD,3,D2_pwm200_grab1
19125,5400,212,12592,CD,3,D2_pwm200_grab1
19130,2968,1464,13488,CD,3,D2_pwm200_grab1
19136,-1136,-2876,10836,CD,3,D2_pwm200_grab1
19141,-2396,-660,6844,CD,3,D2_pwm200_grab1
19145,7680,4852,13792,CD,3,D2_pwm200_grab1
19151,-1468,524,11208,CD,3,D2_pwm200_grab1
19161,8000,-3476,14332,CD,3,D2_pwm200_grab1
19166,1976,996,8128,CD,3,D2_pwm200_grab1
19170,-3360,1048,7752,CD,3,D2_pwm200_grab1
19175,1388,-104,6768,CD,3,D2_pwm200_grab1
19180,4604,1748,11276,CD,3,D2_pwm200_grab1
19186,-2124,3472,7736,CD,3,D2_pwm200_grab1
19190,-6220,-4320,9364,CD,3,D2_pwm200_grab1
19195,-5540,-1096,2580,CD,3,D2_pwm200_grab1
19201,-3108,-2536,6724,CD,3,D2_pwm200_grab1
19205,-2052,732,10060,CD,3,D2_pwm200_grab1
19210,-288,2004,12552,CD,3,D2_pwm200_grab1
19216,-1672,-2116,10916,CD,3,D2_pwm200_grab1
19221,-3360,-6828,8796,CD,3,D2_pwm200_grab1
19226,2516,604,14056,CD,3,D2_pwm200_grab1
19230,-1176,752,13944,CD,3,D2_pwm200_grab1
19236,-4648,-2960,9708,CD,3,D2_pwm200_grab1
19240,-1856,2004,10952,CD,3,D2_pwm200_grab1
19245,996,1556,8856,CD,3,D2_pwm200_grab1
19250,3056,992,15332,CD,3,D2_pwm200_grab1
19255,-2624,-4588,10048,CD,3,D2_pwm200_grab1
19260,5912,-2456,8596,CD,3,D2_pwm200_grab1
19265,472,2408,15368,CD,3,D2_pwm200_grab1
19271,-8256,-780,12336,CD,3,D2_pwm200_grab1
19275,4352,-2376,10088,CD,3,D2_pwm200_grab1
19280,4568,812,12592,CD,3,D2_pwm200_grab1
19286,-1476,-384,13136,CD,3,D2_pwm200_grab1
19292,-936,-1620,10360,CD,3,D2_pwm200_grab1
19297,6668,-3900,7788,CD,3,D2_pwm200_grab1
19301,2788,3088,13528,CD,3,D2_pwm200_grab1
19307,-7696,-1472,11244,CD,3,D2_pwm200_grab1
19311,4980,-2404,9156,CD,3,D2_pwm200_grab1
19316,4932,-40,15096,CD,3,D2_pwm200_grab1
19322,-540,-88,12180,CD,3,D2_pwm200_grab1
19328,2180,608,13244,CD,3,D2_pwm200_grab1
19331,840,1632,13312,CD,3,D2_pwm200_grab1
19336,408,-3944,1836,CD,3,D2_pwm200_grab1
19342,3944,1332,13088,CD,3,D2_pwm200_grab1
19346,424,3424,15948,CD,3,D2_pwm200_grab1
19352,-1756,-2704,10676,CD,3,D2_pwm200_grab1
19356,2252,-1548,9720,CD,3,D2_pwm200_grab1
19361,7252,5136,12272,CD,3,D2_pwm200_grab1
19366,112,2960,14004,CD,3,D2_pwm200_grab1
19371,-4284,-2564,7156,CD,3,D2_pwm200_grab1
19376,-2648,-248,2944,CD,3,D2_pwm200_grab1
19382,1744,560,7668,CD,3,D2_pwm200_grab1
19386,-1888,212,6924,CD,3,D2_pwm200_grab1
19391,1536,-12,7044,CD,3,D2_pwm200_grab1
19396,4552,852,18016,CD,3,D2_pwm200_grab1
19401,-1756,3188,7400,CD,3,D2_pwm200_grab1
19407,-5236,84,8036,CD,3,D2_pwm200_grab1
19412,-4876,-1648,2356,CD,3,D2_pwm200_grab1
19417,-3556,-3504,7316,CD,3,D2_pwm200_grab1
19421,-2672,300,10220,CD,3,D2_pwm200_grab1
19427,-644,3312,14660,CD,3,D2_pwm200_grab1
19432,-1424,-1732,10444,CD,3,D2_pwm200_grab1
19442,2616,588,13900,CD,3,D2_pwm200_grab1
19446,-1696,-420,9788,CD,3,D2_pwm200_grab1
19452,-3804,-2556,8988,CD,3,D2_pwm200_grab1
19456,3228,-3444,8448,CD,3,D2_pwm200_grab1
19461,2988,1344,9528,CD,3,D2_pwm200_grab1
19466,2580,1284,14332,CD,3,D2_pwm200_grab1
19471,-2900,-1740,8324,CD,3,D2_pwm200_grab1
19476,4644,-5016,6856,CD,3,D2_pwm200_grab1
19481,676,-144,12032,CD,3,D2_pwm200_grab1
19486,-9528,-1684,12428,CD,3,D2_pwm200_grab1
19492,4144,-2500,10408,CD,3,D2_pwm200_grab1
19496,4352,1880,11468,CD,3,D2_pwm200_grab1
19501,-3344,-1380,7512,CD,3,D2_pwm200_grab1
19506,5472,2284,15144,CD,3,D2_pwm200_grab1
19511,-1752,-200,14172,CD,3,D2_pwm200_grab1
19516,-2056,-4580,8096,CD,3,D2_pwm200_grab1
19522,2556,-92,15112,CD,3,D2_pwm200_grab1
19526,2356,3356,17076,CD,3,D2_pwm200_grab1
19531,-1892,-844,11604,CD,3,D2_pwm200_grab1
19536,-3232,-2660,7944,CD,3,D2_pwm200_grab1
19542,6532,3732,14420,CD,3,D2_pwm200_grab1
19547,604,612,15452,CD,3,D2_pwm200_grab1
19552,-352,-5368,2632,CD,3,D2_pwm200_grab1
19558,4124,1512,16444,CD,3,D2_pwm200_grab1
19562,-128,3916,15436,CD,3,D2_pwm200_grab1
19567,-1712,-532,11596,CD,3,D2_pwm200_grab1
19573,-1080,-2400,9708,CD,3,D2_pwm200_grab1
19577,7324,4560,13780,CD,3,D2_pwm200_grab1
19584,1920,972,12768,CD,3,D2_pwm200_grab1
19588,-5080,-848,8128,CD,3,D2_pwm200_grab1
19592,-2184,-556,5112,CD,3,D2_pwm200_grab1
19598,2100,2392,10316,CD,3,D2_pwm200_grab1
19603,-1292,1500,7388,CD,3,D2_pwm200_grab1
19607,2736,-1140,8964,CD,3,D2_pwm200_grab1
19612,5484,228,18996,CD,3,D2_pwm200_grab1
19617,1420,4232,8224,CD,3,D2_pwm200_grab1
19623,-4016,668,8924,CD,3,D2_pwm200_grab1
19628,84,704,11240,CD,3,D2_pwm200_grab1
19632,-2320,-2748,9428,CD,3,D2_pwm200_grab1
19638,-1628,-812,9552,CD,3,D2_pwm200_grab1
19643,1304,2428,16180,CD,3,D2_pwm200_grab1
19647,-1596,-2256,10992,CD,3,D2_pwm200_grab1
19653,-476,-6724,7172,CD,3,D2_pwm200_grab1
19657,2584,1832,11604,CD,3,D2_pwm200_grab1
19663,1604,1276,11256,CD,3,D2_pwm200_grab1
19668,-5332,-3680,8144,CD,3,D2_pwm200_grab1
19672,3464,-4592,7740,CD,3,D2_pwm200_grab1
19677,1368,1836,7088,CD,3,D2_pwm200_grab1
19682,1476,668,13440,CD,3,D2_pwm200_grab1
19688,-2580,-2872,7472,CD,3,D2_pwm200_grab1
19692,5368,-5220,4068,CD,3,D2_pwm200_grab1
19697,72,916,11888,CD,3,D2_pwm200_grab1
19707,3560,-3840,7740,CD,3,D2_pwm200_grab1
19713,-1984,-2572,9388,CD,3,D2_pwm200_grab1
19717,-3640,-408,7220,CD,3,D2_pwm200_grab1
19722,5684,3132,12392,CD,3,D2_pwm200_grab1
19727,-1432,-716,13088,CD,3,D2_pwm200_grab1
19732,-2708,-7088,2348,CD,3,D2_pwm200_grab1
19738,3380,-892,14952,CD,3,D2_pwm200_grab1
19742,-72,2140,14732,CD,3,D2_pwm200_grab1
19747,-1520,-644,11736,CD,3,D2_pwm200_grab1
19753,-964,-2080,7412,CD,3,D2_pwm200_grab1
19758,7840,1284,10792,CD,3,D2_pwm200_grab1
19762,-2520,3100,10424,CD,3,D2_pwm200_grab1
19767,-5644,-2136,10152,CD,3,D2_pwm200_grab1
19772,-1084,-3132,5700,CD,3,D2_pwm200_grab1
19777,1496,4624,11848,CD,3,D2_pwm200_grab1
19783,-2276,1532,7388,CD,3,D2_pwm200_grab1
19787,624,-1460,7924,CD,3,D2_pwm200_grab1
19792,3316,-536,16428,CD,3,D2_pwm200_grab1
19798,-972,3824,10996,CD,3,D2_pwm200_grab1
19803,-4968,-860,9480,CD,3,D2_pwm200_grab1
19808,-1240,-1260,5596,CD,3,D2_pwm200_grab1
19814,2504,3028,8872,CD,3,D2_pwm200_grab1
19818,-1516,1828,7556,CD,3,D2_pwm200_grab1
19823,1528,-696,8628,CD,3,D2_pwm200_grab1
19834,428,2172,9024,CD,3,D2_pwm200_grab1
19840,-4260,516,8240,CD,3,D2_pwm200_grab1
19844,908,2572,13132,CD,3,D2_pwm200_grab1
19848,-1896,-3056,8924,CD,3,D2_pwm200_grab1
19853,-56,648,9044,CD,3,D2_pwm200_grab1
19858,2128,2564,16424,CD,3,D2_pwm200_grab1
19863,-2300,-2320,12876,CD,3,D2_pwm200_grab1
19869,16,-6280,7768,CD,3,D2_pwm200_grab1
19874,4812,1808,13352,CD,3,D2_pwm200_grab1
19879,1588,1732,11688,CD,3,D2_pwm200_grab1
19883,-8284,-1488,11328,CD,3,D2_pwm200_grab1
19888,2876,-4276,7988,CD,3,D2_pwm200_grab1
19893,5872,1400,11920,CD,3,D2_pwm200_grab1
19898,3368,1156,13912,CD,3,D2_pwm200_grab1
19903,1408,-1104,8028,CD,3,D2_pwm200_grab1
19909,4680,-4644,4288,CD,3,D2_pwm200_grab1
19913,3848,2344,12144,CD,3,D2_pwm200_grab1
19919,-10504,-2232,10244,CD,3,D2_pwm200_grab1
19924,5328,-2744,7344,CD,3,D2_pwm200_grab1
19928,-3128,-3220,8552,CD,3,D2_pwm200_grab1
19934,-2916,-1744,7884,CD,3,D2_pwm200_grab1
19939,4812,2932,11072,CD,3,D2_pwm200_grab1
19943,-872,-224,11212,CD,3,D2_pwm200_grab1
19948,-2236,-6408,5532,CD,3,D2_pwm200_grab1
19953,3088,-436,13196,CD,3,D2_pwm200_grab1
19958,1840,1620,14456,CD,3,D2_pwm200_grab1
19964,-2248,-1472,11436,CD,3,D2_pwm200_grab1
19969,1216,-1012,6552,CD,3,D2_pwm200_grab1
19974,7788,2080,8088,CD,3,D2_pwm200_grab1
19978,-3836,3832,13452,CD,3,D2_pwm200_grab1
19984,-5660,-3668,8288,CD,3,D2_pwm200_grab1
19988,10104,-2752,16832,CD,3,D2_pwm200_grab1
19994,1088,3000,8952,CD,3,D2_pwm200_grab1
19999,-2700,952,8108,CD,3,D2_pwm200_grab1
20004,-288,-1072,6340,CD,3,D2_pwm200_grab1
20008,7876,1700,10380,CD,3,D2_pwm200_grab1
20014,-1212,-5324,7436,CD,3,D2_pwm200_grab1
20018,816,1828,12024,CD,3,D2_pwm200_grab1
20023,-1268,-1588,14228,CD,3,D2_pwm200_grab1
20029,-152,-364,8848,CD,3,D2_pwm200_grab1
20034,-2816,744,11388,CD,3,D2_pwm200_grab1
20038,2828,2096,11164,CD,3,D2_pwm200_grab1
20043,-1692,-2676,8572,CD,3,D2_pwm200_grab1
20049,-16,-3916,8440,CD,3,D2_pwm200_grab1
20055,3420,3316,14976,CD,3,D2_pwm200_grab1
20060,1032,316,14748,CD,3,D2_pwm200_grab1
20065,-536,-2304,8776,CD,3,D2_pwm200_grab1
20069,-2184,812,11416,CD,3,D2_pwm200_grab1
20074,1504,3108,16900,CD,3,D2_pwm200_grab1
20079,-468,-2584,9236,CD,3,D2_pwm200_grab1
20084,-696,-6600,9324,CD,3,D2_pwm200_grab1
20089,3556,3932,13312,CD,3,D2_pwm200_grab1
20094,792,2928,12616,CD,3,D2_pwm200_grab1
20100,-8668,-3900,10044,CD,3,D2_pwm200_grab1
20105,3712,-2416,9096,CD,3,D2_pwm200_grab1
20110,1768,1000,8552,CD,3,D2_pwm200_grab1
20114,4652,1660,14552,CD,3,D2_pwm200_grab1
20119,916,-3984,6420,CD,3,D2_pwm200_grab1
20125,5776,-1620,7036,CD,3,D2_pwm200_grab1
20129,2544,3668,13888,CD,3,D2_pwm200_grab1
20135,-7332,-2320,10900,CD,3,D2_pwm200_grab1
20140,2872,2080,14964,CD,3,D2_pwm200_grab1
20144,-1792,-3168,10180,CD,3,D2_pwm200_grab1
20150,-2336,-908,8976,CD,3,D2_pwm200_grab1
20155,8388,5008,11800,CD,3,D2_pwm200_grab1
20159,1128,1536,12812,CD,3,D2_pwm200_grab1
20165,1228,-3768,4840,CD,3,D2_pwm200_grab1
20169,4992,1496,14076,CD,3,D2_pwm200_grab1
20174,2736,1492,14376,CD,3,D2_pwm200_grab1
20179,-980,-2756,10568,CD,3,D2_pwm200_grab1
20184,2116,-1908,8008,CD,3,D2_pwm200_grab1
20190,10024,3764,8480,CD,3,D2_pwm200_grab1
20195,-3076,4260,11172,CD,3,D2_pwm200_grab1
20200,-4128,-2900,7300,CD,3,D2_pwm200_grab1
20204,8976,-3528,13812,CD,3,D2_pwm200_grab1
20209,1772,2100,8444,CD,3,D2_pwm200_grab1
20214,-3608,1060,8332,CD,3,D2_pwm200_grab1
20220,2116,-216,7128,CD,3,D2_pwm200_grab1
20225,-3200,-1992,3600,CD,3,D2_pwm200_grab1
20229,-932,-4632,6540,CD,3,D2_pwm200_grab1
20235,432,1684,11436,CD,3,D2_pwm200_grab1
20239,-576,-1396,12976,CD,3,D2_pwm200_grab1
20245,-2704,-3044,6016,CD,3,D2_pwm200_grab1
20249,-2800,256,11168,CD,3,D2_pwm200_grab1
20254,100,2400,11772,CD,3,D2_pwm200_grab1
20259,-1312,-2264,10600,CD,3,D2_pwm200_grab1
20264,-3416,-5820,7276,CD,3,D2_pwm200_grab1
20269,3436,-3364,7588,CD,3,D2_pwm200_grab1
20274,-3388,908,10016,CD,3,D2_pwm200_grab1
20284,3844,-2592,9696,CD,3,D2_pwm200_grab1
20289,-1448,1064,6868,CD,3,D2_pwm200_grab1
20295,-28,240,10464,CD,3,D2_pwm200_grab1
20300,-3488,-6072,8660,CD,3,D2_pwm200_grab1
20305,5212,-1620,11056,CD,3,D2_pwm200_grab1
20310,-1544,1772,14704,CD,3,D2_pwm200_grab1
20315,-8860,-1880,11860,CD,3,D2_pwm200_grab1
20320,3240,-2928,10592,CD,3,D2_pwm200_grab1
20326,2068,780,10320,CD,3,D2_pwm200_grab1
20330,2088,-148,13960,CD,3,D2_pwm200_grab1
20335,-1048,-4188,9080,CD,3,D2_pwm200_grab1
20340,5580,-3648,7152,CD,3,D2_pwm200_grab1
20346,1180,3668,13560,CD,3,D2_pwm200_grab1
20352,-8964,-832,13560,CD,3,D2_pwm200_grab1
20355,3880,1976,13364,CD,3,D2_pwm200_grab1
20360,-2224,-3092,11348,CD,3,D2_pwm200_grab1
20365,-1504,-220,10560,CD,3,D2_pwm200_grab1
20371,6936,3928,13956,CD,3,D2_pwm200_grab1
20375,1988,56,10592,CD,3,D2_pwm200_grab1
20381,-348,-2976,6028,CD,3,D2_pwm200_grab1
20385,5892,-224,9464,CD,3,D2_pwm200_grab1
20390,2940,2568,16068,CD,3,D2_pwm200_grab1
20395,-2320,364,8508,CD,3,D2_pwm200_grab1
20401,2648,-1876,9388,CD,3,D2_pwm200_grab1
20405,11152,4916,7388,CD,3,D2_pwm200_grab1
20411,-1752,6208,14004,CD,3,D2_pwm200_grab1
20416,1392,-3532,6952,CD,3,D2_pwm200_grab1
20421,12004,-832,16784,CD,3,D2_pwm200_grab1
20425,2780,4244,11660,CD,3,D2_pwm200_grab1
20430,-2448,-268,8224,CD,3,D2_pwm200_grab1
20435,2536,-940,7380,CD,3,D2_pwm200_grab1
20440,1660,-1092,3668,CD,3,D2_pwm200_grab1
20445,-136,-1928,6512,CD,3,D2_pwm200_grab1
20451,1920,2156,10540,CD,3,D2_pwm200_grab1
20455,1352,-900,12744,CD,3,D2_pwm200_grab1
20460,496,-3372,5696,CD,3,D2_pwm200_grab1
20465,-2404,1500,10832,CD,3,D2_pwm200_grab1
20471,3708,3124,8888,CD,3,D2_pwm200_grab1
20475,56,-2100,4676,CD,3,D2_pwm200_grab1
20485,3108,-1096,11524,CD,3,D2_pwm200_grab1
20490,-3004,868,9156,CD,3,D2_pwm200_grab1
20500,1492,-2896,9112,CD,3,D2_pwm200_grab1
20505,-7952,1892,9612,CD,3,D2_pwm200_grab1
20511,-7424,-364,6012,CD,3,D2_pwm200_grab1
20520,4676,-1924,12384,CD,3,D2_pwm200_grab1
20526,612,380,12664,CD,3,D2_pwm200_grab1
20531,-7156,-628,8984,CD,3,D2_pwm200_grab1
20535,4416,-1264,9372,CD,3,D2_pwm200_grab1
20540,-1036,-1600,12132,CD,3,D2_pwm200_grab1
20546,-924,192,13116,CD,3,D2_pwm200_grab1
20551,1036,136,13104,CD,3,D2_pwm200_grab1
20556,4928,-2872,8028,CD,3,D2_pwm200_grab1
20560,-424,-1684,14116,CD,3,D2_pwm200_grab1
20566,-5640,524,9440,CD,3,D2_pwm200_grab1
20571,4044,-1268,11772,CD,3,D2_pwm200_grab1
20577,916,-1720,13612,CD,3,D2_pwm200_grab1
20582,-1532,-724,12548,CD,3,D2_pwm200_grab1
20587,2412,1660,12888,CD,3,D2_pwm200_grab1
20591,4192,-3524,9812,CD,3,D2_pwm200_grab1
20596,1900,-176,12368,CD,3,D2_pwm200_grab1
20601,-276,2728,9892,CD,3,D2_pwm200_grab1
20606,4572,-1732,10584,CD,3,D2_pwm200_grab1
20612,-1824,-1956,11380,CD,3,D2_pwm200_grab1
20617,1604,-1804,10284,CD,3,D2_pwm200_grab1
20621,6256,4908,7916,CD,3,D2_pwm200_grab1
20627,-840,3972,15512,CD,3,D2_pwm200_grab1
20631,4536,-2352,4548,CD,3,D2_pwm200_grab1
20636,3240,-652,6664,CD,3,D2_pwm200_grab1
20642,1376,6268,14756,CD,3,D2_pwm200_grab1
20646,-1348,-2640,10108,CD,3,D2_pwm200_grab1
20651,2892,-12,9328,CD,3,D2_pwm200_grab1
20656,5244,1404,14300,CD,3,D2_pwm200_grab1
20661,552,3244,8324,CD,3,D2_pwm200_grab1
20666,-4324,-612,6488,CD,3,D2_pwm200_grab1
20671,604,988,6392,CD,3,D2_pwm200_grab1
20676,928,1176,5644,CD,3,D2_pwm200_grab1
20681,-1256,1076,7812,CD,3,D2_pwm200_grab1
20686,2660,508,7060,CD,3,D2_pwm200_grab1
20691,2340,500,16948,CD,3,D2_pwm200_grab1
20697,-2192,-6976,9412,CD,3,D2_pwm200_grab1
20701,4644,1736,12732,CD,3,D2_pwm200_grab1
20706,-148,2776,9612,CD,3,D2_pwm200_grab1
20711,-4712,-4084,8504,CD,3,D2_pwm200_grab1
20716,-412,-2484,7920,CD,3,D2_pwm200_grab1
20722,-2468,3204,14332,CD,3,D2_pwm200_grab1
20727,-2092,-2656,12492,CD,3,D2_pwm200_grab1
20732,-3144,-8428,7320,CD,3,D2_pwm200_grab1
20737,5076,-3880,4564,CD,3,D2_pwm200_grab1
20741,56,788,12816,CD,3,D2_pwm200_grab1
20747,-9980,-2536,10012,CD,3,D2_pwm200_grab1
20752,2988,-3624,8912,CD,3,D2_pwm200_grab1
20756,4092,1184,10560,CD,3,D2_pwm200_grab1
20761,2692,1156,12832,CD,3,D2_pwm200_grab1
20766,-1396,-1768,7656,CD,3,D2_pwm200_grab1
20771,3204,-5248,5932,CD,3,D2_pwm200_grab1
20777,1000,384,11560,CD,3,D2_pwm200_grab1
20781,3152,-1208,11504,CD,3,D2_pwm200_grab1
20786,1516,2208,15820,CD,3,D2_pwm200_grab1
20791,-4596,-2672,9996,CD,3,D2_pwm200_grab1
20796,-3380,-1176,6256,CD,3,D2_pwm200_grab1
20802,4980,2612,14544,CD,3,D2_pwm200_grab1
20807,-1872,-460,13528,CD,3,D2_pwm200_grab1
20811,-2072,-5696,8016,CD,3,D2_pwm200_grab1
20817,2456,248,15116,CD,3,D2_pwm200_grab1
20823,2548,3348,17352,CD,3,D2_pwm200_grab1
20828,-2792,-1572,10036,CD,3,D2_pwm200_grab1
20833,-3888,-2300,7560,CD,3,D2_pwm200_grab1
20838,6796,3736,15008,CD,3,D2_pwm200_grab1
20842,376,432,14796,CD,3,D2_pwm200_grab1
20848,-1020,-6504,3176,CD,3,D2_pwm200_grab1
20852,4072,1776,16812,CD,3,D2_pwm200_grab1
20857,-352,4508,15540,CD,3,D2_pwm200_grab1
20862,-2040,-1052,11032,CD,3,D2_pwm200_grab1
20867,236,-1644,7520,CD,3,D2_pwm200_grab1
20873,8972,1768,10636,CD,3,D2_pwm200_grab1
20878,-1268,4400,11532,CD,3,D2_pwm200_grab1
20882,-4928,-128,8660,CD,3,D2_pwm200_grab1
20887,-588,-1704,5916,CD,3,D2_pwm200_grab1
20893,2176,3204,11184,CD,3,D2_pwm200_grab1
20898,-1408,1996,7796,CD,3,D2_pwm200_grab1
20902,2580,-1644,8736,CD,3,D2_pwm200_grab1
20908,-596,-2120,9816,CD,3,D2_pwm200_grab1
20912,880,-3416,6844,CD,3,D2_pwm200_grab1
20918,4512,3576,13732,CD,3,D2_pwm200_grab1
20923,740,804,13376,CD,3,D2_pwm200_grab1
20927,-2264,-2648,8820,CD,3,D2_pwm200_grab1
20932,-2344,-636,10080,CD,3,D2_pwm200_grab1
20937,2788,2704,16848,CD,3,D2_pwm200_grab1
20943,-784,-1784,10372,CD,3,D2_pwm200_grab1
20948,412,-6320,7492,CD,3,D2_pwm200_grab1
20953,6200,-2160,8712,CD,3,D2_pwm200_grab1
20957,-364,2940,10400,CD,3,D2_pwm200_grab1
20962,-10004,-3756,9868,CD,3,D2_pwm200_grab1
20967,3764,-4652,8308,CD,3,D2_pwm200_grab1
20972,120,1568,6588,CD,3,D2_pwm200_grab1
20977,3988,1292,12208,CD,3,D2_pwm200_grab1
20983,-2888,-3392,6520,CD,3,D2_pwm200_grab1
20987,4124,-4952,4072,CD,3,D2_pwm200_grab1
20993,-620,-4412,10964,CD,3,D2_pwm200_grab1
20997,3220,-1512,9228,CD,3,D2_pwm200_grab1
21002,2784,1208,13584,CD,3,D2_pwm200_grab1
21007,-3664,-3632,8800,CD,3,D2_pwm200_grab1
21013,-2488,116,9820,CD,3,D2_pwm200_grab1
21017,5104,3504,10492,CD,3,D2_pwm200_grab1
21022,-608,-2196,10756,CD,3,D2_pwm200_grab1
21027,-1908,-6844,4776,CD,3,D2_pwm200_grab1
21032,3700,-1684,12064,CD,3,D2_pwm200_grab1
21038,1740,5280,12476,CD,3,D2_pwm200_grab1
21043,-3508,804,9780,CD,3,D2_pwm200_grab1
21047,1064,-1048,6300,CD,3,D2_pwm200_grab1
21053,9320,1400,11148,CD,3,D2_pwm200_grab1
21058,-3572,3732,13036,CD,3,D2_pwm200_grab1
21063,-3352,-2404,10928,CD,3,D2_pwm200_grab1
21068,4540,-4080,10464,CD,3,D2_pwm200_grab1
21072,1456,5564,13596,CD,3,D2_pwm200_grab1
21078,-2880,1544,8572,CD,3,D2_pwm200_grab1
21083,388,-1928,7300,CD,3,D2_pwm200_grab1
21088,4516,500,12200,CD,3,D2_pwm200_grab1
21093,-1860,4248,13048,CD,3,D2_pwm200_grab1
21099,-5732,-1744,9340,CD,3,D2_pwm200_grab1
21104,1280,-2256,7560,CD,3,D2_pwm200_grab1
21108,2212,3308,9076,CD,3,D2_pwm200_grab1
21113,-1428,1932,8256,CD,3,D2_pwm200_grab1
21118,1564,-1316,8132,CD,3,D2_pwm200_grab1
21123,-672,-2420,9552,CD,3,D2_pwm200_grab1
21128,-876,-6504,9532,CD,3,D2_pwm200_grab1
21134,4312,3740,13740,CD,3,D2_pwm200_grab1
21138,592,1812,13364,CD,3,D2_pwm200_grab1
21144,-2244,-2640,8840,CD,3,D2_pwm200_grab1
21148,-44,512,10584,CD,3,D2_pwm200_grab1
21153,2492,2748,17116,CD,3,D2_pwm200_grab1
21158,-3188,-2456,14016,CD,3,D2_pwm200_grab1
21164,-1480,-2424,8752,CD,3,D2_pwm200_grab1
21168,6568,-4132,6496,CD,3,D2_pwm200_grab1
21174,572,3184,11064,CD,3,D2_pwm200_grab1
21178,-8092,-1384,10680,CD,3,D2_pwm200_grab1
21183,3768,-4452,8236,CD,3,D2_pwm200_grab1
21189,6692,492,13044,CD,3,D2_pwm200_grab1
21194,2224,676,11852,CD,3,D2_pwm200_grab1
21198,2420,-328,9260,CD,3,D2_pwm200_grab1
21204,3696,-4720,3592,CD,3,D2_pwm200_grab1
21209,-1032,-4984,2764,CD,3,D2_pwm200_grab1
21213,3992,-828,13100,CD,3,D2_pwm200_grab1
21219,-36,2036,14468,CD,3,D2_pwm200_grab1
21223,-2720,-2584,7960,CD,3,D2_pwm200_grab1
21229,-312,-1908,8332,CD,3,D2_pwm200_grab1
21233,6588,3832,11816,CD,3,D2_pwm200_grab1
21239,-1280,1144,12560,CD,3,D2_pwm200_grab1
21243,-1404,-7096,1792,CD,3,D2_pwm200_grab1
21248,-3512,-3044,2180,CD,3,D2_pwm200_grab1
21253,288,2276,7436,CD,3,D2_pwm200_grab1
21258,-1592,704,6512,CD,3,D2_pwm200_grab1
21263,744,-816,5936,CD,3,D2_pwm200_grab1
21269,2496,-496,14772,CD,3,D2_pwm200_grab1
21274,-2140,2792,9412,CD,3,D2_pwm200_grab1
21279,-5132,-1380,8256,CD,3,D2_pwm200_grab1
21284,-5032,-1208,3704,CD,3,D2_pwm200_grab1
21289,-496,2648,5400,CD,3,D2_pwm200_grab1
21293,108,-1552,8684,CD,3,D2_pwm200_grab1
21298,-468,3456,15572,CD,3,D2_pwm200_grab1
21304,-6192,-2780,10384,CD,3,D2_pwm200_grab1
21308,-3352,-9180,9608,CD,3,D2_pwm200_grab1
21314,2572,-276,11784,CD,3,D2_pwm200_grab1
21318,-2276,380,11288,CD,3,D2_pwm200_grab1
21323,-9596,-4840,7368,CD,3,D2_pwm200_grab1
21328,276,-1052,9056,CD,3,D2_pwm200_grab1
21335,-2900,2656,15676,CD,3,D2_pwm200_grab1
21340,-8072,-2860,8132,CD,3,D2_pwm200_grab1
21345,-3108,-8572,10500,CD,3,D2_pwm200_grab1
21350,4580,336,14580,CD,3,D2_pwm200_grab1
21355,520,3192,12212,CD,3,D2_pwm200_grab1
21360,-7232,-3748,8864,CD,3,D2_pwm200_grab1
21364,1148,-2696,10208,CD,3,D2_pwm200_grab1
21369,-4340,2848,12320,CD,3,D2_pwm200_grab1
21376,-6980,-1564,6596,CD,3,D2_pwm200_grab1
21380,3616,412,13800,CD,3,D2_pwm200_grab1
21384,3752,-2792,9404,CD,3,D2_pwm200_grab1
21390,2504,-12,13808,CD,3,D2_pwm200_grab1
21394,960,2696,8936,CD,3,D2_pwm200_grab1
21399,4784,-684,11356,CD,3,D2_pwm200_grab1
21404,-4064,-2768,12548,CD,3,D2_pwm200_grab1
21409,540,820,12952,CD,3,D2_pwm200_grab1
21415,5728,3216,12844,CD,3,D2_pwm200_grab1
21420,-12,4116,14760,CD,3,D2_pwm200_grab1
21424,3668,-2508,7308,CD,3,D2_pwm200_grab1
21429,4044,2888,11912,CD,3,D2_pwm200_grab1
21434,3292,5892,14480,CD,3,D2_pwm200_grab1
21439,-684,-400,9728,CD,3,D2_pwm200_grab1
21444,2388,-2332,9484,CD,3,D2_pwm200_grab1
21449,11508,4712,8288,CD,3,D2_pwm200_grab1
21455,-2416,5656,14564,CD,3,D2_pwm200_grab1
21460,1112,-2472,7652,CD,3,D2_pwm200_grab1
21464,2932,568,13880,CD,3,D2_pwm200_grab1
21470,864,-2272,6392,CD,3,D2_pwm200_grab1
21474,-848,1624,9892,CD,3,D2_pwm200_grab1
21479,4736,2040,8752,CD,3,D2_pwm200_grab1
21484,-212,-236,4232,CD,3,D2_pwm200_grab1
21490,-776,-2220,5576,CD,3,D2_pwm200_grab1
21494,3556,3104,11752,CD,3,D2_pwm200_grab1
21499,376,-1172,13272,CD,3,D2_pwm200_grab1
21504,-10324,-5376,7860,CD,3,D2_pwm200_grab1
21510,1808,-3180,7404,CD,3,D2_pwm200_grab1
21514,-2188,2472,7364,CD,3,D2_pwm200_grab1
21520,-3664,-1072,5932,CD,3,D2_pwm200_grab1
21524,-2420,-5716,8488,CD,3,D2_pwm200_grab1
21529,3616,-1940,8820,CD,3,D2_pwm200_grab1
21535,-1532,1364,10808,CD,3,D2_pwm200_grab1
21544,3272,-4436,8936,CD,3,D2_pwm200_grab1
21549,-3612,-1724,10824,CD,3,D2_pwm200_grab1
21554,-2556,80,8620,CD,3,D2_pwm200_grab1
21560,4620,1788,12164,CD,3,D2_pwm200_grab1
21565,-1784,-2152,9248,CD,3,D2_pwm200_grab1
21569,-840,-4792,10836,CD,3,D2_pwm200_grab1
21575,2868,-716,13980,CD,3,D2_pwm200_grab1
21579,3040,2908,15000,CD,3,D2_pwm200_grab1
21585,-4872,-3104,9576,CD,3,D2_pwm200_grab1
21591,-3068,-1104,9432,CD,3,D2_pwm200_grab1
21595,6020,1920,14508,CD,3,D2_pwm200_grab1
21600,-144,72,13400,CD,3,D2_pwm200_grab1
21605,-2856,-6008,4764,CD,3,D2_pwm200_grab1
21611,3560,2452,15648,CD,3,D2_pwm200_grab1
21616,-436,4672,15764,CD,3,D2_pwm200_grab1
21620,-3520,-2532,10540,CD,3,D2_pwm200_grab1
21626,-872,-1692,7920,CD,3,D2_pwm200_grab1
21630,7768,3644,12856,CD,3,D2_pwm200_grab1
21636,-1216,3984,10204,CD,3,D2_pwm200_grab1
21641,-4948,-1704,9124,CD,3,D2_pwm200_grab1
21645,-2304,684,6016,CD,3,D2_pwm200_grab1
21650,2172,2844,9816,CD,3,D2_pwm200_grab1
21655,-1540,1712,8704,CD,3,D2_pwm200_grab1
21661,2132,-1096,8924,CD,3,D2_pwm200_grab1
21665,1932,-280,17488,CD,3,D2_pwm200_grab1
21670,540,3472,9516,CD,3,D2_pwm200_grab1
21676,5068,2708,14596,CD,3,D2_pwm200_grab1
21680,1116,2108,14256,CD,3,D2_pwm200_grab1
21685,-4112,-3464,9976,CD,3,D2_pwm200_grab1
21690,764,256,9340,CD,3,D2_pwm200_grab1
21695,-2648,2204,15528,CD,3,D2_pwm200_grab1
21700,-3256,-2240,11420,CD,3,D2_pwm200_grab1
21706,-3120,-6432,10532,CD,3,D2_pwm200_grab1
21710,5456,1272,12524,CD,3,D2_pwm200_grab1
21716,-364,2952,9216,CD,3,D2_pwm200_grab1
21720,-9252,-2432,8368,CD,3,D2_pwm200_grab1
21725,4372,-2528,8220,CD,3,D2_pwm200_grab1
21730,4580,76,11252,CD,3,D2_pwm200_grab1
21735,396,1660,12768,CD,3,D2_pwm200_grab1
21740,944,-816,10612,CD,3,D2_pwm200_grab1
21745,4616,-3040,5752,CD,3,D2_pwm200_grab1
21750,844,-1140,11280,CD,3,D2_pwm200_grab1
21755,-1512,1552,6976,CD,3,D2_pwm200_grab1
21761,-788,3332,13156,CD,3,D2_pwm200_grab1
21765,-3304,-3128,8820,CD,3,D2_pwm200_grab1
21771,356,-1144,6124,CD,3,D2_pwm200_grab1
21775,6952,5208,6996,CD,3,D2_pwm200_grab1
21780,-4492,1748,13380,CD,3,D2_pwm200_grab1
21785,2172,-4344,4656,CD,3,D2_pwm200_grab1
21790,-320,248,7156,CD,3,D2_pwm200_grab1
21795,2516,5612,13284,CD,3,D2_pwm200_grab1
21801,-3636,-1340,8828,CD,3,D2_pwm200_grab1
21806,1684,652,6368,CD,3,D2_pwm200_grab1
21811,1184,-196,16288,CD,3,D2_pwm200_grab1
21816,-3508,-316,6496,CD,3,D2_pwm200_grab1
21820,-1156,216,10896,CD,3,D2_pwm200_grab1
21826,-36,-724,11592,CD,3,D2_pwm200_grab1
21830,1936,500,7568,CD,3,D2_pwm200_grab1
21836,-2500,1464,11332,CD,3,D2_pwm200_grab1
21841,3420,2244,8100,CD,3,D2_pwm200_grab1
21847,-3976,-3532,2836,CD,3,D2_pwm200_grab1
21851,-1360,-1604,7848,CD,3,D2_pwm200_grab1
21856,364,2140,12344,CD,3,D2_pwm200_grab1
21862,680,68,13692,CD,3,D2_pwm200_grab1
21867,-2804,-420,7944,CD,3,D2_pwm200_grab1
21871,-2072,828,10784,CD,3,D2_pwm200_grab1
21876,1232,2604,13400,CD,3,D2_pwm200_grab1
21881,-1348,-3216,7504,CD,3,D2_pwm200_grab1
21888,-1472,-5696,9320,CD,3,D2_pwm200_grab1
21891,4008,-3024,8712,CD,3,D2_pwm200_grab1
21896,-1088,2868,11636,CD,3,D2_pwm200_grab1
21901,-7868,-3252,11420,CD,3,D2_pwm200_grab1
21907,4836,-3640,10268,CD,3,D2_pwm200_grab1
21912,1868,2152,10316,CD,3,D2_pwm200_grab1
21916,4104,696,12312,CD,3,D2_pwm200_grab1
21922,-1416,-3700,8840,CD,3,D2_pwm200_grab1
21927,5884,-2700,8076,CD,3,D2_pwm200_grab1
21931,-760,-3404,6688,CD,3,D2_pwm200_grab1
21936,6284,460,13944,CD,3,D2_pwm200_grab1
21942,2144,2404,15360,CD,3,D2_pwm200_grab1
21947,-804,-2328,11828,CD,3,D2_pwm200_grab1
21952,-764,-2796,10472,CD,3,D2_pwm200_grab1
21957,7700,4852,14208,CD,3,D2_pwm200_grab1
21961,1784,1104,13240,CD,3,D2_pwm200_grab1
21967,-548,-4776,1868,CD,3,D2_pwm200_grab1
21971,3608,872,10552,CD,3,D2_pwm200_grab1
21977,2708,3332,10724,CD,3,D2_pwm200_grab1
21982,-1584,464,7232,CD,3,D2_pwm200_grab1
21987,2592,-1032,7556,CD,3,D2_pwm200_grab1
21992,3600,848,17236,CD,3,D2_pwm200_grab1
21996,292,5180,8512,CD,3,D2_pwm200_grab1
22002,-4192,464,7472,CD,3,D2_pwm200_grab1
22006,-2124,-880,3872,CD,3,D2_pwm200_grab1
22012,604,2156,7132,CD,3,D2_pwm200_grab1
22016,-2020,-88,9576,CD,3,D2_pwm200_grab1
22022,580,3252,15828,CD,3,D2_pwm200_grab1
22026,-2432,-2792,12640,CD,3,D2_pwm200_grab1
22031,-2140,-7788,6904,CD,3,D2_pwm200_grab1
22036,3024,624,13328,CD,3,D2_pwm200_grab1
22042,-108,284,10720,CD,3,D2_pwm200_grab1
22046,-9040,-3456,7864,CD,3,D2_pwm200_grab1
22051,1040,-2720,7088,CD,3,D2_pwm200_grab1
22057,-3912,1780,11944,CD,3,D2_pwm200_grab1
22061,-480,1264,12120,CD,3,D2_pwm200_grab1
22067,-2580,-1524,9380,CD,3,D2_pwm200_grab1
22071,2432,-5832,4612,CD,3,D2_pwm200_grab1
22076,-436,-1020,12316,CD,3,D2_pwm200_grab1
22081,-4452,524,7340,CD,3,D2_pwm200_grab1
22087,2980,-2604,10372,CD,3,D2_pwm200_grab1
22091,-1504,-748,9932,CD,3,D2_pwm200_grab1
22097,-2128,-376,13092,CD,3,D2_pwm200_grab1
22102,5252,644,12796,CD,3,D2_pwm200_grab1
22107,2500,-4796,7828,CD,3,D2_pwm200_grab1
22112,-564,-3836,12500,CD,3,D2_pwm200_grab1
22117,476,1804,9620,CD,3,D2_pwm200_grab1
22122,3236,2220,13920,CD,3,D2_pwm200_grab1
22127,-4332,-1568,11628,CD,3,D2_pwm200_grab1
22133,-2608,628,9372,CD,3,D2_pwm200_grab1
22137,5676,2496,12772,CD,3,D2_pwm200_grab1
22144,-240,-1520,12212,CD,3,D2_pwm200_grab1
22147,1492,-1984,7976,CD,3,D2_pwm200_grab1
22157,3540,5556,13972,CD,3,D2_pwm200_grab1
22162,-1712,1740,9924,CD,3,D2_pwm200_grab1
22167,1948,-2992,9652,CD,3,D2_pwm200_grab1
22173,9056,2372,12468,CD,3,D2_pwm200_grab1
22177,-1604,5564,13220,CD,3,D2_pwm200_grab1
22182,-4896,-1896,9944,CD,3,D2_pwm200_grab1
22188,1836,116,13980,CD,3,D2_pwm200_grab1
22192,176,-1676,8376,CD,3,D2_pwm200_grab1
22198,-1416,476,9912,CD,3,D2_pwm200_grab1
22202,3056,2148,14748,CD,3,D2_pwm200_grab1
22208,-1144,-1968,6660,CD,3,D2_pwm200_grab1
22212,328,-4024,7860,CD,3,D2_pwm200_grab1
22217,2656,4064,11876,CD,3,D2_pwm200_grab1
22223,816,2308,14108,CD,3,D2_pwm200_grab1
22227,-2192,-4136,8288,CD,3,D2_pwm200_grab1
22232,4404,-3448,8976,CD,3,D2_pwm200_grab1
22238,2172,2528,9036,CD,3,D2_pwm200_grab1
22242,4440,280,12068,CD,3,D2_pwm200_grab1
22247,-656,-3780,6904,CD,3,D2_pwm200_grab1
22252,4664,-2220,5916,CD,3,D2_pwm200_grab1
22258,2296,1836,10740,CD,3,D2_pwm200_grab1
22262,-8572,-2936,8840,CD,3,D2_pwm200_grab1
22267,4972,-3428,7376,CD,3,D2_pwm200_grab1
22273,-1572,-2712,9972,CD,3,D2_pwm200_grab1
22278,-3480,256,7904,CD,3,D2_pwm200_grab1
22282,9644,4496,11928,CD,3,D2_pwm200_grab1
22287,-1308,-2044,10760,CD,3,D2_pwm200_grab1
22292,272,-5844,1184,CD,3,D2_pwm200_grab1
22297,2332,640,13268,CD,3,D2_pwm200_grab1
22302,36,2888,12620,CD,3,D2_pwm200_grab1
22308,-4224,-2328,9268,CD,3,D2_pwm200_grab1
22313,1460,-620,6948,CD,3,D2_pwm200_grab1
22317,3432,1704,11604,CD,3,D2_pwm200_grab1
3010,-4072,-6892,10560,CD,0,D2_pwm200_grab2
3015,4008,-2268,11284,CD,0,D2_pwm200_grab2
3020,-3200,172,11076,CD,0,D2_pwm200_grab2
3024,-10968,-4680,9892,CD,0,D2_pwm200_grab2
3031,2004,-3728,9480,CD,0,D2_pwm200_grab2
3035,-4584,2436,7504,CD,0,D2_pwm200_grab2
3041,3032,592,11800,CD,0,D2_pwm200_grab2
3046,-5296,-7612,10532,CD,0,D2_pwm200_grab2
3050,4428,-3524,11184,CD,0,D2_pwm200_grab2
3055,-2292,1932,11912,CD,0,D2_pwm200_grab2
3060,-9452,-2448,12520,CD,0,D2_pwm200_grab2
3065,3212,-2456,10928,CD,0,D2_pwm200_grab2
3070,1848,3120,8740,CD,0,D2_pwm200_grab2
3075,168,-276,11432,CD,0,D2_pwm200_grab2
3081,5592,2788,11516,CD,0,D2_pwm200_grab2
3086,3296,-2124,8236,CD,0,D2_pwm200_grab2
3090,756,-2984,11680,CD,0,D2_pwm200_grab2
3095,2240,1308,8760,CD,0,D2_pwm200_grab2
3101,4016,2992,15452,CD,0,D2_pwm200_grab2
3105,-4600,-1708,11840,CD,0,D2_pwm200_grab2
3110,-1688,800,10012,CD,0,D2_pwm200_grab2
3115,8512,5480,9752,CD,0,D2_pwm200_grab2
3120,-3000,4808,15700,CD,0,D2_pwm200_grab2
3126,2928,-1968,6676,CD,0,D2_pwm200_grab2
3136,2428,5488,11704,CD,0,D2_pwm200_grab2
3140,-2096,-1476,9252,CD,0,D2_pwm200_grab2
3145,2416,-1696,9796,CD,0,D2_pwm200_grab2
3151,9796,4152,8912,CD,0,D2_pwm200_grab2
3155,-3616,4568,14344,CD,0,D2_pwm200_grab2
3161,496,2464,9372,CD,0,D2_pwm200_grab2
3166,4648,808,10536,CD,0,D2_pwm200_grab2
3170,2168,-260,8328,CD,0,D2_pwm200_grab2
3176,-1540,2008,8260,CD,0,D2_pwm200_grab2
3181,4140,308,8404,CD,0,D2_pwm200_grab2
3185,1032,-1564,11172,CD,0,D2_pwm200_grab2
3190,1132,160,5872,CD,0,D2_pwm200_grab2
3195,292,1272,8236,CD,0,D2_pwm200_grab2
3200,-208,928,10048,CD,0,D2_pwm200_grab2
3206,-8556,-3096,7764,CD,0,D2_pwm200_grab2
3210,1212,-1392,7648,CD,0,D2_pwm200_grab2
3216,-4032,880,11876,CD,0,D2_pwm200_grab2
3220,-6860,-1720,5100,CD,0,D2_pwm200_grab2
3230,6188,-368,11420,CD,0,D2_pwm200_grab2
3236,-2892,-448,9296,CD,0,D2_pwm200_grab2
3240,-8524,-4772,6768,CD,0,D2_pwm200_grab2
3246,4868,-3316,8128,CD,0,D2_pwm200_grab2
3251,4736,2216,12404,CD,0,D2_pwm200_grab2
3256,-2424,-680,11080,CD,0,D2_pwm200_grab2
3261,100,-1256,11624,CD,0,D2_pwm200_grab2
3265,3572,-5584,5984,CD,0,D2_pwm200_grab2
3271,664,-1880,12784,CD,0,D2_pwm200_grab2
3275,-10016,-3908,10284,CD,0,D2_pwm200_grab2
3281,2784,-2648,9996,CD,0,D2_pwm200_grab2
3286,3900,1308,14732,CD,0,D2_pwm200_grab2
3292,-396,1128,12408,CD,0,D2_pwm200_grab2
3297,-564,-2144,11932,CD,0,D2_pwm200_grab2
3302,3248,-4520,7284,CD,0,D2_pwm200_grab2
3306,1452,320,12844,CD,0,D2_pwm200_grab2
3312,-4524,-808,9052,CD,0,D2_pwm200_grab2
3317,4012,-1812,11256,CD,0,D2_pwm200_grab2
3321,472,1080,12384,CD,0,D2_pwm200_grab2
3328,-236,1148,14504,CD,0,D2_pwm200_grab2
3332,8004,5060,12552,CD,0,D2_pwm200_grab2
3336,-4080,1800,15544,CD,0,D2_pwm200_grab2
3342,2856,-5020,5784,CD,0,D2_pwm200_grab2
3346,3708,972,11612,CD,0,D2_pwm200_grab2
3352,8,6504,15208,CD,0,D2_pwm200_grab2
3357,-2156,-3232,9900,CD,0,D2_pwm200_grab2
3361,1452,-524,10704,CD,0,D2_pwm200_grab2
3367,9524,6008,11624,CD,0,D2_pwm200_grab2
3371,464,3952,11144,CD,0,D2_pwm200_grab2
3377,-4048,1028,10736,CD,0,D2_pwm200_grab2
3381,-1504,2580,6112,CD,0,D2_pwm200_grab2
3386,1188,4036,9540,CD,0,D2_pwm200_grab2
3391,-2088,1080,9928,CD,0,D2_pwm200_grab2
3396,1908,-508,9156,CD,0,D2_pwm200_grab2
3401,2712,-1492,16328,CD,0,D2_pwm200_grab2
3407,2044,1344,9652,CD,0,D2_pwm200_grab2
3411,-3080,2360,8844,CD,0,D2_pwm200_grab2
3417,264,2540,13400,CD,0,D2_pwm200_grab2
3421,-3376,-3252,9948,CD,0,D2_pwm200_grab2
3426,-12,252,9972,CD,0,D2_pwm200_grab2
3432,928,1524,17148,CD,0,D2_pwm200_grab2
3437,-4812,-2732,10812,CD,0,D2_pwm200_grab2
3442,-1312,-5792,7744,CD,0,D2_pwm200_grab2
3446,5748,2176,12068,CD,0,D2_pwm200_grab2
3451,236,1768,11972,CD,0,D2_pwm200_grab2
3456,-9172,-2656,10216,CD,0,D2_pwm200_grab2
3461,5256,-3904,7648,CD,0,D2_pwm200_grab2
3467,5940,2916,13132,CD,0,D2_pwm200_grab2
3471,2656,852,10672,CD,0,D2_pwm200_grab2
3476,-1064,-1972,11344,CD,0,D2_pwm200_grab2
3482,5760,-4688,5780,CD,0,D2_pwm200_grab2
3486,1768,1576,10632,CD,0,D2_pwm200_grab2
3496,3488,-4028,8856,CD,0,D2_pwm200_grab2
3501,-1280,-2020,8676,CD,0,D2_pwm200_grab2
3507,428,-432,6036,CD,0,D2_pwm200_grab2
3511,7452,3844,12020,CD,0,D2_pwm200_grab2
3517,-1576,416,11080,CD,0,D2_pwm200_grab2
3522,-1972,-7304,4460,CD,0,D2_pwm200_grab2
3526,2112,248,12880,CD,0,D2_pwm200_grab2
3531,1244,2388,15772,CD,0,D2_pwm200_grab2
3537,-4168,-2924,7884,CD,0,D2_pwm200_grab2
3542,-1288,-908,7224,CD,0,D2_pwm200_grab2
3548,6388,4876,10064,CD,0,D2_pwm200_grab2
3552,-2076,-320,13512,CD,0,D2_pwm200_grab2
3557,-232,-6912,2792,CD,0,D2_pwm200_grab2
3563,3228,380,14256,CD,0,D2_pwm200_grab2
3567,-1820,4184,13708,CD,0,D2_pwm200_grab2
3572,-2756,-1692,9360,CD,0,D2_pwm200_grab2
3578,-644,-1780,7672,CD,0,D2_pwm200_grab2
3582,7316,4860,13336,CD,0,D2_pwm200_grab2
3588,-884,2712,12192,CD,0,D2_pwm200_grab2
3592,-6316,-1568,11572,CD,0,D2_pwm200_grab2
3597,-5220,416,3464,CD,0,D2_pwm200_grab2
3602,1632,4216,10996,CD,0,D2_pwm200_grab2
3608,-3232,1620,10072,CD,0,D2_pwm200_grab2
3612,184,-1128,9080,CD,0,D2_pwm200_grab2
3618,2648,-1912,14820,CD,0,D2_pwm200_grab2
3623,880,3856,12956,CD,0,D2_pwm200_grab2
3627,3772,3316,13804,CD,0,D2_pwm200_grab2
3633,-144,1148,13024,CD,0,D2_pwm200_grab2
3637,-2852,-1552,11132,CD,0,D2_pwm200_grab2
3643,580,1040,10792,CD,0,D2_pwm200_grab2
3647,1260,2888,17592,CD,0,D2_pwm200_grab2
3652,-456,-2472,11268,CD,0,D2_pwm200_grab2
3657,-176,-5756,9620,CD,0,D2_pwm200_grab2
3663,4868,4048,12072,CD,0,D2_pwm200_grab2
3667,472,1416,12520,CD,0,D2_pwm200_grab2
3672,-8996,-3136,9816,CD,0,D2_pwm200_grab2
3678,5104,-3292,10080,CD,0,D2_pwm200_grab2
3683,2452,1944,8324,CD,0,D2_pwm200_grab2
3688,2972,1028,12448,CD,0,D2_pwm200_grab2
3693,-2760,-4544,9252,CD,0,D2_pwm200_grab2
3698,6304,-2768,6980,CD,0,D2_pwm200_grab2
3703,1456,2988,12468,CD,0,D2_pwm200_grab2
3708,-8560,-2396,10700,CD,0,D2_pwm200_grab2
3712,4036,1088,11504,CD,0,D2_pwm200_grab2
3717,-1088,-3696,10132,CD,0,D2_pwm200_grab2
3723,260,864,8036,CD,0,D2_pwm200_grab2
3728,7708,4464,11440,CD,0,D2_pwm200_grab2
3732,312,-1968,8468,CD,0,D2_pwm200_grab2
3737,-384,-3956,4116,CD,0,D2_pwm200_grab2
3742,3744,-1968,10080,CD,0,D2_pwm200_grab2
3747,2204,616,14436,CD,0,D2_pwm200_grab2
3753,-5328,-3124,9004,CD,0,D2_pwm200_grab2
3758,2228,-1072,7436,CD,0,D2_pwm200_grab2
3763,7808,3172,8224,CD,0,D2_pwm200_grab2
3768,-3960,4080,12528,CD,0,D2_pwm200_grab2
3773,-2264,-5020,9996,CD,0,D2_pwm200_grab2
3777,8404,-2688,14504,CD,0,D2_pwm200_grab2
3782,1408,5068,11040,CD,0,D2_pwm200_grab2
3787,-4736,-1236,7152,CD,0,D2_pwm200_grab2
3793,552,-1084,8244,CD,0,D2_pwm200_grab2
3799,6848,3372,8444,CD,0,D2_pwm200_grab2
3803,-3388,3628,14384,CD,0,D2_pwm200_grab2
3808,-6840,-3672,10612,CD,0,D2_pwm200_grab2
3814,6804,-2340,13356,CD,0,D2_pwm200_grab2
3818,692,3128,9324,CD,0,D2_pwm200_grab2
3823,-2816,152,9008,CD,0,D2_pwm200_grab2
3828,-1020,-1880,7560,CD,0,D2_pwm200_grab2
3833,7840,1864,12204,CD,0,D2_pwm200_grab2
3838,-1824,2384,10568,CD,0,D2_pwm200_grab2
3843,1788,3672,13656,CD,0,D2_pwm200_grab2
3848,-1556,-516,11872,CD,0,D2_pwm200_grab2
3854,-768,-784,9620,CD,0,D2_pwm200_grab2
3858,304,1316,10552,CD,0,D2_pwm200_grab2
3864,1804,960,13808,CD,0,D2_pwm200_grab2
3868,-2320,-3600,11048,CD,0,D2_pwm200_grab2
3874,1300,-4072,7952,CD,0,D2_pwm200_grab2
3878,4536,3300,14152,CD,0,D2_pwm200_grab2
3883,-548,3620,13196,CD,0,D2_pwm200_grab2
3889,-8844,-1868,11396,CD,0,D2_pwm200_grab2
3894,4064,-3268,9928,CD,0,D2_pwm200_grab2
3898,3832,2672,11220,CD,0,D2_pwm200_grab2
3903,3984,1380,13056,CD,0,D2_pwm200_grab2
3908,-1312,-3032,12220,CD,0,D2_pwm200_grab2
3914,7036,-2448,7736,CD,0,D2_pwm200_grab2
3918,2512,3116,12200,CD,0,D2_pwm200_grab2
3923,-8576,-2188,10320,CD,0,D2_pwm200_grab2
3928,3548,2644,14960,CD,0,D2_pwm200_grab2
3934,-152,-1576,11808,CD,0,D2_pwm200_grab2
3939,-1432,-432,8148,CD,0,D2_pwm200_grab2
3949,1420,-192,10468,CD,0,D2_pwm200_grab2
3958,4316,1000,13652,CD,0,D2_pwm200_grab2
3964,2076,1220,14556,CD,0,D2_pwm200_grab2
3968,-1032,-1268,7492,CD,0,D2_pwm200_grab2
3974,1512,-1308,8644,CD,0,D2_pwm200_grab2
3984,1196,4676,10292,CD,0,D2_pwm200_grab2
3988,-6312,-2116,9072,CD,0,D2_pwm200_grab2
3993,-2748,580,3728,CD,0,D2_pwm200_grab2
3999,1076,1700,8036,CD,0,D2_pwm200_grab2
4004,-1708,904,8804,CD,0,D2_pwm200_grab2
4008,796,-1172,7816,CD,0,D2_pwm200_grab2
4014,-832,-1972,9112,CD,0,D2_pwm200_grab2
4018,-980,-3936,4212,CD,0,D2_pwm200_grab2
4023,2540,3148,11888,CD,0,D2_pwm200_grab2
4028,-2184,-1228,11332,CD,0,D2_pwm200_grab2
4034,-4508,-3532,9448,CD,0,D2_pwm200_grab2
4038,-924,-296,8856,CD,0,D2_pwm200_grab2
4043,-308,2124,15412,CD,0,D2_pwm200_grab2
4049,-3216,-3540,10192,CD,0,D2_pwm200_grab2
4054,-1832,-7456,7952,CD,0,D2_pwm200_grab2
4059,2128,1336,12900,CD,0,D2_pwm200_grab2
4064,-2236,-124,10560,CD,0,D2_pwm200_grab2
4069,-6536,-2988,10316,CD,0,D2_pwm200_grab2
4074,-360,16,9340,CD,0,D2_pwm200_grab2
4080,-3660,2112,14400,CD,0,D2_pwm200_grab2
4084,-7216,-2916,8648,CD,0,D2_pwm200_grab2
4094,3916,-760,13452,CD,0,D2_pwm200_grab2
4099,556,1512,12300,CD,0,D2_pwm200_grab2
4110,4848,-2600,9892,CD,0,D2_pwm200_grab2
4114,3376,1280,14316,CD,0,D2_pwm200_grab2
4119,-632,8,11916,CD,0,D2_pwm200_grab2
4124,-1108,-1948,11208,CD,0,D2_pwm200_grab2
4130,4944,-3520,7176,CD,0,D2_pwm200_grab2
4135,424,-692,11640,CD,0,D2_pwm200_grab2
4139,4536,2008,15924,CD,0,D2_pwm200_grab2
4144,284,4252,15084,CD,0,D2_pwm200_grab2
4149,-440,-1280,11660,CD,0,D2_pwm200_grab2
4154,640,-1544,8356,CD,0,D2_pwm200_grab2
4160,8236,5332,14680,CD,0,D2_pwm200_grab2
4164,-1684,2680,14552,CD,0,D2_pwm200_grab2
4169,1276,-4728,1752,CD,0,D2_pwm200_grab2
4174,2680,564,7768,CD,0,D2_pwm200_grab2
4179,-436,4596,13972,CD,0,D2_pwm200_grab2
4184,-792,1460,10396,CD,0,D2_pwm200_grab2
4190,1820,-1120,8616,CD,0,D2_pwm200_grab2
4195,2128,-1060,16880,CD,0,D2_pwm200_grab2
4199,2328,4008,8804,CD,0,D2_pwm200_grab2
4205,-3572,1220,9212,CD,0,D2_pwm200_grab2
4209,808,1100,6588,CD,0,D2_pwm200_grab2
4214,1864,2316,7960,CD,0,D2_pwm200_grab2
4220,-1784,1332,9464,CD,0,D2_pwm200_grab2
4225,-876,1328,16292,CD,0,D2_pwm200_grab2
4229,-2076,-2300,11552,CD,0,D2_pwm200_grab2
4234,76,-6808,8492,CD,0,D2_pwm200_grab2
4239,3372,2536,12536,CD,0,D2_pwm200_grab2
4245,456,1696,11464,CD,0,D2_pwm200_grab2
4255,1748,-396,8084,CD,0,D2_pwm200_grab2
4260,-2572,976,13332,CD,0,D2_pwm200_grab2
4264,-6832,-660,6168,CD,0,D2_pwm200_grab2
4269,-2872,-2820,7804,CD,0,D2_pwm200_grab2
4274,3576,-4188,5280,CD,0,D2_pwm200_grab2
4279,200,256,10476,CD,0,D2_pwm200_grab2
4289,3336,-4164,8908,CD,0,D2_pwm200_grab2
4294,4816,380,12972,CD,0,D2_pwm200_grab2
4300,-2256,-212,10500,CD,0,D2_pwm200_grab2
4304,1376,1368,12040,CD,0,D2_pwm200_grab2
4311,2748,-4880,5876,CD,0,D2_pwm200_grab2
4315,760,-3204,11328,CD,0,D2_pwm200_grab2
4321,-5396,372,8552,CD,0,D2_pwm200_grab2
4325,2484,-1260,11032,CD,0,D2_pwm200_grab2
4331,-1400,176,12020,CD,0,D2_pwm200_grab2
4336,76,840,11488,CD,0,D2_pwm200_grab2
4340,2580,1340,11800,CD,0,D2_pwm200_grab2
4346,1056,-2900,9092,CD,0,D2_pwm200_grab2
4350,1100,-2296,12300,CD,0,D2_pwm200_grab2
4355,2332,1864,11860,CD,0,D2_pwm200_grab2
4360,1024,6952,13640,CD,0,D2_pwm200_grab2
4365,-4812,-1620,8292,CD,0,D2_pwm200_grab2
4370,2048,-1352,9008,CD,0,D2_pwm200_grab2
4375,7920,1340,7432,CD,0,D2_pwm200_grab2
4380,-3864,4152,16304,CD,0,D2_pwm200_grab2
4385,-928,-2560,11576,CD,0,D2_pwm200_grab2
4395,1860,-660,8444,CD,0,D2_pwm200_grab2
4400,-1148,2284,12052,CD,0,D2_pwm200_grab2
4406,3488,504,9584,CD,0,D2_pwm200_grab2
4411,684,-16,8872,CD,0,D2_pwm200_grab2
4416,1148,-2220,6412,CD,0,D2_pwm200_grab2
4420,1448,2988,11240,CD,0,D2_pwm200_grab2
4425,140,1672,13492,CD,0,D2_pwm200_grab2
4431,1180,-1792,8020,CD,0,D2_pwm200_grab2
4435,-2360,1268,10012,CD,0,D2_pwm200_grab2
4440,-2960,1356,12236,CD,0,D2_pwm200_grab2
4446,-1480,-384,10316,CD,0,D2_pwm200_grab2
4450,-936,-5068,10408,CD,0,D2_pwm200_grab2
4455,6868,-1304,9676,CD,0,D2_pwm200_grab2
4460,-1148,1684,10464,CD,0,D2_pwm200_grab2
4466,-8372,-3092,10632,CD,0,D2_pwm200_grab2
4470,3232,-2972,8060,CD,0,D2_pwm200_grab2
4475,2152,1756,8464,CD,0,D2_pwm200_grab2
4480,-396,872,10656,CD,0,D2_pwm200_grab2
4486,7232,4676,10516,CD,0,D2_pwm200_grab2
4491,1312,-2328,7600,CD,0,D2_pwm200_grab2
4496,3640,-3168,8740,CD,0,D2_pwm200_grab2
4500,5836,16,14004,CD,0,D2_pwm200_grab2
4506,3928,1532,13528,CD,0,D2_pwm200_grab2
4511,-1292,-2384,9620,CD,0,D2_pwm200_grab2
4516,-32,28,7376,CD,0,D2_pwm200_grab2
4521,7016,4020,12572,CD,0,D2_pwm200_grab2
4525,-3952,3480,12344,CD,0,D2_pwm200_grab2
4530,-4024,-2152,8472,CD,0,D2_pwm200_grab2
4536,3320,-3004,9200,CD,0,D2_pwm200_grab2
4540,2236,2188,8180,CD,0,D2_pwm200_grab2
4545,-3036,212,6528,CD,0,D2_pwm200_grab2
4551,2188,-416,6892,CD,0,D2_pwm200_grab2
4555,4008,1284,15128,CD,0,D2_pwm200_grab2
4560,568,2492,6868,CD,0,D2_pwm200_grab2
4566,-6444,-2272,9924,CD,0,D2_pwm200_grab2
4571,3008,-960,8756,CD,0,D2_pwm200_grab2
4577,-1020,3336,6996,CD,0,D2_pwm200_grab2
4582,-4584,1348,9720,CD,0,D2_pwm200_grab2
4586,1672,88,7540,CD,0,D2_pwm200_grab2
4591,-344,-496,6140,CD,0,D2_pwm200_grab2
4596,472,-1408,7828,CD,0,D2_pwm200_grab2
4602,-3260,1508,12200,CD,0,D2_pwm200_grab2
4606,448,-156,11432,CD,0,D2_pwm200_grab2
4611,-9136,-3812,8392,CD,0,D2_pwm200_grab2
4617,872,-924,9976,CD,0,D2_pwm200_grab2
4621,-4240,2544,10224,CD,0,D2_pwm200_grab2
4627,-9268,-2756,7968,CD,0,D2_pwm200_grab2
4636,4460,-608,12004,CD,0,D2_pwm200_grab2
4642,-3736,528,10400,CD,0,D2_pwm200_grab2
4646,-9312,-3032,10848,CD,0,D2_pwm200_grab2
4651,2776,-100,12236,CD,0,D2_pwm200_grab2
4657,-1088,620,12688,CD,0,D2_pwm200_grab2
4661,-1448,160,13212,CD,0,D2_pwm200_grab2
4667,4752,2268,12244,CD,0,D2_pwm200_grab2
4671,1452,-2660,10040,CD,0,D2_pwm200_grab2
4676,2504,-584,11848,CD,0,D2_pwm200_grab2
4682,4204,-480,12448,CD,0,D2_pwm200_grab2
4686,3788,1324,13788,CD,0,D2_pwm200_grab2
4692,-1988,-1544,12596,CD,0,D2_pwm200_grab2
4697,3048,-1140,9436,CD,0,D2_pwm200_grab2
4702,10296,2540,9620,CD,0,D2_pwm200_grab2
4707,-2964,4608,14680,CD,0,D2_pwm200_grab2
4711,-2480,-1188,9620,CD,0,D2_pwm200_grab2
4721,2332,3856,11644,CD,0,D2_pwm200_grab2
4726,-304,-1592,7612,CD,0,D2_pwm200_grab2
4732,1360,-1700,8332,CD,0,D2_pwm200_grab2
4736,64,36,3712,CD,0,D2_pwm200_grab2
4742,1172,-2292,6888,CD,0,D2_pwm200_grab2
4746,2732,3476,10620,CD,0,D2_pwm200_grab2
4752,1088,1076,12248,CD,0,D2_pwm200_grab2
4757,-532,-2460,6888,CD,0,D2_pwm200_grab2
4762,-352,732,8232,CD,0,D2_pwm200_grab2
4767,2008,2172,12100,CD,0,D2_pwm200_grab2
4776,-456,-4420,6048,CD,0,D2_pwm200_grab2
4781,7268,-2272,7520,CD,0,D2_pwm200_grab2
4787,-1308,784,11964,CD,0,D2_pwm200_grab2
4796,2168,-3880,9056,CD,0,D2_pwm200_grab2
4802,3768,2896,11212,CD,0,D2_pwm200_grab2
4806,2724,1040,10636,CD,0,D2_pwm200_grab2
4812,-1988,-2196,7028,CD,0,D2_pwm200_grab2
4816,4204,-4716,7540,CD,0,D2_pwm200_grab2
4823,1200,60,10824,CD,0,D2_pwm200_grab2
4833,3956,-3756,8556,CD,0,D2_pwm200_grab2
4838,4572,2880,12816,CD,0,D2_pwm200_grab2
4842,-1484,0,10652,CD,0,D2_pwm200_grab2
4847,-484,-1120,12292,CD,0,D2_pwm200_grab2
4852,2536,-4644,6208,CD,0,D2_pwm200_grab2
4858,-236,-1232,11416,CD,0,D2_pwm200_grab2
4862,-3268,620,7520,CD,0,D2_pwm200_grab2
4867,-636,5000,15556,CD,0,D2_pwm200_grab2
4873,-3156,-1644,8288,CD,0,D2_pwm200_grab2
4877,-164,-820,9696,CD,0,D2_pwm200_grab2
4882,5692,3408,7344,CD,0,D2_pwm200_grab2
4888,-3268,2340,16192,CD,0,D2_pwm200_grab2
4893,2112,-4988,7064,CD,0,D2_pwm200_grab2
4897,2432,1640,9744,CD,0,D2_pwm200_grab2
4902,2160,6864,13420,CD,0,D2_pwm200_grab2
4907,-2068,1240,10320,CD,0,D2_pwm200_grab2
4912,1512,-308,8876,CD,0,D2_pwm200_grab2
4917,1652,-620,15908,CD,0,D2_pwm200_grab2
4923,1036,-1920,8240,CD,0,D2_pwm200_grab2
4927,-1236,3488,11352,CD,0,D2_pwm200_grab2
4932,1732,924,12808,CD,0,D2_pwm200_grab2
4937,1600,-144,8752,CD,0,D2_pwm200_grab2
4942,-1944,2424,12516,CD,0,D2_pwm200_grab2
4948,3356,-724,9072,CD,0,D2_pwm200_grab2
4952,-7488,-1824,6748,CD,0,D2_pwm200_grab2
4957,-2516,-5280,10916,CD,0,D2_pwm200_grab2
4963,6276,-180,10316,CD,0,D2_pwm200_grab2
4967,-1204,2720,10132,CD,0,D2_pwm200_grab2
4977,1716,-3408,8308,CD,0,D2_pwm200_grab2
4982,24,1756,9660,CD,0,D2_pwm200_grab2
4988,1256,-8,10444,CD,0,D2_pwm200_grab2
4992,5252,3628,11916,CD,0,D2_pwm200_grab2
4998,4164,-2180,7024,CD,0,D2_pwm200_grab2
5003,2144,-1692,9212,CD,0,D2_pwm200_grab2
5008,2220,-1044,6708,CD,0,D2_pwm200_grab2
5012,3504,1168,13384,CD,0,D2_pwm200_grab2
5017,-3500,-2468,10024,CD,0,D2_pwm200_grab2
5023,-1592,-264,8400,CD,0,D2_pwm200_grab2
5028,5820,4348,9748,CD,0,D2_pwm200_grab2
5032,-1320,628,11128,CD,0,D2_pwm200_grab2
5037,-1348,-4072,8448,CD,0,D2_pwm200_grab2
5042,8972,-3032,12608,CD,0,D2_pwm200_grab2
5048,956,3800,11148,CD,0,D2_pwm200_grab2
5052,-3108,-476,6412,CD,0,D2_pwm200_grab2
5058,1504,-660,7676,CD,0,D2_pwm200_grab2
5062,5756,2468,10132,CD,0,D2_pwm200_grab2
5067,-2728,2040,10780,CD,0,D2_pwm200_grab2
5072,-5868,-2916,8060,CD,0,D2_pwm200_grab2
5079,-5256,-2104,2900,CD,0,D2_pwm200_grab2
5083,240,1892,6572,CD,0,D2_pwm200_grab2
5088,-2616,1348,7736,CD,0,D2_pwm200_grab2
5094,676,-572,6484,CD,0,D2_pwm200_grab2
5104,-956,80,6256,CD,0,D2_pwm200_grab2
5109,-4564,-1156,10400,CD,0,D2_pwm200_grab2
5113,1020,520,10996,CD,0,D2_pwm200_grab2
5120,1220,2536,7452,CD,0,D2_pwm200_grab2
5124,1836,-372,9336,CD,0,D2_pwm200_grab2
5129,-3688,2236,15212,CD,0,D2_pwm200_grab2
5133,-8500,-2552,7068,CD,0,D2_pwm200_grab2
5143,5284,-88,12604,CD,0,D2_pwm200_grab2
5148,-2140,2188,10800,CD,0,D2_pwm200_grab2
5153,-7560,-3528,9856,CD,0,D2_pwm200_grab2
5158,2452,-680,9412,CD,0,D2_pwm200_grab2
5163,3396,272,14776,CD,0,D2_pwm200_grab2
5169,-544,20,12324,CD,0,D2_pwm200_grab2
5173,3480,1040,13452,CD,0,D2_pwm200_grab2
5178,2120,-2988,9328,CD,0,D2_pwm200_grab2
5184,1352,-1592,11380,CD,0,D2_pwm200_grab2
5189,2668,212,10140,CD,0,D2_pwm200_grab2
5193,3972,1480,12784,CD,0,D2_pwm200_grab2
5198,-2376,-1912,11784,CD,0,D2_pwm200_grab2
5204,-236,744,12388,CD,0,D2_pwm200_grab2
5208,8888,2476,9480,CD,0,D2_pwm200_grab2
5214,-2168,4368,14916,CD,0,D2_pwm200_grab2
5218,-676,-2196,10112,CD,0,D2_pwm200_grab2
5228,2548,4864,13280,CD,0,D2_pwm200_grab2
5234,-1768,-1612,8668,CD,0,D2_pwm200_grab2
5238,2156,-808,8888,CD,0,D2_pwm200_grab2
5243,9556,3464,11168,CD,0,D2_pwm200_grab2
5249,1436,-2760,6884,CD,0,D2_pwm200_grab2
5253,1784,3484,11716,CD,0,D2_pwm200_grab2
5259,424,1808,13416,CD,0,D2_pwm200_grab2
5263,-1548,-3004,7704,CD,0,D2_pwm200_grab2
5268,-816,1392,8900,CD,0,D2_pwm200_grab2
5273,1608,332,14288,CD,0,D2_pwm200_grab2
5278,-2336,-1928,12008,CD,0,D2_pwm200_grab2
5283,-1568,-5816,7624,CD,0,D2_pwm200_grab2
5288,5240,2688,11680,CD,0,D2_pwm200_grab2
5293,1692,1020,11824,CD,0,D2_pwm200_grab2
5304,4404,-4012,7792,CD,0,D2_pwm200_grab2
5309,5984,676,13508,CD,0,D2_pwm200_grab2
5313,740,1104,10016,CD,0,D2_pwm200_grab2
5318,1232,700,10068,CD,0,D2_pwm200_grab2
5323,4516,-4712,5124,CD,0,D2_pwm200_grab2
5328,1172,-1224,11040,CD,0,D2_pwm200_grab2
5334,-4528,-564,7336,CD,0,D2_pwm200_grab2
5339,2848,-2228,10240,CD,0,D2_pwm200_grab2
5345,-3088,288,10064,CD,0,D2_pwm200_grab2
5350,-196,1364,10552,CD,0,D2_pwm200_grab2
5354,2632,1180,9936,CD,0,D2_pwm200_grab2
5360,364,-3032,9520,CD,0,D2_pwm200_grab2
5365,-948,-4228,9608,CD,0,D2_pwm200_grab2
5369,2756,-2140,12256,CD,0,D2_pwm200_grab2
5374,2208,1848,14504,CD,0,D2_pwm200_grab2
5379,-5648,-1040,7072,CD,0,D2_pwm200_grab2
5385,1340,-1168,7848,CD,0,D2_pwm200_grab2
5389,6444,1576,8312,CD,0,D2_pwm200_grab2
5395,-3556,3888,13968,CD,0,D2_pwm200_grab2
5400,-6176,-3012,10896,CD,0,D2_pwm200_grab2
5404,-1768,-1376,5756,CD,0,D2_pwm200_grab2
5410,-112,3176,9472,CD,0,D2_pwm200_grab2
5415,-2828,1196,8456,CD,0,D2_pwm200_grab2
5420,1148,1988,14364,CD,0,D2_pwm200_grab2
5425,-1420,-1928,13012,CD,0,D2_pwm200_grab2
5435,3720,3044,14680,CD,0,D2_pwm200_grab2
5439,-1976,2368,11784,CD,0,D2_pwm200_grab2
5445,-4216,-1876,9472,CD,0,D2_pwm200_grab2
5449,2860,-1268,9616,CD,0,D2_pwm200_grab2
5455,-3068,1172,14772,CD,0,D2_pwm200_grab2
5460,-8092,-2288,5992,CD,0,D2_pwm200_grab2
5465,252,396,11100,CD,0,D2_pwm200_grab2
5469,5076,-2872,8128,CD,0,D2_pwm200_grab2
5475,2780,100,12540,CD,0,D2_pwm200_grab2
5480,-972,1240,7812,CD,0,D2_pwm200_grab2
5485,4612,-1408,11056,CD,0,D2_pwm200_grab2
5490,-952,364,13376,CD,0,D2_pwm200_grab2
5494,1088,428,13060,CD,0,D2_pwm200_grab2
5500,5412,4304,12788,CD,0,D2_pwm200_grab2
5505,-2980,4116,14208,CD,0,D2_pwm200_grab2
5510,2992,-800,7512,CD,0,D2_pwm200_grab2
5520,2652,4284,12344,CD,0,D2_pwm200_grab2
5524,-2132,-1540,6888,CD,0,D2_pwm200_grab2
5529,2584,-656,8156,CD,0,D2_pwm200_grab2
5534,9264,2568,9072,CD,0,D2_pwm200_grab2
5540,-316,3772,9484,CD,0,D2_pwm200_grab2
5544,-5484,-2288,8592,CD,0,D2_pwm200_grab2
5549,512,612,13292,CD,0,D2_pwm200_grab2
5554,-1484,-2836,7036,CD,0,D2_pwm200_grab2
5559,-1792,-240,7780,CD,0,D2_pwm200_grab2
5564,1284,1112,11996,CD,0,D2_pwm200_grab2
5570,-3256,-1352,11648,CD,0,D2_pwm200_grab2
5579,2848,1332,11684,CD,0,D2_pwm200_grab2
5584,-3120,832,10996,CD,0,D2_pwm200_grab2
5591,-8364,-3404,7228,CD,0,D2_pwm200_grab2
5596,208,-1800,7668,CD,0,D2_pwm200_grab2
5601,-4744,960,10156,CD,0,D2_pwm200_grab2
5605,-9932,-2472,4912,CD,0,D2_pwm200_grab2
5610,-2204,-5104,11072,CD,0,D2_pwm200_grab2
5615,3408,-1840,10388,CD,0,D2_pwm200_grab2
5621,-3392,-104,8984,CD,0,D2_pwm200_grab2
5626,-11288,-3084,11432,CD,0,D2_pwm200_grab2
5630,2020,-2884,9464,CD,0,D2_pwm200_grab2
5635,-3960,348,11612,CD,0,D2_pwm200_grab2
5640,-3544,-240,8052,CD,0,D2_pwm200_grab2
5646,4316,2116,12900,CD,0,D2_pwm200_grab2
5650,-1068,-1860,11096,CD,0,D2_pwm200_grab2
5655,-72,-3780,8196,CD,0,D2_pwm200_grab2
5660,1920,-252,13280,CD,0,D2_pwm200_grab2
5665,2604,2848,15520,CD,0,D2_pwm200_grab2
5670,-3316,-1168,10552,CD,0,D2_pwm200_grab2
5675,1348,-800,8776,CD,0,D2_pwm200_grab2
5685,-1172,3196,11036,CD,0,D2_pwm200_grab2
5690,-4880,-936,9960,CD,0,D2_pwm200_grab2
5696,1592,1392,8224,CD,0,D2_pwm200_grab2
5700,1748,2448,8344,CD,0,D2_pwm200_grab2
5706,272,1456,10316,CD,0,D2_pwm200_grab2
5711,2968,-732,9056,CD,0,D2_pwm200_grab2
5716,2468,752,10828,CD,0,D2_pwm200_grab2
5720,-2612,-6812,10148,CD,0,D2_pwm200_grab2
5725,5704,164,11916,CD,0,D2_pwm200_grab2
5731,-1548,2324,10136,CD,0,D2_pwm200_grab2
5735,-7432,-3052,11152,CD,0,D2_pwm200_grab2
5740,3384,-1604,8644,CD,0,D2_pwm200_grab2
5745,-768,2216,10260,CD,0,D2_pwm200_grab2
5750,1344,-108,11236,CD,0,D2_pwm200_grab2
5755,412,-3468,9884,CD,0,D2_pwm200_grab2
5761,4240,-1612,7540,CD,0,D2_pwm200_grab2
5765,1992,-2348,10048,CD,0,D2_pwm200_grab2
5771,3004,-880,8552,CD,0,D2_pwm200_grab2
5775,3640,2272,14440,CD,0,D2_pwm200_grab2
5781,20,-2284,12204,CD,0,D2_pwm200_grab2
5786,-376,-1040,10064,CD,0,D2_pwm200_grab2
5790,8024,4416,12496,CD,0,D2_pwm200_grab2
5796,-360,1052,12360,CD,0,D2_pwm200_grab2
5800,2224,-3692,3712,CD,0,D2_pwm200_grab2
5805,-520,-636,4860,CD,0,D2_pwm200_grab2
5810,1344,1780,9320,CD,0,D2_pwm200_grab2
5816,-1328,-748,7804,CD,0,D2_pwm200_grab2
5821,1216,-704,6884,CD,0,D2_pwm200_grab2
5831,-928,1912,7116,CD,0,D2_pwm200_grab2
5836,-3024,176,7696,CD,0,D2_pwm200_grab2
5841,1900,-712,8112,CD,0,D2_pwm200_grab2
5846,1620,196,6568,CD,0,D2_pwm200_grab2
5851,-2844,752,8240,CD,0,D2_pwm200_grab2
5856,4048,596,7184,CD,0,D2_pwm200_grab2
5861,884,200,6552,CD,0,D2_pwm200_grab2
5866,-76,-1968,4224,CD,0,D2_pwm200_grab2
5872,-1188,428,12348,CD,0,D2_pwm200_grab2
5876,-312,-880,11952,CD,0,D2_pwm200_grab2
5881,-2508,-576,7256,CD,0,D2_pwm200_grab2
5886,-3028,-896,8528,CD,0,D2_pwm200_grab2
5891,-5180,1500,8404,CD,0,D2_pwm200_grab2
5897,3124,36,10372,CD,0,D2_pwm200_grab2
5907,4156,-3960,8892,CD,0,D2_pwm200_grab2
5912,-2572,996,11440,CD,0,D2_pwm200_grab2
5922,2928,-2336,10580,CD,0,D2_pwm200_grab2
5926,3824,3104,11260,CD,0,D2_pwm200_grab2
5931,-2264,284,8608,CD,0,D2_pwm200_grab2
5936,5780,1300,13212,CD,0,D2_pwm200_grab2
5941,552,-596,12348,CD,0,D2_pwm200_grab2
5947,-1048,-4768,4548,CD,0,D2_pwm200_grab2
5951,4040,632,12416,CD,0,D2_pwm200_grab2
5956,-200,5468,15076,CD,0,D2_pwm200_grab2
5962,-2164,-1368,10996,CD,0,D2_pwm200_grab2
5967,300,-332,10328,CD,0,D2_pwm200_grab2
5971,6724,3468,7300,CD,0,D2_pwm200_grab2
5976,-592,1540,9000,CD,0,D2_pwm200_grab2
5981,-3916,284,9456,CD,0,D2_pwm200_grab2
5986,3316,1768,11552,CD,0,D2_pwm200_grab2
5991,2352,2092,9140,CD,0,D2_pwm200_grab2
5996,-2416,1328,11560,CD,0,D2_pwm200_grab2
6001,3612,-360,8840,CD,0,D2_pwm200_grab2
6007,-2136,-1136,5464,CD,0,D2_pwm200_grab2
6011,1304,-1020,6692,CD,0,D2_pwm200_grab2
6016,6644,112,10872,CD,0,D2_pwm200_grab2
6021,-940,2184,10308,CD,0,D2_pwm200_grab2
6026,-7628,-3604,10552,CD,0,D2_pwm200_grab2
6031,3444,-2100,8932,CD,0,D2_pwm200_grab2
6037,1464,2168,10136,CD,0,D2_pwm200_grab2
6041,5212,968,10988,CD,0,D2_pwm200_grab2
6047,-1236,-2144,10404,CD,0,D2_pwm200_grab2
6051,7020,-1872,7356,CD,0,D2_pwm200_grab2
6057,3344,2552,12660,CD,0,D2_pwm200_grab2
6062,3100,-1428,11732,CD,0,D2_pwm200_grab2
6067,3120,1744,14076,CD,0,D2_pwm200_grab2
6072,-212,-1980,9024,CD,0,D2_pwm200_grab2
6076,2096,-176,9752,CD,0,D2_pwm200_grab2
6081,8088,3424,12784,CD,0,D2_pwm200_grab2
6086,-396,1592,12360,CD,0,D2_pwm200_grab2
6092,304,-5880,3888,CD,0,D2_pwm200_grab2
6096,2784,-56,7604,CD,0,D2_pwm200_grab2
6103,-544,4208,12752,CD,0,D2_pwm200_grab2
6108,-2520,-1556,8208,CD,0,D2_pwm200_grab2
6112,1464,-140,8772,CD,0,D2_pwm200_grab2
6117,10312,3504,7568,CD,0,D2_pwm200_grab2
6123,-4184,2732,14872,CD,0,D2_pwm200_grab2
6128,-984,-3660,8380,CD,0,D2_pwm200_grab2
6133,9296,-3188,14716,CD,0,D2_pwm200_grab2
6138,1324,2268,9192,CD,0,D2_pwm200_grab2
6144,-3412,136,6844,CD,0,D2_pwm200_grab2
6147,1432,1752,9236,CD,0,D2_pwm200_grab2
6152,-3804,-1924,6704,CD,0,D2_pwm200_grab2
6157,-992,-5892,8036,CD,0,D2_pwm200_grab2
6163,-196,2316,14440,CD,0,D2_pwm200_grab2
6167,-2660,24,11988,CD,0,D2_pwm200_grab2
6172,-4372,-1620,10468,CD,0,D2_pwm200_grab2
6178,-884,1044,8208,CD,0,D2_pwm200_grab2
6182,-1576,808,16528,CD,0,D2_pwm200_grab2
6187,-2372,-1932,11616,CD,0,D2_pwm200_grab2
6193,-2128,-2644,12164,CD,0,D2_pwm200_grab2
6197,3148,-3772,8052,CD,0,D2_pwm200_grab2
6203,1336,1744,12752,CD,0,D2_pwm200_grab2
6207,-6272,-1088,9392,CD,0,D2_pwm200_grab2
6213,3752,-2408,11688,CD,0,D2_pwm200_grab2
6218,832,800,13804,CD,0,D2_pwm200_grab2
6222,124,-856,12948,CD,0,D2_pwm200_grab2
6227,3572,1556,12664,CD,0,D2_pwm200_grab2
6232,-1616,2432,14436,CD,0,D2_pwm200_grab2
6237,3412,-2052,6360,CD,0,D2_pwm200_grab2
6243,5800,2280,12300,CD,0,D2_pwm200_grab2
6247,2676,5428,13980,CD,0,D2_pwm200_grab2
6253,-328,-1276,9868,CD,0,D2_pwm200_grab2
6258,1664,-1540,8692,CD,0,D2_pwm200_grab2
6267,-1568,4292,11876,CD,0,D2_pwm200_grab2
6272,1928,3368,14364,CD,0,D2_pwm200_grab2
6278,1328,996,13876,CD,0,D2_pwm200_grab2
6282,196,-1188,7760,CD,0,D2_pwm200_grab2
6287,-420,-8,10440,CD,0,D2_pwm200_grab2
6292,2596,1376,11800,CD,0,D2_pwm200_grab2
6298,-1508,-1700,12560,CD,0,D2_pwm200_grab2
6302,560,-3936,7976,CD,0,D2_pwm200_grab2
6308,4488,3308,11912,CD,0,D2_pwm200_grab2
6313,-236,1156,12292,CD,0,D2_pwm200_grab2
6323,3860,-2648,10544,CD,0,D2_pwm200_grab2
6327,6008,852,13588,CD,0,D2_pwm200_grab2
6333,736,404,12380,CD,0,D2_pwm200_grab2
6337,2024,1364,9924,CD,0,D2_pwm200_grab2
6342,3384,-1964,6928,CD,0,D2_pwm200_grab2
6348,2624,-2848,10920,CD,0,D2_pwm200_grab2
6352,-3268,-256,7492,CD,0,D2_pwm200_grab2
6358,3988,-552,10072,CD,0,D2_pwm200_grab2
6363,-2648,144,10652,CD,0,D2_pwm200_grab2
6368,-652,812,8504,CD,0,D2_pwm200_grab2
6373,6204,3456,11488,CD,0,D2_pwm200_grab2
6378,616,-1980,9112,CD,0,D2_pwm200_grab2
6384,-956,-4996,8416,CD,0,D2_pwm200_grab2
6388,2056,-296,13244,CD,0,D2_pwm200_grab2
6393,1808,2184,14860,CD,0,D2_pwm200_grab2
6398,-3612,-1504,8628,CD,0,D2_pwm200_grab2
6403,1716,-668,4992,CD,0,D2_pwm200_grab2
6408,3828,1184,12232,CD,0,D2_pwm200_grab2
6413,-1588,2224,7400,CD,0,D2_pwm200_grab2
6418,-6236,-3680,8952,CD,0,D2_pwm200_grab2
6423,2008,-892,9380,CD,0,D2_pwm200_grab2
6428,360,3752,8036,CD,0,D2_pwm200_grab2
6433,-5296,324,8328,CD,0,D2_pwm200_grab2
6439,2172,196,8360,CD,0,D2_pwm200_grab2
6443,-7328,-2972,8696,CD,0,D2_pwm200_grab2
6454,3852,-308,12100,CD,0,D2_pwm200_grab2
6458,-3188,2248,10208,CD,0,D2_pwm200_grab2
6464,-8444,-3592,9480,CD,0,D2_pwm200_grab2
6469,2500,-1140,9600,CD,0,D2_pwm200_grab2
6473,-3864,2492,8428,CD,0,D2_pwm200_grab2
6479,-4624,-688,9520,CD,0,D2_pwm200_grab2
6483,-1808,-5748,10196,CD,0,D2_pwm200_grab2
6488,4432,-2568,8124,CD,0,D2_pwm200_grab2
6493,200,-2388,11148,CD,0,D2_pwm200_grab2
6498,1432,888,9052,CD,0,D2_pwm200_grab2
6508,-1596,-2156,12788,CD,0,D2_pwm200_grab2
6513,-1788,-400,11144,CD,0,D2_pwm200_grab2
6518,6572,3696,12680,CD,0,D2_pwm200_grab2
6529,-624,-672,8196,CD,0,D2_pwm200_grab2
6533,1972,-800,8336,CD,0,D2_pwm200_grab2
6539,2740,3248,11288,CD,0,D2_pwm200_grab2
6544,-2316,-180,8896,CD,0,D2_pwm200_grab2
6549,1800,-1016,6552,CD,0,D2_pwm200_grab2
6559,-1036,3800,8260,CD,0,D2_pwm200_grab2
6564,-3784,1364,8848,CD,0,D2_pwm200_grab2
6568,3952,492,8668,CD,0,D2_pwm200_grab2
6573,-3908,-3212,8236,CD,0,D2_pwm200_grab2
6579,-280,48,7896,CD,0,D2_pwm200_grab2
6584,-2444,252,14192,CD,0,D2_pwm200_grab2
6588,-4416,-1232,9500,CD,0,D2_pwm200_grab2
6593,-2700,-5952,9172,CD,0,D2_pwm200_grab2
6598,5644,212,9656,CD,0,D2_pwm200_grab2
6603,-1292,1756,10296,CD,0,D2_pwm200_grab2
6609,-7188,-4220,6888,CD,0,D2_pwm200_grab2
6614,2860,-3544,8348,CD,0,D2_pwm200_grab2
6620,-5236,1908,8324,CD,0,D2_pwm200_grab2
6624,2580,616,9532,CD,0,D2_pwm200_grab2
6630,-2612,-4660,6936,CD,0,D2_pwm200_grab2
6635,4988,-2504,8548,CD,0,D2_pwm200_grab2
6639,-2512,536,10116,CD,0,D2_pwm200_grab2
6644,-11084,-2556,10488,CD,0,D2_pwm200_grab2
6649,2848,-3236,8824,CD,0,D2_pwm200_grab2
6654,4220,2360,10260,CD,0,D2_pwm200_grab2
6659,-2464,116,9236,CD,0,D2_pwm200_grab2
6664,4564,2560,10228,CD,0,D2_pwm200_grab2
6670,-356,-1452,11876,CD,0,D2_pwm200_grab2
6685,-4,2904,13280,CD,0,D2_pwm200_grab2
6689,-1840,-760,9664,CD,0,D2_pwm200_grab2
6694,-552,-1216,7916,CD,0,D2_pwm200_grab2
6699,5280,-28,13128,CD,0,D2_pwm200_grab2
6704,-1412,1188,9432,CD,0,D2_pwm200_grab2
6709,-5956,-1412,10140,CD,0,D2_pwm200_grab2
6714,3232,-508,8668,CD,0,D2_pwm200_grab2
6719,848,4188,10444,CD,0,D2_pwm200_grab2
6725,-2244,2004,9396,CD,0,D2_pwm200_grab2
6729,2236,-220,9688,CD,0,D2_pwm200_grab2
6735,-508,-2584,7408,CD,0,D2_pwm200_grab2
6740,624,-712,8404,CD,0,D2_pwm200_grab2
6744,4112,444,12740,CD,0,D2_pwm200_grab2
6749,-1320,3760,11576,CD,0,D2_pwm200_grab2
6755,-7424,-2604,9516,CD,0,D2_pwm200_grab2
6759,2180,-1744,9048,CD,0,D2_pwm200_grab2
6764,-3512,2288,11084,CD,0,D2_pwm200_grab2
6769,-4564,-364,7632,CD,0,D2_pwm200_grab2
6774,-728,-3716,11100,CD,0,D2_pwm200_grab2
6780,6600,212,9504,CD,0,D2_pwm200_grab2
6784,1792,-1512,12144,CD,0,D2_pwm200_grab2
6789,432,380,6924,CD,0,D2_pwm200_grab2
6794,3788,1544,13496,CD,0,D2_pwm200_grab2
6799,-1240,-2172,11468,CD,0,D2_pwm200_grab2
6805,-1628,-220,9796,CD,0,D2_pwm200_grab2
6810,5524,3492,10492,CD,0,D2_pwm200_grab2
6814,1268,1304,10852,CD,0,D2_pwm200_grab2
6819,828,-3392,5024,CD,0,D2_pwm200_grab2
6824,3828,-504,10972,CD,0,D2_pwm200_grab2
6829,2480,2864,9620,CD,0,D2_pwm200_grab2
6835,-1168,-700,8156,CD,0,D2_pwm200_grab2
6840,3004,-268,5804,CD,0,D2_pwm200_grab2
6845,4588,484,15116,CD,0,D2_pwm200_grab2
6850,-500,3172,8288,CD,0,D2_pwm200_grab2
6854,-5592,-448,6856,CD,0,D2_pwm200_grab2
6860,360,-320,6148,CD,0,D2_pwm200_grab2
6864,624,544,7320,CD,0,D2_pwm200_grab2
6870,-4260,588,7256,CD,0,D2_pwm200_grab2
6875,2852,76,7660,CD,0,D2_pwm200_grab2
6881,496,-108,8576,CD,0,D2_pwm200_grab2
6885,-628,-1652,4852,CD,0,D2_pwm200_grab2
6890,-1592,220,11256,CD,0,D2_pwm200_grab2
6895,-768,-784,12660,CD,0,D2_pwm200_grab2
6900,-1612,-1488,7376,CD,0,D2_pwm200_grab2
6905,-2992,-72,8984,CD,0,D2_pwm200_grab2
6910,496,1316,9008,CD,0,D2_pwm200_grab2
6915,504,-636,8040,CD,0,D2_pwm200_grab2
6920,-2276,-6216,10612,CD,0,D2_pwm200_grab2
6926,4720,-3028,8524,CD,0,D2_pwm200_grab2
6930,-2384,1112,10492,CD,0,D2_pwm200_grab2
6940,3928,-1800,10196,CD,0,D2_pwm200_grab2
6945,2152,1720,10356,CD,0,D2_pwm200_grab2
6950,-160,-1340,11412,CD,0,D2_pwm200_grab2
6956,6280,1748,13512,CD,0,D2_pwm200_grab2
6961,-552,-504,13060,CD,0,D2_pwm200_grab2
6966,-1252,-5960,4040,CD,0,D2_pwm200_grab2
6970,900,-1524,6084,CD,0,D2_pwm200_grab2
6976,264,5380,13800,CD,0,D2_pwm200_grab2
6981,-1048,-948,11484,CD,0,D2_pwm200_grab2
6985,1012,-956,9272,CD,0,D2_pwm200_grab2
6991,7792,3344,9224,CD,0,D2_pwm200_grab2
6995,-3620,3204,15232,CD,0,D2_pwm200_grab2
7000,-1196,612,12192,CD,0,D2_pwm200_grab2
7006,3040,1288,11084,CD,0,D2_pwm200_grab2
7010,1380,-12,8456,CD,0,D2_pwm200_grab2
7015,-864,2528,11468,CD,0,D2_pwm200_grab2
7021,1964,732,9476,CD,0,D2_pwm200_grab2
7025,-1640,-1788,5872,CD,0,D2_pwm200_grab2
7030,212,-4688,7020,CD,0,D2_pwm200_grab2
7036,2704,3052,14420,CD,0,D2_pwm200_grab2
7040,-1824,3080,10672,CD,0,D2_pwm200_grab2
7046,-8480,-3284,10284,CD,0,D2_pwm200_grab2
7050,4640,-1628,10068,CD,0,D2_pwm200_grab2
7056,108,1176,9728,CD,0,D2_pwm200_grab2
7060,1400,-992,13556,CD,0,D2_pwm200_grab2
7066,840,-1272,11256,CD,0,D2_pwm200_grab2
7070,6420,-2588,7716,CD,0,D2_pwm200_grab2
7076,3532,1596,11804,CD,0,D2_pwm200_grab2
7081,-4868,-1728,9280,CD,0,D2_pwm200_grab2
7085,2456,992,13756,CD,0,D2_pwm200_grab2
7090,-76,-2212,10736,CD,0,D2_pwm200_grab2
7095,1332,80,9396,CD,0,D2_pwm200_grab2
7100,9404,3708,7228,CD,0,D2_pwm200_grab2
7106,-2884,2236,13392,CD,0,D2_pwm200_grab2
7110,6360,-1216,6840,CD,0,D2_pwm200_grab2
7115,3340,1380,11096,CD,0,D2_pwm200_grab2
7120,2824,4292,12336,CD,0,D2_pwm200_grab2
7126,-2136,-1212,7128,CD,0,D2_pwm200_grab2
7131,3288,48,8312,CD,0,D2_pwm200_grab2
7137,11508,2892,10372,CD,0,D2_pwm200_grab2
7141,-896,3404,9768,CD,0,D2_pwm200_grab2
7146,-4712,-2336,8660,CD,0,D2_pwm200_grab2
7152,-3244,356,2768,CD,0,D2_pwm200_grab2
7156,440,2316,9076,CD,0,D2_pwm200_grab2
7161,-3536,412,7516,CD,0,D2_pwm200_grab2
7168,772,-80,6316,CD,0,D2_pwm200_grab2
7171,-3848,-628,12620,CD,0,D2_pwm200_grab2
7182,2068,-4,11616,CD,0,D2_pwm200_grab2
7186,-3640,528,11824,CD,0,D2_pwm200_grab2
7192,-9088,-2916,6864,CD,0,D2_pwm200_grab2
7197,-1580,-1068,7724,CD,0,D2_pwm200_grab2
7201,-4432,1392,10972,CD,0,D2_pwm200_grab2
7206,-10864,-2568,5736,CD,0,D2_pwm200_grab2
7212,-1216,-376,10756,CD,0,D2_pwm200_grab2
7216,4000,-3168,8220,CD,0,D2_pwm200_grab2
7221,-620,-3460,11960,CD,0,D2_pwm200_grab2
7227,-1616,960,9232,CD,0,D2_pwm200_grab2
7232,2308,456,11912,CD,0,D2_pwm200_grab2
7236,-2940,-340,11792,CD,0,D2_pwm200_grab2
7241,-4140,-1092,9776,CD,0,D2_pwm200_grab2
7246,4068,1208,11400,CD,0,D2_pwm200_grab2
7252,-1136,-908,12468,CD,0,D2_pwm200_grab2
7257,1448,-1516,9884,CD,0,D2_pwm200_grab2
7262,5820,-1384,11876,CD,0,D2_pwm200_grab2
7266,2452,4736,13776,CD,0,D2_pwm200_grab2
7271,-3012,328,8980,CD,0,D2_pwm200_grab2
7277,1876,-68,9088,CD,0,D2_pwm200_grab2
7282,3556,-572,16552,CD,0,D2_pwm200_grab2
7286,-768,2840,9508,CD,0,D2_pwm200_grab2
7292,-3772,128,9944,CD,0,D2_pwm200_grab2
7296,-56,1588,14736,CD,0,D2_pwm200_grab2
7301,-3684,-1444,9472,CD,0,D2_pwm200_grab2
7306,-852,276,9764,CD,0,D2_pwm200_grab2
7312,-2340,780,15048,CD,0,D2_pwm200_grab2
7316,-6260,-1884,9636,CD,0,D2_pwm200_grab2
7322,-564,-4660,11896,CD,0,D2_pwm200_grab2
7327,5860,1792,10044,CD,0,D2_pwm200_grab2
7332,-1104,2356,9540,CD,0,D2_pwm200_grab2
7337,-7268,-3848,7860,CD,0,D2_pwm200_grab2
7341,3744,-1392,11380,CD,0,D2_pwm200_grab2
7346,2772,-652,12516,CD,0,D2_pwm200_grab2
7352,1008,1076,12744,CD,0,D2_pwm200_grab2
7356,3228,2484,10524,CD,0,D2_pwm200_grab2
7362,3256,-348,8220,CD,0,D2_pwm200_grab2
7367,888,-3196,9464,CD,0,D2_pwm200_grab2
7371,3700,-548,12912,CD,0,D2_pwm200_grab2
7376,2288,392,13564,CD,0,D2_pwm200_grab2
7382,596,-1872,10292,CD,0,D2_pwm200_grab2
7387,-52,104,8648,CD,0,D2_pwm200_grab2
7392,8156,4440,7496,CD,0,D2_pwm200_grab2
7398,-2660,536,13464,CD,0,D2_pwm200_grab2
7403,5296,-3420,4912,CD,0,D2_pwm200_grab2
7407,1140,-316,6240,CD,0,D2_pwm200_grab2
7413,1528,3836,10984,CD,0,D2_pwm200_grab2
7417,-2772,-856,7196,CD,0,D2_pwm200_grab2
7424,2876,-92,7412,CD,0,D2_pwm200_grab2
7428,-544,-612,8456,CD,0,D2_pwm200_grab2
7432,-796,-2992,5204,CD,0,D2_pwm200_grab2
7437,-1836,-256,12452,CD,0,D2_pwm200_grab2
7443,-1748,-1260,12300,CD,0,D2_pwm200_grab2
7448,-2036,-236,8704,CD,0,D2_pwm200_grab2
7452,-2308,504,9476,CD,0,D2_pwm200_grab2
7457,-112,412,10584,CD,0,D2_pwm200_grab2
7463,-3536,-704,12428,CD,0,D2_pwm200_grab2
7472,3556,-2600,9200,CD,0,D2_pwm200_grab2
7478,-412,1480,11840,CD,0,D2_pwm200_grab2
7488,4376,-1968,10564,CD,0,D2_pwm200_grab2
7492,2928,1832,12988,CD,0,D2_pwm200_grab2
7497,-580,-1084,12000,CD,0,D2_pwm200_grab2
7502,-120,-396,12988,CD,0,D2_pwm200_grab2
7507,4800,-2436,8040,CD,0,D2_pwm200_grab2
7512,2472,-3952,5992,CD,0,D2_pwm200_grab2
7517,3204,1344,8196,CD,0,D2_pwm200_grab2
7528,-808,-664,10468,CD,0,D2_pwm200_grab2
7532,1516,-1332,9608,CD,0,D2_pwm200_grab2
7537,10912,3060,11840,CD,0,D2_pwm200_grab2
7543,-2520,3936,12628,CD,0,D2_pwm200_grab2
7547,-1272,-1228,8196,CD,0,D2_pwm200_grab2
7553,1296,464,13832,CD,0,D2_pwm200_grab2
7557,-1068,-1036,9616,CD,0,D2_pwm200_grab2
7563,20,1432,11996,CD,0,D2_pwm200_grab2
7567,792,796,15196,CD,0,D2_pwm200_grab2
7572,-2184,-288,14004,CD,0,D2_pwm200_grab2
7582,4836,2312,12368,CD,0,D2_pwm200_grab2
7587,-1384,2744,11420,CD,0,D2_pwm200_grab2
7593,-6496,-3424,7036,CD,0,D2_pwm200_grab2
7598,4336,-1976,10564,CD,0,D2_pwm200_grab2
7603,5972,444,14216,CD,0,D2_pwm200_grab2
7607,1248,164,14316,CD,0,D2_pwm200_grab2
7613,3956,2152,12492,CD,0,D2_pwm200_grab2
7617,3092,-1488,8404,CD,0,D2_pwm200_grab2
7622,3188,-1784,10620,CD,0,D2_pwm200_grab2
7627,4360,-992,11708,CD,0,D2_pwm200_grab2
7633,4052,684,11732,CD,0,D2_pwm200_grab2
7639,-288,-2476,10652,CD,0,D2_pwm200_grab2
7643,668,396,7952,CD,0,D2_pwm200_grab2
7648,7980,3560,11484,CD,0,D2_pwm200_grab2
7654,372,172,10744,CD,0,D2_pwm200_grab2
7663,2064,-1368,5888,CD,0,D2_pwm200_grab2
7668,1376,3984,12076,CD,0,D2_pwm200_grab2
7674,-3128,-1844,7388,CD,0,D2_pwm200_grab2
7678,1512,-1196,8648,CD,0,D2_pwm200_grab2
7684,-444,724,14296,CD,0,D2_pwm200_grab2
7688,200,-764,5436,CD,0,D2_pwm200_grab2
7693,-1624,-480,11144,CD,0,D2_pwm200_grab2
7698,96,-1184,11876,CD,0,D2_pwm200_grab2
7703,-2096,-272,7152,CD,0,D2_pwm200_grab2
7709,-2920,-184,9184,CD,0,D2_pwm200_grab2
7714,1132,2224,9900,CD,0,D2_pwm200_grab2
7718,-2716,-1552,10744,CD,0,D2_pwm200_grab2
7724,-4992,-6160,7700,CD,0,D2_pwm200_grab2
7728,3640,-3216,9300,CD,0,D2_pwm200_grab2
7734,-2120,1356,11696,CD,0,D2_pwm200_grab2
7744,3524,-2396,10692,CD,0,D2_pwm200_grab2
7748,3988,2140,11668,CD,0,D2_pwm200_grab2
7754,-2408,-624,13268,CD,0,D2_pwm200_grab2
7758,1172,-572,14084,CD,0,D2_pwm200_grab2
7763,2784,-3404,8472,CD,0,D2_pwm200_grab2
7768,976,-5032,4820,CD,0,D2_pwm200_grab2
7773,2788,1348,9528,CD,0,D2_pwm200_grab2
7783,-2524,-976,9788,CD,0,D2_pwm200_grab2
7788,172,-1840,10632,CD,0,D2_pwm200_grab2
7794,9948,2784,10892,CD,0,D2_pwm200_grab2
7798,-3688,3640,14416,CD,0,D2_pwm200_grab2
7804,-508,-1960,9708,CD,0,D2_pwm200_grab2
7808,716,-60,13384,CD,0,D2_pwm200_grab2
7814,1280,-288,9412,CD,0,D2_pwm200_grab2
7819,-1284,988,11320,CD,0,D2_pwm200_grab2
7823,2356,972,11984,CD,0,D2_pwm200_grab2
7829,-2224,-2388,12956,CD,0,D2_pwm200_grab2
7833,396,-4280,8168,CD,0,D2_pwm200_grab2
7838,4372,3496,13708,CD,1,D2_pwm200_grab2
7843,1432,2148,14004,CD,1,D2_pwm200_grab2
7849,-6772,-3164,7896,CD,1,D2_pwm200_grab2
7854,5432,-3168,10048,CD,1,D2_pwm200_grab2
7858,6168,916,14976,CD,1,D2_pwm200_grab2
7863,1224,1236,11928,CD,1,D2_pwm200_grab2
7868,2820,1880,14120,CD,1,D2_pwm200_grab2
7873,5572,-2756,5600,CD,1,D2_pwm200_grab2
7879,3184,-464,11604,CD,1,D2_pwm200_grab2
7884,1064,452,6316,CD,1,D2_pwm200_grab2
7889,3392,292,11436,CD,1,D2_pwm200_grab2
7894,-2480,-1796,10184,CD,1,D2_pwm200_grab2
7900,-832,-8,8144,CD,1,D2_pwm200_grab2
7904,5508,3700,8472,CD,1,D2_pwm200_grab2
7909,-520,796,11176,CD,1,D2_pwm200_grab2
7914,-968,-6444,3492,CD,1,D2_pwm200_grab2
7919,2292,-1592,7492,CD,1,D2_pwm200_grab2
7924,400,2356,12568,CD,1,D2_pwm200_grab2
7930,-1860,-2468,7408,CD,1,D2_pwm200_grab2
7936,1296,-436,7132,CD,1,D2_pwm200_grab2
7939,620,676,12500,CD,1,D2_pwm200_grab2
7944,-1052,208,8428,CD,1,D2_pwm200_grab2
7949,-804,88,9360,CD,1,D2_pwm200_grab2
7954,928,-800,9564,CD,1,D2_pwm200_grab2
7959,-528,-1688,6480,CD,1,D2_pwm200_grab2
7965,-2028,1944,9076,CD,1,D2_pwm200_grab2
7969,1904,1476,7880,CD,1,D2_pwm200_grab2
7975,-2956,-2208,5036,CD,1,D2_pwm200_grab2
7980,-2256,-5968,9364,CD,1,D2_pwm200_grab2
7985,2916,-1224,10992,CD,1,D2_pwm200_grab2
7990,-2368,916,10000,CD,1,D2_pwm200_grab2
8000,3592,-2360,9980,CD,1,D2_pwm200_grab2
8004,1340,2332,10496,CD,1,D2_pwm200_grab2
8009,-860,-176,11727,CD,1,D2_pwm200_grab2
8015,-1020,-1520,12860,CD,1,D2_pwm200_grab2
8019,3712,-3896,7804,CD,1,D2_pwm200_grab2
8024,-1384,-4644,4968,CD,1,D2_pwm200_grab2
8029,2132,-1000,8412,CD,1,D2_pwm200_grab2
8034,828,4016,14884,CD,1,D2_pwm200_grab2
8039,-2372,-892,10564,CD,1,D2_pwm200_grab2
8044,1108,-1192,9640,CD,1,D2_pwm200_grab2
8049,8920,2820,10176,CD,1,D2_pwm200_grab2
8055,-2176,3728,14172,CD,1,D2_pwm200_grab2
8060,1448,-2424,9820,CD,1,D2_pwm200_grab2
8065,4484,1408,11200,CD,1,D2_pwm200_grab2
8070,1776,-456,8952,CD,1,D2_pwm200_grab2
8074,844,904,10320,CD,1,D2_pwm200_grab2
8079,2832,1384,10268,CD,1,D2_pwm200_grab2
8084,-1500,-1584,4684,CD,1,D2_pwm200_grab2
8090,-260,-3668,6692,CD,1,D2_pwm200_grab2
8095,2832,3588,13328,CD,1,D2_pwm200_grab2
8099,516,2072,14796,CD,1,D2_pwm200_grab2
8105,-2224,-3176,9456,CD,1,D2_pwm200_grab2
8109,5560,-1964,9888,CD,1,D2_pwm200_grab2
8114,4088,1012,12688,CD,1,D2_pwm200_grab2
8119,1084,92,12344,CD,1,D2_pwm200_grab2
8124,2116,1264,13488,CD,1,D2_pwm200_grab2
8130,5048,-2220,6248,CD,1,D2_pwm200_grab2
8134,3148,88,10704,CD,1,D2_pwm200_grab2
8139,-2408,440,6780,CD,1,D2_pwm200_grab2
8145,4348,-2408,9212,CD,1,D2_pwm200_grab2
8151,344,-1612,11792,CD,1,D2_pwm200_grab2
8155,1084,1272,11048,CD,1,D2_pwm200_grab2
8160,4180,3640,10260,CD,1,D2_pwm200_grab2
8165,2388,-3116,7584,CD,1,D2_pwm200_grab2
8171,228,-4528,6408,CD,1,D2_pwm200_grab2
8176,3136,-1304,12492,CD,1,D2_pwm200_grab2
8180,1820,1068,13948,CD,1,D2_pwm200_grab2
8185,-3856,-2204,8684,CD,1,D2_pwm200_grab2
8190,808,-296,8604,CD,1,D2_pwm200_grab2
8195,4448,768,16156,CD,1,D2_pwm200_grab2
8200,-1032,2636,7380,CD,1,D2_pwm200_grab2
8206,-4324,164,8416,CD,1,D2_pwm200_grab2
8210,2636,-1292,7880,CD,1,D2_pwm200_grab2
8216,-244,3524,7568,CD,1,D2_pwm200_grab2
8220,-5420,1468,7852,CD,1,D2_pwm200_grab2
8225,2100,-88,7736,CD,1,D2_pwm200_grab2
8230,-3656,-2572,1640,CD,1,D2_pwm200_grab2
8235,-2880,-5864,7008,CD,1,D2_pwm200_grab2
8240,3120,-1200,11216,CD,1,D2_pwm200_grab2
8245,-3636,1208,9680,CD,1,D2_pwm200_grab2
8255,1812,-3352,8172,CD,1,D2_pwm200_grab2
8260,276,2508,8484,CD,1,D2_pwm200_grab2
8266,-1384,-1080,10420,CD,1,D2_pwm200_grab2
8270,-1692,-2612,12784,CD,1,D2_pwm200_grab2
8275,2816,-4224,7084,CD,1,D2_pwm200_grab2
8280,-1952,-4976,5756,CD,1,D2_pwm200_grab2
8286,2868,-1512,8908,CD,1,D2_pwm200_grab2
8290,844,4568,15660,CD,1,D2_pwm200_grab2
8295,-2560,-684,9148,CD,1,D2_pwm200_grab2
8300,468,-968,11352,CD,1,D2_pwm200_grab2
8305,9692,1136,11312,CD,1,D2_pwm200_grab2
8310,-2940,3044,15408,CD,1,D2_pwm200_grab2
8315,-140,-2024,10884,CD,1,D2_pwm200_grab2
8320,2240,1188,12280,CD,1,D2_pwm200_grab2
8326,12,1276,10192,CD,1,D2_pwm200_grab2
8330,-1152,996,10452,CD,1,D2_pwm200_grab2
8335,1752,1468,12344,CD,1,D2_pwm200_grab2
8340,-616,-816,11020,CD,1,D2_pwm200_grab2
8345,-728,-6080,9776,CD,1,D2_pwm200_grab2
8351,3440,3580,12884,CD,1,D2_pwm200_grab2
8355,-404,2692,13156,CD,1,D2_pwm200_grab2
8361,-5784,-1720,8468,CD,1,D2_pwm200_grab2
8366,5120,-2668,11500,CD,1,D2_pwm200_grab2
8371,4368,996,12192,CD,1,D2_pwm200_grab2
8375,0,284,13736,CD,1,D2_pwm200_grab2
8381,1944,1648,12616,CD,1,D2_pwm200_grab2
8385,4260,-1400,7760,CD,1,D2_pwm200_grab2
8390,3320,-1008,11348,CD,1,D2_pwm200_grab2
8396,4220,-1232,10488,CD,1,D2_pwm200_grab2
8400,2704,100,11152,CD,1,D2_pwm200_grab2
8407,-484,-2676,11672,CD,1,D2_pwm200_grab2
8411,-532,508,7228,CD,1,D2_pwm200_grab2
8422,-984,804,12096,CD,1,D2_pwm200_grab2
8432,1396,-860,7344,CD,1,D2_pwm200_grab2
8437,1552,4172,12064,CD,1,D2_pwm200_grab2
8441,-2256,-1544,7152,CD,1,D2_pwm200_grab2
8448,3396,-440,8556,CD,1,D2_pwm200_grab2
8451,-1172,-1416,5528,CD,1,D2_pwm200_grab2
8456,-1116,-1980,5720,CD,1,D2_pwm200_grab2
8462,-92,-384,11464,CD,1,D2_pwm200_grab2
8467,-1348,-972,13088,CD,1,D2_pwm200_grab2
8471,-2464,-1492,7908,CD,1,D2_pwm200_grab2
8477,-1572,-116,7628,CD,1,D2_pwm200_grab2
8482,560,1424,11296,CD,1,D2_pwm200_grab2
8486,-5432,-1840,10364,CD,1,D2_pwm200_grab2
8491,-2376,-3796,11120,CD,1,D2_pwm200_grab2
8496,3712,-4072,6572,CD,1,D2_pwm200_grab2
8502,500,88,10672,CD,1,D2_pwm200_grab2
8506,-6124,-2472,8260,CD,1,D2_pwm200_grab2
8511,3668,-1704,11424,CD,1,D2_pwm200_grab2
8516,-588,-224,10856,CD,1,D2_pwm200_grab2
8521,-744,-340,13444,CD,1,D2_pwm200_grab2
8527,1672,60,10072,CD,1,D2_pwm200_grab2
8532,2248,-2716,10068,CD,1,D2_pwm200_grab2
8536,552,-3276,8776,CD,1,D2_pwm200_grab2
8546,2440,4524,11672,CD,1,D2_pwm200_grab2
8551,-1172,496,11036,CD,1,D2_pwm200_grab2
8556,772,-1824,7560,CD,1,D2_pwm200_grab2
8567,-1100,1664,9564,CD,1,D2_pwm200_grab2
8572,-3716,356,9868,CD,1,D2_pwm200_grab2
8576,-1548,1872,13768,CD,1,D2_pwm200_grab2
8581,-4652,-1796,9428,CD,1,D2_pwm200_grab2
8587,880,68,10496,CD,1,D2_pwm200_grab2
8591,-2740,1152,14640,CD,1,D2_pwm200_grab2
8597,-3832,-1976,8940,CD,1,D2_pwm200_grab2
8601,-708,-4188,9164,CD,1,D2_pwm200_grab2
8606,6132,-68,10716,CD,1,D2_pwm200_grab2
8611,-492,3288,10800,CD,1,D2_pwm200_grab2
8616,-8296,-2108,10824,CD,1,D2_pwm200_grab2
8621,3352,72,10704,CD,1,D2_pwm200_grab2
8627,-1560,-2612,11892,CD,1,D2_pwm200_grab2
8632,-680,584,8036,CD,1,D2_pwm200_grab2
8636,8752,4020,10920,CD,1,D2_pwm200_grab2
8641,-208,784,11732,CD,1,D2_pwm200_grab2
8647,2520,-3240,4404,CD,1,D2_pwm200_grab2
8651,2140,-832,7108,CD,1,D2_pwm200_grab2
8656,1308,4664,13212,CD,1,D2_pwm200_grab2
8662,-1712,-2516,7388,CD,1,D2_pwm200_grab2
8668,2860,-896,9464,CD,1,D2_pwm200_grab2
8678,-712,4360,10088,CD,1,D2_pwm200_grab2
8682,-2964,-2412,8704,CD,1,D2_pwm200_grab2
8692,620,2324,9248,CD,1,D2_pwm200_grab2
8697,-1548,708,9000,CD,1,D2_pwm200_grab2
8702,760,-380,6588,CD,1,D2_pwm200_grab2
8707,-6212,-1744,8584,CD,1,D2_pwm200_grab2
8713,-3288,-7416,7616,CD,1,D2_pwm200_grab2
8717,2732,-364,10988,CD,1,D2_pwm200_grab2
8723,-4284,-248,9600,CD,1,D2_pwm200_grab2
8732,-1384,-3248,8264,CD,1,D2_pwm200_grab2
8737,-2024,2332,8980,CD,1,D2_pwm200_grab2
8742,1072,-1344,9320,CD,1,D2_pwm200_grab2
8747,3004,284,9448,CD,1,D2_pwm200_grab2
8753,552,-2772,11236,CD,1,D2_pwm200_grab2
8757,-3164,-5144,6880,CD,1,D2_pwm200_grab2
8763,2868,332,14812,CD,1,D2_pwm200_grab2
8767,508,3020,13228,CD,1,D2_pwm200_grab2
8773,-2136,-1400,9608,CD,1,D2_pwm200_grab2
8777,-1104,-1088,8704,CD,1,D2_pwm200_grab2
8782,9288,1672,11172,CD,1,D2_pwm200_grab2
8787,-4228,2092,12564,CD,1,D2_pwm200_grab2
8792,-1288,-452,11840,CD,1,D2_pwm200_grab2
8797,328,-316,11108,CD,1,D2_pwm200_grab2
8802,-2448,132,9160,CD,1,D2_pwm200_grab2
8808,-1308,1944,9900,CD,1,D2_pwm200_grab2
8812,624,796,11056,CD,1,D2_pwm200_grab2
8818,-2864,-1944,12608,CD,1,D2_pwm200_grab2
8823,-1456,-4304,9296,CD,1,D2_pwm200_grab2
8827,3948,1628,13080,CD,1,D2_pwm200_grab2
8833,1464,1184,11012,CD,1,D2_pwm200_grab2
8838,-7228,-2776,10244,CD,1,D2_pwm200_grab2
8842,3864,-1744,12340,CD,1,D2_pwm200_grab2
8848,3960,808,14668,CD,1,D2_pwm200_grab2
8852,-568,-404,13100,CD,1,D2_pwm200_grab2
8857,3364,1672,14100,CD,1,D2_pwm200_grab2
8863,2240,-1568,10808,CD,1,D2_pwm200_grab2
8867,2048,-1696,12136,CD,1,D2_pwm200_grab2
8873,3512,1260,15836,CD,1,D2_pwm200_grab2
8877,2952,3828,12688,CD,1,D2_pwm200_grab2
8882,-48,236,10900,CD,1,D2_pwm200_grab2
8888,1836,-1144,9096,CD,1,D2_pwm200_grab2
8893,4788,2108,15820,CD,1,D2_pwm200_grab2
8897,20,2840,9188,CD,1,D2_pwm200_grab2
8903,-1640,1356,10028,CD,1,D2_pwm200_grab2
8908,4580,1160,8936,CD,1,D2_pwm200_grab2
8913,2684,212,9752,CD,1,D2_pwm200_grab2
8918,-1564,844,9372,CD,1,D2_pwm200_grab2
8923,2556,616,8080,CD,1,D2_pwm200_grab2
8928,60,780,6936,CD,1,D2_pwm200_grab2
8933,-1776,-3452,8036,CD,1,D2_pwm200_grab2
8939,3904,1848,10312,CD,1,D2_pwm200_grab2
8943,256,944,13348,CD,1,D2_pwm200_grab2
8949,-5020,-2480,7344,CD,1,D2_pwm200_grab2
8954,832,-1636,8216,CD,1,D2_pwm200_grab2
8960,-2264,1560,11896,CD,1,D2_pwm200_grab2
8963,1728,760,12248,CD,1,D2_pwm200_grab2
8969,776,236,12700,CD,1,D2_pwm200_grab2
8974,4308,-2292,6956,CD,1,D2_pwm200_grab2
8979,1240,-3068,10248,CD,1,D2_pwm200_grab2
8984,4208,-1924,10584,CD,1,D2_pwm200_grab2
8989,1880,236,11672,CD,1,D2_pwm200_grab2
8993,-3180,-2268,9092,CD,1,D2_pwm200_grab2
8998,-832,308,7408,CD,1,D2_pwm200_grab2
9004,7740,2580,12608,CD,1,D2_pwm200_grab2
9009,-3520,1740,9412,CD,1,D2_pwm200_grab2
9013,-5916,-3108,9812,CD,1,D2_pwm200_grab2
9019,-704,-124,4924,CD,1,D2_pwm200_grab2
9023,-416,2060,7544,CD,1,D2_pwm200_grab2
9028,-4696,1264,9980,CD,1,D2_pwm200_grab2
9034,2140,-408,7268,CD,1,D2_pwm200_grab2
9038,-4156,-1356,5332,CD,1,D2_pwm200_grab2
9044,-1572,-4200,8172,CD,1,D2_pwm200_grab2
9048,4444,-272,12380,CD,1,D2_pwm200_grab2
9054,-3892,856,10072,CD,1,D2_pwm200_grab2
9059,-9312,-2612,10676,CD,1,D2_pwm200_grab2
9064,1188,-2588,9112,CD,1,D2_pwm200_grab2
9068,688,2196,10524,CD,1,D2_pwm200_grab2
9073,-1936,-1696,13328,CD,1,D2_pwm200_grab2
9079,-792,-1912,13136,CD,1,D2_pwm200_grab2
9083,2084,-2668,9888,CD,1,D2_pwm200_grab2
9088,-1200,-4320,5924,CD,1,D2_pwm200_grab2
9093,2812,2708,11188,CD,1,D2_pwm200_grab2
9098,1280,5344,14368,CD,1,D2_pwm200_grab2
9103,-2532,-836,9080,CD,1,D2_pwm200_grab2
9108,2204,-492,11524,CD,1,D2_pwm200_grab2
9113,8488,2592,11724,CD,1,D2_pwm200_grab2
9119,-1368,3264,11816,CD,1,D2_pwm200_grab2
9123,-3720,-820,10552,CD,1,D2_pwm200_grab2
9129,-2428,1996,4368,CD,1,D2_pwm200_grab2
9134,-884,-876,11096,CD,1,D2_pwm200_grab2
9138,1040,196,9864,CD,1,D2_pwm200_grab2
9144,1324,852,16144,CD,1,D2_pwm200_grab2
9148,-5156,-1620,10196,CD,1,D2_pwm200_grab2
9154,-932,-4356,10904,CD,1,D2_pwm200_grab2
9158,5492,2124,10152,CD,1,D2_pwm200_grab2
9164,-224,2428,11560,CD,1,D2_pwm200_grab2
9168,-8552,-4044,8292,CD,1,D2_pwm200_grab2
9175,3464,-2792,9900,CD,1,D2_pwm200_grab2
9179,-1224,1996,9256,CD,1,D2_pwm200_grab2
9185,1916,-168,11600,CD,1,D2_pwm200_grab2
9189,804,-448,9228,CD,1,D2_pwm200_grab2
9195,4224,-1196,6984,CD,1,D2_pwm200_grab2
9199,3216,556,9664,CD,1,D2_pwm200_grab2
9204,-948,-652,6924,CD,1,D2_pwm200_grab2
9209,3972,-2588,10388,CD,1,D2_pwm200_grab2
9216,-468,-1948,11580,CD,1,D2_pwm200_grab2
9220,844,-60,8660,CD,1,D2_pwm200_grab2
9230,-3000,2600,12796,CD,1,D2_pwm200_grab2
9234,-2052,-2908,8040,CD,1,D2_pwm200_grab2
9239,-3024,-324,4560,CD,1,D2_pwm200_grab2
9245,1920,2188,7336,CD,1,D2_pwm200_grab2
9249,-2472,1060,8180,CD,1,D2_pwm200_grab2
9254,2236,-244,5368,CD,1,D2_pwm200_grab2
9260,-4400,-2992,11152,CD,1,D2_pwm200_grab2
9264,-3448,-7212,9208,CD,1,D2_pwm200_grab2
9269,1032,-76,12772,CD,1,D2_pwm200_grab2
9274,-3768,-428,10064,CD,1,D2_pwm200_grab2
9285,560,-2144,8312,CD,1,D2_pwm200_grab2
9290,-3776,2184,9892,CD,1,D2_pwm200_grab2
9294,888,-348,10000,CD,1,D2_pwm200_grab2
9299,-3036,-5020,9088,CD,1,D2_pwm200_grab2
9304,-800,-2620,11704,CD,1,D2_pwm200_grab2
9309,-1120,-3176,9184,CD,1,D2_pwm200_grab2
9315,1664,-452,11896,CD,1,D2_pwm200_grab2
9319,2168,2640,15072,CD,1,D2_pwm200_grab2
9325,-3824,-1728,9816,CD,1,D2_pwm200_grab2
9330,764,-848,10048,CD,1,D2_pwm200_grab2
9335,8676,3176,10132,CD,1,D2_pwm200_grab2
9340,-1256,3036,12844,CD,1,D2_pwm200_grab2
9344,476,1808,12360,CD,1,D2_pwm200_grab2
9350,-1680,-1284,10760,CD,1,D2_pwm200_grab2
9354,1024,168,9076,CD,1,D2_pwm200_grab2
9360,336,2188,11376,CD,1,D2_pwm200_grab2
9365,2128,1220,10608,CD,1,D2_pwm200_grab2
9369,-3824,-3700,13088,CD,1,D2_pwm200_grab2
9374,-2872,-5712,8480,CD,1,D2_pwm200_grab2
9380,4380,3084,12592,CD,1,D2_pwm200_grab2
9384,-640,2076,12700,CD,1,D2_pwm200_grab2
9389,-6128,-1796,8784,CD,1,D2_pwm200_grab2
9394,4588,-1896,11256,CD,1,D2_pwm200_grab2
9399,1532,-88,13372,CD,1,D2_pwm200_grab2
9404,1012,572,14276,CD,1,D2_pwm200_grab2
9410,4216,1628,13648,CD,1,D2_pwm200_grab2
9415,2692,-2304,8512,CD,1,D2_pwm200_grab2
9419,684,-1772,10364,CD,1,D2_pwm200_grab2
9425,5312,-160,13260,CD,1,D2_pwm200_grab2
9430,2820,1208,15120,CD,1,D2_pwm200_grab2
9436,-1072,-3000,10316,CD,1,D2_pwm200_grab2
9441,1692,-400,10216,CD,1,D2_pwm200_grab2
9445,7316,5188,9068,CD,1,D2_pwm200_grab2
9451,936,-396,10724,CD,1,D2_pwm200_grab2
9455,2748,-3744,4852,CD,1,D2_pwm200_grab2
9461,2628,2244,10328,CD,1,D2_pwm200_grab2
9465,1948,3348,11932,CD,1,D2_pwm200_grab2
9470,-492,-1340,9200,CD,1,D2_pwm200_grab2
9475,4076,448,6796,CD,1,D2_pwm200_grab2
9480,-1476,-1796,3588,CD,1,D2_pwm200_grab2
9486,-988,-1676,6096,CD,1,D2_pwm200_grab2
9490,2140,2872,11860,CD,1,D2_pwm200_grab2
9495,-1268,-2304,12076,CD,1,D2_pwm200_grab2
9501,-4724,-3724,8764,CD,1,D2_pwm200_grab2
9506,-1176,-152,7744,CD,1,D2_pwm200_grab2
9510,-1168,1172,14124,CD,1,D2_pwm200_grab2
9515,724,284,11072,CD,1,D2_pwm200_grab2
9521,264,-1024,9788,CD,1,D2_pwm200_grab2
9525,2652,-3856,7504,CD,1,D2_pwm200_grab2
9531,1108,-168,10604,CD,1,D2_pwm200_grab2
9535,-3460,-592,7560,CD,1,D2_pwm200_grab2
9541,2900,-1976,9592,CD,1,D2_pwm200_grab2
9546,-2344,556,10920,CD,1,D2_pwm200_grab2
9551,-2376,532,7780,CD,1,D2_pwm200_grab2
9555,4592,624,13080,CD,1,D2_pwm200_grab2
9560,-3240,2612,13476,CD,1,D2_pwm200_grab2
9565,-1296,-4248,8692,CD,1,D2_pwm200_grab2
9570,-2384,-1052,4584,CD,1,D2_pwm200_grab2
9575,2936,5528,12340,CD,1,D2_pwm200_grab2
9580,-2372,884,8808,CD,1,D2_pwm200_grab2
9586,-296,-1604,9236,CD,1,D2_pwm200_grab2
9590,1016,-144,15164,CD,1,D2_pwm200_grab2
9596,-2072,2008,10332,CD,1,D2_pwm200_grab2
9600,1600,1448,13956,CD,1,D2_pwm200_grab2
9605,-852,1960,12728,CD,1,D2_pwm200_grab2
9616,-4,-156,9656,CD,1,D2_pwm200_grab2
9620,-4232,2072,12404,CD,1,D2_pwm200_grab2
9626,-3188,-1052,8436,CD,1,D2_pwm200_grab2
9630,-1908,-5940,8456,CD,1,D2_pwm200_grab2
9635,5412,332,10192,CD,1,D2_pwm200_grab2
9641,556,3492,12340,CD,1,D2_pwm200_grab2
9646,4980,-180,9976,CD,1,D2_pwm200_grab2
9650,3392,1492,14256,CD,1,D2_pwm200_grab2
9655,-696,-2560,12132,CD,1,D2_pwm200_grab2
9660,224,-952,9156,CD,1,D2_pwm200_grab2
9665,7584,4704,12484,CD,1,D2_pwm200_grab2
9670,700,1636,12292,CD,1,D2_pwm200_grab2
9676,964,-4480,3212,CD,1,D2_pwm200_grab2
9680,4820,3960,15480,CD,1,D2_pwm200_grab2
9687,864,4304,12428,CD,1,D2_pwm200_grab2
9691,-1064,-1636,9432,CD,1,D2_pwm200_grab2
9696,1744,-1592,8628,CD,1,D2_pwm200_grab2
9707,-2556,4768,11816,CD,1,D2_pwm200_grab2
9712,-3136,-1464,8016,CD,1,D2_pwm200_grab2
9716,-4624,-548,2836,CD,1,D2_pwm200_grab2
9722,1856,3552,8788,CD,1,D2_pwm200_grab2
9726,-1528,724,8144,CD,1,D2_pwm200_grab2
9731,1200,1504,14456,CD,1,D2_pwm200_grab2
9736,-2732,-1588,10744,CD,1,D2_pwm200_grab2
9742,-3620,-6060,8392,CD,1,D2_pwm200_grab2
9746,3624,536,10984,CD,1,D2_pwm200_grab2
9752,-1544,1076,11852,CD,1,D2_pwm200_grab2
9756,-8852,-5420,7104,CD,1,D2_pwm200_grab2
9762,672,-3588,7796,CD,1,D2_pwm200_grab2
9767,-3984,2636,8584,CD,1,D2_pwm200_grab2
9771,696,1596,10676,CD,1,D2_pwm200_grab2
9776,3444,1140,13532,CD,1,D2_pwm200_grab2
9781,1244,-3592,8404,CD,1,D2_pwm200_grab2
9786,-988,-4600,9268,CD,1,D2_pwm200_grab2
9791,2788,564,14860,CD,1,D2_pwm200_grab2
9797,2032,2072,14412,CD,1,D2_pwm200_grab2
9802,-4456,-2508,8020,CD,1,D2_pwm200_grab2
9807,112,-688,8524,CD,1,D2_pwm200_grab2
9811,5188,3036,4380,CD,1,D2_pwm200_grab2
9816,-2944,2792,10432,CD,1,D2_pwm200_grab2
9821,-3632,-2240,9684,CD,1,D2_pwm200_grab2
9826,2404,-1012,7668,CD,1,D2_pwm200_grab2
9831,972,1632,7556,CD,1,D2_pwm200_grab2
9836,-2400,2548,11376,CD,1,D2_pwm200_grab2
9842,2408,1148,7992,CD,1,D2_pwm200_grab2
9847,-3032,-3396,5600,CD,1,D2_pwm200_grab2
9851,-1624,-4556,8276,CD,1,D2_pwm200_grab2
9857,5200,344,12320,CD,1,D2_pwm200_grab2
9861,-3148,2520,11148,CD,1,D2_pwm200_grab2
9867,-8812,-3092,10760,CD,1,D2_pwm200_grab2
9871,2708,-2240,10996,CD,1,D2_pwm200_grab2
9876,796,1596,10676,CD,1,D2_pwm200_grab2
9881,-208,-900,14544,CD,1,D2_pwm200_grab2
9887,368,-1012,11852,CD,1,D2_pwm200_grab2
9891,4640,-2424,8720,CD,1,D2_pwm200_grab2
9896,2856,2316,12136,CD,1,D2_pwm200_grab2
9902,3420,-296,9968,CD,1,D2_pwm200_grab2
9906,1364,2576,14552,CD,1,D2_pwm200_grab2
9911,-1596,-2480,10456,CD,1,D2_pwm200_grab2
9917,2076,-1048,10084,CD,1,D2_pwm200_grab2
9921,11348,3832,10788,CD,1,D2_pwm200_grab2
9926,-2444,4012,12796,CD,1,D2_pwm200_grab2
9931,1644,-1260,8580,CD,1,D2_pwm200_grab2
9943,3560,3756,11780,CD,1,D2_pwm200_grab2
9947,-640,-1012,7804,CD,1,D2_pwm200_grab2
9953,1832,-1088,8256,CD,1,D2_pwm200_grab2
9957,7260,1436,14736,CD,1,D2_pwm200_grab2
9963,328,3780,8720,CD,1,D2_pwm200_grab2
9967,-4412,-1032,8148,CD,1,D2_pwm200_grab2
9972,5144,-368,8576,CD,1,D2_pwm200_grab2
9978,496,216,7248,CD,1,D2_pwm200_grab2
9984,-1376,1100,9608,CD,1,D2_pwm200_grab2
9987,-3080,1228,12628,CD,1,D2_pwm200_grab2
9993,-7600,-372,5576,CD,1,D2_pwm200_grab2
9997,-2264,-6892,7316,CD,1,D2_pwm200_grab2
10003,3808,-228,9956,CD,1,D2_pwm200_grab2
10008,-3656,292,9980,CD,1,D2_pwm200_grab2
10012,-11028,-4540,9236,CD,1,D2_pwm200_grab2
10017,-240,-4016,8576,CD,1,D2_pwm200_grab2
10022,780,2028,8464,CD,1,D2_pwm200_grab2
10027,-1348,1404,7152,CD,1,D2_pwm200_grab2
10033,4212,2464,8872,CD,1,D2_pwm200_grab2
10038,-496,-480,11704,CD,1,D2_pwm200_grab2
10043,-2844,-6060,4604,CD,1,D2_pwm200_grab2
10047,2536,-864,10088,CD,1,D2_pwm200_grab2
10052,392,1832,13632,CD,1,D2_pwm200_grab2
10057,-2448,-2464,7540,CD,1,D2_pwm200_grab2
10062,-468,-1288,7432,CD,1,D2_pwm200_grab2
10068,6412,2672,7840,CD,1,D2_pwm200_grab2
10072,-1432,1232,9976,CD,1,D2_pwm200_grab2
10077,-2464,-44,9800,CD,1,D2_pwm200_grab2
10082,3184,-504,9300,CD,1,D2_pwm200_grab2
10088,-368,-308,8036,CD,1,D2_pwm200_grab2
10093,-2548,2824,9732,CD,1,D2_pwm200_grab2
10098,1512,988,6664,CD,1,D2_pwm200_grab2
10102,-3756,-2756,4584,CD,1,D2_pwm200_grab2
10108,-2724,-5072,7272,CD,1,D2_pwm200_grab2
10113,3504,-196,12192,CD,1,D2_pwm200_grab2
10117,-2536,1744,10892,CD,1,D2_pwm200_grab2
10123,-10132,-2620,11876,CD,1,D2_pwm200_grab2
10127,2460,-2544,9996,CD,1,D2_pwm200_grab2
10132,228,2576,10620,CD,1,D2_pwm200_grab2
10138,140,-856,11576,CD,1,D2_pwm200_grab2
10143,-624,-2120,12656,CD,1,D2_pwm200_grab2
10148,5316,-2648,8404,CD,1,D2_pwm200_grab2
10152,2688,1796,12320,CD,1,D2_pwm200_grab2
10157,3708,1040,13600,CD,1,D2_pwm200_grab2
10162,1788,1736,15612,CD,1,D2_pwm200_grab2
10167,-1820,-1712,11240,CD,1,D2_pwm200_grab2
10172,1136,-1016,10320,CD,1,D2_pwm200_grab2
10178,8852,3120,9864,CD,1,D2_pwm200_grab2
10183,-932,3852,12696,CD,1,D2_pwm200_grab2
10187,3212,-2152,8900,CD,1,D2_pwm200_grab2
10199,3148,4672,13172,CD,1,D2_pwm200_grab2
10203,-328,-1160,9232,CD,1,D2_pwm200_grab2
10208,2308,-1748,9440,CD,1,D2_pwm200_grab2
10213,9192,3412,11504,CD,1,D2_pwm200_grab2
10218,-728,3708,9588,CD,1,D2_pwm200_grab2
10223,-3884,-1164,7300,CD,1,D2_pwm200_grab2
10228,3208,820,7752,CD,1,D2_pwm200_grab2
10234,1868,2952,7900,CD,1,D2_pwm200_grab2
10240,-288,616,9956,CD,1,D2_pwm200_grab2
10243,1004,1712,14012,CD,1,D2_pwm200_grab2
10249,-5600,-596,9188,CD,1,D2_pwm200_grab2
10253,-4056,-6668,8240,CD,1,D2_pwm200_grab2
10259,5580,1164,9640,CD,1,D2_pwm200_grab2
10263,-2344,-212,9900,CD,1,D2_pwm200_grab2
10268,-7264,-4772,7052,CD,1,D2_pwm200_grab2
10273,-168,-2972,7052,CD,1,D2_pwm200_grab2
10278,-2432,2464,9304,CD,1,D2_pwm200_grab2
10284,-352,300,11036,CD,1,D2_pwm200_grab2
10289,3428,2392,11684,CD,1,D2_pwm200_grab2
10293,1344,-3952,8108,CD,1,D2_pwm200_grab2
10298,-200,-4196,8420,CD,1,D2_pwm200_grab2
10303,2436,-2104,10116,CD,1,D2_pwm200_grab2
10308,1984,948,13488,CD,1,D2_pwm200_grab2
10313,-5524,-1792,8840,CD,1,D2_pwm200_grab2
10318,116,-80,7420,CD,1,D2_pwm200_grab2
10323,4652,2288,9404,CD,1,D2_pwm200_grab2
10328,-2640,2176,9032,CD,1,D2_pwm200_grab2
10334,-6136,-3176,9056,CD,1,D2_pwm200_grab2
10338,-3848,320,4032,CD,1,D2_pwm200_grab2
10343,1956,4808,9572,CD,1,D2_pwm200_grab2
10348,-4724,1244,9800,CD,1,D2_pwm200_grab2
10354,1112,-1320,7920,CD,1,D2_pwm200_grab2
10358,-2952,-4004,6596,CD,1,D2_pwm200_grab2
10364,-1620,-340,8984,CD,1,D2_pwm200_grab2
10369,3640,120,12836,CD,1,D2_pwm200_grab2
10373,-2208,1768,10264,CD,1,D2_pwm200_grab2
10378,-7728,-3144,8556,CD,1,D2_pwm200_grab2
10384,1312,-416,10260,CD,1,D2_pwm200_grab2
10388,-3552,2908,11120,CD,1,D2_pwm200_grab2
10394,-1612,-544,10352,CD,1,D2_pwm200_grab2
10398,-1512,-5244,9812,CD,1,D2_pwm200_grab2
10404,6184,-656,10508,CD,1,D2_pwm200_grab2
10409,396,2824,13084,CD,1,D2_pwm200_grab2
10413,3064,92,9180,CD,1,D2_pwm200_grab2
10419,3928,2732,13828,CD,1,D2_pwm200_grab2
10424,-3028,-2804,11780,CD,1,D2_pwm200_grab2
10428,-508,-820,11036,CD,1,D2_pwm200_grab2
10434,8000,3920,11604,CD,1,D2_pwm200_grab2
10438,548,584,13600,CD,1,D2_pwm200_grab2
10444,504,-3828,3332,CD,1,D2_pwm200_grab2
10449,4236,1104,7764,CD,1,D2_pwm200_grab2
10454,856,3056,14060,CD,1,D2_pwm200_grab2
10460,-936,-2620,9884,CD,1,D2_pwm200_grab2
10464,2792,-28,9532,CD,1,D2_pwm200_grab2
10474,-796,4164,11104,CD,1,D2_pwm200_grab2
10479,692,-1512,8712,CD,1,D2_pwm200_grab2
10489,4012,3516,11328,CD,1,D2_pwm200_grab2
10494,-1228,-864,7920,CD,1,D2_pwm200_grab2
10499,3456,1468,8548,CD,1,D2_pwm200_grab2
10504,-1908,-436,5200,CD,1,D2_pwm200_grab2
10509,928,-3444,7496,CD,1,D2_pwm200_grab2
10514,680,1352,11996,CD,1,D2_pwm200_grab2
10519,616,-568,12632,CD,1,D2_pwm200_grab2
10525,-4740,-2788,8164,CD,1,D2_pwm200_grab2
10530,576,-40,8076,CD,1,D2_pwm200_grab2
10534,448,2292,14768,CD,1,D2_pwm200_grab2
10540,1004,596,10676,CD,1,D2_pwm200_grab2
10545,-3020,-2752,9340,CD,1,D2_pwm200_grab2
10549,3608,-3696,7200,CD,1,D2_pwm200_grab2
10554,-476,868,11120,CD,1,D2_pwm200_grab2
10560,-6788,-2328,6636,CD,1,D2_pwm200_grab2
10564,888,-3416,9684,CD,1,D2_pwm200_grab2
10569,532,440,11784,CD,1,D2_pwm200_grab2
10574,-2124,-1024,12628,CD,1,D2_pwm200_grab2
10579,2628,1040,13044,CD,1,D2_pwm200_grab2
10584,-3652,2404,12924,CD,1,D2_pwm200_grab2
10589,860,-4260,8020,CD,1,D2_pwm200_grab2
10594,10700,-1644,18288,CD,1,D2_pwm200_grab2
10600,1068,5532,12568,CD,1,D2_pwm200_grab2
10605,-2976,-668,8376,CD,1,D2_pwm200_grab2
10609,-492,-2432,7920,CD,1,D2_pwm200_grab2
10614,6868,1324,14964,CD,1,D2_pwm200_grab2
10619,-3552,2196,11048,CD,1,D2_pwm200_grab2
10624,628,488,13392,CD,1,D2_pwm200_grab2
10630,-1704,-976,12856,CD,1,D2_pwm200_grab2
10634,-5172,-1592,10116,CD,1,D2_pwm200_grab2
10639,-320,1868,9780,CD,1,D2_pwm200_grab2
10644,-1028,1300,15060,CD,1,D2_pwm200_grab2
10650,-4784,-3128,12388,CD,1,D2_pwm200_grab2
10660,5124,1352,13356,CD,1,D2_pwm200_grab2
10665,-4208,1076,10540,CD,1,D2_pwm200_grab2
10669,-7064,-2976,9048,CD,1,D2_pwm200_grab2
10675,3344,-2208,10988,CD,1,D2_pwm200_grab2
10679,3992,584,15876,CD,1,D2_pwm200_grab2
10684,-884,-1508,13240,CD,1,D2_pwm200_grab2
10690,3172,1660,15300,CD,1,D2_pwm200_grab2
10694,2552,-1956,10228,CD,1,D2_pwm200_grab2
10699,2396,-544,12300,CD,1,D2_pwm200_grab2
10704,4728,-288,13720,CD,1,D2_pwm200_grab2
10711,4596,1232,12424,CD,1,D2_pwm200_grab2
10716,-2480,-2756,11312,CD,1,D2_pwm200_grab2
10720,-404,72,9324,CD,1,D2_pwm200_grab2
10725,8420,4232,10692,CD,1,D2_pwm200_grab2
10730,232,452,11736,CD,1,D2_pwm200_grab2
10736,2136,-3516,4232,CD,1,D2_pwm200_grab2
10740,3728,628,8052,CD,1,D2_pwm200_grab2
10746,188,4784,14408,CD,1,D2_pwm200_grab2
10750,-1132,-3904,8188,CD,1,D2_pwm200_grab2
10755,2492,-1352,7924,CD,1,D2_pwm200_grab2
10761,3908,1368,10208,CD,1,D2_pwm200_grab2
10766,-1636,908,7672,CD,1,D2_pwm200_grab2
10770,1004,444,9336,CD,1,D2_pwm200_grab2
10776,1984,-1188,11592,CD,1,D2_pwm200_grab2
10781,1288,-1268,7020,CD,1,D2_pwm200_grab2
10786,-752,832,8440,CD,1,D2_pwm200_grab2
10790,3484,1972,6588,CD,1,D2_pwm200_grab2
10795,2760,1736,10328,CD,1,D2_pwm200_grab2
10801,-852,-5392,7116,CD,1,D2_pwm200_grab2
10806,6320,-964,6952,CD,1,D2_pwm200_grab2
10810,-1684,1624,11040,CD,1,D2_pwm200_grab2
10821,2032,-3396,8936,CD,1,D2_pwm200_grab2
10825,3936,2608,10656,CD,1,D2_pwm200_grab2
10831,-72,148,10936,CD,1,D2_pwm200_grab2
10836,288,-516,10704,CD,1,D2_pwm200_grab2
10840,-1684,-1768,12204,CD,1,D2_pwm200_grab2
10850,1768,68,8940,CD,1,D2_pwm200_grab2
10855,-1456,4800,13032,CD,1,D2_pwm200_grab2
10860,-4640,-2088,8420,CD,1,D2_pwm200_grab2
10866,920,-788,8400,CD,1,D2_pwm200_grab2
10870,7636,2992,8896,CD,1,D2_pwm200_grab2
10876,-3692,2252,13760,CD,1,D2_pwm200_grab2
10881,24,240,12356,CD,1,D2_pwm200_grab2
10885,-1108,-1920,9948,CD,1,D2_pwm200_grab2
10891,2648,784,9184,CD,1,D2_pwm200_grab2
10896,-3972,2280,10252,CD,1,D2_pwm200_grab2
10901,2580,1148,8264,CD,1,D2_pwm200_grab2
10905,-2556,-3668,9236,CD,1,D2_pwm200_grab2
10910,-1088,-3968,9052,CD,1,D2_pwm200_grab2
10916,2240,2348,14644,CD,1,D2_pwm200_grab2
10921,-52,364,13648,CD,1,D2_pwm200_grab2
10930,4336,-2460,11524,CD,1,D2_pwm200_grab2
10936,4308,2360,11600,CD,1,D2_pwm200_grab2
10940,636,-312,13584,CD,1,D2_pwm200_grab2
10946,412,-1052,13972,CD,1,D2_pwm200_grab2
10951,5396,-1976,7412,CD,1,D2_pwm200_grab2
10955,2116,2100,12844,CD,1,D2_pwm200_grab2
10961,-1964,-336,6940,CD,1,D2_pwm200_grab2
10966,4084,-1508,11152,CD,1,D2_pwm200_grab2
10971,264,-1672,13848,CD,1,D2_pwm200_grab2
10976,-1296,380,11028,CD,1,D2_pwm200_grab2
10982,4320,3140,12204,CD,1,D2_pwm200_grab2
10986,1668,-952,10112,CD,1,D2_pwm200_grab2
10992,732,-1628,7264,CD,1,D2_pwm200_grab2
10997,5528,2248,15176,CD,1,D2_pwm200_grab2
11001,2732,1104,13624,CD,1,D2_pwm200_grab2
11008,-676,-3088,10148,CD,1,D2_pwm200_grab2
11012,2524,-892,7224,CD,1,D2_pwm200_grab2
11016,5952,1492,16824,CD,1,D2_pwm200_grab2
11021,-112,3916,8752,CD,1,D2_pwm200_grab2
11027,-2776,256,8712,CD,1,D2_pwm200_grab2
11031,3180,-1796,5892,CD,1,D2_pwm200_grab2
11036,2356,-192,8132,CD,1,D2_pwm200_grab2
11042,-2556,1736,9904,CD,1,D2_pwm200_grab2
11046,2736,368,6960,CD,1,D2_pwm200_grab2
11051,-7500,-596,6924,CD,1,D2_pwm200_grab2
11057,-1024,-4876,6732,CD,1,D2_pwm200_grab2
11061,2624,-984,11256,CD,1,D2_pwm200_grab2
11067,-2016,1772,11148,CD,1,D2_pwm200_grab2
11077,972,-4332,8480,CD,1,D2_pwm200_grab2
11081,-1616,3120,9336,CD,1,D2_pwm200_grab2
11086,1288,1008,10332,CD,1,D2_pwm200_grab2
11091,-1140,-4864,10372,CD,1,D2_pwm200_grab2
11097,-768,-3100,11232,CD,1,D2_pwm200_grab2
11102,-2640,-4256,7184,CD,1,D2_pwm200_grab2
11106,3672,712,14868,CD,1,D2_pwm200_grab2
11111,2020,2752,15188,CD,1,D2_pwm200_grab2
11116,-2312,-2104,8016,CD,1,D2_pwm200_grab2
11122,-1076,-1636,10288,CD,1,D2_pwm200_grab2
11126,6960,4036,7908,CD,1,D2_pwm200_grab2
11132,-2708,1952,14952,CD,1,D2_pwm200_grab2
11136,-4228,-664,10388,CD,1,D2_pwm200_grab2
11141,1168,-1968,8760,CD,1,D2_pwm200_grab2
11146,940,2152,9132,CD,1,D2_pwm200_grab2
11152,-1744,2804,11556,CD,1,D2_pwm200_grab2
11157,1676,584,9252,CD,1,D2_pwm200_grab2
11161,-2796,-3668,5824,CD,1,D2_pwm200_grab2
11166,-2224,-3500,7960,CD,1,D2_pwm200_grab2
11171,2564,4240,13760,CD,1,D2_pwm200_grab2
11177,-1568,-612,12292,CD,1,D2_pwm200_grab2
11186,2016,-3600,10252,CD,1,D2_pwm200_grab2
11191,2004,2692,10620,CD,1,D2_pwm200_grab2
11196,996,-168,12456,CD,1,D2_pwm200_grab2
11202,-1516,-2836,12808,CD,1,D2_pwm200_grab2
11206,5372,-2152,7580,CD,1,D2_pwm200_grab2
11211,1532,2104,12404,CD,1,D2_pwm200_grab2
11217,-5680,-1388,7952,CD,1,D2_pwm200_grab2
11223,4348,-3612,11072,CD,1,D2_pwm200_grab2
11227,3228,-1288,15432,CD,1,D2_pwm200_grab2
11233,936,984,12972,CD,1,D2_pwm200_grab2
11237,4352,2140,13444,CD,1,D2_pwm200_grab2
11243,3056,-2120,7548,CD,1,D2_pwm200_grab2
11247,2208,-792,10084,CD,1,D2_pwm200_grab2
11252,3388,-344,9228,CD,1,D2_pwm200_grab2
11258,5684,1352,14928,CD,1,D2_pwm200_grab2
11264,-3836,-4084,9432,CD,1,D2_pwm200_grab2
11267,1956,-2164,8180,CD,1,D2_pwm200_grab2
11272,7820,2868,13588,CD,1,D2_pwm200_grab2
11277,-2512,5056,10860,CD,1,D2_pwm200_grab2
11283,-4184,-632,7016,CD,1,D2_pwm200_grab2
11287,-3004,156,3948,CD,1,D2_pwm200_grab2
11292,1832,3060,7968,CD,1,D2_pwm200_grab2
11298,-1160,940,8552,CD,1,D2_pwm200_grab2
11302,3704,-4,8156,CD,1,D2_pwm200_grab2
11307,-3892,-1272,10176,CD,1,D2_pwm200_grab2
11313,-3176,-6412,7376,CD,1,D2_pwm200_grab2
11317,4556,256,10576,CD,1,D2_pwm200_grab2
11322,-1580,1116,11392,CD,1,D2_pwm200_grab2
11328,-9076,-5808,7836,CD,1,D2_pwm200_grab2
11332,1188,-4348,7088,CD,1,D2_pwm200_grab2
11337,-3652,2428,8360,CD,1,D2_pwm200_grab2
11342,4844,2232,11048,CD,1,D2_pwm200_grab2
11347,-2320,-5232,6728,CD,1,D2_pwm200_grab2
11352,1680,-3088,8064,CD,1,D2_pwm200_grab2
11357,-808,-4284,8976,CD,1,D2_pwm200_grab2
11362,4296,-200,14884,CD,1,D2_pwm200_grab2
11368,3600,2048,14792,CD,1,D2_pwm200_grab2
11373,-3912,-3332,7600,CD,1,D2_pwm200_grab2
11377,-472,-640,8220,CD,1,D2_pwm200_grab2
11383,5828,3492,5224,CD,1,D2_pwm200_grab2
11387,-1780,460,13804,CD,1,D2_pwm200_grab2
11392,-5816,-2620,9072,CD,1,D2_pwm200_grab2
11398,-1184,548,6360,CD,1,D2_pwm200_grab2
11402,196,2892,7632,CD,1,D2_pwm200_grab2
11407,-2856,2772,12100,CD,1,D2_pwm200_grab2
11412,2508,376,7900,CD,1,D2_pwm200_grab2
11418,-2644,-3520,6148,CD,1,D2_pwm200_grab2
11423,-1412,-3336,7948,CD,1,D2_pwm200_grab2
11427,1380,2280,13424,CD,1,D2_pwm200_grab2
11433,-1324,-1024,12460,CD,1,D2_pwm200_grab2
11437,-8244,-3840,10048,CD,1,D2_pwm200_grab2
11443,1856,-3088,9912,CD,1,D2_pwm200_grab2
11448,-1700,2360,10620,CD,1,D2_pwm200_grab2
11453,1920,-124,14076,CD,1,D2_pwm200_grab2
11458,-112,-2660,10764,CD,1,D2_pwm200_grab2
11463,4896,-2028,9248,CD,1,D2_pwm200_grab2
11467,2372,3056,12956,CD,1,D2_pwm200_grab2
11473,-7220,-2260,9180,CD,1,D2_pwm200_grab2
11478,3700,-3144,12120,CD,1,D2_pwm200_grab2
11484,3592,60,15436,CD,1,D2_pwm200_grab2
11489,124,372,13280,CD,1,D2_pwm200_grab2
11493,3328,2100,14684,CD,1,D2_pwm200_grab2
11498,4776,-1412,7312,CD,1,D2_pwm200_grab2
11504,2104,-1216,11816,CD,1,D2_pwm200_grab2
11509,3100,-268,8624,CD,1,D2_pwm200_grab2
11514,5384,2352,14052,CD,1,D2_pwm200_grab2
11518,-4564,-2668,10656,CD,1,D2_pwm200_grab2
11524,2116,-1756,9180,CD,1,D2_pwm200_grab2
11528,10276,4152,10716,CD,1,D2_pwm200_grab2
11533,-1052,4852,10104,CD,1,D2_pwm200_grab2
11538,-4464,-2216,8372,CD,1,D2_pwm200_grab2
11544,-3000,1516,3252,CD,1,D2_pwm200_grab2
11548,2104,1752,7628,CD,1,D2_pwm200_grab2
11553,-436,728,9900,CD,1,D2_pwm200_grab2
11558,1048,-1436,6432,CD,1,D2_pwm200_grab2
11564,-3204,-1540,11176,CD,1,D2_pwm200_grab2
11568,-1024,-6132,7116,CD,1,D2_pwm200_grab2
11573,3536,1388,11304,CD,1,D2_pwm200_grab2
11578,-1812,-492,9960,CD,1,D2_pwm200_grab2
11583,-9100,-5028,7156,CD,1,D2_pwm200_grab2
11589,-1272,-1708,6952,CD,1,D2_pwm200_grab2
11593,-3384,1664,10644,CD,1,D2_pwm200_grab2
11598,-5104,-452,6640,CD,1,D2_pwm200_grab2
11603,-1348,-4456,7268,CD,1,D2_pwm200_grab2
11609,2240,-4404,8676,CD,1,D2_pwm200_grab2
11614,-672,-2260,10220,CD,1,D2_pwm200_grab2
11619,1260,-996,8664,CD,1,D2_pwm200_grab2
11623,2456,684,11680,CD,1,D2_pwm200_grab2
11628,-5960,-732,9448,CD,1,D2_pwm200_grab2
11634,-2520,-252,6016,CD,1,D2_pwm200_grab2
11638,5820,1580,11884,CD,1,D2_pwm200_grab2
11643,-2528,-656,12524,CD,1,D2_pwm200_grab2
11648,-4936,-3396,10060,CD,1,D2_pwm200_grab2
11659,2236,5204,10988,CD,1,D2_pwm200_grab2
11664,-2196,2136,9416,CD,1,D2_pwm200_grab2
11668,276,-1612,9436,CD,1,D2_pwm200_grab2
11674,1216,-1800,10228,CD,1,D2_pwm200_grab2
11678,-1536,384,9768,CD,1,D2_pwm200_grab2
11683,540,732,13332,CD,1,D2_pwm200_grab2
11688,1604,428,10248,CD,1,D2_pwm200_grab2
11693,-8732,-2504,10084,CD,1,D2_pwm200_grab2
11699,1336,-736,9184,CD,1,D2_pwm200_grab2
11703,-3684,2332,12816,CD,1,D2_pwm200_grab2
11709,-3868,-1496,8892,CD,1,D2_pwm200_grab2
11714,-528,-5072,9680,CD,1,D2_pwm200_grab2
11718,5816,88,9888,CD,1,D2_pwm200_grab2
11724,672,2824,12568,CD,1,D2_pwm200_grab2
11729,-9160,-2524,9892,CD,1,D2_pwm200_grab2
11734,4972,-2296,11712,CD,1,D2_pwm200_grab2
11739,4384,1936,11944,CD,1,D2_pwm200_grab2
11744,224,-220,13912,CD,1,D2_pwm200_grab2
11749,1132,-276,12592,CD,1,D2_pwm200_grab2
11754,5296,-1736,8400,CD,1,D2_pwm200_grab2
11759,4248,924,11304,CD,1,D2_pwm200_grab2
11765,1124,-32,7424,CD,1,D2_pwm200_grab2
11769,3924,-2524,9792,CD,1,D2_pwm200_grab2
11774,-2444,-2424,12268,CD,1,D2_pwm200_grab2
11780,1440,-924,7932,CD,1,D2_pwm200_grab2
11789,-3316,3404,12228,CD,1,D2_pwm200_grab2
11794,-1072,-2284,8668,CD,1,D2_pwm200_grab2
11800,7768,-1544,13308,CD,1,D2_pwm200_grab2
11804,3432,3124,9200,CD,1,D2_pwm200_grab2
11810,-2124,-72,6816,CD,1,D2_pwm200_grab2
11815,2408,-704,7128,CD,1,D2_pwm200_grab2
11820,-1488,-1404,12776,CD,1,D2_pwm200_grab2
11825,-2020,-4708,7968,CD,1,D2_pwm200_grab2
11830,2652,472,11288,CD,1,D2_pwm200_grab2
11835,-1356,-308,11464,CD,1,D2_pwm200_grab2
11840,-7156,-2556,8308,CD,1,D2_pwm200_grab2
11844,692,-932,6096,CD,1,D2_pwm200_grab2
11849,-3572,2048,11004,CD,1,D2_pwm200_grab2
11855,-5044,60,5964,CD,1,D2_pwm200_grab2
11864,3060,-3776,6768,CD,1,D2_pwm200_grab2
11869,1100,-1492,9976,CD,1,D2_pwm200_grab2
11874,80,-1492,7176,CD,1,D2_pwm200_grab2
11879,2992,408,11232,CD,1,D2_pwm200_grab2
11885,-4992,-1052,9776,CD,1,D2_pwm200_grab2
11889,-1080,340,6760,CD,1,D2_pwm200_grab2
11894,4096,568,9660,CD,1,D2_pwm200_grab2
11900,-2088,-1640,12460,CD,1,D2_pwm200_grab2
11904,-4876,-4332,9592,CD,1,D2_pwm200_grab2
11919,-4616,1156,8828,CD,1,D2_pwm200_grab2
11924,412,-1560,7648,CD,1,D2_pwm200_grab2
11930,-380,-2104,7764,CD,1,D2_pwm200_grab2
11934,-1152,-64,9700,CD,1,D2_pwm200_grab2
11940,-1172,380,12288,CD,1,D2_pwm200_grab2
11944,1112,-20,10856,CD,1,D2_pwm200_grab2
11950,-8400,-3308,9080,CD,1,D2_pwm200_grab2
11955,1636,220,10156,CD,1,D2_pwm200_grab2
11959,-3608,2376,10808,CD,1,D2_pwm200_grab2
11965,-1704,-1248,10024,CD,1,D2_pwm200_grab2
11969,-880,-5288,10276,CD,1,D2_pwm200_grab2
11974,5572,-532,10860,CD,1,D2_pwm200_grab2
11979,624,2252,13104,CD,1,D2_pwm200_grab2
11985,-8980,-2468,10748,CD,1,D2_pwm200_grab2
11991,3112,-2748,11108,CD,1,D2_pwm200_grab2
11995,4568,2744,11932,CD,1,D2_pwm200_grab2
12000,-1540,-1552,12764,CD,1,D2_pwm200_grab2
12005,1136,-456,14468,CD,1,D2_pwm200_grab2
12010,4444,-2484,8404,CD,1,D2_pwm200_grab2
12016,3860,1124,12884,CD,1,D2_pwm200_grab2
12021,2432,376,8696,CD,1,D2_pwm200_grab2
12025,4428,-1688,10172,CD,1,D2_pwm200_grab2
12030,-4172,-1920,12096,CD,1,D2_pwm200_grab2
12035,2324,-680,9516,CD,1,D2_pwm200_grab2
12045,-1048,4608,11120,CD,1,D2_pwm200_grab2
12050,-3600,-2164,9252,CD,1,D2_pwm200_grab2
12055,1624,-920,5888,CD,1,D2_pwm200_grab2
12060,3132,2884,8620,CD,1,D2_pwm200_grab2
12066,-992,104,8628,CD,1,D2_pwm200_grab2
12070,1964,-2236,7308,CD,1,D2_pwm200_grab2
12076,-1248,-1792,11296,CD,1,D2_pwm200_grab2
12081,-184,-5400,7544,CD,1,D2_pwm200_grab2
12085,2448,1160,11732,CD,1,D2_pwm200_grab2
12090,-348,192,9548,CD,1,D2_pwm200_grab2
12096,-9292,-3904,7088,CD,1,D2_pwm200_grab2
12100,1496,-2260,7676,CD,1,D2_pwm200_grab2
12105,-4224,2324,10772,CD,1,D2_pwm200_grab2
12111,3532,952,11048,CD,1,D2_pwm200_grab2
12115,-1956,-4876,7904,CD,1,D2_pwm200_grab2
12120,812,-3288,9044,CD,1,D2_pwm200_grab2
12126,-1368,-1584,10900,CD,1,D2_pwm200_grab2
12131,4076,-404,14056,CD,1,D2_pwm200_grab2
12135,1240,624,11056,CD,1,D2_pwm200_grab2
12141,-4384,-2880,8112,CD,1,D2_pwm200_grab2
12146,-2360,-1056,7108,CD,1,D2_pwm200_grab2
12150,7196,3776,7316,CD,1,D2_pwm200_grab2
12156,-2812,-376,13332,CD,1,D2_pwm200_grab2
12160,-7044,-3212,8324,CD,1,D2_pwm200_grab2
12165,-252,212,6608,CD,1,D2_pwm200_grab2
12170,344,2696,7568,CD,1,D2_pwm200_grab2
12175,-2052,2436,10116,CD,1,D2_pwm200_grab2
12180,1072,-800,6708,CD,1,D2_pwm200_grab2
12186,-2852,-3428,5912,CD,1,D2_pwm200_grab2
12190,-2908,-3504,7728,CD,1,D2_pwm200_grab2
12195,2460,1960,14504,CD,1,D2_pwm200_grab2
12200,-2972,-2016,11696,CD,1,D2_pwm200_grab2
12211,2028,-2380,9364,CD,1,D2_pwm200_grab2
12215,-80,2740,11296,CD,1,D2_pwm200_grab2
12221,132,-212,11688,CD,1,D2_pwm200_grab2
12226,372,-2560,12412,CD,1,D2_pwm200_grab2
12231,4820,-2208,8572,CD,1,D2_pwm200_grab2
12236,3132,3492,12944,CD,1,D2_pwm200_grab2
12241,-2952,280,7796,CD,1,D2_pwm200_grab2
12246,4624,-2684,12628,CD,1,D2_pwm200_grab2
12251,-164,-1108,13848,CD,1,D2_pwm200_grab2
12257,808,608,13444,CD,1,D2_pwm200_grab2
12261,4824,2192,12272,CD,1,D2_pwm200_grab2
12266,1984,-1464,9868,CD,1,D2_pwm200_grab2
12271,-288,-2084,6848,CD,1,D2_pwm200_grab2
12276,5676,2072,14964,CD,1,D2_pwm200_grab2
12281,2892,2196,15972,CD,1,D2_pwm200_grab2
12288,-1472,-4252,9476,CD,1,D2_pwm200_grab2
12291,1800,-1448,8100,CD,1,D2_pwm200_grab2
12297,6544,2360,16528,CD,1,D2_pwm200_grab2
12301,-996,2076,9020,CD,1,D2_pwm200_grab2
12307,-1600,-28,7628,CD,1,D2_pwm200_grab2
12312,2248,-312,9728,CD,1,D2_pwm200_grab2
12317,2240,-148,7516,CD,1,D2_pwm200_grab2
12321,-44,1268,10576,CD,1,D2_pwm200_grab2
12327,4124,1664,7152,CD,1,D2_pwm200_grab2
12332,1888,1136,10444,CD,1,D2_pwm200_grab2
12336,-1812,-4900,7448,CD,1,D2_pwm200_grab2
12342,6380,-404,7424,CD,1,D2_pwm200_grab2
12346,-1136,1604,10628,CD,1,D2_pwm200_grab2
12351,-8428,-4508,7832,CD,1,D2_pwm200_grab2
12357,2280,-3916,8288,CD,1,D2_pwm200_grab2
12361,4664,2604,11152,CD,1,D2_pwm200_grab2
12366,20,456,11824,CD,1,D2_pwm200_grab2
12371,1476,260,11732,CD,1,D2_pwm200_grab2
12376,-4,1624,10568,CD,1,D2_pwm200_grab2
12381,2228,-6136,3888,CD,1,D2_pwm200_grab2
12392,-608,4512,12528,CD,1,D2_pwm200_grab2
12396,-5032,-1888,7120,CD,1,D2_pwm200_grab2
12401,880,-1552,8240,CD,1,D2_pwm200_grab2
12407,8060,2604,10424,CD,1,D2_pwm200_grab2
12411,-2836,2400,11284,CD,1,D2_pwm200_grab2
12417,996,608,12208,CD,1,D2_pwm200_grab2
12421,-2788,-2768,11556,CD,1,D2_pwm200_grab2
12426,-6900,-1684,8684,CD,1,D2_pwm200_grab2
12432,-2704,1556,9092,CD,1,D2_pwm200_grab2
12436,-2596,2384,14048,CD,1,D2_pwm200_grab2
12441,-9328,-2772,6640,CD,1,D2_pwm200_grab2
12447,-2332,-6312,9856,CD,1,D2_pwm200_grab2
12452,2844,56,12788,CD,1,D2_pwm200_grab2
12457,-3124,632,10492,CD,1,D2_pwm200_grab2
12461,-2084,256,7792,CD,1,D2_pwm200_grab2
12467,716,-832,9340,CD,1,D2_pwm200_grab2
12471,-1680,-416,12704,CD,1,D2_pwm200_grab2
12476,-3680,-368,9660,CD,1,D2_pwm200_grab2
12481,5388,1564,12480,CD,1,D2_pwm200_grab2
12487,-1560,-1432,13600,CD,1,D2_pwm200_grab2
12492,-1660,-2444,5932,CD,1,D2_pwm200_grab2
12496,1508,2312,9292,CD,1,D2_pwm200_grab2
12502,872,4224,15324,CD,1,D2_pwm200_grab2
12507,-2408,-2064,9752,CD,1,D2_pwm200_grab2
12512,1252,-684,9908,CD,1,D2_pwm200_grab2
12522,-1152,4128,12176,CD,1,D2_pwm200_grab2
12528,-2108,-4000,9976,CD,1,D2_pwm200_grab2
12533,-28,500,6916,CD,1,D2_pwm200_grab2
12537,2680,5360,10748,CD,1,D2_pwm200_grab2
12542,-404,-404,9832,CD,1,D2_pwm200_grab2
12547,2128,756,14600,CD,1,D2_pwm200_grab2
12553,-1916,-2612,12112,CD,1,D2_pwm200_grab2
12558,-1660,-5948,8324,CD,1,D2_pwm200_grab2
12563,4064,3176,11628,CD,1,D2_pwm200_grab2
12567,-688,1276,12048,CD,1,D2_pwm200_grab2
12573,-7660,-5420,7828,CD,1,D2_pwm200_grab2
12578,2608,-3100,9324,CD,1,D2_pwm200_grab2
12582,-2776,2216,9608,CD,1,D2_pwm200_grab2
12587,748,1368,11732,CD,1,D2_pwm200_grab2
12593,4596,2672,10320,CD,1,D2_pwm200_grab2
12598,1012,-1024,9748,CD,1,D2_pwm200_grab2
12603,472,-2152,7436,CD,1,D2_pwm200_grab2
12607,4892,1008,11392,CD,1,D2_pwm200_grab2
12613,3564,668,13200,CD,1,D2_pwm200_grab2
12617,-1832,-4188,7852,CD,1,D2_pwm200_grab2
12622,2232,544,7520,CD,1,D2_pwm200_grab2
12627,9872,5436,9284,CD,1,D2_pwm200_grab2
12633,-1724,1352,9336,CD,1,D2_pwm200_grab2
12637,212,196,9380,CD,1,D2_pwm200_grab2
12643,-804,-2144,7564,CD,1,D2_pwm200_grab2
12648,-224,-1292,6596,CD,1,D2_pwm200_grab2
12653,-2064,2824,9612,CD,1,D2_pwm200_grab2
12657,2720,1156,8896,CD,1,D2_pwm200_grab2
12662,-1456,-3088,10332,CD,1,D2_pwm200_grab2
12667,-2304,-5696,6668,CD,2,D2_pwm200_grab2
12672,2180,-2104,9684,CD,2,D2_pwm200_grab2
12677,420,1796,10928,CD,2,D2_pwm200_grab2
12688,1400,-3776,10172,CD,2,D2_pwm200_grab2
12693,2980,2340,13428,CD,2,D2_pwm200_grab2
12697,-968,-192,11376,CD,2,D2_pwm200_grab2
12702,808,-1364,13260,CD,2,D2_pwm200_grab2
12707,536,-4124,10468,CD,2,D2_pwm200_grab2
12713,-432,-872,11600,CD,2,D2_pwm200_grab2
12722,3408,5436,13628,CD,2,D2_pwm200_grab2
12727,-3460,-384,9256,CD,2,D2_pwm200_grab2
12733,740,-1964,7932,CD,2,D2_pwm200_grab2
12742,-1036,3012,9608,CD,2,D2_pwm200_grab2
12748,-2508,-492,10536,CD,2,D2_pwm200_grab2
12752,2792,264,9776,CD,2,D2_pwm200_grab2
12758,1512,2056,9972,CD,2,D2_pwm200_grab2
12764,-848,2384,12076,CD,2,D2_pwm200_grab2
12768,2444,1788,11280,CD,2,D2_pwm200_grab2
12773,-1004,-3236,8804,CD,2,D2_pwm200_grab2
12779,-2264,-4672,9076,CD,2,D2_pwm200_grab2
12783,4568,3764,12748,CD,2,D2_pwm200_grab2
12788,-652,808,11792,CD,2,D2_pwm200_grab2
12794,-5828,-2184,8932,CD,2,D2_pwm200_grab2
12798,3048,588,10252,CD,2,D2_pwm200_grab2
12803,4644,2272,11888,CD,2,D2_pwm200_grab2
12809,-264,-216,13944,CD,2,D2_pwm200_grab2
12814,2732,468,13556,CD,2,D2_pwm200_grab2
12819,3468,-1964,8128,CD,2,D2_pwm200_grab2
12824,2608,1168,11240,CD,2,D2_pwm200_grab2
12828,5508,1696,15280,CD,2,D2_pwm200_grab2
12834,4084,28,11604,CD,2,D2_pwm200_grab2
12838,-3448,-3488,10512,CD,2,D2_pwm200_grab2
12844,2724,-1068,7136,CD,2,D2_pwm200_grab2
12848,6332,1840,16044,CD,2,D2_pwm200_grab2
12854,-568,3896,8492,CD,2,D2_pwm200_grab2
12858,-3504,-852,9080,CD,2,D2_pwm200_grab2
12864,3592,-1760,6984,CD,2,D2_pwm200_grab2
12868,1752,-1016,7340,CD,2,D2_pwm200_grab2
12873,-2796,2456,9752,CD,2,D2_pwm200_grab2
12879,2508,608,7232,CD,2,D2_pwm200_grab2
12883,-3696,-2924,3388,CD,2,D2_pwm200_grab2
12888,-92,-5328,6600,CD,2,D2_pwm200_grab2
12894,2756,-1484,11064,CD,2,D2_pwm200_grab2
12899,-84,1864,11436,CD,2,D2_pwm200_grab2
12903,-11904,-3896,9956,CD,2,D2_pwm200_grab2
12909,1268,-4372,8472,CD,2,D2_pwm200_grab2
12914,3924,3300,11008,CD,2,D2_pwm200_grab2
12919,-380,768,11376,CD,2,D2_pwm200_grab2
12923,1008,-2728,14648,CD,2,D2_pwm200_grab2
12929,-1736,-936,12980,CD,2,D2_pwm200_grab2
12933,-1144,-5916,4476,CD,2,D2_pwm200_grab2
12938,6968,2088,18916,CD,2,D2_pwm200_grab2
12943,12,6508,14116,CD,2,D2_pwm200_grab2
12948,-2872,-1088,6708,CD,2,D2_pwm200_grab2
12954,-516,-2440,9944,CD,2,D2_pwm200_grab2
12958,6296,1368,13416,CD,2,D2_pwm200_grab2
12963,-3532,3472,12688,CD,2,D2_pwm200_grab2
12969,-5892,-3624,9056,CD,2,D2_pwm200_grab2
12974,-2348,-1248,11500,CD,2,D2_pwm200_grab2
12978,-6268,-1296,10964,CD,2,D2_pwm200_grab2
12983,-112,1660,7564,CD,2,D2_pwm200_grab2
12988,-2996,2048,15256,CD,2,D2_pwm200_grab2
12993,-5572,-1812,6864,CD,2,D2_pwm200_grab2
12998,-1728,-6112,9680,CD,2,D2_pwm200_grab2
13004,5580,824,12324,CD,2,D2_pwm200_grab2
13009,-1624,2364,11232,CD,2,D2_pwm200_grab2
13015,-9128,-2756,10184,CD,2,D2_pwm200_grab2
13019,3832,-2356,10452,CD,2,D2_pwm200_grab2
13024,3332,1868,10428,CD,2,D2_pwm200_grab2
13029,420,236,14444,CD,2,D2_pwm200_grab2
13034,1028,-792,12596,CD,2,D2_pwm200_grab2
13040,4904,-2156,8824,CD,2,D2_pwm200_grab2
13044,3800,1960,11636,CD,2,D2_pwm200_grab2
13050,1244,-140,8312,CD,2,D2_pwm200_grab2
13054,3976,-2108,11680,CD,2,D2_pwm200_grab2
13059,-1400,-2544,9484,CD,2,D2_pwm200_grab2
13064,2100,-1456,11004,CD,2,D2_pwm200_grab2
13069,11644,4868,12496,CD,2,D2_pwm200_grab2
13074,-1856,4036,11648,CD,2,D2_pwm200_grab2
13080,-3088,-2316,8276,CD,2,D2_pwm200_grab2
13085,-3132,356,3644,CD,2,D2_pwm200_grab2
13089,2124,3896,9256,CD,2,D2_pwm200_grab2
13095,-920,-248,7412,CD,2,D2_pwm200_grab2
13100,1352,664,14504,CD,2,D2_pwm200_grab2
13104,-6404,-1612,8740,CD,2,D2_pwm200_grab2
13110,-2416,-5436,6960,CD,2,D2_pwm200_grab2
13114,5780,1896,10740,CD,2,D2_pwm200_grab2
13119,-1408,352,12068,CD,2,D2_pwm200_grab2
13124,-8932,-3772,8604,CD,2,D2_pwm200_grab2
13129,2216,-3740,6972,CD,2,D2_pwm200_grab2
13135,676,2584,8868,CD,2,D2_pwm200_grab2
13139,3932,924,10896,CD,2,D2_pwm200_grab2
13144,3760,2744,10004,CD,2,D2_pwm200_grab2
13150,1720,-3024,8420,CD,2,D2_pwm200_grab2
13154,-484,-3244,4692,CD,2,D2_pwm200_grab2
13159,3996,-320,13156,CD,2,D2_pwm200_grab2
13164,2040,1748,13472,CD,2,D2_pwm200_grab2
13170,-4404,-2340,7452,CD,2,D2_pwm200_grab2
13175,1132,-280,8260,CD,2,D2_pwm200_grab2
13179,6660,3824,5060,CD,2,D2_pwm200_grab2
13185,-1180,856,7548,CD,2,D2_pwm200_grab2
13190,-4060,-1856,9780,CD,2,D2_pwm200_grab2
13195,320,-1120,8608,CD,2,D2_pwm200_grab2
13199,76,1020,7684,CD,2,D2_pwm200_grab2
13204,-4220,1632,9868,CD,2,D2_pwm200_grab2
13210,2492,1664,8132,CD,2,D2_pwm200_grab2
13214,-3440,-2796,7272,CD,2,D2_pwm200_grab2
13219,-1872,-4408,9076,CD,2,D2_pwm200_grab2
13224,1516,940,12636,CD,2,D2_pwm200_grab2
13229,-2456,1736,11276,CD,2,D2_pwm200_grab2
13240,2716,-2452,9840,CD,2,D2_pwm200_grab2
13244,4280,3236,11956,CD,2,D2_pwm200_grab2
13250,-340,28,14060,CD,2,D2_pwm200_grab2
13255,880,-1676,16032,CD,2,D2_pwm200_grab2
13259,4140,-2528,9284,CD,2,D2_pwm200_grab2
13265,1120,-384,12460,CD,2,D2_pwm200_grab2
13271,-16,260,8784,CD,2,D2_pwm200_grab2
13275,2228,1024,12048,CD,2,D2_pwm200_grab2
13280,-2960,-1520,13048,CD,2,D2_pwm200_grab2
13285,-2172,-444,8652,CD,2,D2_pwm200_grab2
13290,6400,2704,12384,CD,2,D2_pwm200_grab2
13296,-348,452,12976,CD,2,D2_pwm200_grab2
13301,-164,-3788,5172,CD,2,D2_pwm200_grab2
13305,2792,2740,10240,CD,2,D2_pwm200_grab2
13312,1524,4908,14592,CD,2,D2_pwm200_grab2
13315,-328,1756,11456,CD,2,D2_pwm200_grab2
13320,1856,-1692,8400,CD,2,D2_pwm200_grab2
13325,-396,-1436,8428,CD,2,D2_pwm200_grab2
13331,-372,1204,7028,CD,2,D2_pwm200_grab2
13336,2584,2828,11908,CD,2,D2_pwm200_grab2
13340,516,-320,9612,CD,2,D2_pwm200_grab2
13345,1132,-1344,9756,CD,2,D2_pwm200_grab2
13350,-600,1760,11396,CD,2,D2_pwm200_grab2
13355,-488,2756,10072,CD,2,D2_pwm200_grab2
13361,4564,1064,10608,CD,2,D2_pwm200_grab2
13366,-552,-1812,9576,CD,2,D2_pwm200_grab2
13371,4548,-1528,7808,CD,2,D2_pwm200_grab2
13375,4028,2316,10384,CD,2,D2_pwm200_grab2
13385,3872,-4072,11612,CD,2,D2_pwm200_grab2
13390,3364,552,13032,CD,2,D2_pwm200_grab2
13396,1504,1644,12280,CD,2,D2_pwm200_grab2
13401,8316,4164,5260,CD,2,D2_pwm200_grab2
13406,-2908,2424,11816,CD,2,D2_pwm200_grab2
13411,1408,-3848,6376,CD,2,D2_pwm200_grab2
13420,1272,3904,10180,CD,2,D2_pwm200_grab2
13425,-1956,-524,6340,CD,2,D2_pwm200_grab2
13430,-156,-2508,5616,CD,2,D2_pwm200_grab2
13436,5564,2820,15564,CD,2,D2_pwm200_grab2
13440,-1932,-4500,9236,CD,2,D2_pwm200_grab2
13445,2136,440,11772,CD,2,D2_pwm200_grab2
13450,-2184,-1152,11432,CD,2,D2_pwm200_grab2
13456,-8496,-2320,8368,CD,2,D2_pwm200_grab2
13461,-364,1908,7932,CD,2,D2_pwm200_grab2
13465,-4784,1520,10344,CD,2,D2_pwm200_grab2
13471,-7948,-2060,6092,CD,2,D2_pwm200_grab2
13475,-1960,-5704,8188,CD,2,D2_pwm200_grab2
13481,4992,-336,12324,CD,2,D2_pwm200_grab2
13485,528,-1748,11984,CD,2,D2_pwm200_grab2
13490,-472,-224,9656,CD,2,D2_pwm200_grab2
13495,2040,1368,12248,CD,2,D2_pwm200_grab2
13500,-3640,-1492,12680,CD,2,D2_pwm200_grab2
13506,-1792,-608,8472,CD,2,D2_pwm200_grab2
13511,6484,1992,11844,CD,2,D2_pwm200_grab2
13515,-1096,-84,13204,CD,2,D2_pwm200_grab2
13520,-188,-4108,5496,CD,2,D2_pwm200_grab2
13527,3128,3084,11708,CD,2,D2_pwm200_grab2
13532,1024,5936,15208,CD,2,D2_pwm200_grab2
13536,-2868,-1736,8480,CD,2,D2_pwm200_grab2
13541,2348,-652,10344,CD,2,D2_pwm200_grab2
13546,9172,4032,13100,CD,2,D2_pwm200_grab2
13551,-1600,3108,11776,CD,2,D2_pwm200_grab2
13557,-4892,-1948,9836,CD,2,D2_pwm200_grab2
13561,-2080,1864,3644,CD,2,D2_pwm200_grab2
13568,2488,4072,10440,CD,2,D2_pwm200_grab2
13572,-168,1400,11828,CD,2,D2_pwm200_grab2
13577,2216,1800,16672,CD,2,D2_pwm200_grab2
13582,-2616,-2300,11040,CD,2,D2_pwm200_grab2
13586,-1488,-4580,8164,CD,2,D2_pwm200_grab2
13592,5796,2420,10516,CD,2,D2_pwm200_grab2
13596,-356,1268,12320,CD,2,D2_pwm200_grab2
13601,-7132,-4796,7808,CD,2,D2_pwm200_grab2
13606,4328,-2900,9456,CD,2,D2_pwm200_grab2
13612,-2180,-1028,12480,CD,2,D2_pwm200_grab2
13617,672,1636,11776,CD,2,D2_pwm200_grab2
13621,5716,2128,11820,CD,2,D2_pwm200_grab2
13627,2520,-660,9000,CD,2,D2_pwm200_grab2
13631,308,-2200,7340,CD,2,D2_pwm200_grab2
13637,4636,-272,10328,CD,2,D2_pwm200_grab2
13642,1628,620,12776,CD,2,D2_pwm200_grab2
13646,-2892,-3760,8236,CD,2,D2_pwm200_grab2
13651,948,-424,9216,CD,2,D2_pwm200_grab2
13656,3168,2484,11176,CD,2,D2_pwm200_grab2
13662,-160,1040,6632,CD,2,D2_pwm200_grab2
13666,-1228,-364,10332,CD,2,D2_pwm200_grab2
13672,328,-1108,9252,CD,2,D2_pwm200_grab2
13676,-2032,-964,7188,CD,2,D2_pwm200_grab2
13681,-1488,1912,10880,CD,2,D2_pwm200_grab2
13686,1496,1044,10276,CD,2,D2_pwm200_grab2
13692,-3860,-3096,10152,CD,2,D2_pwm200_grab2
13697,-2188,-4872,8304,CD,2,D2_pwm200_grab2
13701,3616,-2740,7612,CD,2,D2_pwm200_grab2
13706,-12,252,11080,CD,2,D2_pwm200_grab2
13711,-7540,-3300,6804,CD,2,D2_pwm200_grab2
13716,0,-4036,9900,CD,2,D2_pwm200_grab2
13721,1468,8,13484,CD,2,D2_pwm200_grab2
13727,-1948,-288,12408,CD,2,D2_pwm200_grab2
13731,3412,264,10996,CD,2,D2_pwm200_grab2
13737,-592,-3084,10772,CD,2,D2_pwm200_grab2
13741,-2296,-3920,8292,CD,2,D2_pwm200_grab2
13747,9728,-556,16580,CD,2,D2_pwm200_grab2
13751,1800,3596,9044,CD,2,D2_pwm200_grab2
13756,-2276,-376,7764,CD,2,D2_pwm200_grab2
13761,-1352,-2296,6372,CD,2,D2_pwm200_grab2
13766,4036,880,17316,CD,2,D2_pwm200_grab2
13772,-2936,-32,9548,CD,2,D2_pwm200_grab2
13777,-1532,-120,11876,CD,2,D2_pwm200_grab2
13783,-1688,-980,10012,CD,2,D2_pwm200_grab2
13788,2272,340,9464,CD,2,D2_pwm200_grab2
13792,-3036,2476,12416,CD,2,D2_pwm200_grab2
13797,2412,912,9184,CD,2,D2_pwm200_grab2
13802,-2944,-3580,12952,CD,2,D2_pwm200_grab2
13807,-1936,-3964,8412,CD,2,D2_pwm200_grab2
13812,4092,1576,13352,CD,2,D2_pwm200_grab2
13818,-1152,152,12360,CD,2,D2_pwm200_grab2
13822,-7872,-2364,10216,CD,2,D2_pwm200_grab2
13827,4880,-2932,11436,CD,2,D2_pwm200_grab2
13833,4060,1340,14072,CD,2,D2_pwm200_grab2
13838,528,496,15176,CD,2,D2_pwm200_grab2
13843,3212,652,13720,CD,2,D2_pwm200_grab2
13848,3468,-1804,8776,CD,2,D2_pwm200_grab2
13852,1008,80,11628,CD,2,D2_pwm200_grab2
13857,5484,-632,12820,CD,2,D2_pwm200_grab2
13863,2292,1036,14872,CD,2,D2_pwm200_grab2
13867,-644,-2112,8344,CD,2,D2_pwm200_grab2
13872,1916,-1720,7944,CD,2,D2_pwm200_grab2
13878,7752,3336,15900,CD,2,D2_pwm200_grab2
13882,-1192,2656,9592,CD,2,D2_pwm200_grab2
13887,-2604,-1816,8036,CD,2,D2_pwm200_grab2
13893,2968,176,9592,CD,2,D2_pwm200_grab2
13897,2296,144,7828,CD,2,D2_pwm200_grab2
13903,-72,1092,10632,CD,2,D2_pwm200_grab2
13907,4104,1208,6660,CD,2,D2_pwm200_grab2
13912,212,-340,9380,CD,2,D2_pwm200_grab2
13917,-940,-4592,8400,CD,2,D2_pwm200_grab2
13922,6392,72,8268,CD,2,D2_pwm200_grab2
13928,-908,584,9788,CD,2,D2_pwm200_grab2
13932,-8680,-5140,7444,CD,2,D2_pwm200_grab2
13938,2072,-3312,7320,CD,2,D2_pwm200_grab2
13942,5272,2516,11064,CD,2,D2_pwm200_grab2
13947,332,820,11960,CD,2,D2_pwm200_grab2
13952,7164,4776,6480,CD,2,D2_pwm200_grab2
13957,-2908,-756,11696,CD,2,D2_pwm200_grab2
13962,2308,-4524,5080,CD,2,D2_pwm200_grab2
13967,5084,2672,17032,CD,2,D2_pwm200_grab2
13972,2432,4520,11908,CD,2,D2_pwm200_grab2
13978,-4652,-2000,7444,CD,2,D2_pwm200_grab2
13982,808,-1772,7752,CD,2,D2_pwm200_grab2
13987,5392,2272,13980,CD,2,D2_pwm200_grab2
13992,-2112,2020,10628,CD,2,D2_pwm200_grab2
13998,1988,1004,13228,CD,2,D2_pwm200_grab2
14002,-3616,-2048,10756,CD,2,D2_pwm200_grab2
14007,-3788,-472,10136,CD,2,D2_pwm200_grab2
14013,-1584,888,8752,CD,2,D2_pwm200_grab2
14017,-2256,1868,14416,CD,2,D2_pwm200_grab2
14023,-4176,-1800,7560,CD,2,D2_pwm200_grab2
14028,-1008,-5320,9148,CD,2,D2_pwm200_grab2
14033,3428,-692,11872,CD,2,D2_pwm200_grab2
14038,-648,1972,11644,CD,2,D2_pwm200_grab2
14048,3204,-2164,10016,CD,2,D2_pwm200_grab2
14053,4812,3196,13156,CD,2,D2_pwm200_grab2
14058,-164,-216,13600,CD,2,D2_pwm200_grab2
14064,2172,-716,15320,CD,2,D2_pwm200_grab2
14068,4596,-1760,7976,CD,2,D2_pwm200_grab2
14073,1312,232,13596,CD,2,D2_pwm200_grab2
14078,4012,-560,10900,CD,2,D2_pwm200_grab2
14084,4216,4920,13936,CD,2,D2_pwm200_grab2
14089,-1180,-2648,8820,CD,2,D2_pwm200_grab2
14093,1180,-2108,8716,CD,2,D2_pwm200_grab2
14098,7692,4108,15128,CD,2,D2_pwm200_grab2
14103,-736,3944,9544,CD,2,D2_pwm200_grab2
14108,-4228,-2044,9172,CD,2,D2_pwm200_grab2
14113,3348,960,9428,CD,2,D2_pwm200_grab2
14118,2876,1260,8952,CD,2,D2_pwm200_grab2
14124,2740,628,9660,CD,2,D2_pwm200_grab2
14128,-1812,2192,13108,CD,2,D2_pwm200_grab2
14133,-100,-496,8560,CD,2,D2_pwm200_grab2
14138,428,-4236,7448,CD,2,D2_pwm200_grab2
14143,5140,544,9812,CD,2,D2_pwm200_grab2
14148,1156,1628,9948,CD,2,D2_pwm200_grab2
14154,-8376,-4956,7312,CD,2,D2_pwm200_grab2
14159,2292,-3600,9368,CD,2,D2_pwm200_grab2
14163,4896,1420,12552,CD,2,D2_pwm200_grab2
14169,1028,664,8012,CD,2,D2_pwm200_grab2
14174,9244,5612,5696,CD,2,D2_pwm200_grab2
14178,-2636,44,12836,CD,2,D2_pwm200_grab2
14183,2596,-4172,6092,CD,2,D2_pwm200_grab2
14194,3752,3048,8820,CD,2,D2_pwm200_grab2
14198,-2672,-1176,6636,CD,2,D2_pwm200_grab2
14204,1608,-1312,5084,CD,2,D2_pwm200_grab2
14208,-3896,-2280,8808,CD,2,D2_pwm200_grab2
14214,-2648,-5700,8220,CD,2,D2_pwm200_grab2
14219,1272,1440,12572,CD,2,D2_pwm200_grab2
14224,-3312,-1396,11196,CD,2,D2_pwm200_grab2
14229,-9772,-3332,9144,CD,2,D2_pwm200_grab2
14233,900,-248,7140,CD,2,D2_pwm200_grab2
14239,-4396,1444,11284,CD,2,D2_pwm200_grab2
14244,1600,-1132,9380,CD,2,D2_pwm200_grab2
14249,-2288,-6036,9932,CD,2,D2_pwm200_grab2
14253,-932,-3184,10560,CD,2,D2_pwm200_grab2
14258,-1952,-4332,5148,CD,2,D2_pwm200_grab2
14264,1420,196,12564,CD,2,D2_pwm200_grab2
14268,-880,3544,12500,CD,2,D2_pwm200_grab2
14273,-3040,-2244,9776,CD,2,D2_pwm200_grab2
14278,624,-1028,10064,CD,2,D2_pwm200_grab2
14284,9552,2492,10228,CD,2,D2_pwm200_grab2
14289,-2652,1480,12596,CD,2,D2_pwm200_grab2
14294,-1948,-4252,9364,CD,2,D2_pwm200_grab2
14299,-4104,1276,4472,CD,2,D2_pwm200_grab2
14304,2236,6040,11612,CD,2,D2_pwm200_grab2
14309,-1736,1064,9048,CD,2,D2_pwm200_grab2
14315,836,-1216,9496,CD,2,D2_pwm200_grab2
14319,-1616,-1708,6212,CD,2,D2_pwm200_grab2
14325,-2052,160,9496,CD,2,D2_pwm200_grab2
14329,1728,1268,12904,CD,2,D2_pwm200_grab2
14336,-224,-616,10872,CD,2,D2_pwm200_grab2
14345,2516,-1920,10096,CD,2,D2_pwm200_grab2
14349,2260,3248,11312,CD,2,D2_pwm200_grab2
14354,456,-444,12072,CD,2,D2_pwm200_grab2
14359,-360,-1900,12992,CD,2,D2_pwm200_grab2
14364,5104,-1356,6572,CD,2,D2_pwm200_grab2
14370,3088,1956,12816,CD,2,D2_pwm200_grab2
14374,-948,-88,7296,CD,2,D2_pwm200_grab2
14380,1900,4412,13564,CD,2,D2_pwm200_grab2
14384,-2040,-3736,8608,CD,2,D2_pwm200_grab2
14390,1556,-1740,9576,CD,2,D2_pwm200_grab2
14399,-340,4868,9956,CD,2,D2_pwm200_grab2
14405,-3940,-3528,8220,CD,2,D2_pwm200_grab2
14410,3732,572,7524,CD,2,D2_pwm200_grab2
14415,1480,2196,8344,CD,2,D2_pwm200_grab2
14419,260,912,10432,CD,2,D2_pwm200_grab2
14425,1088,2272,13736,CD,2,D2_pwm200_grab2
14429,-6056,-1496,5464,CD,2,D2_pwm200_grab2
14435,-632,-5132,6928,CD,2,D2_pwm200_grab2
14439,3828,1696,10328,CD,2,D2_pwm200_grab2
14445,-852,496,10444,CD,2,D2_pwm200_grab2
14449,-9896,-4312,7660,CD,2,D2_pwm200_grab2
14454,976,-3016,8148,CD,2,D2_pwm200_grab2
14460,4880,2784,10208,CD,2,D2_pwm200_grab2
14465,-264,1008,6984,CD,2,D2_pwm200_grab2
14469,7532,5628,7044,CD,2,D2_pwm200_grab2
14474,-1536,-1852,12492,CD,2,D2_pwm200_grab2
14479,1836,-4728,4792,CD,2,D2_pwm200_grab2
14484,7084,2584,18780,CD,2,D2_pwm200_grab2
14489,3288,3700,9812,CD,2,D2_pwm200_grab2
14495,-3824,-1856,6388,CD,2,D2_pwm200_grab2
14499,776,-1548,5292,CD,2,D2_pwm200_grab2
14504,5492,2088,15128,CD,2,D2_pwm200_grab2
14510,-2260,-4072,8752,CD,2,D2_pwm200_grab2
14514,580,1508,12164,CD,2,D2_pwm200_grab2
14519,-3376,-1956,11320,CD,2,D2_pwm200_grab2
14524,-8220,-1244,10148,CD,2,D2_pwm200_grab2
14530,464,1520,7628,CD,2,D2_pwm200_grab2
14535,-3612,1360,13732,CD,2,D2_pwm200_grab2
14540,1744,-1616,10244,CD,2,D2_pwm200_grab2
14544,-1856,-6416,9036,CD,2,D2_pwm200_grab2
14550,3792,-1544,10936,CD,2,D2_pwm200_grab2
14555,172,2656,11344,CD,2,D2_pwm200_grab2
14560,-7452,-2752,8952,CD,2,D2_pwm200_grab2
14566,3392,-2876,11440,CD,2,D2_pwm200_grab2
14571,3380,1296,14384,CD,2,D2_pwm200_grab2
14576,-68,340,15972,CD,2,D2_pwm200_grab2
14580,3224,876,12832,CD,2,D2_pwm200_grab2
14585,2796,-2240,10564,CD,2,D2_pwm200_grab2
14590,-948,-1744,9024,CD,2,D2_pwm200_grab2
14595,6528,88,12228,CD,2,D2_pwm200_grab2
14600,3284,5576,11712,CD,2,D2_pwm200_grab2
14605,-972,-888,9228,CD,2,D2_pwm200_grab2
14610,1692,-1284,9192,CD,2,D2_pwm200_grab2
14616,3944,1048,14148,CD,2,D2_pwm200_grab2
14621,-1868,692,9456,CD,2,D2_pwm200_grab2
14625,1768,1748,10124,CD,2,D2_pwm200_grab2
14630,928,-652,11256,CD,2,D2_pwm200_grab2
14635,-7416,-5416,8192,CD,2,D2_pwm200_grab2
14640,3152,-2604,9728,CD,2,D2_pwm200_grab2
14645,-1944,2352,9228,CD,2,D2_pwm200_grab2
14650,884,-240,12108,CD,2,D2_pwm200_grab2
14655,-1688,-2628,10492,CD,2,D2_pwm200_grab2
14660,5212,-1208,6104,CD,2,D2_pwm200_grab2
14665,3620,2568,11076,CD,2,D2_pwm200_grab2
14671,-456,104,7436,CD,2,D2_pwm200_grab2
14676,3836,-3720,8800,CD,2,D2_pwm200_grab2
14681,-2084,-3944,8312,CD,2,D2_pwm200_grab2
14686,2468,352,7900,CD,2,D2_pwm200_grab2
14691,10284,6100,11076,CD,2,D2_pwm200_grab2
14695,-1196,2408,9388,CD,2,D2_pwm200_grab2
14701,-4884,-3332,7908,CD,2,D2_pwm200_grab2
14706,-2288,808,3828,CD,2,D2_pwm200_grab2
14710,464,1752,7264,CD,2,D2_pwm200_grab2
14716,-2812,936,7668,CD,2,D2_pwm200_grab2
14720,-156,2448,12732,CD,2,D2_pwm200_grab2
14726,-7716,-3104,6320,CD,2,D2_pwm200_grab2
14730,-1212,-5340,6840,CD,2,D2_pwm200_grab2
14735,2972,-504,12008,CD,2,D2_pwm200_grab2
14740,-1656,472,10284,CD,2,D2_pwm200_grab2
14750,-48,-3760,7920,CD,2,D2_pwm200_grab2
14755,3588,3904,9868,CD,2,D2_pwm200_grab2
14761,16,820,11288,CD,2,D2_pwm200_grab2
14765,6788,5232,5588,CD,2,D2_pwm200_grab2
14770,-1632,-880,13032,CD,2,D2_pwm200_grab2
14775,788,-4200,6412,CD,2,D2_pwm200_grab2
14786,1636,6208,13444,CD,2,D2_pwm200_grab2
14791,-3524,-1488,7008,CD,2,D2_pwm200_grab2
14796,308,-1824,10084,CD,2,D2_pwm200_grab2
14800,4872,-448,16900,CD,2,D2_pwm200_grab2
14806,-1968,3220,11792,CD,2,D2_pwm200_grab2
14812,-3076,-1380,10540,CD,2,D2_pwm200_grab2
14816,2728,884,8172,CD,2,D2_pwm200_grab2
14821,1504,576,8980,CD,2,D2_pwm200_grab2
14826,-524,2824,13116,CD,2,D2_pwm200_grab2
14831,1824,584,9256,CD,2,D2_pwm200_grab2
14837,-964,-2432,12740,CD,2,D2_pwm200_grab2
14842,-2396,-5248,8344,CD,2,D2_pwm200_grab2
14848,4400,3348,12728,CD,2,D2_pwm200_grab2
14851,1952,2780,11724,CD,2,D2_pwm200_grab2
14857,-7480,-3252,8964,CD,2,D2_pwm200_grab2
14861,4208,-2872,12068,CD,2,D2_pwm200_grab2
14867,4992,1592,13960,CD,2,D2_pwm200_grab2
14872,484,1036,15068,CD,2,D2_pwm200_grab2
14876,3936,1228,11956,CD,2,D2_pwm200_grab2
14881,2660,-1692,10396,CD,2,D2_pwm200_grab2
14886,2428,-1116,9656,CD,2,D2_pwm200_grab2
14891,3368,-28,8616,CD,2,D2_pwm200_grab2
14897,3220,5224,11200,CD,2,D2_pwm200_grab2
14901,-692,-956,8856,CD,2,D2_pwm200_grab2
14907,2464,-1012,8560,CD,2,D2_pwm200_grab2
14912,3964,1200,11764,CD,2,D2_pwm200_grab2
14917,-1964,464,8536,CD,2,D2_pwm200_grab2
14921,1880,1592,9700,CD,2,D2_pwm200_grab2
14927,1216,-692,11780,CD,2,D2_pwm200_grab2
14932,-636,-872,8896,CD,2,D2_pwm200_grab2
14937,3532,-2916,9472,CD,2,D2_pwm200_grab2
14941,-1648,2132,9008,CD,2,D2_pwm200_grab2
14946,1304,-152,12088,CD,2,D2_pwm200_grab2
14951,-1620,-2692,10576,CD,2,D2_pwm200_grab2
14956,5552,-1380,5664,CD,2,D2_pwm200_grab2
14961,2900,1656,10420,CD,2,D2_pwm200_grab2
14967,-604,-284,6736,CD,2,D2_pwm200_grab2
14972,3272,-3432,8620,CD,2,D2_pwm200_grab2
14976,-2136,-3956,7940,CD,2,D2_pwm200_grab2
14981,1236,-180,7512,CD,2,D2_pwm200_grab2
14991,-2584,1800,10040,CD,2,D2_pwm200_grab2
14996,-5260,-3976,7408,CD,2,D2_pwm200_grab2
15001,-4328,704,3184,CD,2,D2_pwm200_grab2
15006,-148,2672,7340,CD,2,D2_pwm200_grab2
15012,-3772,560,7764,CD,2,D2_pwm200_grab2
15017,1728,-836,6908,CD,2,D2_pwm200_grab2
15021,-7428,-3184,7108,CD,2,D2_pwm200_grab2
15026,-1732,-5880,7036,CD,2,D2_pwm200_grab2
15031,3536,-324,12724,CD,2,D2_pwm200_grab2
15036,-2996,112,10384,CD,2,D2_pwm200_grab2
15041,-10312,-2392,10068,CD,2,D2_pwm200_grab2
15046,-500,-2992,7992,CD,2,D2_pwm200_grab2
15051,2772,3756,9532,CD,2,D2_pwm200_grab2
15057,-416,156,11020,CD,2,D2_pwm200_grab2
15062,-848,-2516,15308,CD,2,D2_pwm200_grab2
15067,1168,-3484,8540,CD,2,D2_pwm200_grab2
15072,1748,92,12072,CD,2,D2_pwm200_grab2
15078,2744,-356,14644,CD,2,D2_pwm200_grab2
15082,2820,636,12192,CD,2,D2_pwm200_grab2
15087,-2968,-2260,11356,CD,2,D2_pwm200_grab2
15092,-720,396,8616,CD,2,D2_pwm200_grab2
15098,7104,3008,7952,CD,2,D2_pwm200_grab2
15102,-388,1416,12852,CD,2,D2_pwm200_grab2
15108,-2828,-600,10856,CD,2,D2_pwm200_grab2
15113,3996,1380,8516,CD,2,D2_pwm200_grab2
15118,2268,-20,9800,CD,2,D2_pwm200_grab2
15122,340,2432,12616,CD,2,D2_pwm200_grab2
15127,2228,320,8916,CD,2,D2_pwm200_grab2
15133,-464,-1840,12440,CD,2,D2_pwm200_grab2
15137,-2136,-4228,7828,CD,2,D2_pwm200_grab2
15142,4280,2888,12276,CD,2,D2_pwm200_grab2
15147,2876,1624,11352,CD,2,D2_pwm200_grab2
15157,4672,-3064,12220,CD,2,D2_pwm200_grab2
15162,5156,2368,13564,CD,2,D2_pwm200_grab2
15168,672,1152,14556,CD,2,D2_pwm200_grab2
15172,4060,1900,10644,CD,2,D2_pwm200_grab2
15177,2128,-1052,10400,CD,2,D2_pwm200_grab2
15182,1848,-1628,10104,CD,2,D2_pwm200_grab2
15187,3776,-428,10312,CD,2,D2_pwm200_grab2
15192,3812,2584,9052,CD,2,D2_pwm200_grab2
15198,-1036,-864,8488,CD,2,D2_pwm200_grab2
15202,960,-1728,6092,CD,2,D2_pwm200_grab2
15208,3024,1456,8516,CD,2,D2_pwm200_grab2
15213,-2416,868,8888,CD,2,D2_pwm200_grab2
15217,1672,400,8960,CD,2,D2_pwm200_grab2
15222,-1072,-888,10112,CD,2,D2_pwm200_grab2
15228,-732,-1232,8552,CD,2,D2_pwm200_grab2
15232,-660,-1580,7728,CD,2,D2_pwm200_grab2
15237,-1328,2288,9092,CD,2,D2_pwm200_grab2
15242,2184,-812,9112,CD,2,D2_pwm200_grab2
15247,-1512,-2764,11528,CD,2,D2_pwm200_grab2
15252,3448,-2820,7740,CD,2,D2_pwm200_grab2
15257,2180,-148,9996,CD,2,D2_pwm200_grab2
15263,-7064,-2360,7872,CD,2,D2_pwm200_grab2
15267,2624,-2120,8804,CD,2,D2_pwm200_grab2
15272,152,-460,12168,CD,2,D2_pwm200_grab2
15278,36,-988,7268,CD,2,D2_pwm200_grab2
15288,-3440,1484,10140,CD,2,D2_pwm200_grab2
15293,-3672,-3164,9272,CD,2,D2_pwm200_grab2
15297,-2144,1168,5752,CD,2,D2_pwm200_grab2
15302,2168,5152,10216,CD,2,D2_pwm200_grab2
15307,-4188,820,8608,CD,2,D2_pwm200_grab2
15313,1160,-1740,7872,CD,2,D2_pwm200_grab2
15318,-5408,-1736,5580,CD,2,D2_pwm200_grab2
15323,-2004,-1464,8684,CD,2,D2_pwm200_grab2
15329,-444,296,12056,CD,2,D2_pwm200_grab2
15334,-1188,-568,13100,CD,2,D2_pwm200_grab2
15338,-5432,-92,11388,CD,2,D2_pwm200_grab2
15343,184,1460,11552,CD,2,D2_pwm200_grab2
15348,-2812,1436,15748,CD,2,D2_pwm200_grab2
15353,-6828,-2288,6460,CD,2,D2_pwm200_grab2
15360,-1876,-5004,8740,CD,2,D2_pwm200_grab2
15364,4724,-1424,8624,CD,2,D2_pwm200_grab2
15368,1692,132,13268,CD,2,D2_pwm200_grab2
15373,3260,-624,10892,CD,2,D2_pwm200_grab2
15379,2932,852,12976,CD,2,D2_pwm200_grab2
15383,-5876,-1808,10760,CD,2,D2_pwm200_grab2
15388,88,116,9316,CD,2,D2_pwm200_grab2
15393,7880,4140,9296,CD,2,D2_pwm200_grab2
15398,-640,1928,12268,CD,2,D2_pwm200_grab2
15404,-2832,-1876,8372,CD,2,D2_pwm200_grab2
15409,3708,1376,9052,CD,2,D2_pwm200_grab2
15413,1860,172,10792,CD,2,D2_pwm200_grab2
15418,744,1244,11644,CD,2,D2_pwm200_grab2
15423,4040,756,8108,CD,2,D2_pwm200_grab2
15429,-952,-1216,13316,CD,2,D2_pwm200_grab2
15434,-264,-2008,6788,CD,2,D2_pwm200_grab2
15438,3900,2400,11716,CD,2,D2_pwm200_grab2
15443,-1808,-120,10936,CD,2,D2_pwm200_grab2
15448,-7104,-3776,8372,CD,2,D2_pwm200_grab2
15454,4748,-3432,11688,CD,2,D2_pwm200_grab2
15459,5096,1968,13428,CD,2,D2_pwm200_grab2
15463,972,1332,13060,CD,2,D2_pwm200_grab2
15468,3876,1088,9680,CD,2,D2_pwm200_grab2
15473,1288,-752,10440,CD,2,D2_pwm200_grab2
15478,812,-1884,9092,CD,2,D2_pwm200_grab2
15483,3208,-628,8760,CD,2,D2_pwm200_grab2
15488,2768,2636,8776,CD,2,D2_pwm200_grab2
15494,-1156,-724,7772,CD,2,D2_pwm200_grab2
15498,816,-1760,5916,CD,2,D2_pwm200_grab2
15503,744,1144,6024,CD,2,D2_pwm200_grab2
15508,-2548,252,8892,CD,2,D2_pwm200_grab2
15514,1312,-348,9056,CD,2,D2_pwm200_grab2
15518,-1632,-992,10284,CD,2,D2_pwm200_grab2
15523,-1324,-1628,8448,CD,2,D2_pwm200_grab2
15528,-1792,1848,9652,CD,2,D2_pwm200_grab2
15534,-436,2704,8856,CD,2,D2_pwm200_grab2
15539,1100,-1440,9072,CD,2,D2_pwm200_grab2
15543,-1316,-3488,12276,CD,2,D2_pwm200_grab2
15548,2704,-2360,8804,CD,2,D2_pwm200_grab2
15553,1784,-900,10192,CD,2,D2_pwm200_grab2
15558,-6092,-1704,8556,CD,2,D2_pwm200_grab2
15564,2292,-1456,9140,CD,2,D2_pwm200_grab2
15568,-1144,-504,12540,CD,2,D2_pwm200_grab2
15574,-1692,756,9020,CD,2,D2_pwm200_grab2
15579,4704,-1252,10848,CD,2,D2_pwm200_grab2
15584,-1396,-1744,12856,CD,2,D2_pwm200_grab2
15589,-2972,-2836,6480,CD,2,D2_pwm200_grab2
15594,4028,2056,12604,CD,2,D2_pwm200_grab2
15605,-3720,-1940,7556,CD,2,D2_pwm200_grab2
15609,416,-1496,11436,CD,2,D2_pwm200_grab2
15614,6820,2632,15016,CD,2,D2_pwm200_grab2
15619,-1916,-1340,8536,CD,2,D2_pwm200_grab2
15624,1340,880,12320,CD,2,D2_pwm200_grab2
15630,-1836,-924,13340,CD,2,D2_pwm200_grab2
15634,-6248,256,10716,CD,2,D2_pwm200_grab2
15639,1192,1248,11808,CD,2,D2_pwm200_grab2
15644,-3072,1496,14700,CD,2,D2_pwm200_grab2
15649,-3348,-1812,7276,CD,2,D2_pwm200_grab2
15655,-1336,-4820,8552,CD,2,D2_pwm200_grab2
15659,4004,-1256,8624,CD,2,D2_pwm200_grab2
15665,1284,120,13744,CD,2,D2_pwm200_grab2
15669,5324,-1016,12344,CD,2,D2_pwm200_grab2
15675,2796,472,14028,CD,2,D2_pwm200_grab2
15679,-4456,-3632,9764,CD,2,D2_pwm200_grab2
15684,984,216,10812,CD,2,D2_pwm200_grab2
15690,8200,4440,7504,CD,2,D2_pwm200_grab2
15694,-536,2968,10848,CD,2,D2_pwm200_grab2
15700,3380,-692,7580,CD,2,D2_pwm200_grab2
15705,1896,-60,9656,CD,2,D2_pwm200_grab2
15709,976,76,9328,CD,2,D2_pwm200_grab2
15714,628,880,10904,CD,2,D2_pwm200_grab2
15719,3680,1196,8020,CD,2,D2_pwm200_grab2
15724,-3852,-2036,10996,CD,2,D2_pwm200_grab2
15729,-672,-3996,6548,CD,2,D2_pwm200_grab2
15735,3768,2308,11640,CD,2,D2_pwm200_grab2
15740,-1860,-424,10408,CD,2,D2_pwm200_grab2
15745,-4340,-2640,6128,CD,2,D2_pwm200_grab2
15750,2272,-3624,8752,CD,2,D2_pwm200_grab2
15754,1744,-280,12056,CD,2,D2_pwm200_grab2
15759,-316,820,11424,CD,2,D2_pwm200_grab2
15765,5960,1380,9236,CD,2,D2_pwm200_grab2
15769,-404,-3152,11396,CD,2,D2_pwm200_grab2
15775,-1984,-2860,4652,CD,2,D2_pwm200_grab2
15780,1268,-460,8168,CD,2,D2_pwm200_grab2
15784,-924,2920,10808,CD,2,D2_pwm200_grab2
15790,-3968,-688,7764,CD,2,D2_pwm200_grab2
15794,1184,-1612,6416,CD,2,D2_pwm200_grab2
15799,-3604,-1512,4792,CD,2,D2_pwm200_grab2
15804,-2800,-1996,8560,CD,2,D2_pwm200_grab2
15810,-940,-1344,10828,CD,2,D2_pwm200_grab2
15814,-3196,-2336,11688,CD,2,D2_pwm200_grab2
15820,-4032,-276,11380,CD,2,D2_pwm200_grab2
15825,-844,2424,9172,CD,2,D2_pwm200_grab2
15831,-2004,672,16428,CD,2,D2_pwm200_grab2
15836,-4412,-2412,7204,CD,2,D2_pwm200_grab2
15840,-2432,-5288,8440,CD,2,D2_pwm200_grab2
15845,4292,-608,11928,CD,2,D2_pwm200_grab2
15850,-1572,1436,9576,CD,2,D2_pwm200_grab2
15856,-9920,-3632,10064,CD,2,D2_pwm200_grab2
15860,2908,-540,10848,CD,2,D2_pwm200_grab2
15865,5332,4204,13700,CD,2,D2_pwm200_grab2
15870,-272,-548,12980,CD,2,D2_pwm200_grab2
15876,7876,2376,9048,CD,2,D2_pwm200_grab2
15881,-496,1460,12180,CD,2,D2_pwm200_grab2
15885,1836,-2280,8332,CD,2,D2_pwm200_grab2
15896,3712,5004,12204,CD,2,D2_pwm200_grab2
15901,-2868,-1876,9300,CD,2,D2_pwm200_grab2
15905,1288,-1100,9116,CD,2,D2_pwm200_grab2
15910,5608,2804,16540,CD,2,D2_pwm200_grab2
15915,-2040,-4048,8012,CD,2,D2_pwm200_grab2
15921,3976,2920,12384,CD,2,D2_pwm200_grab2
15925,-2096,724,12220,CD,2,D2_pwm200_grab2
15931,-6364,-4892,7276,CD,2,D2_pwm200_grab2
15935,2488,-1296,10264,CD,2,D2_pwm200_grab2
15940,-2628,1532,10568,CD,2,D2_pwm200_grab2
15945,2220,-1260,11220,CD,2,D2_pwm200_grab2
15951,-980,-2140,10344,CD,2,D2_pwm200_grab2
15955,5892,-676,7316,CD,2,D2_pwm200_grab2
15960,908,-1624,7792,CD,2,D2_pwm200_grab2
15965,3172,1364,7496,CD,2,D2_pwm200_grab2
15971,900,1448,12448,CD,2,D2_pwm200_grab2
15975,-2444,-3984,7848,CD,2,D2_pwm200_grab2
15981,2708,1476,8328,CD,2,D2_pwm200_grab2
15986,10024,6028,11352,CD,2,D2_pwm200_grab2
15990,-1104,1664,8552,CD,2,D2_pwm200_grab2
15995,-4436,-2444,8952,CD,2,D2_pwm200_grab2
16001,-1092,-1560,12456,CD,2,D2_pwm200_grab2
16006,-2772,-1680,8868,CD,2,D2_pwm200_grab2
16010,1024,904,9020,CD,2,D2_pwm200_grab2
16016,-508,1676,12992,CD,2,D2_pwm200_grab2
16020,-3636,-1832,6196,CD,2,D2_pwm200_grab2
16025,-488,-4264,5856,CD,2,D2_pwm200_grab2
16031,2944,-76,12796,CD,2,D2_pwm200_grab2
16036,-716,92,8976,CD,2,D2_pwm200_grab2
16046,3240,-344,10464,CD,2,D2_pwm200_grab2
16050,-3584,-2536,8556,CD,2,D2_pwm200_grab2
16055,212,700,9708,CD,2,D2_pwm200_grab2
16060,7752,4016,5352,CD,2,D2_pwm200_grab2
16065,-2384,-484,12808,CD,2,D2_pwm200_grab2
16071,816,-2920,6836,CD,2,D2_pwm200_grab2
16080,1892,2680,7660,CD,2,D2_pwm200_grab2
16086,-3720,-1368,7588,CD,2,D2_pwm200_grab2
16092,-224,-2080,9836,CD,2,D2_pwm200_grab2
16096,4020,1508,15288,CD,2,D2_pwm200_grab2
16102,-2392,1896,11368,CD,2,D2_pwm200_grab2
16107,-1352,-1296,9992,CD,2,D2_pwm200_grab2
16111,-2060,-1816,9584,CD,2,D2_pwm200_grab2
16117,-252,1456,9484,CD,2,D2_pwm200_grab2
16121,-3192,1648,10668,CD,2,D2_pwm200_grab2
16126,1392,-120,10920,CD,2,D2_pwm200_grab2
16132,1200,-2028,10196,CD,2,D2_pwm200_grab2
16136,-1380,-3996,11456,CD,2,D2_pwm200_grab2
16141,3876,-1576,9336,CD,2,D2_pwm200_grab2
16146,2208,2684,11220,CD,2,D2_pwm200_grab2
16152,-3228,-772,8548,CD,2,D2_pwm200_grab2
16156,3628,-2004,12392,CD,2,D2_pwm200_grab2
16161,-1932,888,11784,CD,2,D2_pwm200_grab2
16166,-508,320,12748,CD,2,D2_pwm200_grab2
16171,10792,4268,13712,CD,2,D2_pwm200_grab2
16176,-1008,3220,10656,CD,2,D2_pwm200_grab2
16181,-3464,-3280,9372,CD,2,D2_pwm200_grab2
16186,-1312,3064,5392,CD,2,D2_pwm200_grab2
16191,2844,5428,11828,CD,2,D2_pwm200_grab2
16196,-1724,-488,8896,CD,2,D2_pwm200_grab2
16202,2980,-564,9448,CD,2,D2_pwm200_grab2
16207,-1076,300,5944,CD,2,D2_pwm200_grab2
16211,-2232,-1136,8616,CD,2,D2_pwm200_grab2
16217,4508,2412,11500,CD,2,D2_pwm200_grab2
16222,476,1900,10372,CD,2,D2_pwm200_grab2
16226,-8884,-4064,7632,CD,2,D2_pwm200_grab2
16231,4500,-1828,10712,CD,2,D2_pwm200_grab2
16237,3932,2328,7772,CD,2,D2_pwm200_grab2
16241,1640,712,12740,CD,2,D2_pwm200_grab2
16246,220,-928,12924,CD,2,D2_pwm200_grab2
16251,4920,-1592,6708,CD,2,D2_pwm200_grab2
16256,1172,-3624,4028,CD,2,D2_pwm200_grab2
16266,1904,3148,10688,CD,2,D2_pwm200_grab2
16271,-2168,-3728,7736,CD,2,D2_pwm200_grab2
16276,2004,-524,6804,CD,2,D2_pwm200_grab2
16281,6368,3764,15796,CD,2,D2_pwm200_grab2
16286,-1488,2100,8016,CD,2,D2_pwm200_grab2
16291,-2532,-2388,7908,CD,2,D2_pwm200_grab2
16297,1976,-660,7860,CD,2,D2_pwm200_grab2
16301,-7804,-3716,6692,CD,2,D2_pwm200_grab2
16306,-620,2192,7720,CD,2,D2_pwm200_grab2
16311,-3236,1672,8808,CD,2,D2_pwm200_grab2
16316,784,-2068,9456,CD,2,D2_pwm200_grab2
16322,-1328,-4960,7400,CD,2,D2_pwm200_grab2
16326,3952,-1268,11096,CD,2,D2_pwm200_grab2
16332,748,572,10988,CD,2,D2_pwm200_grab2
16343,-1260,-3788,9652,CD,2,D2_pwm200_grab2
16348,4872,2264,15128,CD,2,D2_pwm200_grab2
16352,-1284,692,11352,CD,2,D2_pwm200_grab2
16358,2656,-948,13088,CD,2,D2_pwm200_grab2
16362,-1084,-2768,11324,CD,2,D2_pwm200_grab2
16367,-968,-1424,10136,CD,2,D2_pwm200_grab2
16373,540,1480,9744,CD,2,D2_pwm200_grab2
16377,28,2504,13020,CD,2,D2_pwm200_grab2
16384,-3572,-2016,8308,CD,2,D2_pwm200_grab2
16387,1184,-1364,8900,CD,2,D2_pwm200_grab2
16393,-2344,-1164,5540,CD,2,D2_pwm200_grab2
16397,-2488,212,10172,CD,2,D2_pwm200_grab2
16402,1516,928,12744,CD,2,D2_pwm200_grab2
16407,-652,-868,10600,CD,2,D2_pwm200_grab2
16412,-3052,-96,10344,CD,2,D2_pwm200_grab2
16418,1016,3116,13088,CD,2,D2_pwm200_grab2
16423,-2304,992,14912,CD,2,D2_pwm200_grab2
16427,1168,-808,12076,CD,2,D2_pwm200_grab2
16432,1120,-1668,14872,CD,2,D2_pwm200_grab2
16437,5252,-1540,7724,CD,2,D2_pwm200_grab2
16442,2556,612,13576,CD,2,D2_pwm200_grab2
16447,3036,-636,11468,CD,2,D2_pwm200_grab2
16452,5172,400,14444,CD,2,D2_pwm200_grab2
16458,-4640,-1592,11132,CD,2,D2_pwm200_grab2
16463,1688,1944,11460,CD,2,D2_pwm200_grab2
16472,-496,4016,9072,CD,2,D2_pwm200_grab2
16477,-2884,-1796,9296,CD,2,D2_pwm200_grab2
16483,2044,-384,8616,CD,2,D2_pwm200_grab2
16487,2152,460,9292,CD,2,D2_pwm200_grab2
16493,724,1336,10744,CD,2,D2_pwm200_grab2
16498,1904,-428,6588,CD,2,D2_pwm200_grab2
16502,-2028,-1520,11724,CD,2,D2_pwm200_grab2
16507,-3136,-3532,7740,CD,2,D2_pwm200_grab2
16512,4448,-284,8728,CD,2,D2_pwm200_grab2
16517,1732,1056,10060,CD,2,D2_pwm200_grab2
16522,-5700,-2900,6032,CD,2,D2_pwm200_grab2
16527,72,-4236,9508,CD,2,D2_pwm200_grab2
16533,1376,-72,12008,CD,2,D2_pwm200_grab2
16538,64,1200,11628,CD,2,D2_pwm200_grab2
16542,4260,508,9832,CD,2,D2_pwm200_grab2
16547,132,-2920,9192,CD,2,D2_pwm200_grab2
16552,-1336,-3460,4864,CD,2,D2_pwm200_grab2
16558,-3832,384,3444,CD,2,D2_pwm200_grab2
16562,1460,3784,7564,CD,2,D2_pwm200_grab2
16567,-3204,-200,7648,CD,2,D2_pwm200_grab2
16572,1036,-1460,4684,CD,2,D2_pwm200_grab2
16577,-1356,-772,5488,CD,2,D2_pwm200_grab2
16582,-3236,-2044,6880,CD,2,D2_pwm200_grab2
16587,496,-120,11916,CD,2,D2_pwm200_grab2
16593,-3528,-2828,11916,CD,2,D2_pwm200_grab2
16598,-3676,-240,9728,CD,2,D2_pwm200_grab2
16603,-1976,1680,9780,CD,2,D2_pwm200_grab2
16608,-1700,1688,15432,CD,2,D2_pwm200_grab2
16614,-5492,-2400,6036,CD,2,D2_pwm200_grab2
16619,-1272,-5144,9316,CD,2,D2_pwm200_grab2
16624,2912,-204,11804,CD,2,D2_pwm200_grab2
16628,-160,1460,11348,CD,2,D2_pwm200_grab2
16633,-10872,-4056,10964,CD,2,D2_pwm200_grab2
16638,2792,-1328,10028,CD,2,D2_pwm200_grab2
16644,-2400,-2456,10220,CD,2,D2_pwm200_grab2
16648,1224,1760,11748,CD,2,D2_pwm200_grab2
16654,7416,3216,8688,CD,2,D2_pwm200_grab2
16658,-460,864,13268,CD,2,D2_pwm200_grab2
16663,2012,-2216,8556,CD,2,D2_pwm200_grab2
16674,3204,4164,11684,CD,2,D2_pwm200_grab2
16679,-2292,-2560,9216,CD,2,D2_pwm200_grab2
16684,2904,864,11888,CD,2,D2_pwm200_grab2
16689,-5004,-4044,12204,CD,2,D2_pwm200_grab2
16694,-2640,-4128,8620,CD,2,D2_pwm200_grab2
16698,4112,1708,13100,CD,2,D2_pwm200_grab2
16703,-1624,940,12100,CD,2,D2_pwm200_grab2
16708,-8380,-4448,9676,CD,2,D2_pwm200_grab2
16713,3400,-756,10792,CD,2,D2_pwm200_grab2
16719,-2116,2344,10332,CD,2,D2_pwm200_grab2
16724,1964,-920,10552,CD,2,D2_pwm200_grab2
16728,6312,1376,12312,CD,2,D2_pwm200_grab2
16733,2856,-1276,8628,CD,2,D2_pwm200_grab2
16738,272,-2040,6680,CD,2,D2_pwm200_grab2
16743,3428,1868,8604,CD,2,D2_pwm200_grab2
16749,2432,3580,13888,CD,2,D2_pwm200_grab2
16753,-2116,-3488,9008,CD,2,D2_pwm200_grab2
16758,2420,-260,8828,CD,2,D2_pwm200_grab2
16764,12076,6636,11468,CD,2,D2_pwm200_grab2
16768,-900,396,6916,CD,2,D2_pwm200_grab2
16774,1076,640,10440,CD,2,D2_pwm200_grab2
16779,-624,-1440,11244,CD,2,D2_pwm200_grab2
16783,-3588,-2292,9236,CD,2,D2_pwm200_grab2
16788,1432,1408,10916,CD,2,D2_pwm200_grab2
16794,-2388,708,14240,CD,2,D2_pwm200_grab2
16798,-2408,-1380,6232,CD,2,D2_pwm200_grab2
16803,-1916,-5024,8968,CD,2,D2_pwm200_grab2
16809,5252,1456,10104,CD,2,D2_pwm200_grab2
16814,744,-956,11640,CD,2,D2_pwm200_grab2
16818,4036,-864,12584,CD,2,D2_pwm200_grab2
16823,944,-1152,10996,CD,2,D2_pwm200_grab2
16828,-1840,-2824,10652,CD,2,D2_pwm200_grab2
16833,-216,1456,8192,CD,2,D2_pwm200_grab2
16838,7464,4416,6432,CD,2,D2_pwm200_grab2
16843,-3348,-104,12540,CD,2,D2_pwm200_grab2
16849,732,-4572,5664,CD,2,D2_pwm200_grab2
16859,1688,3612,9144,CD,2,D2_pwm200_grab2
16865,-3936,-2020,9012,CD,2,D2_pwm200_grab2
16870,300,-1448,7036,CD,2,D2_pwm200_grab2
16874,2884,228,15368,CD,2,D2_pwm200_grab2
16879,-2372,292,10208,CD,2,D2_pwm200_grab2
16884,-2496,-940,9532,CD,2,D2_pwm200_grab2
16889,-1288,-2420,9436,CD,2,D2_pwm200_grab2
16896,-144,1648,10456,CD,2,D2_pwm200_grab2
16900,-544,-600,9548,CD,2,D2_pwm200_grab2
16905,-2176,2284,10936,CD,2,D2_pwm200_grab2
16910,256,-2152,9292,CD,2,D2_pwm200_grab2
16914,-1168,-3920,10808,CD,2,D2_pwm200_grab2
16920,2248,-1744,9700,CD,2,D2_pwm200_grab2
16924,2420,2820,12100,CD,2,D2_pwm200_grab2
16929,-2388,736,10580,CD,2,D2_pwm200_grab2
16935,2472,-2416,10532,CD,2,D2_pwm200_grab2
16940,-3400,-2572,8152,CD,2,D2_pwm200_grab2
16945,1640,68,11036,CD,2,D2_pwm200_grab2
16955,-1284,3504,11792,CD,2,D2_pwm200_grab2
16959,-4580,-1904,10224,CD,2,D2_pwm200_grab2
16965,2724,1160,6420,CD,2,D2_pwm200_grab2
16970,3076,3228,10972,CD,2,D2_pwm200_grab2
16975,-388,-476,9696,CD,2,D2_pwm200_grab2
16979,2592,-844,8576,CD,2,D2_pwm200_grab2
16985,-5764,-1148,5984,CD,2,D2_pwm200_grab2
16989,-636,-4020,8548,CD,2,D2_pwm200_grab2
16994,5508,1560,10184,CD,2,D2_pwm200_grab2
16999,2480,2276,11544,CD,2,D2_pwm200_grab2
17005,-8188,-4188,7944,CD,2,D2_pwm200_grab2
17009,4380,-3044,10780,CD,2,D2_pwm200_grab2
17015,5996,4124,11280,CD,2,D2_pwm200_grab2
17020,884,1140,13520,CD,2,D2_pwm200_grab2
17025,7024,4800,6032,CD,2,D2_pwm200_grab2
17030,300,2708,10568,CD,2,D2_pwm200_grab2
17034,2288,-3232,6056,CD,2,D2_pwm200_grab2
17039,6300,-912,9456,CD,2,D2_pwm200_grab2
17045,2648,3364,9000,CD,2,D2_pwm200_grab2
17049,-1352,-2204,8448,CD,2,D2_pwm200_grab2
17055,468,-1908,6848,CD,2,D2_pwm200_grab2
17059,3316,2068,9212,CD,2,D2_pwm200_grab2
17065,-2684,1028,9464,CD,2,D2_pwm200_grab2
17069,1840,1128,11776,CD,2,D2_pwm200_grab2
17075,-3112,-692,12432,CD,2,D2_pwm200_grab2
17085,-1852,-1368,7952,CD,2,D2_pwm200_grab2
17089,-476,2628,8728,CD,2,D2_pwm200_grab2
17094,344,-1944,7940,CD,2,D2_pwm200_grab2
17099,-696,-3568,12952,CD,2,D2_pwm200_grab2
17104,2388,-2544,8628,CD,2,D2_pwm200_grab2
17110,856,-148,9728,CD,2,D2_pwm200_grab2
17115,-3968,-36,9884,CD,2,D2_pwm200_grab2
17120,2636,-880,9388,CD,2,D2_pwm200_grab2
17125,-3776,672,11928,CD,2,D2_pwm200_grab2
17131,-872,0,9336,CD,2,D2_pwm200_grab2
17136,4624,484,11236,CD,2,D2_pwm200_grab2
17140,-684,-1332,12880,CD,2,D2_pwm200_grab2
17145,-1708,-4676,6120,CD,2,D2_pwm200_grab2
17155,2708,4088,10068,CD,2,D2_pwm200_grab2
17161,-3572,1700,11012,CD,2,D2_pwm200_grab2
17166,2008,-972,8196,CD,2,D2_pwm200_grab2
17170,-2584,-3100,10656,CD,2,D2_pwm200_grab2
17175,-1900,-1980,8220,CD,2,D2_pwm200_grab2
17181,3032,1112,12688,CD,2,D2_pwm200_grab2
17185,-1932,-96,14032,CD,2,D2_pwm200_grab2
17190,-7776,-2592,10252,CD,2,D2_pwm200_grab2
17195,4772,-1220,11704,CD,2,D2_pwm200_grab2
17201,5804,2120,14884,CD,2,D2_pwm200_grab2
17206,624,176,13628,CD,2,D2_pwm200_grab2
17211,3372,1680,13648,CD,2,D2_pwm200_grab2
17215,3800,-1884,8692,CD,2,D2_pwm200_grab2
17220,980,-936,10724,CD,2,D2_pwm200_grab2
17225,4580,1748,13564,CD,2,D2_pwm200_grab2
17230,1808,1852,13760,CD,2,D2_pwm200_grab2
17235,-1592,-3024,9572,CD,2,D2_pwm200_grab2
17241,2172,-1060,7840,CD,2,D2_pwm200_grab2
17246,4544,2148,13596,CD,2,D2_pwm200_grab2
17250,-1948,1148,8696,CD,2,D2_pwm200_grab2
17256,1920,552,8756,CD,2,D2_pwm200_grab2
17260,1168,-812,10860,CD,2,D2_pwm200_grab2
17265,-1020,-760,8916,CD,2,D2_pwm200_grab2
17271,1344,696,10296,CD,2,D2_pwm200_grab2
17275,2240,1420,12096,CD,2,D2_pwm200_grab2
17280,2352,-840,10904,CD,2,D2_pwm200_grab2
17285,1140,-592,13556,CD,2,D2_pwm200_grab2
17291,5064,-1672,5776,CD,2,D2_pwm200_grab2
17295,3916,552,11892,CD,2,D2_pwm200_grab2
17300,1672,-472,8628,CD,2,D2_pwm200_grab2
17305,5744,-392,12112,CD,2,D2_pwm200_grab2
17310,-5120,-788,8932,CD,2,D2_pwm200_grab2
17316,1408,1892,7948,CD,2,D2_pwm200_grab2
17320,7632,4316,7424,CD,2,D2_pwm200_grab2
17326,-156,4008,7944,CD,2,D2_pwm200_grab2
17330,-5388,-3272,7656,CD,2,D2_pwm200_grab2
17335,3844,-84,7140,CD,2,D2_pwm200_grab2
17340,152,1288,8180,CD,2,D2_pwm200_grab2
17345,-1688,1364,8688,CD,2,D2_pwm200_grab2
17350,2120,116,7516,CD,2,D2_pwm200_grab2
17356,-2172,-368,10224,CD,2,D2_pwm200_grab2
17360,-2744,-4496,7924,CD,2,D2_pwm200_grab2
17367,1904,756,11240,CD,2,D2_pwm200_grab2
17371,-3216,-808,13308,CD,2,D2_pwm200_grab2
17376,-9268,-5616,7588,CD,2,D2_pwm200_grab2
17381,-728,412,7876,CD,2,D2_pwm200_grab2
17386,-3064,2388,7900,CD,2,D2_pwm200_grab2
17391,3052,-2056,9856,CD,2,D2_pwm200_grab2
17396,-2272,-4284,9720,CD,2,D2_pwm200_grab2
17402,4096,-1996,10604,CD,2,D2_pwm200_grab2
17408,-40,476,10832,CD,2,D2_pwm200_grab2
17411,1788,448,13488,CD,2,D2_pwm200_grab2
17416,700,3240,12656,CD,2,D2_pwm200_grab2
17421,-2620,-1188,10312,CD,2,D2_pwm200_grab2
17426,-188,-500,9780,CD,2,D2_pwm200_grab2
17437,-2764,2280,12640,CD,2,D2_pwm200_grab2
17442,-1476,-2900,9212,CD,2,D2_pwm200_grab2
17447,-1396,1084,4832,CD,2,D2_pwm200_grab2
17451,-52,-832,10704,CD,2,D2_pwm200_grab2
17456,-584,2248,12088,CD,2,D2_pwm200_grab2
17462,580,756,15592,CD,2,D2_pwm200_grab2
17466,-9536,-2628,6980,CD,2,D2_pwm200_grab2
17471,-2316,-5340,7336,CD,2,D2_pwm200_grab2
17476,4200,272,12212,CD,2,D2_pwm200_grab2
17482,-2228,2388,10904,CD,2,D2_pwm200_grab2
17487,-8800,-2172,10868,CD,2,D2_pwm200_grab2
17492,3764,-2152,10192,CD,3,D2_pwm200_grab2
17496,-4628,-1648,10580,CD,3,D2_pwm200_grab2
17501,-128,1396,9092,CD,3,D2_pwm200_grab2
17506,7536,4300,9612,CD,3,D2_pwm200_grab2
17512,468,344,11800,CD,3,D2_pwm200_grab2
17517,3380,-2696,7448,CD,3,D2_pwm200_grab2
17522,6336,3060,14096,CD,3,D2_pwm200_grab2
17526,4152,3860,12632,CD,3,D2_pwm200_grab2
17531,-2408,-3268,7920,CD,3,D2_pwm200_grab2
17537,3120,656,7600,CD,3,D2_pwm200_grab2
17541,-1028,760,6892,CD,3,D2_pwm200_grab2
17546,-2412,-2708,7152,CD,3,D2_pwm200_grab2
17551,3600,1344,10264,CD,3,D2_pwm200_grab2
17557,-1296,-288,12860,CD,3,D2_pwm200_grab2
17561,-5964,-2376,7352,CD,3,D2_pwm200_grab2
17567,1368,-1072,8428,CD,3,D2_pwm200_grab2
17571,-3244,1640,9416,CD,3,D2_pwm200_grab2
17576,3364,-984,9192,CD,3,D2_pwm200_grab2
17581,2184,588,13196,CD,3,D2_pwm200_grab2
17586,3988,-2404,7000,CD,3,D2_pwm200_grab2
17591,-160,-3492,10044,CD,3,D2_pwm200_grab2
17597,3224,-620,11736,CD,3,D2_pwm200_grab2
17602,2456,532,12092,CD,3,D2_pwm200_grab2
17606,-2256,-2164,7828,CD,3,D2_pwm200_grab2
17612,996,596,10724,CD,3,D2_pwm200_grab2
17616,10388,2488,8400,CD,3,D2_pwm200_grab2
17622,-3364,976,13600,CD,3,D2_pwm200_grab2
17628,-2720,-3072,7900,CD,3,D2_pwm200_grab2
17633,-1200,-972,5588,CD,3,D2_pwm200_grab2
17637,504,2984,7696,CD,3,D2_pwm200_grab2
17643,-2872,-496,8684,CD,3,D2_pwm200_grab2
17647,164,-1704,5280,CD,3,D2_pwm200_grab2
17652,680,12,7852,CD,3,D2_pwm200_grab2
17657,-3936,-1960,6984,CD,3,D2_pwm200_grab2
17662,844,844,11704,CD,3,D2_pwm200_grab2
17668,-3688,336,9776,CD,3,D2_pwm200_grab2
17672,-10096,-2448,10592,CD,3,D2_pwm200_grab2
17677,1520,-516,8008,CD,3,D2_pwm200_grab2
17682,1864,3280,10600,CD,3,D2_pwm200_grab2
17688,288,-1052,11636,CD,3,D2_pwm200_grab2
17693,-736,-2476,13408,CD,3,D2_pwm200_grab2
17697,3772,-1692,8832,CD,3,D2_pwm200_grab2
17702,2184,104,11260,CD,3,D2_pwm200_grab2
17707,6168,3476,17348,CD,3,D2_pwm200_grab2
17712,2172,3716,12784,CD,3,D2_pwm200_grab2
17717,-3408,-1620,9428,CD,3,D2_pwm200_grab2
17722,1164,-1516,9460,CD,3,D2_pwm200_grab2
17727,7856,2104,16380,CD,3,D2_pwm200_grab2
17732,-1096,4152,9744,CD,3,D2_pwm200_grab2
17737,-1888,-1692,10024,CD,3,D2_pwm200_grab2
17742,4876,1068,8844,CD,3,D2_pwm200_grab2
17747,2500,2000,11284,CD,3,D2_pwm200_grab2
17752,1968,228,10524,CD,3,D2_pwm200_grab2
17758,-3524,532,12024,CD,3,D2_pwm200_grab2
17762,-1964,-828,7604,CD,3,D2_pwm200_grab2
17767,-388,-3248,8624,CD,3,D2_pwm200_grab2
17772,4492,468,10016,CD,3,D2_pwm200_grab2
17777,2636,1292,11432,CD,3,D2_pwm200_grab2
17783,-8556,-4060,7836,CD,3,D2_pwm200_grab2
17788,3868,-2600,11636,CD,3,D2_pwm200_grab2
17792,-848,-2240,10140,CD,3,D2_pwm200_grab2
17798,1764,1280,9792,CD,3,D2_pwm200_grab2
17807,-2824,3240,12220,CD,3,D2_pwm200_grab2
17813,1336,-2400,6620,CD,3,D2_pwm200_grab2
17818,-1144,772,4024,CD,3,D2_pwm200_grab2
17822,2480,2720,7840,CD,3,D2_pwm200_grab2
17827,-1484,-1548,8400,CD,3,D2_pwm200_grab2
17833,1460,-1020,4880,CD,3,D2_pwm200_grab2
17837,-6760,-2532,7336,CD,3,D2_pwm200_grab2
17842,-2840,-4556,8192,CD,3,D2_pwm200_grab2
17848,2912,924,11148,CD,3,D2_pwm200_grab2
17852,-1528,428,10488,CD,3,D2_pwm200_grab2
17858,-10596,-4556,7544,CD,3,D2_pwm200_grab2
17862,3828,-2392,7848,CD,3,D2_pwm200_grab2
17868,2652,2600,5892,CD,3,D2_pwm200_grab2
17872,720,-488,11356,CD,3,D2_pwm200_grab2
17878,-440,-1780,11716,CD,3,D2_pwm200_grab2
17884,3704,-2916,8508,CD,3,D2_pwm200_grab2
17888,-40,-1672,11260,CD,3,D2_pwm200_grab2
17894,-152,-1284,10140,CD,3,D2_pwm200_grab2
17899,148,-656,11096,CD,3,D2_pwm200_grab2
17903,-4824,-180,10396,CD,3,D2_pwm200_grab2
17909,-712,348,8416,CD,3,D2_pwm200_grab2
17914,6976,2112,10440,CD,3,D2_pwm200_grab2
17920,-3228,440,13828,CD,3,D2_pwm200_grab2
17923,-4712,-1608,8596,CD,3,D2_pwm200_grab2
17929,1892,56,8640,CD,3,D2_pwm200_grab2
17933,-168,-44,8616,CD,3,D2_pwm200_grab2
17938,-1932,1836,9900,CD,3,D2_pwm200_grab2
17943,-436,-680,9404,CD,3,D2_pwm200_grab2
17948,-2664,-1276,13696,CD,3,D2_pwm200_grab2
17959,2592,1640,13472,CD,3,D2_pwm200_grab2
17964,1776,756,11096,CD,3,D2_pwm200_grab2
17969,-6752,-2924,10720,CD,3,D2_pwm200_grab2
17973,2144,-1364,10124,CD,3,D2_pwm200_grab2
17978,3812,1248,15636,CD,3,D2_pwm200_grab2
17984,-1980,572,11440,CD,3,D2_pwm200_grab2
17988,3704,364,11532,CD,3,D2_pwm200_grab2
17993,1744,-1272,12184,CD,3,D2_pwm200_grab2
17999,828,-2472,9188,CD,3,D2_pwm200_grab2
18003,2868,2288,10072,CD,3,D2_pwm200_grab2
18009,3116,4028,11172,CD,3,D2_pwm200_grab2
18014,-2304,-260,10472,CD,3,D2_pwm200_grab2
18019,1920,-1580,8244,CD,3,D2_pwm200_grab2
18024,-2460,-80,7860,CD,3,D2_pwm200_grab2
18029,-1260,876,6820,CD,3,D2_pwm200_grab2
18033,3848,2344,11508,CD,3,D2_pwm200_grab2
18038,188,-636,12164,CD,3,D2_pwm200_grab2
18043,-2428,-928,10172,CD,3,D2_pwm200_grab2
18048,3916,-2340,8596,CD,3,D2_pwm200_grab2
18053,5132,3060,10456,CD,3,D2_pwm200_grab2
18059,1028,-732,10936,CD,3,D2_pwm200_grab2
18064,2460,-212,12768,CD,3,D2_pwm200_grab2
18069,3544,-1336,7560,CD,3,D2_pwm200_grab2
18073,3204,-488,11596,CD,3,D2_pwm200_grab2
18078,3044,-1292,10216,CD,3,D2_pwm200_grab2
18083,4488,-220,13080,CD,3,D2_pwm200_grab2
18088,-3120,-2388,9980,CD,3,D2_pwm200_grab2
18093,1160,-1176,6656,CD,3,D2_pwm200_grab2
18098,7160,2940,13600,CD,3,D2_pwm200_grab2
18103,-2124,2048,9184,CD,3,D2_pwm200_grab2
18108,-4460,-2136,8292,CD,3,D2_pwm200_grab2
18113,1136,-24,9012,CD,3,D2_pwm200_grab2
18119,236,-92,7612,CD,3,D2_pwm200_grab2
18124,-1328,984,8436,CD,3,D2_pwm200_grab2
18128,1192,80,5956,CD,3,D2_pwm200_grab2
18135,-3700,-1636,12452,CD,3,D2_pwm200_grab2
18140,-3324,-5112,7224,CD,3,D2_pwm200_grab2
18144,2152,-612,11188,CD,3,D2_pwm200_grab2
18149,-4316,-1304,11872,CD,3,D2_pwm200_grab2
18159,-1692,-812,9456,CD,3,D2_pwm200_grab2
18165,-1680,2220,9612,CD,3,D2_pwm200_grab2
18169,1216,-2200,8844,CD,3,D2_pwm200_grab2
18174,-916,-4204,12452,CD,3,D2_pwm200_grab2
18179,1728,-2356,11636,CD,3,D2_pwm200_grab2
18185,-3632,-3264,7108,CD,3,D2_pwm200_grab2
18189,2284,-72,10648,CD,3,D2_pwm200_grab2
18194,-2340,2984,12112,CD,3,D2_pwm200_grab2
18199,-2188,-2184,9032,CD,3,D2_pwm200_grab2
18205,-616,-1256,9788,CD,3,D2_pwm200_grab2
18214,-4444,1860,12408,CD,3,D2_pwm200_grab2
18220,2280,900,11324,CD,3,D2_pwm200_grab2
18225,-1624,-1552,13060,CD,3,D2_pwm200_grab2
18229,-1216,292,12164,CD,3,D2_pwm200_grab2
18234,468,1472,10680,CD,3,D2_pwm200_grab2
18239,848,1268,17612,CD,3,D2_pwm200_grab2
18244,-7836,-2360,7160,CD,3,D2_pwm200_grab2
18249,-1696,-4592,8924,CD,3,D2_pwm200_grab2
18254,4704,496,12592,CD,3,D2_pwm200_grab2
18259,-776,1364,10860,CD,3,D2_pwm200_grab2
18265,3844,-520,12992,CD,3,D2_pwm200_grab2
18269,3860,-160,12028,CD,3,D2_pwm200_grab2
18275,-2592,-1852,11468,CD,3,D2_pwm200_grab2
18279,232,576,9956,CD,3,D2_pwm200_grab2
18284,8336,3572,9188,CD,3,D2_pwm200_grab2
18290,1444,792,10508,CD,3,D2_pwm200_grab2
18294,4204,-1504,8276,CD,3,D2_pwm200_grab2
18299,9336,3340,17484,CD,3,D2_pwm200_grab2
18304,2340,1444,11376,CD,3,D2_pwm200_grab2
18309,-1044,-464,9180,CD,3,D2_pwm200_grab2
18314,3556,472,8428,CD,3,D2_pwm200_grab2
18319,-1196,-464,9180,CD,3,D2_pwm200_grab2
18325,-128,-2456,6760,CD,3,D2_pwm200_grab2
18329,2152,1128,9908,CD,3,D2_pwm200_grab2
18334,-756,-404,11364,CD,3,D2_pwm200_grab2
18339,-7776,-3104,7072,CD,3,D2_pwm200_grab2
18344,1676,-132,10900,CD,3,D2_pwm200_grab2
18350,5360,2628,11324,CD,3,D2_pwm200_grab2
18354,804,192,13060,CD,3,D2_pwm200_grab2
18360,2432,208,11232,CD,3,D2_pwm200_grab2
18364,1544,-2840,9284,CD,3,D2_pwm200_grab2
18369,-1324,-2620,11008,CD,3,D2_pwm200_grab2
18374,2552,72,10464,CD,3,D2_pwm200_grab2
18379,-420,-988,11740,CD,3,D2_pwm200_grab2
18385,-1960,-2228,9616,CD,3,D2_pwm200_grab2
18391,44,-56,9480,CD,3,D2_pwm200_grab2
18400,-4212,1400,12484,CD,3,D2_pwm200_grab2
18406,-2584,-3832,6528,CD,3,D2_pwm200_grab2
18411,-1724,-688,6432,CD,3,D2_pwm200_grab2
18415,1552,4732,9080,CD,3,D2_pwm200_grab2
18421,-3360,-440,9180,CD,3,D2_pwm200_grab2
18425,1128,-2092,7380,CD,3,D2_pwm200_grab2
18430,-208,-2068,7276,CD,3,D2_pwm200_grab2
18436,-3916,-6320,7896,CD,3,D2_pwm200_grab2
18440,2868,1044,13668,CD,3,D2_pwm200_grab2
18446,-3836,216,12212,CD,3,D2_pwm200_grab2
18456,52,-1324,9448,CD,3,D2_pwm200_grab2
18460,564,2268,10160,CD,3,D2_pwm200_grab2
18465,-652,-1852,10268,CD,3,D2_pwm200_grab2
18470,-376,-2552,13352,CD,3,D2_pwm200_grab2
18475,604,-936,12936,CD,3,D2_pwm200_grab2
18480,-1400,-4516,6164,CD,3,D2_pwm200_grab2
18486,3836,3352,12992,CD,3,D2_pwm200_grab2
18491,2136,4352,14724,CD,3,D2_pwm200_grab2
18496,-3008,-2280,8548,CD,3,D2_pwm200_grab2
18500,-464,-2032,9820,CD,3,D2_pwm200_grab2
18505,7936,2924,14436,CD,3,D2_pwm200_grab2
18510,-1816,3160,10928,CD,3,D2_pwm200_grab2
18515,-4620,-960,10004,CD,3,D2_pwm200_grab2
18521,-1812,-420,13580,CD,3,D2_pwm200_grab2
18526,-3556,-880,10048,CD,3,D2_pwm200_grab2
18531,1604,1008,11860,CD,3,D2_pwm200_grab2
18536,-2188,756,14148,CD,3,D2_pwm200_grab2
18541,300,-1784,10536,CD,3,D2_pwm200_grab2
18545,-1300,-3388,7788,CD,3,D2_pwm200_grab2
18550,4924,-420,10692,CD,3,D2_pwm200_grab2
18555,1420,1832,11280,CD,3,D2_pwm200_grab2
18561,5952,856,15948,CD,3,D2_pwm200_grab2
18566,4384,24,13264,CD,3,D2_pwm200_grab2
18571,-1636,-1860,10044,CD,3,D2_pwm200_grab2
18576,2484,980,11040,CD,3,D2_pwm200_grab2
18580,8808,3872,8328,CD,3,D2_pwm200_grab2
18586,844,1624,9856,CD,3,D2_pwm200_grab2
18590,3236,-832,8416,CD,3,D2_pwm200_grab2
18601,4864,2496,9612,CD,3,D2_pwm200_grab2
18605,-2084,316,8572,CD,3,D2_pwm200_grab2
18611,3168,608,8488,CD,3,D2_pwm200_grab2
18615,-1300,-892,11668,CD,3,D2_pwm200_grab2
18621,-520,-3312,6564,CD,3,D2_pwm200_grab2
18626,2128,196,10316,CD,3,D2_pwm200_grab2
18630,-1072,-432,10760,CD,3,D2_pwm200_grab2
18636,-9220,-3748,6912,CD,3,D2_pwm200_grab2
18640,868,-652,9856,CD,3,D2_pwm200_grab2
18646,-3888,1200,10736,CD,3,D2_pwm200_grab2
18651,3284,-1128,8484,CD,3,D2_pwm200_grab2
18657,-1436,-4844,9728,CD,3,D2_pwm200_grab2
18661,3976,-1392,7368,CD,3,D2_pwm200_grab2
18666,100,816,10088,CD,3,D2_pwm200_grab2
18671,-6156,-3920,6376,CD,3,D2_pwm200_grab2
18676,2380,-2596,9180,CD,3,D2_pwm200_grab2
18681,1424,336,10608,CD,3,D2_pwm200_grab2
18688,-220,-188,12616,CD,3,D2_pwm200_grab2
18692,10568,2820,11708,CD,3,D2_pwm200_grab2
18696,-3852,1436,13160,CD,3,D2_pwm200_grab2
18701,-2512,-4152,7404,CD,3,D2_pwm200_grab2
18707,1448,0,9720,CD,3,D2_pwm200_grab2
18711,1680,4608,9272,CD,3,D2_pwm200_grab2
18716,-3504,-828,9652,CD,3,D2_pwm200_grab2
18721,888,-1664,7560,CD,3,D2_pwm200_grab2
18727,1856,-544,10512,CD,3,D2_pwm200_grab2
18732,-4332,-6596,8548,CD,3,D2_pwm200_grab2
18736,3148,1712,13364,CD,3,D2_pwm200_grab2
18742,-4020,-372,12208,CD,3,D2_pwm200_grab2
18747,-8140,-4380,9936,CD,3,D2_pwm200_grab2
18751,812,-712,10488,CD,3,D2_pwm200_grab2
18757,-232,1596,10108,CD,3,D2_pwm200_grab2
18762,-16,-2112,10916,CD,3,D2_pwm200_grab2
18767,-620,-2836,11532,CD,3,D2_pwm200_grab2
18772,4204,-2180,9372,CD,3,D2_pwm200_grab2
18776,284,-1636,7316,CD,3,D2_pwm200_grab2
18781,2556,3564,10072,CD,3,D2_pwm200_grab2
18786,2772,2456,14416,CD,3,D2_pwm200_grab2
18792,-2188,-2680,8960,CD,3,D2_pwm200_grab2
18796,2336,784,10204,CD,3,D2_pwm200_grab2
18802,10288,3956,12876,CD,3,D2_pwm200_grab2
18807,-2144,3580,11552,CD,3,D2_pwm200_grab2
18812,-3812,-2388,8720,CD,3,D2_pwm200_grab2
18816,796,-1244,10356,CD,3,D2_pwm200_grab2
18822,-1600,-260,10716,CD,3,D2_pwm200_grab2
18826,440,1300,10124,CD,3,D2_pwm200_grab2
18831,-1008,464,15452,CD,3,D2_pwm200_grab2
18837,-6536,-1860,7008,CD,3,D2_pwm200_grab2
18841,-1764,-4084,8044,CD,3,D2_pwm200_grab2
18846,4808,1368,10440,CD,3,D2_pwm200_grab2
18852,-292,1796,11460,CD,3,D2_pwm200_grab2
18857,-9432,-5096,7984,CD,3,D2_pwm200_grab2
18861,4072,-1392,11524,CD,3,D2_pwm200_grab2
18866,-4416,-448,10364,CD,3,D2_pwm200_grab2
18871,1156,1352,9364,CD,3,D2_pwm200_grab2
18877,6536,1536,9832,CD,3,D2_pwm200_grab2
18882,1500,-196,9644,CD,3,D2_pwm200_grab2
18886,-772,-5420,3732,CD,3,D2_pwm200_grab2
18891,7188,2464,16368,CD,3,D2_pwm200_grab2
18896,1260,3756,11244,CD,3,D2_pwm200_grab2
18902,-2664,-2440,6948,CD,3,D2_pwm200_grab2
18908,1084,-396,9104,CD,3,D2_pwm200_grab2
18912,7380,3200,12584,CD,3,D2_pwm200_grab2
18917,-3072,1920,11624,CD,3,D2_pwm200_grab2
18922,-5904,-3028,7952,CD,3,D2_pwm200_grab2
18927,1432,-1372,6052,CD,3,D2_pwm200_grab2
18932,128,580,8088,CD,3,D2_pwm200_grab2
18937,-2344,724,9992,CD,3,D2_pwm200_grab2
18944,1588,-220,5820,CD,3,D2_pwm200_grab2
18948,-9056,-1908,5964,CD,3,D2_pwm200_grab2
18952,-1308,-5464,8356,CD,3,D2_pwm200_grab2
18957,2732,-720,12072,CD,3,D2_pwm200_grab2
18962,-1272,924,10648,CD,3,D2_pwm200_grab2
18967,-10924,-3420,11456,CD,3,D2_pwm200_grab2
18972,2024,-1172,8288,CD,3,D2_pwm200_grab2
18978,5060,3952,13924,CD,3,D2_pwm200_grab2
18982,-152,-864,12336,CD,3,D2_pwm200_grab2
18987,7264,3288,9588,CD,3,D2_pwm200_grab2
18993,-2392,1148,13852,CD,3,D2_pwm200_grab2
18998,2848,-3228,7520,CD,3,D2_pwm200_grab2
19008,3568,4168,12628,CD,3,D2_pwm200_grab2
19012,-3560,-1460,9324,CD,3,D2_pwm200_grab2
19018,936,-1184,9216,CD,3,D2_pwm200_grab2
19022,6752,1700,17352,CD,3,D2_pwm200_grab2
19028,-1416,3540,10328,CD,3,D2_pwm200_grab2
19032,3832,2448,12552,CD,3,D2_pwm200_grab2
19038,-220,-312,12632,CD,3,D2_pwm200_grab2
19042,-6064,-2928,8456,CD,3,D2_pwm200_grab2
19047,1444,688,12412,CD,3,D2_pwm200_grab2
19052,-3088,724,11740,CD,3,D2_pwm200_grab2
19058,-1152,-784,9116,CD,3,D2_pwm200_grab2
19062,-700,-3340,8624,CD,3,D2_pwm200_grab2
19068,4496,960,10928,CD,3,D2_pwm200_grab2
19072,2216,-804,11364,CD,3,D2_pwm200_grab2
19077,5104,2492,15004,CD,3,D2_pwm200_grab2
19082,4784,-316,14400,CD,3,D2_pwm200_grab2
19087,-892,-2052,10060,CD,3,D2_pwm200_grab2
19092,1904,1396,10552,CD,3,D2_pwm200_grab2
19098,11112,3672,11332,CD,3,D2_pwm200_grab2
19103,-1768,2572,11504,CD,3,D2_pwm200_grab2
19108,1280,-2036,8776,CD,3,D2_pwm200_grab2
19113,6292,-32,10192,CD,3,D2_pwm200_grab2
19117,944,-416,9620,CD,3,D2_pwm200_grab2
19123,-1824,1112,9104,CD,3,D2_pwm200_grab2
19127,984,516,11448,CD,3,D2_pwm200_grab2
19132,-2224,-480,11240,CD,3,D2_pwm200_grab2
19137,-2764,-4212,7992,CD,3,D2_pwm200_grab2
19142,3568,1184,10196,CD,3,D2_pwm200_grab2
19147,-1856,868,10788,CD,3,D2_pwm200_grab2
19152,-8752,-5800,6984,CD,3,D2_pwm200_grab2
19158,1812,-2644,7924,CD,3,D2_pwm200_grab2
19163,-1640,2640,7276,CD,3,D2_pwm200_grab2
19169,520,-928,9832,CD,3,D2_pwm200_grab2
19174,-704,-3848,9744,CD,3,D2_pwm200_grab2
19178,3020,-2592,8012,CD,3,D2_pwm200_grab2
19183,856,1420,10960,CD,3,D2_pwm200_grab2
19188,-3188,-1800,6568,CD,3,D2_pwm200_grab2
19193,-280,-3336,9228,CD,3,D2_pwm200_grab2
19200,2296,1440,13744,CD,3,D2_pwm200_grab2
19203,816,-256,10836,CD,3,D2_pwm200_grab2
19214,-2856,1052,13060,CD,3,D2_pwm200_grab2
19219,-5896,-3860,7884,CD,3,D2_pwm200_grab2
19228,192,3368,7592,CD,3,D2_pwm200_grab2
19233,-2720,364,8952,CD,3,D2_pwm200_grab2
19238,272,-1804,6216,CD,3,D2_pwm200_grab2
19244,-7328,-3456,10000,CD,3,D2_pwm200_grab2
19249,-2812,-6112,9140,CD,3,D2_pwm200_grab2
19253,3620,320,12300,CD,3,D2_pwm200_grab2
19258,-2472,520,11332,CD,3,D2_pwm200_grab2
19264,-9564,-3372,11036,CD,3,D2_pwm200_grab2
19269,1100,-820,8592,CD,3,D2_pwm200_grab2
19273,1856,2836,11324,CD,3,D2_pwm200_grab2
19278,172,-1232,11644,CD,3,D2_pwm200_grab2
19283,-496,-3288,12092,CD,3,D2_pwm200_grab2
19289,944,-1628,12956,CD,3,D2_pwm200_grab2
19299,2988,4632,12228,CD,3,D2_pwm200_grab2
19303,1176,3748,13356,CD,3,D2_pwm200_grab2
19309,-3220,-1584,9564,CD,3,D2_pwm200_grab2
19313,1672,-904,10676,CD,3,D2_pwm200_grab2
19318,10360,4496,14148,CD,3,D2_pwm200_grab2
19323,-1312,4176,10992,CD,3,D2_pwm200_grab2
19328,3160,2532,13104,CD,3,D2_pwm200_grab2
19333,684,-1208,11260,CD,3,D2_pwm200_grab2
19338,-2312,-1268,11552,CD,3,D2_pwm200_grab2
19344,1240,336,9860,CD,3,D2_pwm200_grab2
19349,-2604,596,13912,CD,3,D2_pwm200_grab2
19353,-8004,-1356,6912,CD,3,D2_pwm200_grab2
19359,-772,-4052,7724,CD,3,D2_pwm200_grab2
19363,4044,1324,10740,CD,3,D2_pwm200_grab2
19368,800,2056,11808,CD,3,D2_pwm200_grab2
19374,1616,-1780,7444,CD,3,D2_pwm200_grab2
19379,4876,-632,12032,CD,3,D2_pwm200_grab2
19384,-3572,-524,8936,CD,3,D2_pwm200_grab2
19388,964,860,9956,CD,3,D2_pwm200_grab2
19393,8120,2656,8756,CD,3,D2_pwm200_grab2
19398,-288,264,11644,CD,3,D2_pwm200_grab2
19403,752,-4988,4344,CD,3,D2_pwm200_grab2
19408,9336,2344,18480,CD,3,D2_pwm200_grab2
19414,796,2800,10576,CD,3,D2_pwm200_grab2
19419,-2900,-2620,8196,CD,3,D2_pwm200_grab2
19424,1184,-64,7308,CD,3,D2_pwm200_grab2
19430,6124,2108,14192,CD,3,D2_pwm200_grab2
19435,-3388,2020,10276,CD,3,D2_pwm200_grab2
19440,-4400,-2908,7240,CD,3,D2_pwm200_grab2
19445,1396,-1980,6656,CD,3,D2_pwm200_grab2
19449,64,1080,8120,CD,3,D2_pwm200_grab2
19456,-2504,964,10516,CD,3,D2_pwm200_grab2
19459,-4560,1264,8888,CD,3,D2_pwm200_grab2
19465,-5080,-1016,7736,CD,3,D2_pwm200_grab2
19469,-1916,-5864,7672,CD,3,D2_pwm200_grab2
19474,2828,-720,12784,CD,3,D2_pwm200_grab2
19479,-680,1104,12460,CD,3,D2_pwm200_grab2
19485,-10248,-4104,9660,CD,3,D2_pwm200_grab2
19489,236,-2804,8776,CD,3,D2_pwm200_grab2
19494,4896,3428,14344,CD,3,D2_pwm200_grab2
19499,264,180,10608,CD,3,D2_pwm200_grab2
19505,7480,3392,8820,CD,3,D2_pwm200_grab2
19509,-1544,1008,13760,CD,3,D2_pwm200_grab2
19514,2944,-4380,7692,CD,3,D2_pwm200_grab2
19519,9284,-500,16436,CD,3,D2_pwm200_grab2
19529,-2940,-1040,8536,CD,3,D2_pwm200_grab2
19535,1752,-668,10380,CD,3,D2_pwm200_grab2
19539,4528,-20,17704,CD,3,D2_pwm200_grab2
19544,-1108,-2532,7264,CD,3,D2_pwm200_grab2
19549,4436,2308,12416,CD,3,D2_pwm200_grab2
19554,-840,484,12836,CD,3,D2_pwm200_grab2
19560,-7204,-2792,9500,CD,3,D2_pwm200_grab2
19564,1144,268,11012,CD,3,D2_pwm200_grab2
19570,-1472,2288,13372,CD,3,D2_pwm200_grab2
19575,960,-696,10260,CD,3,D2_pwm200_grab2
19579,-824,-4816,9116,CD,3,D2_pwm200_grab2
19585,3640,-1312,8308,CD,3,D2_pwm200_grab2
19589,1056,-432,10564,CD,3,D2_pwm200_grab2
19595,4472,164,14120,CD,3,D2_pwm200_grab2
19599,3632,1040,14596,CD,3,D2_pwm200_grab2
19604,-2116,-2968,8988,CD,3,D2_pwm200_grab2
19610,2068,324,11196,CD,3,D2_pwm200_grab2
19614,7176,4944,6384,CD,3,D2_pwm200_grab2
19620,464,2960,10984,CD,3,D2_pwm200_grab2
19624,3752,-3184,6416,CD,3,D2_pwm200_grab2
19630,2520,-524,7532,CD,3,D2_pwm200_grab2
19634,356,-116,11004,CD,3,D2_pwm200_grab2
19639,-852,-136,9768,CD,3,D2_pwm200_grab2
19644,2592,-164,10904,CD,3,D2_pwm200_grab2
19649,-1152,-772,11756,CD,3,D2_pwm200_grab2
19655,-1100,-3304,5316,CD,3,D2_pwm200_grab2
19659,2828,2080,10176,CD,3,D2_pwm200_grab2
19665,-1484,-1260,11380,CD,3,D2_pwm200_grab2
19670,-9016,-4360,7228,CD,3,D2_pwm200_grab2
19675,-1272,136,8112,CD,3,D2_pwm200_grab2
19681,-3744,1292,10432,CD,3,D2_pwm200_grab2
19685,-2452,-1256,7400,CD,3,D2_pwm200_grab2
19691,-1616,-5076,9592,CD,3,D2_pwm200_grab2
19696,1660,-1840,10372,CD,3,D2_pwm200_grab2
19700,232,1304,11808,CD,3,D2_pwm200_grab2
19710,2344,-2876,8056,CD,3,D2_pwm200_grab2
19715,-1820,-1888,9644,CD,3,D2_pwm200_grab2
19721,-288,204,8736,CD,3,D2_pwm200_grab2
19726,8028,2700,8864,CD,3,D2_pwm200_grab2
19730,-3492,1060,12948,CD,3,D2_pwm200_grab2
19736,2992,-4016,8016,CD,3,D2_pwm200_grab2
19740,6620,-1752,15072,CD,3,D2_pwm200_grab2
19746,3408,4764,11944,CD,3,D2_pwm200_grab2
19750,-3664,-448,9148,CD,3,D2_pwm200_grab2
19756,-196,-376,9428,CD,3,D2_pwm200_grab2
19761,-1912,-1784,12876,CD,3,D2_pwm200_grab2
19765,-3880,-5916,7676,CD,3,D2_pwm200_grab2
19770,2760,2276,12856,CD,3,D2_pwm200_grab2
19776,-4224,-256,11764,CD,3,D2_pwm200_grab2
19781,-7944,-3268,9044,CD,3,D2_pwm200_grab2
19786,-512,-1540,9996,CD,3,D2_pwm200_grab2
19790,-2512,1448,12088,CD,3,D2_pwm200_grab2
19795,1868,-1400,10744,CD,3,D2_pwm200_grab2
19801,2936,268,12856,CD,3,D2_pwm200_grab2
19805,2672,-1956,10704,CD,3,D2_pwm200_grab2
19810,692,-2080,9924,CD,3,D2_pwm200_grab2
19815,4528,1048,12592,CD,3,D2_pwm200_grab2
19820,3564,2092,16328,CD,3,D2_pwm200_grab2
19826,-1400,-1944,9172,CD,3,D2_pwm200_grab2
19831,1424,516,11240,CD,3,D2_pwm200_grab2
19835,9888,3048,11888,CD,3,D2_pwm200_grab2
19840,-1244,2932,9048,CD,3,D2_pwm200_grab2
19845,2748,1632,12844,CD,3,D2_pwm200_grab2
19850,1972,-88,9072,CD,3,D2_pwm200_grab2
19856,240,228,10816,CD,3,D2_pwm200_grab2
19860,-596,392,11084,CD,3,D2_pwm200_grab2
19865,2240,468,14220,CD,3,D2_pwm200_grab2
19870,-496,-1336,12212,CD,3,D2_pwm200_grab2
19876,-2348,-4484,7848,CD,3,D2_pwm200_grab2
19881,5708,2212,10724,CD,3,D2_pwm200_grab2
19885,2176,2604,12236,CD,3,D2_pwm200_grab2
19891,-7484,-3172,5692,CD,3,D2_pwm200_grab2
19895,4828,-2828,11184,CD,3,D2_pwm200_grab2
19900,2076,0,12572,CD,3,D2_pwm200_grab2
19905,564,1220,11164,CD,3,D2_pwm200_grab2
19911,3460,1652,11804,CD,3,D2_pwm200_grab2
19916,4008,-1612,7456,CD,3,D2_pwm200_grab2
19920,-216,-2260,7376,CD,3,D2_pwm200_grab2
19926,5324,192,9188,CD,3,D2_pwm200_grab2
19931,2124,1208,12032,CD,3,D2_pwm200_grab2
19936,-1736,-1832,7864,CD,3,D2_pwm200_grab2
19941,1032,180,10192,CD,3,D2_pwm200_grab2
19952,-2980,756,13512,CD,3,D2_pwm200_grab2
19956,-1008,-3704,7752,CD,3,D2_pwm200_grab2
19962,2044,-1324,8584,CD,3,D2_pwm200_grab2
19966,1688,2488,6948,CD,3,D2_pwm200_grab2
19971,-2020,488,10452,CD,3,D2_pwm200_grab2
19976,276,436,11712,CD,3,D2_pwm200_grab2
19981,-3960,-2808,10488,CD,3,D2_pwm200_grab2
19986,-3276,-6160,7492,CD,3,D2_pwm200_grab2
19991,1216,1128,10928,CD,3,D2_pwm200_grab2
19996,-2908,-584,10852,CD,3,D2_pwm200_grab2
20006,692,-1036,8732,CD,3,D2_pwm200_grab2
20011,3632,1600,14800,CD,3,D2_pwm200_grab2
20016,-2368,44,9216,CD,3,D2_pwm200_grab2
20022,2932,964,14328,CD,3,D2_pwm200_grab2
20026,564,-2668,10688,CD,3,D2_pwm200_grab2
20031,-332,-1896,9860,CD,3,D2_pwm200_grab2
20036,2676,572,12636,CD,3,D2_pwm200_grab2
20042,1612,1764,13740,CD,3,D2_pwm200_grab2
20046,-2264,-1476,10316,CD,3,D2_pwm200_grab2
20051,552,-148,11284,CD,3,D2_pwm200_grab2
20056,2360,44,13196,CD,3,D2_pwm200_grab2
20062,-1952,1832,10828,CD,3,D2_pwm200_grab2
20066,1204,2328,13404,CD,3,D2_pwm200_grab2
20072,2308,-276,9888,CD,3,D2_pwm200_grab2
20076,-156,-168,10344,CD,3,D2_pwm200_grab2
20082,-1380,1120,11048,CD,3,D2_pwm200_grab2
20086,852,-408,12868,CD,3,D2_pwm200_grab2
20092,-1076,-1440,14144,CD,3,D2_pwm200_grab2
20096,-1392,-4064,10704,CD,3,D2_pwm200_grab2
20102,5820,-1216,9724,CD,3,D2_pwm200_grab2
20106,2960,3028,12772,CD,3,D2_pwm200_grab2
20111,-6392,-3076,7724,CD,3,D2_pwm200_grab2
20117,5416,-2456,11416,CD,3,D2_pwm200_grab2
20122,4248,1064,13552,CD,3,D2_pwm200_grab2
20127,-544,276,11840,CD,3,D2_pwm200_grab2
20131,4948,1740,11108,CD,3,D2_pwm200_grab2
20136,2524,-844,9284,CD,3,D2_pwm200_grab2
20142,2280,-2448,7544,CD,3,D2_pwm200_grab2
20146,3740,132,8560,CD,3,D2_pwm200_grab2
20152,4308,2640,8788,CD,3,D2_pwm200_grab2
20157,-1260,-600,8760,CD,3,D2_pwm200_grab2
20161,1468,-872,6144,CD,3,D2_pwm200_grab2
20166,3924,2212,12272,CD,3,D2_pwm200_grab2
20172,-2964,992,9972,CD,3,D2_pwm200_grab2
20176,1848,536,10216,CD,3,D2_pwm200_grab2
20183,-48,-1464,7648,CD,3,D2_pwm200_grab2
20188,-1376,-560,8660,CD,3,D2_pwm200_grab2
20192,-1928,1268,9832,CD,3,D2_pwm200_grab2
20197,2220,1104,10148,CD,3,D2_pwm200_grab2
20202,-2724,-1384,12320,CD,3,D2_pwm200_grab2
20213,1860,20,10688,CD,3,D2_pwm200_grab2
20217,-1660,-108,10500,CD,3,D2_pwm200_grab2
20228,2624,-3132,7900,CD,3,D2_pwm200_grab2
20233,2536,496,13340,CD,3,D2_pwm200_grab2
20237,-1396,-88,10196,CD,3,D2_pwm200_grab2
20242,1516,348,11648,CD,3,D2_pwm200_grab2
20247,840,-2900,10856,CD,3,D2_pwm200_grab2
20253,-2396,-3096,9000,CD,3,D2_pwm200_grab2
20257,2988,-612,10568,CD,3,D2_pwm200_grab2
20262,-56,1752,14692,CD,3,D2_pwm200_grab2
20267,-3356,-156,9132,CD,3,D2_pwm200_grab2
20273,284,-920,8100,CD,3,D2_pwm200_grab2
20278,1004,-1132,9908,CD,3,D2_pwm200_grab2
20283,-1624,692,10524,CD,3,D2_pwm200_grab2
20287,-656,492,11348,CD,3,D2_pwm200_grab2
20292,636,-888,10112,CD,3,D2_pwm200_grab2
20297,-1204,8,10756,CD,3,D2_pwm200_grab2
20302,-1140,1440,11756,CD,3,D2_pwm200_grab2
20307,560,-488,15096,CD,3,D2_pwm200_grab2
20312,1336,-1016,10372,CD,3,D2_pwm200_grab2
20317,-1652,-3356,11772,CD,3,D2_pwm200_grab2
20322,2288,-2604,9476,CD,3,D2_pwm200_grab2
20328,2152,2824,13328,CD,3,D2_pwm200_grab2
20332,-3020,240,9928,CD,3,D2_pwm200_grab2
20338,3564,-1968,10388,CD,3,D2_pwm200_grab2
20343,-1868,40,14028,CD,3,D2_pwm200_grab2
20347,-1460,376,10648,CD,3,D2_pwm200_grab2
20357,-1744,2624,12856,CD,3,D2_pwm200_grab2
20363,-2376,-2032,9792,CD,3,D2_pwm200_grab2
20373,2832,4064,9640,CD,3,D2_pwm200_grab2
20377,-2180,-544,8624,CD,3,D2_pwm200_grab2
20382,1664,-1824,8716,CD,3,D2_pwm200_grab2
20387,2652,1056,9476,CD,3,D2_pwm200_grab2
20392,-1820,708,6816,CD,3,D2_pwm200_grab2
20398,5712,1496,10312,CD,3,D2_pwm200_grab2
20403,-524,1584,11820,CD,3,D2_pwm200_grab2
20412,4016,-2720,9936,CD,3,D2_pwm200_grab2
20417,1132,2952,7556,CD,3,D2_pwm200_grab2
20423,2448,136,11492,CD,3,D2_pwm200_grab2
20427,100,-2640,9904,CD,3,D2_pwm200_grab2
20433,3240,-1084,8200,CD,3,D2_pwm200_grab2
20438,2652,1392,10516,CD,3,D2_pwm200_grab2
20443,-492,-1104,6384,CD,3,D2_pwm200_grab2
20449,2928,-2588,9120,CD,3,D2_pwm200_grab2
20453,-4896,-1424,9864,CD,3,D2_pwm200_grab2
20458,-1244,1004,7220,CD,3,D2_pwm200_grab2
20464,6528,2852,9460,CD,3,D2_pwm200_grab2
20469,800,-1668,9460,CD,3,D2_pwm200_grab2
20478,1040,1276,6600,CD,3,D2_pwm200_grab2
20483,744,2768,6552,CD,3,D2_pwm200_grab2
20488,-2916,1200,9628,CD,3,D2_pwm200_grab2
20494,2352,-48,4896,CD,3,D2_pwm200_grab2
20499,-1028,-1380,4652,CD,3,D2_pwm200_grab2
20504,-2420,-1320,5464,CD,3,D2_pwm200_grab2
20508,956,136,11892,CD,3,D2_pwm200_grab2
20514,-1980,-2736,10180,CD,3,D2_pwm200_grab2
20518,-3784,-812,9396,CD,3,D2_pwm200_grab2
20524,1608,-1964,7724,CD,3,D2_pwm200_grab2
20528,1396,2344,10104,CD,3,D2_pwm200_grab2
20533,12,-784,12476,CD,3,D2_pwm200_grab2
20538,-2412,-2864,12708,CD,3,D2_pwm200_grab2
20543,1804,-3252,8924,CD,3,D2_pwm200_grab2
20548,500,800,12228,CD,3,D2_pwm200_grab2
20553,-56,-1520,9652,CD,3,D2_pwm200_grab2
20558,2892,396,11604,CD,3,D2_pwm200_grab2
20563,-4452,-516,10312,CD,3,D2_pwm200_grab2
20569,448,-776,10136,CD,3,D2_pwm200_grab2
20573,7164,3016,13640,CD,3,D2_pwm200_grab2
20578,-2188,2688,11488,CD,3,D2_pwm200_grab2
20584,-5144,-3000,8644,CD,3,D2_pwm200_grab2
20589,1220,2076,7104,CD,3,D2_pwm200_grab2
20593,2484,3504,10968,CD,3,D2_pwm200_grab2
20598,-1392,744,10312,CD,3,D2_pwm200_grab2
20603,2592,-444,10064,CD,3,D2_pwm200_grab2
20608,-7368,-236,8124,CD,3,D2_pwm200_grab2
20613,-640,-4136,9428,CD,3,D2_pwm200_grab2
20618,5220,2216,11448,CD,3,D2_pwm200_grab2
20624,-204,2360,11772,CD,3,D2_pwm200_grab2
20628,-8500,-2796,8740,CD,3,D2_pwm200_grab2
20634,3868,-2060,9656,CD,3,D2_pwm200_grab2
20638,3932,2388,8908,CD,3,D2_pwm200_grab2
20643,540,-400,14148,CD,3,D2_pwm200_grab2
20649,-544,-72,12288,CD,3,D2_pwm200_grab2
20654,284,832,11432,CD,3,D2_pwm200_grab2
20658,2116,-3656,3644,CD,3,D2_pwm200_grab2
20669,2136,4584,12404,CD,3,D2_pwm200_grab2
20673,-2192,-2224,8132,CD,3,D2_pwm200_grab2
20678,2848,84,8924,CD,3,D2_pwm200_grab2
20684,6756,3236,14592,CD,3,D2_pwm200_grab2
20689,-1384,3284,8512,CD,3,D2_pwm200_grab2
20695,-2736,-1316,8152,CD,3,D2_pwm200_grab2
20700,3772,-416,6332,CD,3,D2_pwm200_grab2
20705,2772,-736,7864,CD,3,D2_pwm200_grab2
20709,-1180,828,9008,CD,3,D2_pwm200_grab2
20714,1736,768,6068,CD,3,D2_pwm200_grab2
20720,-3580,-516,4468,CD,3,D2_pwm200_grab2
20724,-2500,-2468,7308,CD,3,D2_pwm200_grab2
20730,388,1604,10676,CD,3,D2_pwm200_grab2
20736,-1732,-212,10988,CD,3,D2_pwm200_grab2
20745,1468,-2404,8288,CD,3,D2_pwm200_grab2
20749,4544,3184,11560,CD,3,D2_pwm200_grab2
20755,-1404,-1012,12032,CD,3,D2_pwm200_grab2
20759,716,-2024,13860,CD,3,D2_pwm200_grab2
20764,720,-3408,7248,CD,3,D2_pwm200_grab2
20770,-736,-1452,10900,CD,3,D2_pwm200_grab2
20774,2116,-1492,14456,CD,3,D2_pwm200_grab2
20780,716,4676,12740,CD,3,D2_pwm200_grab2
20785,-3248,-244,9032,CD,3,D2_pwm200_grab2
20789,448,-1120,8344,CD,3,D2_pwm200_grab2
20795,5272,-188,17224,CD,3,D2_pwm200_grab2
20799,-3536,2620,12660,CD,3,D2_pwm200_grab2
20805,-2264,-2348,9636,CD,3,D2_pwm200_grab2
20809,2364,976,10680,CD,3,D2_pwm200_grab2
20814,472,1048,9304,CD,3,D2_pwm200_grab2
20819,-2328,1708,11536,CD,3,D2_pwm200_grab2
20825,-3696,1052,12860,CD,3,D2_pwm200_grab2
20829,-3244,-1104,9928,CD,3,D2_pwm200_grab2
20835,-2084,-5920,9520,CD,3,D2_pwm200_grab2
20840,4560,348,11684,CD,3,D2_pwm200_grab2
20844,832,1788,13488,CD,3,D2_pwm200_grab2
20850,-8456,-3504,9304,CD,3,D2_pwm200_grab2
20854,3608,-1460,11896,CD,3,D2_pwm200_grab2
20859,5204,2348,13192,CD,3,D2_pwm200_grab2
20865,1200,-408,11704,CD,3,D2_pwm200_grab2
20870,8872,2664,9448,CD,3,D2_pwm200_grab2
20875,-196,2280,12360,CD,3,D2_pwm200_grab2
20879,576,-3516,9008,CD,3,D2_pwm200_grab2
20884,8040,932,15144,CD,3,D2_pwm200_grab2
20890,5792,2876,10784,CD,3,D2_pwm200_grab2
20895,-1708,-1028,9248,CD,3,D2_pwm200_grab2
20900,2208,-592,7152,CD,3,D2_pwm200_grab2
20904,4528,848,16956,CD,3,D2_pwm200_grab2
20909,-1704,-4660,7472,CD,3,D2_pwm200_grab2
20914,4592,3872,12292,CD,3,D2_pwm200_grab2
20920,-856,336,11704,CD,3,D2_pwm200_grab2
20924,-6128,-4400,8200,CD,3,D2_pwm200_grab2
20930,2048,-1780,10860,CD,3,D2_pwm200_grab2
20934,-2936,1336,9268,CD,3,D2_pwm200_grab2
20940,3872,-64,10408,CD,3,D2_pwm200_grab2
20945,-1968,-4100,9020,CD,3,D2_pwm200_grab2
20951,5268,-1680,8216,CD,3,D2_pwm200_grab2
20956,2300,2248,11964,CD,3,D2_pwm200_grab2
20960,-2872,-2028,6676,CD,3,D2_pwm200_grab2
20966,3080,-3424,8232,CD,3,D2_pwm200_grab2
20970,560,152,12540,CD,3,D2_pwm200_grab2
20976,-1644,-76,11604,CD,3,D2_pwm200_grab2
20981,3036,268,11020,CD,3,D2_pwm200_grab2
20985,1224,-3060,10508,CD,3,D2_pwm200_grab2
20992,-2440,-2584,8224,CD,3,D2_pwm200_grab2
20995,-2124,-968,4740,CD,3,D2_pwm200_grab2
21000,2764,2968,6768,CD,3,D2_pwm200_grab2
21006,-2528,-864,7532,CD,3,D2_pwm200_grab2
21011,2128,-548,6172,CD,3,D2_pwm200_grab2
21015,708,-464,7840,CD,3,D2_pwm200_grab2
21020,-3552,-460,8108,CD,3,D2_pwm200_grab2
21025,-1812,432,10832,CD,3,D2_pwm200_grab2
21030,-1876,-2696,9416,CD,3,D2_pwm200_grab2
21041,-272,-2268,8392,CD,3,D2_pwm200_grab2
21045,-252,2528,10352,CD,3,D2_pwm200_grab2
21050,660,-448,9172,CD,3,D2_pwm200_grab2
21055,-1448,-4260,12212,CD,3,D2_pwm200_grab2
21060,720,-3404,8232,CD,3,D2_pwm200_grab2
21066,1884,1868,13220,CD,3,D2_pwm200_grab2
21071,-2136,-1612,8592,CD,3,D2_pwm200_grab2
21076,2320,-1436,9140,CD,3,D2_pwm200_grab2
21080,-2540,-1752,8428,CD,3,D2_pwm200_grab2
21085,312,-972,9188,CD,3,D2_pwm200_grab2
21096,-2464,2244,13640,CD,3,D2_pwm200_grab2
21101,-4780,-3632,8796,CD,3,D2_pwm200_grab2
21105,-1364,2460,7724,CD,3,D2_pwm200_grab2
21110,2252,3932,8756,CD,3,D2_pwm200_grab2
21115,-2628,844,9788,CD,3,D2_pwm200_grab2
21126,-6268,-1724,9132,CD,3,D2_pwm200_grab2
21130,-1868,-5496,10068,CD,3,D2_pwm200_grab2
21135,5676,1324,11468,CD,3,D2_pwm200_grab2
21140,132,1868,12964,CD,3,D2_pwm200_grab2
21151,4412,-1268,11036,CD,3,D2_pwm200_grab2
21156,4692,2276,9700,CD,3,D2_pwm200_grab2
21160,756,-8,13420,CD,3,D2_pwm200_grab2
21166,8016,3752,10512,CD,3,D2_pwm200_grab2
21171,2160,804,10704,CD,3,D2_pwm200_grab2
21176,2988,-2684,4840,CD,3,D2_pwm200_grab2
21186,3432,3492,11200,CD,3,D2_pwm200_grab2
21191,-1132,-940,8932,CD,3,D2_pwm200_grab2
21195,1856,-392,8856,CD,3,D2_pwm200_grab2
21201,7440,3852,14060,CD,3,D2_pwm200_grab2
21207,-2684,3780,10676,CD,3,D2_pwm200_grab2
21211,-940,-3068,6484,CD,3,D2_pwm200_grab2
21216,3092,204,7068,CD,3,D2_pwm200_grab2
21222,1744,648,9480,CD,3,D2_pwm200_grab2
21226,-1412,552,10772,CD,3,D2_pwm200_grab2
21232,3396,1164,7320,CD,3,D2_pwm200_grab2
21236,-2464,-2388,6032,CD,3,D2_pwm200_grab2
21242,-636,-2252,4900,CD,3,D2_pwm200_grab2
21246,2352,972,11096,CD,3,D2_pwm200_grab2
21252,184,1704,11688,CD,3,D2_pwm200_grab2
21261,2380,-3004,8172,CD,3,D2_pwm200_grab2
21266,4000,2624,10592,CD,3,D2_pwm200_grab2
21272,-1072,-600,13308,CD,3,D2_pwm200_grab2
21276,868,-1248,11752,CD,3,D2_pwm200_grab2
21281,400,-4392,8416,CD,3,D2_pwm200_grab2
21287,-1968,-664,11696,CD,3,D2_pwm200_grab2
21291,7856,-1280,16056,CD,3,D2_pwm200_grab2
21297,3480,4788,11688,CD,3,D2_pwm200_grab2
21302,-2688,-1264,8232,CD,3,D2_pwm200_grab2
21306,560,-1172,8876,CD,3,D2_pwm200_grab2
21311,2292,-1192,15308,CD,3,D2_pwm200_grab2
21316,-1696,2548,11108,CD,3,D2_pwm200_grab2
21321,-3492,-2244,8240,CD,3,D2_pwm200_grab2
21326,860,-208,9200,CD,3,D2_pwm200_grab2
21332,-252,416,10152,CD,3,D2_pwm200_grab2
21337,456,972,11232,CD,3,D2_pwm200_grab2
21341,-2708,1676,11448,CD,3,D2_pwm200_grab2
21346,428,-1188,11504,CD,3,D2_pwm200_grab2
21351,-1792,-5828,9608,CD,3,D2_pwm200_grab2
21357,5036,-568,11424,CD,3,D2_pwm200_grab2
21362,1688,2316,14556,CD,3,D2_pwm200_grab2
21367,-7352,-3988,8472,CD,3,D2_pwm200_grab2
21372,2512,-1624,10496,CD,3,D2_pwm200_grab2
21377,-1420,-1680,10408,CD,3,D2_pwm200_grab2
21381,1436,-392,10772,CD,3,D2_pwm200_grab2
21386,8848,4996,8148,CD,3,D2_pwm200_grab2
21392,-1280,2700,13900,CD,3,D2_pwm200_grab2
21396,2580,-3028,7952,CD,3,D2_pwm200_grab2
21401,-796,1400,7952,CD,3,D2_pwm200_grab2
21406,5152,3852,11132,CD,3,D2_pwm200_grab2
21411,-2452,-104,8772,CD,3,D2_pwm200_grab2
21416,3192,-880,7908,CD,3,D2_pwm200_grab2
21422,-3700,-2836,11308,CD,3,D2_pwm200_grab2
21427,-2920,-4124,7308,CD,3,D2_pwm200_grab2
21431,5784,1684,11368,CD,3,D2_pwm200_grab2
21436,-976,808,10892,CD,3,D2_pwm200_grab2
21441,-9156,-4644,10900,CD,3,D2_pwm200_grab2
21446,4044,-1820,10516,CD,3,D2_pwm200_grab2
21451,2708,2580,8084,CD,3,D2_pwm200_grab2
21456,800,-208,10424,CD,3,D2_pwm200_grab2
21462,1168,-2216,10176,CD,3,D2_pwm200_grab2
21468,2288,-3204,7860,CD,3,D2_pwm200_grab2
21473,3212,1184,11944,CD,3,D2_pwm200_grab2
21478,-1996,-1344,6500,CD,3,D2_pwm200_grab2
21483,3964,-1364,10808,CD,3,D2_pwm200_grab2
21487,-3496,-1156,11684,CD,3,D2_pwm200_grab2
21492,948,720,7088,CD,3,D2_pwm200_grab2
21497,6828,1636,10604,CD,3,D2_pwm200_grab2
21504,1696,-364,9832,CD,3,D2_pwm200_grab2
21507,-2584,-3156,6180,CD,3,D2_pwm200_grab2
21513,2220,-964,6124,CD,3,D2_pwm200_grab2
21517,420,2108,6804,CD,3,D2_pwm200_grab2
21522,-1996,1660,10576,CD,3,D2_pwm200_grab2
21527,924,-532,6824,CD,3,D2_pwm200_grab2
21538,-4440,-1580,7584,CD,3,D2_pwm200_grab2
21542,2008,448,11972,CD,3,D2_pwm200_grab2
21548,-616,1836,11808,CD,3,D2_pwm200_grab2
21557,1880,-3116,7612,CD,3,D2_pwm200_grab2
21563,3316,2596,10656,CD,3,D2_pwm200_grab2
21568,-912,-692,13312,CD,3,D2_pwm200_grab2
21572,-240,-1332,12524,CD,3,D2_pwm200_grab2
21577,564,-4516,8584,CD,3,D2_pwm200_grab2
21583,-1152,-828,12616,CD,3,D2_pwm200_grab2
21588,2944,-872,11844,CD,3,D2_pwm200_grab2
21592,3012,5552,12660,CD,3,D2_pwm200_grab2
21598,-2536,-988,9184,CD,3,D2_pwm200_grab2
21602,504,-1388,9068,CD,3,D2_pwm200_grab2
21607,3320,-1540,16152,CD,3,D2_pwm200_grab2
21613,-1540,3348,11284,CD,3,D2_pwm200_grab2
21618,-2760,-1604,8524,CD,3,D2_pwm200_grab2
21623,1664,192,9216,CD,3,D2_pwm200_grab2
21627,120,344,10516,CD,3,D2_pwm200_grab2
21632,1228,308,11240,CD,3,D2_pwm200_grab2
21637,-2588,1932,11820,CD,3,D2_pwm200_grab2
21643,764,-284,12000,CD,3,D2_pwm200_grab2
21647,-1236,-5452,9552,CD,3,D2_pwm200_grab2
21652,4984,-144,10924,CD,3,D2_pwm200_grab2
21657,1684,3208,14008,CD,3,D2_pwm200_grab2
21663,-5832,-2424,7480,CD,3,D2_pwm200_grab2
21667,3032,-2160,10592,CD,3,D2_pwm200_grab2
21672,3516,1644,13316,CD,3,D2_pwm200_grab2
21677,1328,-408,10524,CD,3,D2_pwm200_grab2
21687,-1244,3200,13264,CD,3,D2_pwm200_grab2
21692,2620,-3416,7540,CD,3,D2_pwm200_grab2
21698,-1780,1536,6368,CD,3,D2_pwm200_grab2
21702,4836,4184,10240,CD,3,D2_pwm200_grab2
21708,-2008,-180,8436,CD,3,D2_pwm200_grab2
21712,3684,-596,7808,CD,3,D2_pwm200_grab2
21718,1028,24,9432,CD,3,D2_pwm200_grab2
21723,-384,2244,7088,CD,3,D2_pwm200_grab2
21728,2484,3356,13024,CD,3,D2_pwm200_grab2
21733,976,-1056,8056,CD,3,D2_pwm200_grab2
21739,-1352,-3104,9144,CD,3,D2_pwm200_grab2
21743,-1008,1564,8696,CD,3,D2_pwm200_grab2
21748,-1368,444,13628,CD,3,D2_pwm200_grab2
21753,-5444,-1172,7548,CD,3,D2_pwm200_grab2
21758,-2796,-5084,8436,CD,3,D2_pwm200_grab2
21763,1976,-4216,7604,CD,3,D2_pwm200_grab2
21769,2888,-48,11244,CD,3,D2_pwm200_grab2
21773,-1176,-1192,7008,CD,3,D2_pwm200_grab2
21778,2932,-1060,10580,CD,3,D2_pwm200_grab2
21784,-4260,-704,11436,CD,3,D2_pwm200_grab2
21788,596,804,6916,CD,3,D2_pwm200_grab2
21794,7352,1800,10532,CD,3,D2_pwm200_grab2
21799,152,352,11132,CD,3,D2_pwm200_grab2
21804,-6880,-3948,7284,CD,3,D2_pwm200_grab2
21808,1944,-1256,6772,CD,3,D2_pwm200_grab2
21813,528,1176,7700,CD,3,D2_pwm200_grab2
21819,-2020,2332,11200,CD,3,D2_pwm200_grab2
21823,964,-216,8164,CD,3,D2_pwm200_grab2
21828,-2008,-2016,7408,CD,3,D2_pwm200_grab2
21833,-3900,-2700,7816,CD,3,D2_pwm200_grab2
21838,2508,960,12536,CD,3,D2_pwm200_grab2
21843,-3140,-744,13824,CD,3,D2_pwm200_grab2
21853,2648,-1908,9256,CD,3,D2_pwm200_grab2
21859,2756,1872,13200,CD,3,D2_pwm200_grab2
21864,296,592,13832,CD,3,D2_pwm200_grab2
21868,1076,592,12388,CD,3,D2_pwm200_grab2
21873,3088,-2500,9620,CD,3,D2_pwm200_grab2
21879,-1676,-2144,10656,CD,3,D2_pwm200_grab2
21884,3288,1424,15908,CD,3,D2_pwm200_grab2
21889,3812,4568,11236,CD,3,D2_pwm200_grab2
21893,-2008,-156,9072,CD,3,D2_pwm200_grab2
21898,668,-1296,8444,CD,3,D2_pwm200_grab2
21908,-1372,1480,10028,CD,3,D2_pwm200_grab2
21913,616,704,10784,CD,3,D2_pwm200_grab2
21918,856,132,10204,CD,3,D2_pwm200_grab2
21924,1880,-344,9812,CD,3,D2_pwm200_grab2
21928,-572,1120,11364,CD,3,D2_pwm200_grab2
21934,-1688,1256,10792,CD,3,D2_pwm200_grab2
21938,3988,248,11784,CD,3,D2_pwm200_grab2
21943,4,-3780,7924,CD,3,D2_pwm200_grab2
21948,5004,-1516,9508,CD,3,D2_pwm200_grab2
21954,3012,2776,11440,CD,3,D2_pwm200_grab2
21958,-1888,-256,6724,CD,3,D2_pwm200_grab2
21966,-1888,-256,6724,CD,3,D2_pwm200_grab2
21969,-1620,-320,11208,CD,3,D2_pwm200_grab2
21975,-684,408,9832,CD,3,D2_pwm200_grab2
21980,5628,3124,10040,CD,3,D2_pwm200_grab2
21984,2520,-1588,8420,CD,3,D2_pwm200_grab2
21989,-1064,-2452,4456,CD,3,D2_pwm200_grab2
21995,2784,336,6664,CD,3,D2_pwm200_grab2
21999,2396,3348,12120,CD,3,D2_pwm200_grab2
22004,-2100,-2316,6844,CD,3,D2_pwm200_grab2
22010,1896,-612,8640,CD,3,D2_pwm200_grab2
22019,-1136,-288,4948,CD,3,D2_pwm200_grab2
22025,504,-100,10896,CD,3,D2_pwm200_grab2
22029,-676,-1856,10444,CD,3,D2_pwm200_grab2
22035,-5200,-1308,9232,CD,3,D2_pwm200_grab2
22040,-436,712,7828,CD,3,D2_pwm200_grab2
22044,-2024,644,14936,CD,3,D2_pwm200_grab2
22049,-6588,-20,5380,CD,3,D2_pwm200_grab2
22059,1384,-4704,8356,CD,3,D2_pwm200_grab2
22064,8,-688,12520,CD,3,D2_pwm200_grab2
22070,1680,-2316,11612,CD,3,D2_pwm200_grab2
22074,392,740,10860,CD,3,D2_pwm200_grab2
22079,-4648,-1684,11064,CD,3,D2_pwm200_grab2
22084,-832,176,7840,CD,3,D2_pwm200_grab2
22089,7800,3456,9504,CD,3,D2_pwm200_grab2
22095,-44,-12,13880,CD,3,D2_pwm200_grab2
22099,1952,-5120,7184,CD,3,D2_pwm200_grab2
22104,-160,-1460,8076,CD,3,D2_pwm200_grab2
22109,680,556,9644,CD,3,D2_pwm200_grab2
22115,-1304,2032,11660,CD,3,D2_pwm200_grab2
22120,1204,296,10040,CD,3,D2_pwm200_grab2
22124,-1532,-2104,8084,CD,3,D2_pwm200_grab2
22130,-3284,-4036,8720,CD,3,D2_pwm200_grab2
22134,4224,3464,14236,CD,3,D2_pwm200_grab2
22139,-2196,348,12740,CD,3,D2_pwm200_grab2
22144,-7476,-2556,9188,CD,3,D2_pwm200_grab2
22150,2768,-1984,10568,CD,3,D2_pwm200_grab2
22154,2008,800,15400,CD,3,D2_pwm200_grab2
22160,-492,300,13924,CD,3,D2_pwm200_grab2
22164,3192,984,11516,CD,3,D2_pwm200_grab2
22170,2520,-2320,9412,CD,3,D2_pwm200_grab2
22174,-1752,-2268,7988,CD,3,D2_pwm200_grab2
22180,3680,1532,14432,CD,3,D2_pwm200_grab2
22185,1892,3896,16632,CD,3,D2_pwm200_grab2
22189,-1864,-440,8728,CD,3,D2_pwm200_grab2
22194,1852,-764,8696,CD,3,D2_pwm200_grab2
22200,2944,1160,13304,CD,3,D2_pwm200_grab2
22205,-1492,916,8736,CD,3,D2_pwm200_grab2
22210,2244,2168,11860,CD,3,D2_pwm200_grab2
22215,208,148,10760,CD,3,D2_pwm200_grab2
22219,900,-1848,9304,CD,3,D2_pwm200_grab2
22224,-860,1084,10644,CD,3,D2_pwm200_grab2
22231,776,644,12244,CD,3,D2_pwm200_grab2
22235,-5440,-1072,8416,CD,3,D2_pwm200_grab2
22240,-3188,-4928,7948,CD,3,D2_pwm200_grab2
22245,6060,732,10828,CD,3,D2_pwm200_grab2
22250,-1464,1680,10512,CD,3,D2_pwm200_grab2
22255,-8768,-2992,10552,CD,3,D2_pwm200_grab2
22260,1036,-3280,7580,CD,3,D2_pwm200_grab2
22266,4952,2700,8056,CD,3,D2_pwm200_grab2
22272,508,248,11984,CD,3,D2_pwm200_grab2
22276,7460,4864,9472,CD,3,D2_pwm200_grab2
22281,1196,-844,9972,CD,3,D2_pwm200_grab2
22286,2524,-3964,5752,CD,3,D2_pwm200_grab2
22290,5932,2112,15196,CD,3,D2_pwm200_grab2
22295,2768,3264,10400,CD,3,D2_pwm200_grab2
22301,-1676,-2244,6728,CD,3,D2_pwm200_grab2
22306,2012,-1780,8508,CD,3,D2_pwm200_grab2
22311,6496,2632,12520,CD,3,D2_pwm200_grab2
3004,-2672,-1452,7768,CD,0,D2_pwm200_grab3
3009,-904,604,10004,CD,0,D2_pwm200_grab3
3015,-1096,888,11188,CD,0,D2_pwm200_grab3
3020,-1816,-276,6392,CD,0,D2_pwm200_grab3
3025,-5556,-3500,6028,CD,0,D2_pwm200_grab3
3030,4452,2884,15128,CD,0,D2_pwm200_grab3
3035,-2836,-1568,11504,CD,0,D2_pwm200_grab3
3040,-2552,-1756,9800,CD,0,D2_pwm200_grab3
3046,244,652,10372,CD,0,D2_pwm200_grab3
3051,-792,1268,16188,CD,0,D2_pwm200_grab3
3055,-4400,-3356,12424,CD,0,D2_pwm200_grab3
3060,-4028,-6216,8260,CD,0,D2_pwm200_grab3
3065,3556,1392,13868,CD,0,D2_pwm200_grab3
3072,-204,1832,11084,CD,0,D2_pwm200_grab3
3076,-8500,-2292,10288,CD,0,D2_pwm200_grab3
3081,2916,-1216,11240,CD,0,D2_pwm200_grab3
3086,2980,2248,14304,CD,0,D2_pwm200_grab3
3090,-1844,-284,11396,CD,0,D2_pwm200_grab3
3095,1600,472,11504,CD,0,D2_pwm200_grab3
3100,4340,-1592,8100,CD,0,D2_pwm200_grab3
3106,1004,468,13296,CD,0,D2_pwm200_grab3
3110,-1636,-160,7684,CD,0,D2_pwm200_grab3
3115,2860,4936,13860,CD,0,D2_pwm200_grab3
3120,-2888,-2224,8484,CD,0,D2_pwm200_grab3
3126,2352,-952,9600,CD,0,D2_pwm200_grab3
3130,9256,2612,9048,CD,0,D2_pwm200_grab3
3135,232,3640,15816,CD,0,D2_pwm200_grab3
3141,-536,-2676,9200,CD,0,D2_pwm200_grab3
3150,4096,3664,11616,CD,0,D2_pwm200_grab3
3156,-1920,-1496,7164,CD,0,D2_pwm200_grab3
3161,3220,1156,9936,CD,0,D2_pwm200_grab3
3166,44,444,8844,CD,0,D2_pwm200_grab3
3171,-2152,-1060,5932,CD,0,D2_pwm200_grab3
3176,5100,1288,10500,CD,0,D2_pwm200_grab3
3180,292,-564,10676,CD,0,D2_pwm200_grab3
3186,-1840,-1136,8952,CD,0,D2_pwm200_grab3
3191,384,764,8764,CD,0,D2_pwm200_grab3
3196,2016,904,13832,CD,0,D2_pwm200_grab3
3201,2928,-268,11960,CD,0,D2_pwm200_grab3
3205,-3676,-5184,12788,CD,0,D2_pwm200_grab3
3211,4552,-1520,8096,CD,0,D2_pwm200_grab3
3216,484,1544,11288,CD,0,D2_pwm200_grab3
3220,-9036,-2796,9324,CD,0,D2_pwm200_grab3
3225,1332,-3000,9504,CD,0,D2_pwm200_grab3
3231,5112,1948,12200,CD,0,D2_pwm200_grab3
3235,-28,320,11648,CD,0,D2_pwm200_grab3
3240,1396,-220,8664,CD,0,D2_pwm200_grab3
3246,-2136,-1276,9140,CD,0,D2_pwm200_grab3
3256,1820,-688,12076,CD,0,D2_pwm200_grab3
3261,996,2800,12972,CD,0,D2_pwm200_grab3
3265,-4224,-2996,8800,CD,0,D2_pwm200_grab3
3271,1148,-1104,8644,CD,0,D2_pwm200_grab3
3276,7152,3868,10124,CD,0,D2_pwm200_grab3
3280,-1648,512,13868,CD,0,D2_pwm200_grab3
3286,636,-4396,7048,CD,0,D2_pwm200_grab3
3292,3888,2028,14100,CD,0,D2_pwm200_grab3
3296,3056,5876,12232,CD,0,D2_pwm200_grab3
3301,-3576,-640,8592,CD,0,D2_pwm200_grab3
3307,252,-1460,7300,CD,0,D2_pwm200_grab3
3311,9300,992,7548,CD,0,D2_pwm200_grab3
3316,-2524,2048,16136,CD,0,D2_pwm200_grab3
3321,-3972,-3968,10676,CD,0,D2_pwm200_grab3
3332,-1628,-88,9364,CD,0,D2_pwm200_grab3
3337,-804,1320,10464,CD,0,D2_pwm200_grab3
3341,228,1144,10288,CD,0,D2_pwm200_grab3
3346,-1424,72,8344,CD,0,D2_pwm200_grab3
3352,-4344,-3364,6360,CD,0,D2_pwm200_grab3
3356,5132,2552,13352,CD,0,D2_pwm200_grab3
3362,-548,-192,13900,CD,0,D2_pwm200_grab3
3367,-600,-1108,10140,CD,0,D2_pwm200_grab3
3371,1776,-1852,10244,CD,0,D2_pwm200_grab3
3377,2748,1540,10628,CD,0,D2_pwm200_grab3
3382,3024,-748,13564,CD,0,D2_pwm200_grab3
3386,-3168,-4516,12956,CD,0,D2_pwm200_grab3
3392,4056,-920,9516,CD,0,D2_pwm200_grab3
3396,3024,2352,12608,CD,0,D2_pwm200_grab3
3401,-8568,-1560,10884,CD,0,D2_pwm200_grab3
3406,2636,-2188,9284,CD,0,D2_pwm200_grab3
3411,4664,1012,14504,CD,0,D2_pwm200_grab3
3416,-188,-804,8720,CD,0,D2_pwm200_grab3
3422,9968,5040,12312,CD,0,D2_pwm200_grab3
3427,2848,-1108,9336,CD,0,D2_pwm200_grab3
3432,-976,-3016,2356,CD,0,D2_pwm200_grab3
3436,4452,-16,12744,CD,0,D2_pwm200_grab3
3441,972,2304,12816,CD,0,D2_pwm200_grab3
3447,-2608,-1452,8060,CD,0,D2_pwm200_grab3
3451,2584,-1144,10384,CD,0,D2_pwm200_grab3
3456,6184,1224,13032,CD,0,D2_pwm200_grab3
3461,588,4468,8800,CD,0,D2_pwm200_grab3
3466,-3724,-3528,7184,CD,0,D2_pwm200_grab3
3471,2740,472,9948,CD,0,D2_pwm200_grab3
3477,248,2456,6616,CD,0,D2_pwm200_grab3
3481,-272,320,8172,CD,0,D2_pwm200_grab3
3486,3080,172,7224,CD,0,D2_pwm200_grab3
3491,1192,-1168,11048,CD,0,D2_pwm200_grab3
3496,-2272,344,7836,CD,0,D2_pwm200_grab3
3501,2640,120,11932,CD,0,D2_pwm200_grab3
3506,-2556,-728,8832,CD,0,D2_pwm200_grab3
3516,676,-1044,9404,CD,0,D2_pwm200_grab3
3521,-3588,1520,7848,CD,0,D2_pwm200_grab3
3537,1600,-580,11344,CD,0,D2_pwm200_grab3
3542,-1704,-600,10552,CD,0,D2_pwm200_grab3
3552,824,-1696,10172,CD,0,D2_pwm200_grab3
3557,-820,1956,8604,CD,0,D2_pwm200_grab3
3562,2676,572,13448,CD,0,D2_pwm200_grab3
3568,-3112,-6632,13132,CD,0,D2_pwm200_grab3
3573,1664,-2348,9700,CD,0,D2_pwm200_grab3
3577,1300,1696,16120,CD,0,D2_pwm200_grab3
3582,-8952,-3024,10900,CD,0,D2_pwm200_grab3
3588,3328,1940,14288,CD,0,D2_pwm200_grab3
3592,-2580,-972,11284,CD,0,D2_pwm200_grab3
3598,-932,-2028,10364,CD,0,D2_pwm200_grab3
3602,9328,3648,13168,CD,0,D2_pwm200_grab3
3607,1880,-168,11864,CD,0,D2_pwm200_grab3
3613,-1356,-4048,5652,CD,0,D2_pwm200_grab3
3617,3908,940,12476,CD,0,D2_pwm200_grab3
3622,2016,4620,14524,CD,0,D2_pwm200_grab3
3627,-1456,72,7668,CD,0,D2_pwm200_grab3
3633,1932,-408,8168,CD,0,D2_pwm200_grab3
3637,6940,432,15616,CD,0,D2_pwm200_grab3
3642,36,3068,9360,CD,0,D2_pwm200_grab3
3647,-1480,-904,6656,CD,0,D2_pwm200_grab3
3653,3384,1832,11932,CD,0,D2_pwm200_grab3
3658,2392,936,7284,CD,0,D2_pwm200_grab3
3662,-856,1232,10156,CD,0,D2_pwm200_grab3
3668,4572,580,9456,CD,0,D2_pwm200_grab3
3673,-4136,-1844,11040,CD,0,D2_pwm200_grab3
3678,-4580,-7016,9344,CD,0,D2_pwm200_grab3
3682,3976,1808,12448,CD,0,D2_pwm200_grab3
3687,-444,1896,10540,CD,0,D2_pwm200_grab3
3692,-7244,-5008,7752,CD,0,D2_pwm200_grab3
3697,2040,-1992,9888,CD,0,D2_pwm200_grab3
3703,-600,996,8968,CD,0,D2_pwm200_grab3
3707,1004,-124,12156,CD,0,D2_pwm200_grab3
3713,6952,3088,8752,CD,0,D2_pwm200_grab3
3718,3620,-492,8128,CD,0,D2_pwm200_grab3
3723,2024,-1072,11396,CD,0,D2_pwm200_grab3
3727,5356,-916,9572,CD,0,D2_pwm200_grab3
3732,3832,-148,10972,CD,0,D2_pwm200_grab3
3737,-600,-2384,10772,CD,0,D2_pwm200_grab3
3742,-1100,208,7808,CD,0,D2_pwm200_grab3
3753,368,-1220,8624,CD,0,D2_pwm200_grab3
3757,-2488,-3700,8696,CD,0,D2_pwm200_grab3
3763,8956,-2336,14792,CD,0,D2_pwm200_grab3
3767,2580,1396,7684,CD,0,D2_pwm200_grab3
3773,-2984,-80,8796,CD,0,D2_pwm200_grab3
3777,1700,-180,6184,CD,0,D2_pwm200_grab3
3783,6228,436,12236,CD,0,D2_pwm200_grab3
3787,-2100,3416,8436,CD,0,D2_pwm200_grab3
3792,-5384,-3932,8788,CD,0,D2_pwm200_grab3
3799,12,-688,7560,CD,0,D2_pwm200_grab3
3803,792,3688,8344,CD,0,D2_pwm200_grab3
3809,-1412,376,8988,CD,0,D2_pwm200_grab3
3814,1800,1052,6284,CD,0,D2_pwm200_grab3
3818,-1032,-2124,12136,CD,0,D2_pwm200_grab3
3823,-1976,176,8796,CD,0,D2_pwm200_grab3
3829,908,436,8716,CD,0,D2_pwm200_grab3
3834,-204,-192,11668,CD,0,D2_pwm200_grab3
3840,-1676,-1016,7744,CD,0,D2_pwm200_grab3
3843,244,388,10832,CD,0,D2_pwm200_grab3
3848,-3936,1736,9180,CD,0,D2_pwm200_grab3
3854,-8196,-1772,8144,CD,0,D2_pwm200_grab3
3863,3960,144,13280,CD,0,D2_pwm200_grab3
3869,-1596,-216,10656,CD,0,D2_pwm200_grab3
3873,-9068,-2536,11804,CD,0,D2_pwm200_grab3
3878,1856,-2036,10080,CD,0,D2_pwm200_grab3
3883,-3728,-532,11956,CD,0,D2_pwm200_grab3
3888,-1944,208,9652,CD,0,D2_pwm200_grab3
3893,6696,3528,11780,CD,0,D2_pwm200_grab3
3898,3596,-2256,11032,CD,0,D2_pwm200_grab3
3903,420,-632,11552,CD,0,D2_pwm200_grab3
3908,5160,-8,15548,CD,0,D2_pwm200_grab3
3913,3788,1804,14096,CD,0,D2_pwm200_grab3
3918,-1064,-544,11528,CD,0,D2_pwm200_grab3
3923,-848,-1520,9932,CD,0,D2_pwm200_grab3
3928,8180,1184,9484,CD,0,D2_pwm200_grab3
3934,-1212,5044,14288,CD,0,D2_pwm200_grab3
3938,-4344,-1672,8492,CD,0,D2_pwm200_grab3
3944,2480,-880,7828,CD,0,D2_pwm200_grab3
3949,2800,2660,9552,CD,0,D2_pwm200_grab3
3953,-1484,-960,7272,CD,0,D2_pwm200_grab3
3959,3688,-208,8264,CD,0,D2_pwm200_grab3
3964,6696,920,14884,CD,0,D2_pwm200_grab3
3969,-3560,-3412,7120,CD,0,D2_pwm200_grab3
3973,5276,1644,12096,CD,0,D2_pwm200_grab3
3978,124,1108,9608,CD,0,D2_pwm200_grab3
3983,-5320,-2256,8416,CD,0,D2_pwm200_grab3
3988,1136,-900,8380,CD,0,D2_pwm200_grab3
3993,-3552,832,13272,CD,0,D2_pwm200_grab3
3999,-4816,-2228,12008,CD,0,D2_pwm200_grab3
4008,2868,904,11668,CD,0,D2_pwm200_grab3
4013,476,312,11872,CD,0,D2_pwm200_grab3
4018,-7032,-2444,6972,CD,0,D2_pwm200_grab3
4023,1552,-2300,10852,CD,0,D2_pwm200_grab3
4028,-1532,336,11128,CD,0,D2_pwm200_grab3
4033,-1360,576,12276,CD,0,D2_pwm200_grab3
4038,3720,1996,9292,CD,0,D2_pwm200_grab3
4043,1408,-4096,6256,CD,0,D2_pwm200_grab3
4048,-532,-2444,11420,CD,0,D2_pwm200_grab3
4054,188,-616,8356,CD,0,D2_pwm200_grab3
4059,2720,-124,10576,CD,0,D2_pwm200_grab3
4064,-3600,-168,10828,CD,0,D2_pwm200_grab3
4070,-2540,-316,7084,CD,0,D2_pwm200_grab3
4075,6392,3168,12228,CD,0,D2_pwm200_grab3
4080,-1024,-2324,9188,CD,0,D2_pwm200_grab3
4084,-1736,-3660,9708,CD,0,D2_pwm200_grab3
4089,2012,224,14800,CD,0,D2_pwm200_grab3
4096,3408,2228,14552,CD,0,D2_pwm200_grab3
4099,-3120,144,8528,CD,0,D2_pwm200_grab3
4104,496,-1540,7060,CD,0,D2_pwm200_grab3
4109,7208,-384,11872,CD,0,D2_pwm200_grab3
4115,-1928,4092,14160,CD,0,D2_pwm200_grab3
4120,-4736,-3224,9144,CD,0,D2_pwm200_grab3
4124,-2360,44,6452,CD,0,D2_pwm200_grab3
4129,2708,3364,9260,CD,0,D2_pwm200_grab3
4135,-1260,1664,8944,CD,0,D2_pwm200_grab3
4139,-296,1516,16008,CD,0,D2_pwm200_grab3
4145,-1512,-1808,7924,CD,0,D2_pwm200_grab3
4149,-4328,-6348,8840,CD,0,D2_pwm200_grab3
4154,5764,2180,14264,CD,0,D2_pwm200_grab3
4159,732,2060,13108,CD,0,D2_pwm200_grab3
4164,-5364,-1852,9316,CD,0,D2_pwm200_grab3
4169,1832,880,9612,CD,0,D2_pwm200_grab3
4175,-3064,376,13688,CD,0,D2_pwm200_grab3
4180,-6240,-1320,9148,CD,0,D2_pwm200_grab3
4184,-508,-360,10380,CD,0,D2_pwm200_grab3
4189,5176,-2740,6428,CD,0,D2_pwm200_grab3
4195,1696,1084,10968,CD,0,D2_pwm200_grab3
4200,-3216,396,8196,CD,0,D2_pwm200_grab3
4205,2328,-2776,10252,CD,0,D2_pwm200_grab3
4210,-1288,-320,13000,CD,0,D2_pwm200_grab3
4214,-896,-676,12964,CD,0,D2_pwm200_grab3
4219,7748,3808,10196,CD,0,D2_pwm200_grab3
4224,1600,2432,14596,CD,0,D2_pwm200_grab3
4230,2676,-1840,5144,CD,0,D2_pwm200_grab3
4239,3192,3460,12616,CD,0,D2_pwm200_grab3
4244,-2108,-608,7984,CD,0,D2_pwm200_grab3
4250,1852,-2184,9044,CD,0,D2_pwm200_grab3
4260,-2112,3396,13240,CD,0,D2_pwm200_grab3
4265,-732,-3764,8848,CD,0,D2_pwm200_grab3
4270,428,-800,11696,CD,0,D2_pwm200_grab3
4275,-1488,-2732,7248,CD,0,D2_pwm200_grab3
4279,-436,-60,8380,CD,0,D2_pwm200_grab3
4285,2620,868,13888,CD,0,D2_pwm200_grab3
4289,-1324,-1996,2692,CD,0,D2_pwm200_grab3
4295,-3948,-3900,6908,CD,0,D2_pwm200_grab3
4299,3024,1276,11696,CD,0,D2_pwm200_grab3
4305,-1216,568,9548,CD,0,D2_pwm200_grab3
4310,-5436,-3448,8000,CD,0,D2_pwm200_grab3
4315,-184,-736,9004,CD,0,D2_pwm200_grab3
4320,-4680,1220,14344,CD,0,D2_pwm200_grab3
4325,-4316,-2208,12620,CD,0,D2_pwm200_grab3
4335,3152,-336,13848,CD,0,D2_pwm200_grab3
4341,-2484,144,10456,CD,0,D2_pwm200_grab3
4350,672,-1496,10668,CD,0,D2_pwm200_grab3
4355,-1612,-276,11648,CD,0,D2_pwm200_grab3
4361,-1340,380,12764,CD,0,D2_pwm200_grab3
4366,2376,948,11572,CD,0,D2_pwm200_grab3
4371,2128,-1944,7616,CD,0,D2_pwm200_grab3
4375,-1748,-2096,14024,CD,0,D2_pwm200_grab3
4380,36,1052,9224,CD,0,D2_pwm200_grab3
4386,2596,568,12124,CD,0,D2_pwm200_grab3
4390,-3848,-964,12184,CD,0,D2_pwm200_grab3
4395,1192,-996,8172,CD,0,D2_pwm200_grab3
4401,8812,2956,9172,CD,0,D2_pwm200_grab3
4405,-1880,3052,16256,CD,0,D2_pwm200_grab3
4410,1720,-1944,9252,CD,0,D2_pwm200_grab3
4416,9476,-1228,15656,CD,0,D2_pwm200_grab3
4421,3552,4288,13768,CD,0,D2_pwm200_grab3
4425,-2716,-1100,8360,CD,0,D2_pwm200_grab3
4430,1724,-1396,8516,CD,0,D2_pwm200_grab3
4435,7544,-280,13228,CD,0,D2_pwm200_grab3
4440,-1308,-520,5756,CD,0,D2_pwm200_grab3
4446,5112,3020,13036,CD,0,D2_pwm200_grab3
4451,968,372,13416,CD,0,D2_pwm200_grab3
4455,-1072,-1924,10564,CD,0,D2_pwm200_grab3
4460,128,1408,9392,CD,0,D2_pwm200_grab3
4466,144,2052,16800,CD,0,D2_pwm200_grab3
4470,-648,-632,10536,CD,0,D2_pwm200_grab3
4475,-3960,-5788,8820,CD,0,D2_pwm200_grab3
4480,2648,-1140,7492,CD,0,D2_pwm200_grab3
4485,3552,1988,12024,CD,0,D2_pwm200_grab3
4490,-8532,-2676,8984,CD,0,D2_pwm200_grab3
4496,3212,-2048,10468,CD,0,D2_pwm200_grab3
4500,4712,372,12500,CD,0,D2_pwm200_grab3
4506,424,1128,11988,CD,0,D2_pwm200_grab3
4510,840,136,10748,CD,0,D2_pwm200_grab3
4515,4284,-1968,5348,CD,0,D2_pwm200_grab3
4521,640,-1472,11268,CD,0,D2_pwm200_grab3
4526,1964,1092,5084,CD,0,D2_pwm200_grab3
4531,1452,2952,11892,CD,0,D2_pwm200_grab3
4535,-2836,-2616,9380,CD,0,D2_pwm200_grab3
4540,1268,-1508,7796,CD,0,D2_pwm200_grab3
4545,9036,2536,6980,CD,0,D2_pwm200_grab3
4551,-3840,2068,14024,CD,0,D2_pwm200_grab3
4555,-1048,-2648,8468,CD,0,D2_pwm200_grab3
4561,8676,-776,17452,CD,0,D2_pwm200_grab3
4566,2320,3176,11312,CD,0,D2_pwm200_grab3
4572,-3832,-1036,8576,CD,0,D2_pwm200_grab3
4576,984,-1532,6980,CD,0,D2_pwm200_grab3
4581,4608,-56,8960,CD,0,D2_pwm200_grab3
4586,-2812,3124,11240,CD,0,D2_pwm200_grab3
4592,-6084,-3316,10740,CD,0,D2_pwm200_grab3
4597,-2752,-840,6352,CD,0,D2_pwm200_grab3
4601,416,4072,8268,CD,0,D2_pwm200_grab3
4606,-1628,2108,10252,CD,0,D2_pwm200_grab3
4612,632,2644,16056,CD,0,D2_pwm200_grab3
4616,-4296,-2804,13260,CD,0,D2_pwm200_grab3
4621,-4144,-6684,8804,CD,0,D2_pwm200_grab3
4626,2800,460,13380,CD,0,D2_pwm200_grab3
4631,-852,2080,11100,CD,0,D2_pwm200_grab3
4642,1988,-1080,9592,CD,0,D2_pwm200_grab3
4646,-5904,1840,10208,CD,0,D2_pwm200_grab3
4651,-568,884,13268,CD,0,D2_pwm200_grab3
4656,2352,1232,12384,CD,0,D2_pwm200_grab3
4661,4776,-2104,7816,CD,0,D2_pwm200_grab3
4667,772,-1380,13488,CD,0,D2_pwm200_grab3
4671,832,1272,9856,CD,0,D2_pwm200_grab3
4676,3396,1360,11424,CD,0,D2_pwm200_grab3
4682,-1260,-828,13124,CD,0,D2_pwm200_grab3
4687,-1368,-160,10296,CD,0,D2_pwm200_grab3
4692,7256,4048,12392,CD,0,D2_pwm200_grab3
4696,-884,3996,16780,CD,0,D2_pwm200_grab3
4702,1164,-544,8344,CD,0,D2_pwm200_grab3
4706,5448,-976,11220,CD,0,D2_pwm200_grab3
4712,3660,3284,11412,CD,0,D2_pwm200_grab3
4716,-2116,44,7744,CD,0,D2_pwm200_grab3
4722,2896,-1392,7916,CD,0,D2_pwm200_grab3
4727,8364,824,15528,CD,0,D2_pwm200_grab3
4731,144,4724,10044,CD,0,D2_pwm200_grab3
4737,5868,2712,12696,CD,0,D2_pwm200_grab3
4741,-1232,296,10568,CD,0,D2_pwm200_grab3
4746,-5932,-2224,8504,CD,0,D2_pwm200_grab3
4751,-312,-988,8436,CD,0,D2_pwm200_grab3
4756,-2428,1028,12948,CD,0,D2_pwm200_grab3
4761,-4120,-2176,12704,CD,0,D2_pwm200_grab3
4771,3012,76,12432,CD,0,D2_pwm200_grab3
4776,-40,792,8760,CD,0,D2_pwm200_grab3
4781,428,384,7992,CD,0,D2_pwm200_grab3
4786,2008,-2320,10244,CD,0,D2_pwm200_grab3
4792,-1584,-1640,10268,CD,0,D2_pwm200_grab3
4796,-828,-8,11636,CD,0,D2_pwm200_grab3
4802,3320,2740,10984,CD,0,D2_pwm200_grab3
4807,1440,-3004,6864,CD,0,D2_pwm200_grab3
4812,-1932,-3628,11724,CD,0,D2_pwm200_grab3
4816,2804,-92,13108,CD,0,D2_pwm200_grab3
4822,2836,976,12448,CD,0,D2_pwm200_grab3
4827,-3332,-1540,8772,CD,0,D2_pwm200_grab3
4832,-2228,-1220,7184,CD,0,D2_pwm200_grab3
4837,8836,3620,11376,CD,0,D2_pwm200_grab3
4842,-1168,-720,11800,CD,0,D2_pwm200_grab3
4848,-412,-5440,4952,CD,0,D2_pwm200_grab3
4853,484,892,8448,CD,0,D2_pwm200_grab3
4857,1828,5372,13336,CD,0,D2_pwm200_grab3
4862,-2740,-2236,10296,CD,0,D2_pwm200_grab3
4867,1000,-68,6228,CD,0,D2_pwm200_grab3
4872,-1188,-732,11636,CD,0,D2_pwm200_grab3
4877,-3692,-660,6952,CD,0,D2_pwm200_grab3
4882,1148,1144,9156,CD,0,D2_pwm200_grab3
4888,-760,116,12408,CD,0,D2_pwm200_grab3
4893,692,-72,9096,CD,0,D2_pwm200_grab3
4897,-1032,2484,12204,CD,0,D2_pwm200_grab3
4902,2636,1900,10828,CD,0,D2_pwm200_grab3
4907,-3940,-788,8960,CD,0,D2_pwm200_grab3
4912,-3204,-6632,11696,CD,0,D2_pwm200_grab3
4917,2796,-360,11892,CD,0,D2_pwm200_grab3
4922,688,20,14456,CD,0,D2_pwm200_grab3
4932,2088,-1352,12884,CD,0,D2_pwm200_grab3
4938,4460,1180,13872,CD,0,D2_pwm200_grab3
4942,-1548,596,13292,CD,0,D2_pwm200_grab3
4948,2432,968,11704,CD,0,D2_pwm200_grab3
4953,1424,1940,13700,CD,0,D2_pwm200_grab3
4957,524,-2536,4292,CD,0,D2_pwm200_grab3
4963,5232,3416,15588,CD,0,D2_pwm200_grab3
4967,1844,4192,13204,CD,0,D2_pwm200_grab3
4972,-936,-2036,10632,CD,0,D2_pwm200_grab3
4978,1836,-2252,10208,CD,0,D2_pwm200_grab3
4982,7960,1188,7340,CD,0,D2_pwm200_grab3
4987,-980,4240,15068,CD,0,D2_pwm200_grab3
4992,3184,1476,9500,CD,0,D2_pwm200_grab3
4997,1712,648,11724,CD,0,D2_pwm200_grab3
5003,-68,-2412,9052,CD,0,D2_pwm200_grab3
5007,-4,1340,8804,CD,0,D2_pwm200_grab3
5013,2440,1800,15316,CD,0,D2_pwm200_grab3
5017,-40,-988,6216,CD,0,D2_pwm200_grab3
5023,-3604,-4584,7864,CD,0,D2_pwm200_grab3
5027,5312,1600,12468,CD,0,D2_pwm200_grab3
5033,-256,1972,8528,CD,0,D2_pwm200_grab3
5042,3384,-2212,9888,CD,0,D2_pwm200_grab3
5048,3780,1128,10716,CD,0,D2_pwm200_grab3
5052,744,1572,11860,CD,0,D2_pwm200_grab3
5058,2212,-72,11552,CD,0,D2_pwm200_grab3
5062,2612,-2100,5416,CD,0,D2_pwm200_grab3
5068,456,-2776,12244,CD,0,D2_pwm200_grab3
5072,2624,-1376,8704,CD,0,D2_pwm200_grab3
5079,2248,112,10788,CD,0,D2_pwm200_grab3
5084,-4640,-2772,9500,CD,0,D2_pwm200_grab3
5088,-2512,976,9000,CD,0,D2_pwm200_grab3
5094,8008,4236,8480,CD,0,D2_pwm200_grab3
5099,300,-2464,9908,CD,0,D2_pwm200_grab3
5108,2440,-912,10360,CD,0,D2_pwm200_grab3
5114,736,3516,11860,CD,0,D2_pwm200_grab3
5118,-3416,-1072,8592,CD,0,D2_pwm200_grab3
5124,1032,-404,5924,CD,0,D2_pwm200_grab3
5134,-1920,940,8808,CD,0,D2_pwm200_grab3
5139,-3144,-1196,8876,CD,0,D2_pwm200_grab3
5143,-768,-616,10108,CD,0,D2_pwm200_grab3
5148,-68,1496,9068,CD,0,D2_pwm200_grab3
5154,-1384,1684,10024,CD,0,D2_pwm200_grab3
5159,2600,1860,7456,CD,0,D2_pwm200_grab3
5174,3412,-992,11740,CD,0,D2_pwm200_grab3
5178,-932,1100,10216,CD,0,D2_pwm200_grab3
5189,2504,-2016,10352,CD,0,D2_pwm200_grab3
5194,4336,2624,11056,CD,0,D2_pwm200_grab3
5199,4192,148,12988,CD,0,D2_pwm200_grab3
5204,32,-3232,11356,CD,0,D2_pwm200_grab3
5208,3668,-180,10408,CD,0,D2_pwm200_grab3
5213,-1580,-1736,5084,CD,0,D2_pwm200_grab3
5218,4788,1480,12820,CD,0,D2_pwm200_grab3
5223,1752,3540,13740,CD,0,D2_pwm200_grab3
5228,-1872,-2024,9156,CD,0,D2_pwm200_grab3
5234,1260,-1384,9992,CD,0,D2_pwm200_grab3
5238,8180,4568,9864,CD,0,D2_pwm200_grab3
5244,1712,2712,14884,CD,0,D2_pwm200_grab3
5248,-2068,-788,6272,CD,0,D2_pwm200_grab3
5254,2128,788,10132,CD,0,D2_pwm200_grab3
5258,808,104,7684,CD,0,D2_pwm200_grab3
5263,-760,516,8504,CD,0,D2_pwm200_grab3
5269,5144,1708,7788,CD,0,D2_pwm200_grab3
5273,-528,88,3956,CD,0,D2_pwm200_grab3
5278,-1744,-1132,4348,CD,0,D2_pwm200_grab3
5283,3764,2428,11332,CD,0,D2_pwm200_grab3
5288,-496,-1792,10592,CD,0,D2_pwm200_grab3
5298,1176,-2780,9900,CD,0,D2_pwm200_grab3
5304,5268,2132,9644,CD,0,D2_pwm200_grab3
5308,4032,632,11960,CD,0,D2_pwm200_grab3
5314,40,-616,8412,CD,0,D2_pwm200_grab3
5319,1564,-4248,7320,CD,0,D2_pwm200_grab3
5323,2044,-356,10592,CD,0,D2_pwm200_grab3
5329,-6304,-2496,7248,CD,0,D2_pwm200_grab3
5335,2712,-2276,9156,CD,0,D2_pwm200_grab3
5339,208,332,11004,CD,0,D2_pwm200_grab3
5344,-36,680,10524,CD,0,D2_pwm200_grab3
5349,4540,1188,12092,CD,0,D2_pwm200_grab3
5354,-352,-1108,7404,CD,0,D2_pwm200_grab3
5359,-1060,-3124,11808,CD,0,D2_pwm200_grab3
5364,1444,512,13012,CD,0,D2_pwm200_grab3
5369,3128,1268,13420,CD,0,D2_pwm200_grab3
5374,-5020,-2956,9120,CD,0,D2_pwm200_grab3
5379,-248,-2268,6744,CD,0,D2_pwm200_grab3
5385,5232,824,13876,CD,0,D2_pwm200_grab3
5389,-2616,2908,12232,CD,0,D2_pwm200_grab3
5395,-4500,-3164,8592,CD,0,D2_pwm200_grab3
5399,496,944,9324,CD,0,D2_pwm200_grab3
5404,1380,2356,8984,CD,0,D2_pwm200_grab3
5409,-2256,2060,10704,CD,0,D2_pwm200_grab3
5415,2572,1380,7116,CD,0,D2_pwm200_grab3
5420,-3584,-2544,13392,CD,0,D2_pwm200_grab3
5429,4992,1032,13620,CD,0,D2_pwm200_grab3
5434,-948,1036,11544,CD,0,D2_pwm200_grab3
5439,-8024,-4620,9564,CD,0,D2_pwm200_grab3
5445,2552,-940,11144,CD,0,D2_pwm200_grab3
5449,-852,1636,11688,CD,0,D2_pwm200_grab3
5455,3788,-272,13104,CD,0,D2_pwm200_grab3
5460,-1708,-4096,10824,CD,0,D2_pwm200_grab3
5465,3428,-544,9072,CD,0,D2_pwm200_grab3
5469,-1012,-1580,9440,CD,0,D2_pwm200_grab3
5474,4096,2408,15212,CD,0,D2_pwm200_grab3
5479,2248,2780,14908,CD,0,D2_pwm200_grab3
5484,-2312,-1780,11612,CD,0,D2_pwm200_grab3
5490,136,-1456,10036,CD,0,D2_pwm200_grab3
5494,10472,3956,11096,CD,0,D2_pwm200_grab3
5505,-3600,-1628,6408,CD,0,D2_pwm200_grab3
5510,3024,1216,10116,CD,0,D2_pwm200_grab3
5515,1564,1480,8912,CD,0,D2_pwm200_grab3
5520,-764,1468,9900,CD,0,D2_pwm200_grab3
5525,4364,-428,9104,CD,0,D2_pwm200_grab3
5529,308,1420,7084,CD,0,D2_pwm200_grab3
5534,-1720,-212,5408,CD,0,D2_pwm200_grab3
5540,3588,2592,10940,CD,0,D2_pwm200_grab3
5545,584,-1388,9744,CD,0,D2_pwm200_grab3
5549,-8884,-5240,8844,CD,0,D2_pwm200_grab3
5555,3012,-2088,7832,CD,0,D2_pwm200_grab3
5559,2780,1952,9572,CD,0,D2_pwm200_grab3
5565,3976,280,10852,CD,0,D2_pwm200_grab3
5569,-1780,-1868,10036,CD,0,D2_pwm200_grab3
5575,3772,-2044,8556,CD,0,D2_pwm200_grab3
5579,1544,1364,11188,CD,0,D2_pwm200_grab3
5584,-9200,-4948,7524,CD,0,D2_pwm200_grab3
5591,1312,-4040,10816,CD,0,D2_pwm200_grab3
5595,1436,132,11612,CD,0,D2_pwm200_grab3
5601,4,328,12980,CD,0,D2_pwm200_grab3
5605,2012,1100,9944,CD,0,D2_pwm200_grab3
5610,1840,-2936,6028,CD,0,D2_pwm200_grab3
5615,-644,-2916,12320,CD,0,D2_pwm200_grab3
5621,3988,-960,12244,CD,0,D2_pwm200_grab3
5625,2316,20,11704,CD,0,D2_pwm200_grab3
5632,-2408,-2916,9224,CD,0,D2_pwm200_grab3
5635,168,-1172,7140,CD,0,D2_pwm200_grab3
5640,5592,336,8516,CD,0,D2_pwm200_grab3
5645,-2796,2820,14192,CD,0,D2_pwm200_grab3
5650,-6084,-4016,9352,CD,0,D2_pwm200_grab3
5656,-4692,348,5492,CD,0,D2_pwm200_grab3
5660,204,3148,7796,CD,0,D2_pwm200_grab3
5665,-2732,1656,9548,CD,0,D2_pwm200_grab3
5670,540,-604,5616,CD,0,D2_pwm200_grab3
5675,-2992,-2620,13904,CD,0,D2_pwm200_grab3
5685,4636,1476,14400,CD,0,D2_pwm200_grab3
5691,-2440,-396,9660,CD,0,D2_pwm200_grab3
5696,-8304,-4108,10260,CD,0,D2_pwm200_grab3
5700,1960,-1928,9540,CD,0,D2_pwm200_grab3
5705,-1784,2836,10884,CD,0,D2_pwm200_grab3
5710,1672,-860,11460,CD,0,D2_pwm200_grab3
5716,-1728,-5352,13036,CD,0,D2_pwm200_grab3
5720,3364,-2504,9620,CD,0,D2_pwm200_grab3
5725,968,-192,11596,CD,0,D2_pwm200_grab3
5731,4360,2716,16920,CD,0,D2_pwm200_grab3
5735,3520,856,13296,CD,0,D2_pwm200_grab3
5741,-1724,-1412,11920,CD,0,D2_pwm200_grab3
5746,632,-1012,10724,CD,0,D2_pwm200_grab3
5756,3264,352,11704,CD,0,D2_pwm200_grab3
5761,-3728,-380,7368,CD,0,D2_pwm200_grab3
5766,2868,-268,7628,CD,0,D2_pwm200_grab3
5770,1368,1852,9932,CD,0,D2_pwm200_grab3
5776,-1588,104,8668,CD,0,D2_pwm200_grab3
5781,4816,152,8488,CD,0,D2_pwm200_grab3
5786,28,876,10972,CD,0,D2_pwm200_grab3
5791,-1072,-200,5060,CD,0,D2_pwm200_grab3
5796,1956,1712,9032,CD,0,D2_pwm200_grab3
5801,956,-908,12020,CD,0,D2_pwm200_grab3
5810,1976,-3128,9412,CD,0,D2_pwm200_grab3
5815,880,2160,8012,CD,0,D2_pwm200_grab3
5820,3292,556,11144,CD,0,D2_pwm200_grab3
5825,-1908,-3824,8152,CD,0,D2_pwm200_grab3
5830,2404,-3124,6512,CD,0,D2_pwm200_grab3
5835,1408,200,11108,CD,0,D2_pwm200_grab3
5841,-2588,-640,5956,CD,0,D2_pwm200_grab3
5847,1568,-3384,10028,CD,0,D2_pwm200_grab3
5852,-1480,-1648,9976,CD,0,D2_pwm200_grab3
5856,-452,112,11128,CD,0,D2_pwm200_grab3
5861,7036,2588,11644,CD,0,D2_pwm200_grab3
5866,-412,-2920,6904,CD,0,D2_pwm200_grab3
5871,-1452,-3628,7932,CD,0,D2_pwm200_grab3
5876,1676,1112,14252,CD,0,D2_pwm200_grab3
5882,1492,1876,13372,CD,0,D2_pwm200_grab3
5886,-4896,-3472,9212,CD,0,D2_pwm200_grab3
5891,260,-2036,5852,CD,0,D2_pwm200_grab3
5896,4924,552,14464,CD,0,D2_pwm200_grab3
5901,-3556,2396,8820,CD,0,D2_pwm200_grab3
5907,-3480,-2860,8704,CD,0,D2_pwm200_grab3
5911,-1080,-940,8008,CD,0,D2_pwm200_grab3
5916,1748,1348,9236,CD,0,D2_pwm200_grab3
5921,-1824,1260,11184,CD,0,D2_pwm200_grab3
5926,2580,1648,7476,CD,0,D2_pwm200_grab3
5931,-8592,-772,6952,CD,0,D2_pwm200_grab3
5936,-5312,-7464,9976,CD,0,D2_pwm200_grab3
5942,3552,-148,12560,CD,0,D2_pwm200_grab3
5946,368,2504,12056,CD,0,D2_pwm200_grab3
5951,-8208,-3076,11528,CD,0,D2_pwm200_grab3
5957,3132,-1072,11484,CD,0,D2_pwm200_grab3
5962,4720,3076,12732,CD,0,D2_pwm200_grab3
5966,1936,1468,12312,CD,0,D2_pwm200_grab3
5971,556,-248,11388,CD,0,D2_pwm200_grab3
5976,3144,-680,10292,CD,0,D2_pwm200_grab3
5982,-328,-2864,5708,CD,0,D2_pwm200_grab3
5986,2708,3724,9696,CD,0,D2_pwm200_grab3
5991,2512,5144,14056,CD,0,D2_pwm200_grab3
5996,-2672,-1900,9296,CD,0,D2_pwm200_grab3
6002,908,-1356,8660,CD,0,D2_pwm200_grab3
6007,10420,4584,6056,CD,0,D2_pwm200_grab3
6012,-496,4588,15696,CD,0,D2_pwm200_grab3
6016,3640,2032,11600,CD,0,D2_pwm200_grab3
6022,1160,-132,11784,CD,0,D2_pwm200_grab3
6026,-2224,-1564,10096,CD,0,D2_pwm200_grab3
6031,244,2356,9796,CD,0,D2_pwm200_grab3
6037,3280,732,13940,CD,0,D2_pwm200_grab3
6041,-916,-2456,12312,CD,0,D2_pwm200_grab3
6047,-3008,-5128,8044,CD,0,D2_pwm200_grab3
6052,5780,1972,12640,CD,0,D2_pwm200_grab3
6056,-240,1148,10584,CD,0,D2_pwm200_grab3
6062,-3592,-1688,6072,CD,0,D2_pwm200_grab3
6066,3256,-1796,10312,CD,0,D2_pwm200_grab3
6071,1400,-1908,12048,CD,0,D2_pwm200_grab3
6076,500,1096,11268,CD,0,D2_pwm200_grab3
6082,6668,2672,11664,CD,0,D2_pwm200_grab3
6087,3108,-2104,7860,CD,0,D2_pwm200_grab3
6091,-464,-2496,8324,CD,0,D2_pwm200_grab3
6096,3880,76,8888,CD,0,D2_pwm200_grab3
6103,1604,964,12904,CD,0,D2_pwm200_grab3
6107,-1980,-1940,8896,CD,0,D2_pwm200_grab3
6112,140,-812,10180,CD,0,D2_pwm200_grab3
6117,9468,4468,5452,CD,0,D2_pwm200_grab3
6123,-1160,532,13352,CD,0,D2_pwm200_grab3
6127,588,-3864,7876,CD,0,D2_pwm200_grab3
6132,5640,-1584,13044,CD,0,D2_pwm200_grab3
6137,2268,4248,11640,CD,0,D2_pwm200_grab3
6142,-2680,444,8808,CD,0,D2_pwm200_grab3
6147,2676,1124,10260,CD,0,D2_pwm200_grab3
6152,-2888,-3128,3796,CD,0,D2_pwm200_grab3
6157,-4112,-4800,6884,CD,0,D2_pwm200_grab3
6162,2172,1332,12632,CD,0,D2_pwm200_grab3
6167,-2288,-1008,10712,CD,0,D2_pwm200_grab3
6173,-9240,-2332,8696,CD,0,D2_pwm200_grab3
6178,-48,-464,9172,CD,0,D2_pwm200_grab3
6183,-6692,1592,11104,CD,0,D2_pwm200_grab3
6187,-1600,-664,11824,CD,0,D2_pwm200_grab3
6193,1304,236,12440,CD,0,D2_pwm200_grab3
6198,388,-3408,6952,CD,0,D2_pwm200_grab3
6202,340,-1196,12768,CD,0,D2_pwm200_grab3
6208,2876,-188,14528,CD,0,D2_pwm200_grab3
6212,3292,1432,12344,CD,0,D2_pwm200_grab3
6218,-4680,-2300,10040,CD,0,D2_pwm200_grab3
6222,-592,-660,9848,CD,0,D2_pwm200_grab3
6227,7580,2692,12000,CD,0,D2_pwm200_grab3
6233,-988,4412,14596,CD,0,D2_pwm200_grab3
6238,-3868,-1784,9096,CD,0,D2_pwm200_grab3
6242,3488,1116,10244,CD,0,D2_pwm200_grab3
6247,2664,1320,9756,CD,0,D2_pwm200_grab3
6252,-1340,2048,9680,CD,0,D2_pwm200_grab3
6257,3012,796,8548,CD,0,D2_pwm200_grab3
6262,60,1320,10116,CD,0,D2_pwm200_grab3
6267,-2344,-1000,6452,CD,0,D2_pwm200_grab3
6272,5104,788,11764,CD,0,D2_pwm200_grab3
6278,488,1300,11268,CD,0,D2_pwm200_grab3
6282,-8580,-3924,10228,CD,0,D2_pwm200_grab3
6287,3772,-1320,10756,CD,0,D2_pwm200_grab3
6292,5876,1880,10836,CD,0,D2_pwm200_grab3
6297,1464,248,12568,CD,0,D2_pwm200_grab3
6302,1636,-676,9340,CD,0,D2_pwm200_grab3
6307,3532,-1964,7352,CD,0,D2_pwm200_grab3
6313,3072,1036,11076,CD,0,D2_pwm200_grab3
6318,4984,4304,14264,CD,0,D2_pwm200_grab3
6323,728,2820,12300,CD,0,D2_pwm200_grab3
6328,-2288,-1096,9004,CD,0,D2_pwm200_grab3
6332,468,-1512,9044,CD,0,D2_pwm200_grab3
6338,11620,2608,5200,CD,0,D2_pwm200_grab3
6342,-1908,2640,13484,CD,0,D2_pwm200_grab3
6347,-2340,-2392,8980,CD,0,D2_pwm200_grab3
6352,-5156,1640,4560,CD,0,D2_pwm200_grab3
6359,2896,2804,7560,CD,0,D2_pwm200_grab3
6364,-812,-164,10748,CD,0,D2_pwm200_grab3
6369,3080,-952,7084,CD,0,D2_pwm200_grab3
6373,1392,-1416,15656,CD,0,D2_pwm200_grab3
6378,-1140,-324,5784,CD,0,D2_pwm200_grab3
6384,-964,-448,8964,CD,0,D2_pwm200_grab3
6388,-588,-2540,7836,CD,0,D2_pwm200_grab3
6393,-2372,792,9008,CD,0,D2_pwm200_grab3
6400,304,484,8124,CD,0,D2_pwm200_grab3
6404,-4716,2640,7852,CD,0,D2_pwm200_grab3
6409,3532,-152,11640,CD,0,D2_pwm200_grab3
6413,-4824,-6552,12088,CD,0,D2_pwm200_grab3
6419,2524,-3740,9104,CD,0,D2_pwm200_grab3
6423,-236,568,14240,CD,0,D2_pwm200_grab3
6428,-5296,-2776,7384,CD,0,D2_pwm200_grab3
6433,1192,-2624,13240,CD,0,D2_pwm200_grab3
6439,-136,1268,11536,CD,0,D2_pwm200_grab3
6444,488,-444,10824,CD,0,D2_pwm200_grab3
6448,6436,2032,8336,CD,0,D2_pwm200_grab3
6453,-708,2424,15476,CD,0,D2_pwm200_grab3
6458,-48,-2468,10988,CD,0,D2_pwm200_grab3
6468,2956,5240,12068,CD,0,D2_pwm200_grab3
6473,-3220,-1880,7388,CD,0,D2_pwm200_grab3
6479,-656,-1600,6608,CD,0,D2_pwm200_grab3
6483,7156,212,12972,CD,0,D2_pwm200_grab3
6488,-2968,-3380,6632,CD,0,D2_pwm200_grab3
6493,4392,2580,13160,CD,0,D2_pwm200_grab3
6499,-568,-532,12288,CD,0,D2_pwm200_grab3
6504,-4616,-1768,9708,CD,0,D2_pwm200_grab3
6508,1916,216,10048,CD,0,D2_pwm200_grab3
6514,-2364,1560,14328,CD,0,D2_pwm200_grab3
6518,-8420,-1864,6496,CD,0,D2_pwm200_grab3
6524,-3848,-5656,10000,CD,0,D2_pwm200_grab3
6529,3908,-1856,8016,CD,0,D2_pwm200_grab3
6533,3128,752,12096,CD,0,D2_pwm200_grab3
6538,5332,-704,10404,CD,0,D2_pwm200_grab3
6543,3376,-760,9720,CD,0,D2_pwm200_grab3
6548,-972,-2240,11352,CD,0,D2_pwm200_grab3
6554,92,1628,9248,CD,0,D2_pwm200_grab3
6558,8852,5472,11716,CD,0,D2_pwm200_grab3
6563,1876,-664,8960,CD,0,D2_pwm200_grab3
6568,-796,-2320,2472,CD,0,D2_pwm200_grab3
6574,-4260,2048,3980,CD,0,D2_pwm200_grab3
6579,3044,3812,8676,CD,0,D2_pwm200_grab3
6584,-600,-492,9500,CD,0,D2_pwm200_grab3
6588,3508,-1160,7904,CD,0,D2_pwm200_grab3
6594,1212,-1136,17140,CD,0,D2_pwm200_grab3
6599,184,456,6464,CD,0,D2_pwm200_grab3
6603,-1548,112,7984,CD,0,D2_pwm200_grab3
6608,716,-2532,8540,CD,0,D2_pwm200_grab3
6614,-2032,348,8808,CD,0,D2_pwm200_grab3
6620,344,932,7968,CD,0,D2_pwm200_grab3
6624,1996,920,10576,CD,0,D2_pwm200_grab3
6630,-1668,-976,9732,CD,0,D2_pwm200_grab3
6635,-3616,-5736,6196,CD,0,D2_pwm200_grab3
6639,4292,256,11876,CD,0,D2_pwm200_grab3
6645,-1784,-2484,10228,CD,0,D2_pwm200_grab3
6654,592,252,9620,CD,0,D2_pwm200_grab3
6659,2612,1064,11864,CD,0,D2_pwm200_grab3
6665,-1656,-344,11732,CD,0,D2_pwm200_grab3
6669,2668,-268,11148,CD,0,D2_pwm200_grab3
6674,1252,-3328,7976,CD,0,D2_pwm200_grab3
6680,-812,-2708,11696,CD,0,D2_pwm200_grab3
6684,3524,-972,13044,CD,0,D2_pwm200_grab3
6689,2780,576,13236,CD,0,D2_pwm200_grab3
6695,-4008,-1812,10764,CD,0,D2_pwm200_grab3
6700,-968,-2052,6520,CD,0,D2_pwm200_grab3
6704,5432,1120,12560,CD,0,D2_pwm200_grab3
6709,-3116,3140,11516,CD,0,D2_pwm200_grab3
6715,-4260,-2940,8056,CD,0,D2_pwm200_grab3
6719,1364,160,8572,CD,0,D2_pwm200_grab3
6724,1288,2484,9436,CD,0,D2_pwm200_grab3
6729,-896,2216,12320,CD,0,D2_pwm200_grab3
6735,2972,-1584,8856,CD,0,D2_pwm200_grab3
6739,-948,1056,9728,CD,0,D2_pwm200_grab3
6750,5004,464,12820,CD,0,D2_pwm200_grab3
6755,-1108,484,13160,CD,0,D2_pwm200_grab3
6760,-9064,-3528,10452,CD,0,D2_pwm200_grab3
6765,2344,-1068,11712,CD,0,D2_pwm200_grab3
6770,3568,2772,11308,CD,0,D2_pwm200_grab3
6775,224,-312,13364,CD,0,D2_pwm200_grab3
6780,228,-2888,11256,CD,0,D2_pwm200_grab3
6784,1632,-476,11416,CD,0,D2_pwm200_grab3
6789,-552,-1680,4220,CD,0,D2_pwm200_grab3
6794,3376,4372,12540,CD,0,D2_pwm200_grab3
6799,824,3600,13316,CD,0,D2_pwm200_grab3
6805,-2652,-2532,9372,CD,0,D2_pwm200_grab3
6809,1544,-764,9352,CD,0,D2_pwm200_grab3
6819,-756,3936,14552,CD,0,D2_pwm200_grab3
6825,-2144,-952,9768,CD,0,D2_pwm200_grab3
6829,1396,-1460,8840,CD,0,D2_pwm200_grab3
6835,-324,-800,9912,CD,0,D2_pwm200_grab3
6839,-452,1836,8616,CD,0,D2_pwm200_grab3
6845,2680,864,15432,CD,0,D2_pwm200_grab3
6849,-592,-868,7860,CD,0,D2_pwm200_grab3
6854,-2708,-5072,7532,CD,0,D2_pwm200_grab3
6860,5244,1416,11776,CD,0,D2_pwm200_grab3
6865,752,200,9460,CD,0,D2_pwm200_grab3
6871,-7780,-5788,7492,CD,0,D2_pwm200_grab3
6875,896,-1972,8548,CD,0,D2_pwm200_grab3
6880,-4204,2476,8720,CD,0,D2_pwm200_grab3
6885,688,-712,10192,CD,0,D2_pwm200_grab3
6891,-4020,-5744,9224,CD,0,D2_pwm200_grab3
6895,3000,-1832,8624,CD,0,D2_pwm200_grab3
6900,88,-376,12880,CD,0,D2_pwm200_grab3
6905,-8568,-5800,6016,CD,0,D2_pwm200_grab3
6910,1564,-4144,10848,CD,0,D2_pwm200_grab3
6915,-3632,-2592,7344,CD,0,D2_pwm200_grab3
6920,116,-120,9932,CD,0,D2_pwm200_grab3
6925,7432,4184,9676,CD,0,D2_pwm200_grab3
6931,-1060,-676,13464,CD,0,D2_pwm200_grab3
6935,2032,-4724,7208,CD,0,D2_pwm200_grab3
6945,2264,3252,10308,CD,0,D2_pwm200_grab3
6951,-3352,-1148,8976,CD,0,D2_pwm200_grab3
6955,2756,1104,7136,CD,0,D2_pwm200_grab3
6960,-1968,-484,7656,CD,0,D2_pwm200_grab3
6966,-2788,-3396,6340,CD,0,D2_pwm200_grab3
6970,1164,2196,12832,CD,0,D2_pwm200_grab3
6975,-2132,-2680,10560,CD,0,D2_pwm200_grab3
6980,-5788,232,10364,CD,0,D2_pwm200_grab3
6986,856,1648,9428,CD,0,D2_pwm200_grab3
6991,-2028,2056,15536,CD,0,D2_pwm200_grab3
6995,-7600,-1824,8124,CD,0,D2_pwm200_grab3
7000,-604,-2128,11668,CD,0,D2_pwm200_grab3
7006,2928,-3764,7404,CD,0,D2_pwm200_grab3
7010,1580,2256,12596,CD,0,D2_pwm200_grab3
7016,2744,-88,10560,CD,0,D2_pwm200_grab3
7021,3016,-1012,10928,CD,0,D2_pwm200_grab3
7026,-3712,-1108,11920,CD,0,D2_pwm200_grab3
7030,-728,604,10532,CD,0,D2_pwm200_grab3
7041,-908,4532,15660,CD,0,D2_pwm200_grab3
7045,-3416,-1624,10172,CD,0,D2_pwm200_grab3
7050,-2440,2536,5564,CD,0,D2_pwm200_grab3
7056,2748,4268,9680,CD,0,D2_pwm200_grab3
7061,-304,-252,7908,CD,0,D2_pwm200_grab3
7065,2028,-1564,8380,CD,0,D2_pwm200_grab3
7071,2056,-1556,16672,CD,0,D2_pwm200_grab3
7076,868,808,8224,CD,0,D2_pwm200_grab3
7081,608,1344,7884,CD,0,D2_pwm200_grab3
7085,-84,1112,9684,CD,0,D2_pwm200_grab3
7090,-8668,-5672,8688,CD,0,D2_pwm200_grab3
7095,1740,-1980,9080,CD,0,D2_pwm200_grab3
7101,-80,2688,8552,CD,0,D2_pwm200_grab3
7106,3532,532,11600,CD,0,D2_pwm200_grab3
7111,-1284,-4700,8848,CD,0,D2_pwm200_grab3
7115,3132,-1908,7248,CD,0,D2_pwm200_grab3
7121,2060,476,12144,CD,0,D2_pwm200_grab3
7127,-2196,-1968,5528,CD,0,D2_pwm200_grab3
7131,2348,-3452,9928,CD,0,D2_pwm200_grab3
7136,-876,-976,10748,CD,0,D2_pwm200_grab3
7141,532,804,10680,CD,0,D2_pwm200_grab3
7146,5312,2820,10676,CD,0,D2_pwm200_grab3
7151,708,-2788,7840,CD,0,D2_pwm200_grab3
7156,-1172,-2684,6160,CD,0,D2_pwm200_grab3
7161,2008,-32,10576,CD,0,D2_pwm200_grab3
7166,1256,1512,13268,CD,0,D2_pwm200_grab3
7172,-3736,-56,8380,CD,0,D2_pwm200_grab3
7176,828,-1524,5180,CD,0,D2_pwm200_grab3
7181,3540,-56,15140,CD,0,D2_pwm200_grab3
7187,-2688,2152,7772,CD,0,D2_pwm200_grab3
7192,-2252,-1808,8796,CD,0,D2_pwm200_grab3
7196,-1852,-1872,8152,CD,0,D2_pwm200_grab3
7202,500,1572,9092,CD,0,D2_pwm200_grab3
7207,-2068,1540,10384,CD,0,D2_pwm200_grab3
7212,-5156,2396,10016,CD,0,D2_pwm200_grab3
7216,-1776,-1232,9272,CD,0,D2_pwm200_grab3
7222,-4384,-7424,11804,CD,0,D2_pwm200_grab3
7227,3616,-2296,11432,CD,0,D2_pwm200_grab3
7231,1112,1880,14776,CD,0,D2_pwm200_grab3
7237,-6924,-3680,9144,CD,0,D2_pwm200_grab3
7241,2668,-1712,13068,CD,0,D2_pwm200_grab3
7246,2176,2020,13444,CD,0,D2_pwm200_grab3
7252,-36,768,14468,CD,0,D2_pwm200_grab3
7256,8964,3764,13020,CD,0,D2_pwm200_grab3
7261,-1380,1400,14976,CD,0,D2_pwm200_grab3
7267,2472,-2888,9812,CD,0,D2_pwm200_grab3
7276,3772,4556,12636,CD,0,D2_pwm200_grab3
7282,-2208,-1512,9608,CD,0,D2_pwm200_grab3
7286,904,-1840,8720,CD,0,D2_pwm200_grab3
7292,8768,2868,10108,CD,0,D2_pwm200_grab3
7297,-1436,-1000,7412,CD,0,D2_pwm200_grab3
7301,3872,3280,13984,CD,0,D2_pwm200_grab3
7306,196,84,12728,CD,0,D2_pwm200_grab3
7312,-7324,-2704,8964,CD,0,D2_pwm200_grab3
7316,1892,108,9428,CD,0,D2_pwm200_grab3
7322,-2980,2532,11912,CD,0,D2_pwm200_grab3
7326,-6972,-280,7704,CD,0,D2_pwm200_grab3
7331,-2892,-5644,12068,CD,0,D2_pwm200_grab3
7337,5036,1040,10620,CD,0,D2_pwm200_grab3
7341,1836,-140,11732,CD,0,D2_pwm200_grab3
7347,5556,-584,11368,CD,0,D2_pwm200_grab3
7352,3696,1272,13104,CD,0,D2_pwm200_grab3
7356,-848,-3164,9680,CD,0,D2_pwm200_grab3
7361,1644,-120,9792,CD,0,D2_pwm200_grab3
7366,9128,6352,12924,CD,0,D2_pwm200_grab3
7372,2028,728,10996,CD,0,D2_pwm200_grab3
7377,328,-4128,2760,CD,0,D2_pwm200_grab3
7387,1232,2980,12028,CD,0,D2_pwm200_grab3
7392,-1604,-1368,8244,CD,0,D2_pwm200_grab3
7397,416,-1564,7544,CD,0,D2_pwm200_grab3
7402,9124,3200,7808,CD,0,D2_pwm200_grab3
7407,-2812,4112,12772,CD,0,D2_pwm200_grab3
7412,-3068,-2672,7232,CD,0,D2_pwm200_grab3
7417,996,-696,7268,CD,0,D2_pwm200_grab3
7422,2120,-48,6928,CD,0,D2_pwm200_grab3
7428,60,-248,7700,CD,0,D2_pwm200_grab3
7433,-3560,796,12200,CD,0,D2_pwm200_grab3
7437,-7268,-2168,8492,CD,0,D2_pwm200_grab3
7447,2136,-440,11784,CD,0,D2_pwm200_grab3
7453,-1560,-444,10940,CD,0,D2_pwm200_grab3
7462,1276,-2236,10868,CD,0,D2_pwm200_grab3
7467,-2476,-952,10916,CD,0,D2_pwm200_grab3
7472,-1968,-608,6768,CD,0,D2_pwm200_grab3
7478,6548,4000,13376,CD,0,D2_pwm200_grab3
7482,-1484,-1212,10400,CD,0,D2_pwm200_grab3
7488,-2556,-3980,4728,CD,0,D2_pwm200_grab3
7492,3976,2472,16108,CD,0,D2_pwm200_grab3
7497,-20,4504,13576,CD,0,D2_pwm200_grab3
7502,-4856,-2552,8028,CD,0,D2_pwm200_grab3
7507,1036,-1352,9052,CD,0,D2_pwm200_grab3
7512,-928,-1392,11772,CD,0,D2_pwm200_grab3
7517,-428,-720,9328,CD,0,D2_pwm200_grab3
7522,2380,1544,11752,CD,0,D2_pwm200_grab3
7528,-24,8,10704,CD,0,D2_pwm200_grab3
7532,-2852,-448,10692,CD,0,D2_pwm200_grab3
7538,-988,2692,9680,CD,0,D2_pwm200_grab3
7542,-1236,1800,15512,CD,0,D2_pwm200_grab3
7548,-2900,-1936,13384,CD,0,D2_pwm200_grab3
7553,116,-1940,11996,CD,0,D2_pwm200_grab3
7557,5052,-2812,8128,CD,0,D2_pwm200_grab3
7563,2304,1188,12860,CD,0,D2_pwm200_grab3
7567,72,-1308,7160,CD,0,D2_pwm200_grab3
7573,3708,556,10724,CD,0,D2_pwm200_grab3
7578,-1128,-1456,12244,CD,0,D2_pwm200_grab3
7583,-600,476,10916,CD,0,D2_pwm200_grab3
7592,1920,-300,10896,CD,0,D2_pwm200_grab3
7598,-1072,-2084,9048,CD,0,D2_pwm200_grab3
7602,-248,3256,8892,CD,0,D2_pwm200_grab3
7608,2504,2920,8216,CD,0,D2_pwm200_grab3
7612,-1072,448,8704,CD,0,D2_pwm200_grab3
7617,1508,-1816,8108,CD,0,D2_pwm200_grab3
7622,2568,-600,13508,CD,0,D2_pwm200_grab3
7627,-804,1324,6840,CD,0,D2_pwm200_grab3
7632,2000,2376,8892,CD,0,D2_pwm200_grab3
7638,56,-820,7788,CD,0,D2_pwm200_grab3
7643,-1032,-440,9588,CD,0,D2_pwm200_grab3
7648,-548,656,10216,CD,0,D2_pwm200_grab3
7653,1500,1440,14476,CD,0,D2_pwm200_grab3
7658,-2640,-1320,10276,CD,0,D2_pwm200_grab3
7668,1904,804,12588,CD,0,D2_pwm200_grab3
7673,-496,-1208,8960,CD,0,D2_pwm200_grab3
7683,1876,-2812,10552,CD,0,D2_pwm200_grab3
7689,-2540,864,10724,CD,0,D2_pwm200_grab3
7694,-408,1152,10612,CD,0,D2_pwm200_grab3
7698,2376,1796,10396,CD,0,D2_pwm200_grab3
7703,1576,-3196,8436,CD,0,D2_pwm200_grab3
7709,-1792,-2944,10792,CD,0,D2_pwm200_grab3
7714,2576,-860,8784,CD,0,D2_pwm200_grab3
7718,1688,1356,14784,CD,0,D2_pwm200_grab3
7723,-5116,-860,8436,CD,0,D2_pwm200_grab3
7728,792,-1284,7128,CD,0,D2_pwm200_grab3
7733,2468,-1812,15232,CD,0,D2_pwm200_grab3
7738,-1644,2752,10688,CD,0,D2_pwm200_grab3
7743,-3072,-1012,9236,CD,0,D2_pwm200_grab3
7748,-208,376,9144,CD,0,D2_pwm200_grab3
7754,-1404,1756,9184,CD,0,D2_pwm200_grab3
7758,232,1724,11648,CD,0,D2_pwm200_grab3
7763,76,488,10328,CD,0,D2_pwm200_grab3
7768,-6360,-1024,9124,CD,0,D2_pwm200_grab3
7773,-3448,-6688,12664,CD,0,D2_pwm200_grab3
7779,4716,-1192,11256,CD,0,D2_pwm200_grab3
7784,-80,1180,13392,CD,0,D2_pwm200_grab3
7789,-8076,-4380,9072,CD,0,D2_pwm200_grab3
7793,2484,-2376,11736,CD,0,D2_pwm200_grab3
7798,6604,2048,15804,CD,0,D2_pwm200_grab3
7803,-72,-400,13376,CD,0,D2_pwm200_grab3
7808,7328,2800,9388,CD,0,D2_pwm200_grab3
7813,-300,2176,15196,CD,0,D2_pwm200_grab3
7818,3956,-1728,5892,CD,0,D2_pwm200_grab3
7828,3144,3964,12072,CD,0,D2_pwm200_grab3
7834,-168,-1512,9584,CD,1,D2_pwm200_grab3
7838,2084,-1452,8488,CD,1,D2_pwm200_grab3
7844,6480,912,13416,CD,1,D2_pwm200_grab3
7848,-256,4976,10748,CD,1,D2_pwm200_grab3
7853,3644,3600,12388,CD,1,D2_pwm200_grab3
7858,788,-604,12088,CD,1,D2_pwm200_grab3
7863,-6440,-2812,8912,CD,1,D2_pwm200_grab3
7868,2496,292,8652,CD,1,D2_pwm200_grab3
7873,-2612,1260,11876,CD,1,D2_pwm200_grab3
7878,-3016,-800,9340,CD,1,D2_pwm200_grab3
7883,-1808,-5076,9224,CD,1,D2_pwm200_grab3
7888,4920,-392,9960,CD,1,D2_pwm200_grab3
7894,1544,840,11828,CD,1,D2_pwm200_grab3
7900,-10964,-5032,8892,CD,1,D2_pwm200_grab3
7905,3340,-2668,9336,CD,1,D2_pwm200_grab3
7909,4812,3164,10860,CD,1,D2_pwm200_grab3
7915,1468,1116,11532,CD,1,D2_pwm200_grab3
7919,-408,-912,10856,CD,1,D2_pwm200_grab3
7924,4012,-3408,5712,CD,1,D2_pwm200_grab3
7930,344,-1636,12244,CD,1,D2_pwm200_grab3
7934,4004,-2220,9892,CD,1,D2_pwm200_grab3
7940,3064,3348,10536,CD,1,D2_pwm200_grab3
7944,-3700,-2556,5556,CD,1,D2_pwm200_grab3
7950,2276,-952,6632,CD,1,D2_pwm200_grab3
7954,9468,1724,8924,CD,1,D2_pwm200_grab3
7960,-2528,4588,10024,CD,1,D2_pwm200_grab3
7965,-5680,-3876,9472,CD,1,D2_pwm200_grab3
7969,1184,-260,6912,CD,1,D2_pwm200_grab3
7975,816,3408,7616,CD,1,D2_pwm200_grab3
7979,-1316,1404,8988,CD,1,D2_pwm200_grab3
7985,-3988,1456,13464,CD,1,D2_pwm200_grab3
7989,-7544,-988,7316,CD,1,D2_pwm200_grab3
7994,-6308,-8808,7616,CD,1,D2_pwm200_grab3
8000,2652,-1024,11568,CD,1,D2_pwm200_grab3
8004,-3172,-1164,10952,CD,1,D2_pwm200_grab3
8015,2012,-1344,11148,CD,1,D2_pwm200_grab3
8019,3600,3768,9484,CD,1,D2_pwm200_grab3
8025,-1844,504,9540,CD,1,D2_pwm200_grab3
8030,5744,2680,10724,CD,1,D2_pwm200_grab3
8034,1336,-1084,11644,CD,1,D2_pwm200_grab3
8039,-2556,-3808,5956,CD,1,D2_pwm200_grab3
8044,2908,3176,10384,CD,1,D2_pwm200_grab3
8050,252,4724,15224,CD,1,D2_pwm200_grab3
8054,-4100,-2296,9368,CD,1,D2_pwm200_grab3
8059,120,-1580,9324,CD,1,D2_pwm200_grab3
8064,2324,-2104,17616,CD,1,D2_pwm200_grab3
8069,-656,-436,8480,CD,1,D2_pwm200_grab3
8074,2024,1568,10744,CD,1,D2_pwm200_grab3
8079,-300,-952,10848,CD,1,D2_pwm200_grab3
8084,756,120,10308,CD,1,D2_pwm200_grab3
8090,340,1624,11040,CD,1,D2_pwm200_grab3
8094,2544,444,15224,CD,1,D2_pwm200_grab3
8099,-3812,-2704,11848,CD,1,D2_pwm200_grab3
8105,-1476,-5504,8868,CD,1,D2_pwm200_grab3
8110,5468,-2344,8356,CD,1,D2_pwm200_grab3
8115,3088,2340,12768,CD,1,D2_pwm200_grab3
8119,-140,-996,7272,CD,1,D2_pwm200_grab3
8124,3776,-2200,9708,CD,1,D2_pwm200_grab3
8130,128,-228,12820,CD,1,D2_pwm200_grab3
8134,1472,1592,12524,CD,1,D2_pwm200_grab3
8140,6884,3728,12652,CD,1,D2_pwm200_grab3
8144,3548,-1992,7344,CD,1,D2_pwm200_grab3
8150,-524,-908,4456,CD,1,D2_pwm200_grab3
8155,4120,-544,8560,CD,1,D2_pwm200_grab3
8161,-12,2652,12832,CD,1,D2_pwm200_grab3
8165,-2476,-3176,7760,CD,1,D2_pwm200_grab3
8171,1720,-400,8988,CD,1,D2_pwm200_grab3
8175,7656,5240,5176,CD,1,D2_pwm200_grab3
8180,-2360,2940,13588,CD,1,D2_pwm200_grab3
8186,1280,-3580,7476,CD,1,D2_pwm200_grab3
8192,-3504,2116,5948,CD,1,D2_pwm200_grab3
8196,-2032,796,7512,CD,1,D2_pwm200_grab3
8200,336,1096,9860,CD,1,D2_pwm200_grab3
8205,756,1096,9364,CD,1,D2_pwm200_grab3
8211,-2064,-2084,9012,CD,1,D2_pwm200_grab3
8216,-2028,-5956,7196,CD,1,D2_pwm200_grab3
8220,3728,912,11464,CD,1,D2_pwm200_grab3
8225,-2052,-1896,8760,CD,1,D2_pwm200_grab3
8230,-9980,-5304,9116,CD,1,D2_pwm200_grab3
8235,1040,-2972,11932,CD,1,D2_pwm200_grab3
8241,1884,1328,12088,CD,1,D2_pwm200_grab3
8245,-2344,-416,13144,CD,1,D2_pwm200_grab3
8250,4160,1064,12568,CD,1,D2_pwm200_grab3
8255,1468,-3424,7660,CD,1,D2_pwm200_grab3
8261,-1148,-2136,9564,CD,1,D2_pwm200_grab3
8265,3188,1056,14464,CD,1,D2_pwm200_grab3
8271,1496,2292,14512,CD,1,D2_pwm200_grab3
8275,-3200,-1540,10764,CD,1,D2_pwm200_grab3
8280,-740,-1732,6864,CD,1,D2_pwm200_grab3
8285,5080,-92,14544,CD,1,D2_pwm200_grab3
8290,-2372,2196,10172,CD,1,D2_pwm200_grab3
8295,-2520,-780,8788,CD,1,D2_pwm200_grab3
8300,-828,-100,9368,CD,1,D2_pwm200_grab3
8305,1912,1052,9232,CD,1,D2_pwm200_grab3
8310,-1136,2564,12072,CD,1,D2_pwm200_grab3
8315,1840,144,8924,CD,1,D2_pwm200_grab3
8320,-2532,-1548,9272,CD,1,D2_pwm200_grab3
8325,-2976,-5156,11840,CD,1,D2_pwm200_grab3
8331,4836,-988,11064,CD,1,D2_pwm200_grab3
8335,1524,1564,13080,CD,1,D2_pwm200_grab3
8340,-6940,-3264,8148,CD,1,D2_pwm200_grab3
8346,3204,-2648,10904,CD,1,D2_pwm200_grab3
8351,4572,852,15228,CD,1,D2_pwm200_grab3
8356,688,208,14040,CD,1,D2_pwm200_grab3
8360,4812,1480,11820,CD,1,D2_pwm200_grab3
8365,1108,1060,11368,CD,1,D2_pwm200_grab3
8370,2912,-1828,6504,CD,1,D2_pwm200_grab3
8381,4060,3124,10988,CD,1,D2_pwm200_grab3
8385,-1540,-2344,7424,CD,1,D2_pwm200_grab3
8391,1940,-2068,7516,CD,1,D2_pwm200_grab3
8395,8008,3068,11232,CD,1,D2_pwm200_grab3
8400,-652,4744,10244,CD,1,D2_pwm200_grab3
8406,-2552,-2452,6700,CD,1,D2_pwm200_grab3
8411,1272,284,8728,CD,1,D2_pwm200_grab3
8416,1624,-356,6444,CD,1,D2_pwm200_grab3
8421,-600,756,9328,CD,1,D2_pwm200_grab3
8427,2420,648,6664,CD,1,D2_pwm200_grab3
8431,-244,-1820,5992,CD,1,D2_pwm200_grab3
8436,-2152,-1976,5128,CD,1,D2_pwm200_grab3
8441,2496,3064,11456,CD,1,D2_pwm200_grab3
8446,-1292,-2092,9172,CD,1,D2_pwm200_grab3
8452,-7376,-4852,6788,CD,1,D2_pwm200_grab3
8456,1420,-3168,11308,CD,1,D2_pwm200_grab3
8461,3088,1256,12292,CD,1,D2_pwm200_grab3
8467,-496,168,12004,CD,1,D2_pwm200_grab3
8472,2436,860,9120,CD,1,D2_pwm200_grab3
8476,1964,-3928,7480,CD,1,D2_pwm200_grab3
8481,-512,-2692,10184,CD,1,D2_pwm200_grab3
8487,4140,-760,14148,CD,1,D2_pwm200_grab3
8491,2508,3948,10468,CD,1,D2_pwm200_grab3
8496,-4272,-1444,6680,CD,1,D2_pwm200_grab3
8501,688,-1176,7352,CD,1,D2_pwm200_grab3
8506,2376,-640,13736,CD,1,D2_pwm200_grab3
8512,-2068,2832,11416,CD,1,D2_pwm200_grab3
8516,-2528,-1808,7864,CD,1,D2_pwm200_grab3
8522,-1116,-680,8112,CD,1,D2_pwm200_grab3
8527,892,1832,9508,CD,1,D2_pwm200_grab3
8531,-1776,2412,10560,CD,1,D2_pwm200_grab3
8537,-3504,2584,9380,CD,1,D2_pwm200_grab3
8542,-5832,-1696,9628,CD,1,D2_pwm200_grab3
8551,2912,-608,12184,CD,1,D2_pwm200_grab3
8556,-732,-84,12788,CD,1,D2_pwm200_grab3
8561,-8676,-3696,9076,CD,1,D2_pwm200_grab3
8566,2216,-2284,11956,CD,1,D2_pwm200_grab3
8571,4504,1888,14800,CD,1,D2_pwm200_grab3
8577,44,-604,10608,CD,1,D2_pwm200_grab3
8581,7928,4676,12244,CD,1,D2_pwm200_grab3
8587,-1932,1408,14684,CD,1,D2_pwm200_grab3
8592,2840,-1964,6952,CD,1,D2_pwm200_grab3
8597,2208,1000,11532,CD,1,D2_pwm200_grab3
8601,3752,3452,11888,CD,1,D2_pwm200_grab3
8607,-1412,-376,9956,CD,1,D2_pwm200_grab3
8611,1632,-2032,8348,CD,1,D2_pwm200_grab3
8616,4712,592,17320,CD,1,D2_pwm200_grab3
8622,-268,-912,7476,CD,1,D2_pwm200_grab3
8626,4260,4156,13312,CD,1,D2_pwm200_grab3
8632,1500,-100,11200,CD,1,D2_pwm200_grab3
8636,-7180,-3760,9848,CD,1,D2_pwm200_grab3
8642,1652,520,7880,CD,1,D2_pwm200_grab3
8647,-2148,1684,12368,CD,1,D2_pwm200_grab3
8651,-4620,-1056,8108,CD,1,D2_pwm200_grab3
8656,-1892,-4992,10328,CD,1,D2_pwm200_grab3
8662,4056,284,9996,CD,1,D2_pwm200_grab3
8668,2444,1524,13348,CD,1,D2_pwm200_grab3
8672,-8236,-4380,6928,CD,1,D2_pwm200_grab3
8677,3596,-2920,10748,CD,1,D2_pwm200_grab3
8682,5284,1584,12920,CD,1,D2_pwm200_grab3
8687,1188,1356,13488,CD,1,D2_pwm200_grab3
8692,3336,340,11188,CD,1,D2_pwm200_grab3
8697,4092,-2356,6548,CD,1,D2_pwm200_grab3
8702,776,-1752,11504,CD,1,D2_pwm200_grab3
8708,88,116,8472,CD,1,D2_pwm200_grab3
8712,3260,2356,8960,CD,1,D2_pwm200_grab3
8717,-2332,-1364,6440,CD,1,D2_pwm200_grab3
8722,1476,-1748,5576,CD,1,D2_pwm200_grab3
8727,4092,1028,16708,CD,1,D2_pwm200_grab3
8733,-2828,3416,9684,CD,1,D2_pwm200_grab3
8737,-2468,-988,8108,CD,1,D2_pwm200_grab3
8742,-1912,-1076,8328,CD,1,D2_pwm200_grab3
8748,-9020,-4936,9540,CD,1,D2_pwm200_grab3
8753,992,-60,9260,CD,1,D2_pwm200_grab3
8758,-4448,1980,8448,CD,1,D2_pwm200_grab3
8762,-1696,-912,8536,CD,1,D2_pwm200_grab3
8767,-5200,-6456,8548,CD,1,D2_pwm200_grab3
8772,3328,-1516,11840,CD,1,D2_pwm200_grab3
8777,-832,-472,12504,CD,1,D2_pwm200_grab3
8782,-5572,-2076,9092,CD,1,D2_pwm200_grab3
8787,1424,-2508,11036,CD,1,D2_pwm200_grab3
8793,-2792,-1888,10428,CD,1,D2_pwm200_grab3
8798,1192,-56,9776,CD,1,D2_pwm200_grab3
8802,6648,4108,10464,CD,1,D2_pwm200_grab3
8807,-2752,1440,14912,CD,1,D2_pwm200_grab3
8812,956,-2396,10248,CD,1,D2_pwm200_grab3
8818,-4076,1788,6776,CD,1,D2_pwm200_grab3
8823,3372,4724,11552,CD,1,D2_pwm200_grab3
8827,-2920,320,9328,CD,1,D2_pwm200_grab3
8832,1536,476,11820,CD,1,D2_pwm200_grab3
8837,-2696,-4488,12528,CD,1,D2_pwm200_grab3
8843,-1268,-3608,8824,CD,1,D2_pwm200_grab3
8847,3484,2996,13308,CD,1,D2_pwm200_grab3
8852,-176,1068,10320,CD,1,D2_pwm200_grab3
8857,-9300,-2424,12244,CD,1,D2_pwm200_grab3
8862,2592,-1868,9792,CD,1,D2_pwm200_grab3
8867,1772,2932,10760,CD,1,D2_pwm200_grab3
8872,3744,1308,11936,CD,1,D2_pwm200_grab3
8878,7572,4020,12788,CD,1,D2_pwm200_grab3
8883,2376,-1888,8172,CD,1,D2_pwm200_grab3
8887,-80,-264,4140,CD,1,D2_pwm200_grab3
8893,4212,1152,7488,CD,1,D2_pwm200_grab3
8897,624,3808,14160,CD,1,D2_pwm200_grab3
8903,-1644,-3164,7832,CD,1,D2_pwm200_grab3
8907,2116,-1084,9388,CD,1,D2_pwm200_grab3
8912,8416,4076,6488,CD,1,D2_pwm200_grab3
8919,-1640,4196,13628,CD,1,D2_pwm200_grab3
8923,-2416,-3208,8776,CD,1,D2_pwm200_grab3
8929,3212,2124,9304,CD,1,D2_pwm200_grab3
8933,1996,2044,7132,CD,1,D2_pwm200_grab3
8939,-860,544,9228,CD,1,D2_pwm200_grab3
8944,1396,-864,7368,CD,1,D2_pwm200_grab3
8948,1232,612,9428,CD,1,D2_pwm200_grab3
8954,-1900,68,5924,CD,1,D2_pwm200_grab3
8958,3160,2480,9636,CD,1,D2_pwm200_grab3
8963,-2344,-1704,9860,CD,1,D2_pwm200_grab3
8974,1740,-2524,8376,CD,1,D2_pwm200_grab3
8978,4012,2760,9548,CD,1,D2_pwm200_grab3
8983,4,-164,9992,CD,1,D2_pwm200_grab3
8988,-680,-1296,9472,CD,1,D2_pwm200_grab3
8994,2672,-4632,6884,CD,1,D2_pwm200_grab3
8998,808,-1196,11484,CD,1,D2_pwm200_grab3
9003,3652,1700,12788,CD,1,D2_pwm200_grab3
9008,-824,3360,11612,CD,1,D2_pwm200_grab3
9013,-3120,-1904,7720,CD,1,D2_pwm200_grab3
9018,624,-1788,6732,CD,1,D2_pwm200_grab3
9024,8480,1920,7364,CD,1,D2_pwm200_grab3
9028,-4708,3228,13384,CD,1,D2_pwm200_grab3
9034,-3572,-4392,10824,CD,1,D2_pwm200_grab3
9038,156,908,8800,CD,1,D2_pwm200_grab3
9044,2440,3900,8360,CD,1,D2_pwm200_grab3
9049,504,1472,10248,CD,1,D2_pwm200_grab3
9054,-2084,1744,15300,CD,1,D2_pwm200_grab3
9058,-8244,-2484,7828,CD,1,D2_pwm200_grab3
9068,3812,744,12772,CD,1,D2_pwm200_grab3
9073,-1228,-104,11356,CD,1,D2_pwm200_grab3
9079,-9800,-2596,11696,CD,1,D2_pwm200_grab3
9083,3208,-1372,9924,CD,1,D2_pwm200_grab3
9088,-3892,-336,12380,CD,1,D2_pwm200_grab3
9093,-672,104,8848,CD,1,D2_pwm200_grab3
9098,7688,3772,13992,CD,1,D2_pwm200_grab3
9103,-244,-324,12324,CD,1,D2_pwm200_grab3
9108,-352,-1792,4640,CD,1,D2_pwm200_grab3
9119,384,4700,14668,CD,1,D2_pwm200_grab3
9124,-3132,-1676,9436,CD,1,D2_pwm200_grab3
9128,2272,-1228,9724,CD,1,D2_pwm200_grab3
9133,-24,-80,7368,CD,1,D2_pwm200_grab3
9139,112,384,7068,CD,1,D2_pwm200_grab3
9144,3476,3340,13364,CD,1,D2_pwm200_grab3
9148,-140,640,11276,CD,1,D2_pwm200_grab3
9153,-4220,-820,9980,CD,1,D2_pwm200_grab3
9158,1016,1116,9864,CD,1,D2_pwm200_grab3
9163,-3144,936,14308,CD,1,D2_pwm200_grab3
9169,-6028,-644,8808,CD,1,D2_pwm200_grab3
9175,-2384,-6432,10044,CD,1,D2_pwm200_grab3
9179,4844,1956,10352,CD,1,D2_pwm200_grab3
9184,1548,544,12136,CD,1,D2_pwm200_grab3
9190,-9148,-3440,10068,CD,1,D2_pwm200_grab3
9194,3088,-2256,9364,CD,1,D2_pwm200_grab3
9199,5020,2728,10748,CD,1,D2_pwm200_grab3
9204,1072,32,12768,CD,1,D2_pwm200_grab3
9209,464,-184,8864,CD,1,D2_pwm200_grab3
9216,3044,-4396,7284,CD,1,D2_pwm200_grab3
9219,-1400,-2828,2180,CD,1,D2_pwm200_grab3
9229,-868,2916,12336,CD,1,D2_pwm200_grab3
9234,-2152,-2168,7632,CD,1,D2_pwm200_grab3
9240,864,-1028,8120,CD,1,D2_pwm200_grab3
9250,-4220,2864,13756,CD,1,D2_pwm200_grab3
9255,-3480,-3528,6752,CD,1,D2_pwm200_grab3
9260,-2516,-1472,9324,CD,1,D2_pwm200_grab3
9264,-7556,-1600,8016,CD,1,D2_pwm200_grab3
9269,-1752,424,8220,CD,1,D2_pwm200_grab3
9274,-4516,820,11640,CD,1,D2_pwm200_grab3
9279,-9144,-2092,8284,CD,1,D2_pwm200_grab3
9290,1016,-44,11680,CD,1,D2_pwm200_grab3
9295,-1592,-1640,10068,CD,1,D2_pwm200_grab3
9305,1564,-116,11544,CD,1,D2_pwm200_grab3
9309,-3544,-340,11392,CD,1,D2_pwm200_grab3
9315,-2152,-700,8508,CD,1,D2_pwm200_grab3
9320,7164,3124,12460,CD,1,D2_pwm200_grab3
9324,-1692,-736,11664,CD,1,D2_pwm200_grab3
9330,-1236,-2816,4156,CD,1,D2_pwm200_grab3
9340,-108,4856,13652,CD,1,D2_pwm200_grab3
9345,-2172,1600,10312,CD,1,D2_pwm200_grab3
9350,1692,-492,9408,CD,1,D2_pwm200_grab3
9355,-2244,-732,7520,CD,1,D2_pwm200_grab3
9359,476,-800,8196,CD,1,D2_pwm200_grab3
9364,2860,2916,13492,CD,1,D2_pwm200_grab3
9369,252,-44,10952,CD,1,D2_pwm200_grab3
9374,-4772,-1056,9788,CD,1,D2_pwm200_grab3
9380,1552,1736,10544,CD,1,D2_pwm200_grab3
9384,-3248,904,13788,CD,1,D2_pwm200_grab3
9389,1188,508,12136,CD,1,D2_pwm200_grab3
9395,328,-148,12368,CD,1,D2_pwm200_grab3
9399,5384,-2588,6532,CD,1,D2_pwm200_grab3
9405,2516,336,12832,CD,1,D2_pwm200_grab3
9410,3016,-1788,9412,CD,1,D2_pwm200_grab3
9415,3124,964,12372,CD,1,D2_pwm200_grab3
9420,-868,-1788,11732,CD,1,D2_pwm200_grab3
9424,1224,464,10720,CD,1,D2_pwm200_grab3
9430,9460,5236,10476,CD,1,D2_pwm200_grab3
9436,420,240,11148,CD,1,D2_pwm200_grab3
9450,244,3764,11884,CD,1,D2_pwm200_grab3
9456,-1336,-2536,7792,CD,1,D2_pwm200_grab3
9461,3324,-548,7700,CD,1,D2_pwm200_grab3
9465,9784,3156,9232,CD,1,D2_pwm200_grab3
9470,-3032,3928,13036,CD,1,D2_pwm200_grab3
9476,3412,3084,10452,CD,1,D2_pwm200_grab3
9480,-1696,-1144,9076,CD,1,D2_pwm200_grab3
9485,-4740,-1648,7948,CD,1,D2_pwm200_grab3
9491,-784,432,8968,CD,1,D2_pwm200_grab3
9496,-3976,1180,10584,CD,1,D2_pwm200_grab3
9501,-7148,-1260,7648,CD,1,D2_pwm200_grab3
9510,1892,-148,11152,CD,1,D2_pwm200_grab3
9515,860,-1620,11980,CD,1,D2_pwm200_grab3
9521,1212,-2288,9500,CD,1,D2_pwm200_grab3
9526,1612,-404,11776,CD,1,D2_pwm200_grab3
9530,-6396,-716,10220,CD,1,D2_pwm200_grab3
9535,-420,76,8444,CD,1,D2_pwm200_grab3
9540,6160,2548,10216,CD,1,D2_pwm200_grab3
9545,-1160,-1460,11776,CD,1,D2_pwm200_grab3
9550,-1864,-3500,5040,CD,1,D2_pwm200_grab3
9561,2548,3708,8420,CD,1,D2_pwm200_grab3
9565,-5312,648,9664,CD,1,D2_pwm200_grab3
9571,1800,-776,8276,CD,1,D2_pwm200_grab3
9576,-2676,-624,7556,CD,1,D2_pwm200_grab3
9580,-440,-828,7716,CD,1,D2_pwm200_grab3
9585,144,2064,13632,CD,1,D2_pwm200_grab3
9591,-976,-248,10388,CD,1,D2_pwm200_grab3
9595,-6624,-76,10216,CD,1,D2_pwm200_grab3
9600,3560,-448,10380,CD,1,D2_pwm200_grab3
9606,3720,3204,11064,CD,1,D2_pwm200_grab3
9611,996,-152,13688,CD,1,D2_pwm200_grab3
9616,-1016,-1572,11356,CD,1,D2_pwm200_grab3
9620,5188,-2792,7880,CD,1,D2_pwm200_grab3
9625,1012,224,13356,CD,1,D2_pwm200_grab3
9630,3096,-1504,9192,CD,1,D2_pwm200_grab3
9636,2924,368,12256,CD,1,D2_pwm200_grab3
9641,-1472,-892,12164,CD,1,D2_pwm200_grab3
9645,2268,-1076,9996,CD,1,D2_pwm200_grab3
9651,9344,1760,11288,CD,1,D2_pwm200_grab3
9660,-3968,-2164,8696,CD,1,D2_pwm200_grab3
9665,3956,1684,10096,CD,1,D2_pwm200_grab3
9670,3056,1364,9564,CD,1,D2_pwm200_grab3
9675,248,460,10216,CD,1,D2_pwm200_grab3
9681,3076,-580,8144,CD,1,D2_pwm200_grab3
9686,248,812,10096,CD,1,D2_pwm200_grab3
9692,1072,712,6392,CD,1,D2_pwm200_grab3
9696,2996,2836,11424,CD,1,D2_pwm200_grab3
9702,-280,-836,8796,CD,1,D2_pwm200_grab3
9706,-4016,-1732,8868,CD,1,D2_pwm200_grab3
9711,284,1440,8916,CD,1,D2_pwm200_grab3
9716,-1800,236,14356,CD,1,D2_pwm200_grab3
9722,-5224,-1384,8328,CD,1,D2_pwm200_grab3
9726,-2204,-5500,7944,CD,1,D2_pwm200_grab3
9732,4192,-2516,5848,CD,1,D2_pwm200_grab3
9736,2760,-1056,11712,CD,1,D2_pwm200_grab3
9741,3588,-1680,11736,CD,1,D2_pwm200_grab3
9747,3484,-664,9532,CD,1,D2_pwm200_grab3
9752,-2708,-428,9720,CD,1,D2_pwm200_grab3
9757,848,636,7512,CD,1,D2_pwm200_grab3
9761,7296,3496,12008,CD,1,D2_pwm200_grab3
9766,-188,-900,9848,CD,1,D2_pwm200_grab3
9771,-3464,-3492,6488,CD,1,D2_pwm200_grab3
9777,1184,212,8516,CD,1,D2_pwm200_grab3
9781,1968,-252,6836,CD,1,D2_pwm200_grab3
9787,-3244,1212,8240,CD,1,D2_pwm200_grab3
9791,3100,804,6296,CD,1,D2_pwm200_grab3
9796,-1368,620,8164,CD,1,D2_pwm200_grab3
9801,-1632,-1592,4112,CD,1,D2_pwm200_grab3
9806,1088,816,12456,CD,1,D2_pwm200_grab3
9811,-2880,-1236,10508,CD,1,D2_pwm200_grab3
9821,948,-3296,10288,CD,1,D2_pwm200_grab3
9826,1912,2992,10760,CD,1,D2_pwm200_grab3
9832,-456,160,11952,CD,1,D2_pwm200_grab3
9836,-1412,-1688,10880,CD,1,D2_pwm200_grab3
9842,2652,-4448,7516,CD,1,D2_pwm200_grab3
9847,32,-1176,13304,CD,1,D2_pwm200_grab3
9852,2844,-372,14768,CD,1,D2_pwm200_grab3
9857,2980,4704,13036,CD,1,D2_pwm200_grab3
9862,-4472,-1408,9124,CD,1,D2_pwm200_grab3
9866,1460,-2016,8380,CD,1,D2_pwm200_grab3
9871,7056,1264,12964,CD,1,D2_pwm200_grab3
9876,-3020,4536,13068,CD,1,D2_pwm200_grab3
9882,-3444,-2092,9936,CD,1,D2_pwm200_grab3
9886,1992,2076,11376,CD,1,D2_pwm200_grab3
9891,564,1700,10048,CD,1,D2_pwm200_grab3
9897,-1880,1632,10828,CD,1,D2_pwm200_grab3
9901,-4100,1480,12008,CD,1,D2_pwm200_grab3
9906,-4284,-616,9148,CD,1,D2_pwm200_grab3
9911,-3024,-5604,11872,CD,1,D2_pwm200_grab3
9916,5336,564,11212,CD,1,D2_pwm200_grab3
9922,1296,1012,13556,CD,1,D2_pwm200_grab3
9927,-6700,-3252,8216,CD,1,D2_pwm200_grab3
9932,2536,-3024,11260,CD,1,D2_pwm200_grab3
9936,5552,972,13776,CD,1,D2_pwm200_grab3
9942,-144,216,13712,CD,1,D2_pwm200_grab3
9948,3376,808,10996,CD,1,D2_pwm200_grab3
9952,3924,-1880,7220,CD,1,D2_pwm200_grab3
9958,1408,-300,10780,CD,1,D2_pwm200_grab3
9963,4016,-640,8616,CD,1,D2_pwm200_grab3
9968,1860,1180,13664,CD,1,D2_pwm200_grab3
9973,-208,-2048,10176,CD,1,D2_pwm200_grab3
9977,1412,-60,9056,CD,1,D2_pwm200_grab3
9982,10028,5144,9360,CD,1,D2_pwm200_grab3
9988,-896,3628,8804,CD,1,D2_pwm200_grab3
9993,-624,-4,7840,CD,1,D2_pwm200_grab3
9997,552,-384,9584,CD,1,D2_pwm200_grab3
10002,-540,-1576,7880,CD,1,D2_pwm200_grab3
10008,-1740,752,8464,CD,1,D2_pwm200_grab3
10012,1396,260,11628,CD,1,D2_pwm200_grab3
10017,-2088,-3652,7024,CD,1,D2_pwm200_grab3
10022,-1888,-4900,6256,CD,1,D2_pwm200_grab3
10028,2528,-2048,10432,CD,1,D2_pwm200_grab3
10032,1216,-264,11612,CD,1,D2_pwm200_grab3
10038,-5788,-2064,8152,CD,1,D2_pwm200_grab3
10042,2764,-2620,8492,CD,1,D2_pwm200_grab3
10047,1644,1536,11348,CD,1,D2_pwm200_grab3
10053,-720,908,10156,CD,1,D2_pwm200_grab3
10057,4200,8,11732,CD,1,D2_pwm200_grab3
10063,1144,-3764,7652,CD,1,D2_pwm200_grab3
10067,-1824,-2748,8944,CD,1,D2_pwm200_grab3
10073,-5180,992,5312,CD,1,D2_pwm200_grab3
10077,2292,4600,10688,CD,1,D2_pwm200_grab3
10082,-2760,236,8080,CD,1,D2_pwm200_grab3
10088,-480,-1496,7796,CD,1,D2_pwm200_grab3
10092,-1944,-2320,15408,CD,1,D2_pwm200_grab3
10097,-2372,1912,10468,CD,1,D2_pwm200_grab3
10103,300,-980,10724,CD,1,D2_pwm200_grab3
10107,-256,636,10196,CD,1,D2_pwm200_grab3
10117,2660,-1212,10496,CD,1,D2_pwm200_grab3
10122,-1796,2172,9980,CD,1,D2_pwm200_grab3
10127,1684,-988,11552,CD,1,D2_pwm200_grab3
10132,-2672,-6376,12200,CD,1,D2_pwm200_grab3
10137,4736,-804,10760,CD,1,D2_pwm200_grab3
10142,808,1092,12732,CD,1,D2_pwm200_grab3
10148,-2144,-392,8196,CD,1,D2_pwm200_grab3
10152,3076,-144,10920,CD,1,D2_pwm200_grab3
10157,-720,-1352,10296,CD,1,D2_pwm200_grab3
10162,1200,-724,9412,CD,1,D2_pwm200_grab3
10168,8360,4648,10068,CD,1,D2_pwm200_grab3
10172,-2520,3288,14772,CD,1,D2_pwm200_grab3
10178,-660,-1784,8440,CD,1,D2_pwm200_grab3
10182,1608,1840,9608,CD,1,D2_pwm200_grab3
10187,2652,3380,8864,CD,1,D2_pwm200_grab3
10192,-1852,80,9980,CD,1,D2_pwm200_grab3
10199,2116,-1524,7268,CD,1,D2_pwm200_grab3
10204,900,-1304,13912,CD,1,D2_pwm200_grab3
10208,-412,1340,7736,CD,1,D2_pwm200_grab3
10213,2708,2996,11288,CD,1,D2_pwm200_grab3
10218,396,-64,11536,CD,1,D2_pwm200_grab3
10223,-4308,-1112,8856,CD,1,D2_pwm200_grab3
10228,260,464,9520,CD,1,D2_pwm200_grab3
10233,-1644,696,14812,CD,1,D2_pwm200_grab3
10238,-5180,-3016,8664,CD,1,D2_pwm200_grab3
10243,-760,-992,9076,CD,1,D2_pwm200_grab3
10248,4200,-4040,5744,CD,1,D2_pwm200_grab3
10254,2436,-980,11740,CD,1,D2_pwm200_grab3
10259,2292,-2112,9472,CD,1,D2_pwm200_grab3
10263,2880,-496,11252,CD,1,D2_pwm200_grab3
10269,-4416,-1580,8912,CD,1,D2_pwm200_grab3
10274,808,516,8196,CD,1,D2_pwm200_grab3
10278,6920,3800,9476,CD,1,D2_pwm200_grab3
10284,-2420,4224,12412,CD,1,D2_pwm200_grab3
10288,-5584,-4864,9296,CD,1,D2_pwm200_grab3
10294,508,-524,8844,CD,1,D2_pwm200_grab3
10299,-156,1380,7564,CD,1,D2_pwm200_grab3
10304,-4000,736,7984,CD,1,D2_pwm200_grab3
10308,1688,856,8756,CD,1,D2_pwm200_grab3
10313,-980,-2536,3092,CD,1,D2_pwm200_grab3
10318,-1068,-2208,6588,CD,1,D2_pwm200_grab3
10323,1628,1512,12772,CD,1,D2_pwm200_grab3
10328,-24,-756,11524,CD,1,D2_pwm200_grab3
10338,1236,-3368,9532,CD,1,D2_pwm200_grab3
10343,3172,2392,11644,CD,1,D2_pwm200_grab3
10348,-1372,332,11072,CD,1,D2_pwm200_grab3
10354,2432,-608,12700,CD,1,D2_pwm200_grab3
10359,1184,-4220,7388,CD,1,D2_pwm200_grab3
10363,-1148,-2424,10736,CD,1,D2_pwm200_grab3
10369,-2784,-252,5340,CD,1,D2_pwm200_grab3
10379,-2608,248,8668,CD,1,D2_pwm200_grab3
10384,412,-1412,8856,CD,1,D2_pwm200_grab3
10389,1408,-1644,13672,CD,1,D2_pwm200_grab3
10394,-2176,3464,11932,CD,1,D2_pwm200_grab3
10399,192,-1000,9892,CD,1,D2_pwm200_grab3
10404,512,568,11144,CD,1,D2_pwm200_grab3
10408,-248,-44,9336,CD,1,D2_pwm200_grab3
10414,1324,-1492,9304,CD,1,D2_pwm200_grab3
10419,-2244,2136,11352,CD,1,D2_pwm200_grab3
10423,1860,-888,11908,CD,1,D2_pwm200_grab3
10429,-1492,-5876,12744,CD,1,D2_pwm200_grab3
10434,4568,-176,10152,CD,1,D2_pwm200_grab3
10439,1920,1600,12728,CD,1,D2_pwm200_grab3
10443,-2716,-560,7948,CD,1,D2_pwm200_grab3
10449,3456,-792,10156,CD,1,D2_pwm200_grab3
10454,3060,-176,13560,CD,1,D2_pwm200_grab3
10459,-348,764,13372,CD,1,D2_pwm200_grab3
10465,6412,2724,10560,CD,1,D2_pwm200_grab3
10470,2260,-2288,9140,CD,1,D2_pwm200_grab3
10475,1136,-1296,5596,CD,1,D2_pwm200_grab3
10480,4096,2916,10372,CD,1,D2_pwm200_grab3
10485,1032,3572,13552,CD,1,D2_pwm200_grab3
10489,-684,-1808,9236,CD,1,D2_pwm200_grab3
10494,2884,132,9396,CD,1,D2_pwm200_grab3
10499,80,-996,13580,CD,1,D2_pwm200_grab3
10504,-1912,1768,7580,CD,1,D2_pwm200_grab3
10510,2728,2160,9640,CD,1,D2_pwm200_grab3
10514,-352,-396,10440,CD,1,D2_pwm200_grab3
10519,-2588,-1516,8464,CD,1,D2_pwm200_grab3
10525,-124,556,8740,CD,1,D2_pwm200_grab3
10530,-652,1352,14004,CD,1,D2_pwm200_grab3
10535,-4548,-3632,9616,CD,1,D2_pwm200_grab3
10539,-1600,-2460,9092,CD,1,D2_pwm200_grab3
10545,3576,-3960,6996,CD,1,D2_pwm200_grab3
10549,1560,-876,11096,CD,1,D2_pwm200_grab3
10554,524,-1444,8772,CD,1,D2_pwm200_grab3
10560,2188,-1192,10248,CD,1,D2_pwm200_grab3
10565,-5040,-868,9352,CD,1,D2_pwm200_grab3
10570,-224,556,7660,CD,1,D2_pwm200_grab3
10575,5012,2872,8468,CD,1,D2_pwm200_grab3
10579,-648,-1832,11040,CD,1,D2_pwm200_grab3
10585,-5004,-4736,10380,CD,1,D2_pwm200_grab3
10590,804,-580,7984,CD,1,D2_pwm200_grab3
10594,800,2916,7940,CD,1,D2_pwm200_grab3
10600,-5524,1068,8684,CD,1,D2_pwm200_grab3
10605,2292,60,7772,CD,1,D2_pwm200_grab3
10610,-1408,-2940,3912,CD,1,D2_pwm200_grab3
10614,-1160,-1384,7604,CD,1,D2_pwm200_grab3
10620,1012,1520,13516,CD,1,D2_pwm200_grab3
10625,-928,1988,11680,CD,1,D2_pwm200_grab3
10635,3900,-1684,11096,CD,1,D2_pwm200_grab3
10639,4236,2668,11780,CD,1,D2_pwm200_grab3
10644,-528,200,14228,CD,1,D2_pwm200_grab3
10649,1492,-392,13556,CD,1,D2_pwm200_grab3
10654,3576,-3228,7652,CD,1,D2_pwm200_grab3
10659,-204,-1680,11876,CD,1,D2_pwm200_grab3
10665,3180,1220,14228,CD,1,D2_pwm200_grab3
10669,3960,5368,13620,CD,1,D2_pwm200_grab3
10675,-1720,-1412,9724,CD,1,D2_pwm200_grab3
10680,1184,-1332,9476,CD,1,D2_pwm200_grab3
10685,9128,2756,14264,CD,1,D2_pwm200_grab3
10690,-1488,4060,12208,CD,1,D2_pwm200_grab3
10695,-2512,-640,7520,CD,1,D2_pwm200_grab3
10699,1576,132,10544,CD,1,D2_pwm200_grab3
10704,1292,328,8980,CD,1,D2_pwm200_grab3
10710,972,2040,11168,CD,1,D2_pwm200_grab3
10716,2912,792,9980,CD,1,D2_pwm200_grab3
10720,-1312,-1948,9812,CD,1,D2_pwm200_grab3
10725,1140,-2392,4884,CD,1,D2_pwm200_grab3
10730,5060,3700,13060,CD,1,D2_pwm200_grab3
10735,392,1408,10860,CD,1,D2_pwm200_grab3
10740,-7076,-4656,9816,CD,1,D2_pwm200_grab3
10745,1200,-252,8012,CD,1,D2_pwm200_grab3
10750,-1548,1492,11116,CD,1,D2_pwm200_grab3
10755,540,940,11952,CD,1,D2_pwm200_grab3
10761,5692,3176,10208,CD,1,D2_pwm200_grab3
10765,1932,-3460,6644,CD,1,D2_pwm200_grab3
10771,1092,-2372,6344,CD,1,D2_pwm200_grab3
10775,2216,-1000,9652,CD,1,D2_pwm200_grab3
10780,1500,3088,13100,CD,1,D2_pwm200_grab3
10785,-2388,-2392,7284,CD,1,D2_pwm200_grab3
10791,2928,296,8508,CD,1,D2_pwm200_grab3
10796,1456,-984,10704,CD,1,D2_pwm200_grab3
10800,-2204,1092,7408,CD,1,D2_pwm200_grab3
10805,-1468,-1504,8084,CD,1,D2_pwm200_grab3
10811,-1068,-904,9860,CD,1,D2_pwm200_grab3
10815,-2756,-1680,8380,CD,1,D2_pwm200_grab3
10821,-872,724,8268,CD,1,D2_pwm200_grab3
10826,196,764,11896,CD,1,D2_pwm200_grab3
10830,-5168,-3192,9932,CD,1,D2_pwm200_grab3
10840,2480,-4168,7456,CD,1,D2_pwm200_grab3
10845,336,100,11184,CD,1,D2_pwm200_grab3
10851,-588,-1188,9616,CD,1,D2_pwm200_grab3
10856,1676,-928,10476,CD,1,D2_pwm200_grab3
10860,-4940,-428,9932,CD,1,D2_pwm200_grab3
10865,-2056,232,11036,CD,1,D2_pwm200_grab3
10870,4720,2280,8868,CD,1,D2_pwm200_grab3
10875,1876,-2836,9552,CD,1,D2_pwm200_grab3
10881,-4576,-3800,10220,CD,1,D2_pwm200_grab3
10885,864,204,8216,CD,1,D2_pwm200_grab3
10890,1632,3204,8088,CD,1,D2_pwm200_grab3
10895,-5184,1064,10024,CD,1,D2_pwm200_grab3
10900,2376,-332,8260,CD,1,D2_pwm200_grab3
10906,-1376,-1008,13100,CD,1,D2_pwm200_grab3
10910,-1400,-1032,7524,CD,1,D2_pwm200_grab3
10916,3176,2740,12324,CD,1,D2_pwm200_grab3
10921,-1500,612,13128,CD,1,D2_pwm200_grab3
10925,-8500,-2868,10508,CD,1,D2_pwm200_grab3
10930,4676,-1184,11196,CD,1,D2_pwm200_grab3
10935,3900,2312,11772,CD,1,D2_pwm200_grab3
10941,368,388,13956,CD,1,D2_pwm200_grab3
10945,672,-12,13968,CD,1,D2_pwm200_grab3
10950,4712,-2888,7580,CD,1,D2_pwm200_grab3
10955,700,-1272,12696,CD,1,D2_pwm200_grab3
10960,4048,-452,13552,CD,1,D2_pwm200_grab3
10966,2784,1356,14504,CD,1,D2_pwm200_grab3
10971,-1600,-2148,11624,CD,1,D2_pwm200_grab3
10976,868,-484,9780,CD,1,D2_pwm200_grab3
10981,8648,5264,11220,CD,1,D2_pwm200_grab3
10987,456,1336,12492,CD,1,D2_pwm200_grab3
10992,3344,-1996,5508,CD,1,D2_pwm200_grab3
10996,8996,-640,15792,CD,1,D2_pwm200_grab3
11001,3488,3420,11844,CD,1,D2_pwm200_grab3
11008,-1272,-1568,7488,CD,1,D2_pwm200_grab3
11011,4000,1300,8740,CD,1,D2_pwm200_grab3
11016,660,-2556,5912,CD,1,D2_pwm200_grab3
11022,740,-704,4920,CD,1,D2_pwm200_grab3
11027,4272,3732,12708,CD,1,D2_pwm200_grab3
11031,-192,280,11280,CD,1,D2_pwm200_grab3
11036,-6344,-4344,7588,CD,1,D2_pwm200_grab3
11042,676,-256,8964,CD,1,D2_pwm200_grab3
11047,-3696,680,11056,CD,1,D2_pwm200_grab3
11051,628,732,11284,CD,1,D2_pwm200_grab3
11057,3180,2216,11220,CD,1,D2_pwm200_grab3
11062,2064,-4156,6120,CD,1,D2_pwm200_grab3
11067,1592,-2468,9980,CD,1,D2_pwm200_grab3
11071,1664,-840,13424,CD,1,D2_pwm200_grab3
11077,2824,876,12784,CD,1,D2_pwm200_grab3
11081,-2672,-2224,8736,CD,1,D2_pwm200_grab3
11087,2468,300,8172,CD,1,D2_pwm200_grab3
11091,7624,4308,10288,CD,1,D2_pwm200_grab3
11097,-2276,2716,10720,CD,1,D2_pwm200_grab3
11102,-4760,-3528,8304,CD,1,D2_pwm200_grab3
11106,-632,-1184,8940,CD,1,D2_pwm200_grab3
11111,-564,340,9188,CD,1,D2_pwm200_grab3
11116,-2956,1676,7876,CD,1,D2_pwm200_grab3
11121,868,636,8064,CD,1,D2_pwm200_grab3
11126,-1660,-2912,7308,CD,1,D2_pwm200_grab3
11132,-2256,-3712,5776,CD,1,D2_pwm200_grab3
11136,1796,-1628,10764,CD,1,D2_pwm200_grab3
11141,-224,888,12124,CD,1,D2_pwm200_grab3
11146,-8460,-2448,8196,CD,1,D2_pwm200_grab3
11151,3796,-2128,11716,CD,1,D2_pwm200_grab3
11156,1636,1508,12356,CD,1,D2_pwm200_grab3
11161,-660,-356,12928,CD,1,D2_pwm200_grab3
11166,808,164,12304,CD,1,D2_pwm200_grab3
11171,3664,-2968,7340,CD,1,D2_pwm200_grab3
11177,-1376,-2760,10116,CD,1,D2_pwm200_grab3
11181,8148,-176,14824,CD,1,D2_pwm200_grab3
11187,4272,4640,11456,CD,1,D2_pwm200_grab3
11191,-224,-624,9932,CD,1,D2_pwm200_grab3
11196,884,-1616,7492,CD,1,D2_pwm200_grab3
11201,7588,2048,16316,CD,1,D2_pwm200_grab3
11206,-1492,3056,11376,CD,1,D2_pwm200_grab3
11211,-1596,-812,7404,CD,1,D2_pwm200_grab3
11217,1268,428,11432,CD,1,D2_pwm200_grab3
11223,2128,384,9892,CD,1,D2_pwm200_grab3
11227,-1720,1440,10380,CD,1,D2_pwm200_grab3
11232,3004,568,9664,CD,1,D2_pwm200_grab3
11238,-1540,-2616,11308,CD,1,D2_pwm200_grab3
11243,356,-2568,6320,CD,1,D2_pwm200_grab3
11248,4340,3556,13428,CD,1,D2_pwm200_grab3
11252,512,1640,11616,CD,1,D2_pwm200_grab3
11258,-8744,-3840,10184,CD,1,D2_pwm200_grab3
11264,1728,-1876,8932,CD,1,D2_pwm200_grab3
11267,3840,-840,13744,CD,1,D2_pwm200_grab3
11272,1660,1452,12124,CD,1,D2_pwm200_grab3
11278,4168,2752,11388,CD,1,D2_pwm200_grab3
11283,3776,-2792,5576,CD,1,D2_pwm200_grab3
11287,252,-1624,6996,CD,1,D2_pwm200_grab3
11292,4580,-916,8892,CD,1,D2_pwm200_grab3
11298,1108,2740,12596,CD,1,D2_pwm200_grab3
11302,-2440,-2684,7764,CD,1,D2_pwm200_grab3
11307,2732,-852,6124,CD,1,D2_pwm200_grab3
11312,3080,-820,14084,CD,1,D2_pwm200_grab3
11317,-24,1708,8300,CD,1,D2_pwm200_grab3
11322,-2276,-1352,8444,CD,1,D2_pwm200_grab3
11327,296,-1592,8936,CD,1,D2_pwm200_grab3
11333,-2760,-336,8332,CD,1,D2_pwm200_grab3
11337,-1600,440,7900,CD,1,D2_pwm200_grab3
11342,1364,1724,11736,CD,1,D2_pwm200_grab3
11348,-3600,-2208,9960,CD,1,D2_pwm200_grab3
11352,-3580,-6976,8660,CD,1,D2_pwm200_grab3
11358,2100,-3364,8728,CD,1,D2_pwm200_grab3
11362,-752,764,12312,CD,1,D2_pwm200_grab3
11367,-1540,-920,7736,CD,1,D2_pwm200_grab3
11372,1832,-1860,11144,CD,1,D2_pwm200_grab3
11377,-1372,292,10836,CD,1,D2_pwm200_grab3
11382,-3380,-188,12244,CD,1,D2_pwm200_grab3
11388,5492,1796,10764,CD,1,D2_pwm200_grab3
11393,-2816,1264,15696,CD,1,D2_pwm200_grab3
11398,-3792,-4348,11956,CD,1,D2_pwm200_grab3
11403,-3012,868,6140,CD,1,D2_pwm200_grab3
11407,316,4868,9304,CD,1,D2_pwm200_grab3
11412,-1484,604,9816,CD,1,D2_pwm200_grab3
11418,-148,-1328,7904,CD,1,D2_pwm200_grab3
11422,-732,-2792,13712,CD,1,D2_pwm200_grab3
11427,-2232,180,9316,CD,1,D2_pwm200_grab3
11433,1348,1528,10740,CD,1,D2_pwm200_grab3
11437,-1824,2008,11628,CD,1,D2_pwm200_grab3
11447,2052,-1708,9124,CD,1,D2_pwm200_grab3
11452,2100,2276,10868,CD,1,D2_pwm200_grab3
11457,1028,-88,11628,CD,1,D2_pwm200_grab3
11462,320,-3864,11560,CD,1,D2_pwm200_grab3
11467,4328,-2332,8420,CD,1,D2_pwm200_grab3
11473,3228,2052,12276,CD,1,D2_pwm200_grab3
11479,1788,284,10112,CD,1,D2_pwm200_grab3
11484,3204,-788,9800,CD,1,D2_pwm200_grab3
11488,-1816,-1068,12316,CD,1,D2_pwm200_grab3
11494,-292,792,10404,CD,1,D2_pwm200_grab3
11498,8676,3736,10600,CD,1,D2_pwm200_grab3
11503,1108,-1960,8216,CD,1,D2_pwm200_grab3
11508,-260,-2612,3512,CD,1,D2_pwm200_grab3
11514,2900,2360,8620,CD,1,D2_pwm200_grab3
11518,1076,4704,13640,CD,1,D2_pwm200_grab3
11523,-1140,1284,11380,CD,1,D2_pwm200_grab3
11528,2768,-688,7208,CD,1,D2_pwm200_grab3
11533,-548,104,9044,CD,1,D2_pwm200_grab3
11539,-1064,1436,7444,CD,1,D2_pwm200_grab3
11543,-1064,1436,7444,CD,1,D2_pwm200_grab3
11549,-56,-480,12096,CD,1,D2_pwm200_grab3
11554,-2900,-3160,7904,CD,1,D2_pwm200_grab3
11559,416,44,7724,CD,1,D2_pwm200_grab3
11563,3964,1632,10564,CD,1,D2_pwm200_grab3
11569,2468,1536,10576,CD,1,D2_pwm200_grab3
11573,416,-724,10756,CD,1,D2_pwm200_grab3
11579,4460,-3828,5484,CD,1,D2_pwm200_grab3
11583,2688,-480,11108,CD,1,D2_pwm200_grab3
11588,2516,-1720,9500,CD,1,D2_pwm200_grab3
11594,1632,-940,10884,CD,1,D2_pwm200_grab3
11599,-4828,-1412,8776,CD,1,D2_pwm200_grab3
11604,-1896,92,8644,CD,1,D2_pwm200_grab3
11609,8692,3832,9392,CD,1,D2_pwm200_grab3
11614,-2700,4056,12004,CD,1,D2_pwm200_grab3
11618,-5204,-5224,10088,CD,1,D2_pwm200_grab3
11623,1896,-1384,7332,CD,1,D2_pwm200_grab3
11629,288,3120,7172,CD,1,D2_pwm200_grab3
11633,-3932,1120,9320,CD,1,D2_pwm200_grab3
11638,1856,220,7496,CD,1,D2_pwm200_grab3
11643,-1908,-2584,2756,CD,1,D2_pwm200_grab3
11654,2416,-84,11952,CD,1,D2_pwm200_grab3
11658,-2668,1688,11860,CD,1,D2_pwm200_grab3
11668,1616,-1972,9248,CD,1,D2_pwm200_grab3
11673,2940,2888,10264,CD,1,D2_pwm200_grab3
11679,-1468,-180,14228,CD,1,D2_pwm200_grab3
11684,752,-1372,14096,CD,1,D2_pwm200_grab3
11689,2784,-3312,8468,CD,1,D2_pwm200_grab3
11693,92,-5344,6460,CD,1,D2_pwm200_grab3
11703,2604,6244,14624,CD,1,D2_pwm200_grab3
11709,-1888,-868,9992,CD,1,D2_pwm200_grab3
11713,420,-1868,10172,CD,1,D2_pwm200_grab3
11718,9864,2916,12976,CD,1,D2_pwm200_grab3
11723,-2560,4308,12700,CD,1,D2_pwm200_grab3
11728,-3580,-1228,8392,CD,1,D2_pwm200_grab3
11734,1832,348,8664,CD,1,D2_pwm200_grab3
11740,2740,1136,9336,CD,1,D2_pwm200_grab3
11744,-472,2368,12476,CD,1,D2_pwm200_grab3
11749,3384,564,9012,CD,1,D2_pwm200_grab3
11755,-644,-3340,6264,CD,1,D2_pwm200_grab3
11759,-76,-600,6016,CD,1,D2_pwm200_grab3
11764,5032,3648,13464,CD,1,D2_pwm200_grab3
11769,408,1336,12744,CD,1,D2_pwm200_grab3
11774,-5644,-3948,8648,CD,1,D2_pwm200_grab3
11779,3952,-4000,9340,CD,1,D2_pwm200_grab3
11785,3824,492,13512,CD,1,D2_pwm200_grab3
11789,1420,780,12244,CD,1,D2_pwm200_grab3
11794,4644,1484,13056,CD,1,D2_pwm200_grab3
11799,2984,-2820,5736,CD,1,D2_pwm200_grab3
11804,2656,-1508,9876,CD,1,D2_pwm200_grab3
11810,2780,492,14572,CD,1,D2_pwm200_grab3
11815,2516,1168,13776,CD,1,D2_pwm200_grab3
11819,-1744,-1140,7588,CD,1,D2_pwm200_grab3
11825,1232,-2420,6848,CD,1,D2_pwm200_grab3
11829,7508,3080,11208,CD,1,D2_pwm200_grab3
11834,-1688,4080,9796,CD,1,D2_pwm200_grab3
11839,-3448,-2624,6596,CD,1,D2_pwm200_grab3
11844,728,-1476,8944,CD,1,D2_pwm200_grab3
11849,-128,-972,6892,CD,1,D2_pwm200_grab3
11855,-1504,1188,8400,CD,1,D2_pwm200_grab3
11860,2420,1108,6488,CD,1,D2_pwm200_grab3
11864,192,-544,8652,CD,1,D2_pwm200_grab3
11875,3688,-1524,9020,CD,1,D2_pwm200_grab3
11880,-772,1116,10784,CD,1,D2_pwm200_grab3
11884,-5976,-2160,6324,CD,1,D2_pwm200_grab3
11890,2812,-2984,10656,CD,1,D2_pwm200_grab3
11894,320,-120,10724,CD,1,D2_pwm200_grab3
11899,-1092,-84,12732,CD,1,D2_pwm200_grab3
11904,7588,4332,9696,CD,1,D2_pwm200_grab3
11909,-2460,680,14348,CD,1,D2_pwm200_grab3
11915,-352,-4412,9644,CD,1,D2_pwm200_grab3
11920,240,-1368,9272,CD,1,D2_pwm200_grab3
11924,2140,5628,9540,CD,1,D2_pwm200_grab3
11930,-1784,528,10440,CD,1,D2_pwm200_grab3
11935,632,-1696,7340,CD,1,D2_pwm200_grab3
11939,3468,-436,15488,CD,1,D2_pwm200_grab3
11945,-1204,1128,9904,CD,1,D2_pwm200_grab3
11950,4900,3296,14108,CD,1,D2_pwm200_grab3
11955,-2472,1664,11308,CD,1,D2_pwm200_grab3
11959,-7672,-3840,10336,CD,1,D2_pwm200_grab3
11964,1864,-1512,10812,CD,1,D2_pwm200_grab3
11969,-2212,1716,11576,CD,1,D2_pwm200_grab3
11974,1628,-436,13000,CD,1,D2_pwm200_grab3
11979,-596,-5352,9820,CD,1,D2_pwm200_grab3
11985,4232,-1500,10724,CD,1,D2_pwm200_grab3
11991,2640,3100,13604,CD,1,D2_pwm200_grab3
11996,972,588,8428,CD,1,D2_pwm200_grab3
12001,4748,-1876,11800,CD,1,D2_pwm200_grab3
12005,-216,-1224,13612,CD,1,D2_pwm200_grab3
12010,-480,1036,12020,CD,1,D2_pwm200_grab3
12016,7192,3884,12564,CD,1,D2_pwm200_grab3
12020,2712,-1592,7472,CD,1,D2_pwm200_grab3
12025,-500,-3360,4112,CD,1,D2_pwm200_grab3
12032,2916,1788,10148,CD,1,D2_pwm200_grab3
12036,2120,3276,8772,CD,1,D2_pwm200_grab3
12041,-244,384,8376,CD,1,D2_pwm200_grab3
12045,3092,-248,8484,CD,1,D2_pwm200_grab3
12050,-852,-796,12548,CD,1,D2_pwm200_grab3
12056,644,1440,7896,CD,1,D2_pwm200_grab3
12060,1000,1404,10000,CD,1,D2_pwm200_grab3
12066,516,-652,11200,CD,1,D2_pwm200_grab3
12070,-4900,-3024,8980,CD,1,D2_pwm200_grab3
12076,2660,-3428,9036,CD,1,D2_pwm200_grab3
12080,2080,2104,8188,CD,1,D2_pwm200_grab3
12085,2132,2068,11232,CD,1,D2_pwm200_grab3
12091,-1444,-3464,7768,CD,1,D2_pwm200_grab3
12096,2088,-3304,6052,CD,1,D2_pwm200_grab3
12101,356,-1072,10832,CD,1,D2_pwm200_grab3
12106,3020,-676,12592,CD,1,D2_pwm200_grab3
12111,1828,-364,11008,CD,1,D2_pwm200_grab3
12116,-2548,-3232,8832,CD,1,D2_pwm200_grab3
12120,996,-2452,6960,CD,1,D2_pwm200_grab3
12125,7232,3856,10488,CD,1,D2_pwm200_grab3
12130,-2400,4524,10972,CD,1,D2_pwm200_grab3
12136,-4828,-4076,8156,CD,1,D2_pwm200_grab3
12141,-300,-2188,7828,CD,1,D2_pwm200_grab3
12146,-396,-188,6936,CD,1,D2_pwm200_grab3
12151,-1732,1780,8416,CD,1,D2_pwm200_grab3
12155,1256,496,7024,CD,1,D2_pwm200_grab3
12160,-1016,-720,9232,CD,1,D2_pwm200_grab3
12165,-2136,-7620,11220,CD,1,D2_pwm200_grab3
12170,2056,-1652,9816,CD,1,D2_pwm200_grab3
12175,-388,1352,11436,CD,1,D2_pwm200_grab3
12180,-5592,-1460,6588,CD,1,D2_pwm200_grab3
12186,2292,-2816,10268,CD,1,D2_pwm200_grab3
12191,-260,-328,11544,CD,1,D2_pwm200_grab3
12195,-1376,-48,13000,CD,1,D2_pwm200_grab3
12201,2156,320,10784,CD,1,D2_pwm200_grab3
12205,-1984,1564,15520,CD,1,D2_pwm200_grab3
12210,-1212,-4488,9900,CD,1,D2_pwm200_grab3
12215,-1904,-196,7228,CD,1,D2_pwm200_grab3
12220,2440,5748,9676,CD,1,D2_pwm200_grab3
12226,-384,764,11056,CD,1,D2_pwm200_grab3
12230,1112,-1792,7476,CD,1,D2_pwm200_grab3
12236,2528,-2384,16736,CD,1,D2_pwm200_grab3
12241,-1040,948,9428,CD,1,D2_pwm200_grab3
12246,688,2112,10040,CD,1,D2_pwm200_grab3
12252,-84,-208,11164,CD,1,D2_pwm200_grab3
12256,704,-348,10952,CD,1,D2_pwm200_grab3
12262,-976,1696,10476,CD,1,D2_pwm200_grab3
12266,2356,1688,13812,CD,1,D2_pwm200_grab3
12272,-5008,-3848,10452,CD,1,D2_pwm200_grab3
12276,-1352,-5316,8028,CD,1,D2_pwm200_grab3
12281,4528,2708,13336,CD,1,D2_pwm200_grab3
12286,300,2416,13308,CD,1,D2_pwm200_grab3
12292,2740,388,8892,CD,1,D2_pwm200_grab3
12296,5232,-1604,11184,CD,1,D2_pwm200_grab3
12302,-1560,-2300,12368,CD,1,D2_pwm200_grab3
12306,-192,1264,10652,CD,1,D2_pwm200_grab3
12311,7128,4620,12248,CD,1,D2_pwm200_grab3
12316,2776,-1284,7448,CD,1,D2_pwm200_grab3
12322,-444,-3576,3528,CD,1,D2_pwm200_grab3
12327,3356,2148,10040,CD,1,D2_pwm200_grab3
12331,2276,3052,7616,CD,1,D2_pwm200_grab3
12337,-868,960,7940,CD,1,D2_pwm200_grab3
12342,3616,156,8276,CD,1,D2_pwm200_grab3
12346,-648,-560,12288,CD,1,D2_pwm200_grab3
12351,888,808,6752,CD,1,D2_pwm200_grab3
12357,364,888,10288,CD,1,D2_pwm200_grab3
12361,316,-1316,10808,CD,1,D2_pwm200_grab3
12366,-5144,-2468,9408,CD,1,D2_pwm200_grab3
12372,-256,308,7880,CD,1,D2_pwm200_grab3
12376,312,2268,7116,CD,1,D2_pwm200_grab3
12382,2172,1468,10088,CD,1,D2_pwm200_grab3
12386,-3172,-4892,7760,CD,1,D2_pwm200_grab3
12391,2128,-4040,6676,CD,1,D2_pwm200_grab3
12397,-500,-576,11532,CD,1,D2_pwm200_grab3
12402,2228,-928,10896,CD,1,D2_pwm200_grab3
12406,2048,-832,10676,CD,1,D2_pwm200_grab3
12411,-3804,-1936,9328,CD,1,D2_pwm200_grab3
12417,388,-1552,8508,CD,1,D2_pwm200_grab3
12421,7088,3068,8448,CD,1,D2_pwm200_grab3
12426,-3588,2140,15832,CD,1,D2_pwm200_grab3
12431,-6548,-3680,9932,CD,1,D2_pwm200_grab3
12436,636,-252,7344,CD,1,D2_pwm200_grab3
12442,16,1480,7028,CD,1,D2_pwm200_grab3
12446,-1456,2424,10316,CD,1,D2_pwm200_grab3
12452,960,-572,7660,CD,1,D2_pwm200_grab3
12456,-2612,-1792,11332,CD,1,D2_pwm200_grab3
12466,3728,1752,13896,CD,1,D2_pwm200_grab3
12471,-984,1992,12048,CD,1,D2_pwm200_grab3
12481,2240,-2412,10584,CD,1,D2_pwm200_grab3
12486,2792,2288,10568,CD,1,D2_pwm200_grab3
12491,-412,200,12124,CD,1,D2_pwm200_grab3
12497,256,-2632,12164,CD,1,D2_pwm200_grab3
12502,3832,-2760,7424,CD,1,D2_pwm200_grab3
12507,3336,372,12880,CD,1,D2_pwm200_grab3
12513,4460,132,13900,CD,1,D2_pwm200_grab3
12518,4672,676,11996,CD,1,D2_pwm200_grab3
12523,-3352,-2604,11400,CD,1,D2_pwm200_grab3
12527,584,324,9036,CD,1,D2_pwm200_grab3
12532,9440,5120,12348,CD,1,D2_pwm200_grab3
12538,900,-712,9660,CD,1,D2_pwm200_grab3
12542,1904,-3208,5284,CD,1,D2_pwm200_grab3
12547,3132,-108,7284,CD,1,D2_pwm200_grab3
12552,3376,652,8576,CD,1,D2_pwm200_grab3
12558,-16,1180,10160,CD,1,D2_pwm200_grab3
12562,3848,908,8772,CD,1,D2_pwm200_grab3
12568,-4,196,8308,CD,1,D2_pwm200_grab3
12573,-372,308,6824,CD,1,D2_pwm200_grab3
12577,3764,2284,9936,CD,1,D2_pwm200_grab3
12583,408,28,13160,CD,1,D2_pwm200_grab3
12587,-10924,-4476,8716,CD,1,D2_pwm200_grab3
12593,3480,-3204,10264,CD,1,D2_pwm200_grab3
12597,3272,1652,9008,CD,1,D2_pwm200_grab3
12602,2260,2064,12108,CD,1,D2_pwm200_grab3
12607,-1036,-1660,10072,CD,1,D2_pwm200_grab3
12613,4712,-2796,4392,CD,1,D2_pwm200_grab3
12617,1176,-1232,10396,CD,1,D2_pwm200_grab3
12622,4776,-928,12588,CD,1,D2_pwm200_grab3
12628,2968,-604,12108,CD,1,D2_pwm200_grab3
12633,-2468,-948,6484,CD,1,D2_pwm200_grab3
12638,156,-2120,6148,CD,1,D2_pwm200_grab3
12643,8944,4116,12160,CD,1,D2_pwm200_grab3
12647,-4388,2944,13764,CD,1,D2_pwm200_grab3
12653,-5400,-3772,8808,CD,1,D2_pwm200_grab3
12658,488,-1184,6892,CD,1,D2_pwm200_grab3
12663,-300,820,6708,CD,2,D2_pwm200_grab3
12667,-4180,1796,10332,CD,2,D2_pwm200_grab3
12673,-4164,1712,11556,CD,2,D2_pwm200_grab3
12678,-4800,476,7816,CD,2,D2_pwm200_grab3
12687,2652,-1288,11212,CD,2,D2_pwm200_grab3
12692,-2124,1680,12056,CD,2,D2_pwm200_grab3
12698,-9488,-2824,10924,CD,2,D2_pwm200_grab3
12702,480,-3016,10152,CD,2,D2_pwm200_grab3
12708,3696,2540,9876,CD,2,D2_pwm200_grab3
12712,-2124,-180,13172,CD,2,D2_pwm200_grab3
12717,6408,3404,10064,CD,2,D2_pwm200_grab3
12722,-308,-544,11932,CD,2,D2_pwm200_grab3
12727,240,-4984,7472,CD,2,D2_pwm200_grab3
12737,2776,5372,12416,CD,2,D2_pwm200_grab3
12742,-2060,-404,9404,CD,2,D2_pwm200_grab3
12747,-640,-2660,8576,CD,2,D2_pwm200_grab3
12752,8232,2608,14772,CD,2,D2_pwm200_grab3
12759,-2888,3180,12160,CD,2,D2_pwm200_grab3
12764,-3212,-1220,9292,CD,2,D2_pwm200_grab3
12769,3476,276,8668,CD,2,D2_pwm200_grab3
12774,2960,516,9044,CD,2,D2_pwm200_grab3
12778,-1080,2620,12372,CD,2,D2_pwm200_grab3
12783,3144,908,9364,CD,2,D2_pwm200_grab3
12788,408,-1872,6572,CD,2,D2_pwm200_grab3
12794,364,-876,7104,CD,2,D2_pwm200_grab3
12800,3516,3588,11568,CD,2,D2_pwm200_grab3
12803,2384,3456,13968,CD,2,D2_pwm200_grab3
12808,-6680,-2648,8172,CD,2,D2_pwm200_grab3
12813,3920,-3396,11276,CD,2,D2_pwm200_grab3
12818,4516,-520,14812,CD,2,D2_pwm200_grab3
12824,1224,816,13180,CD,2,D2_pwm200_grab3
12828,4240,1320,12548,CD,2,D2_pwm200_grab3
12833,3088,-1804,6168,CD,2,D2_pwm200_grab3
12839,2292,-796,10204,CD,2,D2_pwm200_grab3
12843,9204,-612,14848,CD,2,D2_pwm200_grab3
12849,4404,3712,11260,CD,2,D2_pwm200_grab3
12854,-636,-940,8240,CD,2,D2_pwm200_grab3
12859,1780,-2536,6904,CD,2,D2_pwm200_grab3
12864,7276,3344,13132,CD,2,D2_pwm200_grab3
12869,-1268,4052,9392,CD,2,D2_pwm200_grab3
12874,-1684,-2236,7932,CD,2,D2_pwm200_grab3
12879,1408,-2612,9052,CD,2,D2_pwm200_grab3
12884,572,-1000,6676,CD,2,D2_pwm200_grab3
12888,1736,-2196,8292,CD,2,D2_pwm200_grab3
12893,-3796,1836,10960,CD,2,D2_pwm200_grab3
12898,2732,964,11544,CD,2,D2_pwm200_grab3
12904,-2128,-6872,10012,CD,2,D2_pwm200_grab3
12908,4640,-1800,8180,CD,2,D2_pwm200_grab3
12914,-380,1708,11888,CD,2,D2_pwm200_grab3
12919,-3724,-2468,5244,CD,2,D2_pwm200_grab3
12924,1012,-2968,9564,CD,2,D2_pwm200_grab3
12928,-2372,-2364,7444,CD,2,D2_pwm200_grab3
12933,-1204,-1648,8416,CD,2,D2_pwm200_grab3
12938,7268,4744,8192,CD,2,D2_pwm200_grab3
12943,-3404,416,13944,CD,2,D2_pwm200_grab3
12949,-796,-6104,9236,CD,2,D2_pwm200_grab3
12954,2216,-936,11544,CD,2,D2_pwm200_grab3
12959,1504,5120,9720,CD,2,D2_pwm200_grab3
12964,-3656,240,9528,CD,2,D2_pwm200_grab3
12969,560,-1736,7068,CD,2,D2_pwm200_grab3
12973,-3560,-4416,6532,CD,2,D2_pwm200_grab3
12979,-2628,-6136,7272,CD,2,D2_pwm200_grab3
12984,4360,3304,13844,CD,2,D2_pwm200_grab3
12989,-2752,240,11328,CD,2,D2_pwm200_grab3
12994,-7008,-4420,9968,CD,2,D2_pwm200_grab3
12999,616,-1616,9416,CD,2,D2_pwm200_grab3
13004,-2976,1840,11996,CD,2,D2_pwm200_grab3
13008,-196,-952,13744,CD,2,D2_pwm200_grab3
13015,-1040,-6132,10868,CD,2,D2_pwm200_grab3
13019,3540,-1328,11884,CD,2,D2_pwm200_grab3
13025,1604,4092,14800,CD,2,D2_pwm200_grab3
13029,-5348,-1388,8300,CD,2,D2_pwm200_grab3
13035,2604,-3524,11240,CD,2,D2_pwm200_grab3
13039,3168,-160,15436,CD,2,D2_pwm200_grab3
13044,-76,388,14032,CD,2,D2_pwm200_grab3
13049,4292,988,13900,CD,2,D2_pwm200_grab3
13054,3448,-1824,6352,CD,2,D2_pwm200_grab3
13059,2048,-3464,8832,CD,2,D2_pwm200_grab3
13064,10768,-156,17104,CD,2,D2_pwm200_grab3
13070,4184,4632,12732,CD,2,D2_pwm200_grab3
13074,-316,-1316,8400,CD,2,D2_pwm200_grab3
13079,1456,-2436,8156,CD,2,D2_pwm200_grab3
13085,7976,4560,14508,CD,2,D2_pwm200_grab3
13090,-268,4300,9764,CD,2,D2_pwm200_grab3
13094,-4096,-1508,7128,CD,2,D2_pwm200_grab3
13099,1056,544,13212,CD,2,D2_pwm200_grab3
13104,-5616,-3872,7128,CD,2,D2_pwm200_grab3
13109,2116,-1304,8060,CD,2,D2_pwm200_grab3
13115,-2960,2596,11508,CD,2,D2_pwm200_grab3
13119,-4428,-296,7544,CD,2,D2_pwm200_grab3
13125,-2032,-5640,7592,CD,2,D2_pwm200_grab3
13130,4556,1004,10464,CD,2,D2_pwm200_grab3
13134,-572,2136,11860,CD,2,D2_pwm200_grab3
13140,-9756,-4496,6592,CD,2,D2_pwm200_grab3
13144,2940,-72,12256,CD,2,D2_pwm200_grab3
13149,-3940,-3724,8236,CD,2,D2_pwm200_grab3
13154,-872,288,7156,CD,2,D2_pwm200_grab3
13160,7672,4556,9172,CD,2,D2_pwm200_grab3
13165,-1524,-2036,11480,CD,2,D2_pwm200_grab3
13169,484,-6076,3324,CD,2,D2_pwm200_grab3
13174,3204,2852,14272,CD,2,D2_pwm200_grab3
13180,668,3664,11196,CD,2,D2_pwm200_grab3
13184,-4100,1848,9960,CD,2,D2_pwm200_grab3
13190,2252,368,7676,CD,2,D2_pwm200_grab3
13194,-1640,-1968,9628,CD,2,D2_pwm200_grab3
13199,-1024,-1276,8356,CD,2,D2_pwm200_grab3
13204,12,1248,12476,CD,2,D2_pwm200_grab3
13210,-2424,-2384,9836,CD,2,D2_pwm200_grab3
13214,-3228,-536,10900,CD,2,D2_pwm200_grab3
13219,-924,1472,8372,CD,2,D2_pwm200_grab3
13224,-136,1968,16196,CD,2,D2_pwm200_grab3
13229,-952,440,12088,CD,2,D2_pwm200_grab3
13234,-1212,-5888,9936,CD,2,D2_pwm200_grab3
13239,1756,-3064,9328,CD,2,D2_pwm200_grab3
13245,1772,3756,14196,CD,2,D2_pwm200_grab3
13249,-884,580,8392,CD,2,D2_pwm200_grab3
13254,2152,-1780,10496,CD,2,D2_pwm200_grab3
13259,-1720,-936,13304,CD,2,D2_pwm200_grab3
13265,-1168,28,12440,CD,2,D2_pwm200_grab3
13270,4936,3336,12908,CD,2,D2_pwm200_grab3
13275,2332,-2324,8368,CD,2,D2_pwm200_grab3
13280,-676,-3924,5572,CD,2,D2_pwm200_grab3
13285,3924,2072,12432,CD,2,D2_pwm200_grab3
13290,460,5088,15196,CD,2,D2_pwm200_grab3
13296,-1236,-2876,10196,CD,2,D2_pwm200_grab3
13300,1916,-984,11212,CD,2,D2_pwm200_grab3
13312,-2000,2932,14784,CD,2,D2_pwm200_grab3
13315,-1280,652,8312,CD,2,D2_pwm200_grab3
13320,1604,-1728,9504,CD,2,D2_pwm200_grab3
13325,1908,-1012,7796,CD,2,D2_pwm200_grab3
13330,-468,2016,11696,CD,2,D2_pwm200_grab3
13335,2768,632,9044,CD,2,D2_pwm200_grab3
13341,-1840,-3024,9232,CD,2,D2_pwm200_grab3
13346,-1104,-2568,6688,CD,2,D2_pwm200_grab3
13350,4996,4112,11840,CD,2,D2_pwm200_grab3
13356,2924,4556,14256,CD,2,D2_pwm200_grab3
13360,-7660,-3672,6432,CD,2,D2_pwm200_grab3
13365,3040,-3724,11544,CD,2,D2_pwm200_grab3
13370,4048,580,12524,CD,2,D2_pwm200_grab3
13375,776,588,14092,CD,2,D2_pwm200_grab3
13380,1964,84,12636,CD,2,D2_pwm200_grab3
13386,3640,-3916,4900,CD,2,D2_pwm200_grab3
13390,1772,76,9644,CD,2,D2_pwm200_grab3
13396,4268,-436,10916,CD,2,D2_pwm200_grab3
13400,2660,3392,10512,CD,2,D2_pwm200_grab3
13406,-1444,-1324,7636,CD,2,D2_pwm200_grab3
13411,2136,-1544,6076,CD,2,D2_pwm200_grab3
13416,8400,4956,12880,CD,2,D2_pwm200_grab3
13421,-1936,3576,10988,CD,2,D2_pwm200_grab3
13426,-5492,-2520,7340,CD,2,D2_pwm200_grab3
13431,1960,-2324,5040,CD,2,D2_pwm200_grab3
13435,568,-60,6324,CD,2,D2_pwm200_grab3
13440,-976,872,7300,CD,2,D2_pwm200_grab3
13446,-2624,2968,11460,CD,2,D2_pwm200_grab3
13450,-5588,-3448,8924,CD,2,D2_pwm200_grab3
13456,-3916,-7428,6412,CD,2,D2_pwm200_grab3
13461,3988,-360,12620,CD,2,D2_pwm200_grab3
13466,-2880,1364,12220,CD,2,D2_pwm200_grab3
13476,344,-4272,8356,CD,2,D2_pwm200_grab3
13480,-92,2840,9324,CD,2,D2_pwm200_grab3
13485,-2140,236,8288,CD,2,D2_pwm200_grab3
13490,3344,1656,11436,CD,2,D2_pwm200_grab3
13495,-720,-2956,10600,CD,2,D2_pwm200_grab3
13501,-1736,-4128,6092,CD,2,D2_pwm200_grab3
13505,1548,1332,9484,CD,2,D2_pwm200_grab3
13510,816,5336,15996,CD,2,D2_pwm200_grab3
13515,-2640,-2028,8328,CD,2,D2_pwm200_grab3
13520,636,-1684,11440,CD,2,D2_pwm200_grab3
13526,5868,3660,7780,CD,2,D2_pwm200_grab3
13531,-2424,2308,15052,CD,2,D2_pwm200_grab3
13537,-1108,-4960,10636,CD,2,D2_pwm200_grab3
13541,5756,-732,12248,CD,2,D2_pwm200_grab3
13546,3688,5244,11344,CD,2,D2_pwm200_grab3
13551,-516,872,11128,CD,2,D2_pwm200_grab3
13557,800,-1964,7496,CD,2,D2_pwm200_grab3
13561,6920,3224,16564,CD,2,D2_pwm200_grab3
13568,-236,2404,10244,CD,2,D2_pwm200_grab3
13572,4744,4528,13376,CD,2,D2_pwm200_grab3
13576,-236,1120,12292,CD,2,D2_pwm200_grab3
13581,-5936,-3076,8668,CD,2,D2_pwm200_grab3
13586,3008,-436,9688,CD,2,D2_pwm200_grab3
13592,-3356,2204,13196,CD,2,D2_pwm200_grab3
13597,-5544,152,8504,CD,2,D2_pwm200_grab3
13601,-1544,-5520,7380,CD,2,D2_pwm200_grab3
13607,5944,444,11188,CD,2,D2_pwm200_grab3
13611,3400,1852,11708,CD,2,D2_pwm200_grab3
13616,5560,932,12976,CD,2,D2_pwm200_grab3
13621,3444,-532,9976,CD,2,D2_pwm200_grab3
13627,-4064,-4132,10492,CD,2,D2_pwm200_grab3
13631,-620,440,6524,CD,2,D2_pwm200_grab3
13636,9092,5268,11996,CD,2,D2_pwm200_grab3
13641,-1040,-860,10464,CD,2,D2_pwm200_grab3
13651,3076,3028,13652,CD,2,D2_pwm200_grab3
13657,1836,1008,7140,CD,2,D2_pwm200_grab3
13661,-2856,2020,8960,CD,2,D2_pwm200_grab3
13666,2328,-536,7496,CD,2,D2_pwm200_grab3
13672,-900,-900,9516,CD,2,D2_pwm200_grab3
13676,-1180,-432,7344,CD,2,D2_pwm200_grab3
13681,-276,1512,10740,CD,2,D2_pwm200_grab3
13687,-1560,-3164,9684,CD,2,D2_pwm200_grab3
13692,-3412,-2456,8840,CD,2,D2_pwm200_grab3
13697,1252,-3856,7948,CD,2,D2_pwm200_grab3
13701,-1188,3060,9924,CD,2,D2_pwm200_grab3
13706,1672,1620,11072,CD,2,D2_pwm200_grab3
13712,-368,-6244,9708,CD,2,D2_pwm200_grab3
13716,2956,-4528,7128,CD,2,D2_pwm200_grab3
13722,388,2252,12244,CD,2,D2_pwm200_grab3
13726,-2496,-324,7988,CD,2,D2_pwm200_grab3
13731,1652,-2480,10984,CD,2,D2_pwm200_grab3
13737,-480,-1668,11380,CD,2,D2_pwm200_grab3
13742,-868,-2284,10724,CD,2,D2_pwm200_grab3
13746,6268,3760,6940,CD,2,D2_pwm200_grab3
13752,-3488,2528,15504,CD,2,D2_pwm200_grab3
13757,-1344,-5552,10264,CD,2,D2_pwm200_grab3
13761,3132,-932,11200,CD,2,D2_pwm200_grab3
13767,2928,5784,10676,CD,2,D2_pwm200_grab3
13772,-1572,984,11076,CD,2,D2_pwm200_grab3
13777,428,-1832,7096,CD,2,D2_pwm200_grab3
13782,6104,1872,16492,CD,2,D2_pwm200_grab3
13787,-144,1500,10444,CD,2,D2_pwm200_grab3
13793,-3232,-732,8404,CD,2,D2_pwm200_grab3
13797,856,-784,9228,CD,2,D2_pwm200_grab3
13802,2668,1324,9260,CD,2,D2_pwm200_grab3
13807,-1480,3348,11876,CD,2,D2_pwm200_grab3
13813,4192,2436,10140,CD,2,D2_pwm200_grab3
13817,-1548,-4236,4700,CD,2,D2_pwm200_grab3
13824,196,-1212,6992,CD,2,D2_pwm200_grab3
13828,6124,28,11892,CD,2,D2_pwm200_grab3
13832,564,4588,13408,CD,2,D2_pwm200_grab3
13837,-7368,-2676,10224,CD,2,D2_pwm200_grab3
13842,4528,-4064,10228,CD,2,D2_pwm200_grab3
13847,4092,1968,11232,CD,2,D2_pwm200_grab3
13852,1976,2580,13264,CD,2,D2_pwm200_grab3
13857,1300,-624,13836,CD,2,D2_pwm200_grab3
13862,5448,-1880,5256,CD,2,D2_pwm200_grab3
13872,1848,2108,8932,CD,2,D2_pwm200_grab3
13877,936,5340,14340,CD,2,D2_pwm200_grab3
13883,-1336,-3452,7316,CD,2,D2_pwm200_grab3
13888,2280,-1248,8324,CD,2,D2_pwm200_grab3
13893,7032,5120,5980,CD,2,D2_pwm200_grab3
13898,-1124,4436,12120,CD,2,D2_pwm200_grab3
13902,-2124,-4932,9528,CD,2,D2_pwm200_grab3
13908,-3048,28,3420,CD,2,D2_pwm200_grab3
13913,-1304,-2244,9664,CD,2,D2_pwm200_grab3
13917,-572,1404,8696,CD,2,D2_pwm200_grab3
13922,2004,2848,15248,CD,2,D2_pwm200_grab3
13927,-2668,-3332,11152,CD,2,D2_pwm200_grab3
13933,-1244,-5788,6548,CD,2,D2_pwm200_grab3
13938,3216,1204,11780,CD,2,D2_pwm200_grab3
13943,-2632,-264,11256,CD,2,D2_pwm200_grab3
13953,2540,-3860,10224,CD,2,D2_pwm200_grab3
13957,2356,-80,11188,CD,2,D2_pwm200_grab3
13963,124,888,10924,CD,2,D2_pwm200_grab3
13967,1108,-600,10648,CD,2,D2_pwm200_grab3
13972,-132,-3328,8360,CD,2,D2_pwm200_grab3
13978,-1360,-1876,9820,CD,2,D2_pwm200_grab3
13983,2268,1136,13744,CD,2,D2_pwm200_grab3
13987,96,1460,12056,CD,2,D2_pwm200_grab3
13993,-5104,-2424,9780,CD,2,D2_pwm200_grab3
13997,448,-2172,7992,CD,2,D2_pwm200_grab3
14002,5528,2748,11756,CD,2,D2_pwm200_grab3
14007,-1744,2776,12384,CD,2,D2_pwm200_grab3
14013,-7540,-3356,7720,CD,2,D2_pwm200_grab3
14018,2012,-1264,7968,CD,2,D2_pwm200_grab3
14022,92,884,8124,CD,2,D2_pwm200_grab3
14028,-2116,3300,11012,CD,2,D2_pwm200_grab3
14033,1008,584,8436,CD,2,D2_pwm200_grab3
14039,-708,-2540,6272,CD,2,D2_pwm200_grab3
14044,-1476,-2432,7224,CD,2,D2_pwm200_grab3
14049,2492,3144,14116,CD,2,D2_pwm200_grab3
14054,-3108,-1440,10872,CD,2,D2_pwm200_grab3
14059,-1700,-1676,10404,CD,2,D2_pwm200_grab3
14064,-444,920,10116,CD,2,D2_pwm200_grab3
14068,456,2300,16240,CD,2,D2_pwm200_grab3
14073,-6512,-3440,9124,CD,2,D2_pwm200_grab3
14078,-2024,-6276,8648,CD,2,D2_pwm200_grab3
14084,4596,-3148,7916,CD,2,D2_pwm200_grab3
14089,3280,3856,13580,CD,2,D2_pwm200_grab3
14094,1036,1068,9144,CD,2,D2_pwm200_grab3
14099,4156,-2200,12652,CD,2,D2_pwm200_grab3
14104,-1632,-2116,12024,CD,2,D2_pwm200_grab3
14108,256,728,12200,CD,2,D2_pwm200_grab3
14113,5356,3444,12072,CD,2,D2_pwm200_grab3
14118,1220,-1492,8648,CD,2,D2_pwm200_grab3
14123,-1008,-3984,10408,CD,2,D2_pwm200_grab3
14129,316,-740,6480,CD,2,D2_pwm200_grab3
14134,3572,4376,10180,CD,2,D2_pwm200_grab3
14138,-620,176,9576,CD,2,D2_pwm200_grab3
14143,2168,-2000,7220,CD,2,D2_pwm200_grab3
14149,4900,1180,14384,CD,2,D2_pwm200_grab3
14153,528,2156,8968,CD,2,D2_pwm200_grab3
14159,-1624,-288,7084,CD,2,D2_pwm200_grab3
14163,1128,-1964,9056,CD,2,D2_pwm200_grab3
14169,-8404,-6012,7652,CD,2,D2_pwm200_grab3
14173,2680,-2680,7948,CD,2,D2_pwm200_grab3
14178,-4064,2176,10688,CD,2,D2_pwm200_grab3
14183,2640,1300,11412,CD,2,D2_pwm200_grab3
14188,-2364,-5944,8192,CD,2,D2_pwm200_grab3
14198,-268,2368,13024,CD,2,D2_pwm200_grab3
14204,-5568,-3520,6196,CD,2,D2_pwm200_grab3
14209,-104,512,11280,CD,2,D2_pwm200_grab3
14213,-3216,-3692,7920,CD,2,D2_pwm200_grab3
14218,-632,-896,6712,CD,2,D2_pwm200_grab3
14223,6628,5312,9020,CD,2,D2_pwm200_grab3
14228,-3332,-268,12516,CD,2,D2_pwm200_grab3
14233,1480,-7148,6016,CD,2,D2_pwm200_grab3
14238,8920,112,20404,CD,2,D2_pwm200_grab3
14243,660,4912,10636,CD,2,D2_pwm200_grab3
14248,-4960,-780,7940,CD,2,D2_pwm200_grab3
14253,1336,796,7172,CD,2,D2_pwm200_grab3
14259,-1052,-4144,3604,CD,2,D2_pwm200_grab3
14264,-1628,-3308,6476,CD,2,D2_pwm200_grab3
14269,2944,2908,13880,CD,2,D2_pwm200_grab3
14274,-3016,-1492,11308,CD,2,D2_pwm200_grab3
14278,-5216,-2220,9132,CD,2,D2_pwm200_grab3
14284,-1076,-356,8628,CD,2,D2_pwm200_grab3
14288,-2588,2816,14412,CD,2,D2_pwm200_grab3
14294,-8600,-1648,6484,CD,2,D2_pwm200_grab3
14300,-3356,-6852,9364,CD,2,D2_pwm200_grab3
14304,4404,-476,12956,CD,2,D2_pwm200_grab3
14309,-264,3548,14632,CD,2,D2_pwm200_grab3
14320,3468,-3292,10064,CD,2,D2_pwm200_grab3
14325,3788,2164,12336,CD,2,D2_pwm200_grab3
14330,1128,2408,13284,CD,2,D2_pwm200_grab3
14336,444,-2100,13676,CD,2,D2_pwm200_grab3
14339,196,-832,10736,CD,2,D2_pwm200_grab3
14344,40,-4416,4452,CD,2,D2_pwm200_grab3
14350,5112,3708,13400,CD,2,D2_pwm200_grab3
14354,1480,5804,15412,CD,2,D2_pwm200_grab3
14360,-596,-2892,9224,CD,2,D2_pwm200_grab3
14364,680,-2840,8392,CD,2,D2_pwm200_grab3
14375,-1372,4744,12568,CD,2,D2_pwm200_grab3
14380,2428,2540,10248,CD,2,D2_pwm200_grab3
14385,1036,-2420,11288,CD,2,D2_pwm200_grab3
14390,-876,-2016,9096,CD,2,D2_pwm200_grab3
14395,1476,1184,10132,CD,2,D2_pwm200_grab3
14400,2712,3052,14736,CD,2,D2_pwm200_grab3
14405,-4436,-3804,9960,CD,2,D2_pwm200_grab3
14410,-764,-6052,7048,CD,2,D2_pwm200_grab3
14415,5328,2412,11132,CD,2,D2_pwm200_grab3
14419,-740,792,11200,CD,2,D2_pwm200_grab3
14424,1580,16,6748,CD,2,D2_pwm200_grab3
14430,2336,-3484,9976,CD,2,D2_pwm200_grab3
14434,-320,-2276,10744,CD,2,D2_pwm200_grab3
14440,-476,1304,10252,CD,2,D2_pwm200_grab3
14444,5484,4156,9516,CD,2,D2_pwm200_grab3
14450,-964,-3620,9272,CD,2,D2_pwm200_grab3
14460,1588,1068,9572,CD,2,D2_pwm200_grab3
14464,1004,3524,7788,CD,2,D2_pwm200_grab3
14470,-4760,840,8512,CD,2,D2_pwm200_grab3
14474,992,-1756,6608,CD,2,D2_pwm200_grab3
14480,684,-2156,13668,CD,2,D2_pwm200_grab3
14485,-436,404,9660,CD,2,D2_pwm200_grab3
14489,-4056,-364,9924,CD,2,D2_pwm200_grab3
14495,-2384,-2736,6888,CD,2,D2_pwm200_grab3
14500,-2052,-56,9072,CD,2,D2_pwm200_grab3
14504,-1012,3008,9644,CD,2,D2_pwm200_grab3
14509,-776,3444,9340,CD,2,D2_pwm200_grab3
14515,1456,748,10816,CD,2,D2_pwm200_grab3
14520,-1148,-5280,9824,CD,2,D2_pwm200_grab3
14524,2516,-3428,10160,CD,2,D2_pwm200_grab3
14530,552,2524,11356,CD,2,D2_pwm200_grab3
14534,-4564,-68,8552,CD,2,D2_pwm200_grab3
14539,1676,-2316,10208,CD,2,D2_pwm200_grab3
14544,800,-540,13180,CD,2,D2_pwm200_grab3
14551,-1176,172,13444,CD,2,D2_pwm200_grab3
14556,2584,792,12616,CD,2,D2_pwm200_grab3
14560,2896,-2616,8492,CD,2,D2_pwm200_grab3
14566,-416,-2544,7896,CD,2,D2_pwm200_grab3
14570,3628,2768,14208,CD,2,D2_pwm200_grab3
14575,1500,4840,14656,CD,2,D2_pwm200_grab3
14580,-2720,-3580,10712,CD,2,D2_pwm200_grab3
14585,1300,-1216,11440,CD,2,D2_pwm200_grab3
14590,7940,5752,10608,CD,2,D2_pwm200_grab3
14595,356,2580,9644,CD,2,D2_pwm200_grab3
14600,-840,1316,10760,CD,2,D2_pwm200_grab3
14606,172,-1612,8804,CD,2,D2_pwm200_grab3
14611,-252,656,10668,CD,2,D2_pwm200_grab3
14615,-348,2936,11972,CD,2,D2_pwm200_grab3
14621,3448,1172,9272,CD,2,D2_pwm200_grab3
14626,-2244,-4348,9184,CD,2,D2_pwm200_grab3
14630,-696,-5532,8332,CD,2,D2_pwm200_grab3
14635,5700,-272,10096,CD,2,D2_pwm200_grab3
14640,2248,4460,14732,CD,2,D2_pwm200_grab3
14645,-5680,-2920,6636,CD,2,D2_pwm200_grab3
14651,2772,-3412,11696,CD,2,D2_pwm200_grab3
14656,3232,28,12020,CD,2,D2_pwm200_grab3
14660,112,804,13948,CD,2,D2_pwm200_grab3
14665,2392,616,12552,CD,2,D2_pwm200_grab3
14670,2824,-1692,7176,CD,2,D2_pwm200_grab3
14676,2488,104,9036,CD,2,D2_pwm200_grab3
14681,3068,-960,10060,CD,2,D2_pwm200_grab3
14685,2960,4372,10940,CD,2,D2_pwm200_grab3
14690,-584,-660,8304,CD,2,D2_pwm200_grab3
14696,2472,-1748,5784,CD,2,D2_pwm200_grab3
14700,5084,1416,13956,CD,2,D2_pwm200_grab3
14705,-72,3292,8616,CD,2,D2_pwm200_grab3
14710,-3164,-596,8856,CD,2,D2_pwm200_grab3
14716,1504,-2124,7436,CD,2,D2_pwm200_grab3
14720,-6540,-5420,7316,CD,2,D2_pwm200_grab3
14725,500,-508,6304,CD,2,D2_pwm200_grab3
14730,-3692,2992,9292,CD,2,D2_pwm200_grab3
14735,-6260,-532,6728,CD,2,D2_pwm200_grab3
14741,-968,-6376,7916,CD,2,D2_pwm200_grab3
14745,3652,-2220,11256,CD,2,D2_pwm200_grab3
14750,28,1912,12564,CD,2,D2_pwm200_grab3
14760,764,-4936,9076,CD,2,D2_pwm200_grab3
14765,-3548,-3000,10124,CD,2,D2_pwm200_grab3
14771,396,-912,9640,CD,2,D2_pwm200_grab3
14776,6204,2824,10428,CD,2,D2_pwm200_grab3
14781,-3224,388,14076,CD,2,D2_pwm200_grab3
14786,-124,-6260,5708,CD,2,D2_pwm200_grab3
14791,9500,-1084,18112,CD,2,D2_pwm200_grab3
14795,1140,5944,15092,CD,2,D2_pwm200_grab3
14800,-2636,-656,7336,CD,2,D2_pwm200_grab3
14806,-620,-2948,9156,CD,2,D2_pwm200_grab3
14812,6744,2512,13708,CD,2,D2_pwm200_grab3
14817,-3072,4060,13556,CD,2,D2_pwm200_grab3
14821,-5936,-3052,9608,CD,2,D2_pwm200_grab3
14826,2412,-572,7780,CD,2,D2_pwm200_grab3
14832,2064,1504,8412,CD,2,D2_pwm200_grab3
14836,-872,3380,13196,CD,2,D2_pwm200_grab3
14841,2524,316,8876,CD,2,D2_pwm200_grab3
14846,-804,-2260,6856,CD,2,D2_pwm200_grab3
14851,-2772,-7120,10292,CD,2,D2_pwm200_grab3
14856,6432,1612,12280,CD,2,D2_pwm200_grab3
14861,-412,3432,13056,CD,2,D2_pwm200_grab3
14866,-8788,-3276,11200,CD,2,D2_pwm200_grab3
14872,4952,-2772,10576,CD,2,D2_pwm200_grab3
14877,3268,2824,10196,CD,2,D2_pwm200_grab3
14881,1252,1340,14084,CD,2,D2_pwm200_grab3
14887,-84,-1660,10788,CD,2,D2_pwm200_grab3
14891,92,432,10552,CD,2,D2_pwm200_grab3
14896,456,-3184,3848,CD,2,D2_pwm200_grab3
14901,4732,4256,14860,CD,2,D2_pwm200_grab3
14906,1552,4560,12856,CD,2,D2_pwm200_grab3
14912,-2240,-3064,9216,CD,2,D2_pwm200_grab3
14917,1300,-1548,7452,CD,2,D2_pwm200_grab3
14926,-3840,3856,14296,CD,2,D2_pwm200_grab3
14932,-2320,-2852,8980,CD,2,D2_pwm200_grab3
14936,144,-2188,6972,CD,2,D2_pwm200_grab3
14941,-268,-2968,8692,CD,2,D2_pwm200_grab3
14946,-1540,2160,9928,CD,2,D2_pwm200_grab3
14952,1296,1528,13872,CD,2,D2_pwm200_grab3
14956,-1944,-3440,10284,CD,2,D2_pwm200_grab3
14962,-1628,-5904,6624,CD,2,D2_pwm200_grab3
14966,4424,1628,10884,CD,2,D2_pwm200_grab3
14972,-1200,472,11684,CD,2,D2_pwm200_grab3
14981,1788,-4172,9636,CD,2,D2_pwm200_grab3
14986,3128,288,12856,CD,2,D2_pwm200_grab3
14991,660,1512,10960,CD,2,D2_pwm200_grab3
14996,1364,-384,13100,CD,2,D2_pwm200_grab3
15002,1168,-2996,6656,CD,2,D2_pwm200_grab3
15006,-96,-3056,8344,CD,2,D2_pwm200_grab3
15011,3884,664,12384,CD,2,D2_pwm200_grab3
15016,808,1820,13760,CD,2,D2_pwm200_grab3
15022,-2944,232,7108,CD,2,D2_pwm200_grab3
15026,-1412,-3524,7164,CD,2,D2_pwm200_grab3
15032,4612,544,14408,CD,2,D2_pwm200_grab3
15037,-3016,2508,11576,CD,2,D2_pwm200_grab3
15042,-5272,-2816,9120,CD,2,D2_pwm200_grab3
15046,1340,-968,8276,CD,2,D2_pwm200_grab3
15051,340,1220,7696,CD,2,D2_pwm200_grab3
15057,-2252,3416,12988,CD,2,D2_pwm200_grab3
15063,2020,964,8952,CD,2,D2_pwm200_grab3
15068,-3040,-3516,5424,CD,2,D2_pwm200_grab3
15073,536,-3684,7524,CD,2,D2_pwm200_grab3
15077,3316,3188,13144,CD,2,D2_pwm200_grab3
15082,-1180,-496,13016,CD,2,D2_pwm200_grab3
15088,-3860,-1484,10472,CD,2,D2_pwm200_grab3
15092,904,1136,9584,CD,2,D2_pwm200_grab3
15097,-1116,3004,17296,CD,2,D2_pwm200_grab3
15102,-8704,-2268,6836,CD,2,D2_pwm200_grab3
15108,-156,-1020,12492,CD,2,D2_pwm200_grab3
15113,4272,-2452,8224,CD,2,D2_pwm200_grab3
15117,3440,1952,12380,CD,2,D2_pwm200_grab3
15122,3184,44,11072,CD,2,D2_pwm200_grab3
15127,3232,-956,11956,CD,2,D2_pwm200_grab3
15132,-3304,-3204,11436,CD,2,D2_pwm200_grab3
15137,-760,1128,10252,CD,2,D2_pwm200_grab3
15142,7288,3648,12212,CD,2,D2_pwm200_grab3
15147,-2168,3840,13116,CD,2,D2_pwm200_grab3
15152,-4652,-1888,9032,CD,2,D2_pwm200_grab3
15157,2852,248,7248,CD,2,D2_pwm200_grab3
15163,2044,3612,9132,CD,2,D2_pwm200_grab3
15167,-140,2660,12340,CD,2,D2_pwm200_grab3
15172,2860,-896,8428,CD,2,D2_pwm200_grab3
15178,1692,824,13848,CD,2,D2_pwm200_grab3
15182,2164,1036,6656,CD,2,D2_pwm200_grab3
15187,-1808,1152,10048,CD,2,D2_pwm200_grab3
15193,-224,1020,11988,CD,2,D2_pwm200_grab3
15198,-8812,-3920,10320,CD,2,D2_pwm200_grab3
15203,3464,-3868,6872,CD,2,D2_pwm200_grab3
15208,1480,3136,9020,CD,2,D2_pwm200_grab3
15213,3616,1460,10632,CD,2,D2_pwm200_grab3
15218,-912,-3352,8616,CD,2,D2_pwm200_grab3
15222,4536,-2776,8664,CD,2,D2_pwm200_grab3
15228,3868,3384,11504,CD,2,D2_pwm200_grab3
15233,4876,-120,10680,CD,2,D2_pwm200_grab3
15237,464,2636,11528,CD,2,D2_pwm200_grab3
15242,-2920,-3740,7676,CD,2,D2_pwm200_grab3
15247,1092,-680,8188,CD,2,D2_pwm200_grab3
15252,6824,5452,5360,CD,2,D2_pwm200_grab3
15257,-4192,2124,14564,CD,2,D2_pwm200_grab3
15263,-452,-5156,8344,CD,2,D2_pwm200_grab3
15267,996,-1408,8292,CD,2,D2_pwm200_grab3
15272,1828,4376,10788,CD,2,D2_pwm200_grab3
15277,-3116,2604,9816,CD,2,D2_pwm200_grab3
15282,1756,1108,8624,CD,2,D2_pwm200_grab3
15288,-4592,-3244,7176,CD,2,D2_pwm200_grab3
15292,372,-4172,7736,CD,2,D2_pwm200_grab3
15298,2276,1920,12160,CD,2,D2_pwm200_grab3
15303,-1804,-1288,11964,CD,2,D2_pwm200_grab3
15307,-8860,-4836,8480,CD,2,D2_pwm200_grab3
15313,612,1400,8620,CD,2,D2_pwm200_grab3
15319,-4612,2112,10580,CD,2,D2_pwm200_grab3
15323,-7644,-2092,6952,CD,2,D2_pwm200_grab3
15328,-2972,-6900,10404,CD,2,D2_pwm200_grab3
15334,5864,-68,12856,CD,2,D2_pwm200_grab3
15338,-1452,1756,13444,CD,2,D2_pwm200_grab3
15344,-9136,-3440,10464,CD,2,D2_pwm200_grab3
15349,1404,-3632,9848,CD,2,D2_pwm200_grab3
15353,4456,3364,11672,CD,2,D2_pwm200_grab3
15358,-1068,1008,13720,CD,2,D2_pwm200_grab3
15363,7904,3572,12816,CD,2,D2_pwm200_grab3
15369,-1516,524,13224,CD,2,D2_pwm200_grab3
15374,1228,-4340,4796,CD,2,D2_pwm200_grab3
15384,1636,6412,14768,CD,2,D2_pwm200_grab3
15388,-3464,-2048,8336,CD,2,D2_pwm200_grab3
15394,2428,-1504,9032,CD,2,D2_pwm200_grab3
15403,1632,736,6768,CD,2,D2_pwm200_grab3
15408,3832,3732,13012,CD,2,D2_pwm200_grab3
15413,-876,-1628,9956,CD,2,D2_pwm200_grab3
15418,-3052,-1796,9500,CD,2,D2_pwm200_grab3
15423,1716,1828,11172,CD,2,D2_pwm200_grab3
15428,-580,2548,16528,CD,2,D2_pwm200_grab3
15433,-3772,-2888,9724,CD,2,D2_pwm200_grab3
15439,-2276,-5944,8396,CD,2,D2_pwm200_grab3
15443,7348,2476,10252,CD,2,D2_pwm200_grab3
15449,3756,2996,11944,CD,2,D2_pwm200_grab3
15453,-776,-1092,5460,CD,2,D2_pwm200_grab3
15459,3224,-1608,11040,CD,2,D2_pwm200_grab3
15463,-2256,-1556,10688,CD,2,D2_pwm200_grab3
15468,96,1596,9484,CD,2,D2_pwm200_grab3
15474,4152,3456,9796,CD,2,D2_pwm200_grab3
15479,1060,-760,7716,CD,2,D2_pwm200_grab3
15483,-812,-2564,3164,CD,2,D2_pwm200_grab3
15489,-1248,652,6476,CD,2,D2_pwm200_grab3
15493,916,4148,7072,CD,2,D2_pwm200_grab3
15499,-1484,1180,8084,CD,2,D2_pwm200_grab3
15503,784,-2236,4300,CD,2,D2_pwm200_grab3
15509,148,524,12324,CD,2,D2_pwm200_grab3
15513,-136,392,7736,CD,2,D2_pwm200_grab3
15519,-1648,-88,10620,CD,2,D2_pwm200_grab3
15523,-2096,-3032,8148,CD,2,D2_pwm200_grab3
15528,-3384,-1500,8132,CD,2,D2_pwm200_grab3
15533,1976,-1472,7108,CD,2,D2_pwm200_grab3
15539,-1044,3172,6924,CD,2,D2_pwm200_grab3
15543,1756,-604,10880,CD,2,D2_pwm200_grab3
15548,-2688,-6684,8684,CD,2,D2_pwm200_grab3
15553,4352,-2276,10928,CD,2,D2_pwm200_grab3
15559,-260,2656,13520,CD,2,D2_pwm200_grab3
15564,-4548,-1088,7128,CD,2,D2_pwm200_grab3
15569,-620,-3236,9296,CD,2,D2_pwm200_grab3
15574,2056,380,13384,CD,2,D2_pwm200_grab3
15580,-2672,844,11772,CD,2,D2_pwm200_grab3
15584,3652,-260,13160,CD,2,D2_pwm200_grab3
15589,-1464,-3492,9960,CD,2,D2_pwm200_grab3
15595,-112,-16,9048,CD,2,D2_pwm200_grab3
15599,2228,2588,9944,CD,2,D2_pwm200_grab3
15605,488,3260,14736,CD,2,D2_pwm200_grab3
15609,-2748,-2832,10336,CD,2,D2_pwm200_grab3
15614,580,-1080,9876,CD,2,D2_pwm200_grab3
15620,8,-1552,15248,CD,2,D2_pwm200_grab3
15624,364,2952,10420,CD,2,D2_pwm200_grab3
15630,-1356,-44,11436,CD,2,D2_pwm200_grab3
15634,776,-1652,7920,CD,2,D2_pwm200_grab3
15639,868,-132,9572,CD,2,D2_pwm200_grab3
15644,936,2880,12808,CD,2,D2_pwm200_grab3
15649,1740,692,13236,CD,2,D2_pwm200_grab3
15654,-2172,-4964,9792,CD,2,D2_pwm200_grab3
15660,-1232,-5548,11104,CD,2,D2_pwm200_grab3
15664,6668,544,9768,CD,2,D2_pwm200_grab3
15669,3520,4392,14792,CD,2,D2_pwm200_grab3
15674,-6040,-3168,7600,CD,2,D2_pwm200_grab3
15679,4348,-3880,12076,CD,2,D2_pwm200_grab3
15685,4668,1168,13340,CD,2,D2_pwm200_grab3
15689,1160,2788,13744,CD,2,D2_pwm200_grab3
15694,4872,892,11064,CD,2,D2_pwm200_grab3
15699,1748,-2252,7720,CD,2,D2_pwm200_grab3
15704,2436,-4064,6564,CD,2,D2_pwm200_grab3
15709,1892,-60,9076,CD,2,D2_pwm200_grab3
15715,3724,3020,10472,CD,2,D2_pwm200_grab3
15720,-1512,-1108,8704,CD,2,D2_pwm200_grab3
15724,632,-2532,6204,CD,2,D2_pwm200_grab3
15729,4800,3252,13372,CD,2,D2_pwm200_grab3
15735,-1616,3216,10564,CD,2,D2_pwm200_grab3
15740,-1500,-2564,7584,CD,2,D2_pwm200_grab3
15744,116,-444,9968,CD,2,D2_pwm200_grab3
15754,2912,-1908,8512,CD,2,D2_pwm200_grab3
15759,-3928,2228,10984,CD,2,D2_pwm200_grab3
15764,3524,528,11396,CD,2,D2_pwm200_grab3
15769,-2176,-6124,9656,CD,2,D2_pwm200_grab3
15774,6132,-1236,8264,CD,2,D2_pwm200_grab3
15779,616,1960,13472,CD,2,D2_pwm200_grab3
15784,-3492,-2360,5556,CD,2,D2_pwm200_grab3
15789,-260,416,12704,CD,2,D2_pwm200_grab3
15794,-1848,-3864,8332,CD,2,D2_pwm200_grab3
15800,-480,-1104,8012,CD,2,D2_pwm200_grab3
15804,7096,5556,8028,CD,2,D2_pwm200_grab3
15809,-4288,516,13508,CD,2,D2_pwm200_grab3
15815,-312,-6476,7244,CD,2,D2_pwm200_grab3
15819,2332,-1312,12504,CD,2,D2_pwm200_grab3
15824,1764,5000,10044,CD,2,D2_pwm200_grab3
15830,-4656,-752,8684,CD,2,D2_pwm200_grab3
15836,144,-2672,6388,CD,2,D2_pwm200_grab3
15841,3712,364,14680,CD,2,D2_pwm200_grab3
15845,-1108,1268,10384,CD,2,D2_pwm200_grab3
15851,-4272,-2480,9620,CD,2,D2_pwm200_grab3
15855,-1128,-2412,7068,CD,2,D2_pwm200_grab3
15861,-380,944,9684,CD,2,D2_pwm200_grab3
15865,-1268,3156,10536,CD,2,D2_pwm200_grab3
15870,1516,892,12220,CD,2,D2_pwm200_grab3
15876,1388,-812,10996,CD,2,D2_pwm200_grab3
15881,-1108,-6252,10644,CD,2,D2_pwm200_grab3
15886,3784,-2312,11704,CD,2,D2_pwm200_grab3
15890,1864,3428,14436,CD,2,D2_pwm200_grab3
15896,-3576,208,10040,CD,2,D2_pwm200_grab3
15900,2408,-2984,11240,CD,2,D2_pwm200_grab3
15906,1352,-152,14656,CD,2,D2_pwm200_grab3
15910,144,2040,13496,CD,2,D2_pwm200_grab3
15921,-2040,2936,14544,CD,2,D2_pwm200_grab3
15925,-268,-3076,10192,CD,2,D2_pwm200_grab3
15931,2260,56,8624,CD,2,D2_pwm200_grab3
15935,3308,4728,12200,CD,2,D2_pwm200_grab3
15941,-492,-1144,9436,CD,2,D2_pwm200_grab3
15946,984,-2516,7452,CD,2,D2_pwm200_grab3
15951,3996,264,15784,CD,2,D2_pwm200_grab3
15955,460,2048,8392,CD,2,D2_pwm200_grab3
15960,5700,3832,11440,CD,2,D2_pwm200_grab3
15966,276,1060,12632,CD,2,D2_pwm200_grab3
15971,-7428,-5368,8288,CD,2,D2_pwm200_grab3
15976,3676,-2344,9340,CD,2,D2_pwm200_grab3
15981,-1320,3700,9148,CD,2,D2_pwm200_grab3
15985,3124,404,11080,CD,2,D2_pwm200_grab3
15991,272,-5192,9036,CD,2,D2_pwm200_grab3
15996,4956,-1532,8396,CD,2,D2_pwm200_grab3
16001,696,-1904,7172,CD,2,D2_pwm200_grab3
16005,4072,1400,7504,CD,2,D2_pwm200_grab3
16011,1956,2132,12632,CD,2,D2_pwm200_grab3
16016,-1668,-4556,8028,CD,2,D2_pwm200_grab3
16020,832,-380,9480,CD,2,D2_pwm200_grab3
16030,-4816,1704,15356,CD,2,D2_pwm200_grab3
16036,-1324,-5188,8348,CD,2,D2_pwm200_grab3
16040,-1544,-900,6768,CD,2,D2_pwm200_grab3
16046,-2460,-1600,7916,CD,2,D2_pwm200_grab3
16050,-3508,2244,10388,CD,2,D2_pwm200_grab3
16055,944,1112,12300,CD,2,D2_pwm200_grab3
16060,-4624,-4408,9364,CD,2,D2_pwm200_grab3
16065,-896,-6812,7220,CD,2,D2_pwm200_grab3
16070,1856,2140,12808,CD,2,D2_pwm200_grab3
16075,-2864,-628,11108,CD,2,D2_pwm200_grab3
16081,-9948,-4616,10788,CD,2,D2_pwm200_grab3
16087,1288,-1344,7472,CD,2,D2_pwm200_grab3
16092,-3440,2920,12236,CD,2,D2_pwm200_grab3
16096,2404,-880,10452,CD,2,D2_pwm200_grab3
16101,-2588,-7380,10952,CD,2,D2_pwm200_grab3
16106,4320,-3120,10828,CD,2,D2_pwm200_grab3
16112,-132,3520,13020,CD,2,D2_pwm200_grab3
16117,-4804,-616,7940,CD,2,D2_pwm200_grab3
16121,2816,-3044,11296,CD,2,D2_pwm200_grab3
16126,1676,804,13036,CD,2,D2_pwm200_grab3
16132,400,-356,10372,CD,2,D2_pwm200_grab3
16136,8076,3760,8804,CD,2,D2_pwm200_grab3
16142,-1780,2344,14488,CD,2,D2_pwm200_grab3
16146,320,-4720,9788,CD,2,D2_pwm200_grab3
16152,6868,32,14116,CD,2,D2_pwm200_grab3
16156,3560,6056,12732,CD,2,D2_pwm200_grab3
16162,-3040,-1520,9148,CD,2,D2_pwm200_grab3
16167,668,-2004,8984,CD,2,D2_pwm200_grab3
16171,-2316,-3104,9004,CD,2,D2_pwm200_grab3
16177,84,-4880,6744,CD,2,D2_pwm200_grab3
16182,4916,4620,13108,CD,2,D2_pwm200_grab3
16187,-1356,612,11908,CD,2,D2_pwm200_grab3
16191,-5644,-5212,8236,CD,2,D2_pwm200_grab3
16197,2364,-1336,10264,CD,2,D2_pwm200_grab3
16201,-3520,1944,11468,CD,2,D2_pwm200_grab3
16206,2388,-772,11740,CD,2,D2_pwm200_grab3
16212,-1904,-5076,10428,CD,2,D2_pwm200_grab3
16216,2928,-2040,7220,CD,2,D2_pwm200_grab3
16221,2988,36,9636,CD,2,D2_pwm200_grab3
16226,4844,2444,12560,CD,2,D2_pwm200_grab3
16232,3004,8,13000,CD,2,D2_pwm200_grab3
16237,-2844,-4464,7940,CD,2,D2_pwm200_grab3
16241,2600,1344,8824,CD,2,D2_pwm200_grab3
16246,8104,6092,8064,CD,2,D2_pwm200_grab3
16252,-1360,980,11032,CD,2,D2_pwm200_grab3
16256,-1868,-1584,7044,CD,2,D2_pwm200_grab3
16262,428,-1788,7852,CD,2,D2_pwm200_grab3
16266,616,-620,7496,CD,2,D2_pwm200_grab3
16271,-1492,3244,9792,CD,2,D2_pwm200_grab3
16276,3612,1168,7700,CD,2,D2_pwm200_grab3
16281,-3604,-2984,5080,CD,2,D2_pwm200_grab3
16286,1312,-4708,4904,CD,2,D2_pwm200_grab3
16291,1280,1084,12588,CD,2,D2_pwm200_grab3
16297,-2072,-1456,10104,CD,2,D2_pwm200_grab3
16301,-4592,-2496,5756,CD,2,D2_pwm200_grab3
16307,2184,-4620,7780,CD,2,D2_pwm200_grab3
16311,3012,576,11348,CD,2,D2_pwm200_grab3
16317,-264,736,12588,CD,2,D2_pwm200_grab3
16321,3044,1612,9608,CD,2,D2_pwm200_grab3
16326,1336,-3888,7816,CD,2,D2_pwm200_grab3
16332,-708,-1152,11144,CD,2,D2_pwm200_grab3
16336,3004,1096,14060,CD,2,D2_pwm200_grab3
16343,624,1084,13292,CD,2,D2_pwm200_grab3
16348,-2648,-2628,8524,CD,2,D2_pwm200_grab3
16352,-592,-692,11708,CD,2,D2_pwm200_grab3
16357,7884,3144,9080,CD,2,D2_pwm200_grab3
16363,-3292,1452,15948,CD,2,D2_pwm200_grab3
16367,716,-4380,8824,CD,2,D2_pwm200_grab3
16377,2372,5320,11048,CD,2,D2_pwm200_grab3
16382,-3224,-1044,10064,CD,2,D2_pwm200_grab3
16388,1224,432,11764,CD,2,D2_pwm200_grab3
16392,-2784,-3656,11928,CD,2,D2_pwm200_grab3
16398,-512,-5192,7808,CD,2,D2_pwm200_grab3
16402,3792,2192,13364,CD,2,D2_pwm200_grab3
16408,-2948,460,10792,CD,2,D2_pwm200_grab3
16417,2464,-220,11392,CD,2,D2_pwm200_grab3
16423,-2840,2192,12440,CD,2,D2_pwm200_grab3
16428,-244,1356,13732,CD,2,D2_pwm200_grab3
16432,3312,2016,12424,CD,2,D2_pwm200_grab3
16438,3384,-2056,7520,CD,2,D2_pwm200_grab3
16443,588,-1920,9156,CD,2,D2_pwm200_grab3
16447,5216,1992,12124,CD,2,D2_pwm200_grab3
16453,2168,4188,15992,CD,2,D2_pwm200_grab3
16458,-1836,-4096,9548,CD,2,D2_pwm200_grab3
16462,1796,-364,11504,CD,2,D2_pwm200_grab3
16472,612,1828,7960,CD,2,D2_pwm200_grab3
16478,-740,856,10024,CD,2,D2_pwm200_grab3
16482,40,-1260,9000,CD,2,D2_pwm200_grab3
16487,564,-1760,8488,CD,2,D2_pwm200_grab3
16492,692,2456,11460,CD,2,D2_pwm200_grab3
16498,1844,120,10960,CD,2,D2_pwm200_grab3
16502,-3104,-2680,11008,CD,2,D2_pwm200_grab3
16507,-1540,-4948,7084,CD,2,D2_pwm200_grab3
16512,5188,-1452,8144,CD,2,D2_pwm200_grab3
16517,3300,2476,11276,CD,2,D2_pwm200_grab3
16522,-976,-952,6512,CD,2,D2_pwm200_grab3
16527,1896,-3944,9472,CD,2,D2_pwm200_grab3
16532,-2800,-964,10176,CD,2,D2_pwm200_grab3
16537,196,2724,10204,CD,2,D2_pwm200_grab3
16543,5508,3524,9228,CD,2,D2_pwm200_grab3
16548,476,-3252,7196,CD,2,D2_pwm200_grab3
16552,-872,-2836,3408,CD,2,D2_pwm200_grab3
16558,-3464,1240,5236,CD,2,D2_pwm200_grab3
16562,1492,3760,7020,CD,2,D2_pwm200_grab3
16567,-3496,1148,7524,CD,2,D2_pwm200_grab3
16573,2084,-1540,4652,CD,2,D2_pwm200_grab3
16577,-716,-236,12656,CD,2,D2_pwm200_grab3
16582,356,-548,5608,CD,2,D2_pwm200_grab3
16587,-212,-196,11308,CD,2,D2_pwm200_grab3
16593,-2264,-3076,10216,CD,2,D2_pwm200_grab3
16599,-4044,-772,9228,CD,2,D2_pwm200_grab3
16603,-2012,1628,8484,CD,2,D2_pwm200_grab3
16608,-676,2124,15460,CD,2,D2_pwm200_grab3
16613,-9828,-3364,4708,CD,2,D2_pwm200_grab3
16619,-2504,-7380,9552,CD,2,D2_pwm200_grab3
16624,2884,428,12192,CD,2,D2_pwm200_grab3
16628,-960,852,12784,CD,2,D2_pwm200_grab3
16638,2672,-1632,9540,CD,2,D2_pwm200_grab3
16643,-4296,-2292,9928,CD,2,D2_pwm200_grab3
16648,-968,1280,11196,CD,2,D2_pwm200_grab3
16654,7680,2868,12584,CD,2,D2_pwm200_grab3
16659,-520,-1312,11952,CD,2,D2_pwm200_grab3
16664,896,-3988,6300,CD,2,D2_pwm200_grab3
16673,1580,5156,13700,CD,2,D2_pwm200_grab3
16678,-2556,-2540,9572,CD,2,D2_pwm200_grab3
16684,2568,84,10564,CD,2,D2_pwm200_grab3
16688,-1172,-1104,6736,CD,2,D2_pwm200_grab3
16694,0,-876,7740,CD,2,D2_pwm200_grab3
16699,3536,3128,12380,CD,2,D2_pwm200_grab3
16704,-1268,-660,11532,CD,2,D2_pwm200_grab3
16708,-5216,-2536,8480,CD,2,D2_pwm200_grab3
16714,2896,1588,11288,CD,2,D2_pwm200_grab3
16719,-3000,1472,13128,CD,2,D2_pwm200_grab3
16723,-1732,-1988,9948,CD,2,D2_pwm200_grab3
16728,484,-460,11252,CD,2,D2_pwm200_grab3
16734,4096,-2272,5872,CD,2,D2_pwm200_grab3
16738,3468,2004,11732,CD,2,D2_pwm200_grab3
16744,4316,1932,14160,CD,2,D2_pwm200_grab3
16748,3960,-604,11552,CD,2,D2_pwm200_grab3
16754,-1472,-3744,9864,CD,2,D2_pwm200_grab3
16758,1524,1400,8776,CD,2,D2_pwm200_grab3
16763,9192,6788,9932,CD,2,D2_pwm200_grab3
16768,64,4136,8772,CD,2,D2_pwm200_grab3
16773,-1920,-2212,7808,CD,2,D2_pwm200_grab3
16779,888,-1724,7480,CD,2,D2_pwm200_grab3
16783,564,-428,8200,CD,2,D2_pwm200_grab3
16789,-1660,2352,9824,CD,2,D2_pwm200_grab3
16793,1420,-140,9628,CD,2,D2_pwm200_grab3
16799,-3176,-3900,5356,CD,2,D2_pwm200_grab3
16803,-1504,-4600,6736,CD,2,D2_pwm200_grab3
16809,1860,2512,11916,CD,2,D2_pwm200_grab3
16813,2324,1816,12776,CD,2,D2_pwm200_grab3
16819,-7244,-3324,7272,CD,2,D2_pwm200_grab3
16824,348,-4316,9104,CD,2,D2_pwm200_grab3
16829,2716,1284,13556,CD,2,D2_pwm200_grab3
16833,-1052,1944,10364,CD,2,D2_pwm200_grab3
16838,3080,-1276,11892,CD,2,D2_pwm200_grab3
16843,-932,-4440,7600,CD,2,D2_pwm200_grab3
16848,-1008,-1108,8200,CD,2,D2_pwm200_grab3
16855,1720,2180,9020,CD,2,D2_pwm200_grab3
16860,540,3592,13248,CD,2,D2_pwm200_grab3
16864,-3720,-2636,6736,CD,2,D2_pwm200_grab3
16869,16,-784,9848,CD,2,D2_pwm200_grab3
16874,7396,4204,7684,CD,2,D2_pwm200_grab3
16879,-3220,1412,15792,CD,2,D2_pwm200_grab3
16885,-6056,-6484,8760,CD,2,D2_pwm200_grab3
16890,-788,2540,7728,CD,2,D2_pwm200_grab3
16894,2172,4260,9008,CD,2,D2_pwm200_grab3
16900,-180,3308,12368,CD,2,D2_pwm200_grab3
16904,-892,1720,15696,CD,2,D2_pwm200_grab3
16909,-5744,-5412,10048,CD,2,D2_pwm200_grab3
16915,-2644,-6852,10196,CD,2,D2_pwm200_grab3
16919,5728,3828,13656,CD,2,D2_pwm200_grab3
16924,20,696,13416,CD,2,D2_pwm200_grab3
16930,-8632,-3664,11872,CD,2,D2_pwm200_grab3
16935,2828,-1344,10580,CD,2,D2_pwm200_grab3
16939,-3296,-2208,9868,CD,2,D2_pwm200_grab3
16945,520,1712,11036,CD,2,D2_pwm200_grab3
16950,9004,4312,11532,CD,2,D2_pwm200_grab3
16954,196,-1472,11120,CD,2,D2_pwm200_grab3
16960,468,-1116,3948,CD,2,D2_pwm200_grab3
16969,2392,4140,13316,CD,2,D2_pwm200_grab3
16975,-2376,-2732,8716,CD,2,D2_pwm200_grab3
16979,2460,-1076,8592,CD,2,D2_pwm200_grab3
16985,-280,-1264,6264,CD,2,D2_pwm200_grab3
16990,-200,-644,7592,CD,2,D2_pwm200_grab3
16994,4552,2928,11804,CD,2,D2_pwm200_grab3
16999,-248,-1172,11148,CD,2,D2_pwm200_grab3
17004,-5504,-2720,7660,CD,2,D2_pwm200_grab3
17009,3204,760,10568,CD,2,D2_pwm200_grab3
17015,-3196,1912,11524,CD,2,D2_pwm200_grab3
17019,88,-1840,10208,CD,2,D2_pwm200_grab3
17024,716,-160,10716,CD,2,D2_pwm200_grab3
17029,3816,-2304,5240,CD,2,D2_pwm200_grab3
17034,2744,2168,11212,CD,2,D2_pwm200_grab3
17039,4820,1316,11556,CD,2,D2_pwm200_grab3
17044,3100,-308,11012,CD,2,D2_pwm200_grab3
17049,-1980,-3512,8740,CD,2,D2_pwm200_grab3
17055,1552,1276,9352,CD,2,D2_pwm200_grab3
17060,9424,7228,9848,CD,2,D2_pwm200_grab3
17065,-3116,-428,13444,CD,2,D2_pwm200_grab3
17069,-1136,-2884,7816,CD,2,D2_pwm200_grab3
17075,-892,-2684,7676,CD,2,D2_pwm200_grab3
17079,-708,-612,8264,CD,2,D2_pwm200_grab3
17084,-2152,1884,9344,CD,2,D2_pwm200_grab3
17089,728,252,11716,CD,2,D2_pwm200_grab3
17095,-4680,-5140,7152,CD,2,D2_pwm200_grab3
17100,-2132,-5896,7984,CD,2,D2_pwm200_grab3
17105,1512,2512,12548,CD,2,D2_pwm200_grab3
17111,-3644,-960,9728,CD,2,D2_pwm200_grab3
17121,1952,-1204,7740,CD,2,D2_pwm200_grab3
17126,-80,2624,9368,CD,2,D2_pwm200_grab3
17131,488,-340,10952,CD,2,D2_pwm200_grab3
17136,-2848,-6480,9908,CD,2,D2_pwm200_grab3
17141,2508,-4400,8232,CD,2,D2_pwm200_grab3
17146,-316,2968,11664,CD,2,D2_pwm200_grab3
17150,2460,-788,12728,CD,2,D2_pwm200_grab3
17155,-44,4648,14152,CD,2,D2_pwm200_grab3
17161,-3676,-2172,7872,CD,2,D2_pwm200_grab3
17166,-56,-1704,8908,CD,2,D2_pwm200_grab3
17171,6900,2444,12660,CD,2,D2_pwm200_grab3
17175,-2288,4244,14012,CD,2,D2_pwm200_grab3
17181,-5756,-4260,8788,CD,2,D2_pwm200_grab3
17185,1824,-272,9436,CD,2,D2_pwm200_grab3
17191,924,1416,10176,CD,2,D2_pwm200_grab3
17195,2404,1588,11756,CD,2,D2_pwm200_grab3
17201,-3048,1896,11804,CD,2,D2_pwm200_grab3
17205,-280,-1792,11216,CD,2,D2_pwm200_grab3
17210,-2508,-6592,9944,CD,2,D2_pwm200_grab3
17215,5360,816,11352,CD,2,D2_pwm200_grab3
17220,2412,2984,14440,CD,2,D2_pwm200_grab3
17225,-2692,-1556,6700,CD,2,D2_pwm200_grab3
17230,2364,-1956,10872,CD,2,D2_pwm200_grab3
17236,564,988,12468,CD,2,D2_pwm200_grab3
17241,1912,-772,11644,CD,2,D2_pwm200_grab3
17251,-2568,3904,15212,CD,2,D2_pwm200_grab3
17256,508,-3632,8840,CD,2,D2_pwm200_grab3
17261,4452,584,7900,CD,2,D2_pwm200_grab3
17266,2524,3776,9144,CD,2,D2_pwm200_grab3
17271,-464,-36,10308,CD,2,D2_pwm200_grab3
17275,3312,-548,6744,CD,2,D2_pwm200_grab3
17280,-6212,-1440,7244,CD,2,D2_pwm200_grab3
17285,-2624,-6240,8776,CD,2,D2_pwm200_grab3
17291,6092,2128,10552,CD,2,D2_pwm200_grab3
17296,-588,652,12460,CD,2,D2_pwm200_grab3
17300,-7220,-4668,7352,CD,2,D2_pwm200_grab3
17306,2528,-3300,8756,CD,2,D2_pwm200_grab3
17310,5488,3124,11764,CD,2,D2_pwm200_grab3
17315,212,8,11624,CD,2,D2_pwm200_grab3
17320,3136,1368,11188,CD,2,D2_pwm200_grab3
17325,-1756,-632,10312,CD,2,D2_pwm200_grab3
17331,1580,-4768,6476,CD,2,D2_pwm200_grab3
17335,2616,-1404,10688,CD,2,D2_pwm200_grab3
17341,1412,3592,8628,CD,2,D2_pwm200_grab3
17345,-3220,-1872,8856,CD,2,D2_pwm200_grab3
17350,664,-2048,5888,CD,2,D2_pwm200_grab3
17355,1160,-1444,12300,CD,2,D2_pwm200_grab3
17361,-1804,1208,9068,CD,2,D2_pwm200_grab3
17367,-3284,-1208,8712,CD,2,D2_pwm200_grab3
17371,-1784,-2648,8540,CD,2,D2_pwm200_grab3
17377,-1896,-248,10116,CD,2,D2_pwm200_grab3
17382,-364,2792,9032,CD,2,D2_pwm200_grab3
17387,-544,-236,14772,CD,2,D2_pwm200_grab3
17392,-7080,-2944,7660,CD,2,D2_pwm200_grab3
17402,2756,452,12660,CD,2,D2_pwm200_grab3
17406,-3528,1444,11708,CD,2,D2_pwm200_grab3
17412,1624,140,13584,CD,2,D2_pwm200_grab3
17417,2376,-524,9504,CD,2,D2_pwm200_grab3
17421,-2552,-1928,11252,CD,2,D2_pwm200_grab3
17426,-480,472,9224,CD,2,D2_pwm200_grab3
17431,7412,2824,11456,CD,2,D2_pwm200_grab3
17437,624,-388,11328,CD,2,D2_pwm200_grab3
17442,1188,-5128,7652,CD,2,D2_pwm200_grab3
17452,1676,596,9724,CD,2,D2_pwm200_grab3
17456,280,2208,12160,CD,2,D2_pwm200_grab3
17462,1720,-408,9780,CD,2,D2_pwm200_grab3
17466,-644,-2772,8576,CD,2,D2_pwm200_grab3
17472,-788,-4852,6084,CD,2,D2_pwm200_grab3
17477,4500,4316,13804,CD,2,D2_pwm200_grab3
17481,-1632,408,13640,CD,2,D2_pwm200_grab3
17487,-6928,-5084,9072,CD,2,D2_pwm200_grab3
17492,2244,-1440,10308,CD,3,D2_pwm200_grab3
17496,2404,968,12620,CD,3,D2_pwm200_grab3
17501,-592,1672,12064,CD,3,D2_pwm200_grab3
17507,5152,2732,10384,CD,3,D2_pwm200_grab3
17512,1820,-1856,8688,CD,3,D2_pwm200_grab3
17517,1400,-1524,5508,CD,3,D2_pwm200_grab3
17521,6696,3436,16084,CD,3,D2_pwm200_grab3
17527,1376,2976,13136,CD,3,D2_pwm200_grab3
17532,-2524,-3836,7452,CD,3,D2_pwm200_grab3
17536,3116,-96,8516,CD,3,D2_pwm200_grab3
17541,56,800,7176,CD,3,D2_pwm200_grab3
17547,-428,-380,6056,CD,3,D2_pwm200_grab3
17551,3460,2332,10192,CD,3,D2_pwm200_grab3
17556,-600,-656,11772,CD,3,D2_pwm200_grab3
17561,-5684,-3464,7188,CD,3,D2_pwm200_grab3
17566,2460,-548,9368,CD,3,D2_pwm200_grab3
17572,-2808,2304,9652,CD,3,D2_pwm200_grab3
17576,1692,-688,10356,CD,3,D2_pwm200_grab3
17581,1164,856,11920,CD,3,D2_pwm200_grab3
17587,4352,-2752,5200,CD,3,D2_pwm200_grab3
17591,772,-1532,9236,CD,3,D2_pwm200_grab3
17596,3184,312,7992,CD,3,D2_pwm200_grab3
17601,2760,1896,12048,CD,3,D2_pwm200_grab3
17606,-2444,-2980,6868,CD,3,D2_pwm200_grab3
17611,1164,352,9812,CD,3,D2_pwm200_grab3
17623,-4176,1112,15436,CD,3,D2_pwm200_grab3
17627,-3652,-4596,8584,CD,3,D2_pwm200_grab3
17632,-792,156,5880,CD,3,D2_pwm200_grab3
17637,604,2032,6104,CD,3,D2_pwm200_grab3
17643,-2900,748,9584,CD,3,D2_pwm200_grab3
17647,1748,-1224,4792,CD,3,D2_pwm200_grab3
17652,-1864,-724,10952,CD,3,D2_pwm200_grab3
17658,-2004,312,9684,CD,3,D2_pwm200_grab3
17662,708,1552,11908,CD,3,D2_pwm200_grab3
17667,-1872,712,10808,CD,3,D2_pwm200_grab3
17678,1680,-2672,9612,CD,3,D2_pwm200_grab3
17682,4412,3156,14084,CD,3,D2_pwm200_grab3
17688,-660,-744,12428,CD,3,D2_pwm200_grab3
17692,580,-924,13108,CD,3,D2_pwm200_grab3
17697,2352,-3428,7976,CD,3,D2_pwm200_grab3
17702,664,-44,11736,CD,3,D2_pwm200_grab3
17708,-2364,416,8428,CD,3,D2_pwm200_grab3
17712,3280,4200,11892,CD,3,D2_pwm200_grab3
17717,-3120,-504,11396,CD,3,D2_pwm200_grab3
17723,288,-2080,7700,CD,3,D2_pwm200_grab3
17728,508,-1976,15568,CD,3,D2_pwm200_grab3
17733,-576,2328,9192,CD,3,D2_pwm200_grab3
17737,1676,1092,10636,CD,3,D2_pwm200_grab3
17743,388,-832,9228,CD,3,D2_pwm200_grab3
17748,-1312,-148,11524,CD,3,D2_pwm200_grab3
17752,3320,-1244,10656,CD,3,D2_pwm200_grab3
17758,3648,2788,11148,CD,3,D2_pwm200_grab3
17762,1184,-828,11008,CD,3,D2_pwm200_grab3
17768,-384,-1104,11684,CD,3,D2_pwm200_grab3
17772,4804,-1108,7444,CD,3,D2_pwm200_grab3
17777,3176,2036,11348,CD,3,D2_pwm200_grab3
17782,3408,-656,10380,CD,3,D2_pwm200_grab3
17788,3964,-164,11804,CD,3,D2_pwm200_grab3
17792,-1892,-3404,7736,CD,3,D2_pwm200_grab3
17798,1708,-1332,8064,CD,3,D2_pwm200_grab3
17807,-1844,4536,10428,CD,3,D2_pwm200_grab3
17812,-3764,-2768,7380,CD,3,D2_pwm200_grab3
17817,1476,-1248,8784,CD,3,D2_pwm200_grab3
17822,272,84,7480,CD,3,D2_pwm200_grab3
17827,1084,680,9448,CD,3,D2_pwm200_grab3
17833,2824,720,6732,CD,3,D2_pwm200_grab3
17837,4424,-816,9732,CD,3,D2_pwm200_grab3
17843,-2008,-5700,10816,CD,3,D2_pwm200_grab3
17847,5300,-1120,8376,CD,3,D2_pwm200_grab3
17853,952,1092,11484,CD,3,D2_pwm200_grab3
17857,-460,-1552,6208,CD,3,D2_pwm200_grab3
17862,1800,-2412,8492,CD,3,D2_pwm200_grab3
17868,-1040,-28,9180,CD,3,D2_pwm200_grab3
17873,-1268,912,10380,CD,3,D2_pwm200_grab3
17878,6420,2256,7492,CD,3,D2_pwm200_grab3
17883,-248,-2912,9992,CD,3,D2_pwm200_grab3
17893,3732,2164,14828,CD,3,D2_pwm200_grab3
17899,-1812,2652,10512,CD,3,D2_pwm200_grab3
17904,-3496,-1484,7604,CD,3,D2_pwm200_grab3
17909,-276,-2000,6580,CD,3,D2_pwm200_grab3
17914,9460,1828,12660,CD,3,D2_pwm200_grab3
17918,-3920,2224,11104,CD,3,D2_pwm200_grab3
17923,528,1388,11756,CD,3,D2_pwm200_grab3
17928,-2620,-1396,11756,CD,3,D2_pwm200_grab3
17933,-7220,-1528,9884,CD,3,D2_pwm200_grab3
17939,444,800,9272,CD,3,D2_pwm200_grab3
17943,-3444,1412,14444,CD,3,D2_pwm200_grab3
17948,2108,-1996,11556,CD,3,D2_pwm200_grab3
17953,-2772,-6012,11320,CD,3,D2_pwm200_grab3
17959,4500,-656,12184,CD,3,D2_pwm200_grab3
17963,1220,84,11684,CD,3,D2_pwm200_grab3
17968,1664,1644,11188,CD,3,D2_pwm200_grab3
17973,2556,2560,13912,CD,3,D2_pwm200_grab3
17979,-2364,-2236,10160,CD,3,D2_pwm200_grab3
17984,1204,508,11152,CD,3,D2_pwm200_grab3
17994,-2260,3156,14108,CD,3,D2_pwm200_grab3
17999,-1860,-3304,10780,CD,3,D2_pwm200_grab3
18003,772,2004,7072,CD,3,D2_pwm200_grab3
18008,-1500,-1244,11400,CD,3,D2_pwm200_grab3
18013,2216,1448,10700,CD,3,D2_pwm200_grab3
18019,-952,868,15184,CD,3,D2_pwm200_grab3
18024,-6144,-1672,8592,CD,3,D2_pwm200_grab3
18029,-1468,-5612,9436,CD,3,D2_pwm200_grab3
18033,3900,2212,12056,CD,3,D2_pwm200_grab3
18039,-444,2632,10940,CD,3,D2_pwm200_grab3
18044,-8756,-4112,8236,CD,3,D2_pwm200_grab3
18048,5156,-388,11752,CD,3,D2_pwm200_grab3
18054,-2752,-1532,9528,CD,3,D2_pwm200_grab3
18058,2164,1688,9068,CD,3,D2_pwm200_grab3
18069,-1240,1228,12252,CD,3,D2_pwm200_grab3
18073,1376,-4380,5220,CD,3,D2_pwm200_grab3
18079,7012,384,12904,CD,3,D2_pwm200_grab3
18084,1292,3172,9656,CD,3,D2_pwm200_grab3
18088,-2172,-2620,7660,CD,3,D2_pwm200_grab3
18093,1732,436,9532,CD,3,D2_pwm200_grab3
18099,-1920,-176,7684,CD,3,D2_pwm200_grab3
18104,-1284,-3688,6396,CD,3,D2_pwm200_grab3
18108,3532,1244,10792,CD,3,D2_pwm200_grab3
18114,-2928,-1424,11220,CD,3,D2_pwm200_grab3
18118,-8864,-5736,7988,CD,3,D2_pwm200_grab3
18123,528,268,8308,CD,3,D2_pwm200_grab3
18129,-1252,2752,7524,CD,3,D2_pwm200_grab3
18135,2244,-2124,10516,CD,3,D2_pwm200_grab3
18140,-2164,-5056,8428,CD,3,D2_pwm200_grab3
18144,3652,-1644,11600,CD,3,D2_pwm200_grab3
18149,520,536,11752,CD,3,D2_pwm200_grab3
18155,-3108,-888,7992,CD,3,D2_pwm200_grab3
18160,-320,-2276,8512,CD,3,D2_pwm200_grab3
18164,-288,968,12320,CD,3,D2_pwm200_grab3
18169,-2448,772,8444,CD,3,D2_pwm200_grab3
18176,4792,1676,12548,CD,3,D2_pwm200_grab3
18179,-4164,2724,15000,CD,3,D2_pwm200_grab3
18189,2008,276,6796,CD,3,D2_pwm200_grab3
18194,504,644,7204,CD,3,D2_pwm200_grab3
18199,-2420,1380,10720,CD,3,D2_pwm200_grab3
18204,392,-948,6824,CD,3,D2_pwm200_grab3
18209,-1364,-1616,6428,CD,3,D2_pwm200_grab3
18214,-496,212,8040,CD,3,D2_pwm200_grab3
18220,4536,280,12808,CD,3,D2_pwm200_grab3
18224,-820,636,12004,CD,3,D2_pwm200_grab3
18234,1952,-2348,10868,CD,3,D2_pwm200_grab3
18240,4716,3164,14644,CD,3,D2_pwm200_grab3
18245,-1116,-572,12796,CD,3,D2_pwm200_grab3
18249,2140,252,12920,CD,3,D2_pwm200_grab3
18254,3120,-2552,8648,CD,3,D2_pwm200_grab3
18259,1700,108,11308,CD,3,D2_pwm200_grab3
18265,-736,2068,8288,CD,3,D2_pwm200_grab3
18269,3944,3920,11348,CD,3,D2_pwm200_grab3
18274,-2316,-544,10276,CD,3,D2_pwm200_grab3
18280,1304,-1696,8120,CD,3,D2_pwm200_grab3
18284,972,-748,15700,CD,3,D2_pwm200_grab3
18290,-176,3428,8096,CD,3,D2_pwm200_grab3
18294,2440,1724,11076,CD,3,D2_pwm200_grab3
18299,1032,-1160,9284,CD,3,D2_pwm200_grab3
18305,-8940,-3756,10592,CD,3,D2_pwm200_grab3
18309,2820,-2100,9208,CD,3,D2_pwm200_grab3
18314,3404,2576,10536,CD,3,D2_pwm200_grab3
18319,1288,-48,10096,CD,3,D2_pwm200_grab3
18325,304,-2252,9056,CD,3,D2_pwm200_grab3
18329,3948,-2300,7788,CD,3,D2_pwm200_grab3
18334,4020,2224,11392,CD,3,D2_pwm200_grab3
18339,2060,-1796,8300,CD,3,D2_pwm200_grab3
18345,4472,-880,11280,CD,3,D2_pwm200_grab3
18349,-2672,-2628,6368,CD,3,D2_pwm200_grab3
18354,1220,-920,6888,CD,3,D2_pwm200_grab3
18360,8608,5172,9748,CD,3,D2_pwm200_grab3
18364,-2740,4388,11448,CD,3,D2_pwm200_grab3
18370,-6104,-4936,7412,CD,3,D2_pwm200_grab3
18375,756,-808,8056,CD,3,D2_pwm200_grab3
18380,8,0,6656,CD,3,D2_pwm200_grab3
18384,-2020,1064,8200,CD,3,D2_pwm200_grab3
18391,1496,-184,5804,CD,3,D2_pwm200_grab3
18395,-2044,-2832,9052,CD,3,D2_pwm200_grab3
18400,-1832,-4272,5464,CD,3,D2_pwm200_grab3
18406,2800,1044,11684,CD,3,D2_pwm200_grab3
18410,-3508,-2440,10016,CD,3,D2_pwm200_grab3
18420,-1428,-620,8936,CD,3,D2_pwm200_grab3
18426,-784,2424,10012,CD,3,D2_pwm200_grab3
18430,776,-1200,9932,CD,3,D2_pwm200_grab3
18435,4492,1652,10828,CD,3,D2_pwm200_grab3
18441,1316,-3508,9184,CD,3,D2_pwm200_grab3
18446,-3772,-1920,5448,CD,3,D2_pwm200_grab3
18450,2396,2748,10284,CD,3,D2_pwm200_grab3
18455,-3196,3372,12008,CD,3,D2_pwm200_grab3
18460,-2784,-2404,8012,CD,3,D2_pwm200_grab3
18466,-768,-1664,8696,CD,3,D2_pwm200_grab3
18470,7952,3552,10336,CD,3,D2_pwm200_grab3
18475,-952,-192,8172,CD,3,D2_pwm200_grab3
18480,2740,692,11276,CD,3,D2_pwm200_grab3
18486,-2348,-2396,11344,CD,3,D2_pwm200_grab3
18491,-3712,224,10784,CD,3,D2_pwm200_grab3
18495,1288,1984,10124,CD,3,D2_pwm200_grab3
18505,-5484,-1544,9228,CD,3,D2_pwm200_grab3
18510,-2596,-6456,9696,CD,3,D2_pwm200_grab3
18516,4940,1108,12900,CD,3,D2_pwm200_grab3
18521,3056,2544,12728,CD,3,D2_pwm200_grab3
18530,4032,12,12428,CD,3,D2_pwm200_grab3
18535,-2836,-2348,10160,CD,3,D2_pwm200_grab3
18541,2052,1048,10692,CD,3,D2_pwm200_grab3
18545,9008,5832,11276,CD,3,D2_pwm200_grab3
18551,564,1272,10812,CD,3,D2_pwm200_grab3
18555,1100,-2000,9484,CD,3,D2_pwm200_grab3
18560,1004,-1204,8292,CD,3,D2_pwm200_grab3
18566,992,696,11140,CD,3,D2_pwm200_grab3
18570,-628,556,9000,CD,3,D2_pwm200_grab3
18576,1868,192,12604,CD,3,D2_pwm200_grab3
18581,-2192,-3116,10244,CD,3,D2_pwm200_grab3
18586,-588,-4880,6500,CD,3,D2_pwm200_grab3
18590,3532,2376,11672,CD,3,D2_pwm200_grab3
18595,-44,-580,10704,CD,3,D2_pwm200_grab3
18605,3680,-2016,8668,CD,3,D2_pwm200_grab3
18611,-12,424,9860,CD,3,D2_pwm200_grab3
18616,276,1540,8652,CD,3,D2_pwm200_grab3
18621,6884,2668,10112,CD,3,D2_pwm200_grab3
18626,-524,-2396,9520,CD,3,D2_pwm200_grab3
18630,-2760,-2408,4232,CD,3,D2_pwm200_grab3
18640,-2112,2436,10336,CD,3,D2_pwm200_grab3
18646,-3732,-1900,7624,CD,3,D2_pwm200_grab3
18651,64,-1320,6504,CD,3,D2_pwm200_grab3
18657,7352,4032,12728,CD,3,D2_pwm200_grab3
18661,-3988,2928,12652,CD,3,D2_pwm200_grab3
18666,-3520,-5616,6912,CD,3,D2_pwm200_grab3
18672,-1208,-1092,7832,CD,3,D2_pwm200_grab3
18676,-1652,1460,7796,CD,3,D2_pwm200_grab3
18681,-3276,1408,11356,CD,3,D2_pwm200_grab3
18688,1016,-8,9568,CD,3,D2_pwm200_grab3
18692,-292,-1704,11008,CD,3,D2_pwm200_grab3
18697,-3436,-7028,9224,CD,3,D2_pwm200_grab3
18701,4172,-48,12432,CD,3,D2_pwm200_grab3
18706,304,1536,13264,CD,3,D2_pwm200_grab3
18711,-4288,-1864,7968,CD,3,D2_pwm200_grab3
18716,28,-1440,10228,CD,3,D2_pwm200_grab3
18722,2416,1156,13744,CD,3,D2_pwm200_grab3
18727,-2756,212,9024,CD,3,D2_pwm200_grab3
18732,9188,4368,10784,CD,3,D2_pwm200_grab3
18736,-2924,1988,14772,CD,3,D2_pwm200_grab3
18742,-1560,-3980,9816,CD,3,D2_pwm200_grab3
18746,2000,1100,8736,CD,3,D2_pwm200_grab3
18751,3208,5180,11312,CD,3,D2_pwm200_grab3
18756,-1636,640,11440,CD,3,D2_pwm200_grab3
18761,2852,-696,9096,CD,3,D2_pwm200_grab3
18766,-828,-1624,8192,CD,3,D2_pwm200_grab3
18772,-368,1240,7880,CD,3,D2_pwm200_grab3
18777,4676,2812,13756,CD,3,D2_pwm200_grab3
18781,548,1552,13268,CD,3,D2_pwm200_grab3
18786,-7608,-4516,8820,CD,3,D2_pwm200_grab3
18792,3904,-2592,11872,CD,3,D2_pwm200_grab3
18797,4944,2728,13676,CD,3,D2_pwm200_grab3
18801,-1152,-252,13088,CD,3,D2_pwm200_grab3
18807,3512,440,11736,CD,3,D2_pwm200_grab3
18811,2828,-2924,8264,CD,3,D2_pwm200_grab3
18817,1720,-2200,7472,CD,3,D2_pwm200_grab3
18821,-576,3800,8416,CD,3,D2_pwm200_grab3
18826,3944,3748,10680,CD,3,D2_pwm200_grab3
18832,-1476,-1020,9320,CD,3,D2_pwm200_grab3
18836,2660,-876,7448,CD,3,D2_pwm200_grab3
18841,-672,-216,14188,CD,3,D2_pwm200_grab3
18846,352,3596,6640,CD,3,D2_pwm200_grab3
18851,3236,2180,11304,CD,3,D2_pwm200_grab3
18857,156,-2180,9080,CD,3,D2_pwm200_grab3
18862,-8436,-4752,8756,CD,3,D2_pwm200_grab3
18866,2296,-1860,8848,CD,3,D2_pwm200_grab3
18871,5556,3172,10016,CD,3,D2_pwm200_grab3
18876,376,-156,10848,CD,3,D2_pwm200_grab3
18881,2912,-264,9812,CD,3,D2_pwm200_grab3
18887,3012,-4124,6728,CD,3,D2_pwm200_grab3
18891,2600,12,9752,CD,3,D2_pwm200_grab3
18896,2076,384,11984,CD,3,D2_pwm200_grab3
18902,3056,148,13128,CD,3,D2_pwm200_grab3
18907,-2660,-1916,9748,CD,3,D2_pwm200_grab3
18912,2388,1268,9840,CD,3,D2_pwm200_grab3
18917,8372,3800,9012,CD,3,D2_pwm200_grab3
18923,-2088,1504,12484,CD,3,D2_pwm200_grab3
18927,-1968,-5748,8188,CD,3,D2_pwm200_grab3
18933,2428,-480,6180,CD,3,D2_pwm200_grab3
18937,760,4416,8400,CD,3,D2_pwm200_grab3
18944,-1652,296,9352,CD,3,D2_pwm200_grab3
18947,-2188,76,13596,CD,3,D2_pwm200_grab3
18952,-7692,-508,6864,CD,3,D2_pwm200_grab3
18963,2316,-580,12460,CD,3,D2_pwm200_grab3
18968,-1916,928,13416,CD,3,D2_pwm200_grab3
18973,-8692,-4012,7744,CD,3,D2_pwm200_grab3
18977,964,-2028,11412,CD,3,D2_pwm200_grab3
18982,4180,2192,14116,CD,3,D2_pwm200_grab3
18987,372,-116,10428,CD,3,D2_pwm200_grab3
18992,7156,2492,9132,CD,3,D2_pwm200_grab3
18997,-812,940,14348,CD,3,D2_pwm200_grab3
19003,-2484,-4680,10068,CD,3,D2_pwm200_grab3
19008,-1924,2624,8196,CD,3,D2_pwm200_grab3
19012,1868,4956,10432,CD,3,D2_pwm200_grab3
19017,-1604,-596,9936,CD,3,D2_pwm200_grab3
19022,956,-1768,9900,CD,3,D2_pwm200_grab3
19028,-928,-1056,13760,CD,3,D2_pwm200_grab3
19033,-2764,-7052,9780,CD,3,D2_pwm200_grab3
19037,5144,1868,13428,CD,3,D2_pwm200_grab3
19042,196,1868,13584,CD,3,D2_pwm200_grab3
19047,-7960,-4228,9328,CD,3,D2_pwm200_grab3
19052,2440,-2184,11724,CD,3,D2_pwm200_grab3
19057,4904,2684,11944,CD,3,D2_pwm200_grab3
19062,-232,-804,13756,CD,3,D2_pwm200_grab3
19067,1908,1220,11888,CD,3,D2_pwm200_grab3
19072,-308,1332,14116,CD,3,D2_pwm200_grab3
19077,3384,-2840,7692,CD,3,D2_pwm200_grab3
19082,-772,2292,6776,CD,3,D2_pwm200_grab3
19088,3852,3524,10320,CD,3,D2_pwm200_grab3
19093,-1584,-1456,9024,CD,3,D2_pwm200_grab3
19098,2624,-660,6952,CD,3,D2_pwm200_grab3
19102,-324,248,14256,CD,3,D2_pwm200_grab3
19108,-56,2588,5800,CD,3,D2_pwm200_grab3
19113,2772,3008,10632,CD,3,D2_pwm200_grab3
19117,-1708,580,11704,CD,3,D2_pwm200_grab3
19123,-8208,-4244,8980,CD,3,D2_pwm200_grab3
19128,1216,-2312,8348,CD,3,D2_pwm200_grab3
19133,4992,3396,8664,CD,3,D2_pwm200_grab3
19137,328,-704,10672,CD,3,D2_pwm200_grab3
19143,2516,252,10544,CD,3,D2_pwm200_grab3
19147,2852,-3796,7692,CD,3,D2_pwm200_grab3
19153,2072,-844,9932,CD,3,D2_pwm200_grab3
19159,1612,212,13084,CD,3,D2_pwm200_grab3
19164,2640,272,12728,CD,3,D2_pwm200_grab3
19169,-3492,-1576,9840,CD,3,D2_pwm200_grab3
19173,1764,584,9344,CD,3,D2_pwm200_grab3
19178,8192,2208,9496,CD,3,D2_pwm200_grab3
19183,-2512,760,13108,CD,3,D2_pwm200_grab3
19188,-644,-4780,8076,CD,3,D2_pwm200_grab3
19194,-2208,188,4496,CD,3,D2_pwm200_grab3
19198,1696,4772,9304,CD,3,D2_pwm200_grab3
19204,-1576,1676,7636,CD,3,D2_pwm200_grab3
19208,-248,-716,13244,CD,3,D2_pwm200_grab3
19213,-6072,-1932,9208,CD,3,D2_pwm200_grab3
19223,2412,-376,12832,CD,3,D2_pwm200_grab3
19229,-3112,380,13068,CD,3,D2_pwm200_grab3
19238,1580,-1060,11552,CD,3,D2_pwm200_grab3
19244,-3496,-1696,11524,CD,3,D2_pwm200_grab3
19248,-256,128,9344,CD,3,D2_pwm200_grab3
19253,6692,3240,11504,CD,3,D2_pwm200_grab3
19258,1192,-136,12048,CD,3,D2_pwm200_grab3
19263,940,-4708,8776,CD,3,D2_pwm200_grab3
19268,8388,1156,16960,CD,3,D2_pwm200_grab3
19273,2912,5440,12272,CD,3,D2_pwm200_grab3
19279,-2408,-1772,8932,CD,3,D2_pwm200_grab3
19284,836,-1644,9448,CD,3,D2_pwm200_grab3
19288,-1016,-1884,9352,CD,3,D2_pwm200_grab3
19294,-1012,-5340,7084,CD,3,D2_pwm200_grab3
19299,5408,3920,12524,CD,3,D2_pwm200_grab3
19304,-1320,892,12324,CD,3,D2_pwm200_grab3
19308,-6580,-4284,9256,CD,3,D2_pwm200_grab3
19313,1752,-1140,10936,CD,3,D2_pwm200_grab3
19319,-192,1724,10344,CD,3,D2_pwm200_grab3
19324,1664,-204,11984,CD,3,D2_pwm200_grab3
19328,7428,4356,12028,CD,3,D2_pwm200_grab3
19334,1532,-984,9528,CD,3,D2_pwm200_grab3
19339,384,-2256,3872,CD,3,D2_pwm200_grab3
19349,1028,3084,12356,CD,3,D2_pwm200_grab3
19353,-2564,-2684,7848,CD,3,D2_pwm200_grab3
19359,2544,744,8736,CD,3,D2_pwm200_grab3
19363,8580,3452,13668,CD,3,D2_pwm200_grab3
19368,-1464,4080,9496,CD,3,D2_pwm200_grab3
19374,4532,2136,10652,CD,3,D2_pwm200_grab3
19379,-304,-12,11544,CD,3,D2_pwm200_grab3
19384,-7540,-3908,8396,CD,3,D2_pwm200_grab3
19388,2408,-1532,9776,CD,3,D2_pwm200_grab3
19393,-2212,2216,8736,CD,3,D2_pwm200_grab3
19398,2488,-748,9992,CD,3,D2_pwm200_grab3
19403,384,-4672,8264,CD,3,D2_pwm200_grab3
19409,3864,-1724,8640,CD,3,D2_pwm200_grab3
19415,2136,1172,10748,CD,3,D2_pwm200_grab3
19420,780,-1324,7704,CD,3,D2_pwm200_grab3
19424,1456,-1856,8800,CD,3,D2_pwm200_grab3
19429,-5280,-1048,9296,CD,3,D2_pwm200_grab3
19435,-604,980,7064,CD,3,D2_pwm200_grab3
19439,7872,4108,9928,CD,3,D2_pwm200_grab3
19445,-492,-1448,9600,CD,3,D2_pwm200_grab3
19450,-2644,-4256,4724,CD,3,D2_pwm200_grab3
19459,4,-392,7096,CD,3,D2_pwm200_grab3
19464,-1876,1596,10240,CD,3,D2_pwm200_grab3
19470,1392,560,5800,CD,3,D2_pwm200_grab3
19475,-2464,-1228,4992,CD,3,D2_pwm200_grab3
19480,-1728,-4896,5160,CD,3,D2_pwm200_grab3
19485,2108,1168,12032,CD,3,D2_pwm200_grab3
19490,-3088,-1484,11260,CD,3,D2_pwm200_grab3
19499,1736,-1696,9044,CD,3,D2_pwm200_grab3
19505,3864,1028,15296,CD,3,D2_pwm200_grab3
19510,-1436,-656,10940,CD,3,D2_pwm200_grab3
19514,2276,924,11636,CD,3,D2_pwm200_grab3
19519,92,-1800,10328,CD,3,D2_pwm200_grab3
19524,-976,-2472,7772,CD,3,D2_pwm200_grab3
19529,2984,2516,13332,CD,3,D2_pwm200_grab3
19534,660,4432,15180,CD,3,D2_pwm200_grab3
19540,-2728,-1268,8192,CD,3,D2_pwm200_grab3
19544,1092,-1448,8480,CD,3,D2_pwm200_grab3
19550,-844,-1488,7496,CD,3,D2_pwm200_grab3
19554,-432,388,6996,CD,3,D2_pwm200_grab3
19559,3160,1612,11860,CD,3,D2_pwm200_grab3
19564,-608,-296,12040,CD,3,D2_pwm200_grab3
19570,-5540,-1052,10288,CD,3,D2_pwm200_grab3
19575,796,1224,10124,CD,3,D2_pwm200_grab3
19579,-2864,668,14908,CD,3,D2_pwm200_grab3
19585,1244,-36,12312,CD,3,D2_pwm200_grab3
19589,1636,1112,12388,CD,3,D2_pwm200_grab3
19595,4264,-632,7420,CD,3,D2_pwm200_grab3
19599,1736,212,11328,CD,3,D2_pwm200_grab3
19604,3532,784,12836,CD,3,D2_pwm200_grab3
19609,3180,1416,14644,CD,3,D2_pwm200_grab3
19614,-3020,-2968,8728,CD,3,D2_pwm200_grab3
19619,1936,-144,12092,CD,3,D2_pwm200_grab3
19624,7916,3732,8084,CD,3,D2_pwm200_grab3
19630,-1268,1712,8620,CD,3,D2_pwm200_grab3
19634,-160,-744,8484,CD,3,D2_pwm200_grab3
19640,716,-1048,8492,CD,3,D2_pwm200_grab3
19644,-1584,-456,8624,CD,3,D2_pwm200_grab3
19649,108,216,9364,CD,3,D2_pwm200_grab3
19654,2432,688,9504,CD,3,D2_pwm200_grab3
19659,-4604,-1504,10672,CD,3,D2_pwm200_grab3
19671,3364,1064,10916,CD,3,D2_pwm200_grab3
19676,-1612,-472,10284,CD,3,D2_pwm200_grab3
19685,-144,-1860,8616,CD,3,D2_pwm200_grab3
19690,3448,2212,8464,CD,3,D2_pwm200_grab3
19696,-188,-396,9568,CD,3,D2_pwm200_grab3
19701,-224,-632,12384,CD,3,D2_pwm200_grab3
19705,1860,-3412,6388,CD,3,D2_pwm200_grab3
19712,856,-660,10380,CD,3,D2_pwm200_grab3
19720,1376,2496,9044,CD,3,D2_pwm200_grab3
19725,-3148,-1176,8528,CD,3,D2_pwm200_grab3
19731,116,-1192,6396,CD,3,D2_pwm200_grab3
19736,7932,1524,14508,CD,3,D2_pwm200_grab3
19740,-3332,1440,10036,CD,3,D2_pwm200_grab3
19746,-3684,-3180,8968,CD,3,D2_pwm200_grab3
19751,-2156,-2540,8128,CD,3,D2_pwm200_grab3
19755,-7548,-3456,10240,CD,3,D2_pwm200_grab3
19760,1680,-316,9652,CD,3,D2_pwm200_grab3
19765,-2892,888,13664,CD,3,D2_pwm200_grab3
19771,2340,-956,11012,CD,3,D2_pwm200_grab3
19776,-1616,-6280,9764,CD,3,D2_pwm200_grab3
19781,3224,-1932,11368,CD,3,D2_pwm200_grab3
19785,1656,2780,14084,CD,3,D2_pwm200_grab3
19791,-1012,-960,8440,CD,3,D2_pwm200_grab3
19795,3836,-796,11764,CD,3,D2_pwm200_grab3
19801,-2464,-1052,9856,CD,3,D2_pwm200_grab3
19805,1308,-12,11328,CD,3,D2_pwm200_grab3
19811,9576,3620,11324,CD,3,D2_pwm200_grab3
19815,-2128,3188,13628,CD,3,D2_pwm200_grab3
19821,-3000,-4084,10084,CD,3,D2_pwm200_grab3
19825,2356,2136,7908,CD,3,D2_pwm200_grab3
19830,2852,3848,11144,CD,3,D2_pwm200_grab3
19835,-1412,-204,10060,CD,3,D2_pwm200_grab3
19840,-2960,788,13780,CD,3,D2_pwm200_grab3
19845,-6772,160,8396,CD,3,D2_pwm200_grab3
19850,-2300,-5292,9104,CD,3,D2_pwm200_grab3
19855,4712,1768,11780,CD,3,D2_pwm200_grab3
19860,1280,1644,12952,CD,3,D2_pwm200_grab3
19865,-9208,-4476,8056,CD,3,D2_pwm200_grab3
19871,3524,-2576,12232,CD,3,D2_pwm200_grab3
19875,4064,2140,10296,CD,3,D2_pwm200_grab3
19880,664,-844,12620,CD,3,D2_pwm200_grab3
19885,8248,5156,8944,CD,3,D2_pwm200_grab3
19890,-1124,1232,12688,CD,3,D2_pwm200_grab3
19895,2708,-3224,7108,CD,3,D2_pwm200_grab3
19900,464,1148,7200,CD,3,D2_pwm200_grab3
19906,3480,2712,8420,CD,3,D2_pwm200_grab3
19910,-2504,-1808,8848,CD,3,D2_pwm200_grab3
19916,1384,-320,4840,CD,3,D2_pwm200_grab3
19920,-360,-552,13980,CD,3,D2_pwm200_grab3
19927,-1420,1508,7588,CD,3,D2_pwm200_grab3
19931,108,-24,8988,CD,3,D2_pwm200_grab3
19937,-1272,-2632,6804,CD,3,D2_pwm200_grab3
19942,-3808,-808,8624,CD,3,D2_pwm200_grab3
19947,-828,704,9764,CD,3,D2_pwm200_grab3
19951,-972,608,13832,CD,3,D2_pwm200_grab3
19957,-6396,-2960,8580,CD,3,D2_pwm200_grab3
19968,1332,892,11312,CD,3,D2_pwm200_grab3
19971,696,560,11712,CD,3,D2_pwm200_grab3
19976,40,-2096,8540,CD,3,D2_pwm200_grab3
19981,184,-428,9576,CD,3,D2_pwm200_grab3
19987,-4056,556,11184,CD,3,D2_pwm200_grab3
19992,-564,172,7172,CD,3,D2_pwm200_grab3
20001,-2016,-676,12068,CD,3,D2_pwm200_grab3
20006,332,-2956,6248,CD,3,D2_pwm200_grab3
20012,508,-808,8824,CD,3,D2_pwm200_grab3
20016,-588,-40,8260,CD,3,D2_pwm200_grab3
20022,-1476,1280,10320,CD,3,D2_pwm200_grab3
20026,-32,-616,9056,CD,3,D2_pwm200_grab3
20031,-2360,-2888,7880,CD,3,D2_pwm200_grab3
20042,3012,3316,13652,CD,3,D2_pwm200_grab3
20047,-3828,-1532,10636,CD,3,D2_pwm200_grab3
20051,-7676,-4060,10276,CD,3,D2_pwm200_grab3
20057,1804,-1316,9188,CD,3,D2_pwm200_grab3
20062,3548,1276,15976,CD,3,D2_pwm200_grab3
20066,-1192,-76,9620,CD,3,D2_pwm200_grab3
20071,5084,1592,11952,CD,3,D2_pwm200_grab3
20077,1588,-1976,9744,CD,3,D2_pwm200_grab3
20081,-200,-312,6888,CD,3,D2_pwm200_grab3
20087,4892,4764,15636,CD,3,D2_pwm200_grab3
20092,1024,3988,14964,CD,3,D2_pwm200_grab3
20096,-2972,588,10312,CD,3,D2_pwm200_grab3
20101,2560,-776,8128,CD,3,D2_pwm200_grab3
20107,-80,-1052,8260,CD,3,D2_pwm200_grab3
20111,-324,2036,6664,CD,3,D2_pwm200_grab3
20116,4580,2408,12996,CD,3,D2_pwm200_grab3
20121,-256,-1200,10508,CD,3,D2_pwm200_grab3
20126,-4660,-1196,9172,CD,3,D2_pwm200_grab3
20131,420,404,8944,CD,3,D2_pwm200_grab3
20136,-3272,632,12020,CD,3,D2_pwm200_grab3
20141,592,444,12496,CD,3,D2_pwm200_grab3
20146,3220,644,10996,CD,3,D2_pwm200_grab3
20152,2724,-1788,6344,CD,3,D2_pwm200_grab3
20156,1840,808,10180,CD,3,D2_pwm200_grab3
20161,3276,648,11312,CD,3,D2_pwm200_grab3
20167,2944,1088,14668,CD,3,D2_pwm200_grab3
20171,-1784,-2760,9396,CD,3,D2_pwm200_grab3
20176,3072,532,11672,CD,3,D2_pwm200_grab3
20182,7428,4684,9068,CD,3,D2_pwm200_grab3
20187,-660,2308,11972,CD,3,D2_pwm200_grab3
20192,-936,-4368,7240,CD,3,D2_pwm200_grab3
20197,1204,2160,6388,CD,3,D2_pwm200_grab3
20202,1864,3552,7696,CD,3,D2_pwm200_grab3
20207,-1852,-392,8464,CD,3,D2_pwm200_grab3
20213,1616,-1168,5820,CD,3,D2_pwm200_grab3
20217,-704,880,6744,CD,3,D2_pwm200_grab3
20222,-2312,-40,8344,CD,3,D2_pwm200_grab3
20228,2620,392,10380,CD,3,D2_pwm200_grab3
20232,-2124,-632,11756,CD,3,D2_pwm200_grab3
20242,-384,-1860,9200,CD,3,D2_pwm200_grab3
20248,4232,2240,12312,CD,3,D2_pwm200_grab3
20253,-1540,-564,11772,CD,3,D2_pwm200_grab3
20258,2236,-1252,12520,CD,3,D2_pwm200_grab3
20262,980,-3368,7016,CD,3,D2_pwm200_grab3
20267,-1416,-4340,8096,CD,3,D2_pwm200_grab3
20273,760,168,10972,CD,3,D2_pwm200_grab3
20277,1156,3108,9132,CD,3,D2_pwm200_grab3
20283,-2696,-552,8844,CD,3,D2_pwm200_grab3
20287,-296,-1588,6432,CD,3,D2_pwm200_grab3
20293,800,-2156,15112,CD,3,D2_pwm200_grab3
20297,-3204,560,10196,CD,3,D2_pwm200_grab3
20303,448,1480,12412,CD,3,D2_pwm200_grab3
20307,-3168,-2136,9820,CD,3,D2_pwm200_grab3
20318,1636,-1320,10468,CD,3,D2_pwm200_grab3
20323,3608,2660,11420,CD,3,D2_pwm200_grab3
20328,1156,460,12632,CD,3,D2_pwm200_grab3
20332,312,-2336,11208,CD,3,D2_pwm200_grab3
20338,3724,-2440,7672,CD,3,D2_pwm200_grab3
20343,2688,1240,12232,CD,3,D2_pwm200_grab3
20348,3588,2236,14408,CD,3,D2_pwm200_grab3
20352,4644,3444,12132,CD,3,D2_pwm200_grab3
20357,-2356,-408,9684,CD,3,D2_pwm200_grab3
20362,2056,-756,9416,CD,3,D2_pwm200_grab3
20368,4816,-968,15604,CD,3,D2_pwm200_grab3
20372,-540,4864,8688,CD,3,D2_pwm200_grab3
20378,1516,1024,11492,CD,3,D2_pwm200_grab3
20383,1536,-1080,8036,CD,3,D2_pwm200_grab3
20387,296,-972,10700,CD,3,D2_pwm200_grab3
20392,872,788,10296,CD,3,D2_pwm200_grab3
20397,2460,2192,9020,CD,3,D2_pwm200_grab3
20402,1560,444,9992,CD,3,D2_pwm200_grab3
20407,124,-1784,9160,CD,3,D2_pwm200_grab3
20412,2652,-2928,8236,CD,3,D2_pwm200_grab3
20417,2372,1224,10540,CD,3,D2_pwm200_grab3
20422,2204,-1564,9080,CD,3,D2_pwm200_grab3
20427,5168,292,12540,CD,3,D2_pwm200_grab3
20433,-4984,-2396,10004,CD,3,D2_pwm200_grab3
20439,2536,684,10040,CD,3,D2_pwm200_grab3
20444,8116,4252,10576,CD,3,D2_pwm200_grab3
20453,1360,-5296,6208,CD,3,D2_pwm200_grab3
20458,-12,-252,7108,CD,3,D2_pwm200_grab3
20464,3392,3544,8548,CD,3,D2_pwm200_grab3
20468,-1484,-244,8348,CD,3,D2_pwm200_grab3
20473,640,-1432,6984,CD,3,D2_pwm200_grab3
20480,-152,-1156,12484,CD,3,D2_pwm200_grab3
20484,-3356,-6440,6344,CD,3,D2_pwm200_grab3
20488,2324,60,10184,CD,3,D2_pwm200_grab3
20493,-3492,-340,11320,CD,3,D2_pwm200_grab3
20504,-628,-2136,9696,CD,3,D2_pwm200_grab3
20508,2736,2420,9436,CD,3,D2_pwm200_grab3
20513,-292,-156,10420,CD,3,D2_pwm200_grab3
20518,-408,-2404,12620,CD,3,D2_pwm200_grab3
20524,912,-1264,11028,CD,3,D2_pwm200_grab3
20529,-2232,-5188,5148,CD,3,D2_pwm200_grab3
20538,936,3976,11212,CD,3,D2_pwm200_grab3
20543,-2296,-1464,7860,CD,3,D2_pwm200_grab3
20549,-420,-1744,7932,CD,3,D2_pwm200_grab3
20553,6996,1820,14316,CD,3,D2_pwm200_grab3
20559,-3460,2632,12204,CD,3,D2_pwm200_grab3
20564,-2376,-1304,9992,CD,3,D2_pwm200_grab3
20568,-1228,-484,12200,CD,3,D2_pwm200_grab3
20578,1880,-1280,10580,CD,3,D2_pwm200_grab3
20583,-204,2308,11220,CD,3,D2_pwm200_grab3
20589,3064,-256,11600,CD,3,D2_pwm200_grab3
20594,-1780,-5548,9056,CD,3,D2_pwm200_grab3
20598,4340,-2232,10720,CD,3,D2_pwm200_grab3
20603,728,1124,12432,CD,3,D2_pwm200_grab3
20609,4544,3348,13764,CD,3,D2_pwm200_grab3
20614,1168,4452,12772,CD,3,D2_pwm200_grab3
20619,-2992,-1460,8548,CD,3,D2_pwm200_grab3
20623,616,-1312,9440,CD,3,D2_pwm200_grab3
20634,-1676,3728,11492,CD,3,D2_pwm200_grab3
20639,-2952,-1560,9124,CD,3,D2_pwm200_grab3
20643,2128,384,9620,CD,3,D2_pwm200_grab3
20648,2684,-504,8916,CD,3,D2_pwm200_grab3
20654,2192,-936,10204,CD,3,D2_pwm200_grab3
20658,-2756,1024,11012,CD,3,D2_pwm200_grab3
20664,1492,-428,12112,CD,3,D2_pwm200_grab3
20669,344,-4760,8080,CD,3,D2_pwm200_grab3
20673,5248,-400,10836,CD,3,D2_pwm200_grab3
20678,2376,2028,11416,CD,3,D2_pwm200_grab3
20684,-2276,-948,6236,CD,3,D2_pwm200_grab3
20688,2852,-2888,10948,CD,3,D2_pwm200_grab3
20695,-2684,-448,10000,CD,3,D2_pwm200_grab3
20700,-296,280,9200,CD,3,D2_pwm200_grab3
20705,5444,4448,9820,CD,3,D2_pwm200_grab3
20710,2340,-1884,7900,CD,3,D2_pwm200_grab3
20719,3100,1736,10928,CD,3,D2_pwm200_grab3
20724,1664,3104,10808,CD,3,D2_pwm200_grab3
20730,-2860,-2084,6440,CD,3,D2_pwm200_grab3
20734,1492,-1112,7544,CD,3,D2_pwm200_grab3
20740,-1648,-1196,5804,CD,3,D2_pwm200_grab3
20749,996,48,10704,CD,3,D2_pwm200_grab3
20754,-840,-1380,10800,CD,3,D2_pwm200_grab3
20759,-8468,-1924,7628,CD,3,D2_pwm200_grab3
20765,-344,-996,7636,CD,3,D2_pwm200_grab3
20769,-4032,1040,12164,CD,3,D2_pwm200_grab3
20775,-784,-1512,9508,CD,3,D2_pwm200_grab3
20780,-144,72,12412,CD,3,D2_pwm200_grab3
20785,1336,-3736,8428,CD,3,D2_pwm200_grab3
20789,-1684,-1972,10316,CD,3,D2_pwm200_grab3
20794,1128,-604,8692,CD,3,D2_pwm200_grab3
20799,348,3124,15096,CD,3,D2_pwm200_grab3
20804,-2404,-1036,9616,CD,3,D2_pwm200_grab3
20809,-332,-1296,10088,CD,3,D2_pwm200_grab3
20825,-576,936,11260,CD,3,D2_pwm200_grab3
20830,-372,-608,9892,CD,3,D2_pwm200_grab3
20834,-3820,-1036,11072,CD,3,D2_pwm200_grab3
20839,304,904,10984,CD,3,D2_pwm200_grab3
20850,-6516,-320,9440,CD,3,D2_pwm200_grab3
20854,-2856,-6072,10808,CD,3,D2_pwm200_grab3
20859,5400,524,11920,CD,3,D2_pwm200_grab3
20864,1288,-336,12252,CD,3,D2_pwm200_grab3
20869,4564,500,14136,CD,3,D2_pwm200_grab3
20874,3336,2468,14096,CD,3,D2_pwm200_grab3
20880,-1100,-3056,10172,CD,3,D2_pwm200_grab3
20884,940,-1036,11784,CD,3,D2_pwm200_grab3
20895,-704,2452,14144,CD,3,D2_pwm200_grab3
20900,2188,-1648,9564,CD,3,D2_pwm200_grab3
20905,-1896,2824,6972,CD,3,D2_pwm200_grab3
20909,-532,-408,9544,CD,3,D2_pwm200_grab3
20914,416,796,9840,CD,3,D2_pwm200_grab3
20919,2364,1308,12636,CD,3,D2_pwm200_grab3
20925,-4484,-980,10116,CD,3,D2_pwm200_grab3
20929,-700,-5724,5984,CD,3,D2_pwm200_grab3
20934,4800,1520,11060,CD,3,D2_pwm200_grab3
20939,-136,1532,10760,CD,3,D2_pwm200_grab3
20950,1992,-3428,9712,CD,3,D2_pwm200_grab3
20955,3684,1740,9840,CD,3,D2_pwm200_grab3
20960,636,500,10592,CD,3,D2_pwm200_grab3
20965,832,1332,11816,CD,3,D2_pwm200_grab3
20970,2420,-2820,6140,CD,3,D2_pwm200_grab3
20976,1112,-1092,10024,CD,3,D2_pwm200_grab3
20981,2596,-692,11988,CD,3,D2_pwm200_grab3
20986,3764,2056,13068,CD,3,D2_pwm200_grab3
20992,-1300,-2404,7444,CD,3,D2_pwm200_grab3
20996,1732,-728,5632,CD,3,D2_pwm200_grab3
21000,1300,-2472,14040,CD,3,D2_pwm200_grab3
21005,-1048,180,6656,CD,3,D2_pwm200_grab3
21011,-1312,-1324,9252,CD,3,D2_pwm200_grab3
21016,-1244,-2268,8200,CD,3,D2_pwm200_grab3
21021,-2744,-576,8960,CD,3,D2_pwm200_grab3
21025,-352,472,8556,CD,3,D2_pwm200_grab3
21030,-588,1336,15232,CD,3,D2_pwm200_grab3
21035,452,280,11664,CD,3,D2_pwm200_grab3
21041,-2536,-2932,11724,CD,3,D2_pwm200_grab3
21045,2136,-3452,8200,CD,3,D2_pwm200_grab3
21050,356,-64,12476,CD,3,D2_pwm200_grab3
21055,1844,-832,13848,CD,3,D2_pwm200_grab3
21060,2848,1816,12772,CD,3,D2_pwm200_grab3
21065,-1264,-1684,10244,CD,3,D2_pwm200_grab3
21070,184,-864,9364,CD,3,D2_pwm200_grab3
21075,8404,2224,11308,CD,3,D2_pwm200_grab3
21080,-1212,2832,10748,CD,3,D2_pwm200_grab3
21085,-2120,-1412,9388,CD,3,D2_pwm200_grab3
21091,900,80,9508,CD,3,D2_pwm200_grab3
21095,-212,656,10928,CD,3,D2_pwm200_grab3
21101,-716,1436,10560,CD,3,D2_pwm200_grab3
21105,1188,292,16216,CD,3,D2_pwm200_grab3
21110,-1612,-2792,12876,CD,3,D2_pwm200_grab3
21115,-2816,-6656,8752,CD,3,D2_pwm200_grab3
21120,3296,-2956,9700,CD,3,D2_pwm200_grab3
21125,2472,2148,12964,CD,3,D2_pwm200_grab3
21131,1156,-612,7988,CD,3,D2_pwm200_grab3
21136,3336,736,10452,CD,3,D2_pwm200_grab3
21140,-820,-1980,12912,CD,3,D2_pwm200_grab3
21145,1256,164,10016,CD,3,D2_pwm200_grab3
21151,8236,5308,10360,CD,3,D2_pwm200_grab3
21156,1820,1380,11556,CD,3,D2_pwm200_grab3
21161,3212,-3012,6980,CD,3,D2_pwm200_grab3
21165,2652,-24,7704,CD,3,D2_pwm200_grab3
21170,556,-372,9764,CD,3,D2_pwm200_grab3
21175,-1272,1444,9280,CD,3,D2_pwm200_grab3
21180,1780,236,13264,CD,3,D2_pwm200_grab3
21185,-1560,-2056,11772,CD,3,D2_pwm200_grab3
21191,-1456,-5084,7156,CD,3,D2_pwm200_grab3
21196,4148,2952,11048,CD,3,D2_pwm200_grab3
21201,-308,-144,9876,CD,3,D2_pwm200_grab3
21211,3056,-3016,11388,CD,3,D2_pwm200_grab3
21217,1580,2288,8000,CD,3,D2_pwm200_grab3
21221,2432,1472,11732,CD,3,D2_pwm200_grab3
21227,-968,-404,11500,CD,3,D2_pwm200_grab3
21231,4168,-1812,6488,CD,3,D2_pwm200_grab3
21237,1388,-1068,10492,CD,3,D2_pwm200_grab3
21242,2356,-1668,11252,CD,3,D2_pwm200_grab3
21248,4128,884,11376,CD,3,D2_pwm200_grab3
21251,-2220,-1176,7984,CD,3,D2_pwm200_grab3
21256,1288,-912,6388,CD,3,D2_pwm200_grab3
21262,256,-1052,13476,CD,3,D2_pwm200_grab3
21267,-1900,1468,7724,CD,3,D2_pwm200_grab3
21272,-1016,-164,8336,CD,3,D2_pwm200_grab3
21276,-1564,-2612,7436,CD,3,D2_pwm200_grab3
21281,-2864,-1332,8332,CD,3,D2_pwm200_grab3
21286,-704,880,9200,CD,3,D2_pwm200_grab3
21292,1228,2568,6496,CD,3,D2_pwm200_grab3
21296,976,408,10576,CD,3,D2_pwm200_grab3
21301,-1252,-2460,9892,CD,3,D2_pwm200_grab3
21306,2496,-3804,9504,CD,3,D2_pwm200_grab3
21312,632,-1056,11960,CD,3,D2_pwm200_grab3
21317,2536,-796,12592,CD,3,D2_pwm200_grab3
21322,788,876,11920,CD,3,D2_pwm200_grab3
21327,-2700,-1960,10312,CD,3,D2_pwm200_grab3
21331,-776,-1688,8932,CD,3,D2_pwm200_grab3
21336,6420,1048,14372,CD,3,D2_pwm200_grab3
21346,-2080,-2576,8988,CD,3,D2_pwm200_grab3
21351,-1316,-1924,8964,CD,3,D2_pwm200_grab3
21357,60,1164,10940,CD,3,D2_pwm200_grab3
21362,-112,1592,9960,CD,3,D2_pwm200_grab3
21372,-5276,-3176,9516,CD,3,D2_pwm200_grab3
21376,-1612,-4732,10000,CD,3,D2_pwm200_grab3
21381,3820,-3276,9908,CD,3,D2_pwm200_grab3
21386,2500,2744,13236,CD,3,D2_pwm200_grab3
21392,4260,456,14500,CD,3,D2_pwm200_grab3
21397,3620,548,10576,CD,3,D2_pwm200_grab3
21402,-732,-1616,12288,CD,3,D2_pwm200_grab3
21406,1932,132,9824,CD,3,D2_pwm200_grab3
21411,9000,4460,11912,CD,3,D2_pwm200_grab3
21416,2244,452,10604,CD,3,D2_pwm200_grab3
21422,-508,-1320,9032,CD,3,D2_pwm200_grab3
21427,1300,-664,7944,CD,3,D2_pwm200_grab3
21431,304,-144,10268,CD,3,D2_pwm200_grab3
21437,-1108,1224,9216,CD,3,D2_pwm200_grab3
21442,1568,740,14488,CD,3,D2_pwm200_grab3
21446,-3016,-3488,10084,CD,3,D2_pwm200_grab3
21452,-1816,-5212,7532,CD,3,D2_pwm200_grab3
21457,4172,3048,10896,CD,3,D2_pwm200_grab3
21463,408,1492,11164,CD,3,D2_pwm200_grab3
21472,3380,-3064,11680,CD,3,D2_pwm200_grab3
21478,2924,1948,9392,CD,3,D2_pwm200_grab3
21482,1304,1416,12408,CD,3,D2_pwm200_grab3
21487,568,-612,10984,CD,3,D2_pwm200_grab3
21492,3000,-2256,6300,CD,3,D2_pwm200_grab3
21498,416,-364,11036,CD,3,D2_pwm200_grab3
21504,4180,-1112,8584,CD,3,D2_pwm200_grab3
21508,2716,2212,8016,CD,3,D2_pwm200_grab3
21513,-2252,-672,8788,CD,3,D2_pwm200_grab3
21517,892,-968,5664,CD,3,D2_pwm200_grab3
21522,-2736,-1696,13520,CD,3,D2_pwm200_grab3
21527,-2252,604,8392,CD,3,D2_pwm200_grab3
21533,336,-1212,9272,CD,3,D2_pwm200_grab3
21537,-3144,-2560,8820,CD,3,D2_pwm200_grab3
21542,-5940,-912,7836,CD,3,D2_pwm200_grab3
21547,776,-1476,9360,CD,3,D2_pwm200_grab3
21552,2984,2188,8888,CD,3,D2_pwm200_grab3
21557,272,1036,12452,CD,3,D2_pwm200_grab3
21563,-324,-1504,10040,CD,3,D2_pwm200_grab3
21568,1968,-3092,8764,CD,3,D2_pwm200_grab3
21573,-564,-432,12304,CD,3,D2_pwm200_grab3
21577,2540,240,14216,CD,3,D2_pwm200_grab3
21582,476,1296,13404,CD,3,D2_pwm200_grab3
21588,-1244,-1712,9944,CD,3,D2_pwm200_grab3
21592,616,-1660,8080,CD,3,D2_pwm200_grab3
21597,3308,-424,14420,CD,3,D2_pwm200_grab3
21603,-1104,1344,10064,CD,3,D2_pwm200_grab3
21607,280,-1552,10080,CD,3,D2_pwm200_grab3
21613,-1368,-1552,9892,CD,3,D2_pwm200_grab3
21617,-352,676,11596,CD,3,D2_pwm200_grab3
21622,596,1236,9408,CD,3,D2_pwm200_grab3
21633,276,828,12744,CD,3,D2_pwm200_grab3
21637,-928,-3444,9620,CD,3,D2_pwm200_grab3
21642,3992,-2568,9080,CD,3,D2_pwm200_grab3
21647,2624,1960,13060,CD,3,D2_pwm200_grab3
21653,4588,1296,15528,CD,3,D2_pwm200_grab3
21658,3940,1036,12324,CD,3,D2_pwm200_grab3
21663,-936,-1164,10968,CD,3,D2_pwm200_grab3
21668,2044,-692,11296,CD,3,D2_pwm200_grab3
21677,-1412,2344,10044,CD,3,D2_pwm200_grab3
21682,1104,-244,9976,CD,3,D2_pwm200_grab3
21688,484,-1104,7728,CD,3,D2_pwm200_grab3
21692,-664,-448,10472,CD,3,D2_pwm200_grab3
21698,-596,688,9180,CD,3,D2_pwm200_grab3
21708,-4192,-3012,9340,CD,3,D2_pwm200_grab3
21712,-2088,-5432,6844,CD,3,D2_pwm200_grab3
21719,3520,1680,10420,CD,3,D2_pwm200_grab3
21723,1236,1856,11816,CD,3,D2_pwm200_grab3
21733,2828,-3924,11460,CD,3,D2_pwm200_grab3
21738,3144,1704,11100,CD,3,D2_pwm200_grab3
21743,716,788,11888,CD,3,D2_pwm200_grab3
21748,1660,-896,11376,CD,3,D2_pwm200_grab3
21753,2648,-2980,6712,CD,3,D2_pwm200_grab3
21758,-708,-1268,9800,CD,3,D2_pwm200_grab3
21764,-3440,1172,5692,CD,3,D2_pwm200_grab3
21769,1804,2624,7636,CD,3,D2_pwm200_grab3
21773,-2020,268,9584,CD,3,D2_pwm200_grab3
21778,300,-1312,5644,CD,3,D2_pwm200_grab3
21783,-2732,-1368,12568,CD,3,D2_pwm200_grab3
21789,-2916,92,9000,CD,3,D2_pwm200_grab3
21793,1084,-820,9992,CD,3,D2_pwm200_grab3
21799,-3672,-2880,9076,CD,3,D2_pwm200_grab3
21809,1656,-3636,9404,CD,3,D2_pwm200_grab3
21814,3240,1868,11072,CD,3,D2_pwm200_grab3
21819,-200,988,13672,CD,3,D2_pwm200_grab3
21823,136,-1160,11012,CD,3,D2_pwm200_grab3
21828,460,-4568,8056,CD,3,D2_pwm200_grab3
21833,-1296,-696,11660,CD,3,D2_pwm200_grab3
21838,944,-300,7240,CD,3,D2_pwm200_grab3
21844,8,2124,13912,CD,3,D2_pwm200_grab3
21849,-2260,-12,9416,CD,3,D2_pwm200_grab3
21853,592,-1868,8224,CD,3,D2_pwm200_grab3
21859,-3776,-3316,12228,CD,3,D2_pwm200_grab3
21864,-1152,972,9868,CD,3,D2_pwm200_grab3
21869,248,208,10968,CD,3,D2_pwm200_grab3
21874,-1328,-1424,9608,CD,3,D2_pwm200_grab3
21878,-6064,-956,9156,CD,3,D2_pwm200_grab3
21884,776,1444,9428,CD,3,D2_pwm200_grab3
21889,4600,2432,13632,CD,3,D2_pwm200_grab3
21894,180,684,13144,CD,3,D2_pwm200_grab3
21899,1436,-636,12320,CD,3,D2_pwm200_grab3
21903,3992,-2112,9112,CD,3,D2_pwm200_grab3
21909,852,508,12280,CD,3,D2_pwm200_grab3
21914,4696,1296,13736,CD,3,D2_pwm200_grab3
21919,2416,2492,14340,CD,3,D2_pwm200_grab3
21924,-1636,-1588,9820,CD,3,D2_pwm200_grab3
21928,940,-1040,10788,CD,3,D2_pwm200_grab3
21933,2116,-1048,13804,CD,3,D2_pwm200_grab3
21938,-1244,2208,9496,CD,3,D2_pwm200_grab3
21944,2168,280,9544,CD,3,D2_pwm200_grab3
21949,332,-712,9712,CD,3,D2_pwm200_grab3
21953,-2376,-900,9564,CD,3,D2_pwm200_grab3
21959,788,1504,9164,CD,3,D2_pwm200_grab3
21964,-748,1424,14108,CD,3,D2_pwm200_grab3
21968,-5204,-508,8112,CD,3,D2_pwm200_grab3
21975,-2300,-5604,6392,CD,3,D2_pwm200_grab3
21980,5068,2464,11328,CD,3,D2_pwm200_grab3
21985,2080,1684,12380,CD,3,D2_pwm200_grab3
21990,-6008,-4076,7228,CD,3,D2_pwm200_grab3
21995,2164,-4184,11412,CD,3,D2_pwm200_grab3
22000,316,632,11008,CD,3,D2_pwm200_grab3
22004,-20,852,11148,CD,3,D2_pwm200_grab3
22010,4484,1944,11108,CD,3,D2_pwm200_grab3
22016,1684,-3576,7160,CD,3,D2_pwm200_grab3
22019,-272,-4324,7408,CD,3,D2_pwm200_grab3
22024,-2016,1024,6748,CD,3,D2_pwm200_grab3
22029,1804,2860,7648,CD,3,D2_pwm200_grab3
22034,-1712,1144,10024,CD,3,D2_pwm200_grab3
22039,3268,572,6772,CD,3,D2_pwm200_grab3
22045,-2252,-1408,8416,CD,3,D2_pwm200_grab3
22050,-1084,-280,4940,CD,3,D2_pwm200_grab3
22054,1700,-64,10964,CD,3,D2_pwm200_grab3
22059,-144,1248,12020,CD,3,D2_pwm200_grab3
22070,1328,-3584,9304,CD,3,D2_pwm200_grab3
22074,2220,900,12412,CD,3,D2_pwm200_grab3
22080,-1760,-244,12124,CD,3,D2_pwm200_grab3
22084,2240,-484,11840,CD,3,D2_pwm200_grab3
22090,52,-4588,9656,CD,3,D2_pwm200_grab3
22095,-2416,-1864,8840,CD,3,D2_pwm200_grab3
22099,3272,2256,13956,CD,3,D2_pwm200_grab3
22104,2176,4796,9112,CD,3,D2_pwm200_grab3
22109,-1416,976,10892,CD,3,D2_pwm200_grab3
22115,1256,-1248,8592,CD,3,D2_pwm200_grab3
22120,-2352,-3960,3220,CD,3,D2_pwm200_grab3
22125,-1104,-372,8440,CD,3,D2_pwm200_grab3
22129,2132,1900,12680,CD,3,D2_pwm200_grab3
22135,-1408,-524,12344,CD,3,D2_pwm200_grab3
22145,2624,-2464,12832,CD,3,D2_pwm200_grab3
22149,1464,868,12484,CD,3,D2_pwm200_grab3
22154,-148,724,12800,CD,3,D2_pwm200_grab3
22159,4700,1764,12536,CD,3,D2_pwm200_grab3
22164,2968,-2528,10688,CD,3,D2_pwm200_grab3
22169,-1596,-1220,6252,CD,3,D2_pwm200_grab3
22174,5040,3204,12476,CD,3,D2_pwm200_grab3
22179,1328,4512,13340,CD,3,D2_pwm200_grab3
22184,-2064,-2508,8336,CD,3,D2_pwm200_grab3
22189,3156,260,9484,CD,3,D2_pwm200_grab3
22194,-44,20,7336,CD,3,D2_pwm200_grab3
22199,-1284,-364,6708,CD,3,D2_pwm200_grab3
22205,5344,2488,11840,CD,3,D2_pwm200_grab3
22210,252,112,12184,CD,3,D2_pwm200_grab3
22214,-6792,-3752,8192,CD,3,D2_pwm200_grab3
22219,1552,-1580,9496,CD,3,D2_pwm200_grab3
22224,-1516,2348,9160,CD,3,D2_pwm200_grab3
22230,3960,1300,11672,CD,3,D2_pwm200_grab3
22236,1508,-5076,7296,CD,3,D2_pwm200_grab3
22240,4240,-720,8572,CD,3,D2_pwm200_grab3
22246,3392,2268,11368,CD,3,D2_pwm200_grab3
22251,2448,-340,7728,CD,3,D2_pwm200_grab3
22255,2776,-2300,8888,CD,3,D2_pwm200_grab3
22260,-3364,-2960,9548,CD,3,D2_pwm200_grab3
22266,-464,820,6984,CD,3,D2_pwm200_grab3
22270,8124,5744,10892,CD,3,D2_pwm200_grab3
22275,-3168,3244,13556,CD,3,D2_pwm200_grab3
22280,-3356,-3468,6556,CD,3,D2_pwm200_grab3
22285,936,-608,5932,CD,3,D2_pwm200_grab3
22291,-828,-452,7000,CD,3,D2_pwm200_grab3
22295,-728,2580,11368,CD,3,D2_pwm200_grab3
22301,2220,1604,7904,CD,3,D2_pwm200_grab3
22306,-2708,-3292,8076,CD,3,D2_pwm200_grab3
22311,-2360,-5264,5828,CD,3,D2_pwm200_grab3
22315,620,-1564,9036,CD,3,D2_pwm200_grab3
3002,1920,-160,6004,CD,0,D2_pwm200_grab4
3008,-384,-868,11348,CD,0,D2_pwm200_grab4
3012,-2616,804,5764,CD,0,D2_pwm200_grab4
3017,3004,-2100,10192,CD,0,D2_pwm200_grab4
3022,-2624,-3600,9860,CD,0,D2_pwm200_grab4
3027,-6276,-1328,8536,CD,0,D2_pwm200_grab4
3032,892,-2320,12680,CD,0,D2_pwm200_grab4
3038,2288,2236,12100,CD,0,D2_pwm200_grab4
3042,-804,1940,12944,CD,0,D2_pwm200_grab4
3048,304,-3264,10524,CD,0,D2_pwm200_grab4
3052,-416,-3752,7316,CD,0,D2_pwm200_grab4
3057,-444,-400,14272,CD,0,D2_pwm200_grab4
3062,2184,336,7772,CD,0,D2_pwm200_grab4
3068,3064,2552,15068,CD,0,D2_pwm200_grab4
3073,-3488,-364,10048,CD,0,D2_pwm200_grab4
3077,788,-1076,7432,CD,0,D2_pwm200_grab4
3082,-456,-2028,14012,CD,0,D2_pwm200_grab4
3088,-956,2772,10892,CD,0,D2_pwm200_grab4
3092,2184,-324,10048,CD,0,D2_pwm200_grab4
3098,-412,452,10760,CD,0,D2_pwm200_grab4
3107,1260,1040,9928,CD,0,D2_pwm200_grab4
3112,-3984,1484,13128,CD,0,D2_pwm200_grab4
3118,1280,352,13440,CD,0,D2_pwm200_grab4
3122,1252,-956,11436,CD,0,D2_pwm200_grab4
3127,3192,-436,8832,CD,0,D2_pwm200_grab4
3132,1548,832,12276,CD,0,D2_pwm200_grab4
3137,4644,1088,12876,CD,0,D2_pwm200_grab4
3142,2980,1752,13824,CD,0,D2_pwm200_grab4
3147,-1724,-2164,8908,CD,0,D2_pwm200_grab4
3152,1416,-1424,11668,CD,0,D2_pwm200_grab4
3163,1144,1664,13408,CD,0,D2_pwm200_grab4
3169,-1396,-1972,8536,CD,0,D2_pwm200_grab4
3174,2744,1476,10736,CD,0,D2_pwm200_grab4
3178,2040,1928,8084,CD,0,D2_pwm200_grab4
3183,-452,996,10060,CD,0,D2_pwm200_grab4
3189,3156,-1032,8480,CD,0,D2_pwm200_grab4
3194,-1052,-464,8040,CD,0,D2_pwm200_grab4
3198,-1408,904,5932,CD,0,D2_pwm200_grab4
3204,3796,1204,10800,CD,0,D2_pwm200_grab4
3208,1068,-116,9476,CD,0,D2_pwm200_grab4
3213,-6848,-4116,6524,CD,0,D2_pwm200_grab4
3219,2412,-3244,10420,CD,0,D2_pwm200_grab4
3224,1716,-32,12316,CD,0,D2_pwm200_grab4
3229,292,1584,11312,CD,0,D2_pwm200_grab4
3233,4348,1768,8800,CD,0,D2_pwm200_grab4
3238,-1180,-2100,5780,CD,0,D2_pwm200_grab4
3243,-824,-3720,9008,CD,0,D2_pwm200_grab4
3249,-3476,1220,6388,CD,0,D2_pwm200_grab4
3253,1400,1672,6236,CD,0,D2_pwm200_grab4
3258,-3020,1048,9904,CD,0,D2_pwm200_grab4
3263,1500,-456,5964,CD,0,D2_pwm200_grab4
3269,-2388,-408,10532,CD,0,D2_pwm200_grab4
3274,-3636,-312,5212,CD,0,D2_pwm200_grab4
3279,3744,-1532,11072,CD,0,D2_pwm200_grab4
3284,-2772,-3060,10468,CD,0,D2_pwm200_grab4
3293,1136,-2700,12424,CD,0,D2_pwm200_grab4
3298,2192,2176,12900,CD,0,D2_pwm200_grab4
3303,-648,1592,13160,CD,0,D2_pwm200_grab4
3309,1224,-1332,10072,CD,0,D2_pwm200_grab4
3314,-244,-2868,8180,CD,0,D2_pwm200_grab4
3319,-328,-548,12904,CD,0,D2_pwm200_grab4
3323,2696,1636,9936,CD,0,D2_pwm200_grab4
3329,4760,4320,10152,CD,0,D2_pwm200_grab4
3333,-2828,892,10524,CD,0,D2_pwm200_grab4
3338,1604,-1616,7568,CD,0,D2_pwm200_grab4
3344,-3180,-1032,11864,CD,0,D2_pwm200_grab4
3349,-696,1828,8872,CD,0,D2_pwm200_grab4
3353,4292,328,11176,CD,0,D2_pwm200_grab4
3359,-604,40,11312,CD,0,D2_pwm200_grab4
3363,-6212,-1660,9776,CD,0,D2_pwm200_grab4
3368,1532,192,9712,CD,0,D2_pwm200_grab4
3373,3424,1292,14456,CD,0,D2_pwm200_grab4
3378,1008,1080,13584,CD,0,D2_pwm200_grab4
3383,2524,492,9552,CD,0,D2_pwm200_grab4
3389,2188,-460,7676,CD,0,D2_pwm200_grab4
3393,840,368,9588,CD,0,D2_pwm200_grab4
3399,4836,1396,8440,CD,0,D2_pwm200_grab4
3403,2216,2804,14464,CD,0,D2_pwm200_grab4
3408,-1972,-2284,8076,CD,0,D2_pwm200_grab4
3415,1668,-1468,10428,CD,0,D2_pwm200_grab4
3424,736,2288,13348,CD,0,D2_pwm200_grab4
3430,-5032,-2880,9232,CD,0,D2_pwm200_grab4
3434,1788,1620,10028,CD,0,D2_pwm200_grab4
3439,584,-496,7772,CD,0,D2_pwm200_grab4
3444,556,1332,9768,CD,0,D2_pwm200_grab4
3449,3820,340,8796,CD,0,D2_pwm200_grab4
3454,904,-192,11320,CD,0,D2_pwm200_grab4
3465,2580,68,8908,CD,0,D2_pwm200_grab4
3469,2060,192,11032,CD,0,D2_pwm200_grab4
3475,-912,-1896,5560,CD,0,D2_pwm200_grab4
3479,2000,-1652,8832,CD,0,D2_pwm200_grab4
3484,-1900,-1968,10544,CD,0,D2_pwm200_grab4
3489,-1824,464,9252,CD,0,D2_pwm200_grab4
3500,-2260,-168,13492,CD,0,D2_pwm200_grab4
3504,-5524,-4732,8732,CD,0,D2_pwm200_grab4
3510,-332,-88,8480,CD,0,D2_pwm200_grab4
3514,-476,-472,6992,CD,0,D2_pwm200_grab4
3519,-1156,1868,10880,CD,0,D2_pwm200_grab4
3524,1112,1128,8084,CD,0,D2_pwm200_grab4
3529,-1580,-1600,10968,CD,0,D2_pwm200_grab4
3535,-5324,-3420,7160,CD,0,D2_pwm200_grab4
3540,4780,1584,13612,CD,0,D2_pwm200_grab4
3544,348,208,13352,CD,0,D2_pwm200_grab4
3549,1340,-2764,8756,CD,0,D2_pwm200_grab4
3555,1964,68,10228,CD,0,D2_pwm200_grab4
3559,-2776,128,12480,CD,0,D2_pwm200_grab4
3564,-1360,748,9404,CD,0,D2_pwm200_grab4
3569,8076,932,11416,CD,0,D2_pwm200_grab4
3574,-120,-1532,10884,CD,0,D2_pwm200_grab4
3579,-1344,-1944,6476,CD,0,D2_pwm200_grab4
3584,-1088,440,9020,CD,0,D2_pwm200_grab4
3590,-180,1516,9856,CD,0,D2_pwm200_grab4
3595,-864,2672,11532,CD,0,D2_pwm200_grab4
3600,1728,1644,11560,CD,0,D2_pwm200_grab4
3605,-1012,-3076,11960,CD,0,D2_pwm200_grab4
3610,-4004,-5244,9800,CD,0,D2_pwm200_grab4
3614,5868,1932,13416,CD,0,D2_pwm200_grab4
3619,-1984,-520,10048,CD,0,D2_pwm200_grab4
3624,-8584,-2652,12608,CD,0,D2_pwm200_grab4
3630,2716,196,11808,CD,0,D2_pwm200_grab4
3634,-2744,-1372,12416,CD,0,D2_pwm200_grab4
3640,208,1056,9380,CD,0,D2_pwm200_grab4
3650,1548,-612,12924,CD,0,D2_pwm200_grab4
3655,2144,-1428,6112,CD,0,D2_pwm200_grab4
3659,-2372,3668,9720,CD,0,D2_pwm200_grab4
3664,5164,3996,10984,CD,0,D2_pwm200_grab4
3670,-2024,-24,8872,CD,0,D2_pwm200_grab4
3675,2432,-1820,8080,CD,0,D2_pwm200_grab4
3681,-364,-524,13440,CD,0,D2_pwm200_grab4
3685,1108,3176,8268,CD,0,D2_pwm200_grab4
3691,4264,1280,9656,CD,0,D2_pwm200_grab4
3695,416,-1200,10336,CD,0,D2_pwm200_grab4
3701,-4300,-2624,8188,CD,0,D2_pwm200_grab4
3705,1920,1936,8392,CD,0,D2_pwm200_grab4
3710,-3068,972,11488,CD,0,D2_pwm200_grab4
3715,548,1308,13244,CD,0,D2_pwm200_grab4
3720,4484,380,7472,CD,0,D2_pwm200_grab4
3725,484,-2176,5392,CD,0,D2_pwm200_grab4
3730,2396,-104,8492,CD,0,D2_pwm200_grab4
3735,2740,1296,7384,CD,0,D2_pwm200_grab4
3740,1784,2116,12776,CD,0,D2_pwm200_grab4
3745,-3604,-2464,7872,CD,0,D2_pwm200_grab4
3750,1680,-620,8752,CD,0,D2_pwm200_grab4
3755,-1692,-948,10564,CD,0,D2_pwm200_grab4
3760,-1268,1196,6240,CD,0,D2_pwm200_grab4
3766,2756,-780,9012,CD,0,D2_pwm200_grab4
3770,-1904,-2032,9644,CD,0,D2_pwm200_grab4
3775,-7264,-3280,6712,CD,0,D2_pwm200_grab4
3780,84,-400,9252,CD,0,D2_pwm200_grab4
3786,-6984,1288,8488,CD,0,D2_pwm200_grab4
3790,2372,-540,10408,CD,0,D2_pwm200_grab4
3796,-7416,-7564,9496,CD,0,D2_pwm200_grab4
3800,-2008,-2684,6052,CD,0,D2_pwm200_grab4
3805,-600,-2416,10216,CD,0,D2_pwm200_grab4
3810,3484,1632,13612,CD,0,D2_pwm200_grab4
3816,1244,3672,14084,CD,0,D2_pwm200_grab4
3821,-3468,-2464,7492,CD,0,D2_pwm200_grab4
3825,16,-908,8912,CD,0,D2_pwm200_grab4
3831,5480,2212,9252,CD,0,D2_pwm200_grab4
3835,-1916,2120,15356,CD,0,D2_pwm200_grab4
3841,4820,-116,12628,CD,0,D2_pwm200_grab4
3845,-1724,-364,11612,CD,0,D2_pwm200_grab4
3851,-7300,-4044,10000,CD,0,D2_pwm200_grab4
3856,1384,1120,10856,CD,0,D2_pwm200_grab4
3860,-1620,3004,10372,CD,0,D2_pwm200_grab4
3866,3032,-896,12004,CD,0,D2_pwm200_grab4
3870,-2924,-5900,13000,CD,0,D2_pwm200_grab4
3875,3612,-416,11680,CD,0,D2_pwm200_grab4
3886,5996,4092,15428,CD,0,D2_pwm200_grab4
3890,1552,4412,14124,CD,0,D2_pwm200_grab4
3895,-1700,-2168,8988,CD,0,D2_pwm200_grab4
3900,328,-1980,7836,CD,0,D2_pwm200_grab4
3905,8704,4196,9644,CD,0,D2_pwm200_grab4
3911,-408,3532,15072,CD,0,D2_pwm200_grab4
3916,-4772,-1512,8200,CD,0,D2_pwm200_grab4
3920,752,-44,10036,CD,0,D2_pwm200_grab4
3926,-40,1112,9944,CD,0,D2_pwm200_grab4
3931,120,2204,9164,CD,0,D2_pwm200_grab4
3937,4308,860,11848,CD,0,D2_pwm200_grab4
3942,-2508,-4116,9432,CD,0,D2_pwm200_grab4
3946,-2008,-2760,6660,CD,0,D2_pwm200_grab4
3952,6008,1868,11964,CD,0,D2_pwm200_grab4
3956,692,120,9728,CD,0,D2_pwm200_grab4
3962,-7676,-4868,9252,CD,0,D2_pwm200_grab4
3968,3228,-1676,10680,CD,0,D2_pwm200_grab4
3971,-2000,-2032,10364,CD,0,D2_pwm200_grab4
3977,-224,756,8192,CD,0,D2_pwm200_grab4
3981,12148,5956,8924,CD,0,D2_pwm200_grab4
3986,52,-1308,8864,CD,0,D2_pwm200_grab4
3991,2624,-2212,6804,CD,0,D2_pwm200_grab4
3996,-2072,1112,7152,CD,0,D2_pwm200_grab4
4001,4156,2568,8240,CD,0,D2_pwm200_grab4
4006,-3620,-388,9992,CD,0,D2_pwm200_grab4
4011,2580,508,14092,CD,0,D2_pwm200_grab4
4017,-2928,-4420,8372,CD,0,D2_pwm200_grab4
4021,-4152,-4480,8168,CD,0,D2_pwm200_grab4
4027,3300,376,11416,CD,0,D2_pwm200_grab4
4031,-1644,-688,10296,CD,0,D2_pwm200_grab4
4041,1168,-2744,12516,CD,0,D2_pwm200_grab4
4046,1252,1872,11008,CD,0,D2_pwm200_grab4
4051,-164,1540,13308,CD,0,D2_pwm200_grab4
4057,9060,3540,11448,CD,0,D2_pwm200_grab4
4061,-2696,-820,10868,CD,0,D2_pwm200_grab4
4066,644,-3800,8244,CD,0,D2_pwm200_grab4
4071,-3804,1848,8444,CD,0,D2_pwm200_grab4
4077,4468,5080,10108,CD,0,D2_pwm200_grab4
4081,-2872,-176,9848,CD,0,D2_pwm200_grab4
4086,628,-1192,6524,CD,0,D2_pwm200_grab4
4091,-4856,-1520,11396,CD,0,D2_pwm200_grab4
4097,-4428,-4584,9620,CD,0,D2_pwm200_grab4
4101,4424,396,14184,CD,0,D2_pwm200_grab4
4107,-380,948,12388,CD,0,D2_pwm200_grab4
4111,-8736,-3660,10064,CD,0,D2_pwm200_grab4
4117,2760,-576,13408,CD,0,D2_pwm200_grab4
4121,2888,2356,13484,CD,0,D2_pwm200_grab4
4127,308,1108,14100,CD,0,D2_pwm200_grab4
4131,2456,440,10496,CD,0,D2_pwm200_grab4
4137,2656,-1080,8504,CD,0,D2_pwm200_grab4
4141,12,-1584,10772,CD,0,D2_pwm200_grab4
4146,940,1200,9856,CD,0,D2_pwm200_grab4
4151,3060,4188,10140,CD,0,D2_pwm200_grab4
4156,-1656,516,9644,CD,0,D2_pwm200_grab4
4161,1780,-1140,7308,CD,0,D2_pwm200_grab4
4166,-2456,-2380,9860,CD,0,D2_pwm200_grab4
4171,-84,1568,9156,CD,0,D2_pwm200_grab4
4177,4380,2244,9388,CD,0,D2_pwm200_grab4
4187,-6104,-3352,7592,CD,0,D2_pwm200_grab4
4193,1904,-176,9116,CD,0,D2_pwm200_grab4
4197,-2412,1032,9732,CD,0,D2_pwm200_grab4
4203,4152,-688,11084,CD,0,D2_pwm200_grab4
4207,-2440,-4828,9132,CD,0,D2_pwm200_grab4
4213,3000,456,9656,CD,0,D2_pwm200_grab4
4217,3536,1656,11464,CD,0,D2_pwm200_grab4
4224,3076,-2288,7648,CD,0,D2_pwm200_grab4
4228,908,2324,11516,CD,0,D2_pwm200_grab4
4233,-1868,-1236,7424,CD,0,D2_pwm200_grab4
4237,1404,-2240,9876,CD,0,D2_pwm200_grab4
4242,9188,5304,8152,CD,0,D2_pwm200_grab4
4247,0,4092,13024,CD,0,D2_pwm200_grab4
4252,-3396,-3668,7008,CD,0,D2_pwm200_grab4
4258,-1472,-1316,7432,CD,0,D2_pwm200_grab4
4262,-636,-136,8192,CD,0,D2_pwm200_grab4
4267,1652,-684,8628,CD,0,D2_pwm200_grab4
4272,-1200,2296,8740,CD,0,D2_pwm200_grab4
4277,2812,524,11012,CD,0,D2_pwm200_grab4
4282,-2596,-6312,11908,CD,0,D2_pwm200_grab4
4288,1504,-1200,8064,CD,0,D2_pwm200_grab4
4292,1056,460,12180,CD,0,D2_pwm200_grab4
4297,2624,-568,11580,CD,0,D2_pwm200_grab4
4302,1676,-660,10468,CD,0,D2_pwm200_grab4
4308,-3860,-2816,7960,CD,0,D2_pwm200_grab4
4312,-404,-2156,6936,CD,0,D2_pwm200_grab4
4317,4092,2208,11188,CD,0,D2_pwm200_grab4
4322,-3444,2228,12336,CD,0,D2_pwm200_grab4
4327,-2292,-2652,7988,CD,0,D2_pwm200_grab4
4332,-1972,-1812,8736,CD,0,D2_pwm200_grab4
4337,-3748,524,10148,CD,0,D2_pwm200_grab4
4343,-232,1740,10476,CD,0,D2_pwm200_grab4
4347,112,2004,14220,CD,0,D2_pwm200_grab4
4353,728,-596,11964,CD,0,D2_pwm200_grab4
4357,-2036,-4868,11284,CD,0,D2_pwm200_grab4
4363,56,-804,10424,CD,0,D2_pwm200_grab4
4367,-432,-500,13944,CD,0,D2_pwm200_grab4
4372,3812,1592,13364,CD,0,D2_pwm200_grab4
4378,2736,1768,15432,CD,0,D2_pwm200_grab4
4383,-3416,-2240,10160,CD,0,D2_pwm200_grab4
4387,-520,-188,9748,CD,0,D2_pwm200_grab4
4398,-1404,2124,10552,CD,0,D2_pwm200_grab4
4403,1140,-356,8988,CD,0,D2_pwm200_grab4
4408,-1108,-1308,9572,CD,0,D2_pwm200_grab4
4413,-2372,44,10628,CD,0,D2_pwm200_grab4
4418,1744,808,9956,CD,0,D2_pwm200_grab4
4422,-404,1968,15820,CD,0,D2_pwm200_grab4
4427,-3688,-3464,8216,CD,0,D2_pwm200_grab4
4433,-3436,-4748,11216,CD,0,D2_pwm200_grab4
4438,4136,1080,12764,CD,0,D2_pwm200_grab4
4444,2232,2172,12156,CD,0,D2_pwm200_grab4
4448,-180,-800,7880,CD,0,D2_pwm200_grab4
4454,1904,-1896,9388,CD,0,D2_pwm200_grab4
4458,-1536,-1532,12408,CD,0,D2_pwm200_grab4
4464,-588,1516,11244,CD,0,D2_pwm200_grab4
4473,1548,-748,8260,CD,0,D2_pwm200_grab4
4480,1088,-1196,4100,CD,0,D2_pwm200_grab4
4484,2000,404,8356,CD,0,D2_pwm200_grab4
4489,520,460,9292,CD,0,D2_pwm200_grab4
4493,416,1600,8716,CD,0,D2_pwm200_grab4
4498,3716,628,11732,CD,0,D2_pwm200_grab4
4504,424,-796,10352,CD,0,D2_pwm200_grab4
4508,-3200,-2484,7268,CD,0,D2_pwm200_grab4
4513,5792,1704,11600,CD,0,D2_pwm200_grab4
4519,-700,56,8944,CD,0,D2_pwm200_grab4
4523,1744,-2540,8504,CD,0,D2_pwm200_grab4
4529,3520,-440,9576,CD,0,D2_pwm200_grab4
4534,-3220,-2528,9248,CD,0,D2_pwm200_grab4
4538,1788,1432,8164,CD,0,D2_pwm200_grab4
4549,-536,32,10136,CD,0,D2_pwm200_grab4
4553,-356,-4400,7676,CD,0,D2_pwm200_grab4
4558,696,-492,9756,CD,0,D2_pwm200_grab4
4563,1888,4424,8376,CD,0,D2_pwm200_grab4
4569,-848,1476,9304,CD,0,D2_pwm200_grab4
4573,-1088,1032,13940,CD,0,D2_pwm200_grab4
4589,3076,-888,12312,CD,0,D2_pwm200_grab4
4594,-720,452,13376,CD,0,D2_pwm200_grab4
4599,-4192,-1812,7676,CD,0,D2_pwm200_grab4
4603,776,-1448,12836,CD,0,D2_pwm200_grab4
4609,-4944,-2224,8124,CD,0,D2_pwm200_grab4
4613,668,-288,10668,CD,0,D2_pwm200_grab4
4623,-444,1152,14420,CD,0,D2_pwm200_grab4
4634,1768,1992,9584,CD,0,D2_pwm200_grab4
4638,-1020,2284,9080,CD,0,D2_pwm200_grab4
4643,-1468,1140,10356,CD,0,D2_pwm200_grab4
4648,1336,1076,8712,CD,0,D2_pwm200_grab4
4653,1968,-1876,11772,CD,0,D2_pwm200_grab4
4659,-4116,-5964,12428,CD,0,D2_pwm200_grab4
4663,3880,560,11696,CD,0,D2_pwm200_grab4
4668,1668,2396,13124,CD,0,D2_pwm200_grab4
4674,2940,-1396,9364,CD,0,D2_pwm200_grab4
4678,2820,-104,10816,CD,0,D2_pwm200_grab4
4683,-940,-1640,11640,CD,0,D2_pwm200_grab4
4689,1048,-116,9960,CD,0,D2_pwm200_grab4
4699,2264,260,11252,CD,0,D2_pwm200_grab4
4705,2124,-2184,5408,CD,0,D2_pwm200_grab4
4709,-432,3188,11140,CD,0,D2_pwm200_grab4
4714,4748,2184,8788,CD,0,D2_pwm200_grab4
4720,-252,96,10580,CD,0,D2_pwm200_grab4
4724,2008,-2152,8448,CD,0,D2_pwm200_grab4
4729,-224,900,10704,CD,0,D2_pwm200_grab4
4734,-864,2560,7532,CD,0,D2_pwm200_grab4
4739,5020,1876,11116,CD,0,D2_pwm200_grab4
4744,1104,260,10072,CD,0,D2_pwm200_grab4
4749,-5940,-3876,6580,CD,0,D2_pwm200_grab4
4754,2996,-3064,10352,CD,0,D2_pwm200_grab4
4759,2260,212,12232,CD,0,D2_pwm200_grab4
4765,920,1532,11580,CD,0,D2_pwm200_grab4
4769,5492,2208,8516,CD,0,D2_pwm200_grab4
4775,-1020,-2056,6620,CD,0,D2_pwm200_grab4
4780,-1344,-3652,9280,CD,0,D2_pwm200_grab4
4784,2544,1524,8556,CD,0,D2_pwm200_grab4
4789,2188,-132,6880,CD,0,D2_pwm200_grab4
4795,-2684,1180,10260,CD,0,D2_pwm200_grab4
4799,2828,696,6632,CD,0,D2_pwm200_grab4
4805,-2604,-2260,8688,CD,0,D2_pwm200_grab4
4809,-3240,-1372,6184,CD,0,D2_pwm200_grab4
4815,3896,140,12132,CD,0,D2_pwm200_grab4
4819,-1412,-2616,9612,CD,0,D2_pwm200_grab4
4824,1020,-2820,7412,CD,0,D2_pwm200_grab4
4829,1500,-764,9592,CD,0,D2_pwm200_grab4
4835,-3832,-2260,8888,CD,0,D2_pwm200_grab4
4839,-808,2108,8960,CD,0,D2_pwm200_grab4
4849,-620,-2216,10108,CD,0,D2_pwm200_grab4
4854,548,-4580,5836,CD,0,D2_pwm200_grab4
4859,-1936,688,8772,CD,0,D2_pwm200_grab4
4864,-1684,1328,9216,CD,0,D2_pwm200_grab4
4869,-820,1588,11140,CD,0,D2_pwm200_grab4
4874,1608,1780,11168,CD,0,D2_pwm200_grab4
4880,-2724,-4908,9824,CD,0,D2_pwm200_grab4
4884,-5400,-5676,8076,CD,0,D2_pwm200_grab4
4890,4396,2012,13124,CD,0,D2_pwm200_grab4
4894,-1980,-788,10972,CD,0,D2_pwm200_grab4
4904,1572,-1940,12640,CD,0,D2_pwm200_grab4
4909,-3456,-1984,11716,CD,0,D2_pwm200_grab4
4914,-808,-760,10476,CD,0,D2_pwm200_grab4
4919,9640,4540,12324,CD,0,D2_pwm200_grab4
4925,-224,-604,13484,CD,0,D2_pwm200_grab4
4930,152,-1500,8772,CD,0,D2_pwm200_grab4
4934,1940,1740,11376,CD,0,D2_pwm200_grab4
4939,2944,3340,9676,CD,0,D2_pwm200_grab4
4945,-2212,2052,10540,CD,0,D2_pwm200_grab4
4950,2872,-1440,8448,CD,0,D2_pwm200_grab4
4955,-1024,-2712,10612,CD,0,D2_pwm200_grab4
4961,-212,1344,7628,CD,0,D2_pwm200_grab4
4965,5744,2456,12640,CD,0,D2_pwm200_grab4
4970,-68,-220,11380,CD,0,D2_pwm200_grab4
4981,928,-436,9404,CD,0,D2_pwm200_grab4
4986,3796,2268,12424,CD,0,D2_pwm200_grab4
4990,1392,628,11892,CD,0,D2_pwm200_grab4
5000,944,-1092,7900,CD,0,D2_pwm200_grab4
5005,652,-1012,3532,CD,0,D2_pwm200_grab4
5011,4804,988,12568,CD,0,D2_pwm200_grab4
5016,5644,4004,10312,CD,0,D2_pwm200_grab4
5021,-1776,-2328,7828,CD,0,D2_pwm200_grab4
5026,2184,-1828,8128,CD,0,D2_pwm200_grab4
5030,1456,404,13108,CD,0,D2_pwm200_grab4
5035,-3116,-2804,7520,CD,0,D2_pwm200_grab4
5040,5708,1264,11260,CD,0,D2_pwm200_grab4
5045,-1028,-564,10104,CD,0,D2_pwm200_grab4
5055,1016,-3932,11532,CD,0,D2_pwm200_grab4
5061,2780,2560,10736,CD,0,D2_pwm200_grab4
5065,360,1080,12156,CD,0,D2_pwm200_grab4
5070,516,-520,7072,CD,0,D2_pwm200_grab4
5075,-236,-3624,6232,CD,0,D2_pwm200_grab4
5081,-580,-4484,8040,CD,0,D2_pwm200_grab4
5086,1140,-704,9864,CD,0,D2_pwm200_grab4
5090,1664,3732,7764,CD,0,D2_pwm200_grab4
5096,-1472,328,8976,CD,0,D2_pwm200_grab4
5100,812,-356,5540,CD,0,D2_pwm200_grab4
5106,-3080,-3100,6728,CD,0,D2_pwm200_grab4
5110,-2496,-1496,7036,CD,0,D2_pwm200_grab4
5115,3456,880,11048,CD,0,D2_pwm200_grab4
5120,-304,1216,13788,CD,0,D2_pwm200_grab4
5126,-2868,-1760,7408,CD,0,D2_pwm200_grab4
5130,1048,-948,12856,CD,0,D2_pwm200_grab4
5136,-1512,520,10852,CD,0,D2_pwm200_grab4
5140,-1852,816,11260,CD,0,D2_pwm200_grab4
5145,7348,2584,10676,CD,0,D2_pwm200_grab4
5151,904,-2400,10396,CD,0,D2_pwm200_grab4
5155,-1492,-4000,4968,CD,0,D2_pwm200_grab4
5160,5012,1644,15308,CD,0,D2_pwm200_grab4
5165,-1160,2372,9392,CD,0,D2_pwm200_grab4
5170,-1224,1440,10440,CD,0,D2_pwm200_grab4
5176,1496,784,10228,CD,0,D2_pwm200_grab4
5181,-880,-2232,11624,CD,0,D2_pwm200_grab4
5185,-3692,-4648,8848,CD,0,D2_pwm200_grab4
5190,6244,3052,12416,CD,0,D2_pwm200_grab4
5196,-300,652,12492,CD,0,D2_pwm200_grab4
5206,2488,-1196,12704,CD,0,D2_pwm200_grab4
5211,6020,1496,13732,CD,0,D2_pwm200_grab4
5216,984,496,13880,CD,0,D2_pwm200_grab4
5221,3864,336,9476,CD,0,D2_pwm200_grab4
5227,2344,-1936,8888,CD,0,D2_pwm200_grab4
5231,2276,596,9636,CD,0,D2_pwm200_grab4
5241,376,2872,13212,CD,0,D2_pwm200_grab4
5248,-1428,-1812,8240,CD,0,D2_pwm200_grab4
5251,2436,-1992,8608,CD,0,D2_pwm200_grab4
5256,-408,-1672,8356,CD,0,D2_pwm200_grab4
5261,-1344,588,6276,CD,0,D2_pwm200_grab4
5266,5676,3664,10648,CD,0,D2_pwm200_grab4
5271,-460,-1816,10132,CD,0,D2_pwm200_grab4
5281,164,-1720,8868,CD,0,D2_pwm200_grab4
5286,2132,1992,10040,CD,0,D2_pwm200_grab4
5291,596,1476,10028,CD,0,D2_pwm200_grab4
5297,7840,3572,8944,CD,0,D2_pwm200_grab4
5301,-1196,-1840,7516,CD,0,D2_pwm200_grab4
5317,4648,2600,9792,CD,0,D2_pwm200_grab4
5321,-3628,-1588,6388,CD,0,D2_pwm200_grab4
5326,376,-2400,8440,CD,0,D2_pwm200_grab4
5331,2604,380,10252,CD,0,D2_pwm200_grab4
5337,-4520,-3288,5508,CD,0,D2_pwm200_grab4
5342,4384,504,12404,CD,0,D2_pwm200_grab4
5347,-1688,-2088,10176,CD,0,D2_pwm200_grab4
5356,944,-2456,10868,CD,0,D2_pwm200_grab4
5362,3800,3148,10812,CD,0,D2_pwm200_grab4
5366,-1008,-104,11516,CD,0,D2_pwm200_grab4
5371,208,-3108,11688,CD,0,D2_pwm200_grab4
5376,-672,-936,11484,CD,0,D2_pwm200_grab4
5382,-292,-4232,8240,CD,0,D2_pwm200_grab4
5386,-3844,2236,7872,CD,0,D2_pwm200_grab4
5391,1880,3196,6812,CD,0,D2_pwm200_grab4
5396,-1568,872,9992,CD,0,D2_pwm200_grab4
5402,-32,-1816,6952,CD,0,D2_pwm200_grab4
5406,-2920,-764,12124,CD,0,D2_pwm200_grab4
5412,-784,1568,10604,CD,0,D2_pwm200_grab4
5416,3916,844,11612,CD,0,D2_pwm200_grab4
5421,-628,624,12156,CD,0,D2_pwm200_grab4
5432,1508,-1364,11996,CD,0,D2_pwm200_grab4
5437,3268,1432,14072,CD,0,D2_pwm200_grab4
5442,-312,856,11060,CD,0,D2_pwm200_grab4
5447,4964,-428,10828,CD,0,D2_pwm200_grab4
5451,32,-1720,9928,CD,0,D2_pwm200_grab4
5456,-124,-720,7584,CD,0,D2_pwm200_grab4
5467,2280,2848,12776,CD,0,D2_pwm200_grab4
5472,-1796,-1940,8756,CD,0,D2_pwm200_grab4
5477,68,-2152,8596,CD,0,D2_pwm200_grab4
5483,4312,552,12772,CD,0,D2_pwm200_grab4
5487,412,3820,13620,CD,0,D2_pwm200_grab4
5493,-72,340,9368,CD,0,D2_pwm200_grab4
5498,1212,-1784,9228,CD,0,D2_pwm200_grab4
5502,-2912,316,10296,CD,0,D2_pwm200_grab4
5508,1632,-728,10204,CD,0,D2_pwm200_grab4
5512,5908,2292,13200,CD,0,D2_pwm200_grab4
5517,1020,740,11376,CD,0,D2_pwm200_grab4
5522,1636,-732,10568,CD,0,D2_pwm200_grab4
5527,2568,-2512,7204,CD,0,D2_pwm200_grab4
5532,2648,700,10900,CD,0,D2_pwm200_grab4
5538,3828,264,8124,CD,0,D2_pwm200_grab4
5542,284,1580,13088,CD,0,D2_pwm200_grab4
5547,-1408,-1568,8260,CD,0,D2_pwm200_grab4
5552,2364,-1476,7612,CD,0,D2_pwm200_grab4
5557,-952,892,13200,CD,0,D2_pwm200_grab4
5563,504,1824,7196,CD,0,D2_pwm200_grab4
5567,1232,392,8976,CD,0,D2_pwm200_grab4
5572,-528,-3404,10364,CD,0,D2_pwm200_grab4
5583,1696,-216,7632,CD,0,D2_pwm200_grab4
5587,-3748,1572,8756,CD,0,D2_pwm200_grab4
5592,-208,1220,11572,CD,0,D2_pwm200_grab4
5597,2220,-168,6836,CD,0,D2_pwm200_grab4
5602,-640,-3272,6800,CD,0,D2_pwm200_grab4
5607,-2388,-3336,7060,CD,0,D2_pwm200_grab4
5617,1180,3008,10984,CD,0,D2_pwm200_grab4
5622,-3324,-1280,7616,CD,0,D2_pwm200_grab4
5627,-1736,-2212,6036,CD,0,D2_pwm200_grab4
5633,-2716,-1468,9684,CD,0,D2_pwm200_grab4
5638,-3240,-2588,7788,CD,0,D2_pwm200_grab4
5642,3476,1056,11188,CD,0,D2_pwm200_grab4
5647,-2992,-2112,10064,CD,0,D2_pwm200_grab4
5658,1472,-1152,11688,CD,0,D2_pwm200_grab4
5662,1632,2344,10992,CD,0,D2_pwm200_grab4
5667,312,632,11980,CD,0,D2_pwm200_grab4
5672,608,-2344,8304,CD,0,D2_pwm200_grab4
5677,1252,-732,12276,CD,0,D2_pwm200_grab4
5683,-148,-4012,8804,CD,0,D2_pwm200_grab4
5687,684,2268,11084,CD,0,D2_pwm200_grab4
5692,3232,2988,8572,CD,0,D2_pwm200_grab4
5697,-500,1684,10464,CD,0,D2_pwm200_grab4
5702,1448,-1176,7308,CD,0,D2_pwm200_grab4
5707,-1032,-1168,10832,CD,0,D2_pwm200_grab4
5712,-2144,-836,8148,CD,0,D2_pwm200_grab4
5718,5412,2456,11412,CD,0,D2_pwm200_grab4
5724,-1524,-156,10632,CD,0,D2_pwm200_grab4
5733,1028,-1648,10444,CD,0,D2_pwm200_grab4
5739,1016,2564,11988,CD,0,D2_pwm200_grab4
5743,-364,-1020,12252,CD,0,D2_pwm200_grab4
5748,-1660,-3412,13400,CD,0,D2_pwm200_grab4
5754,2280,-1920,8924,CD,0,D2_pwm200_grab4
5760,3032,1400,10384,CD,0,D2_pwm200_grab4
5763,396,2164,9708,CD,0,D2_pwm200_grab4
5769,6124,3412,9748,CD,0,D2_pwm200_grab4
5773,-24,-564,8244,CD,0,D2_pwm200_grab4
5779,1420,-1700,7584,CD,0,D2_pwm200_grab4
5783,-288,-696,14308,CD,0,D2_pwm200_grab4
5788,796,3332,9104,CD,0,D2_pwm200_grab4
5793,2924,1332,9256,CD,0,D2_pwm200_grab4
5798,-216,-2580,8660,CD,0,D2_pwm200_grab4
5804,-8036,-4868,8312,CD,0,D2_pwm200_grab4
5808,692,-3404,11568,CD,0,D2_pwm200_grab4
5814,6008,1624,12700,CD,0,D2_pwm200_grab4
5818,424,1424,11772,CD,0,D2_pwm200_grab4
5824,4676,1632,7132,CD,0,D2_pwm200_grab4
5829,-1128,-3464,6168,CD,0,D2_pwm200_grab4
5833,1324,-1672,6936,CD,0,D2_pwm200_grab4
5838,2948,1492,11240,CD,0,D2_pwm200_grab4
5843,-508,2352,10608,CD,0,D2_pwm200_grab4
5848,-1636,372,9296,CD,0,D2_pwm200_grab4
5854,1928,-804,7084,CD,0,D2_pwm200_grab4
5859,-3904,-1780,8444,CD,0,D2_pwm200_grab4
5864,-2804,-1312,6256,CD,0,D2_pwm200_grab4
5869,2408,576,10916,CD,0,D2_pwm200_grab4
5873,-2776,-2716,9960,CD,0,D2_pwm200_grab4
5884,-556,-1108,10096,CD,0,D2_pwm200_grab4
5888,668,1176,11952,CD,0,D2_pwm200_grab4
5893,-1720,432,8556,CD,0,D2_pwm200_grab4
5898,6128,880,10884,CD,0,D2_pwm200_grab4
5903,-2164,-2556,8628,CD,0,D2_pwm200_grab4
5908,-2464,-2720,5220,CD,0,D2_pwm200_grab4
5913,2120,808,13516,CD,0,D2_pwm200_grab4
5919,4832,3724,11304,CD,0,D2_pwm200_grab4
5923,-3148,-632,8620,CD,0,D2_pwm200_grab4
5928,0,-2252,7676,CD,0,D2_pwm200_grab4
5934,-1768,-1288,12408,CD,0,D2_pwm200_grab4
5938,-6548,-4904,6308,CD,0,D2_pwm200_grab4
5944,5716,2112,13348,CD,0,D2_pwm200_grab4
5948,-1784,60,11872,CD,0,D2_pwm200_grab4
5953,-8720,-2908,11456,CD,0,D2_pwm200_grab4
5958,2240,-360,11852,CD,0,D2_pwm200_grab4
5964,4720,2824,13400,CD,0,D2_pwm200_grab4
5968,1268,756,12672,CD,0,D2_pwm200_grab4
5974,1000,-952,10240,CD,0,D2_pwm200_grab4
5980,2216,-1340,8524,CD,0,D2_pwm200_grab4
5984,1392,712,11896,CD,0,D2_pwm200_grab4
5990,4996,876,9588,CD,0,D2_pwm200_grab4
5995,416,2564,14300,CD,0,D2_pwm200_grab4
5999,-1984,-2468,9224,CD,0,D2_pwm200_grab4
6005,908,-1416,11420,CD,0,D2_pwm200_grab4
6009,8884,4116,10592,CD,0,D2_pwm200_grab4
6014,880,2948,13404,CD,0,D2_pwm200_grab4
6019,4820,2976,11352,CD,0,D2_pwm200_grab4
6025,-316,-2040,10372,CD,0,D2_pwm200_grab4
6029,-7244,-3292,9972,CD,0,D2_pwm200_grab4
6035,1688,-472,8892,CD,0,D2_pwm200_grab4
6040,-2736,1804,10400,CD,0,D2_pwm200_grab4
6044,3204,-1200,13108,CD,0,D2_pwm200_grab4
6049,-2244,-5116,9904,CD,0,D2_pwm200_grab4
6054,2540,-152,9212,CD,0,D2_pwm200_grab4
6059,-688,-916,4088,CD,0,D2_pwm200_grab4
6070,3204,1900,10456,CD,0,D2_pwm200_grab4
6075,-3168,-1328,6324,CD,0,D2_pwm200_grab4
6079,416,-2480,8932,CD,0,D2_pwm200_grab4
6090,-396,3756,11388,CD,0,D2_pwm200_grab4
6094,-2312,-3656,7208,CD,0,D2_pwm200_grab4
6100,476,-1984,8132,CD,0,D2_pwm200_grab4
6110,1800,-1072,9372,CD,0,D2_pwm200_grab4
6115,1016,2524,8808,CD,0,D2_pwm200_grab4
6119,1328,992,10360,CD,0,D2_pwm200_grab4
6124,-1976,-5112,12732,CD,0,D2_pwm200_grab4
6129,692,-2744,7368,CD,0,D2_pwm200_grab4
6134,596,-1216,12292,CD,0,D2_pwm200_grab4
6140,2320,-560,8020,CD,0,D2_pwm200_grab4
6144,4452,3716,8936,CD,0,D2_pwm200_grab4
6149,-2524,316,8912,CD,0,D2_pwm200_grab4
6154,-1316,-1992,5808,CD,0,D2_pwm200_grab4
6160,-500,-12,12860,CD,0,D2_pwm200_grab4
6164,-3132,1376,10420,CD,0,D2_pwm200_grab4
6169,788,-1008,10320,CD,0,D2_pwm200_grab4
6175,-2508,-2244,8876,CD,0,D2_pwm200_grab4
6179,-7148,-2276,8756,CD,0,D2_pwm200_grab4
6185,572,1544,11120,CD,0,D2_pwm200_grab4
6189,1708,2228,11544,CD,0,D2_pwm200_grab4
6194,800,728,11840,CD,0,D2_pwm200_grab4
6200,1380,-1792,8200,CD,0,D2_pwm200_grab4
6204,208,-2088,8824,CD,0,D2_pwm200_grab4
6210,-1596,-1444,11128,CD,0,D2_pwm200_grab4
6214,4224,3320,13080,CD,0,D2_pwm200_grab4
6219,348,3972,13924,CD,0,D2_pwm200_grab4
6225,-3232,-2656,9472,CD,0,D2_pwm200_grab4
6231,-1044,-1796,9180,CD,0,D2_pwm200_grab4
6235,8064,3276,10400,CD,0,D2_pwm200_grab4
6240,-588,2428,15152,CD,0,D2_pwm200_grab4
6245,-4932,-1564,9992,CD,0,D2_pwm200_grab4
6251,-76,-536,9148,CD,0,D2_pwm200_grab4
6256,688,1380,10636,CD,0,D2_pwm200_grab4
6260,-704,2508,10444,CD,0,D2_pwm200_grab4
6266,3744,552,12852,CD,0,D2_pwm200_grab4
6270,-4064,-4932,7984,CD,0,D2_pwm200_grab4
6275,-2060,-4448,13648,CD,0,D2_pwm200_grab4
6281,2924,-1464,9892,CD,0,D2_pwm200_grab4
6285,2724,2292,10428,CD,0,D2_pwm200_grab4
6290,4420,1276,12820,CD,0,D2_pwm200_grab4
6295,3160,-500,12744,CD,0,D2_pwm200_grab4
6300,-2624,-3008,10284,CD,0,D2_pwm200_grab4
6305,1020,76,10024,CD,0,D2_pwm200_grab4
6316,592,4024,10780,CD,0,D2_pwm200_grab4
6321,796,228,8224,CD,0,D2_pwm200_grab4
6325,-276,-2356,8312,CD,0,D2_pwm200_grab4
6331,-4460,-1620,9336,CD,0,D2_pwm200_grab4
6336,1384,884,7412,CD,0,D2_pwm200_grab4
6341,-308,1876,15180,CD,0,D2_pwm200_grab4
6345,-5668,-1644,4876,CD,0,D2_pwm200_grab4
6350,-3708,-5436,8848,CD,0,D2_pwm200_grab4
6356,3436,392,10656,CD,0,D2_pwm200_grab4
6360,2816,-1416,9572,CD,0,D2_pwm200_grab4
6365,1976,-340,7376,CD,0,D2_pwm200_grab4
6370,208,2468,11732,CD,0,D2_pwm200_grab4
6376,-3756,-2344,7876,CD,0,D2_pwm200_grab4
6381,1136,-308,8376,CD,0,D2_pwm200_grab4
6385,8468,2960,10464,CD,0,D2_pwm200_grab4
6390,-2116,2192,12032,CD,0,D2_pwm200_grab4
6395,-5720,-5108,10772,CD,0,D2_pwm200_grab4
6400,-2952,-2404,8952,CD,0,D2_pwm200_grab4
6405,-8692,-2620,8436,CD,0,D2_pwm200_grab4
6411,-320,-564,9268,CD,0,D2_pwm200_grab4
6415,-6252,2012,10252,CD,0,D2_pwm200_grab4
6421,2116,-148,12192,CD,0,D2_pwm200_grab4
6425,-6988,-7552,11328,CD,0,D2_pwm200_grab4
6430,1660,-2512,10808,CD,0,D2_pwm200_grab4
6436,1156,1924,14624,CD,0,D2_pwm200_grab4
6440,2816,-1320,12108,CD,0,D2_pwm200_grab4
6446,836,3584,12924,CD,0,D2_pwm200_grab4
6450,-4088,-1476,8696,CD,0,D2_pwm200_grab4
6455,148,-2232,9292,CD,0,D2_pwm200_grab4
6460,4668,1140,11276,CD,0,D2_pwm200_grab4
6466,-452,3688,13696,CD,0,D2_pwm200_grab4
6470,-3216,-1488,11080,CD,0,D2_pwm200_grab4
6475,-316,324,9192,CD,0,D2_pwm200_grab4
6481,-2916,652,11232,CD,0,D2_pwm200_grab4
6487,-460,1160,10552,CD,0,D2_pwm200_grab4
6491,1196,1528,15984,CD,0,D2_pwm200_grab4
6496,-5828,-4632,6372,CD,0,D2_pwm200_grab4
6502,-3468,-5608,10472,CD,0,D2_pwm200_grab4
6506,5772,2060,12124,CD,0,D2_pwm200_grab4
6511,1556,1836,12816,CD,0,D2_pwm200_grab4
6517,-6548,-3656,7724,CD,0,D2_pwm200_grab4
6522,2756,-852,11392,CD,0,D2_pwm200_grab4
6526,4416,56,13284,CD,0,D2_pwm200_grab4
6531,1252,-1128,11560,CD,0,D2_pwm200_grab4
6536,9612,4848,10988,CD,0,D2_pwm200_grab4
6541,1532,2228,13100,CD,0,D2_pwm200_grab4
6547,-1984,-2436,8864,CD,0,D2_pwm200_grab4
6551,3120,2492,10028,CD,0,D2_pwm200_grab4
6556,1940,-388,7224,CD,0,D2_pwm200_grab4
6562,356,1620,10608,CD,0,D2_pwm200_grab4
6566,3596,-504,8784,CD,0,D2_pwm200_grab4
6571,1240,-1020,10928,CD,0,D2_pwm200_grab4
6577,-3008,-5156,8420,CD,0,D2_pwm200_grab4
6581,3248,336,9576,CD,0,D2_pwm200_grab4
6586,3820,3012,12776,CD,0,D2_pwm200_grab4
6591,728,-2456,6256,CD,0,D2_pwm200_grab4
6596,3180,-1668,7284,CD,0,D2_pwm200_grab4
6601,-1932,-2732,10044,CD,0,D2_pwm200_grab4
6607,284,1520,7896,CD,0,D2_pwm200_grab4
6611,10656,4828,11344,CD,0,D2_pwm200_grab4
6617,-176,4528,11616,CD,0,D2_pwm200_grab4
6622,-4136,-4316,8124,CD,0,D2_pwm200_grab4
6626,-24,-892,7468,CD,0,D2_pwm200_grab4
6632,-756,-628,8328,CD,0,D2_pwm200_grab4
6636,-776,180,9032,CD,0,D2_pwm200_grab4
6642,1204,1568,10968,CD,0,D2_pwm200_grab4
6647,-2920,-4164,8164,CD,0,D2_pwm200_grab4
6651,-6556,-5756,6204,CD,0,D2_pwm200_grab4
6656,1028,-2688,7580,CD,0,D2_pwm200_grab4
6661,672,-276,11864,CD,0,D2_pwm200_grab4
6667,2704,-660,10172,CD,0,D2_pwm200_grab4
6672,3036,592,15132,CD,0,D2_pwm200_grab4
6677,-5424,-3448,7744,CD,0,D2_pwm200_grab4
6682,448,296,10028,CD,0,D2_pwm200_grab4
6687,7604,3200,8524,CD,0,D2_pwm200_grab4
6692,-968,-200,13756,CD,0,D2_pwm200_grab4
6696,-4020,-4756,10760,CD,0,D2_pwm200_grab4
6701,-2284,-1176,9576,CD,0,D2_pwm200_grab4
6706,-6344,-1288,9296,CD,0,D2_pwm200_grab4
6712,92,1560,10676,CD,0,D2_pwm200_grab4
6717,-3116,2744,12588,CD,0,D2_pwm200_grab4
6721,-5948,-1696,8800,CD,0,D2_pwm200_grab4
6732,3364,528,12520,CD,0,D2_pwm200_grab4
6736,464,1156,12856,CD,0,D2_pwm200_grab4
6742,-1048,-680,8128,CD,0,D2_pwm200_grab4
6747,2984,232,10936,CD,0,D2_pwm200_grab4
6752,152,-912,13624,CD,0,D2_pwm200_grab4
6757,-44,544,9328,CD,0,D2_pwm200_grab4
6762,9008,4176,12452,CD,0,D2_pwm200_grab4
6767,556,-40,11668,CD,0,D2_pwm200_grab4
6772,-32,-2828,5080,CD,0,D2_pwm200_grab4
6777,-3064,3052,9904,CD,0,D2_pwm200_grab4
6782,4436,3464,10192,CD,0,D2_pwm200_grab4
6788,-1128,2564,10604,CD,0,D2_pwm200_grab4
6792,3884,900,11544,CD,0,D2_pwm200_grab4
6797,-4348,-3364,9440,CD,0,D2_pwm200_grab4
6802,-2360,-3884,6412,CD,0,D2_pwm200_grab4
6807,5948,1216,12696,CD,0,D2_pwm200_grab4
6812,408,1152,11784,CD,0,D2_pwm200_grab4
6818,-6532,-3656,8040,CD,0,D2_pwm200_grab4
6823,2444,-2732,10724,CD,0,D2_pwm200_grab4
6828,-2604,-3044,10260,CD,0,D2_pwm200_grab4
6832,1068,152,9552,CD,0,D2_pwm200_grab4
6837,11284,5188,9944,CD,0,D2_pwm200_grab4
6843,872,1204,11048,CD,0,D2_pwm200_grab4
6847,-492,-2024,9440,CD,0,D2_pwm200_grab4
6853,1848,1472,9160,CD,0,D2_pwm200_grab4
6857,2768,1500,7340,CD,0,D2_pwm200_grab4
6863,-564,324,9496,CD,0,D2_pwm200_grab4
6867,3788,208,7848,CD,0,D2_pwm200_grab4
6873,-6488,-536,5900,CD,0,D2_pwm200_grab4
6878,-3220,-5708,9544,CD,0,D2_pwm200_grab4
6882,3232,-428,10356,CD,0,D2_pwm200_grab4
6887,744,1068,11748,CD,0,D2_pwm200_grab4
6892,-3928,-2968,5316,CD,0,D2_pwm200_grab4
6897,2000,-2044,8676,CD,0,D2_pwm200_grab4
6902,-2584,-200,10400,CD,0,D2_pwm200_grab4
6907,-592,1624,9228,CD,0,D2_pwm200_grab4
6912,8304,2176,9112,CD,0,D2_pwm200_grab4
6918,-2512,2760,12652,CD,0,D2_pwm200_grab4
6923,-5504,-4520,11488,CD,0,D2_pwm200_grab4
6927,-804,-876,7128,CD,0,D2_pwm200_grab4
6932,228,1916,7792,CD,0,D2_pwm200_grab4
6937,-1424,544,9972,CD,0,D2_pwm200_grab4
6942,2032,1776,7700,CD,0,D2_pwm200_grab4
6948,-4428,-4056,8344,CD,0,D2_pwm200_grab4
6952,-4560,-5252,6616,CD,0,D2_pwm200_grab4
6958,1900,-3520,10592,CD,0,D2_pwm200_grab4
6962,1612,3036,14152,CD,0,D2_pwm200_grab4
6967,3368,-1704,11776,CD,0,D2_pwm200_grab4
6972,3004,1168,13348,CD,0,D2_pwm200_grab4
6977,-4008,-1216,10628,CD,0,D2_pwm200_grab4
6982,72,-72,10364,CD,0,D2_pwm200_grab4
6988,9144,4388,11852,CD,0,D2_pwm200_grab4
6993,1592,424,12976,CD,0,D2_pwm200_grab4
6999,460,-3636,9092,CD,0,D2_pwm200_grab4
7004,-1724,3600,10936,CD,0,D2_pwm200_grab4
7008,3120,4176,8824,CD,0,D2_pwm200_grab4
7014,100,1040,8964,CD,0,D2_pwm200_grab4
7019,1144,-1668,8124,CD,0,D2_pwm200_grab4
7023,-1376,-1660,13332,CD,0,D2_pwm200_grab4
7028,-1492,-268,8772,CD,0,D2_pwm200_grab4
7033,4872,2612,11032,CD,0,D2_pwm200_grab4
7040,-964,-1416,11040,CD,0,D2_pwm200_grab4
7043,-6252,-3836,6724,CD,0,D2_pwm200_grab4
7048,2776,-924,10928,CD,0,D2_pwm200_grab4
7054,4972,248,13364,CD,0,D2_pwm200_grab4
7058,632,644,12168,CD,0,D2_pwm200_grab4
7063,7376,2600,9080,CD,0,D2_pwm200_grab4
7069,1312,-348,9644,CD,0,D2_pwm200_grab4
7073,608,-1160,3912,CD,0,D2_pwm200_grab4
7079,8708,2092,17068,CD,0,D2_pwm200_grab4
7083,1748,24,6972,CD,0,D2_pwm200_grab4
7088,1088,1508,10832,CD,0,D2_pwm200_grab4
7093,3612,-140,8968,CD,0,D2_pwm200_grab4
7099,756,192,10016,CD,0,D2_pwm200_grab4
7103,-2528,-1580,6368,CD,0,D2_pwm200_grab4
7109,6040,3176,10540,CD,0,D2_pwm200_grab4
7114,-1576,-2164,11280,CD,0,D2_pwm200_grab4
7124,-144,-2252,10292,CD,0,D2_pwm200_grab4
7128,-2552,-3032,9796,CD,0,D2_pwm200_grab4
7133,552,1200,7584,CD,0,D2_pwm200_grab4
7143,-1712,-916,8924,CD,0,D2_pwm200_grab4
7149,204,-4436,6568,CD,0,D2_pwm200_grab4
7154,-5100,2012,8008,CD,0,D2_pwm200_grab4
7158,1556,3488,7488,CD,0,D2_pwm200_grab4
7164,-3260,-836,7044,CD,0,D2_pwm200_grab4
7168,884,1468,12040,CD,0,D2_pwm200_grab4
7173,-7388,-1864,5356,CD,0,D2_pwm200_grab4
7178,-6248,-6924,6024,CD,0,D2_pwm200_grab4
7184,3924,388,13012,CD,0,D2_pwm200_grab4
7189,-1484,816,11672,CD,0,D2_pwm200_grab4
7193,-5152,-3600,5740,CD,0,D2_pwm200_grab4
7199,332,-3096,10924,CD,0,D2_pwm200_grab4
7204,4000,2632,12192,CD,0,D2_pwm200_grab4
7209,-1916,144,10496,CD,0,D2_pwm200_grab4
7214,7464,2492,7792,CD,0,D2_pwm200_grab4
7219,-1068,756,14752,CD,0,D2_pwm200_grab4
7223,-5280,-4780,11884,CD,0,D2_pwm200_grab4
7229,2108,972,8436,CD,0,D2_pwm200_grab4
7234,-548,1304,7140,CD,0,D2_pwm200_grab4
7239,-56,2220,10936,CD,0,D2_pwm200_grab4
7243,732,644,7064,CD,0,D2_pwm200_grab4
7249,-1640,-1944,10604,CD,0,D2_pwm200_grab4
7254,-5516,-4044,6324,CD,0,D2_pwm200_grab4
7259,5428,2792,12652,CD,0,D2_pwm200_grab4
7264,-2548,-608,12660,CD,0,D2_pwm200_grab4
7269,-8092,-2848,11972,CD,0,D2_pwm200_grab4
7275,1936,-672,9928,CD,0,D2_pwm200_grab4
7279,3556,2760,12428,CD,0,D2_pwm200_grab4
7285,1352,-140,13528,CD,0,D2_pwm200_grab4
7289,1528,-2092,12132,CD,0,D2_pwm200_grab4
7294,2416,-1484,7724,CD,0,D2_pwm200_grab4
7299,1076,-3208,5988,CD,0,D2_pwm200_grab4
7304,-2884,3888,9732,CD,0,D2_pwm200_grab4
7309,4028,3600,9628,CD,0,D2_pwm200_grab4
7315,-564,-408,8936,CD,0,D2_pwm200_grab4
7319,732,-2100,7840,CD,0,D2_pwm200_grab4
7325,-1668,-1552,12740,CD,0,D2_pwm200_grab4
7330,332,2212,9232,CD,0,D2_pwm200_grab4
7335,3996,3580,10592,CD,0,D2_pwm200_grab4
7340,560,1812,11276,CD,0,D2_pwm200_grab4
7345,-5412,-3328,7228,CD,0,D2_pwm200_grab4
7349,2568,-2932,10156,CD,0,D2_pwm200_grab4
7354,4476,976,14028,CD,0,D2_pwm200_grab4
7359,1768,1320,11772,CD,0,D2_pwm200_grab4
7364,5824,2948,10156,CD,0,D2_pwm200_grab4
7370,1720,-2900,6748,CD,0,D2_pwm200_grab4
7374,-512,-1452,3820,CD,0,D2_pwm200_grab4
7380,8644,1812,17780,CD,0,D2_pwm200_grab4
7384,2088,900,7628,CD,0,D2_pwm200_grab4
7390,-200,624,9800,CD,0,D2_pwm200_grab4
7394,3876,416,7908,CD,0,D2_pwm200_grab4
7399,-1484,-804,10516,CD,0,D2_pwm200_grab4
7405,-1412,-1772,5648,CD,0,D2_pwm200_grab4
7410,3136,1496,11004,CD,0,D2_pwm200_grab4
7415,-552,-2008,10836,CD,0,D2_pwm200_grab4
7424,2268,-1724,9996,CD,0,D2_pwm200_grab4
7430,-4380,-592,9980,CD,0,D2_pwm200_grab4
7434,440,1700,8844,CD,0,D2_pwm200_grab4
7439,7868,2656,8640,CD,0,D2_pwm200_grab4
7445,-476,-1652,9408,CD,0,D2_pwm200_grab4
7450,-1684,-5124,6320,CD,0,D2_pwm200_grab4
7454,-4212,2436,7788,CD,0,D2_pwm200_grab4
7460,2436,4016,8508,CD,0,D2_pwm200_grab4
7464,-2204,864,8244,CD,0,D2_pwm200_grab4
7470,2004,1980,10344,CD,0,D2_pwm200_grab4
7474,-9052,-4116,4988,CD,0,D2_pwm200_grab4
7480,-4748,-5412,8264,CD,0,D2_pwm200_grab4
7484,2308,-116,11648,CD,0,D2_pwm200_grab4
7490,-1792,952,11284,CD,0,D2_pwm200_grab4
7500,1608,-2324,11772,CD,0,D2_pwm200_grab4
7504,844,908,12256,CD,0,D2_pwm200_grab4
7510,-88,-28,12816,CD,0,D2_pwm200_grab4
7515,4840,320,10432,CD,0,D2_pwm200_grab4
7521,720,-2168,9180,CD,0,D2_pwm200_grab4
7525,-2360,-2068,7368,CD,0,D2_pwm200_grab4
7535,5208,4960,12432,CD,0,D2_pwm200_grab4
7540,-2888,-2148,9336,CD,0,D2_pwm200_grab4
7545,-908,-2240,9248,CD,0,D2_pwm200_grab4
7552,5748,1616,10800,CD,0,D2_pwm200_grab4
7556,-2720,-2116,8084,CD,0,D2_pwm200_grab4
7561,6196,2884,11716,CD,0,D2_pwm200_grab4
7565,-988,-48,12064,CD,0,D2_pwm200_grab4
7570,-7724,-3720,10724,CD,0,D2_pwm200_grab4
7576,1448,-1904,11132,CD,0,D2_pwm200_grab4
7581,4560,2412,11736,CD,0,D2_pwm200_grab4
7585,196,-136,13380,CD,0,D2_pwm200_grab4
7590,1508,-1168,11568,CD,0,D2_pwm200_grab4
7595,1900,308,11288,CD,0,D2_pwm200_grab4
7601,2492,-2556,4820,CD,0,D2_pwm200_grab4
7605,832,2996,10564,CD,0,D2_pwm200_grab4
7611,4032,3244,7744,CD,0,D2_pwm200_grab4
7616,200,-692,7504,CD,0,D2_pwm200_grab4
7620,1368,-1160,5764,CD,0,D2_pwm200_grab4
7625,-1380,372,10016,CD,0,D2_pwm200_grab4
7630,-204,1712,7564,CD,0,D2_pwm200_grab4
7635,3960,2516,9344,CD,0,D2_pwm200_grab4
7640,-460,268,10764,CD,0,D2_pwm200_grab4
7645,-4128,-2956,5328,CD,0,D2_pwm200_grab4
7650,416,-3112,10856,CD,0,D2_pwm200_grab4
7655,2760,116,11820,CD,0,D2_pwm200_grab4
7661,-240,1564,10880,CD,0,D2_pwm200_grab4
7665,7828,3608,7368,CD,0,D2_pwm200_grab4
7670,-968,-3824,7852,CD,0,D2_pwm200_grab4
7680,-288,708,8148,CD,0,D2_pwm200_grab4
7685,-1372,832,7380,CD,0,D2_pwm200_grab4
7690,-1132,1248,10668,CD,0,D2_pwm200_grab4
7696,2372,1360,8112,CD,0,D2_pwm200_grab4
7701,-3432,-1800,13392,CD,0,D2_pwm200_grab4
7706,-4160,-3692,6608,CD,0,D2_pwm200_grab4
7710,2504,1388,12200,CD,0,D2_pwm200_grab4
7715,-2740,-1532,10488,CD,0,D2_pwm200_grab4
7726,2500,-612,13860,CD,0,D2_pwm200_grab4
7731,-3796,-1236,11144,CD,0,D2_pwm200_grab4
7735,-584,-240,8484,CD,0,D2_pwm200_grab4
7745,-1996,-436,11936,CD,0,D2_pwm200_grab4
7750,128,-3412,8804,CD,0,D2_pwm200_grab4
7755,804,1496,10896,CD,0,D2_pwm200_grab4
7760,2816,3396,8868,CD,0,D2_pwm200_grab4
7766,-1176,2316,10668,CD,0,D2_pwm200_grab4
7772,1236,-1308,7952,CD,0,D2_pwm200_grab4
7776,-2176,-2620,13872,CD,0,D2_pwm200_grab4
7781,-1704,-252,8932,CD,0,D2_pwm200_grab4
7787,3988,2928,13132,CD,0,D2_pwm200_grab4
7791,-920,-488,12776,CD,0,D2_pwm200_grab4
7801,1584,-1552,10720,CD,0,D2_pwm200_grab4
7806,4588,2996,12120,CD,0,D2_pwm200_grab4
7812,676,1264,10308,CD,0,D2_pwm200_grab4
7821,1112,-160,9768,CD,0,D2_pwm200_grab4
7826,1576,-1960,6596,CD,0,D2_pwm200_grab4
7832,-840,3548,8404,CD,1,D2_pwm200_grab4
7837,3108,4208,9364,CD,1,D2_pwm200_grab4
7842,-444,-836,7872,CD,1,D2_pwm200_grab4
7847,956,-2328,7556,CD,1,D2_pwm200_grab4
7852,-7044,-3648,5392,CD,1,D2_pwm200_grab4
7856,-2276,-4324,9252,CD,1,D2_pwm200_grab4
7861,5076,2156,11772,CD,1,D2_pwm200_grab4
7867,1556,2132,11324,CD,1,D2_pwm200_grab4
7871,-2260,-1244,6780,CD,1,D2_pwm200_grab4
7876,2228,-2972,9644,CD,1,D2_pwm200_grab4
7881,1936,-1028,13228,CD,1,D2_pwm200_grab4
7887,-360,1376,10400,CD,1,D2_pwm200_grab4
7891,10164,4412,10688,CD,1,D2_pwm200_grab4
7897,1084,2048,12168,CD,1,D2_pwm200_grab4
7901,-4320,-2880,9868,CD,1,D2_pwm200_grab4
7907,540,-396,6940,CD,1,D2_pwm200_grab4
7911,8,-508,8772,CD,1,D2_pwm200_grab4
7916,396,1528,9868,CD,1,D2_pwm200_grab4
7921,3500,148,11200,CD,1,D2_pwm200_grab4
7926,-1144,-2128,8808,CD,1,D2_pwm200_grab4
7931,-3236,-2688,6956,CD,1,D2_pwm200_grab4
7936,1348,-1840,10112,CD,1,D2_pwm200_grab4
7942,3036,992,10004,CD,1,D2_pwm200_grab4
7946,1828,-1604,12000,CD,1,D2_pwm200_grab4
7952,3368,-108,12640,CD,1,D2_pwm200_grab4
7957,-3556,-2948,8592,CD,1,D2_pwm200_grab4
7961,2028,456,7976,CD,1,D2_pwm200_grab4
7966,8832,4760,10632,CD,1,D2_pwm200_grab4
7972,-1656,788,11560,CD,1,D2_pwm200_grab4
7976,-1928,-4628,9796,CD,1,D2_pwm200_grab4
7981,-2308,-2480,6788,CD,1,D2_pwm200_grab4
7986,-6424,-184,9824,CD,1,D2_pwm200_grab4
7991,-876,900,8912,CD,1,D2_pwm200_grab4
7996,-2256,2400,14528,CD,1,D2_pwm200_grab4
8001,944,-1084,8264,CD,1,D2_pwm200_grab4
8006,-7180,-7880,9388,CD,1,D2_pwm200_grab4
8012,2756,-1740,12252,CD,1,D2_pwm200_grab4
8017,852,1464,13332,CD,1,D2_pwm200_grab4
8022,2028,-2084,10928,CD,1,D2_pwm200_grab4
8027,2352,620,12092,CD,1,D2_pwm200_grab4
8033,-3780,-140,10816,CD,1,D2_pwm200_grab4
8037,-984,456,10260,CD,1,D2_pwm200_grab4
8042,9696,3028,12552,CD,1,D2_pwm200_grab4
8048,424,-1272,11284,CD,1,D2_pwm200_grab4
8052,792,-3976,7720,CD,1,D2_pwm200_grab4
8057,-2000,3528,9036,CD,1,D2_pwm200_grab4
8064,3048,4444,8876,CD,1,D2_pwm200_grab4
8067,44,1512,11908,CD,1,D2_pwm200_grab4
8072,1656,1472,14008,CD,1,D2_pwm200_grab4
8077,-5208,-5152,6692,CD,1,D2_pwm200_grab4
8083,-3724,-4912,10216,CD,1,D2_pwm200_grab4
8088,5188,2928,11208,CD,1,D2_pwm200_grab4
8092,812,1852,11820,CD,1,D2_pwm200_grab4
8097,-6832,-3152,7008,CD,1,D2_pwm200_grab4
8102,2876,-1136,10960,CD,1,D2_pwm200_grab4
8108,-1344,-3544,9336,CD,1,D2_pwm200_grab4
8113,1252,-1072,10924,CD,1,D2_pwm200_grab4
8118,9612,6284,9480,CD,1,D2_pwm200_grab4
8123,1992,2284,12920,CD,1,D2_pwm200_grab4
8127,-2364,-2688,9428,CD,1,D2_pwm200_grab4
8132,1716,2268,9464,CD,1,D2_pwm200_grab4
8137,1032,-620,7268,CD,1,D2_pwm200_grab4
8142,1148,1792,11064,CD,1,D2_pwm200_grab4
8147,2772,116,9368,CD,1,D2_pwm200_grab4
8153,4492,-248,11212,CD,1,D2_pwm200_grab4
8157,-4020,-5044,8180,CD,1,D2_pwm200_grab4
8163,2616,-88,9304,CD,1,D2_pwm200_grab4
8168,3244,904,12900,CD,1,D2_pwm200_grab4
8173,3164,-2392,11184,CD,1,D2_pwm200_grab4
8178,3588,-680,10400,CD,1,D2_pwm200_grab4
8182,-2956,-3476,8952,CD,1,D2_pwm200_grab4
8188,1844,1692,6820,CD,1,D2_pwm200_grab4
8192,3756,2652,6752,CD,1,D2_pwm200_grab4
8197,-1596,1788,11736,CD,1,D2_pwm200_grab4
8202,-1192,-2992,7752,CD,1,D2_pwm200_grab4
8208,-1916,-2096,8224,CD,1,D2_pwm200_grab4
8212,-4068,-1416,8936,CD,1,D2_pwm200_grab4
8217,-1204,1736,10476,CD,1,D2_pwm200_grab4
8223,-1140,2620,13764,CD,1,D2_pwm200_grab4
8232,-7084,-7708,6936,CD,1,D2_pwm200_grab4
8237,396,-3448,7656,CD,1,D2_pwm200_grab4
8242,-408,-2004,11516,CD,1,D2_pwm200_grab4
8247,1860,1952,10176,CD,1,D2_pwm200_grab4
8252,1132,3852,13652,CD,1,D2_pwm200_grab4
8257,-4572,-1824,8800,CD,1,D2_pwm200_grab4
8262,192,-508,9456,CD,1,D2_pwm200_grab4
8268,7728,2468,11188,CD,1,D2_pwm200_grab4
8272,-1312,1396,13296,CD,1,D2_pwm200_grab4
8278,-5480,-2716,12588,CD,1,D2_pwm200_grab4
8284,-1200,-1788,8232,CD,1,D2_pwm200_grab4
8289,-548,1420,11200,CD,1,D2_pwm200_grab4
8294,8,2040,11356,CD,1,D2_pwm200_grab4
8298,2260,964,12924,CD,1,D2_pwm200_grab4
8309,-3088,-3952,10204,CD,1,D2_pwm200_grab4
8313,4296,1516,12640,CD,1,D2_pwm200_grab4
8320,1104,1600,11964,CD,1,D2_pwm200_grab4
8323,3524,2420,10116,CD,1,D2_pwm200_grab4
8328,1960,2668,14392,CD,1,D2_pwm200_grab4
8333,-2112,-1752,9752,CD,1,D2_pwm200_grab4
8339,1332,-952,10996,CD,1,D2_pwm200_grab4
8348,1820,2296,12276,CD,1,D2_pwm200_grab4
8353,-3508,-2552,11420,CD,1,D2_pwm200_grab4
8359,236,808,8392,CD,1,D2_pwm200_grab4
8368,1756,-1924,8504,CD,1,D2_pwm200_grab4
8373,532,2116,12028,CD,1,D2_pwm200_grab4
8378,3056,188,11616,CD,1,D2_pwm200_grab4
8383,1132,-3712,11256,CD,1,D2_pwm200_grab4
8388,1772,-580,8300,CD,1,D2_pwm200_grab4
8393,4308,1736,10568,CD,1,D2_pwm200_grab4
8398,3036,-688,8524,CD,1,D2_pwm200_grab4
8404,2248,3072,13356,CD,1,D2_pwm200_grab4
8409,-940,392,9600,CD,1,D2_pwm200_grab4
8413,432,-2312,7628,CD,1,D2_pwm200_grab4
8418,520,1384,8624,CD,1,D2_pwm200_grab4
8424,-980,2720,7248,CD,1,D2_pwm200_grab4
8429,2936,-280,8608,CD,1,D2_pwm200_grab4
8434,-264,-968,9712,CD,1,D2_pwm200_grab4
8443,1016,-2568,9280,CD,1,D2_pwm200_grab4
8448,1732,-1308,12276,CD,1,D2_pwm200_grab4
8454,-28,1620,9544,CD,1,D2_pwm200_grab4
8463,-428,-2492,8604,CD,1,D2_pwm200_grab4
8468,-804,-3904,4064,CD,1,D2_pwm200_grab4
8473,-3580,1280,7272,CD,1,D2_pwm200_grab4
8479,1680,2740,7588,CD,1,D2_pwm200_grab4
8483,-4156,-696,7700,CD,1,D2_pwm200_grab4
8488,208,-1624,6708,CD,1,D2_pwm200_grab4
8494,-6624,-3488,5788,CD,1,D2_pwm200_grab4
8498,-5356,-6456,5920,CD,1,D2_pwm200_grab4
8503,2784,264,12180,CD,1,D2_pwm200_grab4
8508,-236,-376,10860,CD,1,D2_pwm200_grab4
8513,-4872,-1332,8444,CD,1,D2_pwm200_grab4
8518,1164,-1732,10172,CD,1,D2_pwm200_grab4
8523,692,1392,12156,CD,1,D2_pwm200_grab4
8528,-1908,88,8124,CD,1,D2_pwm200_grab4
8534,6960,2636,12688,CD,1,D2_pwm200_grab4
8539,-1800,-2112,9720,CD,1,D2_pwm200_grab4
8544,-1344,-3572,5288,CD,1,D2_pwm200_grab4
8550,-1140,1244,10240,CD,1,D2_pwm200_grab4
8555,3460,4544,9748,CD,1,D2_pwm200_grab4
8560,-3456,960,9712,CD,1,D2_pwm200_grab4
8564,368,-2116,8268,CD,1,D2_pwm200_grab4
8570,-3036,-2236,9712,CD,1,D2_pwm200_grab4
8574,-1364,1456,8652,CD,1,D2_pwm200_grab4
8579,3716,756,12412,CD,1,D2_pwm200_grab4
8584,1204,1388,12320,CD,1,D2_pwm200_grab4
8589,-1808,-904,8968,CD,1,D2_pwm200_grab4
8594,2768,-996,11100,CD,1,D2_pwm200_grab4
8600,-908,-164,12868,CD,1,D2_pwm200_grab4
8604,440,1104,11596,CD,1,D2_pwm200_grab4
8610,8980,3500,12568,CD,1,D2_pwm200_grab4
8614,1584,-988,9908,CD,1,D2_pwm200_grab4
8620,-3124,-1608,11436,CD,1,D2_pwm200_grab4
8624,592,908,8784,CD,1,D2_pwm200_grab4
8629,-792,512,10380,CD,1,D2_pwm200_grab4
8634,1328,2088,10960,CD,1,D2_pwm200_grab4
8639,2712,1004,16088,CD,1,D2_pwm200_grab4
8645,-6008,-1956,5064,CD,1,D2_pwm200_grab4
8650,-3212,-5036,9540,CD,1,D2_pwm200_grab4
8654,5300,1800,10264,CD,1,D2_pwm200_grab4
8660,2372,1792,12004,CD,1,D2_pwm200_grab4
8664,3656,1280,9280,CD,1,D2_pwm200_grab4
8670,2792,3132,13064,CD,1,D2_pwm200_grab4
8674,-2444,-3564,6528,CD,1,D2_pwm200_grab4
8680,1796,-536,9788,CD,1,D2_pwm200_grab4
8684,8464,4148,8728,CD,1,D2_pwm200_grab4
8690,1192,3544,11784,CD,1,D2_pwm200_grab4
8694,-5276,-3292,9892,CD,1,D2_pwm200_grab4
8700,564,-1216,6872,CD,1,D2_pwm200_grab4
8709,1352,-2772,9576,CD,1,D2_pwm200_grab4
8715,-1168,2992,8648,CD,1,D2_pwm200_grab4
8719,628,440,12056,CD,1,D2_pwm200_grab4
8724,-1652,-4016,9780,CD,1,D2_pwm200_grab4
8730,344,-3604,7404,CD,1,D2_pwm200_grab4
8734,172,-700,11800,CD,1,D2_pwm200_grab4
8739,6688,756,15964,CD,1,D2_pwm200_grab4
8745,1452,2992,12732,CD,1,D2_pwm200_grab4
8749,-3220,640,8028,CD,1,D2_pwm200_grab4
8754,516,-1048,6512,CD,1,D2_pwm200_grab4
8759,-3332,-3744,8416,CD,1,D2_pwm200_grab4
8765,-2484,-616,8120,CD,1,D2_pwm200_grab4
8770,2440,860,10904,CD,1,D2_pwm200_grab4
8774,-2220,-1932,10044,CD,1,D2_pwm200_grab4
8784,1812,-732,10096,CD,1,D2_pwm200_grab4
8790,696,2948,8752,CD,1,D2_pwm200_grab4
8795,240,-200,12652,CD,1,D2_pwm200_grab4
8800,632,-3804,10540,CD,1,D2_pwm200_grab4
8806,1696,-2216,9212,CD,1,D2_pwm200_grab4
8810,-456,-604,12664,CD,1,D2_pwm200_grab4
8820,2896,4608,14032,CD,1,D2_pwm200_grab4
8825,-3252,-2096,9140,CD,1,D2_pwm200_grab4
8832,-1376,-2228,9056,CD,1,D2_pwm200_grab4
8835,-1240,-2956,11504,CD,1,D2_pwm200_grab4
8841,-2488,-2148,8960,CD,1,D2_pwm200_grab4
8846,5716,3124,11544,CD,1,D2_pwm200_grab4
8851,-1268,-936,12608,CD,1,D2_pwm200_grab4
8861,1688,-2504,11140,CD,1,D2_pwm200_grab4
8866,4592,3132,12068,CD,1,D2_pwm200_grab4
8871,488,-28,13328,CD,1,D2_pwm200_grab4
8881,576,1700,11848,CD,1,D2_pwm200_grab4
8885,2296,-2252,6644,CD,1,D2_pwm200_grab4
8890,3940,1612,10228,CD,1,D2_pwm200_grab4
8896,2776,1968,9576,CD,1,D2_pwm200_grab4
8900,732,1160,10216,CD,1,D2_pwm200_grab4
8905,2296,-1008,7556,CD,1,D2_pwm200_grab4
8911,-816,-1464,14860,CD,1,D2_pwm200_grab4
8915,-356,-1492,6836,CD,1,D2_pwm200_grab4
8921,3996,0,10124,CD,1,D2_pwm200_grab4
8926,1744,1140,11808,CD,1,D2_pwm200_grab4
8930,2628,-968,11492,CD,1,D2_pwm200_grab4
8935,2264,-1792,11244,CD,1,D2_pwm200_grab4
8941,-2356,-2916,9360,CD,1,D2_pwm200_grab4
8945,1036,1744,8200,CD,1,D2_pwm200_grab4
8956,-1380,-44,9644,CD,1,D2_pwm200_grab4
8961,-1180,-420,8376,CD,1,D2_pwm200_grab4
8966,-2476,-2288,8804,CD,1,D2_pwm200_grab4
8970,-6032,-2876,7988,CD,1,D2_pwm200_grab4
8976,-840,236,8808,CD,1,D2_pwm200_grab4
8981,-2560,1832,12292,CD,1,D2_pwm200_grab4
8985,-308,-2516,9156,CD,1,D2_pwm200_grab4
8990,-4332,-6112,9856,CD,1,D2_pwm200_grab4
8995,808,-2064,11008,CD,1,D2_pwm200_grab4
9000,980,688,12372,CD,1,D2_pwm200_grab4
9006,716,300,9000,CD,1,D2_pwm200_grab4
9011,2244,3096,9744,CD,1,D2_pwm200_grab4
9016,-3192,-1464,6780,CD,1,D2_pwm200_grab4
9020,-1348,-2640,6528,CD,1,D2_pwm200_grab4
9026,1196,-500,12492,CD,1,D2_pwm200_grab4
9030,-3148,1012,9864,CD,1,D2_pwm200_grab4
9035,360,-68,9644,CD,1,D2_pwm200_grab4
9041,-3088,-1284,11252,CD,1,D2_pwm200_grab4
9047,-3724,-1856,9344,CD,1,D2_pwm200_grab4
9052,-1472,116,9528,CD,1,D2_pwm200_grab4
9061,-320,-1592,10308,CD,1,D2_pwm200_grab4
9067,-4932,-6388,10620,CD,1,D2_pwm200_grab4
9071,1504,-2152,11436,CD,1,D2_pwm200_grab4
9077,1612,2872,13172,CD,1,D2_pwm200_grab4
9081,3156,676,12672,CD,1,D2_pwm200_grab4
9086,3160,-332,12876,CD,1,D2_pwm200_grab4
9091,-2884,-1652,9480,CD,1,D2_pwm200_grab4
9096,-1460,-2632,7832,CD,1,D2_pwm200_grab4
9101,896,-2372,14052,CD,1,D2_pwm200_grab4
9106,-1400,572,9912,CD,1,D2_pwm200_grab4
9111,1968,2004,10544,CD,1,D2_pwm200_grab4
9116,-1108,-624,10892,CD,1,D2_pwm200_grab4
9122,-4736,-2852,9856,CD,1,D2_pwm200_grab4
9126,624,704,9884,CD,1,D2_pwm200_grab4
9131,5800,2148,13464,CD,1,D2_pwm200_grab4
9136,-768,596,11764,CD,1,D2_pwm200_grab4
9141,6292,2692,11864,CD,1,D2_pwm200_grab4
9146,1712,-1244,9328,CD,1,D2_pwm200_grab4
9151,-452,-740,5012,CD,1,D2_pwm200_grab4
9157,1556,2284,10672,CD,1,D2_pwm200_grab4
9161,3840,2560,10228,CD,1,D2_pwm200_grab4
9166,-1616,-1404,9684,CD,1,D2_pwm200_grab4
9171,456,-2564,8060,CD,1,D2_pwm200_grab4
9176,-2740,-1980,10372,CD,1,D2_pwm200_grab4
9182,-1464,-2564,7408,CD,1,D2_pwm200_grab4
9187,5212,2496,10828,CD,1,D2_pwm200_grab4
9192,528,-1012,9788,CD,1,D2_pwm200_grab4
9196,-5732,-2808,7292,CD,1,D2_pwm200_grab4
9202,2008,-3164,8932,CD,1,D2_pwm200_grab4
9207,4976,1084,12772,CD,1,D2_pwm200_grab4
9211,1792,2124,11324,CD,1,D2_pwm200_grab4
9221,-744,-44,11188,CD,1,D2_pwm200_grab4
9227,-2132,-3836,9968,CD,1,D2_pwm200_grab4
9231,-928,308,7332,CD,1,D2_pwm200_grab4
9236,496,72,7568,CD,1,D2_pwm200_grab4
9242,-1268,1420,9968,CD,1,D2_pwm200_grab4
9247,2056,1584,7976,CD,1,D2_pwm200_grab4
9252,-3288,-2000,11448,CD,1,D2_pwm200_grab4
9257,-4080,-3544,6440,CD,1,D2_pwm200_grab4
9261,1156,-2584,9776,CD,1,D2_pwm200_grab4
9267,1892,968,12424,CD,1,D2_pwm200_grab4
9272,2044,-736,10152,CD,1,D2_pwm200_grab4
9277,944,1380,12844,CD,1,D2_pwm200_grab4
9281,-7324,-2636,8448,CD,1,D2_pwm200_grab4
9287,972,412,10296,CD,1,D2_pwm200_grab4
9292,8228,2268,8804,CD,1,D2_pwm200_grab4
9296,-1156,-584,13108,CD,1,D2_pwm200_grab4
9303,-4564,-3976,13088,CD,1,D2_pwm200_grab4
9308,-2224,-640,7048,CD,1,D2_pwm200_grab4
9312,-1016,2208,9708,CD,1,D2_pwm200_grab4
9318,-652,2720,10604,CD,1,D2_pwm200_grab4
9322,84,804,9500,CD,1,D2_pwm200_grab4
9327,-6028,-4044,6256,CD,1,D2_pwm200_grab4
9333,-4396,-3772,9944,CD,1,D2_pwm200_grab4
9338,3368,1236,12520,CD,1,D2_pwm200_grab4
9342,-640,636,11612,CD,1,D2_pwm200_grab4
9347,2944,672,8944,CD,1,D2_pwm200_grab4
9352,2076,1292,13068,CD,1,D2_pwm200_grab4
9357,-3804,-1936,9956,CD,1,D2_pwm200_grab4
9362,1180,-404,10336,CD,1,D2_pwm200_grab4
9367,9280,2168,11116,CD,1,D2_pwm200_grab4
9373,684,1656,12844,CD,1,D2_pwm200_grab4
9378,-3904,-3016,13212,CD,1,D2_pwm200_grab4
9383,204,1700,9036,CD,1,D2_pwm200_grab4
9388,-6984,-2812,10900,CD,1,D2_pwm200_grab4
9393,1056,-120,8464,CD,1,D2_pwm200_grab4
9397,-672,2052,12388,CD,1,D2_pwm200_grab4
9403,2660,268,10856,CD,1,D2_pwm200_grab4
9407,-404,-3680,11108,CD,1,D2_pwm200_grab4
9412,3136,-752,8944,CD,1,D2_pwm200_grab4
9417,3832,2920,12888,CD,1,D2_pwm200_grab4
9422,4604,-372,8856,CD,1,D2_pwm200_grab4
9428,2216,2404,13284,CD,1,D2_pwm200_grab4
9432,-1500,-1544,8028,CD,1,D2_pwm200_grab4
9438,784,-2284,7172,CD,1,D2_pwm200_grab4
9442,3460,1208,9724,CD,1,D2_pwm200_grab4
9448,-104,2612,7764,CD,1,D2_pwm200_grab4
9453,3684,844,8168,CD,1,D2_pwm200_grab4
9457,1060,-1140,10628,CD,1,D2_pwm200_grab4
9463,-6840,-4056,8840,CD,1,D2_pwm200_grab4
9468,1664,-1948,8856,CD,1,D2_pwm200_grab4
9473,3108,1600,10488,CD,1,D2_pwm200_grab4
9477,984,2528,9868,CD,1,D2_pwm200_grab4
9483,7580,2648,12540,CD,1,D2_pwm200_grab4
9487,1496,-2068,8856,CD,1,D2_pwm200_grab4
9493,-2912,-4168,4584,CD,1,D2_pwm200_grab4
9497,384,744,9484,CD,1,D2_pwm200_grab4
9502,1676,4368,9296,CD,1,D2_pwm200_grab4
9507,-2808,-396,7772,CD,1,D2_pwm200_grab4
9512,-260,-1316,6504,CD,1,D2_pwm200_grab4
9528,2076,12,11772,CD,1,D2_pwm200_grab4
9532,-1244,228,11352,CD,1,D2_pwm200_grab4
9538,-3720,-2532,8440,CD,1,D2_pwm200_grab4
9543,844,-1944,11568,CD,1,D2_pwm200_grab4
9547,-56,780,10620,CD,1,D2_pwm200_grab4
9552,-3052,428,10704,CD,1,D2_pwm200_grab4
9559,8432,2680,12928,CD,1,D2_pwm200_grab4
9563,-132,-2396,10632,CD,1,D2_pwm200_grab4
9568,-664,-5164,6504,CD,1,D2_pwm200_grab4
9573,-1572,2624,9944,CD,1,D2_pwm200_grab4
9579,1912,4796,9996,CD,1,D2_pwm200_grab4
9584,-1568,604,11028,CD,1,D2_pwm200_grab4
9589,256,-1384,6916,CD,1,D2_pwm200_grab4
9593,-792,-1008,10420,CD,1,D2_pwm200_grab4
9598,-2116,-592,7836,CD,1,D2_pwm200_grab4
9603,2508,-420,12620,CD,1,D2_pwm200_grab4
9608,752,1436,12448,CD,1,D2_pwm200_grab4
9614,-2752,-1012,8712,CD,1,D2_pwm200_grab4
9618,2220,16,12536,CD,1,D2_pwm200_grab4
9623,1944,-508,13596,CD,1,D2_pwm200_grab4
9628,672,636,11844,CD,1,D2_pwm200_grab4
9638,1200,-800,10904,CD,1,D2_pwm200_grab4
9643,-2672,-1000,11820,CD,1,D2_pwm200_grab4
9649,-508,-264,9200,CD,1,D2_pwm200_grab4
9653,-2852,484,10112,CD,1,D2_pwm200_grab4
9658,756,1740,11420,CD,1,D2_pwm200_grab4
9664,2392,52,14440,CD,1,D2_pwm200_grab4
9668,-4792,-1652,7668,CD,1,D2_pwm200_grab4
9674,-3752,-3668,7736,CD,1,D2_pwm200_grab4
9679,4468,1768,10852,CD,1,D2_pwm200_grab4
9683,2340,1096,11624,CD,1,D2_pwm200_grab4
9688,7108,1828,14288,CD,1,D2_pwm200_grab4
9694,3052,2968,12796,CD,1,D2_pwm200_grab4
9698,-996,-3640,7300,CD,1,D2_pwm200_grab4
9704,956,-1724,9832,CD,1,D2_pwm200_grab4
9709,6516,4024,9008,CD,1,D2_pwm200_grab4
9714,1336,3460,11936,CD,1,D2_pwm200_grab4
9718,-3276,-2028,8524,CD,1,D2_pwm200_grab4
9723,12,-508,10064,CD,1,D2_pwm200_grab4
9734,1836,-2892,9620,CD,1,D2_pwm200_grab4
9739,2204,3420,9720,CD,1,D2_pwm200_grab4
9743,1060,8,12380,CD,1,D2_pwm200_grab4
9749,960,-1808,9048,CD,1,D2_pwm200_grab4
9753,528,-1732,7164,CD,1,D2_pwm200_grab4
9758,852,-1824,10832,CD,1,D2_pwm200_grab4
9768,2216,2392,10760,CD,1,D2_pwm200_grab4
9774,-2208,872,8660,CD,1,D2_pwm200_grab4
9778,36,-752,6512,CD,1,D2_pwm200_grab4
9784,-1968,-1652,9932,CD,1,D2_pwm200_grab4
9789,-2548,-1708,6996,CD,1,D2_pwm200_grab4
9793,3932,440,10356,CD,1,D2_pwm200_grab4
9799,-3124,-2084,10064,CD,1,D2_pwm200_grab4
9809,1192,-1324,10264,CD,1,D2_pwm200_grab4
9815,1336,3224,8728,CD,1,D2_pwm200_grab4
9819,-20,-780,12604,CD,1,D2_pwm200_grab4
9824,784,-3300,8608,CD,1,D2_pwm200_grab4
9829,1228,-2492,9480,CD,1,D2_pwm200_grab4
9835,-1244,-1820,10972,CD,1,D2_pwm200_grab4
9849,-2776,-2152,8664,CD,1,D2_pwm200_grab4
9854,-1560,-2660,8080,CD,1,D2_pwm200_grab4
9859,-2740,-1888,12184,CD,1,D2_pwm200_grab4
9865,-2880,-2412,8924,CD,1,D2_pwm200_grab4
9869,4488,2764,12452,CD,1,D2_pwm200_grab4
9874,-1896,-1036,11004,CD,1,D2_pwm200_grab4
9884,1624,-1864,11104,CD,1,D2_pwm200_grab4
9889,4048,3104,12136,CD,1,D2_pwm200_grab4
9895,-56,-584,13600,CD,1,D2_pwm200_grab4
9904,-136,-140,12072,CD,1,D2_pwm200_grab4
9909,1892,-1744,7344,CD,1,D2_pwm200_grab4
9915,3260,1276,10112,CD,1,D2_pwm200_grab4
9920,2320,2644,11216,CD,1,D2_pwm200_grab4
9925,52,1680,11708,CD,1,D2_pwm200_grab4
9929,1608,-1364,8628,CD,1,D2_pwm200_grab4
9934,-1176,-1976,15132,CD,1,D2_pwm200_grab4
9939,120,608,7520,CD,1,D2_pwm200_grab4
9944,4124,1364,10500,CD,1,D2_pwm200_grab4
9949,2632,684,12476,CD,1,D2_pwm200_grab4
9954,2120,-1644,12176,CD,1,D2_pwm200_grab4
9959,2252,-1784,10656,CD,1,D2_pwm200_grab4
9965,-2032,-2164,11168,CD,1,D2_pwm200_grab4
9969,1268,1544,8760,CD,1,D2_pwm200_grab4
9980,-436,-868,8980,CD,1,D2_pwm200_grab4
9984,-1396,-1192,7992,CD,1,D2_pwm200_grab4
9989,-1428,-2164,8268,CD,1,D2_pwm200_grab4
9994,-4220,-1668,7448,CD,1,D2_pwm200_grab4
9999,424,964,8876,CD,1,D2_pwm200_grab4
10004,1116,1212,15904,CD,1,D2_pwm200_grab4
10009,-3008,-2432,5436,CD,1,D2_pwm200_grab4
10014,-4388,-5088,8368,CD,1,D2_pwm200_grab4
10019,3072,-796,10404,CD,1,D2_pwm200_grab4
10024,1424,-24,12112,CD,1,D2_pwm200_grab4
10029,6716,388,15528,CD,1,D2_pwm200_grab4
10034,2040,2288,10112,CD,1,D2_pwm200_grab4
10039,-2992,-2332,6812,CD,1,D2_pwm200_grab4
10044,788,-1652,6892,CD,1,D2_pwm200_grab4
10049,5328,2696,10512,CD,1,D2_pwm200_grab4
10054,-2248,1700,11004,CD,1,D2_pwm200_grab4
10059,-2928,-3712,10336,CD,1,D2_pwm200_grab4
10064,-3480,-1800,9688,CD,1,D2_pwm200_grab4
10071,-3200,272,8784,CD,1,D2_pwm200_grab4
10076,-820,508,9572,CD,1,D2_pwm200_grab4
10080,700,2120,15320,CD,1,D2_pwm200_grab4
10085,-988,-4248,9020,CD,1,D2_pwm200_grab4
10091,-4736,-6096,10040,CD,1,D2_pwm200_grab4
10096,944,-704,11772,CD,1,D2_pwm200_grab4
10100,596,628,13116,CD,1,D2_pwm200_grab4
10106,-40,-416,13328,CD,1,D2_pwm200_grab4
10112,2796,-260,12768,CD,1,D2_pwm200_grab4
10116,-2976,-1964,8456,CD,1,D2_pwm200_grab4
10121,232,-1404,10316,CD,1,D2_pwm200_grab4
10126,1220,568,12256,CD,1,D2_pwm200_grab4
10131,416,2348,14008,CD,1,D2_pwm200_grab4
10136,-68,-1088,10364,CD,1,D2_pwm200_grab4
10141,-924,-888,9928,CD,1,D2_pwm200_grab4
10146,-3808,-1616,9080,CD,1,D2_pwm200_grab4
10150,1512,1560,10496,CD,1,D2_pwm200_grab4
10155,5376,2840,12540,CD,1,D2_pwm200_grab4
10160,1036,568,13804,CD,1,D2_pwm200_grab4
10166,5536,-176,11708,CD,1,D2_pwm200_grab4
10170,2776,-1544,8000,CD,1,D2_pwm200_grab4
10175,1128,696,8368,CD,1,D2_pwm200_grab4
10186,2900,3372,11888,CD,1,D2_pwm200_grab4
10191,-1236,-3092,8308,CD,1,D2_pwm200_grab4
10195,1032,-2372,8712,CD,1,D2_pwm200_grab4
10201,-1116,-1904,14008,CD,1,D2_pwm200_grab4
10206,-796,-1280,9388,CD,1,D2_pwm200_grab4
10210,5840,2264,11780,CD,1,D2_pwm200_grab4
10215,708,-200,10872,CD,1,D2_pwm200_grab4
10225,2136,-3228,10264,CD,1,D2_pwm200_grab4
10231,5224,2480,10196,CD,1,D2_pwm200_grab4
10235,1832,2400,12072,CD,1,D2_pwm200_grab4
10246,-1084,792,10216,CD,1,D2_pwm200_grab4
10250,-2296,-2176,9892,CD,1,D2_pwm200_grab4
10256,568,252,7880,CD,1,D2_pwm200_grab4
10260,404,844,8940,CD,1,D2_pwm200_grab4
10265,-1096,916,9280,CD,1,D2_pwm200_grab4
10270,2320,832,9052,CD,1,D2_pwm200_grab4
10275,-3288,-3404,8644,CD,1,D2_pwm200_grab4
10281,-2744,-3156,7292,CD,1,D2_pwm200_grab4
10286,2284,-2076,8832,CD,1,D2_pwm200_grab4
10290,1996,628,10336,CD,1,D2_pwm200_grab4
10296,1864,-572,7548,CD,1,D2_pwm200_grab4
10300,2220,1768,12072,CD,1,D2_pwm200_grab4
10306,-6320,-3544,7364,CD,1,D2_pwm200_grab4
10311,456,-220,9780,CD,1,D2_pwm200_grab4
10316,7120,3292,7768,CD,1,D2_pwm200_grab4
10320,-1132,188,11236,CD,1,D2_pwm200_grab4
10326,-5288,-4572,11972,CD,1,D2_pwm200_grab4
10331,-2016,-1120,6976,CD,1,D2_pwm200_grab4
10337,-2312,460,9052,CD,1,D2_pwm200_grab4
10341,-1036,2436,10040,CD,1,D2_pwm200_grab4
10347,-328,404,9712,CD,1,D2_pwm200_grab4
10361,1996,108,12184,CD,1,D2_pwm200_grab4
10366,-800,696,11696,CD,1,D2_pwm200_grab4
10372,2024,1664,9464,CD,1,D2_pwm200_grab4
10377,3156,3984,12988,CD,1,D2_pwm200_grab4
10382,-5264,-2500,8328,CD,1,D2_pwm200_grab4
10386,564,-784,10036,CD,1,D2_pwm200_grab4
10391,6568,2296,9548,CD,1,D2_pwm200_grab4
10396,-600,2020,13000,CD,1,D2_pwm200_grab4
10402,-5312,-2992,12836,CD,1,D2_pwm200_grab4
10406,-476,276,8608,CD,1,D2_pwm200_grab4
10416,1996,16,9172,CD,1,D2_pwm200_grab4
10421,1768,3192,11808,CD,1,D2_pwm200_grab4
10426,1876,264,12728,CD,1,D2_pwm200_grab4
10431,1296,-3316,11524,CD,1,D2_pwm200_grab4
10436,3376,-1612,8800,CD,1,D2_pwm200_grab4
10442,2208,804,13160,CD,1,D2_pwm200_grab4
10447,6244,2272,12276,CD,1,D2_pwm200_grab4
10452,3516,3272,13084,CD,1,D2_pwm200_grab4
10457,-660,-508,10244,CD,1,D2_pwm200_grab4
10461,1192,-1760,7764,CD,1,D2_pwm200_grab4
10467,-136,740,9252,CD,1,D2_pwm200_grab4
10472,-304,-136,8404,CD,1,D2_pwm200_grab4
10477,4828,3252,9192,CD,1,D2_pwm200_grab4
10482,412,652,10560,CD,1,D2_pwm200_grab4
10491,2472,-2276,9120,CD,1,D2_pwm200_grab4
10497,1184,-1568,11244,CD,1,D2_pwm200_grab4
10501,2580,1984,10152,CD,1,D2_pwm200_grab4
10511,1836,-224,10156,CD,1,D2_pwm200_grab4
10516,144,-3788,6304,CD,1,D2_pwm200_grab4
10521,3460,-976,8028,CD,1,D2_pwm200_grab4
10526,640,1620,9656,CD,1,D2_pwm200_grab4
10531,-1432,1260,9664,CD,1,D2_pwm200_grab4
10536,412,-1164,6744,CD,1,D2_pwm200_grab4
10542,956,-1472,9600,CD,1,D2_pwm200_grab4
10551,1788,-720,10736,CD,1,D2_pwm200_grab4
10556,-84,-1208,11576,CD,1,D2_pwm200_grab4
10561,300,-2044,12136,CD,1,D2_pwm200_grab4
10566,1748,-1364,11304,CD,1,D2_pwm200_grab4
10571,-2476,-2152,8912,CD,1,D2_pwm200_grab4
10576,-936,612,8256,CD,1,D2_pwm200_grab4
10587,-1876,-1208,11324,CD,1,D2_pwm200_grab4
10592,-1820,-4436,9068,CD,1,D2_pwm200_grab4
10597,468,-372,8660,CD,1,D2_pwm200_grab4
10602,-528,1952,9024,CD,1,D2_pwm200_grab4
10607,-3620,1616,11436,CD,1,D2_pwm200_grab4
10612,1124,416,7524,CD,1,D2_pwm200_grab4
10617,-3476,-3312,14208,CD,1,D2_pwm200_grab4
10622,-3360,-3664,9620,CD,1,D2_pwm200_grab4
10628,3224,80,12708,CD,1,D2_pwm200_grab4
10633,100,32,13224,CD,1,D2_pwm200_grab4
10638,2020,-416,13968,CD,1,D2_pwm200_grab4
10643,2332,100,12876,CD,1,D2_pwm200_grab4
10648,-3508,-1564,11484,CD,1,D2_pwm200_grab4
10652,-88,348,10184,CD,1,D2_pwm200_grab4
10662,-1364,-228,13192,CD,1,D2_pwm200_grab4
10667,-368,-636,10268,CD,1,D2_pwm200_grab4
10672,-1856,140,11892,CD,1,D2_pwm200_grab4
10677,-2648,-1236,8628,CD,1,D2_pwm200_grab4
10683,672,488,10712,CD,1,D2_pwm200_grab4
10687,276,1576,17164,CD,1,D2_pwm200_grab4
10692,2376,-2796,11104,CD,1,D2_pwm200_grab4
10697,-3412,-4296,10428,CD,1,D2_pwm200_grab4
10702,3628,764,10792,CD,1,D2_pwm200_grab4
10707,2992,1036,13212,CD,1,D2_pwm200_grab4
10718,2756,3372,11456,CD,1,D2_pwm200_grab4
10722,-708,-2484,8736,CD,1,D2_pwm200_grab4
10727,1972,-1488,8876,CD,1,D2_pwm200_grab4
10732,856,1536,12528,CD,1,D2_pwm200_grab4
10737,1076,2948,11036,CD,1,D2_pwm200_grab4
10742,1260,88,8300,CD,1,D2_pwm200_grab4
10747,-992,-1020,9792,CD,1,D2_pwm200_grab4
10758,948,-3804,10096,CD,1,D2_pwm200_grab4
10763,6600,2224,12252,CD,1,D2_pwm200_grab4
10768,924,860,12316,CD,1,D2_pwm200_grab4
10772,6648,1456,8660,CD,1,D2_pwm200_grab4
10778,76,-2508,8040,CD,1,D2_pwm200_grab4
10782,912,-1188,6172,CD,1,D2_pwm200_grab4
10788,7828,-1232,14572,CD,1,D2_pwm200_grab4
10793,2776,2700,9328,CD,1,D2_pwm200_grab4
10798,-480,1884,9628,CD,1,D2_pwm200_grab4
10803,1660,532,8372,CD,1,D2_pwm200_grab4
10807,-1488,-2204,8112,CD,1,D2_pwm200_grab4
10813,-3756,-2932,8760,CD,1,D2_pwm200_grab4
10817,5308,1036,10364,CD,1,D2_pwm200_grab4
10822,-2276,-1804,9460,CD,1,D2_pwm200_grab4
10827,-6516,-3336,7472,CD,1,D2_pwm200_grab4
10832,140,-3544,11244,CD,1,D2_pwm200_grab4
10838,2124,2692,10044,CD,1,D2_pwm200_grab4
10843,-568,1596,12056,CD,1,D2_pwm200_grab4
10848,6536,1704,8644,CD,1,D2_pwm200_grab4
10853,-260,-3056,9380,CD,1,D2_pwm200_grab4
10859,-1400,-1208,9892,CD,1,D2_pwm200_grab4
10864,-1200,316,6824,CD,1,D2_pwm200_grab4
10868,2316,5156,12656,CD,1,D2_pwm200_grab4
10873,-2792,-900,8128,CD,1,D2_pwm200_grab4
10878,-864,-2792,9024,CD,1,D2_pwm200_grab4
10883,-4908,-5408,8848,CD,1,D2_pwm200_grab4
10889,-5136,-5012,9712,CD,1,D2_pwm200_grab4
10893,2444,1652,12976,CD,1,D2_pwm200_grab4
10898,-800,-956,10824,CD,1,D2_pwm200_grab4
10903,-7156,-1348,9484,CD,1,D2_pwm200_grab4
10909,960,-1284,11592,CD,1,D2_pwm200_grab4
10913,3572,1364,13152,CD,1,D2_pwm200_grab4
10919,-1288,1088,10432,CD,1,D2_pwm200_grab4
10924,8884,3356,10652,CD,1,D2_pwm200_grab4
10929,-1964,892,13364,CD,1,D2_pwm200_grab4
10933,-3192,-2324,11216,CD,1,D2_pwm200_grab4
10938,-1292,792,8888,CD,1,D2_pwm200_grab4
10944,344,560,10228,CD,1,D2_pwm200_grab4
10949,-64,2848,11724,CD,1,D2_pwm200_grab4
10953,2084,36,11956,CD,1,D2_pwm200_grab4
10958,-6412,-5144,5348,CD,1,D2_pwm200_grab4
10964,-3424,-2692,8736,CD,1,D2_pwm200_grab4
10968,2840,-604,9504,CD,1,D2_pwm200_grab4
10974,3092,1508,10960,CD,1,D2_pwm200_grab4
10979,4120,3440,12140,CD,1,D2_pwm200_grab4
10983,3532,2704,12304,CD,1,D2_pwm200_grab4
10988,-1472,-2696,9748,CD,1,D2_pwm200_grab4
10993,1260,-692,10288,CD,1,D2_pwm200_grab4
10999,8200,5412,9848,CD,1,D2_pwm200_grab4
11003,-716,2684,11252,CD,1,D2_pwm200_grab4
11008,4848,1912,9636,CD,1,D2_pwm200_grab4
11013,272,8,10672,CD,1,D2_pwm200_grab4
11018,-6904,-3780,9948,CD,1,D2_pwm200_grab4
11024,2076,-1044,7872,CD,1,D2_pwm200_grab4
11029,1984,2296,11144,CD,1,D2_pwm200_grab4
11034,2088,1060,9548,CD,1,D2_pwm200_grab4
11039,1052,-2528,9392,CD,1,D2_pwm200_grab4
11043,2972,-2360,7292,CD,1,D2_pwm200_grab4
11048,2084,340,10552,CD,1,D2_pwm200_grab4
11053,-1368,960,8284,CD,1,D2_pwm200_grab4
11059,2524,2828,9184,CD,1,D2_pwm200_grab4
11063,-2884,28,7900,CD,1,D2_pwm200_grab4
11068,1744,-788,5744,CD,1,D2_pwm200_grab4
11074,-2028,272,8180,CD,1,D2_pwm200_grab4
11078,-1880,696,5968,CD,1,D2_pwm200_grab4
11083,1656,-260,10160,CD,1,D2_pwm200_grab4
11088,-1676,-984,9564,CD,1,D2_pwm200_grab4
11100,1772,-2556,8348,CD,1,D2_pwm200_grab4
11105,-156,3340,9292,CD,1,D2_pwm200_grab4
11109,196,528,9836,CD,1,D2_pwm200_grab4
11114,-688,-4320,11820,CD,1,D2_pwm200_grab4
11119,716,-3508,7624,CD,1,D2_pwm200_grab4
11124,240,-992,11772,CD,1,D2_pwm200_grab4
11129,5116,1176,14256,CD,1,D2_pwm200_grab4
11134,3176,4508,13000,CD,1,D2_pwm200_grab4
11139,-2592,1164,9788,CD,1,D2_pwm200_grab4
11144,-1224,-1980,7684,CD,1,D2_pwm200_grab4
11150,-3180,-3344,10036,CD,1,D2_pwm200_grab4
11155,-2184,-208,8648,CD,1,D2_pwm200_grab4
11160,3736,832,11808,CD,1,D2_pwm200_grab4
11164,-1744,372,11484,CD,1,D2_pwm200_grab4
11175,1788,-364,9812,CD,1,D2_pwm200_grab4
11179,-1564,-60,11852,CD,1,D2_pwm200_grab4
11185,56,624,10208,CD,1,D2_pwm200_grab4
11194,1708,-864,9432,CD,1,D2_pwm200_grab4
11199,1020,-2932,9304,CD,1,D2_pwm200_grab4
11204,1916,1684,10508,CD,1,D2_pwm200_grab4
11210,1976,4128,12636,CD,1,D2_pwm200_grab4
11215,-1376,-104,10784,CD,1,D2_pwm200_grab4
11219,848,-1252,8440,CD,1,D2_pwm200_grab4
11224,-6156,-2944,5472,CD,1,D2_pwm200_grab4
11229,-3280,-5036,8764,CD,1,D2_pwm200_grab4
11234,4240,1552,10896,CD,1,D2_pwm200_grab4
11240,1976,1220,12316,CD,1,D2_pwm200_grab4
11245,-2260,-1940,8392,CD,1,D2_pwm200_grab4
11249,2824,-1304,11364,CD,1,D2_pwm200_grab4
11254,2472,-1012,12236,CD,1,D2_pwm200_grab4
11260,1556,1240,10316,CD,1,D2_pwm200_grab4
11265,9104,6124,7420,CD,1,D2_pwm200_grab4
11269,156,3936,12132,CD,1,D2_pwm200_grab4
11275,-3336,-2940,8616,CD,1,D2_pwm200_grab4
11280,660,-764,8984,CD,1,D2_pwm200_grab4
11284,-1244,-1372,7832,CD,1,D2_pwm200_grab4
11290,848,912,9184,CD,1,D2_pwm200_grab4
11294,1808,1288,11032,CD,1,D2_pwm200_grab4
11300,-4924,-1988,6092,CD,1,D2_pwm200_grab4
11305,-4988,-5552,6060,CD,1,D2_pwm200_grab4
11309,3268,-2820,6776,CD,1,D2_pwm200_grab4
11314,964,-1320,10676,CD,1,D2_pwm200_grab4
11320,3672,1332,9528,CD,1,D2_pwm200_grab4
11324,2728,3372,12900,CD,1,D2_pwm200_grab4
11329,-2916,-2600,6724,CD,1,D2_pwm200_grab4
11335,396,-312,9816,CD,1,D2_pwm200_grab4
11340,6904,4892,5880,CD,1,D2_pwm200_grab4
11344,-1924,588,12664,CD,1,D2_pwm200_grab4
11350,-4876,-4292,9340,CD,1,D2_pwm200_grab4
11355,-1840,-1524,7476,CD,1,D2_pwm200_grab4
11361,-3144,-1472,8036,CD,1,D2_pwm200_grab4
11365,-708,2760,9820,CD,1,D2_pwm200_grab4
11370,168,1068,11748,CD,1,D2_pwm200_grab4
11375,-7728,-5204,4400,CD,1,D2_pwm200_grab4
11380,-7224,-7024,7044,CD,1,D2_pwm200_grab4
11386,3408,752,12700,CD,1,D2_pwm200_grab4
11392,-644,-332,11232,CD,1,D2_pwm200_grab4
11395,3120,1172,11012,CD,1,D2_pwm200_grab4
11400,3292,4432,13296,CD,1,D2_pwm200_grab4
11405,-3908,-1780,10028,CD,1,D2_pwm200_grab4
11410,408,-744,9732,CD,1,D2_pwm200_grab4
11415,8888,2236,11448,CD,1,D2_pwm200_grab4
11421,-1816,1380,13048,CD,1,D2_pwm200_grab4
11425,-3580,-2472,12432,CD,1,D2_pwm200_grab4
11430,-884,-640,8772,CD,1,D2_pwm200_grab4
11435,-8028,-2768,11020,CD,1,D2_pwm200_grab4
11441,1432,-188,9764,CD,1,D2_pwm200_grab4
11445,240,3492,10688,CD,1,D2_pwm200_grab4
11450,212,-852,12560,CD,1,D2_pwm200_grab4
11456,-584,-3636,12192,CD,1,D2_pwm200_grab4
11461,2728,-1024,9820,CD,1,D2_pwm200_grab4
11466,3180,1220,11312,CD,1,D2_pwm200_grab4
11470,3384,2140,8300,CD,1,D2_pwm200_grab4
11475,4096,4140,13560,CD,1,D2_pwm200_grab4
11481,-1216,-872,10332,CD,1,D2_pwm200_grab4
11486,416,-1936,8580,CD,1,D2_pwm200_grab4
11490,1820,656,11680,CD,1,D2_pwm200_grab4
11495,-232,800,9172,CD,1,D2_pwm200_grab4
11500,3540,2684,9508,CD,1,D2_pwm200_grab4
11506,-220,1148,11168,CD,1,D2_pwm200_grab4
11511,-6568,-3064,9116,CD,1,D2_pwm200_grab4
11515,2452,-860,8804,CD,1,D2_pwm200_grab4
11520,4756,368,13136,CD,1,D2_pwm200_grab4
11526,-248,1464,10952,CD,1,D2_pwm200_grab4
11530,8168,2964,11008,CD,1,D2_pwm200_grab4
11536,2500,-1316,8828,CD,1,D2_pwm200_grab4
11545,-552,2096,7524,CD,1,D2_pwm200_grab4
11551,4124,2716,9840,CD,1,D2_pwm200_grab4
11555,-544,-1092,9248,CD,1,D2_pwm200_grab4
11560,424,-2264,7312,CD,1,D2_pwm200_grab4
11565,-4620,-4296,5084,CD,1,D2_pwm200_grab4
11570,-4188,-2852,7272,CD,1,D2_pwm200_grab4
11575,3972,1532,10532,CD,1,D2_pwm200_grab4
11581,-760,-1028,10000,CD,1,D2_pwm200_grab4
11585,-5924,-2048,7900,CD,1,D2_pwm200_grab4
11591,1480,-3900,9812,CD,1,D2_pwm200_grab4
11595,3844,524,11492,CD,1,D2_pwm200_grab4
11601,-404,1336,10016,CD,1,D2_pwm200_grab4
11607,7788,2340,10816,CD,1,D2_pwm200_grab4
11612,-620,-2000,8132,CD,1,D2_pwm200_grab4
11621,2032,-1152,9132,CD,1,D2_pwm200_grab4
11626,2616,3540,9820,CD,1,D2_pwm200_grab4
11631,-5740,-1552,7924,CD,1,D2_pwm200_grab4
11636,252,-1820,7420,CD,1,D2_pwm200_grab4
11642,-276,-660,12608,CD,1,D2_pwm200_grab4
11646,-1484,-100,8304,CD,1,D2_pwm200_grab4
11651,3892,1308,12372,CD,1,D2_pwm200_grab4
11656,-2240,-788,11212,CD,1,D2_pwm200_grab4
11662,-8080,-2496,10036,CD,1,D2_pwm200_grab4
11666,980,-3856,11432,CD,1,D2_pwm200_grab4
11672,4076,3116,11064,CD,1,D2_pwm200_grab4
11677,-2548,696,11644,CD,1,D2_pwm200_grab4
11681,4884,-184,11528,CD,1,D2_pwm200_grab4
11687,-652,-2596,9396,CD,1,D2_pwm200_grab4
11691,-1420,-2328,11424,CD,1,D2_pwm200_grab4
11696,504,676,9144,CD,1,D2_pwm200_grab4
11701,1100,2076,11288,CD,1,D2_pwm200_grab4
11707,-1500,2000,11308,CD,1,D2_pwm200_grab4
11711,1796,156,9156,CD,1,D2_pwm200_grab4
11717,-2664,-3804,12504,CD,1,D2_pwm200_grab4
11722,-1348,-1552,10676,CD,1,D2_pwm200_grab4
11726,5136,2584,12628,CD,1,D2_pwm200_grab4
11731,-384,708,10868,CD,1,D2_pwm200_grab4
11736,2844,1208,14440,CD,1,D2_pwm200_grab4
11742,3320,-580,11688,CD,1,D2_pwm200_grab4
11746,-1972,-2168,11436,CD,1,D2_pwm200_grab4
11752,1848,1172,10044,CD,1,D2_pwm200_grab4
11761,1456,268,10604,CD,1,D2_pwm200_grab4
11767,-708,-1812,8832,CD,1,D2_pwm200_grab4
11772,4296,-64,10112,CD,1,D2_pwm200_grab4
11777,-3932,-2160,8324,CD,1,D2_pwm200_grab4
11782,668,-20,9172,CD,1,D2_pwm200_grab4
11786,-2568,1692,14468,CD,1,D2_pwm200_grab4
11791,1180,-1708,9252,CD,1,D2_pwm200_grab4
11796,-2220,-3992,9256,CD,1,D2_pwm200_grab4
11802,2516,428,10564,CD,1,D2_pwm200_grab4
11807,3440,964,11808,CD,1,D2_pwm200_grab4
11811,272,-2288,10680,CD,1,D2_pwm200_grab4
11816,3860,-688,10408,CD,1,D2_pwm200_grab4
11821,-3192,-2168,6632,CD,1,D2_pwm200_grab4
11827,128,-2232,7948,CD,1,D2_pwm200_grab4
11831,3444,4036,6768,CD,1,D2_pwm200_grab4
11836,-500,2732,10836,CD,1,D2_pwm200_grab4
11842,-3052,-3764,8368,CD,1,D2_pwm200_grab4
11847,-2008,-1184,9088,CD,1,D2_pwm200_grab4
11852,-5016,-1588,7400,CD,1,D2_pwm200_grab4
11856,-696,428,9388,CD,1,D2_pwm200_grab4
11863,-1100,2000,13596,CD,1,D2_pwm200_grab4
11868,1072,-1632,9472,CD,1,D2_pwm200_grab4
11877,1364,-636,11392,CD,1,D2_pwm200_grab4
11882,-576,-1012,11844,CD,1,D2_pwm200_grab4
11888,608,-2064,11828,CD,1,D2_pwm200_grab4
11893,1408,-596,11484,CD,1,D2_pwm200_grab4
11897,-3332,-720,9104,CD,1,D2_pwm200_grab4
11902,-1712,316,9404,CD,1,D2_pwm200_grab4
11907,1832,1852,8180,CD,1,D2_pwm200_grab4
11912,-1676,1992,13176,CD,1,D2_pwm200_grab4
11917,-3748,-3016,10764,CD,1,D2_pwm200_grab4
11922,-1080,-900,9388,CD,1,D2_pwm200_grab4
11927,-6104,-1032,8924,CD,1,D2_pwm200_grab4
11933,304,1648,10644,CD,1,D2_pwm200_grab4
11937,-2252,2172,15528,CD,1,D2_pwm200_grab4
11943,-4944,-3620,7340,CD,1,D2_pwm200_grab4
11947,1948,-2172,11296,CD,1,D2_pwm200_grab4
11952,2428,-1992,9432,CD,1,D2_pwm200_grab4
11958,-256,-736,10992,CD,1,D2_pwm200_grab4
11962,5884,2968,13944,CD,1,D2_pwm200_grab4
11967,2540,4068,12728,CD,1,D2_pwm200_grab4
11972,-1148,-1760,10180,CD,1,D2_pwm200_grab4
11977,140,-2400,8764,CD,1,D2_pwm200_grab4
11982,5300,3748,10116,CD,1,D2_pwm200_grab4
11987,-760,3504,12552,CD,1,D2_pwm200_grab4
11993,4136,3384,9968,CD,1,D2_pwm200_grab4
11997,-412,1060,11184,CD,1,D2_pwm200_grab4
12008,2660,-1556,9832,CD,1,D2_pwm200_grab4
12013,3052,2528,11524,CD,1,D2_pwm200_grab4
12018,1776,656,13828,CD,1,D2_pwm200_grab4
12022,3900,-972,9744,CD,1,D2_pwm200_grab4
12027,2444,-1324,8056,CD,1,D2_pwm200_grab4
12033,516,-1876,9024,CD,1,D2_pwm200_grab4
12037,3384,-380,8428,CD,1,D2_pwm200_grab4
12043,2360,2004,11576,CD,1,D2_pwm200_grab4
12048,-596,320,10308,CD,1,D2_pwm200_grab4
12052,2196,-904,8492,CD,1,D2_pwm200_grab4
12058,-396,-1132,11220,CD,1,D2_pwm200_grab4
12062,-1064,-1328,8380,CD,1,D2_pwm200_grab4
12067,4776,2892,9252,CD,1,D2_pwm200_grab4
12072,452,792,11440,CD,1,D2_pwm200_grab4
12077,-720,-2040,9820,CD,1,D2_pwm200_grab4
12083,3660,-800,10396,CD,1,D2_pwm200_grab4
12087,-464,-1560,9912,CD,1,D2_pwm200_grab4
12092,3144,2420,9584,CD,1,D2_pwm200_grab4
12097,9780,4708,10652,CD,1,D2_pwm200_grab4
12103,1740,-44,9520,CD,1,D2_pwm200_grab4
12107,-244,-3776,6960,CD,1,D2_pwm200_grab4
12112,2900,-1608,7504,CD,1,D2_pwm200_grab4
12119,220,2584,9824,CD,1,D2_pwm200_grab4
12123,-2076,580,9092,CD,1,D2_pwm200_grab4
12128,472,-900,7048,CD,1,D2_pwm200_grab4
12133,-1744,-1864,8648,CD,1,D2_pwm200_grab4
12139,-2448,-1964,6284,CD,1,D2_pwm200_grab4
12144,3664,868,9696,CD,1,D2_pwm200_grab4
12149,-3088,-680,10372,CD,1,D2_pwm200_grab4
12158,836,-864,9476,CD,1,D2_pwm200_grab4
12163,-1752,-92,9300,CD,1,D2_pwm200_grab4
12168,-2864,172,9224,CD,1,D2_pwm200_grab4
12179,-1216,-1808,10604,CD,1,D2_pwm200_grab4
12184,-108,-3980,7772,CD,1,D2_pwm200_grab4
12188,-3048,1320,6644,CD,1,D2_pwm200_grab4
12193,1020,4884,10472,CD,1,D2_pwm200_grab4
12199,-3356,276,10748,CD,1,D2_pwm200_grab4
12204,-396,768,14100,CD,1,D2_pwm200_grab4
12219,4752,1340,12832,CD,1,D2_pwm200_grab4
12224,-44,-20,11552,CD,1,D2_pwm200_grab4
12228,-4972,-516,9752,CD,1,D2_pwm200_grab4
12239,3780,520,13156,CD,1,D2_pwm200_grab4
12244,-1764,828,12256,CD,1,D2_pwm200_grab4
12248,9404,3372,11464,CD,1,D2_pwm200_grab4
12253,-1144,1780,13720,CD,1,D2_pwm200_grab4
12258,-1144,1780,13720,CD,1,D2_pwm200_grab4
12264,408,800,9776,CD,1,D2_pwm200_grab4
12269,1036,412,9864,CD,1,D2_pwm200_grab4
12273,-1336,1792,11508,CD,1,D2_pwm200_grab4
12279,2656,300,9252,CD,1,D2_pwm200_grab4
12284,-3620,-4760,7808,CD,1,D2_pwm200_grab4
12288,-1252,-3412,10884,CD,1,D2_pwm200_grab4
12293,3288,-384,9640,CD,1,D2_pwm200_grab4
12298,3676,972,10872,CD,1,D2_pwm200_grab4
12304,4120,908,12704,CD,1,D2_pwm200_grab4
12308,4068,-24,10924,CD,1,D2_pwm200_grab4
12313,-28,-3072,10456,CD,1,D2_pwm200_grab4
12318,2960,1492,9508,CD,1,D2_pwm200_grab4
12324,9868,4748,10268,CD,1,D2_pwm200_grab4
12328,804,424,10836,CD,1,D2_pwm200_grab4
12334,2316,604,7916,CD,1,D2_pwm200_grab4
12339,-1888,-256,10592,CD,1,D2_pwm200_grab4
12344,-4156,-3084,6868,CD,1,D2_pwm200_grab4
12348,-808,80,8772,CD,1,D2_pwm200_grab4
12353,-3084,2156,11872,CD,1,D2_pwm200_grab4
12359,604,-1476,9304,CD,1,D2_pwm200_grab4
12364,-3240,-4240,8964,CD,1,D2_pwm200_grab4
12368,1392,-928,11260,CD,1,D2_pwm200_grab4
12374,2180,-552,10788,CD,1,D2_pwm200_grab4
12379,-160,-2388,10784,CD,1,D2_pwm200_grab4
12385,3224,-1100,9976,CD,1,D2_pwm200_grab4
12389,-3268,-452,8944,CD,1,D2_pwm200_grab4
12394,1752,1596,7496,CD,1,D2_pwm200_grab4
12400,9740,3040,12208,CD,1,D2_pwm200_grab4
12404,-820,-1208,9616,CD,1,D2_pwm200_grab4
12409,-64,-3812,8132,CD,1,D2_pwm200_grab4
12416,936,-1412,8128,CD,1,D2_pwm200_grab4
12420,-3920,-408,9904,CD,1,D2_pwm200_grab4
12424,-752,1552,9404,CD,1,D2_pwm200_grab4
12429,-360,876,14668,CD,1,D2_pwm200_grab4
12434,-6472,-3092,5764,CD,1,D2_pwm200_grab4
12439,-6008,-6120,8800,CD,1,D2_pwm200_grab4
12444,2164,-244,12484,CD,1,D2_pwm200_grab4
12449,44,32,11748,CD,1,D2_pwm200_grab4
12454,-3100,-1200,9412,CD,1,D2_pwm200_grab4
12459,3240,3392,13348,CD,1,D2_pwm200_grab4
12464,-4520,-1768,9708,CD,1,D2_pwm200_grab4
12470,580,-992,10336,CD,1,D2_pwm200_grab4
12474,7596,2420,10496,CD,1,D2_pwm200_grab4
12479,-728,1592,13832,CD,1,D2_pwm200_grab4
12484,-5112,-3360,12024,CD,1,D2_pwm200_grab4
12489,528,1340,10016,CD,1,D2_pwm200_grab4
12494,-804,1360,11072,CD,1,D2_pwm200_grab4
12499,-1212,1148,11276,CD,1,D2_pwm200_grab4
12505,-2556,1736,12204,CD,1,D2_pwm200_grab4
12510,2432,-1012,11908,CD,1,D2_pwm200_grab4
12514,-1988,-4120,12076,CD,1,D2_pwm200_grab4
12519,3320,68,10060,CD,1,D2_pwm200_grab4
12525,2416,1212,12024,CD,1,D2_pwm200_grab4
12529,3244,736,13156,CD,1,D2_pwm200_grab4
12535,3336,1164,12904,CD,1,D2_pwm200_grab4
12539,-260,-3128,10500,CD,1,D2_pwm200_grab4
12544,1456,-2464,8492,CD,1,D2_pwm200_grab4
12549,3220,2208,12320,CD,1,D2_pwm200_grab4
12554,644,3144,10564,CD,1,D2_pwm200_grab4
12559,1212,-180,7468,CD,1,D2_pwm200_grab4
12565,-84,384,11392,CD,1,D2_pwm200_grab4
12570,-3864,-1940,7084,CD,1,D2_pwm200_grab4
12574,1216,-272,9068,CD,1,D2_pwm200_grab4
12579,-1184,2460,13888,CD,1,D2_pwm200_grab4
12584,3092,-1548,10712,CD,1,D2_pwm200_grab4
12589,6216,1084,9744,CD,1,D2_pwm200_grab4
12594,3108,-1924,6868,CD,1,D2_pwm200_grab4
12599,224,200,6580,CD,1,D2_pwm200_grab4
12604,9732,192,16924,CD,1,D2_pwm200_grab4
12609,3148,2336,10676,CD,1,D2_pwm200_grab4
12614,-2444,-2036,6936,CD,1,D2_pwm200_grab4
12619,472,-1072,8644,CD,1,D2_pwm200_grab4
12625,3556,3948,6820,CD,1,D2_pwm200_grab4
12630,-1720,1064,11660,CD,1,D2_pwm200_grab4
12636,-1512,-3264,7412,CD,1,D2_pwm200_grab4
12640,-2004,-1744,7976,CD,1,D2_pwm200_grab4
12645,-4388,-1820,7368,CD,1,D2_pwm200_grab4
12650,-744,1992,9696,CD,1,D2_pwm200_grab4
12656,-252,1952,14576,CD,1,D2_pwm200_grab4
12661,-7948,-3748,4876,CD,2,D2_pwm200_grab4
12666,-6468,-6668,6912,CD,2,D2_pwm200_grab4
12672,2816,112,12912,CD,2,D2_pwm200_grab4
12675,88,-1916,11152,CD,2,D2_pwm200_grab4
12681,4956,1092,13812,CD,2,D2_pwm200_grab4
12686,2012,4056,12812,CD,2,D2_pwm200_grab4
12690,-4860,-2376,6976,CD,2,D2_pwm200_grab4
12695,548,-728,9216,CD,2,D2_pwm200_grab4
12700,3848,2724,5492,CD,2,D2_pwm200_grab4
12705,-1724,988,13588,CD,2,D2_pwm200_grab4
12711,-4896,-2736,12412,CD,2,D2_pwm200_grab4
12715,-3920,712,12004,CD,2,D2_pwm200_grab4
12725,1464,-348,9960,CD,2,D2_pwm200_grab4
12730,1292,3384,9300,CD,2,D2_pwm200_grab4
12735,-912,-908,13020,CD,2,D2_pwm200_grab4
12741,-64,-2824,12316,CD,2,D2_pwm200_grab4
12745,2120,-1552,9860,CD,2,D2_pwm200_grab4
12750,444,-1172,12280,CD,2,D2_pwm200_grab4
12755,2928,2448,9248,CD,2,D2_pwm200_grab4
12761,1824,5852,12520,CD,2,D2_pwm200_grab4
12766,-1872,-1032,10180,CD,2,D2_pwm200_grab4
12771,192,-1748,8516,CD,2,D2_pwm200_grab4
12776,288,-364,10916,CD,2,D2_pwm200_grab4
12780,-940,-488,8728,CD,2,D2_pwm200_grab4
12785,3988,2400,10080,CD,2,D2_pwm200_grab4
12790,-2112,1356,12096,CD,2,D2_pwm200_grab4
12796,-7020,-3620,9156,CD,2,D2_pwm200_grab4
12801,2228,-2128,11664,CD,2,D2_pwm200_grab4
12805,5168,-192,14552,CD,2,D2_pwm200_grab4
12811,32,816,10836,CD,2,D2_pwm200_grab4
12816,8320,3156,11208,CD,2,D2_pwm200_grab4
12821,2140,-752,8804,CD,2,D2_pwm200_grab4
12825,-1084,-1020,4176,CD,2,D2_pwm200_grab4
12831,-920,1224,6780,CD,2,D2_pwm200_grab4
12836,4412,2708,9976,CD,2,D2_pwm200_grab4
12841,-692,-1436,9656,CD,2,D2_pwm200_grab4
12845,3100,880,8088,CD,2,D2_pwm200_grab4
12851,-5104,-4188,5516,CD,2,D2_pwm200_grab4
12855,-2864,-2916,7048,CD,2,D2_pwm200_grab4
12861,4396,1972,11012,CD,2,D2_pwm200_grab4
12865,-332,812,9864,CD,2,D2_pwm200_grab4
12870,-6364,-2116,7812,CD,2,D2_pwm200_grab4
12875,2048,-3572,9660,CD,2,D2_pwm200_grab4
12881,5188,68,12920,CD,2,D2_pwm200_grab4
12886,572,1872,9728,CD,2,D2_pwm200_grab4
12891,6528,2640,9620,CD,2,D2_pwm200_grab4
12896,1172,-2840,7420,CD,2,D2_pwm200_grab4
12902,-2108,-2128,4852,CD,2,D2_pwm200_grab4
12906,6928,-1232,13620,CD,2,D2_pwm200_grab4
12911,2884,3000,10024,CD,2,D2_pwm200_grab4
12916,-5544,-1956,6844,CD,2,D2_pwm200_grab4
12922,140,-2232,7264,CD,2,D2_pwm200_grab4
12926,-592,-760,10884,CD,2,D2_pwm200_grab4
12931,-5000,-3668,6564,CD,2,D2_pwm200_grab4
12937,2936,644,11984,CD,2,D2_pwm200_grab4
12941,-2796,272,10156,CD,2,D2_pwm200_grab4
12951,624,-3584,10456,CD,2,D2_pwm200_grab4
12956,3752,3600,9876,CD,2,D2_pwm200_grab4
12961,-1736,516,11332,CD,2,D2_pwm200_grab4
12967,2832,-1748,11412,CD,2,D2_pwm200_grab4
12971,-1096,-984,12748,CD,2,D2_pwm200_grab4
12976,172,-1896,11032,CD,2,D2_pwm200_grab4
12982,2044,-1216,7668,CD,2,D2_pwm200_grab4
12987,1244,4500,12516,CD,2,D2_pwm200_grab4
12992,-1932,1720,10784,CD,2,D2_pwm200_grab4
12996,884,-900,9004,CD,2,D2_pwm200_grab4
13001,-3012,-2528,12924,CD,2,D2_pwm200_grab4
13006,-1108,-996,8720,CD,2,D2_pwm200_grab4
13012,4656,1824,12372,CD,2,D2_pwm200_grab4
13017,1724,876,12988,CD,2,D2_pwm200_grab4
13021,672,-432,12884,CD,2,D2_pwm200_grab4
13027,2504,-1296,11984,CD,2,D2_pwm200_grab4
13032,-2880,424,11524,CD,2,D2_pwm200_grab4
13037,660,1116,10612,CD,2,D2_pwm200_grab4
13046,1956,-604,9480,CD,2,D2_pwm200_grab4
13052,2124,-1572,8372,CD,2,D2_pwm200_grab4
13057,1812,-180,9472,CD,2,D2_pwm200_grab4
13061,-1516,-728,10224,CD,2,D2_pwm200_grab4
13066,680,852,9724,CD,2,D2_pwm200_grab4
13071,1556,900,15840,CD,2,D2_pwm200_grab4
13077,-6124,-4296,4228,CD,2,D2_pwm200_grab4
13082,-2400,-3988,8548,CD,2,D2_pwm200_grab4
13087,4084,1912,10860,CD,2,D2_pwm200_grab4
13092,2740,1156,11888,CD,2,D2_pwm200_grab4
13097,-4896,-1416,7400,CD,2,D2_pwm200_grab4
13102,3532,2612,11916,CD,2,D2_pwm200_grab4
13107,-208,-2376,7940,CD,2,D2_pwm200_grab4
13112,840,-1048,9884,CD,2,D2_pwm200_grab4
13116,9328,3808,8732,CD,2,D2_pwm200_grab4
13121,-1252,1748,12452,CD,2,D2_pwm200_grab4
13127,-3868,-4240,8984,CD,2,D2_pwm200_grab4
13131,328,-848,8760,CD,2,D2_pwm200_grab4
13136,-792,-672,7476,CD,2,D2_pwm200_grab4
13142,-1392,636,8292,CD,2,D2_pwm200_grab4
13148,1964,992,6952,CD,2,D2_pwm200_grab4
13152,-3756,-4496,6240,CD,2,D2_pwm200_grab4
13157,-5524,-3764,7084,CD,2,D2_pwm200_grab4
13162,2840,728,11200,CD,2,D2_pwm200_grab4
13167,-2764,-260,10096,CD,2,D2_pwm200_grab4
13178,996,-3516,10792,CD,2,D2_pwm200_grab4
13184,3908,1460,11800,CD,2,D2_pwm200_grab4
13187,868,800,9684,CD,2,D2_pwm200_grab4
13193,7596,3172,8236,CD,2,D2_pwm200_grab4
13198,-1152,-868,12956,CD,2,D2_pwm200_grab4
13203,-3880,-4112,11208,CD,2,D2_pwm200_grab4
13207,2572,-372,8820,CD,2,D2_pwm200_grab4
13213,-756,840,9200,CD,2,D2_pwm200_grab4
13218,-1948,1520,10748,CD,2,D2_pwm200_grab4
13223,524,-124,7792,CD,2,D2_pwm200_grab4
13227,808,-2668,9572,CD,2,D2_pwm200_grab4
13233,-4740,-6532,11332,CD,2,D2_pwm200_grab4
13237,580,-1216,10784,CD,2,D2_pwm200_grab4
13243,1328,500,11616,CD,2,D2_pwm200_grab4
13247,460,948,13880,CD,2,D2_pwm200_grab4
13253,2572,-252,11960,CD,2,D2_pwm200_grab4
13258,-2800,140,11784,CD,2,D2_pwm200_grab4
13263,892,1580,9572,CD,2,D2_pwm200_grab4
13273,-900,2764,13200,CD,2,D2_pwm200_grab4
13278,652,-1720,9956,CD,2,D2_pwm200_grab4
13282,-596,-56,9592,CD,2,D2_pwm200_grab4
13288,-4012,-1044,8864,CD,2,D2_pwm200_grab4
13293,1088,2268,12132,CD,2,D2_pwm200_grab4
13303,-4140,-2956,7788,CD,2,D2_pwm200_grab4
13307,-4524,-5792,10320,CD,2,D2_pwm200_grab4
13312,2872,-924,7828,CD,2,D2_pwm200_grab4
13317,1468,-812,11664,CD,2,D2_pwm200_grab4
13323,4004,2520,11120,CD,2,D2_pwm200_grab4
13328,3464,3724,13812,CD,2,D2_pwm200_grab4
13333,-280,-2484,9628,CD,2,D2_pwm200_grab4
13337,1812,-448,10472,CD,2,D2_pwm200_grab4
13347,-348,3120,13132,CD,2,D2_pwm200_grab4
13353,-3808,-2156,8368,CD,2,D2_pwm200_grab4
13357,-620,1544,12192,CD,2,D2_pwm200_grab4
13367,2304,-952,9644,CD,2,D2_pwm200_grab4
13372,-2184,1996,9160,CD,2,D2_pwm200_grab4
13377,1828,1056,11960,CD,2,D2_pwm200_grab4
13382,-1868,-3036,10560,CD,2,D2_pwm200_grab4
13387,3276,-556,7084,CD,2,D2_pwm200_grab4
13392,1976,-816,9552,CD,2,D2_pwm200_grab4
13399,3076,1100,7336,CD,2,D2_pwm200_grab4
13404,2324,1096,11644,CD,2,D2_pwm200_grab4
13408,16,-1996,8164,CD,2,D2_pwm200_grab4
13413,860,-312,10044,CD,2,D2_pwm200_grab4
13423,-1356,192,13556,CD,2,D2_pwm200_grab4
13429,-3876,-3900,8716,CD,2,D2_pwm200_grab4
13433,-328,-1440,7160,CD,2,D2_pwm200_grab4
13438,-672,-368,7788,CD,2,D2_pwm200_grab4
13444,-1676,-432,8392,CD,2,D2_pwm200_grab4
13448,-4220,1804,9272,CD,2,D2_pwm200_grab4
13454,500,-2692,9812,CD,2,D2_pwm200_grab4
13459,-2928,-4780,11740,CD,2,D2_pwm200_grab4
13463,220,-1476,11116,CD,2,D2_pwm200_grab4
13469,728,-656,8980,CD,2,D2_pwm200_grab4
13474,852,1332,14444,CD,2,D2_pwm200_grab4
13478,1632,804,11680,CD,2,D2_pwm200_grab4
13483,-3080,-1460,8328,CD,2,D2_pwm200_grab4
13488,-1228,-3316,6408,CD,2,D2_pwm200_grab4
13494,816,-968,13200,CD,2,D2_pwm200_grab4
13499,-2784,700,8536,CD,2,D2_pwm200_grab4
13503,1104,-840,9972,CD,2,D2_pwm200_grab4
13508,-2828,-440,11032,CD,2,D2_pwm200_grab4
13514,-4268,-1856,8620,CD,2,D2_pwm200_grab4
13519,-868,1152,10540,CD,2,D2_pwm200_grab4
13524,-1400,1596,16552,CD,2,D2_pwm200_grab4
13528,-276,108,12244,CD,2,D2_pwm200_grab4
13534,3444,-684,12432,CD,2,D2_pwm200_grab4
13538,2484,-2400,8640,CD,2,D2_pwm200_grab4
13543,1164,-1328,11188,CD,2,D2_pwm200_grab4
13553,3468,3728,13340,CD,2,D2_pwm200_grab4
13558,-2612,-1976,9960,CD,2,D2_pwm200_grab4
13564,1812,-872,10132,CD,2,D2_pwm200_grab4
13569,-892,-752,13296,CD,2,D2_pwm200_grab4
13574,-516,148,6904,CD,2,D2_pwm200_grab4
13578,5676,2696,12072,CD,2,D2_pwm200_grab4
13583,-188,1480,12388,CD,2,D2_pwm200_grab4
13594,2396,-1032,9552,CD,2,D2_pwm200_grab4
13598,3020,2288,11036,CD,2,D2_pwm200_grab4
13604,1952,1144,11980,CD,2,D2_pwm200_grab4
13608,1652,-308,11380,CD,2,D2_pwm200_grab4
13613,740,-956,8668,CD,2,D2_pwm200_grab4
13619,3760,-1712,7944,CD,2,D2_pwm200_grab4
13624,-1980,388,6348,CD,2,D2_pwm200_grab4
13628,3176,4788,10240,CD,2,D2_pwm200_grab4
13633,-1924,-1208,7264,CD,2,D2_pwm200_grab4
13639,2336,-1020,7504,CD,2,D2_pwm200_grab4
13643,-652,1152,11188,CD,2,D2_pwm200_grab4
13648,-64,788,6144,CD,2,D2_pwm200_grab4
13655,1424,164,9032,CD,2,D2_pwm200_grab4
13659,-660,352,11932,CD,2,D2_pwm200_grab4
13669,856,-896,7988,CD,2,D2_pwm200_grab4
13674,-3812,1744,9320,CD,2,D2_pwm200_grab4
13679,1876,-160,9000,CD,2,D2_pwm200_grab4
13684,-2848,-4816,12608,CD,2,D2_pwm200_grab4
13690,2744,-1784,7412,CD,2,D2_pwm200_grab4
13696,836,-1100,9052,CD,2,D2_pwm200_grab4
13700,-852,-1016,6796,CD,2,D2_pwm200_grab4
13704,2024,4148,10496,CD,2,D2_pwm200_grab4
13709,-3116,-556,6616,CD,2,D2_pwm200_grab4
13714,-1324,-3228,6928,CD,2,D2_pwm200_grab4
13720,72,576,14348,CD,2,D2_pwm200_grab4
13724,-2896,816,9188,CD,2,D2_pwm200_grab4
13729,668,-1340,9480,CD,2,D2_pwm200_grab4
13735,-3064,-288,10580,CD,2,D2_pwm200_grab4
13745,2208,-1928,10780,CD,2,D2_pwm200_grab4
13749,2892,2336,12392,CD,2,D2_pwm200_grab4
13754,-556,-84,12592,CD,2,D2_pwm200_grab4
13759,3000,-1488,9564,CD,2,D2_pwm200_grab4
13764,2520,-2212,8448,CD,2,D2_pwm200_grab4
13770,-1952,-2180,8256,CD,2,D2_pwm200_grab4
13785,-100,1400,12200,CD,2,D2_pwm200_grab4
13789,2232,-464,8396,CD,2,D2_pwm200_grab4
13795,-1284,-1552,12280,CD,2,D2_pwm200_grab4
13799,-2360,-1520,8548,CD,2,D2_pwm200_grab4
13804,5576,2180,11872,CD,2,D2_pwm200_grab4
13810,-1380,1804,12700,CD,2,D2_pwm200_grab4
13815,-7332,-3404,10552,CD,2,D2_pwm200_grab4
13819,2472,-2120,10388,CD,2,D2_pwm200_grab4
13825,-3272,-1332,10772,CD,2,D2_pwm200_grab4
13829,1876,1468,11456,CD,2,D2_pwm200_grab4
13834,9888,4176,12520,CD,2,D2_pwm200_grab4
13839,1144,-1136,10428,CD,2,D2_pwm200_grab4
13844,804,-1712,9756,CD,2,D2_pwm200_grab4
13849,2892,-156,9088,CD,2,D2_pwm200_grab4
13855,3364,4248,9676,CD,2,D2_pwm200_grab4
13859,420,-440,10288,CD,2,D2_pwm200_grab4
13865,2540,-844,6888,CD,2,D2_pwm200_grab4
13869,-5556,-2572,5380,CD,2,D2_pwm200_grab4
13874,-3408,-4772,10004,CD,2,D2_pwm200_grab4
13879,4988,2216,10452,CD,2,D2_pwm200_grab4
13884,3096,1408,13064,CD,2,D2_pwm200_grab4
13890,-2016,-1572,6868,CD,2,D2_pwm200_grab4
13894,2640,-1504,10184,CD,2,D2_pwm200_grab4
13899,1996,-76,11672,CD,2,D2_pwm200_grab4
13904,688,1684,9724,CD,2,D2_pwm200_grab4
13911,8976,3560,9460,CD,2,D2_pwm200_grab4
13915,1052,-1148,9048,CD,2,D2_pwm200_grab4
13920,-12,-2848,3964,CD,2,D2_pwm200_grab4
13925,-1896,1128,7060,CD,2,D2_pwm200_grab4
13930,3932,2740,8572,CD,2,D2_pwm200_grab4
13935,-1596,-1392,7480,CD,2,D2_pwm200_grab4
13940,1808,-1700,5128,CD,2,D2_pwm200_grab4
13946,1188,-508,15184,CD,2,D2_pwm200_grab4
13950,-1632,668,6240,CD,2,D2_pwm200_grab4
13956,4416,968,10260,CD,2,D2_pwm200_grab4
13960,-2152,-164,9956,CD,2,D2_pwm200_grab4
13966,-5524,-3380,6844,CD,2,D2_pwm200_grab4
13971,1380,-2492,11004,CD,2,D2_pwm200_grab4
13976,2088,1356,11504,CD,2,D2_pwm200_grab4
13981,-292,1164,11236,CD,2,D2_pwm200_grab4
13986,5848,1504,8392,CD,2,D2_pwm200_grab4
13990,760,-3036,8584,CD,2,D2_pwm200_grab4
13996,-4204,-4324,10264,CD,2,D2_pwm200_grab4
14000,752,-652,7240,CD,2,D2_pwm200_grab4
14005,-912,2008,8508,CD,2,D2_pwm200_grab4
14010,-4044,1184,11328,CD,2,D2_pwm200_grab4
14015,1956,828,8256,CD,2,D2_pwm200_grab4
14021,-1544,-2008,11432,CD,2,D2_pwm200_grab4
14025,-3852,-4476,8368,CD,2,D2_pwm200_grab4
14031,3160,2128,13260,CD,2,D2_pwm200_grab4
14036,-2644,764,11356,CD,2,D2_pwm200_grab4
14041,1588,-204,12416,CD,2,D2_pwm200_grab4
14045,1968,-560,12032,CD,2,D2_pwm200_grab4
14050,-3468,-564,10900,CD,2,D2_pwm200_grab4
14056,-616,328,10868,CD,2,D2_pwm200_grab4
14066,-516,-700,12728,CD,2,D2_pwm200_grab4
14070,2488,-1780,9012,CD,2,D2_pwm200_grab4
14075,1584,-192,7788,CD,2,D2_pwm200_grab4
14080,-212,-220,11084,CD,2,D2_pwm200_grab4
14085,-300,1540,10904,CD,2,D2_pwm200_grab4
14091,1820,932,14076,CD,2,D2_pwm200_grab4
14095,-6728,-3476,6692,CD,2,D2_pwm200_grab4
14101,-3356,-4084,9728,CD,2,D2_pwm200_grab4
14106,4096,1528,12316,CD,2,D2_pwm200_grab4
14111,2516,2468,11844,CD,2,D2_pwm200_grab4
14116,-2616,-340,9044,CD,2,D2_pwm200_grab4
14120,2988,-3352,10372,CD,2,D2_pwm200_grab4
14126,-432,-1864,9620,CD,2,D2_pwm200_grab4
14130,2728,684,10972,CD,2,D2_pwm200_grab4
14140,892,1628,12428,CD,2,D2_pwm200_grab4
14146,-4612,-1628,9056,CD,2,D2_pwm200_grab4
14150,2916,-924,7316,CD,2,D2_pwm200_grab4
14156,684,-220,9088,CD,2,D2_pwm200_grab4
14160,-1252,792,9440,CD,2,D2_pwm200_grab4
14167,2428,-348,8820,CD,2,D2_pwm200_grab4
14171,-304,-1308,8492,CD,2,D2_pwm200_grab4
14176,-3920,-2924,6972,CD,2,D2_pwm200_grab4
14181,4676,1228,10576,CD,2,D2_pwm200_grab4
14186,-484,1276,11208,CD,2,D2_pwm200_grab4
14196,1908,-3756,9924,CD,2,D2_pwm200_grab4
14201,2632,2740,9660,CD,2,D2_pwm200_grab4
14206,1000,1416,11168,CD,2,D2_pwm200_grab4
14216,-416,-236,10952,CD,2,D2_pwm200_grab4
14221,248,-4348,10540,CD,2,D2_pwm200_grab4
14226,1284,-2536,6360,CD,2,D2_pwm200_grab4
14231,564,5032,9448,CD,2,D2_pwm200_grab4
14236,-4184,584,9088,CD,2,D2_pwm200_grab4
14241,624,-1080,7308,CD,2,D2_pwm200_grab4
14247,-2752,-2436,7064,CD,2,D2_pwm200_grab4
14256,1852,-564,12836,CD,2,D2_pwm200_grab4
14261,-880,1660,11232,CD,2,D2_pwm200_grab4
14266,-2904,-544,9144,CD,2,D2_pwm200_grab4
14271,2124,-1736,12312,CD,2,D2_pwm200_grab4
14277,-1128,380,10744,CD,2,D2_pwm200_grab4
14281,-2176,580,12708,CD,2,D2_pwm200_grab4
14286,8036,1704,12204,CD,2,D2_pwm200_grab4
14292,956,-1572,10512,CD,2,D2_pwm200_grab4
14297,-5328,-2948,12372,CD,2,D2_pwm200_grab4
14302,1876,272,9372,CD,2,D2_pwm200_grab4
14306,-1036,1860,11072,CD,2,D2_pwm200_grab4
14311,-1572,1292,11284,CD,2,D2_pwm200_grab4
14316,1196,604,10860,CD,2,D2_pwm200_grab4
14321,-412,-2888,11612,CD,2,D2_pwm200_grab4
14327,-3448,-3680,9976,CD,2,D2_pwm200_grab4
14332,5368,2828,11928,CD,2,D2_pwm200_grab4
14336,1976,1244,11804,CD,2,D2_pwm200_grab4
14342,3836,-156,14052,CD,2,D2_pwm200_grab4
14346,2796,-272,12404,CD,2,D2_pwm200_grab4
14352,-1492,-1996,10784,CD,2,D2_pwm200_grab4
14356,1204,780,10124,CD,2,D2_pwm200_grab4
14361,10216,5400,11484,CD,2,D2_pwm200_grab4
14367,904,788,11484,CD,2,D2_pwm200_grab4
14371,800,-1148,8000,CD,2,D2_pwm200_grab4
14376,3904,-604,9048,CD,2,D2_pwm200_grab4
14381,-4252,-2136,9080,CD,2,D2_pwm200_grab4
14387,1376,548,9756,CD,2,D2_pwm200_grab4
14397,-4576,-2284,6228,CD,2,D2_pwm200_grab4
14401,-3136,-5072,9340,CD,2,D2_pwm200_grab4
14406,3904,1384,11176,CD,2,D2_pwm200_grab4
14412,1392,976,9724,CD,2,D2_pwm200_grab4
14416,-2292,-900,7556,CD,2,D2_pwm200_grab4
14423,2740,-2852,9728,CD,2,D2_pwm200_grab4
14428,2172,-1252,12088,CD,2,D2_pwm200_grab4
14432,112,2108,8740,CD,2,D2_pwm200_grab4
14438,8700,3416,10440,CD,2,D2_pwm200_grab4
14443,880,-2532,7940,CD,2,D2_pwm200_grab4
14447,-680,-2828,5224,CD,2,D2_pwm200_grab4
14453,3508,-1804,9900,CD,2,D2_pwm200_grab4
14457,3276,2864,9652,CD,2,D2_pwm200_grab4
14462,-5164,-1084,7580,CD,2,D2_pwm200_grab4
14467,2692,1176,7840,CD,2,D2_pwm200_grab4
14473,-4504,-4404,6304,CD,2,D2_pwm200_grab4
14477,-5296,-3800,6592,CD,2,D2_pwm200_grab4
14482,3224,1148,11216,CD,2,D2_pwm200_grab4
14487,-2888,-284,10288,CD,2,D2_pwm200_grab4
14492,-8788,-3044,6976,CD,2,D2_pwm200_grab4
14497,732,-2984,9752,CD,2,D2_pwm200_grab4
14502,2408,2908,9796,CD,2,D2_pwm200_grab4
14507,424,696,8916,CD,2,D2_pwm200_grab4
14513,7684,3944,8268,CD,2,D2_pwm200_grab4
14517,-1004,-1108,13144,CD,2,D2_pwm200_grab4
14523,-3500,-4112,10568,CD,2,D2_pwm200_grab4
14527,2172,-1136,8508,CD,2,D2_pwm200_grab4
14533,-296,900,8152,CD,2,D2_pwm200_grab4
14537,-1988,1780,10380,CD,2,D2_pwm200_grab4
14543,880,-664,6924,CD,2,D2_pwm200_grab4
14547,-2172,-3212,10284,CD,2,D2_pwm200_grab4
14557,2204,872,13916,CD,2,D2_pwm200_grab4
14563,568,156,12652,CD,2,D2_pwm200_grab4
14567,-1432,76,9628,CD,2,D2_pwm200_grab4
14572,2144,40,11304,CD,2,D2_pwm200_grab4
14577,-1196,368,12664,CD,2,D2_pwm200_grab4
14583,-152,1000,9256,CD,2,D2_pwm200_grab4
14592,-1320,2252,14236,CD,2,D2_pwm200_grab4
14598,-3804,-1464,10220,CD,2,D2_pwm200_grab4
14603,-452,-152,8640,CD,2,D2_pwm200_grab4
14608,164,272,10792,CD,2,D2_pwm200_grab4
14613,92,2484,11488,CD,2,D2_pwm200_grab4
14617,2188,252,12336,CD,2,D2_pwm200_grab4
14623,-7076,-3864,7516,CD,2,D2_pwm200_grab4
14627,-2904,-3520,8548,CD,2,D2_pwm200_grab4
14632,4880,2020,12732,CD,2,D2_pwm200_grab4
14637,4052,1424,10704,CD,2,D2_pwm200_grab4
14642,3632,1628,11624,CD,2,D2_pwm200_grab4
14648,2800,-12,10964,CD,2,D2_pwm200_grab4
14652,868,-1996,10388,CD,2,D2_pwm200_grab4
14657,1548,320,9676,CD,2,D2_pwm200_grab4
14667,-1092,1852,12812,CD,2,D2_pwm200_grab4
14672,-2004,-2384,9616,CD,2,D2_pwm200_grab4
14679,2780,-1764,7876,CD,2,D2_pwm200_grab4
14683,1552,1224,9656,CD,2,D2_pwm200_grab4
14689,-1204,284,8960,CD,2,D2_pwm200_grab4
14693,3628,796,8868,CD,2,D2_pwm200_grab4
14698,-372,72,10636,CD,2,D2_pwm200_grab4
14703,-1748,-2172,6056,CD,2,D2_pwm200_grab4
14708,2932,1552,10772,CD,2,D2_pwm200_grab4
14713,-436,1260,10620,CD,2,D2_pwm200_grab4
14724,2056,-1832,10060,CD,2,D2_pwm200_grab4
14728,-4868,-892,7876,CD,2,D2_pwm200_grab4
14733,1052,1704,7960,CD,2,D2_pwm200_grab4
14739,8000,3616,9480,CD,2,D2_pwm200_grab4
14743,-288,-1108,11484,CD,2,D2_pwm200_grab4
14748,-752,-4516,7624,CD,2,D2_pwm200_grab4
14753,-364,-1368,7432,CD,2,D2_pwm200_grab4
14758,1376,4380,9708,CD,2,D2_pwm200_grab4
14763,-2720,932,7872,CD,2,D2_pwm200_grab4
14769,1012,1124,12704,CD,2,D2_pwm200_grab4
14783,1136,-268,12476,CD,2,D2_pwm200_grab4
14789,-912,1628,10972,CD,2,D2_pwm200_grab4
14793,-5728,-1060,8324,CD,2,D2_pwm200_grab4
14799,2744,-2172,11212,CD,2,D2_pwm200_grab4
14804,-132,588,12268,CD,2,D2_pwm200_grab4
14808,252,-192,12448,CD,2,D2_pwm200_grab4
14814,8564,1824,11200,CD,2,D2_pwm200_grab4
14819,-1400,1244,15268,CD,2,D2_pwm200_grab4
14824,-4396,-3420,11524,CD,2,D2_pwm200_grab4
14828,2380,-20,7716,CD,2,D2_pwm200_grab4
14833,1240,1468,9616,CD,2,D2_pwm200_grab4
14838,-200,1760,12348,CD,2,D2_pwm200_grab4
14843,2336,368,9048,CD,2,D2_pwm200_grab4
14849,1108,-1364,11456,CD,2,D2_pwm200_grab4
14853,-3676,-6100,11740,CD,2,D2_pwm200_grab4
14858,3696,768,11596,CD,2,D2_pwm200_grab4
14863,2472,2040,12412,CD,2,D2_pwm200_grab4
14868,1332,-484,11260,CD,2,D2_pwm200_grab4
14873,2952,308,11440,CD,2,D2_pwm200_grab4
14878,-1908,-1000,11236,CD,2,D2_pwm200_grab4
14884,1796,1196,11220,CD,2,D2_pwm200_grab4
14894,452,3564,11748,CD,2,D2_pwm200_grab4
14898,-4352,-1496,7604,CD,2,D2_pwm200_grab4
14903,1728,-140,9044,CD,2,D2_pwm200_grab4
14908,-400,-1640,9156,CD,2,D2_pwm200_grab4
14913,440,1104,9748,CD,2,D2_pwm200_grab4
14919,1756,-104,10764,CD,2,D2_pwm200_grab4
14924,-5832,-2096,7028,CD,2,D2_pwm200_grab4
14928,-4828,-4128,7860,CD,2,D2_pwm200_grab4
14934,4964,2460,10644,CD,2,D2_pwm200_grab4
14940,-156,884,11456,CD,2,D2_pwm200_grab4
14944,-5168,-2256,6368,CD,2,D2_pwm200_grab4
14949,1984,-3672,10292,CD,2,D2_pwm200_grab4
14955,4032,248,13496,CD,2,D2_pwm200_grab4
14959,500,1624,11356,CD,2,D2_pwm200_grab4
14965,7800,3288,9180,CD,2,D2_pwm200_grab4
14969,404,-2648,7720,CD,2,D2_pwm200_grab4
14974,-660,-3184,4964,CD,2,D2_pwm200_grab4
14979,1888,-2140,7408,CD,2,D2_pwm200_grab4
14984,-224,160,7668,CD,2,D2_pwm200_grab4
14989,-4872,772,9124,CD,2,D2_pwm200_grab4
14995,1892,468,7592,CD,2,D2_pwm200_grab4
15000,-2392,-1500,7968,CD,2,D2_pwm200_grab4
15005,-2536,-3040,6168,CD,2,D2_pwm200_grab4
15009,2136,372,11844,CD,2,D2_pwm200_grab4
15014,-2788,724,11076,CD,2,D2_pwm200_grab4
15019,-1856,-416,9496,CD,2,D2_pwm200_grab4
15025,1508,-1308,10692,CD,2,D2_pwm200_grab4
15029,-1148,884,11412,CD,2,D2_pwm200_grab4
15035,-2148,492,8332,CD,2,D2_pwm200_grab4
15039,8536,1960,12540,CD,2,D2_pwm200_grab4
15045,-1168,-1832,10524,CD,2,D2_pwm200_grab4
15049,-1028,-3024,7116,CD,2,D2_pwm200_grab4
15055,-4244,388,5076,CD,2,D2_pwm200_grab4
15059,4432,4964,11060,CD,2,D2_pwm200_grab4
15064,-1128,2080,10176,CD,2,D2_pwm200_grab4
15069,72,596,12480,CD,2,D2_pwm200_grab4
15074,-5816,-5280,7268,CD,2,D2_pwm200_grab4
15080,-6936,-6916,8944,CD,2,D2_pwm200_grab4
15084,4540,1196,13356,CD,2,D2_pwm200_grab4
15090,-2084,912,11732,CD,2,D2_pwm200_grab4
15094,-7144,-1884,8736,CD,2,D2_pwm200_grab4
15099,2252,-2076,11464,CD,2,D2_pwm200_grab4
15104,-1712,-1816,11064,CD,2,D2_pwm200_grab4
15109,584,-148,10192,CD,2,D2_pwm200_grab4
15114,9552,4176,12572,CD,2,D2_pwm200_grab4
15119,-592,536,13912,CD,2,D2_pwm200_grab4
15124,-880,-1724,10264,CD,2,D2_pwm200_grab4
15129,2936,532,9540,CD,2,D2_pwm200_grab4
15134,2660,2036,10492,CD,2,D2_pwm200_grab4
15139,-1760,1292,11152,CD,2,D2_pwm200_grab4
15145,3020,-388,9280,CD,2,D2_pwm200_grab4
15149,1396,-1540,11708,CD,2,D2_pwm200_grab4
15154,-2660,-4728,9564,CD,2,D2_pwm200_grab4
15159,3880,504,12484,CD,2,D2_pwm200_grab4
15165,3316,2360,11844,CD,2,D2_pwm200_grab4
15170,2460,-684,11128,CD,2,D2_pwm200_grab4
15174,4304,-1220,11020,CD,2,D2_pwm200_grab4
15180,-1524,-1284,11488,CD,2,D2_pwm200_grab4
15184,1436,1968,9980,CD,2,D2_pwm200_grab4
15195,2456,-700,8180,CD,2,D2_pwm200_grab4
15201,1784,-1648,7320,CD,2,D2_pwm200_grab4
15206,-2204,172,4560,CD,2,D2_pwm200_grab4
15210,3904,3128,9860,CD,2,D2_pwm200_grab4
15215,-2024,-324,8716,CD,2,D2_pwm200_grab4
15221,1632,-2020,6440,CD,2,D2_pwm200_grab4
15225,-16,936,9392,CD,2,D2_pwm200_grab4
15230,-1844,1272,6384,CD,2,D2_pwm200_grab4
15236,2828,552,11752,CD,2,D2_pwm200_grab4
15240,1080,1064,10552,CD,2,D2_pwm200_grab4
15251,2940,-3196,9660,CD,2,D2_pwm200_grab4
15256,2840,1876,12404,CD,2,D2_pwm200_grab4
15260,612,1888,10312,CD,2,D2_pwm200_grab4
15265,5324,336,10832,CD,2,D2_pwm200_grab4
15270,1528,-2760,6996,CD,2,D2_pwm200_grab4
15275,-3576,-3608,10940,CD,2,D2_pwm200_grab4
15280,968,-1160,7232,CD,2,D2_pwm200_grab4
15285,-204,1824,8620,CD,2,D2_pwm200_grab4
15290,-2468,1840,8832,CD,2,D2_pwm200_grab4
15295,432,-1284,7488,CD,2,D2_pwm200_grab4
15300,-1200,-1696,10532,CD,2,D2_pwm200_grab4
15305,-4284,-3180,7028,CD,2,D2_pwm200_grab4
15310,2932,656,11816,CD,2,D2_pwm200_grab4
15316,-3280,636,12356,CD,2,D2_pwm200_grab4
15320,440,-828,12312,CD,2,D2_pwm200_grab4
15326,2828,16,11536,CD,2,D2_pwm200_grab4
15331,-6680,-484,9476,CD,2,D2_pwm200_grab4
15335,-124,952,9608,CD,2,D2_pwm200_grab4
15341,8236,3604,12076,CD,2,D2_pwm200_grab4
15345,1296,-1012,10292,CD,2,D2_pwm200_grab4
15350,-540,-3072,8560,CD,2,D2_pwm200_grab4
15356,-1296,1516,7880,CD,2,D2_pwm200_grab4
15360,-1260,-228,10600,CD,2,D2_pwm200_grab4
15365,872,2016,11740,CD,2,D2_pwm200_grab4
15370,912,1008,15072,CD,2,D2_pwm200_grab4
15375,-6436,-3128,7108,CD,2,D2_pwm200_grab4
15380,-4612,-6140,9884,CD,2,D2_pwm200_grab4
15386,4816,1848,12288,CD,2,D2_pwm200_grab4
15390,1224,2148,13228,CD,2,D2_pwm200_grab4
15396,-4452,-1872,6724,CD,2,D2_pwm200_grab4
15401,3156,-2076,11724,CD,2,D2_pwm200_grab4
15406,732,-2236,9776,CD,2,D2_pwm200_grab4
15410,2144,164,12244,CD,2,D2_pwm200_grab4
15420,-976,2528,14348,CD,2,D2_pwm200_grab4
15425,-1416,-2460,10576,CD,2,D2_pwm200_grab4
15431,1948,-1308,8784,CD,2,D2_pwm200_grab4
15435,1064,1376,8848,CD,2,D2_pwm200_grab4
15440,984,708,10724,CD,2,D2_pwm200_grab4
15447,3384,1044,8468,CD,2,D2_pwm200_grab4
15451,-3784,-3764,7300,CD,2,D2_pwm200_grab4
15456,-2512,-2772,6484,CD,2,D2_pwm200_grab4
15462,4700,2352,11148,CD,2,D2_pwm200_grab4
15466,-524,1588,10388,CD,2,D2_pwm200_grab4
15476,1136,-3088,9392,CD,2,D2_pwm200_grab4
15481,4116,840,13384,CD,2,D2_pwm200_grab4
15486,1460,1240,10492,CD,2,D2_pwm200_grab4
15497,-1004,-368,12920,CD,2,D2_pwm200_grab4
15502,-1604,-3672,9344,CD,2,D2_pwm200_grab4
15507,296,-1944,6596,CD,2,D2_pwm200_grab4
15511,992,136,7604,CD,2,D2_pwm200_grab4
15517,-2480,1568,8984,CD,2,D2_pwm200_grab4
15522,3000,56,5968,CD,2,D2_pwm200_grab4
15526,-1708,-596,11516,CD,2,D2_pwm200_grab4
15531,-4308,-6192,10264,CD,2,D2_pwm200_grab4
15536,100,-948,12640,CD,2,D2_pwm200_grab4
15541,804,788,9612,CD,2,D2_pwm200_grab4
15546,-332,-820,11688,CD,2,D2_pwm200_grab4
15551,2112,-952,10668,CD,2,D2_pwm200_grab4
15556,-5096,296,10260,CD,2,D2_pwm200_grab4
15561,680,1332,8944,CD,2,D2_pwm200_grab4
15572,-736,-1280,12272,CD,2,D2_pwm200_grab4
15576,-1928,-2156,10064,CD,2,D2_pwm200_grab4
15582,-2024,-2340,8308,CD,2,D2_pwm200_grab4
15586,-472,-416,10688,CD,2,D2_pwm200_grab4
15591,-2088,2052,10096,CD,2,D2_pwm200_grab4
15596,1552,676,14684,CD,2,D2_pwm200_grab4
15601,-6448,-2364,8764,CD,2,D2_pwm200_grab4
15606,-4236,-5756,9792,CD,2,D2_pwm200_grab4
15611,2020,720,13968,CD,2,D2_pwm200_grab4
15617,-808,-2576,10432,CD,2,D2_pwm200_grab4
15621,3148,3240,12208,CD,2,D2_pwm200_grab4
15626,2332,4332,14280,CD,2,D2_pwm200_grab4
15632,-1580,-1340,9396,CD,2,D2_pwm200_grab4
15636,-468,-912,11012,CD,2,D2_pwm200_grab4
15641,8076,2792,10264,CD,2,D2_pwm200_grab4
15646,-2012,2208,14600,CD,2,D2_pwm200_grab4
15652,-3520,-1408,10620,CD,2,D2_pwm200_grab4
15656,-348,-1016,7908,CD,2,D2_pwm200_grab4
15661,-6060,-4360,9456,CD,2,D2_pwm200_grab4
15667,1100,-1668,11096,CD,2,D2_pwm200_grab4
15672,-1856,1720,10116,CD,2,D2_pwm200_grab4
15677,-572,-1688,11748,CD,2,D2_pwm200_grab4
15682,-1208,-3064,11828,CD,2,D2_pwm200_grab4
15686,2528,-568,8808,CD,2,D2_pwm200_grab4
15692,4196,188,11824,CD,2,D2_pwm200_grab4
15696,3496,2288,11604,CD,2,D2_pwm200_grab4
15702,2936,812,11436,CD,2,D2_pwm200_grab4
15707,-208,-1680,9924,CD,2,D2_pwm200_grab4
15713,1896,796,9676,CD,2,D2_pwm200_grab4
15723,-904,1348,13000,CD,2,D2_pwm200_grab4
15728,-2248,-3348,9148,CD,2,D2_pwm200_grab4
15733,2308,-1684,8404,CD,2,D2_pwm200_grab4
15737,684,1188,9280,CD,2,D2_pwm200_grab4
15744,-1212,824,8484,CD,2,D2_pwm200_grab4
15747,-3168,1588,9612,CD,2,D2_pwm200_grab4
15753,3496,-228,9188,CD,2,D2_pwm200_grab4
15757,-3708,-3500,9868,CD,2,D2_pwm200_grab4
15762,2664,-1556,9464,CD,2,D2_pwm200_grab4
15767,2956,456,10632,CD,2,D2_pwm200_grab4
15772,2888,-520,13316,CD,2,D2_pwm200_grab4
15778,2260,-716,10832,CD,2,D2_pwm200_grab4
15782,-3824,-3044,7728,CD,2,D2_pwm200_grab4
15787,1756,-1740,6252,CD,2,D2_pwm200_grab4
15792,2812,1032,11132,CD,2,D2_pwm200_grab4
15797,-304,1960,8008,CD,2,D2_pwm200_grab4
15802,-1264,-1912,9352,CD,2,D2_pwm200_grab4
15808,-1540,-1796,8688,CD,2,D2_pwm200_grab4
15813,-5996,-652,8772,CD,2,D2_pwm200_grab4
15818,-2476,-148,7524,CD,2,D2_pwm200_grab4
15822,-1592,1888,15116,CD,2,D2_pwm200_grab4
15828,172,-2672,9360,CD,2,D2_pwm200_grab4
15832,924,-2780,9688,CD,2,D2_pwm200_grab4
15838,132,-3344,8448,CD,2,D2_pwm200_grab4
15842,-624,-2232,10152,CD,2,D2_pwm200_grab4
15852,2240,4452,14512,CD,2,D2_pwm200_grab4
15857,-1968,-1372,7796,CD,2,D2_pwm200_grab4
15862,-52,-1160,10824,CD,2,D2_pwm200_grab4
15868,4752,1396,10408,CD,2,D2_pwm200_grab4
15873,-2264,0,8016,CD,2,D2_pwm200_grab4
15878,3312,1336,12476,CD,2,D2_pwm200_grab4
15882,-1116,1036,14480,CD,2,D2_pwm200_grab4
15893,1304,-1936,10996,CD,2,D2_pwm200_grab4
15897,2188,2536,11572,CD,2,D2_pwm200_grab4
15902,-152,-900,12208,CD,2,D2_pwm200_grab4
15907,2108,-2176,11916,CD,2,D2_pwm200_grab4
15912,2544,-396,8380,CD,2,D2_pwm200_grab4
15917,1316,-2172,8440,CD,2,D2_pwm200_grab4
15922,-1172,1236,6416,CD,2,D2_pwm200_grab4
15927,3484,4320,11148,CD,2,D2_pwm200_grab4
15933,148,-684,10372,CD,2,D2_pwm200_grab4
15937,1292,-1848,8244,CD,2,D2_pwm200_grab4
15942,-80,792,11716,CD,2,D2_pwm200_grab4
15948,-224,1336,7544,CD,2,D2_pwm200_grab4
15952,3244,1296,8760,CD,2,D2_pwm200_grab4
15958,92,1776,13204,CD,2,D2_pwm200_grab4
15964,-6568,-5144,7948,CD,2,D2_pwm200_grab4
15969,1776,-1520,10228,CD,2,D2_pwm200_grab4
15974,-2812,2068,9008,CD,2,D2_pwm200_grab4
15978,1592,0,11484,CD,2,D2_pwm200_grab4
15983,-3636,-4064,9576,CD,2,D2_pwm200_grab4
15988,3228,336,8084,CD,2,D2_pwm200_grab4
15993,2820,308,10512,CD,2,D2_pwm200_grab4
15998,3992,872,11716,CD,2,D2_pwm200_grab4
16004,2592,2400,9132,CD,2,D2_pwm200_grab4
16008,-1252,-1780,7760,CD,2,D2_pwm200_grab4
16013,1684,-1916,5960,CD,2,D2_pwm200_grab4
16019,1008,892,15024,CD,2,D2_pwm200_grab4
16023,-460,1860,8080,CD,2,D2_pwm200_grab4
16029,396,-508,8488,CD,2,D2_pwm200_grab4
16034,-1956,-2080,8372,CD,2,D2_pwm200_grab4
16039,-7796,-3832,7292,CD,2,D2_pwm200_grab4
16044,224,-2148,9680,CD,2,D2_pwm200_grab4
16048,3664,2216,11524,CD,2,D2_pwm200_grab4
16053,328,696,11320,CD,2,D2_pwm200_grab4
16059,4076,-108,7476,CD,2,D2_pwm200_grab4
16064,200,-3296,8372,CD,2,D2_pwm200_grab4
16068,-2416,-3580,6800,CD,2,D2_pwm200_grab4
16078,680,3064,10952,CD,2,D2_pwm200_grab4
16083,-2124,-1620,8056,CD,2,D2_pwm200_grab4
16089,1668,-96,7796,CD,2,D2_pwm200_grab4
16094,-2688,-2788,9660,CD,2,D2_pwm200_grab4
16098,-3796,-3164,8012,CD,2,D2_pwm200_grab4
16103,3640,1564,12292,CD,2,D2_pwm200_grab4
16108,-2532,900,11524,CD,2,D2_pwm200_grab4
16119,800,-1488,10464,CD,2,D2_pwm200_grab4
16124,2832,2844,11964,CD,2,D2_pwm200_grab4
16129,-992,452,11076,CD,2,D2_pwm200_grab4
16139,-404,-936,12368,CD,2,D2_pwm200_grab4
16144,1436,-2352,8808,CD,2,D2_pwm200_grab4
16148,1332,-88,8660,CD,2,D2_pwm200_grab4
16154,3128,4172,11120,CD,2,D2_pwm200_grab4
16159,-804,1268,12992,CD,2,D2_pwm200_grab4
16163,1556,-1516,8028,CD,2,D2_pwm200_grab4
16169,-1464,-1980,10916,CD,2,D2_pwm200_grab4
16173,-4592,-6732,11100,CD,2,D2_pwm200_grab4
16178,4060,1516,12248,CD,2,D2_pwm200_grab4
16183,1548,2164,12468,CD,2,D2_pwm200_grab4
16189,-356,-756,8400,CD,2,D2_pwm200_grab4
16193,3512,-1572,10148,CD,2,D2_pwm200_grab4
16199,-2920,-1888,11920,CD,2,D2_pwm200_grab4
16203,484,2012,9816,CD,2,D2_pwm200_grab4
16214,704,-1188,8736,CD,2,D2_pwm200_grab4
16219,2624,-2824,7140,CD,2,D2_pwm200_grab4
16224,-2412,944,6804,CD,2,D2_pwm200_grab4
16229,3440,4640,10316,CD,2,D2_pwm200_grab4
16235,-1492,-684,8420,CD,2,D2_pwm200_grab4
16239,2484,-736,7044,CD,2,D2_pwm200_grab4
16244,-752,-504,9344,CD,2,D2_pwm200_grab4
16249,16,1032,6728,CD,2,D2_pwm200_grab4
16258,16,1032,6728,CD,2,D2_pwm200_grab4
16260,1804,1744,12316,CD,2,D2_pwm200_grab4
16264,-252,-1408,7616,CD,2,D2_pwm200_grab4
16270,2136,-2272,9464,CD,2,D2_pwm200_grab4
16274,-1348,1172,9432,CD,2,D2_pwm200_grab4
16279,400,2332,8572,CD,2,D2_pwm200_grab4
16285,6676,1712,9576,CD,2,D2_pwm200_grab4
16289,-264,-1964,9600,CD,2,D2_pwm200_grab4
16295,-3196,-5084,5176,CD,2,D2_pwm200_grab4
16300,-332,-2988,7116,CD,2,D2_pwm200_grab4
16305,-2744,-1100,8752,CD,2,D2_pwm200_grab4
16310,-3024,1588,8416,CD,2,D2_pwm200_grab4
16314,592,1760,12516,CD,2,D2_pwm200_grab4
16319,-8188,-3652,3784,CD,2,D2_pwm200_grab4
16325,-4740,-6052,8412,CD,2,D2_pwm200_grab4
16329,1692,-228,12548,CD,2,D2_pwm200_grab4
16335,-140,1188,11012,CD,2,D2_pwm200_grab4
16340,-5924,-1508,8040,CD,2,D2_pwm200_grab4
16347,-5924,-1508,8040,CD,2,D2_pwm200_grab4
16350,-2320,-1752,7600,CD,2,D2_pwm200_grab4
16354,-684,16,7736,CD,2,D2_pwm200_grab4
16359,7264,2036,10400,CD,2,D2_pwm200_grab4
16364,-2740,1004,13444,CD,2,D2_pwm200_grab4
16370,-4772,-3076,11492,CD,2,D2_pwm200_grab4
16375,-1588,-2236,7300,CD,2,D2_pwm200_grab4
16379,-168,1176,9548,CD,2,D2_pwm200_grab4
16384,720,-576,9628,CD,2,D2_pwm200_grab4
16389,-1696,2908,10564,CD,2,D2_pwm200_grab4
16394,-1100,-1792,10476,CD,2,D2_pwm200_grab4
16400,-1108,-4160,12840,CD,2,D2_pwm200_grab4
16405,1804,-1696,9608,CD,2,D2_pwm200_grab4
16410,2836,524,11096,CD,2,D2_pwm200_grab4
16414,2520,2800,10712,CD,2,D2_pwm200_grab4
16419,3356,3136,13448,CD,2,D2_pwm200_grab4
16424,-2156,-1708,8616,CD,2,D2_pwm200_grab4
16429,1140,-2284,8480,CD,2,D2_pwm200_grab4
16435,-1116,-1972,12772,CD,2,D2_pwm200_grab4
16440,184,2056,7512,CD,2,D2_pwm200_grab4
16444,4068,2288,10812,CD,2,D2_pwm200_grab4
16449,-416,1436,12788,CD,2,D2_pwm200_grab4
16454,-6496,-3228,10096,CD,2,D2_pwm200_grab4
16459,1460,-1192,9956,CD,2,D2_pwm200_grab4
16464,-1240,2560,10068,CD,2,D2_pwm200_grab4
16471,1676,52,11668,CD,2,D2_pwm200_grab4
16475,-220,-2624,12448,CD,2,D2_pwm200_grab4
16481,3332,144,8256,CD,2,D2_pwm200_grab4
16485,4016,208,11616,CD,2,D2_pwm200_grab4
16490,4208,1188,12388,CD,2,D2_pwm200_grab4
16495,3292,2148,12200,CD,2,D2_pwm200_grab4
16500,64,-2756,8932,CD,2,D2_pwm200_grab4
16505,1744,160,10700,CD,2,D2_pwm200_grab4
16516,892,1884,6568,CD,2,D2_pwm200_grab4
16520,524,548,8436,CD,2,D2_pwm200_grab4
16525,-436,816,11208,CD,2,D2_pwm200_grab4
16536,1004,-956,8396,CD,2,D2_pwm200_grab4
16540,-3944,1256,10496,CD,2,D2_pwm200_grab4
16546,2452,296,9876,CD,2,D2_pwm200_grab4
16551,-4376,-5020,10352,CD,2,D2_pwm200_grab4
16556,136,-1852,8056,CD,2,D2_pwm200_grab4
16560,-3016,-4048,5756,CD,2,D2_pwm200_grab4
16566,3508,-664,11064,CD,2,D2_pwm200_grab4
16570,860,3004,10260,CD,2,D2_pwm200_grab4
16575,-2568,-868,6868,CD,2,D2_pwm200_grab4
16580,-1160,-2680,6748,CD,2,D2_pwm200_grab4
16586,504,160,14364,CD,2,D2_pwm200_grab4
16590,-2308,1232,9456,CD,2,D2_pwm200_grab4
16595,68,-624,9120,CD,2,D2_pwm200_grab4
16601,-2360,1812,11200,CD,2,D2_pwm200_grab4
16611,564,-1868,10756,CD,2,D2_pwm200_grab4
16615,3716,1952,12936,CD,2,D2_pwm200_grab4
16621,-372,-532,11956,CD,2,D2_pwm200_grab4
16625,2940,-916,9464,CD,2,D2_pwm200_grab4
16630,1840,-2284,8652,CD,2,D2_pwm200_grab4
16636,-2616,-3172,7044,CD,2,D2_pwm200_grab4
16640,1744,-652,8436,CD,2,D2_pwm200_grab4
16645,2276,2732,9448,CD,2,D2_pwm200_grab4
16651,-992,1444,13108,CD,2,D2_pwm200_grab4
16655,2088,-1132,9180,CD,2,D2_pwm200_grab4
16660,-1528,-1008,11912,CD,2,D2_pwm200_grab4
16665,-3444,-1964,8572,CD,2,D2_pwm200_grab4
16670,5156,2496,11572,CD,2,D2_pwm200_grab4
16676,-1460,1744,12860,CD,2,D2_pwm200_grab4
16681,-7588,-3452,11400,CD,2,D2_pwm200_grab4
16685,4612,628,11532,CD,2,D2_pwm200_grab4
16690,-3716,-1856,11456,CD,2,D2_pwm200_grab4
16696,1640,864,11932,CD,2,D2_pwm200_grab4
16706,788,-780,11412,CD,2,D2_pwm200_grab4
16710,2820,-2136,8096,CD,2,D2_pwm200_grab4
16715,3168,-876,8548,CD,2,D2_pwm200_grab4
16720,3256,3960,10004,CD,2,D2_pwm200_grab4
16726,700,644,12208,CD,2,D2_pwm200_grab4
16732,2592,-700,7448,CD,2,D2_pwm200_grab4
16737,-1116,-360,10960,CD,2,D2_pwm200_grab4
16742,-84,832,6420,CD,2,D2_pwm200_grab4
16747,4936,2840,10196,CD,2,D2_pwm200_grab4
16752,76,1092,12840,CD,2,D2_pwm200_grab4
16757,-7968,-4540,10184,CD,2,D2_pwm200_grab4
16762,1120,-2136,8788,CD,2,D2_pwm200_grab4
16768,2416,2652,8876,CD,2,D2_pwm200_grab4
16771,368,2548,8416,CD,2,D2_pwm200_grab4
16777,11280,4984,11308,CD,2,D2_pwm200_grab4
16782,-460,-2100,9684,CD,2,D2_pwm200_grab4
16787,2540,-3656,7020,CD,2,D2_pwm200_grab4
16791,-4104,1100,6052,CD,2,D2_pwm200_grab4
16797,3128,2888,8128,CD,2,D2_pwm200_grab4
16801,-2316,592,8288,CD,2,D2_pwm200_grab4
16806,2416,-656,5148,CD,2,D2_pwm200_grab4
16811,-7468,-4700,3804,CD,2,D2_pwm200_grab4
16817,-4512,-5708,9388,CD,2,D2_pwm200_grab4
16821,2000,-88,12180,CD,2,D2_pwm200_grab4
16826,-4,552,11500,CD,2,D2_pwm200_grab4
16831,-6236,-1232,7488,CD,2,D2_pwm200_grab4
16836,1248,-1556,9316,CD,2,D2_pwm200_grab4
16841,-500,620,11684,CD,2,D2_pwm200_grab4
16847,-656,840,9208,CD,2,D2_pwm200_grab4
16852,6572,288,11644,CD,2,D2_pwm200_grab4
16856,-2668,180,13284,CD,2,D2_pwm200_grab4
16861,-4232,-4204,9768,CD,2,D2_pwm200_grab4
16867,-2256,-2716,7308,CD,2,D2_pwm200_grab4
16871,-4180,312,8704,CD,2,D2_pwm200_grab4
16876,-3608,2108,9564,CD,2,D2_pwm200_grab4
16881,372,1836,13980,CD,2,D2_pwm200_grab4
16886,-8100,-5604,5144,CD,2,D2_pwm200_grab4
16891,-4596,-7120,10924,CD,2,D2_pwm200_grab4
16897,1848,-1472,10108,CD,2,D2_pwm200_grab4
16901,-400,-996,11328,CD,2,D2_pwm200_grab4
16906,3328,2264,10544,CD,2,D2_pwm200_grab4
16911,2432,3632,14476,CD,2,D2_pwm200_grab4
16916,-1916,-1860,9344,CD,2,D2_pwm200_grab4
16922,-1512,-852,10832,CD,2,D2_pwm200_grab4
16927,7796,3440,11268,CD,2,D2_pwm200_grab4
16932,-2280,1088,14624,CD,2,D2_pwm200_grab4
16936,-5180,-2252,9636,CD,2,D2_pwm200_grab4
16941,-1656,732,12492,CD,2,D2_pwm200_grab4
16946,-5904,-3308,10380,CD,2,D2_pwm200_grab4
16952,984,-856,10472,CD,2,D2_pwm200_grab4
16956,-1808,1800,10904,CD,2,D2_pwm200_grab4
16961,-1036,-1992,11644,CD,2,D2_pwm200_grab4
16966,-316,-3048,12088,CD,2,D2_pwm200_grab4
16972,2680,-880,9364,CD,2,D2_pwm200_grab4
16976,3852,1344,11396,CD,2,D2_pwm200_grab4
16983,3536,2516,10512,CD,2,D2_pwm200_grab4
16987,3884,1896,12200,CD,2,D2_pwm200_grab4
16992,-1316,-2224,9928,CD,2,D2_pwm200_grab4
16998,1692,88,11492,CD,2,D2_pwm200_grab4
17008,-1124,1860,13044,CD,2,D2_pwm200_grab4
17012,-4332,-1888,8688,CD,2,D2_pwm200_grab4
17017,644,-1288,7564,CD,2,D2_pwm200_grab4
17024,572,712,10228,CD,2,D2_pwm200_grab4
17028,1144,-956,8596,CD,2,D2_pwm200_grab4
17033,-1524,2116,9112,CD,2,D2_pwm200_grab4
17038,2216,820,10288,CD,2,D2_pwm200_grab4
17042,-516,-2432,9724,CD,2,D2_pwm200_grab4
17048,3152,-608,7764,CD,2,D2_pwm200_grab4
17052,3572,824,10832,CD,2,D2_pwm200_grab4
17057,3764,488,10856,CD,2,D2_pwm200_grab4
17063,3548,1340,12112,CD,2,D2_pwm200_grab4
17067,-2148,-696,7104,CD,2,D2_pwm200_grab4
17072,2796,-980,5824,CD,2,D2_pwm200_grab4
17078,920,-36,13800,CD,2,D2_pwm200_grab4
17083,188,1052,5692,CD,2,D2_pwm200_grab4
17087,776,-672,9080,CD,2,D2_pwm200_grab4
17092,-1168,-724,10112,CD,2,D2_pwm200_grab4
17103,-948,-1056,7532,CD,2,D2_pwm200_grab4
17107,-3600,1800,10576,CD,2,D2_pwm200_grab4
17112,-816,920,9520,CD,2,D2_pwm200_grab4
17117,5100,652,10872,CD,2,D2_pwm200_grab4
17122,-368,-2956,9688,CD,2,D2_pwm200_grab4
17128,-3856,-3248,5900,CD,2,D2_pwm200_grab4
17133,-2552,772,7188,CD,2,D2_pwm200_grab4
17138,2080,4500,11420,CD,2,D2_pwm200_grab4
17143,-2208,-204,8372,CD,2,D2_pwm200_grab4
17147,-988,-2496,8892,CD,2,D2_pwm200_grab4
17152,-7164,-5668,5964,CD,2,D2_pwm200_grab4
17158,-5256,-4500,10108,CD,2,D2_pwm200_grab4
17163,2324,580,13512,CD,2,D2_pwm200_grab4
17167,-976,3112,12252,CD,2,D2_pwm200_grab4
17172,-7688,-1292,9032,CD,2,D2_pwm200_grab4
17178,1068,-3220,12212,CD,2,D2_pwm200_grab4
17183,2528,772,15292,CD,2,D2_pwm200_grab4
17187,-984,384,12024,CD,2,D2_pwm200_grab4
17193,7452,2032,13512,CD,2,D2_pwm200_grab4
17197,-404,1276,14440,CD,2,D2_pwm200_grab4
17203,-4832,-2416,10952,CD,2,D2_pwm200_grab4
17208,1948,-236,7580,CD,2,D2_pwm200_grab4
17212,976,1080,10228,CD,2,D2_pwm200_grab4
17217,612,1288,12380,CD,2,D2_pwm200_grab4
17222,2636,-388,11128,CD,2,D2_pwm200_grab4
17228,-2616,-4056,8472,CD,2,D2_pwm200_grab4
17232,-4656,-3736,9252,CD,2,D2_pwm200_grab4
17238,5580,2536,10952,CD,2,D2_pwm200_grab4
17243,572,3764,12728,CD,2,D2_pwm200_grab4
17248,-7392,-4496,7368,CD,2,D2_pwm200_grab4
17253,2076,-3720,11952,CD,2,D2_pwm200_grab4
17258,3612,1300,12752,CD,2,D2_pwm200_grab4
17263,204,1872,11824,CD,2,D2_pwm200_grab4
17268,6700,2688,10176,CD,2,D2_pwm200_grab4
17274,2356,-672,7516,CD,2,D2_pwm200_grab4
17278,-692,-2168,5368,CD,2,D2_pwm200_grab4
17283,1448,-1712,7660,CD,2,D2_pwm200_grab4
17288,1232,76,7736,CD,2,D2_pwm200_grab4
17293,96,552,10080,CD,2,D2_pwm200_grab4
17298,3656,1084,7064,CD,2,D2_pwm200_grab4
17304,-3364,-3580,6408,CD,2,D2_pwm200_grab4
17308,-3688,-3040,7204,CD,2,D2_pwm200_grab4
17314,4236,1456,10868,CD,2,D2_pwm200_grab4
17318,-1464,1256,10512,CD,2,D2_pwm200_grab4
17324,3788,1052,11688,CD,2,D2_pwm200_grab4
17329,3000,-688,9856,CD,2,D2_pwm200_grab4
17333,-1656,-3368,7648,CD,2,D2_pwm200_grab4
17339,844,1260,9072,CD,2,D2_pwm200_grab4
17344,8468,4208,8016,CD,2,D2_pwm200_grab4
17349,-1700,-828,14004,CD,2,D2_pwm200_grab4
17353,-5040,-4636,10204,CD,2,D2_pwm200_grab4
17358,636,-1088,6864,CD,2,D2_pwm200_grab4
17364,-840,96,7104,CD,2,D2_pwm200_grab4
17369,-2560,340,9036,CD,2,D2_pwm200_grab4
17373,-4212,1996,10936,CD,2,D2_pwm200_grab4
17378,1084,-1912,11532,CD,2,D2_pwm200_grab4
17389,236,-1060,12588,CD,2,D2_pwm200_grab4
17393,320,388,9520,CD,2,D2_pwm200_grab4
17399,1896,1960,15144,CD,2,D2_pwm200_grab4
17403,3260,1144,10644,CD,2,D2_pwm200_grab4
17409,-2288,-1484,8868,CD,2,D2_pwm200_grab4
17413,-1588,-3276,8152,CD,2,D2_pwm200_grab4
17418,-344,-572,14100,CD,2,D2_pwm200_grab4
17423,-1908,1188,9284,CD,2,D2_pwm200_grab4
17428,1940,-928,10104,CD,2,D2_pwm200_grab4
17433,-2208,-668,9408,CD,2,D2_pwm200_grab4
17439,-4344,-2824,9180,CD,2,D2_pwm200_grab4
17443,168,416,10744,CD,2,D2_pwm200_grab4
17448,-2400,1736,14072,CD,2,D2_pwm200_grab4
17453,-1080,96,12316,CD,2,D2_pwm200_grab4
17458,6292,1092,12244,CD,2,D2_pwm200_grab4
17463,2008,-1148,8472,CD,2,D2_pwm200_grab4
17469,-1748,-2876,5828,CD,2,D2_pwm200_grab4
17474,7528,1048,15244,CD,2,D2_pwm200_grab4
17478,3220,5148,12292,CD,2,D2_pwm200_grab4
17483,-1080,-900,9936,CD,2,D2_pwm200_grab4
17488,880,-2344,10356,CD,2,D2_pwm200_grab4
17500,-784,1612,8512,CD,3,D2_pwm200_grab4
17504,3064,2048,9236,CD,3,D2_pwm200_grab4
17509,-432,364,10676,CD,3,D2_pwm200_grab4
17514,-5132,-3868,8848,CD,3,D2_pwm200_grab4
17519,2300,-624,10940,CD,3,D2_pwm200_grab4
17525,-2724,1696,11576,CD,3,D2_pwm200_grab4
17529,2828,-300,10240,CD,3,D2_pwm200_grab4
17536,-584,-3216,9548,CD,3,D2_pwm200_grab4
17540,2188,-252,7916,CD,3,D2_pwm200_grab4
17544,-320,-1912,5316,CD,3,D2_pwm200_grab4
17550,392,960,7976,CD,3,D2_pwm200_grab4
17555,2440,2224,9864,CD,3,D2_pwm200_grab4
17559,424,-660,9968,CD,3,D2_pwm200_grab4
17564,892,-1676,6052,CD,3,D2_pwm200_grab4
17570,2048,2448,10500,CD,3,D2_pwm200_grab4
17574,-1316,2076,7716,CD,3,D2_pwm200_grab4
17580,4476,1704,10544,CD,3,D2_pwm200_grab4
17584,-572,1600,10244,CD,3,D2_pwm200_grab4
17590,-5112,-2064,6216,CD,3,D2_pwm200_grab4
17595,-124,-4476,9900,CD,3,D2_pwm200_grab4
17600,1740,380,12324,CD,3,D2_pwm200_grab4
17605,-260,2280,8288,CD,3,D2_pwm200_grab4
17615,-112,-2632,8172,CD,3,D2_pwm200_grab4
17620,-900,-4060,4672,CD,3,D2_pwm200_grab4
17625,-1444,-1244,6372,CD,3,D2_pwm200_grab4
17630,-1852,-928,7232,CD,3,D2_pwm200_grab4
17634,-1344,2656,10004,CD,3,D2_pwm200_grab4
17639,1876,456,8820,CD,3,D2_pwm200_grab4
17645,-6224,-5492,5384,CD,3,D2_pwm200_grab4
17649,-6572,-5544,8456,CD,3,D2_pwm200_grab4
17655,3400,12,12404,CD,3,D2_pwm200_grab4
17659,-1804,964,11688,CD,3,D2_pwm200_grab4
17664,1820,2184,11168,CD,3,D2_pwm200_grab4
17669,3956,4140,13788,CD,3,D2_pwm200_grab4
17674,-2832,-1984,9972,CD,3,D2_pwm200_grab4
17679,-292,-956,10224,CD,3,D2_pwm200_grab4
17689,-1360,-252,13512,CD,3,D2_pwm200_grab4
17695,-5312,-2788,10788,CD,3,D2_pwm200_grab4
17699,-1364,-1512,7544,CD,3,D2_pwm200_grab4
17705,40,1568,10716,CD,3,D2_pwm200_grab4
17710,1184,-1048,10208,CD,3,D2_pwm200_grab4
17715,-552,1916,11396,CD,3,D2_pwm200_grab4
17719,-316,-1520,12776,CD,3,D2_pwm200_grab4
17724,-312,-2556,10740,CD,3,D2_pwm200_grab4
17730,1920,-420,10192,CD,3,D2_pwm200_grab4
17734,2472,608,11980,CD,3,D2_pwm200_grab4
17740,3720,3772,11420,CD,3,D2_pwm200_grab4
17745,4892,2800,14300,CD,3,D2_pwm200_grab4
17751,-252,-2080,10592,CD,3,D2_pwm200_grab4
17755,536,-904,11716,CD,3,D2_pwm200_grab4
17761,6596,4348,10560,CD,3,D2_pwm200_grab4
17766,376,2644,11276,CD,3,D2_pwm200_grab4
17771,-2180,-1296,9076,CD,3,D2_pwm200_grab4
17775,152,-1820,7488,CD,3,D2_pwm200_grab4
17780,-748,-1076,10428,CD,3,D2_pwm200_grab4
17785,1236,1836,10112,CD,3,D2_pwm200_grab4
17790,1052,1060,15648,CD,3,D2_pwm200_grab4
17796,1732,1508,10808,CD,3,D2_pwm200_grab4
17801,3680,-1752,7544,CD,3,D2_pwm200_grab4
17805,1308,-1048,7472,CD,3,D2_pwm200_grab4
17810,3260,-832,9324,CD,3,D2_pwm200_grab4
17815,3096,1940,11056,CD,3,D2_pwm200_grab4
17821,3808,2932,13948,CD,3,D2_pwm200_grab4
17825,-1504,-2748,7020,CD,3,D2_pwm200_grab4
17831,1800,-136,8100,CD,3,D2_pwm200_grab4
17836,-2040,-128,7752,CD,3,D2_pwm200_grab4
17841,-2352,160,7340,CD,3,D2_pwm200_grab4
17845,3760,312,9728,CD,3,D2_pwm200_grab4
17850,-588,188,12088,CD,3,D2_pwm200_grab4
17860,644,-3108,8292,CD,3,D2_pwm200_grab4
17866,2204,3660,8060,CD,3,D2_pwm200_grab4
17871,1668,2280,11464,CD,3,D2_pwm200_grab4
17876,840,-3816,6112,CD,3,D2_pwm200_grab4
17880,-1284,-2024,10476,CD,3,D2_pwm200_grab4
17886,-1368,-4372,8208,CD,3,D2_pwm200_grab4
17890,1288,-1884,8640,CD,3,D2_pwm200_grab4
17895,1312,3920,9048,CD,3,D2_pwm200_grab4
17900,-4344,1412,9792,CD,3,D2_pwm200_grab4
17905,1828,-1468,8536,CD,3,D2_pwm200_grab4
17911,-2896,-3932,8492,CD,3,D2_pwm200_grab4
17915,-3020,-2076,10192,CD,3,D2_pwm200_grab4
17920,1544,-376,12452,CD,3,D2_pwm200_grab4
17925,1196,2180,13916,CD,3,D2_pwm200_grab4
17931,2060,1248,13896,CD,3,D2_pwm200_grab4
17936,3160,-176,10216,CD,3,D2_pwm200_grab4
17941,-4504,-2304,9188,CD,3,D2_pwm200_grab4
17945,456,164,12256,CD,3,D2_pwm200_grab4
17955,-592,-452,14408,CD,3,D2_pwm200_grab4
17961,-3900,-3736,11144,CD,3,D2_pwm200_grab4
17966,-628,-1468,10536,CD,3,D2_pwm200_grab4
17975,812,-256,10552,CD,3,D2_pwm200_grab4
17981,-1492,2452,12676,CD,3,D2_pwm200_grab4
17986,864,-1876,12476,CD,3,D2_pwm200_grab4
17990,-860,-3964,11352,CD,3,D2_pwm200_grab4
17995,3116,500,9408,CD,3,D2_pwm200_grab4
18000,2804,1328,11368,CD,3,D2_pwm200_grab4
18007,3736,2004,9236,CD,3,D2_pwm200_grab4
18011,5780,3504,14236,CD,3,D2_pwm200_grab4
18016,-1704,-3680,9056,CD,3,D2_pwm200_grab4
18022,1052,-1500,12728,CD,3,D2_pwm200_grab4
18032,-412,2236,12088,CD,3,D2_pwm200_grab4
18037,-3332,-2812,9020,CD,3,D2_pwm200_grab4
18041,608,-2128,8796,CD,3,D2_pwm200_grab4
18048,-776,44,9292,CD,3,D2_pwm200_grab4
18051,2372,-2420,9680,CD,3,D2_pwm200_grab4
18057,1148,3356,8664,CD,3,D2_pwm200_grab4
18061,2472,2432,12616,CD,3,D2_pwm200_grab4
18066,1400,-1564,6788,CD,3,D2_pwm200_grab4
18072,2888,-720,6236,CD,3,D2_pwm200_grab4
18076,540,-1220,8756,CD,3,D2_pwm200_grab4
18086,1712,2220,11876,CD,3,D2_pwm200_grab4
18092,-1252,860,9744,CD,3,D2_pwm200_grab4
18096,3680,316,9144,CD,3,D2_pwm200_grab4
18102,-896,-1944,9948,CD,3,D2_pwm200_grab4
18106,-2836,-1696,9020,CD,3,D2_pwm200_grab4
18112,3060,220,10764,CD,3,D2_pwm200_grab4
18116,540,1944,10788,CD,3,D2_pwm200_grab4
18126,1336,-4128,10560,CD,3,D2_pwm200_grab4
18131,2272,2360,11972,CD,3,D2_pwm200_grab4
18136,1532,1688,9404,CD,3,D2_pwm200_grab4
18141,7640,2572,7972,CD,3,D2_pwm200_grab4
18146,-2000,28,12964,CD,3,D2_pwm200_grab4
18152,-6592,-5140,10748,CD,3,D2_pwm200_grab4
18157,-2064,-3164,6208,CD,3,D2_pwm200_grab4
18162,-2196,720,8664,CD,3,D2_pwm200_grab4
18166,-660,2724,8776,CD,3,D2_pwm200_grab4
18172,-64,-208,10160,CD,3,D2_pwm200_grab4
18177,-484,-800,10292,CD,3,D2_pwm200_grab4
18181,-204,-4928,11076,CD,3,D2_pwm200_grab4
18187,-360,-2816,8960,CD,3,D2_pwm200_grab4
18191,460,-564,10736,CD,3,D2_pwm200_grab4
18197,3716,2924,15920,CD,3,D2_pwm200_grab4
18202,5480,3720,14012,CD,3,D2_pwm200_grab4
18207,-3504,-2204,8100,CD,3,D2_pwm200_grab4
18211,-476,-1880,9792,CD,3,D2_pwm200_grab4
18216,788,484,11824,CD,3,D2_pwm200_grab4
18222,-2056,-320,8468,CD,3,D2_pwm200_grab4
18226,4904,1968,11960,CD,3,D2_pwm200_grab4
18232,-652,1952,12048,CD,3,D2_pwm200_grab4
18242,2240,-1036,10816,CD,3,D2_pwm200_grab4
18246,3700,2860,11772,CD,3,D2_pwm200_grab4
18251,884,-332,14100,CD,3,D2_pwm200_grab4
18257,4416,-668,11312,CD,3,D2_pwm200_grab4
18262,2128,-680,8548,CD,3,D2_pwm200_grab4
18267,-272,-1176,7840,CD,3,D2_pwm200_grab4
18277,1000,3452,12844,CD,3,D2_pwm200_grab4
18283,144,-2284,9500,CD,3,D2_pwm200_grab4
18287,300,-2444,8516,CD,3,D2_pwm200_grab4
18293,2300,2744,15816,CD,3,D2_pwm200_grab4
18297,856,1952,7752,CD,3,D2_pwm200_grab4
18304,2576,1088,9252,CD,3,D2_pwm200_grab4
18307,836,2384,12448,CD,3,D2_pwm200_grab4
18313,-7028,-3816,7388,CD,3,D2_pwm200_grab4
18317,3336,-3656,11920,CD,3,D2_pwm200_grab4
18322,3544,1256,11908,CD,3,D2_pwm200_grab4
18328,456,2112,10968,CD,3,D2_pwm200_grab4
18337,904,-844,8380,CD,3,D2_pwm200_grab4
18342,68,-2672,4048,CD,3,D2_pwm200_grab4
18348,456,-1784,6984,CD,3,D2_pwm200_grab4
18353,-1488,-744,7376,CD,3,D2_pwm200_grab4
18357,804,2148,10176,CD,3,D2_pwm200_grab4
18362,812,800,9296,CD,3,D2_pwm200_grab4
18367,-5352,-3472,4188,CD,3,D2_pwm200_grab4
18372,-4836,-4604,10264,CD,3,D2_pwm200_grab4
18378,4656,584,9744,CD,3,D2_pwm200_grab4
18383,-460,1020,11460,CD,3,D2_pwm200_grab4
18388,-544,-2112,7492,CD,3,D2_pwm200_grab4
18393,2724,2760,12136,CD,3,D2_pwm200_grab4
18398,-2784,-2080,6712,CD,3,D2_pwm200_grab4
18402,-1280,-912,8864,CD,3,D2_pwm200_grab4
18407,3384,4508,9948,CD,3,D2_pwm200_grab4
18412,-2124,-72,12300,CD,3,D2_pwm200_grab4
18417,-3496,-3712,8356,CD,3,D2_pwm200_grab4
18423,-2840,-2956,7452,CD,3,D2_pwm200_grab4
18427,-6376,-304,7816,CD,3,D2_pwm200_grab4
18433,740,-900,8784,CD,3,D2_pwm200_grab4
18437,2652,3364,9472,CD,3,D2_pwm200_grab4
18442,-520,-476,12300,CD,3,D2_pwm200_grab4
18447,1724,-3120,6928,CD,3,D2_pwm200_grab4
18452,1356,-1556,9528,CD,3,D2_pwm200_grab4
18457,-2296,-1984,7632,CD,3,D2_pwm200_grab4
18467,108,4688,12256,CD,3,D2_pwm200_grab4
18472,-1384,-1992,9496,CD,3,D2_pwm200_grab4
18477,2352,-1248,10108,CD,3,D2_pwm200_grab4
18483,-1376,-2808,12248,CD,3,D2_pwm200_grab4
18487,-4396,-2456,11504,CD,3,D2_pwm200_grab4
18493,5328,2256,11740,CD,3,D2_pwm200_grab4
18497,-1036,2652,11352,CD,3,D2_pwm200_grab4
18502,-6824,-2976,9072,CD,3,D2_pwm200_grab4
18507,1524,-2868,11736,CD,3,D2_pwm200_grab4
18512,2620,1120,12904,CD,3,D2_pwm200_grab4
18519,-2564,-504,11688,CD,3,D2_pwm200_grab4
18523,8344,1268,13056,CD,3,D2_pwm200_grab4
18528,1492,-1140,9816,CD,3,D2_pwm200_grab4
18533,732,-628,6272,CD,3,D2_pwm200_grab4
18539,1032,2176,9856,CD,3,D2_pwm200_grab4
18543,4020,3736,10268,CD,3,D2_pwm200_grab4
18548,-208,148,11364,CD,3,D2_pwm200_grab4
18553,1728,-2068,6688,CD,3,D2_pwm200_grab4
18558,-972,-1260,11916,CD,3,D2_pwm200_grab4
18564,-3364,-3156,9212,CD,3,D2_pwm200_grab4
18568,4268,1680,11164,CD,3,D2_pwm200_grab4
18574,2936,2088,11268,CD,3,D2_pwm200_grab4
18578,2300,-1712,10872,CD,3,D2_pwm200_grab4
18584,2180,-2088,10784,CD,3,D2_pwm200_grab4
18588,-3288,-2344,9788,CD,3,D2_pwm200_grab4
18594,2656,2728,9096,CD,3,D2_pwm200_grab4
18603,-968,2328,11164,CD,3,D2_pwm200_grab4
18608,1776,-1040,7436,CD,3,D2_pwm200_grab4
18613,-2912,-3128,7988,CD,3,D2_pwm200_grab4
18618,-4964,-4644,7356,CD,3,D2_pwm200_grab4
18623,-544,1272,7672,CD,3,D2_pwm200_grab4
18629,-2020,2560,8872,CD,3,D2_pwm200_grab4
18633,1136,-932,9396,CD,3,D2_pwm200_grab4
18639,-816,-3004,7676,CD,3,D2_pwm200_grab4
18643,996,-1712,10380,CD,3,D2_pwm200_grab4
18654,1028,732,8292,CD,3,D2_pwm200_grab4
18659,1852,4300,9236,CD,3,D2_pwm200_grab4
18663,-1968,864,9268,CD,3,D2_pwm200_grab4
18668,340,-1712,5284,CD,3,D2_pwm200_grab4
18674,-4112,-1468,9032,CD,3,D2_pwm200_grab4
18678,-1988,-948,8284,CD,3,D2_pwm200_grab4
18683,3828,552,9616,CD,3,D2_pwm200_grab4
18689,-844,780,12700,CD,3,D2_pwm200_grab4
18693,604,-1160,12568,CD,3,D2_pwm200_grab4
18698,-180,-1556,11344,CD,3,D2_pwm200_grab4
18704,-3280,-1764,9700,CD,3,D2_pwm200_grab4
18708,-1240,564,9924,CD,3,D2_pwm200_grab4
18718,-2440,-1148,14172,CD,3,D2_pwm200_grab4
18723,-4084,-4720,9272,CD,3,D2_pwm200_grab4
18729,-372,40,8216,CD,3,D2_pwm200_grab4
18739,368,1456,10380,CD,3,D2_pwm200_grab4
18743,-2276,1412,11772,CD,3,D2_pwm200_grab4
18748,-276,-2928,11200,CD,3,D2_pwm200_grab4
18753,-2696,-5088,9792,CD,3,D2_pwm200_grab4
18758,2980,-44,10276,CD,3,D2_pwm200_grab4
18763,120,536,11896,CD,3,D2_pwm200_grab4
18768,3144,3460,10508,CD,3,D2_pwm200_grab4
18775,4952,4052,13776,CD,3,D2_pwm200_grab4
18780,-3060,-2888,9188,CD,3,D2_pwm200_grab4
18784,-360,-1708,12584,CD,3,D2_pwm200_grab4
18789,5668,3820,10680,CD,3,D2_pwm200_grab4
18794,-368,2152,12908,CD,3,D2_pwm200_grab4
18799,-1748,-1056,9788,CD,3,D2_pwm200_grab4
18804,-1104,-1820,8504,CD,3,D2_pwm200_grab4
18809,-2784,-1024,9684,CD,3,D2_pwm200_grab4
18816,1496,1756,12156,CD,3,D2_pwm200_grab4
18820,3344,3156,10812,CD,3,D2_pwm200_grab4
18829,4560,1076,9588,CD,3,D2_pwm200_grab4
18834,1928,-428,7512,CD,3,D2_pwm200_grab4
18839,940,-736,7016,CD,3,D2_pwm200_grab4
18844,1280,2004,9020,CD,3,D2_pwm200_grab4
18849,2364,2892,9608,CD,3,D2_pwm200_grab4
18854,-248,-920,9232,CD,3,D2_pwm200_grab4
18860,3944,824,8536,CD,3,D2_pwm200_grab4
18865,-6120,-4084,4716,CD,3,D2_pwm200_grab4
18870,-3844,-2812,7788,CD,3,D2_pwm200_grab4
18880,508,1944,10620,CD,3,D2_pwm200_grab4
18885,-1452,-2340,7244,CD,3,D2_pwm200_grab4
18889,28,-3180,9656,CD,3,D2_pwm200_grab4
18895,-1792,-816,10268,CD,3,D2_pwm200_grab4
18899,916,2476,8428,CD,3,D2_pwm200_grab4
18904,4088,4592,9020,CD,3,D2_pwm200_grab4
18909,-1740,680,12324,CD,3,D2_pwm200_grab4
18915,-1728,-2868,8952,CD,3,D2_pwm200_grab4
18919,-2372,-2984,7128,CD,3,D2_pwm200_grab4
18924,-5448,-2936,7264,CD,3,D2_pwm200_grab4
18929,60,2708,9156,CD,3,D2_pwm200_grab4
18934,-2116,2156,10648,CD,3,D2_pwm200_grab4
18940,1964,-3008,9216,CD,3,D2_pwm200_grab4
18944,5384,-128,10592,CD,3,D2_pwm200_grab4
18949,-1096,-2140,9748,CD,3,D2_pwm200_grab4
18954,-2132,-3428,4656,CD,3,D2_pwm200_grab4
18960,2960,640,12368,CD,3,D2_pwm200_grab4
18965,1740,5340,10064,CD,3,D2_pwm200_grab4
18970,-2884,-1364,9508,CD,3,D2_pwm200_grab4
18974,-16,-2328,6428,CD,3,D2_pwm200_grab4
18980,96,784,12156,CD,3,D2_pwm200_grab4
18984,-988,-388,7984,CD,3,D2_pwm200_grab4
18989,5060,1212,12636,CD,3,D2_pwm200_grab4
18995,-1472,2364,12028,CD,3,D2_pwm200_grab4
19000,-3344,-480,8808,CD,3,D2_pwm200_grab4
19005,1128,-1056,11508,CD,3,D2_pwm200_grab4
19010,-36,220,12168,CD,3,D2_pwm200_grab4
19014,-892,324,11668,CD,3,D2_pwm200_grab4
19025,-52,-1044,12812,CD,3,D2_pwm200_grab4
19030,1824,-1792,9088,CD,3,D2_pwm200_grab4
19035,3136,340,10428,CD,3,D2_pwm200_grab4
19040,3000,2908,11800,CD,3,D2_pwm200_grab4
19046,388,1824,13768,CD,3,D2_pwm200_grab4
19051,2328,-1084,8348,CD,3,D2_pwm200_grab4
19055,-936,-2680,11996,CD,3,D2_pwm200_grab4
19060,-1300,-404,8800,CD,3,D2_pwm200_grab4
19066,5960,2844,11432,CD,3,D2_pwm200_grab4
19070,1340,1812,10656,CD,3,D2_pwm200_grab4
19075,3536,1820,13220,CD,3,D2_pwm200_grab4
19081,3668,-2136,10516,CD,3,D2_pwm200_grab4
19086,-1824,-3480,11320,CD,3,D2_pwm200_grab4
19091,1932,1408,9816,CD,3,D2_pwm200_grab4
19100,-1368,588,12716,CD,3,D2_pwm200_grab4
19106,-3288,-3044,8676,CD,3,D2_pwm200_grab4
19111,-628,-2384,7992,CD,3,D2_pwm200_grab4
19115,-7040,-4692,9068,CD,3,D2_pwm200_grab4
19120,396,-672,8396,CD,3,D2_pwm200_grab4
19126,444,2864,8596,CD,3,D2_pwm200_grab4
19131,1308,392,10552,CD,3,D2_pwm200_grab4
19135,1432,-2688,6824,CD,3,D2_pwm200_grab4
19141,1652,-2036,7132,CD,3,D2_pwm200_grab4
19145,1580,-404,10140,CD,3,D2_pwm200_grab4
19151,4172,1464,13116,CD,3,D2_pwm200_grab4
19155,2936,2000,11212,CD,3,D2_pwm200_grab4
19161,-1976,1512,8960,CD,3,D2_pwm200_grab4
19166,2764,-348,4744,CD,3,D2_pwm200_grab4
19170,-2088,-1616,12688,CD,3,D2_pwm200_grab4
19175,-2592,-1824,8060,CD,3,D2_pwm200_grab4
19180,3020,-376,11028,CD,3,D2_pwm200_grab4
19186,-1616,-256,10560,CD,3,D2_pwm200_grab4
19195,-1012,-3896,9224,CD,3,D2_pwm200_grab4
19200,-2424,-3016,7684,CD,3,D2_pwm200_grab4
19205,908,696,8976,CD,3,D2_pwm200_grab4
19210,8312,2272,10540,CD,3,D2_pwm200_grab4
19216,-1728,-1244,13960,CD,3,D2_pwm200_grab4
19220,-4492,-3856,10176,CD,3,D2_pwm200_grab4
19225,-1836,-1312,7452,CD,3,D2_pwm200_grab4
19231,-244,2172,10784,CD,3,D2_pwm200_grab4
19236,-1224,3040,10496,CD,3,D2_pwm200_grab4
19240,1608,-248,13496,CD,3,D2_pwm200_grab4
19245,-4,-1616,11920,CD,3,D2_pwm200_grab4
19251,2380,-5168,8848,CD,3,D2_pwm200_grab4
19255,432,-1352,10604,CD,3,D2_pwm200_grab4
19260,-604,-852,10028,CD,3,D2_pwm200_grab4
19270,2180,4412,12000,CD,3,D2_pwm200_grab4
19275,-2692,-2068,9432,CD,3,D2_pwm200_grab4
19280,-824,-2828,8728,CD,3,D2_pwm200_grab4
19291,396,1272,10704,CD,3,D2_pwm200_grab4
19296,476,-540,10360,CD,3,D2_pwm200_grab4
19301,-2156,-1576,9892,CD,3,D2_pwm200_grab4
19307,-3632,-2416,9780,CD,3,D2_pwm200_grab4
19312,1776,792,10920,CD,3,D2_pwm200_grab4
19317,-2236,1672,13596,CD,3,D2_pwm200_grab4
19322,2448,-916,10808,CD,3,D2_pwm200_grab4
19326,-1672,-2984,10336,CD,3,D2_pwm200_grab4
19331,1524,-1760,10832,CD,3,D2_pwm200_grab4
19337,308,-1380,5460,CD,3,D2_pwm200_grab4
19341,1392,2492,9272,CD,3,D2_pwm200_grab4
19347,4176,4792,12124,CD,3,D2_pwm200_grab4
19351,364,8,11448,CD,3,D2_pwm200_grab4
19357,1896,-1412,7156,CD,3,D2_pwm200_grab4
19361,-1436,-1048,12884,CD,3,D2_pwm200_grab4
19367,440,1572,6796,CD,3,D2_pwm200_grab4
19372,4348,1360,10080,CD,3,D2_pwm200_grab4
19377,3372,928,13760,CD,3,D2_pwm200_grab4
19381,2716,-1008,13020,CD,3,D2_pwm200_grab4
19386,2676,-2440,9340,CD,3,D2_pwm200_grab4
19391,-2080,-3128,9864,CD,3,D2_pwm200_grab4
19396,2844,4188,7228,CD,3,D2_pwm200_grab4
19407,-1508,-836,12300,CD,3,D2_pwm200_grab4
19412,-916,-4236,8924,CD,3,D2_pwm200_grab4
19416,-1960,-2644,8348,CD,3,D2_pwm200_grab4
19422,-6544,-5180,7248,CD,3,D2_pwm200_grab4
19426,-1792,936,8224,CD,3,D2_pwm200_grab4
19431,-3040,2004,9516,CD,3,D2_pwm200_grab4
19437,424,-952,8756,CD,3,D2_pwm200_grab4
19441,-2224,-2976,8696,CD,3,D2_pwm200_grab4
19447,636,-1916,8824,CD,3,D2_pwm200_grab4
19451,1500,-284,10628,CD,3,D2_pwm200_grab4
19456,-2792,2204,6848,CD,3,D2_pwm200_grab4
19461,1628,3976,8976,CD,3,D2_pwm200_grab4
19466,-2248,-272,8012,CD,3,D2_pwm200_grab4
19471,24,-2220,4404,CD,3,D2_pwm200_grab4
19476,-2024,-1268,9992,CD,3,D2_pwm200_grab4
19481,-2376,-1132,6972,CD,3,D2_pwm200_grab4
19486,3572,1360,11848,CD,3,D2_pwm200_grab4
19491,-2556,-956,11684,CD,3,D2_pwm200_grab4
19496,-8404,-2468,10544,CD,3,D2_pwm200_grab4
19502,1252,-888,10176,CD,3,D2_pwm200_grab4
19506,-1352,-212,12452,CD,3,D2_pwm200_grab4
19511,272,996,7652,CD,3,D2_pwm200_grab4
19516,8636,2780,12660,CD,3,D2_pwm200_grab4
19521,-584,-1304,12948,CD,3,D2_pwm200_grab4
19527,108,-3388,9756,CD,3,D2_pwm200_grab4
19531,1440,-148,8952,CD,3,D2_pwm200_grab4
19536,2344,3080,12124,CD,3,D2_pwm200_grab4
19542,-620,1808,12388,CD,3,D2_pwm200_grab4
19547,3100,-796,11012,CD,3,D2_pwm200_grab4
19552,-4096,-6072,7952,CD,3,D2_pwm200_grab4
19557,-4144,-1956,9752,CD,3,D2_pwm200_grab4
19563,5648,2480,12852,CD,3,D2_pwm200_grab4
19568,756,3272,11076,CD,3,D2_pwm200_grab4
19572,-4728,-1104,9296,CD,3,D2_pwm200_grab4
19577,3168,-3552,11884,CD,3,D2_pwm200_grab4
19582,1388,404,12632,CD,3,D2_pwm200_grab4
19587,1408,232,11944,CD,3,D2_pwm200_grab4
19592,8812,4432,10356,CD,3,D2_pwm200_grab4
19597,540,2948,11864,CD,3,D2_pwm200_grab4
19602,-2592,-2916,10140,CD,3,D2_pwm200_grab4
19607,700,-2400,7096,CD,3,D2_pwm200_grab4
19613,-972,-728,10072,CD,3,D2_pwm200_grab4
19618,744,2628,10712,CD,3,D2_pwm200_grab4
19623,1192,612,15468,CD,3,D2_pwm200_grab4
19627,1368,596,11468,CD,3,D2_pwm200_grab4
19633,4724,-1084,7476,CD,3,D2_pwm200_grab4
19638,740,-1808,7672,CD,3,D2_pwm200_grab4
19642,2280,-940,8144,CD,3,D2_pwm200_grab4
19648,7412,1156,16108,CD,3,D2_pwm200_grab4
19653,3648,3048,11060,CD,3,D2_pwm200_grab4
19658,-3260,-2788,5780,CD,3,D2_pwm200_grab4
19663,1644,-876,7380,CD,3,D2_pwm200_grab4
19667,2412,2384,15128,CD,3,D2_pwm200_grab4
19673,-4676,-1900,8868,CD,3,D2_pwm200_grab4
19677,3648,436,10132,CD,3,D2_pwm200_grab4
19683,-876,1064,11576,CD,3,D2_pwm200_grab4
19693,968,-4376,8128,CD,3,D2_pwm200_grab4
19697,2360,2536,10508,CD,3,D2_pwm200_grab4
19702,636,3000,8840,CD,3,D2_pwm200_grab4
19707,5824,172,10784,CD,3,D2_pwm200_grab4
19712,-1724,56,12008,CD,3,D2_pwm200_grab4
19717,-5728,-4536,9768,CD,3,D2_pwm200_grab4
19722,-2176,-3552,7208,CD,3,D2_pwm200_grab4
19728,-1812,1256,9292,CD,3,D2_pwm200_grab4
19732,-3280,2748,9436,CD,3,D2_pwm200_grab4
19738,1352,212,13580,CD,3,D2_pwm200_grab4
19742,-1848,-4176,7764,CD,3,D2_pwm200_grab4
19747,-4816,-5820,11612,CD,3,D2_pwm200_grab4
19752,788,-1284,12384,CD,3,D2_pwm200_grab4
19757,-64,-336,11376,CD,3,D2_pwm200_grab4
19762,8412,1580,17192,CD,3,D2_pwm200_grab4
19767,2908,4348,13124,CD,3,D2_pwm200_grab4
19773,-3220,-2284,7668,CD,3,D2_pwm200_grab4
19777,-80,-2660,11724,CD,3,D2_pwm200_grab4
19787,280,2076,10964,CD,3,D2_pwm200_grab4
19792,1588,1004,11116,CD,3,D2_pwm200_grab4
19799,-1316,-1120,9724,CD,3,D2_pwm200_grab4
19804,-5764,-3576,8960,CD,3,D2_pwm200_grab4
19808,2460,784,12204,CD,3,D2_pwm200_grab4
19813,-956,1796,11592,CD,3,D2_pwm200_grab4
19818,888,-1736,10892,CD,3,D2_pwm200_grab4
19823,-844,-2532,9320,CD,3,D2_pwm200_grab4
19828,3172,328,8296,CD,3,D2_pwm200_grab4
19840,3840,3380,10372,CD,3,D2_pwm200_grab4
19843,3572,4684,12244,CD,3,D2_pwm200_grab4
19848,152,-488,9888,CD,3,D2_pwm200_grab4
19853,2336,-1772,8616,CD,3,D2_pwm200_grab4
19858,-2096,-1948,14356,CD,3,D2_pwm200_grab4
19864,-1636,-476,8640,CD,3,D2_pwm200_grab4
19868,5784,2900,9712,CD,3,D2_pwm200_grab4
19873,936,944,12200,CD,3,D2_pwm200_grab4
19879,-7440,-5404,8232,CD,3,D2_pwm200_grab4
19883,3504,-2332,11216,CD,3,D2_pwm200_grab4
19889,-3168,-3804,8896,CD,3,D2_pwm200_grab4
19894,2888,2268,9960,CD,3,D2_pwm200_grab4
19903,816,668,11356,CD,3,D2_pwm200_grab4
19908,-2812,-2360,10124,CD,3,D2_pwm200_grab4
19914,636,-1916,6048,CD,3,D2_pwm200_grab4
19919,-1300,536,8020,CD,3,D2_pwm200_grab4
19923,-548,2628,10208,CD,3,D2_pwm200_grab4
19929,1216,3540,9232,CD,3,D2_pwm200_grab4
19933,1812,-340,9712,CD,3,D2_pwm200_grab4
19939,2472,-1688,6308,CD,3,D2_pwm200_grab4
19943,908,-2260,8456,CD,3,D2_pwm200_grab4
19949,2044,-1508,9980,CD,3,D2_pwm200_grab4
19953,3264,1976,12856,CD,3,D2_pwm200_grab4
19959,2408,2512,10456,CD,3,D2_pwm200_grab4
19964,-3020,-2468,6728,CD,3,D2_pwm200_grab4
19968,1184,-500,5712,CD,3,D2_pwm200_grab4
19974,-4072,-1164,10652,CD,3,D2_pwm200_grab4
19978,-3480,-2196,9976,CD,3,D2_pwm200_grab4
19983,2296,364,11484,CD,3,D2_pwm200_grab4
19988,-2008,440,10244,CD,3,D2_pwm200_grab4
19999,548,-3576,8436,CD,3,D2_pwm200_grab4
20004,3344,3068,11872,CD,3,D2_pwm200_grab4
20008,-24,3416,9340,CD,3,D2_pwm200_grab4
20018,-2996,-1172,13712,CD,3,D2_pwm200_grab4
20023,-4052,-4412,11164,CD,3,D2_pwm200_grab4
20029,-2832,-2356,7376,CD,3,D2_pwm200_grab4
20034,332,856,9840,CD,3,D2_pwm200_grab4
20038,-2884,2536,10620,CD,3,D2_pwm200_grab4
20044,1864,-748,13272,CD,3,D2_pwm200_grab4
20048,-3620,-5588,7120,CD,3,D2_pwm200_grab4
20054,-4316,-4280,10680,CD,3,D2_pwm200_grab4
20060,1920,-192,13244,CD,3,D2_pwm200_grab4
20065,1456,1876,14216,CD,3,D2_pwm200_grab4
20070,928,672,15088,CD,3,D2_pwm200_grab4
20075,2192,-1156,11240,CD,3,D2_pwm200_grab4
20080,-2580,-2388,11328,CD,3,D2_pwm200_grab4
20084,696,1432,10364,CD,3,D2_pwm200_grab4
20090,9612,1748,11308,CD,3,D2_pwm200_grab4
20096,-52,368,11664,CD,3,D2_pwm200_grab4
20099,1852,1280,10848,CD,3,D2_pwm200_grab4
20105,-240,-1464,9148,CD,3,D2_pwm200_grab4
20109,-5624,-4180,9584,CD,3,D2_pwm200_grab4
20114,2756,-72,11396,CD,3,D2_pwm200_grab4
20120,-452,1824,11912,CD,3,D2_pwm200_grab4
20124,1680,-1376,9664,CD,3,D2_pwm200_grab4
20129,-220,-2080,8200,CD,3,D2_pwm200_grab4
20135,2824,568,8108,CD,3,D2_pwm200_grab4
20140,2156,-2188,7300,CD,3,D2_pwm200_grab4
20145,1308,1660,8492,CD,3,D2_pwm200_grab4
20149,3752,3780,10936,CD,3,D2_pwm200_grab4
20154,-268,-136,9208,CD,3,D2_pwm200_grab4
20160,2020,-1640,7016,CD,3,D2_pwm200_grab4
20164,-1532,752,9992,CD,3,D2_pwm200_grab4
20170,-2252,-240,9328,CD,3,D2_pwm200_grab4
20174,4844,1664,9628,CD,3,D2_pwm200_grab4
20179,368,-148,11840,CD,3,D2_pwm200_grab4
20184,532,-1344,11804,CD,3,D2_pwm200_grab4
20190,3068,-1744,10948,CD,3,D2_pwm200_grab4
20194,-3176,-2336,9684,CD,3,D2_pwm200_grab4
20200,2696,2460,8504,CD,3,D2_pwm200_grab4
20210,76,-456,11240,CD,3,D2_pwm200_grab4
20214,-4212,-5540,9508,CD,3,D2_pwm200_grab4
20219,-620,-2008,6464,CD,3,D2_pwm200_grab4
20229,628,-640,7764,CD,3,D2_pwm200_grab4
20234,-1160,2252,9528,CD,3,D2_pwm200_grab4
20239,624,-676,12484,CD,3,D2_pwm200_grab4
20245,-1384,-4472,7852,CD,3,D2_pwm200_grab4
20249,-52,-2596,9140,CD,3,D2_pwm200_grab4
20255,-992,-484,12032,CD,3,D2_pwm200_grab4
20264,32,4092,11332,CD,3,D2_pwm200_grab4
20269,-3712,1496,10444,CD,3,D2_pwm200_grab4
20274,1328,-2064,8312,CD,3,D2_pwm200_grab4
20279,-5224,-5500,7808,CD,3,D2_pwm200_grab4
20285,-3296,-2688,10700,CD,3,D2_pwm200_grab4
20290,2760,128,12020,CD,3,D2_pwm200_grab4
20294,-468,1980,11356,CD,3,D2_pwm200_grab4
20299,-6064,-764,10204,CD,3,D2_pwm200_grab4
20305,1172,-2880,11004,CD,3,D2_pwm200_grab4
20311,1504,440,13488,CD,3,D2_pwm200_grab4
20315,-1572,1264,10632,CD,3,D2_pwm200_grab4
20321,8060,808,13316,CD,3,D2_pwm200_grab4
20325,972,-980,10192,CD,3,D2_pwm200_grab4
20331,1204,-3560,8828,CD,3,D2_pwm200_grab4
20336,3936,808,11096,CD,3,D2_pwm200_grab4
20340,2568,3340,12796,CD,3,D2_pwm200_grab4
20346,-476,808,11460,CD,3,D2_pwm200_grab4
20352,2640,-1096,11280,CD,3,D2_pwm200_grab4
20355,3096,-3100,10700,CD,3,D2_pwm200_grab4
20361,-2800,-3844,9256,CD,3,D2_pwm200_grab4
20366,3264,900,9656,CD,3,D2_pwm200_grab4
20371,3556,2964,12868,CD,3,D2_pwm200_grab4
20376,3536,468,9700,CD,3,D2_pwm200_grab4
20381,2872,708,13020,CD,3,D2_pwm200_grab4
20385,-2608,-3988,7716,CD,3,D2_pwm200_grab4
20391,948,-136,12244,CD,3,D2_pwm200_grab4
20396,-308,2692,8572,CD,3,D2_pwm200_grab4
20400,-1176,1360,7368,CD,3,D2_pwm200_grab4
20405,4088,2136,8056,CD,3,D2_pwm200_grab4
20411,496,-448,12312,CD,3,D2_pwm200_grab4
20415,-7100,-5404,7960,CD,3,D2_pwm200_grab4
20420,1652,-3216,9260,CD,3,D2_pwm200_grab4
20426,3868,4244,8824,CD,3,D2_pwm200_grab4
20431,652,2132,11680,CD,3,D2_pwm200_grab4
20435,5120,976,9184,CD,3,D2_pwm200_grab4
20441,696,140,10972,CD,3,D2_pwm200_grab4
20446,-2524,-3584,10600,CD,3,D2_pwm200_grab4
20450,404,-1796,6776,CD,3,D2_pwm200_grab4
20455,-1200,-1048,9412,CD,3,D2_pwm200_grab4
20461,-812,2980,9924,CD,3,D2_pwm200_grab4
20465,752,72,12840,CD,3,D2_pwm200_grab4
20471,-1660,-3028,5936,CD,3,D2_pwm200_grab4
20476,-4636,-5080,11308,CD,3,D2_pwm200_grab4
20480,364,-2796,8756,CD,3,D2_pwm200_grab4
20485,-80,-2448,8020,CD,3,D2_pwm200_grab4
20490,5928,820,14648,CD,3,D2_pwm200_grab4
20496,1488,2352,7948,CD,3,D2_pwm200_grab4
20500,-3260,-2680,6252,CD,3,D2_pwm200_grab4
20505,484,-1756,5328,CD,3,D2_pwm200_grab4
20510,1588,2092,12200,CD,3,D2_pwm200_grab4
20515,-632,-224,5880,CD,3,D2_pwm200_grab4
20521,1304,-608,10216,CD,3,D2_pwm200_grab4
20525,-540,1832,11488,CD,3,D2_pwm200_grab4
20531,-4904,-1084,10580,CD,3,D2_pwm200_grab4
20535,968,-1872,8208,CD,3,D2_pwm200_grab4
20540,276,280,12324,CD,3,D2_pwm200_grab4
20546,1520,2096,8292,CD,3,D2_pwm200_grab4
20555,-1452,-1936,12704,CD,3,D2_pwm200_grab4
20561,-696,-3364,9712,CD,3,D2_pwm200_grab4
20566,-360,-1288,7792,CD,3,D2_pwm200_grab4
20571,1296,3288,12392,CD,3,D2_pwm200_grab4
20576,-844,2468,11416,CD,3,D2_pwm200_grab4
20581,2052,-880,11660,CD,3,D2_pwm200_grab4
20591,-4748,-2656,10140,CD,3,D2_pwm200_grab4
20596,4844,1196,12652,CD,3,D2_pwm200_grab4
20602,808,3360,11576,CD,3,D2_pwm200_grab4
20608,-316,-268,11704,CD,3,D2_pwm200_grab4
20611,2896,1568,13744,CD,3,D2_pwm200_grab4
20616,-2608,-2900,9980,CD,3,D2_pwm200_grab4
20621,244,-880,11840,CD,3,D2_pwm200_grab4
20627,2740,1304,15796,CD,3,D2_pwm200_grab4
20632,424,3276,10316,CD,3,D2_pwm200_grab4
20636,1964,-564,10440,CD,3,D2_pwm200_grab4
20642,-688,-2792,10220,CD,3,D2_pwm200_grab4
20646,-4316,-3748,9224,CD,3,D2_pwm200_grab4
20652,1952,-3596,10204,CD,3,D2_pwm200_grab4
20657,2728,2452,12740,CD,3,D2_pwm200_grab4
20661,868,2984,11108,CD,3,D2_pwm200_grab4
20671,120,-628,8508,CD,3,D2_pwm200_grab4
20676,1916,-1664,6100,CD,3,D2_pwm200_grab4
20681,1864,580,8336,CD,3,D2_pwm200_grab4
20686,4920,3784,11684,CD,3,D2_pwm200_grab4
20691,-412,-856,9036,CD,3,D2_pwm200_grab4
20697,364,768,13788,CD,3,D2_pwm200_grab4
20701,1636,-3908,7768,CD,3,D2_pwm200_grab4
20706,-4904,-3112,9484,CD,3,D2_pwm200_grab4
20711,2908,-448,9856,CD,3,D2_pwm200_grab4
20716,3232,948,12996,CD,3,D2_pwm200_grab4
20721,1684,-428,11140,CD,3,D2_pwm200_grab4
20727,3320,-152,10172,CD,3,D2_pwm200_grab4
20731,-2996,-2860,6796,CD,3,D2_pwm200_grab4
20736,1384,-1128,4928,CD,3,D2_pwm200_grab4
20741,-276,3556,10220,CD,3,D2_pwm200_grab4
20746,-344,312,5144,CD,3,D2_pwm200_grab4
20751,1184,-796,9776,CD,3,D2_pwm200_grab4
20757,-2236,-704,10320,CD,3,D2_pwm200_grab4
20766,-2152,-1944,8164,CD,3,D2_pwm200_grab4
20772,2760,4056,11852,CD,3,D2_pwm200_grab4
20777,-364,140,12704,CD,3,D2_pwm200_grab4
20781,7248,116,9448,CD,3,D2_pwm200_grab4
20787,-2276,-2032,13136,CD,3,D2_pwm200_grab4
20791,-2500,-2592,10404,CD,3,D2_pwm200_grab4
20797,-1184,-1380,7568,CD,3,D2_pwm200_grab4
20801,-532,2336,11216,CD,3,D2_pwm200_grab4
20807,-752,2960,10784,CD,3,D2_pwm200_grab4
20812,1296,-680,12304,CD,3,D2_pwm200_grab4
20823,-4980,-3084,10268,CD,3,D2_pwm200_grab4
20827,3668,1444,12976,CD,3,D2_pwm200_grab4
20832,1016,2768,11504,CD,3,D2_pwm200_grab4
20838,764,52,13196,CD,3,D2_pwm200_grab4
20843,3520,-992,11752,CD,3,D2_pwm200_grab4
20848,-3352,-840,9720,CD,3,D2_pwm200_grab4
20852,1120,952,11852,CD,3,D2_pwm200_grab4
20857,8508,2000,10960,CD,3,D2_pwm200_grab4
20864,352,-364,12524,CD,3,D2_pwm200_grab4
20867,2988,-748,10384,CD,3,D2_pwm200_grab4
20873,-1188,-1488,11320,CD,3,D2_pwm200_grab4
20877,-5832,-2792,10260,CD,3,D2_pwm200_grab4
20882,2956,-440,11616,CD,3,D2_pwm200_grab4
20888,1028,2948,12844,CD,3,D2_pwm200_grab4
20892,1200,-880,10712,CD,3,D2_pwm200_grab4
20897,2328,-2576,9248,CD,3,D2_pwm200_grab4
20902,3512,160,7356,CD,3,D2_pwm200_grab4
20907,2232,-1592,8220,CD,3,D2_pwm200_grab4
20912,3832,-344,9504,CD,3,D2_pwm200_grab4
20918,3200,2712,12344,CD,3,D2_pwm200_grab4
20923,64,-68,10396,CD,3,D2_pwm200_grab4
20927,2760,-148,8380,CD,3,D2_pwm200_grab4
20932,-1720,-1508,9472,CD,3,D2_pwm200_grab4
20937,-2532,-1372,8988,CD,3,D2_pwm200_grab4
20943,3812,1332,10856,CD,3,D2_pwm200_grab4
20947,1880,2296,10292,CD,3,D2_pwm200_grab4
20953,2628,840,8796,CD,3,D2_pwm200_grab4
20958,4620,812,11732,CD,3,D2_pwm200_grab4
20962,-1908,-3536,5700,CD,3,D2_pwm200_grab4
20967,368,708,8720,CD,3,D2_pwm200_grab4
20973,3680,4388,8312,CD,3,D2_pwm200_grab4
20977,-1412,1852,10836,CD,3,D2_pwm200_grab4
20982,-4328,-3472,8624,CD,3,D2_pwm200_grab4
20987,-2472,-2852,10444,CD,3,D2_pwm200_grab4
20992,-5960,-3844,6772,CD,3,D2_pwm200_grab4
20998,-840,-3800,9428,CD,3,D2_pwm200_grab4
21002,760,1960,11108,CD,3,D2_pwm200_grab4
21007,-12,2824,9768,CD,3,D2_pwm200_grab4
21012,7948,1760,11572,CD,3,D2_pwm200_grab4
21017,-816,-2568,9616,CD,3,D2_pwm200_grab4
21022,-2596,-3356,5128,CD,3,D2_pwm200_grab4
21028,504,-920,7448,CD,3,D2_pwm200_grab4
21033,3092,5116,10248,CD,3,D2_pwm200_grab4
21037,-220,3340,9372,CD,3,D2_pwm200_grab4
21042,-1760,1788,10884,CD,3,D2_pwm200_grab4
21048,1448,-4332,9392,CD,3,D2_pwm200_grab4
21052,-3492,-4664,8592,CD,3,D2_pwm200_grab4
21057,1548,-548,11516,CD,3,D2_pwm200_grab4
21063,-156,208,11896,CD,3,D2_pwm200_grab4
21067,1916,2384,9732,CD,3,D2_pwm200_grab4
21072,864,2032,11440,CD,3,D2_pwm200_grab4
21078,-2260,-2860,8060,CD,3,D2_pwm200_grab4
21084,124,-1520,13604,CD,3,D2_pwm200_grab4
21089,4560,2484,10720,CD,3,D2_pwm200_grab4
21093,-368,1392,13804,CD,3,D2_pwm200_grab4
21098,-2920,-1964,10196,CD,3,D2_pwm200_grab4
21104,-304,-2392,8608,CD,3,D2_pwm200_grab4
21108,-3480,-2780,8732,CD,3,D2_pwm200_grab4
21114,2052,2472,12404,CD,3,D2_pwm200_grab4
21118,-2068,1472,13280,CD,3,D2_pwm200_grab4
21124,-628,1064,10468,CD,3,D2_pwm200_grab4
21129,7940,1632,13944,CD,3,D2_pwm200_grab4
21134,504,-1108,10812,CD,3,D2_pwm200_grab4
21139,-484,-2068,6656,CD,3,D2_pwm200_grab4
21143,2296,1124,9160,CD,3,D2_pwm200_grab4
21148,4588,4936,11696,CD,3,D2_pwm200_grab4
21153,-364,-276,12096,CD,3,D2_pwm200_grab4
21158,1928,-2104,8232,CD,3,D2_pwm200_grab4
21164,2372,-4216,10988,CD,3,D2_pwm200_grab4
21169,-3292,-3392,9132,CD,3,D2_pwm200_grab4
21173,3312,588,10816,CD,3,D2_pwm200_grab4
21178,3632,3372,12108,CD,3,D2_pwm200_grab4
21184,3544,1948,9996,CD,3,D2_pwm200_grab4
21188,3532,-748,10536,CD,3,D2_pwm200_grab4
21193,-2488,-4288,7904,CD,3,D2_pwm200_grab4
21198,2328,1936,10612,CD,3,D2_pwm200_grab4
21203,5668,4564,9924,CD,3,D2_pwm200_grab4
21209,-1632,1464,6768,CD,3,D2_pwm200_grab4
21213,4492,2832,8772,CD,3,D2_pwm200_grab4
21218,-1844,-1160,10576,CD,3,D2_pwm200_grab4
21224,-6792,-5476,7516,CD,3,D2_pwm200_grab4
21228,572,-2124,8044,CD,3,D2_pwm200_grab4
21233,4152,3932,9996,CD,3,D2_pwm200_grab4
21239,1056,1776,12124,CD,3,D2_pwm200_grab4
21243,7916,2308,10720,CD,3,D2_pwm200_grab4
21249,-1320,-1156,11436,CD,3,D2_pwm200_grab4
21254,-4084,-3204,10004,CD,3,D2_pwm200_grab4
21258,-792,-2216,6632,CD,3,D2_pwm200_grab4
21263,-3432,-484,8824,CD,3,D2_pwm200_grab4
21268,-2416,2664,9516,CD,3,D2_pwm200_grab4
21273,504,-16,12456,CD,3,D2_pwm200_grab4
21278,-2564,-3532,6912,CD,3,D2_pwm200_grab4
21284,-5308,-4720,10148,CD,3,D2_pwm200_grab4
21288,1092,-788,12132,CD,3,D2_pwm200_grab4
21293,-2140,-2984,8756,CD,3,D2_pwm200_grab4
21298,2728,1652,11848,CD,3,D2_pwm200_grab4
21303,-1320,3060,7740,CD,3,D2_pwm200_grab4
21308,-2664,-2508,8180,CD,3,D2_pwm200_grab4
21314,-1516,-2972,5552,CD,3,D2_pwm200_grab4
21319,-912,1524,10216,CD,3,D2_pwm200_grab4
21324,-2684,-864,7224,CD,3,D2_pwm200_grab4
21329,2888,1168,11684,CD,3,D2_pwm200_grab4
21335,-3444,248,11240,CD,3,D2_pwm200_grab4
21340,-7200,-3808,9588,CD,3,D2_pwm200_grab4
21344,-1956,-2040,10260,CD,3,D2_pwm200_grab4
21349,4008,3664,11916,CD,3,D2_pwm200_grab4
21354,-320,744,12052,CD,3,D2_pwm200_grab4
21360,4880,120,12004,CD,3,D2_pwm200_grab4
21364,-572,-1156,11396,CD,3,D2_pwm200_grab4
21369,-1124,-820,7684,CD,3,D2_pwm200_grab4
21374,1352,1660,9720,CD,3,D2_pwm200_grab4
21379,-500,796,12008,CD,3,D2_pwm200_grab4
21385,1220,2812,11616,CD,3,D2_pwm200_grab4
21390,2740,28,14940,CD,3,D2_pwm200_grab4
21395,1936,-4068,11104,CD,3,D2_pwm200_grab4
21400,-5256,-3084,9864,CD,3,D2_pwm200_grab4
21405,3640,468,11808,CD,3,D2_pwm200_grab4
21410,3680,1900,13588,CD,3,D2_pwm200_grab4
21415,2732,2492,11596,CD,3,D2_pwm200_grab4
21419,2112,3408,10848,CD,3,D2_pwm200_grab4
21424,-908,-2228,9956,CD,3,D2_pwm200_grab4
21430,1116,-1844,8224,CD,3,D2_pwm200_grab4
21434,-660,2248,12048,CD,3,D2_pwm200_grab4
21439,780,2340,5496,CD,3,D2_pwm200_grab4
21445,4112,2876,10792,CD,3,D2_pwm200_grab4
21450,-656,372,9832,CD,3,D2_pwm200_grab4
21454,-6420,-5460,7760,CD,3,D2_pwm200_grab4
21459,948,-2152,9936,CD,3,D2_pwm200_grab4
21465,-3068,-2044,8988,CD,3,D2_pwm200_grab4
21470,2488,4136,7948,CD,3,D2_pwm200_grab4
21479,-2260,-892,12404,CD,3,D2_pwm200_grab4
21484,-2376,-2832,10024,CD,3,D2_pwm200_grab4
21490,-1140,-2272,7444,CD,3,D2_pwm200_grab4
21495,-2136,-868,8916,CD,3,D2_pwm200_grab4
21499,-520,3272,8788,CD,3,D2_pwm200_grab4
21504,1828,3656,9592,CD,3,D2_pwm200_grab4
21510,748,-1440,11436,CD,3,D2_pwm200_grab4
21514,2448,-1868,7616,CD,3,D2_pwm200_grab4
21519,28,-2128,8332,CD,3,D2_pwm200_grab4
21524,-556,-2520,7120,CD,3,D2_pwm200_grab4
21530,332,24,9976,CD,3,D2_pwm200_grab4
21535,788,3888,8168,CD,3,D2_pwm200_grab4
21539,-3028,-1956,8628,CD,3,D2_pwm200_grab4
21544,-44,-2208,5988,CD,3,D2_pwm200_grab4
21549,-3360,-3420,5616,CD,3,D2_pwm200_grab4
21555,-5068,-4060,9236,CD,3,D2_pwm200_grab4
21560,2888,696,12664,CD,3,D2_pwm200_grab4
21565,-832,344,12456,CD,3,D2_pwm200_grab4
21569,728,172,13632,CD,3,D2_pwm200_grab4
21574,76,-1708,9104,CD,3,D2_pwm200_grab4
21580,-3052,-940,9344,CD,3,D2_pwm200_grab4
21585,-800,1096,9656,CD,3,D2_pwm200_grab4
21590,8556,1124,11296,CD,3,D2_pwm200_grab4
21595,-2916,-544,14324,CD,3,D2_pwm200_grab4
21600,-3292,-2148,12004,CD,3,D2_pwm200_grab4
21605,-1944,-1260,8688,CD,3,D2_pwm200_grab4
21611,-1360,-256,11424,CD,3,D2_pwm200_grab4
21615,-508,3064,11704,CD,3,D2_pwm200_grab4
21621,1544,-536,14436,CD,3,D2_pwm200_grab4
21625,2264,-5228,10636,CD,3,D2_pwm200_grab4
21630,-4436,-3372,10268,CD,3,D2_pwm200_grab4
21635,2316,-400,9756,CD,3,D2_pwm200_grab4
21641,1784,-872,9936,CD,3,D2_pwm200_grab4
21645,-524,3132,9324,CD,3,D2_pwm200_grab4
21650,2372,3936,10860,CD,3,D2_pwm200_grab4
21655,-2360,-1288,9924,CD,3,D2_pwm200_grab4
21661,1440,-1924,8144,CD,3,D2_pwm200_grab4
21666,-1436,384,12412,CD,3,D2_pwm200_grab4
21671,-1240,1264,6948,CD,3,D2_pwm200_grab4
21676,4760,1152,10788,CD,3,D2_pwm200_grab4
21681,2520,1980,14160,CD,3,D2_pwm200_grab4
21686,2888,324,13036,CD,3,D2_pwm200_grab4
21691,3396,-2360,10176,CD,3,D2_pwm200_grab4
21695,-5240,-3004,8052,CD,3,D2_pwm200_grab4
21700,516,100,12100,CD,3,D2_pwm200_grab4
21705,8792,4000,9620,CD,3,D2_pwm200_grab4
21710,732,796,9956,CD,3,D2_pwm200_grab4
21716,-2828,-2228,10984,CD,3,D2_pwm200_grab4
21720,-420,52,11036,CD,3,D2_pwm200_grab4
21726,-5848,-4952,7376,CD,3,D2_pwm200_grab4
21731,1316,-2636,10816,CD,3,D2_pwm200_grab4
21736,4424,4420,9092,CD,3,D2_pwm200_grab4
21741,1172,2548,11240,CD,3,D2_pwm200_grab4
21746,5380,1024,8572,CD,3,D2_pwm200_grab4
21750,320,-492,8580,CD,3,D2_pwm200_grab4
21755,-1292,-2564,5588,CD,3,D2_pwm200_grab4
21761,468,-2412,7388,CD,3,D2_pwm200_grab4
21765,-3736,-268,9256,CD,3,D2_pwm200_grab4
21771,980,2948,9568,CD,3,D2_pwm200_grab4
21776,540,72,12144,CD,3,D2_pwm200_grab4
21780,3076,-3036,8256,CD,3,D2_pwm200_grab4
21785,-5512,-5012,10244,CD,3,D2_pwm200_grab4
21790,2636,-392,9112,CD,3,D2_pwm200_grab4
21796,816,1172,11212,CD,3,D2_pwm200_grab4
21800,1956,1388,10196,CD,3,D2_pwm200_grab4
21805,-1072,3604,8308,CD,3,D2_pwm200_grab4
21811,-3292,-852,7532,CD,3,D2_pwm200_grab4
21816,-1768,-3148,5804,CD,3,D2_pwm200_grab4
21821,-2056,16,13044,CD,3,D2_pwm200_grab4
21825,-3116,-1216,8492,CD,3,D2_pwm200_grab4
21830,1928,32,10508,CD,3,D2_pwm200_grab4
21836,-3232,712,10736,CD,3,D2_pwm200_grab4
21846,-1036,-2344,11612,CD,3,D2_pwm200_grab4
21851,1612,2520,13048,CD,3,D2_pwm200_grab4
21857,-352,1500,10576,CD,3,D2_pwm200_grab4
21866,-300,-1276,12348,CD,3,D2_pwm200_grab4
21871,-468,-3536,7624,CD,3,D2_pwm200_grab4
21876,1740,544,8020,CD,3,D2_pwm200_grab4
21882,1632,3916,11312,CD,3,D2_pwm200_grab4
21888,-968,1148,13564,CD,3,D2_pwm200_grab4
21891,-2224,1588,15184,CD,3,D2_pwm200_grab4
21897,776,-3756,10760,CD,3,D2_pwm200_grab4
21901,-1996,-4220,9460,CD,3,D2_pwm200_grab4
21906,3760,-72,10208,CD,3,D2_pwm200_grab4
21912,1692,1280,11820,CD,3,D2_pwm200_grab4
21917,5412,3892,15520,CD,3,D2_pwm200_grab4
21921,4788,3016,14136,CD,3,D2_pwm200_grab4
21926,-488,-3448,9120,CD,3,D2_pwm200_grab4
21931,648,-2364,7752,CD,3,D2_pwm200_grab4
21936,-712,212,15200,CD,3,D2_pwm200_grab4
21941,-2408,-1260,8552,CD,3,D2_pwm200_grab4
21947,4968,2640,10440,CD,3,D2_pwm200_grab4
21952,296,1976,11556,CD,3,D2_pwm200_grab4
21956,-4308,-4072,8148,CD,3,D2_pwm200_grab4
21961,2120,-3072,12056,CD,3,D2_pwm200_grab4
21967,164,1524,10680,CD,3,D2_pwm200_grab4
21971,1768,2668,12664,CD,3,D2_pwm200_grab4
21976,6140,4888,9732,CD,3,D2_pwm200_grab4
21982,-272,1612,11412,CD,3,D2_pwm200_grab4
21987,-1636,-3600,8980,CD,3,D2_pwm200_grab4
21992,-652,-2732,10360,CD,3,D2_pwm200_grab4
21997,-4076,-3184,6180,CD,3,D2_pwm200_grab4
22001,2032,316,9688,CD,3,D2_pwm200_grab4
22006,-1216,2976,9212,CD,3,D2_pwm200_grab4
22011,224,-1652,8876,CD,3,D2_pwm200_grab4
22016,7656,468,10992,CD,3,D2_pwm200_grab4
22021,1784,-1040,8208,CD,3,D2_pwm200_grab4
22026,-2156,-3592,4540,CD,3,D2_pwm200_grab4
22031,3540,-1212,6660,CD,3,D2_pwm200_grab4
22036,1136,3012,9908,CD,3,D2_pwm200_grab4
22041,-1760,824,9864,CD,3,D2_pwm200_grab4
22046,728,-2068,6892,CD,3,D2_pwm200_grab4
22057,-4288,-3752,9836,CD,3,D2_pwm200_grab4
22061,680,-2476,10084,CD,3,D2_pwm200_grab4
22066,-892,1448,11568,CD,3,D2_pwm200_grab4
22071,3988,2920,14324,CD,3,D2_pwm200_grab4
22076,1916,2372,11236,CD,3,D2_pwm200_grab4
22081,-1644,-2404,7600,CD,3,D2_pwm200_grab4
22087,-2284,-1704,10680,CD,3,D2_pwm200_grab4
22091,3836,1136,13880,CD,3,D2_pwm200_grab4
22097,-1764,448,13584,CD,3,D2_pwm200_grab4
22102,-304,-1380,9252,CD,3,D2_pwm200_grab4
22107,-3244,-1624,10636,CD,3,D2_pwm200_grab4
22117,1260,1600,11772,CD,3,D2_pwm200_grab4
22122,1740,2824,12416,CD,3,D2_pwm200_grab4
22128,1240,-1964,11036,CD,3,D2_pwm200_grab4
22133,2088,-2080,11048,CD,3,D2_pwm200_grab4
22137,1516,-524,9908,CD,3,D2_pwm200_grab4
22142,24,-1356,10344,CD,3,D2_pwm200_grab4
22148,2828,468,8892,CD,3,D2_pwm200_grab4
22152,752,2920,12972,CD,3,D2_pwm200_grab4
22157,-32,756,12492,CD,3,D2_pwm200_grab4
22162,1812,-712,13064,CD,3,D2_pwm200_grab4
22167,-5880,-3060,6820,CD,3,D2_pwm200_grab4
22172,-3928,-4156,10920,CD,3,D2_pwm200_grab4
22177,5124,1476,11456,CD,3,D2_pwm200_grab4
22183,2044,2644,12336,CD,3,D2_pwm200_grab4
22193,1404,1528,11816,CD,3,D2_pwm200_grab4
22197,-1252,-4036,7472,CD,3,D2_pwm200_grab4
22202,84,-2212,9660,CD,3,D2_pwm200_grab4
22207,2192,4032,10764,CD,3,D2_pwm200_grab4
22212,284,1760,6332,CD,3,D2_pwm200_grab4
22218,3356,900,8968,CD,3,D2_pwm200_grab4
22223,-820,-216,11420,CD,3,D2_pwm200_grab4
22232,3536,-2596,9528,CD,3,D2_pwm200_grab4
22238,-712,92,9600,CD,3,D2_pwm200_grab4
22243,2840,3884,8916,CD,3,D2_pwm200_grab4
22252,-1492,368,11208,CD,3,D2_pwm200_grab4
22257,-1616,-1856,10508,CD,3,D2_pwm200_grab4
22262,-160,-2520,7224,CD,3,D2_pwm200_grab4
22267,-2572,-324,9824,CD,3,D2_pwm200_grab4
22273,1124,-508,9480,CD,3,D2_pwm200_grab4
22277,2440,3588,9820,CD,3,D2_pwm200_grab4
22282,1820,-844,11420,CD,3,D2_pwm200_grab4
22287,3552,-444,7916,CD,3,D2_pwm200_grab4
22293,1788,-1436,7256,CD,3,D2_pwm200_grab4
22297,-128,-1212,6056,CD,3,D2_pwm200_grab4
22302,-432,1076,7652,CD,3,D2_pwm200_grab4
22308,1232,4632,9548,CD,3,D2_pwm200_grab4
22312,-1960,-1364,8676,CD,3,D2_pwm200_grab4
22317,2008,188,10692,CD,3,D2_pwm200_grab4
3000,2988,1968,11344,CD,0,D2_pwm200_grab5
3004,-1756,-3044,6216,CD,0,D2_pwm200_grab5
3010,-924,-756,9612,CD,0,D2_pwm200_grab5
3015,-372,1260,9200,CD,0,D2_pwm200_grab5
3019,-1932,-2128,12724,CD,0,D2_pwm200_grab5
3025,-1260,-444,9508,CD,0,D2_pwm200_grab5
3030,-2620,-1492,11764,CD,0,D2_pwm200_grab5
3035,-8700,-4260,8240,CD,0,D2_pwm200_grab5
3041,-464,204,11028,CD,0,D2_pwm200_grab5
3045,884,2756,11232,CD,0,D2_pwm200_grab5
3050,1072,-396,12144,CD,0,D2_pwm200_grab5
3056,5552,-356,8308,CD,0,D2_pwm200_grab5
3060,780,84,10928,CD,0,D2_pwm200_grab5
3065,-3020,-2236,6332,CD,0,D2_pwm200_grab5
3070,2604,1008,9816,CD,0,D2_pwm200_grab5
3075,-4360,-1184,8832,CD,0,D2_pwm200_grab5
3081,-176,2516,11076,CD,0,D2_pwm200_grab5
3085,-1932,444,11828,CD,0,D2_pwm200_grab5
3091,684,-3476,10228,CD,0,D2_pwm200_grab5
3095,-740,-796,12504,CD,0,D2_pwm200_grab5
3100,2480,-116,11504,CD,0,D2_pwm200_grab5
3105,1364,-940,13552,CD,0,D2_pwm200_grab5
3111,4804,1316,14544,CD,0,D2_pwm200_grab5
3116,2136,4124,13588,CD,0,D2_pwm200_grab5
3121,-196,1332,10884,CD,0,D2_pwm200_grab5
3125,1684,-968,11780,CD,0,D2_pwm200_grab5
3130,-2924,1156,7896,CD,0,D2_pwm200_grab5
3135,-2680,-676,10160,CD,0,D2_pwm200_grab5
3140,5344,-12,9412,CD,0,D2_pwm200_grab5
3145,3280,728,13176,CD,0,D2_pwm200_grab5
3151,2676,892,11308,CD,0,D2_pwm200_grab5
3156,5364,624,14420,CD,0,D2_pwm200_grab5
3160,-1376,-3452,7860,CD,0,D2_pwm200_grab5
3165,2060,-1248,8732,CD,0,D2_pwm200_grab5
3170,-1484,3088,12456,CD,0,D2_pwm200_grab5
3175,-644,-104,5112,CD,0,D2_pwm200_grab5
3180,3464,1236,7952,CD,0,D2_pwm200_grab5
3186,884,1676,9096,CD,0,D2_pwm200_grab5
3190,-3244,-3728,6752,CD,0,D2_pwm200_grab5
3196,2268,-2324,10584,CD,0,D2_pwm200_grab5
3201,-1476,-2752,5628,CD,0,D2_pwm200_grab5
3205,472,416,10116,CD,0,D2_pwm200_grab5
3210,3008,992,9904,CD,0,D2_pwm200_grab5
3215,-2272,-1308,11080,CD,0,D2_pwm200_grab5
3221,-800,-1436,9888,CD,0,D2_pwm200_grab5
3225,-1852,-696,10084,CD,0,D2_pwm200_grab5
3230,-8204,-4188,8020,CD,0,D2_pwm200_grab5
3236,-324,-1212,10404,CD,0,D2_pwm200_grab5
3241,1600,3204,9664,CD,0,D2_pwm200_grab5
3245,308,2324,8696,CD,0,D2_pwm200_grab5
3255,-972,-280,10240,CD,0,D2_pwm200_grab5
3260,-4056,-2792,10036,CD,0,D2_pwm200_grab5
3265,-2488,-3380,7028,CD,0,D2_pwm200_grab5
3270,-4860,56,8764,CD,0,D2_pwm200_grab5
3275,-180,1672,9272,CD,0,D2_pwm200_grab5
3280,-1488,268,12108,CD,0,D2_pwm200_grab5
3286,-484,-3364,8740,CD,0,D2_pwm200_grab5
3292,-968,-1460,12904,CD,0,D2_pwm200_grab5
3296,-1580,-1272,9768,CD,0,D2_pwm200_grab5
3301,1136,-1472,12440,CD,0,D2_pwm200_grab5
3306,-2568,1872,10316,CD,0,D2_pwm200_grab5
3312,2664,2832,8540,CD,0,D2_pwm200_grab5
3317,-2384,-1972,10132,CD,0,D2_pwm200_grab5
3322,-620,-2296,8548,CD,0,D2_pwm200_grab5
3326,-2848,252,12816,CD,0,D2_pwm200_grab5
3331,-2684,-968,10740,CD,0,D2_pwm200_grab5
3336,1796,848,12032,CD,0,D2_pwm200_grab5
3341,2584,1552,12904,CD,0,D2_pwm200_grab5
3346,2460,2460,13068,CD,0,D2_pwm200_grab5
3352,4788,980,14592,CD,0,D2_pwm200_grab5
3357,-1172,-2856,8088,CD,0,D2_pwm200_grab5
3361,-56,276,10296,CD,0,D2_pwm200_grab5
3366,1732,592,12708,CD,0,D2_pwm200_grab5
3371,-2580,-2532,8576,CD,0,D2_pwm200_grab5
3376,5824,816,11220,CD,0,D2_pwm200_grab5
3381,528,2248,11648,CD,0,D2_pwm200_grab5
3387,644,-2100,12040,CD,0,D2_pwm200_grab5
3392,2404,-2240,11056,CD,0,D2_pwm200_grab5
3396,-1764,444,10848,CD,0,D2_pwm200_grab5
3402,2788,2924,10636,CD,0,D2_pwm200_grab5
3406,7992,996,9956,CD,0,D2_pwm200_grab5
3411,2452,872,8688,CD,0,D2_pwm200_grab5
3416,4208,1036,9652,CD,0,D2_pwm200_grab5
3422,-552,1264,11988,CD,0,D2_pwm200_grab5
3426,-5688,-4740,6856,CD,0,D2_pwm200_grab5
3432,716,-2212,12468,CD,0,D2_pwm200_grab5
3436,3064,2824,11168,CD,0,D2_pwm200_grab5
3441,2696,1724,10512,CD,0,D2_pwm200_grab5
3447,8988,1792,6624,CD,0,D2_pwm200_grab5
3451,2016,1980,10048,CD,0,D2_pwm200_grab5
3456,-1036,-684,10292,CD,0,D2_pwm200_grab5
3461,488,-684,11840,CD,0,D2_pwm200_grab5
3466,-5992,-2808,7492,CD,0,D2_pwm200_grab5
3472,1260,620,10420,CD,0,D2_pwm200_grab5
3476,128,1876,9300,CD,0,D2_pwm200_grab5
3481,2756,-1544,10836,CD,0,D2_pwm200_grab5
3487,1304,-1244,11712,CD,0,D2_pwm200_grab5
3491,1956,-396,9076,CD,0,D2_pwm200_grab5
3496,-1488,-3084,8580,CD,0,D2_pwm200_grab5
3501,108,-1568,6184,CD,0,D2_pwm200_grab5
3506,-3536,444,9368,CD,0,D2_pwm200_grab5
3511,892,1968,9764,CD,0,D2_pwm200_grab5
3517,-272,-1044,9868,CD,0,D2_pwm200_grab5
3521,-52,-2952,8660,CD,0,D2_pwm200_grab5
3526,-4264,-3264,11424,CD,0,D2_pwm200_grab5
3532,-168,-3472,8772,CD,0,D2_pwm200_grab5
3536,760,-520,12516,CD,0,D2_pwm200_grab5
3543,1524,868,12064,CD,0,D2_pwm200_grab5
3547,352,1348,9236,CD,0,D2_pwm200_grab5
3553,-2680,-1916,8624,CD,0,D2_pwm200_grab5
3557,-2332,-2028,7504,CD,0,D2_pwm200_grab5
3562,-1540,396,10816,CD,0,D2_pwm200_grab5
3568,-3408,-2884,11260,CD,0,D2_pwm200_grab5
3572,2276,-720,10176,CD,0,D2_pwm200_grab5
3577,-3620,800,12832,CD,0,D2_pwm200_grab5
3584,-3720,-3068,7344,CD,0,D2_pwm200_grab5
3588,2592,-72,11368,CD,0,D2_pwm200_grab5
3593,-2032,-1900,10224,CD,0,D2_pwm200_grab5
3597,-20,512,11820,CD,0,D2_pwm200_grab5
3603,2356,-1708,12784,CD,0,D2_pwm200_grab5
3607,-256,-496,11776,CD,0,D2_pwm200_grab5
3613,-496,-748,10856,CD,0,D2_pwm200_grab5
3618,-1040,-88,12708,CD,0,D2_pwm200_grab5
3623,-6692,-3372,10440,CD,0,D2_pwm200_grab5
3628,2316,-1844,11576,CD,0,D2_pwm200_grab5
3633,-1740,-236,10516,CD,0,D2_pwm200_grab5
3637,1712,1920,12208,CD,0,D2_pwm200_grab5
3648,1164,1388,10332,CD,0,D2_pwm200_grab5
3652,-1740,-156,11332,CD,0,D2_pwm200_grab5
3658,504,-1840,7588,CD,0,D2_pwm200_grab5
3662,-5208,-1928,10016,CD,0,D2_pwm200_grab5
3668,484,1588,9700,CD,0,D2_pwm200_grab5
3672,1668,1856,12912,CD,0,D2_pwm200_grab5
3677,4096,1300,8952,CD,0,D2_pwm200_grab5
3682,7700,1356,7228,CD,0,D2_pwm200_grab5
3687,2876,1264,8264,CD,0,D2_pwm200_grab5
3693,2028,-1580,9888,CD,0,D2_pwm200_grab5
3697,1440,-1216,7352,CD,0,D2_pwm200_grab5
3703,-224,172,10916,CD,0,D2_pwm200_grab5
3708,1128,2600,9148,CD,0,D2_pwm200_grab5
3713,3952,3416,9956,CD,0,D2_pwm200_grab5
3717,1140,-1956,10924,CD,0,D2_pwm200_grab5
3722,6480,1272,9008,CD,0,D2_pwm200_grab5
3728,88,-1368,9440,CD,0,D2_pwm200_grab5
3732,-1236,-3116,5416,CD,0,D2_pwm200_grab5
3737,1900,128,9140,CD,0,D2_pwm200_grab5
3742,2112,3564,9748,CD,0,D2_pwm200_grab5
3748,-1076,120,11260,CD,0,D2_pwm200_grab5
3752,2568,-460,8096,CD,0,D2_pwm200_grab5
3757,204,-3504,8372,CD,0,D2_pwm200_grab5
3763,608,-436,13488,CD,0,D2_pwm200_grab5
3767,-2368,-1792,8664,CD,0,D2_pwm200_grab5
3772,-548,-2508,9728,CD,0,D2_pwm200_grab5
3777,-1744,1212,10620,CD,0,D2_pwm200_grab5
3782,2648,3400,7436,CD,0,D2_pwm200_grab5
3787,-1952,-3040,8896,CD,0,D2_pwm200_grab5
3792,-156,-2252,7072,CD,0,D2_pwm200_grab5
3798,-2976,552,13860,CD,0,D2_pwm200_grab5
3804,-3724,-4272,7764,CD,0,D2_pwm200_grab5
3808,2088,-416,10276,CD,0,D2_pwm200_grab5
3814,-856,484,9980,CD,0,D2_pwm200_grab5
3818,-1004,-1392,11972,CD,0,D2_pwm200_grab5
3823,864,-1760,8800,CD,0,D2_pwm200_grab5
3828,-860,468,13488,CD,0,D2_pwm200_grab5
3833,284,1392,11724,CD,0,D2_pwm200_grab5
3838,7416,-1496,10736,CD,0,D2_pwm200_grab5
3843,-3252,-3452,12348,CD,0,D2_pwm200_grab5
3848,1952,1868,11964,CD,0,D2_pwm200_grab5
3854,-3808,704,12964,CD,0,D2_pwm200_grab5
3859,-3908,-2756,7332,CD,0,D2_pwm200_grab5
3863,-1364,-1028,12120,CD,0,D2_pwm200_grab5
3868,1368,1284,12912,CD,0,D2_pwm200_grab5
3874,2480,1972,10700,CD,0,D2_pwm200_grab5
3884,-332,-452,11484,CD,0,D2_pwm200_grab5
3888,2176,936,12168,CD,0,D2_pwm200_grab5
3894,-1048,80,13060,CD,0,D2_pwm200_grab5
3899,-4216,-3800,9612,CD,0,D2_pwm200_grab5
3903,1004,-500,12492,CD,0,D2_pwm200_grab5
3909,3404,2204,11320,CD,0,D2_pwm200_grab5
3914,960,-1720,11716,CD,0,D2_pwm200_grab5
3919,4212,1684,10004,CD,0,D2_pwm200_grab5
3923,1972,1344,10140,CD,0,D2_pwm200_grab5
3928,-1592,-24,11200,CD,0,D2_pwm200_grab5
3933,596,-1684,7768,CD,0,D2_pwm200_grab5
3939,-4760,-1100,9644,CD,0,D2_pwm200_grab5
3943,504,1408,9636,CD,0,D2_pwm200_grab5
3948,2112,912,11480,CD,0,D2_pwm200_grab5
3953,2496,-1788,11040,CD,0,D2_pwm200_grab5
3959,2924,-720,11284,CD,0,D2_pwm200_grab5
3964,1168,560,9848,CD,0,D2_pwm200_grab5
3968,1440,-1216,10536,CD,0,D2_pwm200_grab5
3974,1324,-1512,7312,CD,0,D2_pwm200_grab5
3978,-1144,-1100,10224,CD,0,D2_pwm200_grab5
3983,1200,2292,8824,CD,0,D2_pwm200_grab5
3989,1168,352,11756,CD,0,D2_pwm200_grab5
3994,1052,-2000,7676,CD,0,D2_pwm200_grab5
3999,-1912,656,12184,CD,0,D2_pwm200_grab5
4003,-40,-1192,8308,CD,0,D2_pwm200_grab5
4008,1928,-1076,10068,CD,0,D2_pwm200_grab5
4013,2412,272,9180,CD,0,D2_pwm200_grab5
4019,788,2572,9640,CD,0,D2_pwm200_grab5
4023,-788,752,11208,CD,0,D2_pwm200_grab5
4028,2336,-32,8360,CD,0,D2_pwm200_grab5
4033,-2860,-248,8628,CD,0,D2_pwm200_grab5
4038,-2740,-1120,7568,CD,0,D2_pwm200_grab5
4043,1524,-2036,9076,CD,0,D2_pwm200_grab5
4048,2428,204,10464,CD,0,D2_pwm200_grab5
4054,2184,576,14432,CD,0,D2_pwm200_grab5
4060,1708,-416,10244,CD,0,D2_pwm200_grab5
4064,-2552,-968,9020,CD,0,D2_pwm200_grab5
4069,-2288,-1244,7276,CD,0,D2_pwm200_grab5
4074,1276,-504,13808,CD,0,D2_pwm200_grab5
4079,-2448,-3064,11464,CD,0,D2_pwm200_grab5
4084,816,-1424,11168,CD,0,D2_pwm200_grab5
4090,-4116,-1820,11624,CD,0,D2_pwm200_grab5
4099,2344,-844,10068,CD,0,D2_pwm200_grab5
4104,-1964,-280,12320,CD,0,D2_pwm200_grab5
4109,-208,292,11528,CD,0,D2_pwm200_grab5
4119,-692,-404,12144,CD,0,D2_pwm200_grab5
4124,-1648,-1076,10992,CD,0,D2_pwm200_grab5
4129,-2480,-1824,12220,CD,0,D2_pwm200_grab5
4139,-572,-1584,11104,CD,0,D2_pwm200_grab5
4144,-684,1004,12072,CD,0,D2_pwm200_grab5
4150,1060,1028,12168,CD,0,D2_pwm200_grab5
4154,7380,884,9132,CD,0,D2_pwm200_grab5
4159,904,604,12108,CD,0,D2_pwm200_grab5
4164,-1316,-764,10792,CD,0,D2_pwm200_grab5
4170,-32,-1220,9352,CD,0,D2_pwm200_grab5
4175,-3880,-1044,11196,CD,0,D2_pwm200_grab5
4179,788,2164,11592,CD,0,D2_pwm200_grab5
4185,2124,1804,11848,CD,0,D2_pwm200_grab5
4190,3420,1756,10644,CD,0,D2_pwm200_grab5
4194,6604,2040,7840,CD,0,D2_pwm200_grab5
4199,2252,396,9156,CD,0,D2_pwm200_grab5
4205,852,-1224,8832,CD,0,D2_pwm200_grab5
4209,1140,-696,8524,CD,0,D2_pwm200_grab5
4214,-352,192,10476,CD,0,D2_pwm200_grab5
4219,1256,2104,10400,CD,0,D2_pwm200_grab5
4224,3984,3088,8696,CD,0,D2_pwm200_grab5
4230,1348,168,11320,CD,0,D2_pwm200_grab5
4234,5484,32,8456,CD,0,D2_pwm200_grab5
4240,1392,412,9732,CD,0,D2_pwm200_grab5
4244,-656,-2804,6376,CD,0,D2_pwm200_grab5
4249,3464,392,8360,CD,0,D2_pwm200_grab5
4254,1500,3000,8832,CD,0,D2_pwm200_grab5
4260,0,-480,9820,CD,0,D2_pwm200_grab5
4264,2000,-360,8044,CD,0,D2_pwm200_grab5
4269,2468,-996,10208,CD,0,D2_pwm200_grab5
4274,908,-2868,13048,CD,0,D2_pwm200_grab5
4279,96,-1580,8440,CD,0,D2_pwm200_grab5
4285,-556,-2568,10244,CD,0,D2_pwm200_grab5
4289,1232,296,8932,CD,0,D2_pwm200_grab5
4294,2604,3560,8120,CD,0,D2_pwm200_grab5
4300,-4,-1756,8060,CD,0,D2_pwm200_grab5
4304,-212,-1920,6908,CD,0,D2_pwm200_grab5
4316,-3800,-3964,8292,CD,0,D2_pwm200_grab5
4320,472,580,9552,CD,0,D2_pwm200_grab5
4325,-52,532,10332,CD,0,D2_pwm200_grab5
4330,-348,-388,10260,CD,0,D2_pwm200_grab5
4336,2124,-1172,10244,CD,0,D2_pwm200_grab5
4341,-3092,-1808,8604,CD,0,D2_pwm200_grab5
4345,112,1032,11804,CD,0,D2_pwm200_grab5
4352,4828,-132,11468,CD,0,D2_pwm200_grab5
4355,-3016,-1740,10428,CD,0,D2_pwm200_grab5
4360,2724,392,11100,CD,0,D2_pwm200_grab5
4366,-1808,2104,12948,CD,0,D2_pwm200_grab5
4371,-1024,-2152,10880,CD,0,D2_pwm200_grab5
4376,32,-1704,11424,CD,0,D2_pwm200_grab5
4380,-1736,1168,11396,CD,0,D2_pwm200_grab5
4386,1900,1692,12124,CD,0,D2_pwm200_grab5
4396,-524,-400,12004,CD,0,D2_pwm200_grab5
4400,1644,44,10780,CD,0,D2_pwm200_grab5
4405,-1380,992,12212,CD,0,D2_pwm200_grab5
4410,-3572,-2380,8900,CD,0,D2_pwm200_grab5
4415,340,-1872,12652,CD,0,D2_pwm200_grab5
4420,2416,1972,14576,CD,0,D2_pwm200_grab5
4425,3800,1316,10136,CD,0,D2_pwm200_grab5
4435,2648,584,9164,CD,0,D2_pwm200_grab5
4440,1324,272,11388,CD,0,D2_pwm200_grab5
4445,-168,-1128,11572,CD,0,D2_pwm200_grab5
4455,416,392,10356,CD,0,D2_pwm200_grab5
4461,3588,2740,11468,CD,0,D2_pwm200_grab5
4465,908,-608,10388,CD,0,D2_pwm200_grab5
4476,772,48,9256,CD,0,D2_pwm200_grab5
4480,-856,-1048,10668,CD,0,D2_pwm200_grab5
4485,-680,-664,11616,CD,0,D2_pwm200_grab5
4490,-4084,-2668,8808,CD,0,D2_pwm200_grab5
4495,1200,1936,8980,CD,0,D2_pwm200_grab5
4500,420,1000,8804,CD,0,D2_pwm200_grab5
4505,2028,-2212,9812,CD,0,D2_pwm200_grab5
4510,1228,132,12072,CD,0,D2_pwm200_grab5
4515,-1020,-1504,8696,CD,0,D2_pwm200_grab5
4520,-1324,-2464,8052,CD,0,D2_pwm200_grab5
4526,832,-1328,6780,CD,0,D2_pwm200_grab5
4530,-3996,-168,9156,CD,0,D2_pwm200_grab5
4535,1112,1352,9616,CD,0,D2_pwm200_grab5
4540,1016,864,10004,CD,0,D2_pwm200_grab5
4545,496,-2552,10060,CD,0,D2_pwm200_grab5
4550,-876,-828,11108,CD,0,D2_pwm200_grab5
4555,-492,-1520,8084,CD,0,D2_pwm200_grab5
4561,1516,-1936,11120,CD,0,D2_pwm200_grab5
4567,-904,2060,10532,CD,0,D2_pwm200_grab5
4572,-128,1916,6036,CD,0,D2_pwm200_grab5
4577,-1676,-1956,8324,CD,0,D2_pwm200_grab5
4581,-2052,-2432,5776,CD,0,D2_pwm200_grab5
4586,-1872,-260,14484,CD,0,D2_pwm200_grab5
4591,-4000,-3544,8056,CD,0,D2_pwm200_grab5
4597,3116,1296,11516,CD,0,D2_pwm200_grab5
4602,-3120,116,10924,CD,0,D2_pwm200_grab5
4606,-768,-1920,11200,CD,0,D2_pwm200_grab5
4612,2992,1540,11368,CD,0,D2_pwm200_grab5
4616,-2248,-3284,8304,CD,0,D2_pwm200_grab5
4621,-1756,-1796,9280,CD,0,D2_pwm200_grab5
4626,-3696,-928,8704,CD,0,D2_pwm200_grab5
4631,-1540,-2268,11896,CD,0,D2_pwm200_grab5
4637,2128,576,11104,CD,0,D2_pwm200_grab5
4641,-2352,552,11572,CD,0,D2_pwm200_grab5
4647,-3820,-2304,8704,CD,0,D2_pwm200_grab5
4652,3732,88,13084,CD,0,D2_pwm200_grab5
4656,-2336,-1848,8492,CD,0,D2_pwm200_grab5
4661,-372,812,10780,CD,0,D2_pwm200_grab5
4667,3260,-424,13580,CD,0,D2_pwm200_grab5
4671,-712,904,12132,CD,0,D2_pwm200_grab5
4676,1128,596,12516,CD,0,D2_pwm200_grab5
4682,-360,196,13600,CD,0,D2_pwm200_grab5
4687,-4844,-3544,8100,CD,0,D2_pwm200_grab5
4691,344,-324,11284,CD,0,D2_pwm200_grab5
4697,-1636,-124,12064,CD,0,D2_pwm200_grab5
4701,2012,2156,12392,CD,0,D2_pwm200_grab5
4712,2328,1596,9848,CD,0,D2_pwm200_grab5
4716,244,-320,11528,CD,0,D2_pwm200_grab5
4721,-652,-628,10936,CD,0,D2_pwm200_grab5
4726,-3952,-2124,10104,CD,0,D2_pwm200_grab5
4732,824,1316,10532,CD,0,D2_pwm200_grab5
4737,196,1084,11840,CD,0,D2_pwm200_grab5
4741,3052,2848,10740,CD,0,D2_pwm200_grab5
4752,748,616,9380,CD,0,D2_pwm200_grab5
4757,-784,-1824,9260,CD,0,D2_pwm200_grab5
4762,560,-1120,7364,CD,0,D2_pwm200_grab5
4767,-3976,-868,10356,CD,0,D2_pwm200_grab5
4772,916,1328,9744,CD,0,D2_pwm200_grab5
4776,1660,1492,9868,CD,0,D2_pwm200_grab5
4782,1532,-308,7584,CD,0,D2_pwm200_grab5
4792,100,-104,9408,CD,0,D2_pwm200_grab5
4796,-616,-1908,7344,CD,0,D2_pwm200_grab5
4801,-548,-972,6568,CD,0,D2_pwm200_grab5
4807,-2076,816,9664,CD,0,D2_pwm200_grab5
4812,36,664,8800,CD,0,D2_pwm200_grab5
4816,1136,28,10156,CD,0,D2_pwm200_grab5
4823,-644,-2756,6532,CD,0,D2_pwm200_grab5
4828,-2576,-2512,11064,CD,0,D2_pwm200_grab5
4833,-1216,-1380,9652,CD,0,D2_pwm200_grab5
4837,968,20,11304,CD,0,D2_pwm200_grab5
4843,-1148,536,11108,CD,0,D2_pwm200_grab5
4847,2836,2124,8660,CD,0,D2_pwm200_grab5
4853,-2072,-2732,9352,CD,0,D2_pwm200_grab5
4857,-1228,-2196,8008,CD,0,D2_pwm200_grab5
4862,-3532,-320,9224,CD,0,D2_pwm200_grab5
4868,-4888,-2544,9396,CD,0,D2_pwm200_grab5
4872,2108,584,11664,CD,0,D2_pwm200_grab5
4877,208,-188,12744,CD,0,D2_pwm200_grab5
4882,2156,1348,14860,CD,0,D2_pwm200_grab5
4888,1128,928,12008,CD,0,D2_pwm200_grab5
4893,-1760,-2212,8576,CD,0,D2_pwm200_grab5
4897,-2572,-1708,9924,CD,0,D2_pwm200_grab5
4903,2436,-484,13632,CD,0,D2_pwm200_grab5
4908,-3024,-3204,8784,CD,0,D2_pwm200_grab5
4912,5732,416,11912,CD,0,D2_pwm200_grab5
4917,728,1136,11356,CD,0,D2_pwm200_grab5
4923,1344,-688,11860,CD,0,D2_pwm200_grab5
4927,2048,-572,10884,CD,0,D2_pwm200_grab5
4932,-2100,-456,10892,CD,0,D2_pwm200_grab5
4938,756,1688,11764,CD,0,D2_pwm200_grab5
4948,548,8,10892,CD,0,D2_pwm200_grab5
4952,5344,856,9184,CD,0,D2_pwm200_grab5
4957,628,1836,11912,CD,0,D2_pwm200_grab5
4962,-212,-2956,9504,CD,0,D2_pwm200_grab5
4967,1036,-1840,11392,CD,0,D2_pwm200_grab5
4972,352,712,11236,CD,0,D2_pwm200_grab5
4978,1936,1772,12320,CD,0,D2_pwm200_grab5
4988,1048,1732,11184,CD,0,D2_pwm200_grab5
4993,1076,848,9192,CD,0,D2_pwm200_grab5
4998,-624,672,10472,CD,0,D2_pwm200_grab5
5002,-3408,-3808,5224,CD,0,D2_pwm200_grab5
5007,860,-1352,12300,CD,0,D2_pwm200_grab5
5012,-616,1996,9676,CD,0,D2_pwm200_grab5
5017,4864,3140,9324,CD,0,D2_pwm200_grab5
5027,2428,748,9044,CD,0,D2_pwm200_grab5
5032,-1868,-2384,8444,CD,0,D2_pwm200_grab5
5038,-1396,-1316,10456,CD,0,D2_pwm200_grab5
5047,-624,-508,10516,CD,0,D2_pwm200_grab5
5052,1952,2596,8984,CD,0,D2_pwm200_grab5
5058,740,-948,10428,CD,0,D2_pwm200_grab5
5067,420,-980,9500,CD,0,D2_pwm200_grab5
5072,-2396,-2396,7808,CD,0,D2_pwm200_grab5
5078,-796,-556,6800,CD,0,D2_pwm200_grab5
5083,-2444,1440,10384,CD,0,D2_pwm200_grab5
5089,-384,1512,10064,CD,0,D2_pwm200_grab5
5093,-652,-1228,10044,CD,0,D2_pwm200_grab5
5098,-860,-3172,8220,CD,0,D2_pwm200_grab5
5104,-4084,-2808,10552,CD,0,D2_pwm200_grab5
5109,204,-2336,10072,CD,0,D2_pwm200_grab5
5114,164,824,13292,CD,0,D2_pwm200_grab5
5120,-300,1612,11436,CD,0,D2_pwm200_grab5
5124,1804,3500,9764,CD,0,D2_pwm200_grab5
5128,-404,-332,11756,CD,0,D2_pwm200_grab5
5133,728,-1376,9884,CD,0,D2_pwm200_grab5
5139,-720,-1348,9036,CD,0,D2_pwm200_grab5
5144,-2764,-1748,10508,CD,0,D2_pwm200_grab5
5148,1160,-1416,10600,CD,0,D2_pwm200_grab5
5153,2224,1136,13332,CD,0,D2_pwm200_grab5
5159,-44,1568,12868,CD,0,D2_pwm200_grab5
5164,228,3276,9448,CD,0,D2_pwm200_grab5
5169,52,-1448,9476,CD,0,D2_pwm200_grab5
5174,-736,-1492,7804,CD,0,D2_pwm200_grab5
5183,-4140,-2696,10496,CD,0,D2_pwm200_grab5
5189,3364,1280,11824,CD,0,D2_pwm200_grab5
5193,1232,1868,13588,CD,0,D2_pwm200_grab5
5198,3168,668,15660,CD,0,D2_pwm200_grab5
5204,5108,-1168,13308,CD,0,D2_pwm200_grab5
5208,-396,-1768,9068,CD,0,D2_pwm200_grab5
5213,-428,-1396,7376,CD,0,D2_pwm200_grab5
5219,-3712,1712,11432,CD,0,D2_pwm200_grab5
5223,-1964,-1580,8260,CD,0,D2_pwm200_grab5
5229,5632,1584,11172,CD,0,D2_pwm200_grab5
5233,1624,3412,10920,CD,0,D2_pwm200_grab5
5239,2124,-568,12256,CD,0,D2_pwm200_grab5
5243,2628,-1088,11724,CD,0,D2_pwm200_grab5
5249,-704,-1400,8440,CD,0,D2_pwm200_grab5
5253,-404,-432,8168,CD,0,D2_pwm200_grab5
5259,-32,2232,12208,CD,0,D2_pwm200_grab5
5263,-2420,-876,8056,CD,0,D2_pwm200_grab5
5268,5368,232,8536,CD,0,D2_pwm200_grab5
5273,1220,2276,10084,CD,0,D2_pwm200_grab5
5279,852,-2116,8240,CD,0,D2_pwm200_grab5
5284,1472,-2044,9564,CD,0,D2_pwm200_grab5
5288,-1032,824,8392,CD,0,D2_pwm200_grab5
5294,88,-1140,8896,CD,0,D2_pwm200_grab5
5299,-1896,424,9372,CD,0,D2_pwm200_grab5
5306,-1896,424,9372,CD,0,D2_pwm200_grab5
5309,1284,-872,7588,CD,0,D2_pwm200_grab5
5314,784,1124,9552,CD,0,D2_pwm200_grab5
5319,-1324,-2756,7940,CD,0,D2_pwm200_grab5
5323,792,-2224,10308,CD,0,D2_pwm200_grab5
5329,-1400,928,10968,CD,0,D2_pwm200_grab5
5334,2392,2248,9884,CD,0,D2_pwm200_grab5
5344,196,-360,9576,CD,0,D2_pwm200_grab5
5349,-3828,-2624,9464,CD,0,D2_pwm200_grab5
5354,-2168,-4580,6568,CD,0,D2_pwm200_grab5
5364,208,1212,9408,CD,0,D2_pwm200_grab5
5370,504,368,10604,CD,0,D2_pwm200_grab5
5374,368,-1764,9440,CD,0,D2_pwm200_grab5
5380,3568,-296,9184,CD,0,D2_pwm200_grab5
5384,-188,-1472,11364,CD,0,D2_pwm200_grab5
5389,-3348,-1968,10756,CD,0,D2_pwm200_grab5
5395,-1620,-2440,6892,CD,0,D2_pwm200_grab5
5405,856,2412,10344,CD,0,D2_pwm200_grab5
5415,456,-2948,11784,CD,0,D2_pwm200_grab5
5420,6796,644,8752,CD,0,D2_pwm200_grab5
5424,8,-364,10532,CD,0,D2_pwm200_grab5
5430,224,-988,9696,CD,0,D2_pwm200_grab5
5434,-1844,-820,9116,CD,0,D2_pwm200_grab5
5439,-856,1444,12040,CD,0,D2_pwm200_grab5
5444,20,2268,11884,CD,0,D2_pwm200_grab5
5449,1108,-1096,12860,CD,0,D2_pwm200_grab5
5454,-900,-3340,10292,CD,0,D2_pwm200_grab5
5459,-912,-756,10648,CD,0,D2_pwm200_grab5
5464,1212,464,10620,CD,0,D2_pwm200_grab5
5469,-1020,-1628,6284,CD,0,D2_pwm200_grab5
5475,1692,1464,9256,CD,0,D2_pwm200_grab5
5480,3352,2248,11800,CD,0,D2_pwm200_grab5
5485,808,772,10496,CD,0,D2_pwm200_grab5
5490,2640,-332,10724,CD,0,D2_pwm200_grab5
5495,2804,-444,9780,CD,0,D2_pwm200_grab5
5500,-3404,-1076,8488,CD,0,D2_pwm200_grab5
5504,2072,532,10240,CD,0,D2_pwm200_grab5
5509,1244,-2224,8924,CD,0,D2_pwm200_grab5
5514,4204,228,10884,CD,0,D2_pwm200_grab5
5520,3900,3176,9528,CD,0,D2_pwm200_grab5
5524,300,-1648,9200,CD,0,D2_pwm200_grab5
5529,2056,-288,6704,CD,0,D2_pwm200_grab5
5534,-4880,1812,8224,CD,0,D2_pwm200_grab5
5540,-1980,-1532,5200,CD,0,D2_pwm200_grab5
5544,3880,1388,9296,CD,0,D2_pwm200_grab5
5550,512,-1324,9728,CD,0,D2_pwm200_grab5
5554,3076,2156,10716,CD,0,D2_pwm200_grab5
5560,3040,1896,6948,CD,0,D2_pwm200_grab5
5565,176,-1280,7140,CD,0,D2_pwm200_grab5
5570,-92,-2420,7164,CD,0,D2_pwm200_grab5
5574,-3204,580,10740,CD,0,D2_pwm200_grab5
5579,-3496,-3416,8036,CD,0,D2_pwm200_grab5
5584,3172,612,9800,CD,0,D2_pwm200_grab5
5591,-884,564,9660,CD,0,D2_pwm200_grab5
5595,-572,-1792,8536,CD,0,D2_pwm200_grab5
5600,-100,-1384,8788,CD,0,D2_pwm200_grab5
5605,-2568,-752,7232,CD,0,D2_pwm200_grab5
5610,-324,132,11604,CD,0,D2_pwm200_grab5
5616,6356,520,8980,CD,0,D2_pwm200_grab5
5621,-396,-220,12596,CD,0,D2_pwm200_grab5
5626,-3128,-2184,11108,CD,0,D2_pwm200_grab5
5632,-3280,-1708,11368,CD,0,D2_pwm200_grab5
5635,-1760,-2676,10040,CD,0,D2_pwm200_grab5
5641,-776,-1528,11896,CD,0,D2_pwm200_grab5
5645,-924,1224,12156,CD,0,D2_pwm200_grab5
5650,1256,1212,11480,CD,0,D2_pwm200_grab5
5655,8028,-752,10692,CD,0,D2_pwm200_grab5
5661,-468,-152,11376,CD,0,D2_pwm200_grab5
5665,-2884,-2196,11028,CD,0,D2_pwm200_grab5
5670,-1284,-1760,10084,CD,0,D2_pwm200_grab5
5676,-4320,-3144,8604,CD,0,D2_pwm200_grab5
5680,-408,-744,11576,CD,0,D2_pwm200_grab5
5685,748,1872,14240,CD,0,D2_pwm200_grab5
5691,3208,908,11140,CD,0,D2_pwm200_grab5
5695,5992,796,8128,CD,0,D2_pwm200_grab5
5701,2068,656,10428,CD,0,D2_pwm200_grab5
5706,-1176,-1684,10720,CD,0,D2_pwm200_grab5
5710,588,-392,8688,CD,0,D2_pwm200_grab5
5715,-2672,1992,13292,CD,0,D2_pwm200_grab5
5721,-680,496,12168,CD,0,D2_pwm200_grab5
5726,3372,1800,13104,CD,0,D2_pwm200_grab5
5730,788,-1476,9652,CD,0,D2_pwm200_grab5
5735,6224,936,9324,CD,0,D2_pwm200_grab5
5741,2120,892,9948,CD,0,D2_pwm200_grab5
5746,-684,-908,8508,CD,0,D2_pwm200_grab5
5750,3376,388,8512,CD,0,D2_pwm200_grab5
5755,1792,2248,13116,CD,0,D2_pwm200_grab5
5760,1328,884,11808,CD,0,D2_pwm200_grab5
5766,2176,1444,9540,CD,0,D2_pwm200_grab5
5770,2176,-1380,11464,CD,0,D2_pwm200_grab5
5775,1548,780,11580,CD,0,D2_pwm200_grab5
5780,2448,-100,8952,CD,0,D2_pwm200_grab5
5785,-248,-1724,6680,CD,0,D2_pwm200_grab5
5791,4248,1824,11288,CD,0,D2_pwm200_grab5
5795,3956,1776,8492,CD,0,D2_pwm200_grab5
5800,1188,96,10880,CD,0,D2_pwm200_grab5
5806,2316,2108,10396,CD,0,D2_pwm200_grab5
5811,1636,-1572,11056,CD,0,D2_pwm200_grab5
5816,1764,-404,11376,CD,0,D2_pwm200_grab5
5820,340,-44,9184,CD,0,D2_pwm200_grab5
5826,1972,-2228,9816,CD,0,D2_pwm200_grab5
5830,2112,1900,9840,CD,0,D2_pwm200_grab5
5835,2564,1672,7060,CD,0,D2_pwm200_grab5
5841,-616,-2656,8428,CD,0,D2_pwm200_grab5
5846,-332,-1332,5720,CD,0,D2_pwm200_grab5
5856,-3004,-3924,6232,CD,0,D2_pwm200_grab5
5862,3424,-128,8692,CD,0,D2_pwm200_grab5
5867,-412,516,9656,CD,0,D2_pwm200_grab5
5871,-32,-332,10192,CD,0,D2_pwm200_grab5
5876,36,-1152,9052,CD,0,D2_pwm200_grab5
5882,-2884,-1448,9552,CD,0,D2_pwm200_grab5
5886,-1708,668,9432,CD,0,D2_pwm200_grab5
5891,-2432,172,12228,CD,0,D2_pwm200_grab5
5896,-3164,-2604,9848,CD,0,D2_pwm200_grab5
5902,748,568,8864,CD,0,D2_pwm200_grab5
5906,-1660,400,11040,CD,0,D2_pwm200_grab5
5912,-1652,-2716,9640,CD,0,D2_pwm200_grab5
5916,-56,-1444,10332,CD,0,D2_pwm200_grab5
5922,-1588,112,10040,CD,0,D2_pwm200_grab5
5927,1628,824,13424,CD,0,D2_pwm200_grab5
5932,-1012,-1304,10760,CD,0,D2_pwm200_grab5
5936,-2828,-1120,13316,CD,0,D2_pwm200_grab5
5941,960,-288,10780,CD,0,D2_pwm200_grab5
5946,-2228,972,13452,CD,0,D2_pwm200_grab5
5951,-2188,-3528,8216,CD,0,D2_pwm200_grab5
5957,-128,-496,12100,CD,0,D2_pwm200_grab5
5962,28,1280,13036,CD,0,D2_pwm200_grab5
5967,2564,1520,11008,CD,0,D2_pwm200_grab5
5971,5924,-28,9120,CD,0,D2_pwm200_grab5
5976,744,536,10856,CD,0,D2_pwm200_grab5
5981,-632,-540,11320,CD,0,D2_pwm200_grab5
5987,-1392,100,12268,CD,0,D2_pwm200_grab5
5991,-4188,-1824,8824,CD,0,D2_pwm200_grab5
5996,256,-500,12232,CD,0,D2_pwm200_grab5
6001,2948,2308,13944,CD,0,D2_pwm200_grab5
6006,3248,-500,9848,CD,0,D2_pwm200_grab5
6016,516,1932,10828,CD,0,D2_pwm200_grab5
6022,708,-204,11536,CD,0,D2_pwm200_grab5
6026,-848,-1368,10464,CD,0,D2_pwm200_grab5
6037,704,636,10040,CD,0,D2_pwm200_grab5
6041,4492,2332,11896,CD,0,D2_pwm200_grab5
6047,1772,-1468,10184,CD,0,D2_pwm200_grab5
6052,5560,1768,8616,CD,0,D2_pwm200_grab5
6057,684,68,8304,CD,0,D2_pwm200_grab5
6061,-268,-1456,11232,CD,0,D2_pwm200_grab5
6066,524,-2136,6868,CD,0,D2_pwm200_grab5
6071,-4172,-2356,9296,CD,0,D2_pwm200_grab5
6076,1632,1888,8236,CD,0,D2_pwm200_grab5
6081,572,1156,8368,CD,0,D2_pwm200_grab5
6086,1492,-2660,9032,CD,0,D2_pwm200_grab5
6091,1064,-32,12912,CD,0,D2_pwm200_grab5
6096,-2044,-1224,8696,CD,0,D2_pwm200_grab5
6102,-712,-1848,7984,CD,0,D2_pwm200_grab5
6107,536,228,9048,CD,0,D2_pwm200_grab5
6112,2564,2416,7920,CD,0,D2_pwm200_grab5
6118,-516,-1748,8492,CD,0,D2_pwm200_grab5
6123,908,-1728,7496,CD,0,D2_pwm200_grab5
6133,-3916,-3056,8892,CD,0,D2_pwm200_grab5
6138,632,-208,9812,CD,0,D2_pwm200_grab5
6142,1412,1852,9236,CD,0,D2_pwm200_grab5
6147,668,1776,11380,CD,0,D2_pwm200_grab5
6152,60,1156,6556,CD,0,D2_pwm200_grab5
6157,-1204,-1820,8540,CD,0,D2_pwm200_grab5
6162,-1980,-2184,5288,CD,0,D2_pwm200_grab5
6172,-4020,-4260,8752,CD,0,D2_pwm200_grab5
6178,3220,928,11596,CD,0,D2_pwm200_grab5
6182,-2116,656,12020,CD,0,D2_pwm200_grab5
6187,316,2156,12908,CD,0,D2_pwm200_grab5
6193,2044,2000,9316,CD,0,D2_pwm200_grab5
6198,-2084,-872,10476,CD,0,D2_pwm200_grab5
6202,-1816,-1464,8300,CD,0,D2_pwm200_grab5
6207,-1696,112,9688,CD,0,D2_pwm200_grab5
6212,-2320,-2084,10136,CD,0,D2_pwm200_grab5
6217,4308,656,10560,CD,0,D2_pwm200_grab5
6223,-1092,1508,11152,CD,0,D2_pwm200_grab5
6227,-232,-2408,10512,CD,0,D2_pwm200_grab5
6233,4892,936,14324,CD,0,D2_pwm200_grab5
6237,-2056,-1908,9344,CD,0,D2_pwm200_grab5
6243,-1260,-188,10856,CD,0,D2_pwm200_grab5
6248,3848,1040,12024,CD,0,D2_pwm200_grab5
6252,-1492,160,12516,CD,0,D2_pwm200_grab5
6262,-456,760,12500,CD,0,D2_pwm200_grab5
6268,-3404,-2880,6308,CD,0,D2_pwm200_grab5
6273,1508,-1492,10936,CD,0,D2_pwm200_grab5
6277,-1872,-1076,10604,CD,0,D2_pwm200_grab5
6283,1544,1956,11288,CD,0,D2_pwm200_grab5
6287,6708,1920,9052,CD,0,D2_pwm200_grab5
6292,1560,1064,9824,CD,0,D2_pwm200_grab5
6298,700,-508,10380,CD,0,D2_pwm200_grab5
6302,-36,-84,12204,CD,0,D2_pwm200_grab5
6308,-6128,-3536,6488,CD,0,D2_pwm200_grab5
6312,620,-128,11252,CD,0,D2_pwm200_grab5
6318,-1380,-72,10452,CD,0,D2_pwm200_grab5
6323,1964,1708,10920,CD,0,D2_pwm200_grab5
6332,-244,468,10308,CD,0,D2_pwm200_grab5
6337,964,-1628,10612,CD,0,D2_pwm200_grab5
6343,-1432,-2336,9044,CD,0,D2_pwm200_grab5
6353,180,1328,10380,CD,0,D2_pwm200_grab5
6359,-120,884,7704,CD,0,D2_pwm200_grab5
6363,728,-2956,9876,CD,0,D2_pwm200_grab5
6374,-544,-2172,8000,CD,0,D2_pwm200_grab5
6379,-1564,-2708,8628,CD,0,D2_pwm200_grab5
6383,1836,444,9140,CD,0,D2_pwm200_grab5
6389,-140,2584,7900,CD,0,D2_pwm200_grab5
6393,-540,228,11348,CD,0,D2_pwm200_grab5
6398,-1668,-2184,6420,CD,0,D2_pwm200_grab5
6403,-680,-3808,8888,CD,0,D2_pwm200_grab5
6408,44,-1768,13944,CD,0,D2_pwm200_grab5
6413,-2888,-1456,9448,CD,0,D2_pwm200_grab5
6418,-644,-2836,10440,CD,0,D2_pwm200_grab5
6423,-536,1660,10568,CD,0,D2_pwm200_grab5
6428,2960,3232,8620,CD,0,D2_pwm200_grab5
6433,-1536,-2292,10248,CD,0,D2_pwm200_grab5
6439,-1072,-1488,7072,CD,0,D2_pwm200_grab5
6443,-120,-2240,10208,CD,0,D2_pwm200_grab5
6449,-2320,-2196,12360,CD,0,D2_pwm200_grab5
6454,364,72,12316,CD,0,D2_pwm200_grab5
6459,-36,-16,12004,CD,0,D2_pwm200_grab5
6463,552,2124,11668,CD,0,D2_pwm200_grab5
6468,-408,2392,8440,CD,0,D2_pwm200_grab5
6473,-1156,-2908,8404,CD,0,D2_pwm200_grab5
6479,-2596,-2348,6640,CD,0,D2_pwm200_grab5
6483,-1336,528,14304,CD,0,D2_pwm200_grab5
6488,-3148,-2676,9968,CD,0,D2_pwm200_grab5
6493,4332,28,11872,CD,0,D2_pwm200_grab5
6498,2396,428,14372,CD,0,D2_pwm200_grab5
6504,2244,796,14168,CD,0,D2_pwm200_grab5
6508,2792,972,10608,CD,0,D2_pwm200_grab5
6514,-1632,-1792,8900,CD,0,D2_pwm200_grab5
6519,-1788,-1184,10064,CD,0,D2_pwm200_grab5
6524,180,1332,9404,CD,0,D2_pwm200_grab5
6529,-3204,-1600,8648,CD,0,D2_pwm200_grab5
6534,6156,24,9840,CD,0,D2_pwm200_grab5
6539,3404,2552,12280,CD,0,D2_pwm200_grab5
6543,2988,348,15008,CD,0,D2_pwm200_grab5
6548,5060,-268,13844,CD,0,D2_pwm200_grab5
6553,-1748,-1116,8776,CD,0,D2_pwm200_grab5
6559,-36,1220,11096,CD,0,D2_pwm200_grab5
6564,5260,1652,10692,CD,0,D2_pwm200_grab5
6569,-856,256,10872,CD,0,D2_pwm200_grab5
6574,4164,1064,8480,CD,0,D2_pwm200_grab5
6578,1952,3012,10352,CD,0,D2_pwm200_grab5
6583,272,-1504,8540,CD,0,D2_pwm200_grab5
6588,1900,-1440,10988,CD,0,D2_pwm200_grab5
6593,-2688,-1048,8976,CD,0,D2_pwm200_grab5
6598,2028,2116,9616,CD,0,D2_pwm200_grab5
6603,7364,940,9508,CD,0,D2_pwm200_grab5
6609,1356,1068,9352,CD,0,D2_pwm200_grab5
6614,-492,-1380,9708,CD,0,D2_pwm200_grab5
6620,136,-1524,10756,CD,0,D2_pwm200_grab5
6624,-7304,-2376,7256,CD,0,D2_pwm200_grab5
6630,96,84,10116,CD,0,D2_pwm200_grab5
6635,2432,2156,10268,CD,0,D2_pwm200_grab5
6639,2212,-452,7736,CD,0,D2_pwm200_grab5
6644,5524,-1452,10208,CD,0,D2_pwm200_grab5
6650,196,-72,8776,CD,0,D2_pwm200_grab5
6654,-2700,-3172,7468,CD,0,D2_pwm200_grab5
6660,-2460,-3412,9644,CD,0,D2_pwm200_grab5
6670,-276,1504,10788,CD,0,D2_pwm200_grab5
6674,500,224,11064,CD,0,D2_pwm200_grab5
6679,592,-2440,10564,CD,0,D2_pwm200_grab5
6684,-316,-1216,11276,CD,0,D2_pwm200_grab5
6690,-460,-1552,9328,CD,0,D2_pwm200_grab5
6695,-2100,-1896,8464,CD,0,D2_pwm200_grab5
6699,-3252,-2656,7424,CD,0,D2_pwm200_grab5
6704,-4444,284,11288,CD,0,D2_pwm200_grab5
6709,856,932,11284,CD,0,D2_pwm200_grab5
6715,296,724,12388,CD,0,D2_pwm200_grab5
6719,-572,-4080,9508,CD,0,D2_pwm200_grab5
6725,276,-552,14576,CD,0,D2_pwm200_grab5
6729,-964,-1324,10172,CD,0,D2_pwm200_grab5
6734,524,-1840,11344,CD,0,D2_pwm200_grab5
6739,1128,2596,12184,CD,0,D2_pwm200_grab5
6745,-288,3128,13804,CD,0,D2_pwm200_grab5
6749,236,1396,9824,CD,0,D2_pwm200_grab5
6755,1952,-336,13064,CD,0,D2_pwm200_grab5
6760,-484,-2400,11108,CD,0,D2_pwm200_grab5
6764,-1284,-108,10524,CD,0,D2_pwm200_grab5
6770,1420,1004,11956,CD,0,D2_pwm200_grab5
6774,3404,904,11872,CD,0,D2_pwm200_grab5
6780,2816,3116,13332,CD,0,D2_pwm200_grab5
6785,3148,2608,12076,CD,0,D2_pwm200_grab5
6790,752,696,10936,CD,0,D2_pwm200_grab5
6794,3180,-924,9796,CD,0,D2_pwm200_grab5
6799,2348,1152,9088,CD,0,D2_pwm200_grab5
6804,-1820,-1072,5844,CD,0,D2_pwm200_grab5
6809,3724,484,10800,CD,0,D2_pwm200_grab5
6814,3828,1036,10948,CD,0,D2_pwm200_grab5
6819,1832,1308,12232,CD,0,D2_pwm200_grab5
6825,4384,-432,11240,CD,0,D2_pwm200_grab5
6829,836,-304,9540,CD,0,D2_pwm200_grab5
6835,1132,-1392,8084,CD,0,D2_pwm200_grab5
6839,-4296,1344,8692,CD,0,D2_pwm200_grab5
6845,-3956,-2096,8040,CD,0,D2_pwm200_grab5
6850,5252,-340,9116,CD,0,D2_pwm200_grab5
6854,1024,3056,8292,CD,0,D2_pwm200_grab5
6860,2868,252,14028,CD,0,D2_pwm200_grab5
6865,1892,-1144,9664,CD,0,D2_pwm200_grab5
6870,-1692,-1488,6736,CD,0,D2_pwm200_grab5
6875,-1264,-48,11840,CD,0,D2_pwm200_grab5
6880,4092,76,10288,CD,0,D2_pwm200_grab5
6885,-1588,-1588,12460,CD,0,D2_pwm200_grab5
6891,-948,-1212,9724,CD,0,D2_pwm200_grab5
6895,-3268,-1880,10808,CD,0,D2_pwm200_grab5
6905,-1368,-28,10736,CD,0,D2_pwm200_grab5
6910,896,2552,9280,CD,0,D2_pwm200_grab5
6916,-404,916,10584,CD,0,D2_pwm200_grab5
6920,6836,-288,10096,CD,0,D2_pwm200_grab5
6925,-2332,-776,10748,CD,0,D2_pwm200_grab5
6930,-1192,-1912,10748,CD,0,D2_pwm200_grab5
6935,-4492,-2348,13532,CD,0,D2_pwm200_grab5
6940,-7040,-2276,7828,CD,0,D2_pwm200_grab5
6945,-252,800,12428,CD,0,D2_pwm200_grab5
6950,2736,1852,11860,CD,0,D2_pwm200_grab5
6956,668,984,11972,CD,0,D2_pwm200_grab5
6965,-1024,-1284,11576,CD,0,D2_pwm200_grab5
6971,-3132,-1712,11184,CD,0,D2_pwm200_grab5
6975,-3016,-2736,11036,CD,0,D2_pwm200_grab5
6980,-6768,-804,11612,CD,0,D2_pwm200_grab5
6986,1844,1772,11288,CD,0,D2_pwm200_grab5
6990,2120,668,13656,CD,0,D2_pwm200_grab5
6996,1676,-2832,11128,CD,0,D2_pwm200_grab5
7000,6372,164,9976,CD,0,D2_pwm200_grab5
7006,-864,148,12160,CD,0,D2_pwm200_grab5
7011,-2784,-300,9708,CD,0,D2_pwm200_grab5
7016,-2248,-1348,9912,CD,0,D2_pwm200_grab5
7020,-3804,-60,11764,CD,0,D2_pwm200_grab5
7025,972,2272,12568,CD,0,D2_pwm200_grab5
7031,948,792,11672,CD,0,D2_pwm200_grab5
7036,880,-3568,10432,CD,0,D2_pwm200_grab5
7040,5288,552,7808,CD,0,D2_pwm200_grab5
7045,1624,1188,11480,CD,0,D2_pwm200_grab5
7051,508,-764,9380,CD,0,D2_pwm200_grab5
7055,172,92,8620,CD,0,D2_pwm200_grab5
7061,-1460,8,11988,CD,0,D2_pwm200_grab5
7066,1176,932,11012,CD,0,D2_pwm200_grab5
7070,1776,344,12276,CD,0,D2_pwm200_grab5
7076,1084,-3196,11048,CD,0,D2_pwm200_grab5
7081,-20,1024,13312,CD,0,D2_pwm200_grab5
7085,2796,1864,10652,CD,0,D2_pwm200_grab5
7091,96,-2640,8300,CD,0,D2_pwm200_grab5
7096,1376,-1120,7540,CD,0,D2_pwm200_grab5
7100,-1124,1332,11164,CD,0,D2_pwm200_grab5
7106,484,416,8864,CD,0,D2_pwm200_grab5
7110,2904,204,11304,CD,0,D2_pwm200_grab5
7116,776,-1152,9572,CD,0,D2_pwm200_grab5
7120,596,-64,9836,CD,0,D2_pwm200_grab5
7126,1616,96,9684,CD,0,D2_pwm200_grab5
7132,2960,-340,9544,CD,0,D2_pwm200_grab5
7136,2376,2404,10828,CD,0,D2_pwm200_grab5
7141,2212,712,7228,CD,0,D2_pwm200_grab5
7146,-1080,-2848,8404,CD,0,D2_pwm200_grab5
7152,-1188,-1436,5764,CD,0,D2_pwm200_grab5
7156,-3676,492,12252,CD,0,D2_pwm200_grab5
7161,-2752,-2736,8164,CD,0,D2_pwm200_grab5
7166,3260,-700,7872,CD,0,D2_pwm200_grab5
7172,1184,-72,11828,CD,0,D2_pwm200_grab5
7177,1156,1636,11396,CD,0,D2_pwm200_grab5
7181,3020,1556,8796,CD,0,D2_pwm200_grab5
7187,-1676,-2484,6644,CD,0,D2_pwm200_grab5
7191,-2220,-1568,8216,CD,0,D2_pwm200_grab5
7196,-2920,-464,11764,CD,0,D2_pwm200_grab5
7202,-3468,-2660,10836,CD,0,D2_pwm200_grab5
7206,604,-156,9032,CD,0,D2_pwm200_grab5
7211,-376,1156,12816,CD,0,D2_pwm200_grab5
7216,-1300,556,10704,CD,0,D2_pwm200_grab5
7221,2004,784,11072,CD,0,D2_pwm200_grab5
7226,-2596,-1336,8936,CD,0,D2_pwm200_grab5
7231,-2696,-1272,9680,CD,0,D2_pwm200_grab5
7236,-1392,-888,10720,CD,0,D2_pwm200_grab5
7242,-2520,-1012,12140,CD,0,D2_pwm200_grab5
7247,1508,208,10964,CD,0,D2_pwm200_grab5
7251,-1888,608,13776,CD,0,D2_pwm200_grab5
7256,1560,432,15548,CD,0,D2_pwm200_grab5
7262,1464,-1032,11244,CD,0,D2_pwm200_grab5
7266,-2028,-860,11140,CD,0,D2_pwm200_grab5
7272,-100,592,12408,CD,0,D2_pwm200_grab5
7276,1884,-596,11896,CD,0,D2_pwm200_grab5
7282,644,236,11844,CD,0,D2_pwm200_grab5
7287,704,-952,11348,CD,0,D2_pwm200_grab5
7291,-1872,136,12276,CD,0,D2_pwm200_grab5
7296,1240,-200,13808,CD,0,D2_pwm200_grab5
7301,2124,-1416,11304,CD,0,D2_pwm200_grab5
7306,-1736,-1516,10060,CD,0,D2_pwm200_grab5
7311,1920,2360,11324,CD,0,D2_pwm200_grab5
7317,6212,916,10656,CD,0,D2_pwm200_grab5
7321,108,1084,10308,CD,0,D2_pwm200_grab5
7326,536,332,10868,CD,0,D2_pwm200_grab5
7331,-440,-1248,11176,CD,0,D2_pwm200_grab5
7336,-4192,-2220,7660,CD,0,D2_pwm200_grab5
7341,1292,-2128,10276,CD,0,D2_pwm200_grab5
7346,-3164,316,9236,CD,0,D2_pwm200_grab5
7352,3484,2228,9592,CD,0,D2_pwm200_grab5
7362,1124,476,9748,CD,0,D2_pwm200_grab5
7366,1256,-1036,11544,CD,0,D2_pwm200_grab5
7372,-440,-3072,8888,CD,0,D2_pwm200_grab5
7382,1276,1700,8756,CD,0,D2_pwm200_grab5
7388,2592,1624,9456,CD,0,D2_pwm200_grab5
7392,1764,-1340,8960,CD,0,D2_pwm200_grab5
7397,3828,1188,10472,CD,0,D2_pwm200_grab5
7403,-2096,-636,8100,CD,0,D2_pwm200_grab5
7407,-1900,-1696,5880,CD,0,D2_pwm200_grab5
7412,1528,-356,8040,CD,0,D2_pwm200_grab5
7417,40,1824,9572,CD,0,D2_pwm200_grab5
7422,168,-472,9516,CD,0,D2_pwm200_grab5
7428,444,1716,7456,CD,0,D2_pwm200_grab5
7432,480,-3836,10636,CD,0,D2_pwm200_grab5
7438,176,-1244,10620,CD,0,D2_pwm200_grab5
7442,-1216,-1812,10668,CD,0,D2_pwm200_grab5
7448,-1264,-2616,8716,CD,0,D2_pwm200_grab5
7452,948,1512,10084,CD,0,D2_pwm200_grab5
7457,-676,1672,8012,CD,0,D2_pwm200_grab5
7463,-256,-808,9500,CD,0,D2_pwm200_grab5
7468,596,-312,12548,CD,0,D2_pwm200_grab5
7473,-1100,-3908,9816,CD,0,D2_pwm200_grab5
7477,408,-2048,14300,CD,0,D2_pwm200_grab5
7482,844,-1248,11660,CD,0,D2_pwm200_grab5
7488,-528,-2460,11236,CD,0,D2_pwm200_grab5
7493,2204,3052,12484,CD,0,D2_pwm200_grab5
7497,2308,3240,9436,CD,0,D2_pwm200_grab5
7503,-1104,-724,10972,CD,0,D2_pwm200_grab5
7508,-692,-1920,6996,CD,0,D2_pwm200_grab5
7512,-272,-3336,10744,CD,0,D2_pwm200_grab5
7518,-1208,-736,13316,CD,0,D2_pwm200_grab5
7522,-288,-536,12380,CD,0,D2_pwm200_grab5
7528,2000,416,13384,CD,0,D2_pwm200_grab5
7532,2836,2784,13948,CD,0,D2_pwm200_grab5
7538,3376,2800,11944,CD,0,D2_pwm200_grab5
7542,-728,-1924,9224,CD,0,D2_pwm200_grab5
7548,-832,-1000,7860,CD,0,D2_pwm200_grab5
7552,-748,-2324,9164,CD,0,D2_pwm200_grab5
7558,-968,-368,10332,CD,0,D2_pwm200_grab5
7563,2304,-876,11616,CD,0,D2_pwm200_grab5
7568,2704,1332,12808,CD,0,D2_pwm200_grab5
7573,3156,2504,13924,CD,0,D2_pwm200_grab5
7578,3824,808,10172,CD,0,D2_pwm200_grab5
7582,-1044,-836,9676,CD,0,D2_pwm200_grab5
7588,-56,-1112,8988,CD,0,D2_pwm200_grab5
7593,-1800,612,13340,CD,0,D2_pwm200_grab5
7597,-2456,-1312,8536,CD,0,D2_pwm200_grab5
7602,3844,112,10276,CD,0,D2_pwm200_grab5
7608,2452,976,10764,CD,0,D2_pwm200_grab5
7612,3020,2064,14356,CD,0,D2_pwm200_grab5
7618,5044,-872,9300,CD,0,D2_pwm200_grab5
7622,-960,-1492,8916,CD,0,D2_pwm200_grab5
7628,-1212,-984,9156,CD,0,D2_pwm200_grab5
7633,-776,1368,11344,CD,0,D2_pwm200_grab5
7638,-3620,-1080,9320,CD,0,D2_pwm200_grab5
7644,5252,280,8976,CD,0,D2_pwm200_grab5
7649,-460,1796,8060,CD,0,D2_pwm200_grab5
7654,320,-2032,9368,CD,0,D2_pwm200_grab5
7658,200,-1364,9180,CD,0,D2_pwm200_grab5
7663,-1424,1220,8624,CD,0,D2_pwm200_grab5
7669,1060,796,11480,CD,0,D2_pwm200_grab5
7680,-964,-904,10440,CD,0,D2_pwm200_grab5
7684,2064,-4,7860,CD,0,D2_pwm200_grab5
7689,-2796,-812,9236,CD,0,D2_pwm200_grab5
7693,-776,-2660,7344,CD,0,D2_pwm200_grab5
7698,-1124,-1504,9472,CD,0,D2_pwm200_grab5
7703,-2204,860,10244,CD,0,D2_pwm200_grab5
7709,1380,900,9460,CD,0,D2_pwm200_grab5
7719,-1936,-908,11284,CD,0,D2_pwm200_grab5
7724,-1396,-640,9132,CD,0,D2_pwm200_grab5
7729,-3412,-1864,11080,CD,0,D2_pwm200_grab5
7734,-3548,-3928,8156,CD,0,D2_pwm200_grab5
7738,-792,-288,10992,CD,0,D2_pwm200_grab5
7743,-696,984,11132,CD,0,D2_pwm200_grab5
7748,2436,968,10132,CD,0,D2_pwm200_grab5
7754,7180,-16,8308,CD,0,D2_pwm200_grab5
7758,640,88,12452,CD,0,D2_pwm200_grab5
7763,-4332,-1636,10204,CD,0,D2_pwm200_grab5
7769,-3172,-764,14300,CD,0,D2_pwm200_grab5
7773,-3500,-3068,7656,CD,0,D2_pwm200_grab5
7779,-296,416,12564,CD,0,D2_pwm200_grab5
7783,824,1932,13356,CD,0,D2_pwm200_grab5
7789,2804,-532,9396,CD,0,D2_pwm200_grab5
7793,5108,180,9820,CD,0,D2_pwm200_grab5
7798,2684,840,11200,CD,0,D2_pwm200_grab5
7804,-1132,-620,9908,CD,0,D2_pwm200_grab5
7809,-804,-984,12636,CD,0,D2_pwm200_grab5
7814,-3928,-1120,9508,CD,0,D2_pwm200_grab5
7818,572,400,12132,CD,0,D2_pwm200_grab5
7823,3388,2104,13044,CD,0,D2_pwm200_grab5
7829,2760,-964,10344,CD,1,D2_pwm200_grab5
7833,6648,700,8772,CD,1,D2_pwm200_grab5
7838,3216,568,8368,CD,1,D2_pwm200_grab5
7843,-16,-1784,9188,CD,1,D2_pwm200_grab5
7848,1364,128,8800,CD,1,D2_pwm200_grab5
7854,-4528,-1944,8932,CD,1,D2_pwm200_grab5
7859,996,888,9856,CD,1,D2_pwm200_grab5
7863,4440,1756,11664,CD,1,D2_pwm200_grab5
7868,1196,-1020,10476,CD,1,D2_pwm200_grab5
7874,6520,1720,9000,CD,1,D2_pwm200_grab5
7878,-168,40,7944,CD,1,D2_pwm200_grab5
7884,-460,-1900,7316,CD,1,D2_pwm200_grab5
7889,2188,700,7772,CD,1,D2_pwm200_grab5
7894,472,2256,11824,CD,1,D2_pwm200_grab5
7899,556,-116,10216,CD,1,D2_pwm200_grab5
7904,2576,-332,9764,CD,1,D2_pwm200_grab5
7909,884,224,9912,CD,1,D2_pwm200_grab5
7914,136,-1236,7120,CD,1,D2_pwm200_grab5
7919,1236,-1988,8800,CD,1,D2_pwm200_grab5
7925,3624,20,10824,CD,1,D2_pwm200_grab5
7929,528,1388,11436,CD,1,D2_pwm200_grab5
7934,3060,584,8284,CD,1,D2_pwm200_grab5
7939,72,-936,8684,CD,1,D2_pwm200_grab5
7944,1684,-1296,9364,CD,1,D2_pwm200_grab5
7949,-1852,-304,10356,CD,1,D2_pwm200_grab5
7954,-2192,-3512,9284,CD,1,D2_pwm200_grab5
7960,-444,-584,9748,CD,1,D2_pwm200_grab5
7964,924,640,10612,CD,1,D2_pwm200_grab5
7970,-1512,1256,10644,CD,1,D2_pwm200_grab5
7975,3160,1364,8868,CD,1,D2_pwm200_grab5
7979,-92,-900,9428,CD,1,D2_pwm200_grab5
7984,-1080,-1820,6760,CD,1,D2_pwm200_grab5
7990,-6136,-24,10900,CD,1,D2_pwm200_grab5
7994,-4396,-3756,9480,CD,1,D2_pwm200_grab5
8000,2364,764,11776,CD,1,D2_pwm200_grab5
8004,-144,588,11984,CD,1,D2_pwm200_grab5
8009,-112,-208,11852,CD,1,D2_pwm200_grab5
8015,1124,632,9680,CD,1,D2_pwm200_grab5
8019,-2024,-1800,8988,CD,1,D2_pwm200_grab5
8024,-772,-1628,6812,CD,1,D2_pwm200_grab5
8030,-5176,648,10620,CD,1,D2_pwm200_grab5
8035,-3480,-2808,8620,CD,1,D2_pwm200_grab5
8039,5380,208,11120,CD,1,D2_pwm200_grab5
8044,1764,1400,12956,CD,1,D2_pwm200_grab5
8055,1720,-272,11164,CD,1,D2_pwm200_grab5
8059,-1216,-1544,9924,CD,1,D2_pwm200_grab5
8064,-1004,-952,7752,CD,1,D2_pwm200_grab5
8070,-1372,1108,13924,CD,1,D2_pwm200_grab5
8074,-2564,-2084,8576,CD,1,D2_pwm200_grab5
8080,6164,84,9480,CD,1,D2_pwm200_grab5
8085,2804,1504,13116,CD,1,D2_pwm200_grab5
8090,1252,-960,13768,CD,1,D2_pwm200_grab5
8095,3168,-1156,12992,CD,1,D2_pwm200_grab5
8100,-1568,-132,9728,CD,1,D2_pwm200_grab5
8105,864,1716,12000,CD,1,D2_pwm200_grab5
8110,-2076,680,13328,CD,1,D2_pwm200_grab5
8115,-1048,-420,7972,CD,1,D2_pwm200_grab5
8119,5748,996,10968,CD,1,D2_pwm200_grab5
8124,1832,2248,10332,CD,1,D2_pwm200_grab5
8129,2136,-1412,14952,CD,1,D2_pwm200_grab5
8135,2348,-1380,11716,CD,1,D2_pwm200_grab5
8139,-2140,-916,9352,CD,1,D2_pwm200_grab5
8144,2472,2020,10468,CD,1,D2_pwm200_grab5
8151,7404,720,9944,CD,1,D2_pwm200_grab5
8155,628,-4,8404,CD,1,D2_pwm200_grab5
8161,-1252,-1572,9908,CD,1,D2_pwm200_grab5
8165,192,-1632,10260,CD,1,D2_pwm200_grab5
8170,-5296,-1020,6480,CD,1,D2_pwm200_grab5
8176,320,632,9728,CD,1,D2_pwm200_grab5
8181,1604,1944,9824,CD,1,D2_pwm200_grab5
8185,2604,-260,7832,CD,1,D2_pwm200_grab5
8192,4836,-1112,8832,CD,1,D2_pwm200_grab5
8196,-1084,-1112,10096,CD,1,D2_pwm200_grab5
8200,24,-1304,10432,CD,1,D2_pwm200_grab5
8205,-1476,-2396,9428,CD,1,D2_pwm200_grab5
8211,-5108,-1404,5900,CD,1,D2_pwm200_grab5
8215,-192,1308,10948,CD,1,D2_pwm200_grab5
8220,3064,2520,7656,CD,1,D2_pwm200_grab5
8225,-12,-1924,9728,CD,1,D2_pwm200_grab5
8230,5672,128,6460,CD,1,D2_pwm200_grab5
8235,-2056,-844,11268,CD,1,D2_pwm200_grab5
8241,-1896,-2952,10488,CD,1,D2_pwm200_grab5
8246,-4548,-3888,10064,CD,1,D2_pwm200_grab5
8251,-6372,-1140,7872,CD,1,D2_pwm200_grab5
8256,552,464,11844,CD,1,D2_pwm200_grab5
8260,2056,1660,10676,CD,1,D2_pwm200_grab5
8266,-868,-2604,9116,CD,1,D2_pwm200_grab5
8271,5068,-792,10636,CD,1,D2_pwm200_grab5
8275,-1544,-724,9008,CD,1,D2_pwm200_grab5
8281,-3508,-1616,10988,CD,1,D2_pwm200_grab5
8285,-2220,-3372,8440,CD,1,D2_pwm200_grab5
8295,1136,1176,10904,CD,1,D2_pwm200_grab5
8301,1288,596,12144,CD,1,D2_pwm200_grab5
8305,912,-2348,12676,CD,1,D2_pwm200_grab5
8311,1408,-932,11648,CD,1,D2_pwm200_grab5
8315,-296,1256,11116,CD,1,D2_pwm200_grab5
8320,-1712,-524,11516,CD,1,D2_pwm200_grab5
8326,660,-1632,8772,CD,1,D2_pwm200_grab5
8331,-4540,-600,10992,CD,1,D2_pwm200_grab5
8336,924,2052,10492,CD,1,D2_pwm200_grab5
8340,1260,-608,12200,CD,1,D2_pwm200_grab5
8346,1340,-1732,12208,CD,1,D2_pwm200_grab5
8351,800,68,11456,CD,1,D2_pwm200_grab5
8355,1652,1180,11648,CD,1,D2_pwm200_grab5
8361,-268,-1056,9428,CD,1,D2_pwm200_grab5
8366,1084,20,8976,CD,1,D2_pwm200_grab5
8370,-2276,1256,12920,CD,1,D2_pwm200_grab5
8376,1312,1936,10068,CD,1,D2_pwm200_grab5
8380,2420,740,13036,CD,1,D2_pwm200_grab5
8385,1916,-900,10396,CD,1,D2_pwm200_grab5
8391,404,-8,12860,CD,1,D2_pwm200_grab5
8396,2952,-1196,9396,CD,1,D2_pwm200_grab5
8401,1132,-956,8684,CD,1,D2_pwm200_grab5
8406,2348,2480,10992,CD,1,D2_pwm200_grab5
8411,4272,1084,9124,CD,1,D2_pwm200_grab5
8417,-28,-1320,7456,CD,1,D2_pwm200_grab5
8421,900,-1076,8016,CD,1,D2_pwm200_grab5
8427,-3620,1004,9144,CD,1,D2_pwm200_grab5
8431,-4088,-1188,7312,CD,1,D2_pwm200_grab5
8437,3040,208,8796,CD,1,D2_pwm200_grab5
8441,1700,3336,8924,CD,1,D2_pwm200_grab5
8446,536,-1256,12380,CD,1,D2_pwm200_grab5
8451,3328,1568,8512,CD,1,D2_pwm200_grab5
8457,-2124,-1888,8888,CD,1,D2_pwm200_grab5
8461,-628,-800,5968,CD,1,D2_pwm200_grab5
8466,-2576,-732,14952,CD,1,D2_pwm200_grab5
8471,-2260,-2468,6660,CD,1,D2_pwm200_grab5
8477,2428,-1532,9408,CD,1,D2_pwm200_grab5
8481,716,1088,8712,CD,1,D2_pwm200_grab5
8487,-588,-1812,10992,CD,1,D2_pwm200_grab5
8491,3972,1556,8536,CD,1,D2_pwm200_grab5
8497,-2848,-2776,9320,CD,1,D2_pwm200_grab5
8501,-2020,-1564,7636,CD,1,D2_pwm200_grab5
8507,-3184,-1780,10444,CD,1,D2_pwm200_grab5
8512,-3904,-2972,10544,CD,1,D2_pwm200_grab5
8516,1804,356,9708,CD,1,D2_pwm200_grab5
8522,-804,408,10004,CD,1,D2_pwm200_grab5
8527,-1208,-2036,11572,CD,1,D2_pwm200_grab5
8531,612,-860,10308,CD,1,D2_pwm200_grab5
8536,-2032,-2144,8576,CD,1,D2_pwm200_grab5
8541,-3552,-1256,8300,CD,1,D2_pwm200_grab5
8546,-252,-536,10408,CD,1,D2_pwm200_grab5
8552,-3528,-1592,11040,CD,1,D2_pwm200_grab5
8557,2280,1564,11348,CD,1,D2_pwm200_grab5
8561,-2716,568,12952,CD,1,D2_pwm200_grab5
8566,-788,-2732,10284,CD,1,D2_pwm200_grab5
8571,124,-964,11148,CD,1,D2_pwm200_grab5
8577,-1248,-1164,9608,CD,1,D2_pwm200_grab5
8581,-1352,784,11556,CD,1,D2_pwm200_grab5
8587,2792,-460,10428,CD,1,D2_pwm200_grab5
8591,-320,-820,11688,CD,1,D2_pwm200_grab5
8596,1588,476,11252,CD,1,D2_pwm200_grab5
8601,-1860,396,11764,CD,1,D2_pwm200_grab5
8606,-488,-3220,8052,CD,1,D2_pwm200_grab5
8611,-92,-1084,11388,CD,1,D2_pwm200_grab5
8616,632,1852,11440,CD,1,D2_pwm200_grab5
8622,24,1160,12740,CD,1,D2_pwm200_grab5
8631,-432,708,12156,CD,1,D2_pwm200_grab5
8636,592,-984,9996,CD,1,D2_pwm200_grab5
8641,-1232,-504,11072,CD,1,D2_pwm200_grab5
8646,-3576,-2084,5736,CD,1,D2_pwm200_grab5
8652,-40,-928,10424,CD,1,D2_pwm200_grab5
8656,3132,3308,8820,CD,1,D2_pwm200_grab5
8662,4020,1004,8012,CD,1,D2_pwm200_grab5
8673,2096,1792,9724,CD,1,D2_pwm200_grab5
8677,-84,-2468,7916,CD,1,D2_pwm200_grab5
8682,612,-168,7244,CD,1,D2_pwm200_grab5
8687,-3792,476,9884,CD,1,D2_pwm200_grab5
8693,320,756,9248,CD,1,D2_pwm200_grab5
8698,1356,268,10136,CD,1,D2_pwm200_grab5
8702,52,-2540,10364,CD,1,D2_pwm200_grab5
8712,804,276,8484,CD,1,D2_pwm200_grab5
8718,-1592,-2688,8056,CD,1,D2_pwm200_grab5
8722,312,-1496,6768,CD,1,D2_pwm200_grab5
8728,-2648,2064,10984,CD,1,D2_pwm200_grab5
8732,1172,448,8856,CD,1,D2_pwm200_grab5
8738,384,-1396,10360,CD,1,D2_pwm200_grab5
8743,-984,-2740,7812,CD,1,D2_pwm200_grab5
8753,-860,-1072,9164,CD,1,D2_pwm200_grab5
8758,-652,-2528,7444,CD,1,D2_pwm200_grab5
8762,-1368,-680,7568,CD,1,D2_pwm200_grab5
8767,-3052,176,9696,CD,1,D2_pwm200_grab5
8772,428,1108,11164,CD,1,D2_pwm200_grab5
8778,-424,-1712,10084,CD,1,D2_pwm200_grab5
8782,-180,-2168,9676,CD,1,D2_pwm200_grab5
8788,-2124,-2288,10936,CD,1,D2_pwm200_grab5
8792,-2028,-156,9764,CD,1,D2_pwm200_grab5
8798,-1964,-3276,9284,CD,1,D2_pwm200_grab5
8802,824,2316,10540,CD,1,D2_pwm200_grab5
8808,-948,2744,11164,CD,1,D2_pwm200_grab5
8813,-212,740,12268,CD,1,D2_pwm200_grab5
8818,52,-1340,9684,CD,1,D2_pwm200_grab5
8823,576,-948,10204,CD,1,D2_pwm200_grab5
8827,-1468,-2564,11380,CD,1,D2_pwm200_grab5
8832,244,1284,12124,CD,1,D2_pwm200_grab5
8838,-1808,-2068,10492,CD,1,D2_pwm200_grab5
8842,3608,3248,11212,CD,1,D2_pwm200_grab5
8847,452,3548,12788,CD,1,D2_pwm200_grab5
8852,844,-1052,9788,CD,1,D2_pwm200_grab5
8857,680,-1580,10632,CD,1,D2_pwm200_grab5
8863,-884,644,11956,CD,1,D2_pwm200_grab5
8868,-1832,-2120,9904,CD,1,D2_pwm200_grab5
8872,4888,368,10096,CD,1,D2_pwm200_grab5
8877,80,-248,9532,CD,1,D2_pwm200_grab5
8883,3744,1976,11236,CD,1,D2_pwm200_grab5
8887,3308,2304,10924,CD,1,D2_pwm200_grab5
8892,124,-2076,8480,CD,1,D2_pwm200_grab5
8897,1412,-1896,9840,CD,1,D2_pwm200_grab5
8903,-5256,1036,9012,CD,1,D2_pwm200_grab5
8907,-2188,-740,7512,CD,1,D2_pwm200_grab5
8913,4524,1088,8784,CD,1,D2_pwm200_grab5
8919,3176,2784,12356,CD,1,D2_pwm200_grab5
8924,1340,-740,11208,CD,1,D2_pwm200_grab5
8928,2088,-228,10676,CD,1,D2_pwm200_grab5
8933,-1904,-2352,7944,CD,1,D2_pwm200_grab5
8938,308,456,10772,CD,1,D2_pwm200_grab5
8943,1448,212,9904,CD,1,D2_pwm200_grab5
8948,472,-372,8844,CD,1,D2_pwm200_grab5
8954,228,-856,8560,CD,1,D2_pwm200_grab5
8958,-76,676,9516,CD,1,D2_pwm200_grab5
8963,500,-1440,12292,CD,1,D2_pwm200_grab5
8969,2884,-1628,9744,CD,1,D2_pwm200_grab5
8974,-1808,-1012,6800,CD,1,D2_pwm200_grab5
8978,-576,384,12564,CD,1,D2_pwm200_grab5
8983,3364,-1072,9520,CD,1,D2_pwm200_grab5
8989,-1916,-1308,11456,CD,1,D2_pwm200_grab5
8994,-2680,-1404,10364,CD,1,D2_pwm200_grab5
8998,-2596,-784,9008,CD,1,D2_pwm200_grab5
9003,-720,-1964,10928,CD,1,D2_pwm200_grab5
9009,1500,-1752,10136,CD,1,D2_pwm200_grab5
9014,-3216,476,10372,CD,1,D2_pwm200_grab5
9019,-776,596,10648,CD,1,D2_pwm200_grab5
9023,6372,-228,11252,CD,1,D2_pwm200_grab5
9029,-2668,-1708,9572,CD,1,D2_pwm200_grab5
9033,-1968,-1496,12004,CD,1,D2_pwm200_grab5
9038,-4016,-3120,11080,CD,1,D2_pwm200_grab5
9043,-5276,-2052,8012,CD,1,D2_pwm200_grab5
9049,488,-1188,10672,CD,1,D2_pwm200_grab5
9053,-1676,832,12752,CD,1,D2_pwm200_grab5
9059,1656,1788,12092,CD,1,D2_pwm200_grab5
9063,8004,272,8844,CD,1,D2_pwm200_grab5
9068,-276,-392,11960,CD,1,D2_pwm200_grab5
9073,-1544,-1136,11956,CD,1,D2_pwm200_grab5
9079,-2396,-2752,10668,CD,1,D2_pwm200_grab5
9083,-4996,-480,11148,CD,1,D2_pwm200_grab5
9089,-384,-1032,11400,CD,1,D2_pwm200_grab5
9093,88,628,13244,CD,1,D2_pwm200_grab5
9098,3224,976,10404,CD,1,D2_pwm200_grab5
9103,8212,1036,10276,CD,1,D2_pwm200_grab5
9108,864,440,12516,CD,1,D2_pwm200_grab5
9113,-620,-424,10832,CD,1,D2_pwm200_grab5
9118,-764,-2612,11216,CD,1,D2_pwm200_grab5
9123,-3776,-452,11252,CD,1,D2_pwm200_grab5
9128,904,2404,11348,CD,1,D2_pwm200_grab5
9133,1944,1992,11932,CD,1,D2_pwm200_grab5
9138,4904,948,9160,CD,1,D2_pwm200_grab5
9144,5336,2432,8012,CD,1,D2_pwm200_grab5
9148,2816,1176,10124,CD,1,D2_pwm200_grab5
9153,-972,-1220,7616,CD,1,D2_pwm200_grab5
9158,12,-1644,9132,CD,1,D2_pwm200_grab5
9163,-2596,-1020,10264,CD,1,D2_pwm200_grab5
9169,1188,2276,10372,CD,1,D2_pwm200_grab5
9174,2332,436,12368,CD,1,D2_pwm200_grab5
9180,2264,-932,11696,CD,1,D2_pwm200_grab5
9184,536,-32,13084,CD,1,D2_pwm200_grab5
9190,3052,-1204,9720,CD,1,D2_pwm200_grab5
9194,224,-1116,8232,CD,1,D2_pwm200_grab5
9200,3496,1972,11172,CD,1,D2_pwm200_grab5
9204,2684,1392,7976,CD,1,D2_pwm200_grab5
9210,540,-752,8428,CD,1,D2_pwm200_grab5
9216,240,-1560,7308,CD,1,D2_pwm200_grab5
9220,-1240,-868,9476,CD,1,D2_pwm200_grab5
9224,-332,-1304,10180,CD,1,D2_pwm200_grab5
9229,372,-1384,8344,CD,1,D2_pwm200_grab5
9234,856,-1220,9504,CD,1,D2_pwm200_grab5
9240,1888,3048,10116,CD,1,D2_pwm200_grab5
9244,1008,596,7224,CD,1,D2_pwm200_grab5
9249,-1692,-2420,8932,CD,1,D2_pwm200_grab5
9254,-2772,-1408,5956,CD,1,D2_pwm200_grab5
9259,-180,-540,8096,CD,1,D2_pwm200_grab5
9264,-1672,-3464,10344,CD,1,D2_pwm200_grab5
9270,-1208,-500,9224,CD,1,D2_pwm200_grab5
9275,1052,-60,12368,CD,1,D2_pwm200_grab5
9279,240,1484,10264,CD,1,D2_pwm200_grab5
9285,3584,1868,9644,CD,1,D2_pwm200_grab5
9289,-2308,-3252,8844,CD,1,D2_pwm200_grab5
9294,-2364,-456,8492,CD,1,D2_pwm200_grab5
9299,-3280,-800,12636,CD,1,D2_pwm200_grab5
9305,-2588,-2756,9104,CD,1,D2_pwm200_grab5
9309,956,-1036,11232,CD,1,D2_pwm200_grab5
9314,280,-248,11780,CD,1,D2_pwm200_grab5
9319,280,800,11220,CD,1,D2_pwm200_grab5
9324,1848,408,7988,CD,1,D2_pwm200_grab5
9329,-1980,-2300,8560,CD,1,D2_pwm200_grab5
9334,-2332,-44,9548,CD,1,D2_pwm200_grab5
9340,-1140,-484,12100,CD,1,D2_pwm200_grab5
9344,-2580,-3316,10152,CD,1,D2_pwm200_grab5
9349,4332,-1108,10928,CD,1,D2_pwm200_grab5
9354,1840,632,13116,CD,1,D2_pwm200_grab5
9359,528,644,12752,CD,1,D2_pwm200_grab5
9364,1780,932,9476,CD,1,D2_pwm200_grab5
9369,-1740,-1072,10016,CD,1,D2_pwm200_grab5
9374,-1848,960,9644,CD,1,D2_pwm200_grab5
9379,952,44,9688,CD,1,D2_pwm200_grab5
9384,-1104,-2136,10296,CD,1,D2_pwm200_grab5
9390,5472,100,9992,CD,1,D2_pwm200_grab5
9400,1848,-356,13980,CD,1,D2_pwm200_grab5
9405,3012,224,10904,CD,1,D2_pwm200_grab5
9409,-1020,-1564,9568,CD,1,D2_pwm200_grab5
9414,-924,440,11628,CD,1,D2_pwm200_grab5
9419,3388,928,9644,CD,1,D2_pwm200_grab5
9424,-604,-600,11524,CD,1,D2_pwm200_grab5
9431,2120,-628,9948,CD,1,D2_pwm200_grab5
9435,-496,-856,11064,CD,1,D2_pwm200_grab5
9440,-2020,-2576,7204,CD,1,D2_pwm200_grab5
9445,152,-920,10612,CD,1,D2_pwm200_grab5
9451,2164,2620,10816,CD,1,D2_pwm200_grab5
9455,4936,2460,8800,CD,1,D2_pwm200_grab5
9460,8040,760,6456,CD,1,D2_pwm200_grab5
9466,1800,1620,10948,CD,1,D2_pwm200_grab5
9470,-748,-2348,8644,CD,1,D2_pwm200_grab5
9475,-280,-1188,10060,CD,1,D2_pwm200_grab5
9480,-4592,-2332,5376,CD,1,D2_pwm200_grab5
9485,36,-228,10220,CD,1,D2_pwm200_grab5
9491,880,2244,9408,CD,1,D2_pwm200_grab5
9496,4216,1368,6960,CD,1,D2_pwm200_grab5
9500,5300,-440,6676,CD,1,D2_pwm200_grab5
9505,2272,880,8856,CD,1,D2_pwm200_grab5
9510,-1116,-2372,7804,CD,1,D2_pwm200_grab5
9515,-1620,-1764,8776,CD,1,D2_pwm200_grab5
9525,-204,732,10628,CD,1,D2_pwm200_grab5
9530,1488,2308,9456,CD,1,D2_pwm200_grab5
9536,-500,-2540,8192,CD,1,D2_pwm200_grab5
9540,3608,-692,9652,CD,1,D2_pwm200_grab5
9545,-532,-1120,9036,CD,1,D2_pwm200_grab5
9551,-2440,-2444,9104,CD,1,D2_pwm200_grab5
9555,-856,-956,7772,CD,1,D2_pwm200_grab5
9561,-5696,-904,9048,CD,1,D2_pwm200_grab5
9565,648,284,10784,CD,1,D2_pwm200_grab5
9571,2240,1220,11860,CD,1,D2_pwm200_grab5
9578,2240,1220,11860,CD,1,D2_pwm200_grab5
9580,2212,128,11456,CD,1,D2_pwm200_grab5
9585,-2888,-140,9344,CD,1,D2_pwm200_grab5
9590,-1588,-2188,9460,CD,1,D2_pwm200_grab5
9596,-1300,816,8964,CD,1,D2_pwm200_grab5
9600,-4564,996,12796,CD,1,D2_pwm200_grab5
9606,504,1776,10320,CD,1,D2_pwm200_grab5
9610,1900,-248,12584,CD,1,D2_pwm200_grab5
9616,456,-2452,12884,CD,1,D2_pwm200_grab5
9621,1632,-936,12204,CD,1,D2_pwm200_grab5
9625,-520,916,12208,CD,1,D2_pwm200_grab5
9630,604,-852,9864,CD,1,D2_pwm200_grab5
9636,2620,2704,9688,CD,1,D2_pwm200_grab5
9641,3392,3252,12076,CD,1,D2_pwm200_grab5
9646,688,2888,10948,CD,1,D2_pwm200_grab5
9651,2812,356,13108,CD,1,D2_pwm200_grab5
9655,1132,-1800,12728,CD,1,D2_pwm200_grab5
9660,2052,-12,11532,CD,1,D2_pwm200_grab5
9665,2544,172,12200,CD,1,D2_pwm200_grab5
9671,1560,-576,9396,CD,1,D2_pwm200_grab5
9675,3824,1644,11400,CD,1,D2_pwm200_grab5
9680,4020,2508,10432,CD,1,D2_pwm200_grab5
9687,24,-1408,9148,CD,1,D2_pwm200_grab5
9692,1452,-756,7636,CD,1,D2_pwm200_grab5
9697,-4860,1272,9860,CD,1,D2_pwm200_grab5
9702,-1704,-1208,5528,CD,1,D2_pwm200_grab5
9706,4996,1388,9272,CD,1,D2_pwm200_grab5
9711,3592,2764,10516,CD,1,D2_pwm200_grab5
9716,2900,-992,13240,CD,1,D2_pwm200_grab5
9721,3160,-1828,9996,CD,1,D2_pwm200_grab5
9726,-2024,-2332,7412,CD,1,D2_pwm200_grab5
9731,-552,-1940,7556,CD,1,D2_pwm200_grab5
9737,-2232,1060,11376,CD,1,D2_pwm200_grab5
9742,-3868,-3104,9044,CD,1,D2_pwm200_grab5
9746,4316,-8,8784,CD,1,D2_pwm200_grab5
9751,-180,2484,7772,CD,1,D2_pwm200_grab5
9756,700,-1040,11944,CD,1,D2_pwm200_grab5
9761,960,-972,10760,CD,1,D2_pwm200_grab5
9766,-1468,-716,6804,CD,1,D2_pwm200_grab5
9772,-3280,-1060,6548,CD,1,D2_pwm200_grab5
9776,-1808,100,13760,CD,1,D2_pwm200_grab5
9781,-4040,-2220,9544,CD,1,D2_pwm200_grab5
9786,2232,-1380,8276,CD,1,D2_pwm200_grab5
9791,-3276,-4,11172,CD,1,D2_pwm200_grab5
9797,-856,-2376,8968,CD,1,D2_pwm200_grab5
9802,-596,-1796,10400,CD,1,D2_pwm200_grab5
9806,-4024,936,10608,CD,1,D2_pwm200_grab5
9811,1056,980,11168,CD,1,D2_pwm200_grab5
9816,-2052,-1324,8536,CD,1,D2_pwm200_grab5
9822,-1196,-2004,12192,CD,1,D2_pwm200_grab5
9826,-12,-72,9684,CD,1,D2_pwm200_grab5
9831,-2432,-68,11580,CD,1,D2_pwm200_grab5
9837,-3468,-3224,10632,CD,1,D2_pwm200_grab5
9842,-208,-780,11712,CD,1,D2_pwm200_grab5
9846,-784,932,13200,CD,1,D2_pwm200_grab5
9852,4176,828,9960,CD,1,D2_pwm200_grab5
9857,2168,-1460,11784,CD,1,D2_pwm200_grab5
9862,-764,-700,12124,CD,1,D2_pwm200_grab5
9867,336,552,12492,CD,1,D2_pwm200_grab5
9872,-832,-864,13560,CD,1,D2_pwm200_grab5
9877,-3336,-2996,7544,CD,1,D2_pwm200_grab5
9881,-244,-344,11492,CD,1,D2_pwm200_grab5
9886,2160,1328,14812,CD,1,D2_pwm200_grab5
9891,4312,-120,7836,CD,1,D2_pwm200_grab5
9897,6660,1356,7960,CD,1,D2_pwm200_grab5
9901,-576,-832,11096,CD,1,D2_pwm200_grab5
9906,-584,324,12120,CD,1,D2_pwm200_grab5
9912,-1836,-1192,11952,CD,1,D2_pwm200_grab5
9916,-3328,-2236,9120,CD,1,D2_pwm200_grab5
9921,-48,-216,11716,CD,1,D2_pwm200_grab5
9926,3508,3108,10892,CD,1,D2_pwm200_grab5
9932,2664,-1404,9020,CD,1,D2_pwm200_grab5
9936,6224,2240,9800,CD,1,D2_pwm200_grab5
9942,1988,1116,9708,CD,1,D2_pwm200_grab5
9947,24,-1008,6676,CD,1,D2_pwm200_grab5
9952,928,276,9544,CD,1,D2_pwm200_grab5
9958,532,696,11464,CD,1,D2_pwm200_grab5
9962,1720,1240,9068,CD,1,D2_pwm200_grab5
9968,1568,-860,11916,CD,1,D2_pwm200_grab5
9973,2072,652,8844,CD,1,D2_pwm200_grab5
9977,-1916,-940,9832,CD,1,D2_pwm200_grab5
9984,1500,-1108,8952,CD,1,D2_pwm200_grab5
9987,-244,-2504,7424,CD,1,D2_pwm200_grab5
9992,2408,548,7848,CD,1,D2_pwm200_grab5
9997,1040,2588,10472,CD,1,D2_pwm200_grab5
10003,708,-524,9564,CD,1,D2_pwm200_grab5
10007,1628,-1096,8604,CD,1,D2_pwm200_grab5
10012,1120,1356,11032,CD,1,D2_pwm200_grab5
10018,-1820,-2396,7136,CD,1,D2_pwm200_grab5
10023,1752,-2572,9032,CD,1,D2_pwm200_grab5
10027,-1088,-1988,9080,CD,1,D2_pwm200_grab5
10033,3436,832,8716,CD,1,D2_pwm200_grab5
10037,1408,2896,9140,CD,1,D2_pwm200_grab5
10042,852,-868,8468,CD,1,D2_pwm200_grab5
10048,188,-2080,7140,CD,1,D2_pwm200_grab5
10052,-3236,968,8208,CD,1,D2_pwm200_grab5
10057,-3976,-3696,9340,CD,1,D2_pwm200_grab5
10062,1192,-464,8684,CD,1,D2_pwm200_grab5
10067,1592,564,11820,CD,1,D2_pwm200_grab5
10073,856,1788,10064,CD,1,D2_pwm200_grab5
10077,-984,1692,8764,CD,1,D2_pwm200_grab5
10083,-1920,-640,9472,CD,1,D2_pwm200_grab5
10087,-2552,-1940,6284,CD,1,D2_pwm200_grab5
10092,-6172,-36,11464,CD,1,D2_pwm200_grab5
10097,-4448,-3656,9796,CD,1,D2_pwm200_grab5
10102,2224,-1436,10068,CD,1,D2_pwm200_grab5
10108,-628,2152,12092,CD,1,D2_pwm200_grab5
10112,784,2360,11100,CD,1,D2_pwm200_grab5
10118,2980,1680,10332,CD,1,D2_pwm200_grab5
10123,-2040,-2432,10848,CD,1,D2_pwm200_grab5
10127,-1620,-988,8924,CD,1,D2_pwm200_grab5
10132,-3356,-480,14024,CD,1,D2_pwm200_grab5
10137,-2328,-1316,9296,CD,1,D2_pwm200_grab5
10143,3676,-448,10452,CD,1,D2_pwm200_grab5
10147,176,808,12540,CD,1,D2_pwm200_grab5
10153,-40,-1912,13100,CD,1,D2_pwm200_grab5
10157,4492,732,11748,CD,1,D2_pwm200_grab5
10162,-1692,-3144,8548,CD,1,D2_pwm200_grab5
10167,-1380,560,9656,CD,1,D2_pwm200_grab5
10172,-812,984,10884,CD,1,D2_pwm200_grab5
10178,-1228,-1404,10264,CD,1,D2_pwm200_grab5
10182,3676,1244,10772,CD,1,D2_pwm200_grab5
10187,224,-72,10364,CD,1,D2_pwm200_grab5
10192,-428,-2736,11672,CD,1,D2_pwm200_grab5
10198,304,-1144,10204,CD,1,D2_pwm200_grab5
10204,-2232,1108,11100,CD,1,D2_pwm200_grab5
10209,4064,2540,10344,CD,1,D2_pwm200_grab5
10218,1108,1172,10756,CD,1,D2_pwm200_grab5
10224,-92,-692,10900,CD,1,D2_pwm200_grab5
10228,-156,-1172,8404,CD,1,D2_pwm200_grab5
10234,-4120,-360,9416,CD,1,D2_pwm200_grab5
10238,252,780,9116,CD,1,D2_pwm200_grab5
10243,8,1604,10812,CD,1,D2_pwm200_grab5
10248,4088,1868,7320,CD,1,D2_pwm200_grab5
10258,1360,512,8804,CD,1,D2_pwm200_grab5
10263,-1556,-1784,8444,CD,1,D2_pwm200_grab5
10269,-620,-3500,6796,CD,1,D2_pwm200_grab5
10273,-4540,-928,9164,CD,1,D2_pwm200_grab5
10279,1196,1100,7984,CD,1,D2_pwm200_grab5
10284,2612,3404,9072,CD,1,D2_pwm200_grab5
10289,-788,-2524,8832,CD,1,D2_pwm200_grab5
10299,-468,-968,9600,CD,1,D2_pwm200_grab5
10303,4,-2272,7240,CD,1,D2_pwm200_grab5
10308,-1416,-1540,7516,CD,1,D2_pwm200_grab5
10314,-4096,108,9664,CD,1,D2_pwm200_grab5
10319,400,1896,11364,CD,1,D2_pwm200_grab5
10323,-608,-368,9576,CD,1,D2_pwm200_grab5
10328,-996,-3088,9528,CD,1,D2_pwm200_grab5
10334,3980,-1428,10608,CD,1,D2_pwm200_grab5
10338,-2176,-504,10024,CD,1,D2_pwm200_grab5
10344,-2488,-3576,8896,CD,1,D2_pwm200_grab5
10349,184,1736,9912,CD,1,D2_pwm200_grab5
10354,-424,3344,11792,CD,1,D2_pwm200_grab5
10359,-264,692,12652,CD,1,D2_pwm200_grab5
10363,348,-1628,9396,CD,1,D2_pwm200_grab5
10369,856,-2648,13720,CD,1,D2_pwm200_grab5
10373,904,-1908,13060,CD,1,D2_pwm200_grab5
10378,648,584,12564,CD,1,D2_pwm200_grab5
10384,-1540,-1724,11148,CD,1,D2_pwm200_grab5
10388,2412,2584,10332,CD,1,D2_pwm200_grab5
10393,1288,3912,12476,CD,1,D2_pwm200_grab5
10398,-84,-1868,10352,CD,1,D2_pwm200_grab5
10403,-92,-2320,8736,CD,1,D2_pwm200_grab5
10408,-5400,276,10404,CD,1,D2_pwm200_grab5
10413,424,-76,12972,CD,1,D2_pwm200_grab5
10418,2440,908,11096,CD,1,D2_pwm200_grab5
10424,1084,-268,10612,CD,1,D2_pwm200_grab5
10428,3460,2360,12228,CD,1,D2_pwm200_grab5
10433,2888,2204,11060,CD,1,D2_pwm200_grab5
10438,-792,-2976,7728,CD,1,D2_pwm200_grab5
10444,148,-1580,9032,CD,1,D2_pwm200_grab5
10448,-1916,1356,14196,CD,1,D2_pwm200_grab5
10455,-2020,-1544,6960,CD,1,D2_pwm200_grab5
10460,4752,1992,8864,CD,1,D2_pwm200_grab5
10464,1360,3616,10332,CD,1,D2_pwm200_grab5
10469,1176,-2044,9232,CD,1,D2_pwm200_grab5
10475,2536,-1024,11636,CD,1,D2_pwm200_grab5
10480,-3292,-1544,8968,CD,1,D2_pwm200_grab5
10484,2044,916,12276,CD,1,D2_pwm200_grab5
10496,1360,720,8876,CD,1,D2_pwm200_grab5
10499,2072,492,8764,CD,1,D2_pwm200_grab5
10505,-180,1320,9004,CD,1,D2_pwm200_grab5
10509,-1588,-3324,8796,CD,1,D2_pwm200_grab5
10514,124,-2676,9132,CD,1,D2_pwm200_grab5
10519,-2004,2180,8036,CD,1,D2_pwm200_grab5
10524,2028,1352,11988,CD,1,D2_pwm200_grab5
10530,7368,-916,8940,CD,1,D2_pwm200_grab5
10534,152,-96,10336,CD,1,D2_pwm200_grab5
10539,2196,640,8488,CD,1,D2_pwm200_grab5
10545,-1596,-44,8660,CD,1,D2_pwm200_grab5
10550,-1672,-3412,7436,CD,1,D2_pwm200_grab5
10554,-800,-1392,9780,CD,1,D2_pwm200_grab5
10560,1144,1992,12592,CD,1,D2_pwm200_grab5
10565,3328,588,8148,CD,1,D2_pwm200_grab5
10569,6880,332,8200,CD,1,D2_pwm200_grab5
10574,-1004,-176,9508,CD,1,D2_pwm200_grab5
10580,-1380,-2768,9612,CD,1,D2_pwm200_grab5
10585,-2856,-2416,10428,CD,1,D2_pwm200_grab5
10590,-5724,-3608,5000,CD,1,D2_pwm200_grab5
10594,-1208,204,10892,CD,1,D2_pwm200_grab5
10600,1224,2284,10936,CD,1,D2_pwm200_grab5
10604,412,-2340,9248,CD,1,D2_pwm200_grab5
10609,5912,456,7008,CD,1,D2_pwm200_grab5
10614,-44,112,11020,CD,1,D2_pwm200_grab5
10619,-1072,-2508,8188,CD,1,D2_pwm200_grab5
10624,-3456,-2316,13512,CD,1,D2_pwm200_grab5
10629,-6784,-2524,8232,CD,1,D2_pwm200_grab5
10634,644,1184,12820,CD,1,D2_pwm200_grab5
10640,3188,3396,10884,CD,1,D2_pwm200_grab5
10645,1772,-2404,10208,CD,1,D2_pwm200_grab5
10649,3412,500,10940,CD,1,D2_pwm200_grab5
10655,732,-276,11236,CD,1,D2_pwm200_grab5
10660,-2052,-2620,8688,CD,1,D2_pwm200_grab5
10664,2720,1612,10276,CD,1,D2_pwm200_grab5
10669,-5544,560,11612,CD,1,D2_pwm200_grab5
10674,928,1552,10352,CD,1,D2_pwm200_grab5
10679,2212,564,12504,CD,1,D2_pwm200_grab5
10684,2896,-2040,11624,CD,1,D2_pwm200_grab5
10689,2136,-680,12876,CD,1,D2_pwm200_grab5
10695,2480,-408,11020,CD,1,D2_pwm200_grab5
10700,12,-976,10268,CD,1,D2_pwm200_grab5
10705,3496,2308,11388,CD,1,D2_pwm200_grab5
10710,2912,3700,13068,CD,1,D2_pwm200_grab5
10715,136,-624,10292,CD,1,D2_pwm200_grab5
10720,948,-1528,9884,CD,1,D2_pwm200_grab5
10725,-4340,1052,9528,CD,1,D2_pwm200_grab5
10730,-3060,-1612,8344,CD,1,D2_pwm200_grab5
10736,6296,-788,8668,CD,1,D2_pwm200_grab5
10740,4100,1268,14108,CD,1,D2_pwm200_grab5
10745,3116,-208,14264,CD,1,D2_pwm200_grab5
10752,3740,-300,9908,CD,1,D2_pwm200_grab5
10755,-1328,-3372,8168,CD,1,D2_pwm200_grab5
10761,1056,-868,8144,CD,1,D2_pwm200_grab5
10765,-2996,1088,14076,CD,1,D2_pwm200_grab5
10771,-1588,-1680,5496,CD,1,D2_pwm200_grab5
10776,3484,36,7476,CD,1,D2_pwm200_grab5
10780,2600,2820,8764,CD,1,D2_pwm200_grab5
10785,24,-968,9292,CD,1,D2_pwm200_grab5
10790,3172,-996,10148,CD,1,D2_pwm200_grab5
10795,-1720,-3064,6204,CD,1,D2_pwm200_grab5
10800,-1256,-1256,8796,CD,1,D2_pwm200_grab5
10805,-1084,488,9484,CD,1,D2_pwm200_grab5
10811,-3084,-2216,8584,CD,1,D2_pwm200_grab5
10815,156,248,8864,CD,1,D2_pwm200_grab5
10821,-752,568,7920,CD,1,D2_pwm200_grab5
10825,-2732,-3832,10344,CD,1,D2_pwm200_grab5
10831,28,-1940,10104,CD,1,D2_pwm200_grab5
10835,-3556,1220,9056,CD,1,D2_pwm200_grab5
10841,-2372,472,7156,CD,1,D2_pwm200_grab5
10845,648,-924,10604,CD,1,D2_pwm200_grab5
10850,-2948,-2888,10172,CD,1,D2_pwm200_grab5
10855,452,-632,11560,CD,1,D2_pwm200_grab5
10860,-3612,-1308,9344,CD,1,D2_pwm200_grab5
10866,-3488,-2852,8908,CD,1,D2_pwm200_grab5
10871,-912,-1084,11232,CD,1,D2_pwm200_grab5
10876,920,1576,13272,CD,1,D2_pwm200_grab5
10880,-548,1804,11804,CD,1,D2_pwm200_grab5
10886,3908,-836,12212,CD,1,D2_pwm200_grab5
10891,-1528,-2544,11568,CD,1,D2_pwm200_grab5
10896,-884,-584,11668,CD,1,D2_pwm200_grab5
10900,-2800,-2424,10672,CD,1,D2_pwm200_grab5
10906,-4224,-1800,10244,CD,1,D2_pwm200_grab5
10910,-904,-56,11488,CD,1,D2_pwm200_grab5
10915,2692,2908,14276,CD,1,D2_pwm200_grab5
10920,3040,16,9160,CD,1,D2_pwm200_grab5
10930,-548,-600,11612,CD,1,D2_pwm200_grab5
10936,-1304,-24,11436,CD,1,D2_pwm200_grab5
10940,-1248,-3292,13460,CD,1,D2_pwm200_grab5
10946,-4428,-1956,8796,CD,1,D2_pwm200_grab5
10950,1212,928,12336,CD,1,D2_pwm200_grab5
10955,4820,2920,11208,CD,1,D2_pwm200_grab5
10960,2260,-1204,8900,CD,1,D2_pwm200_grab5
10966,5120,1400,8052,CD,1,D2_pwm200_grab5
10971,1440,1484,10712,CD,1,D2_pwm200_grab5
10977,-716,-1876,7408,CD,1,D2_pwm200_grab5
10981,1792,592,8800,CD,1,D2_pwm200_grab5
10987,1136,2708,12564,CD,1,D2_pwm200_grab5
10992,860,692,10104,CD,1,D2_pwm200_grab5
10997,2748,-1076,10208,CD,1,D2_pwm200_grab5
11001,1296,408,10124,CD,1,D2_pwm200_grab5
11006,-900,-1604,7072,CD,1,D2_pwm200_grab5
11011,2496,52,9792,CD,1,D2_pwm200_grab5
11016,-544,-1868,8000,CD,1,D2_pwm200_grab5
11021,3760,2100,9460,CD,1,D2_pwm200_grab5
11026,1524,1624,9044,CD,1,D2_pwm200_grab5
11031,1476,52,9712,CD,1,D2_pwm200_grab5
11036,1072,-2104,8560,CD,1,D2_pwm200_grab5
11042,-620,804,9008,CD,1,D2_pwm200_grab5
11047,-3876,-2332,9628,CD,1,D2_pwm200_grab5
11051,320,-1148,8888,CD,1,D2_pwm200_grab5
11056,384,-2700,9104,CD,1,D2_pwm200_grab5
11061,1580,2504,9504,CD,1,D2_pwm200_grab5
11067,52,1168,7272,CD,1,D2_pwm200_grab5
11071,-1596,-1700,9120,CD,1,D2_pwm200_grab5
11076,-2640,-1516,5532,CD,1,D2_pwm200_grab5
11082,-6328,-1000,11144,CD,1,D2_pwm200_grab5
11087,-4812,-3772,8640,CD,1,D2_pwm200_grab5
11091,2460,-2232,8276,CD,1,D2_pwm200_grab5
11096,-16,-1116,9000,CD,1,D2_pwm200_grab5
11101,144,2008,10132,CD,1,D2_pwm200_grab5
11106,1768,1900,8988,CD,1,D2_pwm200_grab5
11111,-1924,-3472,8732,CD,1,D2_pwm200_grab5
11116,-816,-1848,6844,CD,1,D2_pwm200_grab5
11122,-2696,-480,13236,CD,1,D2_pwm200_grab5
11126,-2444,-1700,9840,CD,1,D2_pwm200_grab5
11131,1276,-472,9072,CD,1,D2_pwm200_grab5
11136,292,412,11568,CD,1,D2_pwm200_grab5
11142,412,724,11116,CD,1,D2_pwm200_grab5
11147,2284,416,8392,CD,1,D2_pwm200_grab5
11151,-2672,-2388,8164,CD,1,D2_pwm200_grab5
11157,-3576,-956,7016,CD,1,D2_pwm200_grab5
11162,-556,-92,8984,CD,1,D2_pwm200_grab5
11166,-3364,-2648,10736,CD,1,D2_pwm200_grab5
11171,2028,1172,11936,CD,1,D2_pwm200_grab5
11176,-3640,132,13224,CD,1,D2_pwm200_grab5
11186,2756,-256,9904,CD,1,D2_pwm200_grab5
11192,-1460,-184,10072,CD,1,D2_pwm200_grab5
11197,-588,2168,11544,CD,1,D2_pwm200_grab5
11201,4060,176,11232,CD,1,D2_pwm200_grab5
11206,-856,-1296,11592,CD,1,D2_pwm200_grab5
11211,96,92,11800,CD,1,D2_pwm200_grab5
11216,-1804,-320,11748,CD,1,D2_pwm200_grab5
11222,-3300,-3308,8824,CD,1,D2_pwm200_grab5
11228,-404,-580,11756,CD,1,D2_pwm200_grab5
11233,3240,3312,12840,CD,1,D2_pwm200_grab5
11237,2160,-1344,8760,CD,1,D2_pwm200_grab5
11242,6676,1604,9544,CD,1,D2_pwm200_grab5
11247,2028,932,9892,CD,1,D2_pwm200_grab5
11252,260,-976,6168,CD,1,D2_pwm200_grab5
11258,688,-328,9184,CD,1,D2_pwm200_grab5
11262,276,1136,11400,CD,1,D2_pwm200_grab5
11267,1444,1136,10332,CD,1,D2_pwm200_grab5
11273,4932,2672,9260,CD,1,D2_pwm200_grab5
11277,2184,-1368,10180,CD,1,D2_pwm200_grab5
11282,4560,940,8976,CD,1,D2_pwm200_grab5
11288,732,1152,10192,CD,1,D2_pwm200_grab5
11293,472,-2656,7792,CD,1,D2_pwm200_grab5
11297,3768,1156,7336,CD,1,D2_pwm200_grab5
11302,1680,3256,9412,CD,1,D2_pwm200_grab5
11307,1216,2552,8220,CD,1,D2_pwm200_grab5
11313,968,-520,11596,CD,1,D2_pwm200_grab5
11317,1852,-2624,7848,CD,1,D2_pwm200_grab5
11322,304,-1368,12880,CD,1,D2_pwm200_grab5
11328,1296,-1188,9164,CD,1,D2_pwm200_grab5
11332,-104,-2252,9892,CD,1,D2_pwm200_grab5
11338,1824,976,9396,CD,1,D2_pwm200_grab5
11342,2432,2508,9520,CD,1,D2_pwm200_grab5
11347,-508,-1696,7320,CD,1,D2_pwm200_grab5
11353,-952,-1404,9520,CD,1,D2_pwm200_grab5
11357,-1768,-1364,9044,CD,1,D2_pwm200_grab5
11363,-3928,-3232,9656,CD,1,D2_pwm200_grab5
11368,524,-3120,8892,CD,1,D2_pwm200_grab5
11373,-412,268,12072,CD,1,D2_pwm200_grab5
11377,-108,2872,9744,CD,1,D2_pwm200_grab5
11382,2444,1392,9516,CD,1,D2_pwm200_grab5
11388,-2452,-2320,9344,CD,1,D2_pwm200_grab5
11392,196,-2592,8336,CD,1,D2_pwm200_grab5
11397,-4348,196,7736,CD,1,D2_pwm200_grab5
11402,-3180,-2324,9620,CD,1,D2_pwm200_grab5
11408,1104,-560,9068,CD,1,D2_pwm200_grab5
11412,2528,1240,13696,CD,1,D2_pwm200_grab5
11422,2900,168,10192,CD,1,D2_pwm200_grab5
11428,-3292,-2460,9504,CD,1,D2_pwm200_grab5
11433,-412,2316,11560,CD,1,D2_pwm200_grab5
11443,-2884,-2636,7616,CD,1,D2_pwm200_grab5
11448,3436,1304,11480,CD,1,D2_pwm200_grab5
11453,2204,2584,11932,CD,1,D2_pwm200_grab5
11458,908,-300,12424,CD,1,D2_pwm200_grab5
11462,2260,-896,11104,CD,1,D2_pwm200_grab5
11467,-972,-1292,9628,CD,1,D2_pwm200_grab5
11473,1164,1840,13668,CD,1,D2_pwm200_grab5
11479,6500,168,10356,CD,1,D2_pwm200_grab5
11484,368,1396,12024,CD,1,D2_pwm200_grab5
11488,-1492,128,11928,CD,1,D2_pwm200_grab5
11493,-492,-2444,10432,CD,1,D2_pwm200_grab5
11498,-4988,-3212,8740,CD,1,D2_pwm200_grab5
11503,1168,536,10204,CD,1,D2_pwm200_grab5
11509,4488,3232,13012,CD,1,D2_pwm200_grab5
11513,1084,-2536,9480,CD,1,D2_pwm200_grab5
11518,5704,1412,8052,CD,1,D2_pwm200_grab5
11524,1996,964,9856,CD,1,D2_pwm200_grab5
11528,-524,-456,10676,CD,1,D2_pwm200_grab5
11534,536,-952,9440,CD,1,D2_pwm200_grab5
11538,-3548,-1392,8648,CD,1,D2_pwm200_grab5
11544,1148,2720,7792,CD,1,D2_pwm200_grab5
11549,3112,1508,10064,CD,1,D2_pwm200_grab5
11553,2188,-3108,8304,CD,1,D2_pwm200_grab5
11559,1580,1128,11580,CD,1,D2_pwm200_grab5
11564,408,208,8844,CD,1,D2_pwm200_grab5
11568,312,-2880,8844,CD,1,D2_pwm200_grab5
11573,-824,-1432,7204,CD,1,D2_pwm200_grab5
11579,-4660,-100,9500,CD,1,D2_pwm200_grab5
11583,392,1788,11132,CD,1,D2_pwm200_grab5
11589,916,744,9392,CD,1,D2_pwm200_grab5
11593,-1888,-3824,9612,CD,1,D2_pwm200_grab5
11598,1436,-200,11892,CD,1,D2_pwm200_grab5
11603,-340,-2204,9696,CD,1,D2_pwm200_grab5
11608,-616,-2612,7816,CD,1,D2_pwm200_grab5
11614,-1816,312,8168,CD,1,D2_pwm200_grab5
11619,-2700,2296,10872,CD,1,D2_pwm200_grab5
11623,-80,464,11200,CD,1,D2_pwm200_grab5
11628,640,-1552,10608,CD,1,D2_pwm200_grab5
11634,-1656,-1732,9296,CD,1,D2_pwm200_grab5
11639,-2348,-2792,11304,CD,1,D2_pwm200_grab5
11643,864,-1672,10296,CD,1,D2_pwm200_grab5
11648,-3276,-3076,9056,CD,1,D2_pwm200_grab5
11653,960,1516,8144,CD,1,D2_pwm200_grab5
11659,-1084,2048,11440,CD,1,D2_pwm200_grab5
11663,360,-900,10892,CD,1,D2_pwm200_grab5
11668,-772,-2932,8584,CD,1,D2_pwm200_grab5
11674,-2840,844,12164,CD,1,D2_pwm200_grab5
11679,-3508,-2704,10916,CD,1,D2_pwm200_grab5
11683,3600,792,10880,CD,1,D2_pwm200_grab5
11694,576,2096,9484,CD,1,D2_pwm200_grab5
11699,2668,2564,10444,CD,1,D2_pwm200_grab5
11704,-1404,-520,12272,CD,1,D2_pwm200_grab5
11708,-340,-2016,8908,CD,1,D2_pwm200_grab5
11719,-2776,-1708,8688,CD,1,D2_pwm200_grab5
11723,4412,-1244,10184,CD,1,D2_pwm200_grab5
11729,2004,3464,12564,CD,1,D2_pwm200_grab5
11740,2960,-736,9868,CD,1,D2_pwm200_grab5
11744,-1068,-1028,8284,CD,1,D2_pwm200_grab5
11749,488,1424,12596,CD,1,D2_pwm200_grab5
11754,5876,1452,10532,CD,1,D2_pwm200_grab5
11759,464,-328,9796,CD,1,D2_pwm200_grab5
11764,-1308,-92,10456,CD,1,D2_pwm200_grab5
11770,-800,-1484,11640,CD,1,D2_pwm200_grab5
11776,-5188,-4080,6644,CD,1,D2_pwm200_grab5
11780,664,-1976,9848,CD,1,D2_pwm200_grab5
11784,-1456,-1288,10496,CD,1,D2_pwm200_grab5
11789,1936,1628,13168,CD,1,D2_pwm200_grab5
11799,780,1188,10612,CD,1,D2_pwm200_grab5
11804,-940,-924,11004,CD,1,D2_pwm200_grab5
11810,-716,-1160,8216,CD,1,D2_pwm200_grab5
11814,-4984,-1844,8504,CD,1,D2_pwm200_grab5
11819,568,-1368,10140,CD,1,D2_pwm200_grab5
11824,-3328,1960,9724,CD,1,D2_pwm200_grab5
11829,4600,2028,8528,CD,1,D2_pwm200_grab5
11839,776,516,8876,CD,1,D2_pwm200_grab5
11844,-1536,-1828,8696,CD,1,D2_pwm200_grab5
11849,-800,-3748,7420,CD,1,D2_pwm200_grab5
11854,-4676,-1068,8372,CD,1,D2_pwm200_grab5
11859,1292,1208,8276,CD,1,D2_pwm200_grab5
11865,3340,3368,10880,CD,1,D2_pwm200_grab5
11870,-884,-2968,10112,CD,1,D2_pwm200_grab5
11879,-1300,-448,9888,CD,1,D2_pwm200_grab5
11885,-104,-2524,6992,CD,1,D2_pwm200_grab5
11890,-1188,-776,7256,CD,1,D2_pwm200_grab5
11894,-2748,1424,9552,CD,1,D2_pwm200_grab5
11900,68,1712,10740,CD,1,D2_pwm200_grab5
11904,3092,2216,10488,CD,1,D2_pwm200_grab5
11909,1156,-2300,9732,CD,1,D2_pwm200_grab5
11914,2560,-1648,11580,CD,1,D2_pwm200_grab5
11920,-484,-1540,11096,CD,1,D2_pwm200_grab5
11924,-1784,-3584,9640,CD,1,D2_pwm200_grab5
11930,1056,1880,9636,CD,1,D2_pwm200_grab5
11934,1140,3992,11084,CD,1,D2_pwm200_grab5
11939,-1176,-216,12768,CD,1,D2_pwm200_grab5
11945,164,-2656,8016,CD,1,D2_pwm200_grab5
11950,-348,-2080,11288,CD,1,D2_pwm200_grab5
11955,-432,-1624,12972,CD,1,D2_pwm200_grab5
11959,1284,760,11616,CD,1,D2_pwm200_grab5
11965,-76,-1384,12388,CD,1,D2_pwm200_grab5
11969,2404,2880,12740,CD,1,D2_pwm200_grab5
11975,956,3704,12764,CD,1,D2_pwm200_grab5
11980,-992,-3156,9228,CD,1,D2_pwm200_grab5
11985,-1488,-1204,7384,CD,1,D2_pwm200_grab5
11991,-396,1536,14724,CD,1,D2_pwm200_grab5
11995,-3064,-1868,8372,CD,1,D2_pwm200_grab5
12000,5576,788,9712,CD,1,D2_pwm200_grab5
12005,1240,2916,12360,CD,1,D2_pwm200_grab5
12011,948,-1928,11612,CD,1,D2_pwm200_grab5
12015,1928,-1148,11048,CD,1,D2_pwm200_grab5
12020,-1688,-332,10760,CD,1,D2_pwm200_grab5
12025,1476,1124,13136,CD,1,D2_pwm200_grab5
12035,4,-1216,9600,CD,1,D2_pwm200_grab5
12040,2672,1852,9684,CD,1,D2_pwm200_grab5
12046,-452,1400,11800,CD,1,D2_pwm200_grab5
12050,-2740,-3480,6416,CD,1,D2_pwm200_grab5
12056,804,-1724,11660,CD,1,D2_pwm200_grab5
12061,-1452,2312,10072,CD,1,D2_pwm200_grab5
12066,5276,1516,9200,CD,1,D2_pwm200_grab5
12075,-804,-320,10592,CD,1,D2_pwm200_grab5
12081,-2164,-1336,10264,CD,1,D2_pwm200_grab5
12086,-1140,-1044,8976,CD,1,D2_pwm200_grab5
12095,88,-1264,10584,CD,1,D2_pwm200_grab5
12100,3364,3884,9316,CD,1,D2_pwm200_grab5
12105,-588,-3752,9680,CD,1,D2_pwm200_grab5
12111,4392,352,8572,CD,1,D2_pwm200_grab5
12115,-948,44,8196,CD,1,D2_pwm200_grab5
12121,-2332,-2544,10336,CD,1,D2_pwm200_grab5
12125,-1208,-2260,8580,CD,1,D2_pwm200_grab5
12131,-6468,312,8440,CD,1,D2_pwm200_grab5
12136,732,1780,7992,CD,1,D2_pwm200_grab5
12141,1864,1160,11040,CD,1,D2_pwm200_grab5
12146,1952,-2296,8652,CD,1,D2_pwm200_grab5
12150,1460,-1084,13136,CD,1,D2_pwm200_grab5
12156,-2292,-876,10156,CD,1,D2_pwm200_grab5
12160,-1392,-2688,9640,CD,1,D2_pwm200_grab5
12166,-2280,-3168,8844,CD,1,D2_pwm200_grab5
12171,-4484,912,11932,CD,1,D2_pwm200_grab5
12176,640,2452,10960,CD,1,D2_pwm200_grab5
12180,-460,-1340,12536,CD,1,D2_pwm200_grab5
12186,-900,-2712,10716,CD,1,D2_pwm200_grab5
12191,-2412,-1984,11704,CD,1,D2_pwm200_grab5
12195,-112,-904,11348,CD,1,D2_pwm200_grab5
12200,896,300,13416,CD,1,D2_pwm200_grab5
12206,-136,1696,9992,CD,1,D2_pwm200_grab5
12211,1768,2344,12480,CD,1,D2_pwm200_grab5
12215,244,1916,12596,CD,1,D2_pwm200_grab5
12220,1160,-2912,10452,CD,1,D2_pwm200_grab5
12226,28,536,10748,CD,1,D2_pwm200_grab5
12231,-1924,-1072,9684,CD,1,D2_pwm200_grab5
12235,4212,-1268,11084,CD,1,D2_pwm200_grab5
12241,2524,2532,13328,CD,1,D2_pwm200_grab5
12247,2640,904,13036,CD,1,D2_pwm200_grab5
12251,4696,496,12144,CD,1,D2_pwm200_grab5
12256,-2344,-1844,8752,CD,1,D2_pwm200_grab5
12261,616,760,10516,CD,1,D2_pwm200_grab5
12267,668,1180,8888,CD,1,D2_pwm200_grab5
12272,272,-904,9284,CD,1,D2_pwm200_grab5
12276,3540,1792,11348,CD,1,D2_pwm200_grab5
12281,-140,308,9600,CD,1,D2_pwm200_grab5
12286,-1912,-3120,9428,CD,1,D2_pwm200_grab5
12291,2416,-1212,8076,CD,1,D2_pwm200_grab5
12297,-1360,-976,9112,CD,1,D2_pwm200_grab5
12301,-176,1884,12068,CD,1,D2_pwm200_grab5
12306,6408,900,9688,CD,1,D2_pwm200_grab5
12311,-796,-264,10024,CD,1,D2_pwm200_grab5
12317,-572,-1008,10444,CD,1,D2_pwm200_grab5
12321,-1292,-2060,8976,CD,1,D2_pwm200_grab5
12326,-6064,-3416,7488,CD,1,D2_pwm200_grab5
12331,1472,-1972,10800,CD,1,D2_pwm200_grab5
12337,-3588,-364,9372,CD,1,D2_pwm200_grab5
12341,2684,2116,11960,CD,1,D2_pwm200_grab5
12346,7240,-516,9972,CD,1,D2_pwm200_grab5
12351,2024,1052,9544,CD,1,D2_pwm200_grab5
12356,-1916,-1460,9480,CD,1,D2_pwm200_grab5
12362,-1868,-2984,8216,CD,1,D2_pwm200_grab5
12366,-6328,-32,7512,CD,1,D2_pwm200_grab5
12371,1272,2780,8444,CD,1,D2_pwm200_grab5
12376,972,2420,10044,CD,1,D2_pwm200_grab5
12381,2728,192,9408,CD,1,D2_pwm200_grab5
12391,352,312,8888,CD,1,D2_pwm200_grab5
12397,-380,-2456,8576,CD,1,D2_pwm200_grab5
12401,-620,-2096,7524,CD,1,D2_pwm200_grab5
12406,-4460,80,9656,CD,1,D2_pwm200_grab5
12411,452,2068,10856,CD,1,D2_pwm200_grab5
12416,3620,3076,11216,CD,1,D2_pwm200_grab5
12421,-552,-3008,9092,CD,1,D2_pwm200_grab5
12427,3728,116,11296,CD,1,D2_pwm200_grab5
12432,-3612,724,9572,CD,1,D2_pwm200_grab5
12436,-2088,-3264,8664,CD,1,D2_pwm200_grab5
12442,-356,252,7840,CD,1,D2_pwm200_grab5
12447,976,3484,11412,CD,1,D2_pwm200_grab5
12452,128,32,11344,CD,1,D2_pwm200_grab5
12456,548,-2772,8848,CD,1,D2_pwm200_grab5
12461,1744,-1780,11004,CD,1,D2_pwm200_grab5
12467,896,-828,12948,CD,1,D2_pwm200_grab5
12471,-140,-504,12228,CD,1,D2_pwm200_grab5
12476,572,-1060,12548,CD,1,D2_pwm200_grab5
12482,180,1320,9372,CD,1,D2_pwm200_grab5
12486,2408,3636,13560,CD,1,D2_pwm200_grab5
12492,-740,-2068,9392,CD,1,D2_pwm200_grab5
12496,-864,-784,7896,CD,1,D2_pwm200_grab5
12502,-4004,840,14344,CD,1,D2_pwm200_grab5
12507,-2804,-1924,7648,CD,1,D2_pwm200_grab5
12513,3928,1268,11172,CD,1,D2_pwm200_grab5
12518,1624,2876,12072,CD,1,D2_pwm200_grab5
12523,1420,-912,11816,CD,1,D2_pwm200_grab5
12527,1384,-1840,10444,CD,1,D2_pwm200_grab5
12533,-728,-1432,10132,CD,1,D2_pwm200_grab5
12537,1856,1828,12752,CD,1,D2_pwm200_grab5
12548,592,-380,9164,CD,1,D2_pwm200_grab5
12553,3984,1760,11396,CD,1,D2_pwm200_grab5
12558,-256,1392,10988,CD,1,D2_pwm200_grab5
12562,-1784,-3408,9020,CD,1,D2_pwm200_grab5
12568,296,-1520,11244,CD,1,D2_pwm200_grab5
12573,-1404,2304,10948,CD,1,D2_pwm200_grab5
12578,4136,764,8180,CD,1,D2_pwm200_grab5
12587,-756,-188,10180,CD,1,D2_pwm200_grab5
12593,-828,-1340,10132,CD,1,D2_pwm200_grab5
12598,-1308,-1636,9436,CD,1,D2_pwm200_grab5
12607,560,148,10384,CD,1,D2_pwm200_grab5
12613,5360,3948,10860,CD,1,D2_pwm200_grab5
12617,-772,-4056,11232,CD,1,D2_pwm200_grab5
12627,-968,-1216,9284,CD,1,D2_pwm200_grab5
12632,-2024,-1896,9408,CD,1,D2_pwm200_grab5
12638,-2020,-3632,8324,CD,1,D2_pwm200_grab5
12643,-5872,-576,7752,CD,1,D2_pwm200_grab5
12647,812,680,8668,CD,1,D2_pwm200_grab5
12653,196,72,9840,CD,1,D2_pwm200_grab5
12658,-1528,-4160,8400,CD,2,D2_pwm200_grab5
12663,824,-1400,12812,CD,2,D2_pwm200_grab5
12668,-2328,-1152,9412,CD,2,D2_pwm200_grab5
12673,-364,-2448,7476,CD,2,D2_pwm200_grab5
12677,-1120,-864,7436,CD,2,D2_pwm200_grab5
12683,-3140,700,10060,CD,2,D2_pwm200_grab5
12688,312,1720,10364,CD,2,D2_pwm200_grab5
12692,-1228,-1336,10576,CD,2,D2_pwm200_grab5
12697,1092,856,11884,CD,2,D2_pwm200_grab5
12702,-4520,-2584,10140,CD,2,D2_pwm200_grab5
12708,2080,256,11724,CD,2,D2_pwm200_grab5
12713,-676,396,12812,CD,2,D2_pwm200_grab5
12717,2112,1920,10136,CD,2,D2_pwm200_grab5
12723,1248,3504,11080,CD,2,D2_pwm200_grab5
12727,-828,168,12500,CD,2,D2_pwm200_grab5
12733,152,-2356,8944,CD,2,D2_pwm200_grab5
12738,-5672,908,11432,CD,2,D2_pwm200_grab5
12742,-2992,-2316,9664,CD,2,D2_pwm200_grab5
12747,5356,152,10952,CD,2,D2_pwm200_grab5
12753,2280,2008,13292,CD,2,D2_pwm200_grab5
12763,3448,312,9456,CD,2,D2_pwm200_grab5
12769,-1644,-892,8560,CD,2,D2_pwm200_grab5
12774,-96,2148,12064,CD,2,D2_pwm200_grab5
12778,5272,52,10668,CD,2,D2_pwm200_grab5
12783,-540,-820,11076,CD,2,D2_pwm200_grab5
12789,-360,644,11684,CD,2,D2_pwm200_grab5
12794,-1376,-1000,11636,CD,2,D2_pwm200_grab5
12798,-3972,-4256,7972,CD,2,D2_pwm200_grab5
12804,1328,-1052,9812,CD,2,D2_pwm200_grab5
12808,-1756,460,10084,CD,2,D2_pwm200_grab5
12813,1456,1736,13280,CD,2,D2_pwm200_grab5
12823,924,1768,11928,CD,2,D2_pwm200_grab5
12828,-532,-1324,10432,CD,2,D2_pwm200_grab5
12834,-384,-1196,9268,CD,2,D2_pwm200_grab5
12839,-5624,-484,7632,CD,2,D2_pwm200_grab5
12843,992,-1576,11344,CD,2,D2_pwm200_grab5
12848,-2092,2060,9824,CD,2,D2_pwm200_grab5
12853,4776,2436,9160,CD,2,D2_pwm200_grab5
12864,2396,1364,9172,CD,2,D2_pwm200_grab5
12868,-1232,-2396,8924,CD,2,D2_pwm200_grab5
12873,584,-1740,9352,CD,2,D2_pwm200_grab5
12878,-4536,664,9788,CD,2,D2_pwm200_grab5
12884,1888,2020,8356,CD,2,D2_pwm200_grab5
12888,3700,3872,11592,CD,2,D2_pwm200_grab5
12894,-360,-3432,9992,CD,2,D2_pwm200_grab5
12903,-1024,280,9248,CD,2,D2_pwm200_grab5
12908,1384,-2484,6772,CD,2,D2_pwm200_grab5
12914,120,980,7344,CD,2,D2_pwm200_grab5
12918,-1620,1592,10856,CD,2,D2_pwm200_grab5
12923,4,1836,10384,CD,2,D2_pwm200_grab5
12929,3420,2408,10208,CD,2,D2_pwm200_grab5
12934,1708,-2816,8284,CD,2,D2_pwm200_grab5
12939,2924,-720,11256,CD,2,D2_pwm200_grab5
12944,-1784,-980,10568,CD,2,D2_pwm200_grab5
12948,-2004,-3292,8736,CD,2,D2_pwm200_grab5
12954,-316,1604,8508,CD,2,D2_pwm200_grab5
12958,856,3480,10160,CD,2,D2_pwm200_grab5
12963,-1484,-1508,11864,CD,2,D2_pwm200_grab5
12968,36,-2520,7512,CD,2,D2_pwm200_grab5
12974,-472,-2468,11172,CD,2,D2_pwm200_grab5
12978,-2628,-1088,12460,CD,2,D2_pwm200_grab5
12984,860,-684,12020,CD,2,D2_pwm200_grab5
12988,-1680,-1408,11772,CD,2,D2_pwm200_grab5
12994,784,3036,10764,CD,2,D2_pwm200_grab5
12998,-964,2984,10004,CD,2,D2_pwm200_grab5
13003,-1684,-3692,8864,CD,2,D2_pwm200_grab5
13008,-2584,-1896,7108,CD,2,D2_pwm200_grab5
13015,-640,1336,11912,CD,2,D2_pwm200_grab5
13019,-2272,-2620,9660,CD,2,D2_pwm200_grab5
13024,3944,1456,11352,CD,2,D2_pwm200_grab5
13029,-1084,1292,14220,CD,2,D2_pwm200_grab5
13034,-1328,-3388,11368,CD,2,D2_pwm200_grab5
13040,664,-1720,12428,CD,2,D2_pwm200_grab5
13044,-2480,936,11680,CD,2,D2_pwm200_grab5
13050,2764,2092,10544,CD,2,D2_pwm200_grab5
13059,-492,-1744,10116,CD,2,D2_pwm200_grab5
13065,496,1348,11072,CD,2,D2_pwm200_grab5
13069,-1232,284,11032,CD,2,D2_pwm200_grab5
13074,-4860,-4664,7960,CD,2,D2_pwm200_grab5
13079,52,-1080,12236,CD,2,D2_pwm200_grab5
13084,3540,3492,12144,CD,2,D2_pwm200_grab5
13089,1732,-1908,9012,CD,2,D2_pwm200_grab5
13095,5708,1640,9336,CD,2,D2_pwm200_grab5
13099,1156,1256,11328,CD,2,D2_pwm200_grab5
13104,-1236,-1248,10332,CD,2,D2_pwm200_grab5
13109,-56,-1956,9256,CD,2,D2_pwm200_grab5
13114,-5824,-400,7684,CD,2,D2_pwm200_grab5
13120,448,1604,8664,CD,2,D2_pwm200_grab5
13124,2204,2060,7944,CD,2,D2_pwm200_grab5
13129,1356,-2556,9684,CD,2,D2_pwm200_grab5
13134,2096,-60,9720,CD,2,D2_pwm200_grab5
13139,1184,456,9860,CD,2,D2_pwm200_grab5
13144,-48,-2320,7560,CD,2,D2_pwm200_grab5
13150,1160,-2236,7164,CD,2,D2_pwm200_grab5
13154,-1952,2420,10536,CD,2,D2_pwm200_grab5
13160,1304,2580,8448,CD,2,D2_pwm200_grab5
13165,1000,-992,11056,CD,2,D2_pwm200_grab5
13170,284,-1304,7832,CD,2,D2_pwm200_grab5
13174,-4012,-2296,10468,CD,2,D2_pwm200_grab5
13180,864,-704,8912,CD,2,D2_pwm200_grab5
13184,-1944,-3748,9092,CD,2,D2_pwm200_grab5
13189,824,784,7544,CD,2,D2_pwm200_grab5
13194,1092,2164,9192,CD,2,D2_pwm200_grab5
13199,-1384,280,11488,CD,2,D2_pwm200_grab5
13205,-1968,-2684,6744,CD,2,D2_pwm200_grab5
13209,-6956,-616,11684,CD,2,D2_pwm200_grab5
13215,-5040,-3452,9228,CD,2,D2_pwm200_grab5
13219,2268,-2080,9184,CD,2,D2_pwm200_grab5
13224,-1284,2564,12844,CD,2,D2_pwm200_grab5
13229,-1160,2804,9248,CD,2,D2_pwm200_grab5
13234,904,1824,10996,CD,2,D2_pwm200_grab5
13240,-3088,-3408,9932,CD,2,D2_pwm200_grab5
13244,-1776,-644,9008,CD,2,D2_pwm200_grab5
13249,-2296,508,9628,CD,2,D2_pwm200_grab5
13255,-604,-1964,10676,CD,2,D2_pwm200_grab5
13259,2584,-516,10404,CD,2,D2_pwm200_grab5
13265,-1684,900,12900,CD,2,D2_pwm200_grab5
13271,-3804,-2880,10580,CD,2,D2_pwm200_grab5
13275,232,-1976,11952,CD,2,D2_pwm200_grab5
13280,-1244,1572,13552,CD,2,D2_pwm200_grab5
13286,3284,372,9876,CD,2,D2_pwm200_grab5
13296,2196,1136,10180,CD,2,D2_pwm200_grab5
13301,-220,-1612,10860,CD,2,D2_pwm200_grab5
13305,708,-664,9104,CD,2,D2_pwm200_grab5
13310,-2428,1412,12948,CD,2,D2_pwm200_grab5
13315,1260,792,9968,CD,2,D2_pwm200_grab5
13321,4716,3036,14028,CD,2,D2_pwm200_grab5
13325,2116,-2812,10432,CD,2,D2_pwm200_grab5
13331,5488,1228,10040,CD,2,D2_pwm200_grab5
13336,1256,1104,10824,CD,2,D2_pwm200_grab5
13341,-500,-988,6956,CD,2,D2_pwm200_grab5
13345,3300,1144,7584,CD,2,D2_pwm200_grab5
13350,2996,3496,12204,CD,2,D2_pwm200_grab5
13356,1904,2548,8684,CD,2,D2_pwm200_grab5
13360,592,268,11148,CD,2,D2_pwm200_grab5
13366,772,-3268,7488,CD,2,D2_pwm200_grab5
13370,-1076,424,12204,CD,2,D2_pwm200_grab5
13375,1744,-1336,8932,CD,2,D2_pwm200_grab5
13380,1036,-948,9116,CD,2,D2_pwm200_grab5
13385,532,2124,8984,CD,2,D2_pwm200_grab5
13391,1884,1832,8492,CD,2,D2_pwm200_grab5
13395,-1368,-3356,6732,CD,2,D2_pwm200_grab5
13400,1676,-1164,9104,CD,2,D2_pwm200_grab5
13406,-2908,832,10108,CD,2,D2_pwm200_grab5
13410,-2024,-1168,7952,CD,2,D2_pwm200_grab5
13415,2340,-3084,8288,CD,2,D2_pwm200_grab5
13420,2820,704,11276,CD,2,D2_pwm200_grab5
13426,2964,612,13532,CD,2,D2_pwm200_grab5
13431,4392,-236,10332,CD,2,D2_pwm200_grab5
13435,-3236,-1540,8668,CD,2,D2_pwm200_grab5
13441,-304,-2116,6724,CD,2,D2_pwm200_grab5
13446,-3864,1732,13496,CD,2,D2_pwm200_grab5
13450,-4296,-3808,7684,CD,2,D2_pwm200_grab5
13456,2016,-1116,8740,CD,2,D2_pwm200_grab5
13460,-356,1244,9180,CD,2,D2_pwm200_grab5
13466,-640,-1860,13308,CD,2,D2_pwm200_grab5
13470,1164,-952,8968,CD,2,D2_pwm200_grab5
13476,-936,-64,11688,CD,2,D2_pwm200_grab5
13480,456,2160,12192,CD,2,D2_pwm200_grab5
13486,-1420,1044,9968,CD,2,D2_pwm200_grab5
13491,-2924,-3284,9764,CD,2,D2_pwm200_grab5
13496,1660,-980,10260,CD,2,D2_pwm200_grab5
13500,-3368,-644,13196,CD,2,D2_pwm200_grab5
13505,-4220,-3648,9124,CD,2,D2_pwm200_grab5
13511,-352,-1356,13304,CD,2,D2_pwm200_grab5
13515,-2056,2620,11116,CD,2,D2_pwm200_grab5
13521,2688,1368,8516,CD,2,D2_pwm200_grab5
13526,7520,840,8484,CD,2,D2_pwm200_grab5
13532,1000,916,11840,CD,2,D2_pwm200_grab5
13536,-624,-2100,10856,CD,2,D2_pwm200_grab5
13541,28,-1488,10440,CD,2,D2_pwm200_grab5
13546,-384,1712,12708,CD,2,D2_pwm200_grab5
13552,540,3512,11756,CD,2,D2_pwm200_grab5
13557,1884,-1160,13428,CD,2,D2_pwm200_grab5
13562,-68,-2144,9620,CD,2,D2_pwm200_grab5
13566,-2424,-320,9216,CD,2,D2_pwm200_grab5
13572,1984,1000,11320,CD,2,D2_pwm200_grab5
13577,-712,-1628,8336,CD,2,D2_pwm200_grab5
13581,3080,2448,10508,CD,2,D2_pwm200_grab5
13587,2224,4360,13440,CD,2,D2_pwm200_grab5
13591,60,272,11208,CD,2,D2_pwm200_grab5
13597,1776,-2492,9992,CD,2,D2_pwm200_grab5
13602,-4628,176,9900,CD,2,D2_pwm200_grab5
13606,-3216,-1560,9980,CD,2,D2_pwm200_grab5
13611,2676,624,9972,CD,2,D2_pwm200_grab5
13617,1172,-196,10608,CD,2,D2_pwm200_grab5
13622,1860,2936,10040,CD,2,D2_pwm200_grab5
13627,2900,2936,11368,CD,2,D2_pwm200_grab5
13631,-2260,-4256,7512,CD,2,D2_pwm200_grab5
13636,1212,-748,8576,CD,2,D2_pwm200_grab5
13642,-1140,2244,12132,CD,2,D2_pwm200_grab5
13646,-32,-712,6368,CD,2,D2_pwm200_grab5
13651,2860,380,7828,CD,2,D2_pwm200_grab5
13656,1956,2176,10772,CD,2,D2_pwm200_grab5
13661,3100,200,13136,CD,2,D2_pwm200_grab5
13667,4336,212,10940,CD,2,D2_pwm200_grab5
13671,-2256,-2868,6172,CD,2,D2_pwm200_grab5
13676,-380,300,10308,CD,2,D2_pwm200_grab5
13681,2140,108,8720,CD,2,D2_pwm200_grab5
13686,-2200,-2632,9484,CD,2,D2_pwm200_grab5
13692,-2140,-772,9888,CD,2,D2_pwm200_grab5
13696,676,2304,8392,CD,2,D2_pwm200_grab5
13701,-152,-1868,11060,CD,2,D2_pwm200_grab5
13707,1092,-1608,7804,CD,2,D2_pwm200_grab5
13712,-2008,312,10524,CD,2,D2_pwm200_grab5
13716,192,1376,10784,CD,2,D2_pwm200_grab5
13721,6900,-1232,9440,CD,2,D2_pwm200_grab5
13726,-1916,-700,9944,CD,2,D2_pwm200_grab5
13732,-2832,-2464,11752,CD,2,D2_pwm200_grab5
13736,-3404,-3456,9912,CD,2,D2_pwm200_grab5
13741,-6888,-2876,8804,CD,2,D2_pwm200_grab5
13746,-1068,-1044,11544,CD,2,D2_pwm200_grab5
13751,1348,2928,14184,CD,2,D2_pwm200_grab5
13757,2544,680,9192,CD,2,D2_pwm200_grab5
13762,6804,-200,9304,CD,2,D2_pwm200_grab5
13766,-456,576,11844,CD,2,D2_pwm200_grab5
13772,148,-2636,8796,CD,2,D2_pwm200_grab5
13776,-1492,-2080,7432,CD,2,D2_pwm200_grab5
13782,-408,3548,14012,CD,2,D2_pwm200_grab5
13787,396,2352,10192,CD,2,D2_pwm200_grab5
13792,560,-1476,11696,CD,2,D2_pwm200_grab5
13797,792,-556,11328,CD,2,D2_pwm200_grab5
13803,-3548,-1448,9908,CD,2,D2_pwm200_grab5
13807,2544,280,11780,CD,2,D2_pwm200_grab5
13812,3640,2000,15044,CD,2,D2_pwm200_grab5
13817,4996,1256,15636,CD,2,D2_pwm200_grab5
13822,5208,968,14024,CD,2,D2_pwm200_grab5
13828,-916,224,11484,CD,2,D2_pwm200_grab5
13832,1248,-1876,8688,CD,2,D2_pwm200_grab5
13837,-4212,216,12972,CD,2,D2_pwm200_grab5
13842,-1952,-1188,6412,CD,2,D2_pwm200_grab5
13847,5644,592,10620,CD,2,D2_pwm200_grab5
13853,1116,3852,10028,CD,2,D2_pwm200_grab5
13857,2904,-452,12716,CD,2,D2_pwm200_grab5
13862,1812,-1984,9840,CD,2,D2_pwm200_grab5
13868,-1824,-2916,8096,CD,2,D2_pwm200_grab5
13872,-408,-280,9812,CD,2,D2_pwm200_grab5
13877,304,2100,7296,CD,2,D2_pwm200_grab5
13883,-1868,-1612,9116,CD,2,D2_pwm200_grab5
13887,3964,192,9592,CD,2,D2_pwm200_grab5
13893,-1160,1028,8332,CD,2,D2_pwm200_grab5
13897,-3492,-2920,6608,CD,2,D2_pwm200_grab5
13903,-692,-2008,10780,CD,2,D2_pwm200_grab5
13908,576,3076,10580,CD,2,D2_pwm200_grab5
13912,404,2448,11388,CD,2,D2_pwm200_grab5
13918,6448,-312,12716,CD,2,D2_pwm200_grab5
13922,-852,-676,10148,CD,2,D2_pwm200_grab5
13927,-2496,-1068,9744,CD,2,D2_pwm200_grab5
13933,-2196,-3220,9640,CD,2,D2_pwm200_grab5
13937,-7580,-2848,7660,CD,2,D2_pwm200_grab5
13942,448,1060,8552,CD,2,D2_pwm200_grab5
13948,3668,3064,10208,CD,2,D2_pwm200_grab5
13953,2596,1376,10184,CD,2,D2_pwm200_grab5
13962,-148,-92,10884,CD,2,D2_pwm200_grab5
13968,-1272,-2472,9960,CD,2,D2_pwm200_grab5
13973,-1644,-3244,7284,CD,2,D2_pwm200_grab5
13977,-5420,-1676,8616,CD,2,D2_pwm200_grab5
13983,316,2860,10408,CD,2,D2_pwm200_grab5
13987,-2184,-236,11144,CD,2,D2_pwm200_grab5
13992,-480,-1416,11200,CD,2,D2_pwm200_grab5
13997,5604,132,10308,CD,2,D2_pwm200_grab5
14003,16,-360,11440,CD,2,D2_pwm200_grab5
14008,-1904,-3128,7696,CD,2,D2_pwm200_grab5
14013,2132,1976,9904,CD,2,D2_pwm200_grab5
14017,572,3232,11172,CD,2,D2_pwm200_grab5
14023,-820,1224,12948,CD,2,D2_pwm200_grab5
14027,728,-2016,9172,CD,2,D2_pwm200_grab5
14032,-6008,1152,10668,CD,2,D2_pwm200_grab5
14038,-3092,-2220,10580,CD,2,D2_pwm200_grab5
14044,5040,-800,10968,CD,2,D2_pwm200_grab5
14049,2012,1484,13756,CD,2,D2_pwm200_grab5
14053,2560,952,13656,CD,2,D2_pwm200_grab5
14059,3936,980,10068,CD,2,D2_pwm200_grab5
14064,-1360,-1220,8704,CD,2,D2_pwm200_grab5
14069,-124,1620,12660,CD,2,D2_pwm200_grab5
14074,6592,-484,12772,CD,2,D2_pwm200_grab5
14078,-544,-900,11864,CD,2,D2_pwm200_grab5
14083,5228,432,9660,CD,2,D2_pwm200_grab5
14089,1168,1496,12788,CD,2,D2_pwm200_grab5
14093,-552,-2848,11400,CD,2,D2_pwm200_grab5
14098,1032,-2096,10916,CD,2,D2_pwm200_grab5
14103,-1480,876,10544,CD,2,D2_pwm200_grab5
14108,3024,3168,11908,CD,2,D2_pwm200_grab5
14119,1184,2312,11516,CD,2,D2_pwm200_grab5
14124,2568,1976,11488,CD,2,D2_pwm200_grab5
14129,-164,120,9748,CD,2,D2_pwm200_grab5
14134,-2728,-2988,8772,CD,2,D2_pwm200_grab5
14139,584,-1344,11716,CD,2,D2_pwm200_grab5
14144,2212,2476,11364,CD,2,D2_pwm200_grab5
14149,2432,-188,9184,CD,2,D2_pwm200_grab5
14158,1796,1448,9448,CD,2,D2_pwm200_grab5
14164,-492,-2828,6256,CD,2,D2_pwm200_grab5
14168,-1012,-1208,8440,CD,2,D2_pwm200_grab5
14173,-5720,-2208,8216,CD,2,D2_pwm200_grab5
14179,-148,876,9228,CD,2,D2_pwm200_grab5
14188,-48,-3996,9868,CD,2,D2_pwm200_grab5
14194,4836,900,8876,CD,2,D2_pwm200_grab5
14198,68,-1304,9552,CD,2,D2_pwm200_grab5
14204,308,-3000,6500,CD,2,D2_pwm200_grab5
14209,-1424,-2580,7772,CD,2,D2_pwm200_grab5
14213,-4496,-436,8580,CD,2,D2_pwm200_grab5
14218,752,1636,8696,CD,2,D2_pwm200_grab5
14223,-156,-656,11368,CD,2,D2_pwm200_grab5
14228,-1908,-3308,8824,CD,2,D2_pwm200_grab5
14233,-856,-904,12324,CD,2,D2_pwm200_grab5
14238,-1204,-1712,9164,CD,2,D2_pwm200_grab5
14243,-632,-1568,10252,CD,2,D2_pwm200_grab5
14248,-852,2416,9732,CD,2,D2_pwm200_grab5
14254,-1380,1264,9724,CD,2,D2_pwm200_grab5
14259,-636,1124,10928,CD,2,D2_pwm200_grab5
14263,-1092,-2224,8576,CD,2,D2_pwm200_grab5
14268,-2512,640,11972,CD,2,D2_pwm200_grab5
14273,-3968,-2172,10396,CD,2,D2_pwm200_grab5
14279,2516,-316,10652,CD,2,D2_pwm200_grab5
14284,-124,816,14092,CD,2,D2_pwm200_grab5
14288,3972,164,15220,CD,2,D2_pwm200_grab5
14294,4428,1500,11572,CD,2,D2_pwm200_grab5
14299,-2652,-2460,8400,CD,2,D2_pwm200_grab5
14304,-2128,364,8604,CD,2,D2_pwm200_grab5
14309,2144,-388,11780,CD,2,D2_pwm200_grab5
14314,-2940,-3084,11216,CD,2,D2_pwm200_grab5
14320,264,832,12212,CD,2,D2_pwm200_grab5
14324,-2636,-1228,13612,CD,2,D2_pwm200_grab5
14329,-5156,-3292,8732,CD,2,D2_pwm200_grab5
14336,-424,-1148,13588,CD,2,D2_pwm200_grab5
14344,1376,1564,13124,CD,2,D2_pwm200_grab5
14354,176,844,10988,CD,2,D2_pwm200_grab5
14360,-1348,-680,10544,CD,2,D2_pwm200_grab5
14364,-1264,-1732,11144,CD,2,D2_pwm200_grab5
14370,-3640,-1780,9088,CD,2,D2_pwm200_grab5
14374,1220,1592,10600,CD,2,D2_pwm200_grab5
14380,1848,3240,12064,CD,2,D2_pwm200_grab5
14384,3132,1112,9644,CD,2,D2_pwm200_grab5
14395,1720,2548,11048,CD,2,D2_pwm200_grab5
14399,2108,-2188,7532,CD,2,D2_pwm200_grab5
14404,964,-1508,7020,CD,2,D2_pwm200_grab5
14410,-1956,1824,10992,CD,2,D2_pwm200_grab5
14415,1136,1460,9000,CD,2,D2_pwm200_grab5
14420,1600,-580,11392,CD,2,D2_pwm200_grab5
14424,2404,-1800,8960,CD,2,D2_pwm200_grab5
14430,2780,8,11400,CD,2,D2_pwm200_grab5
14434,2224,-8,9764,CD,2,D2_pwm200_grab5
14439,-1436,-3212,6816,CD,2,D2_pwm200_grab5
14445,2720,768,9236,CD,2,D2_pwm200_grab5
14450,2828,2536,9516,CD,2,D2_pwm200_grab5
14454,384,-148,9192,CD,2,D2_pwm200_grab5
14459,288,-2172,7412,CD,2,D2_pwm200_grab5
14465,-1328,-3180,9364,CD,2,D2_pwm200_grab5
14470,-1848,-1412,11244,CD,2,D2_pwm200_grab5
14475,796,-2296,8660,CD,2,D2_pwm200_grab5
14479,-1196,-1668,10488,CD,2,D2_pwm200_grab5
14485,80,2528,9076,CD,2,D2_pwm200_grab5
14489,-1668,2848,8892,CD,2,D2_pwm200_grab5
14494,-2696,-2144,9212,CD,2,D2_pwm200_grab5
14500,-2484,-1532,7024,CD,2,D2_pwm200_grab5
14504,-1480,960,13060,CD,2,D2_pwm200_grab5
14510,-3224,-2432,10424,CD,2,D2_pwm200_grab5
14514,580,-1136,8144,CD,2,D2_pwm200_grab5
14520,1796,936,13340,CD,2,D2_pwm200_grab5
14525,2868,196,14704,CD,2,D2_pwm200_grab5
14529,4644,1512,11072,CD,2,D2_pwm200_grab5
14535,-3692,-3068,8760,CD,2,D2_pwm200_grab5
14539,-712,1980,11752,CD,2,D2_pwm200_grab5
14544,164,-1024,10320,CD,2,D2_pwm200_grab5
14551,-992,-1416,12536,CD,2,D2_pwm200_grab5
14555,-764,-388,11400,CD,2,D2_pwm200_grab5
14560,-1984,-1072,11380,CD,2,D2_pwm200_grab5
14570,400,-936,12108,CD,2,D2_pwm200_grab5
14576,2960,3044,14904,CD,2,D2_pwm200_grab5
14581,1736,-2232,9868,CD,2,D2_pwm200_grab5
14585,6356,544,9728,CD,2,D2_pwm200_grab5
14590,1516,1396,11196,CD,2,D2_pwm200_grab5
14596,-2096,-672,11648,CD,2,D2_pwm200_grab5
14601,520,-1524,10836,CD,2,D2_pwm200_grab5
14606,-4320,-1200,9116,CD,2,D2_pwm200_grab5
14610,1444,1552,9680,CD,2,D2_pwm200_grab5
14615,1580,936,10788,CD,2,D2_pwm200_grab5
14620,1072,-3500,8412,CD,2,D2_pwm200_grab5
14626,1624,348,11416,CD,2,D2_pwm200_grab5
14631,2468,888,10452,CD,2,D2_pwm200_grab5
14635,1584,-1444,7852,CD,2,D2_pwm200_grab5
14641,1384,216,8888,CD,2,D2_pwm200_grab5
14645,-24,824,11644,CD,2,D2_pwm200_grab5
14651,1544,2400,9232,CD,2,D2_pwm200_grab5
14656,1312,-932,13128,CD,2,D2_pwm200_grab5
14661,2340,60,9116,CD,2,D2_pwm200_grab5
14665,-3336,-268,10668,CD,2,D2_pwm200_grab5
14671,3716,-1396,8124,CD,2,D2_pwm200_grab5
14675,2040,1932,11048,CD,2,D2_pwm200_grab5
14681,1324,1196,7852,CD,2,D2_pwm200_grab5
14686,4052,2836,10780,CD,2,D2_pwm200_grab5
14690,-416,-1328,9788,CD,2,D2_pwm200_grab5
14696,1260,-1720,6588,CD,2,D2_pwm200_grab5
14701,-4396,1020,13272,CD,2,D2_pwm200_grab5
14706,-2780,-2064,5504,CD,2,D2_pwm200_grab5
14710,4276,196,7724,CD,2,D2_pwm200_grab5
14716,1564,2352,8536,CD,2,D2_pwm200_grab5
14721,1356,1892,9500,CD,2,D2_pwm200_grab5
14725,1032,1300,10628,CD,2,D2_pwm200_grab5
14731,-1436,-3124,6588,CD,2,D2_pwm200_grab5
14735,-1324,-1752,8376,CD,2,D2_pwm200_grab5
14741,-496,1956,6752,CD,2,D2_pwm200_grab5
14745,-2724,-3776,9316,CD,2,D2_pwm200_grab5
14750,1352,548,9352,CD,2,D2_pwm200_grab5
14755,-2260,-1252,9732,CD,2,D2_pwm200_grab5
14760,-5116,-3860,6704,CD,2,D2_pwm200_grab5
14765,2308,-408,7028,CD,2,D2_pwm200_grab5
14770,-2936,-1524,8704,CD,2,D2_pwm200_grab5
14775,-1364,1264,10712,CD,2,D2_pwm200_grab5
14781,6320,-968,13088,CD,2,D2_pwm200_grab5
14785,-2096,-1352,10968,CD,2,D2_pwm200_grab5
14790,-2540,-2240,11140,CD,2,D2_pwm200_grab5
14795,-3744,-3204,12616,CD,2,D2_pwm200_grab5
14800,-7452,-2528,8968,CD,2,D2_pwm200_grab5
14806,-188,1708,11484,CD,2,D2_pwm200_grab5
14811,3820,3368,11660,CD,2,D2_pwm200_grab5
14817,1252,-2940,9368,CD,2,D2_pwm200_grab5
14821,3016,-16,12028,CD,2,D2_pwm200_grab5
14826,1360,-564,11936,CD,2,D2_pwm200_grab5
14831,-1560,-3208,8292,CD,2,D2_pwm200_grab5
14836,2112,1764,10928,CD,2,D2_pwm200_grab5
14842,3456,3100,10848,CD,2,D2_pwm200_grab5
14848,-1084,176,12184,CD,2,D2_pwm200_grab5
14851,-432,-464,13444,CD,2,D2_pwm200_grab5
14856,140,-2716,10184,CD,2,D2_pwm200_grab5
14862,-2172,-1964,12120,CD,2,D2_pwm200_grab5
14867,4156,-628,10224,CD,2,D2_pwm200_grab5
14871,1352,960,13656,CD,2,D2_pwm200_grab5
14877,5424,1932,14800,CD,2,D2_pwm200_grab5
14881,1908,2356,13520,CD,2,D2_pwm200_grab5
14886,-1660,-3248,8440,CD,2,D2_pwm200_grab5
14891,1324,-3044,9776,CD,2,D2_pwm200_grab5
14897,-4664,696,11852,CD,2,D2_pwm200_grab5
14901,-3092,-1164,8720,CD,2,D2_pwm200_grab5
14906,4900,792,8556,CD,2,D2_pwm200_grab5
14911,2080,3900,11724,CD,2,D2_pwm200_grab5
14916,2880,-620,10332,CD,2,D2_pwm200_grab5
14921,3216,-872,8676,CD,2,D2_pwm200_grab5
14926,-1148,-1976,8616,CD,2,D2_pwm200_grab5
14932,1772,1888,12560,CD,2,D2_pwm200_grab5
14936,408,2508,6208,CD,2,D2_pwm200_grab5
14942,-1456,-664,8596,CD,2,D2_pwm200_grab5
14946,1848,444,9388,CD,2,D2_pwm200_grab5
14951,-296,976,9856,CD,2,D2_pwm200_grab5
14956,-5332,-3360,5632,CD,2,D2_pwm200_grab5
14961,-28,-2224,10344,CD,2,D2_pwm200_grab5
14966,276,3220,9552,CD,2,D2_pwm200_grab5
14972,2084,-88,10516,CD,2,D2_pwm200_grab5
14977,6220,-1096,13224,CD,2,D2_pwm200_grab5
14981,328,-584,9888,CD,2,D2_pwm200_grab5
14987,-3556,-1884,10356,CD,2,D2_pwm200_grab5
14991,-640,-2820,9472,CD,2,D2_pwm200_grab5
15001,1000,572,8284,CD,2,D2_pwm200_grab5
15006,2932,2744,9840,CD,2,D2_pwm200_grab5
15011,692,-3604,9004,CD,2,D2_pwm200_grab5
15016,1604,-1168,11908,CD,2,D2_pwm200_grab5
15022,-580,-284,10060,CD,2,D2_pwm200_grab5
15026,-1324,-2508,10268,CD,2,D2_pwm200_grab5
15032,-1568,-3100,7000,CD,2,D2_pwm200_grab5
15036,-3976,1032,11412,CD,2,D2_pwm200_grab5
15041,-208,3228,10124,CD,2,D2_pwm200_grab5
15046,-1320,-1296,12136,CD,2,D2_pwm200_grab5
15051,-644,-2048,10420,CD,2,D2_pwm200_grab5
15056,-3700,-2276,11116,CD,2,D2_pwm200_grab5
15062,1272,-1628,10724,CD,2,D2_pwm200_grab5
15068,1176,948,15208,CD,2,D2_pwm200_grab5
15072,3464,448,13340,CD,2,D2_pwm200_grab5
15077,3868,2060,14840,CD,2,D2_pwm200_grab5
15082,-2276,-2948,8516,CD,2,D2_pwm200_grab5
15088,-1508,320,8488,CD,2,D2_pwm200_grab5
15093,-616,1056,9472,CD,2,D2_pwm200_grab5
15098,-1236,-2436,11532,CD,2,D2_pwm200_grab5
15102,1056,1788,11984,CD,2,D2_pwm200_grab5
15107,496,4200,11364,CD,2,D2_pwm200_grab5
15112,2144,160,13800,CD,2,D2_pwm200_grab5
15118,1692,-1400,9344,CD,2,D2_pwm200_grab5
15122,-564,-416,10676,CD,2,D2_pwm200_grab5
15127,2616,2348,12492,CD,2,D2_pwm200_grab5
15138,1396,1288,9476,CD,2,D2_pwm200_grab5
15142,-2328,-484,11148,CD,2,D2_pwm200_grab5
15148,-432,924,9548,CD,2,D2_pwm200_grab5
15153,-3584,-2640,8012,CD,2,D2_pwm200_grab5
15158,-68,-2312,10896,CD,2,D2_pwm200_grab5
15162,1088,2364,12784,CD,2,D2_pwm200_grab5
15168,1660,-740,10140,CD,2,D2_pwm200_grab5
15178,428,1864,9528,CD,2,D2_pwm200_grab5
15183,2216,-1348,8088,CD,2,D2_pwm200_grab5
15187,1640,180,7060,CD,2,D2_pwm200_grab5
15198,1388,1652,7788,CD,2,D2_pwm200_grab5
15203,3720,2596,10040,CD,2,D2_pwm200_grab5
15207,2480,-3032,7408,CD,2,D2_pwm200_grab5
15212,1512,1496,11332,CD,2,D2_pwm200_grab5
15217,-200,16,9404,CD,2,D2_pwm200_grab5
15223,-496,-2008,6924,CD,2,D2_pwm200_grab5
15228,788,456,8372,CD,2,D2_pwm200_grab5
15233,-3060,688,9284,CD,2,D2_pwm200_grab5
15237,764,1448,9052,CD,2,D2_pwm200_grab5
15242,164,-428,11076,CD,2,D2_pwm200_grab5
15247,-1280,-4228,7960,CD,2,D2_pwm200_grab5
15252,-2480,-1508,10072,CD,2,D2_pwm200_grab5
15258,1716,-2996,9180,CD,2,D2_pwm200_grab5
15262,1268,-236,10988,CD,2,D2_pwm200_grab5
15268,4060,-44,14124,CD,2,D2_pwm200_grab5
15272,1844,36,10360,CD,2,D2_pwm200_grab5
15278,-120,-548,8944,CD,2,D2_pwm200_grab5
15282,-52,-2064,7152,CD,2,D2_pwm200_grab5
15293,-4720,-3564,9792,CD,2,D2_pwm200_grab5
15297,788,-996,7900,CD,2,D2_pwm200_grab5
15303,452,1140,11116,CD,2,D2_pwm200_grab5
15307,-416,-208,9056,CD,2,D2_pwm200_grab5
15313,2520,-136,8540,CD,2,D2_pwm200_grab5
15318,-2080,-2392,8256,CD,2,D2_pwm200_grab5
15324,448,2668,12136,CD,2,D2_pwm200_grab5
15329,6876,-400,12440,CD,2,D2_pwm200_grab5
15334,-748,-604,11616,CD,2,D2_pwm200_grab5
15339,-2320,-1084,11592,CD,2,D2_pwm200_grab5
15343,-2628,-2884,11120,CD,2,D2_pwm200_grab5
15349,-5172,-144,10892,CD,2,D2_pwm200_grab5
15354,1480,1568,10384,CD,2,D2_pwm200_grab5
15358,2272,2040,10424,CD,2,D2_pwm200_grab5
15364,2796,1612,9592,CD,2,D2_pwm200_grab5
15374,856,1776,12372,CD,2,D2_pwm200_grab5
15379,-556,-1672,11312,CD,2,D2_pwm200_grab5
15383,620,-1128,9608,CD,2,D2_pwm200_grab5
15389,-2240,-344,10404,CD,2,D2_pwm200_grab5
15394,1144,3060,10152,CD,2,D2_pwm200_grab5
15399,2536,-1244,12952,CD,2,D2_pwm200_grab5
15403,2172,-2772,9588,CD,2,D2_pwm200_grab5
15408,5752,12,11240,CD,2,D2_pwm200_grab5
15414,2912,268,10756,CD,2,D2_pwm200_grab5
15418,-372,-1752,7176,CD,2,D2_pwm200_grab5
15423,3212,1804,10524,CD,2,D2_pwm200_grab5
15429,3400,3412,12336,CD,2,D2_pwm200_grab5
15434,136,168,11116,CD,2,D2_pwm200_grab5
15438,1276,-1668,9404,CD,2,D2_pwm200_grab5
15443,-4132,1188,9256,CD,2,D2_pwm200_grab5
15448,1080,88,10508,CD,2,D2_pwm200_grab5
15454,2212,-192,8752,CD,2,D2_pwm200_grab5
15458,1448,-96,10544,CD,2,D2_pwm200_grab5
15463,964,2468,8752,CD,2,D2_pwm200_grab5
15468,0,3104,11284,CD,2,D2_pwm200_grab5
15473,-2548,-4572,7760,CD,2,D2_pwm200_grab5
15478,1684,-428,8256,CD,2,D2_pwm200_grab5
15483,-1708,1448,9432,CD,2,D2_pwm200_grab5
15488,-3516,-584,9476,CD,2,D2_pwm200_grab5
15493,1860,-696,7744,CD,2,D2_pwm200_grab5
15499,1668,2712,10384,CD,2,D2_pwm200_grab5
15503,580,248,9792,CD,2,D2_pwm200_grab5
15509,3884,288,10240,CD,2,D2_pwm200_grab5
15514,-2152,-2676,6844,CD,2,D2_pwm200_grab5
15519,-588,948,11740,CD,2,D2_pwm200_grab5
15523,5200,-1404,10824,CD,2,D2_pwm200_grab5
15528,-1284,-2116,10628,CD,2,D2_pwm200_grab5
15533,2416,-1396,10072,CD,2,D2_pwm200_grab5
15539,-1016,560,9652,CD,2,D2_pwm200_grab5
15543,-3040,-3288,9684,CD,2,D2_pwm200_grab5
15548,-108,-2800,9316,CD,2,D2_pwm200_grab5
15553,-2596,2336,10668,CD,2,D2_pwm200_grab5
15559,1036,1384,9768,CD,2,D2_pwm200_grab5
15568,-2680,-12,10072,CD,2,D2_pwm200_grab5
15574,-928,-2084,11284,CD,2,D2_pwm200_grab5
15579,-2972,-3500,8868,CD,2,D2_pwm200_grab5
15585,-2852,228,10564,CD,2,D2_pwm200_grab5
15589,108,1944,10964,CD,2,D2_pwm200_grab5
15594,-180,-20,13804,CD,2,D2_pwm200_grab5
15599,-2648,-4356,9248,CD,2,D2_pwm200_grab5
15605,-2524,-1208,12180,CD,2,D2_pwm200_grab5
15610,1040,-2232,10172,CD,2,D2_pwm200_grab5
15614,1172,1360,12064,CD,2,D2_pwm200_grab5
15619,668,892,8536,CD,2,D2_pwm200_grab5
15624,4256,4212,12620,CD,2,D2_pwm200_grab5
15630,-272,108,10848,CD,2,D2_pwm200_grab5
15634,604,-1768,8436,CD,2,D2_pwm200_grab5
15640,-6252,636,11168,CD,2,D2_pwm200_grab5
15645,-4080,-1424,8652,CD,2,D2_pwm200_grab5
15650,4092,416,10308,CD,2,D2_pwm200_grab5
15655,2376,3720,11896,CD,2,D2_pwm200_grab5
15660,1988,2204,11332,CD,2,D2_pwm200_grab5
15665,944,1648,12900,CD,2,D2_pwm200_grab5
15670,-1996,-2764,8480,CD,2,D2_pwm200_grab5
15675,1128,-1048,8876,CD,2,D2_pwm200_grab5
15679,-552,2408,9932,CD,2,D2_pwm200_grab5
15684,-372,-1172,7628,CD,2,D2_pwm200_grab5
15690,3976,2228,10972,CD,2,D2_pwm200_grab5
15694,444,1320,10040,CD,2,D2_pwm200_grab5
15699,-1840,-3164,7840,CD,2,D2_pwm200_grab5
15705,2660,-1068,7476,CD,2,D2_pwm200_grab5
15709,-1504,-1832,8400,CD,2,D2_pwm200_grab5
15714,364,1900,12904,CD,2,D2_pwm200_grab5
15724,-680,-700,9520,CD,2,D2_pwm200_grab5
15730,-768,-932,9792,CD,2,D2_pwm200_grab5
15734,-1264,-2076,9548,CD,2,D2_pwm200_grab5
15739,-7096,-2644,8096,CD,2,D2_pwm200_grab5
15744,512,-2460,9540,CD,2,D2_pwm200_grab5
15750,-3168,1564,9544,CD,2,D2_pwm200_grab5
15754,1876,944,9340,CD,2,D2_pwm200_grab5
15765,-2576,676,9620,CD,2,D2_pwm200_grab5
15770,-1328,-2180,9272,CD,2,D2_pwm200_grab5
15775,-1404,-2684,6888,CD,2,D2_pwm200_grab5
15779,-4344,276,9432,CD,2,D2_pwm200_grab5
15785,576,2116,9752,CD,2,D2_pwm200_grab5
15789,3044,3380,10444,CD,2,D2_pwm200_grab5
15795,744,-3608,11740,CD,2,D2_pwm200_grab5
15800,2272,-88,10476,CD,2,D2_pwm200_grab5
15805,-428,-212,12052,CD,2,D2_pwm200_grab5
15809,-2720,-3740,6564,CD,2,D2_pwm200_grab5
15815,344,72,8528,CD,2,D2_pwm200_grab5
15819,1432,1988,8492,CD,2,D2_pwm200_grab5
15824,-804,-916,11240,CD,2,D2_pwm200_grab5
15830,-1596,-2728,7104,CD,2,D2_pwm200_grab5
15835,-5200,584,13328,CD,2,D2_pwm200_grab5
15840,-5068,-3156,9588,CD,2,D2_pwm200_grab5
15846,3052,988,11304,CD,2,D2_pwm200_grab5
15851,-1364,1952,12724,CD,2,D2_pwm200_grab5
15856,1136,-564,13084,CD,2,D2_pwm200_grab5
15861,2080,-224,9200,CD,2,D2_pwm200_grab5
15866,-728,-1456,10048,CD,2,D2_pwm200_grab5
15872,312,1712,11368,CD,2,D2_pwm200_grab5
15875,196,1796,9248,CD,2,D2_pwm200_grab5
15881,-1684,-2884,9132,CD,2,D2_pwm200_grab5
15886,3112,1972,11648,CD,2,D2_pwm200_grab5
15891,-1592,1432,11144,CD,2,D2_pwm200_grab5
15896,-3828,-2832,9216,CD,2,D2_pwm200_grab5
15901,452,-1956,12424,CD,2,D2_pwm200_grab5
15905,3616,2580,13812,CD,2,D2_pwm200_grab5
15910,2680,268,10856,CD,2,D2_pwm200_grab5
15916,6528,-840,13736,CD,2,D2_pwm200_grab5
15920,488,908,11636,CD,2,D2_pwm200_grab5
15926,-1532,-1428,10104,CD,2,D2_pwm200_grab5
15931,-28,-1732,11060,CD,2,D2_pwm200_grab5
15935,-5516,-2508,9404,CD,2,D2_pwm200_grab5
15940,1664,1416,9528,CD,2,D2_pwm200_grab5
15946,4016,2580,12208,CD,2,D2_pwm200_grab5
15950,2332,-2512,9728,CD,2,D2_pwm200_grab5
15956,3216,472,9020,CD,2,D2_pwm200_grab5
15960,2016,1508,9792,CD,2,D2_pwm200_grab5
15965,432,-912,9656,CD,2,D2_pwm200_grab5
15970,1112,-556,8332,CD,2,D2_pwm200_grab5
15976,-1144,-84,10668,CD,2,D2_pwm200_grab5
15980,1680,2872,9032,CD,2,D2_pwm200_grab5
15986,1036,-572,13720,CD,2,D2_pwm200_grab5
15990,1776,-2028,8332,CD,2,D2_pwm200_grab5
15995,-2840,-136,11624,CD,2,D2_pwm200_grab5
16000,740,188,9516,CD,2,D2_pwm200_grab5
16005,596,-2396,5992,CD,2,D2_pwm200_grab5
16010,1480,1000,8020,CD,2,D2_pwm200_grab5
16016,3188,2876,10444,CD,2,D2_pwm200_grab5
16021,-1756,-1052,11260,CD,2,D2_pwm200_grab5
16025,1464,-1712,7332,CD,2,D2_pwm200_grab5
16035,-2864,-1672,7088,CD,2,D2_pwm200_grab5
16041,2260,-2384,8120,CD,2,D2_pwm200_grab5
16045,256,-152,9756,CD,2,D2_pwm200_grab5
16050,1100,624,10336,CD,2,D2_pwm200_grab5
16055,212,1616,10404,CD,2,D2_pwm200_grab5
16060,-2940,-3940,8256,CD,2,D2_pwm200_grab5
16066,-788,-1812,8232,CD,2,D2_pwm200_grab5
16070,-2460,508,7472,CD,2,D2_pwm200_grab5
16076,-3016,-3776,9068,CD,2,D2_pwm200_grab5
16081,200,-360,10192,CD,2,D2_pwm200_grab5
16086,-2248,-1136,10332,CD,2,D2_pwm200_grab5
16097,-592,-1884,11544,CD,2,D2_pwm200_grab5
16101,576,2416,13192,CD,2,D2_pwm200_grab5
16106,1576,384,10608,CD,2,D2_pwm200_grab5
16116,-904,756,12168,CD,2,D2_pwm200_grab5
16122,344,-2912,9436,CD,2,D2_pwm200_grab5
16128,-1880,-1772,7432,CD,2,D2_pwm200_grab5
16137,36,1368,11592,CD,2,D2_pwm200_grab5
16141,1364,1704,10784,CD,2,D2_pwm200_grab5
16146,496,-3424,9888,CD,2,D2_pwm200_grab5
16151,1328,484,11708,CD,2,D2_pwm200_grab5
16156,1864,-196,11864,CD,2,D2_pwm200_grab5
16161,404,-1020,9876,CD,2,D2_pwm200_grab5
16166,2000,2344,11276,CD,2,D2_pwm200_grab5
16172,596,2312,12572,CD,2,D2_pwm200_grab5
16176,1260,2076,10424,CD,2,D2_pwm200_grab5
16181,1492,-716,12672,CD,2,D2_pwm200_grab5
16186,936,-1680,10780,CD,2,D2_pwm200_grab5
16191,-3440,200,9912,CD,2,D2_pwm200_grab5
16197,4340,-512,10172,CD,2,D2_pwm200_grab5
16201,2876,2364,12680,CD,2,D2_pwm200_grab5
16211,4232,968,13136,CD,2,D2_pwm200_grab5
16216,-1144,-1308,9396,CD,2,D2_pwm200_grab5
16222,1568,-856,7300,CD,2,D2_pwm200_grab5
16226,-3100,1188,13960,CD,2,D2_pwm200_grab5
16231,-240,-2196,6644,CD,2,D2_pwm200_grab5
16236,4892,1140,9372,CD,2,D2_pwm200_grab5
16241,1560,2376,9500,CD,2,D2_pwm200_grab5
16247,1548,-1752,10400,CD,2,D2_pwm200_grab5
16251,1388,-2188,8308,CD,2,D2_pwm200_grab5
16256,-1928,-2024,6728,CD,2,D2_pwm200_grab5
16261,-832,-228,10604,CD,2,D2_pwm200_grab5
16267,2580,1860,7624,CD,2,D2_pwm200_grab5
16271,-1468,-2424,10988,CD,2,D2_pwm200_grab5
16276,1200,-316,9584,CD,2,D2_pwm200_grab5
16282,-2520,-2100,10196,CD,2,D2_pwm200_grab5
16287,-7864,-4240,7044,CD,2,D2_pwm200_grab5
16291,-972,-992,10608,CD,2,D2_pwm200_grab5
16296,4224,3276,11820,CD,2,D2_pwm200_grab5
16301,384,1692,10420,CD,2,D2_pwm200_grab5
16311,-2832,-24,10140,CD,2,D2_pwm200_grab5
16316,-3740,-2552,11296,CD,2,D2_pwm200_grab5
16321,-2584,-2584,8784,CD,2,D2_pwm200_grab5
16326,-6056,-764,8964,CD,2,D2_pwm200_grab5
16331,-96,1832,11276,CD,2,D2_pwm200_grab5
16336,-1188,456,10404,CD,2,D2_pwm200_grab5
16342,-2432,-5452,8324,CD,2,D2_pwm200_grab5
16348,-2076,-2544,12276,CD,2,D2_pwm200_grab5
16352,1236,-2360,10088,CD,2,D2_pwm200_grab5
16357,-332,-2336,11312,CD,2,D2_pwm200_grab5
16362,2992,1632,13896,CD,2,D2_pwm200_grab5
16368,100,2636,12088,CD,2,D2_pwm200_grab5
16373,-3008,-2008,10172,CD,2,D2_pwm200_grab5
16377,-768,-736,8124,CD,2,D2_pwm200_grab5
16382,-940,2324,9300,CD,2,D2_pwm200_grab5
16387,-4448,-2560,10068,CD,2,D2_pwm200_grab5
16392,3708,332,10668,CD,2,D2_pwm200_grab5
16398,524,1908,14572,CD,2,D2_pwm200_grab5
16403,2304,296,12660,CD,2,D2_pwm200_grab5
16407,3540,456,10568,CD,2,D2_pwm200_grab5
16412,-1180,-2008,10332,CD,2,D2_pwm200_grab5
16417,-20,2196,11460,CD,2,D2_pwm200_grab5
16422,6900,1204,10048,CD,2,D2_pwm200_grab5
16428,-1044,-1260,7976,CD,2,D2_pwm200_grab5
16432,3392,2044,10792,CD,2,D2_pwm200_grab5
16438,-692,1792,11424,CD,2,D2_pwm200_grab5
16443,-3604,-3576,7564,CD,2,D2_pwm200_grab5
16448,844,-2176,11732,CD,2,D2_pwm200_grab5
16453,1512,2568,11664,CD,2,D2_pwm200_grab5
16458,2884,1280,10848,CD,2,D2_pwm200_grab5
16468,1832,1752,10316,CD,2,D2_pwm200_grab5
16473,-364,208,10900,CD,2,D2_pwm200_grab5
16477,-384,-1756,9904,CD,2,D2_pwm200_grab5
16488,1360,560,9540,CD,2,D2_pwm200_grab5
16492,4544,2504,11648,CD,2,D2_pwm200_grab5
16497,1364,-3132,9184,CD,2,D2_pwm200_grab5
16503,2000,-280,8924,CD,2,D2_pwm200_grab5
16508,2004,976,9364,CD,2,D2_pwm200_grab5
16513,724,-1096,8492,CD,2,D2_pwm200_grab5
16517,1080,-1468,8468,CD,2,D2_pwm200_grab5
16522,-924,-592,9836,CD,2,D2_pwm200_grab5
16527,904,2620,8416,CD,2,D2_pwm200_grab5
16533,1564,-1344,13624,CD,2,D2_pwm200_grab5
16537,1656,-1476,8256,CD,2,D2_pwm200_grab5
16542,-3076,-272,11284,CD,2,D2_pwm200_grab5
16547,1532,-904,8448,CD,2,D2_pwm200_grab5
16552,1240,1956,10812,CD,2,D2_pwm200_grab5
16558,652,1076,8624,CD,2,D2_pwm200_grab5
16562,3976,2248,8372,CD,2,D2_pwm200_grab5
16567,-2480,-672,10712,CD,2,D2_pwm200_grab5
16573,-12,-1288,6232,CD,2,D2_pwm200_grab5
16578,-3812,552,13712,CD,2,D2_pwm200_grab5
16582,-2764,-3120,7612,CD,2,D2_pwm200_grab5
16587,2544,-1868,9812,CD,2,D2_pwm200_grab5
16592,-420,1612,9208,CD,2,D2_pwm200_grab5
16599,-1060,-2500,10920,CD,2,D2_pwm200_grab5
16603,632,-2256,7724,CD,2,D2_pwm200_grab5
16608,-1556,696,10248,CD,2,D2_pwm200_grab5
16614,384,1264,10208,CD,2,D2_pwm200_grab5
16624,-3032,-272,9888,CD,2,D2_pwm200_grab5
16628,-2120,-2164,11920,CD,2,D2_pwm200_grab5
16633,-3192,-3280,8576,CD,2,D2_pwm200_grab5
16638,-3468,-984,9956,CD,2,D2_pwm200_grab5
16643,-476,-1436,11624,CD,2,D2_pwm200_grab5
16649,3628,3704,14304,CD,2,D2_pwm200_grab5
16654,1256,-248,11128,CD,2,D2_pwm200_grab5
16659,6412,-580,11208,CD,2,D2_pwm200_grab5
16664,-472,1172,12704,CD,2,D2_pwm200_grab5
16669,-1172,-2232,6800,CD,2,D2_pwm200_grab5
16673,180,560,8980,CD,2,D2_pwm200_grab5
16678,2936,4496,12408,CD,2,D2_pwm200_grab5
16684,240,2660,12412,CD,2,D2_pwm200_grab5
16688,-936,-28,12092,CD,2,D2_pwm200_grab5
16693,-108,-3300,9628,CD,2,D2_pwm200_grab5
16699,-928,-248,11516,CD,2,D2_pwm200_grab5
16703,3168,-368,11600,CD,2,D2_pwm200_grab5
16708,1412,76,10924,CD,2,D2_pwm200_grab5
16714,1296,2368,11060,CD,2,D2_pwm200_grab5
16718,1228,2268,11984,CD,2,D2_pwm200_grab5
16723,-1660,-2080,9072,CD,2,D2_pwm200_grab5
16728,2000,-1444,10244,CD,2,D2_pwm200_grab5
16734,-428,-68,9448,CD,2,D2_pwm200_grab5
16738,-4252,-152,8808,CD,2,D2_pwm200_grab5
16744,5664,-1252,8868,CD,2,D2_pwm200_grab5
16748,1628,3372,9776,CD,2,D2_pwm200_grab5
16753,2668,2056,11712,CD,2,D2_pwm200_grab5
16759,3300,-248,8976,CD,2,D2_pwm200_grab5
16764,-2032,-1968,8472,CD,2,D2_pwm200_grab5
16768,1064,-836,7332,CD,2,D2_pwm200_grab5
16774,-956,2868,13228,CD,2,D2_pwm200_grab5
16778,-1588,-1276,6856,CD,2,D2_pwm200_grab5
16783,3184,1384,8540,CD,2,D2_pwm200_grab5
16788,56,632,8820,CD,2,D2_pwm200_grab5
16794,-1252,-2912,7132,CD,2,D2_pwm200_grab5
16799,872,-2672,8732,CD,2,D2_pwm200_grab5
16803,-2096,904,9748,CD,2,D2_pwm200_grab5
16809,1536,1144,9744,CD,2,D2_pwm200_grab5
16813,4208,-504,9004,CD,2,D2_pwm200_grab5
16819,-1400,-2448,10644,CD,2,D2_pwm200_grab5
16824,-580,-640,9600,CD,2,D2_pwm200_grab5
16829,-2900,-3168,11116,CD,2,D2_pwm200_grab5
16838,200,996,10288,CD,2,D2_pwm200_grab5
16844,2672,2804,11132,CD,2,D2_pwm200_grab5
16849,1300,-2740,11504,CD,2,D2_pwm200_grab5
16854,2804,-56,9728,CD,2,D2_pwm200_grab5
16859,-148,36,11696,CD,2,D2_pwm200_grab5
16864,-2816,-3996,6524,CD,2,D2_pwm200_grab5
16870,620,648,8740,CD,2,D2_pwm200_grab5
16874,2160,2160,8096,CD,2,D2_pwm200_grab5
16880,-1412,-848,10892,CD,2,D2_pwm200_grab5
16884,-1888,-2236,6880,CD,2,D2_pwm200_grab5
16890,-4552,52,13496,CD,2,D2_pwm200_grab5
16894,-4556,-3504,9504,CD,2,D2_pwm200_grab5
16899,3048,-1668,10856,CD,2,D2_pwm200_grab5
16904,432,-620,12144,CD,2,D2_pwm200_grab5
16914,784,2536,11920,CD,2,D2_pwm200_grab5
16919,-2860,-1652,8740,CD,2,D2_pwm200_grab5
16925,-896,-196,8796,CD,2,D2_pwm200_grab5
16930,264,1800,9744,CD,2,D2_pwm200_grab5
16934,-1672,-2820,9908,CD,2,D2_pwm200_grab5
16939,5008,-280,10084,CD,2,D2_pwm200_grab5
16944,2072,3252,14092,CD,2,D2_pwm200_grab5
16949,2028,152,12092,CD,2,D2_pwm200_grab5
16954,3492,24,9876,CD,2,D2_pwm200_grab5
16959,-436,-872,10060,CD,2,D2_pwm200_grab5
16965,952,2504,12124,CD,2,D2_pwm200_grab5
16974,164,1008,11456,CD,2,D2_pwm200_grab5
16980,-1868,-1212,10600,CD,2,D2_pwm200_grab5
16985,-216,1832,10756,CD,2,D2_pwm200_grab5
16990,-3732,-3748,6416,CD,2,D2_pwm200_grab5
16995,1032,-1844,11552,CD,2,D2_pwm200_grab5
16999,948,2432,11220,CD,2,D2_pwm200_grab5
17005,3456,1648,10540,CD,2,D2_pwm200_grab5
17009,7516,1532,7900,CD,2,D2_pwm200_grab5
17015,2724,1308,9928,CD,2,D2_pwm200_grab5
17019,696,-2328,6428,CD,2,D2_pwm200_grab5
17025,-564,-1684,9208,CD,2,D2_pwm200_grab5
17029,-5976,-3188,9096,CD,2,D2_pwm200_grab5
17034,944,40,9960,CD,2,D2_pwm200_grab5
17040,1556,2396,7808,CD,2,D2_pwm200_grab5
17044,764,-3212,9960,CD,2,D2_pwm200_grab5
17049,1292,-268,9328,CD,2,D2_pwm200_grab5
17055,992,-8,9224,CD,2,D2_pwm200_grab5
17059,-1088,-3476,8936,CD,2,D2_pwm200_grab5
17064,1584,972,8132,CD,2,D2_pwm200_grab5
17069,-3336,-1456,8608,CD,2,D2_pwm200_grab5
17075,964,2220,7852,CD,2,D2_pwm200_grab5
17079,560,-1168,13292,CD,2,D2_pwm200_grab5
17085,80,-2380,8540,CD,2,D2_pwm200_grab5
17089,-1948,-1320,12416,CD,2,D2_pwm200_grab5
17094,-352,-1080,8480,CD,2,D2_pwm200_grab5
17100,664,712,10268,CD,2,D2_pwm200_grab5
17104,3220,-68,13016,CD,2,D2_pwm200_grab5
17111,3424,1588,13912,CD,2,D2_pwm200_grab5
17115,-2928,-3820,7588,CD,2,D2_pwm200_grab5
17120,-1228,-1404,8912,CD,2,D2_pwm200_grab5
17125,-1660,20,8488,CD,2,D2_pwm200_grab5
17130,-2404,-3168,9752,CD,2,D2_pwm200_grab5
17135,224,-4,10492,CD,2,D2_pwm200_grab5
17140,-2340,-1224,11424,CD,2,D2_pwm200_grab5
17152,356,-684,11460,CD,2,D2_pwm200_grab5
17156,-912,-212,9584,CD,2,D2_pwm200_grab5
17160,-144,1140,10336,CD,2,D2_pwm200_grab5
17170,-2512,-604,10224,CD,2,D2_pwm200_grab5
17175,-2772,-988,12292,CD,2,D2_pwm200_grab5
17180,-3172,-2620,12392,CD,2,D2_pwm200_grab5
17185,-3712,-1648,9956,CD,2,D2_pwm200_grab5
17190,32,1688,12288,CD,2,D2_pwm200_grab5
17196,3740,3304,14128,CD,2,D2_pwm200_grab5
17200,2008,396,10772,CD,2,D2_pwm200_grab5
17205,7700,-124,10400,CD,2,D2_pwm200_grab5
17211,-64,1552,12456,CD,2,D2_pwm200_grab5
17215,96,-1640,6076,CD,2,D2_pwm200_grab5
17220,68,820,9020,CD,2,D2_pwm200_grab5
17226,2620,3120,12560,CD,2,D2_pwm200_grab5
17231,360,1020,10508,CD,2,D2_pwm200_grab5
17235,1864,-1388,10004,CD,2,D2_pwm200_grab5
17241,1260,-2900,9292,CD,2,D2_pwm200_grab5
17245,184,-320,10072,CD,2,D2_pwm200_grab5
17250,3312,924,11592,CD,2,D2_pwm200_grab5
17256,1976,-1040,10896,CD,2,D2_pwm200_grab5
17260,2136,1920,10604,CD,2,D2_pwm200_grab5
17265,1084,2304,11072,CD,2,D2_pwm200_grab5
17271,-1464,-3152,8412,CD,2,D2_pwm200_grab5
17275,1728,-856,8376,CD,2,D2_pwm200_grab5
17280,-16,84,8596,CD,2,D2_pwm200_grab5
17285,-3904,-792,9396,CD,2,D2_pwm200_grab5
17290,5344,-1588,8376,CD,2,D2_pwm200_grab5
17296,1064,2192,8824,CD,2,D2_pwm200_grab5
17300,2192,1664,10868,CD,2,D2_pwm200_grab5
17306,2908,-376,9228,CD,2,D2_pwm200_grab5
17310,-2256,-1824,7492,CD,2,D2_pwm200_grab5
17316,-100,1248,12056,CD,2,D2_pwm200_grab5
17320,7796,488,11188,CD,2,D2_pwm200_grab5
17326,-2568,-2400,6844,CD,2,D2_pwm200_grab5
17330,2272,464,7636,CD,2,D2_pwm200_grab5
17335,-1512,-472,9096,CD,2,D2_pwm200_grab5
17341,-3632,-3176,7284,CD,2,D2_pwm200_grab5
17345,-44,-2624,9924,CD,2,D2_pwm200_grab5
17351,-1924,1612,10140,CD,2,D2_pwm200_grab5
17356,964,872,9552,CD,2,D2_pwm200_grab5
17360,8212,-584,7492,CD,2,D2_pwm200_grab5
17366,-3160,832,10600,CD,2,D2_pwm200_grab5
17372,-940,-2592,9960,CD,2,D2_pwm200_grab5
17377,-1760,-1012,8100,CD,2,D2_pwm200_grab5
17381,-3636,1520,9888,CD,2,D2_pwm200_grab5
17387,-304,2108,10936,CD,2,D2_pwm200_grab5
17391,664,-568,12076,CD,2,D2_pwm200_grab5
17396,-1048,-2496,9184,CD,2,D2_pwm200_grab5
17401,-3244,-2436,11516,CD,2,D2_pwm200_grab5
17408,1948,-2280,9584,CD,2,D2_pwm200_grab5
17411,-3224,-3024,9364,CD,2,D2_pwm200_grab5
17417,732,1056,9284,CD,2,D2_pwm200_grab5
17421,2876,4524,10152,CD,2,D2_pwm200_grab5
17427,-1836,-1948,9972,CD,2,D2_pwm200_grab5
17432,-1456,-2196,6588,CD,2,D2_pwm200_grab5
17436,-2316,2192,14588,CD,2,D2_pwm200_grab5
17441,-3716,-3996,8828,CD,2,D2_pwm200_grab5
17447,4136,1156,11560,CD,2,D2_pwm200_grab5
17451,1072,1496,13064,CD,2,D2_pwm200_grab5
17461,3120,1768,14204,CD,2,D2_pwm200_grab5
17466,-1736,-1640,8304,CD,2,D2_pwm200_grab5
17472,-440,-32,10360,CD,2,D2_pwm200_grab5
17477,3356,948,11872,CD,2,D2_pwm200_grab5
17481,-404,-1864,10916,CD,2,D2_pwm200_grab5
17487,1000,1280,10024,CD,3,D2_pwm200_grab5
17491,-1328,144,11420,CD,3,D2_pwm200_grab5
17496,764,-1460,10940,CD,3,D2_pwm200_grab5
17501,2008,-1108,8504,CD,3,D2_pwm200_grab5
17506,644,664,10364,CD,3,D2_pwm200_grab5
17512,1956,2332,12184,CD,3,D2_pwm200_grab5
17521,560,2064,10884,CD,3,D2_pwm200_grab5
17527,-216,-1308,10124,CD,3,D2_pwm200_grab5
17531,720,-604,7728,CD,3,D2_pwm200_grab5
17536,-7444,-4560,7272,CD,3,D2_pwm200_grab5
17541,1004,-1468,11332,CD,3,D2_pwm200_grab5
17546,3712,2324,12832,CD,3,D2_pwm200_grab5
17551,2232,-684,8624,CD,3,D2_pwm200_grab5
17556,5796,-8,10012,CD,3,D2_pwm200_grab5
17562,2172,732,10060,CD,3,D2_pwm200_grab5
17567,-2428,-3132,4524,CD,3,D2_pwm200_grab5
17572,3564,356,9764,CD,3,D2_pwm200_grab5
17576,1436,2460,8492,CD,3,D2_pwm200_grab5
17582,-56,508,10004,CD,3,D2_pwm200_grab5
17586,-2724,132,9676,CD,3,D2_pwm200_grab5
17591,-260,-4752,9188,CD,3,D2_pwm200_grab5
17597,-2204,-1324,11852,CD,3,D2_pwm200_grab5
17601,836,-2320,8156,CD,3,D2_pwm200_grab5
17606,-744,-2124,11080,CD,3,D2_pwm200_grab5
17611,-1108,1576,8196,CD,3,D2_pwm200_grab5
17616,-440,2400,8924,CD,3,D2_pwm200_grab5
17623,-3088,-1568,9836,CD,3,D2_pwm200_grab5
17628,-2000,-1888,7356,CD,3,D2_pwm200_grab5
17633,-1468,1832,11096,CD,3,D2_pwm200_grab5
17638,-3768,-3380,10040,CD,3,D2_pwm200_grab5
17642,1612,-1424,10108,CD,3,D2_pwm200_grab5
17647,-3624,-320,12772,CD,3,D2_pwm200_grab5
17653,-3604,-2812,7984,CD,3,D2_pwm200_grab5
17657,-256,-1680,12772,CD,3,D2_pwm200_grab5
17664,-444,2268,11080,CD,3,D2_pwm200_grab5
17667,-676,700,10816,CD,3,D2_pwm200_grab5
17672,4824,-1524,13528,CD,3,D2_pwm200_grab5
17677,-1536,-2732,11028,CD,3,D2_pwm200_grab5
17682,-2252,-1384,11100,CD,3,D2_pwm200_grab5
17687,-1676,-988,11888,CD,3,D2_pwm200_grab5
17698,1504,644,11332,CD,3,D2_pwm200_grab5
17702,2616,3028,11628,CD,3,D2_pwm200_grab5
17707,596,1220,11032,CD,3,D2_pwm200_grab5
17718,-1488,200,11824,CD,3,D2_pwm200_grab5
17722,592,-680,10672,CD,3,D2_pwm200_grab5
17727,-748,-900,9088,CD,3,D2_pwm200_grab5
17733,-1604,828,11148,CD,3,D2_pwm200_grab5
17738,148,3472,11752,CD,3,D2_pwm200_grab5
17742,888,-664,14196,CD,3,D2_pwm200_grab5
17747,-164,-3248,11056,CD,3,D2_pwm200_grab5
17752,4808,492,10524,CD,3,D2_pwm200_grab5
17757,1748,1280,12192,CD,3,D2_pwm200_grab5
17763,460,-1688,7356,CD,3,D2_pwm200_grab5
17767,3128,2240,10060,CD,3,D2_pwm200_grab5
17772,4224,2364,10184,CD,3,D2_pwm200_grab5
17777,-880,-20,10952,CD,3,D2_pwm200_grab5
17782,1240,-1188,8504,CD,3,D2_pwm200_grab5
17787,-5040,256,9620,CD,3,D2_pwm200_grab5
17793,-100,-984,9904,CD,3,D2_pwm200_grab5
17798,3288,440,10380,CD,3,D2_pwm200_grab5
17802,3108,684,10868,CD,3,D2_pwm200_grab5
17808,2520,1924,10720,CD,3,D2_pwm200_grab5
17812,1268,1160,11356,CD,3,D2_pwm200_grab5
17817,-2036,-3920,7320,CD,3,D2_pwm200_grab5
17822,404,-452,8008,CD,3,D2_pwm200_grab5
17828,-1252,2396,8960,CD,3,D2_pwm200_grab5
17832,-980,-1636,8760,CD,3,D2_pwm200_grab5
17838,4292,-920,8824,CD,3,D2_pwm200_grab5
17842,920,2304,9112,CD,3,D2_pwm200_grab5
17848,1284,100,8720,CD,3,D2_pwm200_grab5
17853,1732,-1092,8324,CD,3,D2_pwm200_grab5
17862,-212,1332,11324,CD,3,D2_pwm200_grab5
17873,-1336,-1372,9908,CD,3,D2_pwm200_grab5
17879,-2844,-1636,10216,CD,3,D2_pwm200_grab5
17884,-2584,-3276,10700,CD,3,D2_pwm200_grab5
17893,44,1720,10248,CD,3,D2_pwm200_grab5
17899,-176,1568,8192,CD,3,D2_pwm200_grab5
17903,-44,-3072,10600,CD,3,D2_pwm200_grab5
17908,-64,-628,9928,CD,3,D2_pwm200_grab5
17914,232,-744,10692,CD,3,D2_pwm200_grab5
17918,-2220,-3564,9996,CD,3,D2_pwm200_grab5
17924,-1096,-152,8628,CD,3,D2_pwm200_grab5
17928,-2276,1936,10892,CD,3,D2_pwm200_grab5
17933,-192,2392,12184,CD,3,D2_pwm200_grab5
17938,180,-208,11232,CD,3,D2_pwm200_grab5
17943,-292,-1428,9620,CD,3,D2_pwm200_grab5
17948,-3504,-2448,10792,CD,3,D2_pwm200_grab5
17953,3384,-1668,10508,CD,3,D2_pwm200_grab5
17958,1020,-264,13176,CD,3,D2_pwm200_grab5
17964,1628,1620,10512,CD,3,D2_pwm200_grab5
17968,4424,4748,11756,CD,3,D2_pwm200_grab5
17973,-1484,-2620,10400,CD,3,D2_pwm200_grab5
17979,-624,-1680,7088,CD,3,D2_pwm200_grab5
17983,-1636,2296,14612,CD,3,D2_pwm200_grab5
17989,-3168,-2956,8292,CD,3,D2_pwm200_grab5
17994,4508,828,10496,CD,3,D2_pwm200_grab5
17998,320,2636,12660,CD,3,D2_pwm200_grab5
18003,4,-1764,11392,CD,3,D2_pwm200_grab5
18009,3036,1328,13652,CD,3,D2_pwm200_grab5
18013,-1728,-3132,7404,CD,3,D2_pwm200_grab5
18019,-132,-620,10060,CD,3,D2_pwm200_grab5
18024,2380,1444,11312,CD,3,D2_pwm200_grab5
18028,-288,-1024,10356,CD,3,D2_pwm200_grab5
18033,1252,884,9072,CD,3,D2_pwm200_grab5
18039,-964,704,10536,CD,3,D2_pwm200_grab5
18048,1952,-1204,7648,CD,3,D2_pwm200_grab5
18054,724,684,8760,CD,3,D2_pwm200_grab5
18058,1492,2028,12212,CD,3,D2_pwm200_grab5
18069,180,1600,10088,CD,3,D2_pwm200_grab5
18074,-1392,-2304,10276,CD,3,D2_pwm200_grab5
18078,56,-64,9496,CD,3,D2_pwm200_grab5
18084,-5000,-1524,7504,CD,3,D2_pwm200_grab5
18089,752,388,9544,CD,3,D2_pwm200_grab5
18093,1148,2220,11708,CD,3,D2_pwm200_grab5
18098,3108,1376,8404,CD,3,D2_pwm200_grab5
18109,420,872,9972,CD,3,D2_pwm200_grab5
18113,-1816,-3244,5980,CD,3,D2_pwm200_grab5
18119,880,-1376,8528,CD,3,D2_pwm200_grab5
18123,-716,2712,10756,CD,3,D2_pwm200_grab5
18128,760,1012,8288,CD,3,D2_pwm200_grab5
18134,860,-1152,9640,CD,3,D2_pwm200_grab5
18139,464,-1504,7876,CD,3,D2_pwm200_grab5
18144,-3168,-2812,10676,CD,3,D2_pwm200_grab5
18150,164,-920,7988,CD,3,D2_pwm200_grab5
18154,1036,60,12356,CD,3,D2_pwm200_grab5
18160,1020,232,12244,CD,3,D2_pwm200_grab5
18165,4272,1588,12416,CD,3,D2_pwm200_grab5
18169,-3192,-3104,7920,CD,3,D2_pwm200_grab5
18176,12,1436,11304,CD,3,D2_pwm200_grab5
18180,-2692,1472,14276,CD,3,D2_pwm200_grab5
18184,-3532,-3432,9708,CD,3,D2_pwm200_grab5
18189,1828,-156,10860,CD,3,D2_pwm200_grab5
18195,-1228,1068,13620,CD,3,D2_pwm200_grab5
18200,-912,-2020,12000,CD,3,D2_pwm200_grab5
18204,980,-1080,11772,CD,3,D2_pwm200_grab5
18210,-540,1124,10516,CD,3,D2_pwm200_grab5
18214,1960,1940,11152,CD,3,D2_pwm200_grab5
18219,1440,-280,11712,CD,3,D2_pwm200_grab5
18224,-2252,-2952,11400,CD,3,D2_pwm200_grab5
18229,520,-116,10792,CD,3,D2_pwm200_grab5
18234,-1564,104,11660,CD,3,D2_pwm200_grab5
18245,1056,-784,11704,CD,3,D2_pwm200_grab5
18250,3316,3412,13364,CD,3,D2_pwm200_grab5
18255,2460,-1616,8924,CD,3,D2_pwm200_grab5
18259,6780,-248,10996,CD,3,D2_pwm200_grab5
18265,-408,332,12108,CD,3,D2_pwm200_grab5
18270,-1288,-792,11056,CD,3,D2_pwm200_grab5
18275,-260,-316,11972,CD,3,D2_pwm200_grab5
18279,-2936,-928,10124,CD,3,D2_pwm200_grab5
18284,880,2576,11352,CD,3,D2_pwm200_grab5
18289,440,196,12324,CD,3,D2_pwm200_grab5
18294,716,-3196,10372,CD,3,D2_pwm200_grab5
18299,-1032,-852,10532,CD,3,D2_pwm200_grab5
18305,2420,1104,11100,CD,3,D2_pwm200_grab5
18314,2572,1628,10808,CD,3,D2_pwm200_grab5
18320,2024,56,9620,CD,3,D2_pwm200_grab5
18324,-140,1276,10700,CD,3,D2_pwm200_grab5
18329,1840,-1652,10344,CD,3,D2_pwm200_grab5
18334,-1808,960,8208,CD,3,D2_pwm200_grab5
18340,-2684,-1568,9184,CD,3,D2_pwm200_grab5
18344,5308,-1324,8728,CD,3,D2_pwm200_grab5
18350,2324,-904,10608,CD,3,D2_pwm200_grab5
18354,2204,1344,9248,CD,3,D2_pwm200_grab5
18360,356,1868,8688,CD,3,D2_pwm200_grab5
18364,-2432,-3252,8256,CD,3,D2_pwm200_grab5
18369,128,-548,7436,CD,3,D2_pwm200_grab5
18375,-1468,2216,12032,CD,3,D2_pwm200_grab5
18380,-2464,-2032,8392,CD,3,D2_pwm200_grab5
18384,2492,-60,8164,CD,3,D2_pwm200_grab5
18390,-1576,-1888,8644,CD,3,D2_pwm200_grab5
18396,-2360,-2976,7916,CD,3,D2_pwm200_grab5
18401,304,-2280,9484,CD,3,D2_pwm200_grab5
18405,252,536,10360,CD,3,D2_pwm200_grab5
18411,844,856,10516,CD,3,D2_pwm200_grab5
18420,-2908,232,10564,CD,3,D2_pwm200_grab5
18426,-1848,-2692,9856,CD,3,D2_pwm200_grab5
18432,-1740,-812,8084,CD,3,D2_pwm200_grab5
18441,696,584,10916,CD,3,D2_pwm200_grab5
18445,628,2036,10900,CD,3,D2_pwm200_grab5
18451,944,-1280,11544,CD,3,D2_pwm200_grab5
18455,3132,-1168,10172,CD,3,D2_pwm200_grab5
18461,172,684,12384,CD,3,D2_pwm200_grab5
18465,-3812,-2288,8256,CD,3,D2_pwm200_grab5
18471,1528,1152,8756,CD,3,D2_pwm200_grab5
18475,-3952,-228,9860,CD,3,D2_pwm200_grab5
18480,432,2964,11704,CD,3,D2_pwm200_grab5
18485,-580,1256,11436,CD,3,D2_pwm200_grab5
18491,456,-3232,10916,CD,3,D2_pwm200_grab5
18495,-2448,-1980,12324,CD,3,D2_pwm200_grab5
18500,3608,-584,11412,CD,3,D2_pwm200_grab5
18506,644,544,12232,CD,3,D2_pwm200_grab5
18510,3868,1520,13564,CD,3,D2_pwm200_grab5
18515,824,2596,10964,CD,3,D2_pwm200_grab5
18520,-1092,-440,10812,CD,3,D2_pwm200_grab5
18525,832,-808,9484,CD,3,D2_pwm200_grab5
18530,-4512,-124,9316,CD,3,D2_pwm200_grab5
18535,-2696,-1856,8832,CD,3,D2_pwm200_grab5
18540,5452,-872,9636,CD,3,D2_pwm200_grab5
18545,3280,2336,13316,CD,3,D2_pwm200_grab5
18551,2224,-4,10856,CD,3,D2_pwm200_grab5
18555,3716,784,10636,CD,3,D2_pwm200_grab5
18561,-1376,-4176,7516,CD,3,D2_pwm200_grab5
18566,1676,-1044,9644,CD,3,D2_pwm200_grab5
18570,-996,2504,9132,CD,3,D2_pwm200_grab5
18576,-96,216,9228,CD,3,D2_pwm200_grab5
18580,3032,1284,8764,CD,3,D2_pwm200_grab5
18586,560,1068,9752,CD,3,D2_pwm200_grab5
18590,-3536,-3144,6392,CD,3,D2_pwm200_grab5
18595,1844,-1588,10140,CD,3,D2_pwm200_grab5
18600,952,800,11504,CD,3,D2_pwm200_grab5
18605,432,524,11284,CD,3,D2_pwm200_grab5
18610,7252,972,9996,CD,3,D2_pwm200_grab5
18615,-824,720,10072,CD,3,D2_pwm200_grab5
18621,-1812,-1848,10064,CD,3,D2_pwm200_grab5
18625,-1380,-1024,9396,CD,3,D2_pwm200_grab5
18635,-64,-1008,10924,CD,3,D2_pwm200_grab5
18640,1288,1704,10320,CD,3,D2_pwm200_grab5
18646,-320,-2104,10592,CD,3,D2_pwm200_grab5
18652,1956,-1132,10060,CD,3,D2_pwm200_grab5
18656,-112,-1528,9088,CD,3,D2_pwm200_grab5
18662,-2840,-2776,9116,CD,3,D2_pwm200_grab5
18667,584,-24,6768,CD,3,D2_pwm200_grab5
18672,2856,2400,9620,CD,3,D2_pwm200_grab5
18676,-1996,-236,11488,CD,3,D2_pwm200_grab5
18681,-1384,-2316,6144,CD,3,D2_pwm200_grab5
18686,-5096,-1900,11028,CD,3,D2_pwm200_grab5
18692,-3188,-3508,11448,CD,3,D2_pwm200_grab5
18697,-844,-1664,8712,CD,3,D2_pwm200_grab5
18702,928,344,12776,CD,3,D2_pwm200_grab5
18707,1472,864,11688,CD,3,D2_pwm200_grab5
18712,2268,2252,12744,CD,3,D2_pwm200_grab5
18716,-2636,-3548,9280,CD,3,D2_pwm200_grab5
18722,-1216,-240,9500,CD,3,D2_pwm200_grab5
18727,-1856,672,9516,CD,3,D2_pwm200_grab5
18731,-3796,-2852,8240,CD,3,D2_pwm200_grab5
18737,2784,332,11696,CD,3,D2_pwm200_grab5
18741,808,2124,12548,CD,3,D2_pwm200_grab5
18747,1392,212,12604,CD,3,D2_pwm200_grab5
18751,2660,-728,9568,CD,3,D2_pwm200_grab5
18756,-1640,-808,9440,CD,3,D2_pwm200_grab5
18762,1472,2164,10812,CD,3,D2_pwm200_grab5
18767,5896,1080,12636,CD,3,D2_pwm200_grab5
18771,472,1316,12372,CD,3,D2_pwm200_grab5
18777,3676,1356,11040,CD,3,D2_pwm200_grab5
18781,-1096,940,10512,CD,3,D2_pwm200_grab5
18786,-4396,-1992,10172,CD,3,D2_pwm200_grab5
18792,1004,-1980,12096,CD,3,D2_pwm200_grab5
18797,1944,2984,12752,CD,3,D2_pwm200_grab5
18801,2688,1292,8976,CD,3,D2_pwm200_grab5
18806,7208,1556,9664,CD,3,D2_pwm200_grab5
18811,3388,-296,10016,CD,3,D2_pwm200_grab5
18816,-2156,-1372,10552,CD,3,D2_pwm200_grab5
18822,228,-380,8916,CD,3,D2_pwm200_grab5
18826,-4212,-1636,8628,CD,3,D2_pwm200_grab5
18832,336,612,9412,CD,3,D2_pwm200_grab5
18837,872,708,9788,CD,3,D2_pwm200_grab5
18841,936,-1672,10672,CD,3,D2_pwm200_grab5
18846,2140,-704,8128,CD,3,D2_pwm200_grab5
18851,1108,-1384,7548,CD,3,D2_pwm200_grab5
18856,2512,-452,10672,CD,3,D2_pwm200_grab5
18861,1712,-148,9800,CD,3,D2_pwm200_grab5
18866,172,180,9948,CD,3,D2_pwm200_grab5
18871,592,2584,9744,CD,3,D2_pwm200_grab5
18876,1780,-1724,10524,CD,3,D2_pwm200_grab5
18882,704,-1200,7876,CD,3,D2_pwm200_grab5
18886,-2936,-2508,9752,CD,3,D2_pwm200_grab5
18891,4228,-632,8912,CD,3,D2_pwm200_grab5
18897,908,368,9824,CD,3,D2_pwm200_grab5
18903,-696,-356,9408,CD,3,D2_pwm200_grab5
18907,3088,256,10608,CD,3,D2_pwm200_grab5
18918,-420,40,11084,CD,3,D2_pwm200_grab5
18922,4904,-32,13056,CD,3,D2_pwm200_grab5
18927,-1248,-756,10620,CD,3,D2_pwm200_grab5
18933,-4052,-2112,11040,CD,3,D2_pwm200_grab5
18937,-2984,-2496,10808,CD,3,D2_pwm200_grab5
18948,-424,-2960,10692,CD,3,D2_pwm200_grab5
18952,716,1576,10692,CD,3,D2_pwm200_grab5
18957,540,108,9864,CD,3,D2_pwm200_grab5
18967,-2304,-60,11644,CD,3,D2_pwm200_grab5
18973,-2256,-3304,10580,CD,3,D2_pwm200_grab5
18977,-1864,-720,9892,CD,3,D2_pwm200_grab5
18982,-3852,504,9540,CD,3,D2_pwm200_grab5
18988,1000,288,10812,CD,3,D2_pwm200_grab5
18993,576,2888,11388,CD,3,D2_pwm200_grab5
18998,1408,-1280,12132,CD,3,D2_pwm200_grab5
19002,3060,-1060,10860,CD,3,D2_pwm200_grab5
19007,1092,572,11864,CD,3,D2_pwm200_grab5
19012,-3512,-1264,9280,CD,3,D2_pwm200_grab5
19017,1620,1012,8536,CD,3,D2_pwm200_grab5
19023,1684,4196,12180,CD,3,D2_pwm200_grab5
19028,-1140,-1612,11344,CD,3,D2_pwm200_grab5
19033,-192,1164,12716,CD,3,D2_pwm200_grab5
19037,1652,-2336,10632,CD,3,D2_pwm200_grab5
19042,-2904,-1580,11920,CD,3,D2_pwm200_grab5
19048,3652,-132,10832,CD,3,D2_pwm200_grab5
19052,848,1752,12184,CD,3,D2_pwm200_grab5
19058,7040,852,14216,CD,3,D2_pwm200_grab5
19062,808,2308,11844,CD,3,D2_pwm200_grab5
19067,-1096,-3304,7752,CD,3,D2_pwm200_grab5
19072,1336,-520,9200,CD,3,D2_pwm200_grab5
19077,-3232,320,9664,CD,3,D2_pwm200_grab5
19083,-2620,-1792,8120,CD,3,D2_pwm200_grab5
19088,4900,-508,9368,CD,3,D2_pwm200_grab5
19093,2948,1736,11196,CD,3,D2_pwm200_grab5
19097,1348,-264,11236,CD,3,D2_pwm200_grab5
19102,3072,16,8348,CD,3,D2_pwm200_grab5
19107,-672,-72,8132,CD,3,D2_pwm200_grab5
19113,1584,1656,10972,CD,3,D2_pwm200_grab5
19117,-604,1940,9164,CD,3,D2_pwm200_grab5
19122,252,-12,8152,CD,3,D2_pwm200_grab5
19127,2180,512,8592,CD,3,D2_pwm200_grab5
19132,508,-748,8684,CD,3,D2_pwm200_grab5
19143,1968,-1824,10216,CD,3,D2_pwm200_grab5
19147,468,1672,10984,CD,3,D2_pwm200_grab5
19152,2932,1644,8720,CD,3,D2_pwm200_grab5
19163,284,752,10428,CD,3,D2_pwm200_grab5
19169,-1472,-3540,6712,CD,3,D2_pwm200_grab5
19173,484,-900,8360,CD,3,D2_pwm200_grab5
19178,-912,1980,10524,CD,3,D2_pwm200_grab5
19183,312,1084,8084,CD,3,D2_pwm200_grab5
19189,944,-620,9616,CD,3,D2_pwm200_grab5
19193,-128,-1348,7968,CD,3,D2_pwm200_grab5
19200,-2728,-4084,10500,CD,3,D2_pwm200_grab5
19203,532,-2036,8508,CD,3,D2_pwm200_grab5
19208,-1920,-1176,12616,CD,3,D2_pwm200_grab5
19214,-104,372,8504,CD,3,D2_pwm200_grab5
19219,2028,4152,10064,CD,3,D2_pwm200_grab5
19223,-2864,-88,11132,CD,3,D2_pwm200_grab5
19228,-1320,-2172,7512,CD,3,D2_pwm200_grab5
19233,-2920,332,13724,CD,3,D2_pwm200_grab5
19239,-2984,-3088,10148,CD,3,D2_pwm200_grab5
19243,840,-1764,9316,CD,3,D2_pwm200_grab5
19248,1348,864,13448,CD,3,D2_pwm200_grab5
19253,1556,1260,13356,CD,3,D2_pwm200_grab5
19258,4412,1736,12752,CD,3,D2_pwm200_grab5
19263,-3116,-2432,9156,CD,3,D2_pwm200_grab5
19268,384,-40,11944,CD,3,D2_pwm200_grab5
19273,4044,-848,12808,CD,3,D2_pwm200_grab5
19279,-152,1044,11464,CD,3,D2_pwm200_grab5
19284,-304,-504,11348,CD,3,D2_pwm200_grab5
19288,1008,-108,11536,CD,3,D2_pwm200_grab5
19294,-2124,-2044,11152,CD,3,D2_pwm200_grab5
19298,1460,-1496,10704,CD,3,D2_pwm200_grab5
19303,1508,756,11920,CD,3,D2_pwm200_grab5
19308,2472,2120,10516,CD,3,D2_pwm200_grab5
19319,1328,2240,12180,CD,3,D2_pwm200_grab5
19324,-148,-744,9864,CD,3,D2_pwm200_grab5
19329,-184,-1312,10328,CD,3,D2_pwm200_grab5
19333,-4712,-3108,10396,CD,3,D2_pwm200_grab5
19338,1660,408,9924,CD,3,D2_pwm200_grab5
19344,4336,2316,13044,CD,3,D2_pwm200_grab5
19349,2360,-2004,9192,CD,3,D2_pwm200_grab5
19353,3928,1376,10336,CD,3,D2_pwm200_grab5
19358,2788,0,8728,CD,3,D2_pwm200_grab5
19363,168,-416,7228,CD,3,D2_pwm200_grab5
19368,2248,560,9764,CD,3,D2_pwm200_grab5
19373,-2312,436,10488,CD,3,D2_pwm200_grab5
19378,908,1416,9260,CD,3,D2_pwm200_grab5
19384,1844,224,12348,CD,3,D2_pwm200_grab5
19388,1312,-2240,10224,CD,3,D2_pwm200_grab5
19394,-1556,-1600,9464,CD,3,D2_pwm200_grab5
19399,1592,-2880,7616,CD,3,D2_pwm200_grab5
19404,3136,1968,11648,CD,3,D2_pwm200_grab5
19408,2628,760,11664,CD,3,D2_pwm200_grab5
19414,2196,768,11772,CD,3,D2_pwm200_grab5
19419,-3456,-1860,8132,CD,3,D2_pwm200_grab5
19424,-160,232,8696,CD,3,D2_pwm200_grab5
19429,2992,-420,12212,CD,3,D2_pwm200_grab5
19434,-2020,-1844,9380,CD,3,D2_pwm200_grab5
19439,-716,-1728,10712,CD,3,D2_pwm200_grab5
19444,-2088,-3416,8260,CD,3,D2_pwm200_grab5
19454,188,-1336,10452,CD,3,D2_pwm200_grab5
19460,-816,820,10384,CD,3,D2_pwm200_grab5
19464,684,1976,11164,CD,3,D2_pwm200_grab5
19470,8360,-776,10288,CD,3,D2_pwm200_grab5
19475,-1472,-632,11964,CD,3,D2_pwm200_grab5
19480,-2700,-2512,12076,CD,3,D2_pwm200_grab5
19485,-3192,-1628,9812,CD,3,D2_pwm200_grab5
19490,-3476,1580,11028,CD,3,D2_pwm200_grab5
19495,224,2644,9620,CD,3,D2_pwm200_grab5
19500,1184,2980,11252,CD,3,D2_pwm200_grab5
19504,-1380,-1204,10036,CD,3,D2_pwm200_grab5
19510,6352,-1032,9892,CD,3,D2_pwm200_grab5
19514,452,-996,11800,CD,3,D2_pwm200_grab5
19520,-2540,-3204,6888,CD,3,D2_pwm200_grab5
19524,1908,1968,9980,CD,3,D2_pwm200_grab5
19529,796,4480,11576,CD,3,D2_pwm200_grab5
19535,-2080,916,12300,CD,3,D2_pwm200_grab5
19539,692,-476,8888,CD,3,D2_pwm200_grab5
19544,616,-3868,10116,CD,3,D2_pwm200_grab5
19549,-3520,-2932,11288,CD,3,D2_pwm200_grab5
19554,3000,-164,10124,CD,3,D2_pwm200_grab5
19560,1048,1348,14520,CD,3,D2_pwm200_grab5
19569,1500,2916,12572,CD,3,D2_pwm200_grab5
19575,-1796,-3504,8960,CD,3,D2_pwm200_grab5
19579,-1108,-1472,8376,CD,3,D2_pwm200_grab5
19585,-3468,100,11724,CD,3,D2_pwm200_grab5
19589,-2832,-1392,8144,CD,3,D2_pwm200_grab5
19594,4224,1556,9788,CD,3,D2_pwm200_grab5
19600,1348,2832,11544,CD,3,D2_pwm200_grab5
19604,1932,-1640,11944,CD,3,D2_pwm200_grab5
19609,2604,-1496,8448,CD,3,D2_pwm200_grab5
19615,-212,-1012,8888,CD,3,D2_pwm200_grab5
19619,2632,1720,11648,CD,3,D2_pwm200_grab5
19630,172,588,10292,CD,3,D2_pwm200_grab5
19634,2296,-448,8808,CD,3,D2_pwm200_grab5
19639,-696,-1040,8180,CD,3,D2_pwm200_grab5
19649,764,-2184,11508,CD,3,D2_pwm200_grab5
19654,2868,3456,10984,CD,3,D2_pwm200_grab5
19659,84,368,10680,CD,3,D2_pwm200_grab5
19664,5852,-192,7000,CD,3,D2_pwm200_grab5
19671,916,16,9664,CD,3,D2_pwm200_grab5
19676,-936,-2652,6140,CD,3,D2_pwm200_grab5
19680,3264,520,8376,CD,3,D2_pwm200_grab5
19685,2736,1688,9608,CD,3,D2_pwm200_grab5
19691,-1964,-1112,10228,CD,3,D2_pwm200_grab5
19696,-360,-1196,6264,CD,3,D2_pwm200_grab5
19700,-5268,-960,9428,CD,3,D2_pwm200_grab5
19705,-5836,-3548,6872,CD,3,D2_pwm200_grab5
19710,2032,-1332,8128,CD,3,D2_pwm200_grab5
19715,332,544,12372,CD,3,D2_pwm200_grab5
19720,4564,328,12888,CD,3,D2_pwm200_grab5
19726,1468,2092,12924,CD,3,D2_pwm200_grab5
19731,-2232,-3884,7204,CD,3,D2_pwm200_grab5
19736,-928,-20,9156,CD,3,D2_pwm200_grab5
19741,-1156,1024,8036,CD,3,D2_pwm200_grab5
19746,-1492,-2236,10892,CD,3,D2_pwm200_grab5
19751,224,-556,9164,CD,3,D2_pwm200_grab5
19755,-1532,1112,12640,CD,3,D2_pwm200_grab5
19760,196,-736,12752,CD,3,D2_pwm200_grab5
19765,1148,-1144,10244,CD,3,D2_pwm200_grab5
19770,-1296,132,9352,CD,3,D2_pwm200_grab5
19775,1736,2572,9404,CD,3,D2_pwm200_grab5
19786,-168,336,12748,CD,3,D2_pwm200_grab5
19791,-2760,-2660,12144,CD,3,D2_pwm200_grab5
19795,-452,204,11536,CD,3,D2_pwm200_grab5
19805,1040,-1108,12268,CD,3,D2_pwm200_grab5
19816,1628,-604,11060,CD,3,D2_pwm200_grab5
19820,6832,-108,10824,CD,3,D2_pwm200_grab5
19825,2788,316,11080,CD,3,D2_pwm200_grab5
19831,-940,-1468,7660,CD,3,D2_pwm200_grab5
19835,3352,1364,10148,CD,3,D2_pwm200_grab5
19841,-2444,-1092,9416,CD,3,D2_pwm200_grab5
19845,940,1764,9340,CD,3,D2_pwm200_grab5
19851,-136,984,12212,CD,3,D2_pwm200_grab5
19855,1316,-1432,10292,CD,3,D2_pwm200_grab5
19861,-2080,-920,10268,CD,3,D2_pwm200_grab5
19865,2784,-668,8356,CD,3,D2_pwm200_grab5
19871,2068,1052,11672,CD,3,D2_pwm200_grab5
19881,1380,1960,12024,CD,3,D2_pwm200_grab5
19885,-360,-408,9688,CD,3,D2_pwm200_grab5
19890,1956,-1208,9296,CD,3,D2_pwm200_grab5
19895,-2704,376,10336,CD,3,D2_pwm200_grab5
19900,-3408,-1416,7368,CD,3,D2_pwm200_grab5
19905,2872,-216,8804,CD,3,D2_pwm200_grab5
19911,1388,2040,8516,CD,3,D2_pwm200_grab5
19915,-596,-1604,10884,CD,3,D2_pwm200_grab5
19920,1868,-2108,7408,CD,3,D2_pwm200_grab5
19926,-820,-932,7504,CD,3,D2_pwm200_grab5
19931,872,828,11696,CD,3,D2_pwm200_grab5
19942,-824,460,9076,CD,3,D2_pwm200_grab5
19946,-3168,-3620,10884,CD,3,D2_pwm200_grab5
19952,-1484,-1384,9788,CD,3,D2_pwm200_grab5
19957,-4744,-1964,6996,CD,3,D2_pwm200_grab5
19961,-588,1596,9796,CD,3,D2_pwm200_grab5
19966,-2708,1168,11212,CD,3,D2_pwm200_grab5
19972,420,-192,7900,CD,3,D2_pwm200_grab5
19976,4980,-756,10672,CD,3,D2_pwm200_grab5
19981,-2148,16,10172,CD,3,D2_pwm200_grab5
19987,-2580,-2928,6888,CD,3,D2_pwm200_grab5
19991,896,-684,7848,CD,3,D2_pwm200_grab5
19996,1960,3700,11956,CD,3,D2_pwm200_grab5
20002,-2320,-120,10652,CD,3,D2_pwm200_grab5
20006,444,-500,8472,CD,3,D2_pwm200_grab5
20012,-360,-2596,10612,CD,3,D2_pwm200_grab5
20016,-3720,-3056,11988,CD,3,D2_pwm200_grab5
20022,476,-1644,10336,CD,3,D2_pwm200_grab5
20027,1216,1584,14736,CD,3,D2_pwm200_grab5
20032,3908,628,11748,CD,3,D2_pwm200_grab5
20036,1976,3076,13336,CD,3,D2_pwm200_grab5
20041,-1812,-2980,9076,CD,3,D2_pwm200_grab5
20047,-1004,-1128,8524,CD,3,D2_pwm200_grab5
20051,-428,496,10176,CD,3,D2_pwm200_grab5
20056,-3336,-3664,9792,CD,3,D2_pwm200_grab5
20062,3936,-808,11096,CD,3,D2_pwm200_grab5
20066,1068,940,12880,CD,3,D2_pwm200_grab5
20071,1864,1208,14824,CD,3,D2_pwm200_grab5
20076,3136,252,9860,CD,3,D2_pwm200_grab5
20082,-1752,-280,9824,CD,3,D2_pwm200_grab5
20087,2992,2276,10824,CD,3,D2_pwm200_grab5
20092,8088,1004,9296,CD,3,D2_pwm200_grab5
20097,-956,-1320,10204,CD,3,D2_pwm200_grab5
20101,3848,1620,10148,CD,3,D2_pwm200_grab5
20107,-696,-252,12092,CD,3,D2_pwm200_grab5
20111,-6168,-3736,9232,CD,3,D2_pwm200_grab5
20116,1892,-1228,12476,CD,3,D2_pwm200_grab5
20122,3608,2188,12868,CD,3,D2_pwm200_grab5
20127,1376,1156,9876,CD,3,D2_pwm200_grab5
20131,7456,1448,8960,CD,3,D2_pwm200_grab5
20137,2560,1184,12288,CD,3,D2_pwm200_grab5
20141,-2080,-1648,9720,CD,3,D2_pwm200_grab5
20146,-500,212,10784,CD,3,D2_pwm200_grab5
20152,-2288,-2208,8508,CD,3,D2_pwm200_grab5
20156,1008,2284,9900,CD,3,D2_pwm200_grab5
20161,1120,728,13832,CD,3,D2_pwm200_grab5
20167,2172,-1548,9636,CD,3,D2_pwm200_grab5
20171,-4004,-1060,11344,CD,3,D2_pwm200_grab5
20177,4340,-1884,7896,CD,3,D2_pwm200_grab5
20182,1052,1868,10584,CD,3,D2_pwm200_grab5
20188,5988,1324,14644,CD,3,D2_pwm200_grab5
20192,864,1176,13612,CD,3,D2_pwm200_grab5
20197,-2116,-1960,7052,CD,3,D2_pwm200_grab5
20203,-460,-812,10880,CD,3,D2_pwm200_grab5
20207,4008,1636,9200,CD,3,D2_pwm200_grab5
20213,-1196,-1524,10048,CD,3,D2_pwm200_grab5
20217,788,-272,9460,CD,3,D2_pwm200_grab5
20222,-2560,-2984,9116,CD,3,D2_pwm200_grab5
20228,-3468,-2652,7152,CD,3,D2_pwm200_grab5
20232,-76,-2644,8820,CD,3,D2_pwm200_grab5
20238,484,392,10196,CD,3,D2_pwm200_grab5
20242,184,452,8788,CD,3,D2_pwm200_grab5
20247,8784,-444,8604,CD,3,D2_pwm200_grab5
20253,-3216,384,11100,CD,3,D2_pwm200_grab5
20258,-1760,-3096,8508,CD,3,D2_pwm200_grab5
20262,-796,32,9504,CD,3,D2_pwm200_grab5
20273,1160,1248,9996,CD,3,D2_pwm200_grab5
20278,-2644,1048,9148,CD,3,D2_pwm200_grab5
20282,780,-2728,11600,CD,3,D2_pwm200_grab5
20293,1168,-432,10988,CD,3,D2_pwm200_grab5
20297,-1712,-1128,12236,CD,3,D2_pwm200_grab5
20303,5444,984,13640,CD,3,D2_pwm200_grab5
20308,1952,4000,12088,CD,3,D2_pwm200_grab5
20312,-2188,2092,11460,CD,3,D2_pwm200_grab5
20318,1232,-128,9284,CD,3,D2_pwm200_grab5
20322,-4260,136,10716,CD,3,D2_pwm200_grab5
20328,-3060,-2524,9200,CD,3,D2_pwm200_grab5
20333,5240,516,11392,CD,3,D2_pwm200_grab5
20337,560,1928,12416,CD,3,D2_pwm200_grab5
20342,980,-972,12040,CD,3,D2_pwm200_grab5
20348,2400,-1056,8872,CD,3,D2_pwm200_grab5
20353,-2588,-2816,9188,CD,3,D2_pwm200_grab5
20357,-532,-1164,8764,CD,3,D2_pwm200_grab5
20362,4048,1824,12632,CD,3,D2_pwm200_grab5
20368,328,-256,12032,CD,3,D2_pwm200_grab5
20372,1108,-368,10444,CD,3,D2_pwm200_grab5
20377,-40,-432,10824,CD,3,D2_pwm200_grab5
20383,-6748,-3656,8844,CD,3,D2_pwm200_grab5
20387,2164,-100,10532,CD,3,D2_pwm200_grab5
20392,2816,2164,10788,CD,3,D2_pwm200_grab5
20397,2728,2404,10424,CD,3,D2_pwm200_grab5
20402,8756,2072,9340,CD,3,D2_pwm200_grab5
20408,2164,676,10308,CD,3,D2_pwm200_grab5
20413,668,-2436,6872,CD,3,D2_pwm200_grab5
20417,2032,240,11468,CD,3,D2_pwm200_grab5
20422,340,116,8604,CD,3,D2_pwm200_grab5
20428,-368,2504,8876,CD,3,D2_pwm200_grab5
20433,2336,-1224,9676,CD,3,D2_pwm200_grab5
20443,-3124,-2888,8348,CD,3,D2_pwm200_grab5
20449,4536,-744,9232,CD,3,D2_pwm200_grab5
20453,-272,736,10124,CD,3,D2_pwm200_grab5
20459,1040,-308,11168,CD,3,D2_pwm200_grab5
20464,1600,-1860,8400,CD,3,D2_pwm200_grab5
20468,-1352,-1644,7992,CD,3,D2_pwm200_grab5
20473,412,1736,11004,CD,3,D2_pwm200_grab5
20484,-2704,-2112,9744,CD,3,D2_pwm200_grab5
20489,1212,-812,8732,CD,3,D2_pwm200_grab5
20493,-3604,-2228,9608,CD,3,D2_pwm200_grab5
20504,-268,-792,10872,CD,3,D2_pwm200_grab5
20508,2816,2772,10320,CD,3,D2_pwm200_grab5
20513,-1948,-3312,10720,CD,3,D2_pwm200_grab5
20519,3044,-2220,10336,CD,3,D2_pwm200_grab5
20523,-1428,668,12788,CD,3,D2_pwm200_grab5
20529,-2736,-2772,9768,CD,3,D2_pwm200_grab5
20533,-420,-592,9548,CD,3,D2_pwm200_grab5
20539,-1592,1020,8896,CD,3,D2_pwm200_grab5
20543,-1208,2140,9860,CD,3,D2_pwm200_grab5
20548,-972,-204,10184,CD,3,D2_pwm200_grab5
20558,-4168,-3544,11252,CD,3,D2_pwm200_grab5
20563,3964,316,11604,CD,3,D2_pwm200_grab5
20569,284,-808,11032,CD,3,D2_pwm200_grab5
20578,2292,3516,12316,CD,3,D2_pwm200_grab5
20583,-1900,-1828,9068,CD,3,D2_pwm200_grab5
20589,-476,-1852,8848,CD,3,D2_pwm200_grab5
20593,1300,2352,10612,CD,3,D2_pwm200_grab5
20599,-672,-548,9252,CD,3,D2_pwm200_grab5
20604,3344,1568,10140,CD,3,D2_pwm200_grab5
20608,1768,2428,13744,CD,3,D2_pwm200_grab5
20614,-700,-1080,9592,CD,3,D2_pwm200_grab5
20618,2612,-784,8268,CD,3,D2_pwm200_grab5
20624,1288,388,11216,CD,3,D2_pwm200_grab5
20628,2620,3340,10388,CD,3,D2_pwm200_grab5
20638,504,1408,12144,CD,3,D2_pwm200_grab5
20643,244,-1184,8100,CD,3,D2_pwm200_grab5
20648,992,-188,9904,CD,3,D2_pwm200_grab5
20653,-5612,-2956,11392,CD,3,D2_pwm200_grab5
20659,1452,204,10112,CD,3,D2_pwm200_grab5
20663,3648,2792,12096,CD,3,D2_pwm200_grab5
20668,2284,-1336,10112,CD,3,D2_pwm200_grab5
20674,3232,280,10716,CD,3,D2_pwm200_grab5
20679,3468,-312,8484,CD,3,D2_pwm200_grab5
20684,1940,-932,8428,CD,3,D2_pwm200_grab5
20688,3444,-288,10544,CD,3,D2_pwm200_grab5
20694,3996,2780,11612,CD,3,D2_pwm200_grab5
20700,-1352,-1540,7672,CD,3,D2_pwm200_grab5
20705,-708,-2328,8552,CD,3,D2_pwm200_grab5
20710,1020,2496,8060,CD,3,D2_pwm200_grab5
20715,-1748,-2148,8508,CD,3,D2_pwm200_grab5
20719,2924,148,8484,CD,3,D2_pwm200_grab5
20724,-2748,-1928,9664,CD,3,D2_pwm200_grab5
20734,-36,-804,10692,CD,3,D2_pwm200_grab5
20740,-1604,-1304,9796,CD,3,D2_pwm200_grab5
20744,1720,2272,9900,CD,3,D2_pwm200_grab5
20754,-1468,340,9548,CD,3,D2_pwm200_grab5
20760,-3568,-2992,10316,CD,3,D2_pwm200_grab5
20764,-760,-1664,9212,CD,3,D2_pwm200_grab5
20769,-2208,1304,9048,CD,3,D2_pwm200_grab5
20774,1364,1392,8120,CD,3,D2_pwm200_grab5
20780,-1384,2088,9820,CD,3,D2_pwm200_grab5
20784,-244,-2144,11896,CD,3,D2_pwm200_grab5
20790,520,-1812,11240,CD,3,D2_pwm200_grab5
20795,112,-1496,9928,CD,3,D2_pwm200_grab5
20799,-1864,-1964,11660,CD,3,D2_pwm200_grab5
20804,-2632,376,7556,CD,3,D2_pwm200_grab5
20809,2984,4904,12628,CD,3,D2_pwm200_grab5
20814,-2556,-304,10332,CD,3,D2_pwm200_grab5
20819,-1208,-2116,7444,CD,3,D2_pwm200_grab5
20830,-2348,-2056,9900,CD,3,D2_pwm200_grab5
20835,2816,-2280,10404,CD,3,D2_pwm200_grab5
20839,804,1976,12664,CD,3,D2_pwm200_grab5
20849,3184,-916,9476,CD,3,D2_pwm200_grab5
20854,-2948,-956,10788,CD,3,D2_pwm200_grab5
20860,2044,1380,11560,CD,3,D2_pwm200_grab5
20864,124,976,10468,CD,3,D2_pwm200_grab5
20870,100,-484,10916,CD,3,D2_pwm200_grab5
20874,3704,2212,11552,CD,3,D2_pwm200_grab5
20879,64,468,10652,CD,3,D2_pwm200_grab5
20884,-6452,-2968,11528,CD,3,D2_pwm200_grab5
20889,2068,-1060,10896,CD,3,D2_pwm200_grab5
20894,3576,2208,13372,CD,3,D2_pwm200_grab5
20899,1840,-1756,10920,CD,3,D2_pwm200_grab5
20904,4992,400,10184,CD,3,D2_pwm200_grab5
20909,1916,980,10332,CD,3,D2_pwm200_grab5
20914,-1300,-864,9476,CD,3,D2_pwm200_grab5
20919,1312,-108,10756,CD,3,D2_pwm200_grab5
20924,184,-312,9644,CD,3,D2_pwm200_grab5
20929,272,2392,8144,CD,3,D2_pwm200_grab5
20935,1608,568,13260,CD,3,D2_pwm200_grab5
20945,-3064,-1096,11048,CD,3,D2_pwm200_grab5
20951,3824,-1176,9044,CD,3,D2_pwm200_grab5
20956,2020,840,11848,CD,3,D2_pwm200_grab5
20960,1640,-384,10124,CD,3,D2_pwm200_grab5
20966,2568,-424,10028,CD,3,D2_pwm200_grab5
20971,-1796,-2392,7864,CD,3,D2_pwm200_grab5
20976,808,-24,12860,CD,3,D2_pwm200_grab5
20986,-508,720,9076,CD,3,D2_pwm200_grab5
20992,-3612,-3364,10220,CD,3,D2_pwm200_grab5
20995,-1168,-1448,8344,CD,3,D2_pwm200_grab5
21006,1480,-1772,9540,CD,3,D2_pwm200_grab5
21011,2616,2868,10112,CD,3,D2_pwm200_grab5
21016,1268,-868,9072,CD,3,D2_pwm200_grab5
21020,2548,-2544,10764,CD,3,D2_pwm200_grab5
21025,-1428,-12,9212,CD,3,D2_pwm200_grab5
21030,-1424,-2508,9532,CD,3,D2_pwm200_grab5
21035,-1580,-1524,9776,CD,3,D2_pwm200_grab5
21040,-1568,2064,9340,CD,3,D2_pwm200_grab5
21046,-676,2900,9820,CD,3,D2_pwm200_grab5
21050,-112,-68,9588,CD,3,D2_pwm200_grab5
21061,-4244,-3136,9480,CD,3,D2_pwm200_grab5
21065,2620,-1432,11036,CD,3,D2_pwm200_grab5
21076,1388,412,12796,CD,3,D2_pwm200_grab5
21080,1168,3076,13376,CD,3,D2_pwm200_grab5
21085,-3524,-2124,10308,CD,3,D2_pwm200_grab5
21090,-312,-1872,9252,CD,3,D2_pwm200_grab5
21095,108,1468,10920,CD,3,D2_pwm200_grab5
21101,-72,-236,10904,CD,3,D2_pwm200_grab5
21106,1680,392,11056,CD,3,D2_pwm200_grab5
21111,-1196,840,10500,CD,3,D2_pwm200_grab5
21120,1988,-1244,8752,CD,3,D2_pwm200_grab5
21125,-144,-440,11128,CD,3,D2_pwm200_grab5
21130,1052,2268,10336,CD,3,D2_pwm200_grab5
21141,1184,1836,11936,CD,3,D2_pwm200_grab5
21146,440,-480,9352,CD,3,D2_pwm200_grab5
21151,3164,268,10560,CD,3,D2_pwm200_grab5
21155,648,1296,10576,CD,3,D2_pwm200_grab5
21160,-1236,72,8244,CD,3,D2_pwm200_grab5
21165,-528,1396,10968,CD,3,D2_pwm200_grab5
21171,2420,-2512,9436,CD,3,D2_pwm200_grab5
21175,-2000,-260,10080,CD,3,D2_pwm200_grab5
21180,3596,-1196,8012,CD,3,D2_pwm200_grab5
21186,2844,16,10832,CD,3,D2_pwm200_grab5
21190,5452,1420,12888,CD,3,D2_pwm200_grab5
21196,516,1820,12228,CD,3,D2_pwm200_grab5
21201,-1920,-2296,6940,CD,3,D2_pwm200_grab5
21206,248,-2100,10068,CD,3,D2_pwm200_grab5
21212,3824,2060,11028,CD,3,D2_pwm200_grab5
21217,0,596,10156,CD,3,D2_pwm200_grab5
21222,-868,-1928,8896,CD,3,D2_pwm200_grab5
21226,-1384,-524,8264,CD,3,D2_pwm200_grab5
21237,52,-1276,9976,CD,3,D2_pwm200_grab5
21242,-2308,1456,8284,CD,3,D2_pwm200_grab5
21246,460,-1732,10916,CD,3,D2_pwm200_grab5
21252,8480,-432,10356,CD,3,D2_pwm200_grab5
21256,-1480,72,9900,CD,3,D2_pwm200_grab5
21262,-852,-3888,7740,CD,3,D2_pwm200_grab5
21266,1068,-1764,9208,CD,3,D2_pwm200_grab5
21271,1580,3608,10700,CD,3,D2_pwm200_grab5
21276,-1548,316,8740,CD,3,D2_pwm200_grab5
21281,728,220,7164,CD,3,D2_pwm200_grab5
21287,-5620,-1948,6752,CD,3,D2_pwm200_grab5
21291,-2440,-2104,8540,CD,3,D2_pwm200_grab5
21297,792,-2820,9300,CD,3,D2_pwm200_grab5
21301,596,-1844,10096,CD,3,D2_pwm200_grab5
21307,4364,1388,13376,CD,3,D2_pwm200_grab5
21312,652,2212,11628,CD,3,D2_pwm200_grab5
21316,-2608,-2216,9032,CD,3,D2_pwm200_grab5
21321,-1864,-2092,7568,CD,3,D2_pwm200_grab5
21326,3364,536,13844,CD,3,D2_pwm200_grab5
21332,-2452,-1160,10600,CD,3,D2_pwm200_grab5
21337,4216,-24,11240,CD,3,D2_pwm200_grab5
21341,-1860,-416,11080,CD,3,D2_pwm200_grab5
21347,-5876,-828,10332,CD,3,D2_pwm200_grab5
21352,776,-1404,8932,CD,3,D2_pwm200_grab5
21357,420,1804,11468,CD,3,D2_pwm200_grab5
21362,664,1888,10772,CD,3,D2_pwm200_grab5
21372,-752,788,12620,CD,3,D2_pwm200_grab5
21376,-3068,-1116,11448,CD,3,D2_pwm200_grab5
21382,-952,-320,11804,CD,3,D2_pwm200_grab5
21386,-2984,-2296,8952,CD,3,D2_pwm200_grab5
21391,672,2080,12100,CD,3,D2_pwm200_grab5
21396,-1308,1324,13488,CD,3,D2_pwm200_grab5
21401,460,-2340,11824,CD,3,D2_pwm200_grab5
21406,-2776,-1728,10156,CD,3,D2_pwm200_grab5
21411,3552,-792,10744,CD,3,D2_pwm200_grab5
21416,2616,1868,11828,CD,3,D2_pwm200_grab5
21422,2188,584,10584,CD,3,D2_pwm200_grab5
21427,4168,2908,10724,CD,3,D2_pwm200_grab5
21432,-1300,388,11236,CD,3,D2_pwm200_grab5
21437,1892,-1444,8264,CD,3,D2_pwm200_grab5
21441,-1460,84,14736,CD,3,D2_pwm200_grab5
21447,-1616,-1316,8980,CD,3,D2_pwm200_grab5
21451,6400,404,10808,CD,3,D2_pwm200_grab5
21456,-208,1004,9164,CD,3,D2_pwm200_grab5
21462,-3048,-1196,7988,CD,3,D2_pwm200_grab5
21467,844,-3696,9072,CD,3,D2_pwm200_grab5
21473,1720,1044,10792,CD,3,D2_pwm200_grab5
21477,-892,188,10492,CD,3,D2_pwm200_grab5
21487,148,-108,9396,CD,3,D2_pwm200_grab5
21492,2240,-2092,7196,CD,3,D2_pwm200_grab5
21497,1680,-960,8604,CD,3,D2_pwm200_grab5
21504,1228,1984,9156,CD,3,D2_pwm200_grab5
21507,1360,976,8324,CD,3,D2_pwm200_grab5
21512,-1912,908,11488,CD,3,D2_pwm200_grab5
21517,572,-3104,8960,CD,3,D2_pwm200_grab5
21523,-3440,-2076,10260,CD,3,D2_pwm200_grab5
21527,-372,-1744,8208,CD,3,D2_pwm200_grab5
21532,664,-924,9840,CD,3,D2_pwm200_grab5
21537,2028,1112,11688,CD,3,D2_pwm200_grab5
21542,748,1864,13924,CD,3,D2_pwm200_grab5
21547,-2700,1452,11028,CD,3,D2_pwm200_grab5
21553,-196,-1148,6144,CD,3,D2_pwm200_grab5
21557,-3016,-324,14976,CD,3,D2_pwm200_grab5
21562,-4996,-3564,8064,CD,3,D2_pwm200_grab5
21567,3508,100,11852,CD,3,D2_pwm200_grab5
21573,-2908,-184,10712,CD,3,D2_pwm200_grab5
21578,-4940,-1504,9004,CD,3,D2_pwm200_grab5
21583,100,-2440,8620,CD,3,D2_pwm200_grab5
21587,860,1660,11172,CD,3,D2_pwm200_grab5
21593,-576,592,11356,CD,3,D2_pwm200_grab5
21598,5364,440,12672,CD,3,D2_pwm200_grab5
21602,-1240,-420,11888,CD,3,D2_pwm200_grab5
21608,-3544,-1540,12020,CD,3,D2_pwm200_grab5
21612,-2888,-1632,10152,CD,3,D2_pwm200_grab5
21618,-4180,-1036,10288,CD,3,D2_pwm200_grab5
21623,828,928,10260,CD,3,D2_pwm200_grab5
21628,-2020,1788,12272,CD,3,D2_pwm200_grab5
21633,-660,748,10620,CD,3,D2_pwm200_grab5
21642,1688,228,12276,CD,3,D2_pwm200_grab5
21647,-904,-12,5032,CD,3,D2_pwm200_grab5
21652,3112,436,10648,CD,3,D2_pwm200_grab5
21657,4036,3220,11364,CD,3,D2_pwm200_grab5
21663,-1600,1716,11376,CD,3,D2_pwm200_grab5
21667,3048,-1560,8720,CD,3,D2_pwm200_grab5
21673,-2832,552,13972,CD,3,D2_pwm200_grab5
21678,-3644,-1516,10948,CD,3,D2_pwm200_grab5
21682,4236,-1040,9860,CD,3,D2_pwm200_grab5
21688,2928,528,11688,CD,3,D2_pwm200_grab5
21692,3656,2596,10132,CD,3,D2_pwm200_grab5
21697,1388,1496,11776,CD,3,D2_pwm200_grab5
21702,-1752,-1704,9636,CD,3,D2_pwm200_grab5
21707,372,-720,12972,CD,3,D2_pwm200_grab5
21713,6216,2364,12252,CD,3,D2_pwm200_grab5
21719,-456,936,9616,CD,3,D2_pwm200_grab5
21724,-860,-1184,9212,CD,3,D2_pwm200_grab5
21728,-1292,-996,9616,CD,3,D2_pwm200_grab5
21734,-5404,-3652,7848,CD,3,D2_pwm200_grab5
21739,-188,248,9664,CD,3,D2_pwm200_grab5
21743,-972,1480,9936,CD,3,D2_pwm200_grab5
21748,936,-2028,9924,CD,3,D2_pwm200_grab5
21754,-72,-400,8620,CD,3,D2_pwm200_grab5
21758,1080,-3120,7588,CD,3,D2_pwm200_grab5
21769,-104,-1508,7908,CD,3,D2_pwm200_grab5
21773,2308,2220,9816,CD,3,D2_pwm200_grab5
21778,-2172,-24,9944,CD,3,D2_pwm200_grab5
21783,1568,-1120,7876,CD,3,D2_pwm200_grab5
21789,-4120,-420,13508,CD,3,D2_pwm200_grab5
21793,-3316,-3672,8776,CD,3,D2_pwm200_grab5
21798,2536,-32,10068,CD,3,D2_pwm200_grab5
21803,704,-1172,12256,CD,3,D2_pwm200_grab5
21808,1932,528,8436,CD,3,D2_pwm200_grab5
21814,2192,1912,12140,CD,3,D2_pwm200_grab5
21819,-2224,-1968,9644,CD,3,D2_pwm200_grab5
21823,-1600,-1072,10420,CD,3,D2_pwm200_grab5
21829,5828,512,11480,CD,3,D2_pwm200_grab5
21834,-3048,-260,10444,CD,3,D2_pwm200_grab5
21838,-3168,-2460,11084,CD,3,D2_pwm200_grab5
21843,-2856,-576,11036,CD,3,D2_pwm200_grab5
21853,1104,-2220,11268,CD,3,D2_pwm200_grab5
21858,-692,616,10868,CD,3,D2_pwm200_grab5
21863,620,1864,12272,CD,3,D2_pwm200_grab5
21868,5832,-312,10780,CD,3,D2_pwm200_grab5
21874,-12,552,12204,CD,3,D2_pwm200_grab5
21879,60,-144,7340,CD,3,D2_pwm200_grab5
21884,1192,372,9932,CD,3,D2_pwm200_grab5
21888,-2620,-772,8444,CD,3,D2_pwm200_grab5
21893,228,3164,10952,CD,3,D2_pwm200_grab5
21904,2956,-2872,10648,CD,3,D2_pwm200_grab5
21909,-3708,-3096,12144,CD,3,D2_pwm200_grab5
21913,4780,-268,11980,CD,3,D2_pwm200_grab5
21918,1576,1304,13808,CD,3,D2_pwm200_grab5
21924,3964,1768,9912,CD,3,D2_pwm200_grab5
21928,2448,2772,13672,CD,3,D2_pwm200_grab5
21933,-992,-1100,10260,CD,3,D2_pwm200_grab5
21939,504,-1340,7240,CD,3,D2_pwm200_grab5
21943,200,2712,9780,CD,3,D2_pwm200_grab5
21948,-420,-740,9392,CD,3,D2_pwm200_grab5
21953,5496,1056,9644,CD,3,D2_pwm200_grab5
21958,336,636,10224,CD,3,D2_pwm200_grab5
21963,-6976,-3764,9260,CD,3,D2_pwm200_grab5
21969,2180,-2440,10832,CD,3,D2_pwm200_grab5
21974,4688,1936,12040,CD,3,D2_pwm200_grab5
21979,360,1756,11144,CD,3,D2_pwm200_grab5
21984,8476,616,7976,CD,3,D2_pwm200_grab5
21990,1768,1392,10936,CD,3,D2_pwm200_grab5
22000,3600,40,9576,CD,3,D2_pwm200_grab5
22004,3516,2580,9720,CD,3,D2_pwm200_grab5
22009,-1596,-532,9616,CD,3,D2_pwm200_grab5
22014,1740,-784,6912,CD,3,D2_pwm200_grab5
22019,4032,-2744,9776,CD,3,D2_pwm200_grab5
22025,-4056,-3596,10920,CD,3,D2_pwm200_grab5
22030,3260,-804,9156,CD,3,D2_pwm200_grab5
22034,1112,-380,12456,CD,3,D2_pwm200_grab5
22040,2412,952,7812,CD,3,D2_pwm200_grab5
22045,1568,1124,12584,CD,3,D2_pwm200_grab5
22050,-1932,-2316,7352,CD,3,D2_pwm200_grab5
22054,-536,-188,11612,CD,3,D2_pwm200_grab5
22060,-2524,556,10264,CD,3,D2_pwm200_grab5
22065,-4020,-1840,7376,CD,3,D2_pwm200_grab5
22069,3012,-312,9188,CD,3,D2_pwm200_grab5
22074,-3824,-1372,10832,CD,3,D2_pwm200_grab5
22080,-8004,-3100,8288,CD,3,D2_pwm200_grab5
22085,-160,-3072,11580,CD,3,D2_pwm200_grab5
22090,1888,1528,10468,CD,3,D2_pwm200_grab5
22095,-1592,924,11212,CD,3,D2_pwm200_grab5
22100,7332,-240,11040,CD,3,D2_pwm200_grab5
22104,-1380,468,12536,CD,3,D2_pwm200_grab5
22110,-5800,-3524,11488,CD,3,D2_pwm200_grab5
22114,-1412,-940,9508,CD,3,D2_pwm200_grab5
22120,-5520,-1340,8120,CD,3,D2_pwm200_grab5
22125,924,1720,10296,CD,3,D2_pwm200_grab5
22129,-2424,1860,13576,CD,3,D2_pwm200_grab5
22134,2396,-3576,10952,CD,3,D2_pwm200_grab5
22139,-4544,-5284,11152,CD,3,D2_pwm200_grab5
22145,2868,-608,11536,CD,3,D2_pwm200_grab5
22149,-952,-1408,7812,CD,3,D2_pwm200_grab5
22154,284,1832,10104,CD,3,D2_pwm200_grab5
22159,4236,4548,11268,CD,3,D2_pwm200_grab5
22164,-996,-328,9344,CD,3,D2_pwm200_grab5
22170,596,-1992,7808,CD,3,D2_pwm200_grab5
22174,-784,1504,10568,CD,3,D2_pwm200_grab5
22180,-1804,-1068,9148,CD,3,D2_pwm200_grab5
22184,4928,2216,9764,CD,3,D2_pwm200_grab5
22190,3156,1716,14204,CD,3,D2_pwm200_grab5
22195,2852,1052,12168,CD,3,D2_pwm200_grab5
22200,3124,560,11392,CD,3,D2_pwm200_grab5
22204,-708,-2020,10096,CD,3,D2_pwm200_grab5
22209,1608,1104,11140,CD,3,D2_pwm200_grab5
22219,552,1892,11860,CD,3,D2_pwm200_grab5
22224,-2500,-2336,10108,CD,3,D2_pwm200_grab5
22230,148,-880,9564,CD,3,D2_pwm200_grab5
22235,-2148,-1384,8172,CD,3,D2_pwm200_grab5
22241,1028,1068,9496,CD,3,D2_pwm200_grab5
22245,2088,1348,13340,CD,3,D2_pwm200_grab5
22250,3612,-2340,10612,CD,3,D2_pwm200_grab5
22256,-2472,-2524,8428,CD,3,D2_pwm200_grab5
22261,3452,-628,9020,CD,3,D2_pwm200_grab5
22266,3476,-336,11576,CD,3,D2_pwm200_grab5
22272,2616,1196,7720,CD,3,D2_pwm200_grab5
22275,2444,3808,10800,CD,3,D2_pwm200_grab5
22280,-692,-336,7968,CD,3,D2_pwm200_grab5
22285,208,-2760,7540,CD,3,D2_pwm200_grab5
22291,-440,1648,7600,CD,3,D2_pwm200_grab5
22295,-2400,-1516,7312,CD,3,D2_pwm200_grab5
22300,3504,424,8756,CD,3,D2_pwm200_grab5
22306,-3204,-1688,10916,CD,3,D2_pwm200_grab5
22316,1768,-1396,9592,CD,3,D2_pwm200_grab5
