tiempo_ms,ax,ay,az,etiqueta,muestra_id,grabacion_id
3000,510,-3360,8544,CN,0,N_pwm150_grab1
3005,1300,1736,9224,CN,0,N_pwm150_grab1
3009,562,5280,14188,CN,0,N_pwm150_grab1
3015,1338,-1456,9980,CN,0,N_pwm150_grab1
3019,-14,-5216,7864,CN,0,N_pwm150_grab1
3025,-278,1036,9660,CN,0,N_pwm150_grab1
3030,1318,6556,12552,CN,0,N_pwm150_grab1
3035,1142,-590,10790,CN,0,N_pwm150_grab1
3041,34,-6832,8014,CN,0,N_pwm150_grab1
3045,996,6086,12296,CN,0,N_pwm150_grab1
3050,954,628,10938,CN,0,N_pwm150_grab1
3056,-20,-6158,8274,CN,0,N_pwm150_grab1
3061,-524,-562,9016,CN,0,N_pwm150_grab1
3065,1248,1836,10908,CN,0,N_pwm150_grab1
3070,650,-2340,10556,CN,0,N_pwm150_grab1
3075,108,-1810,8986,CN,0,N_pwm150_grab1
3080,1286,-3694,8310,CN,0,N_pwm150_grab1
3086,-588,302,11802,CN,0,N_pwm150_grab1
3090,134,-4096,7118,CN,0,N_pwm150_grab1
3095,818,-1940,8336,CN,0,N_pwm150_grab1
3101,-466,2292,11724,CN,0,N_pwm150_grab1
3106,482,-2618,8298,CN,0,N_pwm150_grab1
3111,998,-4152,7518,CN,0,N_pwm150_grab1
3115,-1350,-4096,8646,CN,0,N_pwm150_grab1
3121,-1578,6590,13026,CN,0,N_pwm150_grab1
3126,3028,1238,11062,CN,0,N_pwm150_grab1
3131,-2336,-1358,9834,CN,0,N_pwm150_grab1
3135,1192,4712,12798,CN,0,N_pwm150_grab1
3140,1830,-3000,9176,CN,0,N_pwm150_grab1
3145,-1534,-3686,8694,CN,0,N_pwm150_grab1
3150,466,6808,13140,CN,0,N_pwm150_grab1
3155,2284,-874,9500,CN,0,N_pwm150_grab1
3161,-146,-578,10944,CN,0,N_pwm150_grab1
3165,-1996,2176,9152,CN,0,N_pwm150_grab1
3170,2068,-1314,8072,CN,0,N_pwm150_grab1
3175,-1358,-1888,10064,CN,0,N_pwm150_grab1
3181,1642,5136,13484,CN,0,N_pwm150_grab1
3185,1424,-2834,7358,CN,0,N_pwm150_grab1
3190,-948,164,12288,CN,0,N_pwm150_grab1
3196,3640,-360,10148,CN,0,N_pwm150_grab1
3200,1982,-1958,7664,CN,0,N_pwm150_grab1
3205,-1300,-806,10726,CN,0,N_pwm150_grab1
3210,3452,-2412,8168,CN,0,N_pwm150_grab1
3215,-456,-4716,4304,CN,0,N_pwm150_grab1
3220,-1858,-622,15190,CN,0,N_pwm150_grab1
3226,1396,-3432,9482,CN,0,N_pwm150_grab1
3230,-676,-1466,5608,CN,0,N_pwm150_grab1
3236,-1464,-2180,11472,CN,0,N_pwm150_grab1
3241,628,-6,12194,CN,0,N_pwm150_grab1
3245,-932,-2100,5220,CN,0,N_pwm150_grab1
3251,-448,4106,11264,CN,0,N_pwm150_grab1
3255,3246,2246,10178,CN,0,N_pwm150_grab1
3260,-836,-324,10438,CN,0,N_pwm150_grab1
3265,1682,5848,13166,CN,0,N_pwm150_grab1
3270,3102,-2416,7146,CN,0,N_pwm150_grab1
3275,-1174,296,11990,CN,0,N_pwm150_grab1
3281,2838,-582,10076,CN,0,N_pwm150_grab1
3286,-12,-6538,3388,CN,0,N_pwm150_grab1
3291,-1886,-1214,12464,CN,0,N_pwm150_grab1
3297,1888,572,11640,CN,0,N_pwm150_grab1
3301,-1656,1914,11366,CN,0,N_pwm150_grab1
3306,516,7310,12154,CN,0,N_pwm150_grab1
3311,3598,190,8476,CN,0,N_pwm150_grab1
3316,-1092,708,12232,CN,0,N_pwm150_grab1
3321,3442,-48,10976,CN,0,N_pwm150_grab1
3326,422,-7270,2848,CN,0,N_pwm150_grab1
3331,-2816,-2440,15900,CN,0,N_pwm150_grab1
3336,1390,-3672,9328,CN,0,N_pwm150_grab1
3341,-1252,-450,5414,CN,0,N_pwm150_grab1
3346,-1308,1732,12412,CN,0,N_pwm150_grab1
3352,3162,1346,9904,CN,0,N_pwm150_grab1
3356,-1464,2620,11176,CN,0,N_pwm150_grab1
3361,3260,5224,14138,CN,0,N_pwm150_grab1
3366,1308,-5842,5736,CN,0,N_pwm150_grab1
3371,-2536,-2354,12940,CN,0,N_pwm150_grab1
3376,2064,-4682,8110,CN,0,N_pwm150_grab1
3381,-1132,-3416,2378,CN,0,N_pwm150_grab1
3386,-2590,128,13422,CN,0,N_pwm150_grab1
3391,2402,286,10054,CN,0,N_pwm150_grab1
3396,-1980,2058,10558,CN,0,N_pwm150_grab1
3402,2790,8058,15006,CN,0,N_pwm150_grab1
3406,2548,-3796,6308,CN,0,N_pwm150_grab1
3412,-3468,-4094,13530,CN,0,N_pwm150_grab1
3417,2890,-5156,8204,CN,0,N_pwm150_grab1
3421,-1036,-4472,2122,CN,0,N_pwm150_grab1
3426,-3038,2130,13340,CN,0,N_pwm150_grab1
3431,3312,1454,9060,CN,0,N_pwm150_grab1
3436,-2162,3004,11324,CN,0,N_pwm150_grab1
3441,3464,7986,15188,CN,0,N_pwm150_grab1
3447,1644,-4770,5828,CN,0,N_pwm150_grab1
3451,-3206,-3288,13090,CN,0,N_pwm150_grab1
3457,1224,-5964,8192,CN,0,N_pwm150_grab1
3461,-2542,-3068,1686,CN,0,N_pwm150_grab1
3466,-1250,6688,15090,CN,0,N_pwm150_grab1
3471,5036,1826,6686,CN,0,N_pwm150_grab1
3476,-1438,4648,15130,CN,0,N_pwm150_grab1
3481,6740,3186,13964,CN,0,N_pwm150_grab1
3486,-70,-7660,4456,CN,0,N_pwm150_grab1
3491,-2690,4758,14284,CN,0,N_pwm150_grab1
3496,4530,1722,6702,CN,0,N_pwm150_grab1
3501,-3122,1336,7836,CN,0,N_pwm150_grab1
3506,1828,11500,16866,CN,0,N_pwm150_grab1
3511,6100,288,6114,CN,0,N_pwm150_grab1
3516,-1528,2000,15740,CN,0,N_pwm150_grab1
3521,2968,-5428,8458,CN,0,N_pwm150_grab1
3526,-4020,-7606,-70,CN,0,N_pwm150_grab1
3531,3232,12378,18176,CN,0,N_pwm150_grab1
3537,7866,580,6322,CN,0,N_pwm150_grab1
3542,-1844,2154,16802,CN,0,N_pwm150_grab1
3547,1866,-6608,8230,CN,0,N_pwm150_grab1
3552,-5514,-8812,-638,CN,0,N_pwm150_grab1
3557,-6118,2368,14606,CN,0,N_pwm150_grab1
3562,4842,2508,5368,CN,0,N_pwm150_grab1
3568,1544,8682,18584,CN,0,N_pwm150_grab1
3573,3402,-6920,7440,CN,0,N_pwm150_grab1
3577,-8622,-8136,-2206,CN,0,N_pwm150_grab1
3582,-9282,2268,13864,CN,0,N_pwm150_grab1
3588,-5398,-6678,7576,CN,0,N_pwm150_grab1
3592,-5060,886,6296,CN,0,N_pwm150_grab1
3597,6462,13550,20790,CN,0,N_pwm150_grab1
3602,13618,516,9472,CN,0,N_pwm150_grab1
3608,-5088,-496,17386,CN,0,N_pwm150_grab1
3612,-4184,-5370,8370,CN,0,N_pwm150_grab1
3617,-3440,1000,6858,CN,0,N_pwm150_grab1
3623,4820,13568,21256,CN,0,N_pwm150_grab1
3627,7540,3378,5298,CN,0,N_pwm150_grab1
3633,5350,8472,15098,CN,0,N_pwm150_grab1
3638,7592,6916,16246,CN,0,N_pwm150_grab1
3642,2892,-7680,6302,CN,0,N_pwm150_grab1
3648,-13944,-8094,13412,CN,0,N_pwm150_grab1
3652,1856,1146,7268,CN,0,N_pwm150_grab1
3658,4242,5664,16406,CN,0,N_pwm150_grab1
3663,6798,10356,19038,CN,0,N_pwm150_grab1
3667,8836,-4506,9748,CN,0,N_pwm150_grab1
3673,3704,7028,16694,CN,0,N_pwm150_grab1
3677,7998,1018,11870,CN,0,N_pwm150_grab1
3682,-2544,-9488,1572,CN,0,N_pwm150_grab1
3688,-13090,-9034,12568,CN,0,N_pwm150_grab1
3693,8068,3882,6278,CN,0,N_pwm150_grab1
3698,5454,6798,15166,CN,0,N_pwm150_grab1
3702,6562,7174,16242,CN,0,N_pwm150_grab1
3707,5230,-6726,7778,CN,0,N_pwm150_grab1
3713,1700,4480,16084,CN,0,N_pwm150_grab1
3718,7312,-1774,8410,CN,0,N_pwm150_grab1
3723,-5148,-9248,-400,CN,0,N_pwm150_grab1
3727,-12864,-7848,12112,CN,0,N_pwm150_grab1
3732,-2620,-3040,10586,CN,0,N_pwm150_grab1
3738,5074,7046,15032,CN,0,N_pwm150_grab1
3743,6892,5278,15370,CN,0,N_pwm150_grab1
3747,4360,-7520,7088,CN,0,N_pwm150_grab1
3753,-11086,-5988,13240,CN,0,N_pwm150_grab1
3758,7000,-1436,8934,CN,0,N_pwm150_grab1
3762,-3776,-9202,650,CN,0,N_pwm150_grab1
3767,-12986,-7540,12886,CN,0,N_pwm150_grab1
3772,-3152,-2884,11326,CN,0,N_pwm150_grab1
3777,5198,5998,16232,CN,0,N_pwm150_grab1
3783,6774,5860,16444,CN,0,N_pwm150_grab1
3787,6776,-6786,8658,CN,0,N_pwm150_grab1
3793,-7546,-4712,14186,CN,0,N_pwm150_grab1
3798,-642,-5586,7440,CN,0,N_pwm150_grab1
3809,-6436,2960,12570,CN,0,N_pwm150_grab1
3813,3474,3144,7678,CN,0,N_pwm150_grab1
3818,2578,3438,14150,CN,0,N_pwm150_grab1
3823,6636,-1360,9168,CN,0,N_pwm150_grab1
3829,-2228,-8776,1512,CN,0,N_pwm150_grab1
3834,-12272,-7708,14482,CN,0,N_pwm150_grab1
3838,-3192,-3604,12408,CN,0,N_pwm150_grab1
3849,-9886,-2288,11550,CN,0,N_pwm150_grab1
3854,314,562,10826,CN,0,N_pwm150_grab1
3859,4988,5406,13168,CN,0,N_pwm150_grab1
3863,6766,2202,13048,CN,0,N_pwm150_grab1
3868,2784,-8466,5968,CN,0,N_pwm150_grab1
3873,-10258,-6976,15600,CN,0,N_pwm150_grab1
3878,-2746,-5642,8922,CN,0,N_pwm150_grab1
3884,-3306,-7896,112,CN,0,N_pwm150_grab1
3889,-12208,-6758,14422,CN,0,N_pwm150_grab1
3894,-3040,-3418,11954,CN,0,N_pwm150_grab1
3899,4050,4226,14918,CN,0,N_pwm150_grab1
3903,7320,6572,18014,CN,0,N_pwm150_grab1
3908,8868,-5310,9764,CN,0,N_pwm150_grab1
3913,-3660,-1974,14720,CN,0,N_pwm150_grab1
3918,3454,-4654,7052,CN,0,N_pwm150_grab1
3924,-7354,-5574,-2930,CN,0,N_pwm150_grab1
3929,-8568,-6192,16490,CN,0,N_pwm150_grab1
3934,-1834,-4906,8492,CN,0,N_pwm150_grab1
3938,-1910,1402,12534,CN,0,N_pwm150_grab1
3943,3176,9964,18046,CN,0,N_pwm150_grab1
3948,12814,302,6588,CN,0,N_pwm150_grab1
3953,2818,3498,13542,CN,0,N_pwm150_grab1
3958,6944,-574,9290,CN,0,N_pwm150_grab1
3964,-138,-7988,2204,CN,0,N_pwm150_grab1
3969,-1930,-788,14598,CN,0,N_pwm150_grab1
3973,3802,-3982,6688,CN,0,N_pwm150_grab1
3978,-7324,-1438,4458,CN,0,N_pwm150_grab1
3984,-3770,7532,13432,CN,0,N_pwm150_grab1
3988,7740,3710,5606,CN,0,N_pwm150_grab1
3994,5116,4652,14090,CN,0,N_pwm150_grab1
3999,7040,5488,16030,CN,0,N_pwm150_grab1
4003,7542,-5802,9330,CN,0,N_pwm150_grab1
4009,-3884,-3186,16802,CN,0,N_pwm150_grab1
4013,7128,1668,11524,CN,0,N_pwm150_grab1
4018,-7906,-5348,-2160,CN,0,N_pwm150_grab1
4024,-9098,-1956,10942,CN,0,N_pwm150_grab1
4028,188,734,10444,CN,0,N_pwm150_grab1
4034,-792,1512,12074,CN,0,N_pwm150_grab1
4038,3500,9788,17698,CN,0,N_pwm150_grab1
4043,11450,482,6686,CN,0,N_pwm150_grab1
4048,2914,3098,13128,CN,0,N_pwm150_grab1
4054,6530,-650,9216,CN,0,N_pwm150_grab1
4059,-8376,-4102,-1256,CN,0,N_pwm150_grab1
4064,-7340,1414,11004,CN,0,N_pwm150_grab1
4070,2284,2156,8762,CN,0,N_pwm150_grab1
4074,512,2482,12230,CN,0,N_pwm150_grab1
4080,5514,9222,17938,CN,0,N_pwm150_grab1
4084,11134,-1664,7282,CN,0,N_pwm150_grab1
4089,848,1444,13886,CN,0,N_pwm150_grab1
4096,5410,-2266,7714,CN,0,N_pwm150_grab1
4099,-2542,-7416,638,CN,0,N_pwm150_grab1
4104,-10268,-6662,13368,CN,0,N_pwm150_grab1
4109,-3472,-3976,11582,CN,0,N_pwm150_grab1
4115,-6688,-1050,6054,CN,0,N_pwm150_grab1
4119,-2680,7526,13958,CN,0,N_pwm150_grab1
4124,7906,3192,5838,CN,0,N_pwm150_grab1
4130,4750,4622,14446,CN,0,N_pwm150_grab1
4135,7586,4960,15630,CN,0,N_pwm150_grab1
4140,7480,-5780,8606,CN,0,N_pwm150_grab1
4145,-4192,-2268,15868,CN,0,N_pwm150_grab1
4150,2180,-4986,7620,CN,0,N_pwm150_grab1
4155,-8026,-5436,-2150,CN,0,N_pwm150_grab1
4159,-9766,-2252,11518,CN,0,N_pwm150_grab1
4165,-202,148,11086,CN,0,N_pwm150_grab1
4170,-1628,1165,-1,CN,0,N_pwm150_grab1
4174,2562,9652,16868,CN,0,N_pwm150_grab1
4179,6176,-6422,7674,CN,0,N_pwm150_grab1
4184,3486,4244,13962,CN,0,N_pwm150_grab1
4190,7486,922,10714,CN,0,N_pwm150_grab1
4194,1996,-7748,4426,CN,0,N_pwm150_grab1
4199,-8658,-5924,15420,CN,0,N_pwm150_grab1
4204,-2376,-4806,8832,CN,0,N_pwm150_grab1
4210,-8250,-2450,658,CN,0,N_pwm150_grab1
4215,-6140,3984,11412,CN,0,N_pwm150_grab1
4219,12042,710,6760,CN,0,N_pwm150_grab1
4224,1774,2908,12234,CN,0,N_pwm150_grab1
4230,5948,8442,17146,CN,0,N_pwm150_grab1
4235,11434,-2534,8316,CN,0,N_pwm150_grab1
4239,-202,536,14322,CN,0,N_pwm150_grab1
4244,4532,-3282,7244,CN,0,N_pwm150_grab1
4249,-3028,-7130,650,CN,0,N_pwm150_grab1
4255,-10676,-5972,13180,CN,0,N_pwm150_grab1
4260,4818,3440,7112,CN,0,N_pwm150_grab1
4265,2528,3222,12540,CN,0,N_pwm150_grab1
4269,-2720,8222,13886,CN,0,N_pwm150_grab1
4274,8630,3672,6168,CN,0,N_pwm150_grab1
4279,4862,4304,14462,CN,0,N_pwm150_grab1
4284,7234,4694,15360,CN,0,N_pwm150_grab1
4289,7598,-5936,8812,CN,0,N_pwm150_grab1
4294,-3630,-2734,16256,CN,0,N_pwm150_grab1
4300,-3158,-2606,12274,CN,0,N_pwm150_grab1
4305,-5592,-6,7842,CN,0,N_pwm150_grab1
4310,-2120,8578,14066,CN,0,N_pwm150_grab1
4315,9394,3738,6290,CN,0,N_pwm150_grab1
4320,4930,4262,14750,CN,0,N_pwm150_grab1
4325,7208,4132,14852,CN,0,N_pwm150_grab1
4331,7148,-6316,8428,CN,0,N_pwm150_grab1
4335,-3962,-3102,16520,CN,0,N_pwm150_grab1
4341,-3136,-2182,12296,CN,0,N_pwm150_grab1
4345,-5236,158,8460,CN,0,N_pwm150_grab1
4350,-1612,8988,14344,CN,0,N_pwm150_grab1
4355,-662,320,10664,CN,0,N_pwm150_grab1
4360,-1060,1360,11716,CN,0,N_pwm150_grab1
4366,2380,10172,16718,CN,0,N_pwm150_grab1
4370,11320,1950,6650,CN,0,N_pwm150_grab1
4376,3856,3876,13182,CN,0,N_pwm150_grab1
4381,890,-5110,8152,CN,0,N_pwm150_grab1
4386,-7996,-4926,-1222,CN,0,N_pwm150_grab1
4390,-9296,-1998,11420,CN,0,N_pwm150_grab1
4396,-2684,-5218,9028,CN,0,N_pwm150_grab1
4401,-8474,-3014,-2,CN,0,N_pwm150_grab1
4405,-6232,2238,11440,CN,0,N_pwm150_grab1
4410,2998,2648,8614,CN,0,N_pwm150_grab1
4415,1454,2622,12256,CN,0,N_pwm150_grab1
4421,5962,8796,17536,CN,0,N_pwm150_grab1
4426,2262,-7680,4572,CN,0,N_pwm150_grab1
4431,-8088,-5660,15820,CN,0,N_pwm150_grab1
4436,-2874,-5270,9234,CN,0,N_pwm150_grab1
4441,-2600,-7540,1156,CN,0,N_pwm150_grab1
4445,-10238,-6686,13242,CN,0,N_pwm150_grab1
4450,-3634,-4362,11262,CN,0,N_pwm150_grab1
4455,-7156,-1204,4746,CN,0,N_pwm150_grab1
4461,-3398,6628,13220,CN,0,N_pwm150_grab1
4465,11222,-2078,7214,CN,0,N_pwm150_grab1
4470,840,1516,13856,CN,0,N_pwm150_grab1
4476,5148,-2396,7830,CN,0,N_pwm150_grab1
4481,9386,-4678,8890,CN,0,N_pwm150_grab1
4485,-3008,-526,14666,CN,0,N_pwm150_grab1
4490,3142,-4484,6958,CN,0,N_pwm150_grab1
4495,-6734,-6276,-1302,CN,0,N_pwm150_grab1
4501,-10526,-4858,12608,CN,0,N_pwm150_grab1
4505,6488,3430,5974,CN,0,N_pwm150_grab1
4510,4330,3990,13678,CN,0,N_pwm150_grab1
4515,7594,6508,16544,CN,0,N_pwm150_grab1
4521,9244,-4632,8946,CN,0,N_pwm150_grab1
4526,4800,4686,15094,CN,0,N_pwm150_grab1
4530,7646,3760,14082,CN,0,N_pwm150_grab1
4536,6114,-6730,7590,CN,0,N_pwm150_grab1
4541,-5266,-3524,16450,CN,0,N_pwm150_grab1
4546,-2888,-1638,12598,CN,0,N_pwm150_grab1
4550,-4258,384,9188,CN,0,N_pwm150_grab1
4555,-306,9324,15400,CN,0,N_pwm150_grab1
4561,10882,3006,6570,CN,0,N_pwm150_grab1
4566,4922,4794,14706,CN,0,N_pwm150_grab1
4572,7568,3940,14130,CN,0,N_pwm150_grab1
4576,6124,-6578,7628,CN,0,N_pwm150_grab1
4582,-5362,-3144,16544,CN,0,N_pwm150_grab1
4586,-3254,-1858,12688,CN,0,N_pwm150_grab1
4592,-4380,182,9100,CN,0,N_pwm150_grab1
4597,-528,9174,15314,CN,0,N_pwm150_grab1
4601,10642,3088,6162,CN,0,N_pwm150_grab1
4606,4908,4734,14322,CN,0,N_pwm150_grab1
4612,2704,9672,16956,CN,0,N_pwm150_grab1
4616,12870,1594,7008,CN,0,N_pwm150_grab1
4621,3712,4606,13914,CN,0,N_pwm150_grab1
4627,994,-5260,7462,CN,0,N_pwm150_grab1
4631,-8872,-5130,-1970,CN,0,N_pwm150_grab1
4637,-9246,-2126,11172,CN,0,N_pwm150_grab1
4641,-388,412,11680,CN,0,N_pwm150_grab1
4647,-1242,926,11582,CN,0,N_pwm150_grab1
4652,-7094,1860,10730,CN,0,N_pwm150_grab1
4656,2792,2538,9370,CN,0,N_pwm150_grab1
4661,1396,2020,11998,CN,0,N_pwm150_grab1
4666,7612,1850,11912,CN,0,N_pwm150_grab1
4671,3264,-7656,5864,CN,0,N_pwm150_grab1
4676,-7514,-5106,16854,CN,0,N_pwm150_grab1
4681,-1742,-4946,8302,CN,0,N_pwm150_grab1
4687,-8832,-3432,-970,CN,0,N_pwm150_grab1
4691,-7562,1044,10374,CN,0,N_pwm150_grab1
4697,-3584,-4586,10180,CN,0,N_pwm150_grab1
4702,-7686,-1970,2434,CN,0,N_pwm150_grab1
4707,4140,9420,17460,CN,0,N_pwm150_grab1
4711,13362,-124,6684,CN,0,N_pwm150_grab1
4716,2644,3596,13550,CN,0,N_pwm150_grab1
4721,6896,-210,9650,CN,0,N_pwm150_grab1
4727,578,-8040,3776,CN,0,N_pwm150_grab1
4731,-9684,-6322,15294,CN,0,N_pwm150_grab1
4736,4456,-3080,6934,CN,0,N_pwm150_grab1
4742,-3116,-7308,736,CN,0,N_pwm150_grab1
4747,-5872,3398,11014,CN,0,N_pwm150_grab1
4751,4022,3184,8072,CN,0,N_pwm150_grab1
4756,2380,2430,12148,CN,0,N_pwm150_grab1
4762,5258,8926,17620,CN,0,N_pwm150_grab1
4766,12724,-2010,7444,CN,0,N_pwm150_grab1
4771,778,1850,14042,CN,0,N_pwm150_grab1
4777,5454,-2290,7700,CN,0,N_pwm150_grab1
4782,9658,-4686,9136,CN,0,N_pwm150_grab1
4786,-10480,-6828,13708,CN,0,N_pwm150_grab1
4791,-3798,-4188,11084,CN,0,N_pwm150_grab1
4797,-7094,-1498,3696,CN,0,N_pwm150_grab1
4802,-4500,5502,12050,CN,0,N_pwm150_grab1
4807,5624,3708,6942,CN,0,N_pwm150_grab1
4812,3742,3370,12146,CN,0,N_pwm150_grab1
4817,6456,7714,17488,CN,0,N_pwm150_grab1
4822,11042,-3722,8846,CN,0,N_pwm150_grab1
4828,-10336,-6702,14708,CN,0,N_pwm150_grab1
4832,-3596,-4578,9890,CN,0,N_pwm150_grab1
4837,-7650,-1876,1946,CN,0,N_pwm150_grab1
4843,-5210,4048,11184,CN,0,N_pwm150_grab1
4847,4488,3484,7816,CN,0,N_pwm150_grab1
4853,2948,2724,12202,CN,0,N_pwm150_grab1
4858,5642,8726,17658,CN,0,N_pwm150_grab1
4862,12488,-2468,7690,CN,0,N_pwm150_grab1
4868,222,1578,13942,CN,0,N_pwm150_grab1
4873,5034,-2576,7442,CN,0,N_pwm150_grab1
4878,-2458,-7662,1618,CN,0,N_pwm150_grab1
4882,-10750,-6892,13840,CN,0,N_pwm150_grab1
4887,-4004,-4290,11276,CN,0,N_pwm150_grab1
4893,-6772,-1324,4114,CN,0,N_pwm150_grab1
4897,-4076,5718,11896,CN,0,N_pwm150_grab1
4902,5944,3790,6734,CN,0,N_pwm150_grab1
4908,3792,3426,12626,CN,0,N_pwm150_grab1
4913,6426,7510,17562,CN,0,N_pwm150_grab1
4918,11016,-3908,8602,CN,0,N_pwm150_grab1
4922,-1280,394,14078,CN,0,N_pwm150_grab1
4927,3670,-3526,6382,CN,0,N_pwm150_grab1
4933,-4226,-7146,306,CN,0,N_pwm150_grab1
4938,-10604,-6720,13630,CN,0,N_pwm150_grab1
4942,-4346,-3674,12474,CN,0,N_pwm150_grab1
4947,2894,2630,12560,CN,0,N_pwm150_grab1
4953,-3018,7036,12736,CN,0,N_pwm150_grab1
4958,7436,3958,6376,CN,0,N_pwm150_grab1
4962,4738,3822,13030,CN,0,N_pwm150_grab1
4968,6822,6488,17304,CN,0,N_pwm150_grab1
4972,9586,-4948,8998,CN,0,N_pwm150_grab1
4977,-2646,-310,14504,CN,0,N_pwm150_grab1
4982,2672,-4130,6132,CN,0,N_pwm150_grab1
4988,-6708,-1482,3386,CN,0,N_pwm150_grab1
4992,-10146,-6424,13316,CN,0,N_pwm150_grab1
4998,-4230,-3050,13074,CN,0,N_pwm150_grab1
5003,-4744,-424,7450,CN,0,N_pwm150_grab1
5007,-1884,8406,11263,CN,0,N_pwm150_grab1
5013,8712,4012,5914,CN,0,N_pwm150_grab1
5017,5186,3956,13240,CN,0,N_pwm150_grab1
5022,6956,5382,16892,CN,0,N_pwm150_grab1
5027,8310,-5566,8900,CN,0,N_pwm150_grab1
5032,-10560,-6922,13904,CN,0,N_pwm150_grab1
5037,2178,-4292,6258,CN,0,N_pwm150_grab1
5042,-6856,-6320,-1414,CN,0,N_pwm150_grab1
5047,-9668,-6058,12928,CN,0,N_pwm150_grab1
5052,-3902,-2540,13306,CN,0,N_pwm150_grab1
5057,-4198,-168,8282,CN,0,N_pwm150_grab1
5063,-1192,8782,14168,CN,0,N_pwm150_grab1
5068,9426,3706,5792,CN,0,N_pwm150_grab1
5072,-1468,726,14228,CN,0,N_pwm150_grab1
5079,3588,-3452,6632,CN,0,N_pwm150_grab1
5083,-4214,-7234,416,CN,0,N_pwm150_grab1
5088,-10214,-6932,13366,CN,0,N_pwm150_grab1
5093,-4614,-4204,12238,CN,0,N_pwm150_grab1
5099,-5890,-1412,5290,CN,0,N_pwm150_grab1
5103,-3082,6636,12810,CN,0,N_pwm150_grab1
5108,6900,4002,6246,CN,0,N_pwm150_grab1
5114,840,2162,13984,CN,0,N_pwm150_grab1
5120,5238,-2066,7954,CN,0,N_pwm150_grab1
5123,9996,-4020,8544,CN,0,N_pwm150_grab1
5129,-2240,514,14804,CN,0,N_pwm150_grab1
5133,3098,-3702,6560,CN,0,N_pwm150_grab1
5138,3098,-3702,6560,CN,0,N_pwm150_grab1
5144,-9950,-6972,12736,CN,0,N_pwm150_grab1
5148,-4532,-3848,12618,CN,0,N_pwm150_grab1
5153,3568,2672,12242,CN,0,N_pwm150_grab1
5158,5634,8906,17788,CN,0,N_pwm150_grab1
5164,7372,3914,6128,CN,0,N_pwm150_grab1
5168,4644,3874,12316,CN,0,N_pwm150_grab1
5173,6940,6762,17346,CN,0,N_pwm150_grab1
5179,9410,-4324,8714,CN,0,N_pwm150_grab1
5183,-2772,432,14706,CN,0,N_pwm150_grab1
5188,2964,-3612,6216,CN,0,N_pwm150_grab1
5193,-6556,-2206,2496,CN,0,N_pwm150_grab1
5198,-4114,3946,11332,CN,0,N_pwm150_grab1
5204,4534,3586,7708,CN,0,N_pwm150_grab1
5209,-5164,-1034,6026,CN,0,N_pwm150_grab1
5213,-2058,7506,13280,CN,0,N_pwm150_grab1
5218,7790,3974,6120,CN,0,N_pwm150_grab1
5224,4686,3716,12826,CN,0,N_pwm150_grab1
5228,6786,6954,17454,CN,0,N_pwm150_grab1
5233,-2776,-8004,2186,CN,0,N_pwm150_grab1
5238,-10168,-6684,14508,CN,0,N_pwm150_grab1
5243,-4616,-5078,10900,CN,0,N_pwm150_grab1
5248,-6052,-7128,-346,CN,0,N_pwm150_grab1
5254,-10130,-6794,13126,CN,0,N_pwm150_grab1
5258,-4310,-3378,12798,CN,0,N_pwm150_grab1
5263,-5056,-792,5954,CN,0,N_pwm150_grab1
5268,-1764,7618,13078,CN,0,N_pwm150_grab1
5274,11702,-2468,6802,CN,0,N_pwm150_grab1
5278,288,2420,12838,CN,0,N_pwm150_grab1
5284,4816,-1664,8404,CN,0,N_pwm150_grab1
5288,-2802,-8078,2680,CN,0,N_pwm150_grab1
5294,-2902,1074,13676,CN,0,N_pwm150_grab1
5298,3210,-3296,6740,CN,0,N_pwm150_grab1
5303,-5854,-7270,212,CN,0,N_pwm150_grab1
5309,-10520,-6842,13182,CN,0,N_pwm150_grab1
5313,4664,3640,7964,CN,0,N_pwm150_grab1
5318,3578,2566,13342,CN,0,N_pwm150_grab1
5323,5542,8672,17934,CN,0,N_pwm150_grab1
5328,11856,-1906,6554,CN,0,N_pwm150_grab1
5335,642,2818,12814,CN,0,N_pwm150_grab1
5339,4876,-1274,8984,CN,0,N_pwm150_grab1
5344,-2472,-8142,3356,CN,0,N_pwm150_grab1
5350,-9740,-6058,14892,CN,0,N_pwm150_grab1
5354,1228,1542,9980,CN,0,N_pwm150_grab1
5359,2442,1192,12762,CN,0,N_pwm150_grab1
5364,3278,10124,17418,CN,0,N_pwm150_grab1
5370,12732,1248,6320,CN,0,N_pwm150_grab1
5376,3168,4110,13356,CN,0,N_pwm150_grab1
5380,4988,9140,17632,CN,0,N_pwm150_grab1
5384,11880,-1264,6380,CN,0,N_pwm150_grab1
5389,1058,3498,12770,CN,0,N_pwm150_grab1
5394,-2122,-5318,8246,CN,0,N_pwm150_grab1
5399,-7296,-3944,-1520,CN,0,N_pwm150_grab1
5405,-6618,-1346,10810,CN,0,N_pwm150_grab1
5410,462,1014,11000,CN,0,N_pwm150_grab1
5415,1826,732,12116,CN,0,N_pwm150_grab1
5420,-4294,2634,10692,CN,0,N_pwm150_grab1
5424,3880,2954,9508,CN,0,N_pwm150_grab1
5429,3168,1154,13054,CN,0,N_pwm150_grab1
5434,5340,1676,12390,CN,0,N_pwm150_grab1
5440,3296,-7374,7072,CN,0,N_pwm150_grab1
5444,-7082,-3004,17294,CN,0,N_pwm150_grab1
5449,-1212,-5360,7852,CN,0,N_pwm150_grab1
5455,-7110,-4276,-1048,CN,0,N_pwm150_grab1
5459,-6822,-2124,10646,CN,0,N_pwm150_grab1
5464,-3054,-5200,9322,CN,0,N_pwm150_grab1
5469,-6992,-3186,-134,CN,0,N_pwm150_grab1
5474,1002,9714,16856,CN,0,N_pwm150_grab1
5479,11070,1882,5832,CN,0,N_pwm150_grab1
5485,3722,4430,13448,CN,0,N_pwm150_grab1
5490,5292,2990,13366,CN,0,N_pwm150_grab1
5494,4594,-6626,7478,CN,0,N_pwm150_grab1
5499,-6386,-1652,17296,CN,0,N_pwm150_grab1
5504,5462,1594,11768,CN,0,N_pwm150_grab1
5509,2080,-6860,5570,CN,0,N_pwm150_grab1
5519,-1348,-76,12624,CN,0,N_pwm150_grab1
5525,20,-288,9904,CN,0,N_pwm150_grab1
5530,150,9594,16520,CN,0,N_pwm150_grab1
5534,10262,1842,5228,CN,0,N_pwm150_grab1
5539,3702,4236,13284,CN,0,N_pwm150_grab1
5544,5298,3962,14278,CN,0,N_pwm150_grab1
5550,11520,948,6024,CN,0,N_pwm150_grab1
5555,2586,4650,14424,CN,0,N_pwm150_grab1
5560,-112,-4952,7036,CN,0,N_pwm150_grab1
5564,-6110,-5402,-288,CN,0,N_pwm150_grab1
5569,-7132,-4246,10778,CN,0,N_pwm150_grab1
5575,-2206,-570,13144,CN,0,N_pwm150_grab1
5580,-942,-662,9568,CN,0,N_pwm150_grab1
5584,-644,9130,15884,CN,0,N_pwm150_grab1
5591,9452,2412,5028,CN,0,N_pwm150_grab1
5595,4094,3888,12468,CN,0,N_pwm150_grab1
5600,1410,-3172,6526,CN,0,N_pwm150_grab1
5605,-3190,-6416,1270,CN,0,N_pwm150_grab1
5610,-8288,-5942,13102,CN,0,N_pwm150_grab1
5615,-4322,-3874,11706,CN,0,N_pwm150_grab1
5621,-3336,-1982,5510,CN,0,N_pwm150_grab1
5625,-2980,6950,12816,CN,0,N_pwm150_grab1
5630,6622,3574,6230,CN,0,N_pwm150_grab1
5635,-1604,-966,8694,CN,0,N_pwm150_grab1
5640,4410,6616,17162,CN,0,N_pwm150_grab1
5646,9346,-4246,8070,CN,0,N_pwm150_grab1
5651,-2604,1982,15336,CN,0,N_pwm150_grab1
5656,2290,-2548,7208,CN,0,N_pwm150_grab1
5660,-2670,-6746,1994,CN,0,N_pwm150_grab1
5665,-7952,-5648,13774,CN,0,N_pwm150_grab1
5670,-4404,-4446,11072,CN,0,N_pwm150_grab1
5675,-5074,-6042,504,CN,0,N_pwm150_grab1
5680,-3218,6520,12586,CN,0,N_pwm150_grab1
5685,5850,3600,6626,CN,0,N_pwm150_grab1
5691,4864,2636,11870,CN,0,N_pwm150_grab1
5695,4212,7500,17384,CN,0,N_pwm150_grab1
5700,9692,-3468,7606,CN,0,N_pwm150_grab1
5706,-1624,2794,15060,CN,0,N_pwm150_grab1
5711,3126,-1432,8160,CN,0,N_pwm150_grab1
5715,-1672,-6838,2496,CN,0,N_pwm150_grab1
5720,-7626,-5050,14784,CN,0,N_pwm150_grab1
5725,-4132,-4960,10598,CN,0,N_pwm150_grab1
5731,-4620,-2956,2938,CN,0,N_pwm150_grab1
5735,-3690,5576,12036,CN,0,N_pwm150_grab1
5740,5266,3516,7504,CN,0,N_pwm150_grab1
5745,4542,1846,11826,CN,0,N_pwm150_grab1
5751,3696,8258,17428,CN,0,N_pwm150_grab1
5755,9930,-2544,6988,CN,0,N_pwm150_grab1
5760,-580,3612,14870,CN,0,N_pwm150_grab1
5765,3962,-138,9252,CN,0,N_pwm150_grab1
5770,-432,-6886,3318,CN,0,N_pwm150_grab1
5775,-7412,-4344,15608,CN,0,N_pwm150_grab1
5780,-3630,-5140,9926,CN,0,N_pwm150_grab1
5786,-5330,-3344,1738,CN,0,N_pwm150_grab1
5791,-4326,4118,11686,CN,0,N_pwm150_grab1
5796,4566,3062,8738,CN,0,N_pwm150_grab1
5800,2216,4076,14752,CN,0,N_pwm150_grab1
5805,3082,9024,17266,CN,0,N_pwm150_grab1
5811,10102,-1346,6588,CN,0,N_pwm150_grab1
5816,558,4176,14768,CN,0,N_pwm150_grab1
5821,4450,1144,10698,CN,0,N_pwm150_grab1
5826,962,-6752,4338,CN,0,N_pwm150_grab1
5830,-7364,-3538,16106,CN,0,N_pwm150_grab1
5835,-2780,-5262,9152,CN,0,N_pwm150_grab1
5840,1746,-22,10192,CN,0,N_pwm150_grab1
5846,658,9812,16962,CN,0,N_pwm150_grab1
5851,10452,808,5696,CN,0,N_pwm150_grab1
5857,2998,4184,14252,CN,0,N_pwm150_grab1
5861,4858,2358,12396,CN,0,N_pwm150_grab1
5866,4448,-6412,6924,CN,0,N_pwm150_grab1
5871,-6144,-734,17130,CN,0,N_pwm150_grab1
5876,-660,-5068,7238,CN,0,N_pwm150_grab1
5882,-1678,-1210,7054,CN,0,N_pwm150_grab1
5886,-2238,6872,13472,CN,0,N_pwm150_grab1
5891,-1696,-916,11908,CN,0,N_pwm150_grab1
5897,492,-434,9128,CN,0,N_pwm150_grab1
5902,-148,9728,16678,CN,0,N_pwm150_grab1
5906,9810,1528,5326,CN,0,N_pwm150_grab1
5911,3446,4042,13446,CN,0,N_pwm150_grab1
5917,4974,3920,14020,CN,0,N_pwm150_grab1
5922,-3010,-5970,1482,CN,0,N_pwm150_grab1
5926,-8076,-5264,13174,CN,0,N_pwm150_grab1
5931,62,-4518,7096,CN,0,N_pwm150_grab1
5936,-5204,-6058,1052,CN,0,N_pwm150_grab1
5942,-7324,-5576,10944,CN,0,N_pwm150_grab1
5946,-3110,-1956,12466,CN,0,N_pwm150_grab1
5952,-1142,-988,7486,CN,0,N_pwm150_grab1
5957,-1238,9228,15978,CN,0,N_pwm150_grab1
5961,9072,-4874,7378,CN,0,N_pwm150_grab1
5967,-2670,1612,15706,CN,0,N_pwm150_grab1
5972,1616,-2932,6452,CN,0,N_pwm150_grab1
5977,7486,-4908,8312,CN,0,N_pwm150_grab1
5982,-4268,1622,16626,CN,0,N_pwm150_grab1
5987,876,-3328,7754,CN,0,N_pwm150_grab1
5991,-4180,-6566,1644,CN,0,N_pwm150_grab1
5997,-7606,-6160,11942,CN,0,N_pwm150_grab1
6001,5154,2852,7808,CN,0,N_pwm150_grab1
6007,4686,3144,12688,CN,0,N_pwm150_grab1
6011,3820,6742,16590,CN,0,N_pwm150_grab1
6016,6970,2928,5318,CN,0,N_pwm150_grab1
6022,4576,2756,12098,CN,0,N_pwm150_grab1
6026,4534,6832,16760,CN,0,N_pwm150_grab1
6032,9178,-3786,7612,CN,0,N_pwm150_grab1
6036,-2468,2836,15820,CN,0,N_pwm150_grab1
6041,-3032,-5368,9038,CN,0,N_pwm150_grab1
6047,-5236,-3594,1706,CN,0,N_pwm150_grab1
6051,-5376,344,10480,CN,0,N_pwm150_grab1
6056,2772,1704,9498,CN,0,N_pwm150_grab1
6061,-4204,-2704,3122,CN,0,N_pwm150_grab1
6066,-3560,6808,13188,CN,0,N_pwm150_grab1
6072,5674,3126,7294,CN,0,N_pwm150_grab1
6077,4326,1482,11974,CN,0,N_pwm150_grab1
6081,4248,-82,9756,CN,0,N_pwm150_grab1
6086,2406,-6988,5484,CN,0,N_pwm150_grab1
6091,-7502,-1618,16302,CN,0,N_pwm150_grab1
6096,-1152,-5512,8004,CN,0,N_pwm150_grab1
6102,-5784,-4986,1078,CN,0,N_pwm150_grab1
6107,-6462,-2762,10718,CN,0,N_pwm150_grab1
6112,90,46,10448,CN,0,N_pwm150_grab1
6118,1704,408,10706,CN,0,N_pwm150_grab1
6123,5220,1768,13312,CN,0,N_pwm150_grab1
6127,5944,-6300,7366,CN,0,N_pwm150_grab1
6132,-5606,-1026,14912,CN,0,N_pwm150_grab1
6137,-562,-4678,7010,CN,0,N_pwm150_grab1
6142,-4236,-5418,636,CN,0,N_pwm150_grab1
6147,-6240,-124,16436,CN,0,N_pwm150_grab1
6152,-284,-5200,7288,CN,0,N_pwm150_grab1
6157,-5290,-6030,1174,CN,0,N_pwm150_grab1
6163,-2144,5264,12172,CN,0,N_pwm150_grab1
6168,7182,2886,6816,CN,0,N_pwm150_grab1
6172,4452,4678,14768,CN,0,N_pwm150_grab1
6178,5126,4628,15702,CN,0,N_pwm150_grab1
6182,8126,-5290,7180,CN,0,N_pwm150_grab1
6188,3624,4008,14118,CN,0,N_pwm150_grab1
6192,4902,3404,14256,CN,0,N_pwm150_grab1
6197,6592,-5642,7894,CN,0,N_pwm150_grab1
6203,-4508,1336,15916,CN,0,N_pwm150_grab1
6207,-3934,-4800,9552,CN,0,N_pwm150_grab1
6212,-4058,-2340,3584,CN,0,N_pwm150_grab1
6217,-3722,2047,-1,CN,0,N_pwm150_grab1
6222,5208,2244,7998,CN,0,N_pwm150_grab1
6228,4306,3350,13182,CN,0,N_pwm150_grab1
6232,-2290,8496,14510,CN,0,N_pwm150_grab1
6237,7794,3186,5600,CN,0,N_pwm150_grab1
6243,4470,3838,13444,CN,0,N_pwm150_grab1
6247,2748,-2520,6302,CN,0,N_pwm150_grab1
6253,-292,-6492,3468,CN,0,N_pwm150_grab1
6258,-8076,-4128,15760,CN,0,N_pwm150_grab1
6263,-3164,-5076,8884,CN,0,N_pwm150_grab1
6267,-5236,-3136,1470,CN,0,N_pwm150_grab1
6272,-8248,-4014,14628,CN,0,N_pwm150_grab1
6278,-3206,-5550,9076,CN,0,N_pwm150_grab1
6282,-4444,-2992,2720,CN,0,N_pwm150_grab1
6287,2132,9028,16454,CN,0,N_pwm150_grab1
6293,11304,-670,5640,CN,0,N_pwm150_grab1
6298,1302,3014,15424,CN,0,N_pwm150_grab1
6303,4288,-822,8400,CN,0,N_pwm150_grab1
6307,2268,-7080,5416,CN,0,N_pwm150_grab1
6313,-7802,-2842,16314,CN,0,N_pwm150_grab1
6317,3748,-522,9172,CN,0,N_pwm150_grab1
6322,702,-7054,4250,CN,0,N_pwm150_grab1
6327,-6168,-4288,10552,CN,0,N_pwm150_grab1
6333,-238,-1014,10278,CN,0,N_pwm150_grab1
6337,1022,254,9946,CN,0,N_pwm150_grab1
6342,480,9618,15496,CN,0,N_pwm150_grab1
6348,10890,1798,5214,CN,0,N_pwm150_grab1
6353,2960,3966,15660,CN,0,N_pwm150_grab1
6359,4954,540,11472,CN,0,N_pwm150_grab1
6363,4686,-6722,7326,CN,0,N_pwm150_grab1
6368,-7762,-5502,12348,CN,0,N_pwm150_grab1
6373,-3332,-2486,12256,CN,0,N_pwm150_grab1
6378,-2742,-1206,6530,CN,0,N_pwm150_grab1
6383,-2138,3164,11240,CN,0,N_pwm150_grab1
6388,5948,2796,7552,CN,0,N_pwm150_grab1
6393,4518,2964,13696,CN,0,N_pwm150_grab1
6400,4578,8100,16960,CN,0,N_pwm150_grab1
6404,8336,3080,6186,CN,0,N_pwm150_grab1
6409,-2362,466,14220,CN,0,N_pwm150_grab1
6413,1302,-3380,5974,CN,0,N_pwm150_grab1
6419,-2336,-6186,2008,CN,0,N_pwm150_grab1
6423,-7930,-6238,13878,CN,0,N_pwm150_grab1
6429,-3942,-3438,11594,CN,0,N_pwm150_grab1
6433,-4388,-2036,3186,CN,0,N_pwm150_grab1
6438,-3964,384,10176,CN,0,N_pwm150_grab1
6444,-3806,-4956,9516,CN,0,N_pwm150_grab1
6448,4030,1466,12420,CN,0,N_pwm150_grab1
6454,2870,9422,16214,CN,0,N_pwm150_grab1
6459,11304,410,6540,CN,0,N_pwm150_grab1
6463,676,3340,15696,CN,0,N_pwm150_grab1
6469,3966,-1096,7794,CN,0,N_pwm150_grab1
6473,322,-6934,4474,CN,0,N_pwm150_grab1
6479,-7682,-6404,14830,CN,0,N_pwm150_grab1
6483,-3270,-3624,11230,CN,0,N_pwm150_grab1
6488,-5502,-2874,856,CN,0,N_pwm150_grab1
6493,-5516,-2036,10294,CN,0,N_pwm150_grab1
6499,1624,518,10856,CN,0,N_pwm150_grab1
6503,2044,452,11204,CN,0,N_pwm150_grab1
6509,918,7764,14072,CN,0,N_pwm150_grab1
6513,10266,2478,7098,CN,0,N_pwm150_grab1
6518,2816,5236,15752,CN,0,N_pwm150_grab1
6523,5376,1888,12258,CN,0,N_pwm150_grab1
6528,4030,-6564,6990,CN,0,N_pwm150_grab1
6533,-6808,-5012,15160,CN,0,N_pwm150_grab1
6539,-1758,-4036,8986,CN,0,N_pwm150_grab1
6544,-5512,-3918,-384,CN,0,N_pwm150_grab1
6548,-6812,-4220,10966,CN,0,N_pwm150_grab1
6553,-1970,-818,12570,CN,0,N_pwm150_grab1
6558,-1124,-586,9494,CN,0,N_pwm150_grab1
6564,-1244,4760,12576,CN,0,N_pwm150_grab1
6568,9796,-2002,7798,CN,0,N_pwm150_grab1
6574,4518,3592,12988,CN,0,N_pwm150_grab1
6578,4836,7140,16568,CN,0,N_pwm150_grab1
6584,8010,-4208,8100,CN,0,N_pwm150_grab1
6589,-3966,-1000,14254,CN,0,N_pwm150_grab1
6593,424,-3890,5780,CN,0,N_pwm150_grab1
6598,-3226,-5744,530,CN,0,N_pwm150_grab1
6603,-7720,-5768,13434,CN,0,N_pwm150_grab1
6609,5082,3522,8424,CN,0,N_pwm150_grab1
6614,4046,990,12576,CN,0,N_pwm150_grab1
6620,2048,9726,16378,CN,0,N_pwm150_grab1
6624,10926,634,6536,CN,0,N_pwm150_grab1
6630,1412,3882,14024,CN,0,N_pwm150_grab1
6634,4610,3410,13002,CN,0,N_pwm150_grab1
6639,2370,-6674,5136,CN,0,N_pwm150_grab1
6644,-7276,-5568,15680,CN,0,N_pwm150_grab1
6649,-1038,454,13268,CN,0,N_pwm150_grab1
6654,-18,-450,10336,CN,0,N_pwm150_grab1
6659,-6036,2040,11280,CN,0,N_pwm150_grab1
6664,1676,2192,12576,CN,0,N_pwm150_grab1
6669,1472,-444,11718,CN,0,N_pwm150_grab1
6674,-136,9210,15490,CN,0,N_pwm150_grab1
6680,9588,2858,5988,CN,0,N_pwm150_grab1
6684,4080,2430,12054,CN,0,N_pwm150_grab1
6689,1592,-2346,8672,CN,0,N_pwm150_grab1
6695,-2924,-7266,1948,CN,0,N_pwm150_grab1
6699,-5006,-324,15822,CN,0,N_pwm150_grab1
6705,18,-4276,6216,CN,0,N_pwm150_grab1
6710,-3950,-6254,564,CN,0,N_pwm150_grab1
6714,-7590,-3802,11996,CN,0,N_pwm150_grab1
6720,-3148,-704,14292,CN,0,N_pwm150_grab1
6724,-1956,-1008,7272,CN,0,N_pwm150_grab1
6729,3106,7376,16582,CN,0,N_pwm150_grab1
6734,10390,-3224,6856,CN,0,N_pwm150_grab1
6739,-338,3890,14400,CN,0,N_pwm150_grab1
6745,2818,9212,17368,CN,0,N_pwm150_grab1
6750,10532,-1920,7358,CN,0,N_pwm150_grab1
6754,-990,3452,14620,CN,0,N_pwm150_grab1
6760,3494,702,10944,CN,0,N_pwm150_grab1
6764,-44,-7390,3506,CN,0,N_pwm150_grab1
6769,-6384,1082,10554,CN,0,N_pwm150_grab1
6774,1912,2150,12008,CN,0,N_pwm150_grab1
6780,1404,400,11858,CN,0,N_pwm150_grab1
6784,-5216,5110,12114,CN,0,N_pwm150_grab1
6790,3742,3132,10180,CN,0,N_pwm150_grab1
6795,2926,112,12452,CN,0,N_pwm150_grab1
6800,894,9686,16100,CN,0,N_pwm150_grab1
6804,10778,1334,6468,CN,0,N_pwm150_grab1
6809,2688,2992,12668,CN,0,N_pwm150_grab1
6814,974,-4132,7672,CN,0,N_pwm150_grab1
6820,-4402,-6688,1000,CN,0,N_pwm150_grab1
6824,-7992,-5626,12650,CN,0,N_pwm150_grab1
6829,-628,-4952,6886,CN,0,N_pwm150_grab1
6834,-4656,-5452,284,CN,0,N_pwm150_grab1
6839,-7704,-2424,11322,CN,0,N_pwm150_grab1
6844,-1948,-70,13714,CN,0,N_pwm150_grab1
6849,-886,-604,9060,CN,0,N_pwm150_grab1
6854,4422,5636,16338,CN,0,N_pwm150_grab1
6859,9126,-4766,7078,CN,0,N_pwm150_grab1
6865,-1950,2994,14640,CN,0,N_pwm150_grab1
6870,3684,-1410,7846,CN,0,N_pwm150_grab1
6875,-372,-7388,3392,CN,0,N_pwm150_grab1
6880,-8810,-2206,16850,CN,0,N_pwm150_grab1
6886,-1560,-5818,7678,CN,0,N_pwm150_grab1
6890,-5898,-3700,1280,CN,0,N_pwm150_grab1
6896,666,9124,15708,CN,0,N_pwm150_grab1
6901,10232,2356,5698,CN,0,N_pwm150_grab1
6906,3210,4290,13922,CN,0,N_pwm150_grab1
6910,5368,1486,12786,CN,0,N_pwm150_grab1
6916,10992,-74,5524,CN,0,N_pwm150_grab1
6921,2242,3874,13778,CN,0,N_pwm150_grab1
6925,5338,808,11408,CN,0,N_pwm150_grab1
6930,4172,-7268,7594,CN,0,N_pwm150_grab1
6936,-6898,-5588,13258,CN,0,N_pwm150_grab1
6940,-3496,-3524,11034,CN,0,N_pwm150_grab1
6945,-3028,-1312,6616,CN,0,N_pwm150_grab1
6950,-1990,1580,10580,CN,0,N_pwm150_grab1
6956,-2666,-4136,9590,CN,0,N_pwm150_grab1
6961,-2734,-1138,7426,CN,0,N_pwm150_grab1
6965,-1602,7798,13626,CN,0,N_pwm150_grab1
6970,7970,3496,6242,CN,0,N_pwm150_grab1
6976,-1200,1132,13680,CN,0,N_pwm150_grab1
6980,2976,-2226,6384,CN,0,N_pwm150_grab1
6986,-712,-6702,2898,CN,0,N_pwm150_grab1
6990,-7414,-5518,16060,CN,0,N_pwm150_grab1
6996,-3266,-4412,11036,CN,0,N_pwm150_grab1
7001,-1520,-6636,2016,CN,0,N_pwm150_grab1
7005,-8196,-3582,16258,CN,0,N_pwm150_grab1
7010,-2554,-5716,8812,CN,0,N_pwm150_grab1
7016,2112,454,11480,CN,0,N_pwm150_grab1
7021,758,8460,15036,CN,0,N_pwm150_grab1
7025,9804,2414,6390,CN,0,N_pwm150_grab1
7030,3174,4506,14552,CN,0,N_pwm150_grab1
7036,5130,2168,12934,CN,0,N_pwm150_grab1
7041,10590,208,6056,CN,0,N_pwm150_grab1
7045,1834,3626,14482,CN,0,N_pwm150_grab1
7050,5098,410,10032,CN,0,N_pwm150_grab1
7056,-4848,-4500,-78,CN,0,N_pwm150_grab1
7065,-3288,-1606,12776,CN,0,N_pwm150_grab1
7071,-2022,-1210,7706,CN,0,N_pwm150_grab1
7075,-1886,3638,12238,CN,0,N_pwm150_grab1
7080,5244,3210,7436,CN,0,N_pwm150_grab1
7085,-1806,-820,8436,CN,0,N_pwm150_grab1
7090,-1352,5570,12900,CN,0,N_pwm150_grab1
7096,9510,-2062,7284,CN,0,N_pwm150_grab1
7101,-1304,1646,14846,CN,0,N_pwm150_grab1
7106,2770,-2086,6888,CN,0,N_pwm150_grab1
7110,-464,-6826,2604,CN,0,N_pwm150_grab1
7116,-6888,-6254,14698,CN,0,N_pwm150_grab1
7121,-3872,-3158,12360,CN,0,N_pwm150_grab1
7126,-4588,-2596,1774,CN,0,N_pwm150_grab1
7132,-4704,692,10506,CN,0,N_pwm150_grab1
7137,10428,1978,6080,CN,0,N_pwm150_grab1
7142,3382,2958,13216,CN,0,N_pwm150_grab1
7146,4380,6378,15562,CN,0,N_pwm150_grab1
7151,6956,-4878,7660,CN,0,N_pwm150_grab1
7156,-5424,62,16270,CN,0,N_pwm150_grab1
7162,50,-4504,6576,CN,0,N_pwm150_grab1
7166,-3698,-6066,1148,CN,0,N_pwm150_grab1
7172,-5894,-2524,16012,CN,0,N_pwm150_grab1
7177,-3372,-1958,12458,CN,0,N_pwm150_grab1
7182,-2236,-1072,7120,CN,0,N_pwm150_grab1
7186,-3042,6956,13816,CN,0,N_pwm150_grab1
7191,7146,3450,6470,CN,0,N_pwm150_grab1
7196,4970,2070,12030,CN,0,N_pwm150_grab1
7202,3092,8618,16594,CN,0,N_pwm150_grab1
7207,10444,-2660,7358,CN,0,N_pwm150_grab1
7211,5144,2036,11880,CN,0,N_pwm150_grab1
7217,3776,302,9962,CN,0,N_pwm150_grab1
7222,804,-7308,3528,CN,0,N_pwm150_grab1
7227,-8372,-3966,15716,CN,0,N_pwm150_grab1
7232,-2298,-5386,9362,CN,0,N_pwm150_grab1
7237,-5268,-3486,930,CN,0,N_pwm150_grab1
7242,-5790,966,10460,CN,0,N_pwm150_grab1
7246,2302,1908,10938,CN,0,N_pwm150_grab1
7251,2046,388,11864,CN,0,N_pwm150_grab1
7256,414,9418,15952,CN,0,N_pwm150_grab1
7262,11408,1162,5774,CN,0,N_pwm150_grab1
7267,2756,4124,14122,CN,0,N_pwm150_grab1
7271,5058,3372,13852,CN,0,N_pwm150_grab1
7276,5440,-6220,7940,CN,0,N_pwm150_grab1
7281,-6660,624,16290,CN,0,N_pwm150_grab1
7287,788,-4712,6932,CN,0,N_pwm150_grab1
7291,-4964,-6166,998,CN,0,N_pwm150_grab1
7297,-7564,-5552,12074,CN,0,N_pwm150_grab1
7301,-3518,-3342,11084,CN,0,N_pwm150_grab1
7307,-2808,-1054,6940,CN,0,N_pwm150_grab1
7312,-2560,7210,13300,CN,0,N_pwm150_grab1
7316,7604,3486,6536,CN,0,N_pwm150_grab1
7322,4538,2664,12712,CN,0,N_pwm150_grab1
7327,4302,6866,16584,CN,0,N_pwm150_grab1
7331,9696,-3820,7154,CN,0,N_pwm150_grab1
7336,-8004,-4034,16618,CN,0,N_pwm150_grab1
7342,3856,-1244,7812,CN,0,N_pwm150_grab1
7346,-382,-7264,3058,CN,0,N_pwm150_grab1
7351,-8718,-2750,16696,CN,0,N_pwm150_grab1
7356,-1672,-5944,8216,CN,0,N_pwm150_grab1
7362,-6110,-3910,876,CN,0,N_pwm150_grab1
7367,-5304,-1292,9346,CN,0,N_pwm150_grab1
7371,1868,1154,11044,CN,0,N_pwm150_grab1
7376,1628,812,12028,CN,0,N_pwm150_grab1
7382,5368,3374,14178,CN,0,N_pwm150_grab1
7387,5416,-5880,8146,CN,0,N_pwm150_grab1
7392,-5610,-988,15114,CN,0,N_pwm150_grab1
7398,338,-4144,5962,CN,0,N_pwm150_grab1
7402,-4334,-5738,-70,CN,0,N_pwm150_grab1
7407,-6764,-5962,13324,CN,0,N_pwm150_grab1
7412,-3958,-3544,11386,CN,0,N_pwm150_grab1
7418,4418,1406,12704,CN,0,N_pwm150_grab1
7422,1598,9690,16318,CN,0,N_pwm150_grab1
7428,4484,3052,8346,CN,0,N_pwm150_grab1
7433,4474,2100,12646,CN,0,N_pwm150_grab1
7437,2742,9174,16996,CN,0,N_pwm150_grab1
7442,10360,-892,6332,CN,0,N_pwm150_grab1
7448,414,3116,14110,CN,0,N_pwm150_grab1
7452,4374,-272,8780,CN,0,N_pwm150_grab1
7458,-5214,-3858,-282,CN,0,N_pwm150_grab1
7463,-6368,-2158,10602,CN,0,N_pwm150_grab1
7467,-2532,-4878,10180,CN,0,N_pwm150_grab1
7472,-5504,-3384,-300,CN,0,N_pwm150_grab1
7477,-5130,-2732,10086,CN,0,N_pwm150_grab1
7483,-326,378,12016,CN,0,N_pwm150_grab1
7488,968,114,11074,CN,0,N_pwm150_grab1
7492,-160,7644,13828,CN,0,N_pwm150_grab1
7497,8714,3476,6654,CN,0,N_pwm150_grab1
7503,-3300,1424,15248,CN,0,N_pwm150_grab1
7507,1722,-2908,6738,CN,0,N_pwm150_grab1
7512,7126,-5174,8402,CN,0,N_pwm150_grab1
7517,-4420,-362,14784,CN,0,N_pwm150_grab1
7522,548,-3898,6020,CN,0,N_pwm150_grab1
7528,-3518,-6606,818,CN,0,N_pwm150_grab1
7532,-7414,-5922,13722,CN,0,N_pwm150_grab1
7537,-4220,-3366,12378,CN,0,N_pwm150_grab1
7543,4116,1166,12860,CN,0,N_pwm150_grab1
7547,1170,9676,16136,CN,0,N_pwm150_grab1
7552,4238,3424,8322,CN,0,N_pwm150_grab1
7558,4548,1594,13050,CN,0,N_pwm150_grab1
7562,1816,9820,16506,CN,0,N_pwm150_grab1
7568,11396,606,6882,CN,0,N_pwm150_grab1
7573,1378,4012,13958,CN,0,N_pwm150_grab1
7577,4596,1212,11632,CN,0,N_pwm150_grab1
7583,-5478,-5414,-400,CN,0,N_pwm150_grab1
7588,-7456,-3892,11692,CN,0,N_pwm150_grab1
7592,-2064,-1054,11928,CN,0,N_pwm150_grab1
7597,-5490,-4618,-518,CN,0,N_pwm150_grab1
7602,-6710,-2380,11126,CN,0,N_pwm150_grab1
7607,-938,162,12092,CN,0,N_pwm150_grab1
7612,616,78,10772,CN,0,N_pwm150_grab1
7617,-802,9002,14902,CN,0,N_pwm150_grab1
7623,8980,-4332,8112,CN,0,N_pwm150_grab1
7627,-3058,2508,14190,CN,0,N_pwm150_grab1
7632,2656,-2244,7750,CN,0,N_pwm150_grab1
7639,-2118,-7458,2610,CN,0,N_pwm150_grab1
7643,-8928,-4464,15686,CN,0,N_pwm150_grab1
7648,-3180,-5590,8988,CN,0,N_pwm150_grab1
7654,-5074,-2564,1316,CN,0,N_pwm150_grab1
7658,-4480,1240,10524,CN,0,N_pwm150_grab1
7663,10962,2314,6324,CN,0,N_pwm150_grab1
7669,2786,4172,14288,CN,0,N_pwm150_grab1
7673,5110,2398,12860,CN,0,N_pwm150_grab1
7678,4466,-6716,7648,CN,0,N_pwm150_grab1
7683,2088,4232,14312,CN,0,N_pwm150_grab1
7688,5148,1874,12116,CN,0,N_pwm150_grab1
7694,4026,-7348,7232,CN,0,N_pwm150_grab1
7698,-7376,-916,15466,CN,0,N_pwm150_grab1
7703,-3394,-3306,11308,CN,0,N_pwm150_grab1
7709,-2682,-880,6700,CN,0,N_pwm150_grab1
7713,-1710,3838,11470,CN,0,N_pwm150_grab1
7719,5712,3752,7730,CN,0,N_pwm150_grab1
7723,-2498,-502,7724,CN,0,N_pwm150_grab1
7728,-1592,5830,12460,CN,0,N_pwm150_grab1
7733,7156,3872,6936,CN,0,N_pwm150_grab1
7739,4292,3108,13988,CN,0,N_pwm150_grab1
7744,3826,-924,8404,CN,0,N_pwm150_grab1
7748,-630,-7694,3778,CN,0,N_pwm150_grab1
7753,-7590,-5368,15678,CN,0,N_pwm150_grab1
7758,-2832,-4706,10526,CN,0,N_pwm150_grab1
7763,-5582,-3286,-374,CN,0,N_pwm150_grab1
7769,-8432,-4438,16204,CN,0,N_pwm150_grab1
7773,-2652,-5592,9516,CN,0,N_pwm150_grab1
7779,-5792,-3308,-266,CN,0,N_pwm150_grab1
7783,544,8030,14012,CN,0,N_pwm150_grab1
7789,9196,3548,6548,CN,0,N_pwm150_grab1
7794,3956,3582,13920,CN,0,N_pwm150_grab1
7799,4752,5682,15630,CN,0,N_pwm150_grab1
7803,6750,-5202,8176,CN,0,N_pwm150_grab1
7808,3188,4026,14126,CN,0,N_pwm150_grab1
7813,5150,3374,13920,CN,0,N_pwm150_grab1
7818,5238,-6166,7952,CN,0,N_pwm150_grab1
7824,-7684,-6158,13508,CN,0,N_pwm150_grab1
7828,-4074,-3136,12502,CN,0,N_pwm150_grab1
7833,-3206,-1458,4632,CN,1,N_pwm150_grab1
7838,-2860,3324,11418,CN,1,N_pwm150_grab1
7843,4318,3336,8086,CN,1,N_pwm150_grab1
7849,4480,1526,13290,CN,1,N_pwm150_grab1
7853,-2140,2468,11006,CN,1,N_pwm150_grab1
7859,4580,3384,8332,CN,1,N_pwm150_grab1
7863,1782,3930,14074,CN,1,N_pwm150_grab1
7868,4664,1950,12226,CN,1,N_pwm150_grab1
7874,2786,-7678,5728,CN,1,N_pwm150_grab1
7878,-7126,-3310,15560,CN,1,N_pwm150_grab1
7883,-1386,-5044,8490,CN,1,N_pwm150_grab1
7888,-5514,-4862,-478,CN,1,N_pwm150_grab1
7894,-7016,-2786,11540,CN,1,N_pwm150_grab1
7899,-1362,-76,12548,CN,1,N_pwm150_grab1
7904,4528,2554,13648,CN,1,N_pwm150_grab1
7910,3900,7542,16324,CN,1,N_pwm150_grab1
7914,9848,-3410,7952,CN,1,N_pwm150_grab1
7920,-1964,3232,14124,CN,1,N_pwm150_grab1
7924,3634,-758,8962,CN,1,N_pwm150_grab1
7929,-826,-7594,3102,CN,1,N_pwm150_grab1
7936,-8904,-4194,16148,CN,1,N_pwm150_grab1
7939,2660,-1872,7842,CN,1,N_pwm150_grab1
7945,-5516,-2836,482,CN,1,N_pwm150_grab1
7950,-5158,-34,10496,CN,1,N_pwm150_grab1
7955,1962,1348,11168,CN,1,N_pwm150_grab1
7960,1826,810,12452,CN,1,N_pwm150_grab1
7965,512,9044,15774,CN,1,N_pwm150_grab1
7970,11104,2128,6212,CN,1,N_pwm150_grab1
7975,3088,3814,13700,CN,1,N_pwm150_grab1
7980,520,9540,15840,CN,1,N_pwm150_grab1
7985,6194,-6414,8430,CN,1,N_pwm150_grab1
7989,-6306,428,14912,CN,1,N_pwm150_grab1
7995,1284,-4326,6260,CN,1,N_pwm150_grab1
7999,-4684,-6678,534,CN,1,N_pwm150_grab1
8004,-8056,-5562,14042,CN,1,N_pwm150_grab1
8010,-3442,-4532,10528,CN,1,N_pwm150_grab1
8015,-4010,-1360,5128,CN,1,N_pwm150_grab1
8020,-2814,3518,10808,CN,1,N_pwm150_grab1
8025,-3386,-3636,11014,CN,1,N_pwm150_grab1
8029,3962,1946,13558,CN,1,N_pwm150_grab1
8035,3006,8566,16744,CN,1,N_pwm150_grab1
8039,10714,-714,6704,CN,1,N_pwm150_grab1
8044,534,3652,13504,CN,1,N_pwm150_grab1
8050,4784,304,9742,CN,1,N_pwm150_grab1
8054,1322,-7474,5212,CN,1,N_pwm150_grab1
8059,-8040,-3138,16518,CN,1,N_pwm150_grab1
8064,4758,116,9522,CN,1,N_pwm150_grab1
8069,-6216,-4498,-954,CN,1,N_pwm150_grab1
8074,-5716,-4764,11002,CN,1,N_pwm150_grab1
8079,-1644,-1224,11808,CN,1,N_pwm150_grab1
8084,-706,-18,10140,CN,1,N_pwm150_grab1
8090,-632,6638,13424,CN,1,N_pwm150_grab1
8094,7500,3712,6826,CN,1,N_pwm150_grab1
8100,4350,2928,12998,CN,1,N_pwm150_grab1
8104,4392,7266,16424,CN,1,N_pwm150_grab1
8109,8650,-3812,7662,CN,1,N_pwm150_grab1
8114,-2754,1316,14062,CN,1,N_pwm150_grab1
8122,3872,4329,2056,CN,1,N_pwm150_grab1
8125,-2110,-7086,1850,CN,1,N_pwm150_grab1
8129,-7492,-5598,15830,CN,1,N_pwm150_grab1
8134,-3642,-4528,11254,CN,1,N_pwm150_grab1
8139,-5196,-2270,1236,CN,1,N_pwm150_grab1
8145,-4078,-610,10198,CN,1,N_pwm150_grab1
8150,10174,3114,6658,CN,1,N_pwm150_grab1
8155,3944,2928,13064,CN,1,N_pwm150_grab1
8160,4588,6080,15542,CN,1,N_pwm150_grab1
8165,7294,-5377,-1,CN,1,N_pwm150_grab1
8171,-4738,434,14938,CN,1,N_pwm150_grab1
8176,888,-3750,6556,CN,1,N_pwm150_grab1
8181,-3410,-6870,1194,CN,1,N_pwm150_grab1
8185,-8088,-5558,14070,CN,1,N_pwm150_grab1
8190,4568,2892,9080,CN,1,N_pwm150_grab1
8195,-3448,-1242,4414,CN,1,N_pwm150_grab1
8200,-3464,4242,11450,CN,1,N_pwm150_grab1
8206,4878,3434,8424,CN,1,N_pwm150_grab1
8210,4086,1390,13142,CN,1,N_pwm150_grab1
8216,1432,9310,16136,CN,1,N_pwm150_grab1
8221,11262,330,6704,CN,1,N_pwm150_grab1
8225,1678,3740,13704,CN,1,N_pwm150_grab1
8231,292,-5002,6548,CN,1,N_pwm150_grab1
8235,3794,-7380,6554,CN,1,N_pwm150_grab1
8240,-7510,-1302,15568,CN,1,N_pwm150_grab1
8245,-92,-5266,6978,CN,1,N_pwm150_grab1
8250,-5268,-5934,-22,CN,1,N_pwm150_grab1
8255,-7514,-5934,-22,CN,1,N_pwm150_grab1
8260,12846,9231,12521,CN,1,N_pwm150_grab1
8265,-1970,-72,8390,CN,1,N_pwm150_grab1
8270,3802,7890,16678,CN,1,N_pwm150_grab1
8275,9890,-2154,7120,CN,1,N_pwm150_grab1
8280,4168,2486,13988,CN,1,N_pwm150_grab1
8285,3694,7496,16370,CN,1,N_pwm150_grab1
8290,9796,-2948,7352,CN,1,N_pwm150_grab1
8296,-1238,3030,13606,CN,1,N_pwm150_grab1
8305,-260,-7718,3838,CN,1,N_pwm150_grab1
8310,-5398,-3742,11178,CN,1,N_pwm150_grab1
8315,-462,-406,11644,CN,1,N_pwm150_grab1
8320,-6096,-3860,-456,CN,1,N_pwm150_grab1
8326,-5520,-2930,10876,CN,1,N_pwm150_grab1
8331,342,-36,11198,CN,1,N_pwm150_grab1
8335,676,828,11680,CN,1,N_pwm150_grab1
8340,-4,8194,14638,CN,1,N_pwm150_grab1
8345,9634,3142,6474,CN,1,N_pwm150_grab1
8351,-3490,808,13590,CN,1,N_pwm150_grab1
8355,2098,-2918,6586,CN,1,N_pwm150_grab1
8361,-3132,-7188,1588,CN,1,N_pwm150_grab1
8366,-4570,578,13566,CN,1,N_pwm150_grab1
8370,1784,-3440,6214,CN,1,N_pwm150_grab1
8375,-3588,-6978,1160,CN,1,N_pwm150_grab1
8380,-8098,-5552,15030,CN,1,N_pwm150_grab1
8386,-3536,-5024,10688,CN,1,N_pwm150_grab1
8391,2880,1136,13052,CN,1,N_pwm150_grab1
8395,1408,9458,15120,CN,1,N_pwm150_grab1
8400,10252,2748,6724,CN,1,N_pwm150_grab1
8406,3244,3376,13626,CN,1,N_pwm150_grab1
8411,5060,4548,14150,CN,1,N_pwm150_grab1
8417,5606,-6242,7748,CN,1,N_pwm150_grab1
8421,-5576,-532,14902,CN,1,N_pwm150_grab1
8427,248,-4204,6980,CN,1,N_pwm150_grab1
8432,-3434,-1016,4664,CN,1,N_pwm150_grab1
8437,-3270,4088,11474,CN,1,N_pwm150_grab1
8441,4988,3362,8382,CN,1,N_pwm150_grab1
8448,4138,1576,13362,CN,1,N_pwm150_grab1
8451,-2594,4770,12006,CN,1,N_pwm150_grab1
8456,4984,3706,8052,CN,1,N_pwm150_grab1
8461,4388,1640,13326,CN,1,N_pwm150_grab1
8467,2036,9442,16264,CN,1,N_pwm150_grab1
8472,3652,-7552,6222,CN,1,N_pwm150_grab1
8477,-7684,-1440,15510,CN,1,N_pwm150_grab1
8482,-86,-5274,7094,CN,1,N_pwm150_grab1
8486,-5352,-5862,-96,CN,1,N_pwm150_grab1
8491,-7432,-1948,15606,CN,1,N_pwm150_grab1
8496,-466,-5290,7712,CN,1,N_pwm150_grab1
8502,-5268,-5620,32,CN,1,N_pwm150_grab1
8506,-7268,-4242,12178,CN,1,N_pwm150_grab1
8511,7102,3678,7258,CN,1,N_pwm150_grab1
8517,4178,2528,14162,CN,1,N_pwm150_grab1
8521,3730,7718,16512,CN,1,N_pwm150_grab1
8526,10030,-2378,7240,CN,1,N_pwm150_grab1
8531,-892,2962,13384,CN,1,N_pwm150_grab1
8537,3490,7640,16408,CN,1,N_pwm150_grab1
8541,9970,-2746,7522,CN,1,N_pwm150_grab1
8547,-930,2890,13642,CN,1,N_pwm150_grab1
8551,-1452,-5688,8496,CN,1,N_pwm150_grab1
8556,-6138,-4162,-730,CN,1,N_pwm150_grab1
8561,-5992,-3514,11442,CN,1,N_pwm150_grab1
8566,-332,-500,11906,CN,1,N_pwm150_grab1
8571,-350,780,10820,CN,1,N_pwm150_grab1
8576,-5820,-2970,11472,CN,1,N_pwm150_grab1
8581,-20,-92,11354,CN,1,N_pwm150_grab1
8586,24,904,10860,CN,1,N_pwm150_grab1
8592,-426,7772,14030,CN,1,N_pwm150_grab1
8597,8732,-3568,7824,CN,1,N_pwm150_grab1
8602,-2718,1614,13274,CN,1,N_pwm150_grab1
8607,2896,-2172,7550,CN,1,N_pwm150_grab1
8612,-2170,-7568,2494,CN,1,N_pwm150_grab1
8617,-7824,-4886,15522,CN,1,N_pwm150_grab1
8621,2814,-2622,7058,CN,1,N_pwm150_grab1
8626,-2372,-7534,2432,CN,1,N_pwm150_grab1
8632,-8404,-4826,15490,CN,1,N_pwm150_grab1
8636,1408,1336,10992,CN,1,N_pwm150_grab1
8641,1324,930,12196,CN,1,N_pwm150_grab1
8646,1066,8940,14842,CN,1,N_pwm150_grab1
8651,9258,3178,6506,CN,1,N_pwm150_grab1
8656,3598,2842,13592,CN,1,N_pwm150_grab1
8662,5238,5884,14788,CN,1,N_pwm150_grab1
8667,6968,-4894,8150,CN,1,N_pwm150_grab1
8673,-3972,694,13912,CN,1,N_pwm150_grab1
8678,-3796,-4780,10430,CN,1,N_pwm150_grab1
8683,-4562,-2146,2042,CN,1,N_pwm150_grab1
8687,-4386,612,11224,CN,1,N_pwm150_grab1
8693,2412,2090,9408,CN,1,N_pwm150_grab1
8698,2856,1196,12868,CN,1,N_pwm150_grab1
8704,760,9320,15290,CN,1,N_pwm150_grab1
8707,2404,2280,9462,CN,1,N_pwm150_grab1
8712,3022,1240,13080,CN,1,N_pwm150_grab1
8717,5074,4632,14274,CN,1,N_pwm150_grab1
8722,6516,-6092,7772,CN,1,N_pwm150_grab1
8728,-5428,534,14156,CN,1,N_pwm150_grab1
8733,878,-3998,7112,CN,1,N_pwm150_grab1
8737,-3688,-6832,1372,CN,1,N_pwm150_grab1
8743,-8694,-5062,14276,CN,1,N_pwm150_grab1
8747,532,-3988,7280,CN,1,N_pwm150_grab1
8752,-3786,-6698,1340,CN,1,N_pwm150_grab1
8757,-3764,2112,11000,CN,1,N_pwm150_grab1
8762,4532,2640,8908,CN,1,N_pwm150_grab1
8768,3134,1606,13530,CN,1,N_pwm150_grab1
8772,2026,8994,15940,CN,1,N_pwm150_grab1
8778,10832,1364,6760,CN,1,N_pwm150_grab1
8782,2130,3678,14158,CN,1,N_pwm150_grab1
8788,5694,3048,12638,CN,1,N_pwm150_grab1
8793,11084,1114,6770,CN,1,N_pwm150_grab1
8797,-6698,-654,14404,CN,1,N_pwm150_grab1
8802,502,-4560,6694,CN,1,N_pwm150_grab1
8807,-4900,-6072,214,CN,1,N_pwm150_grab1
8812,-8078,-5420,13376,CN,1,N_pwm150_grab1
8817,-2916,-3814,11342,CN,1,N_pwm150_grab1
8822,-4032,-670,5654,CN,1,N_pwm150_grab1
8827,-2686,3000,11200,CN,1,N_pwm150_grab1
8832,-2982,-3604,10936,CN,1,N_pwm150_grab1
8838,3544,1906,13610,CN,1,N_pwm150_grab1
8842,3226,9114,16366,CN,1,N_pwm150_grab1
8847,10438,742,7074,CN,1,N_pwm150_grab1
8853,1620,3430,13590,CN,1,N_pwm150_grab1
8857,5402,2002,11542,CN,1,N_pwm150_grab1
8862,2966,-7200,6402,CN,1,N_pwm150_grab1
8868,-6732,-1748,14942,CN,1,N_pwm150_grab1
8873,-134,-4876,7448,CN,1,N_pwm150_grab1
8878,-5692,-5756,-212,CN,1,N_pwm150_grab1
8883,-7114,-5544,12724,CN,1,N_pwm150_grab1
8888,-2808,-2758,12242,CN,1,N_pwm150_grab1
8892,-3066,-326,6746,CN,1,N_pwm150_grab1
8897,-1666,4368,12154,CN,1,N_pwm150_grab1
8902,5288,3574,8032,CN,1,N_pwm150_grab1
8907,3880,1966,13328,CN,1,N_pwm150_grab1
8913,3120,9156,16280,CN,1,N_pwm150_grab1
8919,3136,-7530,6064,CN,1,N_pwm150_grab1
8923,-6874,-1564,15108,CN,1,N_pwm150_grab1
8928,-328,-4918,7556,CN,1,N_pwm150_grab1
8934,-5270,-5752,338,CN,1,N_pwm150_grab1
8939,-7908,-4928,12776,CN,1,N_pwm150_grab1
8944,-2652,-2664,11464,CN,1,N_pwm150_grab1
8949,-2888,38,6842,CN,1,N_pwm150_grab1
8953,-2416,4720,11854,CN,1,N_pwm150_grab1
8960,10568,-308,7224,CN,1,N_pwm150_grab1
8963,4078,2118,13676,CN,1,N_pwm150_grab1
8968,3024,8740,16186,CN,1,N_pwm150_grab1
8973,10636,-362,7182,CN,1,N_pwm150_grab1
8978,1142,3352,13926,CN,1,N_pwm150_grab1
8983,5292,1428,11200,CN,1,N_pwm150_grab1
8989,3054,-7670,6072,CN,1,N_pwm150_grab1
8993,-7540,-1666,15054,CN,1,N_pwm150_grab1
8998,-2230,-2620,12034,CN,1,N_pwm150_grab1
9003,-5628,-5470,-38,CN,1,N_pwm150_grab1
9009,-7854,-4904,12782,CN,1,N_pwm150_grab1
9013,-2142,-2590,11898,CN,1,N_pwm150_grab1
9018,-3536,208,7292,CN,1,N_pwm150_grab1
9023,-2072,4738,11850,CN,1,N_pwm150_grab1
9029,6260,3516,8048,CN,1,N_pwm150_grab1
9034,3630,1942,13646,CN,1,N_pwm150_grab1
9039,5358,1240,10762,CN,1,N_pwm150_grab1
9043,2442,-7604,5740,CN,1,N_pwm150_grab1
9049,1194,3192,13212,CN,1,N_pwm150_grab1
9053,5558,1144,10542,CN,1,N_pwm150_grab1
9059,2458,-7516,5902,CN,1,N_pwm150_grab1
9063,-7082,-2152,15116,CN,1,N_pwm150_grab1
9068,-336,-5048,7550,CN,1,N_pwm150_grab1
9074,-6032,-5434,-482,CN,1,N_pwm150_grab1
9078,-1900,4618,12148,CN,1,N_pwm150_grab1
9083,5204,3840,8078,CN,1,N_pwm150_grab1
9088,-3788,-164,6814,CN,1,N_pwm150_grab1
9094,-1740,3976,11896,CN,1,N_pwm150_grab1
9098,5178,3766,8242,CN,1,N_pwm150_grab1
9104,3626,1886,13542,CN,1,N_pwm150_grab1
9108,3414,9204,16346,CN,1,N_pwm150_grab1
9113,10430,964,7318,CN,1,N_pwm150_grab1
9119,-6420,-1282,14982,CN,1,N_pwm150_grab1
9124,30,-4782,7200,CN,1,N_pwm150_grab1
9129,-5460,-6008,478,CN,1,N_pwm150_grab1
9134,-5984,-1274,15010,CN,1,N_pwm150_grab1
9138,54,-4618,7230,CN,1,N_pwm150_grab1
9143,-5566,-5966,284,CN,1,N_pwm150_grab1
9148,-7956,-5414,13360,CN,1,N_pwm150_grab1
9153,-3362,-3486,12018,CN,1,N_pwm150_grab1
9159,3376,1674,13546,CN,1,N_pwm150_grab1
9164,2718,9058,16054,CN,1,N_pwm150_grab1
9168,11250,1360,7048,CN,1,N_pwm150_grab1
9174,2616,3236,13534,CN,1,N_pwm150_grab1
9180,6334,3172,12956,CN,1,N_pwm150_grab1
9185,5184,-6774,7600,CN,1,N_pwm150_grab1
9190,-6254,-220,14174,CN,1,N_pwm150_grab1
9195,1118,-4474,6616,CN,1,N_pwm150_grab1
9200,-5590,-846,4210,CN,1,N_pwm150_grab1
9204,-3142,1560,10724,CN,1,N_pwm150_grab1
9210,3908,2878,9628,CN,1,N_pwm150_grab1
9214,2564,1592,13314,CN,1,N_pwm150_grab1
9219,-3726,1894,10794,CN,1,N_pwm150_grab1
9225,4138,2796,9716,CN,1,N_pwm150_grab1
9229,2374,1462,13436,CN,1,N_pwm150_grab1
9234,3140,9076,16066,CN,1,N_pwm150_grab1
9239,5348,-6070,7712,CN,1,N_pwm150_grab1
9244,-4498,-592,13920,CN,1,N_pwm150_grab1
9249,1166,-4030,6716,CN,1,N_pwm150_grab1
9254,-4574,-7096,910,CN,1,N_pwm150_grab1
9259,-4684,-454,13586,CN,1,N_pwm150_grab1
9264,1626,-3942,6398,CN,1,N_pwm150_grab1
9269,-4526,-7250,1030,CN,1,N_pwm150_grab1
9274,-7642,-5910,14724,CN,1,N_pwm150_grab1
9279,-1,-1,-1,CN,1,N_pwm150_grab1
9285,1382,1532,12646,CN,1,N_pwm150_grab1
9289,1456,9446,15202,CN,1,N_pwm150_grab1
9295,10204,3446,6874,CN,1,N_pwm150_grab1
9299,3938,2402,13288,CN,1,N_pwm150_grab1
9305,1492,9088,14796,CN,1,N_pwm150_grab1
9310,9504,3682,6800,CN,1,N_pwm150_grab1
9315,4062,2220,12948,CN,1,N_pwm150_grab1
9319,6760,6052,15394,CN,1,N_pwm150_grab1
9325,-2076,-7992,2954,CN,1,N_pwm150_grab1
9330,-8160,-4398,15754,CN,1,N_pwm150_grab1
9334,-3048,-5162,9426,CN,1,N_pwm150_grab1
9340,-7224,-2796,-210,CN,1,N_pwm150_grab1
9344,-7748,-4078,15896,CN,1,N_pwm150_grab1
9349,-2658,-5268,9334,CN,1,N_pwm150_grab1
9354,-7324,-3280,-354,CN,1,N_pwm150_grab1
9359,-6822,-2686,11918,CN,1,N_pwm150_grab1
9364,8526,3888,7040,CN,1,N_pwm150_grab1
9369,4148,2252,13706,CN,1,N_pwm150_grab1
9374,6152,7434,16068,CN,1,N_pwm150_grab1
9379,10300,-2446,8040,CN,1,N_pwm150_grab1
9384,-34,2420,12478,CN,1,N_pwm150_grab1
9390,5474,7860,16302,CN,1,N_pwm150_grab1
9395,10540,-1764,7910,CN,1,N_pwm150_grab1
9400,722,2650,12546,CN,1,N_pwm150_grab1
9404,-648,-5582,7990,CN,1,N_pwm150_grab1
9410,-7564,-4786,-1294,CN,1,N_pwm150_grab1
9414,-7522,-4850,12972,CN,1,N_pwm150_grab1
9420,-2142,-2130,12560,CN,1,N_pwm150_grab1
9424,-4480,710,8516,CN,1,N_pwm150_grab1
9431,-1542,4948,11832,CN,1,N_pwm150_grab1
9435,5370,4202,8092,CN,1,N_pwm150_grab1
9441,3254,1808,13498,CN,1,N_pwm150_grab1
9445,6246,978,11074,CN,1,N_pwm150_grab1
9450,3412,-7904,6204,CN,1,N_pwm150_grab1
9456,-5392,-1696,15274,CN,1,N_pwm150_grab1
9460,98,-4788,7186,CN,1,N_pwm150_grab1
9465,-5866,-5612,96,CN,1,N_pwm150_grab1
9470,-8646,-5174,14084,CN,1,N_pwm150_grab1
9476,406,-4560,6964,CN,1,N_pwm150_grab1
9480,-5742,-5904,-4,CN,1,N_pwm150_grab1
9486,-4052,2878,10606,CN,1,N_pwm150_grab1
9490,4038,3430,9596,CN,1,N_pwm150_grab1
9495,2378,1550,13522,CN,1,N_pwm150_grab1
9501,3032,8930,15346,CN,1,N_pwm150_grab1
9505,10822,2322,7738,CN,1,N_pwm150_grab1
9510,3966,2684,12838,CN,1,N_pwm150_grab1
9516,2486,9072,14836,CN,1,N_pwm150_grab1
9520,10546,2738,7796,CN,1,N_pwm150_grab1
9525,-3830,414,13812,CN,1,N_pwm150_grab1
9530,2264,-3614,6884,CN,1,N_pwm150_grab1
9536,-4004,-7194,984,CN,1,N_pwm150_grab1
9540,-8950,-4462,16024,CN,1,N_pwm150_grab1
9545,-3360,-5420,9914,CN,1,N_pwm150_grab1
9550,-7726,-1602,1316,CN,1,N_pwm150_grab1
9556,-5796,-1062,10752,CN,1,N_pwm150_grab1
9561,-3246,-5310,9528,CN,1,N_pwm150_grab1
9565,-734,1406,12550,CN,1,N_pwm150_grab1
9570,1394,7974,14108,CN,1,N_pwm150_grab1
9576,8586,3622,6846,CN,1,N_pwm150_grab1
9580,4128,1864,12744,CN,1,N_pwm150_grab1
9586,7032,6546,15696,CN,1,N_pwm150_grab1
9590,8980,-3654,7680,CN,1,N_pwm150_grab1
9596,-520,1304,12706,CN,1,N_pwm150_grab1
9600,6920,6736,15868,CN,1,N_pwm150_grab1
9605,-1166,-7856,3232,CN,1,N_pwm150_grab1
9611,-6944,-3704,16764,CN,1,N_pwm150_grab1
9616,-1708,-5406,9236,CN,1,N_pwm150_grab1
9620,-7874,-3324,-688,CN,1,N_pwm150_grab1
9626,-7004,-3544,12080,CN,1,N_pwm150_grab1
9630,-1648,-466,12998,CN,1,N_pwm150_grab1
9636,-3552,1166,9796,CN,1,N_pwm150_grab1
9641,-1474,5972,11928,CN,1,N_pwm150_grab1
9645,5958,4698,7674,CN,1,N_pwm150_grab1
9650,3848,1664,13476,CN,1,N_pwm150_grab1
9656,4952,8692,15956,CN,1,N_pwm150_grab1
9661,10816,-394,7848,CN,1,N_pwm150_grab1
9665,2618,2560,12140,CN,1,N_pwm150_grab1
9670,6206,1430,11284,CN,1,N_pwm150_grab1
9675,3548,-7874,6068,CN,1,N_pwm150_grab1
9680,-5836,-1410,15462,CN,1,N_pwm150_grab1
9687,-2828,-3380,11722,CN,1,N_pwm150_grab1
9691,-5982,334,6982,CN,1,N_pwm150_grab1
9696,-3374,2990,10502,CN,1,N_pwm150_grab1
9701,4400,3462,9354,CN,1,N_pwm150_grab1
9706,2254,1520,13780,CN,1,N_pwm150_grab1
9711,3986,8794,15858,CN,1,N_pwm150_grab1
9717,10122,1734,7646,CN,1,N_pwm150_grab1
9721,3582,2544,11804,CN,1,N_pwm150_grab1
9726,1204,-4262,6954,CN,1,N_pwm150_grab1
9731,5656,-6616,6978,CN,1,N_pwm150_grab1
9737,-4044,-418,14330,CN,1,N_pwm150_grab1
9741,1792,-4068,6782,CN,1,N_pwm150_grab1
9746,-4562,-6768,366,CN,1,N_pwm150_grab1
9751,-8196,-5048,15712,CN,1,N_pwm150_grab1
9756,-3680,-4740,10856,CN,1,N_pwm150_grab1
9762,-7422,-1020,2804,CN,1,N_pwm150_grab1
9766,1828,8692,14218,CN,1,N_pwm150_grab1
9771,1240,2034,11104,CN,1,N_pwm150_grab1
9776,-246,1432,12632,CN,1,N_pwm150_grab1
9782,1616,8204,13664,CN,1,N_pwm150_grab1
9786,8712,3768,7312,CN,1,N_pwm150_grab1
9791,4586,1706,12392,CN,1,N_pwm150_grab1
9797,7160,6894,15586,CN,1,N_pwm150_grab1
9801,9126,-4026,8104,CN,1,N_pwm150_grab1
9806,-8086,-3442,16688,CN,1,N_pwm150_grab1
9811,-2196,-5492,8626,CN,1,N_pwm150_grab1
9816,-706,-7862,3286,CN,1,N_pwm150_grab1
9821,-7466,-3190,16702,CN,1,N_pwm150_grab1
9826,-1628,-5538,8702,CN,1,N_pwm150_grab1
9831,-7630,-3246,-342,CN,1,N_pwm150_grab1
9836,-7352,-3270,12014,CN,1,N_pwm150_grab1
9841,-1826,-670,12418,CN,1,N_pwm150_grab1
9847,4054,1742,13480,CN,1,N_pwm150_grab1
9852,5936,7798,16034,CN,1,N_pwm150_grab1
9857,6364,4320,7744,CN,1,N_pwm150_grab1
9861,4058,1646,13658,CN,1,N_pwm150_grab1
9866,5168,8114,16136,CN,1,N_pwm150_grab1
9871,10734,-876,7734,CN,1,N_pwm150_grab1
9876,2300,2626,12032,CN,1,N_pwm150_grab1
9881,6534,1046,10634,CN,1,N_pwm150_grab1
9886,3392,-7902,5854,CN,1,N_pwm150_grab1
9892,-7930,-5340,13818,CN,1,N_pwm150_grab1
9897,-3060,-3210,12326,CN,1,N_pwm150_grab1
9902,-6358,-5452,-962,CN,1,N_pwm150_grab1
9907,-8464,-5228,14426,CN,1,N_pwm150_grab1
9911,-3112,-3914,11664,CN,1,N_pwm150_grab1
9916,-6754,20,6036,CN,1,N_pwm150_grab1
9922,-3888,1574,10420,CN,1,N_pwm150_grab1
9927,3132,3072,10070,CN,1,N_pwm150_grab1
9932,4016,2056,11760,CN,1,N_pwm150_grab1
9937,7558,4510,14146,CN,1,N_pwm150_grab1
9943,6664,-6122,7312,CN,1,N_pwm150_grab1
9947,-2596,172,14310,CN,1,N_pwm150_grab1
9952,2068,-3332,7322,CN,1,N_pwm150_grab1
9958,-3254,-7094,1382,CN,1,N_pwm150_grab1
9962,-8394,-4620,15964,CN,1,N_pwm150_grab1
9967,-3412,-4792,9974,CN,1,N_pwm150_grab1
9973,-492,1414,12678,CN,1,N_pwm150_grab1
9977,1234,8080,13776,CN,1,N_pwm150_grab1
9982,8906,3500,7442,CN,1,N_pwm150_grab1
9987,-1172,1378,12068,CN,1,N_pwm150_grab1
9992,314,8050,13052,CN,1,N_pwm150_grab1
9998,8422,3774,7320,CN,1,N_pwm150_grab1
10002,4664,1704,13188,CN,1,N_pwm150_grab1
10008,6760,7054,16000,CN,1,N_pwm150_grab1
10012,-892,-7894,3276,CN,1,N_pwm150_grab1
10017,-7582,-2968,16970,CN,1,N_pwm150_grab1
10023,-1390,-5830,8596,CN,1,N_pwm150_grab1
10027,328,-7978,4094,CN,1,N_pwm150_grab1
10033,-7414,-2524,16646,CN,1,N_pwm150_grab1
10037,-922,-5708,8064,CN,1,N_pwm150_grab1
10042,-7750,-4116,-1212,CN,1,N_pwm150_grab1
10047,-7906,-4144,12862,CN,1,N_pwm150_grab1
10052,5286,4408,7682,CN,1,N_pwm150_grab1
10057,3326,1468,13378,CN,1,N_pwm150_grab1
10062,5006,8288,15882,CN,1,N_pwm150_grab1
10067,10242,-142,7654,CN,1,N_pwm150_grab1
10072,2942,1364,13526,CN,1,N_pwm150_grab1
10077,4692,8586,15754,CN,1,N_pwm150_grab1
10083,10246,754,7756,CN,1,N_pwm150_grab1
10087,3276,2462,11408,CN,1,N_pwm150_grab1
10093,626,-4650,6972,CN,1,N_pwm150_grab1
10097,-5410,-5760,122,CN,1,N_pwm150_grab1
10102,-8444,-5148,14888,CN,1,N_pwm150_grab1
10107,-3446,-4032,11046,CN,1,N_pwm150_grab1
10112,-4908,-6300,250,CN,1,N_pwm150_grab1
10117,-8268,-4840,15392,CN,1,N_pwm150_grab1
10122,-3464,-4732,10748,CN,1,N_pwm150_grab1
10127,-7226,-826,3672,CN,1,N_pwm150_grab1
10132,2024,8374,13872,CN,1,N_pwm150_grab1
10137,9372,2958,7614,CN,1,N_pwm150_grab1
10143,4596,1874,12582,CN,1,N_pwm150_grab1
10147,7406,5686,15104,CN,1,N_pwm150_grab1
10152,8502,-5038,7622,CN,1,N_pwm150_grab1
10158,4656,1754,12326,CN,1,N_pwm150_grab1
10163,6996,5604,15614,CN,1,N_pwm150_grab1
10168,8802,-4688,7750,CN,1,N_pwm150_grab1
10172,-8074,-3870,16970,CN,1,N_pwm150_grab1
10177,-2286,-5188,9396,CN,1,N_pwm150_grab1
10182,-7950,-2244,266,CN,1,N_pwm150_grab1
10188,-7072,-2700,11414,CN,1,N_pwm150_grab1
10192,-956,36,13104,CN,1,N_pwm150_grab1
10198,-3422,1108,11190,CN,1,N_pwm150_grab1
10204,-922,6124,12536,CN,1,N_pwm150_grab1
10208,6132,4160,7352,CN,1,N_pwm150_grab1
10213,1512,2122,12492,CN,1,N_pwm150_grab1
10219,6088,254,10070,CN,1,N_pwm150_grab1
10223,2002,-7716,5106,CN,1,N_pwm150_grab1
10228,-5694,-1802,16522,CN,1,N_pwm150_grab1
10234,-12,-5366,7734,CN,1,N_pwm150_grab1
10240,-6460,-4856,-190,CN,1,N_pwm150_grab1
10243,-5284,-1272,16406,CN,1,N_pwm150_grab1
10248,464,-5070,7476,CN,1,N_pwm150_grab1
10253,-5912,52,6554,CN,1,N_pwm150_grab1
10259,-4044,2176,10388,CN,1,N_pwm150_grab1
10263,3504,3464,9476,CN,1,N_pwm150_grab1
10269,2078,1466,13392,CN,1,N_pwm150_grab1
10273,2804,8724,14856,CN,1,N_pwm150_grab1
10278,9590,2060,7666,CN,1,N_pwm150_grab1
10284,1288,1348,13130,CN,1,N_pwm150_grab1
10288,2202,8822,14738,CN,1,N_pwm150_grab1
10293,7144,-6078,7504,CN,1,N_pwm150_grab1
10299,-2916,242,14122,CN,1,N_pwm150_grab1
10304,2538,-3584,6532,CN,1,N_pwm150_grab1
10309,-2568,-6846,986,CN,1,N_pwm150_grab1
10313,-8258,-4390,16406,CN,1,N_pwm150_grab1
10319,-2892,-4900,10032,CN,1,N_pwm150_grab1
10323,-8004,-1538,1700,CN,1,N_pwm150_grab1
10328,-8024,-3948,16718,CN,1,N_pwm150_grab1
10333,168,1036,12948,CN,1,N_pwm150_grab1
10339,-2350,1122,11862,CN,1,N_pwm150_grab1
10344,20,7104,13240,CN,1,N_pwm150_grab1
10348,6996,4048,6900,CN,1,N_pwm150_grab1
10353,4042,1570,12402,CN,1,N_pwm150_grab1
10358,6110,7962,16218,CN,1,N_pwm150_grab1
10363,10038,-1944,7446,CN,1,N_pwm150_grab1
10369,3932,1736,13198,CN,1,N_pwm150_grab1
10374,6076,524,10216,CN,1,N_pwm150_grab1
10378,1900,-7608,5120,CN,1,N_pwm150_grab1
10384,-5686,-1690,16492,CN,1,N_pwm150_grab1
10388,36,-5352,7796,CN,1,N_pwm150_grab1
10399,-7872,-5090,13756,CN,1,N_pwm150_grab1
10403,-3100,-3478,11898,CN,1,N_pwm150_grab1
10408,-6096,138,6290,CN,1,N_pwm150_grab1
10413,-7994,-5144,14538,CN,1,N_pwm150_grab1
10419,3118,3314,9300,CN,1,N_pwm150_grab1
10424,1816,1478,13546,CN,1,N_pwm150_grab1
10428,2836,8954,14922,CN,1,N_pwm150_grab1
10433,9658,2222,7640,CN,1,N_pwm150_grab1
10438,4308,2144,12042,CN,1,N_pwm150_grab1
10443,7330,4072,14374,CN,1,N_pwm150_grab1
10448,7382,-6186,7436,CN,1,N_pwm150_grab1
10454,-8674,-4766,16298,CN,1,N_pwm150_grab1
10459,-3218,-4696,10226,CN,1,N_pwm150_grab1
10464,-7822,-1154,1730,CN,1,N_pwm150_grab1
10470,-6324,-1340,10744,CN,1,N_pwm150_grab1
10474,554,1238,12434,CN,1,N_pwm150_grab1
10479,-1752,1238,12190,CN,1,N_pwm150_grab1
10485,868,7156,13264,CN,1,N_pwm150_grab1
10490,7384,4120,7058,CN,1,N_pwm150_grab1
10494,458,1776,12744,CN,1,N_pwm150_grab1
10500,6456,7838,16028,CN,1,N_pwm150_grab1
10504,9732,-2346,7468,CN,1,N_pwm150_grab1
10509,1094,2118,12198,CN,1,N_pwm150_grab1
10514,5688,-66,9852,CN,1,N_pwm150_grab1
10520,1116,-7976,4738,CN,1,N_pwm150_grab1
10524,-6052,-1990,16424,CN,1,N_pwm150_grab1
10530,-280,-5472,8030,CN,1,N_pwm150_grab1
10534,-4934,674,8208,CN,1,N_pwm150_grab1
10540,-7824,-4914,13544,CN,1,N_pwm150_grab1
10544,-3018,-3122,11928,CN,1,N_pwm150_grab1
10550,-5748,342,7078,CN,1,N_pwm150_grab1
10554,-3264,2750,10572,CN,1,N_pwm150_grab1
10559,3742,3688,9014,CN,1,N_pwm150_grab1
10564,2282,1380,13712,CN,1,N_pwm150_grab1
10569,3296,9092,14996,CN,1,N_pwm150_grab1
10574,9932,1702,7820,CN,1,N_pwm150_grab1
10579,-4058,-604,14184,CN,1,N_pwm150_grab1
10585,7336,3380,13536,CN,1,N_pwm150_grab1
10590,6746,-6818,7186,CN,1,N_pwm150_grab1
10599,2166,-3798,6466,CN,1,N_pwm150_grab1
10605,-2834,-6726,1352,CN,1,N_pwm150_grab1
10609,-8634,-4294,16450,CN,1,N_pwm150_grab1
10615,-2900,-4790,9634,CN,1,N_pwm150_grab1
10620,-1368,1274,12460,CN,1,N_pwm150_grab1
10625,-6700,-2304,11154,CN,1,N_pwm150_grab1
10630,32,486,12556,CN,1,N_pwm150_grab1
10634,-2386,1364,11874,CN,1,N_pwm150_grab1
10640,160,6556,12566,CN,1,N_pwm150_grab1
10644,6970,4254,7190,CN,1,N_pwm150_grab1
10649,4056,1676,13392,CN,1,N_pwm150_grab1
10654,6150,8194,15968,CN,1,N_pwm150_grab1
10660,996,-8106,4696,CN,1,N_pwm150_grab1
10664,-5996,-1980,16128,CN,1,N_pwm150_grab1
10669,6098,1010,10666,CN,1,N_pwm150_grab1
10674,2220,-7728,5308,CN,1,N_pwm150_grab1
10679,-5570,-1212,15842,CN,1,N_pwm150_grab1
10685,198,-5136,7816,CN,1,N_pwm150_grab1
10694,-8108,-4978,14220,CN,1,N_pwm150_grab1
10699,3756,3416,8970,CN,1,N_pwm150_grab1
10704,2210,1378,13750,CN,1,N_pwm150_grab1
10711,3338,8882,14932,CN,1,N_pwm150_grab1
10716,9988,1758,7742,CN,1,N_pwm150_grab1
10720,4058,2060,12524,CN,1,N_pwm150_grab1
10726,7360,3544,13696,CN,1,N_pwm150_grab1
10730,6946,-6436,7276,CN,1,N_pwm150_grab1
10736,-2620,244,13478,CN,1,N_pwm150_grab1
10740,-3150,-4728,10414,CN,1,N_pwm150_grab1
10745,-7796,-1006,2208,CN,1,N_pwm150_grab1
10752,-6214,-1122,11042,CN,1,N_pwm150_grab1
10756,-2856,-5030,9570,CN,1,N_pwm150_grab1
10760,-7788,-1696,908,CN,1,N_pwm150_grab1
10765,-6896,-2194,11366,CN,1,N_pwm150_grab1
10770,-110,510,12750,CN,1,N_pwm150_grab1
10776,-2598,1214,11754,CN,1,N_pwm150_grab1
10780,6592,7644,15884,CN,1,N_pwm150_grab1
10785,9510,-2422,7620,CN,1,N_pwm150_grab1
10790,1118,2074,12218,CN,1,N_pwm150_grab1
10795,5980,8230,16072,CN,1,N_pwm150_grab1
10800,10184,-1326,7542,CN,1,N_pwm150_grab1
10806,1834,2290,11718,CN,1,N_pwm150_grab1
10811,6352,1124,10788,CN,1,N_pwm150_grab1
10816,2544,-7586,5660,CN,1,N_pwm150_grab1
10821,-7754,-4762,13942,CN,1,N_pwm150_grab1
10825,-3206,-3304,11702,CN,1,N_pwm150_grab1
10830,-5902,186,6434,CN,1,N_pwm150_grab1
10835,-3822,1904,10262,CN,1,N_pwm150_grab1
10841,-3170,-3946,11492,CN,1,N_pwm150_grab1
10846,-6606,-198,5334,CN,1,N_pwm150_grab1
10850,-4370,1274,10426,CN,1,N_pwm150_grab1
10855,2278,2874,10462,CN,1,N_pwm150_grab1
10860,4282,1964,12058,CN,1,N_pwm150_grab1
10865,7388,4512,14478,CN,1,N_pwm150_grab1
10871,7500,-5856,7180,CN,1,N_pwm150_grab1
10875,-2130,622,13628,CN,1,N_pwm150_grab1
10880,7070,5228,15198,CN,1,N_pwm150_grab1
10885,8162,-5020,7346,CN,1,N_pwm150_grab1
10891,-712,1066,13446,CN,1,N_pwm150_grab1
10905,-6900,-2776,11450,CN,1,N_pwm150_grab1
10910,-1038,-34,13368,CN,1,N_pwm150_grab1
10915,-3670,1076,11008,CN,1,N_pwm150_grab1
10921,-1112,5764,12264,CN,1,N_pwm150_grab1
10925,-2086,-1194,12966,CN,1,N_pwm150_grab1
10931,-4608,980,9602,CN,1,N_pwm150_grab1
10935,-2406,4360,11292,CN,1,N_pwm150_grab1
10940,9754,44,7502,CN,1,N_pwm150_grab1
10946,2758,2070,11502,CN,1,N_pwm150_grab1
10951,7244,2642,12284,CN,1,N_pwm150_grab1
10956,4362,-6958,6334,CN,1,N_pwm150_grab1
10960,-4032,-140,15500,CN,1,N_pwm150_grab1
10966,1394,-4042,7592,CN,1,N_pwm150_grab1
10971,-3840,-6340,780,CN,1,N_pwm150_grab1
10977,-7642,-3896,15736,CN,1,N_pwm150_grab1
10982,1784,1708,10920,CN,1,N_pwm150_grab1
10986,-482,1266,12486,CN,1,N_pwm150_grab1
10992,1134,7310,13142,CN,1,N_pwm150_grab1
10996,7780,3416,7308,CN,1,N_pwm150_grab1
11002,4462,1352,12304,CN,1,N_pwm150_grab1
11006,6508,6970,15644,CN,1,N_pwm150_grab1
11012,7140,3888,7406,CN,1,N_pwm150_grab1
11017,4182,1304,12536,CN,1,N_pwm150_grab1
11022,5274,-630,9042,CN,1,N_pwm150_grab1
11027,996,-7614,4302,CN,1,N_pwm150_grab1
11032,-6658,-1922,16452,CN,1,N_pwm150_grab1
11036,-586,-5406,7664,CN,1,N_pwm150_grab1
11042,-6312,-4366,-720,CN,1,N_pwm150_grab1
11046,-7260,-4796,13310,CN,1,N_pwm150_grab1
11051,122,-4940,7012,CN,1,N_pwm150_grab1
11057,-5426,-5034,-512,CN,1,N_pwm150_grab1
11061,-7750,-4796,14210,CN,1,N_pwm150_grab1
11067,3386,3416,9938,CN,1,N_pwm150_grab1
11071,1264,1244,13264,CN,1,N_pwm150_grab1
11077,2732,8784,14944,CN,1,N_pwm150_grab1
11081,8606,2446,7238,CN,1,N_pwm150_grab1
11087,4086,1644,11270,CN,1,N_pwm150_grab1
11092,7512,5100,14674,CN,1,N_pwm150_grab1
11096,7812,3086,6856,CN,1,N_pwm150_grab1
11101,4088,1370,11198,CN,1,N_pwm150_grab1
11106,3398,-2406,7732,CN,1,N_pwm150_grab1
11111,-510,-7434,2808,CN,1,N_pwm150_grab1
11117,-7006,-2890,16354,CN,1,N_pwm150_grab1
11121,-1496,-5712,8774,CN,1,N_pwm150_grab1
11127,-7010,-3462,586,CN,1,N_pwm150_grab1
11131,-7220,-4328,11814,CN,1,N_pwm150_grab1
11137,-814,-5644,8260,CN,1,N_pwm150_grab1
11142,-6520,-4478,532,CN,1,N_pwm150_grab1
11146,-2994,3124,10882,CN,1,N_pwm150_grab1
11151,5080,3602,8970,CN,1,N_pwm150_grab1
11157,2958,1572,13258,CN,1,N_pwm150_grab1
11161,3880,8806,15272,CN,1,N_pwm150_grab1
11166,9490,1458,7720,CN,1,N_pwm150_grab1
11171,3190,1920,12786,CN,1,N_pwm150_grab1
11177,7642,4590,13334,CN,1,N_pwm150_grab1
11181,9008,1992,7564,CN,1,N_pwm150_grab1
11186,-3130,476,14712,CN,1,N_pwm150_grab1
11191,2336,-3598,7418,CN,1,N_pwm150_grab1
11196,-2858,-6582,1316,CN,1,N_pwm150_grab1
11201,-7294,-4026,15454,CN,1,N_pwm150_grab1
11206,-2140,-4932,10338,CN,1,N_pwm150_grab1
11211,-7476,-2132,2100,CN,1,N_pwm150_grab1
11217,-6520,-2652,11398,CN,1,N_pwm150_grab1
11223,-410,494,13344,CN,1,N_pwm150_grab1
11228,3986,1364,12416,CN,1,N_pwm150_grab1
11233,6056,7692,15374,CN,1,N_pwm150_grab1
11237,9404,-1938,7632,CN,1,N_pwm150_grab1
11242,1696,1934,13598,CN,1,N_pwm150_grab1
11247,5986,224,10100,CN,1,N_pwm150_grab1
11252,3274,-7426,5302,CN,1,N_pwm150_grab1
11257,-5152,-1282,15200,CN,1,N_pwm150_grab1
11262,48,-5224,7224,CN,1,N_pwm150_grab1
11267,-4950,-5092,106,CN,1,N_pwm150_grab1
11273,-7980,-5018,13876,CN,1,N_pwm150_grab1
11278,-3166,-3640,10954,CN,1,N_pwm150_grab1
11282,-6836,-418,4868,CN,1,N_pwm150_grab1
11287,-5668,24,10424,CN,1,N_pwm150_grab1
11293,2298,2062,11902,CN,1,N_pwm150_grab1
11297,-256,1250,12236,CN,1,N_pwm150_grab1
11302,1724,7686,13806,CN,1,N_pwm150_grab1
11308,7602,3304,7004,CN,1,N_pwm150_grab1
11312,4024,1478,12442,CN,1,N_pwm150_grab1
11317,6718,7754,15408,CN,1,N_pwm150_grab1
11322,8538,-2462,7128,CN,1,N_pwm150_grab1
11327,0,1916,13596,CN,1,N_pwm150_grab1
11332,5236,-130,9960,CN,1,N_pwm150_grab1
11338,962,-7310,3996,CN,1,N_pwm150_grab1
11343,-5708,-1494,16092,CN,1,N_pwm150_grab1
11347,-2448,-2192,11646,CN,1,N_pwm150_grab1
11357,-7342,-4690,12846,CN,1,N_pwm150_grab1
11362,-2876,-3134,11690,CN,1,N_pwm150_grab1
11367,-5776,68,6352,CN,1,N_pwm150_grab1
11373,-4096,1578,10880,CN,1,N_pwm150_grab1
11378,2970,3108,10134,CN,1,N_pwm150_grab1
11382,1458,1318,12718,CN,1,N_pwm150_grab1
11388,7540,4370,13512,CN,1,N_pwm150_grab1
11392,8754,2172,7446,CN,1,N_pwm150_grab1
11397,4204,1690,12624,CN,1,N_pwm150_grab1
11403,7256,5214,14328,CN,1,N_pwm150_grab1
11410,7256,5214,14328,CN,1,N_pwm150_grab1
11413,-1326,1012,14174,CN,1,N_pwm150_grab1
11418,3488,-2742,7304,CN,1,N_pwm150_grab1
11427,-7028,-2746,11152,CN,1,N_pwm150_grab1
11432,-746,456,13482,CN,1,N_pwm150_grab1
11443,-7414,-4102,11604,CN,1,N_pwm150_grab1
11447,-1780,-1146,13000,CN,1,N_pwm150_grab1
11453,-4358,812,9944,CN,1,N_pwm150_grab1
11457,-2244,4130,11712,CN,1,N_pwm150_grab1
11463,5324,4156,8460,CN,1,N_pwm150_grab1
11467,2342,2144,12474,CN,1,N_pwm150_grab1
11472,7116,2476,11694,CN,1,N_pwm150_grab1
11479,3834,-6780,6254,CN,1,N_pwm150_grab1
11484,-4256,-582,16032,CN,1,N_pwm150_grab1
11489,952,-4752,7452,CN,1,N_pwm150_grab1
11493,-5154,-6012,464,CN,1,N_pwm150_grab1
11498,-7892,-4640,14352,CN,1,N_pwm150_grab1
11503,-3236,-4738,10520,CN,1,N_pwm150_grab1
11509,908,1440,12724,CN,1,N_pwm150_grab1
11513,1982,7840,13930,CN,1,N_pwm150_grab1
11518,8994,3160,7850,CN,1,N_pwm150_grab1
11523,-272,1360,12286,CN,1,N_pwm150_grab1
11529,874,7438,13060,CN,1,N_pwm150_grab1
11533,8170,3638,7680,CN,1,N_pwm150_grab1
11538,4782,1832,12564,CN,1,N_pwm150_grab1
11543,6812,7332,15400,CN,1,N_pwm150_grab1
11548,-710,-7566,2656,CN,1,N_pwm150_grab1
11554,-7376,-3270,16726,CN,1,N_pwm150_grab1
11559,-1548,-5588,9070,CN,1,N_pwm150_grab1
11564,746,-7700,3852,CN,1,N_pwm150_grab1
11569,-6938,-2720,16642,CN,1,N_pwm150_grab1
11574,-998,-5466,8008,CN,1,N_pwm150_grab1
11578,-7230,-3876,-920,CN,1,N_pwm150_grab1
11583,-7742,-4662,12440,CN,1,N_pwm150_grab1
11588,4800,4298,8234,CN,1,N_pwm150_grab1
11594,3000,1450,13148,CN,1,N_pwm150_grab1
11599,4214,9110,15794,CN,1,N_pwm150_grab1
11603,10384,1190,7606,CN,1,N_pwm150_grab1
11608,2404,1468,13502,CN,1,N_pwm150_grab1
11614,3684,9228,15370,CN,1,N_pwm150_grab1
11619,10096,2290,7548,CN,1,N_pwm150_grab1
11624,3876,2086,11412,CN,1,N_pwm150_grab1
11629,1814,-3982,7194,CN,1,N_pwm150_grab1
11634,-3602,-6730,976,CN,1,N_pwm150_grab1
11639,-8018,-4404,15704,CN,1,N_pwm150_grab1
11643,-2876,-5180,10072,CN,1,N_pwm150_grab1
11649,-2656,-7262,1274,CN,1,N_pwm150_grab1
11654,-7716,-3494,16410,CN,1,N_pwm150_grab1
11658,-2150,-5610,9654,CN,1,N_pwm150_grab1
11663,-7814,-2696,1296,CN,1,N_pwm150_grab1
11668,-6564,-3640,11072,CN,1,N_pwm150_grab1
11673,7184,4004,7896,CN,1,N_pwm150_grab1
11679,4676,1770,13104,CN,1,N_pwm150_grab1
11684,6126,8414,15770,CN,1,N_pwm150_grab1
11688,10538,-1424,7554,CN,1,N_pwm150_grab1
11694,4330,1898,13334,CN,1,N_pwm150_grab1
11699,5526,8320,16218,CN,1,N_pwm150_grab1
11704,10864,-1028,7500,CN,1,N_pwm150_grab1
11709,2366,2480,12334,CN,1,N_pwm150_grab1
11714,-250,-5382,7234,CN,1,N_pwm150_grab1
11719,-7026,-4804,-1506,CN,1,N_pwm150_grab1
11724,-8096,-5232,13588,CN,1,N_pwm150_grab1
11728,-3346,-3028,12664,CN,1,N_pwm150_grab1
11734,-6354,168,7036,CN,1,N_pwm150_grab1
11740,-4080,2364,10630,CN,1,N_pwm150_grab1
11745,3164,3546,9984,CN,1,N_pwm150_grab1
11749,1656,1368,13842,CN,1,N_pwm150_grab1
11755,7724,4350,13590,CN,1,N_pwm150_grab1
11759,6806,-5972,7844,CN,1,N_pwm150_grab1
11764,-2360,246,14760,CN,1,N_pwm150_grab1
11769,2582,-3396,7024,CN,1,N_pwm150_grab1
11776,-2720,-7218,1620,CN,1,N_pwm150_grab1
11780,-1582,834,14406,CN,1,N_pwm150_grab1
11784,3522,-2432,7820,CN,1,N_pwm150_grab1
11790,-1656,-7532,2338,CN,1,N_pwm150_grab1
11794,-6790,-3418,10868,CN,1,N_pwm150_grab1
11799,-872,-224,12316,CN,1,N_pwm150_grab1
11804,-2894,1074,10876,CN,1,N_pwm150_grab1
11810,-1116,5118,11568,CN,1,N_pwm150_grab1
11814,6408,4186,7964,CN,1,N_pwm150_grab1
11819,-3732,774,9716,CN,1,N_pwm150_grab1
11825,-2094,4144,11064,CN,1,N_pwm150_grab1
11829,5432,4156,8200,CN,1,N_pwm150_grab1
11834,2198,2574,11950,CN,1,N_pwm150_grab1
11840,6824,2218,11198,CN,1,N_pwm150_grab1
11844,3560,-7102,6444,CN,1,N_pwm150_grab1
11850,-5404,-970,15666,CN,1,N_pwm150_grab1
11854,826,-4852,6858,CN,1,N_pwm150_grab1
11859,-5834,-6004,-818,CN,1,N_pwm150_grab1
11864,-4550,-512,14872,CN,1,N_pwm150_grab1
11869,1526,-4370,6386,CN,1,N_pwm150_grab1
11874,-7298,-552,4624,CN,1,N_pwm150_grab1
11880,-5110,806,10542,CN,1,N_pwm150_grab1
11885,1572,2672,11882,CN,1,N_pwm150_grab1
11890,-248,1140,12888,CN,1,N_pwm150_grab1
11894,1428,8618,14180,CN,1,N_pwm150_grab1
11899,8190,3810,6956,CN,1,N_pwm150_grab1
11905,-1732,1026,12278,CN,1,N_pwm150_grab1
11910,750,7774,13402,CN,1,N_pwm150_grab1
11914,9152,-3554,7188,CN,1,N_pwm150_grab1
11920,784,1826,13128,CN,1,N_pwm150_grab1
11925,5384,-684,9036,CN,1,N_pwm150_grab1
11929,1126,-7894,4692,CN,1,N_pwm150_grab1
11934,-6372,-1988,16376,CN,1,N_pwm150_grab1
11939,-422,-5582,7424,CN,1,N_pwm150_grab1
11945,-6590,-4620,-604,CN,1,N_pwm150_grab1
11949,-5332,-1222,16048,CN,1,N_pwm150_grab1
11954,-3528,-3568,11414,CN,1,N_pwm150_grab1
11959,-5890,10,6326,CN,1,N_pwm150_grab1
11965,-4470,1084,9852,CN,1,N_pwm150_grab1
11969,3398,2892,9930,CN,1,N_pwm150_grab1
11975,1632,1548,13920,CN,1,N_pwm150_grab1
11980,2806,8064,14580,CN,1,N_pwm150_grab1
11984,9746,3122,7968,CN,1,N_pwm150_grab1
11990,4334,1934,11880,CN,1,N_pwm150_grab1
11995,2994,-2586,8220,CN,1,N_pwm150_grab1
12001,-3096,-7364,1408,CN,1,N_pwm150_grab1
12005,-7688,-3556,16614,CN,1,N_pwm150_grab1
12010,-2114,-5618,10018,CN,1,N_pwm150_grab1
12015,-8074,-2644,1114,CN,1,N_pwm150_grab1
12021,-6382,-3230,11258,CN,1,N_pwm150_grab1
12025,-986,-112,12702,CN,1,N_pwm150_grab1
12032,-2986,980,10654,CN,1,N_pwm150_grab1
12035,-886,5928,12024,CN,1,N_pwm150_grab1
12041,6244,4394,7626,CN,1,N_pwm150_grab1
12046,4102,1624,12958,CN,1,N_pwm150_grab1
12051,5456,8544,16176,CN,1,N_pwm150_grab1
12056,10694,-806,7428,CN,1,N_pwm150_grab1
12060,2650,2414,12300,CN,1,N_pwm150_grab1
12065,6568,1238,10944,CN,1,N_pwm150_grab1
12071,3954,-7638,6454,CN,1,N_pwm150_grab1
12075,-4986,-1036,15542,CN,1,N_pwm150_grab1
12080,772,-5028,6454,CN,1,N_pwm150_grab1
12085,-5338,-5598,-392,CN,1,N_pwm150_grab1
12090,-8513,-1,-1,CN,1,N_pwm150_grab1
12096,-3826,-4610,10774,CN,1,N_pwm150_grab1
12100,-7186,-862,3888,CN,1,N_pwm150_grab1
12106,-5916,-460,9764,CN,1,N_pwm150_grab1
12110,1646,1900,11324,CN,1,N_pwm150_grab1
12115,4432,1922,11338,CN,1,N_pwm150_grab1
12121,1586,7578,13948,CN,1,N_pwm150_grab1
12125,8708,3848,7476,CN,1,N_pwm150_grab1
12131,4626,1836,12056,CN,1,N_pwm150_grab1
12135,7042,7916,15428,CN,1,N_pwm150_grab1
12140,9310,-2756,7436,CN,1,N_pwm150_grab1
12145,-182,1976,13146,CN,1,N_pwm150_grab1
12150,5338,2,9648,CN,1,N_pwm150_grab1
12155,-7806,-4076,-10,CN,1,N_pwm150_grab1
12161,-6628,-1650,16872,CN,1,N_pwm150_grab1
12165,-284,-5596,8336,CN,1,N_pwm150_grab1
12171,-7500,-4880,-530,CN,1,N_pwm150_grab1
12175,-7488,-4814,13044,CN,1,N_pwm150_grab1
12180,-2880,-3442,11792,CN,1,N_pwm150_grab1
12185,-5640,-66,7042,CN,1,N_pwm150_grab1
12191,-3262,2272,10488,CN,1,N_pwm150_grab1
12196,10948,1646,7752,CN,1,N_pwm150_grab1
12200,3946,2664,7752,CN,1,N_pwm150_grab1
12211,10316,2300,7556,CN,1,N_pwm150_grab1
12215,4388,2224,11522,CN,1,N_pwm150_grab1
12221,7414,3950,13522,CN,1,N_pwm150_grab1
12225,7166,-6010,7592,CN,1,N_pwm150_grab1
12230,-2136,636,14210,CN,1,N_pwm150_grab1
12235,-3088,-5324,10130,CN,1,N_pwm150_grab1
12241,-7926,-1768,1288,CN,1,N_pwm150_grab1
12246,-6748,-2648,10522,CN,1,N_pwm150_grab1
12252,-370,334,12728,CN,1,N_pwm150_grab1
12257,-2386,1130,11942,CN,1,N_pwm150_grab1
12266,6728,4204,7494,CN,1,N_pwm150_grab1
12272,4214,1724,12944,CN,1,N_pwm150_grab1
12276,5962,320,10076,CN,1,N_pwm150_grab1
12281,1388,-7724,5072,CN,1,N_pwm150_grab1
12288,-5968,-1658,16474,CN,1,N_pwm150_grab1
12291,6780,1728,11146,CN,1,N_pwm150_grab1
12296,2666,-7330,6050,CN,1,N_pwm150_grab1
12301,-5136,-750,16262,CN,1,N_pwm150_grab1
12307,646,-4902,7580,CN,1,N_pwm150_grab1
12311,-6188,-6108,-250,CN,1,N_pwm150_grab1
12316,-4490,-10,9802,CN,1,N_pwm150_grab1
12321,2660,2430,9488,CN,1,N_pwm150_grab1
12327,1644,1614,13604,CN,1,N_pwm150_grab1
12331,-4982,-624,9926,CN,1,N_pwm150_grab1
12337,1398,2010,9984,CN,1,N_pwm150_grab1
12341,612,1376,13232,CN,1,N_pwm150_grab1
12346,1674,8268,14070,CN,1,N_pwm150_grab1
12351,9202,3608,7552,CN,1,N_pwm150_grab1
12357,4848,1988,12144,CN,1,N_pwm150_grab1
12361,3864,-2718,7110,CN,1,N_pwm150_grab1
12366,-1894,-7342,2096,CN,1,N_pwm150_grab1
12372,-8088,-3526,16890,CN,1,N_pwm150_grab1
12376,4694,-1514,8232,CN,1,N_pwm150_grab1
12381,-420,-7642,3356,CN,1,N_pwm150_grab1
12387,-7732,-2550,16772,CN,1,N_pwm150_grab1
12391,-1134,-5812,8144,CN,1,N_pwm150_grab1
12396,-7766,-3832,-908,CN,1,N_pwm150_grab1
12402,-1408,4604,11802,CN,1,N_pwm150_grab1
12407,5282,4236,8034,CN,1,N_pwm150_grab1
12412,3452,1864,13530,CN,1,N_pwm150_grab1
12416,-2810,3290,11116,CN,1,N_pwm150_grab1
12422,4692,3944,8766,CN,1,N_pwm150_grab1
12426,3014,1874,13964,CN,1,N_pwm150_grab1
12431,4516,9280,15874,CN,1,N_pwm150_grab1
12437,10898,2094,7558,CN,1,N_pwm150_grab1
12442,-3930,-118,15850,CN,1,N_pwm150_grab1
12446,1514,-4418,7436,CN,1,N_pwm150_grab1
12451,-5384,-6696,228,CN,1,N_pwm150_grab1
12456,-8412,-4314,15236,CN,1,N_pwm150_grab1
12461,2152,-3560,7998,CN,1,N_pwm150_grab1
12467,-4494,-7250,552,CN,1,N_pwm150_grab1
12471,-8228,-3712,15898,CN,1,N_pwm150_grab1
12476,-2892,-5802,10024,CN,1,N_pwm150_grab1
12481,-404,1380,12472,CN,1,N_pwm150_grab1
12486,738,6926,12872,CN,1,N_pwm150_grab1
12492,8556,4002,7792,CN,1,N_pwm150_grab1
12497,4992,1908,12792,CN,1,N_pwm150_grab1
12503,6816,7738,15312,CN,1,N_pwm150_grab1
12507,10086,-2750,7764,CN,1,N_pwm150_grab1
12512,468,2044,13072,CN,1,N_pwm150_grab1
12517,5400,-454,9102,CN,1,N_pwm150_grab1
12528,-7638,-4658,12058,CN,1,N_pwm150_grab1
12533,-2418,-1440,13336,CN,1,N_pwm150_grab1
12537,-4802,580,9348,CN,1,N_pwm150_grab1
12542,-2110,3968,11478,CN,1,N_pwm150_grab1
12548,-2900,-2676,12718,CN,1,N_pwm150_grab1
12553,-5668,248,8116,CN,1,N_pwm150_grab1
12558,-3484,2600,10832,CN,1,N_pwm150_grab1
12562,10940,1812,7586,CN,1,N_pwm150_grab1
12567,3518,2334,11166,CN,1,N_pwm150_grab1
12573,7476,4106,12964,CN,1,N_pwm150_grab1
12578,5736,-6354,7660,CN,1,N_pwm150_grab1
12583,-3344,320,15476,CN,1,N_pwm150_grab1
12587,7560,5500,13824,CN,1,N_pwm150_grab1
12593,6674,-5188,8108,CN,1,N_pwm150_grab1
12597,-2768,790,15194,CN,1,N_pwm150_grab1
12603,-3326,-5786,10010,CN,1,N_pwm150_grab1
12613,-6360,-2758,10032,CN,1,N_pwm150_grab1
12618,-226,396,10802,CN,1,N_pwm150_grab1
12622,-1230,1248,11878,CN,1,N_pwm150_grab1
12627,100,5826,12274,CN,1,N_pwm150_grab1
12633,-1228,-568,11100,CN,1,N_pwm150_grab1
12637,-2278,950,10982,CN,1,N_pwm150_grab1
12642,6310,8520,15498,CN,1,N_pwm150_grab1
12648,10594,-1504,7730,CN,1,N_pwm150_grab1
12653,1040,2466,12962,CN,1,N_pwm150_grab1
12657,5970,654,10004,CN,1,N_pwm150_grab1
12662,1706,-7448,4956,CN,2,N_pwm150_grab1
12667,-6620,-1796,16350,CN,2,N_pwm150_grab1
12672,6450,1126,10752,CN,2,N_pwm150_grab1
12678,3314,-7410,6060,CN,2,N_pwm150_grab1
12682,-8156,-5282,13038,CN,2,N_pwm150_grab1
12687,-3142,-3170,12698,CN,2,N_pwm150_grab1
12692,-6312,18,7108,CN,2,N_pwm150_grab1
12697,-4254,1654,10622,CN,2,N_pwm150_grab1
12703,2988,3482,9880,CN,2,N_pwm150_grab1
12707,1820,1516,13920,CN,2,N_pwm150_grab1
12712,3118,8884,15100,CN,2,N_pwm150_grab1
12717,2138,2528,10508,CN,2,N_pwm150_grab1
12723,4368,1938,11212,CN,2,N_pwm150_grab1
12728,7728,6432,14122,CN,2,N_pwm150_grab1
12733,7644,-4322,8254,CN,2,N_pwm150_grab1
12737,-1732,1252,14892,CN,2,N_pwm150_grab1
12743,3844,-1980,8732,CN,2,N_pwm150_grab1
12748,-2014,-7638,2210,CN,2,N_pwm150_grab1
12752,-7632,-2802,16432,CN,2,N_pwm150_grab1
12758,-1828,-6094,9372,CN,2,N_pwm150_grab1
12763,-2702,912,10940,CN,2,N_pwm150_grab1
12769,-1032,4530,11658,CN,2,N_pwm150_grab1
12774,6450,3870,8200,CN,2,N_pwm150_grab1
12778,4434,1872,13172,CN,2,N_pwm150_grab1
12784,5678,8918,15642,CN,2,N_pwm150_grab1
12788,10998,-94,7664,CN,2,N_pwm150_grab1
12793,1794,2546,12692,CN,2,N_pwm150_grab1
12798,6636,2426,11396,CN,2,N_pwm150_grab1
12803,3544,-6690,5936,CN,2,N_pwm150_grab1
12809,-5464,-546,16166,CN,2,N_pwm150_grab1
12813,890,-5038,7370,CN,2,N_pwm150_grab1
12818,-6540,-5944,-870,CN,2,N_pwm150_grab1
12823,-8102,-5040,13774,CN,2,N_pwm150_grab1
12828,-3272,-4462,11736,CN,2,N_pwm150_grab1
12834,-7232,-810,5272,CN,2,N_pwm150_grab1
12838,-5224,466,10472,CN,2,N_pwm150_grab1
12844,1624,2796,10764,CN,2,N_pwm150_grab1
12848,758,1276,13512,CN,2,N_pwm150_grab1
12853,2116,8646,14588,CN,2,N_pwm150_grab1
12858,9560,4032,7034,CN,2,N_pwm150_grab1
12863,4666,1822,11312,CN,2,N_pwm150_grab1
12868,7680,7024,14750,CN,2,N_pwm150_grab1
12873,8892,-3752,8020,CN,2,N_pwm150_grab1
12878,-372,1540,13910,CN,2,N_pwm150_grab1
12883,-2098,-5836,8914,CN,2,N_pwm150_grab1
12889,-786,-7880,3326,CN,2,N_pwm150_grab1
12893,-7406,-2276,16714,CN,2,N_pwm150_grab1
12898,-1094,-6010,8484,CN,2,N_pwm150_grab1
12904,-7992,-4398,-564,CN,2,N_pwm150_grab1
12908,-7690,-4784,12338,CN,2,N_pwm150_grab1
12913,-2906,-2828,11282,CN,2,N_pwm150_grab1
12918,-4674,198,8294,CN,2,N_pwm150_grab1
12923,5252,9036,15642,CN,2,N_pwm150_grab1
12929,4570,3430,8626,CN,2,N_pwm150_grab1
12934,3380,2080,14038,CN,2,N_pwm150_grab1
12938,4304,8678,15612,CN,2,N_pwm150_grab1
12943,11256,2322,8150,CN,2,N_pwm150_grab1
12948,3532,2616,11856,CN,2,N_pwm150_grab1
12954,7296,4624,12984,CN,2,N_pwm150_grab1
12958,6326,-5788,7932,CN,2,N_pwm150_grab1
12964,-8300,-4666,15134,CN,2,N_pwm150_grab1
12969,-3318,-5272,11274,CN,2,N_pwm150_grab1
12973,-4638,-6906,128,CN,2,N_pwm150_grab1
12979,-8512,-4524,15914,CN,2,N_pwm150_grab1
12983,-3226,-5610,10932,CN,2,N_pwm150_grab1
12989,-8168,-1912,2122,CN,2,N_pwm150_grab1
12993,-6616,-1806,10438,CN,2,N_pwm150_grab1
12999,-70,1034,12224,CN,2,N_pwm150_grab1
13004,-1448,1166,12284,CN,2,N_pwm150_grab1
13009,7278,7736,15202,CN,2,N_pwm150_grab1
13014,9738,-2938,7930,CN,2,N_pwm150_grab1
13019,554,1932,13332,CN,2,N_pwm150_grab1
13024,5520,-34,9646,CN,2,N_pwm150_grab1
13029,502,-7788,4428,CN,2,N_pwm150_grab1
13035,-6932,-1836,16516,CN,2,N_pwm150_grab1
13039,-456,-5874,7904,CN,2,N_pwm150_grab1
13045,-7676,-4988,-994,CN,2,N_pwm150_grab1
13050,-2682,2548,10674,CN,2,N_pwm150_grab1
13056,4844,3802,8810,CN,2,N_pwm150_grab1
13059,-5562,-112,7272,CN,2,N_pwm150_grab1
13065,-3878,1060,9966,CN,2,N_pwm150_grab1
13070,3810,3110,9226,CN,2,N_pwm150_grab1
13075,2684,2020,14162,CN,2,N_pwm150_grab1
13080,3792,8138,14802,CN,2,N_pwm150_grab1
13085,10838,3260,8364,CN,2,N_pwm150_grab1
13089,-3840,578,15388,CN,2,N_pwm150_grab1
13095,2290,-3312,8084,CN,2,N_pwm150_grab1
13099,7376,-4730,8034,CN,2,N_pwm150_grab1
13105,-2994,790,14620,CN,2,N_pwm150_grab1
13109,3068,-2812,7676,CN,2,N_pwm150_grab1
13114,-3792,-7262,872,CN,2,N_pwm150_grab1
13125,-2964,-5630,10572,CN,2,N_pwm150_grab1
13130,-1068,1226,12418,CN,2,N_pwm150_grab1
13135,684,7702,13274,CN,2,N_pwm150_grab1
13139,8514,4506,7402,CN,2,N_pwm150_grab1
13144,-2150,1148,11676,CN,2,N_pwm150_grab1
13150,116,6358,12458,CN,2,N_pwm150_grab1
13154,7282,4466,7336,CN,2,N_pwm150_grab1
13159,4408,1830,13180,CN,2,N_pwm150_grab1
13167,4408,1830,13180,CN,2,N_pwm150_grab1
13170,1108,-7838,5094,CN,2,N_pwm150_grab1
13175,-6740,-1782,16100,CN,2,N_pwm150_grab1
13179,-118,-5678,7396,CN,2,N_pwm150_grab1
13185,2128,-7588,5996,CN,2,N_pwm150_grab1
13189,-5810,-1186,16026,CN,2,N_pwm150_grab1
13194,434,-5388,7194,CN,2,N_pwm150_grab1
13200,-6988,-6068,-662,CN,2,N_pwm150_grab1
13204,-8626,-4712,14156,CN,2,N_pwm150_grab1
13210,3842,3204,9282,CN,2,N_pwm150_grab1
13215,2568,2050,14336,CN,2,N_pwm150_grab1
13220,3938,8336,15170,CN,2,N_pwm150_grab1
13225,11166,3356,8216,CN,2,N_pwm150_grab1
13229,1848,1956,13818,CN,2,N_pwm150_grab1
13234,3136,7600,14466,CN,2,N_pwm150_grab1
13239,10706,3786,8290,CN,2,N_pwm150_grab1
13244,4716,2444,12032,CN,2,N_pwm150_grab1
13249,3080,-2588,8150,CN,2,N_pwm150_grab1
13254,-3818,-7346,746,CN,2,N_pwm150_grab1
13259,-8190,-3840,16366,CN,2,N_pwm150_grab1
13264,-2716,-5776,10578,CN,2,N_pwm150_grab1
13271,-8398,-2550,1264,CN,2,N_pwm150_grab1
13275,-6782,-2770,10772,CN,2,N_pwm150_grab1
13280,-792,242,12280,CN,2,N_pwm150_grab1
13286,-2382,1048,11582,CN,2,N_pwm150_grab1
13290,6758,8384,15294,CN,2,N_pwm150_grab1
13295,10374,-2082,7934,CN,2,N_pwm150_grab1
13301,1226,2274,13142,CN,2,N_pwm150_grab1
13305,5862,626,10296,CN,2,N_pwm150_grab1
13310,1416,-7644,4984,CN,2,N_pwm150_grab1
13315,12302,-9466,9728,CN,2,N_pwm150_grab1
13321,6368,1544,11036,CN,2,N_pwm150_grab1
13325,2582,-7320,5828,CN,2,N_pwm150_grab1
13331,-8250,-5164,12986,CN,2,N_pwm150_grab1
13336,-3286,-3752,11364,CN,2,N_pwm150_grab1
13340,-6000,-280,6888,CN,2,N_pwm150_grab1
13345,-4374,1082,9966,CN,2,N_pwm150_grab1
13350,3738,3118,9270,CN,2,N_pwm150_grab1
13356,-6422,-822,5454,CN,2,N_pwm150_grab1
13360,-5106,-788,9706,CN,2,N_pwm150_grab1
13366,2570,2176,9374,CN,2,N_pwm150_grab1
13370,4038,2298,11704,CN,2,N_pwm150_grab1
13376,7274,6788,13708,CN,2,N_pwm150_grab1
13380,7466,-4046,8302,CN,2,N_pwm150_grab1
13385,-2852,1102,15098,CN,2,N_pwm150_grab1
13390,3224,-2492,8312,CN,2,N_pwm150_grab1
13395,-3538,-7378,930,CN,2,N_pwm150_grab1
13400,-2020,1326,14318,CN,2,N_pwm150_grab1
13406,4006,-2028,7988,CN,2,N_pwm150_grab1
13410,-8356,-2818,1200,CN,2,N_pwm150_grab1
13415,-6870,-2944,10814,CN,2,N_pwm150_grab1
13420,-1020,168,12340,CN,2,N_pwm150_grab1
13425,-2522,936,11394,CN,2,N_pwm150_grab1
13430,-464,6310,12424,CN,2,N_pwm150_grab1
13435,7230,4408,7314,CN,2,N_pwm150_grab1
13441,-3472,748,10566,CN,2,N_pwm150_grab1
13446,-962,4834,12076,CN,2,N_pwm150_grab1
13451,10878,-710,7818,CN,2,N_pwm150_grab1
13455,1872,2408,12682,CN,2,N_pwm150_grab1
13461,6440,1644,10938,CN,2,N_pwm150_grab1
13466,2518,-7382,5874,CN,2,N_pwm150_grab1
13470,-5802,-1056,16252,CN,2,N_pwm150_grab1
13475,530,-5400,7172,CN,2,N_pwm150_grab1
13485,-4800,-346,16270,CN,2,N_pwm150_grab1
13490,1108,-4806,7380,CN,2,N_pwm150_grab1
13496,-6440,-960,5344,CN,2,N_pwm150_grab1
13500,-5170,-880,9622,CN,2,N_pwm150_grab1
13506,2634,2126,9282,CN,2,N_pwm150_grab1
13511,1856,1956,13670,CN,2,N_pwm150_grab1
13516,2966,7616,14430,CN,2,N_pwm150_grab1
13521,10446,3696,8276,CN,2,N_pwm150_grab1
13527,4520,2440,12208,CN,2,N_pwm150_grab1
13532,3026,-2794,8426,CN,2,N_pwm150_grab1
13536,-3998,-7414,662,CN,2,N_pwm150_grab1
13542,-8140,-3632,15818,CN,2,N_pwm150_grab1
13546,-2860,-6050,10504,CN,2,N_pwm150_grab1
13552,-8402,-3022,1494,CN,2,N_pwm150_grab1
13557,-6844,-2842,10682,CN,2,N_pwm150_grab1
13561,-716,538,11660,CN,2,N_pwm150_grab1
13568,-1766,1010,11742,CN,2,N_pwm150_grab1
13571,-7550,-3450,10932,CN,2,N_pwm150_grab1
13576,8022,4440,7484,CN,2,N_pwm150_grab1
13581,4634,1722,12250,CN,2,N_pwm150_grab1
13587,6908,8946,15504,CN,2,N_pwm150_grab1
13591,10660,-1250,8006,CN,2,N_pwm150_grab1
13596,1266,2388,13580,CN,2,N_pwm150_grab1
13601,6140,964,10446,CN,2,N_pwm150_grab1
13606,1734,-7404,4672,CN,2,N_pwm150_grab1
13611,1810,2386,13048,CN,2,N_pwm150_grab1
13617,126,-5800,7916,CN,2,N_pwm150_grab1
13621,-7718,-5646,-638,CN,2,N_pwm150_grab1
13626,-8588,-4978,12706,CN,2,N_pwm150_grab1
13631,-3356,-4114,10594,CN,2,N_pwm150_grab1
13636,-5868,-682,6602,CN,2,N_pwm150_grab1
13642,-4526,170,10082,CN,2,N_pwm150_grab1
13646,3530,2760,8914,CN,2,N_pwm150_grab1
13651,2926,2244,13528,CN,2,N_pwm150_grab1
13657,4242,8618,15232,CN,2,N_pwm150_grab1
13661,11564,3016,8332,CN,2,N_pwm150_grab1
13666,3698,2976,13022,CN,2,N_pwm150_grab1
13671,7546,5214,12998,CN,2,N_pwm150_grab1
13676,6844,-5188,7656,CN,2,N_pwm150_grab1
13681,-3490,474,15464,CN,2,N_pwm150_grab1
13686,2334,-4050,7280,CN,2,N_pwm150_grab1
13691,-5234,-6744,-32,CN,2,N_pwm150_grab1
13697,-8732,-4974,14468,CN,2,N_pwm150_grab1
13702,-3426,-5664,11054,CN,2,N_pwm150_grab1
13706,-8150,-2026,2594,CN,2,N_pwm150_grab1
13711,-6890,-2444,10408,CN,2,N_pwm150_grab1
13716,250,998,11050,CN,2,N_pwm150_grab1
13722,-362,1288,12274,CN,2,N_pwm150_grab1
13727,1310,7524,13456,CN,2,N_pwm150_grab1
13732,9068,4368,7540,CN,2,N_pwm150_grab1
13736,-492,1758,14578,CN,2,N_pwm150_grab1
13742,7616,8740,14874,CN,2,N_pwm150_grab1
13746,9826,-1758,8270,CN,2,N_pwm150_grab1
13751,14,2002,14020,CN,2,N_pwm150_grab1
13757,5394,222,10242,CN,2,N_pwm150_grab1
13762,-170,-7600,3418,CN,2,N_pwm150_grab1
13767,-6788,-1492,16420,CN,2,N_pwm150_grab1
13771,-660,-5980,8992,CN,2,N_pwm150_grab1
13776,-3972,80,8994,CN,2,N_pwm150_grab1
13782,-2374,2570,11136,CN,2,N_pwm150_grab1
13787,5532,3646,8126,CN,2,N_pwm150_grab1
13792,4166,2328,13554,CN,2,N_pwm150_grab1
13797,5448,9334,16256,CN,2,N_pwm150_grab1
13802,11690,672,7898,CN,2,N_pwm150_grab1
13807,2442,2938,12800,CN,2,N_pwm150_grab1
13812,6972,2350,11042,CN,2,N_pwm150_grab1
13824,-8442,-5472,12890,CN,2,N_pwm150_grab1
13827,1044,-5232,7126,CN,2,N_pwm150_grab1
13837,-8838,-4982,13670,CN,2,N_pwm150_grab1
13842,-3358,-5118,11574,CN,2,N_pwm150_grab1
13847,-7110,-1210,5140,CN,2,N_pwm150_grab1
13852,-5314,-352,10000,CN,2,N_pwm150_grab1
13858,10958,3748,7704,CN,2,N_pwm150_grab1
13862,4466,2382,11636,CN,2,N_pwm150_grab1
13867,3234,8900,14850,CN,2,N_pwm150_grab1
13872,10670,4164,7706,CN,2,N_pwm150_grab1
13877,4528,2018,11438,CN,2,N_pwm150_grab1
13882,7640,7416,14238,CN,2,N_pwm150_grab1
13887,8046,-3732,8684,CN,2,N_pwm150_grab1
13893,-1956,1354,14822,CN,2,N_pwm150_grab1
13898,-2598,-6400,9408,CN,2,N_pwm150_grab1
13907,-6944,-3716,10220,CN,2,N_pwm150_grab1
13913,-2422,-6234,9666,CN,2,N_pwm150_grab1
13917,-8492,-3748,538,CN,2,N_pwm150_grab1
13922,-7148,-3658,10852,CN,2,N_pwm150_grab1
13928,-1568,-686,11414,CN,2,N_pwm150_grab1
13933,-2264,892,11192,CN,2,N_pwm150_grab1
13938,6734,8438,15536,CN,2,N_pwm150_grab1
13943,10872,-1716,7958,CN,2,N_pwm150_grab1
13948,824,2400,12928,CN,2,N_pwm150_grab1
13952,6190,8840,15910,CN,2,N_pwm150_grab1
13957,11202,-982,7838,CN,2,N_pwm150_grab1
13962,1714,2500,12762,CN,2,N_pwm150_grab1
13967,6430,1538,10630,CN,2,N_pwm150_grab1
13972,2188,-7330,5554,CN,2,N_pwm150_grab1
13977,-8352,-5416,12414,CN,2,N_pwm150_grab1
13982,-3046,-3524,12294,CN,2,N_pwm150_grab1
13988,-5724,-150,7932,CN,2,N_pwm150_grab1
13992,-3462,1732,10790,CN,2,N_pwm150_grab1
13997,-3342,-4314,11538,CN,2,N_pwm150_grab1
14002,-6198,-572,6252,CN,2,N_pwm150_grab1
14008,-4512,-16,9870,CN,2,N_pwm150_grab1
14013,3088,2616,9164,CN,2,N_pwm150_grab1
14017,3828,2172,11456,CN,2,N_pwm150_grab1
14022,7282,6160,13452,CN,2,N_pwm150_grab1
14028,6340,-4766,8340,CN,2,N_pwm150_grab1
14032,-3344,696,15578,CN,2,N_pwm150_grab1
14039,2280,-3384,8324,CN,2,N_pwm150_grab1
14043,-5121,-1,-1,CN,2,N_pwm150_grab1
14048,-8546,-3924,15730,CN,2,N_pwm150_grab1
14054,-3016,-5870,10300,CN,2,N_pwm150_grab1
14058,206,1496,12996,CN,2,N_pwm150_grab1
14064,1590,7124,13350,CN,2,N_pwm150_grab1
14068,9812,4172,8170,CN,2,N_pwm150_grab1
14074,5280,2030,12840,CN,2,N_pwm150_grab1
14080,7190,8012,14644,CN,2,N_pwm150_grab1
14084,9108,4578,7804,CN,2,N_pwm150_grab1
14089,5146,2054,13100,CN,2,N_pwm150_grab1
14094,7006,7952,15044,CN,2,N_pwm150_grab1
14098,-1536,-7792,3102,CN,2,N_pwm150_grab1
14103,-8240,-3124,16626,CN,2,N_pwm150_grab1
14108,-1858,-5940,8588,CN,2,N_pwm150_grab1
14119,-8334,-4762,12236,CN,2,N_pwm150_grab1
14124,-1126,-5718,7984,CN,2,N_pwm150_grab1
14133,-8492,-5222,13224,CN,2,N_pwm150_grab1
14139,5394,3920,7982,CN,2,N_pwm150_grab1
14143,3700,2426,14664,CN,2,N_pwm150_grab1
14148,5622,9170,15376,CN,2,N_pwm150_grab1
14154,11528,2192,7862,CN,2,N_pwm150_grab1
14159,3076,2616,11808,CN,2,N_pwm150_grab1
14164,6962,4192,12776,CN,2,N_pwm150_grab1
14168,11534,2696,8042,CN,2,N_pwm150_grab1
14174,3400,2562,11938,CN,2,N_pwm150_grab1
14179,7178,4900,12970,CN,2,N_pwm150_grab1
14184,-6516,-7108,220,CN,2,N_pwm150_grab1
14188,-9108,-4330,14968,CN,2,N_pwm150_grab1
14194,-3206,-5684,10160,CN,2,N_pwm150_grab1
14198,-7366,-1824,2846,CN,2,N_pwm150_grab1
14204,-5736,-1672,10688,CN,2,N_pwm150_grab1
14209,-3252,-6032,10306,CN,2,N_pwm150_grab1
14213,-7936,-2312,2106,CN,2,N_pwm150_grab1
14219,-6210,-1630,11156,CN,2,N_pwm150_grab1
14224,10084,4284,7694,CN,2,N_pwm150_grab1
14228,4742,1980,7694,CN,2,N_pwm150_grab1
14234,7390,6700,14320,CN,2,N_pwm150_grab1
14238,9270,-3420,8580,CN,2,N_pwm150_grab1
14244,-274,1846,12926,CN,2,N_pwm150_grab1
14248,4528,-1206,8894,CN,2,N_pwm150_grab1
14253,9996,-2102,8646,CN,2,N_pwm150_grab1
14258,666,2176,12762,CN,2,N_pwm150_grab1
14264,-1754,-5940,8324,CN,2,N_pwm150_grab1
14274,-8312,-4958,12680,CN,2,N_pwm150_grab1
14279,-2298,-2796,11484,CN,2,N_pwm150_grab1
14284,-4152,614,9376,CN,2,N_pwm150_grab1
14289,-1628,2858,11108,CN,2,N_pwm150_grab1
14295,5552,3726,8194,CN,2,N_pwm150_grab1
14299,3856,2474,14682,CN,2,N_pwm150_grab1
14304,6606,3664,12252,CN,2,N_pwm150_grab1
14309,3122,-6606,6498,CN,2,N_pwm150_grab1
14314,-5298,-416,15808,CN,2,N_pwm150_grab1
14319,990,-4488,8228,CN,2,N_pwm150_grab1
14324,-7170,-6628,-454,CN,2,N_pwm150_grab1
14329,-8692,-5278,14314,CN,2,N_pwm150_grab1
14334,-3420,-4784,11126,CN,2,N_pwm150_grab1
14340,-6382,-6770,-762,CN,2,N_pwm150_grab1
14344,-4678,674,9950,CN,2,N_pwm150_grab1
14349,2068,2584,9252,CN,2,N_pwm150_grab1
14354,1534,1552,13916,CN,2,N_pwm150_grab1
14359,2978,8750,14674,CN,2,N_pwm150_grab1
14365,10684,3790,7886,CN,2,N_pwm150_grab1
14369,4872,2144,11944,CN,2,N_pwm150_grab1
14374,7362,6404,14320,CN,2,N_pwm150_grab1
14379,9992,4366,7748,CN,2,N_pwm150_grab1
14384,-1578,1296,14220,CN,2,N_pwm150_grab1
14389,3662,-2532,7788,CN,2,N_pwm150_grab1
14394,-2426,-7620,2000,CN,2,N_pwm150_grab1
14399,-8370,-3180,16760,CN,2,N_pwm150_grab1
14404,-2614,-6166,9150,CN,2,N_pwm150_grab1
14409,-8196,-3452,2,CN,2,N_pwm150_grab1
14414,-7470,-4496,11116,CN,2,N_pwm150_grab1
14420,-1468,-1824,11276,CN,2,N_pwm150_grab1
14425,-3152,642,10768,CN,2,N_pwm150_grab1
14430,-1114,3390,11686,CN,2,N_pwm150_grab1
14435,6362,3710,7918,CN,2,N_pwm150_grab1
14439,4358,2420,13354,CN,2,N_pwm150_grab1
14444,6192,9454,16052,CN,2,N_pwm150_grab1
14449,11202,218,7776,CN,2,N_pwm150_grab1
14455,1734,2592,12494,CN,2,N_pwm150_grab1
14460,6710,2456,11066,CN,2,N_pwm150_grab1
14465,2982,-6660,5834,CN,2,N_pwm150_grab1
14469,-5398,-154,16568,CN,2,N_pwm150_grab1
14474,1044,-4816,8302,CN,2,N_pwm150_grab1
14480,-7324,-6326,-862,CN,2,N_pwm150_grab1
14484,-8418,-5128,13142,CN,2,N_pwm150_grab1
14490,-3342,-5056,11296,CN,2,N_pwm150_grab1
14494,-6968,-1292,5394,CN,2,N_pwm150_grab1
14500,-4782,668,10580,CN,2,N_pwm150_grab1
14505,11292,2902,7582,CN,2,N_pwm150_grab1
14509,1792,1510,13674,CN,2,N_pwm150_grab1
14515,3198,9374,15494,CN,2,N_pwm150_grab1
14520,10774,3470,7480,CN,2,N_pwm150_grab1
14527,10774,3470,7480,CN,2,N_pwm150_grab1
14530,7698,5822,13882,CN,2,N_pwm150_grab1
14535,7824,-4706,8898,CN,2,N_pwm150_grab1
14539,-1764,1490,14762,CN,2,N_pwm150_grab1
14544,-2962,-6416,9266,CN,2,N_pwm150_grab1
14550,-8198,-3158,776,CN,2,N_pwm150_grab1
14556,-7092,-3976,10394,CN,2,N_pwm150_grab1
14561,-582,-970,10842,CN,2,N_pwm150_grab1
14565,-1924,1022,11842,CN,2,N_pwm150_grab1
14570,-92,5726,12652,CN,2,N_pwm150_grab1
14576,7822,4202,7720,CN,2,N_pwm150_grab1
14580,4672,2104,12890,CN,2,N_pwm150_grab1
14586,5644,692,10258,CN,2,N_pwm150_grab1
14590,30,-7444,4054,CN,2,N_pwm150_grab1
14595,986,2142,12548,CN,2,N_pwm150_grab1
14601,6090,2684,11204,CN,2,N_pwm150_grab1
14605,1492,-6668,4976,CN,2,N_pwm150_grab1
14610,-6242,-1452,16584,CN,2,N_pwm150_grab1
14616,406,-5560,8110,CN,2,N_pwm150_grab1
14620,-7816,-5598,-1036,CN,2,N_pwm150_grab1
14625,-3368,3240,10998,CN,2,N_pwm150_grab1
14631,4164,3798,8412,CN,2,N_pwm150_grab1
14635,-6204,-418,7072,CN,2,N_pwm150_grab1
14641,-3856,2320,10880,CN,2,N_pwm150_grab1
14646,3076,3294,8796,CN,2,N_pwm150_grab1
14650,2518,1686,13504,CN,2,N_pwm150_grab1
14655,3854,9372,15200,CN,2,N_pwm150_grab1
14660,10930,3148,7744,CN,2,N_pwm150_grab1
14666,-3132,1154,15436,CN,2,N_pwm150_grab1
14670,2254,-3698,7928,CN,2,N_pwm150_grab1
14675,-4836,-7140,894,CN,2,N_pwm150_grab1
14680,-2164,1334,15360,CN,2,N_pwm150_grab1
14686,2718,-3162,8370,CN,2,N_pwm150_grab1
14691,-3758,-7488,1890,CN,2,N_pwm150_grab1
14695,-8444,-3472,15174,CN,2,N_pwm150_grab1
14700,-2976,-6008,9372,CN,2,N_pwm150_grab1
14706,-736,1402,12042,CN,2,N_pwm150_grab1
14710,1048,5912,12720,CN,2,N_pwm150_grab1
14715,8616,3970,8068,CN,2,N_pwm150_grab1
14721,-1664,1032,10702,CN,2,N_pwm150_grab1
14725,94,4948,11968,CN,2,N_pwm150_grab1
14730,7838,3752,8138,CN,2,N_pwm150_grab1
14735,4628,2530,14280,CN,2,N_pwm150_grab1
14740,7096,8928,15488,CN,2,N_pwm150_grab1
14746,-148,-7384,4048,CN,2,N_pwm150_grab1
14750,-6594,-2572,15830,CN,2,N_pwm150_grab1
14755,-632,-5826,8678,CN,2,N_pwm150_grab1
14761,-8536,-4902,-422,CN,2,N_pwm150_grab1
14766,-6414,-1826,15708,CN,2,N_pwm150_grab1
14771,-56,-5968,8008,CN,2,N_pwm150_grab1
14776,-8284,-5728,-986,CN,2,N_pwm150_grab1
14781,-8666,-5604,12792,CN,2,N_pwm150_grab1
14785,-3016,-3710,12020,CN,2,N_pwm150_grab1
14790,3286,2246,14192,CN,2,N_pwm150_grab1
14795,5206,9996,15650,CN,2,N_pwm150_grab1
14801,11614,2270,7472,CN,2,N_pwm150_grab1
14806,3344,2666,13310,CN,2,N_pwm150_grab1
14812,7270,3816,12642,CN,2,N_pwm150_grab1
14816,5386,-5808,7196,CN,2,N_pwm150_grab1
14821,-3684,214,15344,CN,2,N_pwm150_grab1
14827,-3800,-5322,10414,CN,2,N_pwm150_grab1
14831,-7128,-1564,4044,CN,2,N_pwm150_grab1
14837,-6246,-1884,10084,CN,2,N_pwm150_grab1
14841,1902,1084,9346,CN,2,N_pwm150_grab1
14846,1436,1840,13048,CN,2,N_pwm150_grab1
14852,-6566,-2694,10228,CN,2,N_pwm150_grab1
14857,1088,524,9484,CN,2,N_pwm150_grab1
14862,868,1598,12238,CN,2,N_pwm150_grab1
14866,2406,8550,14598,CN,2,N_pwm150_grab1
14871,8452,-3914,7780,CN,2,N_pwm150_grab1
14876,-1718,1132,14616,CN,2,N_pwm150_grab1
14881,3316,-2698,7852,CN,2,N_pwm150_grab1
14886,-3450,-7288,1604,CN,2,N_pwm150_grab1
14891,-1166,1882,14522,CN,2,N_pwm150_grab1
14897,4076,-1814,8858,CN,2,N_pwm150_grab1
14901,-2486,-7374,2524,CN,2,N_pwm150_grab1
14906,-7958,-2718,15616,CN,2,N_pwm150_grab1
14912,-1072,-1184,11304,CN,2,N_pwm150_grab1
14916,-2116,954,10090,CN,2,N_pwm150_grab1
14922,-204,6814,12546,CN,2,N_pwm150_grab1
14926,7772,4294,7538,CN,2,N_pwm150_grab1
14931,4252,2166,13326,CN,2,N_pwm150_grab1
14936,-860,6110,12770,CN,2,N_pwm150_grab1
14942,7246,4108,7438,CN,2,N_pwm150_grab1
14947,4108,2202,13334,CN,2,N_pwm150_grab1
14952,6008,1734,11216,CN,2,N_pwm150_grab1
14956,1108,-6902,5052,CN,2,N_pwm150_grab1
14961,-5832,-646,15946,CN,2,N_pwm150_grab1
14967,328,-5348,8846,CN,2,N_pwm150_grab1
14971,-8260,-6574,-244,CN,2,N_pwm150_grab1
14976,-5168,-1910,15594,CN,2,N_pwm150_grab1
14981,450,-5758,7934,CN,2,N_pwm150_grab1
14986,-7720,-6002,-680,CN,2,N_pwm150_grab1
14992,-4032,2698,11144,CN,2,N_pwm150_grab1
14997,4210,3418,8702,CN,2,N_pwm150_grab1
15002,3298,2082,13732,CN,2,N_pwm150_grab1
15007,4892,8854,14952,CN,2,N_pwm150_grab1
15011,11960,2650,8442,CN,2,N_pwm150_grab1
15017,3502,3350,13676,CN,2,N_pwm150_grab1
15021,4488,9830,15696,CN,2,N_pwm150_grab1
15027,11878,2662,8082,CN,2,N_pwm150_grab1
15032,-4078,-306,15108,CN,2,N_pwm150_grab1
15037,1746,-4820,6988,CN,2,N_pwm150_grab1
15041,-6324,-6620,-768,CN,2,N_pwm150_grab1
15047,-9294,-5336,13576,CN,2,N_pwm150_grab1
15052,-3714,-5390,11166,CN,2,N_pwm150_grab1
15057,-7572,-1802,3508,CN,2,N_pwm150_grab1
15062,-6476,-2622,10272,CN,2,N_pwm150_grab1
15068,1378,846,9712,CN,2,N_pwm150_grab1
15072,4514,2454,13116,CN,2,N_pwm150_grab1
15078,7744,7794,13856,CN,2,N_pwm150_grab1
15082,8096,-3176,8536,CN,2,N_pwm150_grab1
15087,-1724,1000,15408,CN,2,N_pwm150_grab1
15092,3044,-3272,7956,CN,2,N_pwm150_grab1
15097,-4028,-7424,1124,CN,2,N_pwm150_grab1
15102,-8632,-3332,14992,CN,2,N_pwm150_grab1
15108,3462,-1896,9200,CN,2,N_pwm150_grab1
15112,-8486,-3620,1250,CN,2,N_pwm150_grab1
15117,-7294,-4022,11004,CN,2,N_pwm150_grab1
15122,-858,-876,9432,CN,2,N_pwm150_grab1
15128,-486,988,10776,CN,2,N_pwm150_grab1
15132,848,8176,13480,CN,2,N_pwm150_grab1
15138,9676,4318,7838,CN,2,N_pwm150_grab1
15143,5186,2524,13680,CN,2,N_pwm150_grab1
15148,588,8216,13648,CN,2,N_pwm150_grab1
15153,10014,-3004,8502,CN,2,N_pwm150_grab1
15157,-204,1900,14552,CN,2,N_pwm150_grab1
15162,4570,-1506,8880,CN,2,N_pwm150_grab1
15168,-1456,-7650,2898,CN,2,N_pwm150_grab1
15172,-8096,-1732,15914,CN,2,N_pwm150_grab1
15178,-2006,-6268,8584,CN,2,N_pwm150_grab1
15182,-8758,-5178,-382,CN,2,N_pwm150_grab1
15188,-8486,-5160,10958,CN,2,N_pwm150_grab1
15193,-1824,-1828,11504,CN,2,N_pwm150_grab1
15198,-2834,702,10018,CN,2,N_pwm150_grab1
15203,-968,5266,12468,CN,2,N_pwm150_grab1
15207,7872,3948,8072,CN,2,N_pwm150_grab1
15213,4668,2468,13690,CN,2,N_pwm150_grab1
15217,7136,9550,14912,CN,2,N_pwm150_grab1
15222,11844,520,8774,CN,2,N_pwm150_grab1
15227,900,2918,13752,CN,2,N_pwm150_grab1
15232,6026,1262,10350,CN,2,N_pwm150_grab1
15237,696,-7178,4170,CN,2,N_pwm150_grab1
15243,-6786,-2802,16258,CN,2,N_pwm150_grab1
15247,-728,-6132,8274,CN,2,N_pwm150_grab1
15258,-8976,-5384,11900,CN,2,N_pwm150_grab1
15262,-2690,-2252,13044,CN,2,N_pwm150_grab1
15268,-4592,104,9122,CN,2,N_pwm150_grab1
15272,6406,9876,15564,CN,2,N_pwm150_grab1
15277,5636,3664,8042,CN,2,N_pwm150_grab1
15282,3866,2700,13388,CN,2,N_pwm150_grab1
15287,6048,9698,15698,CN,2,N_pwm150_grab1
15293,11948,1592,7980,CN,2,N_pwm150_grab1
15297,2512,3276,13034,CN,2,N_pwm150_grab1
15303,7042,2182,11038,CN,2,N_pwm150_grab1
15308,2614,-7246,5734,CN,2,N_pwm150_grab1
15312,-9090,-4250,13350,CN,2,N_pwm150_grab1
15318,-3384,-4628,10570,CN,2,N_pwm150_grab1
15323,-5672,-1138,6620,CN,2,N_pwm150_grab1
15328,-3798,410,10408,CN,2,N_pwm150_grab1
15333,3878,2780,8366,CN,2,N_pwm150_grab1
15339,3404,2506,13422,CN,2,N_pwm150_grab1
15343,5116,9840,16302,CN,2,N_pwm150_grab1
15348,12468,1578,7864,CN,2,N_pwm150_grab1
15354,-5376,-1580,15920,CN,2,N_pwm150_grab1
15358,1024,-5430,7178,CN,2,N_pwm150_grab1
15364,4538,-6928,6504,CN,2,N_pwm150_grab1
15369,-5116,-634,15874,CN,2,N_pwm150_grab1
15373,1416,-5190,7334,CN,2,N_pwm150_grab1
15383,-9786,-3936,13944,CN,2,N_pwm150_grab1
15389,-3410,-6026,10640,CN,2,N_pwm150_grab1
15393,2824,2348,13534,CN,2,N_pwm150_grab1
15399,4692,9922,16002,CN,2,N_pwm150_grab1
15404,3070,2872,9604,CN,2,N_pwm150_grab1
15408,2574,2228,13908,CN,2,N_pwm150_grab1
15413,4488,9366,15606,CN,2,N_pwm150_grab1
15418,12166,3052,7862,CN,2,N_pwm150_grab1
15423,3956,2224,12162,CN,2,N_pwm150_grab1
15429,7222,7012,12882,CN,2,N_pwm150_grab1
15434,-6920,-7040,-216,CN,2,N_pwm150_grab1
15438,-9068,-6004,13142,CN,2,N_pwm150_grab1
15444,-3756,-5630,11478,CN,2,N_pwm150_grab1
15449,-6492,-7144,-900,CN,2,N_pwm150_grab1
15453,-9174,-6066,13466,CN,2,N_pwm150_grab1
15458,-3922,-5040,12174,CN,2,N_pwm150_grab1
15463,-7576,-1566,4088,CN,2,N_pwm150_grab1
15468,-5582,-472,10638,CN,2,N_pwm150_grab1
15473,1720,2350,9580,CN,2,N_pwm150_grab1
15478,5006,2284,12660,CN,2,N_pwm150_grab1
15483,7366,6986,13608,CN,2,N_pwm150_grab1
15489,10966,4354,7996,CN,2,N_pwm150_grab1
15493,4820,2806,12786,CN,2,N_pwm150_grab1
15498,7888,7036,13960,CN,2,N_pwm150_grab1
15503,7868,-4128,8914,CN,2,N_pwm150_grab1
15508,-2028,1038,15404,CN,2,N_pwm150_grab1
15514,2964,-2924,8314,CN,2,N_pwm150_grab1
15519,-7942,-2806,1452,CN,2,N_pwm150_grab1
15523,-6864,-3368,10444,CN,2,N_pwm150_grab1
15528,360,-582,8726,CN,2,N_pwm150_grab1
15533,-8304,-3726,1384,CN,2,N_pwm150_grab1
15538,-7120,-2828,10016,CN,2,N_pwm150_grab1
15544,108,666,10226,CN,2,N_pwm150_grab1
15548,-32,1432,12204,CN,2,N_pwm150_grab1
15554,1530,8284,14164,CN,2,N_pwm150_grab1
15558,9360,-3702,8946,CN,2,N_pwm150_grab1
15564,-1712,1562,14438,CN,2,N_pwm150_grab1
15568,3798,-2118,8190,CN,2,N_pwm150_grab1
15574,-3348,-7640,1120,CN,2,N_pwm150_grab1
15579,-9160,-3612,15784,CN,2,N_pwm150_grab1
15584,-2864,-6712,9274,CN,2,N_pwm150_grab1
15594,-7736,-4042,10526,CN,2,N_pwm150_grab1
15599,9562,4890,7888,CN,2,N_pwm150_grab1
15605,4966,2504,12504,CN,2,N_pwm150_grab1
15609,7622,9052,14894,CN,2,N_pwm150_grab1
15614,9894,-1792,9112,CN,2,N_pwm150_grab1
15620,4956,2602,12780,CN,2,N_pwm150_grab1
15624,7330,9446,14730,CN,2,N_pwm150_grab1
15629,10256,-904,9166,CN,2,N_pwm150_grab1
15634,-330,2178,14468,CN,2,N_pwm150_grab1
15639,-2286,-6260,9280,CN,2,N_pwm150_grab1
15649,-7898,-4160,11196,CN,2,N_pwm150_grab1
15655,-1658,-844,10986,CN,2,N_pwm150_grab1
15664,-7880,-4580,11320,CN,2,N_pwm150_grab1
15670,-1618,-1132,11414,CN,2,N_pwm150_grab1
15674,-2454,758,10426,CN,2,N_pwm150_grab1
15685,11092,-1210,9052,CN,2,N_pwm150_grab1
15690,758,2416,13924,CN,2,N_pwm150_grab1
15694,5474,-136,9664,CN,2,N_pwm150_grab1
15700,-274,-7950,3630,CN,2,N_pwm150_grab1
15704,826,2274,13692,CN,2,N_pwm150_grab1
15709,5674,652,10180,CN,2,N_pwm150_grab1
15714,-206,-7784,3768,CN,2,N_pwm150_grab1
15719,-8686,-4850,11816,CN,2,N_pwm150_grab1
15724,-2116,-3126,10552,CN,2,N_pwm150_grab1
15730,-3610,202,9298,CN,2,N_pwm150_grab1
15734,-1440,4196,11834,CN,2,N_pwm150_grab1
15739,7416,4012,8376,CN,2,N_pwm150_grab1
15744,-3714,330,9144,CN,2,N_pwm150_grab1
15750,-1828,4466,11804,CN,2,N_pwm150_grab1
15754,7088,4226,8380,CN,2,N_pwm150_grab1
15760,1332,2780,13112,CN,2,N_pwm150_grab1
15765,6190,1156,10174,CN,2,N_pwm150_grab1
15769,624,-7376,4360,CN,2,N_pwm150_grab1
15775,-7088,-2260,16772,CN,2,N_pwm150_grab1
15780,-644,-6124,8204,CN,2,N_pwm150_grab1
15790,-6900,-2416,16564,CN,2,N_pwm150_grab1
15795,-664,-6074,7872,CN,2,N_pwm150_grab1
15800,-4492,266,9164,CN,2,N_pwm150_grab1
15804,-2114,3516,11868,CN,2,N_pwm150_grab1
15809,6310,4054,8290,CN,2,N_pwm150_grab1
15814,3992,2770,13574,CN,2,N_pwm150_grab1
15820,6268,9682,15176,CN,2,N_pwm150_grab1
15824,11938,1496,8264,CN,2,N_pwm150_grab1
15830,2158,3150,13136,CN,2,N_pwm150_grab1
15836,6602,2556,11200,CN,2,N_pwm150_grab1
15845,-8968,-5174,12658,CN,2,N_pwm150_grab1
15850,-3148,-3408,11480,CN,2,N_pwm150_grab1
15856,-5014,-298,7762,CN,2,N_pwm150_grab1
15860,-3042,2966,11024,CN,2,N_pwm150_grab1
15865,5612,3952,8532,CN,2,N_pwm150_grab1
15872,3902,2616,13606,CN,2,N_pwm150_grab1
15876,-2844,2900,11214,CN,2,N_pwm150_grab1
15881,12422,1046,8340,CN,2,N_pwm150_grab1
15886,2772,3236,13196,CN,2,N_pwm150_grab1
15890,6876,2368,11046,CN,2,N_pwm150_grab1
15896,2718,-7512,5636,CN,2,N_pwm150_grab1
15900,-5916,-1864,16300,CN,2,N_pwm150_grab1
15905,388,-5776,7614,CN,2,N_pwm150_grab1
15915,-5536,-44,16864,CN,2,N_pwm150_grab1
15920,-2908,-5276,10002,CN,2,N_pwm150_grab1
15925,-5644,-1382,6462,CN,2,N_pwm150_grab1
15931,-3494,2672,10814,CN,2,N_pwm150_grab1
15936,5110,3792,8774,CN,2,N_pwm150_grab1
15940,3582,2522,14078,CN,2,N_pwm150_grab1
15945,5724,9670,16210,CN,2,N_pwm150_grab1
15951,12554,992,7854,CN,2,N_pwm150_grab1
15956,2800,2886,12042,CN,2,N_pwm150_grab1
15961,7114,3564,11696,CN,2,N_pwm150_grab1
15965,3158,-6474,6062,CN,2,N_pwm150_grab1
15971,-5634,-922,16630,CN,2,N_pwm150_grab1
15976,886,-5376,8118,CN,2,N_pwm150_grab1
15980,-8438,-6518,-2270,CN,2,N_pwm150_grab1
15986,-9538,-6078,12596,CN,2,N_pwm150_grab1
15991,-3488,-3996,12634,CN,2,N_pwm150_grab1
15996,-5992,-510,7132,CN,2,N_pwm150_grab1
16000,-9564,-5984,12916,CN,2,N_pwm150_grab1
16005,4468,3962,8644,CN,2,N_pwm150_grab1
16011,3208,2590,14324,CN,2,N_pwm150_grab1
16016,5524,8416,14450,CN,2,N_pwm150_grab1
16020,12170,2766,8194,CN,2,N_pwm150_grab1
16026,3258,3704,12736,CN,2,N_pwm150_grab1
16030,7288,4076,12316,CN,2,N_pwm150_grab1
16035,3836,-6558,6774,CN,2,N_pwm150_grab1
16040,-4794,-1276,16114,CN,2,N_pwm150_grab1
16045,1330,-5262,7896,CN,2,N_pwm150_grab1
16051,-8026,-6518,-1680,CN,2,N_pwm150_grab1
16055,-9480,-5070,14160,CN,2,N_pwm150_grab1
16060,-3442,-5062,11524,CN,2,N_pwm150_grab1
16066,-6248,-1288,5522,CN,2,N_pwm150_grab1
16071,-3886,1230,10654,CN,2,N_pwm150_grab1
16076,3584,3458,8458,CN,2,N_pwm150_grab1
16080,2838,2398,14188,CN,2,N_pwm150_grab1
16087,7330,3786,12148,CN,2,N_pwm150_grab1
16091,4642,-7126,7152,CN,2,N_pwm150_grab1
16096,-4848,-1088,15404,CN,2,N_pwm150_grab1
16102,1496,-5172,7150,CN,2,N_pwm150_grab1
16107,-7452,-6782,-2104,CN,2,N_pwm150_grab1
16112,-10270,-3206,15088,CN,2,N_pwm150_grab1
16116,-3304,-6330,9974,CN,2,N_pwm150_grab1
16122,-6798,-2232,4554,CN,2,N_pwm150_grab1
16128,4870,9750,15934,CN,2,N_pwm150_grab1
16131,3520,3272,9234,CN,2,N_pwm150_grab1
16136,2546,2270,14568,CN,2,N_pwm150_grab1
16141,4546,9444,15932,CN,2,N_pwm150_grab1
16146,12484,2728,8128,CN,2,N_pwm150_grab1
16151,3994,2896,11362,CN,2,N_pwm150_grab1
16156,7376,5574,13002,CN,2,N_pwm150_grab1
16161,5486,-5376,7860,CN,2,N_pwm150_grab1
16167,-9774,-5162,14458,CN,2,N_pwm150_grab1
16172,1942,-4144,8038,CN,2,N_pwm150_grab1
16177,-7362,-7296,-1772,CN,2,N_pwm150_grab1
16182,-10006,-6362,13842,CN,2,N_pwm150_grab1
16187,-3950,-5074,12324,CN,2,N_pwm150_grab1
16192,-7096,-1274,4946,CN,2,N_pwm150_grab1
16197,-4834,2062,11096,CN,2,N_pwm150_grab1
16202,3026,3588,9674,CN,2,N_pwm150_grab1
16207,4476,1960,11204,CN,2,N_pwm150_grab1
16212,7298,6778,13372,CN,2,N_pwm150_grab1
16217,12100,4036,8274,CN,2,N_pwm150_grab1
16222,4390,3426,12150,CN,2,N_pwm150_grab1
16226,7498,6422,13478,CN,2,N_pwm150_grab1
16231,6150,-5088,8268,CN,2,N_pwm150_grab1
16236,-3606,-414,15454,CN,2,N_pwm150_grab1
16241,2026,-4524,7484,CN,2,N_pwm150_grab1
16247,-7120,-1572,3844,CN,2,N_pwm150_grab1
16251,-5484,196,10428,CN,2,N_pwm150_grab1
16256,-3884,-5744,11416,CN,2,N_pwm150_grab1
16262,-7358,-1874,3812,CN,2,N_pwm150_grab1
16267,-5074,-1002,10562,CN,2,N_pwm150_grab1
16271,1786,1972,8584,CN,2,N_pwm150_grab1
16276,2014,1986,13666,CN,2,N_pwm150_grab1
16281,4034,9586,15074,CN,2,N_pwm150_grab1
16287,6852,-5580,8294,CN,2,N_pwm150_grab1
16291,-3534,-230,14774,CN,2,N_pwm150_grab1
16296,2296,-4520,6696,CN,2,N_pwm150_grab1
16301,6450,-6064,8454,CN,2,N_pwm150_grab1
16306,-3280,632,15166,CN,2,N_pwm150_grab1
16311,2414,-3538,8048,CN,2,N_pwm150_grab1
16322,-10266,-3102,15470,CN,2,N_pwm150_grab1
16326,1892,672,8138,CN,2,N_pwm150_grab1
16332,1698,1918,13564,CN,2,N_pwm150_grab1
16336,3680,9210,15376,CN,2,N_pwm150_grab1
16342,12176,4118,8428,CN,2,N_pwm150_grab1
16347,4626,3552,12446,CN,2,N_pwm150_grab1
16352,7682,5384,13268,CN,2,N_pwm150_grab1
16357,6936,-5434,8360,CN,2,N_pwm150_grab1
16362,-3544,454,14728,CN,2,N_pwm150_grab1
16367,-3844,-6202,11088,CN,2,N_pwm150_grab1
16372,-7750,-2416,2918,CN,2,N_pwm150_grab1
16377,-5250,-1236,10718,CN,2,N_pwm150_grab1
16382,1456,1716,9276,CN,2,N_pwm150_grab1
16387,-7828,-2334,2678,CN,2,N_pwm150_grab1
16393,-5742,-556,10436,CN,2,N_pwm150_grab1
16397,1850,2220,9842,CN,2,N_pwm150_grab1
16402,1620,2186,14238,CN,2,N_pwm150_grab1
16407,7746,5982,13830,CN,2,N_pwm150_grab1
16412,6992,-5312,8822,CN,2,N_pwm150_grab1
16417,-2884,1036,15020,CN,2,N_pwm150_grab1
16423,2644,-2186,9926,CN,2,N_pwm150_grab1
16428,7514,-3598,8988,CN,2,N_pwm150_grab1
16432,-2880,842,15296,CN,2,N_pwm150_grab1
16437,2508,-3354,8514,CN,2,N_pwm150_grab1
16442,-6542,-7868,-724,CN,2,N_pwm150_grab1
16448,-5804,70,10594,CN,2,N_pwm150_grab1
16452,1894,2322,9472,CN,2,N_pwm150_grab1
16457,1658,1946,13706,CN,2,N_pwm150_grab1
16463,3812,9492,15172,CN,2,N_pwm150_grab1
16467,12392,3746,8228,CN,2,N_pwm150_grab1
16472,1704,1920,13898,CN,2,N_pwm150_grab1
16477,3862,9318,14804,CN,2,N_pwm150_grab1
16482,12062,4260,8088,CN,2,N_pwm150_grab1
16488,-3080,1058,14718,CN,2,N_pwm150_grab1
16492,2580,-2890,8842,CN,2,N_pwm150_grab1
16497,-6372,-7626,-504,CN,2,N_pwm150_grab1
16502,-10584,-5720,14802,CN,2,N_pwm150_grab1
16508,-4164,-6166,10380,CN,2,N_pwm150_grab1
16512,-6260,-7782,-574,CN,2,N_pwm150_grab1
16517,-10402,-5104,15448,CN,2,N_pwm150_grab1
16522,-3972,-6174,10194,CN,2,N_pwm150_grab1
16527,1722,2088,14196,CN,2,N_pwm150_grab1
16532,4040,6758,13466,CN,2,N_pwm150_grab1
16538,12032,4124,9162,CN,2,N_pwm150_grab1
16542,4814,4038,13272,CN,2,N_pwm150_grab1
16547,7402,6228,13568,CN,2,N_pwm150_grab1
16552,7042,-5172,8410,CN,2,N_pwm150_grab1
16557,5084,4080,13270,CN,2,N_pwm150_grab1
16562,7634,4458,12940,CN,2,N_pwm150_grab1
16568,6666,-6354,8006,CN,2,N_pwm150_grab1
16572,-10404,-6382,14762,CN,2,N_pwm150_grab1
16577,-4180,-5458,12036,CN,2,N_pwm150_grab1
16582,-7436,-1474,3494,CN,2,N_pwm150_grab1
16588,-5338,-2420,10784,CN,2,N_pwm150_grab1
16592,1732,770,8392,CN,2,N_pwm150_grab1
16599,1926,2154,13754,CN,2,N_pwm150_grab1
16604,4228,9416,15152,CN,2,N_pwm150_grab1
16608,6638,-5274,8648,CN,2,N_pwm150_grab1
16613,-3036,-320,14834,CN,2,N_pwm150_grab1
16618,2276,-4162,7422,CN,2,N_pwm150_grab1
16623,-6686,-7522,-828,CN,2,N_pwm150_grab1
16628,-10174,-4580,15528,CN,2,N_pwm150_grab1
16633,-3742,-6276,10546,CN,2,N_pwm150_grab1
16638,-7402,-2312,2872,CN,2,N_pwm150_grab1
16644,-10288,-4504,15380,CN,2,N_pwm150_grab1
16649,-3566,-6582,10648,CN,2,N_pwm150_grab1
16653,1774,2034,13576,CN,2,N_pwm150_grab1
16658,3984,9554,15184,CN,2,N_pwm150_grab1
16663,12368,3842,8152,CN,2,N_pwm150_grab1
16668,4976,3820,12910,CN,2,N_pwm150_grab1
16674,7624,4478,13126,CN,2,N_pwm150_grab1
16679,6514,-6388,8204,CN,2,N_pwm150_grab1
16684,4890,2574,11856,CN,2,N_pwm150_grab1
16688,7476,6280,13770,CN,2,N_pwm150_grab1
16693,-6674,-7708,-900,CN,2,N_pwm150_grab1
16698,-10730,-3210,15540,CN,2,N_pwm150_grab1
16704,-3436,-6998,9374,CN,2,N_pwm150_grab1
16709,-7452,-2922,2834,CN,2,N_pwm150_grab1
16713,-5658,26,10188,CN,2,N_pwm150_grab1
16718,2512,2512,9566,CN,2,N_pwm150_grab1
16724,1900,2126,14212,CN,2,N_pwm150_grab1
16728,-5622,952,10738,CN,2,N_pwm150_grab1
16733,12872,3474,8218,CN,2,N_pwm150_grab1
16738,4622,3054,12146,CN,2,N_pwm150_grab1
16744,7412,6092,13342,CN,2,N_pwm150_grab1
16749,6630,-5320,8388,CN,2,N_pwm150_grab1
16753,-3898,404,15096,CN,2,N_pwm150_grab1
16758,2330,-3732,7954,CN,2,N_pwm150_grab1
16763,-7176,-7552,-1752,CN,2,N_pwm150_grab1
16769,-3724,-558,14738,CN,2,N_pwm150_grab1
16773,-4152,-5540,11774,CN,2,N_pwm150_grab1
16779,-7202,-1314,3900,CN,2,N_pwm150_grab1
16784,-5146,288,10700,CN,2,N_pwm150_grab1
16789,2736,2642,9650,CN,2,N_pwm150_grab1
16794,2218,2402,14748,CN,2,N_pwm150_grab1
16799,4818,7528,13670,CN,2,N_pwm150_grab1
16804,12352,4014,8704,CN,2,N_pwm150_grab1
16809,4290,3900,12432,CN,2,N_pwm150_grab1
16813,7444,5928,13246,CN,2,N_pwm150_grab1
16819,5996,-5508,7920,CN,2,N_pwm150_grab1
16824,-3708,-732,14958,CN,2,N_pwm150_grab1
16828,2052,-4502,7346,CN,2,N_pwm150_grab1
16833,-7626,-7308,-1668,CN,2,N_pwm150_grab1
16839,-10282,-6128,14742,CN,2,N_pwm150_grab1
16844,-4088,-5220,12054,CN,2,N_pwm150_grab1
16848,-7034,-1310,4192,CN,2,N_pwm150_grab1
16854,4758,9296,14970,CN,2,N_pwm150_grab1
16860,12652,3644,8244,CN,2,N_pwm150_grab1
16865,4644,3068,12462,CN,2,N_pwm150_grab1
16870,7292,5710,13350,CN,2,N_pwm150_grab1
16874,5880,-5810,8160,CN,2,N_pwm150_grab1
16880,-3726,-220,15092,CN,2,N_pwm150_grab1
16884,1998,-4374,7660,CN,2,N_pwm150_grab1
16889,-7502,-7522,-1470,CN,2,N_pwm150_grab1
16896,-5008,114,10400,CN,2,N_pwm150_grab1
16899,-3980,-5706,10544,CN,2,N_pwm150_grab1
16905,-6656,-1552,4042,CN,2,N_pwm150_grab1
16910,-4754,-664,10316,CN,2,N_pwm150_grab1
16915,2830,1946,8436,CN,2,N_pwm150_grab1
16919,2424,2470,13966,CN,2,N_pwm150_grab1
16924,4810,9102,15120,CN,2,N_pwm150_grab1
16929,13016,3322,8436,CN,2,N_pwm150_grab1
16935,-4532,-1170,15106,CN,2,N_pwm150_grab1
16940,7566,3960,12324,CN,2,N_pwm150_grab1
16944,5084,-6940,7400,CN,2,N_pwm150_grab1
16949,-4554,-1506,14886,CN,2,N_pwm150_grab1
16954,1498,-4986,6860,CN,2,N_pwm150_grab1
16959,-7722,-6716,-2692,CN,2,N_pwm150_grab1
16965,-10702,-4132,15522,CN,2,N_pwm150_grab1
16969,-3618,-6034,10546,CN,2,N_pwm150_grab1
16974,2708,2716,14464,CN,2,N_pwm150_grab1
16979,5450,8794,14788,CN,2,N_pwm150_grab1
16984,3506,2222,8368,CN,2,N_pwm150_grab1
16989,2692,2726,14522,CN,2,N_pwm150_grab1
16995,5352,9876,15896,CN,2,N_pwm150_grab1
17000,13012,2530,7966,CN,2,N_pwm150_grab1
17004,3654,3450,11594,CN,2,N_pwm150_grab1
17010,7454,3636,12138,CN,2,N_pwm150_grab1
17014,-8452,-6802,-2154,CN,2,N_pwm150_grab1
17020,-10250,-5180,14924,CN,2,N_pwm150_grab1
17024,1314,-4648,8276,CN,2,N_pwm150_grab1
17029,-8682,-7090,-2428,CN,2,N_pwm150_grab1
17035,-10350,-5932,14218,CN,2,N_pwm150_grab1
17039,-3724,-4976,12158,CN,2,N_pwm150_grab1
17045,-6046,-778,6006,CN,2,N_pwm150_grab1
17049,-3442,3226,11618,CN,2,N_pwm150_grab1
17054,12694,1816,7980,CN,2,N_pwm150_grab1
17059,3578,3036,11906,CN,2,N_pwm150_grab1
17065,7032,3454,12168,CN,2,N_pwm150_grab1
17070,12714,2334,7944,CN,2,N_pwm150_grab1
17075,3516,2190,11570,CN,2,N_pwm150_grab1
17079,6688,5474,12874,CN,2,N_pwm150_grab1
17084,3570,-5880,6870,CN,2,N_pwm150_grab1
17089,-5072,-1208,15874,CN,2,N_pwm150_grab1
17095,-3752,-4706,11190,CN,2,N_pwm150_grab1
17100,-5724,-572,6046,CN,2,N_pwm150_grab1
17105,-3524,4040,11366,CN,2,N_pwm150_grab1
17110,5046,4010,8608,CN,2,N_pwm150_grab1
17116,3122,2380,14286,CN,2,N_pwm150_grab1
17120,6008,9650,15912,CN,2,N_pwm150_grab1
17125,12908,1160,8310,CN,2,N_pwm150_grab1
17131,3308,3044,12124,CN,2,N_pwm150_grab1
17136,576,-5148,7594,CN,2,N_pwm150_grab1
17145,-10344,-5304,14310,CN,2,N_pwm150_grab1
17150,-3428,-4984,11258,CN,2,N_pwm150_grab1
17160,-10350,-5994,13748,CN,2,N_pwm150_grab1
17166,-3664,-4238,11510,CN,2,N_pwm150_grab1
17170,-5708,-256,6498,CN,2,N_pwm150_grab1
17175,6120,9866,15600,CN,2,N_pwm150_grab1
17180,12802,1916,8238,CN,2,N_pwm150_grab1
17185,3070,2502,11402,CN,2,N_pwm150_grab1
17191,6760,4854,12452,CN,2,N_pwm150_grab1
17196,12810,2400,8598,CN,2,N_pwm150_grab1
17201,3280,3752,12454,CN,2,N_pwm150_grab1
17205,7068,3472,11884,CN,2,N_pwm150_grab1
17210,3100,-7054,6532,CN,2,N_pwm150_grab1
17215,-10066,-6250,13480,CN,2,N_pwm150_grab1
17221,-3580,-3270,13346,CN,2,N_pwm150_grab1
17225,-5624,36,7140,CN,2,N_pwm150_grab1
17231,-2966,4528,11840,CN,2,N_pwm150_grab1
17235,5252,4386,8252,CN,2,N_pwm150_grab1
17241,-5692,-98,7264,CN,2,N_pwm150_grab1
17246,-3186,564,11068,CN,2,N_pwm150_grab1
17251,4424,2682,8042,CN,2,N_pwm150_grab1
17255,3012,2786,14394,CN,2,N_pwm150_grab1
17260,6758,4652,12628,CN,2,N_pwm150_grab1
17265,3448,-6632,6902,CN,2,N_pwm150_grab1
17270,-5024,-2010,15540,CN,2,N_pwm150_grab1
17276,966,-5388,7584,CN,2,N_pwm150_grab1
17281,3258,-7474,6350,CN,2,N_pwm150_grab1
17285,-4878,-1556,15710,CN,2,N_pwm150_grab1
17291,1076,-5152,8028,CN,2,N_pwm150_grab1
17296,-8392,-6492,-1832,CN,2,N_pwm150_grab1
17301,-3724,-110,10394,CN,2,N_pwm150_grab1
17306,3796,2222,7846,CN,2,N_pwm150_grab1
17310,2924,2510,14000,CN,2,N_pwm150_grab1
17315,5562,9804,15652,CN,2,N_pwm150_grab1
17321,12940,2334,8324,CN,2,N_pwm150_grab1
17326,2762,2570,14380,CN,2,N_pwm150_grab1
17331,5836,10096,16264,CN,2,N_pwm150_grab1
17335,12568,1192,7806,CN,2,N_pwm150_grab1
17340,-5052,-1526,15226,CN,2,N_pwm150_grab1
17346,1034,-5142,7390,CN,2,N_pwm150_grab1
17350,-8116,-6620,-2486,CN,2,N_pwm150_grab1
17355,-10756,-2216,15386,CN,2,N_pwm150_grab1
17367,-6474,-2128,4884,CN,2,N_pwm150_grab1
17372,-3828,2822,10748,CN,2,N_pwm150_grab1
17377,4388,3954,9128,CN,2,N_pwm150_grab1
17381,3590,3570,11670,CN,2,N_pwm150_grab1
17386,7602,2214,11048,CN,2,N_pwm150_grab1
17392,3888,-7508,6404,CN,2,N_pwm150_grab1
17397,-4714,-490,15994,CN,2,N_pwm150_grab1
17402,1438,-4368,8390,CN,2,N_pwm150_grab1
17408,-8414,-7106,-2190,CN,2,N_pwm150_grab1
17411,-4916,-12,16012,CN,2,N_pwm150_grab1
17416,1664,-3972,8654,CN,2,N_pwm150_grab1
17421,-6508,-1586,5062,CN,2,N_pwm150_grab1
17426,-3828,3436,11560,CN,2,N_pwm150_grab1
17431,4008,4120,8632,CN,2,N_pwm150_grab1
17436,2522,2434,14700,CN,2,N_pwm150_grab1
17442,5364,10126,16134,CN,2,N_pwm150_grab1
17446,12574,2078,7612,CN,2,N_pwm150_grab1
17452,2650,2478,14928,CN,2,N_pwm150_grab1
17457,5550,7042,13396,CN,2,N_pwm150_grab1
17462,4976,-4900,7686,CN,2,N_pwm150_grab1
17466,-4276,-634,15908,CN,2,N_pwm150_grab1
17471,1486,-4980,8088,CN,2,N_pwm150_grab1
17476,-8036,-7288,-1718,CN,2,N_pwm150_grab1
17482,-10080,-6150,14170,CN,2,N_pwm150_grab1
17486,-4100,-3878,12308,CN,2,N_pwm150_grab1
17492,-6358,-366,5638,CN,3,N_pwm150_grab1
17497,-10178,-5422,14898,CN,3,N_pwm150_grab1
17501,3760,3166,8716,CN,3,N_pwm150_grab1
17506,2772,2424,14168,CN,3,N_pwm150_grab1
17511,5270,8812,14678,CN,3,N_pwm150_grab1
17517,12940,3076,8718,CN,3,N_pwm150_grab1
17521,4104,4050,13052,CN,3,N_pwm150_grab1
17526,7448,3704,12172,CN,3,N_pwm150_grab1
17531,4498,-7380,7192,CN,3,N_pwm150_grab1
17536,4050,3430,11988,CN,3,N_pwm150_grab1
17541,1548,-5102,7186,CN,3,N_pwm150_grab1
17546,-7772,-6794,-2486,CN,3,N_pwm150_grab1
17556,-3508,-6076,9980,CN,3,N_pwm150_grab1
17561,-6708,-1896,4578,CN,3,N_pwm150_grab1
17566,-4268,-34,10202,CN,3,N_pwm150_grab1
17572,3434,2560,8494,CN,3,N_pwm150_grab1
17577,2526,2556,14430,CN,3,N_pwm150_grab1
17581,5056,9796,16168,CN,3,N_pwm150_grab1
17587,13168,2452,7954,CN,3,N_pwm150_grab1
17591,3858,3490,11774,CN,3,N_pwm150_grab1
17597,7476,3780,12132,CN,3,N_pwm150_grab1
17601,4356,-6946,7114,CN,3,N_pwm150_grab1
17606,-4940,-626,15734,CN,3,N_pwm150_grab1
17612,1624,-4444,7842,CN,3,N_pwm150_grab1
17616,-8184,-7160,-2484,CN,3,N_pwm150_grab1
17623,-3952,442,10806,CN,3,N_pwm150_grab1
17628,3414,2848,8374,CN,3,N_pwm150_grab1
17633,2586,2634,14400,CN,3,N_pwm150_grab1
17638,5222,9912,15880,CN,3,N_pwm150_grab1
17642,12792,2974,7810,CN,3,N_pwm150_grab1
17647,4060,2862,11540,CN,3,N_pwm150_grab1
17653,7252,4896,12804,CN,3,N_pwm150_grab1
17657,4304,-6462,7380,CN,3,N_pwm150_grab1
17664,-10506,-3704,15142,CN,3,N_pwm150_grab1
17667,1800,-3622,9760,CN,3,N_pwm150_grab1
17673,-8432,-7332,-1262,CN,3,N_pwm150_grab1
17678,-10208,-5888,14166,CN,3,N_pwm150_grab1
17682,-3926,-4932,11676,CN,3,N_pwm150_grab1
17687,-6232,-886,5526,CN,3,N_pwm150_grab1
17692,-4028,3518,11156,CN,3,N_pwm150_grab1
17697,4390,4094,8640,CN,3,N_pwm150_grab1
17702,3888,3454,12002,CN,3,N_pwm150_grab1
17707,5474,10064,15784,CN,3,N_pwm150_grab1
17712,12932,2178,8182,CN,3,N_pwm150_grab1
17717,3958,2460,11678,CN,3,N_pwm150_grab1
17722,7030,5436,12782,CN,3,N_pwm150_grab1
17727,4464,-6168,7408,CN,3,N_pwm150_grab1
17733,-4796,-756,15688,CN,3,N_pwm150_grab1
17738,1476,-4756,7790,CN,3,N_pwm150_grab1
17743,-6304,-818,5314,CN,3,N_pwm150_grab1
17748,-3666,2232,11058,CN,3,N_pwm150_grab1
17752,-4036,-4550,11380,CN,3,N_pwm150_grab1
17758,-6176,-466,5580,CN,3,N_pwm150_grab1
17763,-3848,530,10548,CN,3,N_pwm150_grab1
17768,3854,2580,8388,CN,3,N_pwm150_grab1
17773,2830,2544,14300,CN,3,N_pwm150_grab1
17777,5446,8656,14774,CN,3,N_pwm150_grab1
17782,4164,-6064,6836,CN,3,N_pwm150_grab1
17788,-4970,-1690,15558,CN,3,N_pwm150_grab1
17792,7336,3116,11630,CN,3,N_pwm150_grab1
17797,3854,-7430,6710,CN,3,N_pwm150_grab1
17802,-5132,-2290,15088,CN,3,N_pwm150_grab1
17808,682,-5368,7116,CN,3,N_pwm150_grab1
17812,-8058,-6136,-2916,CN,3,N_pwm150_grab1
17817,-10312,-4888,14836,CN,3,N_pwm150_grab1
17822,-3566,-5278,11248,CN,3,N_pwm150_grab1
17827,2746,2700,14584,CN,3,N_pwm150_grab1
17832,5674,7778,14090,CN,3,N_pwm150_grab1
17837,3566,1708,7680,CN,3,N_pwm150_grab1
17842,2828,2696,14220,CN,3,N_pwm150_grab1
17848,5682,10146,16492,CN,3,N_pwm150_grab1
17852,12884,1898,7750,CN,3,N_pwm150_grab1
17857,3500,3298,11532,CN,3,N_pwm150_grab1
17862,7432,2818,11562,CN,3,N_pwm150_grab1
17867,-8268,-6364,-1944,CN,3,N_pwm150_grab1
17873,-10008,-3874,15282,CN,3,N_pwm150_grab1
17878,-3214,-5512,10666,CN,3,N_pwm150_grab1
17883,-6240,-1580,5318,CN,3,N_pwm150_grab1
17889,-3644,934,10608,CN,3,N_pwm150_grab1
17893,3954,3262,8260,CN,3,N_pwm150_grab1
17899,2720,2614,14122,CN,3,N_pwm150_grab1
17903,5730,10250,16530,CN,3,N_pwm150_grab1
17909,3574,-8186,6256,CN,3,N_pwm150_grab1
17913,-5244,-1550,15642,CN,3,N_pwm150_grab1
17918,1174,-5172,7472,CN,3,N_pwm150_grab1
17923,3424,-7498,6664,CN,3,N_pwm150_grab1
17928,-5348,284,16370,CN,3,N_pwm150_grab1
17934,1504,-2780,10754,CN,3,N_pwm150_grab1
17939,-8566,-6768,-1050,CN,3,N_pwm150_grab1
17943,-10102,-6626,12894,CN,3,N_pwm150_grab1
17948,4858,4136,8942,CN,3,N_pwm150_grab1
17953,3056,2630,14826,CN,3,N_pwm150_grab1
17958,5668,9766,16574,CN,3,N_pwm150_grab1
17964,5226,4396,8634,CN,3,N_pwm150_grab1
17969,3142,2400,14510,CN,3,N_pwm150_grab1
17974,5676,8974,14880,CN,3,N_pwm150_grab1
17979,13108,2326,8788,CN,3,N_pwm150_grab1
17983,3450,3112,12074,CN,3,N_pwm150_grab1
17988,940,-4708,8402,CN,3,N_pwm150_grab1
17999,-10270,-6756,13002,CN,3,N_pwm150_grab1
18003,-3582,-3376,13188,CN,3,N_pwm150_grab1
18013,-10154,-5532,14206,CN,3,N_pwm150_grab1
18018,-3490,-4332,11706,CN,3,N_pwm150_grab1
18023,-5550,-270,6886,CN,3,N_pwm150_grab1
18029,6078,8284,14414,CN,3,N_pwm150_grab1
18033,12820,2590,8548,CN,3,N_pwm150_grab1
18039,3104,3616,12472,CN,3,N_pwm150_grab1
18044,6686,3572,11966,CN,3,N_pwm150_grab1
18048,12976,1772,8236,CN,3,N_pwm150_grab1
18053,3082,3602,12146,CN,3,N_pwm150_grab1
18058,6988,1582,10650,CN,3,N_pwm150_grab1
18063,2126,-8076,5506,CN,3,N_pwm150_grab1
18068,-9874,-5514,14012,CN,3,N_pwm150_grab1
18074,-3192,-3950,11788,CN,3,N_pwm150_grab1
18079,-5002,-120,7148,CN,3,N_pwm150_grab1
18084,-2286,1946,11056,CN,3,N_pwm150_grab1
18088,5860,3654,8336,CN,3,N_pwm150_grab1
18093,-4922,-528,7256,CN,3,N_pwm150_grab1
18098,-2002,3532,11724,CN,3,N_pwm150_grab1
18104,6454,4336,8518,CN,3,N_pwm150_grab1
18109,2800,3058,12294,CN,3,N_pwm150_grab1
18114,6598,2034,10994,CN,3,N_pwm150_grab1
18119,1224,-8320,5484,CN,3,N_pwm150_grab1
18123,-6688,-1210,16402,CN,3,N_pwm150_grab1
18128,-274,-5122,8658,CN,3,N_pwm150_grab1
18139,-9660,-4766,13624,CN,3,N_pwm150_grab1
18145,-2824,-4230,9572,CN,3,N_pwm150_grab1
18149,4418,2858,14858,CN,3,N_pwm150_grab1
18154,6674,9438,16316,CN,3,N_pwm150_grab1
18159,12348,-534,8790,CN,3,N_pwm150_grab1
18165,1880,2940,12366,CN,3,N_pwm150_grab1
18169,5860,-646,8684,CN,3,N_pwm150_grab1
18176,-500,-8640,4328,CN,3,N_pwm150_grab1
18179,1446,2426,12060,CN,3,N_pwm150_grab1
18185,5718,1564,10802,CN,3,N_pwm150_grab1
18195,-9448,-4604,13156,CN,3,N_pwm150_grab1
18200,-1800,-3974,9478,CN,3,N_pwm150_grab1
18205,-3080,84,9226,CN,3,N_pwm150_grab1
18209,-288,5998,12560,CN,3,N_pwm150_grab1
18214,-288,5998,12560,CN,3,N_pwm150_grab1
18219,-2892,1080,10136,CN,3,N_pwm150_grab1
18224,52,6082,12632,CN,3,N_pwm150_grab1
18229,11394,-1290,9208,CN,3,N_pwm150_grab1
18235,468,2022,12152,CN,3,N_pwm150_grab1
18240,5072,1740,11024,CN,3,N_pwm150_grab1
18245,-1766,-7536,3170,CN,3,N_pwm150_grab1
18250,-9104,-2722,15922,CN,3,N_pwm150_grab1
18255,-2378,-6482,8620,CN,3,N_pwm150_grab1
18265,-9488,-5162,15438,CN,3,N_pwm150_grab1
18270,-884,84,12188,CN,3,N_pwm150_grab1
18274,-1470,1674,11748,CN,3,N_pwm150_grab1
18280,1202,6836,12660,CN,3,N_pwm150_grab1
18285,10006,5074,8548,CN,3,N_pwm150_grab1
18289,4922,2802,14296,CN,3,N_pwm150_grab1
18294,7446,8920,13552,CN,3,N_pwm150_grab1
18299,10708,-214,10018,CN,3,N_pwm150_grab1
18305,5072,3710,14562,CN,3,N_pwm150_grab1
18309,4296,-1496,8886,CN,3,N_pwm150_grab1
18314,-3330,-8856,1694,CN,3,N_pwm150_grab1
18320,-9828,-5568,15232,CN,3,N_pwm150_grab1
18325,-3688,-5964,9562,CN,3,N_pwm150_grab1
18334,-7402,-3694,12328,CN,3,N_pwm150_grab1
18340,-706,-670,9092,CN,3,N_pwm150_grab1
18344,-378,1420,11670,CN,3,N_pwm150_grab1
18349,-7262,-4200,11954,CN,3,N_pwm150_grab1
18355,10698,4962,9056,CN,3,N_pwm150_grab1
18359,5504,3482,14886,CN,3,N_pwm150_grab1
18364,7718,7348,14720,CN,3,N_pwm150_grab1
18370,9058,-4186,9294,CN,3,N_pwm150_grab1
18375,-1082,1162,13554,CN,3,N_pwm150_grab1
18379,3544,-2498,8518,CN,3,N_pwm150_grab1
18384,-4770,-8280,882,CN,3,N_pwm150_grab1
18391,-7076,-3464,11718,CN,3,N_pwm150_grab1
18396,530,-972,7970,CN,3,N_pwm150_grab1
18400,566,1388,12458,CN,3,N_pwm150_grab1
18405,2988,6932,13168,CN,3,N_pwm150_grab1
18410,11748,4608,9358,CN,3,N_pwm150_grab1
18415,5308,4032,14554,CN,3,N_pwm150_grab1
18420,7794,6280,13852,CN,3,N_pwm150_grab1
18425,8222,-5224,8374,CN,3,N_pwm150_grab1
18436,2980,-3584,7002,CN,3,N_pwm150_grab1
18440,-6190,-7682,-956,CN,3,N_pwm150_grab1
18445,-11040,-3546,15780,CN,3,N_pwm150_grab1
18450,-3498,-7066,9928,CN,3,N_pwm150_grab1
18460,-5658,-2706,11010,CN,3,N_pwm150_grab1
18470,5044,3890,13304,CN,3,N_pwm150_grab1
18475,4240,9496,15072,CN,3,N_pwm150_grab1
18480,12562,4302,8418,CN,3,N_pwm150_grab1
18486,4716,3126,12520,CN,3,N_pwm150_grab1
18490,7654,6154,13446,CN,3,N_pwm150_grab1
18495,6652,-5234,7816,CN,3,N_pwm150_grab1
18500,-3244,668,15066,CN,3,N_pwm150_grab1
18505,2564,-2554,9552,CN,3,N_pwm150_grab1
18510,-7438,-7468,-1186,CN,3,N_pwm150_grab1
18515,-5138,-250,10662,CN,3,N_pwm150_grab1
18520,-3944,-6038,11476,CN,3,N_pwm150_grab1
18526,-7174,-1678,3452,CN,3,N_pwm150_grab1
18530,-4778,2210,11490,CN,3,N_pwm150_grab1
18535,2876,3552,9380,CN,3,N_pwm150_grab1
18540,2072,2342,14756,CN,3,N_pwm150_grab1
18546,4838,8790,14400,CN,3,N_pwm150_grab1
18550,12598,3608,8142,CN,3,N_pwm150_grab1
18555,-3950,700,15470,CN,3,N_pwm150_grab1
18561,6906,6714,13070,CN,3,N_pwm150_grab1
18566,5696,-5090,7832,CN,3,N_pwm150_grab1
18570,-3886,-498,15582,CN,3,N_pwm150_grab1
18576,1876,-4666,7958,CN,3,N_pwm150_grab1
18580,-7934,-7124,-1520,CN,3,N_pwm150_grab1
18585,-10378,-6068,14518,CN,3,N_pwm150_grab1
18590,-4076,-4286,12296,CN,3,N_pwm150_grab1
18595,2550,2384,14548,CN,3,N_pwm150_grab1
18600,5350,8946,14794,CN,3,N_pwm150_grab1
18605,3820,2908,8338,CN,3,N_pwm150_grab1
18610,2668,2540,14204,CN,3,N_pwm150_grab1
18616,5406,8790,14478,CN,3,N_pwm150_grab1
18620,12966,2712,8766,CN,3,N_pwm150_grab1
18625,3922,3854,13120,CN,3,N_pwm150_grab1
18631,7252,3768,12146,CN,3,N_pwm150_grab1
18636,-8226,-6538,-2768,CN,3,N_pwm150_grab1
18640,-10604,-5360,14522,CN,3,N_pwm150_grab1
18646,-3612,-4860,11206,CN,3,N_pwm150_grab1
18651,-6090,-390,5742,CN,3,N_pwm150_grab1
18657,-3220,182,10816,CN,3,N_pwm150_grab1
18661,4390,2352,8212,CN,3,N_pwm150_grab1
18666,3110,2694,14490,CN,3,N_pwm150_grab1
18671,5942,9162,14904,CN,3,N_pwm150_grab1
18676,3316,-6902,6356,CN,3,N_pwm150_grab1
18681,-5360,-1648,15892,CN,3,N_pwm150_grab1
18686,722,-5344,7936,CN,3,N_pwm150_grab1
18691,2886,-7572,5830,CN,3,N_pwm150_grab1
18696,-5764,-2028,15816,CN,3,N_pwm150_grab1
18701,210,-5558,7652,CN,3,N_pwm150_grab1
18712,-10116,-5228,14254,CN,3,N_pwm150_grab1
18717,5678,3652,8198,CN,3,N_pwm150_grab1
18721,3118,2776,14336,CN,3,N_pwm150_grab1
18726,6534,9200,14650,CN,3,N_pwm150_grab1
18731,5726,3208,8120,CN,3,N_pwm150_grab1
18736,3362,2842,14352,CN,3,N_pwm150_grab1
18742,6416,9482,15314,CN,3,N_pwm150_grab1
18746,12398,1310,8390,CN,3,N_pwm150_grab1
18751,2632,3016,12128,CN,3,N_pwm150_grab1
18757,-184,-5370,8204,CN,3,N_pwm150_grab1
18766,-9544,-4910,13974,CN,3,N_pwm150_grab1
18771,-2896,-3672,10442,CN,3,N_pwm150_grab1
18781,-9430,-5256,13642,CN,3,N_pwm150_grab1
18786,-2638,-3402,10780,CN,3,N_pwm150_grab1
18792,-4132,362,8194,CN,3,N_pwm150_grab1
18796,6744,9478,15454,CN,3,N_pwm150_grab1
18802,12316,-108,9142,CN,3,N_pwm150_grab1
18806,1998,2820,12498,CN,3,N_pwm150_grab1
18811,6046,1258,10878,CN,3,N_pwm150_grab1
18816,12028,-2,9266,CN,3,N_pwm150_grab1
18822,1818,2362,12146,CN,3,N_pwm150_grab1
18826,5908,2480,11730,CN,3,N_pwm150_grab1
18831,80,-7818,4636,CN,3,N_pwm150_grab1
18836,-9622,-4644,13154,CN,3,N_pwm150_grab1
18841,-2134,-3584,9454,CN,3,N_pwm150_grab1
18846,-3220,520,8866,CN,3,N_pwm150_grab1
18852,-336,5172,12130,CN,3,N_pwm150_grab1
18856,8724,4278,8880,CN,3,N_pwm150_grab1
18861,-2968,1094,9476,CN,3,N_pwm150_grab1
18871,9004,4612,8576,CN,3,N_pwm150_grab1
18877,728,2412,12434,CN,3,N_pwm150_grab1
18881,5264,300,10228,CN,3,N_pwm150_grab1
18886,-1636,-8232,3288,CN,3,N_pwm150_grab1
18892,-8910,-2272,16166,CN,3,N_pwm150_grab1
18896,-2386,-6318,8176,CN,3,N_pwm150_grab1
18908,-9044,-4904,12476,CN,3,N_pwm150_grab1
18913,-1270,-2046,9834,CN,3,N_pwm150_grab1
18917,4688,2898,14566,CN,3,N_pwm150_grab1
18923,7594,9160,14694,CN,3,N_pwm150_grab1
18928,10560,-1406,9342,CN,3,N_pwm150_grab1
18932,206,1928,12988,CN,3,N_pwm150_grab1
18937,4652,-82,10138,CN,3,N_pwm150_grab1
18944,-2880,-8334,2320,CN,3,N_pwm150_grab1
18947,-188,1990,12880,CN,3,N_pwm150_grab1
18953,4500,266,10488,CN,3,N_pwm150_grab1
18963,-7844,-4266,12070,CN,3,N_pwm150_grab1
18967,-1006,-668,9876,CN,3,N_pwm150_grab1
18972,-958,1552,11414,CN,3,N_pwm150_grab1
18978,1504,8134,13152,CN,3,N_pwm150_grab1
18983,10688,5154,8408,CN,3,N_pwm150_grab1
18987,-646,1816,12178,CN,3,N_pwm150_grab1
18992,2008,6962,12810,CN,3,N_pwm150_grab1
18998,9772,-2696,9720,CN,3,N_pwm150_grab1
19002,-726,1694,13332,CN,3,N_pwm150_grab1
19008,3944,216,11316,CN,3,N_pwm150_grab1
19013,-4056,-7878,1790,CN,3,N_pwm150_grab1
19018,-10124,-3776,15272,CN,3,N_pwm150_grab1
19022,-3396,-6746,9074,CN,3,N_pwm150_grab1
19032,-10280,-4874,15292,CN,3,N_pwm150_grab1
19038,400,694,9614,CN,3,N_pwm150_grab1
19042,230,1960,12730,CN,3,N_pwm150_grab1
19048,2710,7736,13460,CN,3,N_pwm150_grab1
19053,11676,4682,9106,CN,3,N_pwm150_grab1
19057,5410,2518,14758,CN,3,N_pwm150_grab1
19062,7560,7958,13792,CN,3,N_pwm150_grab1
19067,9118,-3406,9336,CN,3,N_pwm150_grab1
19072,5464,2672,14746,CN,3,N_pwm150_grab1
19078,7432,7590,13740,CN,3,N_pwm150_grab1
19088,-10766,-4520,15016,CN,3,N_pwm150_grab1
19097,-7890,-2572,674,CN,3,N_pwm150_grab1
19103,-6718,-2676,11412,CN,3,N_pwm150_grab1
19108,1022,278,8838,CN,3,N_pwm150_grab1
19112,936,1816,13410,CN,3,N_pwm150_grab1
19118,-6658,-2714,11326,CN,3,N_pwm150_grab1
19123,11636,4348,9206,CN,3,N_pwm150_grab1
19127,5028,3532,14372,CN,3,N_pwm150_grab1
19132,7598,6710,13572,CN,3,N_pwm150_grab1
19137,7906,-4496,8512,CN,3,N_pwm150_grab1
19143,-2622,440,13842,CN,3,N_pwm150_grab1
19148,2668,-3656,7412,CN,3,N_pwm150_grab1
19158,-10568,-4742,15296,CN,3,N_pwm150_grab1
19164,1272,1542,9288,CN,3,N_pwm150_grab1
19168,1362,2034,13836,CN,3,N_pwm150_grab1
19173,3786,6622,12758,CN,3,N_pwm150_grab1
19178,11548,4372,8738,CN,3,N_pwm150_grab1
19183,5058,3350,14052,CN,3,N_pwm150_grab1
19188,7456,6646,13758,CN,3,N_pwm150_grab1
19194,7242,-5004,8378,CN,3,N_pwm150_grab1
19198,-2562,478,14514,CN,3,N_pwm150_grab1
19203,2620,-3522,8362,CN,3,N_pwm150_grab1
19209,-6562,-7684,-316,CN,3,N_pwm150_grab1
19214,-10624,-4050,15550,CN,3,N_pwm150_grab1
19219,-3476,-6290,10138,CN,3,N_pwm150_grab1
19224,-7424,-2256,2312,CN,3,N_pwm150_grab1
19228,-5718,-1786,10970,CN,3,N_pwm150_grab1
19233,1574,1116,7826,CN,3,N_pwm150_grab1
19238,1682,1964,13588,CN,3,N_pwm150_grab1
19244,4212,9310,14562,CN,3,N_pwm150_grab1
19248,12446,3928,8488,CN,3,N_pwm150_grab1
19253,4772,3264,13984,CN,3,N_pwm150_grab1
19258,7576,5236,13020,CN,3,N_pwm150_grab1
19263,6650,-6096,8064,CN,3,N_pwm150_grab1
19269,-3132,920,14528,CN,3,N_pwm150_grab1
19273,2572,-2874,9214,CN,3,N_pwm150_grab1
19278,-7310,-7480,-580,CN,3,N_pwm150_grab1
19283,-5128,-2174,11116,CN,3,N_pwm150_grab1
19289,-3234,-6824,9514,CN,3,N_pwm150_grab1
19293,-7350,-2446,2710,CN,3,N_pwm150_grab1
19298,-5534,-216,10720,CN,3,N_pwm150_grab1
19304,2510,2272,9034,CN,3,N_pwm150_grab1
19308,1960,2264,14464,CN,3,N_pwm150_grab1
19313,4430,9130,15064,CN,3,N_pwm150_grab1
19319,12576,3252,8380,CN,3,N_pwm150_grab1
19324,-3538,502,14672,CN,3,N_pwm150_grab1
19329,7276,5970,12660,CN,3,N_pwm150_grab1
19334,6344,-5414,7868,CN,3,N_pwm150_grab1
19339,-3682,832,14874,CN,3,N_pwm150_grab1
19344,2156,-3402,8966,CN,3,N_pwm150_grab1
19348,-7610,-7398,-1534,CN,3,N_pwm150_grab1
19354,-10676,-5422,14442,CN,3,N_pwm150_grab1
19358,-3716,-5948,11060,CN,3,N_pwm150_grab1
19363,2152,2396,14578,CN,3,N_pwm150_grab1
19368,4840,8826,14474,CN,3,N_pwm150_grab1
19374,2700,2226,8856,CN,3,N_pwm150_grab1
19379,2394,2402,14490,CN,3,N_pwm150_grab1
19383,5170,7856,13874,CN,3,N_pwm150_grab1
19388,12318,3406,8458,CN,3,N_pwm150_grab1
19393,4080,3154,12892,CN,3,N_pwm150_grab1
19398,7092,5838,12834,CN,3,N_pwm150_grab1
19404,-7940,-7212,-1026,CN,3,N_pwm150_grab1
19408,-10362,-5758,14540,CN,3,N_pwm150_grab1
19415,-3668,-5166,11530,CN,3,N_pwm150_grab1
19420,-6524,-918,4426,CN,3,N_pwm150_grab1
19424,-4520,1370,11576,CN,3,N_pwm150_grab1
19430,3530,3292,8190,CN,3,N_pwm150_grab1
19434,2368,2460,14450,CN,3,N_pwm150_grab1
19439,5300,8952,14624,CN,3,N_pwm150_grab1
19444,5060,-6418,7812,CN,3,N_pwm150_grab1
19449,-4070,282,15170,CN,3,N_pwm150_grab1
19454,1752,-3532,9172,CN,3,N_pwm150_grab1
19460,4958,-5774,7608,CN,3,N_pwm150_grab1
19464,-4110,-246,15356,CN,3,N_pwm150_grab1
19469,1528,-4440,8384,CN,3,N_pwm150_grab1
19480,-10440,-5314,14386,CN,3,N_pwm150_grab1
19484,4348,3068,8640,CN,3,N_pwm150_grab1
19489,2802,2604,14696,CN,3,N_pwm150_grab1
19494,5670,8184,14402,CN,3,N_pwm150_grab1
19499,4134,2382,7896,CN,3,N_pwm150_grab1
19505,2950,2548,14138,CN,3,N_pwm150_grab1
19509,5716,8708,14996,CN,3,N_pwm150_grab1
19514,12974,2168,8952,CN,3,N_pwm150_grab1
19519,3330,3496,13016,CN,3,N_pwm150_grab1
19524,664,-5034,7806,CN,3,N_pwm150_grab1
19534,-10402,-5700,13960,CN,3,N_pwm150_grab1
19539,-3320,-4430,11614,CN,3,N_pwm150_grab1
19550,-10450,-4132,14612,CN,3,N_pwm150_grab1
19554,-3158,-5214,10136,CN,3,N_pwm150_grab1
19559,-5438,-610,6210,CN,3,N_pwm150_grab1
19565,6456,8454,14496,CN,3,N_pwm150_grab1
19570,12412,2010,8826,CN,3,N_pwm150_grab1
19574,2704,3640,13080,CN,3,N_pwm150_grab1
19579,6668,2472,11156,CN,3,N_pwm150_grab1
19584,12484,596,8482,CN,3,N_pwm150_grab1
19589,2410,3110,12600,CN,3,N_pwm150_grab1
19595,6586,1402,10584,CN,3,N_pwm150_grab1
19599,1264,-8018,5094,CN,3,N_pwm150_grab1
19604,-9646,-5240,14030,CN,3,N_pwm150_grab1
19609,-2850,-3708,10846,CN,3,N_pwm150_grab1
19619,-1528,2286,11514,CN,3,N_pwm150_grab1
19625,6978,3506,7936,CN,3,N_pwm150_grab1
19630,-3824,124,8008,CN,3,N_pwm150_grab1
19634,-1274,3350,11930,CN,3,N_pwm150_grab1
19640,7460,3920,8304,CN,3,N_pwm150_grab1
19645,1828,2592,12922,CN,3,N_pwm150_grab1
19650,6080,1768,10908,CN,3,N_pwm150_grab1
19654,200,-8202,4204,CN,3,N_pwm150_grab1
19660,-7514,-1664,16182,CN,3,N_pwm150_grab1
19665,-1498,-5400,8936,CN,3,N_pwm150_grab1
19675,-9232,-4698,13374,CN,3,N_pwm150_grab1
19681,-2268,-3066,9296,CN,3,N_pwm150_grab1
19686,4736,2808,14846,CN,3,N_pwm150_grab1
19691,7438,9260,15242,CN,3,N_pwm150_grab1
19695,11718,-1090,9516,CN,3,N_pwm150_grab1
19700,836,2616,12986,CN,3,N_pwm150_grab1
19706,5280,-272,9618,CN,3,N_pwm150_grab1
19710,-1808,-8486,3198,CN,3,N_pwm150_grab1
19716,504,2244,12886,CN,3,N_pwm150_grab1
19721,5116,716,10714,CN,3,N_pwm150_grab1
19726,-2092,-8184,3100,CN,3,N_pwm150_grab1
19730,-8862,-4048,12892,CN,3,N_pwm150_grab1
19735,-974,-2730,8420,CN,3,N_pwm150_grab1
19740,-1458,958,10426,CN,3,N_pwm150_grab1
19745,1376,6750,13156,CN,3,N_pwm150_grab1
19751,10586,4906,8976,CN,3,N_pwm150_grab1
19756,-1282,1752,11316,CN,3,N_pwm150_grab1
19761,1662,7042,13184,CN,3,N_pwm150_grab1
19766,11004,4536,9254,CN,3,N_pwm150_grab1
19770,-896,1940,13332,CN,3,N_pwm150_grab1
19775,4020,-264,10078,CN,3,N_pwm150_grab1
19780,-4008,-8092,1216,CN,3,N_pwm150_grab1
19785,-10134,-3098,15382,CN,3,N_pwm150_grab1
19791,-3246,-7148,9284,CN,3,N_pwm150_grab1
19801,-10500,-4060,15168,CN,3,N_pwm150_grab1
19805,-3544,-7156,9196,CN,3,N_pwm150_grab1
19810,296,1910,12542,CN,3,N_pwm150_grab1
19815,3058,7460,13366,CN,3,N_pwm150_grab1
19821,11470,5058,8852,CN,3,N_pwm150_grab1
19825,5096,2894,14044,CN,3,N_pwm150_grab1
19831,7564,8154,13518,CN,3,N_pwm150_grab1
19836,8536,-3090,9318,CN,3,N_pwm150_grab1
19840,5154,3232,14288,CN,3,N_pwm150_grab1
19846,7396,7816,13410,CN,3,N_pwm150_grab1
19855,-10544,-5336,15072,CN,3,N_pwm150_grab1
19860,-3878,-6550,10776,CN,3,N_pwm150_grab1
19865,-7744,-2282,1954,CN,3,N_pwm150_grab1
19870,-5982,-1070,11542,CN,3,N_pwm150_grab1
19876,1596,1906,8818,CN,3,N_pwm150_grab1
19880,1488,2036,13972,CN,3,N_pwm150_grab1
19885,-5482,-2106,11464,CN,3,N_pwm150_grab1
19891,12224,4182,8716,CN,3,N_pwm150_grab1
19895,4994,2762,13358,CN,3,N_pwm150_grab1
19900,7014,7414,13122,CN,3,N_pwm150_grab1
19906,6948,-4656,8434,CN,3,N_pwm150_grab1
19911,-3116,168,15344,CN,3,N_pwm150_grab1
19915,2184,-4156,8026,CN,3,N_pwm150_grab1
19927,-10662,-5054,15466,CN,3,N_pwm150_grab1
19931,2978,2594,8562,CN,3,N_pwm150_grab1
19937,2350,2384,14216,CN,3,N_pwm150_grab1
19941,5158,7768,14042,CN,3,N_pwm150_grab1
19946,12998,2974,9162,CN,3,N_pwm150_grab1
19952,4120,3318,13002,CN,3,N_pwm150_grab1
19957,7116,5820,12490,CN,3,N_pwm150_grab1
19961,4968,-6116,7390,CN,3,N_pwm150_grab1
19968,-4556,-868,15276,CN,3,N_pwm150_grab1
19972,1306,-4986,7734,CN,3,N_pwm150_grab1
19981,-10758,-4944,14788,CN,3,N_pwm150_grab1
19986,-3520,-5160,11002,CN,3,N_pwm150_grab1
19992,-6102,-620,5748,CN,3,N_pwm150_grab1
19997,-3084,-394,10926,CN,3,N_pwm150_grab1
20001,4590,2012,7874,CN,3,N_pwm150_grab1
20006,3398,2668,14292,CN,3,N_pwm150_grab1
20011,6330,9564,15344,CN,3,N_pwm150_grab1
20017,12812,1346,8680,CN,3,N_pwm150_grab1
20021,2818,3304,12292,CN,3,N_pwm150_grab1
20027,6842,2620,11440,CN,3,N_pwm150_grab1
20031,2054,-7666,5196,CN,3,N_pwm150_grab1
20036,-6298,-1242,16254,CN,3,N_pwm150_grab1
20042,-318,-5232,8570,CN,3,N_pwm150_grab1
20051,-1912,1968,11226,CN,3,N_pwm150_grab1
20056,-2706,-4130,10338,CN,3,N_pwm150_grab1
20061,-4124,-8,7898,CN,3,N_pwm150_grab1
20066,-1536,3298,11656,CN,3,N_pwm150_grab1
20071,7386,3988,8314,CN,3,N_pwm150_grab1
20076,3950,2966,14608,CN,3,N_pwm150_grab1
20082,7216,9366,15028,CN,3,N_pwm150_grab1
20086,11912,304,9228,CN,3,N_pwm150_grab1
20091,-7848,-1678,15978,CN,3,N_pwm150_grab1
20096,5706,2478,11362,CN,3,N_pwm150_grab1
20102,-504,-7758,3640,CN,3,N_pwm150_grab1
20107,-8130,-2572,15646,CN,3,N_pwm150_grab1
20111,-2096,-6060,8924,CN,3,N_pwm150_grab1
20121,-8946,-4898,12836,CN,3,N_pwm150_grab1
20126,-1674,-1866,9982,CN,3,N_pwm150_grab1
20131,4976,2844,14744,CN,3,N_pwm150_grab1
20136,7458,9154,14626,CN,3,N_pwm150_grab1
20141,9826,4974,8764,CN,3,N_pwm150_grab1
20146,5004,2992,14502,CN,3,N_pwm150_grab1
20152,7750,9354,14188,CN,3,N_pwm150_grab1
20156,10554,-1488,10100,CN,3,N_pwm150_grab1
20161,-92,2132,13808,CN,3,N_pwm150_grab1
20166,4300,308,10458,CN,3,N_pwm150_grab1
20176,-8302,-3574,11808,CN,3,N_pwm150_grab1
20182,-136,-574,9276,CN,3,N_pwm150_grab1
20187,-388,1624,11970,CN,3,N_pwm150_grab1
20193,2456,7114,13152,CN,3,N_pwm150_grab1
20197,11572,4614,9254,CN,3,N_pwm150_grab1
20202,5350,2896,15010,CN,3,N_pwm150_grab1
20207,7658,8104,13730,CN,3,N_pwm150_grab1
20213,-5376,-8070,168,CN,3,N_pwm150_grab1
20217,-10878,-3622,15482,CN,3,N_pwm150_grab1
20224,-3396,-7424,9806,CN,3,N_pwm150_grab1
20228,-5984,-7948,-178,CN,3,N_pwm150_grab1
20232,-11186,-4030,15272,CN,3,N_pwm150_grab1
20238,-3434,-7288,9736,CN,3,N_pwm150_grab1
20243,-7944,-2930,1166,CN,3,N_pwm150_grab1
20247,-6274,-2100,11410,CN,3,N_pwm150_grab1
20253,12104,4450,8570,CN,3,N_pwm150_grab1
20258,4696,3236,13318,CN,3,N_pwm150_grab1
20263,7494,6836,13036,CN,3,N_pwm150_grab1
20267,12406,3972,8858,CN,3,N_pwm150_grab1
20273,4588,3294,13290,CN,3,N_pwm150_grab1
20278,7278,6622,12798,CN,3,N_pwm150_grab1
20282,6144,-5058,7886,CN,3,N_pwm150_grab1
20287,-3570,458,15074,CN,3,N_pwm150_grab1
20293,-3552,-6070,11178,CN,3,N_pwm150_grab1
20298,-6654,-1830,4002,CN,3,N_pwm150_grab1
20303,-4494,330,11394,CN,3,N_pwm150_grab1
20308,3528,2864,7874,CN,3,N_pwm150_grab1
20318,-4124,440,11490,CN,3,N_pwm150_grab1
20322,4200,2912,8354,CN,3,N_pwm150_grab1
20328,2926,2738,14620,CN,3,N_pwm150_grab1
20332,6238,8820,14536,CN,3,N_pwm150_grab1
20337,3468,-6596,6340,CN,3,N_pwm150_grab1
20342,-5342,-474,15978,CN,3,N_pwm150_grab1
20347,410,-4360,9732,CN,3,N_pwm150_grab1
20352,2698,-6710,5736,CN,3,N_pwm150_grab1
20357,-6006,-1686,15804,CN,3,N_pwm150_grab1
20363,-410,-5580,8506,CN,3,N_pwm150_grab1
20372,-9832,-5688,13600,CN,3,N_pwm150_grab1
20377,8191,-1,-1,CN,3,N_pwm150_grab1
20383,3998,2952,14460,CN,3,N_pwm150_grab1
20387,7194,9574,14746,CN,3,N_pwm150_grab1
20392,12110,172,9978,CN,3,N_pwm150_grab1
20397,4186,3066,14484,CN,3,N_pwm150_grab1
20402,7520,9168,14284,CN,3,N_pwm150_grab1
20407,11660,248,10012,CN,3,N_pwm150_grab1
20412,1142,2950,14032,CN,3,N_pwm150_grab1
20417,-2644,-6228,8616,CN,3,N_pwm150_grab1
20422,-8768,-4548,-2154,CN,3,N_pwm150_grab1
20427,-9160,-4130,12598,CN,3,N_pwm150_grab1
20432,-1358,-1456,9698,CN,3,N_pwm150_grab1
20438,-1580,1378,10194,CN,3,N_pwm150_grab1
20444,1188,4790,12196,CN,3,N_pwm150_grab1
20448,10246,4346,9404,CN,3,N_pwm150_grab1
20454,5434,3046,15120,CN,3,N_pwm150_grab1
20458,4260,-410,9874,CN,3,N_pwm150_grab1
20464,-4092,-8280,1222,CN,3,N_pwm150_grab1
20468,-10480,-4266,15168,CN,3,N_pwm150_grab1
20474,-3600,-7362,9156,CN,3,N_pwm150_grab1
20478,-8396,-3532,-672,CN,3,N_pwm150_grab1
20483,-10736,-3434,15392,CN,3,N_pwm150_grab1
20489,-3482,-7378,8978,CN,3,N_pwm150_grab1
20493,-8186,-3650,-8,CN,3,N_pwm150_grab1
20498,3408,5922,13116,CN,3,N_pwm150_grab1
20503,11590,4464,9136,CN,3,N_pwm150_grab1
20509,4882,4068,14158,CN,3,N_pwm150_grab1
20514,7724,6912,13376,CN,3,N_pwm150_grab1
20518,7438,-4730,8758,CN,3,N_pwm150_grab1
20524,4786,3448,14068,CN,3,N_pwm150_grab1
20528,7786,6582,12788,CN,3,N_pwm150_grab1
20533,7078,-5060,8698,CN,3,N_pwm150_grab1
20538,-11006,-3390,15418,CN,3,N_pwm150_grab1
20543,-3350,-6836,10578,CN,3,N_pwm150_grab1
20548,-7456,-2810,2724,CN,3,N_pwm150_grab1
20554,-5246,-952,11422,CN,3,N_pwm150_grab1
20559,2590,2500,8392,CN,3,N_pwm150_grab1
20563,2196,2586,14446,CN,3,N_pwm150_grab1
20568,-4852,-222,11498,CN,3,N_pwm150_grab1
20573,3182,2614,8626,CN,3,N_pwm150_grab1
20578,4042,2676,12292,CN,3,N_pwm150_grab1
20584,6976,6244,12584,CN,3,N_pwm150_grab1
20589,4922,-5604,7318,CN,3,N_pwm150_grab1
20593,-4450,-446,15858,CN,3,N_pwm150_grab1
20598,1160,-4560,8940,CN,3,N_pwm150_grab1
20609,-5096,-1170,15794,CN,3,N_pwm150_grab1
20614,630,-5142,8274,CN,3,N_pwm150_grab1
20619,-5312,-382,6226,CN,3,N_pwm150_grab1
20623,-3130,1320,11278,CN,3,N_pwm150_grab1
20628,5660,3264,7864,CN,3,N_pwm150_grab1
20634,3370,2842,14284,CN,3,N_pwm150_grab1
20639,6726,9260,14668,CN,3,N_pwm150_grab1
20643,12526,1272,9464,CN,3,N_pwm150_grab1
20648,2484,3050,12986,CN,3,N_pwm150_grab1
20654,6986,9486,15104,CN,3,N_pwm150_grab1
20658,1218,-7946,4650,CN,3,N_pwm150_grab1
20664,-7240,-1776,16046,CN,3,N_pwm150_grab1
20668,-1038,-5416,8882,CN,3,N_pwm150_grab1
20679,-9712,-4820,13252,CN,3,N_pwm150_grab1
20683,-2400,-2954,9632,CN,3,N_pwm150_grab1
20689,-3236,570,8496,CN,3,N_pwm150_grab1
20694,-536,3928,11650,CN,3,N_pwm150_grab1
20700,11976,-594,10084,CN,3,N_pwm150_grab1
20705,704,2902,13528,CN,3,N_pwm150_grab1
20709,5284,832,10476,CN,3,N_pwm150_grab1
20714,-1966,-8240,2828,CN,3,N_pwm150_grab1
20719,-9476,-3034,15540,CN,3,N_pwm150_grab1
20725,-2904,-6818,8484,CN,3,N_pwm150_grab1
20729,-8786,-4476,-1910,CN,3,N_pwm150_grab1
20736,-8542,-4186,12532,CN,3,N_pwm150_grab1
20739,-680,-1764,8916,CN,3,N_pwm150_grab1
20745,-1018,1114,11036,CN,3,N_pwm150_grab1
20750,1824,5138,12652,CN,3,N_pwm150_grab1
20755,10700,4576,9232,CN,3,N_pwm150_grab1
20759,5264,3440,15058,CN,3,N_pwm150_grab1
20764,7724,8366,13802,CN,3,N_pwm150_grab1
20769,9482,-3030,9728,CN,3,N_pwm150_grab1
20775,-1296,1618,13734,CN,3,N_pwm150_grab1
20779,3470,-1972,8482,CN,3,N_pwm150_grab1
20784,-5410,-8146,-102,CN,3,N_pwm150_grab1
20790,-10844,-3756,15478,CN,3,N_pwm150_grab1
20794,-3630,-7288,10082,CN,3,N_pwm150_grab1
20799,-8276,-3176,690,CN,3,N_pwm150_grab1
20805,-6258,-3054,11768,CN,3,N_pwm150_grab1
20809,1142,402,8126,CN,3,N_pwm150_grab1
20815,1466,1836,13184,CN,3,N_pwm150_grab1
20820,7466,7394,13422,CN,3,N_pwm150_grab1
20825,11976,4368,8524,CN,3,N_pwm150_grab1
20830,4718,3322,13290,CN,3,N_pwm150_grab1
20835,7574,6684,13118,CN,3,N_pwm150_grab1
20839,6832,-5222,7958,CN,3,N_pwm150_grab1
20844,-3044,580,15068,CN,3,N_pwm150_grab1
20849,2152,-3290,9102,CN,3,N_pwm150_grab1
20860,-5138,-1098,11082,CN,3,N_pwm150_grab1
20865,-3560,-6268,11174,CN,3,N_pwm150_grab1
20869,-6776,-2088,3798,CN,3,N_pwm150_grab1
20875,-4638,-28,11176,CN,3,N_pwm150_grab1
20885,2560,2546,14440,CN,3,N_pwm150_grab1
20889,5688,9256,14880,CN,3,N_pwm150_grab1
20894,12812,2512,8330,CN,3,N_pwm150_grab1
20900,-4600,-144,15624,CN,3,N_pwm150_grab1
20905,1306,-4030,9240,CN,3,N_pwm150_grab1
20909,4114,-6374,6542,CN,3,N_pwm150_grab1
20914,-4960,-220,16096,CN,3,N_pwm150_grab1
20919,926,-4236,9758,CN,3,N_pwm150_grab1
20929,-10388,-5480,14092,CN,3,N_pwm150_grab1
20934,-3296,-4268,11114,CN,3,N_pwm150_grab1
20939,-5208,-248,6488,CN,3,N_pwm150_grab1
20945,6352,9608,15244,CN,3,N_pwm150_grab1
20950,12910,590,9082,CN,3,N_pwm150_grab1
20955,2416,2938,12864,CN,3,N_pwm150_grab1
20961,6738,3312,11588,CN,3,N_pwm150_grab1
20965,1466,-7508,5026,CN,3,N_pwm150_grab1
20970,-6738,-950,16086,CN,3,N_pwm150_grab1
20975,-924,-5022,8852,CN,3,N_pwm150_grab1
20980,-3930,-72,7880,CN,3,N_pwm150_grab1
20985,-1338,3278,11810,CN,3,N_pwm150_grab1
20992,7812,3812,8654,CN,3,N_pwm150_grab1
20995,-3692,536,8504,CN,3,N_pwm150_grab1
21000,-820,4378,12048,CN,3,N_pwm150_grab1
21006,8624,4106,8828,CN,3,N_pwm150_grab1
21010,4754,2840,15104,CN,3,N_pwm150_grab1
21015,7596,9222,14524,CN,3,N_pwm150_grab1
21021,11792,-822,9712,CN,3,N_pwm150_grab1
21025,-8346,-1858,15906,CN,3,N_pwm150_grab1
21031,-2052,-6196,9442,CN,3,N_pwm150_grab1
21036,-1462,-7692,2822,CN,3,N_pwm150_grab1
21041,-9094,-3026,15714,CN,3,N_pwm150_grab1
21045,-2682,-6864,8598,CN,3,N_pwm150_grab1
21055,-8400,-4246,12332,CN,3,N_pwm150_grab1
21063,-8400,-4246,12332,CN,3,N_pwm150_grab1
21066,4984,2894,14364,CN,3,N_pwm150_grab1
21071,7542,9144,13990,CN,3,N_pwm150_grab1
21075,10314,-1690,10266,CN,3,N_pwm150_grab1
21080,5098,3246,14490,CN,3,N_pwm150_grab1
21085,7614,8906,13922,CN,3,N_pwm150_grab1
21090,9826,-1916,9974,CN,3,N_pwm150_grab1
21095,-774,1920,14164,CN,3,N_pwm150_grab1
21100,3606,-1724,8758,CN,3,N_pwm150_grab1
21106,-8408,-3396,-14,CN,3,N_pwm150_grab1
21111,-7354,-2462,12042,CN,3,N_pwm150_grab1
21116,572,846,8978,CN,3,N_pwm150_grab1
21120,-8298,-3216,454,CN,3,N_pwm150_grab1
21125,-6880,-2988,12198,CN,3,N_pwm150_grab1
21130,702,166,8132,CN,3,N_pwm150_grab1
21135,950,1770,12358,CN,3,N_pwm150_grab1
21140,3526,7152,13362,CN,3,N_pwm150_grab1
21145,8396,-3758,9510,CN,3,N_pwm150_grab1
21150,-2002,1316,14678,CN,3,N_pwm150_grab1
21155,2740,-2730,8564,CN,3,N_pwm150_grab1
21160,-6428,-8098,-204,CN,3,N_pwm150_grab1
21165,-2350,802,14562,CN,3,N_pwm150_grab1
21171,2474,-3082,8704,CN,3,N_pwm150_grab1
21176,-6812,-7838,-520,CN,3,N_pwm150_grab1
21181,-10490,-4080,15452,CN,3,N_pwm150_grab1
21186,1874,1142,7902,CN,3,N_pwm150_grab1
21190,1882,2184,13278,CN,3,N_pwm150_grab1
21195,4666,7910,14040,CN,3,N_pwm150_grab1
21201,12898,3710,9030,CN,3,N_pwm150_grab1
21207,4236,3878,14248,CN,3,N_pwm150_grab1
21211,7674,5608,12794,CN,3,N_pwm150_grab1
21217,6054,-5898,8190,CN,3,N_pwm150_grab1
21222,-3572,102,14378,CN,3,N_pwm150_grab1
21226,-3840,-5672,11246,CN,3,N_pwm150_grab1
21232,-6852,-1720,3754,CN,3,N_pwm150_grab1
21237,-4694,-1034,11752,CN,3,N_pwm150_grab1
21241,3156,2006,7942,CN,3,N_pwm150_grab1
21246,2782,2676,14084,CN,3,N_pwm150_grab1
21251,-4488,-684,11446,CN,3,N_pwm150_grab1
21257,3552,2016,7912,CN,3,N_pwm150_grab1
21261,2858,2710,13964,CN,3,N_pwm150_grab1
21266,7332,4284,12100,CN,3,N_pwm150_grab1
21272,3848,-6566,6794,CN,3,N_pwm150_grab1
21277,-4692,-1018,15202,CN,3,N_pwm150_grab1
21282,750,-5028,8242,CN,3,N_pwm150_grab1
21291,-5094,-622,15258,CN,3,N_pwm150_grab1
21296,480,-4618,8720,CN,3,N_pwm150_grab1
21306,-3174,1266,11902,CN,3,N_pwm150_grab1
21311,5630,3194,7772,CN,3,N_pwm150_grab1
21317,3406,3026,14218,CN,3,N_pwm150_grab1
21321,6872,9592,15096,CN,3,N_pwm150_grab1
21326,12380,1226,8904,CN,3,N_pwm150_grab1
21331,2316,2934,13560,CN,3,N_pwm150_grab1
21337,6996,9416,15212,CN,3,N_pwm150_grab1
21342,12216,700,8964,CN,3,N_pwm150_grab1
21347,-6468,-1734,15424,CN,3,N_pwm150_grab1
21352,-890,-5494,9110,CN,3,N_pwm150_grab1
21356,-9176,-5898,-1534,CN,3,N_pwm150_grab1
21362,-9532,-4906,13610,CN,3,N_pwm150_grab1
21367,-2382,-3496,9756,CN,3,N_pwm150_grab1
21371,-3366,242,7432,CN,3,N_pwm150_grab1
21376,-9224,-5236,13272,CN,3,N_pwm150_grab1
21382,-2124,-3050,10126,CN,3,N_pwm150_grab1
21386,4398,3030,14332,CN,3,N_pwm150_grab1
21391,7442,9378,15142,CN,3,N_pwm150_grab1
21396,11520,-1426,9778,CN,3,N_pwm150_grab1
21402,830,2256,13864,CN,3,N_pwm150_grab1
21406,5464,898,10510,CN,3,N_pwm150_grab1
21412,-1242,-8086,3296,CN,3,N_pwm150_grab1
21417,-8472,-2052,15544,CN,3,N_pwm150_grab1
21422,5080,1682,10900,CN,3,N_pwm150_grab1
21427,-9200,-5122,-1034,CN,3,N_pwm150_grab1
21431,-9104,-4504,12158,CN,3,N_pwm150_grab1
21436,-1264,-1410,9460,CN,3,N_pwm150_grab1
21441,-1612,1330,9996,CN,3,N_pwm150_grab1
21447,1146,7080,13316,CN,3,N_pwm150_grab1
21452,10564,4648,9106,CN,3,N_pwm150_grab1
21457,5180,2770,14804,CN,3,N_pwm150_grab1
21463,7742,8996,14152,CN,3,N_pwm150_grab1
21467,-3782,-8114,1606,CN,3,N_pwm150_grab1
21473,-10104,-2764,15414,CN,3,N_pwm150_grab1
21477,-2974,-7388,9088,CN,3,N_pwm150_grab1
21483,-8998,-4480,-714,CN,3,N_pwm150_grab1
21487,-7756,-3682,11828,CN,3,N_pwm150_grab1
21493,334,-32,9584,CN,3,N_pwm150_grab1
21497,36,1716,12142,CN,3,N_pwm150_grab1
21502,2786,7692,13808,CN,3,N_pwm150_grab1
21507,11356,4838,8606,CN,3,N_pwm150_grab1
21512,4992,3184,14004,CN,3,N_pwm150_grab1
21517,7580,8148,13462,CN,3,N_pwm150_grab1
21523,8728,-3096,9374,CN,3,N_pwm150_grab1
21528,-1668,1492,14280,CN,3,N_pwm150_grab1
21532,3016,-1166,10008,CN,3,N_pwm150_grab1
21537,-6000,-7820,-136,CN,3,N_pwm150_grab1
21542,-10596,-5512,14658,CN,3,N_pwm150_grab1
21547,2882,-2918,8142,CN,3,N_pwm150_grab1
21553,-7846,-2820,1550,CN,3,N_pwm150_grab1
21557,-6392,-968,11814,CN,3,N_pwm150_grab1
21562,1572,2196,9260,CN,3,N_pwm150_grab1
21568,1636,2314,13914,CN,3,N_pwm150_grab1
21573,4386,7560,13676,CN,3,N_pwm150_grab1
21577,11976,4152,8532,CN,3,N_pwm150_grab1
21582,11976,4152,8532,CN,3,N_pwm150_grab1
21587,26141,13875,17423,CN,3,N_pwm150_grab1
21592,7072,-4312,8580,CN,3,N_pwm150_grab1
21597,-2968,-160,14864,CN,3,N_pwm150_grab1
21602,1890,-4528,7672,CN,3,N_pwm150_grab1
21607,-7652,-7584,-1396,CN,3,N_pwm150_grab1
21613,-10492,-5782,14914,CN,3,N_pwm150_grab1
21617,-3892,-5294,11562,CN,3,N_pwm150_grab1
21623,-6524,-1548,3726,CN,3,N_pwm150_grab1
21628,-4928,-1480,11938,CN,3,N_pwm150_grab1
21632,2768,1108,6556,CN,3,N_pwm150_grab1
21637,2654,2262,13188,CN,3,N_pwm150_grab1
21642,5596,10292,15782,CN,3,N_pwm150_grab1
21647,13140,2724,8166,CN,3,N_pwm150_grab1
21652,3536,3538,13226,CN,3,N_pwm150_grab1
21657,7486,3632,12120,CN,3,N_pwm150_grab1
21663,4168,-7072,7080,CN,3,N_pwm150_grab1
21668,-4552,66,15094,CN,3,N_pwm150_grab1
21672,-3136,-5530,10196,CN,3,N_pwm150_grab1
21677,-8844,-6748,-914,CN,3,N_pwm150_grab1
21682,-10632,-6470,13322,CN,3,N_pwm150_grab1
21687,-3818,-4104,11760,CN,3,N_pwm150_grab1
21692,-5635,-1,-1,CN,3,N_pwm150_grab1
21703,5324,3692,8298,CN,3,N_pwm150_grab1
21707,3246,3032,14392,CN,3,N_pwm150_grab1
21712,6630,5326,11854,CN,3,N_pwm150_grab1
21719,2942,-5574,6334,CN,3,N_pwm150_grab1
21724,-5440,-1960,15148,CN,3,N_pwm150_grab1
21728,-216,-5746,7378,CN,3,N_pwm150_grab1
21734,-8652,-6210,-2878,CN,3,N_pwm150_grab1
21738,-9964,-5852,13658,CN,3,N_pwm150_grab1
21744,-3392,-3222,11926,CN,3,N_pwm150_grab1
21748,-4686,106,7360,CN,3,N_pwm150_grab1
21754,6850,7508,13614,CN,3,N_pwm150_grab1
21760,12148,1610,9074,CN,3,N_pwm150_grab1
21763,3710,2644,13690,CN,3,N_pwm150_grab1
21768,6856,9828,16346,CN,3,N_pwm150_grab1
21773,12050,-64,8362,CN,3,N_pwm150_grab1
21779,2108,2878,12788,CN,3,N_pwm150_grab1
21784,6602,1714,10506,CN,3,N_pwm150_grab1
21788,1032,-7860,4960,CN,3,N_pwm150_grab1
21794,-9694,-2566,14914,CN,3,N_pwm150_grab1
21799,-2138,-4666,9138,CN,3,N_pwm150_grab1
21804,-9594,-5832,-876,CN,3,N_pwm150_grab1
21808,-9582,-6472,12186,CN,3,N_pwm150_grab1
21814,-2864,-1642,13156,CN,3,N_pwm150_grab1
21819,-3674,866,8134,CN,3,N_pwm150_grab1
21823,-1914,5250,12762,CN,3,N_pwm150_grab1
21828,7686,4454,7878,CN,3,N_pwm150_grab1
21834,1774,1092,12664,CN,3,N_pwm150_grab1
21839,5970,4940,11612,CN,3,N_pwm150_grab1
21844,1464,-5634,5434,CN,3,N_pwm150_grab1
21848,2042,3530,15088,CN,3,N_pwm150_grab1
21853,5914,-1258,7758,CN,3,N_pwm150_grab1
21858,282,-8726,3920,CN,3,N_pwm150_grab1
21864,-6668,-2214,15752,CN,3,N_pwm150_grab1
21868,-1168,-5836,8444,CN,3,N_pwm150_grab1
21874,-3750,538,7830,CN,3,N_pwm150_grab1
21878,-1222,-240,11828,CN,3,N_pwm150_grab1
21884,6400,708,6448,CN,3,N_pwm150_grab1
21888,-3946,-1694,6598,CN,3,N_pwm150_grab1
21893,-1342,9996,14896,CN,3,N_pwm150_grab1
21898,8110,4652,7622,CN,3,N_pwm150_grab1
21903,3722,2066,13254,CN,3,N_pwm150_grab1
21908,6710,9434,14794,CN,3,N_pwm150_grab1
21914,208,-7684,4850,CN,3,N_pwm150_grab1
21918,-6724,-168,15604,CN,3,N_pwm150_grab1
21923,-966,-2564,11542,CN,3,N_pwm150_grab1
21928,-9294,-5602,-436,CN,3,N_pwm150_grab1
21933,-5912,-6748,14160,CN,3,N_pwm150_grab1
21939,-2302,-4768,8836,CN,3,N_pwm150_grab1
21944,-8122,-3854,-1652,CN,3,N_pwm150_grab1
21948,-9426,-5192,13762,CN,3,N_pwm150_grab1
21954,7046,3762,8158,CN,3,N_pwm150_grab1
21958,3728,3040,14270,CN,3,N_pwm150_grab1
21963,6934,5400,12264,CN,3,N_pwm150_grab1
21969,11604,1110,9494,CN,3,N_pwm150_grab1
21974,2106,3120,14754,CN,3,N_pwm150_grab1
21980,5728,-2016,6450,CN,3,N_pwm150_grab1
21984,1170,-8148,4270,CN,3,N_pwm150_grab1
21989,-5764,-2598,15720,CN,3,N_pwm150_grab1
21994,-3090,-2032,12100,CN,3,N_pwm150_grab1
22000,-4278,246,7302,CN,3,N_pwm150_grab1
22004,-2494,-716,12812,CN,3,N_pwm150_grab1
22009,5304,316,5524,CN,3,N_pwm150_grab1
22016,3194,3588,12426,CN,3,N_pwm150_grab1
22019,-2688,8618,14932,CN,3,N_pwm150_grab1
22024,6732,4766,7536,CN,3,N_pwm150_grab1
22030,3112,2296,13590,CN,3,N_pwm150_grab1
22034,7248,2932,11492,CN,3,N_pwm150_grab1
22040,2454,-6824,6674,CN,3,N_pwm150_grab1
22045,-5306,-34,14920,CN,3,N_pwm150_grab1
22050,716,-2610,10916,CN,3,N_pwm150_grab1
22055,-8806,-6464,-318,CN,3,N_pwm150_grab1
22060,-4522,-5724,14066,CN,3,N_pwm150_grab1
22065,-770,-5126,7882,CN,3,N_pwm150_grab1
22069,-7610,-4730,-1306,CN,3,N_pwm150_grab1
22074,-4184,3498,12576,CN,3,N_pwm150_grab1
22080,5184,3708,8510,CN,3,N_pwm150_grab1
22084,3228,2798,14176,CN,3,N_pwm150_grab1
22089,5708,4102,12346,CN,3,N_pwm150_grab1
22095,11962,1560,9074,CN,3,N_pwm150_grab1
22100,3188,5044,15060,CN,3,N_pwm150_grab1
22105,6506,8884,17438,CN,3,N_pwm150_grab1
22109,12138,-1092,7314,CN,3,N_pwm150_grab1
22114,-4826,-484,14682,CN,3,N_pwm150_grab1
22120,1186,-4990,7590,CN,3,N_pwm150_grab1
22124,-8224,-7012,-1190,CN,3,N_pwm150_grab1
22130,-10162,-1588,15024,CN,3,N_pwm150_grab1
22134,-2708,-5560,10704,CN,3,N_pwm150_grab1
22139,-6610,-2982,4328,CN,3,N_pwm150_grab1
22144,-10916,-6566,11674,CN,3,N_pwm150_grab1
22149,-3744,-1410,14328,CN,3,N_pwm150_grab1
22154,-6422,-244,5750,CN,3,N_pwm150_grab1
22159,5274,9194,14998,CN,3,N_pwm150_grab1
22164,12302,2946,8170,CN,3,N_pwm150_grab1
22169,3648,2344,12736,CN,3,N_pwm150_grab1
22174,6758,6856,11684,CN,3,N_pwm150_grab1
22180,6618,-2572,8732,CN,3,N_pwm150_grab1
22184,-2902,-3396,14516,CN,3,N_pwm150_grab1
22190,7312,320,9766,CN,3,N_pwm150_grab1
22195,5292,-7682,6534,CN,3,N_pwm150_grab1
22200,-8910,-6248,15140,CN,3,N_pwm150_grab1
22204,-4224,-5124,11304,CN,3,N_pwm150_grab1
22210,-6944,-1686,3362,CN,3,N_pwm150_grab1
22215,-5524,-1072,13094,CN,3,N_pwm150_grab1
22219,1518,-1368,4706,CN,3,N_pwm150_grab1
22224,1704,700,11322,CN,3,N_pwm150_grab1
22230,4572,10562,17192,CN,3,N_pwm150_grab1
22235,11718,2210,7250,CN,3,N_pwm150_grab1
22240,-2808,864,14122,CN,3,N_pwm150_grab1
22245,2646,-3234,7830,CN,3,N_pwm150_grab1
22251,-6234,-7580,446,CN,3,N_pwm150_grab1
22255,-9940,-1128,15886,CN,3,N_pwm150_grab1
22260,-2694,-5866,10310,CN,3,N_pwm150_grab1
22265,-8310,-4348,1692,CN,3,N_pwm150_grab1
22272,-7010,4488,12124,CN,3,N_pwm150_grab1
22276,-4258,-3022,12712,CN,3,N_pwm150_grab1
22281,1242,1454,12970,CN,3,N_pwm150_grab1
22286,2972,8968,14814,CN,3,N_pwm150_grab1
22290,11732,4244,8538,CN,3,N_pwm150_grab1
22295,4446,2618,13488,CN,3,N_pwm150_grab1
22301,7686,6532,11448,CN,3,N_pwm150_grab1
22305,9536,-860,10356,CN,3,N_pwm150_grab1
22310,-1086,-144,14232,CN,3,N_pwm150_grab1
22315,8328,2654,13358,CN,3,N_pwm150_grab1
3004,-2422,-458,12970,CN,0,N_pwm150_grab2
3009,-742,898,11252,CN,0,N_pwm150_grab2
3020,8294,3620,6986,CN,0,N_pwm150_grab2
3025,4044,1024,13198,CN,0,N_pwm150_grab2
3030,6260,6300,13652,CN,0,N_pwm150_grab2
3036,9788,-114,8636,CN,0,N_pwm150_grab2
3040,1132,-460,12598,CN,0,N_pwm150_grab2
3046,4176,-3800,5252,CN,0,N_pwm150_grab2
3056,-7484,-3094,12886,CN,0,N_pwm150_grab2
3060,-1762,-338,13668,CN,0,N_pwm150_grab2
3066,-4322,914,9972,CN,0,N_pwm150_grab2
3070,-1092,-998,10972,CN,0,N_pwm150_grab2
3076,-1092,-4968,9914,CN,0,N_pwm150_grab2
3080,-5276,-2518,7076,CN,0,N_pwm150_grab2
3086,-2076,8874,14320,CN,0,N_pwm150_grab2
3090,8288,-4412,5090,CN,0,N_pwm150_grab2
3096,1860,3150,12048,CN,0,N_pwm150_grab2
3100,6964,1156,10958,CN,0,N_pwm150_grab2
3105,4454,-7208,7206,CN,0,N_pwm150_grab2
3111,-4724,56,14670,CN,0,N_pwm150_grab2
3115,6288,6002,11860,CN,0,N_pwm150_grab2
3121,6292,-2076,8490,CN,0,N_pwm150_grab2
3126,-3076,-5536,13798,CN,0,N_pwm150_grab2
3131,-2412,1522,14802,CN,0,N_pwm150_grab2
3138,-2412,1522,14802,CN,0,N_pwm150_grab2
3141,-5072,1998,11914,CN,0,N_pwm150_grab2
3146,1954,2474,11038,CN,0,N_pwm150_grab2
3150,-198,1208,13060,CN,0,N_pwm150_grab2
3155,1612,1124,10042,CN,0,N_pwm150_grab2
3161,664,-3006,7224,CN,0,N_pwm150_grab2
3165,-1224,640,9632,CN,0,N_pwm150_grab2
3170,6602,10,12512,CN,0,N_pwm150_grab2
3175,8052,-6696,5044,CN,0,N_pwm150_grab2
3181,-348,1050,13288,CN,0,N_pwm150_grab2
3185,4522,-3186,6528,CN,0,N_pwm150_grab2
3191,24,-7602,3972,CN,0,N_pwm150_grab2
3195,-6722,576,16406,CN,0,N_pwm150_grab2
3200,5046,4104,11428,CN,0,N_pwm150_grab2
3205,1942,-4510,6386,CN,0,N_pwm150_grab2
3211,-8322,1342,12114,CN,0,N_pwm150_grab2
3215,-1088,2666,15974,CN,0,N_pwm150_grab2
3220,-4058,-212,8794,CN,0,N_pwm150_grab2
3225,-2542,5648,12916,CN,0,N_pwm150_grab2
3231,5390,4048,8418,CN,0,N_pwm150_grab2
3236,2610,1504,12680,CN,0,N_pwm150_grab2
3241,4416,3482,13246,CN,0,N_pwm150_grab2
3245,3234,-702,5728,CN,0,N_pwm150_grab2
3250,2904,3028,13618,CN,0,N_pwm150_grab2
3256,6446,-1884,9224,CN,0,N_pwm150_grab2
3261,4920,-7116,5436,CN,0,N_pwm150_grab2
3265,-3906,14,14584,CN,0,N_pwm150_grab2
3270,1784,-4130,5478,CN,0,N_pwm150_grab2
3276,-4314,-6412,1486,CN,0,N_pwm150_grab2
3280,-7544,560,17042,CN,0,N_pwm150_grab2
3286,-1818,-4246,11114,CN,0,N_pwm150_grab2
3291,-642,666,10032,CN,0,N_pwm150_grab2
3296,1698,8558,16612,CN,0,N_pwm150_grab2
3302,8138,-88,5844,CN,0,N_pwm150_grab2
3307,2914,1078,10826,CN,0,N_pwm150_grab2
3311,6908,5504,15728,CN,0,N_pwm150_grab2
3316,8520,-3956,7618,CN,0,N_pwm150_grab2
3321,18,356,11872,CN,0,N_pwm150_grab2
3326,4644,3838,11178,CN,0,N_pwm150_grab2
3332,666,-4562,6040,CN,0,N_pwm150_grab2
3336,-6136,-6824,12920,CN,0,N_pwm150_grab2
3341,-1240,-1218,10082,CN,0,N_pwm150_grab2
3346,-6446,-1268,1964,CN,0,N_pwm150_grab2
3351,-7420,-4172,12660,CN,0,N_pwm150_grab2
3356,-2208,-840,13626,CN,0,N_pwm150_grab2
3361,-4822,412,8444,CN,0,N_pwm150_grab2
3367,-1816,-1098,11728,CN,0,N_pwm150_grab2
3372,3588,-892,4776,CN,0,N_pwm150_grab2
3377,2206,3400,12260,CN,0,N_pwm150_grab2
3381,5232,3982,16826,CN,0,N_pwm150_grab2
3386,8424,-3834,4722,CN,0,N_pwm150_grab2
3392,1796,2850,11620,CN,0,N_pwm150_grab2
3396,7542,2502,12656,CN,0,N_pwm150_grab2
3401,5128,-6140,7934,CN,0,N_pwm150_grab2
3406,-3342,462,13666,CN,0,N_pwm150_grab2
3411,-1892,-4476,10864,CN,0,N_pwm150_grab2
3417,-3592,-5234,3142,CN,0,N_pwm150_grab2
3421,-7046,-5856,12416,CN,0,N_pwm150_grab2
3426,-2022,64,13168,CN,0,N_pwm150_grab2
3432,-6102,-112,3984,CN,0,N_pwm150_grab2
3437,-6108,-800,12010,CN,0,N_pwm150_grab2
3442,202,1150,12502,CN,0,N_pwm150_grab2
3446,-1706,1048,11068,CN,0,N_pwm150_grab2
3451,-1706,1048,11068,CN,0,N_pwm150_grab2
3456,5956,842,6086,CN,0,N_pwm150_grab2
3462,3458,4128,13790,CN,0,N_pwm150_grab2
3466,5814,1882,15136,CN,0,N_pwm150_grab2
3471,8722,-5944,4800,CN,0,N_pwm150_grab2
3476,534,2632,13126,CN,0,N_pwm150_grab2
3482,5880,-836,9272,CN,0,N_pwm150_grab2
3487,1902,-7640,6390,CN,0,N_pwm150_grab2
3491,-6068,840,15344,CN,0,N_pwm150_grab2
3497,-1368,-4682,11230,CN,0,N_pwm150_grab2
3502,-6308,-5010,1962,CN,0,N_pwm150_grab2
3507,-8516,608,13000,CN,0,N_pwm150_grab2
3511,-1878,2320,15638,CN,0,N_pwm150_grab2
3516,-5012,-322,6552,CN,0,N_pwm150_grab2
3521,-3686,3044,11504,CN,0,N_pwm150_grab2
3526,3856,3008,10472,CN,0,N_pwm150_grab2
3532,898,1062,12692,CN,0,N_pwm150_grab2
3536,6466,5904,12516,CN,0,N_pwm150_grab2
3543,6952,-1162,9226,CN,0,N_pwm150_grab2
3547,-1360,-4528,13972,CN,0,N_pwm150_grab2
3552,754,-3328,6178,CN,0,N_pwm150_grab2
3557,-2614,-4364,2982,CN,0,N_pwm150_grab2
3562,-6190,-4522,16920,CN,0,N_pwm150_grab2
3567,-2694,-4736,9782,CN,0,N_pwm150_grab2
3573,-6560,-2392,1460,CN,0,N_pwm150_grab2
3578,-68,720,11306,CN,0,N_pwm150_grab2
3582,6164,1096,6240,CN,0,N_pwm150_grab2
3588,-2956,-764,8020,CN,0,N_pwm150_grab2
3593,-956,9680,15612,CN,0,N_pwm150_grab2
3598,6714,2190,6938,CN,0,N_pwm150_grab2
3603,2972,458,11058,CN,0,N_pwm150_grab2
3608,5002,7162,16404,CN,0,N_pwm150_grab2
3612,9734,-1714,7050,CN,0,N_pwm150_grab2
3618,-5868,1066,15878,CN,0,N_pwm150_grab2
3623,1122,-1458,10286,CN,0,N_pwm150_grab2
3628,4628,-3262,8582,CN,0,N_pwm150_grab2
3633,-3908,-6668,12962,CN,0,N_pwm150_grab2
3637,-620,-2796,7050,CN,0,N_pwm150_grab2
3643,-4824,-2906,1998,CN,0,N_pwm150_grab2
3648,-7300,-5864,15214,CN,0,N_pwm150_grab2
3652,-3600,-3510,11852,CN,0,N_pwm150_grab2
3657,370,1074,12410,CN,0,N_pwm150_grab2
3663,2040,1152,12126,CN,0,N_pwm150_grab2
3667,7166,1186,6802,CN,0,N_pwm150_grab2
3672,-918,844,9730,CN,0,N_pwm150_grab2
3677,2046,8084,17092,CN,0,N_pwm150_grab2
3683,7072,-752,5112,CN,0,N_pwm150_grab2
3687,2544,690,10214,CN,0,N_pwm150_grab2
3693,6518,6478,16252,CN,0,N_pwm150_grab2
3697,-492,-7502,4596,CN,0,N_pwm150_grab2
3703,-6670,850,16832,CN,0,N_pwm150_grab2
3708,164,-1338,11958,CN,0,N_pwm150_grab2
3712,1902,-3362,6814,CN,0,N_pwm150_grab2
3717,-4900,-6618,13340,CN,0,N_pwm150_grab2
3723,-1574,-1300,9290,CN,0,N_pwm150_grab2
3728,-5598,-1560,2788,CN,0,N_pwm150_grab2
3732,-7292,-5160,13512,CN,0,N_pwm150_grab2
3737,5086,3720,8868,CN,0,N_pwm150_grab2
3742,2112,952,13140,CN,0,N_pwm150_grab2
3747,3380,2492,12674,CN,0,N_pwm150_grab2
3752,8966,1406,7610,CN,0,N_pwm150_grab2
3758,996,2114,11416,CN,0,N_pwm150_grab2
3762,3340,6990,17114,CN,0,N_pwm150_grab2
3767,8906,-1876,5732,CN,0,N_pwm150_grab2
3772,2426,1244,11118,CN,0,N_pwm150_grab2
3777,2660,-3462,5938,CN,0,N_pwm150_grab2
3782,-3124,-6770,2518,CN,0,N_pwm150_grab2
3787,-7842,1136,17726,CN,0,N_pwm150_grab2
3793,-794,-3120,11140,CN,0,N_pwm150_grab2
3798,-7614,-4700,1696,CN,0,N_pwm150_grab2
3803,-6624,4496,12904,CN,0,N_pwm150_grab2
3808,826,3430,16332,CN,0,N_pwm150_grab2
3814,-1814,-328,9336,CN,0,N_pwm150_grab2
3819,5368,7340,16472,CN,0,N_pwm150_grab2
3824,9342,-1840,7482,CN,0,N_pwm150_grab2
3829,1890,10,11314,CN,0,N_pwm150_grab2
3833,5334,5666,11288,CN,0,N_pwm150_grab2
3838,3678,-3072,8192,CN,0,N_pwm150_grab2
3844,2536,1414,13412,CN,0,N_pwm150_grab2
3848,5616,-2884,7228,CN,0,N_pwm150_grab2
3853,3966,-6474,5156,CN,0,N_pwm150_grab2
3858,-7404,-5658,14830,CN,0,N_pwm150_grab2
3863,-3524,-3516,11664,CN,0,N_pwm150_grab2
3868,-6432,-748,4302,CN,0,N_pwm150_grab2
3874,-4396,-260,12168,CN,0,N_pwm150_grab2
3878,2132,-2704,6438,CN,0,N_pwm150_grab2
3883,-7042,-4238,3438,CN,0,N_pwm150_grab2
3889,-6122,6658,13206,CN,0,N_pwm150_grab2
3894,2828,3270,13434,CN,0,N_pwm150_grab2
3899,2524,1570,10758,CN,0,N_pwm150_grab2
3903,7484,5448,15458,CN,0,N_pwm150_grab2
3908,7778,-4116,8100,CN,0,N_pwm150_grab2
3914,-446,596,12158,CN,0,N_pwm150_grab2
3918,4280,3422,11022,CN,0,N_pwm150_grab2
3923,268,-5070,5558,CN,0,N_pwm150_grab2
3928,946,554,13924,CN,0,N_pwm150_grab2
3933,4764,-3458,5382,CN,0,N_pwm150_grab2
3939,-6542,-1898,1552,CN,0,N_pwm150_grab2
3943,-6950,-4048,12384,CN,0,N_pwm150_grab2
3948,-2678,-292,14284,CN,0,N_pwm150_grab2
3953,-4878,564,8416,CN,0,N_pwm150_grab2
3958,-2984,-1330,12120,CN,0,N_pwm150_grab2
3963,2850,-134,5568,CN,0,N_pwm150_grab2
3968,-6040,-2770,5100,CN,0,N_pwm150_grab2
3974,-4072,8662,14960,CN,0,N_pwm150_grab2
3978,4326,3528,10286,CN,0,N_pwm150_grab2
3983,2252,2912,11766,CN,0,N_pwm150_grab2
3988,7664,2366,12946,CN,0,N_pwm150_grab2
3993,6396,-6256,8056,CN,0,N_pwm150_grab2
3998,-2264,-12,13536,CN,0,N_pwm150_grab2
4003,2802,1946,10760,CN,0,N_pwm150_grab2
4009,-2210,-5564,4128,CN,0,N_pwm150_grab2
4014,-318,-2648,14314,CN,0,N_pwm150_grab2
4018,2338,-4286,4954,CN,0,N_pwm150_grab2
4023,-6654,-1052,2838,CN,0,N_pwm150_grab2
4029,-7342,-2438,12236,CN,0,N_pwm150_grab2
4034,-866,786,13564,CN,0,N_pwm150_grab2
4038,-3444,944,9682,CN,0,N_pwm150_grab2
4043,-1158,-642,11928,CN,0,N_pwm150_grab2
4048,4682,294,5624,CN,0,N_pwm150_grab2
4054,3020,4574,13522,CN,0,N_pwm150_grab2
4059,6358,4996,16752,CN,0,N_pwm150_grab2
4064,3174,-7248,5326,CN,0,N_pwm150_grab2
4069,-4592,-1662,15318,CN,0,N_pwm150_grab2
4074,106,-5002,5816,CN,0,N_pwm150_grab2
4080,-5330,-5568,706,CN,0,N_pwm150_grab2
4085,-7634,-798,15530,CN,0,N_pwm150_grab2
4089,-2480,-5098,10250,CN,0,N_pwm150_grab2
4094,-6870,-3390,3538,CN,0,N_pwm150_grab2
4099,-7292,-5916,11722,CN,0,N_pwm150_grab2
4105,2768,4096,12844,CN,0,N_pwm150_grab2
4110,-92,394,10792,CN,0,N_pwm150_grab2
4114,844,9494,14962,CN,0,N_pwm150_grab2
4120,8572,3356,7038,CN,0,N_pwm150_grab2
4124,3892,1264,12220,CN,0,N_pwm150_grab2
4129,6018,7074,13914,CN,0,N_pwm150_grab2
4134,9560,58,8402,CN,0,N_pwm150_grab2
4139,3622,4892,14450,CN,0,N_pwm150_grab2
4144,4926,-3728,5472,CN,0,N_pwm150_grab2
4149,1488,-7054,4670,CN,0,N_pwm150_grab2
4154,-5616,-2742,15442,CN,0,N_pwm150_grab2
4160,-544,-5134,6548,CN,0,N_pwm150_grab2
4164,-6288,-4838,92,CN,0,N_pwm150_grab2
4169,-8206,-240,15260,CN,0,N_pwm150_grab2
4174,-2104,-5308,10292,CN,0,N_pwm150_grab2
4180,-6388,-3076,4850,CN,0,N_pwm150_grab2
4185,-4202,8198,14602,CN,0,N_pwm150_grab2
4190,4314,3234,11182,CN,0,N_pwm150_grab2
4194,1232,20,11006,CN,0,N_pwm150_grab2
4199,2626,9850,15908,CN,0,N_pwm150_grab2
4204,8900,2294,6736,CN,0,N_pwm150_grab2
4210,3744,1106,11228,CN,0,N_pwm150_grab2
4214,6516,6504,13636,CN,0,N_pwm150_grab2
4219,8304,-342,9096,CN,0,N_pwm150_grab2
4225,-226,-1358,14232,CN,0,N_pwm150_grab2
4229,3006,-4258,4888,CN,0,N_pwm150_grab2
4234,-372,-6612,3356,CN,0,N_pwm150_grab2
4239,-5422,-3538,15768,CN,0,N_pwm150_grab2
4245,-1554,-5148,7914,CN,0,N_pwm150_grab2
4250,-6386,-3892,738,CN,0,N_pwm150_grab2
4254,-8124,-418,14990,CN,0,N_pwm150_grab2
4259,-1594,-4880,9766,CN,0,N_pwm150_grab2
4264,2632,3856,13484,CN,0,N_pwm150_grab2
4269,-3482,9110,14740,CN,0,N_pwm150_grab2
4274,5098,3692,10076,CN,0,N_pwm150_grab2
4279,1998,574,12146,CN,0,N_pwm150_grab2
4285,3038,9722,15110,CN,0,N_pwm150_grab2
4289,10100,1426,7304,CN,0,N_pwm150_grab2
4294,3400,314,11892,CN,0,N_pwm150_grab2
4300,6990,6936,13222,CN,0,N_pwm150_grab2
4304,-3744,-6400,2734,CN,0,N_pwm150_grab2
4311,-7558,-7464,12714,CN,0,N_pwm150_grab2
4316,-2496,-1294,12132,CN,0,N_pwm150_grab2
4321,-6688,-462,2872,CN,0,N_pwm150_grab2
4326,-6786,-2146,12560,CN,0,N_pwm150_grab2
4331,-344,972,13918,CN,0,N_pwm150_grab2
4335,-2306,1538,10268,CN,0,N_pwm150_grab2
4340,-478,312,11260,CN,0,N_pwm150_grab2
4346,9870,830,8566,CN,0,N_pwm150_grab2
4350,1744,1046,14636,CN,0,N_pwm150_grab2
4355,6276,4732,16056,CN,0,N_pwm150_grab2
4360,9392,-4110,5784,CN,0,N_pwm150_grab2
4365,1252,2544,12956,CN,0,N_pwm150_grab2
4370,6996,336,10552,CN,0,N_pwm150_grab2
4376,3818,-7416,6996,CN,0,N_pwm150_grab2
4381,-3958,94,13734,CN,0,N_pwm150_grab2
4385,-2228,-5254,10080,CN,0,N_pwm150_grab2
4391,-6854,-3358,3692,CN,0,N_pwm150_grab2
4396,-8434,-5106,11720,CN,0,N_pwm150_grab2
4400,-2742,458,13654,CN,0,N_pwm150_grab2
4406,-6298,128,4996,CN,0,N_pwm150_grab2
4410,-6368,546,12100,CN,0,N_pwm150_grab2
4415,1418,2082,12208,CN,0,N_pwm150_grab2
4421,-744,1672,11338,CN,0,N_pwm150_grab2
4425,6968,6726,13304,CN,0,N_pwm150_grab2
4430,8716,-318,9016,CN,0,N_pwm150_grab2
4435,-38,-422,13974,CN,0,N_pwm150_grab2
4440,7596,2886,15384,CN,0,N_pwm150_grab2
4445,8328,-5756,5910,CN,0,N_pwm150_grab2
4451,22,2084,13036,CN,0,N_pwm150_grab2
4456,5702,-1656,7808,CN,0,N_pwm150_grab2
4460,1112,-7740,5632,CN,0,N_pwm150_grab2
4466,-7292,-2510,14306,CN,0,N_pwm150_grab2
4470,-2428,-4464,10892,CN,0,N_pwm150_grab2
4475,-5058,-1394,6138,CN,0,N_pwm150_grab2
4481,-7718,-4216,11426,CN,0,N_pwm150_grab2
4486,-3008,758,14956,CN,0,N_pwm150_grab2
4491,-5362,518,7526,CN,0,N_pwm150_grab2
4496,-4352,3760,12520,CN,0,N_pwm150_grab2
4501,3120,3514,9996,CN,0,N_pwm150_grab2
4505,3630,964,11496,CN,0,N_pwm150_grab2
4510,6742,7024,12976,CN,0,N_pwm150_grab2
4515,7790,-2088,9466,CN,0,N_pwm150_grab2
4521,-1456,-2746,13810,CN,0,N_pwm150_grab2
4525,6760,674,12982,CN,0,N_pwm150_grab2
4531,7536,-6764,6002,CN,0,N_pwm150_grab2
4535,-1104,912,13790,CN,0,N_pwm150_grab2
4540,3796,-3406,6120,CN,0,N_pwm150_grab2
4546,-7336,-2656,736,CN,0,N_pwm150_grab2
4550,-7330,-1332,13192,CN,0,N_pwm150_grab2
4555,-628,-3758,9874,CN,0,N_pwm150_grab2
4561,-3538,-1052,7600,CN,0,N_pwm150_grab2
4567,-1256,9814,15552,CN,0,N_pwm150_grab2
4571,6508,3034,7710,CN,0,N_pwm150_grab2
4577,2932,704,12176,CN,0,N_pwm150_grab2
4582,5464,8682,16230,CN,0,N_pwm150_grab2
4586,3002,-7466,6800,CN,0,N_pwm150_grab2
4592,-4368,546,15444,CN,0,N_pwm150_grab2
4597,978,-1610,9978,CN,0,N_pwm150_grab2
4601,-6088,-6316,1722,CN,0,N_pwm150_grab2
4606,-7926,-5910,11434,CN,0,N_pwm150_grab2
4612,110,-4702,5800,CN,0,N_pwm150_grab2
4616,-4376,-5054,1148,CN,0,N_pwm150_grab2
4622,-6564,-6208,14984,CN,0,N_pwm150_grab2
4626,1690,2756,11678,CN,0,N_pwm150_grab2
4631,-250,1482,11784,CN,0,N_pwm150_grab2
4637,1312,3478,12006,CN,0,N_pwm150_grab2
4642,8080,2650,7778,CN,0,N_pwm150_grab2
4646,3808,4830,14796,CN,0,N_pwm150_grab2
4652,416,10632,16032,CN,0,N_pwm150_grab2
4657,7546,2832,7280,CN,0,N_pwm150_grab2
4661,3268,1304,11866,CN,0,N_pwm150_grab2
4666,5816,7422,15624,CN,0,N_pwm150_grab2
4672,1106,-7822,5554,CN,0,N_pwm150_grab2
4677,-6056,458,15494,CN,0,N_pwm150_grab2
4681,658,-2600,10050,CN,0,N_pwm150_grab2
4687,-7512,-6176,698,CN,0,N_pwm150_grab2
4691,-8236,-3036,11470,CN,0,N_pwm150_grab2
4697,-932,-3838,7110,CN,0,N_pwm150_grab2
4702,-5654,-3526,846,CN,0,N_pwm150_grab2
4707,-7556,-6370,14232,CN,0,N_pwm150_grab2
4712,3668,3460,10334,CN,0,N_pwm150_grab2
4716,1494,1718,12992,CN,0,N_pwm150_grab2
4721,3068,3034,12374,CN,0,N_pwm150_grab2
4726,8386,2144,7968,CN,0,N_pwm150_grab2
4731,3600,4702,14128,CN,0,N_pwm150_grab2
4736,2768,9634,17010,CN,0,N_pwm150_grab2
4741,8474,826,6380,CN,0,N_pwm150_grab2
4747,2818,1984,11040,CN,0,N_pwm150_grab2
4751,3554,-3304,6354,CN,0,N_pwm150_grab2
4756,-1320,-7552,3306,CN,0,N_pwm150_grab2
4761,-6558,156,16262,CN,0,N_pwm150_grab2
4767,-482,-3516,10848,CN,0,N_pwm150_grab2
4772,-7694,-5574,1420,CN,0,N_pwm150_grab2
4776,-8064,-408,11770,CN,0,N_pwm150_grab2
4782,-2062,-3420,8760,CN,0,N_pwm150_grab2
4786,-6248,-2560,1090,CN,0,N_pwm150_grab2
4792,-3152,6378,13046,CN,0,N_pwm150_grab2
4797,5396,4032,8800,CN,0,N_pwm150_grab2
4802,2722,1818,13610,CN,0,N_pwm150_grab2
4806,3734,5612,12950,CN,0,N_pwm150_grab2
4811,10356,2356,8266,CN,0,N_pwm150_grab2
4816,3264,3776,14766,CN,0,N_pwm150_grab2
4822,7504,-742,10730,CN,0,N_pwm150_grab2
4827,5846,-7786,6028,CN,0,N_pwm150_grab2
4832,-6970,-6252,15434,CN,0,N_pwm150_grab2
4837,-3660,-3964,11056,CN,0,N_pwm150_grab2
4843,-6944,-1128,2790,CN,0,N_pwm150_grab2
4848,-5854,-2014,13004,CN,0,N_pwm150_grab2
4852,254,-2230,8824,CN,0,N_pwm150_grab2
4857,-1284,566,8962,CN,0,N_pwm150_grab2
4862,614,10428,16178,CN,0,N_pwm150_grab2
4868,610,3310,15840,CN,0,N_pwm150_grab2
4872,3108,1352,11640,CN,0,N_pwm150_grab2
4877,6304,7484,15814,CN,0,N_pwm150_grab2
4882,9678,-2278,7572,CN,0,N_pwm150_grab2
4887,1384,60,11950,CN,0,N_pwm150_grab2
4893,5330,5220,11284,CN,0,N_pwm150_grab2
4897,3416,-4080,7242,CN,0,N_pwm150_grab2
4902,-4004,-6692,12900,CN,0,N_pwm150_grab2
4907,6122,-2376,7154,CN,0,N_pwm150_grab2
4913,-5354,-3502,1024,CN,0,N_pwm150_grab2
4917,-7682,-6126,14274,CN,0,N_pwm150_grab2
4922,-3720,-2694,11578,CN,0,N_pwm150_grab2
4927,-6368,-192,4972,CN,0,N_pwm150_grab2
4933,-5326,-1736,12002,CN,0,N_pwm150_grab2
4937,1528,-1484,7204,CN,0,N_pwm150_grab2
4942,538,1386,10502,CN,0,N_pwm150_grab2
4947,2438,9854,16520,CN,0,N_pwm150_grab2
4952,9032,1222,6682,CN,0,N_pwm150_grab2
4958,2900,2172,11568,CN,0,N_pwm150_grab2
4962,7874,5122,15184,CN,0,N_pwm150_grab2
4968,8454,-4444,7596,CN,0,N_pwm150_grab2
4973,-390,764,12222,CN,0,N_pwm150_grab2
4978,4958,2854,10904,CN,0,N_pwm150_grab2
4982,672,-5806,5600,CN,0,N_pwm150_grab2
4987,-5588,-7582,13092,CN,0,N_pwm150_grab2
4993,-1652,-4010,8188,CN,0,N_pwm150_grab2
4997,-6606,-2886,440,CN,0,N_pwm150_grab2
5003,-6726,-5556,13036,CN,0,N_pwm150_grab2
5008,-3082,-1288,13596,CN,0,N_pwm150_grab2
5013,-5432,316,7124,CN,0,N_pwm150_grab2
5017,-4084,-1650,11640,CN,0,N_pwm150_grab2
5023,1926,136,7018,CN,0,N_pwm150_grab2
5027,1624,2478,12018,CN,0,N_pwm150_grab2
5033,7156,-422,11490,CN,0,N_pwm150_grab2
5037,9366,386,6610,CN,0,N_pwm150_grab2
5042,2778,2128,11310,CN,0,N_pwm150_grab2
5048,7574,4502,14406,CN,0,N_pwm150_grab2
5052,7996,-4882,7938,CN,0,N_pwm150_grab2
5057,-966,230,13032,CN,0,N_pwm150_grab2
5062,3928,2276,10736,CN,0,N_pwm150_grab2
5068,-468,-5726,5062,CN,0,N_pwm150_grab2
5073,-7624,834,11436,CN,0,N_pwm150_grab2
5078,-142,2940,15930,CN,0,N_pwm150_grab2
5084,-3048,518,9586,CN,0,N_pwm150_grab2
5088,-1696,7000,13446,CN,0,N_pwm150_grab2
5093,6218,4136,8062,CN,0,N_pwm150_grab2
5098,3042,1872,13774,CN,0,N_pwm150_grab2
5103,5030,5466,13144,CN,0,N_pwm150_grab2
5108,9786,2202,8252,CN,0,N_pwm150_grab2
5113,-3302,-5174,13490,CN,0,N_pwm150_grab2
5120,-596,-4468,6162,CN,0,N_pwm150_grab2
5123,4832,-7612,5828,CN,0,N_pwm150_grab2
5129,-3244,-1198,14062,CN,0,N_pwm150_grab2
5134,1452,-4624,5378,CN,0,N_pwm150_grab2
5138,-4446,-6616,1202,CN,0,N_pwm150_grab2
5144,-7446,-966,16304,CN,0,N_pwm150_grab2
5148,-2222,-5058,9972,CN,0,N_pwm150_grab2
5153,-742,1102,9938,CN,0,N_pwm150_grab2
5158,948,10888,15594,CN,0,N_pwm150_grab2
5163,646,3552,14816,CN,0,N_pwm150_grab2
5168,-1670,1516,10350,CN,0,N_pwm150_grab2
5173,-850,8582,13976,CN,0,N_pwm150_grab2
5178,7200,4166,7826,CN,0,N_pwm150_grab2
5184,3514,1404,13538,CN,0,N_pwm150_grab2
5188,4910,7204,13620,CN,0,N_pwm150_grab2
5193,2818,-5490,6472,CN,0,N_pwm150_grab2
5199,-4858,-5456,12706,CN,0,N_pwm150_grab2
5203,-776,-4780,6996,CN,0,N_pwm150_grab2
5208,4070,-8166,5290,CN,0,N_pwm150_grab2
5214,-4166,-1298,13186,CN,0,N_pwm150_grab2
5218,956,-4900,5868,CN,0,N_pwm150_grab2
5223,-5298,-6460,652,CN,0,N_pwm150_grab2
5228,-8438,-384,16732,CN,0,N_pwm150_grab2
5233,1156,-1466,7638,CN,0,N_pwm150_grab2
5238,174,1228,10748,CN,0,N_pwm150_grab2
5244,2264,10440,16148,CN,0,N_pwm150_grab2
5248,1836,3746,14652,CN,0,N_pwm150_grab2
5253,-828,1034,11148,CN,0,N_pwm150_grab2
5259,800,9122,13960,CN,0,N_pwm150_grab2
5263,7576,3934,7070,CN,0,N_pwm150_grab2
5268,3730,1740,12776,CN,0,N_pwm150_grab2
5273,6234,6040,13334,CN,0,N_pwm150_grab2
5278,1638,-5022,5736,CN,0,N_pwm150_grab2
5283,-4948,-7178,12818,CN,0,N_pwm150_grab2
5289,-1698,-3670,8354,CN,0,N_pwm150_grab2
5293,2480,-7688,4494,CN,0,N_pwm150_grab2
5299,-4306,-2320,14786,CN,0,N_pwm150_grab2
5304,-216,-5008,6092,CN,0,N_pwm150_grab2
5308,-5692,-5394,404,CN,0,N_pwm150_grab2
5313,-8212,-1030,15772,CN,0,N_pwm150_grab2
5318,2334,-400,7720,CN,0,N_pwm150_grab2
5324,1444,2074,11858,CN,0,N_pwm150_grab2
5329,3078,9876,16488,CN,0,N_pwm150_grab2
5335,9554,720,6784,CN,0,N_pwm150_grab2
5339,2848,2274,11582,CN,0,N_pwm150_grab2
5345,8230,4404,14570,CN,0,N_pwm150_grab2
5350,8028,-5018,7664,CN,0,N_pwm150_grab2
5354,-1038,608,12812,CN,0,N_pwm150_grab2
5360,-1234,-4992,9796,CN,0,N_pwm150_grab2
5364,-7936,-5148,578,CN,0,N_pwm150_grab2
5369,-7278,-1498,11370,CN,0,N_pwm150_grab2
5374,-1266,2028,15758,CN,0,N_pwm150_grab2
5380,-6782,-2858,366,CN,0,N_pwm150_grab2
5385,-6778,-4938,12862,CN,0,N_pwm150_grab2
5389,-2542,-952,13938,CN,0,N_pwm150_grab2
5394,-4850,602,7370,CN,0,N_pwm150_grab2
5400,3922,6434,13176,CN,0,N_pwm150_grab2
5405,10558,2478,8476,CN,0,N_pwm150_grab2
5410,3136,3884,15074,CN,0,N_pwm150_grab2
5414,7236,-578,10934,CN,0,N_pwm150_grab2
5419,9850,460,7040,CN,0,N_pwm150_grab2
5424,2724,1830,11516,CN,0,N_pwm150_grab2
5429,7702,4076,13688,CN,0,N_pwm150_grab2
5434,7368,-5452,8058,CN,0,N_pwm150_grab2
5439,-8078,-390,16902,CN,0,N_pwm150_grab2
5444,-1642,-4668,9714,CN,0,N_pwm150_grab2
5449,-8084,-4368,1472,CN,0,N_pwm150_grab2
5455,-7578,1840,11818,CN,0,N_pwm150_grab2
5460,584,3362,15770,CN,0,N_pwm150_grab2
5465,-6950,-1396,1534,CN,0,N_pwm150_grab2
5470,-8006,-3254,12914,CN,0,N_pwm150_grab2
5474,-1524,170,13856,CN,0,N_pwm150_grab2
5480,3368,1650,13686,CN,0,N_pwm150_grab2
5485,5870,6120,12952,CN,0,N_pwm150_grab2
5489,9938,1666,8240,CN,0,N_pwm150_grab2
5495,2540,3016,14752,CN,0,N_pwm150_grab2
5500,6518,-1896,8232,CN,0,N_pwm150_grab2
5505,9756,-1648,6552,CN,0,N_pwm150_grab2
5509,2096,2194,12278,CN,0,N_pwm150_grab2
5515,7582,1590,11794,CN,0,N_pwm150_grab2
5520,-5520,-6420,444,CN,0,N_pwm150_grab2
5524,-8066,-1304,16366,CN,0,N_pwm150_grab2
5530,-2542,-5414,10214,CN,0,N_pwm150_grab2
5534,-7092,-3166,2130,CN,0,N_pwm150_grab2
5539,-6724,3464,12228,CN,0,N_pwm150_grab2
5544,1502,3910,13536,CN,0,N_pwm150_grab2
5550,-6944,-514,2380,CN,0,N_pwm150_grab2
5555,-7152,-1106,12518,CN,0,N_pwm150_grab2
5559,8572,3930,7500,CN,0,N_pwm150_grab2
5564,4018,1434,13058,CN,0,N_pwm150_grab2
5570,5890,7576,13774,CN,0,N_pwm150_grab2
5575,10532,240,8472,CN,0,N_pwm150_grab2
5580,1756,1772,14208,CN,0,N_pwm150_grab2
5584,5832,-3030,6530,CN,0,N_pwm150_grab2
5590,1978,-8386,4190,CN,0,N_pwm150_grab2
5600,-2722,-1900,13254,CN,0,N_pwm150_grab2
5606,-5202,556,6634,CN,0,N_pwm150_grab2
5610,-3396,-1444,11736,CN,0,N_pwm150_grab2
5616,2844,-188,6840,CN,0,N_pwm150_grab2
5621,2106,2464,12706,CN,0,N_pwm150_grab2
5630,9576,30,6532,CN,0,N_pwm150_grab2
5636,1250,982,13000,CN,0,N_pwm150_grab2
5640,7992,3362,13734,CN,0,N_pwm150_grab2
5646,7258,-5750,8162,CN,0,N_pwm150_grab2
5651,-1504,28,13044,CN,0,N_pwm150_grab2
5656,3094,1558,10890,CN,0,N_pwm150_grab2
5660,-2294,-6350,3482,CN,0,N_pwm150_grab2
5671,-2628,-3238,10932,CN,0,N_pwm150_grab2
5680,-8070,-2946,13244,CN,0,N_pwm150_grab2
5686,-1796,352,13552,CN,0,N_pwm150_grab2
5690,-3550,1298,8888,CN,0,N_pwm150_grab2
5696,-2110,460,10980,CN,0,N_pwm150_grab2
5700,4864,1928,7820,CN,0,N_pwm150_grab2
5706,3178,3180,14094,CN,0,N_pwm150_grab2
5710,5260,8198,16494,CN,0,N_pwm150_grab2
5715,10538,-1366,6726,CN,0,N_pwm150_grab2
5720,2240,2328,12636,CN,0,N_pwm150_grab2
5725,7770,1306,11736,CN,0,N_pwm150_grab2
5730,5378,-6970,7290,CN,0,N_pwm150_grab2
5736,-3362,782,13286,CN,0,N_pwm150_grab2
5740,1936,-1252,10072,CN,0,N_pwm150_grab2
5755,-3192,-2644,12082,CN,0,N_pwm150_grab2
5766,-6876,-1590,12518,CN,0,N_pwm150_grab2
5770,-394,884,13022,CN,0,N_pwm150_grab2
5776,-1836,1524,11024,CN,0,N_pwm150_grab2
5780,398,1250,11244,CN,0,N_pwm150_grab2
5785,5686,1746,6756,CN,0,N_pwm150_grab2
5790,3494,4542,14070,CN,0,N_pwm150_grab2
5796,6554,5378,16418,CN,0,N_pwm150_grab2
5801,1778,-7866,4192,CN,0,N_pwm150_grab2
5805,1232,2310,13016,CN,0,N_pwm150_grab2
5810,6456,-382,9720,CN,0,N_pwm150_grab2
5816,3124,-7632,6160,CN,0,N_pwm150_grab2
5820,-4272,602,14610,CN,0,N_pwm150_grab2
5826,928,-1472,10700,CN,0,N_pwm150_grab2
5836,-8824,-6236,11784,CN,0,N_pwm150_grab2
5841,4106,4308,11936,CN,0,N_pwm150_grab2
5847,1448,1116,12652,CN,0,N_pwm150_grab2
5857,9968,2506,7198,CN,0,N_pwm150_grab2
5861,3678,1214,11790,CN,0,N_pwm150_grab2
5866,7430,7838,13578,CN,0,N_pwm150_grab2
5872,9360,-1364,9028,CN,0,N_pwm150_grab2
5876,-282,-50,13552,CN,0,N_pwm150_grab2
5882,-2640,-3906,10448,CN,0,N_pwm150_grab2
5888,-7006,-1940,1088,CN,0,N_pwm150_grab2
5891,-6222,-4170,15864,CN,0,N_pwm150_grab2
5896,-1430,-5108,8340,CN,0,N_pwm150_grab2
5906,-6926,-3136,13954,CN,0,N_pwm150_grab2
5911,-2184,-4064,10952,CN,0,N_pwm150_grab2
5916,-4928,-778,5990,CN,0,N_pwm150_grab2
5922,4678,8564,16632,CN,0,N_pwm150_grab2
5927,10382,-1462,6932,CN,0,N_pwm150_grab2
5931,2530,1274,13156,CN,0,N_pwm150_grab2
5941,10514,2266,7680,CN,0,N_pwm150_grab2
5947,3556,1050,11794,CN,0,N_pwm150_grab2
5952,6746,7132,12836,CN,0,N_pwm150_grab2
5957,8056,-2272,9056,CN,0,N_pwm150_grab2
5961,-1202,-2472,13600,CN,0,N_pwm150_grab2
5967,-2668,-1476,12060,CN,0,N_pwm150_grab2
5971,-7094,-684,2852,CN,0,N_pwm150_grab2
5976,-7084,-4764,16230,CN,0,N_pwm150_grab2
5981,-2332,-4816,8984,CN,0,N_pwm150_grab2
5987,-7388,-2914,692,CN,0,N_pwm150_grab2
5991,-7386,-2012,13288,CN,0,N_pwm150_grab2
5997,-1460,-3880,9940,CN,0,N_pwm150_grab2
6002,-4018,-714,7172,CN,0,N_pwm150_grab2
6007,6386,6168,16944,CN,0,N_pwm150_grab2
6012,9044,-3506,6388,CN,0,N_pwm150_grab2
6016,2924,724,12678,CN,0,N_pwm150_grab2
6022,5050,8734,16134,CN,0,N_pwm150_grab2
6026,10024,98,7272,CN,0,N_pwm150_grab2
6031,2712,982,11292,CN,0,N_pwm150_grab2
6036,6760,6222,12546,CN,0,N_pwm150_grab2
6041,5834,-3520,8486,CN,0,N_pwm150_grab2
6046,-7842,-7362,11952,CN,0,N_pwm150_grab2
6051,-3070,-996,13350,CN,0,N_pwm150_grab2
6057,-6338,-24,4786,CN,0,N_pwm150_grab2
6062,-6504,-6018,15606,CN,0,N_pwm150_grab2
6066,-3080,-3986,10978,CN,0,N_pwm150_grab2
6071,-7054,-1658,2202,CN,0,N_pwm150_grab2
6076,-6496,-3150,12538,CN,0,N_pwm150_grab2
6082,-1124,-1940,9596,CN,0,N_pwm150_grab2
6086,3656,4676,14516,CN,0,N_pwm150_grab2
6091,6430,5054,16124,CN,0,N_pwm150_grab2
6096,9476,-4822,6240,CN,0,N_pwm150_grab2
6102,738,2226,12864,CN,0,N_pwm150_grab2
6107,6348,-896,8636,CN,0,N_pwm150_grab2
6112,2170,-7894,6014,CN,0,N_pwm150_grab2
6117,-5730,346,15304,CN,0,N_pwm150_grab2
6123,964,-2856,9372,CN,0,N_pwm150_grab2
6127,-5718,-1638,5216,CN,0,N_pwm150_grab2
6132,-3862,7904,13720,CN,0,N_pwm150_grab2
6137,4500,4444,10752,CN,0,N_pwm150_grab2
6142,1898,1190,12842,CN,0,N_pwm150_grab2
6148,-5200,2324,12100,CN,0,N_pwm150_grab2
6152,2736,2842,11464,CN,0,N_pwm150_grab2
6158,738,1826,13052,CN,0,N_pwm150_grab2
6163,2496,2966,11838,CN,0,N_pwm150_grab2
6167,8648,-1256,9440,CN,0,N_pwm150_grab2
6173,-396,-1358,13862,CN,0,N_pwm150_grab2
6177,2422,-4658,4298,CN,0,N_pwm150_grab2
6183,-1282,-6914,2636,CN,0,N_pwm150_grab2
6187,-236,998,13378,CN,0,N_pwm150_grab2
6192,4538,-2640,6946,CN,0,N_pwm150_grab2
6198,-218,-7868,4040,CN,0,N_pwm150_grab2
6203,-5932,330,16364,CN,0,N_pwm150_grab2
6207,-1970,-4236,9614,CN,0,N_pwm150_grab2
6213,-4324,-512,6294,CN,0,N_pwm150_grab2
6217,-2456,9718,14184,CN,0,N_pwm150_grab2
6222,6428,4198,9402,CN,0,N_pwm150_grab2
6228,2808,914,13474,CN,0,N_pwm150_grab2
6233,-4132,6246,12874,CN,0,N_pwm150_grab2
6237,4818,4014,10002,CN,0,N_pwm150_grab2
6243,2248,1584,13922,CN,0,N_pwm150_grab2
6248,7162,6178,12870,CN,0,N_pwm150_grab2
6253,6794,-3666,8288,CN,0,N_pwm150_grab2
6258,-2610,-1640,12368,CN,0,N_pwm150_grab2
6263,1368,-5078,5078,CN,0,N_pwm150_grab2
6273,-1672,-194,12024,CN,0,N_pwm150_grab2
6277,2970,-3666,5920,CN,0,N_pwm150_grab2
6283,-2704,-7626,2248,CN,0,N_pwm150_grab2
6287,-6578,-2502,13590,CN,0,N_pwm150_grab2
6292,-1138,-2668,9832,CN,0,N_pwm150_grab2
6297,-2488,320,9024,CN,0,N_pwm150_grab2
6302,-160,10140,14494,CN,0,N_pwm150_grab2
6308,6470,4226,7618,CN,0,N_pwm150_grab2
6312,3366,1152,13244,CN,0,N_pwm150_grab2
6317,-1396,5576,12262,CN,0,N_pwm150_grab2
6323,5418,4050,8186,CN,0,N_pwm150_grab2
6327,2744,260,11754,CN,0,N_pwm150_grab2
6333,5876,5574,12108,CN,0,N_pwm150_grab2
6337,4822,-4398,7216,CN,0,N_pwm150_grab2
6342,-3660,-4672,13246,CN,0,N_pwm150_grab2
6348,-432,-4800,6414,CN,0,N_pwm150_grab2
6353,-4792,-4890,332,CN,0,N_pwm150_grab2
6358,-8494,-5570,16020,CN,0,N_pwm150_grab2
6363,-3540,-3852,10706,CN,0,N_pwm150_grab2
6368,578,1400,13936,CN,0,N_pwm150_grab2
6374,2608,2418,10800,CN,0,N_pwm150_grab2
6378,8624,2692,7848,CN,0,N_pwm150_grab2
6383,3838,5090,14934,CN,0,N_pwm150_grab2
6388,7562,2686,14690,CN,0,N_pwm150_grab2
6394,8488,-6506,5896,CN,0,N_pwm150_grab2
6398,-238,876,11786,CN,0,N_pwm150_grab2
6403,7184,6034,15028,CN,0,N_pwm150_grab2
6408,-476,-7910,3870,CN,0,N_pwm150_grab2
6413,-6656,190,18022,CN,0,N_pwm150_grab2
6419,-122,-4076,9970,CN,0,N_pwm150_grab2
6429,-7890,-4204,11748,CN,0,N_pwm150_grab2
6434,-2826,188,15384,CN,0,N_pwm150_grab2
6438,-4866,1062,8420,CN,0,N_pwm150_grab2
6443,-7380,-5552,14386,CN,0,N_pwm150_grab2
6448,3808,3978,9868,CN,0,N_pwm150_grab2
6453,2216,1192,14616,CN,0,N_pwm150_grab2
6458,3186,5010,11970,CN,0,N_pwm150_grab2
6463,9996,3146,8684,CN,0,N_pwm150_grab2
6468,4142,4658,14264,CN,0,N_pwm150_grab2
6473,6920,672,12794,CN,0,N_pwm150_grab2
6479,7188,-7856,5570,CN,0,N_pwm150_grab2
6483,-1658,512,13380,CN,0,N_pwm150_grab2
6488,7106,5758,14320,CN,0,N_pwm150_grab2
6493,-2056,-7384,2264,CN,0,N_pwm150_grab2
6498,-8452,96,18484,CN,0,N_pwm150_grab2
6504,-976,-4414,10330,CN,0,N_pwm150_grab2
6508,-8336,-4704,618,CN,0,N_pwm150_grab2
6514,-7706,278,11498,CN,0,N_pwm150_grab2
6519,-942,2578,16168,CN,0,N_pwm150_grab2
6524,-3466,860,10120,CN,0,N_pwm150_grab2
6529,-8028,-3952,13786,CN,0,N_pwm150_grab2
6533,6116,4306,8352,CN,0,N_pwm150_grab2
6539,3096,1346,14390,CN,0,N_pwm150_grab2
6544,5266,5116,12312,CN,0,N_pwm150_grab2
6548,10006,2250,8498,CN,0,N_pwm150_grab2
6553,3408,3710,14284,CN,0,N_pwm150_grab2
6558,6658,-1364,9762,CN,0,N_pwm150_grab2
6563,4848,-8096,16383,CN,0,N_pwm150_grab2
6568,-3346,-1566,13328,CN,0,N_pwm150_grab2
6574,1058,-4812,5832,CN,0,N_pwm150_grab2
6578,-4738,-6620,500,CN,0,N_pwm150_grab2
6583,-7912,-1218,16812,CN,0,N_pwm150_grab2
6589,-2402,-5526,10208,CN,0,N_pwm150_grab2
6594,-7788,-3734,1504,CN,0,N_pwm150_grab2
6598,-7352,1776,11920,CN,0,N_pwm150_grab2
6603,126,3402,14708,CN,0,N_pwm150_grab2
6608,-1378,1312,10940,CN,0,N_pwm150_grab2
6615,6838,6408,14982,CN,0,N_pwm150_grab2
6619,10194,-3578,7356,CN,0,N_pwm150_grab2
6625,526,1476,12162,CN,0,N_pwm150_grab2
6629,5964,2670,10688,CN,0,N_pwm150_grab2
6634,1882,-6318,6272,CN,0,N_pwm150_grab2
6640,-5724,-5080,14008,CN,0,N_pwm150_grab2
6644,-608,-5310,6710,CN,0,N_pwm150_grab2
6649,-6852,-4280,-664,CN,0,N_pwm150_grab2
6656,-3522,3922,11612,CN,0,N_pwm150_grab2
6659,-3140,-3030,12768,CN,0,N_pwm150_grab2
6664,-6034,-356,5128,CN,0,N_pwm150_grab2
6670,-4286,-2336,10708,CN,0,N_pwm150_grab2
6675,1558,-38,8892,CN,0,N_pwm150_grab2
6679,702,1296,12144,CN,0,N_pwm150_grab2
6685,2556,10392,16976,CN,0,N_pwm150_grab2
6689,8528,2058,6420,CN,0,N_pwm150_grab2
6695,-990,704,13306,CN,0,N_pwm150_grab2
6699,6972,5976,15168,CN,0,N_pwm150_grab2
6705,8846,-3866,7618,CN,0,N_pwm150_grab2
6710,-68,662,12174,CN,0,N_pwm150_grab2
6714,4560,3034,10816,CN,0,N_pwm150_grab2
6720,-30,-5822,5402,CN,0,N_pwm150_grab2
6725,-5756,-7600,13744,CN,0,N_pwm150_grab2
6729,-1746,-3692,8946,CN,0,N_pwm150_grab2
6734,-3704,798,8618,CN,0,N_pwm150_grab2
6739,-2598,6500,12126,CN,0,N_pwm150_grab2
6745,-3056,-1164,13730,CN,0,N_pwm150_grab2
6749,-4894,430,6888,CN,0,N_pwm150_grab2
6755,-3672,-1476,10080,CN,0,N_pwm150_grab2
6759,2976,726,8458,CN,0,N_pwm150_grab2
6764,1896,1972,13040,CN,0,N_pwm150_grab2
6769,3408,9358,16842,CN,0,N_pwm150_grab2
6774,5744,-7800,5406,CN,0,N_pwm150_grab2
6779,-3064,-686,13136,CN,0,N_pwm150_grab2
6784,7702,3094,13828,CN,0,N_pwm150_grab2
6789,7278,-5978,7302,CN,0,N_pwm150_grab2
6794,-1900,1120,12694,CN,0,N_pwm150_grab2
6800,3678,1016,10006,CN,0,N_pwm150_grab2
6805,-2410,-6566,3758,CN,0,N_pwm150_grab2
6809,-6932,-8090,14288,CN,0,N_pwm150_grab2
6815,-750,2916,15744,CN,0,N_pwm150_grab2
6820,-2426,982,10304,CN,0,N_pwm150_grab2
6824,-1052,6388,12672,CN,0,N_pwm150_grab2
6829,-2240,-978,13924,CN,0,N_pwm150_grab2
6834,-4198,248,8762,CN,0,N_pwm150_grab2
6839,-1984,-620,10844,CN,0,N_pwm150_grab2
6844,3222,1192,7154,CN,0,N_pwm150_grab2
6849,2660,3212,13080,CN,0,N_pwm150_grab2
6854,6332,-1766,8806,CN,0,N_pwm150_grab2
6860,4696,-8126,5016,CN,0,N_pwm150_grab2
6864,-3700,-694,14284,CN,0,N_pwm150_grab2
6871,1144,-4462,5718,CN,0,N_pwm150_grab2
6875,-4116,-6134,1162,CN,0,N_pwm150_grab2
6880,-8356,-484,16510,CN,0,N_pwm150_grab2
6886,-1946,-5446,9812,CN,0,N_pwm150_grab2
6890,-7650,-4116,1792,CN,0,N_pwm150_grab2
6895,1890,10298,16922,CN,0,N_pwm150_grab2
6900,8262,2210,6440,CN,0,N_pwm150_grab2
6906,2918,2392,11494,CN,0,N_pwm150_grab2
6910,7578,5672,14878,CN,0,N_pwm150_grab2
6916,7972,3812,6870,CN,0,N_pwm150_grab2
6920,3590,1620,12522,CN,0,N_pwm150_grab2
6925,6378,8044,14122,CN,0,N_pwm150_grab2
6930,10786,804,8618,CN,0,N_pwm150_grab2
6936,-4912,-6460,13540,CN,0,N_pwm150_grab2
6941,-1688,-4764,7538,CN,0,N_pwm150_grab2
6946,-6338,-3834,-188,CN,0,N_pwm150_grab2
6951,-7486,-5788,13392,CN,0,N_pwm150_grab2
6956,-190,-5224,6090,CN,0,N_pwm150_grab2
6960,-6174,-5432,-394,CN,0,N_pwm150_grab2
6966,-7458,-3342,15494,CN,0,N_pwm150_grab2
6971,-2632,-5194,10314,CN,0,N_pwm150_grab2
6975,1380,2040,12594,CN,0,N_pwm150_grab2
6980,2428,10828,15582,CN,0,N_pwm150_grab2
6985,9804,2864,7522,CN,0,N_pwm150_grab2
6991,3272,2646,12850,CN,0,N_pwm150_grab2
6995,7560,4556,14158,CN,0,N_pwm150_grab2
7000,8578,3880,7328,CN,0,N_pwm150_grab2
7006,3856,1442,12562,CN,0,N_pwm150_grab2
7010,6216,8456,13724,CN,0,N_pwm150_grab2
7016,-82,-6782,4654,CN,0,N_pwm150_grab2
7021,-6694,-5306,14158,CN,0,N_pwm150_grab2
7025,-1114,-5044,7642,CN,0,N_pwm150_grab2
7031,-7252,-4214,-916,CN,0,N_pwm150_grab2
7036,-7682,-5224,13356,CN,0,N_pwm150_grab2
7040,-20,-5252,6742,CN,0,N_pwm150_grab2
7046,-6870,-5390,-650,CN,0,N_pwm150_grab2
7051,-8294,-3108,15044,CN,0,N_pwm150_grab2
7055,3070,1632,8782,CN,0,N_pwm150_grab2
7060,3070,1632,8782,CN,0,N_pwm150_grab2
7066,3828,10390,16538,CN,0,N_pwm150_grab2
7070,9602,2038,7424,CN,0,N_pwm150_grab2
7076,3126,2832,11886,CN,0,N_pwm150_grab2
7080,7752,4080,13662,CN,0,N_pwm150_grab2
7086,9488,2936,7420,CN,0,N_pwm150_grab2
7090,3610,1780,11818,CN,0,N_pwm150_grab2
7095,7362,7780,14408,CN,0,N_pwm150_grab2
7100,-2370,-7554,3246,CN,0,N_pwm150_grab2
7105,-2370,-7554,3246,CN,0,N_pwm150_grab2
7111,-2004,-5170,9196,CN,0,N_pwm150_grab2
7115,-7228,-3268,0,CN,0,N_pwm150_grab2
7120,-7612,-3064,12282,CN,0,N_pwm150_grab2
7126,-2434,536,14142,CN,0,N_pwm150_grab2
7132,-3876,738,9170,CN,0,N_pwm150_grab2
7137,5208,8880,15940,CN,0,N_pwm150_grab2
7142,11084,184,7810,CN,0,N_pwm150_grab2
7147,2090,2518,12056,CN,0,N_pwm150_grab2
7151,7172,3232,11470,CN,0,N_pwm150_grab2
7157,4614,-6136,6958,CN,0,N_pwm150_grab2
7161,-4244,-2044,13988,CN,0,N_pwm150_grab2
7166,990,-5258,5566,CN,0,N_pwm150_grab2
7171,6142,-7020,6592,CN,0,N_pwm150_grab2
7176,-3168,-656,13430,CN,0,N_pwm150_grab2
7182,-2904,-4096,11560,CN,0,N_pwm150_grab2
7187,-6914,-1428,2340,CN,0,N_pwm150_grab2
7191,-6158,-3376,11658,CN,0,N_pwm150_grab2
7196,-368,-18,11432,CN,0,N_pwm150_grab2
7201,-1548,1234,10286,CN,0,N_pwm150_grab2
7207,220,7478,13590,CN,0,N_pwm150_grab2
7211,-1418,106,13524,CN,0,N_pwm150_grab2
7216,-2996,984,9776,CN,0,N_pwm150_grab2
7221,5450,8320,15792,CN,0,N_pwm150_grab2
7226,10486,-1360,7586,CN,0,N_pwm150_grab2
7232,1760,2202,12486,CN,0,N_pwm150_grab2
7236,6326,2184,11126,CN,0,N_pwm150_grab2
7242,3708,-6898,6894,CN,0,N_pwm150_grab2
7247,-4334,-406,14250,CN,0,N_pwm150_grab2
7252,916,-4234,7496,CN,0,N_pwm150_grab2
7257,5316,-5842,7342,CN,0,N_pwm150_grab2
7262,-8186,-6406,14180,CN,0,N_pwm150_grab2
7266,-3108,-3434,11012,CN,0,N_pwm150_grab2
7272,-6560,-762,2882,CN,0,N_pwm150_grab2
7277,-6672,-310,11470,CN,0,N_pwm150_grab2
7282,1200,1734,12748,CN,0,N_pwm150_grab2
7287,-842,1614,11752,CN,0,N_pwm150_grab2
7292,1100,6018,12942,CN,0,N_pwm150_grab2
7297,-700,-504,11550,CN,0,N_pwm150_grab2
7301,3656,2620,13456,CN,0,N_pwm150_grab2
7306,6732,7932,15458,CN,0,N_pwm150_grab2
7311,9968,-2258,7374,CN,0,N_pwm150_grab2
7316,1130,2050,12804,CN,0,N_pwm150_grab2
7321,6104,-730,8330,CN,0,N_pwm150_grab2
7326,1738,-7778,5484,CN,0,N_pwm150_grab2
7332,-5170,-1942,14940,CN,0,N_pwm150_grab2
7337,8,-5248,7014,CN,0,N_pwm150_grab2
7342,-6768,-6074,-602,CN,0,N_pwm150_grab2
7347,-7366,-5240,14368,CN,0,N_pwm150_grab2
7351,-2980,-4214,11374,CN,0,N_pwm150_grab2
7356,-6226,-1030,4002,CN,0,N_pwm150_grab2
7362,-5728,2052,11752,CN,0,N_pwm150_grab2
7366,1954,3340,12104,CN,0,N_pwm150_grab2
7371,754,1938,12630,CN,0,N_pwm150_grab2
7376,1716,9882,14826,CN,0,N_pwm150_grab2
7382,8226,-5078,7438,CN,0,N_pwm150_grab2
7388,-902,1156,13358,CN,0,N_pwm150_grab2
7392,4116,-1234,8292,CN,0,N_pwm150_grab2
7398,-1148,-7612,4004,CN,0,N_pwm150_grab2
7402,-7236,-2706,15376,CN,0,N_pwm150_grab2
7407,-672,-5420,7952,CN,0,N_pwm150_grab2
7412,-7726,-4958,-902,CN,0,N_pwm150_grab2
7418,-7722,-5118,12416,CN,0,N_pwm150_grab2
7422,5262,4366,8476,CN,0,N_pwm150_grab2
7427,-4790,532,7844,CN,0,N_pwm150_grab2
7433,-3092,3092,11946,CN,0,N_pwm150_grab2
7437,4226,3544,9608,CN,0,N_pwm150_grab2
7443,2408,2152,13762,CN,0,N_pwm150_grab2
7447,3928,8478,14650,CN,0,N_pwm150_grab2
7452,9508,3190,8158,CN,0,N_pwm150_grab2
7457,3394,3284,12902,CN,0,N_pwm150_grab2
7463,1666,-4282,5780,CN,0,N_pwm150_grab2
7467,6968,-5462,7300,CN,0,N_pwm150_grab2
7472,-1536,-76,13704,CN,0,N_pwm150_grab2
7477,2770,-3530,5924,CN,0,N_pwm150_grab2
7483,-2256,-7442,2656,CN,0,N_pwm150_grab2
7487,-7014,-3152,16330,CN,0,N_pwm150_grab2
7492,-1718,-5446,9372,CN,0,N_pwm150_grab2
7498,-7138,-3698,20,CN,0,N_pwm150_grab2
7502,-1116,5244,12494,CN,0,N_pwm150_grab2
7507,6454,3936,8242,CN,0,N_pwm150_grab2
7512,-3826,608,8554,CN,0,N_pwm150_grab2
7517,-2288,6258,12782,CN,0,N_pwm150_grab2
7523,5776,4248,9116,CN,0,N_pwm150_grab2
7528,3062,1564,13408,CN,0,N_pwm150_grab2
7532,4168,9084,16040,CN,0,N_pwm150_grab2
7538,10844,514,7576,CN,0,N_pwm150_grab2
7542,-4492,-564,14760,CN,0,N_pwm150_grab2
7547,1442,-4400,6546,CN,0,N_pwm150_grab2
7553,6096,-5938,7630,CN,0,N_pwm150_grab2
7557,-3128,402,14000,CN,0,N_pwm150_grab2
7563,2350,-3392,7206,CN,0,N_pwm150_grab2
7567,-4230,-7372,1440,CN,0,N_pwm150_grab2
7573,-7628,-5826,15264,CN,0,N_pwm150_grab2
7578,-2492,-4924,10372,CN,0,N_pwm150_grab2
7583,-1306,1460,11388,CN,0,N_pwm150_grab2
7593,7050,4146,7528,CN,0,N_pwm150_grab2
7597,-2666,958,10138,CN,0,N_pwm150_grab2
7602,-576,4444,12570,CN,0,N_pwm150_grab2
7608,5616,3740,7760,CN,0,N_pwm150_grab2
7613,3412,2378,13738,CN,0,N_pwm150_grab2
7617,5288,9238,16248,CN,0,N_pwm150_grab2
7622,2748,-7782,6038,CN,0,N_pwm150_grab2
7628,-5038,-1954,14624,CN,0,N_pwm150_grab2
7633,180,-5140,6810,CN,0,N_pwm150_grab2
7638,-6120,-5734,-288,CN,0,N_pwm150_grab2
7643,-8318,-4848,14596,CN,0,N_pwm150_grab2
7648,-3106,-4620,10622,CN,0,N_pwm150_grab2
7653,-6462,-1342,3620,CN,0,N_pwm150_grab2
7658,-5964,-344,10892,CN,0,N_pwm150_grab2
7663,9876,3396,8080,CN,0,N_pwm150_grab2
7668,3390,3494,12884,CN,0,N_pwm150_grab2
7674,7738,4724,14016,CN,0,N_pwm150_grab2
7678,7826,-5198,7444,CN,0,N_pwm150_grab2
7684,3530,2846,12574,CN,0,N_pwm150_grab2
7689,7824,5970,14698,CN,0,N_pwm150_grab2
7694,9184,-4266,7758,CN,0,N_pwm150_grab2
7698,-392,1550,13138,CN,0,N_pwm150_grab2
7703,-1658,-5496,9036,CN,0,N_pwm150_grab2
7709,-7832,-4228,-460,CN,0,N_pwm150_grab2
7714,-7428,-4766,12392,CN,0,N_pwm150_grab2
7719,-2696,-1110,13106,CN,0,N_pwm150_grab2
7728,-7468,-5592,12448,CN,0,N_pwm150_grab2
7733,-3248,-1354,13700,CN,0,N_pwm150_grab2
7739,-4984,310,7356,CN,0,N_pwm150_grab2
7743,4048,9786,15762,CN,0,N_pwm150_grab2
7748,11462,1478,8178,CN,0,N_pwm150_grab2
7753,2998,2414,12316,CN,0,N_pwm150_grab2
7759,7156,4370,12692,CN,0,N_pwm150_grab2
7763,6594,-5662,7962,CN,0,N_pwm150_grab2
7768,3544,2740,12712,CN,0,N_pwm150_grab2
7773,7378,5562,13594,CN,0,N_pwm150_grab2
7778,7850,-4800,7686,CN,0,N_pwm150_grab2
7783,-1214,414,13750,CN,0,N_pwm150_grab2
7789,-2538,-4948,9594,CN,0,N_pwm150_grab2
7798,-7238,-3644,11682,CN,0,N_pwm150_grab2
7803,-980,-120,12830,CN,0,N_pwm150_grab2
7813,-7736,-4564,12354,CN,0,N_pwm150_grab2
7818,-2162,-1998,12078,CN,0,N_pwm150_grab2
7823,-4244,382,8296,CN,0,N_pwm150_grab2
7828,5616,9052,16130,CN,0,N_pwm150_grab2
7833,10656,-328,7540,CN,1,N_pwm150_grab2
7839,2330,2874,12244,CN,1,N_pwm150_grab2
7843,7046,892,10336,CN,1,N_pwm150_grab2
7848,3954,-7264,6462,CN,1,N_pwm150_grab2
7854,2562,2668,11820,CN,1,N_pwm150_grab2
7858,7468,3274,12170,CN,1,N_pwm150_grab2
7863,5574,-12289,-1,CN,1,N_pwm150_grab2
7868,-7628,-4940,14912,CN,1,N_pwm150_grab2
7873,-2916,-4790,10574,CN,1,N_pwm150_grab2
7879,-7002,-2056,2250,CN,1,N_pwm150_grab2
7884,-6788,-936,11392,CN,1,N_pwm150_grab2
7888,254,1926,12762,CN,1,N_pwm150_grab2
7894,-1210,1322,11436,CN,1,N_pwm150_grab2
7899,-112,8738,14336,CN,1,N_pwm150_grab2
7905,7730,4270,7514,CN,1,N_pwm150_grab2
7909,332,2144,12782,CN,1,N_pwm150_grab2
7914,5666,-502,8144,CN,1,N_pwm150_grab2
7920,902,-7726,5086,CN,1,N_pwm150_grab2
7924,902,-7726,5086,CN,1,N_pwm150_grab2
7930,332,-5238,7388,CN,1,N_pwm150_grab2
7934,-7330,-5794,-916,CN,1,N_pwm150_grab2
7940,-5282,-1738,14506,CN,1,N_pwm150_grab2
7944,630,-5282,6448,CN,1,N_pwm150_grab2
7949,-5860,-258,5662,CN,1,N_pwm150_grab2
7954,-4380,1824,11588,CN,1,N_pwm150_grab2
7959,2656,3240,11188,CN,1,N_pwm150_grab2
7965,980,1836,12942,CN,1,N_pwm150_grab2
7969,2560,7588,13778,CN,1,N_pwm150_grab2
7974,8502,3780,7978,CN,1,N_pwm150_grab2
7980,-482,1494,11584,CN,1,N_pwm150_grab2
7985,1698,8342,14462,CN,1,N_pwm150_grab2
7990,8876,-3708,7692,CN,1,N_pwm150_grab2
7995,160,1238,13366,CN,1,N_pwm150_grab2
7999,4376,-2080,6880,CN,1,N_pwm150_grab2
8004,-28,-7884,4366,CN,1,N_pwm150_grab2
8010,-6374,-2284,15876,CN,1,N_pwm150_grab2
8014,-614,-5446,8204,CN,1,N_pwm150_grab2
8020,-7128,-5108,-600,CN,1,N_pwm150_grab2
8025,-5258,-1542,15210,CN,1,N_pwm150_grab2
8029,-3118,-3098,11554,CN,1,N_pwm150_grab2
8039,-4076,4130,12086,CN,1,N_pwm150_grab2
8044,4482,3750,10566,CN,1,N_pwm150_grab2
8049,2110,1786,13546,CN,1,N_pwm150_grab2
8054,3308,9668,15904,CN,1,N_pwm150_grab2
8059,10036,1884,7768,CN,1,N_pwm150_grab2
8065,1090,1724,12636,CN,1,N_pwm150_grab2
8069,7776,5000,13872,CN,1,N_pwm150_grab2
8074,7738,-4986,7720,CN,1,N_pwm150_grab2
8079,-1470,880,13632,CN,1,N_pwm150_grab2
8084,3540,-2214,7414,CN,1,N_pwm150_grab2
8089,-2098,-7836,2800,CN,1,N_pwm150_grab2
8094,-6680,-4570,15508,CN,1,N_pwm150_grab2
8099,-1562,-5380,8990,CN,1,N_pwm150_grab2
8104,-7536,-3714,-368,CN,1,N_pwm150_grab2
8109,-7140,-4654,12438,CN,1,N_pwm150_grab2
8115,-2744,-754,13782,CN,1,N_pwm150_grab2
8120,-4222,628,8228,CN,1,N_pwm150_grab2
8125,-2644,3416,12224,CN,1,N_pwm150_grab2
8129,3942,3708,8928,CN,1,N_pwm150_grab2
8135,2828,2384,14132,CN,1,N_pwm150_grab2
8139,3686,9282,14994,CN,1,N_pwm150_grab2
8145,10540,2730,8506,CN,1,N_pwm150_grab2
8150,-3240,-824,13390,CN,1,N_pwm150_grab2
8156,1716,-4564,5988,CN,1,N_pwm150_grab2
8160,-4074,-7118,826,CN,1,N_pwm150_grab2
8165,-8040,-5438,15434,CN,1,N_pwm150_grab2
8170,-2652,-4864,9714,CN,1,N_pwm150_grab2
8175,-7550,-2280,1152,CN,1,N_pwm150_grab2
8181,-7118,-3606,11954,CN,1,N_pwm150_grab2
8185,-672,-832,11790,CN,1,N_pwm150_grab2
8192,3690,2636,13424,CN,1,N_pwm150_grab2
8196,-132,6412,13162,CN,1,N_pwm150_grab2
8200,6582,4352,7690,CN,1,N_pwm150_grab2
8206,3290,2336,13754,CN,1,N_pwm150_grab2
8210,5870,8596,15726,CN,1,N_pwm150_grab2
8216,10530,-794,7448,CN,1,N_pwm150_grab2
8221,1996,2428,12158,CN,1,N_pwm150_grab2
8225,6950,1788,10840,CN,1,N_pwm150_grab2
8230,-6050,-6054,-246,CN,1,N_pwm150_grab2
8235,-3746,-540,14546,CN,1,N_pwm150_grab2
8241,1054,-4044,7200,CN,1,N_pwm150_grab2
8245,-5242,-7050,378,CN,1,N_pwm150_grab2
8250,-7666,-6260,14522,CN,1,N_pwm150_grab2
8256,-2970,-4024,11026,CN,1,N_pwm150_grab2
8260,-6932,-1430,2360,CN,1,N_pwm150_grab2
8265,-6980,222,12010,CN,1,N_pwm150_grab2
8271,8872,3628,7498,CN,1,N_pwm150_grab2
8275,3610,2008,12804,CN,1,N_pwm150_grab2
8281,-302,8044,13656,CN,1,N_pwm150_grab2
8286,7552,4470,7780,CN,1,N_pwm150_grab2
8291,3674,1954,13722,CN,1,N_pwm150_grab2
8295,5596,8838,15062,CN,1,N_pwm150_grab2
8300,11120,-346,7902,CN,1,N_pwm150_grab2
8305,1942,2792,13148,CN,1,N_pwm150_grab2
8310,48,-5412,6826,CN,1,N_pwm150_grab2
8315,-7066,-5806,-1042,CN,1,N_pwm150_grab2
8321,-4940,-1790,13934,CN,1,N_pwm150_grab2
8325,822,-5102,6040,CN,1,N_pwm150_grab2
8330,-6044,-6318,-408,CN,1,N_pwm150_grab2
8336,-7836,-4748,15118,CN,1,N_pwm150_grab2
8340,-2664,-5066,10484,CN,1,N_pwm150_grab2
8346,-7138,-1938,2484,CN,1,N_pwm150_grab2
8350,-6016,-2338,11384,CN,1,N_pwm150_grab2
8355,8288,4098,7894,CN,1,N_pwm150_grab2
8361,3734,2678,12996,CN,1,N_pwm150_grab2
8365,998,8450,14410,CN,1,N_pwm150_grab2
8371,7096,4218,7282,CN,1,N_pwm150_grab2
8375,3626,2014,12874,CN,1,N_pwm150_grab2
8380,6062,8346,15768,CN,1,N_pwm150_grab2
8386,10416,-1590,7652,CN,1,N_pwm150_grab2
8390,1456,1980,12320,CN,1,N_pwm150_grab2
8395,132,-4894,8070,CN,1,N_pwm150_grab2
8407,-8184,-5800,13348,CN,1,N_pwm150_grab2
8412,-3392,-3316,11680,CN,1,N_pwm150_grab2
8417,-6110,-396,4854,CN,1,N_pwm150_grab2
8421,-5264,3068,11698,CN,1,N_pwm150_grab2
8427,3312,3456,12104,CN,1,N_pwm150_grab2
8432,3070,2482,11608,CN,1,N_pwm150_grab2
8436,7512,4892,14078,CN,1,N_pwm150_grab2
8442,7580,-5038,7796,CN,1,N_pwm150_grab2
8448,-1168,1278,13546,CN,1,N_pwm150_grab2
8451,7082,7600,14944,CN,1,N_pwm150_grab2
8457,9274,-2758,7860,CN,1,N_pwm150_grab2
8462,362,1898,12962,CN,1,N_pwm150_grab2
8466,5166,-1018,7574,CN,1,N_pwm150_grab2
8471,452,-7772,4372,CN,1,N_pwm150_grab2
8477,-7324,-4438,12438,CN,1,N_pwm150_grab2
8481,-3016,-1190,13628,CN,1,N_pwm150_grab2
8487,-4644,436,7650,CN,1,N_pwm150_grab2
8491,-7138,-5336,13370,CN,1,N_pwm150_grab2
8496,-3380,-3416,12442,CN,1,N_pwm150_grab2
8501,-5710,-580,5234,CN,1,N_pwm150_grab2
8506,-4800,12,10908,CN,1,N_pwm150_grab2
8511,1880,2314,10744,CN,1,N_pwm150_grab2
8516,3512,2880,13160,CN,1,N_pwm150_grab2
8522,7288,4736,14126,CN,1,N_pwm150_grab2
8526,7994,-5518,7170,CN,1,N_pwm150_grab2
8532,-1198,810,13122,CN,1,N_pwm150_grab2
8536,6764,6146,15102,CN,1,N_pwm150_grab2
8542,9108,-4120,7216,CN,1,N_pwm150_grab2
8547,188,2018,13082,CN,1,N_pwm150_grab2
8551,5106,24,9118,CN,1,N_pwm150_grab2
8561,-7334,-5202,12532,CN,1,N_pwm150_grab2
8566,-2718,-2518,12322,CN,1,N_pwm150_grab2
8571,-4866,124,7374,CN,1,N_pwm150_grab2
8576,-7976,-5918,12964,CN,1,N_pwm150_grab2
8581,-3114,-2606,12670,CN,1,N_pwm150_grab2
8592,-4602,2122,11736,CN,1,N_pwm150_grab2
8596,9640,2628,7872,CN,1,N_pwm150_grab2
8601,3448,1570,11720,CN,1,N_pwm150_grab2
8606,7108,6796,13828,CN,1,N_pwm150_grab2
8611,7836,-3614,8342,CN,1,N_pwm150_grab2
8616,-818,538,14180,CN,1,N_pwm150_grab2
8621,7112,6500,14964,CN,1,N_pwm150_grab2
8626,8820,-3610,7612,CN,1,N_pwm150_grab2
8631,134,752,13274,CN,1,N_pwm150_grab2
8636,-1752,-4874,9262,CN,1,N_pwm150_grab2
8647,-7828,-4806,12904,CN,1,N_pwm150_grab2
8651,-2908,-1630,12764,CN,1,N_pwm150_grab2
8657,-4556,482,7442,CN,1,N_pwm150_grab2
8662,-3308,2258,11752,CN,1,N_pwm150_grab2
8667,4458,3174,9372,CN,1,N_pwm150_grab2
8672,2570,2210,14096,CN,1,N_pwm150_grab2
8677,7216,2150,11728,CN,1,N_pwm150_grab2
8683,5402,-6716,6868,CN,1,N_pwm150_grab2
8688,-3250,-1698,13428,CN,1,N_pwm150_grab2
8692,1768,-4690,5084,CN,1,N_pwm150_grab2
8702,-6686,-5180,15884,CN,1,N_pwm150_grab2
8707,3280,-3062,6520,CN,1,N_pwm150_grab2
8713,-2098,-7874,2458,CN,1,N_pwm150_grab2
8717,-6966,-4070,12476,CN,1,N_pwm150_grab2
8722,-1578,-792,12534,CN,1,N_pwm150_grab2
8727,-3054,1150,8776,CN,1,N_pwm150_grab2
8733,-1604,6702,13194,CN,1,N_pwm150_grab2
8738,5530,4510,8594,CN,1,N_pwm150_grab2
8742,3040,1938,13908,CN,1,N_pwm150_grab2
8747,-2914,5242,12818,CN,1,N_pwm150_grab2
8753,4030,4238,9688,CN,1,N_pwm150_grab2
8757,2698,1656,12340,CN,1,N_pwm150_grab2
8762,6972,4262,12674,CN,1,N_pwm150_grab2
8768,6570,-5698,7894,CN,1,N_pwm150_grab2
8773,-2586,454,13250,CN,1,N_pwm150_grab2
8777,2318,-2756,7932,CN,1,N_pwm150_grab2
8782,-3300,-7704,1784,CN,1,N_pwm150_grab2
8787,-7780,-6366,15092,CN,1,N_pwm150_grab2
8793,3400,-3580,5706,CN,1,N_pwm150_grab2
8803,-7586,-3082,12476,CN,1,N_pwm150_grab2
8808,-1512,204,14042,CN,1,N_pwm150_grab2
8813,-3364,1292,9628,CN,1,N_pwm150_grab2
8818,-1406,2214,11410,CN,1,N_pwm150_grab2
8823,4710,3254,8260,CN,1,N_pwm150_grab2
8827,2860,2192,14460,CN,1,N_pwm150_grab2
8832,-2888,3524,11696,CN,1,N_pwm150_grab2
8838,10132,1646,7714,CN,1,N_pwm150_grab2
8843,3100,2236,12726,CN,1,N_pwm150_grab2
8847,7094,2202,12376,CN,1,N_pwm150_grab2
8852,5986,-6560,6872,CN,1,N_pwm150_grab2
8858,-2136,484,13340,CN,1,N_pwm150_grab2
8862,2124,-3010,7526,CN,1,N_pwm150_grab2
8867,-2926,-7900,1828,CN,1,N_pwm150_grab2
8872,-7858,-2540,16614,CN,1,N_pwm150_grab2
8878,-1362,-5330,9416,CN,1,N_pwm150_grab2
8883,-7452,-3686,-184,CN,1,N_pwm150_grab2
8887,-8112,-3126,12724,CN,1,N_pwm150_grab2
8892,-1988,210,14226,CN,1,N_pwm150_grab2
8898,-3676,1330,9454,CN,1,N_pwm150_grab2
8903,-1918,7072,12214,CN,1,N_pwm150_grab2
8907,5874,4140,8818,CN,1,N_pwm150_grab2
8913,2812,1170,14444,CN,1,N_pwm150_grab2
8919,6938,2804,11726,CN,1,N_pwm150_grab2
8923,4750,-6468,6822,CN,1,N_pwm150_grab2
8929,-3628,322,13806,CN,1,N_pwm150_grab2
8933,1870,-2778,8250,CN,1,N_pwm150_grab2
8938,-4514,-7534,912,CN,1,N_pwm150_grab2
8943,-7476,-6414,15374,CN,1,N_pwm150_grab2
8948,-2180,-4062,10834,CN,1,N_pwm150_grab2
8953,-7128,-1242,912,CN,1,N_pwm150_grab2
8960,162,8942,12906,CN,1,N_pwm150_grab2
8964,-874,1070,14514,CN,1,N_pwm150_grab2
8968,-2816,1534,10336,CN,1,N_pwm150_grab2
8973,-926,3914,11184,CN,1,N_pwm150_grab2
8979,5182,3844,8206,CN,1,N_pwm150_grab2
8983,3188,1922,14890,CN,1,N_pwm150_grab2
8989,4238,9018,14520,CN,1,N_pwm150_grab2
8993,11064,1800,8152,CN,1,N_pwm150_grab2
8998,-4476,-1812,12856,CN,1,N_pwm150_grab2
9003,6526,1384,11814,CN,1,N_pwm150_grab2
9008,6034,-7246,6392,CN,1,N_pwm150_grab2
9013,-2742,116,12654,CN,1,N_pwm150_grab2
9019,2126,-3640,6882,CN,1,N_pwm150_grab2
9023,-3082,-7620,1516,CN,1,N_pwm150_grab2
9029,-8246,-1430,16960,CN,1,N_pwm150_grab2
9034,-1118,-5528,9202,CN,1,N_pwm150_grab2
9038,-8018,-4198,-44,CN,1,N_pwm150_grab2
9044,348,9354,14120,CN,1,N_pwm150_grab2
9049,-1510,1516,15632,CN,1,N_pwm150_grab2
9053,-3284,1276,9696,CN,1,N_pwm150_grab2
9059,-1668,7734,13578,CN,1,N_pwm150_grab2
9064,5788,4294,8388,CN,1,N_pwm150_grab2
9068,2670,1506,13778,CN,1,N_pwm150_grab2
9073,4480,9218,14470,CN,1,N_pwm150_grab2
9078,10038,2708,8224,CN,1,N_pwm150_grab2
9083,-2936,140,13754,CN,1,N_pwm150_grab2
9088,7118,5786,13436,CN,1,N_pwm150_grab2
9094,6930,-4486,7858,CN,1,N_pwm150_grab2
9098,-1458,-1466,16383,CN,1,N_pwm150_grab2
9103,2268,-4496,4770,CN,1,N_pwm150_grab2
9109,-1922,-7240,2116,CN,1,N_pwm150_grab2
9113,-6402,-6192,15476,CN,1,N_pwm150_grab2
9119,-2072,-4494,9986,CN,1,N_pwm150_grab2
9123,-2810,1130,9810,CN,1,N_pwm150_grab2
9129,-1454,4106,12038,CN,1,N_pwm150_grab2
9134,-2592,-2414,11778,CN,1,N_pwm150_grab2
9138,-4392,522,7124,CN,1,N_pwm150_grab2
9144,-3012,3524,11986,CN,1,N_pwm150_grab2
9149,4772,3666,10044,CN,1,N_pwm150_grab2
9153,2352,2096,14150,CN,1,N_pwm150_grab2
9159,3552,9388,15744,CN,1,N_pwm150_grab2
9163,5334,-7218,6274,CN,1,N_pwm150_grab2
9168,-3010,-700,13558,CN,1,N_pwm150_grab2
9175,2224,-4200,5732,CN,1,N_pwm150_grab2
9180,-3140,-7552,982,CN,1,N_pwm150_grab2
9184,-6858,-2370,16482,CN,1,N_pwm150_grab2
9190,-1200,-5682,9496,CN,1,N_pwm150_grab2
9194,-7566,-3996,140,CN,1,N_pwm150_grab2
9199,-7474,-3390,12116,CN,1,N_pwm150_grab2
9210,3202,2064,13910,CN,1,N_pwm150_grab2
9216,5104,8308,15396,CN,1,N_pwm150_grab2
9219,5230,4360,9202,CN,1,N_pwm150_grab2
9224,2684,1618,13662,CN,1,N_pwm150_grab2
9230,3586,9478,14322,CN,1,N_pwm150_grab2
9235,10666,2438,8536,CN,1,N_pwm150_grab2
9240,3396,1358,12960,CN,1,N_pwm150_grab2
9245,2046,-2796,8058,CN,1,N_pwm150_grab2
9250,-4174,-7554,1346,CN,1,N_pwm150_grab2
9254,-7654,-7180,14586,CN,1,N_pwm150_grab2
9259,2764,-4342,5234,CN,1,N_pwm150_grab2
9264,-1836,-7666,2066,CN,1,N_pwm150_grab2
9270,-7098,-5030,15930,CN,1,N_pwm150_grab2
9274,-1600,-4936,8832,CN,1,N_pwm150_grab2
9280,-7214,-3194,-562,CN,1,N_pwm150_grab2
9285,-998,2280,11532,CN,1,N_pwm150_grab2
9290,4594,3190,8012,CN,1,N_pwm150_grab2
9295,2896,2302,14514,CN,1,N_pwm150_grab2
9299,4694,9830,15688,CN,1,N_pwm150_grab2
9305,4428,4202,10314,CN,1,N_pwm150_grab2
9309,2032,1954,14298,CN,1,N_pwm150_grab2
9315,3766,9812,15230,CN,1,N_pwm150_grab2
9319,9246,1850,7552,CN,1,N_pwm150_grab2
9325,-2042,590,13710,CN,1,N_pwm150_grab2
9329,2284,-2584,7808,CN,1,N_pwm150_grab2
9335,-2560,-7818,2376,CN,1,N_pwm150_grab2
9340,-7702,-2822,15908,CN,1,N_pwm150_grab2
9344,3718,-876,8850,CN,1,N_pwm150_grab2
9350,-692,-7934,3540,CN,1,N_pwm150_grab2
9354,-6358,-5746,14456,CN,1,N_pwm150_grab2
9360,-1658,-4752,8894,CN,1,N_pwm150_grab2
9365,-3842,958,8646,CN,1,N_pwm150_grab2
9370,-2648,7032,13206,CN,1,N_pwm150_grab2
9374,5692,4096,9384,CN,1,N_pwm150_grab2
9379,2614,1456,13798,CN,1,N_pwm150_grab2
9384,4132,8988,14424,CN,1,N_pwm150_grab2
9390,3508,2504,10464,CN,1,N_pwm150_grab2
9394,1612,2284,13562,CN,1,N_pwm150_grab2
9399,2664,9016,14364,CN,1,N_pwm150_grab2
9404,6960,-5074,7342,CN,1,N_pwm150_grab2
9409,-1582,-1048,12890,CN,1,N_pwm150_grab2
9414,3044,-4166,5190,CN,1,N_pwm150_grab2
9420,-1936,-7638,1950,CN,1,N_pwm150_grab2
9425,-6074,-4172,16118,CN,1,N_pwm150_grab2
9430,-1500,-5410,9242,CN,1,N_pwm150_grab2
9435,-7274,-3886,-344,CN,1,N_pwm150_grab2
9440,-7396,-4012,13868,CN,1,N_pwm150_grab2
9446,4782,3412,8548,CN,1,N_pwm150_grab2
9450,2988,2438,14490,CN,1,N_pwm150_grab2
9455,4222,9528,15748,CN,1,N_pwm150_grab2
9460,10854,548,7648,CN,1,N_pwm150_grab2
9466,2618,2662,12992,CN,1,N_pwm150_grab2
9470,7300,946,11646,CN,1,N_pwm150_grab2
9475,9936,1514,7734,CN,1,N_pwm150_grab2
9480,3260,1032,12036,CN,1,N_pwm150_grab2
9485,2810,-2764,7544,CN,1,N_pwm150_grab2
9490,-2856,-7796,2068,CN,1,N_pwm150_grab2
9496,-7628,-2388,16090,CN,1,N_pwm150_grab2
9500,-966,-5690,9018,CN,1,N_pwm150_grab2
9505,-7796,-4264,-504,CN,1,N_pwm150_grab2
9511,-7718,-3138,12252,CN,1,N_pwm150_grab2
9516,-1188,-4868,8168,CN,1,N_pwm150_grab2
9520,-6922,-3736,-680,CN,1,N_pwm150_grab2
9526,-2172,6206,13014,CN,1,N_pwm150_grab2
9531,4558,4350,9228,CN,1,N_pwm150_grab2
9535,2444,1926,14014,CN,1,N_pwm150_grab2
9540,4020,7302,13014,CN,1,N_pwm150_grab2
9545,9644,3422,8994,CN,1,N_pwm150_grab2
9550,3468,3576,13982,CN,1,N_pwm150_grab2
9556,7028,3068,13414,CN,1,N_pwm150_grab2
9560,8538,2978,7344,CN,1,N_pwm150_grab2
9565,3216,2832,12744,CN,1,N_pwm150_grab2
9571,3062,-4096,4766,CN,1,N_pwm150_grab2
9576,-790,-7318,2914,CN,1,N_pwm150_grab2
9580,-6750,-2530,16198,CN,1,N_pwm150_grab2
9585,-946,-5572,8408,CN,1,N_pwm150_grab2
9595,-8110,-4268,13694,CN,1,N_pwm150_grab2
9600,20,-4930,8470,CN,1,N_pwm150_grab2
9605,-6490,-6286,-42,CN,1,N_pwm150_grab2
9610,-3656,5650,12524,CN,1,N_pwm150_grab2
9615,4618,4060,11236,CN,1,N_pwm150_grab2
9621,1726,1388,13452,CN,1,N_pwm150_grab2
9626,3024,9888,15642,CN,1,N_pwm150_grab2
9631,9050,1808,7370,CN,1,N_pwm150_grab2
9636,3060,1334,11368,CN,1,N_pwm150_grab2
9641,7132,7128,14218,CN,1,N_pwm150_grab2
9645,7994,3940,8278,CN,1,N_pwm150_grab2
9651,-222,1182,13462,CN,1,N_pwm150_grab2
9656,4646,-988,8184,CN,1,N_pwm150_grab2
9661,8,-7982,3900,CN,1,N_pwm150_grab2
9665,-5494,-5172,14638,CN,1,N_pwm150_grab2
9670,-1428,-4672,8288,CN,1,N_pwm150_grab2
9680,-7232,-5668,13376,CN,1,N_pwm150_grab2
9686,-3328,-2428,12328,CN,1,N_pwm150_grab2
9692,2166,1976,13522,CN,1,N_pwm150_grab2
9696,2796,7874,13290,CN,1,N_pwm150_grab2
9702,9762,3284,8818,CN,1,N_pwm150_grab2
9706,3456,3392,13832,CN,1,N_pwm150_grab2
9711,7434,4286,14342,CN,1,N_pwm150_grab2
9717,8050,-5542,6634,CN,1,N_pwm150_grab2
9721,-876,-96,12558,CN,1,N_pwm150_grab2
9726,4150,-3276,5652,CN,1,N_pwm150_grab2
9732,-522,-7786,3378,CN,1,N_pwm150_grab2
9736,-6402,-1382,15998,CN,1,N_pwm150_grab2
9742,-202,-5528,8142,CN,1,N_pwm150_grab2
9752,-7468,-5560,13312,CN,1,N_pwm150_grab2
9756,-3216,-3434,11916,CN,1,N_pwm150_grab2
9761,-5680,-164,5374,CN,1,N_pwm150_grab2
9766,-4116,4400,12624,CN,1,N_pwm150_grab2
9771,2988,4200,11988,CN,1,N_pwm150_grab2
9776,1114,1948,13000,CN,1,N_pwm150_grab2
9782,2110,9374,14122,CN,1,N_pwm150_grab2
9786,8496,4018,8024,CN,1,N_pwm150_grab2
9791,3748,1502,12708,CN,1,N_pwm150_grab2
9796,6302,8304,13860,CN,1,N_pwm150_grab2
9801,9742,-538,8228,CN,1,N_pwm150_grab2
9806,3824,2620,1593,CN,1,N_pwm150_grab2
9811,-1524,-4426,8294,CN,1,N_pwm150_grab2
9817,1760,-8048,4534,CN,1,N_pwm150_grab2
9822,-5322,-4506,14120,CN,1,N_pwm150_grab2
9827,-888,-4806,7142,CN,1,N_pwm150_grab2
9831,-5686,-4394,-46,CN,1,N_pwm150_grab2
9836,-7928,-4350,15192,CN,1,N_pwm150_grab2
9842,-3104,-4978,10094,CN,1,N_pwm150_grab2
9852,2892,8424,14026,CN,1,N_pwm150_grab2
9857,1532,1414,12454,CN,1,N_pwm150_grab2
9861,-490,1914,11870,CN,1,N_pwm150_grab2
9867,1194,9838,15014,CN,1,N_pwm150_grab2
9872,7506,3592,6942,CN,1,N_pwm150_grab2
9877,3224,1898,12488,CN,1,N_pwm150_grab2
9881,6590,7646,15388,CN,1,N_pwm150_grab2
9887,9684,-2022,7344,CN,1,N_pwm150_grab2
9891,-5250,-436,15504,CN,1,N_pwm150_grab2
9897,180,-4740,8720,CN,1,N_pwm150_grab2
9901,3580,-6224,5631,CN,1,N_pwm150_grab2
9906,-3954,-2470,13658,CN,1,N_pwm150_grab2
9911,136,-5156,6108,CN,1,N_pwm150_grab2
9916,-4660,-6114,388,CN,1,N_pwm150_grab2
9921,-7334,-6736,14104,CN,1,N_pwm150_grab2
9926,-2570,-2034,12364,CN,1,N_pwm150_grab2
9932,120,1306,11812,CN,1,N_pwm150_grab2
9937,846,8140,13436,CN,1,N_pwm150_grab2
9943,7984,4116,7822,CN,1,N_pwm150_grab2
9948,3704,1780,13288,CN,1,N_pwm150_grab2
9952,6446,8676,14828,CN,1,N_pwm150_grab2
9958,10330,-156,8054,CN,1,N_pwm150_grab2
9962,1634,2246,13282,CN,1,N_pwm150_grab2
9967,6274,-968,8172,CN,1,N_pwm150_grab2
9972,-6142,-4484,-126,CN,1,N_pwm150_grab2
9977,-7242,-5662,13102,CN,1,N_pwm150_grab2
9982,-3134,-1146,13304,CN,1,N_pwm150_grab2
9988,-5026,-5498,112,CN,1,N_pwm150_grab2
9993,-6916,-4476,15694,CN,1,N_pwm150_grab2
9997,-2436,-4946,10022,CN,1,N_pwm150_grab2
10002,-7014,-2048,1658,CN,1,N_pwm150_grab2
10007,-6524,-2636,11798,CN,1,N_pwm150_grab2
10012,7830,4330,8214,CN,1,N_pwm150_grab2
10017,3496,2996,14062,CN,1,N_pwm150_grab2
10023,6404,6344,15758,CN,1,N_pwm150_grab2
10028,6458,4230,7990,CN,1,N_pwm150_grab2
10033,3180,1218,13126,CN,1,N_pwm150_grab2
10037,4674,9362,15328,CN,1,N_pwm150_grab2
10042,10678,414,7822,CN,1,N_pwm150_grab2
10047,2632,960,12216,CN,1,N_pwm150_grab2
10053,1412,-2862,8856,CN,1,N_pwm150_grab2
10057,-5532,-7068,932,CN,1,N_pwm150_grab2
10062,-7804,-7432,13268,CN,1,N_pwm150_grab2
10067,-2462,-2324,12178,CN,1,N_pwm150_grab2
10073,-2990,-6542,1282,CN,1,N_pwm150_grab2
10077,-6914,-6974,15062,CN,1,N_pwm150_grab2
10082,-2146,-3366,10888,CN,1,N_pwm150_grab2
10088,-6950,-1634,1140,CN,1,N_pwm150_grab2
10092,-226,4740,12354,CN,1,N_pwm150_grab2
10097,5442,4012,7928,CN,1,N_pwm150_grab2
10103,3116,2172,14262,CN,1,N_pwm150_grab2
10107,4770,9314,15258,CN,1,N_pwm150_grab2
10112,4194,3742,9330,CN,1,N_pwm150_grab2
10117,2334,2406,14120,CN,1,N_pwm150_grab2
10123,3900,9680,15716,CN,1,N_pwm150_grab2
10128,9432,1416,7424,CN,1,N_pwm150_grab2
10133,-2526,-510,13458,CN,1,N_pwm150_grab2
10138,1952,-4016,5816,CN,1,N_pwm150_grab2
10143,-2312,-7388,2028,CN,1,N_pwm150_grab2
10147,-7554,-1354,16618,CN,1,N_pwm150_grab2
10152,-960,-5298,8998,CN,1,N_pwm150_grab2
10157,-346,-7314,4014,CN,1,N_pwm150_grab2
10163,-6274,-6388,13776,CN,1,N_pwm150_grab2
10168,-1708,-4374,8802,CN,1,N_pwm150_grab2
10172,-6290,-3112,176,CN,1,N_pwm150_grab2
10178,-2618,8440,14190,CN,1,N_pwm150_grab2
10182,5628,3848,9232,CN,1,N_pwm150_grab2
10187,2208,972,13234,CN,1,N_pwm150_grab2
10192,3910,9252,14538,CN,1,N_pwm150_grab2
10198,9528,2948,8326,CN,1,N_pwm150_grab2
10204,3308,1392,12276,CN,1,N_pwm150_grab2
10208,6830,6838,13772,CN,1,N_pwm150_grab2
10214,-2668,-7798,2144,CN,1,N_pwm150_grab2
10221,-2668,-7798,2144,CN,1,N_pwm150_grab2
10224,-1866,-4028,10260,CN,1,N_pwm150_grab2
10228,-6520,-2272,778,CN,1,N_pwm150_grab2
10233,-7764,-2064,12676,CN,1,N_pwm150_grab2
10238,-2096,690,14390,CN,1,N_pwm150_grab2
10244,-6220,-3448,286,CN,1,N_pwm150_grab2
10248,-7482,-4692,14022,CN,1,N_pwm150_grab2
10253,-3218,-3942,10980,CN,1,N_pwm150_grab2
10259,2234,2256,14232,CN,1,N_pwm150_grab2
10263,3042,9468,14856,CN,1,N_pwm150_grab2
10268,9762,2548,8226,CN,1,N_pwm150_grab2
10274,3272,3182,13366,CN,1,N_pwm150_grab2
10279,7468,2564,13382,CN,1,N_pwm150_grab2
10284,8474,2710,7374,CN,1,N_pwm150_grab2
10288,3292,1542,12386,CN,1,N_pwm150_grab2
10293,6900,7002,15252,CN,1,N_pwm150_grab2
10298,-482,-8094,3666,CN,1,N_pwm150_grab2
10303,-6088,-658,16038,CN,1,N_pwm150_grab2
10308,172,-4860,9020,CN,1,N_pwm150_grab2
10319,-7708,-5858,12208,CN,1,N_pwm150_grab2
10323,-2932,-918,13644,CN,1,N_pwm150_grab2
10328,-5494,-5332,-74,CN,1,N_pwm150_grab2
10334,-6988,-6454,13956,CN,1,N_pwm150_grab2
10338,2882,4180,12358,CN,1,N_pwm150_grab2
10344,676,1418,12246,CN,1,N_pwm150_grab2
10348,1400,7140,12714,CN,1,N_pwm150_grab2
10353,7778,4302,8298,CN,1,N_pwm150_grab2
10358,3760,2010,13672,CN,1,N_pwm150_grab2
10363,5986,8328,15256,CN,1,N_pwm150_grab2
10369,6194,4518,8180,CN,1,N_pwm150_grab2
10374,3320,2668,14338,CN,1,N_pwm150_grab2
10378,6012,-1676,7828,CN,1,N_pwm150_grab2
10383,3008,-8074,5258,CN,1,N_pwm150_grab2
10388,-5128,-1434,14148,CN,1,N_pwm150_grab2
10394,484,-5250,6072,CN,1,N_pwm150_grab2
10398,-5396,-6514,88,CN,1,N_pwm150_grab2
10403,-8304,-1656,15994,CN,1,N_pwm150_grab2
10409,-2010,-5750,9684,CN,1,N_pwm150_grab2
10413,-3724,-7242,2044,CN,1,N_pwm150_grab2
10419,-6458,2158,12126,CN,1,N_pwm150_grab2
10423,1146,3394,15406,CN,1,N_pwm150_grab2
10428,-1368,1176,11066,CN,1,N_pwm150_grab2
10433,-16,10084,15580,CN,1,N_pwm150_grab2
10438,6484,3336,6886,CN,1,N_pwm150_grab2
10444,2956,704,12206,CN,1,N_pwm150_grab2
10448,5474,9424,15206,CN,1,N_pwm150_grab2
10454,10322,1198,8254,CN,1,N_pwm150_grab2
10459,-4328,-70,14130,CN,1,N_pwm150_grab2
10464,830,-3824,8210,CN,1,N_pwm150_grab2
10470,-4986,-7112,986,CN,1,N_pwm150_grab2
10475,-8204,-6804,13952,CN,1,N_pwm150_grab2
10480,-2754,-2202,11804,CN,1,N_pwm150_grab2
10484,-6790,-264,2522,CN,1,N_pwm150_grab2
10489,-7172,1592,12628,CN,1,N_pwm150_grab2
10494,778,2708,15250,CN,1,N_pwm150_grab2
10500,-1978,1136,10884,CN,1,N_pwm150_grab2
10505,-692,4090,11624,CN,1,N_pwm150_grab2
10509,5902,4028,8200,CN,1,N_pwm150_grab2
10514,3062,1986,14522,CN,1,N_pwm150_grab2
10519,5366,9398,15450,CN,1,N_pwm150_grab2
10524,9946,846,7686,CN,1,N_pwm150_grab2
10529,2810,2352,12838,CN,1,N_pwm150_grab2
10534,6694,316,10752,CN,1,N_pwm150_grab2
10539,5370,-7088,6202,CN,1,N_pwm150_grab2
10544,-2584,-140,13674,CN,1,N_pwm150_grab2
10550,2056,-3940,6150,CN,1,N_pwm150_grab2
10554,-2650,-7738,1714,CN,1,N_pwm150_grab2
10559,-6950,-1394,16746,CN,1,N_pwm150_grab2
10564,-612,-5420,9592,CN,1,N_pwm150_grab2
10569,-7252,-4624,132,CN,1,N_pwm150_grab2
10574,-8232,-3216,12048,CN,1,N_pwm150_grab2
10579,6274,4318,8930,CN,1,N_pwm150_grab2
10585,-4044,1304,8126,CN,1,N_pwm150_grab2
10590,-3196,8230,13894,CN,1,N_pwm150_grab2
10595,5136,4064,10198,CN,1,N_pwm150_grab2
10599,1968,1022,13184,CN,1,N_pwm150_grab2
10604,2742,8892,13556,CN,1,N_pwm150_grab2
10610,9548,3314,8480,CN,1,N_pwm150_grab2
10614,3736,1460,13066,CN,1,N_pwm150_grab2
10620,3128,-1766,8191,CN,1,N_pwm150_grab2
10624,8808,-2906,7626,CN,1,N_pwm150_grab2
10629,150,576,12490,CN,1,N_pwm150_grab2
10635,4726,-2710,6400,CN,1,N_pwm150_grab2
10640,438,-8058,3544,CN,1,N_pwm150_grab2
10644,-5778,-3328,14906,CN,1,N_pwm150_grab2
10649,-732,-5358,7506,CN,1,N_pwm150_grab2
10654,-5934,-5184,-322,CN,1,N_pwm150_grab2
10659,-3566,-994,11498,CN,1,N_pwm150_grab2
10664,2084,1278,9236,CN,1,N_pwm150_grab2
10669,-6404,-1704,2846,CN,1,N_pwm150_grab2
10675,-5330,2110,11950,CN,1,N_pwm150_grab2
10679,1754,3560,14174,CN,1,N_pwm150_grab2
10684,-402,1772,11938,CN,1,N_pwm150_grab2
10689,538,10362,14474,CN,1,N_pwm150_grab2
10695,7112,3718,7444,CN,1,N_pwm150_grab2
10699,484,1582,12950,CN,1,N_pwm150_grab2
10705,5608,1184,10408,CN,1,N_pwm150_grab2
10711,2048,-7342,5718,CN,1,N_pwm150_grab2
10715,-5544,-672,14250,CN,1,N_pwm150_grab2
10720,804,-4652,7458,CN,1,N_pwm150_grab2
10725,-6052,-6732,-130,CN,1,N_pwm150_grab2
10730,-8118,-6648,13882,CN,1,N_pwm150_grab2
10735,-2590,-2428,12380,CN,1,N_pwm150_grab2
10740,520,1700,12976,CN,1,N_pwm150_grab2
10745,1782,9712,13850,CN,1,N_pwm150_grab2
10750,7654,4128,7540,CN,1,N_pwm150_grab2
10756,-1466,1392,11640,CN,1,N_pwm150_grab2
10761,536,2336,10750,CN,1,N_pwm150_grab2
10765,5124,3082,7596,CN,1,N_pwm150_grab2
10771,3252,2686,14470,CN,1,N_pwm150_grab2
10776,5538,7920,16142,CN,1,N_pwm150_grab2
10781,3248,-8214,4700,CN,1,N_pwm150_grab2
10785,-4444,-3790,13096,CN,1,N_pwm150_grab2
10791,-326,-4558,6560,CN,1,N_pwm150_grab2
10795,5170,-7404,6308,CN,1,N_pwm150_grab2
10801,-2678,1152,13666,CN,1,N_pwm150_grab2
10805,1962,-2692,8002,CN,1,N_pwm150_grab2
10811,-2520,-7850,2526,CN,1,N_pwm150_grab2
10816,-8026,-2558,16370,CN,1,N_pwm150_grab2
10820,-504,-936,13054,CN,1,N_pwm150_grab2
10826,-2806,1384,10264,CN,1,N_pwm150_grab2
10831,-366,8090,12760,CN,1,N_pwm150_grab2
10835,6022,4156,8268,CN,1,N_pwm150_grab2
10840,-4240,1196,8456,CN,1,N_pwm150_grab2
10845,-2536,5178,12146,CN,1,N_pwm150_grab2
10850,4792,3886,10274,CN,1,N_pwm150_grab2
10855,1694,1460,14182,CN,1,N_pwm150_grab2
10860,3658,6168,12310,CN,1,N_pwm150_grab2
10865,7062,-3186,8172,CN,1,N_pwm150_grab2
10870,-1252,-536,12799,CN,1,N_pwm150_grab2
10875,2548,-4044,5344,CN,1,N_pwm150_grab2
10881,7780,-5330,6442,CN,1,N_pwm150_grab2
10885,-108,-870,11822,CN,1,N_pwm150_grab2
10890,4418,-3516,5404,CN,1,N_pwm150_grab2
10895,742,-7494,3658,CN,1,N_pwm150_grab2
10901,-5164,-938,15728,CN,1,N_pwm150_grab2
10906,-3034,-3044,11918,CN,1,N_pwm150_grab2
10910,-5086,358,5734,CN,1,N_pwm150_grab2
10916,-3912,-4,11232,CN,1,N_pwm150_grab2
10921,2950,2010,10766,CN,1,N_pwm150_grab2
10925,-6258,-1038,2642,CN,1,N_pwm150_grab2
10931,-5814,2732,12304,CN,1,N_pwm150_grab2
10935,2104,3364,14492,CN,1,N_pwm150_grab2
10940,-516,1438,11768,CN,1,N_pwm150_grab2
10945,7270,4748,14794,CN,1,N_pwm150_grab2
10950,8508,-4346,6644,CN,1,N_pwm150_grab2
10955,398,1282,12526,CN,1,N_pwm150_grab2
10960,5670,2156,10866,CN,1,N_pwm150_grab2
10966,1984,-6958,5696,CN,1,N_pwm150_grab2
10971,-4752,-2664,13668,CN,1,N_pwm150_grab2
10977,-150,-5372,6800,CN,1,N_pwm150_grab2
10981,-5022,-5960,398,CN,1,N_pwm150_grab2
10986,-5132,4598,13082,CN,1,N_pwm150_grab2
10991,2898,3846,13296,CN,1,N_pwm150_grab2
10996,208,1436,12244,CN,1,N_pwm150_grab2
11001,796,6986,12150,CN,1,N_pwm150_grab2
11008,7512,4304,8208,CN,1,N_pwm150_grab2
11011,-1950,1582,10214,CN,1,N_pwm150_grab2
11017,-610,4424,11314,CN,1,N_pwm150_grab2
11021,5736,4160,8704,CN,1,N_pwm150_grab2
11027,2106,2190,13550,CN,1,N_pwm150_grab2
11032,6236,-850,8904,CN,1,N_pwm150_grab2
11037,3576,-7710,5310,CN,1,N_pwm150_grab2
11041,-4394,-2100,13426,CN,1,N_pwm150_grab2
11047,748,-5146,5676,CN,1,N_pwm150_grab2
11052,6068,-6932,6874,CN,1,N_pwm150_grab2
11057,-2674,1040,13490,CN,1,N_pwm150_grab2
11062,2940,-1270,9132,CN,1,N_pwm150_grab2
11066,-7414,-3402,588,CN,1,N_pwm150_grab2
11071,-7250,-2396,11546,CN,1,N_pwm150_grab2
11076,-1084,1388,15174,CN,1,N_pwm150_grab2
11081,-2830,1536,9336,CN,1,N_pwm150_grab2
11086,-1740,8652,14004,CN,1,N_pwm150_grab2
11092,5230,4400,8946,CN,1,N_pwm150_grab2
11096,-4654,702,7824,CN,1,N_pwm150_grab2
11101,-3362,10,11398,CN,1,N_pwm150_grab2
11106,10194,3068,8882,CN,1,N_pwm150_grab2
11112,3414,2588,13520,CN,1,N_pwm150_grab2
11117,6720,4382,13970,CN,1,N_pwm150_grab2
11121,7598,-5414,6742,CN,1,N_pwm150_grab2
11126,-956,-378,12606,CN,1,N_pwm150_grab2
11131,3860,-3620,5620,CN,1,N_pwm150_grab2
11136,8728,-4416,6454,CN,1,N_pwm150_grab2
11141,612,1676,13204,CN,1,N_pwm150_grab2
11146,-528,-5406,7532,CN,1,N_pwm150_grab2
11151,-6538,-5366,-826,CN,1,N_pwm150_grab2
11156,-7990,-3488,14574,CN,1,N_pwm150_grab2
11162,-2480,-4752,10414,CN,1,N_pwm150_grab2
11166,-6082,-1082,3972,CN,1,N_pwm150_grab2
11171,-4632,3636,12156,CN,1,N_pwm150_grab2
11177,2766,3918,13936,CN,1,N_pwm150_grab2
11182,-6714,-242,2760,CN,1,N_pwm150_grab2
11187,1260,10196,14950,CN,1,N_pwm150_grab2
11192,6998,3306,6902,CN,1,N_pwm150_grab2
11196,3156,622,12160,CN,1,N_pwm150_grab2
11202,5726,9106,14842,CN,1,N_pwm150_grab2
11207,9934,608,8216,CN,1,N_pwm150_grab2
11211,2362,2188,13478,CN,1,N_pwm150_grab2
11216,5930,874,10690,CN,1,N_pwm150_grab2
11222,4224,-7464,6066,CN,1,N_pwm150_grab2
11227,-8014,-6262,14172,CN,1,N_pwm150_grab2
11233,-2848,-2476,12036,CN,1,N_pwm150_grab2
11237,-6722,-178,3188,CN,1,N_pwm150_grab2
11242,-6354,-2046,11660,CN,1,N_pwm150_grab2
11247,550,860,13816,CN,1,N_pwm150_grab2
11253,-1624,1522,10980,CN,1,N_pwm150_grab2
11257,124,4180,11668,CN,1,N_pwm150_grab2
11264,5670,4090,8164,CN,1,N_pwm150_grab2
11268,3006,2444,14452,CN,1,N_pwm150_grab2
11273,5492,8596,15800,CN,1,N_pwm150_grab2
11277,9694,-518,7180,CN,1,N_pwm150_grab2
11282,2368,2228,12294,CN,1,N_pwm150_grab2
11287,6614,542,10896,CN,1,N_pwm150_grab2
11293,5506,-6998,6532,CN,1,N_pwm150_grab2
11297,-2192,1006,14198,CN,1,N_pwm150_grab2
11303,2492,-1920,8258,CN,1,N_pwm150_grab2
11307,-2046,-7936,2678,CN,1,N_pwm150_grab2
11313,-6876,-4866,15000,CN,1,N_pwm150_grab2
11318,-1392,-5076,8858,CN,1,N_pwm150_grab2
11322,-6592,-3544,-118,CN,1,N_pwm150_grab2
11327,-8260,-3218,12784,CN,1,N_pwm150_grab2
11332,-2572,-112,14234,CN,1,N_pwm150_grab2
11338,-4814,722,7248,CN,1,N_pwm150_grab2
11342,-4010,2226,11608,CN,1,N_pwm150_grab2
11347,9440,2444,8004,CN,1,N_pwm150_grab2
11353,1088,1966,13516,CN,1,N_pwm150_grab2
11357,2246,7646,13338,CN,1,N_pwm150_grab2
11362,8248,3934,8024,CN,1,N_pwm150_grab2
11368,3242,2900,13740,CN,1,N_pwm150_grab2
11372,7040,5706,15288,CN,1,N_pwm150_grab2
11377,8550,-3796,6504,CN,1,N_pwm150_grab2
11382,756,1250,12756,CN,1,N_pwm150_grab2
11387,-1356,-4844,8220,CN,1,N_pwm150_grab2
11392,2236,-7802,5082,CN,1,N_pwm150_grab2
11397,-4316,258,15256,CN,1,N_pwm150_grab2
11402,740,-4058,8246,CN,1,N_pwm150_grab2
11407,-4976,-7228,916,CN,1,N_pwm150_grab2
11412,-7424,-6430,14404,CN,1,N_pwm150_grab2
11417,-2354,-3704,10828,CN,1,N_pwm150_grab2
11422,-6428,-1080,1812,CN,1,N_pwm150_grab2
11428,236,9954,14186,CN,1,N_pwm150_grab2
11432,7196,3422,7526,CN,1,N_pwm150_grab2
11437,-2240,1294,10000,CN,1,N_pwm150_grab2
11442,-1612,4780,11624,CN,1,N_pwm150_grab2
11447,5632,4240,9020,CN,1,N_pwm150_grab2
11452,2706,1790,14750,CN,1,N_pwm150_grab2
11458,4068,8708,14132,CN,1,N_pwm150_grab2
11463,9862,2804,8418,CN,1,N_pwm150_grab2
11467,3232,2944,13822,CN,1,N_pwm150_grab2
11472,1586,-4774,5458,CN,1,N_pwm150_grab2
11479,-3058,-7238,1354,CN,1,N_pwm150_grab2
11483,-6220,-6318,15564,CN,1,N_pwm150_grab2
11489,-1722,-4190,10106,CN,1,N_pwm150_grab2
11493,-6526,-2328,546,CN,1,N_pwm150_grab2
11498,-7314,-3994,13826,CN,1,N_pwm150_grab2
11503,-2162,-3510,11358,CN,1,N_pwm150_grab2
11509,2778,2034,14702,CN,1,N_pwm150_grab2
11513,3938,9680,15550,CN,1,N_pwm150_grab2
11518,10004,1126,7664,CN,1,N_pwm150_grab2
11523,1570,1718,13540,CN,1,N_pwm150_grab2
11529,2138,10032,14648,CN,1,N_pwm150_grab2
11533,8778,2228,7590,CN,1,N_pwm150_grab2
11538,3582,328,12150,CN,1,N_pwm150_grab2
11543,6398,8140,14408,CN,1,N_pwm150_grab2
11548,9218,-1600,7804,CN,1,N_pwm150_grab2
11553,-6614,-2462,15224,CN,1,N_pwm150_grab2
11559,-388,-5648,7732,CN,1,N_pwm150_grab2
11563,1908,-7746,4856,CN,1,N_pwm150_grab2
11569,-5334,-2968,13486,CN,1,N_pwm150_grab2
11574,68,-5118,6578,CN,1,N_pwm150_grab2
11579,-5224,-5760,142,CN,1,N_pwm150_grab2
11583,-7300,-5364,15524,CN,1,N_pwm150_grab2
11589,-2362,-4248,10588,CN,1,N_pwm150_grab2
11593,-166,1822,12442,CN,1,N_pwm150_grab2
11598,1174,4054,10892,CN,1,N_pwm150_grab2
11604,6576,3928,8264,CN,1,N_pwm150_grab2
11608,-2294,1128,9266,CN,1,N_pwm150_grab2
11613,-422,8680,13118,CN,1,N_pwm150_grab2
11618,5784,4598,8854,CN,1,N_pwm150_grab2
11623,2684,1404,13710,CN,1,N_pwm150_grab2
11628,4400,8446,15212,CN,1,N_pwm150_grab2
11634,4598,-7534,5938,CN,1,N_pwm150_grab2
11638,-3582,1018,13742,CN,1,N_pwm150_grab2
11643,1820,-3174,7652,CN,1,N_pwm150_grab2
11648,7300,-4054,7934,CN,1,N_pwm150_grab2
11653,-1044,984,12686,CN,1,N_pwm150_grab2
11659,3634,-1974,7726,CN,1,N_pwm150_grab2
11663,-820,-8158,3336,CN,1,N_pwm150_grab2
11669,-6816,-4966,14886,CN,1,N_pwm150_grab2
11673,-2034,270,14970,CN,1,N_pwm150_grab2
11679,-3928,1276,8704,CN,1,N_pwm150_grab2
11684,-2116,3536,11942,CN,1,N_pwm150_grab2
11688,3940,3736,10114,CN,1,N_pwm150_grab2
11694,-5646,66,4852,CN,1,N_pwm150_grab2
11699,-4290,-2302,11668,CN,1,N_pwm150_grab2
11704,1540,78,10174,CN,1,N_pwm150_grab2
11709,-188,1518,11724,CN,1,N_pwm150_grab2
11713,6726,4096,14980,CN,1,N_pwm150_grab2
11719,8148,-5324,5912,CN,1,N_pwm150_grab2
11723,528,52,12252,CN,1,N_pwm150_grab2
11728,4980,-2574,6428,CN,1,N_pwm150_grab2
11735,1910,-7802,4582,CN,1,N_pwm150_grab2
11739,-5252,196,15272,CN,1,N_pwm150_grab2
11745,440,-4574,7538,CN,1,N_pwm150_grab2
11749,-5352,-6584,320,CN,1,N_pwm150_grab2
11755,-4358,-330,11024,CN,1,N_pwm150_grab2
11760,2070,2150,12786,CN,1,N_pwm150_grab2
11764,-174,1770,12830,CN,1,N_pwm150_grab2
11770,1530,9570,13788,CN,1,N_pwm150_grab2
11774,6884,3800,7148,CN,1,N_pwm150_grab2
11780,-2100,1342,11376,CN,1,N_pwm150_grab2
11784,-170,6024,11660,CN,1,N_pwm150_grab2
11790,5664,4422,8184,CN,1,N_pwm150_grab2
11795,2312,444,11588,CN,1,N_pwm150_grab2
11799,6070,4820,12126,CN,1,N_pwm150_grab2
11804,4892,-5232,6964,CN,1,N_pwm150_grab2
11809,-3144,-2038,12658,CN,1,N_pwm150_grab2
11815,908,-4788,5592,CN,1,N_pwm150_grab2
11820,6434,-6816,5762,CN,1,N_pwm150_grab2
11824,-1376,-1058,12002,CN,1,N_pwm150_grab2
11829,2866,-3868,5158,CN,1,N_pwm150_grab2
11835,-6498,-1292,1064,CN,1,N_pwm150_grab2
11839,-7744,-4524,13188,CN,1,N_pwm150_grab2
11845,-2152,-2762,12498,CN,1,N_pwm150_grab2
11849,-4332,762,7508,CN,1,N_pwm150_grab2
11855,-2462,2772,10970,CN,1,N_pwm150_grab2
11860,4006,3552,10968,CN,1,N_pwm150_grab2
11865,-5760,268,4384,CN,1,N_pwm150_grab2
11869,-4832,3210,12210,CN,1,N_pwm150_grab2
11875,8442,2352,7202,CN,1,N_pwm150_grab2
11879,3192,1076,12084,CN,1,N_pwm150_grab2
11884,6666,6490,15022,CN,1,N_pwm150_grab2
11889,8414,-3108,7362,CN,1,N_pwm150_grab2
11894,712,802,11776,CN,1,N_pwm150_grab2
11900,5360,2840,10976,CN,1,N_pwm150_grab2
11905,9708,1432,8060,CN,1,N_pwm150_grab2
11910,2744,2450,13410,CN,1,N_pwm150_grab2
11915,-508,-4960,6912,CN,1,N_pwm150_grab2
11924,-7590,-6084,14608,CN,1,N_pwm150_grab2
11930,-2272,-1898,11994,CN,1,N_pwm150_grab2
11934,-6296,-140,2670,CN,1,N_pwm150_grab2
11939,-6830,-3842,12318,CN,1,N_pwm150_grab2
11945,-626,-890,12704,CN,1,N_pwm150_grab2
11954,-866,5528,11260,CN,1,N_pwm150_grab2
11959,5546,4268,9394,CN,1,N_pwm150_grab2
11965,2594,1554,14698,CN,1,N_pwm150_grab2
11969,4624,8748,15486,CN,1,N_pwm150_grab2
11974,9322,450,7286,CN,1,N_pwm150_grab2
11979,2616,1320,11938,CN,1,N_pwm150_grab2
11984,6696,4320,13466,CN,1,N_pwm150_grab2
11990,6662,-4862,6980,CN,1,N_pwm150_grab2
11995,-7206,-1298,16896,CN,1,N_pwm150_grab2
12000,-472,-5440,9230,CN,1,N_pwm150_grab2
12005,-6632,-4498,72,CN,1,N_pwm150_grab2
12011,-8094,-3356,12332,CN,1,N_pwm150_grab2
12016,-2130,174,14140,CN,1,N_pwm150_grab2
12021,-4208,1512,7782,CN,1,N_pwm150_grab2
12025,-3234,6540,12748,CN,1,N_pwm150_grab2
12032,4446,4068,11642,CN,1,N_pwm150_grab2
12036,1180,944,13246,CN,1,N_pwm150_grab2
12041,2004,6480,11728,CN,1,N_pwm150_grab2
12046,8194,4116,8240,CN,1,N_pwm150_grab2
12051,3788,1840,14058,CN,1,N_pwm150_grab2
12055,6536,7492,15738,CN,1,N_pwm150_grab2
12060,9020,-2448,6906,CN,1,N_pwm150_grab2
12066,1336,1178,11708,CN,1,N_pwm150_grab2
12071,5602,-1412,8112,CN,1,N_pwm150_grab2
12075,9310,-1448,7050,CN,1,N_pwm150_grab2
12080,-4666,-513,-1,CN,1,N_pwm150_grab2
12086,850,-4686,7098,CN,1,N_pwm150_grab2
12090,-4318,-7066,792,CN,1,N_pwm150_grab2
12096,-7744,-1760,16656,CN,1,N_pwm150_grab2
12100,-1162,-5434,9396,CN,1,N_pwm150_grab2
12106,-6876,-3194,758,CN,1,N_pwm150_grab2
12110,-7138,-1570,12018,CN,1,N_pwm150_grab2
12115,-1110,1442,14988,CN,1,N_pwm150_grab2
12121,-2978,1584,9740,CN,1,N_pwm150_grab2
12126,-1768,7574,12292,CN,1,N_pwm150_grab2
12131,5354,4386,9640,CN,1,N_pwm150_grab2
12136,2240,1030,13950,CN,1,N_pwm150_grab2
12140,3278,5764,11916,CN,1,N_pwm150_grab2
12145,9186,3372,8506,CN,1,N_pwm150_grab2
12151,3724,3440,14684,CN,1,N_pwm150_grab2
12155,6828,3895,-1,CN,1,N_pwm150_grab2
12161,7842,-5668,5850,CN,1,N_pwm150_grab2
12166,-476,-194,11276,CN,1,N_pwm150_grab2
12170,4622,-3002,5862,CN,1,N_pwm150_grab2
12176,824,-7766,3722,CN,1,N_pwm150_grab2
12181,-5832,556,16354,CN,1,N_pwm150_grab2
12185,576,-4442,8232,CN,1,N_pwm150_grab2
12191,-5784,-6470,106,CN,1,N_pwm150_grab2
12195,-7734,-5872,14644,CN,1,N_pwm150_grab2
12200,2158,3016,12588,CN,1,N_pwm150_grab2
12206,-6356,-606,2658,CN,1,N_pwm150_grab2
12210,-5672,1310,12354,CN,1,N_pwm150_grab2
12216,804,2792,14838,CN,1,N_pwm150_grab2
12220,-1516,1338,11200,CN,1,N_pwm150_grab2
12226,-262,4728,10602,CN,1,N_pwm150_grab2
12230,5572,4324,8430,CN,1,N_pwm150_grab2
12235,3130,1622,14936,CN,1,N_pwm150_grab2
12241,6220,4304,11980,CN,1,N_pwm150_grab2
12246,4614,-5852,6376,CN,1,N_pwm150_grab2
12251,-4044,-2126,12740,CN,1,N_pwm150_grab2
12257,892,-4950,5750,CN,1,N_pwm150_grab2
12262,-3610,-6456,1068,CN,1,N_pwm150_grab2
12266,-7228,-6404,15874,CN,1,N_pwm150_grab2
12271,-1892,-3858,10482,CN,1,N_pwm150_grab2
12276,-6740,-1280,584,CN,1,N_pwm150_grab2
12281,-244,1142,9704,CN,1,N_pwm150_grab2
12286,4624,2864,7968,CN,1,N_pwm150_grab2
12292,-4144,0,7404,CN,1,N_pwm150_grab2
12297,-1756,6976,12150,CN,1,N_pwm150_grab2
12302,4382,4724,10904,CN,1,N_pwm150_grab2
12306,1920,1138,13684,CN,1,N_pwm150_grab2
12312,3044,9346,14614,CN,1,N_pwm150_grab2
12317,8858,1768,7382,CN,1,N_pwm150_grab2
12322,-1878,1416,12346,CN,1,N_pwm150_grab2
12326,3296,706,10644,CN,1,N_pwm150_grab2
12331,9312,-666,8050,CN,1,N_pwm150_grab2
12336,1160,1710,12880,CN,1,N_pwm150_grab2
12341,1160,1710,12880,CN,1,N_pwm150_grab2
12346,1814,-8532,3812,CN,1,N_pwm150_grab2
12351,-5734,-4216,14386,CN,1,N_pwm150_grab2
12356,-640,-4552,6844,CN,1,N_pwm150_grab2
12361,-5426,888,6826,CN,1,N_pwm150_grab2
12366,-3968,-1942,10622,CN,1,N_pwm150_grab2
12371,1756,904,10816,CN,1,N_pwm150_grab2
12377,-7028,-1984,1292,CN,1,N_pwm150_grab2
12381,-6148,-2246,11236,CN,1,N_pwm150_grab2
12386,-26,1270,14304,CN,1,N_pwm150_grab2
12391,-1786,1634,11380,CN,1,N_pwm150_grab2
12402,9462,-2950,6758,CN,1,N_pwm150_grab2
12406,1844,1472,11996,CN,1,N_pwm150_grab2
12411,5882,2014,11150,CN,1,N_pwm150_grab2
12416,10108,2022,8248,CN,1,N_pwm150_grab2
12421,3470,564,11932,CN,1,N_pwm150_grab2
12426,6142,6458,12840,CN,1,N_pwm150_grab2
12431,7148,-3606,7704,CN,1,N_pwm150_grab2
12436,-1380,-738,12454,CN,1,N_pwm150_grab2
12442,-2192,-3344,10386,CN,1,N_pwm150_grab2
12446,-6896,-938,1286,CN,1,N_pwm150_grab2
12451,-7764,-84,13264,CN,1,N_pwm150_grab2
12457,-1294,1438,15812,CN,1,N_pwm150_grab2
12461,-6314,-2408,-36,CN,1,N_pwm150_grab2
12467,-8322,-3376,14706,CN,1,N_pwm150_grab2
12472,-2694,-4756,10970,CN,1,N_pwm150_grab2
12477,-5644,-412,4720,CN,1,N_pwm150_grab2
12487,8898,2552,7562,CN,1,N_pwm150_grab2
12492,3462,2156,12812,CN,1,N_pwm150_grab2
12497,6894,2948,13706,CN,1,N_pwm150_grab2
12503,7788,-5356,6312,CN,1,N_pwm150_grab2
12507,-44,1540,12292,CN,1,N_pwm150_grab2
12513,4974,836,10090,CN,1,N_pwm150_grab2
12517,1202,-7728,4940,CN,1,N_pwm150_grab2
12527,-2768,-3606,11484,CN,1,N_pwm150_grab2
12532,-5582,310,5146,CN,1,N_pwm150_grab2
12537,-4244,4468,11632,CN,1,N_pwm150_grab2
12542,3404,3678,13180,CN,1,N_pwm150_grab2
12547,-6145,-1,-1,CN,1,N_pwm150_grab2
12558,648,1850,14674,CN,1,N_pwm150_grab2
12563,3524,760,13220,CN,1,N_pwm150_grab2
12567,5904,8304,14130,CN,1,N_pwm150_grab2
12572,10036,1152,7838,CN,1,N_pwm150_grab2
12577,2566,2532,13052,CN,1,N_pwm150_grab2
12583,5684,-742,9502,CN,1,N_pwm150_grab2
12588,9540,-240,7250,CN,1,N_pwm150_grab2
12592,2834,1808,12128,CN,1,N_pwm150_grab2
12597,6398,68,10846,CN,1,N_pwm150_grab2
12602,-3422,-5776,1324,CN,1,N_pwm150_grab2
12608,-7428,-2370,17158,CN,1,N_pwm150_grab2
12613,-1476,-5734,9142,CN,1,N_pwm150_grab2
12617,-6922,-3256,-430,CN,1,N_pwm150_grab2
12627,-2090,-1142,13400,CN,1,N_pwm150_grab2
12633,-6562,-4430,-236,CN,1,N_pwm150_grab2
12637,-8390,-4098,13264,CN,1,N_pwm150_grab2
12643,5148,4226,10508,CN,1,N_pwm150_grab2
12647,2202,826,13986,CN,1,N_pwm150_grab2
12652,3286,9490,14162,CN,1,N_pwm150_grab2
12657,9430,3170,8244,CN,1,N_pwm150_grab2
12662,3794,660,12756,CN,2,N_pwm150_grab2
12668,6376,7860,13412,CN,2,N_pwm150_grab2
12672,7784,3556,8510,CN,2,N_pwm150_grab2
12678,3692,3318,14938,CN,2,N_pwm150_grab2
12683,7002,6380,16076,CN,2,N_pwm150_grab2
12687,524,-8208,2910,CN,2,N_pwm150_grab2
12692,-5226,-5290,14892,CN,2,N_pwm150_grab2
12697,-1016,-4284,7986,CN,2,N_pwm150_grab2
12702,-5736,-3870,264,CN,2,N_pwm150_grab2
12708,-7912,-2976,15846,CN,2,N_pwm150_grab2
12712,-2696,-5564,9904,CN,2,N_pwm150_grab2
12717,-5198,-7440,1016,CN,2,N_pwm150_grab2
12722,-7672,-6168,14974,CN,2,N_pwm150_grab2
12727,686,2516,13794,CN,2,N_pwm150_grab2
12732,-610,1866,11966,CN,2,N_pwm150_grab2
12743,6972,4018,7814,CN,2,N_pwm150_grab2
12747,3374,442,13396,CN,2,N_pwm150_grab2
12753,5380,9186,14742,CN,2,N_pwm150_grab2
12758,10714,1494,8174,CN,2,N_pwm150_grab2
12763,2946,1490,12232,CN,2,N_pwm150_grab2
12769,1336,-3814,8270,CN,2,N_pwm150_grab2
12773,-5842,-7116,570,CN,2,N_pwm150_grab2
12778,-7998,-7248,13976,CN,2,N_pwm150_grab2
12783,-2628,-2622,11778,CN,2,N_pwm150_grab2
12788,-6996,-308,2764,CN,2,N_pwm150_grab2
12794,-6808,-182,12472,CN,2,N_pwm150_grab2
12798,14,1970,14838,CN,2,N_pwm150_grab2
12803,-7390,-2176,-388,CN,2,N_pwm150_grab2
12808,-656,174,10060,CN,2,N_pwm150_grab2
12813,4150,1778,7160,CN,2,N_pwm150_grab2
12818,3026,3276,14384,CN,2,N_pwm150_grab2
12824,5144,7184,16328,CN,2,N_pwm150_grab2
12829,9952,-1894,6890,CN,2,N_pwm150_grab2
12834,2562,1908,12928,CN,2,N_pwm150_grab2
12838,6412,-544,10396,CN,2,N_pwm150_grab2
12843,9504,1186,7508,CN,2,N_pwm150_grab2
12848,-2254,1500,13166,CN,2,N_pwm150_grab2
12853,2980,-754,9588,CN,2,N_pwm150_grab2
12859,-1926,-7694,3108,CN,2,N_pwm150_grab2
12864,-7320,-4616,15276,CN,2,N_pwm150_grab2
12868,-1134,-5664,8192,CN,2,N_pwm150_grab2
12874,-7318,-3844,-810,CN,2,N_pwm150_grab2
12878,-8412,-3528,13166,CN,2,N_pwm150_grab2
12883,-2530,-134,14760,CN,2,N_pwm150_grab2
12888,-5050,730,7468,CN,2,N_pwm150_grab2
12894,-4002,398,11132,CN,2,N_pwm150_grab2
12899,2652,2582,10846,CN,2,N_pwm150_grab2
12904,1340,2180,13518,CN,2,N_pwm150_grab2
12909,2660,6514,12554,CN,2,N_pwm150_grab2
12914,8428,4232,8572,CN,2,N_pwm150_grab2
12919,3740,3670,14132,CN,2,N_pwm150_grab2
12923,7318,4796,15122,CN,2,N_pwm150_grab2
12928,9248,-4690,6212,CN,2,N_pwm150_grab2
12933,736,470,12894,CN,2,N_pwm150_grab2
12939,5384,-2302,6638,CN,2,N_pwm150_grab2
12943,2152,-7762,4896,CN,2,N_pwm150_grab2
12949,-4672,588,15560,CN,2,N_pwm150_grab2
12953,786,-3714,8964,CN,2,N_pwm150_grab2
12958,-6032,-6972,868,CN,2,N_pwm150_grab2
12963,-8594,-6944,13612,CN,2,N_pwm150_grab2
12969,2494,3732,13540,CN,2,N_pwm150_grab2
12974,-6884,-572,2528,CN,2,N_pwm150_grab2
12978,-7098,3044,13276,CN,2,N_pwm150_grab2
12983,1058,2996,15258,CN,2,N_pwm150_grab2
12988,-1340,1034,11426,CN,2,N_pwm150_grab2
12993,-568,5602,12084,CN,2,N_pwm150_grab2
12999,6276,4568,8300,CN,2,N_pwm150_grab2
13003,3244,1954,14426,CN,2,N_pwm150_grab2
13008,6054,3476,11072,CN,2,N_pwm150_grab2
13015,3700,-6466,6150,CN,2,N_pwm150_grab2
13020,-3740,-2710,13350,CN,2,N_pwm150_grab2
13025,364,-5058,6368,CN,2,N_pwm150_grab2
13030,-4628,-6104,684,CN,2,N_pwm150_grab2
13034,-7538,-6910,14734,CN,2,N_pwm150_grab2
13039,-2598,-2944,11340,CN,2,N_pwm150_grab2
13044,-6870,-886,1494,CN,2,N_pwm150_grab2
13049,318,3468,10640,CN,2,N_pwm150_grab2
13054,6936,3810,8464,CN,2,N_pwm150_grab2
13060,-2808,884,9204,CN,2,N_pwm150_grab2
13064,-1204,7348,11984,CN,2,N_pwm150_grab2
13069,5672,4628,9556,CN,2,N_pwm150_grab2
13075,2838,1842,14662,CN,2,N_pwm150_grab2
13085,10252,-664,7218,CN,2,N_pwm150_grab2
13089,-3858,908,14896,CN,2,N_pwm150_grab2
13095,1764,-3192,8274,CN,2,N_pwm150_grab2
13100,7058,-4330,7858,CN,2,N_pwm150_grab2
13105,-2160,1014,13150,CN,2,N_pwm150_grab2
13109,3212,-1256,8838,CN,2,N_pwm150_grab2
13115,-2390,-7972,2498,CN,2,N_pwm150_grab2
13119,-6748,-6496,15470,CN,2,N_pwm150_grab2
13124,-1402,-4644,9372,CN,2,N_pwm150_grab2
13130,-3114,1178,10048,CN,2,N_pwm150_grab2
13134,-2002,6866,11682,CN,2,N_pwm150_grab2
13139,5066,4674,9026,CN,2,N_pwm150_grab2
13145,-4944,596,7758,CN,2,N_pwm150_grab2
13150,-2944,-1658,10516,CN,2,N_pwm150_grab2
13154,1810,-60,7126,CN,2,N_pwm150_grab2
13159,1830,1622,12892,CN,2,N_pwm150_grab2
13164,2694,9530,15632,CN,2,N_pwm150_grab2
13170,7492,-7588,5074,CN,2,N_pwm150_grab2
13175,-2030,-542,12504,CN,2,N_pwm150_grab2
13180,3142,-3758,5008,CN,2,N_pwm150_grab2
13184,8774,-5194,7196,CN,2,N_pwm150_grab2
13189,20,758,11064,CN,2,N_pwm150_grab2
13195,5140,3506,11190,CN,2,N_pwm150_grab2
13200,1634,-6282,5548,CN,2,N_pwm150_grab2
13204,-5960,-4618,14656,CN,2,N_pwm150_grab2
13209,-2776,-604,14546,CN,2,N_pwm150_grab2
13214,-5398,814,7730,CN,2,N_pwm150_grab2
13219,-3700,5554,11992,CN,2,N_pwm150_grab2
13225,3374,4334,11660,CN,2,N_pwm150_grab2
13230,-6726,204,4652,CN,2,N_pwm150_grab2
13234,-5240,-3088,10970,CN,2,N_pwm150_grab2
13239,494,-876,10560,CN,2,N_pwm150_grab2
13245,-738,980,11412,CN,2,N_pwm150_grab2
13250,6866,6822,15940,CN,2,N_pwm150_grab2
13254,9910,-3744,6654,CN,2,N_pwm150_grab2
13259,1266,708,11832,CN,2,N_pwm150_grab2
13264,5646,-1996,6838,CN,2,N_pwm150_grab2
13271,2502,-8072,4802,CN,2,N_pwm150_grab2
13276,-5222,224,16328,CN,2,N_pwm150_grab2
13281,924,-4212,7868,CN,2,N_pwm150_grab2
13285,-6244,-6678,-196,CN,2,N_pwm150_grab2
13290,-4692,-906,9742,CN,2,N_pwm150_grab2
13296,1688,1856,11864,CN,2,N_pwm150_grab2
13301,406,1626,13322,CN,2,N_pwm150_grab2
13306,1594,9984,14778,CN,2,N_pwm150_grab2
13312,7966,3306,7196,CN,2,N_pwm150_grab2
13315,-1222,976,12280,CN,2,N_pwm150_grab2
13320,-228,7802,12492,CN,2,N_pwm150_grab2
13326,6664,4778,7842,CN,2,N_pwm150_grab2
13331,1616,394,10708,CN,2,N_pwm150_grab2
13335,5794,4952,11382,CN,2,N_pwm150_grab2
13340,3556,-5224,6356,CN,2,N_pwm150_grab2
13345,-4104,-5084,13848,CN,2,N_pwm150_grab2
13350,-318,-4772,6746,CN,2,N_pwm150_grab2
13355,5278,-8044,4746,CN,2,N_pwm150_grab2
13360,-2910,-2864,13504,CN,2,N_pwm150_grab2
13365,964,-4382,5674,CN,2,N_pwm150_grab2
13370,-3154,-6132,1080,CN,2,N_pwm150_grab2
13375,-6632,-3552,12530,CN,2,N_pwm150_grab2
13381,-432,-1986,10782,CN,2,N_pwm150_grab2
13386,-2192,684,9886,CN,2,N_pwm150_grab2
13391,-842,8090,12366,CN,2,N_pwm150_grab2
13396,6044,4720,9248,CN,2,N_pwm150_grab2
13401,-3856,1338,9158,CN,2,N_pwm150_grab2
13406,-2640,8456,12904,CN,2,N_pwm150_grab2
13411,5242,4196,9596,CN,2,N_pwm150_grab2
13415,2434,978,11034,CN,2,N_pwm150_grab2
13420,6650,5394,12594,CN,2,N_pwm150_grab2
13425,6220,-4772,7706,CN,2,N_pwm150_grab2
13430,-2828,736,13590,CN,2,N_pwm150_grab2
13435,2648,-2158,8656,CN,2,N_pwm150_grab2
13440,8772,-3004,7632,CN,2,N_pwm150_grab2
13445,-860,-336,12106,CN,2,N_pwm150_grab2
13451,3912,-3666,5602,CN,2,N_pwm150_grab2
13456,-7524,-1936,574,CN,2,N_pwm150_grab2
13460,-7966,-3632,13114,CN,2,N_pwm150_grab2
13466,-2426,-344,14426,CN,2,N_pwm150_grab2
13470,-4058,874,8094,CN,2,N_pwm150_grab2
13476,-2612,-1098,11312,CN,2,N_pwm150_grab2
13480,2576,264,6764,CN,2,N_pwm150_grab2
13485,-5914,-2282,4718,CN,2,N_pwm150_grab2
13490,-4554,7540,13642,CN,2,N_pwm150_grab2
13495,10064,-176,7450,CN,2,N_pwm150_grab2
13500,2874,2620,12710,CN,2,N_pwm150_grab2
13505,7468,2154,12310,CN,2,N_pwm150_grab2
13510,8110,-6098,7324,CN,2,N_pwm150_grab2
13515,-1324,620,12448,CN,2,N_pwm150_grab2
13520,3990,1690,10576,CN,2,N_pwm150_grab2
13526,-520,-6722,4068,CN,2,N_pwm150_grab2
13531,-6276,-6086,14016,CN,2,N_pwm150_grab2
13537,-2238,782,15362,CN,2,N_pwm150_grab2
13541,-4072,990,8528,CN,2,N_pwm150_grab2
13547,-2840,8478,14374,CN,2,N_pwm150_grab2
13551,4430,4614,9328,CN,2,N_pwm150_grab2
13556,2500,1398,13558,CN,2,N_pwm150_grab2
13562,4046,8378,13908,CN,2,N_pwm150_grab2
13566,10712,4052,8966,CN,2,N_pwm150_grab2
13572,1494,2340,12846,CN,2,N_pwm150_grab2
13577,7112,5810,13988,CN,2,N_pwm150_grab2
13581,8540,-4624,7610,CN,2,N_pwm150_grab2
13586,-616,-1160,12816,CN,2,N_pwm150_grab2
13592,3646,-4034,5026,CN,2,N_pwm150_grab2
13596,-688,-7478,2866,CN,2,N_pwm150_grab2
13601,-6036,-4408,15460,CN,2,N_pwm150_grab2
13606,-1046,-5458,8082,CN,2,N_pwm150_grab2
13611,1264,-8052,4818,CN,2,N_pwm150_grab2
13617,-8760,-2114,14954,CN,2,N_pwm150_grab2
13622,-2494,-5018,10530,CN,2,N_pwm150_grab2
13626,-5754,-1416,4800,CN,2,N_pwm150_grab2
13632,-4520,6828,12952,CN,2,N_pwm150_grab2
13637,3938,4576,12084,CN,2,N_pwm150_grab2
13642,1656,1326,12910,CN,2,N_pwm150_grab2
13646,3374,9636,16190,CN,2,N_pwm150_grab2
13651,9506,1450,7350,CN,2,N_pwm150_grab2
13656,3210,902,10852,CN,2,N_pwm150_grab2
13662,7124,8474,13810,CN,2,N_pwm150_grab2
13667,9698,-1566,8618,CN,2,N_pwm150_grab2
13671,470,1504,13294,CN,2,N_pwm150_grab2
13677,5210,-598,8458,CN,2,N_pwm150_grab2
13681,752,-8234,4180,CN,2,N_pwm150_grab2
13687,-4894,-5172,14152,CN,2,N_pwm150_grab2
13691,-610,-5008,7772,CN,2,N_pwm150_grab2
13701,-8212,-6064,14124,CN,2,N_pwm150_grab2
13707,-3320,-3506,11666,CN,2,N_pwm150_grab2
13711,-6142,-594,3682,CN,2,N_pwm150_grab2
13716,-5716,-2150,12024,CN,2,N_pwm150_grab2
13721,822,-536,8710,CN,2,N_pwm150_grab2
13727,436,1304,11238,CN,2,N_pwm150_grab2
13731,1120,10774,14972,CN,2,N_pwm150_grab2
13736,9136,-5876,6204,CN,2,N_pwm150_grab2
13742,3350,2822,13352,CN,2,N_pwm150_grab2
13746,7644,4878,14696,CN,2,N_pwm150_grab2
13751,10048,-4100,6914,CN,2,N_pwm150_grab2
13756,710,770,11666,CN,2,N_pwm150_grab2
13762,5994,4238,11174,CN,2,N_pwm150_grab2
13766,3278,-5570,6330,CN,2,N_pwm150_grab2
13771,-4626,-3192,13490,CN,2,N_pwm150_grab2
13776,-3044,-1894,13570,CN,2,N_pwm150_grab2
13782,-6080,150,5528,CN,2,N_pwm150_grab2
13787,-5476,5792,13578,CN,2,N_pwm150_grab2
13792,2498,4388,12248,CN,2,N_pwm150_grab2
13797,1058,1412,12494,CN,2,N_pwm150_grab2
13803,1602,7358,13180,CN,2,N_pwm150_grab2
13807,9038,4800,8972,CN,2,N_pwm150_grab2
13812,4156,2480,13588,CN,2,N_pwm150_grab2
13817,4602,-210,8990,CN,2,N_pwm150_grab2
13822,34,-7782,4260,CN,2,N_pwm150_grab2
13827,1386,1188,13298,CN,2,N_pwm150_grab2
13833,5410,-2468,6662,CN,2,N_pwm150_grab2
13837,2632,-8090,4430,CN,2,N_pwm150_grab2
13842,-4902,-4030,14482,CN,2,N_pwm150_grab2
13847,-146,-5436,6424,CN,2,N_pwm150_grab2
13857,-4696,-1740,11628,CN,2,N_pwm150_grab2
13862,1738,800,8814,CN,2,N_pwm150_grab2
13867,-7278,-2686,2582,CN,2,N_pwm150_grab2
13873,-6516,3406,11956,CN,2,N_pwm150_grab2
13878,1912,3896,13890,CN,2,N_pwm150_grab2
13882,170,1150,11812,CN,2,N_pwm150_grab2
13887,1036,10488,16738,CN,2,N_pwm150_grab2
13892,8346,2732,7358,CN,2,N_pwm150_grab2
13897,-310,1722,13522,CN,2,N_pwm150_grab2
13903,5268,140,9178,CN,2,N_pwm150_grab2
13907,682,-7824,5042,CN,2,N_pwm150_grab2
13913,1406,1818,12502,CN,2,N_pwm150_grab2
13917,6352,2790,10624,CN,2,N_pwm150_grab2
13922,3500,-6754,6334,CN,2,N_pwm150_grab2
13927,-3872,-3818,13568,CN,2,N_pwm150_grab2
13933,284,-5236,6268,CN,2,N_pwm150_grab2
13937,-5708,-5562,80,CN,2,N_pwm150_grab2
13942,-5708,-5562,80,CN,2,N_pwm150_grab2
13947,2522,3860,12660,CN,2,N_pwm150_grab2
13952,-6840,-788,2908,CN,2,N_pwm150_grab2
13958,-6896,-2878,12624,CN,2,N_pwm150_grab2
13963,-164,-1094,9448,CN,2,N_pwm150_grab2
13967,-740,1274,9864,CN,2,N_pwm150_grab2
13973,-166,10090,14804,CN,2,N_pwm150_grab2
13977,7626,4130,8806,CN,2,N_pwm150_grab2
13982,282,198,12250,CN,2,N_pwm150_grab2
13988,5458,-3054,5806,CN,2,N_pwm150_grab2
13992,1454,-7788,4190,CN,2,N_pwm150_grab2
13997,1234,1348,11626,CN,2,N_pwm150_grab2
14002,6532,4128,11516,CN,2,N_pwm150_grab2
14007,4402,-5688,6972,CN,2,N_pwm150_grab2
14013,-4244,-822,13972,CN,2,N_pwm150_grab2
14017,1538,-4920,6810,CN,2,N_pwm150_grab2
14022,-6738,-1017,-1,CN,2,N_pwm150_grab2
14027,-5894,4570,13060,CN,2,N_pwm150_grab2
14032,1824,4152,12956,CN,2,N_pwm150_grab2
14039,754,1530,12492,CN,2,N_pwm150_grab2
14043,1348,9794,14512,CN,2,N_pwm150_grab2
14049,8976,4614,8572,CN,2,N_pwm150_grab2
14053,3964,1860,13126,CN,2,N_pwm150_grab2
14058,6706,7746,13040,CN,2,N_pwm150_grab2
14063,756,-5982,4840,CN,2,N_pwm150_grab2
14069,-5624,-7398,13158,CN,2,N_pwm150_grab2
14074,-1078,-4236,8658,CN,2,N_pwm150_grab2
14080,-7400,-3382,-426,CN,2,N_pwm150_grab2
14083,-4366,-5024,13948,CN,2,N_pwm150_grab2
14089,-426,-4990,7096,CN,2,N_pwm150_grab2
14099,-8862,-2816,15478,CN,2,N_pwm150_grab2
14103,1828,1228,9384,CN,2,N_pwm150_grab2
14108,1636,2100,12644,CN,2,N_pwm150_grab2
14114,3074,10676,15884,CN,2,N_pwm150_grab2
14118,9816,3802,8418,CN,2,N_pwm150_grab2
14123,368,1708,12226,CN,2,N_pwm150_grab2
14129,1206,10734,16516,CN,2,N_pwm150_grab2
14133,8778,3034,7958,CN,2,N_pwm150_grab2
14138,3390,1632,11806,CN,2,N_pwm150_grab2
14143,5056,-768,8502,CN,2,N_pwm150_grab2
14149,-116,-8080,4386,CN,2,N_pwm150_grab2
14153,-5508,-1110,15478,CN,2,N_pwm150_grab2
14159,618,-4726,9370,CN,2,N_pwm150_grab2
14164,-8016,-6592,-266,CN,2,N_pwm150_grab2
14168,-4126,-4660,13838,CN,2,N_pwm150_grab2
14174,28,-5390,6830,CN,2,N_pwm150_grab2
14178,-6578,-5128,-436,CN,2,N_pwm150_grab2
14183,-5656,7098,13778,CN,2,N_pwm150_grab2
14188,3544,4592,11330,CN,2,N_pwm150_grab2
14193,1862,1352,12508,CN,2,N_pwm150_grab2
14199,2256,6164,13242,CN,2,N_pwm150_grab2
14204,10044,4164,9694,CN,2,N_pwm150_grab2
14208,444,1836,10784,CN,2,N_pwm150_grab2
14213,864,9580,14810,CN,2,N_pwm150_grab2
14219,9204,4386,8884,CN,2,N_pwm150_grab2
14223,-524,-508,12546,CN,2,N_pwm150_grab2
14228,4514,-3782,4958,CN,2,N_pwm150_grab2
14234,-478,-7760,3058,CN,2,N_pwm150_grab2
14238,-6018,-2966,15946,CN,2,N_pwm150_grab2
14243,-432,-6062,7494,CN,2,N_pwm150_grab2
14249,-8350,-5830,-1868,CN,2,N_pwm150_grab2
14254,-5598,-382,15358,CN,2,N_pwm150_grab2
14259,1082,-3638,9500,CN,2,N_pwm150_grab2
14263,-5772,-1634,5398,CN,2,N_pwm150_grab2
14269,-3970,7428,14162,CN,2,N_pwm150_grab2
14274,3606,4946,10802,CN,2,N_pwm150_grab2
14278,2250,1702,12896,CN,2,N_pwm150_grab2
14283,4234,10048,16710,CN,2,N_pwm150_grab2
14288,11034,1734,8006,CN,2,N_pwm150_grab2
14294,3512,1087,-1,CN,2,N_pwm150_grab2
14300,7082,8026,12994,CN,2,N_pwm150_grab2
14304,-3700,-7646,2138,CN,2,N_pwm150_grab2
14310,-7862,-6948,13912,CN,2,N_pwm150_grab2
14314,-2836,-4820,8932,CN,2,N_pwm150_grab2
14320,-7876,-2640,-290,CN,2,N_pwm150_grab2
14324,-8946,2,13238,CN,2,N_pwm150_grab2
14329,-1076,2118,15232,CN,2,N_pwm150_grab2
14336,-2676,1240,9984,CN,2,N_pwm150_grab2
14339,-8854,-5020,13358,CN,2,N_pwm150_grab2
14345,5792,4236,8994,CN,2,N_pwm150_grab2
14349,3296,2534,14850,CN,2,N_pwm150_grab2
14354,5832,7608,13534,CN,2,N_pwm150_grab2
14359,11808,2528,8492,CN,2,N_pwm150_grab2
14365,3258,3624,14074,CN,2,N_pwm150_grab2
14370,6396,-234,9334,CN,2,N_pwm150_grab2
14374,5160,-7890,5346,CN,2,N_pwm150_grab2
14380,3080,3076,12628,CN,2,N_pwm150_grab2
14384,912,-5236,5758,CN,2,N_pwm150_grab2
14390,-5188,-6598,-176,CN,2,N_pwm150_grab2
14394,-8266,-1072,16782,CN,2,N_pwm150_grab2
14399,-2102,-6074,9490,CN,2,N_pwm150_grab2
14405,-8312,-4210,1036,CN,2,N_pwm150_grab2
14410,-7716,-648,11580,CN,2,N_pwm150_grab2
14414,-500,2608,13888,CN,2,N_pwm150_grab2
14420,-1082,1708,11018,CN,2,N_pwm150_grab2
14425,-372,10732,15230,CN,2,N_pwm150_grab2
14429,7974,4174,8400,CN,2,N_pwm150_grab2
14435,3600,1408,12898,CN,2,N_pwm150_grab2
14439,6512,9262,14058,CN,2,N_pwm150_grab2
14444,12098,1062,8696,CN,2,N_pwm150_grab2
14449,2386,2678,13334,CN,2,N_pwm150_grab2
14454,6070,2566,10918,CN,2,N_pwm150_grab2
14460,4014,-7288,5718,CN,2,N_pwm150_grab2
14465,-4418,-4052,13224,CN,2,N_pwm150_grab2
14469,514,-5490,6558,CN,2,N_pwm150_grab2
14480,-9384,-6706,13788,CN,2,N_pwm150_grab2
14485,-3506,-3708,12080,CN,2,N_pwm150_grab2
14489,-6798,-976,3192,CN,2,N_pwm150_grab2
14494,-6454,-1906,12642,CN,2,N_pwm150_grab2
14499,880,-1070,8114,CN,2,N_pwm150_grab2
14505,4120,4986,14688,CN,2,N_pwm150_grab2
14509,2746,10836,16358,CN,2,N_pwm150_grab2
14515,9544,2826,8260,CN,2,N_pwm150_grab2
14519,3072,3304,12624,CN,2,N_pwm150_grab2
14524,8200,4598,13658,CN,2,N_pwm150_grab2
14530,9546,-4654,7294,CN,2,N_pwm150_grab2
14534,-60,516,12622,CN,2,N_pwm150_grab2
14540,5274,2954,10942,CN,2,N_pwm150_grab2
14544,370,-6764,4640,CN,2,N_pwm150_grab2
14551,-9146,-5596,12234,CN,2,N_pwm150_grab2
14556,-2956,-800,13846,CN,2,N_pwm150_grab2
14561,-4344,872,7292,CN,2,N_pwm150_grab2
14565,-3794,8320,14138,CN,2,N_pwm150_grab2
14570,4598,4808,9862,CN,2,N_pwm150_grab2
14575,2716,1574,14102,CN,2,N_pwm150_grab2
14580,4590,8910,14284,CN,2,N_pwm150_grab2
14585,6144,-5228,7716,CN,2,N_pwm150_grab2
14590,-3402,528,13988,CN,2,N_pwm150_grab2
14595,6688,6688,12632,CN,2,N_pwm150_grab2
14600,8342,-3966,8300,CN,2,N_pwm150_grab2
14605,-2182,-1116,12994,CN,2,N_pwm150_grab2
14610,2238,-4790,5274,CN,2,N_pwm150_grab2
14620,-8244,-7154,14798,CN,2,N_pwm150_grab2
14626,-3088,-4590,10016,CN,2,N_pwm150_grab2
14631,-980,1584,11556,CN,2,N_pwm150_grab2
14635,-8220,-2486,14104,CN,2,N_pwm150_grab2
14641,-1074,-3166,9718,CN,2,N_pwm150_grab2
14645,-2722,-32,8744,CN,2,N_pwm150_grab2
14650,-642,9512,14812,CN,2,N_pwm150_grab2
14655,6406,4550,8822,CN,2,N_pwm150_grab2
14660,2890,2360,13586,CN,2,N_pwm150_grab2
14665,6772,8032,15306,CN,2,N_pwm150_grab2
14670,2540,-8250,4914,CN,2,N_pwm150_grab2
14675,-4594,368,15582,CN,2,N_pwm150_grab2
14680,6374,5510,11950,CN,2,N_pwm150_grab2
14685,5056,-5068,7198,CN,2,N_pwm150_grab2
14691,-3244,-1366,14392,CN,2,N_pwm150_grab2
14696,1370,-5234,6384,CN,2,N_pwm150_grab2
14700,-6158,-7156,-268,CN,2,N_pwm150_grab2
14705,-9374,-7082,13744,CN,2,N_pwm150_grab2
14710,2304,3774,12412,CN,2,N_pwm150_grab2
14715,1196,1688,13672,CN,2,N_pwm150_grab2
14720,-7146,-2566,11758,CN,2,N_pwm150_grab2
14726,124,308,10590,CN,2,N_pwm150_grab2
14730,32,1588,11586,CN,2,N_pwm150_grab2
14735,768,4320,11696,CN,2,N_pwm150_grab2
14740,8834,3922,9192,CN,2,N_pwm150_grab2
14745,3946,4072,15040,CN,2,N_pwm150_grab2
14751,4532,-3198,6244,CN,2,N_pwm150_grab2
14756,-650,-8400,2524,CN,2,N_pwm150_grab2
14760,-5928,-5850,15228,CN,2,N_pwm150_grab2
14766,5520,-2046,7354,CN,2,N_pwm150_grab2
14771,952,-8230,3906,CN,2,N_pwm150_grab2
14775,-5700,100,16068,CN,2,N_pwm150_grab2
14780,976,-3492,10168,CN,2,N_pwm150_grab2
14790,-3524,6512,13428,CN,2,N_pwm150_grab2
14796,3532,5002,10476,CN,2,N_pwm150_grab2
14800,2448,1980,13918,CN,2,N_pwm150_grab2
14806,4842,10154,16354,CN,2,N_pwm150_grab2
14811,11598,1602,7796,CN,2,N_pwm150_grab2
14817,3508,1294,11378,CN,2,N_pwm150_grab2
14822,7124,6948,12738,CN,2,N_pwm150_grab2
14826,8202,-3698,9150,CN,2,N_pwm150_grab2
14832,-8952,-4490,14690,CN,2,N_pwm150_grab2
14837,-2856,-6224,8814,CN,2,N_pwm150_grab2
14846,-8724,296,12312,CN,2,N_pwm150_grab2
14851,-2954,-4230,9360,CN,2,N_pwm150_grab2
14857,-7840,-2294,104,CN,2,N_pwm150_grab2
14862,-8902,-3110,12480,CN,2,N_pwm150_grab2
14866,-1688,478,13698,CN,2,N_pwm150_grab2
14871,3572,2432,13988,CN,2,N_pwm150_grab2
14876,6890,7652,12878,CN,2,N_pwm150_grab2
14881,11952,1602,8872,CN,2,N_pwm150_grab2
14886,2080,3190,14492,CN,2,N_pwm150_grab2
14892,6524,8952,16674,CN,2,N_pwm150_grab2
14897,11872,-820,7206,CN,2,N_pwm150_grab2
14901,2114,2548,12462,CN,2,N_pwm150_grab2
14907,6692,-952,8466,CN,2,N_pwm150_grab2
14917,-8946,-2428,15776,CN,2,N_pwm150_grab2
14922,-2386,-5992,9882,CN,2,N_pwm150_grab2
14932,-6186,1472,11698,CN,2,N_pwm150_grab2
14936,-3408,-4576,11188,CN,2,N_pwm150_grab2
14942,-7440,-1484,2050,CN,2,N_pwm150_grab2
14947,-7286,2400,13038,CN,2,N_pwm150_grab2
14951,10166,3722,8466,CN,2,N_pwm150_grab2
14956,3912,1566,12322,CN,2,N_pwm150_grab2
14962,7312,8428,14206,CN,2,N_pwm150_grab2
14966,10656,-2020,8884,CN,2,N_pwm150_grab2
14972,430,1148,12728,CN,2,N_pwm150_grab2
14976,6920,9010,14320,CN,2,N_pwm150_grab2
14982,11644,228,8696,CN,2,N_pwm150_grab2
14986,1774,1646,13788,CN,2,N_pwm150_grab2
14991,-926,-5132,8126,CN,2,N_pwm150_grab2
15001,-9472,-4488,13276,CN,2,N_pwm150_grab2
15007,-2698,-400,14674,CN,2,N_pwm150_grab2
15012,-5226,384,6882,CN,2,N_pwm150_grab2
15016,-4480,-1336,11920,CN,2,N_pwm150_grab2
15021,-2436,-5684,9958,CN,2,N_pwm150_grab2
15026,-6482,-2344,3350,CN,2,N_pwm150_grab2
15031,4550,10638,16720,CN,2,N_pwm150_grab2
15037,11470,2684,7904,CN,2,N_pwm150_grab2
15041,3286,3680,12854,CN,2,N_pwm150_grab2
15046,7680,2154,11444,CN,2,N_pwm150_grab2
15052,7524,-6590,7178,CN,2,N_pwm150_grab2
15056,-1958,648,13938,CN,2,N_pwm150_grab2
15062,3472,-398,9964,CN,2,N_pwm150_grab2
15068,-3384,-7696,2258,CN,2,N_pwm150_grab2
15073,-8160,-3770,11704,CN,2,N_pwm150_grab2
15078,-1558,470,12532,CN,2,N_pwm150_grab2
15082,-1640,1630,9854,CN,2,N_pwm150_grab2
15087,-1106,9808,15060,CN,2,N_pwm150_grab2
15092,7666,4538,8996,CN,2,N_pwm150_grab2
15097,3494,1998,13412,CN,2,N_pwm150_grab2
15102,6648,9560,15534,CN,2,N_pwm150_grab2
15107,5908,4790,9334,CN,2,N_pwm150_grab2
15112,2056,1032,12166,CN,2,N_pwm150_grab2
15117,5848,5128,11430,CN,2,N_pwm150_grab2
15122,4714,-4812,6920,CN,2,N_pwm150_grab2
15127,-4126,-4018,13368,CN,2,N_pwm150_grab2
15132,506,-5484,6562,CN,2,N_pwm150_grab2
15143,-9334,-6640,13334,CN,2,N_pwm150_grab2
15148,972,-5424,5648,CN,2,N_pwm150_grab2
15153,-6784,-422,4452,CN,2,N_pwm150_grab2
15157,-6654,-2498,11756,CN,2,N_pwm150_grab2
15162,688,508,9736,CN,2,N_pwm150_grab2
15168,698,1862,12028,CN,2,N_pwm150_grab2
15172,2418,9752,15150,CN,2,N_pwm150_grab2
15177,9964,4774,8740,CN,2,N_pwm150_grab2
15182,3568,3844,13626,CN,2,N_pwm150_grab2
15187,7994,5656,14192,CN,2,N_pwm150_grab2
15193,9270,4004,8458,CN,2,N_pwm150_grab2
15197,-146,1186,13514,CN,2,N_pwm150_grab2
15203,5124,-532,9104,CN,2,N_pwm150_grab2
15207,-604,-8326,3832,CN,2,N_pwm150_grab2
15212,-6102,-612,15840,CN,2,N_pwm150_grab2
15217,28,-3638,10592,CN,2,N_pwm150_grab2
15223,-8842,-6122,-50,CN,2,N_pwm150_grab2
15227,-9686,-4670,11726,CN,2,N_pwm150_grab2
15232,-358,-5486,7916,CN,2,N_pwm150_grab2
15238,-4702,800,7258,CN,2,N_pwm150_grab2
15242,-4258,8034,14504,CN,2,N_pwm150_grab2
15247,4434,4916,9992,CN,2,N_pwm150_grab2
15253,2736,1816,13992,CN,2,N_pwm150_grab2
15257,4618,6466,12826,CN,2,N_pwm150_grab2
15263,11868,3492,9340,CN,2,N_pwm150_grab2
15267,4020,4538,14910,CN,2,N_pwm150_grab2
15273,6852,3058,12128,CN,2,N_pwm150_grab2
15277,7694,-6776,6872,CN,2,N_pwm150_grab2
15283,-2322,-1842,12670,CN,2,N_pwm150_grab2
15288,2240,-5000,5136,CN,2,N_pwm150_grab2
15297,-8966,-3890,15652,CN,2,N_pwm150_grab2
15303,-2730,-6378,9066,CN,2,N_pwm150_grab2
15307,-8256,-3796,-648,CN,2,N_pwm150_grab2
15312,-8374,-3040,13294,CN,2,N_pwm150_grab2
15319,8060,3436,8890,CN,2,N_pwm150_grab2
15324,3646,4644,14426,CN,2,N_pwm150_grab2
15328,7926,5922,15684,CN,2,N_pwm150_grab2
15333,10428,-4190,7012,CN,2,N_pwm150_grab2
15338,718,404,12764,CN,2,N_pwm150_grab2
15344,5362,-2980,6614,CN,2,N_pwm150_grab2
15349,718,-8450,3902,CN,2,N_pwm150_grab2
15354,-5138,16,16064,CN,2,N_pwm150_grab2
15358,-2552,-4662,9810,CN,2,N_pwm150_grab2
15369,-9648,-6786,12266,CN,2,N_pwm150_grab2
15374,-3302,-1886,13648,CN,2,N_pwm150_grab2
15378,-5442,354,5622,CN,2,N_pwm150_grab2
15383,-5212,6202,13396,CN,2,N_pwm150_grab2
15388,3428,4522,10758,CN,2,N_pwm150_grab2
15393,2336,1878,14232,CN,2,N_pwm150_grab2
15399,6828,6432,12328,CN,2,N_pwm150_grab2
15404,11984,4146,9334,CN,2,N_pwm150_grab2
15409,4350,3038,14206,CN,2,N_pwm150_grab2
15414,6896,6720,13018,CN,2,N_pwm150_grab2
15419,8950,-4164,8350,CN,2,N_pwm150_grab2
15423,-1712,-760,12876,CN,2,N_pwm150_grab2
15428,2730,-4732,5384,CN,2,N_pwm150_grab2
15433,-3924,-7966,786,CN,2,N_pwm150_grab2
15439,-8136,-854,12288,CN,2,N_pwm150_grab2
15444,-72,1872,13048,CN,2,N_pwm150_grab2
15448,-8098,-2766,-648,CN,2,N_pwm150_grab2
15453,-8536,-2664,13898,CN,2,N_pwm150_grab2
15459,-1092,-2986,9468,CN,2,N_pwm150_grab2
15464,-2116,10,8834,CN,2,N_pwm150_grab2
15468,-38,9506,15048,CN,2,N_pwm150_grab2
15473,7552,4652,9030,CN,2,N_pwm150_grab2
15478,1110,1016,12594,CN,2,N_pwm150_grab2
15483,5744,-2246,7510,CN,2,N_pwm150_grab2
15488,11270,-2122,7210,CN,2,N_pwm150_grab2
15494,1744,636,11532,CN,2,N_pwm150_grab2
15498,6064,4706,11724,CN,2,N_pwm150_grab2
15503,3060,-5792,6272,CN,2,N_pwm150_grab2
15508,-4186,-2398,14650,CN,2,N_pwm150_grab2
15514,974,-5774,7170,CN,2,N_pwm150_grab2
15518,-5492,26,5284,CN,2,N_pwm150_grab2
15524,-5128,4612,12648,CN,2,N_pwm150_grab2
15529,3220,4268,10774,CN,2,N_pwm150_grab2
15534,-6242,-242,4462,CN,2,N_pwm150_grab2
15538,-5530,-1224,11742,CN,2,N_pwm150_grab2
15543,1094,1406,9142,CN,2,N_pwm150_grab2
15549,2126,2068,13076,CN,2,N_pwm150_grab2
15553,3362,9262,14380,CN,2,N_pwm150_grab2
15559,8612,-4628,7988,CN,2,N_pwm150_grab2
15563,-2058,-746,12986,CN,2,N_pwm150_grab2
15569,2692,-4650,5532,CN,2,N_pwm150_grab2
15574,-4476,-7998,472,CN,2,N_pwm150_grab2
15579,-9210,-5970,14828,CN,2,N_pwm150_grab2
15584,-3058,-5972,9456,CN,2,N_pwm150_grab2
15589,-8162,-3084,-278,CN,2,N_pwm150_grab2
15595,-8310,-3018,13468,CN,2,N_pwm150_grab2
15600,8666,3682,9010,CN,2,N_pwm150_grab2
15605,3998,4318,14400,CN,2,N_pwm150_grab2
15610,8020,7046,15702,CN,2,N_pwm150_grab2
15614,10448,-3960,7798,CN,2,N_pwm150_grab2
15619,3480,3242,13624,CN,2,N_pwm150_grab2
15624,7740,7458,15042,CN,2,N_pwm150_grab2
15630,10924,-2998,7660,CN,2,N_pwm150_grab2
15635,878,414,11838,CN,2,N_pwm150_grab2
15639,-544,-4436,9580,CN,2,N_pwm150_grab2
15649,-9780,-6150,12596,CN,2,N_pwm150_grab2
15655,-3174,-1784,12974,CN,2,N_pwm150_grab2
15665,-9656,-5578,13686,CN,2,N_pwm150_grab2
15670,-3098,-1416,13650,CN,2,N_pwm150_grab2
15675,-5182,486,6436,CN,2,N_pwm150_grab2
15679,5456,8784,14416,CN,2,N_pwm150_grab2
15685,12888,2920,8918,CN,2,N_pwm150_grab2
15690,3484,2956,13278,CN,2,N_pwm150_grab2
15694,6500,5196,12046,CN,2,N_pwm150_grab2
15699,6356,-5608,6978,CN,2,N_pwm150_grab2
15705,3980,4192,14502,CN,2,N_pwm150_grab2
15710,6764,2048,10792,CN,2,N_pwm150_grab2
15715,6624,-7264,6496,CN,2,N_pwm150_grab2
15719,-9892,-6880,14216,CN,2,N_pwm150_grab2
15725,-3450,-4866,11820,CN,2,N_pwm150_grab2
15730,-7226,-1566,2414,CN,2,N_pwm150_grab2
15735,-6796,-2356,12784,CN,2,N_pwm150_grab2
15739,498,-532,8514,CN,2,N_pwm150_grab2
15749,-7900,746,11370,CN,2,N_pwm150_grab2
15754,1212,3120,13106,CN,2,N_pwm150_grab2
15759,714,2040,12694,CN,2,N_pwm150_grab2
15764,8054,5284,12844,CN,2,N_pwm150_grab2
15769,9046,-5168,8070,CN,2,N_pwm150_grab2
15775,-1232,292,13472,CN,2,N_pwm150_grab2
15779,3922,744,10570,CN,2,N_pwm150_grab2
15784,-3166,-7444,2464,CN,2,N_pwm150_grab2
15789,-542,1852,14570,CN,2,N_pwm150_grab2
15795,4306,-1700,8140,CN,2,N_pwm150_grab2
15799,-2538,-8654,2336,CN,2,N_pwm150_grab2
15805,-8958,-1944,12536,CN,2,N_pwm150_grab2
15809,-1214,1774,13500,CN,2,N_pwm150_grab2
15814,-1656,1806,9768,CN,2,N_pwm150_grab2
15819,-814,6730,13672,CN,2,N_pwm150_grab2
15825,8384,4976,9794,CN,2,N_pwm150_grab2
15831,3900,3012,14148,CN,2,N_pwm150_grab2
15835,6996,9042,14008,CN,2,N_pwm150_grab2
15840,12308,752,9678,CN,2,N_pwm150_grab2
15845,-6534,-5850,13384,CN,2,N_pwm150_grab2
15851,-1558,-5596,7302,CN,2,N_pwm150_grab2
15860,-10042,-4364,13010,CN,2,N_pwm150_grab2
15865,-2508,34,14162,CN,2,N_pwm150_grab2
15870,-4066,852,7766,CN,2,N_pwm150_grab2
15875,-9858,-3860,14638,CN,2,N_pwm150_grab2
15880,-2698,-4298,10058,CN,2,N_pwm150_grab2
15885,3128,3014,14098,CN,2,N_pwm150_grab2
15890,6372,10460,15888,CN,2,N_pwm150_grab2
15896,13190,1972,8332,CN,2,N_pwm150_grab2
15900,2420,3522,13084,CN,2,N_pwm150_grab2
15905,7032,1194,9884,CN,2,N_pwm150_grab2
15910,3592,-7714,5618,CN,2,N_pwm150_grab2
15916,2524,2872,12258,CN,2,N_pwm150_grab2
15920,6936,3534,11246,CN,2,N_pwm150_grab2
15931,-10050,-3542,15048,CN,2,N_pwm150_grab2
15936,-2594,-5504,10732,CN,2,N_pwm150_grab2
15940,-6510,-2452,3514,CN,2,N_pwm150_grab2
15946,-4928,4086,13154,CN,2,N_pwm150_grab2
15951,2862,4622,10926,CN,2,N_pwm150_grab2
15955,2120,2650,13868,CN,2,N_pwm150_grab2
15960,-5896,4546,14010,CN,2,N_pwm150_grab2
15965,12664,2462,7916,CN,2,N_pwm150_grab2
15970,3566,1818,11936,CN,2,N_pwm150_grab2
15975,7016,6852,12006,CN,2,N_pwm150_grab2
15980,6900,-4138,8432,CN,2,N_pwm150_grab2
15985,-2150,-182,14410,CN,2,N_pwm150_grab2
15990,2388,-4398,7500,CN,2,N_pwm150_grab2
16000,-2200,-1586,13670,CN,2,N_pwm150_grab2
16011,-6958,-1564,2162,CN,2,N_pwm150_grab2
16016,-6868,-1222,12440,CN,2,N_pwm150_grab2
16021,816,1596,9834,CN,2,N_pwm150_grab2
16025,1780,2528,12446,CN,2,N_pwm150_grab2
16031,3426,7436,13820,CN,2,N_pwm150_grab2
16036,12064,4260,9572,CN,2,N_pwm150_grab2
16041,4576,4982,14966,CN,2,N_pwm150_grab2
16046,7342,4636,12448,CN,2,N_pwm150_grab2
16050,7342,4636,12448,CN,2,N_pwm150_grab2
16056,-2050,-1078,13530,CN,2,N_pwm150_grab2
16060,2742,-4858,5588,CN,2,N_pwm150_grab2
16071,-10176,-3652,14992,CN,2,N_pwm150_grab2
16075,-3034,-6926,9800,CN,2,N_pwm150_grab2
16086,3256,9580,15548,CN,2,N_pwm150_grab2
16091,11902,4934,9358,CN,2,N_pwm150_grab2
16097,4084,4622,13752,CN,2,N_pwm150_grab2
16102,7956,6072,12556,CN,2,N_pwm150_grab2
16106,8596,-5218,8132,CN,2,N_pwm150_grab2
16111,-1792,254,14448,CN,2,N_pwm150_grab2
16117,3406,-2518,8178,CN,2,N_pwm150_grab2
16126,-7290,-2828,12814,CN,2,N_pwm150_grab2
16132,-2904,-6744,9970,CN,2,N_pwm150_grab2
16142,-7462,-758,12356,CN,2,N_pwm150_grab2
16146,266,2630,11926,CN,2,N_pwm150_grab2
16151,960,2538,11802,CN,2,N_pwm150_grab2
16157,2748,11214,16622,CN,2,N_pwm150_grab2
16161,11944,4704,8920,CN,2,N_pwm150_grab2
16167,-1526,344,14260,CN,2,N_pwm150_grab2
16171,7644,8050,12874,CN,2,N_pwm150_grab2
16177,9072,-3556,9338,CN,2,N_pwm150_grab2
16187,3336,-1996,8716,CN,2,N_pwm150_grab2
16197,-9750,-7142,13736,CN,2,N_pwm150_grab2
16201,-3728,-6022,10204,CN,2,N_pwm150_grab2
16206,1000,2526,12194,CN,2,N_pwm150_grab2
16211,2776,9878,15838,CN,2,N_pwm150_grab2
16217,338,2198,11114,CN,2,N_pwm150_grab2
16222,1240,2662,12158,CN,2,N_pwm150_grab2
16227,2658,6940,13812,CN,2,N_pwm150_grab2
16232,11910,4452,9834,CN,2,N_pwm150_grab2
16236,4948,3964,14688,CN,2,N_pwm150_grab2
16241,7032,7414,12948,CN,2,N_pwm150_grab2
16251,-10482,-8204,13560,CN,2,N_pwm150_grab2
16257,2730,-4788,5510,CN,2,N_pwm150_grab2
16267,-10326,-6674,14626,CN,2,N_pwm150_grab2
16272,-3788,-6006,10588,CN,2,N_pwm150_grab2
16281,-7178,-2132,13594,CN,2,N_pwm150_grab2
16286,11752,3720,9474,CN,2,N_pwm150_grab2
16291,4148,5432,14342,CN,2,N_pwm150_grab2
16296,7406,5120,12528,CN,2,N_pwm150_grab2
16301,12946,4342,8922,CN,2,N_pwm150_grab2
16306,4010,4580,13886,CN,2,N_pwm150_grab2
16311,7614,3918,11468,CN,2,N_pwm150_grab2
16316,7270,-6460,7576,CN,2,N_pwm150_grab2
16321,-2950,52,13628,CN,2,N_pwm150_grab2
16326,-2944,-6290,10776,CN,2,N_pwm150_grab2
16336,-5784,-972,12724,CN,2,N_pwm150_grab2
16342,1624,2574,9902,CN,2,N_pwm150_grab2
16348,1672,2938,13210,CN,2,N_pwm150_grab2
16353,4910,11466,16618,CN,2,N_pwm150_grab2
16357,13168,3188,8074,CN,2,N_pwm150_grab2
16362,3594,3146,12312,CN,2,N_pwm150_grab2
16368,2040,-4734,7830,CN,2,N_pwm150_grab2
16377,-10896,-2464,15578,CN,2,N_pwm150_grab2
16384,-2576,-5794,10248,CN,2,N_pwm150_grab2
16393,-10736,-8086,12858,CN,2,N_pwm150_grab2
16397,-3684,-4024,12924,CN,2,N_pwm150_grab2
16403,-5908,-1018,3724,CN,2,N_pwm150_grab2
16407,5876,11174,17136,CN,2,N_pwm150_grab2
16412,13678,1356,8470,CN,2,N_pwm150_grab2
16417,2998,2954,12630,CN,2,N_pwm150_grab2
16422,6710,4224,11302,CN,2,N_pwm150_grab2
16427,13598,2724,9604,CN,2,N_pwm150_grab2
16433,2964,2976,13496,CN,2,N_pwm150_grab2
16438,6478,4308,11508,CN,2,N_pwm150_grab2
16443,3146,-6676,6488,CN,2,N_pwm150_grab2
16447,-5110,-3142,13700,CN,2,N_pwm150_grab2
16452,-3546,-2580,12206,CN,2,N_pwm150_grab2
16457,-4314,134,5536,CN,2,N_pwm150_grab2
16463,-3570,5168,13758,CN,2,N_pwm150_grab2
16467,7498,4554,9900,CN,2,N_pwm150_grab2
16472,-3598,372,6220,CN,2,N_pwm150_grab2
16478,-2624,2314,13066,CN,2,N_pwm150_grab2
16482,7460,3304,9212,CN,2,N_pwm150_grab2
16488,4606,3464,14756,CN,2,N_pwm150_grab2
16492,5558,1828,10218,CN,2,N_pwm150_grab2
16498,-166,-7726,4458,CN,2,N_pwm150_grab2
16502,-8458,-6544,12944,CN,2,N_pwm150_grab2
16507,-2546,-6066,7508,CN,2,N_pwm150_grab2
16512,-850,-9080,3352,CN,2,N_pwm150_grab2
16517,-8748,-5360,14006,CN,2,N_pwm150_grab2
16522,-2668,-6196,7660,CN,2,N_pwm150_grab2
16533,306,2376,13106,CN,2,N_pwm150_grab2
16537,9800,3162,9258,CN,2,N_pwm150_grab2
16543,4978,4918,14826,CN,2,N_pwm150_grab2
16548,7640,8324,15068,CN,2,N_pwm150_grab2
16552,11146,-3366,9232,CN,2,N_pwm150_grab2
16558,5000,4948,15434,CN,2,N_pwm150_grab2
16562,7834,6710,13698,CN,2,N_pwm150_grab2
16567,10316,-4802,9028,CN,2,N_pwm150_grab2
16572,-10280,-4274,14934,CN,2,N_pwm150_grab2
16577,-2950,-6844,9886,CN,2,N_pwm150_grab2
16582,-8380,-4496,-192,CN,2,N_pwm150_grab2
16588,-7518,-2928,12816,CN,2,N_pwm150_grab2
16592,468,908,10226,CN,2,N_pwm150_grab2
16599,1036,2610,11894,CN,2,N_pwm150_grab2
16604,4038,11152,16436,CN,2,N_pwm150_grab2
16609,13120,4524,8548,CN,2,N_pwm150_grab2
16614,-2086,-700,13954,CN,2,N_pwm150_grab2
16619,2734,-4140,7548,CN,2,N_pwm150_grab2
16624,-7868,-8709,-1,CN,2,N_pwm150_grab2
16629,-11014,-3600,15344,CN,2,N_pwm150_grab2
16633,-2904,-6024,10516,CN,2,N_pwm150_grab2
16638,-6662,-3262,2126,CN,2,N_pwm150_grab2
16643,-10994,-7546,13406,CN,2,N_pwm150_grab2
16648,-3792,-4796,12192,CN,2,N_pwm150_grab2
16653,2434,3498,13368,CN,2,N_pwm150_grab2
16658,6332,11370,17428,CN,2,N_pwm150_grab2
16663,13686,986,8530,CN,2,N_pwm150_grab2
16669,2616,3120,13110,CN,2,N_pwm150_grab2
16674,6756,2766,10756,CN,2,N_pwm150_grab2
16679,2280,-7638,6196,CN,2,N_pwm150_grab2
16683,2156,2034,13244,CN,2,N_pwm150_grab2
16689,6038,4590,11408,CN,2,N_pwm150_grab2
16699,-10694,-6560,11598,CN,2,N_pwm150_grab2
16704,-3246,-1448,11716,CN,2,N_pwm150_grab2
16708,-2448,766,7038,CN,2,N_pwm150_grab2
16714,-1558,8696,15616,CN,2,N_pwm150_grab2
16719,10056,5250,9536,CN,2,N_pwm150_grab2
16723,10056,5250,9536,CN,2,N_pwm150_grab2
16729,7290,9500,14372,CN,2,N_pwm150_grab2
16733,11924,-1608,10422,CN,2,N_pwm150_grab2
16738,-410,1850,14630,CN,2,N_pwm150_grab2
16744,4426,-422,9182,CN,2,N_pwm150_grab2
16748,-3468,-8448,2214,CN,2,N_pwm150_grab2
16754,-10122,-6312,13408,CN,2,N_pwm150_grab2
16758,-3488,-6720,8934,CN,2,N_pwm150_grab2
16769,-10110,-6610,14016,CN,2,N_pwm150_grab2
16773,618,1650,11212,CN,2,N_pwm150_grab2
16779,924,2906,11748,CN,2,N_pwm150_grab2
16784,3482,7630,15164,CN,2,N_pwm150_grab2
16789,13206,4298,9682,CN,2,N_pwm150_grab2
16794,4596,4344,13752,CN,2,N_pwm150_grab2
16798,7218,7342,12280,CN,2,N_pwm150_grab2
16804,7336,-4554,8482,CN,2,N_pwm150_grab2
16808,-3130,-2242,13928,CN,2,N_pwm150_grab2
16813,1518,-5706,5728,CN,2,N_pwm150_grab2
16824,-11094,-7680,13404,CN,2,N_pwm150_grab2
16829,-4054,-3384,12540,CN,2,N_pwm150_grab2
16833,-5296,-690,4432,CN,2,N_pwm150_grab2
16839,-4236,126,13460,CN,2,N_pwm150_grab2
16844,6054,2174,8396,CN,2,N_pwm150_grab2
16848,4208,3502,14246,CN,2,N_pwm150_grab2
16855,6350,3426,10938,CN,2,N_pwm150_grab2
16860,1146,-7242,5478,CN,2,N_pwm150_grab2
16864,-7546,-5156,12898,CN,2,N_pwm150_grab2
16869,-1720,-6362,7382,CN,2,N_pwm150_grab2
16879,-9976,-5114,11906,CN,2,N_pwm150_grab2
16884,-1694,74,12132,CN,2,N_pwm150_grab2
16889,-1184,1536,8888,CN,2,N_pwm150_grab2
16894,7524,9626,14268,CN,2,N_pwm150_grab2
16899,10858,5128,9414,CN,2,N_pwm150_grab2
16904,5064,4274,14514,CN,2,N_pwm150_grab2
16910,7466,9526,13650,CN,2,N_pwm150_grab2
16914,10420,-1740,10026,CN,2,N_pwm150_grab2
16920,-1022,766,14716,CN,2,N_pwm150_grab2
16924,3618,-3232,6876,CN,2,N_pwm150_grab2
16929,-6330,-9142,-176,CN,2,N_pwm150_grab2
16934,-7040,-346,13322,CN,2,N_pwm150_grab2
16939,-3872,-6004,11120,CN,2,N_pwm150_grab2
16944,-7468,-3008,992,CN,2,N_pwm150_grab2
16949,-5810,-1130,13614,CN,2,N_pwm150_grab2
16954,2084,1958,8830,CN,2,N_pwm150_grab2
16959,1932,3302,12482,CN,2,N_pwm150_grab2
16964,5622,10394,16218,CN,2,N_pwm150_grab2
16969,14324,3772,8984,CN,2,N_pwm150_grab2
16974,-4450,-2296,13742,CN,2,N_pwm150_grab2
16979,466,-5790,6762,CN,2,N_pwm150_grab2
16984,3004,-7580,6778,CN,2,N_pwm150_grab2
16989,-5998,-2328,13830,CN,2,N_pwm150_grab2
16994,-494,-5432,8060,CN,2,N_pwm150_grab2
17005,-10204,-5078,13194,CN,2,N_pwm150_grab2
17009,-2520,-3418,9364,CN,2,N_pwm150_grab2
17014,5440,3986,15270,CN,2,N_pwm150_grab2
17019,7252,9788,15554,CN,2,N_pwm150_grab2
17024,10432,5496,9622,CN,2,N_pwm150_grab2
17029,5252,5064,15462,CN,2,N_pwm150_grab2
17034,7906,7874,14984,CN,2,N_pwm150_grab2
17039,10674,-4110,9722,CN,2,N_pwm150_grab2
17045,-944,1100,14204,CN,2,N_pwm150_grab2
17050,4158,-1804,8212,CN,2,N_pwm150_grab2
17054,-5500,-8952,652,CN,2,N_pwm150_grab2
17059,-7510,-2324,13980,CN,2,N_pwm150_grab2
17064,692,-1514,6924,CN,2,N_pwm150_grab2
17069,-8326,-5270,372,CN,2,N_pwm150_grab2
17074,-6778,1322,12642,CN,2,N_pwm150_grab2
17079,2262,3604,11076,CN,2,N_pwm150_grab2
17084,1746,3304,12352,CN,2,N_pwm150_grab2
17089,5242,11932,18432,CN,2,N_pwm150_grab2
17095,14496,2040,8286,CN,2,N_pwm150_grab2
17099,-4720,-1382,14158,CN,2,N_pwm150_grab2
17105,598,-4554,7550,CN,2,N_pwm150_grab2
17115,-11524,-5098,13756,CN,2,N_pwm150_grab2
17120,-3268,-5016,9688,CN,2,N_pwm150_grab2
17125,-4056,-1182,4582,CN,2,N_pwm150_grab2
17131,-2626,5784,14194,CN,2,N_pwm150_grab2
17136,9150,4846,9690,CN,2,N_pwm150_grab2
17140,366,2646,14142,CN,2,N_pwm150_grab2
17146,5610,-1238,7616,CN,2,N_pwm150_grab2
17150,-2356,-8950,3048,CN,2,N_pwm150_grab2
17156,-730,2150,14038,CN,2,N_pwm150_grab2
17161,4896,-916,8502,CN,2,N_pwm150_grab2
17165,-3892,-8578,1908,CN,2,N_pwm150_grab2
17171,-10780,-4498,14086,CN,2,N_pwm150_grab2
17176,-3106,-7110,9234,CN,2,N_pwm150_grab2
17180,480,2216,10832,CN,2,N_pwm150_grab2
17185,3506,9968,16470,CN,2,N_pwm150_grab2
17190,13498,4960,8706,CN,2,N_pwm150_grab2
17195,1112,2990,12268,CN,2,N_pwm150_grab2
17200,4266,9972,16478,CN,2,N_pwm150_grab2
17206,14270,4298,8880,CN,2,N_pwm150_grab2
17210,3998,3940,13062,CN,2,N_pwm150_grab2
17215,7092,6874,12340,CN,2,N_pwm150_grab2
17226,-11428,-7326,13236,CN,2,N_pwm150_grab2
17230,-4072,-4626,11628,CN,2,N_pwm150_grab2
17236,-4966,-1468,3982,CN,2,N_pwm150_grab2
17240,-11616,-7452,12020,CN,2,N_pwm150_grab2
17246,-3710,-1956,13200,CN,2,N_pwm150_grab2
17250,-3596,134,6574,CN,2,N_pwm150_grab2
17255,-2504,5388,14848,CN,2,N_pwm150_grab2
17260,13274,60,10010,CN,2,N_pwm150_grab2
17265,360,1414,13592,CN,2,N_pwm150_grab2
17271,5110,3832,11080,CN,2,N_pwm150_grab2
17275,-1986,-6554,3676,CN,2,N_pwm150_grab2
17280,-340,2710,15656,CN,2,N_pwm150_grab2
17285,4402,-2098,7082,CN,2,N_pwm150_grab2
17290,-4212,-8918,1670,CN,2,N_pwm150_grab2
17295,-10400,-9202,12780,CN,2,N_pwm150_grab2
17300,544,3076,12326,CN,2,N_pwm150_grab2
17305,770,2664,11950,CN,2,N_pwm150_grab2
17310,3298,9140,15826,CN,2,N_pwm150_grab2
17316,13440,4996,8918,CN,2,N_pwm150_grab2
17320,4626,3648,13082,CN,2,N_pwm150_grab2
17326,4624,6664,14342,CN,2,N_pwm150_grab2
17330,13704,4148,8990,CN,2,N_pwm150_grab2
17335,3966,5912,14198,CN,2,N_pwm150_grab2
17340,1758,-5184,6518,CN,2,N_pwm150_grab2
17350,-11024,-7968,12958,CN,2,N_pwm150_grab2
17356,-4462,-3008,12792,CN,2,N_pwm150_grab2
17361,-4614,-696,4478,CN,2,N_pwm150_grab2
17366,-3370,2960,13748,CN,2,N_pwm150_grab2
17372,7498,3914,8778,CN,2,N_pwm150_grab2
17376,4530,3672,14592,CN,2,N_pwm150_grab2
17382,6052,2474,10538,CN,2,N_pwm150_grab2
17386,-198,-8066,5010,CN,2,N_pwm150_grab2
17391,-8792,-4748,13054,CN,2,N_pwm150_grab2
17397,-2574,-6374,7576,CN,2,N_pwm150_grab2
17408,-9288,-4318,12084,CN,2,N_pwm150_grab2
17412,-3040,-6776,8684,CN,2,N_pwm150_grab2
17421,1868,6732,15060,CN,2,N_pwm150_grab2
17427,12684,4560,9510,CN,2,N_pwm150_grab2
17431,5262,5236,14604,CN,2,N_pwm150_grab2
17436,6988,7480,13448,CN,2,N_pwm150_grab2
17441,8192,-4730,9244,CN,2,N_pwm150_grab2
17446,-2634,-1560,13952,CN,2,N_pwm150_grab2
17452,7354,4284,12190,CN,2,N_pwm150_grab2
17456,5774,-6948,8502,CN,2,N_pwm150_grab2
17461,-11324,-6612,14204,CN,2,N_pwm150_grab2
17466,-4622,-5432,10644,CN,2,N_pwm150_grab2
17471,-5680,-2290,2680,CN,2,N_pwm150_grab2
17476,-4524,-890,13318,CN,2,N_pwm150_grab2
17482,5304,1402,7286,CN,2,N_pwm150_grab2
17487,4356,3274,13540,CN,2,N_pwm150_grab2
17492,6796,11046,17764,CN,3,N_pwm150_grab2
17496,8026,4974,9616,CN,3,N_pwm150_grab2
17502,1268,2986,14534,CN,3,N_pwm150_grab2
17507,6102,-1956,6734,CN,3,N_pwm150_grab2
17511,-926,-8868,4310,CN,3,N_pwm150_grab2
17516,-9276,-4070,13664,CN,3,N_pwm150_grab2
17521,-2738,-6764,7718,CN,3,N_pwm150_grab2
17527,-9180,-6166,-2442,CN,3,N_pwm150_grab2
17531,-9064,-4024,12634,CN,3,N_pwm150_grab2
17536,-2436,-6550,9220,CN,3,N_pwm150_grab2
17541,-9214,-6384,-1384,CN,3,N_pwm150_grab2
17546,2282,10296,17572,CN,3,N_pwm150_grab2
17552,13488,5058,8934,CN,3,N_pwm150_grab2
17557,4852,6058,14188,CN,3,N_pwm150_grab2
17562,7552,5320,12890,CN,3,N_pwm150_grab2
17567,7660,-6248,8842,CN,3,N_pwm150_grab2
17572,-3530,-342,14800,CN,3,N_pwm150_grab2
17577,2644,-3638,7156,CN,3,N_pwm150_grab2
17582,6590,-5174,9230,CN,3,N_pwm150_grab2
17586,-11374,-6604,13968,CN,3,N_pwm150_grab2
17591,-4380,-5742,10880,CN,3,N_pwm150_grab2
17597,-5942,-2718,2376,CN,3,N_pwm150_grab2
17601,-4886,2024,13676,CN,3,N_pwm150_grab2
17606,5802,3556,9282,CN,3,N_pwm150_grab2
17611,4102,3576,14750,CN,3,N_pwm150_grab2
17616,6684,10932,16896,CN,3,N_pwm150_grab2
17622,14858,1304,9200,CN,3,N_pwm150_grab2
17628,-7692,-3324,13256,CN,3,N_pwm150_grab2
17633,-1364,-5950,7638,CN,3,N_pwm150_grab2
17637,-9914,-7094,-2374,CN,3,N_pwm150_grab2
17642,-9784,-6120,11576,CN,3,N_pwm150_grab2
17647,-1940,-1572,10978,CN,3,N_pwm150_grab2
17653,-1040,732,7976,CN,3,N_pwm150_grab2
17658,548,8716,16106,CN,3,N_pwm150_grab2
17662,11056,-2604,10164,CN,3,N_pwm150_grab2
17667,5092,5042,14180,CN,3,N_pwm150_grab2
17673,7562,8668,14462,CN,3,N_pwm150_grab2
17677,9450,-3620,9818,CN,3,N_pwm150_grab2
17682,-2030,834,15206,CN,3,N_pwm150_grab2
17688,3738,-1256,9134,CN,3,N_pwm150_grab2
17692,-7180,-8516,-68,CN,3,N_pwm150_grab2
17698,-10974,-6008,13996,CN,3,N_pwm150_grab2
17702,1554,1590,8972,CN,3,N_pwm150_grab2
17708,-7102,-3872,1136,CN,3,N_pwm150_grab2
17713,-5118,3476,13976,CN,3,N_pwm150_grab2
17717,4148,4298,10058,CN,3,N_pwm150_grab2
17722,2888,3502,13280,CN,3,N_pwm150_grab2
17728,6236,11884,18336,CN,3,N_pwm150_grab2
17732,14788,1860,8420,CN,3,N_pwm150_grab2
17737,2182,2912,12498,CN,3,N_pwm150_grab2
17742,6604,5556,11926,CN,3,N_pwm150_grab2
17752,-7452,-2962,13286,CN,3,N_pwm150_grab2
17757,-1510,-5970,7562,CN,3,N_pwm150_grab2
17768,-9640,-4938,11142,CN,3,N_pwm150_grab2
17773,-2096,448,12222,CN,3,N_pwm150_grab2
17778,-522,1092,8560,CN,3,N_pwm150_grab2
17782,624,10378,17362,CN,3,N_pwm150_grab2
17787,10446,-3776,10090,CN,3,N_pwm150_grab2
17792,5402,4480,13818,CN,3,N_pwm150_grab2
17798,1007,-7421,-1534,CN,3,N_pwm150_grab2
17802,9142,-3382,10238,CN,3,N_pwm150_grab2
17807,-2202,956,15876,CN,3,N_pwm150_grab2
17812,3474,-1732,9464,CN,3,N_pwm150_grab2
17817,-7696,-8586,-166,CN,3,N_pwm150_grab2
17822,-11066,-8270,12774,CN,3,N_pwm150_grab2
17827,3314,3370,10012,CN,3,N_pwm150_grab2
17832,3098,3350,12904,CN,3,N_pwm150_grab2
17837,-4936,4986,14064,CN,3,N_pwm150_grab2
17842,6130,4874,9926,CN,3,N_pwm150_grab2
17847,4252,3560,13766,CN,3,N_pwm150_grab2
17852,6594,11444,17554,CN,3,N_pwm150_grab2
17858,14506,1154,9694,CN,3,N_pwm150_grab2
17863,1118,3722,14258,CN,3,N_pwm150_grab2
17868,-1610,-6014,7188,CN,3,N_pwm150_grab2
17872,-9648,-7468,-2688,CN,3,N_pwm150_grab2
17878,-9850,-5930,11478,CN,3,N_pwm150_grab2
17883,-1908,-1922,10022,CN,3,N_pwm150_grab2
17889,-472,840,7872,CN,3,N_pwm150_grab2
17893,984,8364,16568,CN,3,N_pwm150_grab2
17898,13194,5150,9224,CN,3,N_pwm150_grab2
17903,5492,5702,14606,CN,3,N_pwm150_grab2
17908,3794,-3470,5950,CN,3,N_pwm150_grab2
17913,-7166,-8902,-502,CN,3,N_pwm150_grab2
17918,-11126,-8140,13268,CN,3,N_pwm150_grab2
17923,2718,-4678,5548,CN,3,N_pwm150_grab2
17929,-8298,-8816,-1910,CN,3,N_pwm150_grab2
17934,-11518,-6674,14084,CN,3,N_pwm150_grab2
17938,-4668,-5828,10622,CN,3,N_pwm150_grab2
17943,-5850,-2768,2144,CN,3,N_pwm150_grab2
17949,6304,9624,15644,CN,3,N_pwm150_grab2
17954,15144,3108,9234,CN,3,N_pwm150_grab2
17958,2090,5204,14902,CN,3,N_pwm150_grab2
17963,6610,11146,17344,CN,3,N_pwm150_grab2
17969,14614,698,9066,CN,3,N_pwm150_grab2
17973,890,3608,14898,CN,3,N_pwm150_grab2
17978,6062,-1314,7616,CN,3,N_pwm150_grab2
17983,-1852,-8710,4090,CN,3,N_pwm150_grab2
17988,-9474,-5052,11336,CN,3,N_pwm150_grab2
17993,-1278,-120,11702,CN,3,N_pwm150_grab2
17998,42,1346,9398,CN,3,N_pwm150_grab2
18003,1758,5282,15156,CN,3,N_pwm150_grab2
18009,-100,-1704,8340,CN,3,N_pwm150_grab2
18013,672,1700,9758,CN,3,N_pwm150_grab2
18019,3162,8812,16474,CN,3,N_pwm150_grab2
18023,14326,5004,8786,CN,3,N_pwm150_grab2
18028,-2952,-1056,14828,CN,3,N_pwm150_grab2
18033,2482,-4938,5624,CN,3,N_pwm150_grab2
18039,-8886,-8772,-1830,CN,3,N_pwm150_grab2
18043,-11336,-8522,12838,CN,3,N_pwm150_grab2
18048,906,-5626,5146,CN,3,N_pwm150_grab2
18058,-11258,-7758,12878,CN,3,N_pwm150_grab2
18063,-4318,-4060,11852,CN,3,N_pwm150_grab2
18069,4556,3784,14708,CN,3,N_pwm150_grab2
18074,6614,9806,15412,CN,3,N_pwm150_grab2
18079,14074,2114,10076,CN,3,N_pwm150_grab2
18083,814,4192,15688,CN,3,N_pwm150_grab2
18089,5964,948,9654,CN,3,N_pwm150_grab2
18093,13406,-344,9998,CN,3,N_pwm150_grab2
18099,-766,2366,15048,CN,3,N_pwm150_grab2
18103,4934,-2358,6534,CN,3,N_pwm150_grab2
18114,-7602,-2396,11938,CN,3,N_pwm150_grab2
18118,92,1676,11344,CN,3,N_pwm150_grab2
18124,1360,2436,10898,CN,3,N_pwm150_grab2
18128,3352,9496,16736,CN,3,N_pwm150_grab2
18135,14284,5150,8248,CN,3,N_pwm150_grab2
18139,4588,4360,13078,CN,3,N_pwm150_grab2
18144,6928,8524,13428,CN,3,N_pwm150_grab2
18154,-11204,-8184,12850,CN,3,N_pwm150_grab2
18159,-4948,-4766,11984,CN,3,N_pwm150_grab2
18165,-5314,-2290,2628,CN,3,N_pwm150_grab2
18169,-4464,5666,14414,CN,3,N_pwm150_grab2
18174,7082,4804,9580,CN,3,N_pwm150_grab2
18179,-3928,-1036,4804,CN,3,N_pwm150_grab2
18185,-2994,5480,14480,CN,3,N_pwm150_grab2
18190,14284,744,9508,CN,3,N_pwm150_grab2
18195,946,3460,14520,CN,3,N_pwm150_grab2
18199,6064,2660,10900,CN,3,N_pwm150_grab2
18204,-1222,-7700,5014,CN,3,N_pwm150_grab2
18210,-9324,-3876,12906,CN,3,N_pwm150_grab2
18215,-2700,-6596,7948,CN,3,N_pwm150_grab2
18219,-3502,-8436,3078,CN,3,N_pwm150_grab2
18225,-10248,-6312,12660,CN,3,N_pwm150_grab2
18229,-692,484,10844,CN,3,N_pwm150_grab2
18234,1008,1950,9626,CN,3,N_pwm150_grab2
18240,2446,10388,17750,CN,3,N_pwm150_grab2
18244,14356,4854,8514,CN,3,N_pwm150_grab2
18250,5050,5228,13902,CN,3,N_pwm150_grab2
18254,6882,6980,13508,CN,3,N_pwm150_grab2
18259,7076,-5218,9548,CN,3,N_pwm150_grab2
18265,4400,4702,13178,CN,3,N_pwm150_grab2
18270,6854,6874,13302,CN,3,N_pwm150_grab2
18275,-8910,-8828,-1446,CN,3,N_pwm150_grab2
18280,-11342,-6658,13446,CN,3,N_pwm150_grab2
18284,-4732,-5458,10524,CN,3,N_pwm150_grab2
18290,-5114,-2652,2890,CN,3,N_pwm150_grab2
18295,-4226,3280,13536,CN,3,N_pwm150_grab2
18300,6822,3932,9346,CN,3,N_pwm150_grab2
18305,-3754,-1446,4390,CN,3,N_pwm150_grab2
18309,-3200,5748,14370,CN,3,N_pwm150_grab2
18314,14282,426,9158,CN,3,N_pwm150_grab2
18320,598,3994,14974,CN,3,N_pwm150_grab2
18325,6040,-152,8916,CN,3,N_pwm150_grab2
18330,-1816,-8426,4752,CN,3,N_pwm150_grab2
18334,-9748,-4252,12966,CN,3,N_pwm150_grab2
18340,-3082,-6796,7584,CN,3,N_pwm150_grab2
18350,-10114,-3764,13524,CN,3,N_pwm150_grab2
18354,-676,-1552,9138,CN,3,N_pwm150_grab2
18359,716,1474,9214,CN,3,N_pwm150_grab2
18365,2490,8968,16756,CN,3,N_pwm150_grab2
18370,14140,5040,8918,CN,3,N_pwm150_grab2
18375,5038,5896,14462,CN,3,N_pwm150_grab2
18379,7102,6428,13520,CN,3,N_pwm150_grab2
18385,7482,-5248,9252,CN,3,N_pwm150_grab2
18390,-3888,-926,14702,CN,3,N_pwm150_grab2
18396,-4928,-5588,12114,CN,3,N_pwm150_grab2
18401,-6292,-2896,2116,CN,3,N_pwm150_grab2
18405,-4948,-304,13066,CN,3,N_pwm150_grab2
18411,3756,2642,8928,CN,3,N_pwm150_grab2
18415,3516,3436,13300,CN,3,N_pwm150_grab2
18420,5790,9908,16116,CN,3,N_pwm150_grab2
18425,15094,3378,8492,CN,3,N_pwm150_grab2
18432,2416,5360,14414,CN,3,N_pwm150_grab2
18436,6942,2688,11214,CN,3,N_pwm150_grab2
18440,1506,-7280,6740,CN,3,N_pwm150_grab2
18445,-7428,-4424,13112,CN,3,N_pwm150_grab2
18451,-1574,-6020,6456,CN,3,N_pwm150_grab2
18460,-9704,-6778,11402,CN,3,N_pwm150_grab2
18465,-2504,-1698,11622,CN,3,N_pwm150_grab2
18470,-1240,184,7114,CN,3,N_pwm150_grab2
18476,-292,5366,14936,CN,3,N_pwm150_grab2
18480,11062,4894,9030,CN,3,N_pwm150_grab2
18486,5378,4692,14622,CN,3,N_pwm150_grab2
18490,7302,10020,15296,CN,3,N_pwm150_grab2
18496,10866,-1710,10340,CN,3,N_pwm150_grab2
18500,-1682,1578,15554,CN,3,N_pwm150_grab2
18506,4032,-2350,7196,CN,3,N_pwm150_grab2
18510,-6206,-8880,1152,CN,3,N_pwm150_grab2
18516,-6666,-2578,11760,CN,3,N_pwm150_grab2
18520,-4364,-6874,10178,CN,3,N_pwm150_grab2
18525,-7714,-4492,-66,CN,3,N_pwm150_grab2
18530,-5682,-1916,12320,CN,3,N_pwm150_grab2
18536,1250,1726,9304,CN,3,N_pwm150_grab2
18540,2552,2966,11720,CN,3,N_pwm150_grab2
18545,4436,11038,17370,CN,3,N_pwm150_grab2
18551,14964,4300,7728,CN,3,N_pwm150_grab2
18555,-4172,-1152,14682,CN,3,N_pwm150_grab2
18561,7122,5200,12776,CN,3,N_pwm150_grab2
18565,4606,-6374,8770,CN,3,N_pwm150_grab2
18570,-5018,-690,14890,CN,3,N_pwm150_grab2
18575,1456,-4436,7998,CN,3,N_pwm150_grab2
18580,-9772,-8478,-1238,CN,3,N_pwm150_grab2
18585,-10514,-6752,12954,CN,3,N_pwm150_grab2
18590,-4232,-4548,10902,CN,3,N_pwm150_grab2
18596,4602,3646,14092,CN,3,N_pwm150_grab2
18601,6352,10732,17742,CN,3,N_pwm150_grab2
18606,8366,4768,9302,CN,3,N_pwm150_grab2
18610,4826,3876,14528,CN,3,N_pwm150_grab2
18615,6996,10480,17330,CN,3,N_pwm150_grab2
18620,13446,-546,9512,CN,3,N_pwm150_grab2
18626,96,3346,14536,CN,3,N_pwm150_grab2
18631,5822,1922,10492,CN,3,N_pwm150_grab2
18641,-9310,-5540,11374,CN,3,N_pwm150_grab2
18647,-1688,-2698,9314,CN,3,N_pwm150_grab2
18651,-288,548,7754,CN,3,N_pwm150_grab2
18656,1072,9048,16788,CN,3,N_pwm150_grab2
18662,13252,5150,9080,CN,3,N_pwm150_grab2
18666,5568,5588,15258,CN,3,N_pwm150_grab2
18671,7218,7628,14664,CN,3,N_pwm150_grab2
18676,-6328,-8708,870,CN,3,N_pwm150_grab2
18682,-10840,-6134,13442,CN,3,N_pwm150_grab2
18688,-4334,-7120,10034,CN,3,N_pwm150_grab2
18692,-7274,-8750,46,CN,3,N_pwm150_grab2
18697,-11128,-5360,13756,CN,3,N_pwm150_grab2
18702,-4320,-7154,10024,CN,3,N_pwm150_grab2
18706,-7060,-4460,370,CN,3,N_pwm150_grab2
18712,-5780,-502,12056,CN,3,N_pwm150_grab2
18716,15210,4290,7630,CN,3,N_pwm150_grab2
18722,3484,5270,12934,CN,3,N_pwm150_grab2
18727,7096,5342,12630,CN,3,N_pwm150_grab2
18732,15528,3466,7602,CN,3,N_pwm150_grab2
18737,2894,4950,13090,CN,3,N_pwm150_grab2
18742,6908,5078,12486,CN,3,N_pwm150_grab2
18746,3216,-5964,7842,CN,3,N_pwm150_grab2
18752,-6448,-2254,14342,CN,3,N_pwm150_grab2
18757,-4092,-3968,11904,CN,3,N_pwm150_grab2
18762,-3484,-1446,4786,CN,3,N_pwm150_grab2
18767,-2464,5844,14906,CN,3,N_pwm150_grab2
18771,9180,4732,9078,CN,3,N_pwm150_grab2
18777,-2234,-520,6380,CN,3,N_pwm150_grab2
18781,-1554,5466,15048,CN,3,N_pwm150_grab2
18787,10370,4626,9124,CN,3,N_pwm150_grab2
18791,5406,4350,15018,CN,3,N_pwm150_grab2
18796,5380,2354,10420,CN,3,N_pwm150_grab2
18802,-2738,-7800,3972,CN,3,N_pwm150_grab2
18806,-9914,-4978,12874,CN,3,N_pwm150_grab2
18811,-3392,-6724,8398,CN,3,N_pwm150_grab2
18817,-4566,-8578,2650,CN,3,N_pwm150_grab2
18822,-10592,-7914,12154,CN,3,N_pwm150_grab2
18826,-4470,-6300,9860,CN,3,N_pwm150_grab2
18836,-6754,-2214,11734,CN,3,N_pwm150_grab2
18842,14232,5236,8104,CN,3,N_pwm150_grab2
18847,4952,4280,13662,CN,3,N_pwm150_grab2
18852,6644,8940,14176,CN,3,N_pwm150_grab2
18857,8024,-3178,10316,CN,3,N_pwm150_grab2
18861,4274,5354,13848,CN,3,N_pwm150_grab2
18867,6854,7540,13818,CN,3,N_pwm150_grab2
18871,6514,-4520,9276,CN,3,N_pwm150_grab2
18876,-4336,-1288,14858,CN,3,N_pwm150_grab2
18882,-5020,-4966,12100,CN,3,N_pwm150_grab2
18886,-5010,-2714,2368,CN,3,N_pwm150_grab2
18891,-4356,2686,13072,CN,3,N_pwm150_grab2
18896,5572,3766,9264,CN,3,N_pwm150_grab2
18903,4334,3488,13352,CN,3,N_pwm150_grab2
18908,5466,11246,17196,CN,3,N_pwm150_grab2
18912,15006,2420,8690,CN,3,N_pwm150_grab2
18917,1596,4542,14614,CN,3,N_pwm150_grab2
18922,-984,-5372,6830,CN,3,N_pwm150_grab2
18927,-9638,-7984,-2610,CN,3,N_pwm150_grab2
18932,-9784,-7082,11050,CN,3,N_pwm150_grab2
18937,-3014,-2710,11156,CN,3,N_pwm150_grab2
18944,-844,-264,6274,CN,3,N_pwm150_grab2
18948,-8772,-5948,10830,CN,3,N_pwm150_grab2
18953,-2396,-1500,10814,CN,3,N_pwm150_grab2
18958,680,400,7282,CN,3,N_pwm150_grab2
18962,6240,9686,15888,CN,3,N_pwm150_grab2
18968,11414,-1970,9990,CN,3,N_pwm150_grab2
18972,-3202,2462,15626,CN,3,N_pwm150_grab2
18978,3790,-2368,7082,CN,3,N_pwm150_grab2
18982,-6420,-8692,1446,CN,3,N_pwm150_grab2
18988,-3836,1378,15472,CN,3,N_pwm150_grab2
18993,3028,-3426,6452,CN,3,N_pwm150_grab2
18997,-7404,-8914,330,CN,3,N_pwm150_grab2
19002,-5474,-2260,11842,CN,3,N_pwm150_grab2
19007,1784,1384,9548,CN,3,N_pwm150_grab2
19013,3952,2630,12370,CN,3,N_pwm150_grab2
19017,3722,9352,16252,CN,3,N_pwm150_grab2
19022,15018,4084,7914,CN,3,N_pwm150_grab2
19027,2862,6280,14566,CN,3,N_pwm150_grab2
19033,4056,11092,17854,CN,3,N_pwm150_grab2
19038,15438,2810,7384,CN,3,N_pwm150_grab2
19042,-6742,-2724,14598,CN,3,N_pwm150_grab2
19047,-582,-5602,5810,CN,3,N_pwm150_grab2
19052,-8342,-7814,-2612,CN,3,N_pwm150_grab2
19058,-8988,-7168,12060,CN,3,N_pwm150_grab2
19063,-3634,-3876,11720,CN,3,N_pwm150_grab2
19068,-778,-1950,5210,CN,3,N_pwm150_grab2
19073,-8532,-5718,12202,CN,3,N_pwm150_grab2
19077,-2756,-4440,9954,CN,3,N_pwm150_grab2
19082,5348,4228,14284,CN,3,N_pwm150_grab2
19087,4532,10456,16776,CN,3,N_pwm150_grab2
19092,11932,-688,8784,CN,3,N_pwm150_grab2
19097,-2522,3800,15464,CN,3,N_pwm150_grab2
19103,3350,-364,7904,CN,3,N_pwm150_grab2
19108,-3482,-7838,3628,CN,3,N_pwm150_grab2
19112,-9092,-4230,14102,CN,3,N_pwm150_grab2
19117,2988,-904,8094,CN,3,N_pwm150_grab2
19122,-5616,-6046,-886,CN,3,N_pwm150_grab2
19127,-5708,-4404,10744,CN,3,N_pwm150_grab2
19133,92,314,9962,CN,3,N_pwm150_grab2
19137,4750,936,10652,CN,3,N_pwm150_grab2
19142,1318,9104,15968,CN,3,N_pwm150_grab2
19147,13212,4364,7448,CN,3,N_pwm150_grab2
19153,3374,4722,14074,CN,3,N_pwm150_grab2
19158,4146,7964,13770,CN,3,N_pwm150_grab2
19164,-6632,-8316,198,CN,3,N_pwm150_grab2
19168,-8580,-6740,13088,CN,3,N_pwm150_grab2
19173,-4358,-4966,11736,CN,3,N_pwm150_grab2
19179,-1798,-3584,2666,CN,3,N_pwm150_grab2
19183,-3852,2716,12766,CN,3,N_pwm150_grab2
19188,5642,3224,8722,CN,3,N_pwm150_grab2
19194,5230,2878,13456,CN,3,N_pwm150_grab2
19198,2916,11130,16828,CN,3,N_pwm150_grab2
19204,12794,978,8218,CN,3,N_pwm150_grab2
19208,-596,4438,15094,CN,3,N_pwm150_grab2
19213,3424,3662,10796,CN,3,N_pwm150_grab2
19218,-470,-7060,5168,CN,3,N_pwm150_grab2
19223,-7818,-2814,14584,CN,3,N_pwm150_grab2
19228,-2928,-5988,7848,CN,3,N_pwm150_grab2
19233,-5954,-6710,-1598,CN,3,N_pwm150_grab2
19239,-6160,-4768,10850,CN,3,N_pwm150_grab2
19243,-1058,-454,10098,CN,3,N_pwm150_grab2
19249,4246,-60,9162,CN,3,N_pwm150_grab2
19253,476,9490,16082,CN,3,N_pwm150_grab2
19258,12784,4166,7248,CN,3,N_pwm150_grab2
19263,4364,4666,14846,CN,3,N_pwm150_grab2
19268,3808,7892,14396,CN,3,N_pwm150_grab2
19273,6770,-4334,9254,CN,3,N_pwm150_grab2
19278,-5344,1938,16136,CN,3,N_pwm150_grab2
19284,-3744,-6406,9782,CN,3,N_pwm150_grab2
19289,-6502,-8260,-182,CN,3,N_pwm150_grab2
19293,-8592,-6710,12788,CN,3,N_pwm150_grab2
19299,-4290,-4892,11406,CN,3,N_pwm150_grab2
19304,-1312,-3398,3202,CN,3,N_pwm150_grab2
19308,-3650,2996,12740,CN,3,N_pwm150_grab2
19314,6290,3226,8646,CN,3,N_pwm150_grab2
19318,5632,2968,13514,CN,3,N_pwm150_grab2
19324,3722,2492,9896,CN,3,N_pwm150_grab2
19329,12382,72,8462,CN,3,N_pwm150_grab2
19333,-1194,4838,15298,CN,3,N_pwm150_grab2
19338,3150,1808,9612,CN,3,N_pwm150_grab2
19343,-1608,-7460,5088,CN,3,N_pwm150_grab2
19348,-8430,-2582,14986,CN,3,N_pwm150_grab2
19354,-3172,-6466,7866,CN,3,N_pwm150_grab2
19358,-5224,-6622,-1168,CN,3,N_pwm150_grab2
19364,30,7644,15908,CN,3,N_pwm150_grab2
19369,12414,4236,7928,CN,3,N_pwm150_grab2
19374,4426,114,10388,CN,3,N_pwm150_grab2
19378,968,9038,16618,CN,3,N_pwm150_grab2
19384,13508,3760,7294,CN,3,N_pwm150_grab2
19388,3614,5596,14972,CN,3,N_pwm150_grab2
19393,4072,6546,13274,CN,3,N_pwm150_grab2
19398,5014,-5250,8490,CN,3,N_pwm150_grab2
19403,-8456,-6294,12848,CN,3,N_pwm150_grab2
19408,-3900,-5158,11536,CN,3,N_pwm150_grab2
19415,-1454,-3630,3976,CN,3,N_pwm150_grab2
19419,-2982,-116,12354,CN,3,N_pwm150_grab2
19425,5615,-1,-1,CN,3,N_pwm150_grab2
19430,5680,2990,13136,CN,3,N_pwm150_grab2
19434,2928,10394,17636,CN,3,N_pwm150_grab2
19440,12478,46,7870,CN,3,N_pwm150_grab2
19445,-8448,-3204,15676,CN,3,N_pwm150_grab2
19449,-3024,-5660,7788,CN,3,N_pwm150_grab2
19456,-5758,-6326,-1702,CN,3,N_pwm150_grab2
19460,-9284,-3964,15378,CN,3,N_pwm150_grab2
19464,-3686,-6616,8504,CN,3,N_pwm150_grab2
19470,-4734,-5962,-1340,CN,3,N_pwm150_grab2
19474,-5014,-4516,10400,CN,3,N_pwm150_grab2
19479,420,-268,9090,CN,3,N_pwm150_grab2
19484,4186,4874,14110,CN,3,N_pwm150_grab2
19489,3604,8464,14492,CN,3,N_pwm150_grab2
19494,6276,-3870,8616,CN,3,N_pwm150_grab2
19500,2952,5618,14220,CN,3,N_pwm150_grab2
19505,3992,6200,13018,CN,3,N_pwm150_grab2
19509,3992,-5194,7682,CN,3,N_pwm150_grab2
19514,-6584,-566,16378,CN,3,N_pwm150_grab2
19519,-378,-4628,6310,CN,3,N_pwm150_grab2
19524,-7030,-7278,-1806,CN,3,N_pwm150_grab2
19530,-2174,2780,13114,CN,3,N_pwm150_grab2
19535,7900,3530,8084,CN,3,N_pwm150_grab2
19539,5426,3164,13186,CN,3,N_pwm150_grab2
19544,-1500,3000,13762,CN,3,N_pwm150_grab2
19550,9322,3626,8344,CN,3,N_pwm150_grab2
19554,5564,3888,13894,CN,3,N_pwm150_grab2
19559,3276,10110,16072,CN,3,N_pwm150_grab2
19564,9846,-1702,9196,CN,3,N_pwm150_grab2
19569,-9328,-5100,14550,CN,3,N_pwm150_grab2
19574,-4142,-6266,10160,CN,3,N_pwm150_grab2
19579,-3780,-5206,-176,CN,3,N_pwm150_grab2
19585,-9322,-6274,13794,CN,3,N_pwm150_grab2
19590,-4318,-5958,11716,CN,3,N_pwm150_grab2
19594,-2524,-4646,1744,CN,3,N_pwm150_grab2
19600,-3342,-1428,11394,CN,3,N_pwm150_grab2
19605,3022,2018,8568,CN,3,N_pwm150_grab2
19609,1928,4698,13854,CN,3,N_pwm150_grab2
19614,3430,6294,12554,CN,3,N_pwm150_grab2
19619,2614,-5748,7068,CN,3,N_pwm150_grab2
19625,-7078,-1186,16736,CN,3,N_pwm150_grab2
19629,3426,3608,10534,CN,3,N_pwm150_grab2
19634,-150,-6844,5994,CN,3,N_pwm150_grab2
19640,-8622,-3044,15972,CN,3,N_pwm150_grab2
19645,-2988,-5544,7492,CN,3,N_pwm150_grab2
19649,3270,-1172,8238,CN,3,N_pwm150_grab2
19654,-522,6546,14886,CN,3,N_pwm150_grab2
19659,11424,4466,7844,CN,3,N_pwm150_grab2
19664,5168,4214,13936,CN,3,N_pwm150_grab2
19670,3160,9506,15568,CN,3,N_pwm150_grab2
19675,7882,-3002,9178,CN,3,N_pwm150_grab2
19681,-4674,2552,16142,CN,3,N_pwm150_grab2
19686,1662,-2090,8272,CN,3,N_pwm150_grab2
19690,-2646,-4886,1170,CN,3,N_pwm150_grab2
19696,-3964,16,10734,CN,3,N_pwm150_grab2
19700,3400,2236,9160,CN,3,N_pwm150_grab2
19706,5258,1596,12558,CN,3,N_pwm150_grab2
19710,2112,10528,18106,CN,3,N_pwm150_grab2
19715,6206,3338,8740,CN,3,N_pwm150_grab2
19720,5414,2206,12958,CN,3,N_pwm150_grab2
19726,2292,10376,17364,CN,3,N_pwm150_grab2
19730,84,-6836,6046,CN,3,N_pwm150_grab2
19736,-8074,-916,16412,CN,3,N_pwm150_grab2
19741,-2040,-5392,7816,CN,3,N_pwm150_grab2
19746,-5768,-6732,-1714,CN,3,N_pwm150_grab2
19750,-6336,-4540,9602,CN,3,N_pwm150_grab2
19755,-3860,-5930,8690,CN,3,N_pwm150_grab2
19760,-4314,-5402,-1624,CN,3,N_pwm150_grab2
19766,-4554,-3370,10386,CN,3,N_pwm150_grab2
19770,12716,3904,7482,CN,3,N_pwm150_grab2
19776,4264,4940,14474,CN,3,N_pwm150_grab2
19780,3140,7948,14524,CN,3,N_pwm150_grab2
19785,5948,-4676,8218,CN,3,N_pwm150_grab2
19790,-5688,880,15912,CN,3,N_pwm150_grab2
19795,852,-3792,6494,CN,3,N_pwm150_grab2
19800,3472,-6060,7648,CN,3,N_pwm150_grab2
19806,-6568,606,16458,CN,3,N_pwm150_grab2
19810,-3252,-4886,10810,CN,3,N_pwm150_grab2
19816,-92,-3250,4494,CN,3,N_pwm150_grab2
19821,-2210,3424,12594,CN,3,N_pwm150_grab2
19825,8292,3224,8704,CN,3,N_pwm150_grab2
19831,6086,3040,14078,CN,3,N_pwm150_grab2
19836,2802,9632,17712,CN,3,N_pwm150_grab2
19840,10608,4106,7882,CN,3,N_pwm150_grab2
19846,5674,3552,14148,CN,3,N_pwm150_grab2
19851,2328,52,8392,CN,3,N_pwm150_grab2
19856,-4250,-7586,2460,CN,3,N_pwm150_grab2
19860,-9678,-3728,15314,CN,3,N_pwm150_grab2
19865,-3694,-6904,9532,CN,3,N_pwm150_grab2
19870,-3438,-5436,-120,CN,3,N_pwm150_grab2
19876,-4186,-2088,10160,CN,3,N_pwm150_grab2
19880,2070,1262,9098,CN,3,N_pwm150_grab2
19886,-2224,-4626,1422,CN,3,N_pwm150_grab2
19891,1968,10036,17776,CN,3,N_pwm150_grab2
19895,13730,1982,6694,CN,3,N_pwm150_grab2
19900,1024,5708,14342,CN,3,N_pwm150_grab2
19906,3672,3378,10714,CN,3,N_pwm150_grab2
19910,520,-6884,6568,CN,3,N_pwm150_grab2
19916,-8060,-824,16320,CN,3,N_pwm150_grab2
19921,-1810,-5188,7072,CN,3,N_pwm150_grab2
19927,-6070,-6820,-2016,CN,3,N_pwm150_grab2
19931,-810,3738,13990,CN,3,N_pwm150_grab2
19936,10282,3860,8468,CN,3,N_pwm150_grab2
19942,5272,4602,14354,CN,3,N_pwm150_grab2
19946,3316,8444,15938,CN,3,N_pwm150_grab2
19951,7834,-3538,8786,CN,3,N_pwm150_grab2
19956,-5190,2342,15216,CN,3,N_pwm150_grab2
19961,1726,-2024,7296,CN,3,N_pwm150_grab2
19968,-6504,-7666,224,CN,3,N_pwm150_grab2
19971,-9114,-5230,14518,CN,3,N_pwm150_grab2
19976,-3716,-5820,11720,CN,3,N_pwm150_grab2
19981,-1900,-4248,2560,CN,3,N_pwm150_grab2
19986,-2880,390,11456,CN,3,N_pwm150_grab2
19991,5096,2618,8728,CN,3,N_pwm150_grab2
19997,5326,2284,13754,CN,3,N_pwm150_grab2
20001,2276,9474,16912,CN,3,N_pwm150_grab2
20007,12682,824,8000,CN,3,N_pwm150_grab2
20011,-1226,5060,14886,CN,3,N_pwm150_grab2
20017,2816,1276,9240,CN,3,N_pwm150_grab2
20022,-2462,-7514,4570,CN,3,N_pwm150_grab2
20026,-9244,-3416,15242,CN,3,N_pwm150_grab2
20032,-3304,-6178,8396,CN,3,N_pwm150_grab2
20036,-4806,-5710,-1190,CN,3,N_pwm150_grab2
20041,-4318,-4160,10586,CN,3,N_pwm150_grab2
20046,446,-360,9812,CN,3,N_pwm150_grab2
20052,4190,4950,13528,CN,3,N_pwm150_grab2
20056,1626,9316,16722,CN,3,N_pwm150_grab2
20062,13422,3782,6612,CN,3,N_pwm150_grab2
20067,2772,4414,12706,CN,3,N_pwm150_grab2
20072,3092,7094,13396,CN,3,N_pwm150_grab2
20076,4058,-5024,7818,CN,3,N_pwm150_grab2
20081,-6404,-964,16146,CN,3,N_pwm150_grab2
20086,-798,-4598,6266,CN,3,N_pwm150_grab2
20092,614,-2798,4482,CN,3,N_pwm150_grab2
20097,-7136,-6220,12310,CN,3,N_pwm150_grab2
20101,-2742,-2934,12152,CN,3,N_pwm150_grab2
20107,2180,-2192,6556,CN,3,N_pwm150_grab2
20112,-884,2920,13416,CN,3,N_pwm150_grab2
20116,9484,3658,8436,CN,3,N_pwm150_grab2
20122,5180,4418,14006,CN,3,N_pwm150_grab2
20127,3508,8712,16642,CN,3,N_pwm150_grab2
20131,8530,-3218,8430,CN,3,N_pwm150_grab2
20136,-9286,-3188,15512,CN,3,N_pwm150_grab2
20141,2008,-576,8626,CN,3,N_pwm150_grab2
20146,-5640,-7502,868,CN,3,N_pwm150_grab2
20152,-9190,-5974,13966,CN,3,N_pwm150_grab2
20156,-4076,-5686,12014,CN,3,N_pwm150_grab2
20162,-2104,-4486,1768,CN,3,N_pwm150_grab2
20166,-3118,206,11466,CN,3,N_pwm150_grab2
20172,4092,2510,8858,CN,3,N_pwm150_grab2
20176,1282,4072,13028,CN,3,N_pwm150_grab2
20183,2804,6124,12360,CN,3,N_pwm150_grab2
20188,1748,-5886,6770,CN,3,N_pwm150_grab2
20192,-7630,-3084,15228,CN,3,N_pwm150_grab2
20198,-2734,-4900,6742,CN,3,N_pwm150_grab2
20203,-5982,-6410,-2444,CN,3,N_pwm150_grab2
20207,-5620,-4752,12064,CN,3,N_pwm150_grab2
20213,-1312,-2008,10096,CN,3,N_pwm150_grab2
20217,5572,3782,14608,CN,3,N_pwm150_grab2
20222,2572,9202,16030,CN,3,N_pwm150_grab2
20228,11602,4466,8172,CN,3,N_pwm150_grab2
20232,4600,5020,14410,CN,3,N_pwm150_grab2
20237,3262,7276,14922,CN,3,N_pwm150_grab2
20243,5876,-5068,8478,CN,3,N_pwm150_grab2
20247,-5656,1860,15568,CN,3,N_pwm150_grab2
20252,1660,-1174,9716,CN,3,N_pwm150_grab2
20257,-2318,-4868,2352,CN,3,N_pwm150_grab2
20262,-3416,3222,11126,CN,3,N_pwm150_grab2
20267,-4290,-3326,13826,CN,3,N_pwm150_grab2
20273,238,-2934,3842,CN,3,N_pwm150_grab2
20277,-2450,2598,12802,CN,3,N_pwm150_grab2
20283,7568,3126,8206,CN,3,N_pwm150_grab2
20288,5532,2826,14074,CN,3,N_pwm150_grab2
20293,2550,9766,16734,CN,3,N_pwm150_grab2
20298,-1544,-7090,4666,CN,3,N_pwm150_grab2
20302,-9296,-5454,13668,CN,3,N_pwm150_grab2
20308,-4212,-5854,8096,CN,3,N_pwm150_grab2
20312,-4524,-8176,3180,CN,3,N_pwm150_grab2
20317,-9160,-1876,15670,CN,3,N_pwm150_grab2
20322,-2460,-6560,10452,CN,3,N_pwm150_grab2
20327,-3970,-6064,404,CN,3,N_pwm150_grab2
20332,-4494,-234,10158,CN,3,N_pwm150_grab2
20337,13952,3246,7002,CN,3,N_pwm150_grab2
20342,2626,4498,13556,CN,3,N_pwm150_grab2
20347,3486,6420,12688,CN,3,N_pwm150_grab2
20353,13774,2526,7390,CN,3,N_pwm150_grab2
20357,1336,4120,13464,CN,3,N_pwm150_grab2
20362,2832,5978,12614,CN,3,N_pwm150_grab2
20367,2014,-5932,7124,CN,3,N_pwm150_grab2
20372,-7518,-2950,14822,CN,3,N_pwm150_grab2
20377,-2786,-1624,13680,CN,3,N_pwm150_grab2
20382,2468,-1578,6502,CN,3,N_pwm150_grab2
20388,-784,2170,13368,CN,3,N_pwm150_grab2
20392,9520,2892,8542,CN,3,N_pwm150_grab2
20397,3092,-1578,7522,CN,3,N_pwm150_grab2
20402,340,8622,15370,CN,3,N_pwm150_grab2
20408,12352,4550,8182,CN,3,N_pwm150_grab2
20412,4892,3772,14576,CN,3,N_pwm150_grab2
20417,2210,-1404,7784,CN,3,N_pwm150_grab2
20422,-5978,-7776,854,CN,3,N_pwm150_grab2
20428,-9444,-3910,14332,CN,3,N_pwm150_grab2
20432,-3458,-6228,10914,CN,3,N_pwm150_grab2
20438,-2490,-4758,1384,CN,3,N_pwm150_grab2
20443,-3694,2434,11584,CN,3,N_pwm150_grab2
20448,5068,3216,9842,CN,3,N_pwm150_grab2
20454,5562,1624,13228,CN,3,N_pwm150_grab2
20459,2922,5892,11648,CN,3,N_pwm150_grab2
20464,1826,-5518,6764,CN,3,N_pwm150_grab2
20468,-7694,-2206,15618,CN,3,N_pwm150_grab2
20474,-2406,-5332,6346,CN,3,N_pwm150_grab2
20478,-6186,-6676,-2678,CN,3,N_pwm150_grab2
20484,-9040,-2378,14992,CN,3,N_pwm150_grab2
20489,-2850,-6010,7146,CN,3,N_pwm150_grab2
20494,-5256,-6084,-1746,CN,3,N_pwm150_grab2
20498,112,5166,14364,CN,3,N_pwm150_grab2
20503,11294,4318,8512,CN,3,N_pwm150_grab2
20509,4336,5254,14428,CN,3,N_pwm150_grab2
20514,3476,6992,14740,CN,3,N_pwm150_grab2
20519,6094,-4690,8100,CN,3,N_pwm150_grab2
20523,3070,3924,13716,CN,3,N_pwm150_grab2
20528,3202,7798,13096,CN,3,N_pwm150_grab2
20533,5266,-4386,8434,CN,3,N_pwm150_grab2
20538,-8718,-5564,13262,CN,3,N_pwm150_grab2
20544,-3808,-5068,12412,CN,3,N_pwm150_grab2
20549,-554,-3574,3628,CN,3,N_pwm150_grab2
20553,-2724,3974,13022,CN,3,N_pwm150_grab2
20559,7790,3820,9244,CN,3,N_pwm150_grab2
20563,5630,2566,14056,CN,3,N_pwm150_grab2
20569,-1304,668,13134,CN,3,N_pwm150_grab2
20574,8204,2440,8266,CN,3,N_pwm150_grab2
20578,-2172,4130,15528,CN,3,N_pwm150_grab2
20584,1892,-496,7834,CN,3,N_pwm150_grab2
20588,-4000,-8044,3546,CN,3,N_pwm150_grab2
20593,-9520,-3902,14404,CN,3,N_pwm150_grab2
20599,-3366,-6194,9302,CN,3,N_pwm150_grab2
20603,-4048,-5320,-454,CN,3,N_pwm150_grab2
20609,-9462,-3524,14382,CN,3,N_pwm150_grab2
20614,-3252,-6466,10360,CN,3,N_pwm150_grab2
20618,5026,716,10480,CN,3,N_pwm150_grab2
20623,2310,10772,18310,CN,3,N_pwm150_grab2
20628,14010,2912,6190,CN,3,N_pwm150_grab2
20634,1680,3370,12464,CN,3,N_pwm150_grab2
20639,2964,7382,12404,CN,3,N_pwm150_grab2
20644,3566,-4574,8078,CN,3,N_pwm150_grab2
20649,-6454,-1700,15838,CN,3,N_pwm150_grab2
20653,3604,2672,10824,CN,3,N_pwm150_grab2
20663,-6650,-5780,11722,CN,3,N_pwm150_grab2
20668,-2050,-2150,12534,CN,3,N_pwm150_grab2
20679,-554,3636,13652,CN,3,N_pwm150_grab2
20684,9930,4172,8824,CN,3,N_pwm150_grab2
20688,5092,4582,14158,CN,3,N_pwm150_grab2
20695,3524,8360,16426,CN,3,N_pwm150_grab2
20700,-5250,-8182,2374,CN,3,N_pwm150_grab2
20705,-9184,-3050,15100,CN,3,N_pwm150_grab2
20709,-3238,-6418,10432,CN,3,N_pwm150_grab2
20715,-3250,-5304,698,CN,3,N_pwm150_grab2
20720,-3730,-878,10916,CN,3,N_pwm150_grab2
20725,2584,2144,9996,CN,3,N_pwm150_grab2
20730,5352,1458,11558,CN,3,N_pwm150_grab2
20736,2720,11098,18530,CN,3,N_pwm150_grab2
20740,14020,1786,6832,CN,3,N_pwm150_grab2
20745,566,2794,12928,CN,3,N_pwm150_grab2
20749,2606,6684,11848,CN,3,N_pwm150_grab2
20755,2028,-5178,7198,CN,3,N_pwm150_grab2
20759,-7394,-3562,14646,CN,3,N_pwm150_grab2
20765,-2936,-5004,6548,CN,3,N_pwm150_grab2
20774,-5860,-4256,11790,CN,3,N_pwm150_grab2
20780,-2308,-5662,8262,CN,3,N_pwm150_grab2
20784,3576,-1094,7804,CN,3,N_pwm150_grab2
20789,-1,-1,-1,CN,3,N_pwm150_grab2
20794,11280,4344,8922,CN,3,N_pwm150_grab2
20799,4838,5332,14696,CN,3,N_pwm150_grab2
20805,3332,6504,15260,CN,3,N_pwm150_grab2
20810,6244,-5336,8704,CN,3,N_pwm150_grab2
20815,-5750,1304,15040,CN,3,N_pwm150_grab2
20820,-2914,-6428,10574,CN,3,N_pwm150_grab2
20824,-5914,-7352,416,CN,3,N_pwm150_grab2
20829,-8670,-7326,12096,CN,3,N_pwm150_grab2
20834,-4664,-4098,13174,CN,3,N_pwm150_grab2
20839,-490,-3344,2676,CN,3,N_pwm150_grab2
20844,-3054,1988,12246,CN,3,N_pwm150_grab2
20849,6068,3024,8446,CN,3,N_pwm150_grab2
20854,5774,2614,13416,CN,3,N_pwm150_grab2
20859,2516,9606,16962,CN,3,N_pwm150_grab2
20864,12302,494,9026,CN,3,N_pwm150_grab2
20869,-1578,4322,15418,CN,3,N_pwm150_grab2
20874,2746,-20,8236,CN,3,N_pwm150_grab2
20879,-2816,-8184,4636,CN,3,N_pwm150_grab2
20884,-9072,-1536,14998,CN,3,N_pwm150_grab2
20889,-2312,-6060,9196,CN,3,N_pwm150_grab2
20894,-5108,-6512,-718,CN,3,N_pwm150_grab2
20900,-5460,-2718,9372,CN,3,N_pwm150_grab2
20905,13258,4408,8214,CN,3,N_pwm150_grab2
20909,5182,560,10134,CN,3,N_pwm150_grab2
20914,1096,9064,16944,CN,3,N_pwm150_grab2
20920,13920,3524,7572,CN,3,N_pwm150_grab2
20925,3074,3940,13690,CN,3,N_pwm150_grab2
20929,3006,7574,13462,CN,3,N_pwm150_grab2
20934,4940,-4636,8546,CN,3,N_pwm150_grab2
20939,-6020,-1134,15406,CN,3,N_pwm150_grab2
20944,-4368,-3788,13578,CN,3,N_pwm150_grab2
20951,58,-2728,4186,CN,3,N_pwm150_grab2
20955,-1786,68,12508,CN,3,N_pwm150_grab2
20960,7032,2132,7910,CN,3,N_pwm150_grab2
20965,6162,3228,13882,CN,3,N_pwm150_grab2
20970,3822,10068,18364,CN,3,N_pwm150_grab2
20975,11538,-1282,8544,CN,3,N_pwm150_grab2
20980,-3550,3360,14858,CN,3,N_pwm150_grab2
20985,-3396,-6246,7970,CN,3,N_pwm150_grab2
20990,-4828,-5762,-998,CN,3,N_pwm150_grab2
20995,-9828,-3116,14226,CN,3,N_pwm150_grab2
21000,-3082,-6900,9694,CN,3,N_pwm150_grab2
21006,-4076,-5950,-78,CN,3,N_pwm150_grab2
21011,-3888,-1172,10142,CN,3,N_pwm150_grab2
21016,2592,2238,11296,CN,3,N_pwm150_grab2
21020,5452,1542,12294,CN,3,N_pwm150_grab2
21025,3274,7168,13072,CN,3,N_pwm150_grab2
21030,3472,-5192,8128,CN,3,N_pwm150_grab2
21036,892,4858,13524,CN,3,N_pwm150_grab2
21040,3314,4554,11734,CN,3,N_pwm150_grab2
21045,702,-6688,6368,CN,3,N_pwm150_grab2
21051,-8788,-3500,14328,CN,3,N_pwm150_grab2
21056,-2988,-5894,5784,CN,3,N_pwm150_grab2
21066,-102,4000,14344,CN,3,N_pwm150_grab2
21070,10590,4650,8832,CN,3,N_pwm150_grab2
21075,5352,4564,13900,CN,3,N_pwm150_grab2
21080,990,7660,16022,CN,3,N_pwm150_grab2
21085,12910,4846,8538,CN,3,N_pwm150_grab2
21090,3956,5484,13678,CN,3,N_pwm150_grab2
21095,3236,6814,13914,CN,3,N_pwm150_grab2
21100,5028,-5132,8382,CN,3,N_pwm150_grab2
21105,-8818,-5266,13678,CN,3,N_pwm150_grab2
21111,-4018,-5446,12008,CN,3,N_pwm150_grab2
21115,-796,-3920,3642,CN,3,N_pwm150_grab2
21121,-8546,-5996,12258,CN,3,N_pwm150_grab2
21125,-3346,-4264,12020,CN,3,N_pwm150_grab2
21130,960,-2526,5366,CN,3,N_pwm150_grab2
21135,-1416,4638,13316,CN,3,N_pwm150_grab2
21141,9774,4352,9506,CN,3,N_pwm150_grab2
21146,-2770,3252,14638,CN,3,N_pwm150_grab2
21151,2326,602,8580,CN,3,N_pwm150_grab2
21156,-4398,-7970,3350,CN,3,N_pwm150_grab2
21161,-10034,-4796,13390,CN,3,N_pwm150_grab2
21166,2040,-922,7540,CN,3,N_pwm150_grab2
21171,-6094,-8072,1564,CN,3,N_pwm150_grab2
21176,-9830,-5506,13540,CN,3,N_pwm150_grab2
21181,-4276,-6148,11104,CN,3,N_pwm150_grab2
21186,5354,1640,11474,CN,3,N_pwm150_grab2
21190,2444,9732,17346,CN,3,N_pwm150_grab2
21195,13722,2924,7424,CN,3,N_pwm150_grab2
21200,948,4702,13162,CN,3,N_pwm150_grab2
21206,3484,4432,11814,CN,3,N_pwm150_grab2
21212,530,-6902,6614,CN,3,N_pwm150_grab2
21216,-8752,-3106,14296,CN,3,N_pwm150_grab2
21221,-2436,-5492,6488,CN,3,N_pwm150_grab2
21226,3130,-1170,6866,CN,3,N_pwm150_grab2
21232,-228,7050,14864,CN,3,N_pwm150_grab2
21236,11708,5040,8902,CN,3,N_pwm150_grab2
21241,5428,4050,14180,CN,3,N_pwm150_grab2
21246,2518,9076,15596,CN,3,N_pwm150_grab2
21251,12440,4794,8378,CN,3,N_pwm150_grab2
21256,4000,4800,13238,CN,3,N_pwm150_grab2
21261,2958,7930,14378,CN,3,N_pwm150_grab2
21266,-7072,-8238,574,CN,3,N_pwm150_grab2
21272,-8882,-6780,12744,CN,3,N_pwm150_grab2
21276,-4408,-4396,12790,CN,3,N_pwm150_grab2
21281,-306,-3140,3504,CN,3,N_pwm150_grab2
21287,-2572,3380,12224,CN,3,N_pwm150_grab2
21292,-3466,-3314,13094,CN,3,N_pwm150_grab2
21297,1600,-2232,5596,CN,3,N_pwm150_grab2
21301,-1138,3884,13360,CN,3,N_pwm150_grab2
21306,11642,-172,9310,CN,3,N_pwm150_grab2
21311,-2616,3284,15104,CN,3,N_pwm150_grab2
21316,2220,1442,9336,CN,3,N_pwm150_grab2
21321,-3762,-7982,3316,CN,3,N_pwm150_grab2
21326,-9972,-5730,13174,CN,3,N_pwm150_grab2
21331,-4200,-6296,9642,CN,3,N_pwm150_grab2
21336,-6260,-8296,1440,CN,3,N_pwm150_grab2
21342,-9442,-6706,13316,CN,3,N_pwm150_grab2
21347,2418,2348,10510,CN,3,N_pwm150_grab2
21352,5452,1492,11666,CN,3,N_pwm150_grab2
21357,2098,9646,17080,CN,3,N_pwm150_grab2
21362,13884,2844,7860,CN,3,N_pwm150_grab2
21367,1236,4140,13302,CN,3,N_pwm150_grab2
21372,3272,5654,12462,CN,3,N_pwm150_grab2
21376,12962,1990,8194,CN,3,N_pwm150_grab2
21382,-384,4568,14482,CN,3,N_pwm150_grab2
21386,3210,1998,10094,CN,3,N_pwm150_grab2
21397,-6106,-4584,10252,CN,3,N_pwm150_grab2
21401,-1254,-476,12208,CN,3,N_pwm150_grab2
21406,4166,-394,8384,CN,3,N_pwm150_grab2
21411,380,7056,15002,CN,3,N_pwm150_grab2
21417,12300,4620,8784,CN,3,N_pwm150_grab2
21421,4902,408,9558,CN,3,N_pwm150_grab2
21427,1146,7746,15714,CN,3,N_pwm150_grab2
21431,6894,-3752,9094,CN,3,N_pwm150_grab2
21437,-5144,296,15730,CN,3,N_pwm150_grab2
21442,832,-3732,5948,CN,3,N_pwm150_grab2
21446,-7204,-7958,-308,CN,3,N_pwm150_grab2
21451,-8536,-6358,12874,CN,3,N_pwm150_grab2
21457,-4178,-4100,12498,CN,3,N_pwm150_grab2
21463,206,-2786,4030,CN,3,N_pwm150_grab2
21468,-2022,2496,12118,CN,3,N_pwm150_grab2
21473,12692,810,8758,CN,3,N_pwm150_grab2
21478,-1632,4118,14622,CN,3,N_pwm150_grab2
21483,2726,2094,9680,CN,3,N_pwm150_grab2
21487,-2508,-7564,4578,CN,3,N_pwm150_grab2
21492,-10054,-4932,13100,CN,3,N_pwm150_grab2
21497,-4096,-6638,7662,CN,3,N_pwm150_grab2
21504,-4326,-5568,-1238,CN,3,N_pwm150_grab2
21507,-9692,-4666,13906,CN,3,N_pwm150_grab2
21512,948,618,10752,CN,3,N_pwm150_grab2
21518,5046,934,10966,CN,3,N_pwm150_grab2
21523,1560,7970,16304,CN,3,N_pwm150_grab2
21528,13684,3774,8156,CN,3,N_pwm150_grab2
21533,2678,5172,13592,CN,3,N_pwm150_grab2
21538,3570,5870,12768,CN,3,N_pwm150_grab2
21543,3164,-6000,7700,CN,3,N_pwm150_grab2
21547,1110,4824,13754,CN,3,N_pwm150_grab2
21552,-1088,-4636,5824,CN,3,N_pwm150_grab2
21558,-7134,-7216,-1740,CN,3,N_pwm150_grab2
21563,-7552,-5648,11392,CN,3,N_pwm150_grab2
21568,-2548,-3106,11906,CN,3,N_pwm150_grab2
21572,1996,-1536,6726,CN,3,N_pwm150_grab2
21578,-620,4754,13734,CN,3,N_pwm150_grab2
21583,10706,4250,9514,CN,3,N_pwm150_grab2
21587,5846,4160,14858,CN,3,N_pwm150_grab2
21593,3078,9072,16118,CN,3,N_pwm150_grab2
21597,9098,-2823,-1,CN,3,N_pwm150_grab2
21603,-4760,1858,15370,CN,3,N_pwm150_grab2
21607,1898,-2238,6702,CN,3,N_pwm150_grab2
21612,-6598,-8070,896,CN,3,N_pwm150_grab2
21618,-9646,-5622,13638,CN,3,N_pwm150_grab2
21622,-4138,-5850,11456,CN,3,N_pwm150_grab2
21628,-2274,-4136,2148,CN,3,N_pwm150_grab2
21633,-2908,-172,10788,CN,3,N_pwm150_grab2
21637,4428,2382,9598,CN,3,N_pwm150_grab2
21642,5712,2330,13386,CN,3,N_pwm150_grab2
21647,2938,10086,18056,CN,3,N_pwm150_grab2
21652,13330,1270,7608,CN,3,N_pwm150_grab2
21657,-908,4456,14300,CN,3,N_pwm150_grab2
21662,3376,2038,9958,CN,3,N_pwm150_grab2
21667,-1758,-7518,5356,CN,3,N_pwm150_grab2
21672,-5904,-5360,10296,CN,3,N_pwm150_grab2
21677,-3236,-6310,6966,CN,3,N_pwm150_grab2
21683,-5474,-6114,-1726,CN,3,N_pwm150_grab2
21687,-5100,-4180,10170,CN,3,N_pwm150_grab2
21692,-64,-390,11616,CN,3,N_pwm150_grab2
21697,4590,260,10124,CN,3,N_pwm150_grab2
21703,934,7534,15876,CN,3,N_pwm150_grab2
21708,13038,4356,8126,CN,3,N_pwm150_grab2
21712,-5024,746,15672,CN,3,N_pwm150_grab2
21719,1312,-3010,6788,CN,3,N_pwm150_grab2
21723,-7220,-8058,260,CN,3,N_pwm150_grab2
21728,-8550,-6536,12858,CN,3,N_pwm150_grab2
21733,-4368,-4628,12816,CN,3,N_pwm150_grab2
21738,-836,-3370,3724,CN,3,N_pwm150_grab2
21743,-2706,2118,11912,CN,3,N_pwm150_grab2
21748,6132,3504,9458,CN,3,N_pwm150_grab2
21753,-228,3888,13632,CN,3,N_pwm150_grab2
21758,3526,3856,11174,CN,3,N_pwm150_grab2
21764,12304,910,8390,CN,3,N_pwm150_grab2
21768,-1462,3592,14238,CN,3,N_pwm150_grab2
21774,2984,2260,9994,CN,3,N_pwm150_grab2
21778,-2170,-7574,4530,CN,3,N_pwm150_grab2
21784,-9458,-4224,13744,CN,3,N_pwm150_grab2
21789,-3360,-6034,8060,CN,3,N_pwm150_grab2
21794,4050,-192,8682,CN,3,N_pwm150_grab2
21798,588,8626,15722,CN,3,N_pwm150_grab2
21803,250,8626,15722,CN,3,N_pwm150_grab2
21808,4960,468,10102,CN,3,N_pwm150_grab2
21813,1054,8582,16118,CN,3,N_pwm150_grab2
21818,13096,4376,7620,CN,3,N_pwm150_grab2
21823,3452,4340,13058,CN,3,N_pwm150_grab2
21829,3050,7580,14148,CN,3,N_pwm150_grab2
21834,-6916,-8100,522,CN,3,N_pwm150_grab2
21838,-8692,-6308,12760,CN,3,N_pwm150_grab2
21843,-4172,-4588,12260,CN,3,N_pwm150_grab2
21854,-8010,-6526,12112,CN,3,N_pwm150_grab2
21858,-3838,-3358,13232,CN,3,N_pwm150_grab2
21863,496,-2412,4664,CN,3,N_pwm150_grab2
21868,-2118,3594,12824,CN,3,N_pwm150_grab2
21874,12786,428,8322,CN,3,N_pwm150_grab2
21878,-1410,3526,14278,CN,3,N_pwm150_grab2
21884,3356,2922,10408,CN,3,N_pwm150_grab2
21889,11764,50,9126,CN,3,N_pwm150_grab2
21894,-2228,3396,15114,CN,3,N_pwm150_grab2
21898,2672,602,8884,CN,3,N_pwm150_grab2
21904,-3326,-8008,3992,CN,3,N_pwm150_grab2
21909,-9474,-5262,13382,CN,3,N_pwm150_grab2
21914,-36,364,12074,CN,3,N_pwm150_grab2
21918,4528,228,9758,CN,3,N_pwm150_grab2
21923,768,8348,15902,CN,3,N_pwm150_grab2
21928,13246,4256,8320,CN,3,N_pwm150_grab2
21933,4962,618,10580,CN,3,N_pwm150_grab2
21938,1038,8000,15484,CN,3,N_pwm150_grab2
21944,12964,4034,8220,CN,3,N_pwm150_grab2
21948,3190,5072,13944,CN,3,N_pwm150_grab2
21954,1168,-3792,6204,CN,3,N_pwm150_grab2
21958,-7148,-7812,-96,CN,3,N_pwm150_grab2
21963,-8800,-6366,12780,CN,3,N_pwm150_grab2
21968,-4308,-4340,12590,CN,3,N_pwm150_grab2
21974,-1102,-2978,3444,CN,3,N_pwm150_grab2
21979,-2794,1720,11416,CN,3,N_pwm150_grab2
21985,5658,3094,9676,CN,3,N_pwm150_grab2
21990,5764,2544,13500,CN,3,N_pwm150_grab2
21994,3626,4132,11314,CN,3,N_pwm150_grab2
21999,390,-6616,6048,CN,3,N_pwm150_grab2
22005,-8316,-2886,14794,CN,3,N_pwm150_grab2
22010,-2298,-5620,6354,CN,3,N_pwm150_grab2
22019,-9098,-3596,14112,CN,3,N_pwm150_grab2
22024,-3128,-5962,6752,CN,3,N_pwm150_grab2
22034,-5574,-4200,10458,CN,3,N_pwm150_grab2
22040,11354,4760,8782,CN,3,N_pwm150_grab2
22044,4830,4074,13786,CN,3,N_pwm150_grab2
22050,3116,8874,15300,CN,3,N_pwm150_grab2
22054,8500,-2594,9342,CN,3,N_pwm150_grab2
22059,4262,4804,14238,CN,3,N_pwm150_grab2
22064,3470,7466,14510,CN,3,N_pwm150_grab2
22069,7068,-4126,8952,CN,3,N_pwm150_grab2
22074,-5524,910,14988,CN,3,N_pwm150_grab2
22079,-4136,-5534,11682,CN,3,N_pwm150_grab2
22085,-2458,-4240,2072,CN,3,N_pwm150_grab2
22090,-3352,-658,10912,CN,3,N_pwm150_grab2
22095,2850,2444,9922,CN,3,N_pwm150_grab2
22099,5412,1922,12624,CN,3,N_pwm150_grab2
22104,-3052,720,11026,CN,3,N_pwm150_grab2
22110,4548,2786,9970,CN,3,N_pwm150_grab2
22114,5656,2294,13484,CN,3,N_pwm150_grab2
22119,3874,3900,11456,CN,3,N_pwm150_grab2
22124,962,-6754,6608,CN,3,N_pwm150_grab2
22129,-7660,-2114,15048,CN,3,N_pwm150_grab2
22134,-1436,-5004,6698,CN,3,N_pwm150_grab2
22139,-7052,-6924,-1182,CN,3,N_pwm150_grab2
22144,-8534,-2426,14990,CN,3,N_pwm150_grab2
22149,-2044,-5678,6752,CN,3,N_pwm150_grab2
22154,-6616,-6746,-1566,CN,3,N_pwm150_grab2
22160,-682,5604,14250,CN,3,N_pwm150_grab2
22165,10350,4720,8922,CN,3,N_pwm150_grab2
22169,5076,3998,13948,CN,3,N_pwm150_grab2
22174,3468,8894,16212,CN,3,N_pwm150_grab2
22179,9254,-2844,9212,CN,3,N_pwm150_grab2
22189,3362,8248,15200,CN,3,N_pwm150_grab2
22194,8056,-3158,9048,CN,3,N_pwm150_grab2
22199,-9008,-4146,13956,CN,3,N_pwm150_grab2
22204,-3296,-6420,10146,CN,3,N_pwm150_grab2
22210,-3540,-5126,1020,CN,3,N_pwm150_grab2
22215,-4002,-1422,10644,CN,3,N_pwm150_grab2
22220,1472,1810,10354,CN,3,N_pwm150_grab2
22225,5276,1328,11594,CN,3,N_pwm150_grab2
22231,2260,10658,17738,CN,3,N_pwm150_grab2
22235,13998,2808,6624,CN,3,N_pwm150_grab2
22240,-6354,-426,15116,CN,3,N_pwm150_grab2
22245,664,-4176,6430,CN,3,N_pwm150_grab2
22250,-7052,-7456,-560,CN,3,N_pwm150_grab2
22256,-7928,-4790,12914,CN,3,N_pwm150_grab2
22261,-3514,-4438,11474,CN,3,N_pwm150_grab2
22266,-632,-2858,4038,CN,3,N_pwm150_grab2
22270,-2576,3304,12324,CN,3,N_pwm150_grab2
22276,-3454,-2998,12412,CN,3,N_pwm150_grab2
22280,5658,2690,13776,CN,3,N_pwm150_grab2
22285,3074,9972,17670,CN,3,N_pwm150_grab2
22291,12176,-833,-1,CN,3,N_pwm150_grab2
22295,-2340,3748,14938,CN,3,N_pwm150_grab2
22300,3344,834,8582,CN,3,N_pwm150_grab2
22305,-2770,-7636,4544,CN,3,N_pwm150_grab2
22310,-8828,-2876,14574,CN,3,N_pwm150_grab2
22315,2760,708,8774,CN,3,N_pwm150_grab2
3000,-2232,-4598,7612,CN,0,N_pwm150_grab3
3009,-7918,-3216,12150,CN,0,N_pwm150_grab3
3014,-2624,704,15516,CN,0,N_pwm150_grab3
3019,-3370,454,8182,CN,0,N_pwm150_grab3
3024,-2966,7734,13714,CN,0,N_pwm150_grab3
3030,5168,4764,9374,CN,0,N_pwm150_grab3
3035,1974,2742,12002,CN,0,N_pwm150_grab3
3041,6906,454,10658,CN,0,N_pwm150_grab3
3045,4458,-7514,7580,CN,0,N_pwm150_grab3
3051,-4454,-1724,13700,CN,0,N_pwm150_grab3
3056,1608,-4922,5126,CN,0,N_pwm150_grab3
3060,-6906,-6584,558,CN,0,N_pwm150_grab3
3066,-9000,-6404,14312,CN,0,N_pwm150_grab3
3072,-3966,-3764,11248,CN,0,N_pwm150_grab3
3075,-7256,-1530,1870,CN,0,N_pwm150_grab3
3080,-6272,916,11364,CN,0,N_pwm150_grab3
3085,852,2680,13970,CN,0,N_pwm150_grab3
3091,170,1162,11348,CN,0,N_pwm150_grab3
3096,1066,9108,15122,CN,0,N_pwm150_grab3
3105,4030,2320,12524,CN,0,N_pwm150_grab3
3110,6878,7542,16306,CN,0,N_pwm150_grab3
3115,8240,4032,8660,CN,0,N_pwm150_grab3
3120,538,1896,12286,CN,0,N_pwm150_grab3
3126,5726,-1222,8562,CN,0,N_pwm150_grab3
3131,1016,-7936,5824,CN,0,N_pwm150_grab3
3135,-5148,-4194,14476,CN,0,N_pwm150_grab3
3140,-190,-4952,6202,CN,0,N_pwm150_grab3
3145,-7870,-4684,-404,CN,0,N_pwm150_grab3
3150,-8444,-5640,13260,CN,0,N_pwm150_grab3
3155,-3874,-1568,14406,CN,0,N_pwm150_grab3
3160,-5586,-336,5194,CN,0,N_pwm150_grab3
3165,-5178,3974,11978,CN,0,N_pwm150_grab3
3170,2236,3876,11846,CN,0,N_pwm150_grab3
3175,2036,1202,12352,CN,0,N_pwm150_grab3
3180,2450,10140,16096,CN,0,N_pwm150_grab3
3186,11788,3108,7964,CN,0,N_pwm150_grab3
3191,3744,2814,12232,CN,0,N_pwm150_grab3
3195,7490,4722,15038,CN,0,N_pwm150_grab3
3201,9710,-5006,7772,CN,0,N_pwm150_grab3
3205,-1020,520,12568,CN,0,N_pwm150_grab3
3210,4888,-2906,6418,CN,0,N_pwm150_grab3
3215,-1130,-7968,4558,CN,0,N_pwm150_grab3
3221,-6896,-4666,14782,CN,0,N_pwm150_grab3
3225,-904,-4806,6578,CN,0,N_pwm150_grab3
3230,-8522,-4116,-1254,CN,0,N_pwm150_grab3
3235,-8068,-5064,12944,CN,0,N_pwm150_grab3
3241,4594,4584,9576,CN,0,N_pwm150_grab3
3246,-4822,-32,6508,CN,0,N_pwm150_grab3
3250,-3746,4262,11780,CN,0,N_pwm150_grab3
3255,3378,3962,10744,CN,0,N_pwm150_grab3
3261,2722,1456,13368,CN,0,N_pwm150_grab3
3265,3738,9828,16436,CN,0,N_pwm150_grab3
3270,11622,2952,7572,CN,0,N_pwm150_grab3
3275,3494,2730,11584,CN,0,N_pwm150_grab3
3280,2566,-3886,5558,CN,0,N_pwm150_grab3
3286,-4340,-7404,2456,CN,0,N_pwm150_grab3
3297,-2754,-4222,8790,CN,0,N_pwm150_grab3
3301,-8016,-2794,-40,CN,0,N_pwm150_grab3
3306,-7762,-2490,12170,CN,0,N_pwm150_grab3
3312,-1814,898,14678,CN,0,N_pwm150_grab3
3316,-2624,650,8766,CN,0,N_pwm150_grab3
3321,6708,7562,16626,CN,0,N_pwm150_grab3
3326,11722,-2072,6736,CN,0,N_pwm150_grab3
3332,3692,1638,13378,CN,0,N_pwm150_grab3
3336,5676,8294,16840,CN,0,N_pwm150_grab3
3341,12370,-474,6772,CN,0,N_pwm150_grab3
3346,2144,2844,11634,CN,0,N_pwm150_grab3
3351,7130,614,10520,CN,0,N_pwm150_grab3
3356,4900,-7220,7160,CN,0,N_pwm150_grab3
3362,-7890,-6490,14216,CN,0,N_pwm150_grab3
3367,-4206,-2948,12566,CN,0,N_pwm150_grab3
3371,-6082,-6664,912,CN,0,N_pwm150_grab3
3376,-7812,-6512,14836,CN,0,N_pwm150_grab3
3381,-3890,-3614,10756,CN,0,N_pwm150_grab3
3387,-7486,-1790,1068,CN,0,N_pwm150_grab3
3392,-6724,-624,11704,CN,0,N_pwm150_grab3
3397,-666,2028,14578,CN,0,N_pwm150_grab3
3401,4142,2082,12444,CN,0,N_pwm150_grab3
3406,6320,7098,16348,CN,0,N_pwm150_grab3
3411,11500,-2654,7062,CN,0,N_pwm150_grab3
3416,3964,1688,13136,CN,0,N_pwm150_grab3
3421,5538,8474,16636,CN,0,N_pwm150_grab3
3426,12374,-828,6894,CN,0,N_pwm150_grab3
3431,1852,2480,12014,CN,0,N_pwm150_grab3
3437,6558,582,10700,CN,0,N_pwm150_grab3
3441,-7686,-5720,-268,CN,0,N_pwm150_grab3
3447,-8718,-5806,14352,CN,0,N_pwm150_grab3
3452,-3948,-3544,12152,CN,0,N_pwm150_grab3
3456,-6122,-6514,1090,CN,0,N_pwm150_grab3
3461,-8810,-5466,14958,CN,0,N_pwm150_grab3
3466,-3480,-4032,10206,CN,0,N_pwm150_grab3
3471,-7484,-1792,1128,CN,0,N_pwm150_grab3
3476,-6696,-828,11292,CN,0,N_pwm150_grab3
3481,9510,3600,8054,CN,0,N_pwm150_grab3
3486,3880,2272,12480,CN,0,N_pwm150_grab3
3492,6930,6754,15944,CN,0,N_pwm150_grab3
3497,10584,-3090,7034,CN,0,N_pwm150_grab3
3501,3862,1904,13178,CN,0,N_pwm150_grab3
3507,6484,7780,16580,CN,0,N_pwm150_grab3
3511,11556,-1738,6488,CN,0,N_pwm150_grab3
3516,1472,2402,11706,CN,0,N_pwm150_grab3
3521,42,-4978,6162,CN,0,N_pwm150_grab3
3526,-7676,-5002,-182,CN,0,N_pwm150_grab3
3532,-8362,-5730,13750,CN,0,N_pwm150_grab3
3537,-3822,-2146,13556,CN,0,N_pwm150_grab3
3542,-5958,-446,4400,CN,0,N_pwm150_grab3
3548,-5786,3342,11858,CN,0,N_pwm150_grab3
3552,1642,3586,12688,CN,0,N_pwm150_grab3
3557,1402,1078,11788,CN,0,N_pwm150_grab3
3562,7804,3672,14230,CN,0,N_pwm150_grab3
3567,9142,-5592,7764,CN,0,N_pwm150_grab3
3573,-1322,104,12502,CN,0,N_pwm150_grab3
3577,4424,-3140,5906,CN,0,N_pwm150_grab3
3584,-1550,-7882,4474,CN,0,N_pwm150_grab3
3588,-62,1528,12278,CN,0,N_pwm150_grab3
3593,5760,-1916,7602,CN,0,N_pwm150_grab3
3597,1006,-8028,5604,CN,0,N_pwm150_grab3
3603,-7494,-5022,12994,CN,0,N_pwm150_grab3
3608,-3146,-902,15046,CN,0,N_pwm150_grab3
3613,-4996,64,6360,CN,0,N_pwm150_grab3
3617,-4244,4762,11994,CN,0,N_pwm150_grab3
3622,2748,4128,11158,CN,0,N_pwm150_grab3
3627,-6140,-536,4204,CN,0,N_pwm150_grab3
3632,-5150,2146,11552,CN,0,N_pwm150_grab3
3637,1494,3228,12816,CN,0,N_pwm150_grab3
3643,3802,2318,11718,CN,0,N_pwm150_grab3
3647,6962,5294,14814,CN,0,N_pwm150_grab3
3652,9742,-4512,7840,CN,0,N_pwm150_grab3
3658,-714,1112,13028,CN,0,N_pwm150_grab3
3662,4700,-2136,7388,CN,0,N_pwm150_grab3
3667,-560,-8050,4970,CN,0,N_pwm150_grab3
3672,566,1842,12484,CN,0,N_pwm150_grab3
3678,5596,-966,8938,CN,0,N_pwm150_grab3
3682,1660,-7984,6002,CN,0,N_pwm150_grab3
3687,-8382,-5110,13730,CN,0,N_pwm150_grab3
3692,-3336,-2124,13804,CN,0,N_pwm150_grab3
3698,-5492,-236,5268,CN,0,N_pwm150_grab3
3703,-4606,3030,11294,CN,0,N_pwm150_grab3
3707,2828,3228,12012,CN,0,N_pwm150_grab3
3713,-6444,-792,3130,CN,0,N_pwm150_grab3
3717,-5952,1190,11058,CN,0,N_pwm150_grab3
3722,1326,2474,13140,CN,0,N_pwm150_grab3
3728,3628,2606,12196,CN,0,N_pwm150_grab3
3732,7426,5122,14664,CN,0,N_pwm150_grab3
3738,9420,-4496,7474,CN,0,N_pwm150_grab3
3742,-632,652,12584,CN,0,N_pwm150_grab3
3747,4792,-2522,6714,CN,0,N_pwm150_grab3
3752,-570,-7918,4542,CN,0,N_pwm150_grab3
3757,498,1710,12098,CN,0,N_pwm150_grab3
3762,5870,-1474,8192,CN,0,N_pwm150_grab3
3767,-7986,-4102,-570,CN,0,N_pwm150_grab3
3772,-7976,-5078,13322,CN,0,N_pwm150_grab3
3777,-3320,-1134,14682,CN,0,N_pwm150_grab3
3783,-5360,-34,5698,CN,0,N_pwm150_grab3
3788,-5286,4682,12110,CN,0,N_pwm150_grab3
3792,2546,3866,11862,CN,0,N_pwm150_grab3
3799,2102,1094,12488,CN,0,N_pwm150_grab3
3804,2286,9978,15580,CN,0,N_pwm150_grab3
3809,8312,-6062,7862,CN,0,N_pwm150_grab3
3814,-2016,-62,12842,CN,0,N_pwm150_grab3
3819,3736,-3318,5496,CN,0,N_pwm150_grab3
3824,-2738,-7650,3622,CN,0,N_pwm150_grab3
3828,-7330,-4902,15354,CN,0,N_pwm150_grab3
3834,-1622,-4638,7660,CN,0,N_pwm150_grab3
3838,-8536,-3498,-1094,CN,0,N_pwm150_grab3
3844,-6510,-3658,14832,CN,0,N_pwm150_grab3
3849,-2820,-406,15388,CN,0,N_pwm150_grab3
3853,-4328,268,7200,CN,0,N_pwm150_grab3
3858,-3460,5256,12134,CN,0,N_pwm150_grab3
3864,3526,4400,10474,CN,0,N_pwm150_grab3
3868,2926,1392,13404,CN,0,N_pwm150_grab3
3874,3580,9962,16122,CN,0,N_pwm150_grab3
3878,11520,2830,7532,CN,0,N_pwm150_grab3
3884,1846,1284,12718,CN,0,N_pwm150_grab3
3888,7084,4608,13902,CN,0,N_pwm150_grab3
3894,8780,-5128,8068,CN,0,N_pwm150_grab3
3898,-1420,484,13382,CN,0,N_pwm150_grab3
3904,3962,-2740,6546,CN,0,N_pwm150_grab3
3908,-2000,-7928,4288,CN,0,N_pwm150_grab3
3913,-7310,-4094,14968,CN,0,N_pwm150_grab3
3918,-948,-4598,7572,CN,0,N_pwm150_grab3
3924,-8182,-3864,-712,CN,0,N_pwm150_grab3
3929,-8212,-4408,13194,CN,0,N_pwm150_grab3
3934,-2932,-882,14624,CN,0,N_pwm150_grab3
3938,-4718,162,6426,CN,0,N_pwm150_grab3
3943,-3912,4966,11848,CN,0,N_pwm150_grab3
3949,3932,3952,11332,CN,0,N_pwm150_grab3
3954,2596,1098,13392,CN,0,N_pwm150_grab3
3958,3658,9372,16056,CN,0,N_pwm150_grab3
3963,11492,2480,7642,CN,0,N_pwm150_grab3
3968,3278,2546,11824,CN,0,N_pwm150_grab3
3973,7558,4000,13668,CN,0,N_pwm150_grab3
3979,8590,-5334,7614,CN,0,N_pwm150_grab3
3983,-1322,44,12674,CN,0,N_pwm150_grab3
3989,4222,-2988,6076,CN,0,N_pwm150_grab3
3994,-1524,-7750,3854,CN,0,N_pwm150_grab3
3998,-6150,-4912,15134,CN,0,N_pwm150_grab3
4004,-1200,-4252,7668,CN,0,N_pwm150_grab3
4008,-3608,630,7886,CN,0,N_pwm150_grab3
4013,-7632,-4524,13026,CN,0,N_pwm150_grab3
4019,-2988,-534,15152,CN,0,N_pwm150_grab3
4024,-4984,198,6280,CN,0,N_pwm150_grab3
4028,-4884,5144,12180,CN,0,N_pwm150_grab3
4034,2908,4070,11788,CN,0,N_pwm150_grab3
4038,2284,1084,12586,CN,0,N_pwm150_grab3
4043,2380,9912,15432,CN,0,N_pwm150_grab3
4049,8188,-6094,7808,CN,0,N_pwm150_grab3
4054,-2004,-184,12736,CN,0,N_pwm150_grab3
4060,3624,-3410,5498,CN,0,N_pwm150_grab3
4064,-2714,-7594,3746,CN,0,N_pwm150_grab3
4069,-7360,-4748,15298,CN,0,N_pwm150_grab3
4075,-1302,-4510,7576,CN,0,N_pwm150_grab3
4080,-8330,-3552,-818,CN,0,N_pwm150_grab3
4084,-7154,-4618,12978,CN,0,N_pwm150_grab3
4090,4490,4444,9760,CN,0,N_pwm150_grab3
4096,3436,1262,13644,CN,0,N_pwm150_grab3
4100,-3756,4508,11796,CN,0,N_pwm150_grab3
4105,3062,4120,11228,CN,0,N_pwm150_grab3
4109,2482,1372,13112,CN,0,N_pwm150_grab3
4114,2960,9740,15564,CN,0,N_pwm150_grab3
4120,10700,3210,7642,CN,0,N_pwm150_grab3
4125,3742,2088,11834,CN,0,N_pwm150_grab3
4130,3342,-3204,5906,CN,0,N_pwm150_grab3
4135,-2640,-7576,3770,CN,0,N_pwm150_grab3
4140,-492,1118,12946,CN,0,N_pwm150_grab3
4145,4812,-1938,7418,CN,0,N_pwm150_grab3
4149,-286,-8004,5172,CN,0,N_pwm150_grab3
4154,-6500,-3016,14652,CN,0,N_pwm150_grab3
4159,108,-4812,6718,CN,0,N_pwm150_grab3
4165,-7894,-4736,-382,CN,0,N_pwm150_grab3
4170,-3248,4662,11788,CN,0,N_pwm150_grab3
4175,3878,3832,11258,CN,0,N_pwm150_grab3
4179,2536,1102,13536,CN,0,N_pwm150_grab3
4185,-5130,2888,11294,CN,0,N_pwm150_grab3
4190,2454,3110,13010,CN,0,N_pwm150_grab3
4194,1340,1054,12444,CN,0,N_pwm150_grab3
4199,2178,9200,15084,CN,0,N_pwm150_grab3
4205,9782,3078,7706,CN,0,N_pwm150_grab3
4210,-978,408,12838,CN,0,N_pwm150_grab3
4215,4448,-2618,6562,CN,0,N_pwm150_grab3
4219,-908,-7792,4512,CN,0,N_pwm150_grab3
4230,5670,-1344,8194,CN,0,N_pwm150_grab3
4234,1848,-7772,5482,CN,0,N_pwm150_grab3
4240,-4794,-3048,14360,CN,0,N_pwm150_grab3
4244,60,-4758,5942,CN,0,N_pwm150_grab3
4250,-5416,142,5352,CN,0,N_pwm150_grab3
4254,-5316,4534,11830,CN,0,N_pwm150_grab3
4259,2660,3662,12890,CN,0,N_pwm150_grab3
4264,1376,940,12020,CN,0,N_pwm150_grab3
4269,-6684,2076,11958,CN,0,N_pwm150_grab3
4274,428,2962,14272,CN,0,N_pwm150_grab3
4279,-448,892,10858,CN,0,N_pwm150_grab3
4284,52,9142,14346,CN,0,N_pwm150_grab3
4289,10416,-3910,6980,CN,0,N_pwm150_grab3
4294,242,1546,11952,CN,0,N_pwm150_grab3
4299,5678,-1696,7578,CN,0,N_pwm150_grab3
4305,1722,-7844,5472,CN,0,N_pwm150_grab3
4311,-5470,-3104,14344,CN,0,N_pwm150_grab3
4316,370,-4918,5666,CN,0,N_pwm150_grab3
4320,-7168,-5332,48,CN,0,N_pwm150_grab3
4326,-7422,-6136,14598,CN,0,N_pwm150_grab3
4330,2060,3680,12464,CN,0,N_pwm150_grab3
4335,1428,1084,12190,CN,0,N_pwm150_grab3
4340,1614,9744,15078,CN,0,N_pwm150_grab3
4345,9694,3454,7968,CN,0,N_pwm150_grab3
4350,3894,1794,12362,CN,0,N_pwm150_grab3
4356,130,8716,14444,CN,0,N_pwm150_grab3
4360,7414,4158,8436,CN,0,N_pwm150_grab3
4366,3956,1356,12944,CN,0,N_pwm150_grab3
4370,5160,7994,16284,CN,0,N_pwm150_grab3
4376,2318,-7958,5976,CN,0,N_pwm150_grab3
4380,-5430,-2194,13902,CN,0,N_pwm150_grab3
4385,820,-4912,5612,CN,0,N_pwm150_grab3
4395,-3860,-1218,13212,CN,0,N_pwm150_grab3
4401,1664,-4358,5360,CN,0,N_pwm150_grab3
4405,-5240,-6762,1742,CN,0,N_pwm150_grab3
4411,-8374,-5348,15340,CN,0,N_pwm150_grab3
4416,244,2100,14346,CN,0,N_pwm150_grab3
4420,-832,984,10838,CN,0,N_pwm150_grab3
4425,436,8038,13956,CN,0,N_pwm150_grab3
4430,6830,3964,8132,CN,0,N_pwm150_grab3
4436,3782,1376,13358,CN,0,N_pwm150_grab3
4441,-1444,6394,12590,CN,0,N_pwm150_grab3
4445,5032,4392,9698,CN,0,N_pwm150_grab3
4450,3282,1340,13738,CN,0,N_pwm150_grab3
4455,6498,1248,11174,CN,0,N_pwm150_grab3
4460,5162,-6936,6686,CN,0,N_pwm150_grab3
4465,-3252,-1446,13282,CN,0,N_pwm150_grab3
4471,1572,-4156,5144,CN,0,N_pwm150_grab3
4475,-4712,-6710,2274,CN,0,N_pwm150_grab3
4480,-1750,-662,13234,CN,0,N_pwm150_grab3
4486,3038,-3520,5486,CN,0,N_pwm150_grab3
4490,-2622,-7498,3590,CN,0,N_pwm150_grab3
4496,-7442,-2032,12264,CN,0,N_pwm150_grab3
4501,-1720,958,15406,CN,0,N_pwm150_grab3
4505,-3030,618,8464,CN,0,N_pwm150_grab3
4510,-1960,6652,12696,CN,0,N_pwm150_grab3
4515,5394,4074,10186,CN,0,N_pwm150_grab3
4520,3190,1030,13696,CN,0,N_pwm150_grab3
4525,-3944,5234,11764,CN,0,N_pwm150_grab3
4531,3988,3932,11916,CN,0,N_pwm150_grab3
4536,2818,2588,11742,CN,0,N_pwm150_grab3
4540,7130,1664,12358,CN,0,N_pwm150_grab3
4545,6916,-6444,7162,CN,0,N_pwm150_grab3
4550,-2194,-1118,12982,CN,0,N_pwm150_grab3
4555,3024,-3734,5092,CN,0,N_pwm150_grab3
4560,-2864,-7352,2950,CN,0,N_pwm150_grab3
4567,-6614,-5172,15466,CN,0,N_pwm150_grab3
4572,-1680,-3984,8674,CN,0,N_pwm150_grab3
4576,-2874,754,8746,CN,0,N_pwm150_grab3
4581,-2192,7582,13180,CN,0,N_pwm150_grab3
4586,5428,4392,10176,CN,0,N_pwm150_grab3
4591,3412,1074,13274,CN,0,N_pwm150_grab3
4596,4076,8964,15990,CN,0,N_pwm150_grab3
4602,11814,854,7432,CN,0,N_pwm150_grab3
4608,2906,2624,11796,CN,0,N_pwm150_grab3
4611,2626,9800,15350,CN,0,N_pwm150_grab3
4616,7498,-6548,7426,CN,0,N_pwm150_grab3
4621,-2336,-840,12712,CN,0,N_pwm150_grab3
4626,3070,-3790,5326,CN,0,N_pwm150_grab3
4632,-3144,-7522,3118,CN,0,N_pwm150_grab3
4636,-7210,-5428,15242,CN,0,N_pwm150_grab3
4641,-1680,-4190,8332,CN,0,N_pwm150_grab3
4646,-8174,-3104,-404,CN,0,N_pwm150_grab3
4652,-6502,-3930,14730,CN,0,N_pwm150_grab3
4657,-2860,-94,15392,CN,0,N_pwm150_grab3
4661,-4582,336,7042,CN,0,N_pwm150_grab3
4666,-3720,4816,11900,CN,0,N_pwm150_grab3
4672,3020,4256,11484,CN,0,N_pwm150_grab3
4677,2468,1332,12970,CN,0,N_pwm150_grab3
4681,2714,9794,15408,CN,0,N_pwm150_grab3
4686,10392,3222,7750,CN,0,N_pwm150_grab3
4691,3726,1956,12096,CN,0,N_pwm150_grab3
4696,6904,5362,14966,CN,0,N_pwm150_grab3
4701,9818,-4278,7460,CN,0,N_pwm150_grab3
4707,-68,1070,12594,CN,0,N_pwm150_grab3
4711,5118,-1732,7474,CN,0,N_pwm150_grab3
4717,502,-7976,5354,CN,0,N_pwm150_grab3
4722,-6236,-2902,14348,CN,0,N_pwm150_grab3
4727,354,-4790,6342,CN,0,N_pwm150_grab3
4731,-7794,-5016,-300,CN,0,N_pwm150_grab3
4737,-8310,-5350,14208,CN,0,N_pwm150_grab3
4742,-3142,-2628,12798,CN,0,N_pwm150_grab3
4747,-6256,-498,3728,CN,0,N_pwm150_grab3
4752,-5366,1708,11508,CN,0,N_pwm150_grab3
4756,1676,2784,13622,CN,0,N_pwm150_grab3
4761,398,1206,11854,CN,0,N_pwm150_grab3
4766,1554,8626,14592,CN,0,N_pwm150_grab3
4771,8528,3596,7848,CN,0,N_pwm150_grab3
4776,10,804,12606,CN,0,N_pwm150_grab3
4781,6470,6976,15910,CN,0,N_pwm150_grab3
4787,10900,-2270,6856,CN,0,N_pwm150_grab3
4791,1284,1724,11706,CN,0,N_pwm150_grab3
4796,5978,-1048,8662,CN,0,N_pwm150_grab3
4801,3240,-7686,5952,CN,0,N_pwm150_grab3
4807,-4008,-2558,13834,CN,0,N_pwm150_grab3
4811,430,-4498,5252,CN,0,N_pwm150_grab3
4817,-6016,-104,3860,CN,0,N_pwm150_grab3
4822,-6076,2856,11602,CN,0,N_pwm150_grab3
4827,1756,3138,14176,CN,0,N_pwm150_grab3
4833,370,960,11580,CN,0,N_pwm150_grab3
4838,974,9200,14708,CN,0,N_pwm150_grab3
4842,8920,3318,7996,CN,0,N_pwm150_grab3
4847,3720,1686,12728,CN,0,N_pwm150_grab3
4852,6930,6628,15976,CN,0,N_pwm150_grab3
4858,604,-7924,4852,CN,0,N_pwm150_grab3
4862,-5238,-3690,14714,CN,0,N_pwm150_grab3
4867,6022,-1006,8536,CN,0,N_pwm150_grab3
4872,3360,-7654,5810,CN,0,N_pwm150_grab3
4877,-4344,-2748,14022,CN,0,N_pwm150_grab3
4883,618,-4708,5314,CN,0,N_pwm150_grab3
4887,-6176,-5894,810,CN,0,N_pwm150_grab3
4892,-7398,-6324,14932,CN,0,N_pwm150_grab3
4897,1128,3350,13884,CN,0,N_pwm150_grab3
4902,290,918,11322,CN,0,N_pwm150_grab3
4908,-7252,632,12184,CN,0,N_pwm150_grab3
4912,-762,2346,15054,CN,0,N_pwm150_grab3
4917,-1832,778,9720,CN,0,N_pwm150_grab3
4922,-1198,8502,14024,CN,0,N_pwm150_grab3
4927,6242,4274,8968,CN,0,N_pwm150_grab3
4933,3628,1018,13100,CN,0,N_pwm150_grab3
4938,6380,-470,9100,CN,0,N_pwm150_grab3
4943,4064,-7534,6250,CN,0,N_pwm150_grab3
4948,-4484,-1808,13682,CN,0,N_pwm150_grab3
4952,7122,1722,11898,CN,0,N_pwm150_grab3
4957,6840,-6674,7166,CN,0,N_pwm150_grab3
4963,-2962,-906,9727,CN,0,N_pwm150_grab3
4968,2582,-3894,5294,CN,0,N_pwm150_grab3
4972,-3670,-7284,2558,CN,0,N_pwm150_grab3
4977,-7590,-5122,15450,CN,0,N_pwm150_grab3
4983,-1258,1476,15278,CN,0,N_pwm150_grab3
4988,-2308,732,9484,CN,0,N_pwm150_grab3
4993,-7212,-3410,12816,CN,0,N_pwm150_grab3
4998,-2594,174,15426,CN,0,N_pwm150_grab3
5003,-4272,526,7612,CN,0,N_pwm150_grab3
5007,-3032,5868,12438,CN,0,N_pwm150_grab3
5012,3580,4336,11124,CN,0,N_pwm150_grab3
5017,2636,1214,13168,CN,0,N_pwm150_grab3
5022,6734,2182,12638,CN,0,N_pwm150_grab3
5028,7270,-6402,7296,CN,0,N_pwm150_grab3
5033,-2082,-308,13032,CN,0,N_pwm150_grab3
5037,6932,5018,14542,CN,0,N_pwm150_grab3
5043,9476,-4514,7446,CN,0,N_pwm150_grab3
5048,-172,668,12712,CN,0,N_pwm150_grab3
5052,4794,-2122,6948,CN,0,N_pwm150_grab3
5062,-7840,-3838,13250,CN,0,N_pwm150_grab3
5067,-2714,-620,14880,CN,0,N_pwm150_grab3
5073,-5018,358,6584,CN,0,N_pwm150_grab3
5078,-3752,4864,11980,CN,0,N_pwm150_grab3
5083,3580,3926,12186,CN,0,N_pwm150_grab3
5088,2000,914,12946,CN,0,N_pwm150_grab3
5094,3008,9520,15450,CN,0,N_pwm150_grab3
5098,9744,2636,7348,CN,0,N_pwm150_grab3
5103,-1274,-456,13130,CN,0,N_pwm150_grab3
5108,3510,-3176,5708,CN,0,N_pwm150_grab3
5113,-1748,-7652,3862,CN,0,N_pwm150_grab3
5120,-6738,-4402,15132,CN,0,N_pwm150_grab3
5123,5240,-1974,7302,CN,0,N_pwm150_grab3
5128,938,-7870,5058,CN,0,N_pwm150_grab3
5134,-5138,-3166,14576,CN,0,N_pwm150_grab3
5139,-64,-4490,6656,CN,0,N_pwm150_grab3
5144,-5348,256,5528,CN,0,N_pwm150_grab3
5149,-4924,4450,11780,CN,0,N_pwm150_grab3
5153,3226,3694,13004,CN,0,N_pwm150_grab3
5158,1554,888,12604,CN,0,N_pwm150_grab3
5164,-6540,2682,11812,CN,0,N_pwm150_grab3
5168,1162,3028,14714,CN,0,N_pwm150_grab3
5173,-352,768,11016,CN,0,N_pwm150_grab3
5178,94,9058,14418,CN,0,N_pwm150_grab3
5183,10044,-4180,6564,CN,0,N_pwm150_grab3
5188,424,1080,11794,CN,0,N_pwm150_grab3
5194,5574,-2008,7398,CN,0,N_pwm150_grab3
5204,-4588,-3116,14370,CN,0,N_pwm150_grab3
5208,6344,-364,9626,CN,0,N_pwm150_grab3
5214,4932,-7344,6268,CN,0,N_pwm150_grab3
5219,-3434,-1966,13636,CN,0,N_pwm150_grab3
5223,-3090,-2190,12172,CN,0,N_pwm150_grab3
5229,-6844,-784,2316,CN,0,N_pwm150_grab3
5234,-7192,760,12056,CN,0,N_pwm150_grab3
5238,-554,2398,14958,CN,0,N_pwm150_grab3
5244,-1664,764,10048,CN,0,N_pwm150_grab3
5249,-7512,-2054,12624,CN,0,N_pwm150_grab3
5254,-2182,918,15330,CN,0,N_pwm150_grab3
5258,-3764,666,7972,CN,0,N_pwm150_grab3
5263,4594,8124,16064,CN,0,N_pwm150_grab3
5268,11588,-24,7148,CN,0,N_pwm150_grab3
5273,2622,2350,11734,CN,0,N_pwm150_grab3
5278,7168,1368,11866,CN,0,N_pwm150_grab3
5283,6886,-6664,6934,CN,0,N_pwm150_grab3
5288,-2612,-870,12852,CN,0,N_pwm150_grab3
5294,7526,3744,14502,CN,0,N_pwm150_grab3
5298,9098,-5164,7204,CN,0,N_pwm150_grab3
5303,-6932,-4840,15666,CN,0,N_pwm150_grab3
5308,-1260,-4300,8600,CN,0,N_pwm150_grab3
5319,-7104,-4258,13376,CN,0,N_pwm150_grab3
5323,-2978,-788,14688,CN,0,N_pwm150_grab3
5328,-4966,288,6460,CN,0,N_pwm150_grab3
5334,-4054,4598,12046,CN,0,N_pwm150_grab3
5340,2634,3986,12220,CN,0,N_pwm150_grab3
5344,3352,2014,12102,CN,0,N_pwm150_grab3
5349,7054,3362,13770,CN,0,N_pwm150_grab3
5355,8448,-5584,7138,CN,0,N_pwm150_grab3
5359,-1168,188,12500,CN,0,N_pwm150_grab3
5364,4232,-2760,6232,CN,0,N_pwm150_grab3
5369,-784,-7788,4054,CN,0,N_pwm150_grab3
5374,-6808,-3516,15098,CN,0,N_pwm150_grab3
5379,5700,-1248,8172,CN,0,N_pwm150_grab3
5384,-7702,-4226,-526,CN,0,N_pwm150_grab3
5390,-7750,-4960,13964,CN,0,N_pwm150_grab3
5394,-2884,-1796,13368,CN,0,N_pwm150_grab3
5399,-5926,-38,4634,CN,0,N_pwm150_grab3
5404,-4962,2166,11570,CN,0,N_pwm150_grab3
5410,1854,3102,13718,CN,0,N_pwm150_grab3
5415,542,1262,11790,CN,0,N_pwm150_grab3
5419,-6286,-318,12148,CN,0,N_pwm150_grab3
5424,7808,3720,7774,CN,0,N_pwm150_grab3
5430,3780,1250,12800,CN,0,N_pwm150_grab3
5434,5958,6920,15640,CN,0,N_pwm150_grab3
5440,11018,-2160,6802,CN,0,N_pwm150_grab3
5445,1640,1638,11908,CN,0,N_pwm150_grab3
5449,5764,-540,9692,CN,0,N_pwm150_grab3
5455,4154,-7622,6274,CN,0,N_pwm150_grab3
5460,-3974,-1756,13424,CN,0,N_pwm150_grab3
5464,1060,-4446,5500,CN,0,N_pwm150_grab3
5469,-4902,-6260,1732,CN,0,N_pwm150_grab3
5475,-8088,-5386,15384,CN,0,N_pwm150_grab3
5479,-2472,-3302,10066,CN,0,N_pwm150_grab3
5484,-7406,-1532,636,CN,0,N_pwm150_grab3
5489,-7412,-1498,12468,CN,0,N_pwm150_grab3
5494,-1492,882,15684,CN,0,N_pwm150_grab3
5500,-3286,690,9120,CN,0,N_pwm150_grab3
5504,-7960,-3682,13532,CN,0,N_pwm150_grab3
5509,4734,4106,10308,CN,0,N_pwm150_grab3
5515,2840,816,13468,CN,0,N_pwm150_grab3
5520,4054,8798,15508,CN,0,N_pwm150_grab3
5524,10278,1670,7238,CN,0,N_pwm150_grab3
5530,3174,1928,11756,CN,0,N_pwm150_grab3
5535,7164,3286,13624,CN,0,N_pwm150_grab3
5539,8066,-5380,6830,CN,0,N_pwm150_grab3
5545,-7194,-5098,15422,CN,0,N_pwm150_grab3
5549,4216,-2818,6120,CN,0,N_pwm150_grab3
5554,-322,-7752,4278,CN,0,N_pwm150_grab3
5559,-5730,-3990,14932,CN,0,N_pwm150_grab3
5564,-562,-4096,7564,CN,0,N_pwm150_grab3
5569,-6576,-3644,624,CN,0,N_pwm150_grab3
5574,-8032,-4598,14216,CN,0,N_pwm150_grab3
5579,-2868,-1020,13230,CN,0,N_pwm150_grab3
5584,1762,612,12636,CN,0,N_pwm150_grab3
5591,2408,9302,15168,CN,0,N_pwm150_grab3
5596,9158,2056,7524,CN,0,N_pwm150_grab3
5600,3252,1876,11986,CN,0,N_pwm150_grab3
5605,7116,4600,14964,CN,0,N_pwm150_grab3
5610,9444,-4224,6302,CN,0,N_pwm150_grab3
5616,542,1182,11860,CN,0,N_pwm150_grab3
5621,5524,-1676,7756,CN,0,N_pwm150_grab3
5625,-6726,-3596,470,CN,0,N_pwm150_grab3
5630,-7806,-4624,14070,CN,0,N_pwm150_grab3
5636,276,-4524,6136,CN,0,N_pwm150_grab3
5641,-5658,-5360,1062,CN,0,N_pwm150_grab3
5645,-7458,-5630,15068,CN,0,N_pwm150_grab3
5651,-2656,-2508,11498,CN,0,N_pwm150_grab3
5655,-6854,-934,1804,CN,0,N_pwm150_grab3
5661,-7142,70,12266,CN,0,N_pwm150_grab3
5665,-686,2024,15378,CN,0,N_pwm150_grab3
5671,3604,1066,13024,CN,0,N_pwm150_grab3
5675,-1484,7836,12924,CN,0,N_pwm150_grab3
5681,5724,4088,9822,CN,0,N_pwm150_grab3
5686,3268,710,13466,CN,0,N_pwm150_grab3
5690,4272,8464,15716,CN,0,N_pwm150_grab3
5696,11234,666,7496,CN,0,N_pwm150_grab3
5701,2846,2052,11736,CN,0,N_pwm150_grab3
5705,7132,2390,12422,CN,0,N_pwm150_grab3
5710,-4772,-6904,1652,CN,0,N_pwm150_grab3
5715,-7020,-5386,15620,CN,0,N_pwm150_grab3
5721,3328,-3308,6104,CN,0,N_pwm150_grab3
5726,-2372,-7762,3074,CN,0,N_pwm150_grab3
5730,-6528,-4158,15536,CN,0,N_pwm150_grab3
5735,-630,-4488,8204,CN,0,N_pwm150_grab3
5740,-7648,-3620,-138,CN,0,N_pwm150_grab3
5745,-7366,-4441,-1,CN,0,N_pwm150_grab3
5751,3928,4230,11102,CN,0,N_pwm150_grab3
5755,2894,1208,13124,CN,0,N_pwm150_grab3
5761,-4628,3580,11980,CN,0,N_pwm150_grab3
5765,2116,3694,12918,CN,0,N_pwm150_grab3
5771,1508,1286,12134,CN,0,N_pwm150_grab3
5775,1522,9290,14228,CN,0,N_pwm150_grab3
5780,9000,3468,8378,CN,0,N_pwm150_grab3
5785,3812,1444,12854,CN,0,N_pwm150_grab3
5791,4620,-2194,6754,CN,0,N_pwm150_grab3
5795,-92,-7910,4156,CN,0,N_pwm150_grab3
5801,-6256,-3230,14872,CN,0,N_pwm150_grab3
5806,5860,-808,8612,CN,0,N_pwm150_grab3
5810,3332,-7756,5628,CN,0,N_pwm150_grab3
5815,-4930,-2064,13758,CN,0,N_pwm150_grab3
5821,1078,-4702,5776,CN,0,N_pwm150_grab3
5825,-6364,-6094,912,CN,0,N_pwm150_grab3
5830,-5432,1674,11792,CN,0,N_pwm150_grab3
5835,1148,3028,14178,CN,0,N_pwm150_grab3
5840,-60,1188,11210,CN,0,N_pwm150_grab3
5846,562,8596,13794,CN,0,N_pwm150_grab3
5852,7032,4058,8506,CN,0,N_pwm150_grab3
5856,3810,1042,13210,CN,0,N_pwm150_grab3
5862,5364,7822,15598,CN,0,N_pwm150_grab3
5867,11610,-970,7010,CN,0,N_pwm150_grab3
5872,-5252,-2142,13876,CN,0,N_pwm150_grab3
5877,822,-4734,6030,CN,0,N_pwm150_grab3
5881,-6528,-5680,868,CN,0,N_pwm150_grab3
5888,-8168,-5308,15002,CN,0,N_pwm150_grab3
5891,1834,-4146,5442,CN,0,N_pwm150_grab3
5896,-4046,-6906,2202,CN,0,N_pwm150_grab3
5901,-7850,-5002,15474,CN,0,N_pwm150_grab3
5907,-1756,-3758,9276,CN,0,N_pwm150_grab3
5911,-2004,864,10120,CN,0,N_pwm150_grab3
5916,-548,7414,13220,CN,0,N_pwm150_grab3
5922,5362,4048,9188,CN,0,N_pwm150_grab3
5927,3250,918,13498,CN,0,N_pwm150_grab3
5931,-2740,5574,12128,CN,0,N_pwm150_grab3
5936,3850,4068,11430,CN,0,N_pwm150_grab3
5942,2362,1050,13104,CN,0,N_pwm150_grab3
5946,3230,9120,15200,CN,0,N_pwm150_grab3
5952,7352,-6420,7040,CN,0,N_pwm150_grab3
5957,-1728,-680,12956,CN,0,N_pwm150_grab3
5962,3106,-3294,5538,CN,0,N_pwm150_grab3
5966,-1966,-7602,3564,CN,0,N_pwm150_grab3
5971,-6918,-4212,15146,CN,0,N_pwm150_grab3
5976,4836,-1924,7210,CN,0,N_pwm150_grab3
5981,1008,-7962,4862,CN,0,N_pwm150_grab3
5986,-5254,-2818,14462,CN,0,N_pwm150_grab3
5992,-2964,-1048,14190,CN,0,N_pwm150_grab3
5996,-5572,246,5404,CN,0,N_pwm150_grab3
6001,-4648,3910,11830,CN,0,N_pwm150_grab3
6006,2746,3412,13412,CN,0,N_pwm150_grab3
6011,1142,954,12278,CN,0,N_pwm150_grab3
6017,-6538,1054,12058,CN,0,N_pwm150_grab3
6021,576,2246,15356,CN,0,N_pwm150_grab3
6026,-1198,824,10736,CN,0,N_pwm150_grab3
6032,6542,6162,15432,CN,0,N_pwm150_grab3
6036,10442,-2666,6448,CN,0,N_pwm150_grab3
6042,1342,1464,11660,CN,0,N_pwm150_grab3
6046,5840,-532,9054,CN,0,N_pwm150_grab3
6052,3928,-7478,5628,CN,0,N_pwm150_grab3
6056,-3670,-1894,13928,CN,0,N_pwm150_grab3
6061,6516,1294,11578,CN,0,N_pwm150_grab3
6066,6390,-6548,6498,CN,0,N_pwm150_grab3
6071,-7578,-5384,15328,CN,0,N_pwm150_grab3
6076,-2262,-2890,10432,CN,0,N_pwm150_grab3
6082,-7302,-1408,864,CN,0,N_pwm150_grab3
6087,-7678,-944,12782,CN,0,N_pwm150_grab3
6091,-1572,1326,15790,CN,0,N_pwm150_grab3
6096,-3296,712,8568,CN,0,N_pwm150_grab3
6102,-2550,7036,12570,CN,0,N_pwm150_grab3
6107,4862,3978,10726,CN,0,N_pwm150_grab3
6113,2334,2040,11426,CN,0,N_pwm150_grab3
6117,6540,374,10554,CN,0,N_pwm150_grab3
6122,6098,-7016,5982,CN,0,N_pwm150_grab3
6127,-2718,-1793,-1,CN,0,N_pwm150_grab3
6133,2374,-4136,5146,CN,0,N_pwm150_grab3
6137,-3228,-7044,2342,CN,0,N_pwm150_grab3
6142,-6248,-5464,15602,CN,0,N_pwm150_grab3
6147,4392,-2848,6128,CN,0,N_pwm150_grab3
6152,-7440,-2484,280,CN,0,N_pwm150_grab3
6157,-7814,-3402,13358,CN,0,N_pwm150_grab3
6163,-2728,-224,14674,CN,0,N_pwm150_grab3
6168,-4934,488,6384,CN,0,N_pwm150_grab3
6172,-4438,4878,12218,CN,0,N_pwm150_grab3
6177,2924,3822,12842,CN,0,N_pwm150_grab3
6182,1616,1018,12064,CN,0,N_pwm150_grab3
6188,-6256,1902,12290,CN,0,N_pwm150_grab3
6193,9056,2836,8352,CN,0,N_pwm150_grab3
6198,3738,1372,12582,CN,0,N_pwm150_grab3
6202,6880,6026,15694,CN,0,N_pwm150_grab3
6207,10526,-3120,6586,CN,0,N_pwm150_grab3
6213,948,1618,11714,CN,0,N_pwm150_grab3
6218,5800,-534,8676,CN,0,N_pwm150_grab3
6222,3468,-7562,5228,CN,0,N_pwm150_grab3
6228,-4544,-2020,13988,CN,0,N_pwm150_grab3
6232,6612,1414,11150,CN,0,N_pwm150_grab3
6237,-5768,-6354,1190,CN,0,N_pwm150_grab3
6242,-7146,-5594,15308,CN,0,N_pwm150_grab3
6247,-2240,-3202,10384,CN,0,N_pwm150_grab3
6253,-7444,-1658,906,CN,0,N_pwm150_grab3
6258,-7134,-1486,12520,CN,0,N_pwm150_grab3
6263,-1402,1210,15414,CN,0,N_pwm150_grab3
6267,-3082,922,8756,CN,0,N_pwm150_grab3
6272,-7350,-3912,13340,CN,0,N_pwm150_grab3
6278,4308,4338,10560,CN,0,N_pwm150_grab3
6282,3092,996,13140,CN,0,N_pwm150_grab3
6287,3180,9112,15168,CN,0,N_pwm150_grab3
6293,11400,1738,8084,CN,0,N_pwm150_grab3
6297,3518,1884,12144,CN,0,N_pwm150_grab3
6303,7180,3852,13762,CN,0,N_pwm150_grab3
6307,8820,-5242,6974,CN,0,N_pwm150_grab3
6313,-1080,428,12402,CN,0,N_pwm150_grab3
6317,4408,-2252,6720,CN,0,N_pwm150_grab3
6323,-428,-7956,3876,CN,0,N_pwm150_grab3
6328,-6268,-3116,15074,CN,0,N_pwm150_grab3
6333,222,-4768,7142,CN,0,N_pwm150_grab3
6337,-7696,-4628,-314,CN,0,N_pwm150_grab3
6343,-7638,-5062,14252,CN,0,N_pwm150_grab3
6347,-3050,-2088,12832,CN,0,N_pwm150_grab3
6352,-6452,-342,3844,CN,0,N_pwm150_grab3
6358,2024,9262,14710,CN,0,N_pwm150_grab3
6363,9312,3198,8284,CN,0,N_pwm150_grab3
6369,3834,1468,12430,CN,0,N_pwm150_grab3
6373,6630,5692,15200,CN,0,N_pwm150_grab3
6378,10508,-3440,6700,CN,0,N_pwm150_grab3
6383,1052,1290,12234,CN,0,N_pwm150_grab3
6388,5552,-1218,8130,CN,0,N_pwm150_grab3
6394,3340,-7892,5278,CN,0,N_pwm150_grab3
6400,-7852,-4956,14280,CN,0,N_pwm150_grab3
6403,916,-4510,5816,CN,0,N_pwm150_grab3
6409,-5950,-5764,970,CN,0,N_pwm150_grab3
6414,-7830,-5484,15278,CN,0,N_pwm150_grab3
6419,-2558,-3130,10794,CN,0,N_pwm150_grab3
6423,-7454,-1154,984,CN,0,N_pwm150_grab3
6429,-6920,-878,12750,CN,0,N_pwm150_grab3
6433,-1018,1372,15794,CN,0,N_pwm150_grab3
6438,3582,834,12986,CN,0,N_pwm150_grab3
6444,-1612,7026,12920,CN,0,N_pwm150_grab3
6449,4402,4244,10120,CN,0,N_pwm150_grab3
6454,2846,794,13272,CN,0,N_pwm150_grab3
6458,3698,8920,15300,CN,0,N_pwm150_grab3
6463,10598,1724,7644,CN,0,N_pwm150_grab3
6468,3376,1722,11630,CN,0,N_pwm150_grab3
6473,7096,3712,13670,CN,0,N_pwm150_grab3
6478,-2702,-7248,2892,CN,0,N_pwm150_grab3
6484,-7278,-4308,15632,CN,0,N_pwm150_grab3
6489,4416,-2182,6642,CN,0,N_pwm150_grab3
6493,376,-7970,4400,CN,0,N_pwm150_grab3
6499,-5944,-2906,14836,CN,0,N_pwm150_grab3
6504,208,-4558,6868,CN,0,N_pwm150_grab3
6508,-7252,-4568,248,CN,0,N_pwm150_grab3
6514,-8258,-4942,14446,CN,0,N_pwm150_grab3
6519,2766,3690,12694,CN,0,N_pwm150_grab3
6523,1578,1046,12462,CN,0,N_pwm150_grab3
6529,-5948,1526,12196,CN,0,N_pwm150_grab3
6533,922,2576,14884,CN,0,N_pwm150_grab3
6539,-716,946,10992,CN,0,N_pwm150_grab3
6543,140,8150,13796,CN,0,N_pwm150_grab3
6549,6246,3734,8738,CN,0,N_pwm150_grab3
6554,3328,942,13020,CN,0,N_pwm150_grab3
6559,5500,-1440,8456,CN,0,N_pwm150_grab3
6563,3768,-7732,5498,CN,0,N_pwm150_grab3
6568,-3816,-2410,13680,CN,0,N_pwm150_grab3
6573,6592,576,11172,CN,0,N_pwm150_grab3
6579,6540,-6920,6334,CN,0,N_pwm150_grab3
6583,-2150,-1466,12930,CN,0,N_pwm150_grab3
6588,2508,-3698,5042,CN,0,N_pwm150_grab3
6593,-2306,-7000,2856,CN,0,N_pwm150_grab3
6599,-7608,-376,12822,CN,0,N_pwm150_grab3
6603,-1190,1758,16220,CN,0,N_pwm150_grab3
6608,-3464,574,8674,CN,0,N_pwm150_grab3
6614,-2618,7082,12698,CN,0,N_pwm150_grab3
6620,4610,4126,10834,CN,0,N_pwm150_grab3
6630,3870,8870,15494,CN,0,N_pwm150_grab3
6635,10288,1442,7650,CN,0,N_pwm150_grab3
6639,-2136,-1314,13180,CN,0,N_pwm150_grab3
6644,2738,-3716,5246,CN,0,N_pwm150_grab3
6650,-2482,-7296,2788,CN,0,N_pwm150_grab3
6656,-6380,-4926,15350,CN,0,N_pwm150_grab3
6659,4732,-2560,6354,CN,0,N_pwm150_grab3
6664,536,-7958,4178,CN,0,N_pwm150_grab3
6669,-5026,-3468,14872,CN,0,N_pwm150_grab3
6674,-106,-4438,7142,CN,0,N_pwm150_grab3
6679,-5148,458,6068,CN,0,N_pwm150_grab3
6684,-4884,4698,12106,CN,0,N_pwm150_grab3
6689,2810,3838,13176,CN,0,N_pwm150_grab3
6694,1482,838,12286,CN,0,N_pwm150_grab3
6699,-6458,2110,12508,CN,0,N_pwm150_grab3
6704,676,2918,14986,CN,0,N_pwm150_grab3
6709,-806,946,10492,CN,0,N_pwm150_grab3
6715,-666,8536,13526,CN,0,N_pwm150_grab3
6720,10672,-3368,6662,CN,0,N_pwm150_grab3
6725,980,1380,11564,CN,0,N_pwm150_grab3
6729,5696,-1286,8268,CN,0,N_pwm150_grab3
6734,3356,-7810,4926,CN,0,N_pwm150_grab3
6740,-3914,-2606,14164,CN,0,N_pwm150_grab3
6744,6604,780,10534,CN,0,N_pwm150_grab3
6750,6178,-6986,6044,CN,0,N_pwm150_grab3
6755,-2922,-1564,13274,CN,0,N_pwm150_grab3
6759,-2692,-2702,10898,CN,0,N_pwm150_grab3
6765,-7350,-1254,1216,CN,0,N_pwm150_grab3
6769,-7372,-792,12750,CN,0,N_pwm150_grab3
6774,-1476,1652,15650,CN,0,N_pwm150_grab3
6780,-2796,802,8936,CN,0,N_pwm150_grab3
6784,-7782,-3530,13332,CN,0,N_pwm150_grab3
6789,-2544,-396,14796,CN,0,N_pwm150_grab3
6795,-4898,602,6600,CN,0,N_pwm150_grab3
6800,3810,8720,15450,CN,0,N_pwm150_grab3
6805,11458,1382,7982,CN,0,N_pwm150_grab3
6809,3294,2130,11960,CN,0,N_pwm150_grab3
6815,7328,3104,13002,CN,0,N_pwm150_grab3
6819,8896,-5770,6968,CN,0,N_pwm150_grab3
6824,-1400,-266,12400,CN,0,N_pwm150_grab3
6829,7096,5224,15154,CN,0,N_pwm150_grab3
6835,10620,-3860,6834,CN,0,N_pwm150_grab3
6840,476,1286,11834,CN,0,N_pwm150_grab3
6845,-130,-4676,7586,CN,0,N_pwm150_grab3
6850,-7812,-4322,-226,CN,0,N_pwm150_grab3
6854,-7570,-5152,14100,CN,0,N_pwm150_grab3
6860,-3100,-1974,13064,CN,0,N_pwm150_grab3
6864,-6352,-348,4292,CN,0,N_pwm150_grab3
6871,-5596,1924,12138,CN,0,N_pwm150_grab3
6875,608,3084,13796,CN,0,N_pwm150_grab3
6880,154,1208,11020,CN,0,N_pwm150_grab3
6885,6894,5580,15264,CN,0,N_pwm150_grab3
6891,10498,-3634,7016,CN,0,N_pwm150_grab3
6895,538,1244,11888,CN,0,N_pwm150_grab3
6901,5550,-1298,7724,CN,0,N_pwm150_grab3
6905,2910,-7810,4876,CN,0,N_pwm150_grab3
6910,-4914,-2516,14178,CN,0,N_pwm150_grab3
6916,6428,386,10104,CN,0,N_pwm150_grab3
6920,6166,-7252,6154,CN,0,N_pwm150_grab3
6926,-7562,-5638,14970,CN,0,N_pwm150_grab3
6930,-2712,-2848,11160,CN,0,N_pwm150_grab3
6935,-7440,-1056,1536,CN,0,N_pwm150_grab3
6941,-6904,-114,12630,CN,0,N_pwm150_grab3
6945,-708,1940,15588,CN,0,N_pwm150_grab3
6950,-2402,878,9536,CN,0,N_pwm150_grab3
6955,-7508,-2750,13118,CN,0,N_pwm150_grab3
6960,-2308,372,15758,CN,0,N_pwm150_grab3
6965,3394,864,13126,CN,0,N_pwm150_grab3
6970,4314,8680,15580,CN,0,N_pwm150_grab3
6975,11534,884,7766,CN,0,N_pwm150_grab3
6981,3144,2064,11592,CN,0,N_pwm150_grab3
6985,6904,2194,12720,CN,0,N_pwm150_grab3
6990,8168,-6316,7074,CN,0,N_pwm150_grab3
6995,-1420,-536,12504,CN,0,N_pwm150_grab3
7000,7112,4870,14782,CN,0,N_pwm150_grab3
7006,-982,-7686,3604,CN,0,N_pwm150_grab3
7010,-6400,-4308,15044,CN,0,N_pwm150_grab3
7015,-412,-4306,7718,CN,0,N_pwm150_grab3
7020,-7800,-3658,-528,CN,0,N_pwm150_grab3
7025,-8100,-4566,13854,CN,0,N_pwm150_grab3
7036,-6162,-28,5082,CN,0,N_pwm150_grab3
7041,-8086,-5554,14904,CN,0,N_pwm150_grab3
7046,1620,3458,14034,CN,0,N_pwm150_grab3
7051,386,1016,11498,CN,0,N_pwm150_grab3
7055,812,8972,14524,CN,0,N_pwm150_grab3
7061,7280,3564,8328,CN,0,N_pwm150_grab3
7066,3666,1190,12808,CN,0,N_pwm150_grab3
7071,6134,7062,15688,CN,0,N_pwm150_grab3
7075,11196,-1706,7008,CN,0,N_pwm150_grab3
7080,1980,-1706,7008,CN,0,N_pwm150_grab3
7085,8604,15608,3904,CN,0,N_pwm150_grab3
7091,5386,-7364,6182,CN,0,N_pwm150_grab3
7095,-3010,-1522,13440,CN,0,N_pwm150_grab3
7101,1732,-4096,5540,CN,0,N_pwm150_grab3
7106,-3614,-6736,2438,CN,0,N_pwm150_grab3
7110,-7186,-5088,15524,CN,0,N_pwm150_grab3
7115,-1608,-3606,9050,CN,0,N_pwm150_grab3
7120,-7678,-2258,-270,CN,0,N_pwm150_grab3
7127,-1672,7314,12962,CN,0,N_pwm150_grab3
7132,4866,4190,9982,CN,0,N_pwm150_grab3
7136,2982,792,13208,CN,0,N_pwm150_grab3
7141,4274,8616,15434,CN,0,N_pwm150_grab3
7146,10590,1280,7470,CN,0,N_pwm150_grab3
7151,3084,1924,11468,CN,0,N_pwm150_grab3
7156,7166,3228,13296,CN,0,N_pwm150_grab3
7161,7166,3228,13296,CN,0,N_pwm150_grab3
7166,-6804,-4780,15540,CN,0,N_pwm150_grab3
7172,4248,-2512,6202,CN,0,N_pwm150_grab3
7177,48,-7768,4002,CN,0,N_pwm150_grab3
7181,-5444,-3492,14970,CN,0,N_pwm150_grab3
7186,34,-4268,7246,CN,0,N_pwm150_grab3
7192,-6788,-4172,548,CN,0,N_pwm150_grab3
7196,-8194,-4866,14432,CN,0,N_pwm150_grab3
7202,-2864,-1978,12354,CN,0,N_pwm150_grab3
7206,1310,678,12244,CN,0,N_pwm150_grab3
7212,-6268,1596,12322,CN,0,N_pwm150_grab3
7216,644,2526,15298,CN,0,N_pwm150_grab3
7221,-1142,742,10636,CN,0,N_pwm150_grab3
7226,-728,7904,13442,CN,0,N_pwm150_grab3
7232,5726,3728,9296,CN,0,N_pwm150_grab3
7236,3174,668,13110,CN,0,N_pwm150_grab3
7241,4932,7844,15602,CN,0,N_pwm150_grab3
7246,4500,-7482,15602,CN,0,N_pwm150_grab3
7256,6900,1978,12202,CN,0,N_pwm150_grab3
7261,7172,-6280,6508,CN,0,N_pwm150_grab3
7266,7172,-6280,6508,CN,0,N_pwm150_grab3
7272,3352,-3170,5704,CN,0,N_pwm150_grab3
7276,-1388,-7404,3180,CN,0,N_pwm150_grab3
7281,-5850,-4330,15420,CN,0,N_pwm150_grab3
7287,-1838,788,15736,CN,0,N_pwm150_grab3
7291,-4176,558,7486,CN,0,N_pwm150_grab3
7296,-8100,-4180,13912,CN,0,N_pwm150_grab3
7302,-2714,-1124,13574,CN,0,N_pwm150_grab3
7307,-5772,200,4840,CN,0,N_pwm150_grab3
7311,-5686,3212,12156,CN,0,N_pwm150_grab3
7316,1574,3234,14390,CN,0,N_pwm150_grab3
7322,128,780,11324,CN,0,N_pwm150_grab3
7326,6708,4856,14564,CN,0,N_pwm150_grab3
7331,9830,-4012,6244,CN,0,N_pwm150_grab3
7337,454,936,11958,CN,0,N_pwm150_grab3
7341,5806,6920,15580,CN,0,N_pwm150_grab3
7346,10618,-1488,6842,CN,0,N_pwm150_grab3
7351,2050,1918,11428,CN,0,N_pwm150_grab3
7357,6456,376,10424,CN,0,N_pwm150_grab3
7361,5780,-7048,5794,CN,0,N_pwm150_grab3
7366,-7316,-5594,15204,CN,0,N_pwm150_grab3
7371,-2478,-2558,10918,CN,0,N_pwm150_grab3
7376,-7166,-1072,1334,CN,0,N_pwm150_grab3
7382,-7200,-464,13042,CN,0,N_pwm150_grab3
7388,-1318,1610,15974,CN,0,N_pwm150_grab3
7392,-3150,744,8600,CN,0,N_pwm150_grab3
7397,-2978,7132,12450,CN,0,N_pwm150_grab3
7403,4576,4044,11208,CN,0,N_pwm150_grab3
7407,2404,1928,11408,CN,0,N_pwm150_grab3
7412,6766,1140,11302,CN,0,N_pwm150_grab3
7417,6682,-6614,5950,CN,0,N_pwm150_grab3
7422,-2238,-1246,13002,CN,0,N_pwm150_grab3
7427,7066,3564,13910,CN,0,N_pwm150_grab3
7432,9228,-4984,6260,CN,0,N_pwm150_grab3
7437,-362,302,12106,CN,0,N_pwm150_grab3
7443,5070,-2316,6566,CN,0,N_pwm150_grab3
7447,-7230,-2914,466,CN,0,N_pwm150_grab3
7453,-7806,-3936,13762,CN,0,N_pwm150_grab3
7457,-2542,-516,14214,CN,0,N_pwm150_grab3
7462,-5658,358,5112,CN,0,N_pwm150_grab3
7468,-7376,-5572,14808,CN,0,N_pwm150_grab3
7472,-2646,-1926,11722,CN,0,N_pwm150_grab3
7477,-6886,-648,2222,CN,0,N_pwm150_grab3
7483,-6806,674,13022,CN,0,N_pwm150_grab3
7487,-822,2274,15806,CN,0,N_pwm150_grab3
7492,3502,886,12896,CN,0,N_pwm150_grab3
7498,5556,6856,15644,CN,0,N_pwm150_grab3
7503,10408,-1628,6876,CN,0,N_pwm150_grab3
7508,2062,1882,11482,CN,0,N_pwm150_grab3
7512,3568,8480,15314,CN,0,N_pwm150_grab3
7517,10068,964,7744,CN,0,N_pwm150_grab3
7522,3140,1440,11554,CN,0,N_pwm150_grab3
7527,7048,4388,13854,CN,0,N_pwm150_grab3
7532,-2598,-7438,2920,CN,0,N_pwm150_grab3
7538,-6020,-4206,15754,CN,0,N_pwm150_grab3
7542,-396,-4162,8438,CN,0,N_pwm150_grab3
7548,-7514,-3218,276,CN,0,N_pwm150_grab3
7552,-4932,-2966,14838,CN,0,N_pwm150_grab3
7557,318,-4434,7010,CN,0,N_pwm150_grab3
7563,-6166,-4812,962,CN,0,N_pwm150_grab3
7568,-7370,-5338,14826,CN,0,N_pwm150_grab3
7572,1636,3464,14030,CN,0,N_pwm150_grab3
7578,366,852,11096,CN,0,N_pwm150_grab3
7582,-26,8746,13716,CN,0,N_pwm150_grab3
7587,7104,3286,8836,CN,0,N_pwm150_grab3
7592,3660,762,13022,CN,0,N_pwm150_grab3
7597,-2320,7270,12646,CN,0,N_pwm150_grab3
7602,4856,4162,10688,CN,0,N_pwm150_grab3
7607,3006,514,13242,CN,0,N_pwm150_grab3
7612,6612,930,10746,CN,0,N_pwm150_grab3
7618,6042,-6736,5656,CN,0,N_pwm150_grab3
7623,-2894,-962,13344,CN,0,N_pwm150_grab3
7627,2796,-3638,5864,CN,0,N_pwm150_grab3
7633,-2704,-7270,2680,CN,0,N_pwm150_grab3
7639,-6110,-4024,15834,CN,0,N_pwm150_grab3
7644,-404,-4222,8474,CN,0,N_pwm150_grab3
7649,-7588,-3320,100,CN,0,N_pwm150_grab3
7654,-3224,5348,11774,CN,0,N_pwm150_grab3
7658,3774,4004,11676,CN,0,N_pwm150_grab3
7664,2614,896,12974,CN,0,N_pwm150_grab3
7669,2644,8874,14618,CN,0,N_pwm150_grab3
7673,9932,2158,8194,CN,0,N_pwm150_grab3
7680,3580,1584,12434,CN,0,N_pwm150_grab3
7683,250,8532,13558,CN,0,N_pwm150_grab3
7689,7624,3320,8902,CN,0,N_pwm150_grab3
7694,-92,1076,12060,CN,0,N_pwm150_grab3
7699,5304,-1336,7408,CN,0,N_pwm150_grab3
7704,2134,-7718,4298,CN,0,N_pwm150_grab3
7708,-4846,-2310,14560,CN,0,N_pwm150_grab3
7713,726,-4512,6608,CN,0,N_pwm150_grab3
7718,-6038,-5698,856,CN,0,N_pwm150_grab3
7723,-3452,-1252,13502,CN,0,N_pwm150_grab3
7728,2232,-3870,5918,CN,0,N_pwm150_grab3
7738,-6598,-698,12704,CN,0,N_pwm150_grab3
7744,-1048,1662,15376,CN,0,N_pwm150_grab3
7749,-2690,904,8922,CN,0,N_pwm150_grab3
7753,-2442,6748,12472,CN,0,N_pwm150_grab3
7758,4336,4302,10798,CN,0,N_pwm150_grab3
7764,3102,716,12984,CN,0,N_pwm150_grab3
7769,-4492,4366,12020,CN,0,N_pwm150_grab3
7773,10634,1460,8010,CN,0,N_pwm150_grab3
7778,3520,1764,12170,CN,0,N_pwm150_grab3
7784,7060,3856,13932,CN,0,N_pwm150_grab3
7789,9392,-5036,6620,CN,0,N_pwm150_grab3
7794,-744,488,12306,CN,0,N_pwm150_grab3
7798,4700,-2194,6580,CN,0,N_pwm150_grab3
7804,844,-7770,3916,CN,0,N_pwm150_grab3
7808,1230,1674,11834,CN,0,N_pwm150_grab3
7813,366,-4616,6858,CN,0,N_pwm150_grab3
7824,-7450,-5258,14740,CN,0,N_pwm150_grab3
7829,-2772,-2344,11878,CN,1,N_pwm150_grab3
7833,-7010,-766,2780,CN,1,N_pwm150_grab3
7838,-6294,364,12426,CN,1,N_pwm150_grab3
7843,-324,2400,15310,CN,1,N_pwm150_grab3
7849,-1772,946,9510,CN,1,N_pwm150_grab3
7853,-1602,7538,12904,CN,1,N_pwm150_grab3
7858,4846,4404,9924,CN,1,N_pwm150_grab3
7864,3362,660,13172,CN,1,N_pwm150_grab3
7868,3872,8508,15218,CN,1,N_pwm150_grab3
7873,10886,766,7862,CN,1,N_pwm150_grab3
7879,3314,1648,11930,CN,1,N_pwm150_grab3
7883,6940,3020,13254,CN,1,N_pwm150_grab3
7889,8570,-5722,6586,CN,1,N_pwm150_grab3
7895,-6834,-4872,15664,CN,1,N_pwm150_grab3
7900,-962,-4182,8866,CN,1,N_pwm150_grab3
7910,-7158,-3566,13666,CN,1,N_pwm150_grab3
7914,-2268,-538,15136,CN,1,N_pwm150_grab3
7925,-4242,4260,12142,CN,1,N_pwm150_grab3
7929,2210,3738,12720,CN,1,N_pwm150_grab3
7936,3552,1592,11970,CN,1,N_pwm150_grab3
7940,1156,9054,14286,CN,1,N_pwm150_grab3
7945,8038,3290,8248,CN,1,N_pwm150_grab3
7955,5962,6396,15432,CN,1,N_pwm150_grab3
7960,10972,-2490,6792,CN,1,N_pwm150_grab3
7965,1726,1704,11914,CN,1,N_pwm150_grab3
7969,6214,54,9292,CN,1,N_pwm150_grab3
7974,-6466,-5106,418,CN,1,N_pwm150_grab3
7979,-3690,-1390,13558,CN,1,N_pwm150_grab3
7985,1794,-4106,5516,CN,1,N_pwm150_grab3
7989,-4044,-6616,1980,CN,1,N_pwm150_grab3
7995,-7254,-5170,15524,CN,1,N_pwm150_grab3
7999,-1502,-3892,9290,CN,1,N_pwm150_grab3
8004,-7990,-2256,-278,CN,1,N_pwm150_grab3
8009,-7232,-2954,13404,CN,1,N_pwm150_grab3
8014,4448,4340,9834,CN,1,N_pwm150_grab3
8020,3184,572,13166,CN,1,N_pwm150_grab3
8024,-3778,5064,12288,CN,1,N_pwm150_grab3
8030,2876,4086,12238,CN,1,N_pwm150_grab3
8034,1834,908,12288,CN,1,N_pwm150_grab3
8039,2018,9242,14744,CN,1,N_pwm150_grab3
8044,8852,2894,8082,CN,1,N_pwm150_grab3
8049,3638,1396,12246,CN,1,N_pwm150_grab3
8055,4362,-2488,6296,CN,1,N_pwm150_grab3
8059,612,-7730,4072,CN,1,N_pwm150_grab3
8064,1096,1418,12096,CN,1,N_pwm150_grab3
8070,5802,-534,8438,CN,1,N_pwm150_grab3
8074,4264,-7668,5242,CN,1,N_pwm150_grab3
8080,-4154,-1560,14014,CN,1,N_pwm150_grab3
8084,1362,-4266,5854,CN,1,N_pwm150_grab3
8089,-5020,-6326,1416,CN,1,N_pwm150_grab3
8094,-7794,-5062,15320,CN,1,N_pwm150_grab3
8100,210,2402,15176,CN,1,N_pwm150_grab3
8109,-7082,-2062,13212,CN,1,N_pwm150_grab3
8115,-1724,628,15914,CN,1,N_pwm150_grab3
8119,-3818,532,8290,CN,1,N_pwm150_grab3
8125,-2850,5798,12510,CN,1,N_pwm150_grab3
8130,3474,4172,11386,CN,1,N_pwm150_grab3
8135,2354,780,12740,CN,1,N_pwm150_grab3
8140,6836,2190,12586,CN,1,N_pwm150_grab3
8144,7804,-6260,6746,CN,1,N_pwm150_grab3
8151,-1520,-422,13012,CN,1,N_pwm150_grab3
8155,3456,-3118,5816,CN,1,N_pwm150_grab3
8161,-768,-7604,3536,CN,1,N_pwm150_grab3
8165,-6200,-3948,15242,CN,1,N_pwm150_grab3
8170,-234,-4264,7844,CN,1,N_pwm150_grab3
8175,-7590,-3654,-354,CN,1,N_pwm150_grab3
8180,-3686,5506,12372,CN,1,N_pwm150_grab3
8186,3304,4048,12178,CN,1,N_pwm150_grab3
8190,2062,826,12332,CN,1,N_pwm150_grab3
8195,-5980,2606,12060,CN,1,N_pwm150_grab3
8201,1440,3192,14552,CN,1,N_pwm150_grab3
8206,-160,788,11074,CN,1,N_pwm150_grab3
8211,462,8560,14270,CN,1,N_pwm150_grab3
8215,6462,3574,8370,CN,1,N_pwm150_grab3
8220,852,962,12172,CN,1,N_pwm150_grab3
8225,5590,-1274,7596,CN,1,N_pwm150_grab3
8233,5590,-1274,7596,CN,1,N_pwm150_grab3
8236,2326,1718,11542,CN,1,N_pwm150_grab3
8240,6540,400,10644,CN,1,N_pwm150_grab3
8251,-2084,-1372,13460,CN,1,N_pwm150_grab3
8255,2314,-3856,5400,CN,1,N_pwm150_grab3
8260,-7654,-1190,930,CN,1,N_pwm150_grab3
8265,-7624,-686,12980,CN,1,N_pwm150_grab3
8271,-1338,1550,16258,CN,1,N_pwm150_grab3
8275,-3434,530,8694,CN,1,N_pwm150_grab3
8280,-7980,-3222,13772,CN,1,N_pwm150_grab3
8285,-2536,-350,15024,CN,1,N_pwm150_grab3
8291,-5554,286,5934,CN,1,N_pwm150_grab3
8295,-5420,4388,12224,CN,1,N_pwm150_grab3
8300,9866,1728,7698,CN,1,N_pwm150_grab3
8306,3244,1910,11638,CN,1,N_pwm150_grab3
8310,7342,3930,14220,CN,1,N_pwm150_grab3
8316,9544,-4920,6558,CN,1,N_pwm150_grab3
8321,3352,1304,12356,CN,1,N_pwm150_grab3
8325,6154,6226,15098,CN,1,N_pwm150_grab3
8331,10912,-2562,6622,CN,1,N_pwm150_grab3
8335,1678,1518,11658,CN,1,N_pwm150_grab3
8341,210,-4228,6788,CN,1,N_pwm150_grab3
8346,-5964,-4758,992,CN,1,N_pwm150_grab3
8350,-8086,-5366,14664,CN,1,N_pwm150_grab3
8356,-2724,-2114,11278,CN,1,N_pwm150_grab3
8360,-7156,-650,1998,CN,1,N_pwm150_grab3
8366,-6852,-5580,15176,CN,1,N_pwm150_grab3
8370,-1644,-3094,9584,CN,1,N_pwm150_grab3
8376,-7736,-1988,122,CN,1,N_pwm150_grab3
8381,-2424,7476,13326,CN,1,N_pwm150_grab3
8385,4788,4124,10370,CN,1,N_pwm150_grab3
8390,2928,452,12858,CN,1,N_pwm150_grab3
8396,4314,8698,15492,CN,1,N_pwm150_grab3
8400,10602,1218,7696,CN,1,N_pwm150_grab3
8407,3088,1894,11406,CN,1,N_pwm150_grab3
8411,7342,4046,13648,CN,1,N_pwm150_grab3
8417,8800,-5156,6672,CN,1,N_pwm150_grab3
8421,-6576,-4198,15598,CN,1,N_pwm150_grab3
8426,-724,-4452,8492,CN,1,N_pwm150_grab3
8432,-7950,-3230,-298,CN,1,N_pwm150_grab3
8437,-8064,-3798,13686,CN,1,N_pwm150_grab3
8441,-2804,-760,14566,CN,1,N_pwm150_grab3
8446,-5336,222,5752,CN,1,N_pwm150_grab3
8451,-8206,-5108,14386,CN,1,N_pwm150_grab3
8456,-2930,-2040,12080,CN,1,N_pwm150_grab3
8462,1378,720,12000,CN,1,N_pwm150_grab3
8466,1490,8988,14740,CN,1,N_pwm150_grab3
8471,8628,3114,8558,CN,1,N_pwm150_grab3
8476,3586,1422,12630,CN,1,N_pwm150_grab3
8482,6552,6830,15166,CN,1,N_pwm150_grab3
8486,11462,-2460,6576,CN,1,N_pwm150_grab3
8491,3486,794,13312,CN,1,N_pwm150_grab3
8496,5184,8370,15452,CN,1,N_pwm150_grab3
8501,4492,-7422,5146,CN,1,N_pwm150_grab3
8506,-3148,-1546,14552,CN,1,N_pwm150_grab3
8511,1554,-4182,5950,CN,1,N_pwm150_grab3
8517,-4878,-6694,1370,CN,1,N_pwm150_grab3
8521,-7424,-4998,15380,CN,1,N_pwm150_grab3
8527,-2028,-3862,9430,CN,1,N_pwm150_grab3
8532,-7942,-2198,262,CN,1,N_pwm150_grab3
8536,-5994,-4018,15612,CN,1,N_pwm150_grab3
8541,-2496,546,15348,CN,1,N_pwm150_grab3
8546,-3656,540,7432,CN,1,N_pwm150_grab3
8552,-3908,5242,11988,CN,1,N_pwm150_grab3
8556,3808,4256,11976,CN,1,N_pwm150_grab3
8561,2812,908,13134,CN,1,N_pwm150_grab3
8566,3100,9032,15326,CN,1,N_pwm150_grab3
8571,10712,2480,8528,CN,1,N_pwm150_grab3
8577,1340,1104,11566,CN,1,N_pwm150_grab3
8581,7414,5170,13992,CN,1,N_pwm150_grab3
8587,10078,-4506,6822,CN,1,N_pwm150_grab3
8591,-644,738,12616,CN,1,N_pwm150_grab3
8596,5136,-1690,7024,CN,1,N_pwm150_grab3
8601,652,-8028,3770,CN,1,N_pwm150_grab3
8607,-4902,-3038,15100,CN,1,N_pwm150_grab3
8611,440,-4896,7240,CN,1,N_pwm150_grab3
8616,-7900,-5054,-230,CN,1,N_pwm150_grab3
8621,-3840,-1928,14566,CN,1,N_pwm150_grab3
8627,-2990,-2660,12214,CN,1,N_pwm150_grab3
8632,-6940,-798,3048,CN,1,N_pwm150_grab3
8636,-6720,446,12114,CN,1,N_pwm150_grab3
8642,-326,2554,14424,CN,1,N_pwm150_grab3
8646,-506,1096,10216,CN,1,N_pwm150_grab3
8651,-1054,7932,13570,CN,1,N_pwm150_grab3
8657,6660,4284,9660,CN,1,N_pwm150_grab3
8662,894,1650,11874,CN,1,N_pwm150_grab3
8668,5962,-764,7920,CN,1,N_pwm150_grab3
8673,3660,-7712,4612,CN,1,N_pwm150_grab3
8678,-4062,-2688,14352,CN,1,N_pwm150_grab3
8682,930,-4588,5978,CN,1,N_pwm150_grab3
8688,-6278,-5944,480,CN,1,N_pwm150_grab3
8693,-7802,-6004,14674,CN,1,N_pwm150_grab3
8697,-2708,-2946,10868,CN,1,N_pwm150_grab3
8702,-56,1008,10570,CN,1,N_pwm150_grab3
8707,-7538,-576,12720,CN,1,N_pwm150_grab3
8713,-1322,2016,15898,CN,1,N_pwm150_grab3
8718,-2626,648,8870,CN,1,N_pwm150_grab3
8722,-2560,7552,13448,CN,1,N_pwm150_grab3
8727,4540,4660,10364,CN,1,N_pwm150_grab3
8733,3336,852,12814,CN,1,N_pwm150_grab3
8737,4234,8966,15636,CN,1,N_pwm150_grab3
8743,6392,-7452,5926,CN,1,N_pwm150_grab3
8747,3384,2094,11974,CN,1,N_pwm150_grab3
8752,7042,2694,12720,CN,1,N_pwm150_grab3
8757,8770,-6284,6852,CN,1,N_pwm150_grab3
8762,-1370,-394,12854,CN,1,N_pwm150_grab3
8767,3972,-3088,5622,CN,1,N_pwm150_grab3
8773,-842,-7790,3324,CN,1,N_pwm150_grab3
8777,-5998,-4414,15010,CN,1,N_pwm150_grab3
8782,-392,-4656,7760,CN,1,N_pwm150_grab3
8787,-4492,402,7532,CN,1,N_pwm150_grab3
8792,-8382,-4892,13778,CN,1,N_pwm150_grab3
8798,-2956,-1472,14184,CN,1,N_pwm150_grab3
8802,-6300,-90,5096,CN,1,N_pwm150_grab3
8808,-5990,2934,12284,CN,1,N_pwm150_grab3
8813,1550,3696,14212,CN,1,N_pwm150_grab3
8818,704,1138,11102,CN,1,N_pwm150_grab3
8822,892,9078,14808,CN,1,N_pwm150_grab3
8827,10518,-4362,7276,CN,1,N_pwm150_grab3
8832,3694,1400,12524,CN,1,N_pwm150_grab3
8837,6522,7460,15584,CN,1,N_pwm150_grab3
8843,11986,-1776,7028,CN,1,N_pwm150_grab3
8848,1798,1800,11992,CN,1,N_pwm150_grab3
8852,6160,288,9534,CN,1,N_pwm150_grab3
8858,5314,-7538,5816,CN,1,N_pwm150_grab3
8862,-2998,-1624,14150,CN,1,N_pwm150_grab3
8868,-3066,-3176,11312,CN,1,N_pwm150_grab3
8873,-7360,-972,2070,CN,1,N_pwm150_grab3
8877,-7788,-5346,14976,CN,1,N_pwm150_grab3
8882,-2300,-3738,9216,CN,1,N_pwm150_grab3
8887,-8020,-2098,40,CN,1,N_pwm150_grab3
8893,-8024,-2376,12850,CN,1,N_pwm150_grab3
8897,-2178,732,15850,CN,1,N_pwm150_grab3
8903,-3876,508,7986,CN,1,N_pwm150_grab3
8907,4816,8396,15534,CN,1,N_pwm150_grab3
8913,11822,336,7188,CN,1,N_pwm150_grab3
8918,2678,2058,10751,CN,1,N_pwm150_grab3
8923,7166,2210,11820,CN,1,N_pwm150_grab3
8928,7462,-6646,6534,CN,1,N_pwm150_grab3
8934,-1624,-1010,13702,CN,1,N_pwm150_grab3
8939,3236,-3262,5478,CN,1,N_pwm150_grab3
8943,-2198,-7508,2668,CN,1,N_pwm150_grab3
8948,-8014,-1722,12762,CN,1,N_pwm150_grab3
8954,-1972,1176,15888,CN,1,N_pwm150_grab3
8960,-3492,530,8062,CN,1,N_pwm150_grab3
8963,-8342,-3978,13484,CN,1,N_pwm150_grab3
8969,-3040,-652,14752,CN,1,N_pwm150_grab3
8973,-5386,184,5588,CN,1,N_pwm150_grab3
8978,-5818,4082,11972,CN,1,N_pwm150_grab3
8984,2442,3814,13774,CN,1,N_pwm150_grab3
8989,3128,2092,11580,CN,1,N_pwm150_grab3
8993,7354,4696,13728,CN,1,N_pwm150_grab3
8999,9370,-4826,6582,CN,1,N_pwm150_grab3
9004,3746,1472,12620,CN,1,N_pwm150_grab3
9008,6654,7078,15178,CN,1,N_pwm150_grab3
9014,11496,-2380,6530,CN,1,N_pwm150_grab3
9018,1000,1722,11808,CN,1,N_pwm150_grab3
9024,6178,134,9096,CN,1,N_pwm150_grab3
9029,-7460,-4830,320,CN,1,N_pwm150_grab3
9034,-7952,-5164,14474,CN,1,N_pwm150_grab3
9038,-2972,-2588,12018,CN,1,N_pwm150_grab3
9043,-6796,-606,2684,CN,1,N_pwm150_grab3
9049,-7442,-5472,15168,CN,1,N_pwm150_grab3
9054,-2198,-3332,10008,CN,1,N_pwm150_grab3
9058,-7804,-1702,872,CN,1,N_pwm150_grab3
9064,-7662,-1766,12762,CN,1,N_pwm150_grab3
9068,6272,3916,9828,CN,1,N_pwm150_grab3
9073,3694,948,13246,CN,1,N_pwm150_grab3
9078,5264,8016,15754,CN,1,N_pwm150_grab3
9083,12052,-244,7302,CN,1,N_pwm150_grab3
9089,3002,656,13006,CN,1,N_pwm150_grab3
9094,3578,8902,15654,CN,1,N_pwm150_grab3
9098,11138,2002,8290,CN,1,N_pwm150_grab3
9103,3268,2106,11970,CN,1,N_pwm150_grab3
9109,3128,-3712,5630,CN,1,N_pwm150_grab3
9113,-2922,-7502,2452,CN,1,N_pwm150_grab3
9118,-6326,-4744,15392,CN,1,N_pwm150_grab3
9123,-890,-4218,8758,CN,1,N_pwm150_grab3
9129,-8230,-3132,194,CN,1,N_pwm150_grab3
9134,-4956,-3384,15006,CN,1,N_pwm150_grab3
9138,232,-4774,7146,CN,1,N_pwm150_grab3
9144,-7676,-4644,-12,CN,1,N_pwm150_grab3
9148,-5368,3956,11918,CN,1,N_pwm150_grab3
9153,2058,3878,13336,CN,1,N_pwm150_grab3
9158,1630,988,11658,CN,1,N_pwm150_grab3
9164,1210,9278,14618,CN,1,N_pwm150_grab3
9168,9150,3220,8934,CN,1,N_pwm150_grab3
9175,3996,1468,12824,CN,1,N_pwm150_grab3
9179,6698,6850,15314,CN,1,N_pwm150_grab3
9184,11578,-2652,6924,CN,1,N_pwm150_grab3
9189,-5330,-3592,14860,CN,1,N_pwm150_grab3
9194,180,-4848,7140,CN,1,N_pwm150_grab3
9199,-8002,-4722,-300,CN,1,N_pwm150_grab3
9205,-8016,-5378,14024,CN,1,N_pwm150_grab3
9209,-3044,-1912,13038,CN,1,N_pwm150_grab3
9216,-6762,-400,3926,CN,1,N_pwm150_grab3
9219,-7650,-5986,14726,CN,1,N_pwm150_grab3
9224,-2548,-2822,10902,CN,1,N_pwm150_grab3
9229,-140,800,10402,CN,1,N_pwm150_grab3
9235,-366,8926,14634,CN,1,N_pwm150_grab3
9240,7170,3960,9358,CN,1,N_pwm150_grab3
9245,3634,1372,12496,CN,1,N_pwm150_grab3
9250,6142,7212,15734,CN,1,N_pwm150_grab3
9254,12270,-1580,7254,CN,1,N_pwm150_grab3
9260,3288,752,12578,CN,1,N_pwm150_grab3
9265,4268,8754,15744,CN,1,N_pwm150_grab3
9270,6560,-7420,5852,CN,1,N_pwm150_grab3
9275,-2790,-1840,13554,CN,1,N_pwm150_grab3
9280,2172,-4200,5096,CN,1,N_pwm150_grab3
9284,-3824,-6738,1862,CN,1,N_pwm150_grab3
9289,-7172,-5894,14888,CN,1,N_pwm150_grab3
9295,-1848,-3492,9282,CN,1,N_pwm150_grab3
9299,-8322,-2318,0,CN,1,N_pwm150_grab3
9305,-5914,-4860,14702,CN,1,N_pwm150_grab3
9309,-488,-4346,7808,CN,1,N_pwm150_grab3
9314,-4570,264,7500,CN,1,N_pwm150_grab3
9319,-4078,6386,13454,CN,1,N_pwm150_grab3
9324,3006,4508,12202,CN,1,N_pwm150_grab3
9329,2200,706,12026,CN,1,N_pwm150_grab3
9334,2540,9606,15380,CN,1,N_pwm150_grab3
9339,10170,2748,8396,CN,1,N_pwm150_grab3
9345,488,856,10870,CN,1,N_pwm150_grab3
9349,520,8818,14754,CN,1,N_pwm150_grab3
9354,10708,-4088,7256,CN,1,N_pwm150_grab3
9359,616,1166,12598,CN,1,N_pwm150_grab3
9364,5478,-1008,7684,CN,1,N_pwm150_grab3
9370,2796,-8012,4862,CN,1,N_pwm150_grab3
9374,-4366,-2358,14382,CN,1,N_pwm150_grab3
9379,918,-4800,6152,CN,1,N_pwm150_grab3
9384,-6808,-5656,330,CN,1,N_pwm150_grab3
9389,-2646,-1218,14020,CN,1,N_pwm150_grab3
9394,-2988,-3478,10758,CN,1,N_pwm150_grab3
9399,-7566,-1312,1392,CN,1,N_pwm150_grab3
9405,-7800,-856,12248,CN,1,N_pwm150_grab3
9410,-1040,1712,15482,CN,1,N_pwm150_grab3
9414,-2130,694,9570,CN,1,N_pwm150_grab3
9420,-1736,6716,13428,CN,1,N_pwm150_grab3
9424,4928,4508,10204,CN,1,N_pwm150_grab3
9431,3230,1004,13376,CN,1,N_pwm150_grab3
9435,6398,8191,-1,CN,1,N_pwm150_grab3
9440,5598,-7282,6222,CN,1,N_pwm150_grab3
9446,-2618,-1194,14246,CN,1,N_pwm150_grab3
9450,2304,-4058,5832,CN,1,N_pwm150_grab3
9456,-4416,-7036,1916,CN,1,N_pwm150_grab3
9461,-7557,-1,-1,CN,1,N_pwm150_grab3
9465,-1890,-4032,8844,CN,1,N_pwm150_grab3
9472,-8106,-2542,-294,CN,1,N_pwm150_grab3
9476,-8044,-3298,12890,CN,1,N_pwm150_grab3
9480,-2444,82,15188,CN,1,N_pwm150_grab3
9486,-4224,374,7110,CN,1,N_pwm150_grab3
9490,-4286,4338,11856,CN,1,N_pwm150_grab3
9496,3226,4108,12284,CN,1,N_pwm150_grab3
9500,2470,1108,13024,CN,1,N_pwm150_grab3
9506,3022,9208,15164,CN,1,N_pwm150_grab3
9510,10636,3232,8298,CN,1,N_pwm150_grab3
9516,3532,2030,11966,CN,1,N_pwm150_grab3
9521,7388,6298,14214,CN,1,N_pwm150_grab3
9525,10316,-3658,6806,CN,1,N_pwm150_grab3
9530,58,1076,12818,CN,1,N_pwm150_grab3
9535,5384,-1146,7852,CN,1,N_pwm150_grab3
9541,1394,-8086,4690,CN,1,N_pwm150_grab3
9545,-4520,-2406,14890,CN,1,N_pwm150_grab3
9551,760,-4926,6760,CN,1,N_pwm150_grab3
9555,-5508,-170,4698,CN,1,N_pwm150_grab3
9560,-8250,-5128,14550,CN,1,N_pwm150_grab3
9565,-3102,-3496,11082,CN,1,N_pwm150_grab3
9570,-7014,-1222,1904,CN,1,N_pwm150_grab3
9575,-7260,-786,11888,CN,1,N_pwm150_grab3
9581,-650,1788,14418,CN,1,N_pwm150_grab3
9585,-966,1050,9684,CN,1,N_pwm150_grab3
9591,-1194,6766,13192,CN,1,N_pwm150_grab3
9595,12048,-1980,6770,CN,1,N_pwm150_grab3
9600,3842,1248,13654,CN,1,N_pwm150_grab3
9606,5654,8486,15756,CN,1,N_pwm150_grab3
9610,12660,168,7160,CN,1,N_pwm150_grab3
9616,2298,2352,11704,CN,1,N_pwm150_grab3
9621,6850,1818,10708,CN,1,N_pwm150_grab3
9625,6426,-6768,5738,CN,1,N_pwm150_grab3
9630,-2630,-1312,14134,CN,1,N_pwm150_grab3
9635,-2850,-3340,10654,CN,1,N_pwm150_grab3
9641,-7808,-1620,1404,CN,1,N_pwm150_grab3
9645,-6920,-5528,15222,CN,1,N_pwm150_grab3
9651,-1798,-3952,9268,CN,1,N_pwm150_grab3
9655,-8560,-2716,126,CN,1,N_pwm150_grab3
9660,-8090,-3006,13102,CN,1,N_pwm150_grab3
9665,-2532,464,15546,CN,1,N_pwm150_grab3
9670,-4196,406,6978,CN,1,N_pwm150_grab3
9675,5116,8764,16024,CN,1,N_pwm150_grab3
9681,12720,866,7958,CN,1,N_pwm150_grab3
9687,3174,2462,12152,CN,1,N_pwm150_grab3
9692,7058,2614,11678,CN,1,N_pwm150_grab3
9697,8156,-6446,6690,CN,1,N_pwm150_grab3
9701,-2226,-634,13594,CN,1,N_pwm150_grab3
9707,3434,-3578,5744,CN,1,N_pwm150_grab3
9712,-2848,-7696,2508,CN,1,N_pwm150_grab3
9716,-8026,-2124,12736,CN,1,N_pwm150_grab3
9721,-1948,1066,15604,CN,1,N_pwm150_grab3
9726,-3128,656,8176,CN,1,N_pwm150_grab3
9731,-8372,-4108,13188,CN,1,N_pwm150_grab3
9737,-2846,-462,15278,CN,1,N_pwm150_grab3
9741,-5074,150,6504,CN,1,N_pwm150_grab3
9746,-4410,4740,12688,CN,1,N_pwm150_grab3
9751,2372,4314,12280,CN,1,N_pwm150_grab3
9756,3616,2206,12096,CN,1,N_pwm150_grab3
9761,7076,3262,12564,CN,1,N_pwm150_grab3
9766,8794,-6074,7120,CN,1,N_pwm150_grab3
9772,3806,2202,12042,CN,1,N_pwm150_grab3
9777,7592,5490,14308,CN,1,N_pwm150_grab3
9781,10838,-4328,7496,CN,1,N_pwm150_grab3
9787,308,532,12738,CN,1,N_pwm150_grab3
9791,5264,-1778,6826,CN,1,N_pwm150_grab3
9796,-8518,-3610,-950,CN,1,N_pwm150_grab3
9801,-8942,-4258,13118,CN,1,N_pwm150_grab3
9806,-2982,-702,15174,CN,1,N_pwm150_grab3
9812,-5290,58,6268,CN,1,N_pwm150_grab3
9816,-9100,-5494,13562,CN,1,N_pwm150_grab3
9821,-3304,-2300,12982,CN,1,N_pwm150_grab3
9827,-6592,-572,3724,CN,1,N_pwm150_grab3
9831,-7094,2130,12148,CN,1,N_pwm150_grab3
9836,10694,3538,8642,CN,1,N_pwm150_grab3
9841,3544,2274,11750,CN,1,N_pwm150_grab3
9846,7558,6162,14372,CN,1,N_pwm150_grab3
9852,10756,-3826,7248,CN,1,N_pwm150_grab3
9856,3790,1726,12662,CN,1,N_pwm150_grab3
9862,6546,8244,15382,CN,1,N_pwm150_grab3
9866,12390,-1250,7016,CN,1,N_pwm150_grab3
9872,1386,1892,11906,CN,1,N_pwm150_grab3
9876,896,-5126,6574,CN,1,N_pwm150_grab3
9886,-9082,-5352,13854,CN,1,N_pwm150_grab3
9892,-3612,-3250,11948,CN,1,N_pwm150_grab3
9896,-6412,-1010,2978,CN,1,N_pwm150_grab3
9901,-8530,-5724,14370,CN,1,N_pwm150_grab3
9906,-3174,-3968,10200,CN,1,N_pwm150_grab3
9911,-7696,-1850,1042,CN,1,N_pwm150_grab3
9916,466,8576,14872,CN,1,N_pwm150_grab3
9921,9152,3962,9960,CN,1,N_pwm150_grab3
9926,4082,1984,13016,CN,1,N_pwm150_grab3
9931,6990,7822,15342,CN,1,N_pwm150_grab3
9937,12710,-1914,7116,CN,1,N_pwm150_grab3
9943,1002,1932,11714,CN,1,N_pwm150_grab3
9947,6360,226,8860,CN,1,N_pwm150_grab3
9952,3436,-7818,4940,CN,1,N_pwm150_grab3
9958,-8738,-5556,13818,CN,1,N_pwm150_grab3
9963,-3368,-2812,12840,CN,1,N_pwm150_grab3
9967,-6492,-694,3594,CN,1,N_pwm150_grab3
9972,-6438,2192,12232,CN,1,N_pwm150_grab3
9977,556,3448,13564,CN,1,N_pwm150_grab3
9982,1320,1288,11068,CN,1,N_pwm150_grab3
9988,-7440,504,12630,CN,1,N_pwm150_grab3
9992,-792,2820,14556,CN,1,N_pwm150_grab3
9998,-566,1018,9842,CN,1,N_pwm150_grab3
10002,7306,6380,15238,CN,1,N_pwm150_grab3
10008,11942,-3366,7570,CN,1,N_pwm150_grab3
10013,736,1264,12148,CN,1,N_pwm150_grab3
10018,5846,-1208,7436,CN,1,N_pwm150_grab3
10022,2488,-8134,4516,CN,1,N_pwm150_grab3
10027,2236,2238,12022,CN,1,N_pwm150_grab3
10032,6350,362,9242,CN,1,N_pwm150_grab3
10037,5256,-7782,5564,CN,1,N_pwm150_grab3
10043,-9144,-6056,13738,CN,1,N_pwm150_grab3
10047,-3272,-3116,12174,CN,1,N_pwm150_grab3
10052,-7116,-1112,2844,CN,1,N_pwm150_grab3
10057,-7298,792,12320,CN,1,N_pwm150_grab3
10062,164,2990,14592,CN,1,N_pwm150_grab3
10068,26,1266,10434,CN,1,N_pwm150_grab3
10073,-8378,-1390,12478,CN,1,N_pwm150_grab3
10078,-1510,1720,15402,CN,1,N_pwm150_grab3
10082,3656,1950,12650,CN,1,N_pwm150_grab3
10087,6854,8366,15610,CN,1,N_pwm150_grab3
10092,12540,-1406,7498,CN,1,N_pwm150_grab3
10097,1654,1954,11888,CN,1,N_pwm150_grab3
10103,6212,484,9672,CN,1,N_pwm150_grab3
10108,3994,-7896,5744,CN,1,N_pwm150_grab3
10113,2648,2350,11666,CN,1,N_pwm150_grab3
10118,7076,2648,11458,CN,1,N_pwm150_grab3
10127,-8930,-5580,14230,CN,1,N_pwm150_grab3
10132,-3346,-4252,9978,CN,1,N_pwm150_grab3
10143,-7926,-1264,12230,CN,1,N_pwm150_grab3
10148,-1144,1582,14712,CN,1,N_pwm150_grab3
10153,-1048,1088,9574,CN,1,N_pwm150_grab3
10157,-8514,-3130,12708,CN,1,N_pwm150_grab3
10162,7122,4328,10462,CN,1,N_pwm150_grab3
10167,3868,1730,13638,CN,1,N_pwm150_grab3
10173,6182,9044,15754,CN,1,N_pwm150_grab3
10177,13342,170,7398,CN,1,N_pwm150_grab3
10182,1950,2410,11576,CN,1,N_pwm150_grab3
10187,6740,1852,10278,CN,1,N_pwm150_grab3
10192,5408,-7104,5706,CN,1,N_pwm150_grab3
10199,-3038,-1950,14256,CN,1,N_pwm150_grab3
10204,-3304,-3494,11554,CN,1,N_pwm150_grab3
10208,-7258,-1380,2268,CN,1,N_pwm150_grab3
10214,-7318,978,12420,CN,1,N_pwm150_grab3
10218,-420,2870,14186,CN,1,N_pwm150_grab3
10223,238,1100,10318,CN,1,N_pwm150_grab3
10228,-240,9034,14838,CN,1,N_pwm150_grab3
10234,8494,4320,10020,CN,1,N_pwm150_grab3
10238,8494,4320,10020,CN,1,N_pwm150_grab3
10243,6758,7610,15828,CN,1,N_pwm150_grab3
10248,12778,-3073,-1,CN,1,N_pwm150_grab3
10253,1600,1970,11890,CN,1,N_pwm150_grab3
10258,6314,-228,8426,CN,1,N_pwm150_grab3
10263,4076,-7830,5092,CN,1,N_pwm150_grab3
10268,-4052,-3086,13974,CN,1,N_pwm150_grab3
10274,1142,-4794,5742,CN,1,N_pwm150_grab3
10279,-7120,-6206,-212,CN,1,N_pwm150_grab3
10283,-8972,-6366,13890,CN,1,N_pwm150_grab3
10288,-3240,-3542,11160,CN,1,N_pwm150_grab3
10293,-7672,-1562,1730,CN,1,N_pwm150_grab3
10298,-7822,-146,12490,CN,1,N_pwm150_grab3
10304,-568,2534,15040,CN,1,N_pwm150_grab3
10308,-862,1078,9780,CN,1,N_pwm150_grab3
10313,-766,8462,14734,CN,1,N_pwm150_grab3
10318,7434,4674,9916,CN,1,N_pwm150_grab3
10323,1098,1544,12360,CN,1,N_pwm150_grab3
10329,6478,8932,16022,CN,1,N_pwm150_grab3
10338,2198,2206,11776,CN,1,N_pwm150_grab3
10343,6510,1120,10250,CN,1,N_pwm150_grab3
10349,5116,-7606,6172,CN,1,N_pwm150_grab3
10353,-3074,-1786,14182,CN,1,N_pwm150_grab3
10358,1844,-4636,5540,CN,1,N_pwm150_grab3
10364,-6986,-1358,2008,CN,1,N_pwm150_grab3
10369,-8600,-5558,14492,CN,1,N_pwm150_grab3
10373,-3102,-4480,9302,CN,1,N_pwm150_grab3
10379,-7956,-2422,-4,CN,1,N_pwm150_grab3
10383,-8190,-2188,12412,CN,1,N_pwm150_grab3
10389,-1682,972,14768,CN,1,N_pwm150_grab3
10393,-1862,914,8942,CN,1,N_pwm150_grab3
10399,-2060,6536,13328,CN,1,N_pwm150_grab3
10403,12944,-878,7190,CN,1,N_pwm150_grab3
10408,1384,2092,11760,CN,1,N_pwm150_grab3
10413,5666,9276,15828,CN,1,N_pwm150_grab3
10418,13320,954,7488,CN,1,N_pwm150_grab3
10423,2362,2562,11730,CN,1,N_pwm150_grab3
10428,7008,2482,10852,CN,1,N_pwm150_grab3
10434,6418,-6716,6092,CN,1,N_pwm150_grab3
10438,-2668,-1584,14122,CN,1,N_pwm150_grab3
10443,-3168,-3712,10748,CN,1,N_pwm150_grab3
10448,-7664,-1720,1396,CN,1,N_pwm150_grab3
10455,-7808,-78,12402,CN,1,N_pwm150_grab3
10459,-1106,2296,14456,CN,1,N_pwm150_grab3
10464,-514,1012,9734,CN,1,N_pwm150_grab3
10469,-998,8868,14568,CN,1,N_pwm150_grab3
10474,7760,4442,10214,CN,1,N_pwm150_grab3
10479,3842,2006,12978,CN,1,N_pwm150_grab3
10485,5972,-1252,7414,CN,1,N_pwm150_grab3
10489,2030,-8110,4478,CN,1,N_pwm150_grab3
10494,-4786,-3848,14276,CN,1,N_pwm150_grab3
10500,6446,172,8806,CN,1,N_pwm150_grab3
10504,4746,-7768,5416,CN,1,N_pwm150_grab3
10509,-3842,-2688,13904,CN,1,N_pwm150_grab3
10514,1414,-4758,5462,CN,1,N_pwm150_grab3
10519,-6684,-6610,118,CN,1,N_pwm150_grab3
10524,-6728,2344,12774,CN,1,N_pwm150_grab3
10529,760,3694,14148,CN,1,N_pwm150_grab3
10535,634,1264,10876,CN,1,N_pwm150_grab3
10539,-8142,12,12590,CN,1,N_pwm150_grab3
10545,-716,2510,15334,CN,1,N_pwm150_grab3
10549,-1122,954,9632,CN,1,N_pwm150_grab3
10554,-1080,8696,14978,CN,1,N_pwm150_grab3
10559,7246,4634,9780,CN,1,N_pwm150_grab3
10565,1214,1670,12226,CN,1,N_pwm150_grab3
10569,6174,-352,8518,CN,1,N_pwm150_grab3
10574,2980,-8150,5316,CN,1,N_pwm150_grab3
10579,-4188,-2708,14090,CN,1,N_pwm150_grab3
10584,6590,1364,10388,CN,1,N_pwm150_grab3
10589,5440,-7500,6354,CN,1,N_pwm150_grab3
10594,-3002,-1688,14156,CN,1,N_pwm150_grab3
10599,1998,-4542,5554,CN,1,N_pwm150_grab3
10604,-6032,-7358,1024,CN,1,N_pwm150_grab3
10609,-7604,-452,12004,CN,1,N_pwm150_grab3
10614,-26,2190,14628,CN,1,N_pwm150_grab3
10620,-58,1282,10630,CN,1,N_pwm150_grab3
10624,-8304,-2564,12388,CN,1,N_pwm150_grab3
10629,-1780,576,14740,CN,1,N_pwm150_grab3
10634,-2064,866,8780,CN,1,N_pwm150_grab3
10640,-2120,6650,13428,CN,1,N_pwm150_grab3
10644,6116,4602,13428,CN,1,N_pwm150_grab3
10650,1488,2146,11702,CN,1,N_pwm150_grab3
10654,6500,672,9368,CN,1,N_pwm150_grab3
10660,3894,-7674,5374,CN,1,N_pwm150_grab3
10664,-3630,-2528,14302,CN,1,N_pwm150_grab3
10670,6998,2044,10552,CN,1,N_pwm150_grab3
10675,6206,-6892,6120,CN,1,N_pwm150_grab3
10679,-2772,-1760,14098,CN,1,N_pwm150_grab3
10685,2256,-4290,5568,CN,1,N_pwm150_grab3
10689,-7666,-1726,1476,CN,1,N_pwm150_grab3
10694,-7706,168,12460,CN,1,N_pwm150_grab3
10699,-984,2452,14432,CN,1,N_pwm150_grab3
10705,-402,1054,9960,CN,1,N_pwm150_grab3
10710,-884,9088,14580,CN,1,N_pwm150_grab3
10716,7918,4514,10052,CN,1,N_pwm150_grab3
10720,3818,2142,13012,CN,1,N_pwm150_grab3
10725,6710,7964,15856,CN,1,N_pwm150_grab3
10730,1828,-8238,4344,CN,1,N_pwm150_grab3
10735,-4852,-4276,14290,CN,1,N_pwm150_grab3
10741,628,-5072,6582,CN,1,N_pwm150_grab3
10745,-8154,-5492,-1000,CN,1,N_pwm150_grab3
10752,-9170,-6262,13530,CN,1,N_pwm150_grab3
10756,1348,-4806,5442,CN,1,N_pwm150_grab3
10761,-6762,-6578,22,CN,1,N_pwm150_grab3
10766,-8846,-6596,13926,CN,1,N_pwm150_grab3
10770,872,3682,14150,CN,1,N_pwm150_grab3
10776,696,1366,11024,CN,1,N_pwm150_grab3
10780,722,9984,15530,CN,1,N_pwm150_grab3
10785,9520,4492,9330,CN,1,N_pwm150_grab3
10790,3583,-1,-1,CN,1,N_pwm150_grab3
10795,-1054,8526,14634,CN,1,N_pwm150_grab3
10801,7348,4664,9894,CN,1,N_pwm150_grab3
10805,3552,1946,12916,CN,1,N_pwm150_grab3
10811,6236,-314,8666,CN,1,N_pwm150_grab3
10816,2740,-8202,5342,CN,1,N_pwm150_grab3
10821,-4240,-2674,14180,CN,1,N_pwm150_grab3
10825,1302,-5212,6038,CN,1,N_pwm150_grab3
10830,-7836,-6410,-424,CN,1,N_pwm150_grab3
10835,-9250,-5928,13914,CN,1,N_pwm150_grab3
10841,2008,-4522,5554,CN,1,N_pwm150_grab3
10845,-6234,-7494,1040,CN,1,N_pwm150_grab3
10850,-7486,-462,11924,CN,1,N_pwm150_grab3
10856,92,2156,14496,CN,1,N_pwm150_grab3
10860,132,1420,10678,CN,1,N_pwm150_grab3
10865,52,8176,14520,CN,1,N_pwm150_grab3
10870,8780,4392,10118,CN,1,N_pwm150_grab3
10875,3968,2136,13398,CN,1,N_pwm150_grab3
10880,-1938,6888,13426,CN,1,N_pwm150_grab3
10885,6432,4360,10598,CN,1,N_pwm150_grab3
10890,1286,2130,11732,CN,1,N_pwm150_grab3
10895,6468,508,9202,CN,1,N_pwm150_grab3
10900,3492,-7742,5440,CN,1,N_pwm150_grab3
10906,-3888,-2376,14358,CN,1,N_pwm150_grab3
10911,1616,-4882,6394,CN,1,N_pwm150_grab3
10920,-8794,-6144,14110,CN,1,N_pwm150_grab3
10926,2160,-4432,5732,CN,1,N_pwm150_grab3
10931,-7510,-1710,1848,CN,1,N_pwm150_grab3
10935,-7330,744,12494,CN,1,N_pwm150_grab3
10940,-318,2784,14214,CN,1,N_pwm150_grab3
10945,186,1292,10284,CN,1,N_pwm150_grab3
10951,-220,9572,15056,CN,1,N_pwm150_grab3
10955,8790,4424,9868,CN,1,N_pwm150_grab3
10960,3960,2340,12824,CN,1,N_pwm150_grab3
10966,7158,7370,15710,CN,1,N_pwm150_grab3
10972,636,-8274,4046,CN,1,N_pwm150_grab3
10976,-5402,-4734,14446,CN,1,N_pwm150_grab3
10982,118,-5180,6958,CN,1,N_pwm150_grab3
10991,-9440,-5840,13458,CN,1,N_pwm150_grab3
10997,-3550,-1842,14328,CN,1,N_pwm150_grab3
11001,-6106,-462,4854,CN,1,N_pwm150_grab3
11006,-5732,3512,12978,CN,1,N_pwm150_grab3
11011,1790,4146,13346,CN,1,N_pwm150_grab3
11017,1834,1712,11900,CN,1,N_pwm150_grab3
11022,2166,10358,16072,CN,1,N_pwm150_grab3
11027,10926,4486,9044,CN,1,N_pwm150_grab3
11031,3914,2594,12234,CN,1,N_pwm150_grab3
11036,7868,6906,14886,CN,1,N_pwm150_grab3
11041,11096,-3482,8204,CN,1,N_pwm150_grab3
11046,14,954,12714,CN,1,N_pwm150_grab3
11052,5706,-1334,7684,CN,1,N_pwm150_grab3
11057,178,-8650,4428,CN,1,N_pwm150_grab3
11062,-5414,-3542,14566,CN,1,N_pwm150_grab3
11066,544,-5262,6670,CN,1,N_pwm150_grab3
11076,-9402,-5498,13654,CN,1,N_pwm150_grab3
11081,-3842,-2832,12914,CN,1,N_pwm150_grab3
11086,-5712,-840,3936,CN,1,N_pwm150_grab3
11091,3952,9870,15982,CN,1,N_pwm150_grab3
11096,1848,3392,13280,CN,1,N_pwm150_grab3
11101,2084,1800,12196,CN,1,N_pwm150_grab3
11106,2300,9570,15684,CN,1,N_pwm150_grab3
11112,11388,4082,9706,CN,1,N_pwm150_grab3
11117,4144,2712,13026,CN,1,N_pwm150_grab3
11122,7478,6538,14324,CN,1,N_pwm150_grab3
11126,11084,-3708,7670,CN,1,N_pwm150_grab3
11131,-7064,-5116,14778,CN,1,N_pwm150_grab3
11136,5260,-1924,7126,CN,1,N_pwm150_grab3
11141,-912,-8470,3580,CN,1,N_pwm150_grab3
11147,-5862,-4412,14914,CN,1,N_pwm150_grab3
11151,-198,-5236,7488,CN,1,N_pwm150_grab3
11161,-9406,-5162,13434,CN,1,N_pwm150_grab3
11167,-3458,-1354,14920,CN,1,N_pwm150_grab3
11171,3196,1986,12882,CN,1,N_pwm150_grab3
11176,4830,9842,16472,CN,1,N_pwm150_grab3
11181,2562,4686,12162,CN,1,N_pwm150_grab3
11186,2618,1734,12314,CN,1,N_pwm150_grab3
11191,3524,10530,16538,CN,1,N_pwm150_grab3
11197,12128,3142,8762,CN,1,N_pwm150_grab3
11202,4198,2946,12356,CN,1,N_pwm150_grab3
11207,7552,4310,13648,CN,1,N_pwm150_grab3
11211,9704,-5654,8140,CN,1,N_pwm150_grab3
11216,-8072,-6096,14288,CN,1,N_pwm150_grab3
11222,-2676,-4708,8078,CN,1,N_pwm150_grab3
11233,-9120,-3570,12588,CN,1,N_pwm150_grab3
11238,-2450,126,15386,CN,1,N_pwm150_grab3
11242,-3040,562,8370,CN,1,N_pwm150_grab3
11247,-2940,6046,13566,CN,1,N_pwm150_grab3
11253,13350,450,7594,CN,1,N_pwm150_grab3
11257,2158,2488,11594,CN,1,N_pwm150_grab3
11262,6826,1766,10516,CN,1,N_pwm150_grab3
11268,13388,2124,7672,CN,1,N_pwm150_grab3
11272,3018,2624,11642,CN,1,N_pwm150_grab3
11277,7202,3820,11956,CN,1,N_pwm150_grab3
11282,7120,-6154,6988,CN,1,N_pwm150_grab3
11287,-2412,-776,14018,CN,1,N_pwm150_grab3
11293,-3334,-4752,9730,CN,1,N_pwm150_grab3
11302,-8036,-1596,12248,CN,1,N_pwm150_grab3
11308,-2396,-4714,8444,CN,1,N_pwm150_grab3
11318,-8588,-3058,12676,CN,1,N_pwm150_grab3
11323,-2564,170,14616,CN,1,N_pwm150_grab3
11327,-2442,662,8142,CN,1,N_pwm150_grab3
11332,-2820,6932,13088,CN,1,N_pwm150_grab3
11337,13432,-428,7646,CN,1,N_pwm150_grab3
11342,1778,2532,11728,CN,1,N_pwm150_grab3
11347,6774,696,9296,CN,1,N_pwm150_grab3
11353,13574,1000,8180,CN,1,N_pwm150_grab3
11358,2906,2856,12196,CN,1,N_pwm150_grab3
11363,7008,2050,10616,CN,1,N_pwm150_grab3
11368,6582,-7054,6280,CN,1,N_pwm150_grab3
11372,-3124,-1766,13538,CN,1,N_pwm150_grab3
11377,-3474,-3652,11314,CN,1,N_pwm150_grab3
11382,-7728,-1822,1824,CN,1,N_pwm150_grab3
11388,-7362,266,12512,CN,1,N_pwm150_grab3
11392,-3018,-4430,9286,CN,1,N_pwm150_grab3
11403,-8544,-1992,12618,CN,1,N_pwm150_grab3
11408,-1552,1420,15420,CN,1,N_pwm150_grab3
11413,-2032,818,9072,CN,1,N_pwm150_grab3
11417,7132,8696,16084,CN,1,N_pwm150_grab3
11422,12834,-1162,8006,CN,1,N_pwm150_grab3
11427,1656,2184,12020,CN,1,N_pwm150_grab3
11432,6700,420,9224,CN,1,N_pwm150_grab3
11437,13364,846,7796,CN,1,N_pwm150_grab3
11442,2656,2524,11642,CN,1,N_pwm150_grab3
11448,6966,2278,11044,CN,1,N_pwm150_grab3
11452,5944,-7150,6872,CN,1,N_pwm150_grab3
11457,-9474,-5812,14148,CN,1,N_pwm150_grab3
11463,-3738,-4700,10370,CN,1,N_pwm150_grab3
11467,-7310,-2034,1146,CN,1,N_pwm150_grab3
11472,-7584,-1162,12030,CN,1,N_pwm150_grab3
11479,-118,1710,14122,CN,1,N_pwm150_grab3
11484,-66,1468,10572,CN,1,N_pwm150_grab3
11488,20,7884,14256,CN,1,N_pwm150_grab3
11494,8914,4572,10228,CN,1,N_pwm150_grab3
11498,258,1368,12586,CN,1,N_pwm150_grab3
11503,5728,-460,8270,CN,1,N_pwm150_grab3
11509,456,-8366,4468,CN,1,N_pwm150_grab3
11514,-4994,-3222,14990,CN,1,N_pwm150_grab3
11518,1010,-5048,7342,CN,1,N_pwm150_grab3
11523,2986,-7724,5294,CN,1,N_pwm150_grab3
11529,-3996,-2464,14570,CN,1,N_pwm150_grab3
11534,1586,-4854,6666,CN,1,N_pwm150_grab3
11538,-6038,-850,3668,CN,1,N_pwm150_grab3
11543,-6146,2570,12290,CN,1,N_pwm150_grab3
11549,1728,3376,13178,CN,1,N_pwm150_grab3
11553,1844,1672,11742,CN,1,N_pwm150_grab3
11558,2042,10064,15662,CN,1,N_pwm150_grab3
11563,232,2986,13874,CN,1,N_pwm150_grab3
11568,628,1466,10676,CN,1,N_pwm150_grab3
11574,538,9996,15260,CN,1,N_pwm150_grab3
11584,-416,620,12534,CN,1,N_pwm150_grab3
11588,5156,-2356,6306,CN,1,N_pwm150_grab3
11593,-372,-8438,3782,CN,1,N_pwm150_grab3
11599,-5810,-4858,14662,CN,1,N_pwm150_grab3
11603,-276,-5054,7060,CN,1,N_pwm150_grab3
11608,2264,-8348,4904,CN,1,N_pwm150_grab3
11613,-4716,-3314,14428,CN,1,N_pwm150_grab3
11618,-3638,-2006,14638,CN,1,N_pwm150_grab3
11623,-5818,-450,5200,CN,1,N_pwm150_grab3
11629,-5374,2902,12570,CN,1,N_pwm150_grab3
11634,2046,3938,12690,CN,1,N_pwm150_grab3
11639,2136,2010,12492,CN,1,N_pwm150_grab3
11644,2480,10016,15736,CN,1,N_pwm150_grab3
11649,762,2762,13904,CN,1,N_pwm150_grab3
11653,824,1662,11272,CN,1,N_pwm150_grab3
11659,7652,7076,14768,CN,1,N_pwm150_grab3
11663,10868,-3376,8306,CN,1,N_pwm150_grab3
11668,-218,976,12834,CN,1,N_pwm150_grab3
11673,5480,-1004,7734,CN,1,N_pwm150_grab3
11679,-118,-8546,4286,CN,1,N_pwm150_grab3
11684,-5552,-3248,14828,CN,1,N_pwm150_grab3
11688,654,-4922,6954,CN,1,N_pwm150_grab3
11694,2344,-8058,5446,CN,1,N_pwm150_grab3
11699,-9422,-5320,13754,CN,1,N_pwm150_grab3
11704,-3842,-2952,12972,CN,1,N_pwm150_grab3
11709,-5692,-826,4128,CN,1,N_pwm150_grab3
11713,-5922,1988,11950,CN,1,N_pwm150_grab3
11718,1938,3106,12992,CN,1,N_pwm150_grab3
11723,1898,1720,12380,CN,1,N_pwm150_grab3
11728,2216,9212,15130,CN,1,N_pwm150_grab3
11734,11172,4144,9602,CN,1,N_pwm150_grab3
11739,-1452,226,13318,CN,1,N_pwm150_grab3
11744,4166,-2418,6590,CN,1,N_pwm150_grab3
11750,-2394,-8464,3088,CN,1,N_pwm150_grab3
11754,-6628,-4696,15100,CN,1,N_pwm150_grab3
11760,-704,-4664,8100,CN,1,N_pwm150_grab3
11770,-8930,-4424,13528,CN,1,N_pwm150_grab3
11776,-3372,-898,15130,CN,1,N_pwm150_grab3
11779,-4730,10,6186,CN,1,N_pwm150_grab3
11785,-4840,5302,12714,CN,1,N_pwm150_grab3
11790,3366,4356,11820,CN,1,N_pwm150_grab3
11794,2822,1666,12700,CN,1,N_pwm150_grab3
11799,3670,10148,16080,CN,1,N_pwm150_grab3
11804,12390,2774,8738,CN,1,N_pwm150_grab3
11810,4134,2834,12740,CN,1,N_pwm150_grab3
11814,7386,4132,13682,CN,1,N_pwm150_grab3
11819,10858,4058,8948,CN,1,N_pwm150_grab3
11824,-1346,6,12722,CN,1,N_pwm150_grab3
11830,4260,-3130,5618,CN,1,N_pwm150_grab3
11835,-1836,-8334,3310,CN,1,N_pwm150_grab3
11840,-6642,-4806,14866,CN,1,N_pwm150_grab3
11844,-1054,-4952,7262,CN,1,N_pwm150_grab3
11854,-9242,-5266,13270,CN,1,N_pwm150_grab3
11859,4388,4672,10868,CN,1,N_pwm150_grab3
11865,-5198,-250,6094,CN,1,N_pwm150_grab3
11869,-4750,3432,12416,CN,1,N_pwm150_grab3
11875,2610,4062,12250,CN,1,N_pwm150_grab3
11880,2526,1940,13008,CN,1,N_pwm150_grab3
11884,3152,10010,15728,CN,1,N_pwm150_grab3
11890,11786,4240,8548,CN,1,N_pwm150_grab3
11895,3986,2390,12216,CN,1,N_pwm150_grab3
11899,7546,6648,14482,CN,1,N_pwm150_grab3
11905,10324,-3520,8242,CN,1,N_pwm150_grab3
11910,-534,840,12920,CN,1,N_pwm150_grab3
11914,5064,-1238,7572,CN,1,N_pwm150_grab3
11920,-624,-8488,4240,CN,1,N_pwm150_grab3
11924,-5766,-3332,14942,CN,1,N_pwm150_grab3
11929,528,-4780,7170,CN,1,N_pwm150_grab3
11940,-9196,-5120,13774,CN,1,N_pwm150_grab3
11944,3294,3764,11876,CN,1,N_pwm150_grab3
11949,-5662,-754,4336,CN,1,N_pwm150_grab3
11954,-5774,1804,11658,CN,1,N_pwm150_grab3
11960,1822,2960,13022,CN,1,N_pwm150_grab3
11965,1912,1690,12368,CN,1,N_pwm150_grab3
11970,2008,9058,14850,CN,1,N_pwm150_grab3
11975,10884,4030,9506,CN,1,N_pwm150_grab3
11979,4232,2412,13246,CN,1,N_pwm150_grab3
11984,4296,-2306,6660,CN,1,N_pwm150_grab3
11990,-1944,-8346,3242,CN,1,N_pwm150_grab3
11995,-6214,-4554,15104,CN,1,N_pwm150_grab3
12000,-408,-4584,7960,CN,1,N_pwm150_grab3
12010,-8818,-4704,13696,CN,1,N_pwm150_grab3
12016,-3402,-1320,14996,CN,1,N_pwm150_grab3
12020,-5260,-172,5712,CN,1,N_pwm150_grab3
12025,4476,9522,16068,CN,1,N_pwm150_grab3
12032,12972,2086,8452,CN,1,N_pwm150_grab3
12036,2434,1568,12446,CN,1,N_pwm150_grab3
12041,2924,10056,15778,CN,1,N_pwm150_grab3
12046,11678,3212,8982,CN,1,N_pwm150_grab3
12050,4158,2682,12762,CN,1,N_pwm150_grab3
12055,7568,4934,14382,CN,1,N_pwm150_grab3
12061,10482,-4672,7792,CN,1,N_pwm150_grab3
12066,-7052,-5698,14976,CN,1,N_pwm150_grab3
12070,-1870,-4646,7912,CN,1,N_pwm150_grab3
12075,-550,-8296,3898,CN,1,N_pwm150_grab3
12081,-5920,-4446,14788,CN,1,N_pwm150_grab3
12085,-332,-4986,7040,CN,1,N_pwm150_grab3
12096,-9264,-5762,13458,CN,1,N_pwm150_grab3
12100,-3618,-2340,14282,CN,1,N_pwm150_grab3
12106,2782,1760,13114,CN,1,N_pwm150_grab3
12110,3518,10208,15868,CN,1,N_pwm150_grab3
12115,12078,3514,8302,CN,1,N_pwm150_grab3
12120,1752,1802,12310,CN,1,N_pwm150_grab3
12125,1972,9578,15260,CN,1,N_pwm150_grab3
12130,10504,4640,8804,CN,1,N_pwm150_grab3
12136,3960,2118,12522,CN,1,N_pwm150_grab3
12140,7446,7622,15206,CN,1,N_pwm150_grab3
12145,-1288,-8514,4110,CN,1,N_pwm150_grab3
12151,-6222,-3462,15024,CN,1,N_pwm150_grab3
12155,-100,-4828,7250,CN,1,N_pwm150_grab3
12160,1350,-8206,5156,CN,1,N_pwm150_grab3
12165,-4938,-2388,14714,CN,1,N_pwm150_grab3
12170,1358,-4688,6602,CN,1,N_pwm150_grab3
12181,-9328,-5288,14154,CN,1,N_pwm150_grab3
12185,2076,3138,12868,CN,1,N_pwm150_grab3
12191,2132,1654,12782,CN,1,N_pwm150_grab3
12196,2316,9052,14840,CN,1,N_pwm150_grab3
12201,11022,4264,9088,CN,1,N_pwm150_grab3
12205,482,1450,11152,CN,1,N_pwm150_grab3
12210,380,7826,13920,CN,1,N_pwm150_grab3
12220,4202,1954,13648,CN,1,N_pwm150_grab3
12226,5558,-306,8150,CN,1,N_pwm150_grab3
12231,608,-8204,4534,CN,1,N_pwm150_grab3
12235,-5076,-2840,15146,CN,1,N_pwm150_grab3
12240,1036,-4688,7322,CN,1,N_pwm150_grab3
12252,-8936,-5452,14174,CN,1,N_pwm150_grab3
12257,-3514,-3168,12794,CN,1,N_pwm150_grab3
12261,-6524,-1118,3248,CN,1,N_pwm150_grab3
12267,2700,9538,15366,CN,1,N_pwm150_grab3
12271,11596,3354,9054,CN,1,N_pwm150_grab3
12276,4254,2672,13126,CN,1,N_pwm150_grab3
12282,7740,5228,14304,CN,1,N_pwm150_grab3
12286,10654,-4248,7474,CN,1,N_pwm150_grab3
12292,4150,2202,13110,CN,1,N_pwm150_grab3
12296,7336,6774,15798,CN,1,N_pwm150_grab3
12301,12100,-2526,7426,CN,1,N_pwm150_grab3
12307,-5426,-4470,14952,CN,1,N_pwm150_grab3
12312,98,-4858,7088,CN,1,N_pwm150_grab3
12322,-9022,-5916,13740,CN,1,N_pwm150_grab3
12327,-3582,-2254,14042,CN,1,N_pwm150_grab3
12331,-7468,-6308,-636,CN,1,N_pwm150_grab3
12337,-9070,-6264,14128,CN,1,N_pwm150_grab3
12342,-3418,-3806,11372,CN,1,N_pwm150_grab3
12346,1236,1578,11714,CN,1,N_pwm150_grab3
12351,1128,9582,14914,CN,1,N_pwm150_grab3
12356,9706,4542,9090,CN,1,N_pwm150_grab3
12361,4002,2076,12628,CN,1,N_pwm150_grab3
12367,7248,7596,15618,CN,1,N_pwm150_grab3
12371,12066,-1952,8138,CN,1,N_pwm150_grab3
12376,3734,1666,13338,CN,1,N_pwm150_grab3
12382,6346,9048,16048,CN,1,N_pwm150_grab3
12387,2790,-8046,5452,CN,1,N_pwm150_grab3
12391,-4488,-2136,14460,CN,1,N_pwm150_grab3
12397,1508,-4742,6122,CN,1,N_pwm150_grab3
12407,-9130,-5586,14532,CN,1,N_pwm150_grab3
12411,-3422,-4548,10456,CN,1,N_pwm150_grab3
12416,-5616,-7610,1362,CN,1,N_pwm150_grab3
12422,-8522,-4648,15082,CN,1,N_pwm150_grab3
12426,-2804,-5080,8528,CN,1,N_pwm150_grab3
12431,-726,1174,10672,CN,1,N_pwm150_grab3
12436,-680,6986,13282,CN,1,N_pwm150_grab3
12441,7494,4478,9702,CN,1,N_pwm150_grab3
12446,3802,1864,13828,CN,1,N_pwm150_grab3
12452,6080,9014,15926,CN,1,N_pwm150_grab3
12456,12836,652,7178,CN,1,N_pwm150_grab3
12461,3522,1736,14116,CN,1,N_pwm150_grab3
12466,4978,9428,15904,CN,1,N_pwm150_grab3
12472,5206,-6862,6370,CN,1,N_pwm150_grab3
12476,-3238,-958,14420,CN,1,N_pwm150_grab3
12482,2380,-3786,6654,CN,1,N_pwm150_grab3
12486,-6064,-7612,1218,CN,1,N_pwm150_grab3
12491,-8474,-4884,15092,CN,1,N_pwm150_grab3
12497,-2642,-4596,9130,CN,1,N_pwm150_grab3
12502,-8274,-2918,-466,CN,1,N_pwm150_grab3
12507,-8298,-2628,12544,CN,1,N_pwm150_grab3
12512,7858,4132,10076,CN,1,N_pwm150_grab3
12518,4138,1684,13824,CN,1,N_pwm150_grab3
12522,6390,8364,15886,CN,1,N_pwm150_grab3
12528,12802,-196,7100,CN,1,N_pwm150_grab3
12533,2000,2376,11514,CN,1,N_pwm150_grab3
12537,6712,1108,9978,CN,1,N_pwm150_grab3
12544,4932,-7110,5782,CN,1,N_pwm150_grab3
12547,3184,2748,12164,CN,1,N_pwm150_grab3
12552,1864,-4304,5558,CN,1,N_pwm150_grab3
12557,-6024,-7122,500,CN,1,N_pwm150_grab3
12562,-8186,-6244,14634,CN,1,N_pwm150_grab3
12567,-2852,-3664,10220,CN,1,N_pwm150_grab3
12572,-8312,-2354,390,CN,1,N_pwm150_grab3
12577,-8002,-1304,12906,CN,1,N_pwm150_grab3
12583,-1650,1318,15550,CN,1,N_pwm150_grab3
12587,-8740,-3162,-838,CN,1,N_pwm150_grab3
12592,-2774,7956,13472,CN,1,N_pwm150_grab3
12597,5530,4580,10050,CN,1,N_pwm150_grab3
12602,3474,1310,13236,CN,1,N_pwm150_grab3
12607,5274,9272,16086,CN,1,N_pwm150_grab3
12612,12748,1138,8088,CN,1,N_pwm150_grab3
12617,3416,2568,12236,CN,1,N_pwm150_grab3
12623,7306,2748,12252,CN,1,N_pwm150_grab3
12627,7898,-6400,7212,CN,1,N_pwm150_grab3
12632,-2288,-402,13204,CN,1,N_pwm150_grab3
12637,3446,-3496,5792,CN,1,N_pwm150_grab3
12642,-3014,-7996,2640,CN,1,N_pwm150_grab3
12648,-7062,-4768,15390,CN,1,N_pwm150_grab3
12653,-1412,-4818,7714,CN,1,N_pwm150_grab3
12662,-8768,-4868,13264,CN,2,N_pwm150_grab3
12668,-3080,-1570,15216,CN,2,N_pwm150_grab3
12673,-5052,-74,6478,CN,2,N_pwm150_grab3
12677,-4476,3386,11968,CN,2,N_pwm150_grab3
12682,2484,3754,12252,CN,2,N_pwm150_grab3
12687,2206,1576,12890,CN,2,N_pwm150_grab3
12693,2290,9562,15048,CN,2,N_pwm150_grab3
12697,10748,4324,8488,CN,2,N_pwm150_grab3
12703,4026,2028,12350,CN,2,N_pwm150_grab3
12707,7370,7312,15010,CN,2,N_pwm150_grab3
12713,-1454,-8314,3776,CN,2,N_pwm150_grab3
12718,278,1488,12302,CN,2,N_pwm150_grab3
12723,5858,106,8830,CN,2,N_pwm150_grab3
12728,1764,-8140,5276,CN,2,N_pwm150_grab3
12732,-4952,-1862,14796,CN,2,N_pwm150_grab3
12738,1376,-4640,6588,CN,2,N_pwm150_grab3
12742,-8044,-6374,-546,CN,2,N_pwm150_grab3
12748,-9000,-5076,14534,CN,2,N_pwm150_grab3
12753,1588,2618,13154,CN,2,N_pwm150_grab3
12758,1476,1542,12510,CN,2,N_pwm150_grab3
12763,1318,8322,13958,CN,2,N_pwm150_grab3
12769,9384,4462,8872,CN,2,N_pwm150_grab3
12773,3990,1866,13186,CN,2,N_pwm150_grab3
12779,6766,8354,15368,CN,2,N_pwm150_grab3
12783,11796,-654,7152,CN,2,N_pwm150_grab3
12789,1372,1788,11748,CN,2,N_pwm150_grab3
12794,1130,-4694,6890,CN,2,N_pwm150_grab3
12800,-8252,-5902,-468,CN,2,N_pwm150_grab3
12803,-3954,-1108,14586,CN,2,N_pwm150_grab3
12808,1894,-4042,6482,CN,2,N_pwm150_grab3
12814,-6378,-7070,1114,CN,2,N_pwm150_grab3
12818,-8264,-4786,15254,CN,2,N_pwm150_grab3
12823,-2820,-4372,9692,CN,2,N_pwm150_grab3
12828,-7818,-2456,78,CN,2,N_pwm150_grab3
12834,-194,7484,13246,CN,2,N_pwm150_grab3
12839,7636,4095,-1,CN,2,N_pwm150_grab3
12843,-2810,590,8772,CN,2,N_pwm150_grab3
12849,-2356,5950,12216,CN,2,N_pwm150_grab3
12854,4932,4064,10782,CN,2,N_pwm150_grab3
12859,3538,1136,14024,CN,2,N_pwm150_grab3
12864,4412,9072,15858,CN,2,N_pwm150_grab3
12869,12098,2092,7612,CN,2,N_pwm150_grab3
12873,-2962,-1082,14052,CN,2,N_pwm150_grab3
12878,2414,-3752,5862,CN,2,N_pwm150_grab3
12884,-4458,-7460,1458,CN,2,N_pwm150_grab3
12889,-1626,48,13010,CN,2,N_pwm150_grab3
12893,4116,-2566,6514,CN,2,N_pwm150_grab3
12899,-1526,-8074,3118,CN,2,N_pwm150_grab3
12903,-5980,-3982,15526,CN,2,N_pwm150_grab3
12908,-110,-4506,8042,CN,2,N_pwm150_grab3
12913,-4416,294,7232,CN,2,N_pwm150_grab3
12918,-4182,5268,12030,CN,2,N_pwm150_grab3
12924,3484,3968,11738,CN,2,N_pwm150_grab3
12929,-6018,-334,4724,CN,2,N_pwm150_grab3
12933,-6098,3180,11920,CN,2,N_pwm150_grab3
12938,1758,3290,13514,CN,2,N_pwm150_grab3
12943,1108,1084,11638,CN,2,N_pwm150_grab3
12949,1024,9470,14470,CN,2,N_pwm150_grab3
12953,10154,-4442,7036,CN,2,N_pwm150_grab3
12959,-456,716,12026,CN,2,N_pwm150_grab3
12964,5192,-2106,6716,CN,2,N_pwm150_grab3
12969,880,-7930,4114,CN,2,N_pwm150_grab3
12973,1398,2064,11582,CN,2,N_pwm150_grab3
12978,6342,-540,8432,CN,2,N_pwm150_grab3
12983,4122,-7538,5334,CN,2,N_pwm150_grab3
12989,-3912,-2236,14086,CN,2,N_pwm150_grab3
12994,-3340,-2608,12776,CN,2,N_pwm150_grab3
12998,-7140,-978,2994,CN,2,N_pwm150_grab3
13003,-6908,940,12232,CN,2,N_pwm150_grab3
13008,-110,2596,14518,CN,2,N_pwm150_grab3
13014,-872,976,10408,CN,2,N_pwm150_grab3
13020,-1188,8382,13316,CN,2,N_pwm150_grab3
13025,6526,4558,9370,CN,2,N_pwm150_grab3
13029,3844,1134,13454,CN,2,N_pwm150_grab3
13034,6302,222,8824,CN,2,N_pwm150_grab3
13040,4046,-7628,5634,CN,2,N_pwm150_grab3
13044,-4150,-1384,14206,CN,2,N_pwm150_grab3
13049,1604,-4286,5804,CN,2,N_pwm150_grab3
13054,-5950,-6844,596,CN,2,N_pwm150_grab3
13059,-2694,-264,13470,CN,2,N_pwm150_grab3
13064,3268,-3462,6122,CN,2,N_pwm150_grab3
13070,-3038,-7892,2496,CN,2,N_pwm150_grab3
13074,-7494,-3192,12818,CN,2,N_pwm150_grab3
13080,-1914,26,15380,CN,2,N_pwm150_grab3
13084,-3390,498,8512,CN,2,N_pwm150_grab3
13089,-2928,5486,12060,CN,2,N_pwm150_grab3
13095,3880,4414,10572,CN,2,N_pwm150_grab3
13099,-5558,-186,6004,CN,2,N_pwm150_grab3
13104,-4714,2548,11582,CN,2,N_pwm150_grab3
13109,1872,3376,12496,CN,2,N_pwm150_grab3
13114,1540,1460,12418,CN,2,N_pwm150_grab3
13119,7158,5546,14450,CN,2,N_pwm150_grab3
13124,9820,-4160,7906,CN,2,N_pwm150_grab3
13130,-690,1256,12506,CN,2,N_pwm150_grab3
13134,5180,-1142,7684,CN,2,N_pwm150_grab3
13140,626,-8084,4588,CN,2,N_pwm150_grab3
13144,1384,1940,11936,CN,2,N_pwm150_grab3
13149,6372,1304,9990,CN,2,N_pwm150_grab3
13154,4302,-7390,6146,CN,2,N_pwm150_grab3
13160,-8550,-5022,14756,CN,2,N_pwm150_grab3
13164,-3056,-4162,11226,CN,2,N_pwm150_grab3
13170,-7244,-1456,2062,CN,2,N_pwm150_grab3
13174,-6274,-1342,11888,CN,2,N_pwm150_grab3
13179,-274,1322,14190,CN,2,N_pwm150_grab3
13189,-7690,-3594,12760,CN,2,N_pwm150_grab3
13195,-2118,-758,15014,CN,2,N_pwm150_grab3
13200,3598,1298,13958,CN,2,N_pwm150_grab3
13205,5212,9206,15534,CN,2,N_pwm150_grab3
13209,12116,1696,7270,CN,2,N_pwm150_grab3
13215,3042,1848,11514,CN,2,N_pwm150_grab3
13219,6806,3712,12640,CN,2,N_pwm150_grab3
13224,7610,-5770,7132,CN,2,N_pwm150_grab3
13229,4010,1814,12174,CN,2,N_pwm150_grab3
13234,7198,6334,14638,CN,2,N_pwm150_grab3
13240,-2308,-8058,3286,CN,2,N_pwm150_grab3
13244,-6848,-3158,15572,CN,2,N_pwm150_grab3
13250,-304,-4816,7678,CN,2,N_pwm150_grab3
13259,-8534,-4914,13822,CN,2,N_pwm150_grab3
13264,-3138,-2816,13618,CN,2,N_pwm150_grab3
13270,-4058,-5875,17154,CN,2,N_pwm150_grab3
13275,-5000,1070,11218,CN,2,N_pwm150_grab3
13280,10948,3826,7870,CN,2,N_pwm150_grab3
13286,3932,1794,12140,CN,2,N_pwm150_grab3
13291,7178,6824,14506,CN,2,N_pwm150_grab3
13296,10126,-3034,7524,CN,2,N_pwm150_grab3
13301,-116,1244,12450,CN,2,N_pwm150_grab3
13305,5552,-92,8880,CN,2,N_pwm150_grab3
13312,1510,-7908,4980,CN,2,N_pwm150_grab3
13316,1782,1742,11522,CN,2,N_pwm150_grab3
13320,1312,-4384,6660,CN,2,N_pwm150_grab3
13326,-7502,-6336,88,CN,2,N_pwm150_grab3
13330,-8632,-4442,15068,CN,2,N_pwm150_grab3
13335,-2972,-4488,9924,CN,2,N_pwm150_grab3
13341,-7362,-1952,1088,CN,2,N_pwm150_grab3
13345,-7160,-1968,11904,CN,2,N_pwm150_grab3
13350,-860,322,11904,CN,2,N_pwm150_grab3
13355,-8102,-3210,-740,CN,2,N_pwm150_grab3
13360,-1652,5646,11954,CN,2,N_pwm150_grab3
13365,5112,4028,10170,CN,2,N_pwm150_grab3
13371,3470,1092,14182,CN,2,N_pwm150_grab3
13375,4462,8974,15816,CN,2,N_pwm150_grab3
13380,11676,2192,7146,CN,2,N_pwm150_grab3
13385,3250,2068,11652,CN,2,N_pwm150_grab3
13390,7254,4256,13224,CN,2,N_pwm150_grab3
13395,8298,-5082,7082,CN,2,N_pwm150_grab3
13400,-1342,362,13150,CN,2,N_pwm150_grab3
13406,4414,-2238,6836,CN,2,N_pwm150_grab3
13410,-556,-8030,3676,CN,2,N_pwm150_grab3
13416,-5826,-3004,15484,CN,2,N_pwm150_grab3
13420,384,-4618,7214,CN,2,N_pwm150_grab3
13426,-7694,-4698,-236,CN,2,N_pwm150_grab3
13430,-8076,-5096,14576,CN,2,N_pwm150_grab3
13436,-3246,-3084,12016,CN,2,N_pwm150_grab3
13440,-6624,-626,3040,CN,2,N_pwm150_grab3
13446,-6672,548,11524,CN,2,N_pwm150_grab3
13451,392,2034,14518,CN,2,N_pwm150_grab3
13455,-606,864,11050,CN,2,N_pwm150_grab3
13460,-602,7322,12728,CN,2,N_pwm150_grab3
13465,6566,4098,9600,CN,2,N_pwm150_grab3
13471,3864,974,13918,CN,2,N_pwm150_grab3
13476,5256,8680,15788,CN,2,N_pwm150_grab3
13481,4150,-7300,5740,CN,2,N_pwm150_grab3
13486,2608,2074,11312,CN,2,N_pwm150_grab3
13491,7018,3438,12394,CN,2,N_pwm150_grab3
13495,7300,-5726,6754,CN,2,N_pwm150_grab3
13500,-2148,208,13640,CN,2,N_pwm150_grab3
13506,3728,-2608,6718,CN,2,N_pwm150_grab3
13510,-2010,-8008,2996,CN,2,N_pwm150_grab3
13516,-6394,-3074,15832,CN,2,N_pwm150_grab3
13521,-2442,-798,14934,CN,2,N_pwm150_grab3
13526,-4422,366,7176,CN,2,N_pwm150_grab3
13531,-3808,3706,11246,CN,2,N_pwm150_grab3
13536,3252,3534,11746,CN,2,N_pwm150_grab3
13541,2472,1098,13412,CN,2,N_pwm150_grab3
13547,2356,8762,14496,CN,2,N_pwm150_grab3
13551,10134,3368,8502,CN,2,N_pwm150_grab3
13556,4012,1650,12792,CN,2,N_pwm150_grab3
13561,4278,-2058,7066,CN,2,N_pwm150_grab3
13568,-866,-8086,3394,CN,2,N_pwm150_grab3
13572,380,1768,11764,CN,2,N_pwm150_grab3
13576,5856,72,8982,CN,2,N_pwm150_grab3
13582,2884,-7650,5076,CN,2,N_pwm150_grab3
13587,-4248,-1410,14804,CN,2,N_pwm150_grab3
13591,1238,-4284,6486,CN,2,N_pwm150_grab3
13596,-6330,-6430,746,CN,2,N_pwm150_grab3
13601,-6452,6,11296,CN,2,N_pwm150_grab3
13606,366,1946,14062,CN,2,N_pwm150_grab3
13611,-7740,-2112,424,CN,2,N_pwm150_grab3
13616,-7478,-2736,12490,CN,2,N_pwm150_grab3
13621,-1838,102,14870,CN,2,N_pwm150_grab3
13626,-3304,566,8458,CN,2,N_pwm150_grab3
13632,-2908,4836,11404,CN,2,N_pwm150_grab3
13637,3976,3956,10870,CN,2,N_pwm150_grab3
13642,2548,2108,11304,CN,2,N_pwm150_grab3
13647,6832,3140,11926,CN,2,N_pwm150_grab3
13652,6984,-5902,6568,CN,2,N_pwm150_grab3
13657,3864,1742,12290,CN,2,N_pwm150_grab3
13661,7190,5964,14216,CN,2,N_pwm150_grab3
13667,9726,-3756,7016,CN,2,N_pwm150_grab3
13671,-638,1268,12470,CN,2,N_pwm150_grab3
13676,5196,-658,8108,CN,2,N_pwm150_grab3
13682,-8508,-4300,-688,CN,2,N_pwm150_grab3
13687,-7826,-4652,14116,CN,2,N_pwm150_grab3
13691,-3008,-2322,13574,CN,2,N_pwm150_grab3
13701,-8156,-5156,14798,CN,2,N_pwm150_grab3
13706,-2940,-3850,11250,CN,2,N_pwm150_grab3
13711,-7210,-1448,2116,CN,2,N_pwm150_grab3
13717,-6622,-1170,11910,CN,2,N_pwm150_grab3
13722,-714,1374,14198,CN,2,N_pwm150_grab3
13727,4284,1418,13544,CN,2,N_pwm150_grab3
13732,6562,7868,15516,CN,2,N_pwm150_grab3
13736,12104,-1010,7080,CN,2,N_pwm150_grab3
13742,3902,1206,13950,CN,2,N_pwm150_grab3
13747,5016,8888,15558,CN,2,N_pwm150_grab3
13751,12464,1598,7916,CN,2,N_pwm150_grab3
13756,3128,2100,11968,CN,2,N_pwm150_grab3
13761,7098,3852,12478,CN,2,N_pwm150_grab3
13766,-5410,-7260,1112,CN,2,N_pwm150_grab3
13772,-7852,-4640,15618,CN,2,N_pwm150_grab3
13777,-2038,-4518,9226,CN,2,N_pwm150_grab3
13783,-8414,-2962,-134,CN,2,N_pwm150_grab3
13788,-7560,-3642,13198,CN,2,N_pwm150_grab3
13793,-2422,-620,15018,CN,2,N_pwm150_grab3
13797,-4104,408,7680,CN,2,N_pwm150_grab3
13803,-3864,4282,11676,CN,2,N_pwm150_grab3
13808,12378,1762,7976,CN,2,N_pwm150_grab3
13813,3392,2018,12090,CN,2,N_pwm150_grab3
13818,7168,3892,12920,CN,2,N_pwm150_grab3
13824,8376,-5664,7210,CN,2,N_pwm150_grab3
13827,4184,1770,12484,CN,2,N_pwm150_grab3
13832,7192,6322,14908,CN,2,N_pwm150_grab3
13838,10756,-3228,7296,CN,2,N_pwm150_grab3
13843,142,1498,12096,CN,2,N_pwm150_grab3
13847,-94,-4988,7500,CN,2,N_pwm150_grab3
13853,-8280,-4636,-1246,CN,2,N_pwm150_grab3
13858,-8134,-5388,14000,CN,2,N_pwm150_grab3
13863,-3216,-2692,13524,CN,2,N_pwm150_grab3
13867,-7100,-6158,-190,CN,2,N_pwm150_grab3
13873,-8244,-5444,15010,CN,2,N_pwm150_grab3
13877,-2934,-4048,10552,CN,2,N_pwm150_grab3
13883,-7788,-1696,1208,CN,2,N_pwm150_grab3
13887,24,8410,13642,CN,2,N_pwm150_grab3
13892,7776,4332,8934,CN,2,N_pwm150_grab3
13897,4042,1278,13420,CN,2,N_pwm150_grab3
13903,5906,8346,15738,CN,2,N_pwm150_grab3
13907,12280,-394,7322,CN,2,N_pwm150_grab3
13912,3192,960,13754,CN,2,N_pwm150_grab3
13917,4146,9394,15448,CN,2,N_pwm150_grab3
13922,11724,2452,7852,CN,2,N_pwm150_grab3
13928,-2880,-476,13724,CN,2,N_pwm150_grab3
13933,2876,-3696,5672,CN,2,N_pwm150_grab3
13937,-3830,-7562,2292,CN,2,N_pwm150_grab3
13942,-7420,-4020,15674,CN,2,N_pwm150_grab3
13947,-1178,-4870,8028,CN,2,N_pwm150_grab3
13953,0,-7970,4226,CN,2,N_pwm150_grab3
13958,-5824,-1628,15148,CN,2,N_pwm150_grab3
13963,860,-4712,6974,CN,2,N_pwm150_grab3
13968,-5536,-378,5814,CN,2,N_pwm150_grab3
13972,-4694,1636,11240,CN,2,N_pwm150_grab3
13978,1812,2948,12568,CN,2,N_pwm150_grab3
13982,1348,1338,12158,CN,2,N_pwm150_grab3
13988,1158,8544,14172,CN,2,N_pwm150_grab3
13992,8822,4092,8408,CN,2,N_pwm150_grab3
13997,-1088,942,10480,CN,2,N_pwm150_grab3
14003,-1174,6634,12524,CN,2,N_pwm150_grab3
14007,11666,-960,7142,CN,2,N_pwm150_grab3
14013,1610,1840,11518,CN,2,N_pwm150_grab3
14017,6622,1740,10880,CN,2,N_pwm150_grab3
14022,5296,-7050,6556,CN,2,N_pwm150_grab3
14027,-3464,-260,13984,CN,2,N_pwm150_grab3
14033,2434,-3586,6222,CN,2,N_pwm150_grab3
14039,-4670,-7366,2166,CN,2,N_pwm150_grab3
14043,-7948,-3668,15656,CN,2,N_pwm150_grab3
14048,-1218,244,14768,CN,2,N_pwm150_grab3
14054,-2228,634,9680,CN,2,N_pwm150_grab3
14059,-1976,5058,11762,CN,2,N_pwm150_grab3
14064,4358,4222,9884,CN,2,N_pwm150_grab3
14068,3150,1198,14184,CN,2,N_pwm150_grab3
14073,3872,9132,15018,CN,2,N_pwm150_grab3
14080,11324,3058,7602,CN,2,N_pwm150_grab3
14083,1898,1374,12882,CN,2,N_pwm150_grab3
14089,6896,5614,14198,CN,2,N_pwm150_grab3
14093,9318,-4236,7562,CN,2,N_pwm150_grab3
14099,-778,998,13024,CN,2,N_pwm150_grab3
14103,5120,-920,8116,CN,2,N_pwm150_grab3
14108,430,-7970,4616,CN,2,N_pwm150_grab3
14113,-5536,-1720,15020,CN,2,N_pwm150_grab3
14118,1006,-4698,7040,CN,2,N_pwm150_grab3
14124,4580,-7198,5982,CN,2,N_pwm150_grab3
14128,-8488,-4774,14892,CN,2,N_pwm150_grab3
14133,-2884,-4276,10486,CN,2,N_pwm150_grab3
14139,-7374,-1434,1678,CN,2,N_pwm150_grab3
14144,-6334,-1928,11882,CN,2,N_pwm150_grab3
14148,-736,788,14760,CN,2,N_pwm150_grab3
14154,-1890,710,10126,CN,2,N_pwm150_grab3
14158,-1606,5500,11820,CN,2,N_pwm150_grab3
14164,4662,4240,9860,CN,2,N_pwm150_grab3
14168,3192,1084,14170,CN,2,N_pwm150_grab3
14173,3938,8948,15192,CN,2,N_pwm150_grab3
14179,11222,2838,7262,CN,2,N_pwm150_grab3
14184,3658,1636,11714,CN,2,N_pwm150_grab3
14189,6926,5410,14264,CN,2,N_pwm150_grab3
14193,9018,-4296,7398,CN,2,N_pwm150_grab3
14199,-756,940,13018,CN,2,N_pwm150_grab3
14203,5162,-1024,7958,CN,2,N_pwm150_grab3
14208,562,-7958,4658,CN,2,N_pwm150_grab3
14213,-5450,-1594,15100,CN,2,N_pwm150_grab3
14218,1024,-4544,6846,CN,2,N_pwm150_grab3
14224,-7416,-5736,-48,CN,2,N_pwm150_grab3
14229,-8402,-4790,14942,CN,2,N_pwm150_grab3
14234,-2840,-4194,10304,CN,2,N_pwm150_grab3
14239,-7260,-1362,1510,CN,2,N_pwm150_grab3
14244,-6420,-2034,11918,CN,2,N_pwm150_grab3
14248,7704,4046,8454,CN,2,N_pwm150_grab3
14253,-2096,730,10020,CN,2,N_pwm150_grab3
14258,-1754,5376,11670,CN,2,N_pwm150_grab3
14264,4524,4156,10004,CN,2,N_pwm150_grab3
14269,3042,1082,14228,CN,2,N_pwm150_grab3
14274,3720,9082,15318,CN,2,N_pwm150_grab3
14279,10924,2910,7390,CN,2,N_pwm150_grab3
14284,3732,1612,11608,CN,2,N_pwm150_grab3
14288,3266,-2870,6420,CN,2,N_pwm150_grab3
14295,-2694,-7676,3338,CN,2,N_pwm150_grab3
14299,-7046,-2992,15732,CN,2,N_pwm150_grab3
14305,-180,-4650,7962,CN,2,N_pwm150_grab3
14310,-7832,-4106,-682,CN,2,N_pwm150_grab3
14314,-7986,-4690,14172,CN,2,N_pwm150_grab3
14320,-2952,-2746,13028,CN,2,N_pwm150_grab3
14325,-6210,-368,4454,CN,2,N_pwm150_grab3
14329,2402,8700,14596,CN,2,N_pwm150_grab3
14334,9604,3668,7764,CN,2,N_pwm150_grab3
14339,130,1096,11600,CN,2,N_pwm150_grab3
14345,170,7344,12636,CN,2,N_pwm150_grab3
14349,6588,4024,8482,CN,2,N_pwm150_grab3
14354,3626,894,13820,CN,2,N_pwm150_grab3
14360,4946,8712,15392,CN,2,N_pwm150_grab3
14364,11128,952,6840,CN,2,N_pwm150_grab3
14369,-3950,-366,14214,CN,2,N_pwm150_grab3
14374,1914,-3820,6052,CN,2,N_pwm150_grab3
14380,7504,-5654,7102,CN,2,N_pwm150_grab3
14384,-1770,622,13528,CN,2,N_pwm150_grab3
14390,4172,-1978,7172,CN,2,N_pwm150_grab3
14395,-1048,-7870,4034,CN,2,N_pwm150_grab3
14400,-6264,-2030,15594,CN,2,N_pwm150_grab3
14404,612,-4774,7462,CN,2,N_pwm150_grab3
14410,-5046,52,6770,CN,2,N_pwm150_grab3
14414,-3978,1122,10898,CN,2,N_pwm150_grab3
14419,2068,2564,12602,CN,2,N_pwm150_grab3
14424,-6978,-1144,2360,CN,2,N_pwm150_grab3
14430,-5828,-1494,11586,CN,2,N_pwm150_grab3
14434,-260,874,14458,CN,2,N_pwm150_grab3
14440,-1522,818,10516,CN,2,N_pwm150_grab3
14444,-1172,5770,11794,CN,2,N_pwm150_grab3
14449,4868,4088,9412,CN,2,N_pwm150_grab3
14455,1960,1652,11514,CN,2,N_pwm150_grab3
14460,6542,2058,11634,CN,2,N_pwm150_grab3
14465,10752,2468,7290,CN,2,N_pwm150_grab3
14469,3588,1380,11548,CN,2,N_pwm150_grab3
14474,6844,5346,14324,CN,2,N_pwm150_grab3
14479,8910,-4192,7354,CN,2,N_pwm150_grab3
14485,-516,1128,12842,CN,2,N_pwm150_grab3
14489,5320,-736,8254,CN,2,N_pwm150_grab3
14495,-7666,-4206,-698,CN,2,N_pwm150_grab3
14499,-7870,-4626,14184,CN,2,N_pwm150_grab3
14505,-2900,-2842,12912,CN,2,N_pwm150_grab3
14509,-6694,-6022,534,CN,2,N_pwm150_grab3
14515,-8316,-4514,15280,CN,2,N_pwm150_grab3
14520,-2558,-4402,9734,CN,2,N_pwm150_grab3
14525,-7426,-1784,792,CN,2,N_pwm150_grab3
14530,-6526,-2984,12452,CN,2,N_pwm150_grab3
14534,6430,4214,8644,CN,2,N_pwm150_grab3
14539,3668,990,13986,CN,2,N_pwm150_grab3
14544,4926,8626,15082,CN,2,N_pwm150_grab3
14550,11312,1376,7206,CN,2,N_pwm150_grab3
14555,2904,1384,11290,CN,2,N_pwm150_grab3
14560,6664,4216,13198,CN,2,N_pwm150_grab3
14565,7742,-5264,7222,CN,2,N_pwm150_grab3
14571,-1862,704,13356,CN,2,N_pwm150_grab3
14575,-1440,-4724,8580,CN,2,N_pwm150_grab3
14580,-7888,-3292,-556,CN,2,N_pwm150_grab3
14585,-7420,-3906,13564,CN,2,N_pwm150_grab3
14590,-2692,-1908,14344,CN,2,N_pwm150_grab3
14595,-7726,-5208,-478,CN,2,N_pwm150_grab3
14601,-8194,-4386,14742,CN,2,N_pwm150_grab3
14606,-2838,-3842,11254,CN,2,N_pwm150_grab3
14610,-6958,-1128,2744,CN,2,N_pwm150_grab3
14615,1494,7720,13488,CN,2,N_pwm150_grab3
14621,8316,3996,8194,CN,2,N_pwm150_grab3
14626,4096,1056,13416,CN,2,N_pwm150_grab3
14630,5744,8092,15216,CN,2,N_pwm150_grab3
14635,4958,4138,9362,CN,2,N_pwm150_grab3
14641,3274,1006,14198,CN,2,N_pwm150_grab3
14645,4088,8858,14978,CN,2,N_pwm150_grab3
14650,11058,2436,7386,CN,2,N_pwm150_grab3
14655,-2964,32,13560,CN,2,N_pwm150_grab3
14661,2912,-3036,6272,CN,2,N_pwm150_grab3
14665,-3316,-7534,2896,CN,2,N_pwm150_grab3
14670,-7432,-3134,15718,CN,2,N_pwm150_grab3
14676,-586,-4686,8082,CN,2,N_pwm150_grab3
14681,828,-7872,4422,CN,2,N_pwm150_grab3
14686,-5424,-1588,14818,CN,2,N_pwm150_grab3
14690,876,-4514,6654,CN,2,N_pwm150_grab3
14696,-6088,-216,5150,CN,2,N_pwm150_grab3
14700,-4974,1010,11392,CN,2,N_pwm150_grab3
14706,1216,2484,13686,CN,2,N_pwm150_grab3
14710,176,1096,11470,CN,2,N_pwm150_grab3
14716,144,7596,13140,CN,2,N_pwm150_grab3
14721,-1330,488,15358,CN,2,N_pwm150_grab3
14725,-2868,584,9470,CN,2,N_pwm150_grab3
14731,-2410,5234,11622,CN,2,N_pwm150_grab3
14735,11458,552,7012,CN,2,N_pwm150_grab3
14741,2754,1708,11350,CN,2,N_pwm150_grab3
14746,6826,2908,12796,CN,2,N_pwm150_grab3
14751,7510,-5938,7126,CN,2,N_pwm150_grab3
14755,-1862,376,13254,CN,2,N_pwm150_grab3
14761,4006,-2496,6290,CN,2,N_pwm150_grab3
14766,9964,-3394,6974,CN,2,N_pwm150_grab3
14771,478,1522,12290,CN,2,N_pwm150_grab3
14776,196,-4746,7162,CN,2,N_pwm150_grab3
14780,-7532,-4616,-478,CN,2,N_pwm150_grab3
14785,-7940,-5076,14584,CN,2,N_pwm150_grab3
14791,-3060,-3110,12152,CN,2,N_pwm150_grab3
14796,-6956,-726,3196,CN,2,N_pwm150_grab3
14800,-5854,-502,11742,CN,2,N_pwm150_grab3
14806,-172,1730,14924,CN,2,N_pwm150_grab3
14811,-1326,880,10392,CN,2,N_pwm150_grab3
14817,5680,7848,15584,CN,2,N_pwm150_grab3
14821,11254,-1016,6842,CN,2,N_pwm150_grab3
14827,2010,1818,11504,CN,2,N_pwm150_grab3
14832,6666,1688,11430,CN,2,N_pwm150_grab3
14837,6186,-6804,6660,CN,2,N_pwm150_grab3
14841,-2936,110,13640,CN,2,N_pwm150_grab3
14846,3002,-3110,6226,CN,2,N_pwm150_grab3
14851,9144,-4340,7188,CN,2,N_pwm150_grab3
14857,-7228,-2662,15768,CN,2,N_pwm150_grab3
14861,-286,-4920,7854,CN,2,N_pwm150_grab3
14866,-7972,-4360,-840,CN,2,N_pwm150_grab3
14871,-7748,-4412,14342,CN,2,N_pwm150_grab3
14876,-2966,-3180,12646,CN,2,N_pwm150_grab3
14881,-6396,-656,4598,CN,2,N_pwm150_grab3
14887,-5232,-190,11216,CN,2,N_pwm150_grab3
14892,-2496,-4460,9990,CN,2,N_pwm150_grab3
14896,-298,1132,10980,CN,2,N_pwm150_grab3
14902,-362,6602,12584,CN,2,N_pwm150_grab3
14906,6050,4202,8950,CN,2,N_pwm150_grab3
14912,3652,858,14022,CN,2,N_pwm150_grab3
14916,4542,8852,15164,CN,2,N_pwm150_grab3
14922,11418,1362,7424,CN,2,N_pwm150_grab3
14926,3148,1552,11550,CN,2,N_pwm150_grab3
14931,6932,4154,13628,CN,2,N_pwm150_grab3
14936,9810,3494,7992,CN,2,N_pwm150_grab3
14941,-1366,864,13064,CN,2,N_pwm150_grab3
14947,4572,-1498,7156,CN,2,N_pwm150_grab3
14951,-408,-7774,3900,CN,2,N_pwm150_grab3
14957,-6060,-1942,15038,CN,2,N_pwm150_grab3
14962,540,-4732,6904,CN,2,N_pwm150_grab3
14966,-7206,-5334,-142,CN,2,N_pwm150_grab3
14971,-8016,-4820,15006,CN,2,N_pwm150_grab3
14977,1896,-3768,6226,CN,2,N_pwm150_grab3
14981,-7284,-1294,2122,CN,2,N_pwm150_grab3
14987,-6132,-1848,12118,CN,2,N_pwm150_grab3
14992,-956,878,14886,CN,2,N_pwm150_grab3
14997,-2274,822,9626,CN,2,N_pwm150_grab3
15001,-2078,5456,11836,CN,2,N_pwm150_grab3
15006,4280,4152,10126,CN,2,N_pwm150_grab3
15011,3074,910,13824,CN,2,N_pwm150_grab3
15016,3466,8984,14804,CN,2,N_pwm150_grab3
15021,10822,2846,7944,CN,2,N_pwm150_grab3
15027,3922,1318,11982,CN,2,N_pwm150_grab3
15031,6786,5832,14714,CN,2,N_pwm150_grab3
15036,9834,-3486,6956,CN,2,N_pwm150_grab3
15041,42,1382,12314,CN,2,N_pwm150_grab3
15046,5716,-468,8284,CN,2,N_pwm150_grab3
15052,2416,-7514,4954,CN,2,N_pwm150_grab3
15057,-4884,-1116,14230,CN,2,N_pwm150_grab3
15063,-2998,-2842,12534,CN,2,N_pwm150_grab3
15067,-6652,-736,3836,CN,2,N_pwm150_grab3
15073,-5746,-108,11590,CN,2,N_pwm150_grab3
15077,30,1924,14298,CN,2,N_pwm150_grab3
15082,-1206,970,10392,CN,2,N_pwm150_grab3
15088,-1252,6714,12370,CN,2,N_pwm150_grab3
15092,5428,4244,9436,CN,2,N_pwm150_grab3
15097,3586,806,13844,CN,2,N_pwm150_grab3
15102,6646,1214,10746,CN,2,N_pwm150_grab3
15108,11478,1612,7744,CN,2,N_pwm150_grab3
15113,3382,1610,11678,CN,2,N_pwm150_grab3
15117,7260,4390,13902,CN,2,N_pwm150_grab3
15122,8878,-4984,7072,CN,2,N_pwm150_grab3
15128,-896,856,12754,CN,2,N_pwm150_grab3
15133,4876,-1710,6990,CN,2,N_pwm150_grab3
15137,370,-7744,4162,CN,2,N_pwm150_grab3
15142,-7288,-4636,13944,CN,2,N_pwm150_grab3
15147,446,-4806,6562,CN,2,N_pwm150_grab3
15152,-7006,-5496,48,CN,2,N_pwm150_grab3
15158,-7912,-5296,15050,CN,2,N_pwm150_grab3
15163,-2834,-3532,11080,CN,2,N_pwm150_grab3
15167,-7474,-1318,1942,CN,2,N_pwm150_grab3
15172,-6560,-1666,12254,CN,2,N_pwm150_grab3
15178,-1300,1086,15322,CN,2,N_pwm150_grab3
15183,4076,800,13374,CN,2,N_pwm150_grab3
15188,5048,8234,15498,CN,2,N_pwm150_grab3
15193,4120,4242,10622,CN,2,N_pwm150_grab3
15197,2982,776,13384,CN,2,N_pwm150_grab3
15203,3276,9252,15004,CN,2,N_pwm150_grab3
15208,10752,2702,8170,CN,2,N_pwm150_grab3
15213,3930,1580,12086,CN,2,N_pwm150_grab3
15218,7092,5580,14920,CN,2,N_pwm150_grab3
15222,-1554,-7684,3304,CN,2,N_pwm150_grab3
15228,-6280,-3304,15468,CN,2,N_pwm150_grab3
15232,5836,-888,8060,CN,2,N_pwm150_grab3
15237,2714,-7654,4862,CN,2,N_pwm150_grab3
15242,-4656,-1600,14108,CN,2,N_pwm150_grab3
15247,990,-4446,5808,CN,2,N_pwm150_grab3
15253,-5792,-6358,900,CN,2,N_pwm150_grab3
15258,-7628,-5288,15536,CN,2,N_pwm150_grab3
15262,-284,2294,14594,CN,2,N_pwm150_grab3
15267,-1404,880,10202,CN,2,N_pwm150_grab3
15273,-1556,7176,12604,CN,2,N_pwm150_grab3
15277,-2232,166,15516,CN,2,N_pwm150_grab3
15282,-4382,550,7870,CN,2,N_pwm150_grab3
15288,-4154,4526,11564,CN,2,N_pwm150_grab3
15293,2956,4038,12016,CN,2,N_pwm150_grab3
15298,2058,930,12640,CN,2,N_pwm150_grab3
15303,7370,4298,13948,CN,2,N_pwm150_grab3
15307,9136,-5006,6862,CN,2,N_pwm150_grab3
15312,-708,866,12652,CN,2,N_pwm150_grab3
15318,5114,-1756,7108,CN,2,N_pwm150_grab3
15324,994,-7730,4230,CN,2,N_pwm150_grab3
15329,-5312,-2140,14892,CN,2,N_pwm150_grab3
15333,438,-4796,6286,CN,2,N_pwm150_grab3
15338,-6618,-5720,370,CN,2,N_pwm150_grab3
15343,-5624,1220,11490,CN,2,N_pwm150_grab3
15348,618,2612,13823,CN,2,N_pwm150_grab3
15354,-478,944,10892,CN,2,N_pwm150_grab3
15358,-612,6438,12200,CN,2,N_pwm150_grab3
15363,-1880,-210,14722,CN,2,N_pwm150_grab3
15369,-3694,622,8136,CN,2,N_pwm150_grab3
15376,-3694,622,8136,CN,2,N_pwm150_grab3
15379,3252,3550,11424,CN,2,N_pwm150_grab3
15383,3178,1700,11726,CN,2,N_pwm150_grab3
15389,7118,4562,13440,CN,2,N_pwm150_grab3
15394,8410,-4780,6840,CN,2,N_pwm150_grab3
15399,-1204,906,12862,CN,2,N_pwm150_grab3
15403,6292,7066,15154,CN,2,N_pwm150_grab3
15408,10720,-2108,6506,CN,2,N_pwm150_grab3
15413,1158,1656,11672,CN,2,N_pwm150_grab3
15419,6070,644,10122,CN,2,N_pwm150_grab3
15424,-6896,-5508,514,CN,2,N_pwm150_grab3
15429,-7648,-5128,15162,CN,2,N_pwm150_grab3
15434,-2594,-3444,10946,CN,2,N_pwm150_grab3
15438,-7264,-1374,1868,CN,2,N_pwm150_grab3
15443,-6594,-2104,12508,CN,2,N_pwm150_grab3
15448,-840,-4422,8822,CN,2,N_pwm150_grab3
15453,-7870,-3292,234,CN,2,N_pwm150_grab3
15459,-7316,-4258,13878,CN,2,N_pwm150_grab3
15463,3764,3958,11394,CN,2,N_pwm150_grab3
15468,2844,964,13390,CN,2,N_pwm150_grab3
15473,2806,8598,14420,CN,2,N_pwm150_grab3
15478,9810,3108,8456,CN,2,N_pwm150_grab3
15484,4118,998,12602,CN,2,N_pwm150_grab3
15488,202,6560,12320,CN,2,N_pwm150_grab3
15493,6506,3728,9356,CN,2,N_pwm150_grab3
15498,4006,836,14066,CN,2,N_pwm150_grab3
15503,5960,1336,10430,CN,2,N_pwm150_grab3
15509,4260,-6768,5462,CN,2,N_pwm150_grab3
15513,-3958,-452,14388,CN,2,N_pwm150_grab3
15519,1912,-3570,6612,CN,2,N_pwm150_grab3
15523,-4472,-7176,1774,CN,2,N_pwm150_grab3
15528,-7332,-3566,16002,CN,2,N_pwm150_grab3
15534,4080,-1612,7344,CN,2,N_pwm150_grab3
15539,-580,-7804,3506,CN,2,N_pwm150_grab3
15544,-5786,-2050,15474,CN,2,N_pwm150_grab3
15548,-2510,-1466,13514,CN,2,N_pwm150_grab3
15553,-5494,132,5884,CN,2,N_pwm150_grab3
15559,-4984,1708,10780,CN,2,N_pwm150_grab3
15564,1676,2714,13158,CN,2,N_pwm150_grab3
15568,584,1016,11926,CN,2,N_pwm150_grab3
15574,658,7398,13040,CN,2,N_pwm150_grab3
15580,7212,3612,9256,CN,2,N_pwm150_grab3
15584,636,1466,11978,CN,2,N_pwm150_grab3
15589,5696,28,9322,CN,2,N_pwm150_grab3
15594,3604,-7384,4990,CN,2,N_pwm150_grab3
15599,-4044,-1032,14478,CN,2,N_pwm150_grab3
15604,1414,-4170,6310,CN,2,N_pwm150_grab3
15609,-4838,-6698,1504,CN,2,N_pwm150_grab3
15614,-7440,-4194,15988,CN,2,N_pwm150_grab3
15620,3710,-2242,6794,CN,2,N_pwm150_grab3
15624,-1360,-7832,3072,CN,2,N_pwm150_grab3
15629,-7306,-3662,13754,CN,2,N_pwm150_grab3
15635,-2514,-1298,13962,CN,2,N_pwm150_grab3
15640,-5070,166,6160,CN,2,N_pwm150_grab3
15645,-4390,1584,10548,CN,2,N_pwm150_grab3
15650,2038,2664,12830,CN,2,N_pwm150_grab3
15654,1198,1152,12332,CN,2,N_pwm150_grab3
15659,-6302,-1850,11712,CN,2,N_pwm150_grab3
15665,-678,426,14336,CN,2,N_pwm150_grab3
15669,4108,1040,13838,CN,2,N_pwm150_grab3
15675,5468,8038,15148,CN,2,N_pwm150_grab3
15679,11130,80,6496,CN,2,N_pwm150_grab3
15684,2188,1484,11328,CN,2,N_pwm150_grab3
15690,6536,3060,12266,CN,2,N_pwm150_grab3
15695,6708,-5846,6346,CN,2,N_pwm150_grab3
15699,-2384,170,13880,CN,2,N_pwm150_grab3
15704,6828,6104,14128,CN,2,N_pwm150_grab3
15710,-1902,-7784,2918,CN,2,N_pwm150_grab3
15715,-6376,-2354,15834,CN,2,N_pwm150_grab3
15719,344,-4584,7780,CN,2,N_pwm150_grab3
15724,-7568,-4566,256,CN,2,N_pwm150_grab3
15729,-8002,-4290,14550,CN,2,N_pwm150_grab3
15734,-2706,-3048,11320,CN,2,N_pwm150_grab3
15739,-6678,-716,3194,CN,2,N_pwm150_grab3
15744,-7664,-4024,15788,CN,2,N_pwm150_grab3
15749,-266,1080,14554,CN,2,N_pwm150_grab3
15755,-1570,780,10342,CN,2,N_pwm150_grab3
15759,-1194,5518,11684,CN,2,N_pwm150_grab3
15764,4874,3814,10554,CN,2,N_pwm150_grab3
15770,3574,886,14136,CN,2,N_pwm150_grab3
15775,4100,8806,15110,CN,2,N_pwm150_grab3
15779,10484,2528,7460,CN,2,N_pwm150_grab3
15784,3470,1374,11480,CN,2,N_pwm150_grab3
15789,6868,5972,14180,CN,2,N_pwm150_grab3
15794,9164,-3518,6694,CN,2,N_pwm150_grab3
15799,-74,1134,12544,CN,2,N_pwm150_grab3
15805,5448,-18,8952,CN,2,N_pwm150_grab3
15809,2096,-7550,4808,CN,2,N_pwm150_grab3
15814,-4728,-680,14756,CN,2,N_pwm150_grab3
15819,1240,-4018,6828,CN,2,N_pwm150_grab3
15824,-6016,-6596,1768,CN,2,N_pwm150_grab3
15830,-5762,-1202,11396,CN,2,N_pwm150_grab3
15835,-182,828,14284,CN,2,N_pwm150_grab3
15841,-1194,838,10464,CN,2,N_pwm150_grab3
15846,-1028,4914,11504,CN,2,N_pwm150_grab3
15850,4838,3816,9924,CN,2,N_pwm150_grab3
15856,3400,1056,14370,CN,2,N_pwm150_grab3
15861,3978,8390,14898,CN,2,N_pwm150_grab3
15865,10516,2834,7490,CN,2,N_pwm150_grab3
15870,-2760,308,13822,CN,2,N_pwm150_grab3
15875,6592,6262,14208,CN,2,N_pwm150_grab3
15880,9350,-3328,6890,CN,2,N_pwm150_grab3
15885,-132,1048,12636,CN,2,N_pwm150_grab3
15891,5464,306,9254,CN,2,N_pwm150_grab3
15895,2186,-7398,4848,CN,2,N_pwm150_grab3
15900,-4914,-584,14608,CN,2,N_pwm150_grab3
15906,1376,-3954,6828,CN,2,N_pwm150_grab3
15910,-6700,-882,3162,CN,2,N_pwm150_grab3
15915,-8062,-3272,15744,CN,2,N_pwm150_grab3
15921,-1710,-4502,9154,CN,2,N_pwm150_grab3
15925,-7676,-2714,154,CN,2,N_pwm150_grab3
15931,-6862,-3422,13336,CN,2,N_pwm150_grab3
15936,-2290,-1418,14296,CN,2,N_pwm150_grab3
15941,-4484,268,7394,CN,2,N_pwm150_grab3
15945,-3654,2134,10906,CN,2,N_pwm150_grab3
15950,10256,2572,7436,CN,2,N_pwm150_grab3
15955,3606,1246,11692,CN,2,N_pwm150_grab3
15961,1600,7736,13744,CN,2,N_pwm150_grab3
15966,7880,3734,8088,CN,2,N_pwm150_grab3
15971,4030,852,13002,CN,2,N_pwm150_grab3
15975,5266,7896,15034,CN,2,N_pwm150_grab3
15981,10872,-738,6750,CN,2,N_pwm150_grab3
15985,2062,1294,11516,CN,2,N_pwm150_grab3
15990,1364,-4188,6484,CN,2,N_pwm150_grab3
15995,-5700,-6466,1366,CN,2,N_pwm150_grab3
16000,-2578,278,13504,CN,2,N_pwm150_grab3
16006,3406,-2326,6672,CN,2,N_pwm150_grab3
16011,-2286,-7672,3254,CN,2,N_pwm150_grab3
16016,-6686,-2142,15502,CN,2,N_pwm150_grab3
16020,196,-4810,7564,CN,2,N_pwm150_grab3
16026,-7670,-4764,-328,CN,2,N_pwm150_grab3
16030,-4026,1768,10840,CN,2,N_pwm150_grab3
16035,2200,3014,12328,CN,2,N_pwm150_grab3
16040,1528,1318,12586,CN,2,N_pwm150_grab3
16046,-5474,-1688,11548,CN,2,N_pwm150_grab3
16051,-434,904,14382,CN,2,N_pwm150_grab3
16056,-1536,928,9974,CN,2,N_pwm150_grab3
16060,-1566,4656,11608,CN,2,N_pwm150_grab3
16066,4298,3898,9998,CN,2,N_pwm150_grab3
16070,2320,1258,11718,CN,2,N_pwm150_grab3
16075,6658,3490,12464,CN,2,N_pwm150_grab3
16080,6934,-5670,6756,CN,2,N_pwm150_grab3
16086,-2468,376,13428,CN,2,N_pwm150_grab3
16091,3522,-2126,6960,CN,2,N_pwm150_grab3
16096,-2156,-7718,3274,CN,2,N_pwm150_grab3
16101,-6728,-2444,15440,CN,2,N_pwm150_grab3
16106,118,-4746,7510,CN,2,N_pwm150_grab3
16112,-4586,252,7320,CN,2,N_pwm150_grab3
16116,-4170,2602,11096,CN,2,N_pwm150_grab3
16121,-4170,2602,11096,CN,2,N_pwm150_grab3
16126,1400,1164,12400,CN,2,N_pwm150_grab3
16132,-5890,-836,11710,CN,2,N_pwm150_grab3
16137,-392,1498,14716,CN,2,N_pwm150_grab3
16141,-1618,908,9876,CN,2,N_pwm150_grab3
16146,-1786,5866,11946,CN,2,N_pwm150_grab3
16152,11380,-632,6872,CN,2,N_pwm150_grab3
16157,2208,1642,11706,CN,2,N_pwm150_grab3
16162,6872,2292,12016,CN,2,N_pwm150_grab3
16167,6732,-6264,6388,CN,2,N_pwm150_grab3
16171,3634,1306,11926,CN,2,N_pwm150_grab3
16176,7022,5664,14584,CN,2,N_pwm150_grab3
16181,9770,-3754,6714,CN,2,N_pwm150_grab3
16186,72,1354,12336,CN,2,N_pwm150_grab3
16191,-4,-4692,7556,CN,2,N_pwm150_grab3
16197,-7602,-4536,-232,CN,2,N_pwm150_grab3
16202,-7258,-4730,14806,CN,2,N_pwm150_grab3
16207,-2826,-2822,12080,CN,2,N_pwm150_grab3
16212,-6668,-842,3330,CN,2,N_pwm150_grab3
16216,-7492,-4464,15872,CN,2,N_pwm150_grab3
16221,-1756,-4160,9700,CN,2,N_pwm150_grab3
16226,-7884,-2464,384,CN,2,N_pwm150_grab3
16231,-6872,-3572,13500,CN,2,N_pwm150_grab3
16236,4664,4086,10370,CN,2,N_pwm150_grab3
16242,3368,892,13688,CN,2,N_pwm150_grab3
16246,3418,8644,14672,CN,2,N_pwm150_grab3
16252,10684,2172,8104,CN,2,N_pwm150_grab3
16257,1252,1008,12188,CN,2,N_pwm150_grab3
16261,1140,8346,13442,CN,2,N_pwm150_grab3
16267,7764,3640,8700,CN,2,N_pwm150_grab3
16272,4176,710,13278,CN,2,N_pwm150_grab3
16276,5548,-650,8612,CN,2,N_pwm150_grab3
16281,2602,-7542,4460,CN,2,N_pwm150_grab3
16286,-4612,-1416,14398,CN,2,N_pwm150_grab3
16292,1094,-4428,6222,CN,2,N_pwm150_grab3
16296,-5400,-6470,1042,CN,2,N_pwm150_grab3
16301,-2584,-180,13286,CN,2,N_pwm150_grab3
16307,3326,-2754,6258,CN,2,N_pwm150_grab3
16312,-2040,-7668,2740,CN,2,N_pwm150_grab3
16316,-7104,-3152,13288,CN,2,N_pwm150_grab3
16322,-2260,-216,14998,CN,2,N_pwm150_grab3
16326,-4692,508,7182,CN,2,N_pwm150_grab3
16331,-4458,3734,11288,CN,2,N_pwm150_grab3
16336,2742,3700,12696,CN,2,N_pwm150_grab3
16342,1688,938,12414,CN,2,N_pwm150_grab3
16347,1480,8682,13856,CN,2,N_pwm150_grab3
16353,8478,3432,8856,CN,2,N_pwm150_grab3
16357,-160,1158,12394,CN,2,N_pwm150_grab3
16363,5300,-1104,7964,CN,2,N_pwm150_grab3
16367,2068,-7682,4136,CN,2,N_pwm150_grab3
16372,-4668,-1850,14778,CN,2,N_pwm150_grab3
16377,660,-4654,6244,CN,2,N_pwm150_grab3
16382,-6020,-6044,928,CN,2,N_pwm150_grab3
16387,-2926,-646,13524,CN,2,N_pwm150_grab3
16392,2838,-3276,5824,CN,2,N_pwm150_grab3
16398,-7512,-1832,998,CN,2,N_pwm150_grab3
16402,-7026,-2654,13208,CN,2,N_pwm150_grab3
16407,-2240,198,15294,CN,2,N_pwm150_grab3
16413,-4472,606,7526,CN,2,N_pwm150_grab3
16417,-4150,4544,11212,CN,2,N_pwm150_grab3
16423,3150,3860,12624,CN,2,N_pwm150_grab3
16428,-6376,-150,4300,CN,2,N_pwm150_grab3
16432,-6324,954,11606,CN,2,N_pwm150_grab3
16437,8852,3112,8730,CN,2,N_pwm150_grab3
16443,3954,1088,12836,CN,2,N_pwm150_grab3
16447,6204,7062,15150,CN,2,N_pwm150_grab3
16452,10880,-1966,6176,CN,2,N_pwm150_grab3
16457,1654,1870,11614,CN,2,N_pwm150_grab3
16462,6382,720,10834,CN,2,N_pwm150_grab3
16467,5744,-6898,5458,CN,2,N_pwm150_grab3
16473,3060,1746,11434,CN,2,N_pwm150_grab3
16478,2644,-3562,5862,CN,2,N_pwm150_grab3
16482,-2698,-7456,2204,CN,2,N_pwm150_grab3
16488,-6324,-3734,15930,CN,2,N_pwm150_grab3
16492,-302,-4468,8194,CN,2,N_pwm150_grab3
16497,-7714,-3778,296,CN,2,N_pwm150_grab3
16502,-7638,-3980,14906,CN,2,N_pwm150_grab3
16507,-2598,-3038,11572,CN,2,N_pwm150_grab3
16513,-6116,-6376,1510,CN,2,N_pwm150_grab3
16517,-6094,-330,11136,CN,2,N_pwm150_grab3
16522,136,1622,14604,CN,2,N_pwm150_grab3
16527,-1194,862,10326,CN,2,N_pwm150_grab3
16532,-866,6232,12000,CN,2,N_pwm150_grab3
16538,5292,3846,10470,CN,2,N_pwm150_grab3
16543,3546,650,14058,CN,2,N_pwm150_grab3
16547,4002,8798,14924,CN,2,N_pwm150_grab3
16552,10508,1814,7388,CN,2,N_pwm150_grab3
16558,3198,1484,11628,CN,2,N_pwm150_grab3
16563,6960,5260,14158,CN,2,N_pwm150_grab3
16568,8878,-4018,6280,CN,2,N_pwm150_grab3
16572,-264,1062,12748,CN,2,N_pwm150_grab3
16577,5228,-24,8852,CN,2,N_pwm150_grab3
16582,1936,-7508,4328,CN,2,N_pwm150_grab3
16588,-4632,-1058,14692,CN,2,N_pwm150_grab3
16592,1180,-4086,6960,CN,2,N_pwm150_grab3
16599,-6542,-670,3380,CN,2,N_pwm150_grab3
16604,-6016,-296,11272,CN,2,N_pwm150_grab3
16609,200,1614,14708,CN,2,N_pwm150_grab3
16614,-980,892,10458,CN,2,N_pwm150_grab3
16619,-838,6130,12082,CN,2,N_pwm150_grab3
16624,5202,4054,10244,CN,2,N_pwm150_grab3
16629,3556,780,14116,CN,2,N_pwm150_grab3
16633,4004,8742,14856,CN,2,N_pwm150_grab3
16638,6164,-6406,5966,CN,2,N_pwm150_grab3
16643,3296,1208,11584,CN,2,N_pwm150_grab3
16649,6778,6008,14226,CN,2,N_pwm150_grab3
16653,9278,-3568,6768,CN,2,N_pwm150_grab3
16658,-212,1006,12908,CN,2,N_pwm150_grab3
16663,5110,-292,8624,CN,2,N_pwm150_grab3
16668,1834,-7694,4398,CN,2,N_pwm150_grab3
16673,-4746,-1172,14590,CN,2,N_pwm150_grab3
16678,-2652,-2880,11784,CN,2,N_pwm150_grab3
16684,-6266,-6240,1416,CN,2,N_pwm150_grab3
16689,-8002,-4264,15524,CN,2,N_pwm150_grab3
16694,-2140,-4034,9548,CN,2,N_pwm150_grab3
16698,-7662,-2180,584,CN,2,N_pwm150_grab3
16703,-7070,-3112,12910,CN,2,N_pwm150_grab3
16708,-2048,-380,15168,CN,2,N_pwm150_grab3
16713,-4166,446,7672,CN,2,N_pwm150_grab3
16719,3986,8736,15042,CN,2,N_pwm150_grab3
16724,10738,2110,7356,CN,2,N_pwm150_grab3
16728,2356,1146,13176,CN,2,N_pwm150_grab3
16733,2158,8600,14156,CN,2,N_pwm150_grab3
16739,8684,3480,8174,CN,2,N_pwm150_grab3
16743,3854,1134,12562,CN,2,N_pwm150_grab3
16748,5774,7628,15168,CN,2,N_pwm150_grab3
16753,11144,-1444,6516,CN,2,N_pwm150_grab3
16758,-4926,-1652,14514,CN,2,N_pwm150_grab3
16763,1006,-4398,6444,CN,2,N_pwm150_grab3
16768,5924,-6826,5794,CN,2,N_pwm150_grab3
16773,-2894,-438,13658,CN,2,N_pwm150_grab3
16779,2780,-3292,6050,CN,2,N_pwm150_grab3
16783,-3000,-7502,2750,CN,2,N_pwm150_grab3
16788,-6762,-3424,15690,CN,2,N_pwm150_grab3
16794,-192,-4512,8022,CN,2,N_pwm150_grab3
16798,-3886,490,8112,CN,2,N_pwm150_grab3
16803,-3632,3850,11316,CN,2,N_pwm150_grab3
16809,2980,3716,12322,CN,2,N_pwm150_grab3
16813,-6422,-382,4358,CN,2,N_pwm150_grab3
16818,-5558,-6,11314,CN,2,N_pwm150_grab3
16824,480,2038,14686,CN,2,N_pwm150_grab3
16829,-552,994,10934,CN,2,N_pwm150_grab3
16833,-794,5872,12246,CN,2,N_pwm150_grab3
16839,4990,4142,9390,CN,2,N_pwm150_grab3
16843,1720,1374,11846,CN,2,N_pwm150_grab3
16849,6486,2366,11702,CN,2,N_pwm150_grab3
16854,6168,-6364,6060,CN,2,N_pwm150_grab3
16860,-2970,-2,13518,CN,2,N_pwm150_grab3
16865,3002,-2774,6618,CN,2,N_pwm150_grab3
16870,-3012,-7524,2914,CN,2,N_pwm150_grab3
16874,-6962,-2808,15622,CN,2,N_pwm150_grab3
16879,-2052,-392,15242,CN,2,N_pwm150_grab3
16885,-3894,486,7780,CN,2,N_pwm150_grab3
16890,-3756,3460,11202,CN,2,N_pwm150_grab3
16894,2756,3598,12052,CN,2,N_pwm150_grab3
16899,-6404,-1,-1,CN,2,N_pwm150_grab3
16904,-5552,-106,11482,CN,2,N_pwm150_grab3
16909,254,2070,14654,CN,2,N_pwm150_grab3
16914,-784,980,10434,CN,2,N_pwm150_grab3
16919,-934,6504,12424,CN,2,N_pwm150_grab3
16925,11194,-1364,6704,CN,2,N_pwm150_grab3
16929,1734,1610,12134,CN,2,N_pwm150_grab3
16934,6734,1794,11588,CN,2,N_pwm150_grab3
16940,10770,1894,7696,CN,2,N_pwm150_grab3
16945,3456,1304,11868,CN,2,N_pwm150_grab3
16949,7058,5392,14420,CN,2,N_pwm150_grab3
16954,9318,-4102,6588,CN,2,N_pwm150_grab3
16959,-448,1266,12738,CN,2,N_pwm150_grab3
16964,-20,-4876,7694,CN,2,N_pwm150_grab3
16969,-7848,-4474,-480,CN,2,N_pwm150_grab3
16974,-7156,-4570,14810,CN,2,N_pwm150_grab3
16979,-2706,-2894,12180,CN,2,N_pwm150_grab3
16984,-6016,-6396,1072,CN,2,N_pwm150_grab3
16990,-7738,-3904,15860,CN,2,N_pwm150_grab3
16994,-1882,-4384,9628,CN,2,N_pwm150_grab3
17004,-1218,5416,11954,CN,2,N_pwm150_grab3
17009,4830,4094,10108,CN,2,N_pwm150_grab3
17014,3550,1040,13962,CN,2,N_pwm150_grab3
17019,3512,8632,14346,CN,2,N_pwm150_grab3
17024,2444,3216,12150,CN,2,N_pwm150_grab3
17029,1822,1172,12742,CN,2,N_pwm150_grab3
17034,1584,7862,13070,CN,2,N_pwm150_grab3
17040,8186,3704,8648,CN,2,N_pwm150_grab3
17044,-268,1242,12622,CN,2,N_pwm150_grab3
17049,5304,-182,8380,CN,2,N_pwm150_grab3
17054,1790,-7468,4500,CN,2,N_pwm150_grab3
17060,-4938,-1052,14434,CN,2,N_pwm150_grab3
17065,1060,-4182,6692,CN,2,N_pwm150_grab3
17070,6292,-6120,6002,CN,2,N_pwm150_grab3
17074,-2826,266,13410,CN,2,N_pwm150_grab3
17079,2934,-2566,7034,CN,2,N_pwm150_grab3
17084,-7708,-2486,696,CN,2,N_pwm150_grab3
17089,-6754,-3426,13158,CN,2,N_pwm150_grab3
17094,-2064,-716,14730,CN,2,N_pwm150_grab3
17100,-4346,494,6878,CN,2,N_pwm150_grab3
17104,-4096,2520,11156,CN,2,N_pwm150_grab3
17110,2470,3178,12504,CN,2,N_pwm150_grab3
17115,1792,1222,12504,CN,2,N_pwm150_grab3
17121,1594,7934,13060,CN,2,N_pwm150_grab3
17126,9312,-3646,6490,CN,2,N_pwm150_grab3
17130,-166,1270,12494,CN,2,N_pwm150_grab3
17135,5206,-224,8676,CN,2,N_pwm150_grab3
17140,2002,-7508,4342,CN,2,N_pwm150_grab3
17146,-4774,-1116,14574,CN,2,N_pwm150_grab3
17152,1096,-4280,6766,CN,2,N_pwm150_grab3
17155,6194,-6052,5658,CN,2,N_pwm150_grab3
17160,-2734,44,13406,CN,2,N_pwm150_grab3
17166,-1630,-4032,9776,CN,2,N_pwm150_grab3
17171,-7566,-2456,926,CN,2,N_pwm150_grab3
17176,-6950,-3266,13224,CN,2,N_pwm150_grab3
17180,-2088,-1025,-1,CN,2,N_pwm150_grab3
17186,-4526,550,6834,CN,2,N_pwm150_grab3
17190,-4194,2686,10986,CN,2,N_pwm150_grab3
17196,-2444,-4609,-1,CN,2,N_pwm150_grab3
17201,-6464,-672,3358,CN,2,N_pwm150_grab3
17206,1450,7700,13044,CN,2,N_pwm150_grab3
17210,7754,3432,8960,CN,2,N_pwm150_grab3
17215,4000,790,13414,CN,2,N_pwm150_grab3
17220,5476,7826,15024,CN,2,N_pwm150_grab3
17225,10836,-654,6632,CN,2,N_pwm150_grab3
17230,2132,1428,11722,CN,2,N_pwm150_grab3
17236,6526,2540,12142,CN,2,N_pwm150_grab3
17240,10238,2060,7796,CN,2,N_pwm150_grab3
17246,-2456,-78,13500,CN,2,N_pwm150_grab3
17250,3058,-2636,6594,CN,2,N_pwm150_grab3
17256,-1778,-7588,2646,CN,2,N_pwm150_grab3
17260,-6148,-2846,15680,CN,2,N_pwm150_grab3
17265,46,-4600,8038,CN,2,N_pwm150_grab3
17270,-7474,-4316,656,CN,2,N_pwm150_grab3
17275,-7536,-4512,14768,CN,2,N_pwm150_grab3
17280,1104,-4206,6678,CN,2,N_pwm150_grab3
17285,-6610,-562,3188,CN,2,N_pwm150_grab3
17291,-6550,-336,11730,CN,2,N_pwm150_grab3
17295,-1,-1,-1,CN,2,N_pwm150_grab3
17301,-1698,760,9774,CN,2,N_pwm150_grab3
17305,-1278,5996,11882,CN,2,N_pwm150_grab3
17311,4996,3872,10936,CN,2,N_pwm150_grab3
17315,3316,618,13752,CN,2,N_pwm150_grab3
17321,3704,8822,14558,CN,2,N_pwm150_grab3
17325,10332,1760,7668,CN,2,N_pwm150_grab3
17330,3306,1638,11960,CN,2,N_pwm150_grab3
17336,7052,4798,14426,CN,2,N_pwm150_grab3
17340,9166,-4140,5912,CN,2,N_pwm150_grab3
17345,38,1082,12574,CN,2,N_pwm150_grab3
17351,5304,-964,7824,CN,2,N_pwm150_grab3
17356,2618,-7598,4286,CN,2,N_pwm150_grab3
17361,-4282,-1632,14376,CN,2,N_pwm150_grab3
17367,-2712,-2204,11748,CN,2,N_pwm150_grab3
17371,-6648,-366,3270,CN,2,N_pwm150_grab3
17377,-6604,-150,11604,CN,2,N_pwm150_grab3
17382,-100,1774,15550,CN,2,N_pwm150_grab3
17387,-1658,752,9902,CN,2,N_pwm150_grab3
17391,-1334,5096,11632,CN,2,N_pwm150_grab3
17396,4640,3880,11034,CN,2,N_pwm150_grab3
17401,3226,956,14072,CN,2,N_pwm150_grab3
17406,6504,3460,12664,CN,2,N_pwm150_grab3
17412,9854,2694,7690,CN,2,N_pwm150_grab3
17416,3520,1492,12398,CN,2,N_pwm150_grab3
17421,6718,5886,14866,CN,2,N_pwm150_grab3
17426,9578,-3398,6206,CN,2,N_pwm150_grab3
17431,292,1282,12642,CN,2,N_pwm150_grab3
17437,5506,-232,8834,CN,2,N_pwm150_grab3
17441,2970,-7554,4660,CN,2,N_pwm150_grab3
17446,-7776,-4700,14790,CN,2,N_pwm150_grab3
17452,1394,-4058,6382,CN,2,N_pwm150_grab3
17456,-5224,-6574,1778,CN,2,N_pwm150_grab3
17461,-7548,-3962,15808,CN,2,N_pwm150_grab3
17466,-1212,-4130,9022,CN,2,N_pwm150_grab3
17471,-7742,-2758,202,CN,2,N_pwm150_grab3
17477,-7262,-3892,13456,CN,2,N_pwm150_grab3
17482,-2420,-1442,14226,CN,2,N_pwm150_grab3
17486,-5124,202,6130,CN,2,N_pwm150_grab3
17492,3090,8716,14214,CN,3,N_pwm150_grab3
17496,1978,2770,13644,CN,3,N_pwm150_grab3
17501,1260,1182,12186,CN,3,N_pwm150_grab3
17506,1150,7638,12884,CN,3,N_pwm150_grab3
17511,6922,3722,8560,CN,3,N_pwm150_grab3
17521,4934,8410,15080,CN,3,N_pwm150_grab3
17526,10988,296,6830,CN,3,N_pwm150_grab3
17531,-4058,-798,14078,CN,3,N_pwm150_grab3
17536,6700,3230,12826,CN,3,N_pwm150_grab3
17542,7378,-5790,6092,CN,3,N_pwm150_grab3
17546,-1882,410,13530,CN,3,N_pwm150_grab3
17552,3760,-2074,7280,CN,3,N_pwm150_grab3
17557,-1256,-7844,3720,CN,3,N_pwm150_grab3
17561,-6120,-2314,15306,CN,3,N_pwm150_grab3
17567,540,-4656,7506,CN,3,N_pwm150_grab3
17571,-4922,184,6308,CN,3,N_pwm150_grab3
17577,-4366,1670,11058,CN,3,N_pwm150_grab3
17581,-2710,-3504,10934,CN,3,N_pwm150_grab3
17586,-7050,-1130,2390,CN,3,N_pwm150_grab3
17591,-6004,-1750,11844,CN,3,N_pwm150_grab3
17596,-700,934,15274,CN,3,N_pwm150_grab3
17601,-1652,852,9688,CN,3,N_pwm150_grab3
17607,-1788,5024,11722,CN,3,N_pwm150_grab3
17612,11438,2,6878,CN,3,N_pwm150_grab3
17616,2326,1386,11936,CN,3,N_pwm150_grab3
17623,6710,3098,12606,CN,3,N_pwm150_grab3
17628,7162,-5872,6346,CN,3,N_pwm150_grab3
17633,-2128,228,13332,CN,3,N_pwm150_grab3
17637,3586,-2274,6784,CN,3,N_pwm150_grab3
17642,-1686,-7634,3310,CN,3,N_pwm150_grab3
17648,-6434,-2510,15260,CN,3,N_pwm150_grab3
17653,-2388,-910,14948,CN,3,N_pwm150_grab3
17658,-4526,314,6936,CN,3,N_pwm150_grab3
17662,-4292,3252,11464,CN,3,N_pwm150_grab3
17668,-2896,-2596,11960,CN,3,N_pwm150_grab3
17672,-6828,-606,3500,CN,3,N_pwm150_grab3
17677,-6022,-208,11916,CN,3,N_pwm150_grab3
17682,-164,1896,15556,CN,3,N_pwm150_grab3
17687,-1096,842,10024,CN,3,N_pwm150_grab3
17693,5384,7588,15322,CN,3,N_pwm150_grab3
17697,11322,-1266,6818,CN,3,N_pwm150_grab3
17703,1920,1552,11948,CN,3,N_pwm150_grab3
17707,3548,8970,14598,CN,3,N_pwm150_grab3
17713,10884,2008,7840,CN,3,N_pwm150_grab3
17718,3444,1332,11946,CN,3,N_pwm150_grab3
17722,6892,5296,14374,CN,3,N_pwm150_grab3
17727,9548,-4106,6714,CN,3,N_pwm150_grab3
17733,-6820,-3042,15526,CN,3,N_pwm150_grab3
17737,-62,-4774,7784,CN,3,N_pwm150_grab3
17742,-8118,-4240,-580,CN,3,N_pwm150_grab3
17747,-7470,-4630,14540,CN,3,N_pwm150_grab3
17752,1100,-4458,6730,CN,3,N_pwm150_grab3
17757,-6804,-6214,844,CN,3,N_pwm150_grab3
17763,-7952,-4552,15560,CN,3,N_pwm150_grab3
17767,-2338,-3934,9886,CN,3,N_pwm150_grab3
17773,-330,1110,10490,CN,3,N_pwm150_grab3
17778,-610,6822,12570,CN,3,N_pwm150_grab3
17783,5460,4312,9610,CN,3,N_pwm150_grab3
17788,3636,924,13604,CN,3,N_pwm150_grab3
17793,-3196,4126,11618,CN,3,N_pwm150_grab3
17797,3070,3822,11682,CN,3,N_pwm150_grab3
17802,2600,1262,13150,CN,3,N_pwm150_grab3
17808,2362,8904,13926,CN,3,N_pwm150_grab3
17812,8618,-5056,6658,CN,3,N_pwm150_grab3
17817,-1350,646,12938,CN,3,N_pwm150_grab3
17823,4422,-1850,6888,CN,3,N_pwm150_grab3
17827,-462,-7778,3758,CN,3,N_pwm150_grab3
17832,-5768,-2374,14926,CN,3,N_pwm150_grab3
17837,6264,550,9564,CN,3,N_pwm150_grab3
17843,4092,-7408,5338,CN,3,N_pwm150_grab3
17847,-3938,-946,13784,CN,3,N_pwm150_grab3
17852,-2980,-3376,11066,CN,3,N_pwm150_grab3
17857,-7226,-1336,2182,CN,3,N_pwm150_grab3
17862,-6500,-1670,11976,CN,3,N_pwm150_grab3
17867,-970,1090,15374,CN,3,N_pwm150_grab3
17872,-1842,858,9348,CN,3,N_pwm150_grab3
17878,-2058,5728,12096,CN,3,N_pwm150_grab3
17884,4208,4248,10508,CN,3,N_pwm150_grab3
17889,3226,1058,13558,CN,3,N_pwm150_grab3
17894,7036,2630,12164,CN,3,N_pwm150_grab3
17898,7148,-6308,6382,CN,3,N_pwm150_grab3
17903,-2514,-156,13262,CN,3,N_pwm150_grab3
17909,3350,-2930,6338,CN,3,N_pwm150_grab3
17914,-2388,-7612,2962,CN,3,N_pwm150_grab3
17918,-6616,-3204,15486,CN,3,N_pwm150_grab3
17923,5570,-706,7956,CN,3,N_pwm150_grab3
17928,1842,-7766,4500,CN,3,N_pwm150_grab3
17933,-7342,-4990,14464,CN,3,N_pwm150_grab3
17939,-3032,-2502,12676,CN,3,N_pwm150_grab3
17943,-6456,-636,3928,CN,3,N_pwm150_grab3
17949,-6076,194,11660,CN,3,N_pwm150_grab3
17954,272,2282,14462,CN,3,N_pwm150_grab3
17958,-402,1132,10440,CN,3,N_pwm150_grab3
17963,-6802,-3056,12698,CN,3,N_pwm150_grab3
17969,-2038,238,15826,CN,3,N_pwm150_grab3
17974,3716,972,13484,CN,3,N_pwm150_grab3
17978,4200,9024,14878,CN,3,N_pwm150_grab3
17983,11892,1158,7684,CN,3,N_pwm150_grab3
17988,3054,1716,12130,CN,3,N_pwm150_grab3
17993,7280,4018,13576,CN,3,N_pwm150_grab3
17998,8714,-5250,6784,CN,3,N_pwm150_grab3
18003,-1394,598,12954,CN,3,N_pwm150_grab3
18009,6606,6876,15132,CN,3,N_pwm150_grab3
18013,-350,-7860,3776,CN,3,N_pwm150_grab3
18018,-5734,-2528,14892,CN,3,N_pwm150_grab3
18024,394,-4800,6770,CN,3,N_pwm150_grab3
18029,-7668,-5398,-134,CN,3,N_pwm150_grab3
18033,-7484,-5260,15124,CN,3,N_pwm150_grab3
18038,-2934,-3208,11040,CN,3,N_pwm150_grab3
18043,-7290,-1312,2094,CN,3,N_pwm150_grab3
18048,-7470,-4440,15810,CN,3,N_pwm150_grab3
18053,-1640,-4418,8988,CN,3,N_pwm150_grab3
18059,-2094,898,9108,CN,3,N_pwm150_grab3
18063,-2418,5620,12096,CN,3,N_pwm150_grab3
18068,4196,4248,10726,CN,3,N_pwm150_grab3
18074,3280,1086,13424,CN,3,N_pwm150_grab3
18078,2998,9326,14382,CN,3,N_pwm150_grab3
18083,10800,2514,8264,CN,3,N_pwm150_grab3
18089,3820,1352,12410,CN,3,N_pwm150_grab3
18093,906,8090,13058,CN,3,N_pwm150_grab3
18099,10242,-3292,6734,CN,3,N_pwm150_grab3
18104,96,1282,12374,CN,3,N_pwm150_grab3
18108,5768,-310,8328,CN,3,N_pwm150_grab3
18114,2576,-7496,4634,CN,3,N_pwm150_grab3
18119,-4596,-1436,14158,CN,3,N_pwm150_grab3
18124,1152,-4262,6284,CN,3,N_pwm150_grab3
18129,-5800,-6524,1134,CN,3,N_pwm150_grab3
18134,-7216,-4598,15812,CN,3,N_pwm150_grab3
18140,-254,1858,14986,CN,3,N_pwm150_grab3
18145,-1288,906,9880,CN,3,N_pwm150_grab3
18150,-1458,7016,12498,CN,3,N_pwm150_grab3
18155,5028,4242,10076,CN,3,N_pwm150_grab3
18160,3448,704,13126,CN,3,N_pwm150_grab3
18164,3652,8726,14726,CN,3,N_pwm150_grab3
18170,11376,1402,7860,CN,3,N_pwm150_grab3
18174,-3038,-642,13316,CN,3,N_pwm150_grab3
18179,7524,4344,14134,CN,3,N_pwm150_grab3
18184,9242,-4830,6518,CN,3,N_pwm150_grab3
18189,-732,904,12752,CN,3,N_pwm150_grab3
18195,4988,-1602,7226,CN,3,N_pwm150_grab3
18199,922,-7840,4034,CN,3,N_pwm150_grab3
18205,-5170,-2232,14796,CN,3,N_pwm150_grab3
18209,566,-4740,6436,CN,3,N_pwm150_grab3
18215,-7156,-5766,242,CN,3,N_pwm150_grab3
18220,-7334,-5090,15412,CN,3,N_pwm150_grab3
18224,-2720,-3536,10440,CN,3,N_pwm150_grab3
18229,-7622,-1724,1326,CN,3,N_pwm150_grab3
18234,-7216,-2346,12480,CN,3,N_pwm150_grab3
18239,-1642,680,15506,CN,3,N_pwm150_grab3
18244,-2928,716,8370,CN,3,N_pwm150_grab3
18249,-3004,4926,11752,CN,3,N_pwm150_grab3
18254,3850,4158,11544,CN,3,N_pwm150_grab3
18260,2628,1736,11932,CN,3,N_pwm150_grab3
18264,2600,9186,14144,CN,3,N_pwm150_grab3
18270,10500,2782,8556,CN,3,N_pwm150_grab3
18275,3920,1476,12878,CN,3,N_pwm150_grab3
18280,7240,6432,14930,CN,3,N_pwm150_grab3
18284,10660,-3170,6576,CN,3,N_pwm150_grab3
18290,342,1426,12398,CN,3,N_pwm150_grab3
18294,5954,-126,8646,CN,3,N_pwm150_grab3
18300,-8168,-4914,-314,CN,3,N_pwm150_grab3
18304,-4594,-1418,14246,CN,3,N_pwm150_grab3
18309,1274,-4466,6228,CN,3,N_pwm150_grab3
18315,-6192,-6756,740,CN,3,N_pwm150_grab3
18319,-7326,-4466,15792,CN,3,N_pwm150_grab3
18324,-2152,-4142,9412,CN,3,N_pwm150_grab3
18329,-8146,-2608,282,CN,3,N_pwm150_grab3
18334,-7442,-3376,13052,CN,3,N_pwm150_grab3
18339,5526,4404,10168,CN,3,N_pwm150_grab3
18344,3732,1198,13560,CN,3,N_pwm150_grab3
18349,-3738,3894,11696,CN,3,N_pwm150_grab3
18354,3174,3842,12172,CN,3,N_pwm150_grab3
18359,2752,1356,12886,CN,3,N_pwm150_grab3
18365,2216,9024,13868,CN,3,N_pwm150_grab3
18369,10212,3130,8790,CN,3,N_pwm150_grab3
18374,4050,1444,13002,CN,3,N_pwm150_grab3
18380,4368,-1908,7082,CN,3,N_pwm150_grab3
18384,-650,-7896,3478,CN,3,N_pwm150_grab3
18390,-5740,-2782,15388,CN,3,N_pwm150_grab3
18395,222,-4956,7384,CN,3,N_pwm150_grab3
18401,-8292,-5140,-358,CN,3,N_pwm150_grab3
18405,-7544,-5100,14770,CN,3,N_pwm150_grab3
18410,-3040,-2830,11832,CN,3,N_pwm150_grab3
18416,-6964,-936,2824,CN,3,N_pwm150_grab3
18420,1124,8802,13518,CN,3,N_pwm150_grab3
18426,8796,3706,9026,CN,3,N_pwm150_grab3
18432,4116,1300,13106,CN,3,N_pwm150_grab3
18436,-1536,7170,12616,CN,3,N_pwm150_grab3
18440,5554,4384,10060,CN,3,N_pwm150_grab3
18445,3694,1074,13282,CN,3,N_pwm150_grab3
18450,4408,8744,15072,CN,3,N_pwm150_grab3
18456,12124,1074,7886,CN,3,N_pwm150_grab3
18460,-3552,-1184,13628,CN,3,N_pwm150_grab3
18465,2178,-4040,5814,CN,3,N_pwm150_grab3
18476,-1480,196,12890,CN,3,N_pwm150_grab3
18481,4330,-2476,6382,CN,3,N_pwm150_grab3
18485,-646,-7816,3450,CN,3,N_pwm150_grab3
18490,-5676,-3368,15256,CN,3,N_pwm150_grab3
18496,106,-4772,7250,CN,3,N_pwm150_grab3
18500,-4918,272,6350,CN,3,N_pwm150_grab3
18506,-5066,3818,12066,CN,3,N_pwm150_grab3
18510,2190,3936,13322,CN,3,N_pwm150_grab3
18515,1812,1248,12012,CN,3,N_pwm150_grab3
18520,-6856,474,12226,CN,3,N_pwm150_grab3
18525,-202,2390,15176,CN,3,N_pwm150_grab3
18530,-860,1008,9992,CN,3,N_pwm150_grab3
18535,-1496,7648,12988,CN,3,N_pwm150_grab3
18540,11942,-2042,6814,CN,3,N_pwm150_grab3
18545,1408,1862,11996,CN,3,N_pwm150_grab3
18550,6742,736,10020,CN,3,N_pwm150_grab3
18555,5378,-7272,5546,CN,3,N_pwm150_grab3
18561,3000,1838,12112,CN,3,N_pwm150_grab3
18565,7578,3696,13274,CN,3,N_pwm150_grab3
18570,8788,-5568,6634,CN,3,N_pwm150_grab3
18575,-1528,460,12988,CN,3,N_pwm150_grab3
18581,-1330,-4552,8766,CN,3,N_pwm150_grab3
18590,-7228,-4352,13702,CN,3,N_pwm150_grab3
18595,-16321,-1,-1,CN,3,N_pwm150_grab3
18600,-4980,122,5994,CN,3,N_pwm150_grab3
18605,-7482,-5124,14842,CN,3,N_pwm150_grab3
18611,-3108,-3226,11568,CN,3,N_pwm150_grab3
18615,-7054,-1072,2466,CN,3,N_pwm150_grab3
18621,996,8560,13334,CN,3,N_pwm150_grab3
18626,8656,4002,9074,CN,3,N_pwm150_grab3
18630,4162,1330,13218,CN,3,N_pwm150_grab3
18635,5990,8050,15096,CN,3,N_pwm150_grab3
18641,12298,-1110,6968,CN,3,N_pwm150_grab3
18646,1608,1760,12084,CN,3,N_pwm150_grab3
18651,6704,1640,10728,CN,3,N_pwm150_grab3
18656,5748,-7052,5788,CN,3,N_pwm150_grab3
18661,-7606,-4896,15424,CN,3,N_pwm150_grab3
18666,-2776,-3788,10198,CN,3,N_pwm150_grab3
18671,-7794,-1910,920,CN,3,N_pwm150_grab3
18677,-7038,-2502,12662,CN,3,N_pwm150_grab3
18682,-1688,686,15678,CN,3,N_pwm150_grab3
18686,-2674,638,8498,CN,3,N_pwm150_grab3
18692,-7328,-4394,13736,CN,3,N_pwm150_grab3
18696,-3030,-1322,14688,CN,3,N_pwm150_grab3
18702,3130,1230,13218,CN,3,N_pwm150_grab3
18706,3036,9292,14478,CN,3,N_pwm150_grab3
18711,11128,2782,8374,CN,3,N_pwm150_grab3
18717,3764,1574,12450,CN,3,N_pwm150_grab3
18721,7240,5814,14374,CN,3,N_pwm150_grab3
18726,10394,-3662,6706,CN,3,N_pwm150_grab3
18731,4064,1256,13158,CN,3,N_pwm150_grab3
18736,5896,8006,15082,CN,3,N_pwm150_grab3
18741,12360,-1160,6926,CN,3,N_pwm150_grab3
18746,-4840,-1792,14510,CN,3,N_pwm150_grab3
18752,994,-4540,6374,CN,3,N_pwm150_grab3
18757,-7038,-6174,366,CN,3,N_pwm150_grab3
18762,-7662,-4984,15438,CN,3,N_pwm150_grab3
18766,-2768,-3770,10102,CN,3,N_pwm150_grab3
18772,-7912,-1818,894,CN,3,N_pwm150_grab3
18776,-7006,-4038,15914,CN,3,N_pwm150_grab3
18781,-952,-4526,8358,CN,3,N_pwm150_grab3
18787,-2712,658,8566,CN,3,N_pwm150_grab3
18791,-2936,5352,12130,CN,3,N_pwm150_grab3
18796,3668,4204,11088,CN,3,N_pwm150_grab3
18802,3006,1148,13208,CN,3,N_pwm150_grab3
18807,2968,9404,14424,CN,3,N_pwm150_grab3
18812,11008,2758,8388,CN,3,N_pwm150_grab3
18816,1480,1366,11761,CN,3,N_pwm150_grab3
18821,726,8540,13674,CN,3,N_pwm150_grab3
18826,10396,-3858,6580,CN,3,N_pwm150_grab3
18831,18,1102,12602,CN,3,N_pwm150_grab3
18836,5684,-936,7626,CN,3,N_pwm150_grab3
18842,1828,-7880,4466,CN,3,N_pwm150_grab3
18846,-4874,-2062,14502,CN,3,N_pwm150_grab3
18852,890,-4632,6384,CN,3,N_pwm150_grab3
18857,-7154,-6010,398,CN,3,N_pwm150_grab3
18861,-3176,-898,13626,CN,3,N_pwm150_grab3
18867,-2884,-3658,10254,CN,3,N_pwm150_grab3
18872,-7968,-1648,914,CN,3,N_pwm150_grab3
18876,-7042,-2042,12802,CN,3,N_pwm150_grab3
18881,-1716,846,16268,CN,3,N_pwm150_grab3
18886,-2662,644,8718,CN,3,N_pwm150_grab3
18892,-2948,5904,12210,CN,3,N_pwm150_grab3
18896,3744,4250,10964,CN,3,N_pwm150_grab3
18902,3058,1080,13166,CN,3,N_pwm150_grab3
18907,7120,2346,12120,CN,3,N_pwm150_grab3
18912,7588,-6340,6334,CN,3,N_pwm150_grab3
18917,-2128,-392,13192,CN,3,N_pwm150_grab3
18923,3792,-3146,6028,CN,3,N_pwm150_grab3
18928,-1918,-7618,2926,CN,3,N_pwm150_grab3
18932,-6322,-3714,15486,CN,3,N_pwm150_grab3
18938,-210,-4506,7684,CN,3,N_pwm150_grab3
18942,-8360,-4068,-746,CN,3,N_pwm150_grab3
18947,-7870,-4834,14122,CN,3,N_pwm150_grab3
18953,-3262,-1808,13718,CN,3,N_pwm150_grab3
18957,-6382,-148,4388,CN,3,N_pwm150_grab3
18963,-5890,2072,12264,CN,3,N_pwm150_grab3
18967,924,3162,14960,CN,3,N_pwm150_grab3
18973,124,1044,10880,CN,3,N_pwm150_grab3
18978,-594,8360,13354,CN,3,N_pwm150_grab3
18982,6476,4098,8942,CN,3,N_pwm150_grab3
18988,3750,902,13152,CN,3,N_pwm150_grab3
18993,5166,8742,15300,CN,3,N_pwm150_grab3
18997,12454,166,7226,CN,3,N_pwm150_grab3
19002,2552,1672,11870,CN,3,N_pwm150_grab3
19007,7080,2810,12308,CN,3,N_pwm150_grab3
19013,7676,-6292,6382,CN,3,N_pwm150_grab3
19018,-2210,-18,13364,CN,3,N_pwm150_grab3
19022,3848,-2814,6418,CN,3,N_pwm150_grab3
19028,-8270,-2588,-584,CN,3,N_pwm150_grab3
19033,-6504,-3542,15520,CN,3,N_pwm150_grab3
19038,-18,-4738,7496,CN,3,N_pwm150_grab3
19042,-8450,-4272,-838,CN,3,N_pwm150_grab3
19048,-7894,-5633,-1,CN,3,N_pwm150_grab3
19053,-3236,-2074,13444,CN,3,N_pwm150_grab3
19057,-6352,-142,4226,CN,3,N_pwm150_grab3
19063,-5754,1286,12032,CN,3,N_pwm150_grab3
19068,9712,3402,8266,CN,3,N_pwm150_grab3
19073,274,1328,11156,CN,3,N_pwm150_grab3
19077,-256,8112,13166,CN,3,N_pwm150_grab3
19083,6706,4162,8882,CN,3,N_pwm150_grab3
19088,3720,1042,13466,CN,3,N_pwm150_grab3
19093,5268,8824,15530,CN,3,N_pwm150_grab3
19097,12436,138,7104,CN,3,N_pwm150_grab3
19102,2456,1796,11902,CN,3,N_pwm150_grab3
19108,1550,-4610,6104,CN,3,N_pwm150_grab3
19112,-6188,-6746,1100,CN,3,N_pwm150_grab3
19117,-2366,-322,13542,CN,3,N_pwm150_grab3
19122,3402,-3300,6240,CN,3,N_pwm150_grab3
19127,-2858,-7852,2852,CN,3,N_pwm150_grab3
19132,-6912,-3628,15614,CN,3,N_pwm150_grab3
19137,-516,-4732,7628,CN,3,N_pwm150_grab3
19142,-8628,-4080,-1030,CN,3,N_pwm150_grab3
19147,-3198,4380,11804,CN,3,N_pwm150_grab3
19153,3316,4240,11818,CN,3,N_pwm150_grab3
19158,2746,1516,13392,CN,3,N_pwm150_grab3
19163,2746,9422,14592,CN,3,N_pwm150_grab3
19168,10488,3492,8210,CN,3,N_pwm150_grab3
19173,3972,1612,12360,CN,3,N_pwm150_grab3
19178,6996,6514,14778,CN,3,N_pwm150_grab3
19184,10640,-3244,6978,CN,3,N_pwm150_grab3
19188,-6384,-3100,15432,CN,3,N_pwm150_grab3
19194,136,-4918,7472,CN,3,N_pwm150_grab3
19198,-8452,-4588,-854,CN,3,N_pwm150_grab3
19204,-4676,-1790,14572,CN,3,N_pwm150_grab3
19208,1166,-4722,6442,CN,3,N_pwm150_grab3
19214,-7074,-6242,318,CN,3,N_pwm150_grab3
19218,-8266,-5202,15198,CN,3,N_pwm150_grab3
19224,-2966,-4046,9834,CN,3,N_pwm150_grab3
19228,526,1356,11422,CN,3,N_pwm150_grab3
19233,210,8250,13044,CN,3,N_pwm150_grab3
19238,7502,4114,8868,CN,3,N_pwm150_grab3
19243,-2110,912,9260,CN,3,N_pwm150_grab3
19248,-2032,6012,12150,CN,3,N_pwm150_grab3
19253,4768,4528,10492,CN,3,N_pwm150_grab3
19258,3344,1334,13778,CN,3,N_pwm150_grab3
19264,4258,9396,15170,CN,3,N_pwm150_grab3
19269,6202,-6970,5852,CN,3,N_pwm150_grab3
19274,-2730,-954,13800,CN,3,N_pwm150_grab3
19279,2472,-4008,6154,CN,3,N_pwm150_grab3
19284,-4164,-7596,2032,CN,3,N_pwm150_grab3
19288,-1018,134,13438,CN,3,N_pwm150_grab3
19294,4210,-2530,6724,CN,3,N_pwm150_grab3
19298,-922,-8390,3508,CN,3,N_pwm150_grab3
19303,-5776,-3412,15390,CN,3,N_pwm150_grab3
19308,-3004,-700,15470,CN,3,N_pwm150_grab3
19313,-4948,236,6448,CN,3,N_pwm150_grab3
19318,-4434,3832,11756,CN,3,N_pwm150_grab3
19324,3038,3926,13338,CN,3,N_pwm150_grab3
19329,-6608,-382,3338,CN,3,N_pwm150_grab3
19334,-6504,1248,11750,CN,3,N_pwm150_grab3
19338,992,2930,15056,CN,3,N_pwm150_grab3
19343,386,1378,11130,CN,3,N_pwm150_grab3
19348,96,8392,13362,CN,3,N_pwm150_grab3
19354,10838,-2894,6678,CN,3,N_pwm150_grab3
19359,614,1556,12264,CN,3,N_pwm150_grab3
19363,5752,-338,8356,CN,3,N_pwm150_grab3
19369,2798,-8046,4742,CN,3,N_pwm150_grab3
19374,2016,1946,11540,CN,3,N_pwm150_grab3
19379,6742,2596,11384,CN,3,N_pwm150_grab3
19384,6230,-6752,5844,CN,3,N_pwm150_grab3
19388,-2736,-692,14210,CN,3,N_pwm150_grab3
19394,-2930,-4136,9786,CN,3,N_pwm150_grab3
19398,-7836,-2014,568,CN,3,N_pwm150_grab3
19403,-7926,-2550,12570,CN,3,N_pwm150_grab3
19408,-1580,648,15156,CN,3,N_pwm150_grab3
19414,-2368,842,8632,CN,3,N_pwm150_grab3
19419,-2414,5360,11850,CN,3,N_pwm150_grab3
19424,4802,4482,11032,CN,3,N_pwm150_grab3
19429,3444,1368,13850,CN,3,N_pwm150_grab3
19435,6854,2550,11218,CN,3,N_pwm150_grab3
19439,5986,-6746,5660,CN,3,N_pwm150_grab3
19444,-3026,-736,14198,CN,3,N_pwm150_grab3
19449,2450,-3956,6494,CN,3,N_pwm150_grab3
19454,-4850,-7908,1480,CN,3,N_pwm150_grab3
19460,-1340,408,13172,CN,3,N_pwm150_grab3
19465,4182,-2154,7174,CN,3,N_pwm150_grab3
19469,-1272,-8398,3210,CN,3,N_pwm150_grab3
19475,-8164,-4144,13548,CN,3,N_pwm150_grab3
19480,-2844,-954,14806,CN,3,N_pwm150_grab3
19484,-4508,344,6462,CN,3,N_pwm150_grab3
19490,-4634,3360,11696,CN,3,N_pwm150_grab3
19495,2802,3962,12726,CN,3,N_pwm150_grab3
19499,-6178,-470,3790,CN,3,N_pwm150_grab3
19504,-6406,1252,12002,CN,3,N_pwm150_grab3
19509,932,3166,14016,CN,3,N_pwm150_grab3
19515,3842,1838,13020,CN,3,N_pwm150_grab3
19520,7774,6274,14650,CN,3,N_pwm150_grab3
19524,10930,-3720,6758,CN,3,N_pwm150_grab3
19530,126,1110,12362,CN,3,N_pwm150_grab3
19534,5788,-1126,7506,CN,3,N_pwm150_grab3
19539,1524,-8160,4088,CN,3,N_pwm150_grab3
19544,1528,2042,12078,CN,3,N_pwm150_grab3
19550,6914,690,9368,CN,3,N_pwm150_grab3
19555,-8016,-5984,-636,CN,3,N_pwm150_grab3
19559,-7916,-5924,14370,CN,3,N_pwm150_grab3
19565,-3410,-3156,11570,CN,3,N_pwm150_grab3
19570,-7300,-1102,2084,CN,3,N_pwm150_grab3
19575,-7412,-130,12518,CN,3,N_pwm150_grab3
19580,-484,2320,14998,CN,3,N_pwm150_grab3
19585,-8378,-2410,-126,CN,3,N_pwm150_grab3
19589,-7856,-2762,13076,CN,3,N_pwm150_grab3
19594,6510,4682,9942,CN,3,N_pwm150_grab3
19600,3846,1476,13128,CN,3,N_pwm150_grab3
19605,5270,8826,15524,CN,3,N_pwm150_grab3
19610,13228,38,7502,CN,3,N_pwm150_grab3
19615,2514,2246,12434,CN,3,N_pwm150_grab3
19619,7306,1592,11128,CN,3,N_pwm150_grab3
19624,7074,-7240,6098,CN,3,N_pwm150_grab3
19629,3454,2176,12412,CN,3,N_pwm150_grab3
19634,2744,-4328,5362,CN,3,N_pwm150_grab3
19640,-4154,-7734,1992,CN,3,N_pwm150_grab3
19645,-7250,-5342,15508,CN,3,N_pwm150_grab3
19650,-2124,-4538,8142,CN,3,N_pwm150_grab3
19655,-8922,-3186,-1388,CN,3,N_pwm150_grab3
19659,-8040,-4424,13402,CN,3,N_pwm150_grab3
19664,-3124,-630,15820,CN,3,N_pwm150_grab3
19670,-4180,296,6994,CN,3,N_pwm150_grab3
19676,4816,9798,15948,CN,3,N_pwm150_grab3
19680,13016,1900,7872,CN,3,N_pwm150_grab3
19686,3190,2144,12076,CN,3,N_pwm150_grab3
19691,7208,3824,12544,CN,3,N_pwm150_grab3
19695,8110,-6164,6706,CN,3,N_pwm150_grab3
19700,-1952,-302,13562,CN,3,N_pwm150_grab3
19705,3462,-3488,6400,CN,3,N_pwm150_grab3
19710,-3116,-8488,2642,CN,3,N_pwm150_grab3
19716,-7170,-4414,15286,CN,3,N_pwm150_grab3
19720,-1326,-4890,7592,CN,3,N_pwm150_grab3
19726,-9038,-3976,-1442,CN,3,N_pwm150_grab3
19730,-8680,-4904,13532,CN,3,N_pwm150_grab3
19736,-3332,-1582,14912,CN,3,N_pwm150_grab3
19740,-5000,100,5902,CN,3,N_pwm150_grab3
19745,-4480,2926,11800,CN,3,N_pwm150_grab3
19751,2888,3948,13030,CN,3,N_pwm150_grab3
19755,2696,1848,13068,CN,3,N_pwm150_grab3
19761,3206,9666,14738,CN,3,N_pwm150_grab3
19765,11512,3954,9002,CN,3,N_pwm150_grab3
19770,3978,2140,12698,CN,3,N_pwm150_grab3
19775,7518,7004,14554,CN,3,N_pwm150_grab3
19780,10172,-3418,7320,CN,3,N_pwm150_grab3
19785,-390,890,12890,CN,3,N_pwm150_grab3
19790,5038,-1050,7844,CN,3,N_pwm150_grab3
19796,-8868,-4350,-1038,CN,3,N_pwm150_grab3
19800,-5164,-2714,15320,CN,3,N_pwm150_grab3
19805,516,-5276,7310,CN,3,N_pwm150_grab3
19815,-8994,-5266,14090,CN,3,N_pwm150_grab3
19820,-3432,-3064,12764,CN,3,N_pwm150_grab3
19826,-6160,-678,3648,CN,3,N_pwm150_grab3
19830,-6528,1616,11934,CN,3,N_pwm150_grab3
19836,12192,3610,9348,CN,3,N_pwm150_grab3
19841,1586,1806,11452,CN,3,N_pwm150_grab3
19846,1242,9430,14316,CN,3,N_pwm150_grab3
19850,10488,4376,10094,CN,3,N_pwm150_grab3
19856,4136,2074,13438,CN,3,N_pwm150_grab3
19860,7602,7540,15052,CN,3,N_pwm150_grab3
19865,12072,-2718,7274,CN,3,N_pwm150_grab3
19870,456,1460,12150,CN,3,N_pwm150_grab3
19876,-330,-5370,7318,CN,3,N_pwm150_grab3
19885,-4798,-3198,14628,CN,3,N_pwm150_grab3
19890,978,-5346,6264,CN,3,N_pwm150_grab3
19901,-8598,-6298,13964,CN,3,N_pwm150_grab3
19906,-3724,-3320,12548,CN,3,N_pwm150_grab3
19910,-6934,-1074,2630,CN,3,N_pwm150_grab3
19915,1932,10546,15418,CN,3,N_pwm150_grab3
19921,11092,4386,9466,CN,3,N_pwm150_grab3
19926,4106,2344,12684,CN,3,N_pwm150_grab3
19931,7574,6670,14720,CN,3,N_pwm150_grab3
19937,11348,-3778,7606,CN,3,N_pwm150_grab3
19941,-136,964,12544,CN,3,N_pwm150_grab3
19947,5936,-1276,7444,CN,3,N_pwm150_grab3
19951,648,-8814,4418,CN,3,N_pwm150_grab3
19957,-8714,-5266,13472,CN,3,N_pwm150_grab3
19962,-3546,-1512,15054,CN,3,N_pwm150_grab3
19966,-4944,8,5748,CN,3,N_pwm150_grab3
19971,-9262,-5962,13888,CN,3,N_pwm150_grab3
19976,-3710,-3354,13092,CN,3,N_pwm150_grab3
19981,-6464,-764,3450,CN,3,N_pwm150_grab3
19987,-6082,1148,11964,CN,3,N_pwm150_grab3
19992,1622,3510,14212,CN,3,N_pwm150_grab3
19996,4150,2374,12406,CN,3,N_pwm150_grab3
20001,7530,6696,14278,CN,3,N_pwm150_grab3
20007,10068,-4152,7534,CN,3,N_pwm150_grab3
20011,4344,2272,13288,CN,3,N_pwm150_grab3
20016,7330,8500,15154,CN,3,N_pwm150_grab3
20022,11594,-1956,7700,CN,3,N_pwm150_grab3
20027,382,1354,12498,CN,3,N_pwm150_grab3
20032,5748,-128,8234,CN,3,N_pwm150_grab3
20036,1206,-8518,4296,CN,3,N_pwm150_grab3
20042,-9140,-5128,13862,CN,3,N_pwm150_grab3
20047,-3554,-2028,13992,CN,3,N_pwm150_grab3
20056,-9294,-5664,14134,CN,3,N_pwm150_grab3
20061,-3556,-3432,12548,CN,3,N_pwm150_grab3
20072,-6740,1076,12126,CN,3,N_pwm150_grab3
20077,1090,3306,14042,CN,3,N_pwm150_grab3
20081,4160,2336,13284,CN,3,N_pwm150_grab3
20086,7844,6384,13866,CN,3,N_pwm150_grab3
20092,10286,-4396,7364,CN,3,N_pwm150_grab3
20097,4310,2148,13582,CN,3,N_pwm150_grab3
20102,7590,7814,14858,CN,3,N_pwm150_grab3
20106,12040,-2666,7632,CN,3,N_pwm150_grab3
20111,246,1352,12266,CN,3,N_pwm150_grab3
20116,6236,-916,7584,CN,3,N_pwm150_grab3
20127,-8464,-5296,13580,CN,3,N_pwm150_grab3
20132,-3500,-1204,15436,CN,3,N_pwm150_grab3
20136,-5058,-76,5704,CN,3,N_pwm150_grab3
20141,-8816,-6408,13718,CN,3,N_pwm150_grab3
20146,-3786,-2778,13634,CN,3,N_pwm150_grab3
20156,-6486,1910,12450,CN,3,N_pwm150_grab3
20161,11818,4250,9204,CN,3,N_pwm150_grab3
20166,4180,2424,12568,CN,3,N_pwm150_grab3
20171,7466,6366,14152,CN,3,N_pwm150_grab3
20177,10594,-4364,7670,CN,3,N_pwm150_grab3
20182,-634,628,12918,CN,3,N_pwm150_grab3
20187,5348,-2012,7122,CN,3,N_pwm150_grab3
20197,-6038,-3934,14716,CN,3,N_pwm150_grab3
20202,-2994,-888,15244,CN,3,N_pwm150_grab3
20207,-4172,304,6770,CN,3,N_pwm150_grab3
20213,-4034,4276,12348,CN,3,N_pwm150_grab3
20218,3580,4678,11912,CN,3,N_pwm150_grab3
20222,3086,2134,13470,CN,3,N_pwm150_grab3
20228,-5460,2010,11924,CN,3,N_pwm150_grab3
20233,2180,3798,13624,CN,3,N_pwm150_grab3
20237,2228,2112,12502,CN,3,N_pwm150_grab3
20242,7436,5724,13522,CN,3,N_pwm150_grab3
20247,8978,-5082,7356,CN,3,N_pwm150_grab3
20252,-1610,116,13746,CN,3,N_pwm150_grab3
20257,3872,-2762,6936,CN,3,N_pwm150_grab3
20267,-294,914,12844,CN,3,N_pwm150_grab3
20273,5356,-1178,7582,CN,3,N_pwm150_grab3
20277,-214,-8850,7582,CN,3,N_pwm150_grab3
20298,-4792,4324,12040,CN,3,N_pwm150_grab3
20302,3534,4670,12454,CN,3,N_pwm150_grab3
20307,3018,2068,12974,CN,3,N_pwm150_grab3
20313,-6060,2584,12176,CN,3,N_pwm150_grab3
20318,1824,3952,13498,CN,3,N_pwm150_grab3
20322,3784,2546,13086,CN,3,N_pwm150_grab3
20327,7798,4936,13108,CN,3,N_pwm150_grab3
20333,9204,-5612,7028,CN,3,N_pwm150_grab3
20338,-1912,-410,13080,CN,3,N_pwm150_grab3
20353,-576,528,12444,CN,3,N_pwm150_grab3
20357,5462,-2358,6514,CN,3,N_pwm150_grab3
20367,-8312,-4588,13394,CN,3,N_pwm150_grab3
20372,-3004,-372,15960,CN,3,N_pwm150_grab3
20377,-4136,338,6884,CN,3,N_pwm150_grab3
20382,-4532,5162,12734,CN,3,N_pwm150_grab3
20388,3062,4936,11846,CN,3,N_pwm150_grab3
20392,3144,2082,12968,CN,3,N_pwm150_grab3
20398,-5564,2510,12378,CN,3,N_pwm150_grab3
20402,12706,3670,8600,CN,3,N_pwm150_grab3
20408,3988,2488,12496,CN,3,N_pwm150_grab3
20412,7308,5456,13316,CN,3,N_pwm150_grab3
20417,9404,-5414,7344,CN,3,N_pwm150_grab3
20422,-1488,92,13464,CN,3,N_pwm150_grab3
20427,4248,-2922,6632,CN,3,N_pwm150_grab3
20438,-7118,-4336,14888,CN,3,N_pwm150_grab3
20443,-2000,-144,15272,CN,3,N_pwm150_grab3
20448,-2884,730,7884,CN,3,N_pwm150_grab3
20453,-2942,4972,12576,CN,3,N_pwm150_grab3
20458,5290,4850,11232,CN,3,N_pwm150_grab3
20464,3472,2190,13952,CN,3,N_pwm150_grab3
20468,5352,10020,15804,CN,3,N_pwm150_grab3
20474,13152,2362,7952,CN,3,N_pwm150_grab3
20478,3108,2406,12000,CN,3,N_pwm150_grab3
20483,7106,4494,12174,CN,3,N_pwm150_grab3
20489,7228,-6116,6654,CN,3,N_pwm150_grab3
20494,-2466,-644,14310,CN,3,N_pwm150_grab3
20499,2894,-3716,6420,CN,3,N_pwm150_grab3
20504,-5192,-8482,1268,CN,3,N_pwm150_grab3
20508,-8092,-4648,14948,CN,3,N_pwm150_grab3
20513,-2504,-5152,8466,CN,3,N_pwm150_grab3
20523,-8376,-3670,13290,CN,3,N_pwm150_grab3
20528,-2224,74,14742,CN,3,N_pwm150_grab3
20533,-2692,904,7750,CN,3,N_pwm150_grab3
20539,-3330,6084,12578,CN,3,N_pwm150_grab3
20544,5466,5266,11498,CN,3,N_pwm150_grab3
20549,3548,2092,13456,CN,3,N_pwm150_grab3
20554,5088,9884,16006,CN,3,N_pwm150_grab3
20559,13744,1408,8026,CN,3,N_pwm150_grab3
20563,-3908,-2442,14042,CN,3,N_pwm150_grab3
20568,7532,2550,11234,CN,3,N_pwm150_grab3
20574,6938,-7212,6344,CN,3,N_pwm150_grab3
20578,-2868,-1644,13496,CN,3,N_pwm150_grab3
20583,2782,-4620,4984,CN,3,N_pwm150_grab3
20589,-5364,-8030,1152,CN,3,N_pwm150_grab3
20593,-8193,-1,-1,CN,3,N_pwm150_grab3
20599,-3024,-5002,8556,CN,3,N_pwm150_grab3
20604,-580,1638,9828,CN,3,N_pwm150_grab3
20609,-7920,-3242,12888,CN,3,N_pwm150_grab3
20614,-1660,800,15720,CN,3,N_pwm150_grab3
20618,-2326,980,8530,CN,3,N_pwm150_grab3
20623,-2752,6724,13110,CN,3,N_pwm150_grab3
20628,5662,5306,10782,CN,3,N_pwm150_grab3
20633,3650,2200,13754,CN,3,N_pwm150_grab3
20639,5406,10230,16564,CN,3,N_pwm150_grab3
20643,13404,1852,7874,CN,3,N_pwm150_grab3
20648,-3732,-1636,14220,CN,3,N_pwm150_grab3
20654,6916,3894,11620,CN,3,N_pwm150_grab3
20659,6884,-6510,6562,CN,3,N_pwm150_grab3
20664,-2714,-578,14330,CN,3,N_pwm150_grab3
20669,2684,-3780,6426,CN,3,N_pwm150_grab3
20673,-5754,-8350,1310,CN,3,N_pwm150_grab3
20679,-9184,-4742,14670,CN,3,N_pwm150_grab3
20684,-2582,-5348,8348,CN,3,N_pwm150_grab3
20688,-222,1598,9730,CN,3,N_pwm150_grab3
20695,-266,7288,13368,CN,3,N_pwm150_grab3
20699,8472,4772,10794,CN,3,N_pwm150_grab3
20705,4074,2080,13848,CN,3,N_pwm150_grab3
20710,6776,9312,15518,CN,3,N_pwm150_grab3
20714,12862,-456,7646,CN,3,N_pwm150_grab3
20719,1394,2018,11858,CN,3,N_pwm150_grab3
20724,6480,1554,10060,CN,3,N_pwm150_grab3
20736,-9162,-5458,14166,CN,3,N_pwm150_grab3
20739,1652,-5048,6634,CN,3,N_pwm150_grab3
20750,-9004,-6140,14156,CN,3,N_pwm150_grab3
20754,-3706,-4352,11710,CN,3,N_pwm150_grab3
20759,-7020,-1636,2064,CN,3,N_pwm150_grab3
20764,-6974,594,12506,CN,3,N_pwm150_grab3
20769,11732,4438,9820,CN,3,N_pwm150_grab3
20774,4438,2572,13452,CN,3,N_pwm150_grab3
20779,264,9932,15144,CN,3,N_pwm150_grab3
20785,9952,5202,10386,CN,3,N_pwm150_grab3
20789,4290,2348,13026,CN,3,N_pwm150_grab3
20794,6882,8078,15498,CN,3,N_pwm150_grab3
20799,12440,-2328,7920,CN,3,N_pwm150_grab3
20804,678,1766,12264,CN,3,N_pwm150_grab3
20810,-60,-5594,6562,CN,3,N_pwm150_grab3
20820,-9070,-5778,13602,CN,3,N_pwm150_grab3
20824,1194,-5554,6174,CN,3,N_pwm150_grab3
20834,-9596,-5978,14054,CN,3,N_pwm150_grab3
20839,-3736,-4296,12292,CN,3,N_pwm150_grab3
20844,-6698,-1296,2668,CN,3,N_pwm150_grab3
20849,3076,9906,15342,CN,3,N_pwm150_grab3
20855,11468,4696,9222,CN,3,N_pwm150_grab3
20859,4478,2332,12886,CN,3,N_pwm150_grab3
20865,1738,8520,14294,CN,3,N_pwm150_grab3
20870,10030,5072,10016,CN,3,N_pwm150_grab3
20874,4470,2460,13534,CN,3,N_pwm150_grab3
20879,6996,8670,15156,CN,3,N_pwm150_grab3
20885,11728,-1520,7962,CN,3,N_pwm150_grab3
20890,-6078,-3194,14864,CN,3,N_pwm150_grab3
20894,-134,-5346,7436,CN,3,N_pwm150_grab3
20904,-9242,-5086,14056,CN,3,N_pwm150_grab3
20910,788,-5362,6968,CN,3,N_pwm150_grab3
20920,-9466,-5554,14162,CN,3,N_pwm150_grab3
20925,-3444,-3630,12796,CN,3,N_pwm150_grab3
20929,2752,2188,12694,CN,3,N_pwm150_grab3
20934,3294,9968,15360,CN,3,N_pwm150_grab3
20940,12704,3786,9306,CN,3,N_pwm150_grab3
20945,4010,2672,13320,CN,3,N_pwm150_grab3
20951,7684,5644,13496,CN,3,N_pwm150_grab3
20956,9674,-5128,7506,CN,3,N_pwm150_grab3
20960,-1556,-12,13166,CN,3,N_pwm150_grab3
20965,4396,-3084,6206,CN,3,N_pwm150_grab3
20980,-2018,614,15690,CN,3,N_pwm150_grab3
20985,-2694,850,7882,CN,3,N_pwm150_grab3
20990,-3454,6768,13124,CN,3,N_pwm150_grab3
20995,-2918,-902,15714,CN,3,N_pwm150_grab3
21000,-4340,262,6656,CN,3,N_pwm150_grab3
21005,-4568,4758,12664,CN,3,N_pwm150_grab3
21010,13692,1728,8130,CN,3,N_pwm150_grab3
21015,2952,2450,12398,CN,3,N_pwm150_grab3
21020,7084,3330,11630,CN,3,N_pwm150_grab3
21026,7156,-6916,6618,CN,3,N_pwm150_grab3
21030,-2692,-700,13980,CN,3,N_pwm150_grab3
21035,7128,5810,13320,CN,3,N_pwm150_grab3
21040,9436,-5078,7478,CN,3,N_pwm150_grab3
21045,-1514,352,13750,CN,3,N_pwm150_grab3
21050,-2250,-5404,7820,CN,3,N_pwm150_grab3
21055,-8940,-3670,-1294,CN,3,N_pwm150_grab3
21061,-8270,-3994,12746,CN,3,N_pwm150_grab3
21066,-1828,-636,14542,CN,3,N_pwm150_grab3
21071,-2714,632,7668,CN,3,N_pwm150_grab3
21076,-2490,4510,12206,CN,3,N_pwm150_grab3
21081,-2880,-2002,14360,CN,3,N_pwm150_grab3
21085,-4336,-26,5934,CN,3,N_pwm150_grab3
21091,5678,10072,15726,CN,3,N_pwm150_grab3
21095,13146,2078,7790,CN,3,N_pwm150_grab3
21100,2864,2432,12064,CN,3,N_pwm150_grab3
21105,6898,3928,12068,CN,3,N_pwm150_grab3
21110,6616,-6480,6376,CN,3,N_pwm150_grab3
21115,-2602,-920,14368,CN,3,N_pwm150_grab3
21121,7280,5422,13090,CN,3,N_pwm150_grab3
21125,8528,-5158,7154,CN,3,N_pwm150_grab3
21130,-8442,-5312,14672,CN,3,N_pwm150_grab3
21136,-2910,-5072,8894,CN,3,N_pwm150_grab3
21145,-8268,-2994,13004,CN,3,N_pwm150_grab3
21151,-1998,750,14912,CN,3,N_pwm150_grab3
21155,-2188,1054,8044,CN,3,N_pwm150_grab3
21160,-2796,6916,12896,CN,3,N_pwm150_grab3
21166,-2696,-546,15424,CN,3,N_pwm150_grab3
21171,-3802,500,6688,CN,3,N_pwm150_grab3
21175,5324,9814,16122,CN,3,N_pwm150_grab3
21180,13594,990,7930,CN,3,N_pwm150_grab3
21186,2598,2736,12348,CN,3,N_pwm150_grab3
21190,7358,2388,11090,CN,3,N_pwm150_grab3
21196,6548,-7402,6318,CN,3,N_pwm150_grab3
21200,-3160,-1288,13756,CN,3,N_pwm150_grab3
21207,2648,-4418,5354,CN,3,N_pwm150_grab3
21212,-7702,-1996,1108,CN,3,N_pwm150_grab3
21217,-7028,-1762,12186,CN,3,N_pwm150_grab3
21221,-642,1724,14584,CN,3,N_pwm150_grab3
21226,-428,1602,9596,CN,3,N_pwm150_grab3
21231,-788,7692,13734,CN,3,N_pwm150_grab3
21236,7834,5276,10398,CN,3,N_pwm150_grab3
21241,4006,2222,13664,CN,3,N_pwm150_grab3
21246,6078,9668,16000,CN,3,N_pwm150_grab3
21251,5490,5114,10794,CN,3,N_pwm150_grab3
21257,1740,2112,12178,CN,3,N_pwm150_grab3
21261,6410,2162,10398,CN,3,N_pwm150_grab3
21266,4344,-7720,5692,CN,3,N_pwm150_grab3
21271,-3672,-1218,14288,CN,3,N_pwm150_grab3
21277,2036,-4488,6586,CN,3,N_pwm150_grab3
21282,-7260,-7652,26,CN,3,N_pwm150_grab3
21286,-9778,-4832,14736,CN,3,N_pwm150_grab3
21292,2652,-3360,6750,CN,3,N_pwm150_grab3
21297,-7902,-2640,382,CN,3,N_pwm150_grab3
21301,-7470,-2406,11938,CN,3,N_pwm150_grab3
21307,-412,986,14006,CN,3,N_pwm150_grab3
21311,-706,1404,9386,CN,3,N_pwm150_grab3
21317,-344,6974,13190,CN,3,N_pwm150_grab3
21321,8212,4778,10552,CN,3,N_pwm150_grab3
21327,3942,2100,14000,CN,3,N_pwm150_grab3
21331,6750,9478,15618,CN,3,N_pwm150_grab3
21336,12932,-12,7580,CN,3,N_pwm150_grab3
21341,1630,2038,11840,CN,3,N_pwm150_grab3
21346,6586,2226,10528,CN,3,N_pwm150_grab3
21351,4042,-7542,5270,CN,3,N_pwm150_grab3
21356,-3598,-1838,14608,CN,3,N_pwm150_grab3
21361,1808,-4782,6280,CN,3,N_pwm150_grab3
21367,-7604,-7530,-368,CN,3,N_pwm150_grab3
21372,-8696,-6126,14260,CN,3,N_pwm150_grab3
21376,-3474,-4494,10644,CN,3,N_pwm150_grab3
21381,-7480,-1946,1196,CN,3,N_pwm150_grab3
21387,-7450,-702,12412,CN,3,N_pwm150_grab3
21391,-722,2372,14464,CN,3,N_pwm150_grab3
21396,-250,1590,9738,CN,3,N_pwm150_grab3
21401,-706,8912,14318,CN,3,N_pwm150_grab3
21406,8636,5286,10548,CN,3,N_pwm150_grab3
21411,4040,2070,13208,CN,3,N_pwm150_grab3
21417,6182,-774,7914,CN,3,N_pwm150_grab3
21422,13188,-752,7916,CN,3,N_pwm150_grab3
21427,1506,2316,12150,CN,3,N_pwm150_grab3
21432,6818,1090,9890,CN,3,N_pwm150_grab3
21437,4214,-8032,5572,CN,3,N_pwm150_grab3
21442,-4024,-1746,14054,CN,3,N_pwm150_grab3
21447,2026,-4828,5884,CN,3,N_pwm150_grab3
21452,-7620,-7510,-446,CN,3,N_pwm150_grab3
21456,-6116,-416,11876,CN,3,N_pwm150_grab3
21462,664,2616,13646,CN,3,N_pwm150_grab3
21467,1114,1926,11036,CN,3,N_pwm150_grab3
21478,9410,5104,9908,CN,3,N_pwm150_grab3
21483,4376,2288,13384,CN,3,N_pwm150_grab3
21488,6560,9010,15618,CN,3,N_pwm150_grab3
21493,12454,-1018,8306,CN,3,N_pwm150_grab3
21498,-6104,-2694,14676,CN,3,N_pwm150_grab3
21502,472,-5402,7248,CN,3,N_pwm150_grab3
21507,2192,-8148,5038,CN,3,N_pwm150_grab3
21513,-4404,-1804,14418,CN,3,N_pwm150_grab3
21517,1432,-4906,7072,CN,3,N_pwm150_grab3
21527,-9856,-5330,14492,CN,3,N_pwm150_grab3
21533,-3408,-4576,10956,CN,3,N_pwm150_grab3
21538,2110,2082,12402,CN,3,N_pwm150_grab3
21543,2810,9130,14864,CN,3,N_pwm150_grab3
21547,772,2210,13826,CN,3,N_pwm150_grab3
21552,720,1778,10736,CN,3,N_pwm150_grab3
21557,998,8012,13896,CN,3,N_pwm150_grab3
21563,9828,4796,10244,CN,3,N_pwm150_grab3
21567,4192,2208,13828,CN,3,N_pwm150_grab3
21572,7194,8762,15228,CN,3,N_pwm150_grab3
21577,-234,-8606,3672,CN,3,N_pwm150_grab3
21582,-5396,-3468,14948,CN,3,N_pwm150_grab3
21587,-36,-5486,7094,CN,3,N_pwm150_grab3
21592,2218,-8260,4566,CN,3,N_pwm150_grab3
21598,-4382,-2942,14686,CN,3,N_pwm150_grab3
21603,1002,-5366,6130,CN,3,N_pwm150_grab3
21613,-8538,-6364,14146,CN,3,N_pwm150_grab3
21617,1686,3872,13432,CN,3,N_pwm150_grab3
21622,2184,1964,11932,CN,3,N_pwm150_grab3
21627,1710,10100,15122,CN,3,N_pwm150_grab3
21632,120,2866,13986,CN,3,N_pwm150_grab3
21637,692,1766,10536,CN,3,N_pwm150_grab3
21643,144,9020,14526,CN,3,N_pwm150_grab3
21648,9246,5264,10218,CN,3,N_pwm150_grab3
21652,4224,2074,13276,CN,3,N_pwm150_grab3
21657,5750,-834,7774,CN,3,N_pwm150_grab3
21663,566,-8602,4230,CN,3,N_pwm150_grab3
21668,-5590,-2842,14794,CN,3,N_pwm150_grab3
21673,892,-5516,6466,CN,3,N_pwm150_grab3
21678,3452,-8032,5536,CN,3,N_pwm150_grab3
21682,-4394,-1602,14184,CN,3,N_pwm150_grab3
21687,1818,-4856,6300,CN,3,N_pwm150_grab3
21698,-5752,-294,11730,CN,3,N_pwm150_grab3
21702,990,2588,13358,CN,3,N_pwm150_grab3
21707,1426,1970,11486,CN,3,N_pwm150_grab3
21712,1734,8382,14190,CN,3,N_pwm150_grab3
21719,9800,5092,9818,CN,3,N_pwm150_grab3
21724,4458,2278,13450,CN,3,N_pwm150_grab3
21729,6712,8758,15428,CN,3,N_pwm150_grab3
21733,12084,-1214,8228,CN,3,N_pwm150_grab3
21738,-6326,-2706,14798,CN,3,N_pwm150_grab3
21743,122,-5300,7364,CN,3,N_pwm150_grab3
21754,-9402,-5042,14290,CN,3,N_pwm150_grab3
21758,-3426,-3324,13164,CN,3,N_pwm150_grab3
21768,-9748,-5484,14442,CN,3,N_pwm150_grab3
21773,-3426,-4208,11366,CN,3,N_pwm150_grab3
21778,2262,2076,12680,CN,3,N_pwm150_grab3
21783,3060,9510,15002,CN,3,N_pwm150_grab3
21788,11532,4518,9380,CN,3,N_pwm150_grab3
21794,4254,2352,13224,CN,3,N_pwm150_grab3
21799,7454,7242,14326,CN,3,N_pwm150_grab3
21803,10100,4794,10170,CN,3,N_pwm150_grab3
21809,4208,2144,13744,CN,3,N_pwm150_grab3
21814,7338,8568,15272,CN,3,N_pwm150_grab3
21823,-5544,-3378,15176,CN,3,N_pwm150_grab3
21828,-180,-5446,7256,CN,3,N_pwm150_grab3
21839,-8732,-5598,13986,CN,3,N_pwm150_grab3
21843,-3488,-2686,13896,CN,3,N_pwm150_grab3
21853,-8600,-6140,14306,CN,3,N_pwm150_grab3
21858,-3386,-3940,12068,CN,3,N_pwm150_grab3
21864,2302,2020,12070,CN,3,N_pwm150_grab3
21868,1896,10108,15108,CN,3,N_pwm150_grab3
21874,11512,4580,9444,CN,3,N_pwm150_grab3
21878,4350,2362,13300,CN,3,N_pwm150_grab3
21884,7406,7056,14784,CN,3,N_pwm150_grab3
21888,9492,5278,9934,CN,3,N_pwm150_grab3
21894,4224,2082,13078,CN,3,N_pwm150_grab3
21899,6438,8884,15768,CN,3,N_pwm150_grab3
21904,500,-8674,4250,CN,3,N_pwm150_grab3
21908,-5618,-2768,14828,CN,3,N_pwm150_grab3
21913,842,-5514,6606,CN,3,N_pwm150_grab3
21924,-9038,-5444,14270,CN,3,N_pwm150_grab3
21929,-3272,-4132,12402,CN,3,N_pwm150_grab3
21939,-9522,-5130,14610,CN,3,N_pwm150_grab3
21944,940,2348,13188,CN,3,N_pwm150_grab3
21949,1310,1918,11454,CN,3,N_pwm150_grab3
21954,1620,8098,13988,CN,3,N_pwm150_grab3
21958,9400,5046,9670,CN,3,N_pwm150_grab3
21963,4390,2308,13596,CN,3,N_pwm150_grab3
21969,6658,8956,15546,CN,3,N_pwm150_grab3
21974,12284,-764,8208,CN,3,N_pwm150_grab3
21980,960,1580,12644,CN,3,N_pwm150_grab3
21984,324,-5310,7324,CN,3,N_pwm150_grab3
21994,-9372,-5198,14324,CN,3,N_pwm150_grab3
21999,-3488,-3352,12912,CN,3,N_pwm150_grab3
22005,-5940,-808,3770,CN,3,N_pwm150_grab3
22009,-5600,636,11426,CN,3,N_pwm150_grab3
22014,1874,2904,13424,CN,3,N_pwm150_grab3
22020,-6928,-1792,1464,CN,3,N_pwm150_grab3
22024,2312,8648,14514,CN,3,N_pwm150_grab3
22030,10688,4794,9532,CN,3,N_pwm150_grab3
22034,4280,2190,13408,CN,3,N_pwm150_grab3
22039,7196,8340,14740,CN,3,N_pwm150_grab3
22044,11372,-1896,7798,CN,3,N_pwm150_grab3
22050,370,1386,12454,CN,3,N_pwm150_grab3
22054,5870,604,9262,CN,3,N_pwm150_grab3
22059,12786,28,7438,CN,3,N_pwm150_grab3
22065,-4584,-2146,14948,CN,3,N_pwm150_grab3
22069,958,-5000,6928,CN,3,N_pwm150_grab3
22079,-8802,-5362,14472,CN,3,N_pwm150_grab3
22084,-3216,-4248,11694,CN,3,N_pwm150_grab3
22090,-6834,-1566,2322,CN,3,N_pwm150_grab3
22095,-7000,-642,11886,CN,3,N_pwm150_grab3
22100,110,2196,13708,CN,3,N_pwm150_grab3
22104,550,1614,10548,CN,3,N_pwm150_grab3
22109,-6,8108,13602,CN,3,N_pwm150_grab3
22115,8868,4842,10202,CN,3,N_pwm150_grab3
22120,4068,1902,13634,CN,3,N_pwm150_grab3
22125,6468,8830,15432,CN,3,N_pwm150_grab3
22129,12856,-662,7546,CN,3,N_pwm150_grab3
22135,1450,2152,12240,CN,3,N_pwm150_grab3
22140,6492,1174,9822,CN,3,N_pwm150_grab3
22144,4162,-7710,5530,CN,3,N_pwm150_grab3
22149,-4106,-1538,14184,CN,3,N_pwm150_grab3
22155,1696,-4804,5778,CN,3,N_pwm150_grab3
22160,-7130,-7400,-84,CN,3,N_pwm150_grab3
22164,-8650,-5396,14850,CN,3,N_pwm150_grab3
22170,-2872,-5190,9810,CN,3,N_pwm150_grab3
22175,-8032,-2578,130,CN,3,N_pwm150_grab3
22179,-7230,-3466,12310,CN,3,N_pwm150_grab3
22184,8230,5094,9770,CN,3,N_pwm150_grab3
22190,-1870,846,8752,CN,3,N_pwm150_grab3
22194,-1742,4924,12498,CN,3,N_pwm150_grab3
22199,5238,4588,10280,CN,3,N_pwm150_grab3
22204,3746,2074,14206,CN,3,N_pwm150_grab3
22209,5030,9646,15440,CN,3,N_pwm150_grab3
22214,13154,2400,8204,CN,3,N_pwm150_grab3
22219,3144,1980,12498,CN,3,N_pwm150_grab3
22225,2018,-4110,6724,CN,3,N_pwm150_grab3
22231,-6570,-7736,572,CN,3,N_pwm150_grab3
22235,-9462,-4312,14888,CN,3,N_pwm150_grab3
22240,-2524,-5694,8752,CN,3,N_pwm150_grab3
22245,-8326,-3238,-372,CN,3,N_pwm150_grab3
22250,-7628,-3622,12334,CN,3,N_pwm150_grab3
22255,-1526,-638,14122,CN,3,N_pwm150_grab3
22261,-2178,696,8392,CN,3,N_pwm150_grab3
22265,6210,9414,15402,CN,3,N_pwm150_grab3
22270,12704,800,7730,CN,3,N_pwm150_grab3
22276,3506,2122,14176,CN,3,N_pwm150_grab3
22280,5354,9424,15324,CN,3,N_pwm150_grab3
22285,12632,2482,7794,CN,3,N_pwm150_grab3
22291,3200,2272,12260,CN,3,N_pwm150_grab3
22296,6594,4494,12878,CN,3,N_pwm150_grab3
22300,7476,-5768,6882,CN,3,N_pwm150_grab3
22306,-9154,-4984,14634,CN,3,N_pwm150_grab3
22310,-2694,-5004,9102,CN,3,N_pwm150_grab3
22315,-3826,-8262,2176,CN,3,N_pwm150_grab3
3002,-3154,3252,11338,CN,0,N_pwm150_grab4
3008,4420,4470,11262,CN,0,N_pwm150_grab4
3012,3360,2536,13712,CN,0,N_pwm150_grab4
3017,5038,10306,16946,CN,0,N_pwm150_grab4
3022,13668,2422,8198,CN,0,N_pwm150_grab4
3027,3388,2070,11814,CN,0,N_pwm150_grab4
3032,3790,8974,15016,CN,0,N_pwm150_grab4
3037,7650,-4540,7936,CN,0,N_pwm150_grab4
3042,-3138,-360,13530,CN,0,N_pwm150_grab4
3047,3264,1166,10650,CN,0,N_pwm150_grab4
3052,-4822,-6456,2742,CN,0,N_pwm150_grab4
3058,-8939,-1,-1,CN,0,N_pwm150_grab4
3063,-2590,-5930,8432,CN,0,N_pwm150_grab4
3068,-8870,-3738,-1076,CN,0,N_pwm150_grab4
3072,-8022,-6360,14044,CN,0,N_pwm150_grab4
3078,-1434,1428,15348,CN,0,N_pwm150_grab4
3083,-2352,710,9140,CN,0,N_pwm150_grab4
3088,-1684,3460,12212,CN,0,N_pwm150_grab4
3092,5652,4220,10260,CN,0,N_pwm150_grab4
3097,3580,2634,14232,CN,0,N_pwm150_grab4
3103,5532,5474,13632,CN,0,N_pwm150_grab4
3107,12342,2894,8538,CN,0,N_pwm150_grab4
3112,3336,4610,14262,CN,0,N_pwm150_grab4
3118,4728,10646,17034,CN,0,N_pwm150_grab4
3122,6462,-7106,6844,CN,0,N_pwm150_grab4
3128,-2452,-2012,13772,CN,0,N_pwm150_grab4
3133,2106,-4916,4678,CN,0,N_pwm150_grab4
3137,-5458,-7412,1374,CN,0,N_pwm150_grab4
3143,-8776,-1486,15876,CN,0,N_pwm150_grab4
3147,-1976,-6076,8488,CN,0,N_pwm150_grab4
3152,-8828,-5490,-1130,CN,0,N_pwm150_grab4
3158,-8226,-4654,11982,CN,0,N_pwm150_grab4
3164,7232,4144,10206,CN,0,N_pwm150_grab4
3169,4084,2774,14784,CN,0,N_pwm150_grab4
3174,6398,9974,16790,CN,0,N_pwm150_grab4
3178,13210,730,7498,CN,0,N_pwm150_grab4
3183,1574,1630,11284,CN,0,N_pwm150_grab4
3188,6522,4558,11894,CN,0,N_pwm150_grab4
3193,4218,-5858,6728,CN,0,N_pwm150_grab4
3200,-9246,-324,15490,CN,0,N_pwm150_grab4
3203,2404,404,11366,CN,0,N_pwm150_grab4
3208,-7028,-6330,1518,CN,0,N_pwm150_grab4
3213,-8992,-7298,12918,CN,0,N_pwm150_grab4
3218,-3290,-4752,10586,CN,0,N_pwm150_grab4
3224,-7808,-2318,1168,CN,0,N_pwm150_grab4
3228,-7396,966,12148,CN,0,N_pwm150_grab4
3233,-416,2852,14126,CN,0,N_pwm150_grab4
3239,-130,1154,10470,CN,0,N_pwm150_grab4
3243,-420,5022,12516,CN,0,N_pwm150_grab4
3249,7976,4702,10066,CN,0,N_pwm150_grab4
3253,4326,2738,14332,CN,0,N_pwm150_grab4
3259,6002,6160,13548,CN,0,N_pwm150_grab4
3263,12560,2286,9122,CN,0,N_pwm150_grab4
3268,2564,4284,14362,CN,0,N_pwm150_grab4
3274,6288,1634,10986,CN,0,N_pwm150_grab4
3278,4702,-7446,5860,CN,0,N_pwm150_grab4
3283,-9574,-6742,13276,CN,0,N_pwm150_grab4
3288,1278,-5316,5164,CN,0,N_pwm150_grab4
3293,-7096,-6662,-206,CN,0,N_pwm150_grab4
3299,-9408,-3342,15432,CN,0,N_pwm150_grab4
3304,-2666,-6388,9268,CN,0,N_pwm150_grab4
3314,-7234,-2106,12996,CN,0,N_pwm150_grab4
3318,-680,-2852,10160,CN,0,N_pwm150_grab4
3323,3970,3570,14018,CN,0,N_pwm150_grab4
3328,-110,8548,14392,CN,0,N_pwm150_grab4
3333,7658,5070,9636,CN,0,N_pwm150_grab4
3339,3804,2222,13416,CN,0,N_pwm150_grab4
3344,6642,9306,16856,CN,0,N_pwm150_grab4
3348,12586,-264,7264,CN,0,N_pwm150_grab4
3354,2088,318,10764,CN,0,N_pwm150_grab4
3358,5800,6434,11770,CN,0,N_pwm150_grab4
3363,-8432,-7440,680,CN,0,N_pwm150_grab4
3368,-9432,-6758,13126,CN,0,N_pwm150_grab4
3373,1888,-4912,5736,CN,0,N_pwm150_grab4
3378,-6658,-8030,580,CN,0,N_pwm150_grab4
3384,-9176,-5610,14526,CN,0,N_pwm150_grab4
3388,-3274,-5532,9330,CN,0,N_pwm150_grab4
3393,-7854,-3024,-20,CN,0,N_pwm150_grab4
3398,-7596,-1572,13270,CN,0,N_pwm150_grab4
3404,8442,2616,9280,CN,0,N_pwm150_grab4
3408,4446,2894,14056,CN,0,N_pwm150_grab4
3414,6822,10114,16854,CN,0,N_pwm150_grab4
3419,12716,-218,7958,CN,0,N_pwm150_grab4
3424,846,2438,12244,CN,0,N_pwm150_grab4
3429,6412,788,9460,CN,0,N_pwm150_grab4
3434,2104,-7770,5438,CN,0,N_pwm150_grab4
3440,-5012,36,15226,CN,0,N_pwm150_grab4
3444,-2352,-5384,11094,CN,0,N_pwm150_grab4
3450,-6196,-3128,2838,CN,0,N_pwm150_grab4
3454,-5382,-1286,10420,CN,0,N_pwm150_grab4
3459,-2942,-5670,10202,CN,0,N_pwm150_grab4
3465,-7360,-2902,1510,CN,0,N_pwm150_grab4
3470,-6534,-914,11612,CN,0,N_pwm150_grab4
3474,-174,2264,13038,CN,0,N_pwm150_grab4
3480,824,1720,10912,CN,0,N_pwm150_grab4
3485,6664,9210,14842,CN,0,N_pwm150_grab4
3489,11740,-922,9030,CN,0,N_pwm150_grab4
3495,-256,462,12352,CN,0,N_pwm150_grab4
3500,6340,8178,14034,CN,0,N_pwm150_grab4
3505,12616,1860,9152,CN,0,N_pwm150_grab4
3510,1912,3416,14042,CN,0,N_pwm150_grab4
3514,6078,944,10002,CN,0,N_pwm150_grab4
3520,2994,-7942,5132,CN,0,N_pwm150_grab4
3530,-3440,-2600,13976,CN,0,N_pwm150_grab4
3534,-6052,-766,4896,CN,0,N_pwm150_grab4
3539,-4854,-2776,11714,CN,0,N_pwm150_grab4
3544,-2298,-6174,9998,CN,0,N_pwm150_grab4
3550,-7504,-4100,672,CN,0,N_pwm150_grab4
3555,-7010,-3004,10444,CN,0,N_pwm150_grab4
3559,30,1398,13328,CN,0,N_pwm150_grab4
3565,4278,2696,13512,CN,0,N_pwm150_grab4
3569,7370,8660,15638,CN,0,N_pwm150_grab4
3575,11196,-1900,8454,CN,0,N_pwm150_grab4
3579,68,-202,11932,CN,0,N_pwm150_grab4
3585,6636,7884,13798,CN,0,N_pwm150_grab4
3589,12346,2316,8896,CN,0,N_pwm150_grab4
3594,1464,3452,13936,CN,0,N_pwm150_grab4
3600,6180,1890,11022,CN,0,N_pwm150_grab4
3609,-9380,-5760,13952,CN,0,N_pwm150_grab4
3615,-3796,-4006,11988,CN,0,N_pwm150_grab4
3619,-5546,-1268,3778,CN,0,N_pwm150_grab4
3624,-4906,-1740,12244,CN,0,N_pwm150_grab4
3630,-2032,-5474,10786,CN,0,N_pwm150_grab4
3635,-7424,-4558,1810,CN,0,N_pwm150_grab4
3639,-6776,-1692,10136,CN,0,N_pwm150_grab4
3644,11618,4816,9658,CN,0,N_pwm150_grab4
3650,4512,3304,14046,CN,0,N_pwm150_grab4
3655,7476,6946,14980,CN,0,N_pwm150_grab4
3659,10778,-3724,8010,CN,0,N_pwm150_grab4
3665,-1406,444,12400,CN,0,N_pwm150_grab4
3670,4608,2234,10360,CN,0,N_pwm150_grab4
3675,-1332,-6964,4870,CN,0,N_pwm150_grab4
3680,-7078,-2218,14612,CN,0,N_pwm150_grab4
3685,-2524,-3040,12584,CN,0,N_pwm150_grab4
3690,-3632,-348,5972,CN,0,N_pwm150_grab4
3696,-2982,4302,12124,CN,0,N_pwm150_grab4
3700,4532,4704,11012,CN,0,N_pwm150_grab4
3705,3456,2470,13788,CN,0,N_pwm150_grab4
3712,4978,10178,15944,CN,0,N_pwm150_grab4
3715,2420,3248,11168,CN,0,N_pwm150_grab4
3720,2922,2402,13002,CN,0,N_pwm150_grab4
3726,5822,7604,11844,CN,0,N_pwm150_grab4
3730,8372,-1864,8834,CN,0,N_pwm150_grab4
3735,-2000,690,14884,CN,0,N_pwm150_grab4
3740,2670,-3950,5780,CN,0,N_pwm150_grab4
3745,-5066,-8360,1380,CN,0,N_pwm150_grab4
3750,-9224,-6642,13738,CN,0,N_pwm150_grab4
3755,3496,-3756,5412,CN,0,N_pwm150_grab4
3760,-3468,-8528,2574,CN,0,N_pwm150_grab4
3766,-8312,-2516,13552,CN,0,N_pwm150_grab4
3770,-1342,-3714,10494,CN,0,N_pwm150_grab4
3775,-1938,-598,6964,CN,0,N_pwm150_grab4
3781,-1480,4402,12386,CN,0,N_pwm150_grab4
3785,6492,4814,11054,CN,0,N_pwm150_grab4
3796,5964,10610,16572,CN,0,N_pwm150_grab4
3800,4934,4160,11260,CN,0,N_pwm150_grab4
3805,3610,2576,14478,CN,0,N_pwm150_grab4
3810,5836,7146,11574,CN,0,N_pwm150_grab4
3815,5662,-3052,7742,CN,0,N_pwm150_grab4
3820,-3332,180,15314,CN,0,N_pwm150_grab4
3826,2182,-4208,6764,CN,0,N_pwm150_grab4
3830,-7650,-8466,250,CN,0,N_pwm150_grab4
3836,-9514,-5986,14224,CN,0,N_pwm150_grab4
3841,2806,-3934,6272,CN,0,N_pwm150_grab4
3845,-6612,-8548,870,CN,0,N_pwm150_grab4
3851,-6450,-3184,12484,CN,0,N_pwm150_grab4
3855,-970,-1024,10518,CN,0,N_pwm150_grab4
3860,456,1046,9038,CN,0,N_pwm150_grab4
3866,620,5064,12726,CN,0,N_pwm150_grab4
3871,8904,4752,10410,CN,0,N_pwm150_grab4
3875,4880,2824,14748,CN,0,N_pwm150_grab4
3881,6728,9632,16326,CN,0,N_pwm150_grab4
3885,8132,5412,10604,CN,0,N_pwm150_grab4
3890,760,2154,12814,CN,0,N_pwm150_grab4
3896,5938,1204,9708,CN,0,N_pwm150_grab4
3900,1276,-8102,5302,CN,0,N_pwm150_grab4
3906,-5964,-394,14942,CN,0,N_pwm150_grab4
3910,1170,-2884,9680,CN,0,N_pwm150_grab4
3920,-10108,-7126,12778,CN,0,N_pwm150_grab4
3926,-3466,-4206,12190,CN,0,N_pwm150_grab4
3932,2896,2754,13416,CN,0,N_pwm150_grab4
3936,4402,10958,16462,CN,0,N_pwm150_grab4
3942,13142,4218,8292,CN,0,N_pwm150_grab4
3946,4016,1852,12174,CN,0,N_pwm150_grab4
3951,6410,7530,11798,CN,0,N_pwm150_grab4
3956,9028,-644,9494,CN,0,N_pwm150_grab4
3962,-1382,1550,15742,CN,0,N_pwm150_grab4
3968,3266,-2608,6724,CN,0,N_pwm150_grab4
3972,-4532,-8930,1870,CN,0,N_pwm150_grab4
3976,-8722,-5664,13958,CN,0,N_pwm150_grab4
3981,-2620,-5742,7914,CN,0,N_pwm150_grab4
3991,-8388,-1566,14148,CN,0,N_pwm150_grab4
3997,-1718,-4006,9640,CN,0,N_pwm150_grab4
4001,-2334,-1140,6122,CN,0,N_pwm150_grab4
4006,-1950,3644,11784,CN,0,N_pwm150_grab4
4011,6064,4580,11210,CN,0,N_pwm150_grab4
4016,4066,2690,14254,CN,0,N_pwm150_grab4
4021,5728,10430,16916,CN,0,N_pwm150_grab4
4027,13960,1644,8484,CN,0,N_pwm150_grab4
4031,2322,2022,11698,CN,0,N_pwm150_grab4
4036,6464,4862,11952,CN,0,N_pwm150_grab4
4041,4888,-5856,6776,CN,0,N_pwm150_grab4
4046,-4436,16,14398,CN,0,N_pwm150_grab4
4051,-2296,-5926,10870,CN,0,N_pwm150_grab4
4062,-10188,-6548,13436,CN,0,N_pwm150_grab4
4067,-3212,-5786,10154,CN,0,N_pwm150_grab4
4076,-6974,-866,11612,CN,0,N_pwm150_grab4
4081,594,2540,13816,CN,0,N_pwm150_grab4
4086,1012,1934,11186,CN,0,N_pwm150_grab4
4091,6736,8480,13022,CN,0,N_pwm150_grab4
4096,9438,3710,9502,CN,0,N_pwm150_grab4
4101,4558,3234,14156,CN,0,N_pwm150_grab4
4106,7006,10178,16502,CN,0,N_pwm150_grab4
4111,11978,-702,8672,CN,0,N_pwm150_grab4
4117,92,1986,13102,CN,0,N_pwm150_grab4
4121,5624,206,8916,CN,0,N_pwm150_grab4
4126,-434,-8706,4654,CN,0,N_pwm150_grab4
4132,-9638,-1220,14402,CN,0,N_pwm150_grab4
4137,-2332,-4962,10336,CN,0,N_pwm150_grab4
4147,-9678,-6136,12826,CN,0,N_pwm150_grab4
4151,-3350,-4170,11764,CN,0,N_pwm150_grab4
4156,-5032,-1362,3982,CN,0,N_pwm150_grab4
4162,-4700,1844,11726,CN,0,N_pwm150_grab4
4167,3006,3702,11684,CN,0,N_pwm150_grab4
4172,3562,1928,12086,CN,0,N_pwm150_grab4
4176,6218,7256,12742,CN,0,N_pwm150_grab4
4183,7248,-3706,7782,CN,0,N_pwm150_grab4
4187,-3404,644,14378,CN,0,N_pwm150_grab4
4193,2976,-1174,9222,CN,0,N_pwm150_grab4
4197,-6538,-8096,1482,CN,0,N_pwm150_grab4
4202,-9884,-5698,13554,CN,0,N_pwm150_grab4
4208,-2830,-6334,8820,CN,0,N_pwm150_grab4
4212,906,1904,10422,CN,0,N_pwm150_grab4
4218,1466,9282,14824,CN,0,N_pwm150_grab4
4222,10692,5782,9744,CN,0,N_pwm150_grab4
4228,-36,1484,9890,CN,0,N_pwm150_grab4
4232,384,2210,12402,CN,0,N_pwm150_grab4
4238,8466,3674,9740,CN,0,N_pwm150_grab4
4243,4508,3140,14200,CN,0,N_pwm150_grab4
4247,6870,10690,16652,CN,0,N_pwm150_grab4
4253,-404,-8780,4214,CN,0,N_pwm150_grab4
4258,-6950,-3344,13940,CN,0,N_pwm150_grab4
4262,-494,-5764,6352,CN,0,N_pwm150_grab4
4267,666,-8360,5258,CN,0,N_pwm150_grab4
4272,-6122,-596,14870,CN,0,N_pwm150_grab4
4278,802,-2694,10210,CN,0,N_pwm150_grab4
4288,-10110,-5738,13270,CN,0,N_pwm150_grab4
4293,3550,3306,11396,CN,0,N_pwm150_grab4
4297,3256,2874,13268,CN,0,N_pwm150_grab4
4302,4782,10490,16392,CN,0,N_pwm150_grab4
4307,14114,3698,8774,CN,0,N_pwm150_grab4
4312,2832,2742,12792,CN,0,N_pwm150_grab4
4318,4402,7804,14594,CN,0,N_pwm150_grab4
4322,13520,4328,9696,CN,0,N_pwm150_grab4
4327,4516,2818,13590,CN,0,N_pwm150_grab4
4332,2966,-1452,9188,CN,0,N_pwm150_grab4
4338,-7162,-8272,1146,CN,0,N_pwm150_grab4
4347,-2814,-6324,9190,CN,0,N_pwm150_grab4
4352,-5988,-8692,1384,CN,0,N_pwm150_grab4
4358,-10128,-5802,13844,CN,0,N_pwm150_grab4
4362,-2882,-6518,8336,CN,0,N_pwm150_grab4
4367,-8432,-4048,-1048,CN,0,N_pwm150_grab4
4373,1272,3996,12924,CN,0,N_pwm150_grab4
4377,9700,4758,10148,CN,0,N_pwm150_grab4
4383,4712,3412,14568,CN,0,N_pwm150_grab4
4388,6820,10316,15688,CN,0,N_pwm150_grab4
4393,12310,566,9430,CN,0,N_pwm150_grab4
4397,4586,3270,14942,CN,0,N_pwm150_grab4
4403,6632,10470,16586,CN,0,N_pwm150_grab4
4408,12832,474,8760,CN,0,N_pwm150_grab4
4412,662,1306,12114,CN,0,N_pwm150_grab4
4417,-292,-4920,7806,CN,0,N_pwm150_grab4
4427,-9904,-2776,13936,CN,0,N_pwm150_grab4
4432,-2652,-5000,10512,CN,0,N_pwm150_grab4
4439,-4270,-2234,4276,CN,0,N_pwm150_grab4
4443,-3636,1318,11344,CN,0,N_pwm150_grab4
4449,4372,3660,11370,CN,0,N_pwm150_grab4
4453,3462,2862,13204,CN,0,N_pwm150_grab4
4459,6636,3688,11702,CN,0,N_pwm150_grab4
4464,4438,-6790,6258,CN,0,N_pwm150_grab4
4469,-4472,-520,14670,CN,0,N_pwm150_grab4
4473,2120,-3568,7808,CN,0,N_pwm150_grab4
4478,-8960,-8390,-536,CN,0,N_pwm150_grab4
4484,-3924,214,14458,CN,0,N_pwm150_grab4
4488,2798,-1870,9336,CN,0,N_pwm150_grab4
4494,-8008,-8232,438,CN,0,N_pwm150_grab4
4498,-5864,-1564,11342,CN,0,N_pwm150_grab4
4504,1068,2530,12724,CN,0,N_pwm150_grab4
4508,2060,2672,11684,CN,0,N_pwm150_grab4
4514,3364,10170,15816,CN,0,N_pwm150_grab4
4519,12628,5514,9068,CN,0,N_pwm150_grab4
4523,1490,2198,11486,CN,0,N_pwm150_grab4
4528,2224,3071,-1,CN,0,N_pwm150_grab4
4538,-1170,2006,15308,CN,0,N_pwm150_grab4
4544,3796,-810,8388,CN,0,N_pwm150_grab4
4548,-4278,-9016,2632,CN,0,N_pwm150_grab4
4553,-9240,-5140,13550,CN,0,N_pwm150_grab4
4559,-2354,-6302,7390,CN,0,N_pwm150_grab4
4564,-9204,-4942,-1492,CN,0,N_pwm150_grab4
4568,-8696,-2134,14514,CN,0,N_pwm150_grab4
4574,-1300,-5394,8424,CN,0,N_pwm150_grab4
4578,-1098,-58,6908,CN,0,N_pwm150_grab4
4583,-636,2024,12218,CN,0,N_pwm150_grab4
4589,7740,3774,10386,CN,0,N_pwm150_grab4
4593,5012,3114,14614,CN,0,N_pwm150_grab4
4598,6428,10348,16520,CN,0,N_pwm150_grab4
4603,13560,972,9256,CN,0,N_pwm150_grab4
4609,4482,2872,14260,CN,0,N_pwm150_grab4
4613,6544,10626,17180,CN,0,N_pwm150_grab4
4619,1048,-8572,5022,CN,0,N_pwm150_grab4
4623,-6298,-1598,14700,CN,0,N_pwm150_grab4
4628,226,-4690,7182,CN,0,N_pwm150_grab4
4638,-10738,-2880,14108,CN,0,N_pwm150_grab4
4643,-2762,-5636,10902,CN,0,N_pwm150_grab4
4649,-5186,-2636,3344,CN,0,N_pwm150_grab4
4653,-10634,-6656,13032,CN,0,N_pwm150_grab4
4659,3820,3732,11838,CN,0,N_pwm150_grab4
4664,3252,2982,13428,CN,0,N_pwm150_grab4
4669,5020,10844,16578,CN,0,N_pwm150_grab4
4673,14460,3792,8526,CN,0,N_pwm150_grab4
4679,3306,1966,11730,CN,0,N_pwm150_grab4
4684,6026,8104,11922,CN,0,N_pwm150_grab4
4688,6972,-2304,8342,CN,0,N_pwm150_grab4
4694,-3140,828,15626,CN,0,N_pwm150_grab4
4700,-2708,-6296,9822,CN,0,N_pwm150_grab4
4709,-5900,-1046,11878,CN,0,N_pwm150_grab4
4714,528,2316,12444,CN,0,N_pwm150_grab4
4720,1892,2328,11126,CN,0,N_pwm150_grab4
4725,2874,9804,15476,CN,0,N_pwm150_grab4
4729,12608,5206,9500,CN,0,N_pwm150_grab4
4734,5228,2754,13900,CN,0,N_pwm150_grab4
4740,6036,9048,13814,CN,0,N_pwm150_grab4
4745,10472,-1038,9940,CN,0,N_pwm150_grab4
4750,-1336,1696,14362,CN,0,N_pwm150_grab4
4754,3874,106,9108,CN,0,N_pwm150_grab4
4760,-3660,-8438,3366,CN,0,N_pwm150_grab4
4764,-9482,-4900,13182,CN,0,N_pwm150_grab4
4769,-2382,-6448,6858,CN,0,N_pwm150_grab4
4780,-8506,-4742,12484,CN,0,N_pwm150_grab4
4784,-1780,-2518,11898,CN,0,N_pwm150_grab4
4789,-1364,268,7308,CN,0,N_pwm150_grab4
4794,-582,148,12494,CN,0,N_pwm150_grab4
4800,7576,2250,9438,CN,0,N_pwm150_grab4
4805,4958,3014,14452,CN,0,N_pwm150_grab4
4809,6524,10466,16350,CN,0,N_pwm150_grab4
4814,13886,1816,9114,CN,0,N_pwm150_grab4
4819,-6776,-3518,13782,CN,0,N_pwm150_grab4
4824,6238,1378,9832,CN,0,N_pwm150_grab4
4829,1300,-8084,4970,CN,0,N_pwm150_grab4
4834,-6200,-1356,14942,CN,0,N_pwm150_grab4
4839,618,-4486,7692,CN,0,N_pwm150_grab4
4849,-10482,-3428,14150,CN,0,N_pwm150_grab4
4854,-2692,-5476,11262,CN,0,N_pwm150_grab4
4860,3214,2838,12246,CN,0,N_pwm150_grab4
4864,-3962,964,11708,CN,0,N_pwm150_grab4
4869,3524,3638,11602,CN,0,N_pwm150_grab4
4874,2980,3106,12844,CN,0,N_pwm150_grab4
4880,4690,11366,16926,CN,0,N_pwm150_grab4
4885,14154,3748,8268,CN,0,N_pwm150_grab4
4890,3668,1842,11894,CN,0,N_pwm150_grab4
4894,6080,7890,12790,CN,0,N_pwm150_grab4
4904,-10662,-2704,14396,CN,0,N_pwm150_grab4
4910,2952,-1072,10006,CN,0,N_pwm150_grab4
4915,-7452,-8390,1340,CN,0,N_pwm150_grab4
4919,-10218,-5516,13808,CN,0,N_pwm150_grab4
4924,-3310,-6292,9322,CN,0,N_pwm150_grab4
4934,-6564,-2674,11736,CN,0,N_pwm150_grab4
4939,12922,5184,10284,CN,0,N_pwm150_grab4
4945,5124,3220,14404,CN,0,N_pwm150_grab4
4950,6132,8952,13238,CN,0,N_pwm150_grab4
4956,10814,-510,9582,CN,0,N_pwm150_grab4
4961,-1994,1454,14094,CN,0,N_pwm150_grab4
4966,3740,774,9744,CN,0,N_pwm150_grab4
4970,-4170,-7974,3006,CN,0,N_pwm150_grab4
4976,-9864,-5142,13108,CN,0,N_pwm150_grab4
4981,-954,328,13298,CN,0,N_pwm150_grab4
4986,14,1428,9082,CN,0,N_pwm150_grab4
4990,646,8758,14614,CN,0,N_pwm150_grab4
4995,-1138,130,14014,CN,0,N_pwm150_grab4
5000,-508,1108,9144,CN,0,N_pwm150_grab4
5006,-94,1806,12662,CN,0,N_pwm150_grab4
5010,8694,3790,10016,CN,0,N_pwm150_grab4
5016,4642,3480,14616,CN,0,N_pwm150_grab4
5020,4918,3114,10582,CN,0,N_pwm150_grab4
5025,-464,-7596,4884,CN,0,N_pwm150_grab4
5030,-7628,-3730,13374,CN,0,N_pwm150_grab4
5036,5700,900,9328,CN,0,N_pwm150_grab4
5040,-132,-8690,4738,CN,0,N_pwm150_grab4
5045,-7124,-2376,14236,CN,0,N_pwm150_grab4
5050,-222,-5304,7266,CN,0,N_pwm150_grab4
5061,-2312,-428,12016,CN,0,N_pwm150_grab4
5065,5232,1808,9194,CN,0,N_pwm150_grab4
5071,4146,2718,12990,CN,0,N_pwm150_grab4
5076,5746,9478,15342,CN,0,N_pwm150_grab4
5080,4654,3082,10762,CN,0,N_pwm150_grab4
5085,3646,3018,12844,CN,0,N_pwm150_grab4
5090,5612,10988,16888,CN,0,N_pwm150_grab4
5095,14574,2696,8736,CN,0,N_pwm150_grab4
5100,2812,3096,12616,CN,0,N_pwm150_grab4
5105,1160,-4974,6170,CN,0,N_pwm150_grab4
5115,-10802,-2688,14804,CN,0,N_pwm150_grab4
5121,2182,-2384,9528,CN,0,N_pwm150_grab4
5125,-9176,-8198,-366,CN,0,N_pwm150_grab4
5131,-11124,-3998,14086,CN,0,N_pwm150_grab4
5135,-3120,-6172,10260,CN,0,N_pwm150_grab4
5141,-6348,-3626,1346,CN,0,N_pwm150_grab4
5145,4372,10358,16182,CN,0,N_pwm150_grab4
5151,14060,4694,8884,CN,0,N_pwm150_grab4
5155,3920,2810,12552,CN,0,N_pwm150_grab4
5160,6292,8000,13322,CN,0,N_pwm150_grab4
5168,6292,8000,13322,CN,0,N_pwm150_grab4
5171,4316,3298,13704,CN,0,N_pwm150_grab4
5176,5848,8408,12432,CN,0,N_pwm150_grab4
5181,9028,-1102,9006,CN,0,N_pwm150_grab4
5185,-10260,-3926,13804,CN,0,N_pwm150_grab4
5190,-2568,-6514,9062,CN,0,N_pwm150_grab4
5201,-6412,-2490,11912,CN,0,N_pwm150_grab4
5207,-96,1518,12834,CN,0,N_pwm150_grab4
5211,1534,1964,9215,CN,0,N_pwm150_grab4
5217,2030,8976,14790,CN,0,N_pwm150_grab4
5221,12024,5672,9908,CN,0,N_pwm150_grab4
5227,-2136,760,13176,CN,0,N_pwm150_grab4
5231,3844,1268,9824,CN,0,N_pwm150_grab4
5237,-4164,-7810,3704,CN,0,N_pwm150_grab4
5242,-9508,-2568,13700,CN,0,N_pwm150_grab4
5248,-1990,-6460,7600,CN,0,N_pwm150_grab4
5251,-3298,-8176,3808,CN,0,N_pwm150_grab4
5256,-9264,-4200,13302,CN,0,N_pwm150_grab4
5261,-2210,-6520,7060,CN,0,N_pwm150_grab4
5266,-444,970,8242,CN,0,N_pwm150_grab4
5272,12,4504,13166,CN,0,N_pwm150_grab4
5277,9980,4838,11128,CN,0,N_pwm150_grab4
5281,5380,3598,15438,CN,0,N_pwm150_grab4
5286,6400,8102,14028,CN,0,N_pwm150_grab4
5292,8370,2950,10096,CN,0,N_pwm150_grab4
5296,5384,3260,14836,CN,0,N_pwm150_grab4
5302,6236,9868,15306,CN,0,N_pwm150_grab4
5307,-292,-7338,4850,CN,0,N_pwm150_grab4
5312,-7994,-3384,13734,CN,0,N_pwm150_grab4
5316,-1074,-6142,6432,CN,0,N_pwm150_grab4
5327,-9462,-6302,12332,CN,0,N_pwm150_grab4
5331,-2690,-2758,13322,CN,0,N_pwm150_grab4
5341,-9998,-4124,13454,CN,0,N_pwm150_grab4
5346,6600,3188,10324,CN,0,N_pwm150_grab4
5351,4130,3356,13876,CN,0,N_pwm150_grab4
5357,6143,-1,-1,CN,0,N_pwm150_grab4
5361,13844,3420,9500,CN,0,N_pwm150_grab4
5367,2086,3264,13470,CN,0,N_pwm150_grab4
5372,6060,4112,11558,CN,0,N_pwm150_grab4
5376,14466,3198,8642,CN,0,N_pwm150_grab4
5382,2138,2796,12382,CN,0,N_pwm150_grab4
5386,1126,-4796,7442,CN,0,N_pwm150_grab4
5392,-10068,-8062,-1090,CN,0,N_pwm150_grab4
5397,-10334,-2824,14438,CN,0,N_pwm150_grab4
5401,-2782,-5682,10832,CN,0,N_pwm150_grab4
5406,-5140,-3134,3044,CN,0,N_pwm150_grab4
5411,-3866,-1588,11492,CN,0,N_pwm150_grab4
5416,3056,1612,9868,CN,0,N_pwm150_grab4
5421,-5596,-3158,2704,CN,0,N_pwm150_grab4
5426,4978,10134,15696,CN,0,N_pwm150_grab4
5431,14694,3934,9110,CN,0,N_pwm150_grab4
5437,3526,3764,13438,CN,0,N_pwm150_grab4
5441,6388,4896,12344,CN,0,N_pwm150_grab4
5446,5198,-6514,6940,CN,0,N_pwm150_grab4
5452,-4494,-192,14680,CN,0,N_pwm150_grab4
5456,2366,-3220,8094,CN,0,N_pwm150_grab4
5462,-9104,-8624,-104,CN,0,N_pwm150_grab4
5468,-4502,-2784,12348,CN,0,N_pwm150_grab4
5472,1466,-92,9466,CN,0,N_pwm150_grab4
5477,2660,2234,10796,CN,0,N_pwm150_grab4
5482,4150,8582,14706,CN,0,N_pwm150_grab4
5488,13788,5070,9398,CN,0,N_pwm150_grab4
5492,4052,3800,13500,CN,0,N_pwm150_grab4
5497,6308,7488,13776,CN,0,N_pwm150_grab4
5504,7728,-4102,7702,CN,0,N_pwm150_grab4
5508,-3670,270,14258,CN,0,N_pwm150_grab4
5512,3342,-1094,9440,CN,0,N_pwm150_grab4
5518,-7656,-8622,1216,CN,0,N_pwm150_grab4
5522,-10256,-2298,14492,CN,0,N_pwm150_grab4
5527,-2064,-6092,10042,CN,0,N_pwm150_grab4
5533,-8262,-5700,182,CN,0,N_pwm150_grab4
5538,-6070,-3746,11600,CN,0,N_pwm150_grab4
5542,-248,476,11762,CN,0,N_pwm150_grab4
5548,1844,1858,9646,CN,0,N_pwm150_grab4
5552,2346,9310,15076,CN,0,N_pwm150_grab4
5557,12710,5604,9660,CN,0,N_pwm150_grab4
5563,5108,3320,14412,CN,0,N_pwm150_grab4
5567,6238,9526,14594,CN,0,N_pwm150_grab4
5572,10392,-1558,9750,CN,0,N_pwm150_grab4
5577,-2260,340,13580,CN,0,N_pwm150_grab4
5582,3440,2270,10362,CN,0,N_pwm150_grab4
5593,-9806,-3458,13598,CN,0,N_pwm150_grab4
5598,-2394,-6788,7658,CN,0,N_pwm150_grab4
5608,-7510,-4318,11630,CN,0,N_pwm150_grab4
5612,-1098,-514,12452,CN,0,N_pwm150_grab4
5617,1042,1314,8524,CN,0,N_pwm150_grab4
5623,1084,4298,13004,CN,0,N_pwm150_grab4
5628,11992,-120,9632,CN,0,N_pwm150_grab4
5633,5734,3912,15732,CN,0,N_pwm150_grab4
5637,5732,8312,13804,CN,0,N_pwm150_grab4
5643,11978,626,10434,CN,0,N_pwm150_grab4
5648,-1264,2848,14738,CN,0,N_pwm150_grab4
5652,4182,352,8956,CN,0,N_pwm150_grab4
5657,-3508,-8560,3616,CN,0,N_pwm150_grab4
5662,-10018,-5084,12978,CN,0,N_pwm150_grab4
5667,-2814,-6790,6654,CN,0,N_pwm150_grab4
5672,482,1054,8614,CN,0,N_pwm150_grab4
5678,-7912,-5042,12112,CN,0,N_pwm150_grab4
5682,-1462,-2358,12044,CN,0,N_pwm150_grab4
5687,70,314,7604,CN,0,N_pwm150_grab4
5692,422,782,13190,CN,0,N_pwm150_grab4
5698,9086,2910,9546,CN,0,N_pwm150_grab4
5702,5292,3630,14740,CN,0,N_pwm150_grab4
5707,6172,10466,16416,CN,0,N_pwm150_grab4
5712,-2228,-8682,4354,CN,0,N_pwm150_grab4
5719,-8952,-4270,13224,CN,0,N_pwm150_grab4
5724,-1762,-6124,6738,CN,0,N_pwm150_grab4
5733,-7964,-4568,13054,CN,0,N_pwm150_grab4
5738,-2280,-3220,11222,CN,0,N_pwm150_grab4
5744,-1242,-424,6014,CN,0,N_pwm150_grab4
5749,-928,818,12470,CN,0,N_pwm150_grab4
5753,13354,2050,10584,CN,0,N_pwm150_grab4
5758,684,3396,14416,CN,0,N_pwm150_grab4
5763,6300,10832,16384,CN,0,N_pwm150_grab4
5768,13740,1504,9770,CN,0,N_pwm150_grab4
5773,528,3174,13844,CN,0,N_pwm150_grab4
5778,5598,1380,9496,CN,0,N_pwm150_grab4
5784,-352,-8800,5106,CN,0,N_pwm150_grab4
5789,-7750,-1634,14440,CN,0,N_pwm150_grab4
5793,-2662,-4676,11230,CN,0,N_pwm150_grab4
5799,-2498,-1206,4822,CN,0,N_pwm150_grab4
5803,-10008,-1870,13680,CN,0,N_pwm150_grab4
5808,-1992,-5256,10392,CN,0,N_pwm150_grab4
5814,-3492,-2456,4316,CN,0,N_pwm150_grab4
5819,-2618,3200,11778,CN,0,N_pwm150_grab4
5824,6764,4546,11824,CN,0,N_pwm150_grab4
5828,4878,3020,14176,CN,0,N_pwm150_grab4
5833,6214,2458,10310,CN,0,N_pwm150_grab4
5839,1288,-7826,5490,CN,0,N_pwm150_grab4
5843,-6742,-1090,15150,CN,0,N_pwm150_grab4
5848,5716,5254,11342,CN,0,N_pwm150_grab4
5853,2548,-6100,6308,CN,0,N_pwm150_grab4
5859,-6296,-440,15156,CN,0,N_pwm150_grab4
5863,916,-2704,9738,CN,0,N_pwm150_grab4
5873,-3252,850,11698,CN,0,N_pwm150_grab4
5879,4804,3604,11488,CN,0,N_pwm150_grab4
5884,3758,3152,13024,CN,0,N_pwm150_grab4
5888,-3438,1836,12400,CN,0,N_pwm150_grab4
5894,4804,3924,12090,CN,0,N_pwm150_grab4
5899,4004,3126,13310,CN,0,N_pwm150_grab4
5903,4970,8024,14580,CN,0,N_pwm150_grab4
5908,14426,4170,9044,CN,0,N_pwm150_grab4
5914,-4840,-138,15188,CN,0,N_pwm150_grab4
5919,2444,-1302,10862,CN,0,N_pwm150_grab4
5928,-10400,-6810,13298,CN,0,N_pwm150_grab4
5933,1836,-4740,6518,CN,0,N_pwm150_grab4
5944,-10312,-6476,13950,CN,0,N_pwm150_grab4
5949,-3874,-5058,11820,CN,0,N_pwm150_grab4
5953,3574,2926,11896,CN,0,N_pwm150_grab4
5958,3898,7332,14304,CN,0,N_pwm150_grab4
5963,14032,4558,9722,CN,0,N_pwm150_grab4
5969,4370,3366,14166,CN,0,N_pwm150_grab4
5975,5578,8320,12664,CN,0,N_pwm150_grab4
5979,7848,-2574,8584,CN,0,N_pwm150_grab4
5984,-3520,850,15378,CN,0,N_pwm150_grab4
5990,2678,-3672,6784,CN,0,N_pwm150_grab4
5999,-5298,-2438,11556,CN,0,N_pwm150_grab4
6004,1018,1534,12652,CN,0,N_pwm150_grab4
6009,2940,2266,11242,CN,0,N_pwm150_grab4
6014,2696,3922,13186,CN,0,N_pwm150_grab4
6020,526,-1602,9474,CN,0,N_pwm150_grab4
6025,2138,1220,9566,CN,0,N_pwm150_grab4
6030,2544,4350,13382,CN,0,N_pwm150_grab4
6034,9888,-1052,9026,CN,0,N_pwm150_grab4
6040,-2658,1514,14978,CN,0,N_pwm150_grab4
6044,3338,-2394,7108,CN,0,N_pwm150_grab4
6050,-6124,-9066,1974,CN,0,N_pwm150_grab4
6054,-10164,-4908,13772,CN,0,N_pwm150_grab4
6059,3670,-1806,7508,CN,0,N_pwm150_grab4
6065,-5844,-8750,2656,CN,0,N_pwm150_grab4
6069,-10044,-2222,14354,CN,0,N_pwm150_grab4
6074,-916,-2186,10170,CN,0,N_pwm150_grab4
6080,1008,478,7858,CN,0,N_pwm150_grab4
6085,986,3534,12868,CN,0,N_pwm150_grab4
6090,10222,4650,10248,CN,0,N_pwm150_grab4
6095,5264,3814,15078,CN,0,N_pwm150_grab4
6099,6620,9846,16642,CN,0,N_pwm150_grab4
6104,11128,5990,10392,CN,0,N_pwm150_grab4
6109,5096,3436,14952,CN,0,N_pwm150_grab4
6114,4688,528,9094,CN,0,N_pwm150_grab4
6120,-2988,-8664,4526,CN,0,N_pwm150_grab4
6125,-8808,-1208,14428,CN,0,N_pwm150_grab4
6130,-1114,-3698,9704,CN,0,N_pwm150_grab4
6134,-9744,-6800,-1100,CN,0,N_pwm150_grab4
6139,-8748,-6254,11236,CN,0,N_pwm150_grab4
6144,-1410,-6008,6700,CN,0,N_pwm150_grab4
6150,-9948,-6824,-1944,CN,0,N_pwm150_grab4
6155,-1452,4780,12832,CN,0,N_pwm150_grab4
6160,8568,4768,11240,CN,0,N_pwm150_grab4
6164,5282,3150,14882,CN,0,N_pwm150_grab4
6169,5476,8532,14882,CN,0,N_pwm150_grab4
6174,13906,2364,9824,CN,0,N_pwm150_grab4
6179,1026,2216,13242,CN,0,N_pwm150_grab4
6185,4904,5406,10938,CN,0,N_pwm150_grab4
6190,13948,2786,10122,CN,0,N_pwm150_grab4
6194,1698,3916,14130,CN,0,N_pwm150_grab4
6199,-314,-5508,6192,CN,0,N_pwm150_grab4
6210,-9772,-6124,13146,CN,0,N_pwm150_grab4
6215,-3520,-4496,12606,CN,0,N_pwm150_grab4
6219,-3578,-1350,4300,CN,0,N_pwm150_grab4
6224,-2442,-1500,12336,CN,0,N_pwm150_grab4
6231,4270,1112,8916,CN,0,N_pwm150_grab4
6236,2818,3086,13284,CN,0,N_pwm150_grab4
6240,5618,6454,12476,CN,0,N_pwm150_grab4
6245,4328,-5394,6756,CN,0,N_pwm150_grab4
6251,-4852,-860,15182,CN,0,N_pwm150_grab4
6256,1840,-4690,7118,CN,0,N_pwm150_grab4
6265,-10432,-3576,14724,CN,0,N_pwm150_grab4
6272,-3120,-5910,11090,CN,0,N_pwm150_grab4
6280,-4190,-2022,11938,CN,0,N_pwm150_grab4
6285,1712,-88,8810,CN,0,N_pwm150_grab4
6290,2974,2084,10498,CN,0,N_pwm150_grab4
6296,4050,9894,15398,CN,0,N_pwm150_grab4
6301,14258,4594,9178,CN,0,N_pwm150_grab4
6306,4248,3450,14194,CN,0,N_pwm150_grab4
6310,6198,6788,13502,CN,0,N_pwm150_grab4
6316,14246,4826,8934,CN,0,N_pwm150_grab4
6321,-4468,462,14200,CN,0,N_pwm150_grab4
6326,3286,-464,9884,CN,0,N_pwm150_grab4
6331,-7418,-8032,1222,CN,0,N_pwm150_grab4
6335,-10766,-2566,14040,CN,0,N_pwm150_grab4
6340,-2548,-6844,9430,CN,0,N_pwm150_grab4
6350,-6570,-3264,10858,CN,0,N_pwm150_grab4
6355,454,1076,13060,CN,0,N_pwm150_grab4
6360,2348,1978,10588,CN,0,N_pwm150_grab4
6365,2128,6474,13748,CN,0,N_pwm150_grab4
6370,12692,5150,10330,CN,0,N_pwm150_grab4
6375,5104,3862,15284,CN,0,N_pwm150_grab4
6381,6030,8296,13012,CN,0,N_pwm150_grab4
6385,10896,-14,9864,CN,0,N_pwm150_grab4
6390,-2262,2634,15058,CN,0,N_pwm150_grab4
6395,3804,-576,8528,CN,0,N_pwm150_grab4
6400,-4410,-8818,2892,CN,0,N_pwm150_grab4
6406,-9952,-4330,13634,CN,0,N_pwm150_grab4
6411,-2670,-6588,7378,CN,0,N_pwm150_grab4
6420,-7168,-4108,12784,CN,0,N_pwm150_grab4
6425,-1290,-2704,10932,CN,0,N_pwm150_grab4
6430,138,-82,7268,CN,0,N_pwm150_grab4
6435,252,1564,12580,CN,0,N_pwm150_grab4
6441,12538,1246,10430,CN,0,N_pwm150_grab4
6446,4866,3496,14520,CN,0,N_pwm150_grab4
6451,6332,10746,16684,CN,0,N_pwm150_grab4
6456,12976,410,8970,CN,0,N_pwm150_grab4
6460,-550,1886,12810,CN,0,N_pwm150_grab4
6465,5214,2740,10154,CN,0,N_pwm150_grab4
6470,-898,-7882,5352,CN,0,N_pwm150_grab4
6475,-7914,-896,14684,CN,0,N_pwm150_grab4
6481,-1908,-4810,10276,CN,0,N_pwm150_grab4
6486,-2750,-1968,4870,CN,0,N_pwm150_grab4
6492,-2064,2850,11602,CN,0,N_pwm150_grab4
6497,7084,4428,11514,CN,0,N_pwm150_grab4
6501,4936,3174,14238,CN,0,N_pwm150_grab4
6506,5314,10250,16314,CN,0,N_pwm150_grab4
6511,14640,2324,8998,CN,0,N_pwm150_grab4
6516,1476,1918,12486,CN,0,N_pwm150_grab4
6521,588,-3466,9060,CN,0,N_pwm150_grab4
6531,-5766,-180,15560,CN,0,N_pwm150_grab4
6536,1046,-3756,8728,CN,0,N_pwm150_grab4
6546,-10410,-6470,13192,CN,0,N_pwm150_grab4
6552,-3658,-4962,12332,CN,0,N_pwm150_grab4
6557,-4522,-1850,3240,CN,0,N_pwm150_grab4
6561,4660,8486,14810,CN,0,N_pwm150_grab4
6566,14448,4010,8866,CN,0,N_pwm150_grab4
6571,3792,2798,12318,CN,0,N_pwm150_grab4
6576,4626,5836,13658,CN,0,N_pwm150_grab4
6582,13468,3754,9248,CN,0,N_pwm150_grab4
6587,3506,4204,13388,CN,0,N_pwm150_grab4
6591,6108,6324,13276,CN,0,N_pwm150_grab4
6597,5758,-5604,6818,CN,0,N_pwm150_grab4
6602,-10442,-4076,14818,CN,0,N_pwm150_grab4
6607,-3288,-6144,10878,CN,0,N_pwm150_grab4
6611,-6168,-3566,1312,CN,0,N_pwm150_grab4
6616,-10452,-2364,14852,CN,0,N_pwm150_grab4
6622,-2340,-6318,11244,CN,0,N_pwm150_grab4
6626,-7124,-4846,1152,CN,0,N_pwm150_grab4
6631,-5228,-2768,11080,CN,0,N_pwm150_grab4
6636,732,1458,11854,CN,0,N_pwm150_grab4
6642,4798,3518,14840,CN,0,N_pwm150_grab4
6646,6116,7920,13878,CN,0,N_pwm150_grab4
6652,8514,-3756,8086,CN,0,N_pwm150_grab4
6657,4892,3384,14576,CN,0,N_pwm150_grab4
6661,5726,8664,13016,CN,0,N_pwm150_grab4
6666,9302,-1614,9302,CN,0,N_pwm150_grab4
6672,-2980,1704,15262,CN,0,N_pwm150_grab4
6676,3332,-326,9332,CN,0,N_pwm150_grab4
6686,-6890,-4106,11242,CN,0,N_pwm150_grab4
6692,-272,-226,12404,CN,0,N_pwm150_grab4
6697,1842,1374,9686,CN,0,N_pwm150_grab4
6702,-6980,-3062,12464,CN,0,N_pwm150_grab4
6706,-368,-2306,10260,CN,0,N_pwm150_grab4
6711,1218,458,8158,CN,0,N_pwm150_grab4
6716,1326,3450,12572,CN,0,N_pwm150_grab4
6721,11682,-84,9332,CN,0,N_pwm150_grab4
6726,-1988,2470,14394,CN,0,N_pwm150_grab4
6731,4258,-170,8742,CN,0,N_pwm150_grab4
6736,-3784,-8702,3432,CN,0,N_pwm150_grab4
6743,-9390,-2484,14408,CN,0,N_pwm150_grab4
6748,-1950,-6168,7974,CN,0,N_pwm150_grab4
6757,-7730,-3680,12986,CN,0,N_pwm150_grab4
6762,8972,4002,9872,CN,0,N_pwm150_grab4
6768,5066,3500,14458,CN,0,N_pwm150_grab4
6772,6378,10704,16536,CN,0,N_pwm150_grab4
6778,13108,570,9352,CN,0,N_pwm150_grab4
6784,-458,1932,13098,CN,0,N_pwm150_grab4
6788,5886,10082,15444,CN,0,N_pwm150_grab4
6793,13252,1490,9468,CN,0,N_pwm150_grab4
6797,164,1404,12866,CN,0,N_pwm150_grab4
6802,-476,-3590,9086,CN,0,N_pwm150_grab4
6812,-9252,-5914,12328,CN,0,N_pwm150_grab4
6817,-3124,-3750,12022,CN,0,N_pwm150_grab4
6823,-2622,-742,4972,CN,0,N_pwm150_grab4
6827,-9080,-4576,13672,CN,0,N_pwm150_grab4
6832,-3088,-4384,11424,CN,0,N_pwm150_grab4
6838,-3084,-1390,4562,CN,0,N_pwm150_grab4
6843,5356,8076,14718,CN,0,N_pwm150_grab4
6847,14156,3010,9732,CN,0,N_pwm150_grab4
6853,1900,3362,13412,CN,0,N_pwm150_grab4
6857,5694,4952,11144,CN,0,N_pwm150_grab4
6863,2658,-6638,6240,CN,0,N_pwm150_grab4
6867,-5944,-1042,15128,CN,0,N_pwm150_grab4
6873,6006,4924,11184,CN,0,N_pwm150_grab4
6877,3146,-6678,6588,CN,0,N_pwm150_grab4
6883,-10294,-3272,14322,CN,0,N_pwm150_grab4
6887,-2880,-5990,11568,CN,0,N_pwm150_grab4
6892,-5042,-3002,2982,CN,0,N_pwm150_grab4
6897,-3528,-1748,11458,CN,0,N_pwm150_grab4
6903,3322,2124,10556,CN,0,N_pwm150_grab4
6907,3772,2872,12198,CN,0,N_pwm150_grab4
6913,-3914,-1052,11326,CN,0,N_pwm150_grab4
6920,-3914,-1052,11326,CN,0,N_pwm150_grab4
6923,3668,2844,12540,CN,0,N_pwm150_grab4
6928,5708,7624,12086,CN,0,N_pwm150_grab4
6932,5816,-3986,7452,CN,0,N_pwm150_grab4
6938,-4376,438,15824,CN,0,N_pwm150_grab4
6943,2526,-2046,9708,CN,0,N_pwm150_grab4
6952,-10576,-5274,14024,CN,0,N_pwm150_grab4
6958,2336,-3420,7712,CN,0,N_pwm150_grab4
6967,-4496,-2118,11760,CN,0,N_pwm150_grab4
6972,1610,1556,10919,CN,0,N_pwm150_grab4
6978,3330,2450,10924,CN,0,N_pwm150_grab4
6982,3528,6186,13492,CN,0,N_pwm150_grab4
6988,13258,4446,9664,CN,0,N_pwm150_grab4
6992,4666,3644,14370,CN,0,N_pwm150_grab4
6999,5710,8606,13440,CN,0,N_pwm150_grab4
7004,7934,-3128,8382,CN,0,N_pwm150_grab4
7009,-10954,-4744,13804,CN,0,N_pwm150_grab4
7014,-3550,-6980,9462,CN,0,N_pwm150_grab4
7023,-5542,-3044,11848,CN,0,N_pwm150_grab4
7028,674,-432,10510,CN,0,N_pwm150_grab4
7033,2606,1620,10004,CN,0,N_pwm150_grab4
7040,2746,4410,13216,CN,0,N_pwm150_grab4
7043,460,-1198,9828,CN,0,N_pwm150_grab4
7048,5120,4062,15004,CN,0,N_pwm150_grab4
7053,6160,8834,14250,CN,0,N_pwm150_grab4
7059,9566,-2678,8264,CN,0,N_pwm150_grab4
7064,-3586,1264,14506,CN,0,N_pwm150_grab4
7069,3390,-1482,8154,CN,0,N_pwm150_grab4
7073,-6818,-8678,1476,CN,0,N_pwm150_grab4
7078,-10720,-2916,14134,CN,0,N_pwm150_grab4
7083,3518,402,9724,CN,0,N_pwm150_grab4
7089,-8230,-5746,-568,CN,0,N_pwm150_grab4
7094,-6150,-3996,12002,CN,0,N_pwm150_grab4
7098,-144,-1342,10958,CN,0,N_pwm150_grab4
7104,1922,1076,8810,CN,0,N_pwm150_grab4
7108,2032,7376,13912,CN,0,N_pwm150_grab4
7113,12320,5778,10042,CN,0,N_pwm150_grab4
7119,5224,3896,15026,CN,0,N_pwm150_grab4
7124,6266,9598,14664,CN,0,N_pwm150_grab4
7128,10562,-1252,9070,CN,0,N_pwm150_grab4
7133,-2690,734,14010,CN,0,N_pwm150_grab4
7138,3514,2312,9982,CN,0,N_pwm150_grab4
7143,-4572,-7494,2818,CN,0,N_pwm150_grab4
7149,-9950,-3906,13678,CN,0,N_pwm150_grab4
7153,-2590,-6792,8064,CN,0,N_pwm150_grab4
7158,-8838,-5878,-1418,CN,0,N_pwm150_grab4
7163,-6996,-4500,11890,CN,0,N_pwm150_grab4
7168,-1278,-750,12014,CN,0,N_pwm150_grab4
7173,1252,886,8160,CN,0,N_pwm150_grab4
7183,10606,4718,10372,CN,0,N_pwm150_grab4
7188,5620,4046,15176,CN,0,N_pwm150_grab4
7193,5978,9652,14584,CN,0,N_pwm150_grab4
7199,11958,82,10186,CN,0,N_pwm150_grab4
7203,-1408,2666,14854,CN,0,N_pwm150_grab4
7209,-2506,-6838,7004,CN,0,N_pwm150_grab4
7213,-3220,-8818,3636,CN,0,N_pwm150_grab4
7218,-9602,-2698,14090,CN,0,N_pwm150_grab4
7224,-2110,-6072,7826,CN,0,N_pwm150_grab4
7229,-9300,-6426,-1972,CN,0,N_pwm150_grab4
7233,-8448,-3134,12684,CN,0,N_pwm150_grab4
7239,-1228,-3658,10322,CN,0,N_pwm150_grab4
7243,-452,-536,6394,CN,0,N_pwm150_grab4
7248,6260,10392,16098,CN,0,N_pwm150_grab4
7254,13158,408,9220,CN,0,N_pwm150_grab4
7260,-1206,2596,13568,CN,0,N_pwm150_grab4
7264,4954,1772,9740,CN,0,N_pwm150_grab4
7269,-2120,-8132,4298,CN,0,N_pwm150_grab4
7274,-9104,-1756,14526,CN,0,N_pwm150_grab4
7280,-1312,-5422,8358,CN,0,N_pwm150_grab4
7285,-9910,-7162,-2212,CN,0,N_pwm150_grab4
7289,-888,1722,12192,CN,0,N_pwm150_grab4
7294,8384,3972,9998,CN,0,N_pwm150_grab4
7300,-1346,-946,6168,CN,0,N_pwm150_grab4
7304,-1104,3866,12408,CN,0,N_pwm150_grab4
7310,8750,4978,10750,CN,0,N_pwm150_grab4
7315,5064,3508,14846,CN,0,N_pwm150_grab4
7320,5802,10020,15720,CN,0,N_pwm150_grab4
7324,13692,1998,9472,CN,0,N_pwm150_grab4
7330,-7888,-926,14796,CN,0,N_pwm150_grab4
7334,-504,-3538,9268,CN,0,N_pwm150_grab4
7340,972,-5974,6014,CN,0,N_pwm150_grab4
7344,-7342,-1710,14832,CN,0,N_pwm150_grab4
7349,-472,-5390,7382,CN,0,N_pwm150_grab4
7360,-8958,-5658,13118,CN,0,N_pwm150_grab4
7365,-3414,-3848,12104,CN,0,N_pwm150_grab4
7369,4998,3170,13926,CN,0,N_pwm150_grab4
7374,5504,8608,14774,CN,0,N_pwm150_grab4
7379,14448,2862,10126,CN,0,N_pwm150_grab4
7385,4496,3124,12996,CN,0,N_pwm150_grab4
7389,5628,8708,14892,CN,0,N_pwm150_grab4
7395,14424,3144,9958,CN,0,N_pwm150_grab4
7400,1926,3782,13850,CN,0,N_pwm150_grab4
7405,6066,4444,11298,CN,0,N_pwm150_grab4
7415,-10064,-4944,13848,CN,0,N_pwm150_grab4
7420,-3446,-5356,11974,CN,0,N_pwm150_grab4
7429,-10466,-2600,14228,CN,0,N_pwm150_grab4
7434,-2746,-5846,11254,CN,0,N_pwm150_grab4
7439,-5004,-3276,3034,CN,0,N_pwm150_grab4
7444,-3602,-710,10866,CN,0,N_pwm150_grab4
7449,14686,3782,8724,CN,0,N_pwm150_grab4
7454,2580,3434,12794,CN,0,N_pwm150_grab4
7459,6100,5836,11942,CN,0,N_pwm150_grab4
7465,4284,-5906,6572,CN,0,N_pwm150_grab4
7470,2922,2742,12644,CN,0,N_pwm150_grab4
7475,5624,7668,11674,CN,0,N_pwm150_grab4
7479,5242,-4122,7244,CN,0,N_pwm150_grab4
7485,-4800,390,15800,CN,0,N_pwm150_grab4
7490,2154,-1980,9732,CN,0,N_pwm150_grab4
7494,-5976,-4054,2236,CN,0,N_pwm150_grab4
7499,-4482,-1168,11182,CN,0,N_pwm150_grab4
7505,2512,2714,11610,CN,0,N_pwm150_grab4
7511,3542,2810,11638,CN,0,N_pwm150_grab4
7515,4000,9230,15206,CN,0,N_pwm150_grab4
7520,14362,4606,8980,CN,0,N_pwm150_grab4
7525,3974,3096,13490,CN,0,N_pwm150_grab4
7531,2968,-102,10460,CN,0,N_pwm150_grab4
7535,-7910,-7598,908,CN,0,N_pwm150_grab4
7540,-10698,-5278,13694,CN,0,N_pwm150_grab4
7546,-3548,-6752,9732,CN,0,N_pwm150_grab4
7550,-6466,-3946,200,CN,0,N_pwm150_grab4
7556,-10560,-4642,14496,CN,0,N_pwm150_grab4
7561,-3428,-6684,9868,CN,0,N_pwm150_grab4
7576,12492,4098,10184,CN,0,N_pwm150_grab4
7581,5028,3990,14842,CN,0,N_pwm150_grab4
7586,6020,9064,14194,CN,0,N_pwm150_grab4
7591,9660,-2620,8268,CN,0,N_pwm150_grab4
7595,5284,3702,15432,CN,0,N_pwm150_grab4
7601,6094,8894,14490,CN,0,N_pwm150_grab4
7605,10016,-2658,8528,CN,0,N_pwm150_grab4
7611,-3320,994,14184,CN,0,N_pwm150_grab4
7615,-2136,-6562,9358,CN,0,N_pwm150_grab4
7626,-6704,-4758,11330,CN,0,N_pwm150_grab4
7631,-508,-1056,12116,CN,0,N_pwm150_grab4
7635,1464,924,8584,CN,0,N_pwm150_grab4
7640,-7214,-4664,11546,CN,0,N_pwm150_grab4
7645,-856,-1224,12282,CN,0,N_pwm150_grab4
7651,1122,676,8600,CN,0,N_pwm150_grab4
7655,6082,9284,14298,CN,0,N_pwm150_grab4
7661,11460,220,9624,CN,0,N_pwm150_grab4
7666,-1562,2176,14530,CN,0,N_pwm150_grab4
7671,4242,1800,9616,CN,0,N_pwm150_grab4
7675,-2816,-8184,3658,CN,0,N_pwm150_grab4
7680,-1328,2400,13928,CN,0,N_pwm150_grab4
7690,-2470,-8202,4198,CN,0,N_pwm150_grab4
7696,-7932,-3764,13098,CN,0,N_pwm150_grab4
7700,-1706,-3452,10634,CN,0,N_pwm150_grab4
7706,-1030,-752,6010,CN,0,N_pwm150_grab4
7710,-938,2404,12040,CN,0,N_pwm150_grab4
7715,8496,4344,10480,CN,0,N_pwm150_grab4
7720,5154,3510,14418,CN,0,N_pwm150_grab4
7726,-1314,3352,12324,CN,0,N_pwm150_grab4
7731,8348,4706,10610,CN,0,N_pwm150_grab4
7735,188,2260,13292,CN,0,N_pwm150_grab4
7740,5510,4146,10774,CN,0,N_pwm150_grab4
7745,568,-7044,5804,CN,0,N_pwm150_grab4
7751,-7248,-1030,14906,CN,0,N_pwm150_grab4
7755,-368,-4270,8444,CN,0,N_pwm150_grab4
7767,-9824,-5334,12926,CN,0,N_pwm150_grab4
7771,-3168,-4482,11870,CN,0,N_pwm150_grab4
7777,4870,3108,14358,CN,0,N_pwm150_grab4
7782,5728,9960,15804,CN,0,N_pwm150_grab4
7787,14682,2656,8884,CN,0,N_pwm150_grab4
7792,1448,2414,12628,CN,0,N_pwm150_grab4
7797,5578,6142,11596,CN,0,N_pwm150_grab4
7801,3032,-5402,6258,CN,0,N_pwm150_grab4
7806,-5872,-320,15958,CN,0,N_pwm150_grab4
7812,5614,6406,11592,CN,0,N_pwm150_grab4
7821,-10146,-5680,13540,CN,0,N_pwm150_grab4
7827,-3616,-5212,12282,CN,0,N_pwm150_grab4
7832,-4230,-2414,3606,CN,1,N_pwm150_grab4
7836,-3554,-256,11472,CN,1,N_pwm150_grab4
7841,4072,3004,10806,CN,1,N_pwm150_grab4
7846,4024,2942,12656,CN,1,N_pwm150_grab4
7852,-3502,-1970,11952,CN,1,N_pwm150_grab4
7856,13720,3692,9072,CN,1,N_pwm150_grab4
7862,3360,3600,13266,CN,1,N_pwm150_grab4
7867,5834,7070,12914,CN,1,N_pwm150_grab4
7871,5588,-5034,7286,CN,1,N_pwm150_grab4
7877,-4408,-130,15410,CN,1,N_pwm150_grab4
7882,2236,-3794,7472,CN,1,N_pwm150_grab4
7891,-10406,-3014,14794,CN,1,N_pwm150_grab4
7897,-2914,-6454,10914,CN,1,N_pwm150_grab4
7902,-6254,-4314,1578,CN,1,N_pwm150_grab4
7906,-5016,-2906,11362,CN,1,N_pwm150_grab4
7912,1318,234,9920,CN,1,N_pwm150_grab4
7917,2970,2070,10248,CN,1,N_pwm150_grab4
7921,3560,8652,14750,CN,1,N_pwm150_grab4
7927,14032,4772,9628,CN,1,N_pwm150_grab4
7931,4604,3546,14420,CN,1,N_pwm150_grab4
7937,6036,8154,13758,CN,1,N_pwm150_grab4
7942,8282,-3786,8282,CN,1,N_pwm150_grab4
7946,-3994,452,14524,CN,1,N_pwm150_grab4
7952,3290,564,9918,CN,1,N_pwm150_grab4
7956,-6622,-7506,1776,CN,1,N_pwm150_grab4
7962,-10622,-3816,13600,CN,1,N_pwm150_grab4
7966,-2862,-7270,8526,CN,1,N_pwm150_grab4
7976,2036,7772,14272,CN,1,N_pwm150_grab4
7982,24,220,12618,CN,1,N_pwm150_grab4
7987,1876,1396,9822,CN,1,N_pwm150_grab4
7991,1496,3900,12806,CN,1,N_pwm150_grab4
7996,11242,4554,10290,CN,1,N_pwm150_grab4
8001,5284,3964,15290,CN,1,N_pwm150_grab4
8006,5980,9254,13948,CN,1,N_pwm150_grab4
8012,11486,62,9472,CN,1,N_pwm150_grab4
8016,-9352,-3758,13708,CN,1,N_pwm150_grab4
8022,-2272,-6438,7774,CN,1,N_pwm150_grab4
8033,-7464,-5152,11966,CN,1,N_pwm150_grab4
8037,-1770,-1472,11966,CN,1,N_pwm150_grab4
8043,52,308,7146,CN,1,N_pwm150_grab4
8048,-450,970,12126,CN,1,N_pwm150_grab4
8053,8278,2908,9226,CN,1,N_pwm150_grab4
8057,-264,3486,14694,CN,1,N_pwm150_grab4
8064,5282,2386,10162,CN,1,N_pwm150_grab4
8068,13334,1050,9334,CN,1,N_pwm150_grab4
8073,102,3056,13700,CN,1,N_pwm150_grab4
8077,5836,1746,9886,CN,1,N_pwm150_grab4
8083,2,-8284,5280,CN,1,N_pwm150_grab4
8087,-7368,-942,15008,CN,1,N_pwm150_grab4
8093,-88,-3694,8708,CN,1,N_pwm150_grab4
8098,-3294,-1950,4726,CN,1,N_pwm150_grab4
8102,-2286,-656,11044,CN,1,N_pwm150_grab4
8107,-2860,-5026,11364,CN,1,N_pwm150_grab4
8113,-4020,-2192,3814,CN,1,N_pwm150_grab4
8118,-3294,1616,11090,CN,1,N_pwm150_grab4
8123,4874,3722,11528,CN,1,N_pwm150_grab4
8128,4292,2850,13422,CN,1,N_pwm150_grab4
8133,5150,9714,15880,CN,1,N_pwm150_grab4
8137,3790,-5898,6350,CN,1,N_pwm150_grab4
8143,-5318,-544,15232,CN,1,N_pwm150_grab4
8147,2028,-862,11092,CN,1,N_pwm150_grab4
8153,5642,-2952,7796,CN,1,N_pwm150_grab4
8157,-4294,566,16100,CN,1,N_pwm150_grab4
8163,1888,-3988,7048,CN,1,N_pwm150_grab4
8172,-10258,-6688,13602,CN,1,N_pwm150_grab4
8178,1946,2908,12368,CN,1,N_pwm150_grab4
8182,3368,2460,11824,CN,1,N_pwm150_grab4
8188,3010,4650,13322,CN,1,N_pwm150_grab4
8192,792,-818,9588,CN,1,N_pwm150_grab4
8197,2616,1244,9760,CN,1,N_pwm150_grab4
8203,2852,7020,14116,CN,1,N_pwm150_grab4
8207,12150,5370,9626,CN,1,N_pwm150_grab4
8212,4740,3740,14486,CN,1,N_pwm150_grab4
8217,6468,9006,14748,CN,1,N_pwm150_grab4
8223,-5420,-8720,2594,CN,1,N_pwm150_grab4
8227,-9656,-2266,14644,CN,1,N_pwm150_grab4
8233,-2096,-6072,8866,CN,1,N_pwm150_grab4
8238,-3920,-7538,3178,CN,1,N_pwm150_grab4
8242,-9140,-2312,14234,CN,1,N_pwm150_grab4
8247,-1728,-5744,8536,CN,1,N_pwm150_grab4
8253,-9282,-6220,-1178,CN,1,N_pwm150_grab4
8257,-8018,-5390,11762,CN,1,N_pwm150_grab4
8262,9504,4802,11092,CN,1,N_pwm150_grab4
8268,5246,3210,15092,CN,1,N_pwm150_grab4
8272,6036,9818,15296,CN,1,N_pwm150_grab4
8278,13442,1032,9126,CN,1,N_pwm150_grab4
8283,168,1460,12884,CN,1,N_pwm150_grab4
8288,4880,5474,10744,CN,1,N_pwm150_grab4
8294,1424,-5322,5804,CN,1,N_pwm150_grab4
8299,-6516,-2044,15114,CN,1,N_pwm150_grab4
8303,-3214,-3456,13538,CN,1,N_pwm150_grab4
8309,-3144,-1098,5396,CN,1,N_pwm150_grab4
8313,-3204,2528,11858,CN,1,N_pwm150_grab4
8320,5488,4172,10782,CN,1,N_pwm150_grab4
8323,-4000,-1452,4620,CN,1,N_pwm150_grab4
8329,-3044,-1558,12146,CN,1,N_pwm150_grab4
8334,3130,88,7992,CN,1,N_pwm150_grab4
8338,3478,1820,11704,CN,1,N_pwm150_grab4
8343,6186,5404,13350,CN,1,N_pwm150_grab4
8349,5526,-6224,6748,CN,1,N_pwm150_grab4
8354,-4356,-228,14884,CN,1,N_pwm150_grab4
8359,2378,-3822,6870,CN,1,N_pwm150_grab4
8363,6596,-5002,7600,CN,1,N_pwm150_grab4
8369,-4012,-388,14200,CN,1,N_pwm150_grab4
8373,2686,1220,10770,CN,1,N_pwm150_grab4
8379,-6478,-6842,1682,CN,1,N_pwm150_grab4
8383,-6720,-2702,10158,CN,1,N_pwm150_grab4
8388,408,1652,13170,CN,1,N_pwm150_grab4
8393,1896,1718,10020,CN,1,N_pwm150_grab4
8398,1426,7648,13874,CN,1,N_pwm150_grab4
8403,11936,5028,10250,CN,1,N_pwm150_grab4
8408,1206,1086,9058,CN,1,N_pwm150_grab4
8413,964,860,11928,CN,1,N_pwm150_grab4
8419,8844,2280,8984,CN,1,N_pwm150_grab4
8424,-728,3704,15672,CN,1,N_pwm150_grab4
8428,4674,-904,8042,CN,1,N_pwm150_grab4
8433,-2180,-8944,3730,CN,1,N_pwm150_grab4
8438,-8040,-3602,14560,CN,1,N_pwm150_grab4
8448,-868,-8320,5258,CN,1,N_pwm150_grab4
8454,-7308,-558,15112,CN,1,N_pwm150_grab4
8459,-14,-1660,11102,CN,1,N_pwm150_grab4
8464,-3818,-2968,5210,CN,1,N_pwm150_grab4
8468,-2878,4802,11406,CN,1,N_pwm150_grab4
8473,6024,5148,11652,CN,1,N_pwm150_grab4
8478,4090,2712,13810,CN,1,N_pwm150_grab4
8483,5108,9364,15594,CN,1,N_pwm150_grab4
8488,14082,3426,7942,CN,1,N_pwm150_grab4
8493,3940,2444,13484,CN,1,N_pwm150_grab4
8499,4386,3078,12936,CN,1,N_pwm150_grab4
8504,6694,-2044,8526,CN,1,N_pwm150_grab4
8508,-3134,-1002,15762,CN,1,N_pwm150_grab4
8513,950,-4928,4916,CN,1,N_pwm150_grab4
8519,-6998,-7680,226,CN,1,N_pwm150_grab4
8524,-9522,-4320,15038,CN,1,N_pwm150_grab4
8529,-3426,-6444,9336,CN,1,N_pwm150_grab4
8535,-7366,-4142,132,CN,1,N_pwm150_grab4
8539,-6734,876,13616,CN,1,N_pwm150_grab4
8544,9424,1190,8256,CN,1,N_pwm150_grab4
8550,4822,5002,14400,CN,1,N_pwm150_grab4
8555,7812,6170,16742,CN,1,N_pwm150_grab4
8559,10892,-4202,7578,CN,1,N_pwm150_grab4
8564,-1790,1474,12416,CN,1,N_pwm150_grab4
8570,5180,2578,10414,CN,1,N_pwm150_grab4
8574,-826,-6978,5768,CN,1,N_pwm150_grab4
8579,594,1270,12628,CN,1,N_pwm150_grab4
8585,60,-2696,10032,CN,1,N_pwm150_grab4
8589,-9560,-6868,-1136,CN,1,N_pwm150_grab4
8595,-9508,-7544,11830,CN,1,N_pwm150_grab4
8600,-3630,-2800,14310,CN,1,N_pwm150_grab4
8605,-4060,-972,5428,CN,1,N_pwm150_grab4
8610,-3894,-34,11316,CN,1,N_pwm150_grab4
8615,3124,2792,10716,CN,1,N_pwm150_grab4
8619,-5404,-2458,2960,CN,1,N_pwm150_grab4
8624,3928,2450,12846,CN,1,N_pwm150_grab4
8630,11308,2302,8044,CN,1,N_pwm150_grab4
8635,4052,5812,14358,CN,1,N_pwm150_grab4
8640,6830,3452,13732,CN,1,N_pwm150_grab4
8645,7482,-6594,7120,CN,1,N_pwm150_grab4
8649,-3406,946,14472,CN,1,N_pwm150_grab4
8655,3372,-340,9234,CN,1,N_pwm150_grab4
8659,-4962,-7842,3340,CN,1,N_pwm150_grab4
8664,-8674,-1112,15058,CN,1,N_pwm150_grab4
8670,-1372,-4268,9948,CN,1,N_pwm150_grab4
8674,-9136,-5956,-468,CN,1,N_pwm150_grab4
8680,-8912,-4596,10788,CN,1,N_pwm150_grab4
8684,-2096,256,14724,CN,1,N_pwm150_grab4
8690,-1814,398,7642,CN,1,N_pwm150_grab4
8694,-2232,3030,11542,CN,1,N_pwm150_grab4
8700,6472,3924,10668,CN,1,N_pwm150_grab4
8704,-3210,-940,5288,CN,1,N_pwm150_grab4
8709,5202,2772,12342,CN,1,N_pwm150_grab4
8714,12090,1226,8660,CN,1,N_pwm150_grab4
8719,2778,5068,14224,CN,1,N_pwm150_grab4
8724,5910,580,9856,CN,1,N_pwm150_grab4
8730,4480,-7780,5504,CN,1,N_pwm150_grab4
8734,-4880,692,15140,CN,1,N_pwm150_grab4
8740,2648,-2228,8820,CN,1,N_pwm150_grab4
8744,-6832,-3864,1648,CN,1,N_pwm150_grab4
8750,-9664,-1778,14612,CN,1,N_pwm150_grab4
8754,-2038,-5884,10554,CN,1,N_pwm150_grab4
8759,-8334,-5238,256,CN,1,N_pwm150_grab4
8764,-7098,-3072,10624,CN,1,N_pwm150_grab4
8770,-220,1640,14166,CN,1,N_pwm150_grab4
8775,830,1308,9602,CN,1,N_pwm150_grab4
8779,116,4794,12766,CN,1,N_pwm150_grab4
8785,12260,-306,9174,CN,1,N_pwm150_grab4
8790,-116,278,12902,CN,1,N_pwm150_grab4
8796,4320,5460,10380,CN,1,N_pwm150_grab4
8800,1614,-4314,6384,CN,1,N_pwm150_grab4
8805,-5748,-5724,14314,CN,1,N_pwm150_grab4
8810,-1206,-5372,7108,CN,1,N_pwm150_grab4
8821,-9452,-3070,15368,CN,1,N_pwm150_grab4
8825,3330,2022,9974,CN,1,N_pwm150_grab4
8832,3754,2280,13468,CN,1,N_pwm150_grab4
8835,-4126,-1968,11108,CN,1,N_pwm150_grab4
8840,1584,-352,9074,CN,1,N_pwm150_grab4
8845,2830,1168,10826,CN,1,N_pwm150_grab4
8851,3820,10810,16888,CN,1,N_pwm150_grab4
8856,12680,4030,8592,CN,1,N_pwm150_grab4
8861,3990,2304,12998,CN,1,N_pwm150_grab4
8865,6564,8682,13700,CN,1,N_pwm150_grab4
8871,-5368,-8142,2566,CN,1,N_pwm150_grab4
8875,-1982,-468,13070,CN,1,N_pwm150_grab4
8880,2862,4346,10140,CN,1,N_pwm150_grab4
8886,-1304,-4466,4664,CN,1,N_pwm150_grab4
8890,-7282,-7958,13622,CN,1,N_pwm150_grab4
8896,-2780,-4696,8492,CN,1,N_pwm150_grab4
8906,-7908,-3960,14908,CN,1,N_pwm150_grab4
8911,5872,3240,9670,CN,1,N_pwm150_grab4
8915,4176,2732,13818,CN,1,N_pwm150_grab4
8920,-3086,-1386,11398,CN,1,N_pwm150_grab4
8926,2906,576,8136,CN,1,N_pwm150_grab4
8931,3500,1662,11940,CN,1,N_pwm150_grab4
8935,4744,11062,16782,CN,1,N_pwm150_grab4
8940,13518,3304,8054,CN,1,N_pwm150_grab4
8945,3520,2178,12606,CN,1,N_pwm150_grab4
8950,2796,-2952,7632,CN,1,N_pwm150_grab4
8956,-7252,-7942,1546,CN,1,N_pwm150_grab4
8960,-3004,-596,13414,CN,1,N_pwm150_grab4
8965,2584,3086,10276,CN,1,N_pwm150_grab4
8970,-3432,-5216,3830,CN,1,N_pwm150_grab4
8975,-8332,-7958,12924,CN,1,N_pwm150_grab4
8981,-3322,-4856,8456,CN,1,N_pwm150_grab4
8986,-8290,-3438,-862,CN,1,N_pwm150_grab4
8990,-1370,2348,11928,CN,1,N_pwm150_grab4
8995,7286,3270,9408,CN,1,N_pwm150_grab4
9000,4190,2840,14506,CN,1,N_pwm150_grab4
9005,-1942,-1240,11054,CN,1,N_pwm150_grab4
9010,4136,862,8474,CN,1,N_pwm150_grab4
9015,3738,1948,12902,CN,1,N_pwm150_grab4
9021,5894,10512,17808,CN,1,N_pwm150_grab4
9025,13002,1744,7368,CN,1,N_pwm150_grab4
9031,-4296,276,15228,CN,1,N_pwm150_grab4
9035,2262,-3314,7882,CN,1,N_pwm150_grab4
9041,-7700,-7816,1146,CN,1,N_pwm150_grab4
9046,-9170,-278,15610,CN,1,N_pwm150_grab4
9052,-1632,-3618,12582,CN,1,N_pwm150_grab4
9056,-8312,-4736,1530,CN,1,N_pwm150_grab4
9062,-8184,2558,11330,CN,1,N_pwm150_grab4
9067,738,3288,14976,CN,1,N_pwm150_grab4
9071,4336,1474,12948,CN,1,N_pwm150_grab4
9076,6606,9642,14418,CN,1,N_pwm150_grab4
9086,660,602,12158,CN,1,N_pwm150_grab4
9092,5912,5062,13104,CN,1,N_pwm150_grab4
9096,12526,1674,8918,CN,1,N_pwm150_grab4
9101,1858,5102,14444,CN,1,N_pwm150_grab4
9107,6238,1316,10534,CN,1,N_pwm150_grab4
9116,-8796,-5122,14686,CN,1,N_pwm150_grab4
9121,-3762,-5068,11812,CN,1,N_pwm150_grab4
9126,-5916,-2712,2604,CN,1,N_pwm150_grab4
9131,-9360,-240,15606,CN,1,N_pwm150_grab4
9136,-1804,-4322,12842,CN,1,N_pwm150_grab4
9141,-8042,-4842,1742,CN,1,N_pwm150_grab4
9146,-6998,1382,10458,CN,1,N_pwm150_grab4
9152,11032,4420,9038,CN,1,N_pwm150_grab4
9157,4236,2014,12478,CN,1,N_pwm150_grab4
9162,6284,9000,13530,CN,1,N_pwm150_grab4
9166,11982,230,9692,CN,1,N_pwm150_grab4
9172,2,1834,13436,CN,1,N_pwm150_grab4
9176,6126,9232,15088,CN,1,N_pwm150_grab4
9182,12848,1600,8794,CN,1,N_pwm150_grab4
9186,1166,3314,13400,CN,1,N_pwm150_grab4
9192,548,-5710,6628,CN,1,N_pwm150_grab4
9201,-9978,-1780,15106,CN,1,N_pwm150_grab4
9206,-2628,-5552,11346,CN,1,N_pwm150_grab4
9212,-6204,-3366,2536,CN,1,N_pwm150_grab4
9217,-9974,-4650,13984,CN,1,N_pwm150_grab4
9221,-3158,-6082,9630,CN,1,N_pwm150_grab4
9226,-6864,-3326,1008,CN,1,N_pwm150_grab4
9231,2598,8180,14428,CN,1,N_pwm150_grab4
9236,11690,4876,9418,CN,1,N_pwm150_grab4
9242,4346,2926,14092,CN,1,N_pwm150_grab4
9246,6488,7666,12624,CN,1,N_pwm150_grab4
9251,10932,358,9256,CN,1,N_pwm150_grab4
9256,-408,3256,15154,CN,1,N_pwm150_grab4
9261,6718,10094,16384,CN,1,N_pwm150_grab4
9266,12594,-554,7664,CN,1,N_pwm150_grab4
9272,-6590,-2606,14990,CN,1,N_pwm150_grab4
9276,24,-5570,7078,CN,1,N_pwm150_grab4
9286,-8922,-292,15526,CN,1,N_pwm150_grab4
9292,-1760,-4910,11664,CN,1,N_pwm150_grab4
9297,-5632,-3760,3998,CN,1,N_pwm150_grab4
9302,-4880,2360,10406,CN,1,N_pwm150_grab4
9308,2850,4412,12654,CN,1,N_pwm150_grab4
9312,3388,2342,12920,CN,1,N_pwm150_grab4
9317,6780,6812,13214,CN,1,N_pwm150_grab4
9322,8216,-4156,8200,CN,1,N_pwm150_grab4
9328,-3204,-522,13262,CN,1,N_pwm150_grab4
9332,2778,3038,10770,CN,1,N_pwm150_grab4
9337,-3754,-5380,3408,CN,1,N_pwm150_grab4
9344,-8474,-7146,13464,CN,1,N_pwm150_grab4
9348,3632,-2784,5912,CN,1,N_pwm150_grab4
9357,-7522,-3928,14080,CN,1,N_pwm150_grab4
9362,-2196,-3320,11732,CN,1,N_pwm150_grab4
9367,-2384,-978,6544,CN,1,N_pwm150_grab4
9372,-1980,-724,11050,CN,1,N_pwm150_grab4
9377,4592,1402,8598,CN,1,N_pwm150_grab4
9382,3794,2240,13252,CN,1,N_pwm150_grab4
9387,-3534,4516,11330,CN,1,N_pwm150_grab4
9392,4440,4898,12114,CN,1,N_pwm150_grab4
9397,2722,1426,11230,CN,1,N_pwm150_grab4
9402,6322,7150,12298,CN,1,N_pwm150_grab4
9408,6934,-3602,8244,CN,1,N_pwm150_grab4
9412,-3342,424,14670,CN,1,N_pwm150_grab4
9417,2640,530,10536,CN,1,N_pwm150_grab4
9428,-9060,-7628,12966,CN,1,N_pwm150_grab4
9433,2760,-3538,5364,CN,1,N_pwm150_grab4
9442,-7648,-4060,13082,CN,1,N_pwm150_grab4
9448,-1670,-2274,11474,CN,1,N_pwm150_grab4
9452,-1310,-100,7106,CN,1,N_pwm150_grab4
9458,-690,-524,11628,CN,1,N_pwm150_grab4
9462,5686,512,7680,CN,1,N_pwm150_grab4
9467,3938,2806,12742,CN,1,N_pwm150_grab4
9473,-2688,7932,12964,CN,1,N_pwm150_grab4
9478,13090,-718,7234,CN,1,N_pwm150_grab4
9482,1264,1898,11092,CN,1,N_pwm150_grab4
9487,6684,5402,11584,CN,1,N_pwm150_grab4
9492,4780,-5096,7274,CN,1,N_pwm150_grab4
9498,-4640,-568,13916,CN,1,N_pwm150_grab4
9502,2246,1350,11348,CN,1,N_pwm150_grab4
9512,-9408,-8936,12188,CN,1,N_pwm150_grab4
9518,-4074,-4836,10878,CN,1,N_pwm150_grab4
9523,-7450,-2472,1114,CN,1,N_pwm150_grab4
9527,-6298,-3954,12690,CN,1,N_pwm150_grab4
9533,-828,-1256,11460,CN,1,N_pwm150_grab4
9537,264,434,8424,CN,1,N_pwm150_grab4
9543,-20,308,11942,CN,1,N_pwm150_grab4
9548,7154,2170,8362,CN,1,N_pwm150_grab4
9552,4032,3354,13376,CN,1,N_pwm150_grab4
9558,5354,-1204,8004,CN,1,N_pwm150_grab4
9563,918,-8756,4476,CN,1,N_pwm150_grab4
9568,-5978,-318,15524,CN,1,N_pwm150_grab4
9573,1258,-3698,8490,CN,1,N_pwm150_grab4
9584,-10164,-1530,14498,CN,1,N_pwm150_grab4
9589,-2136,-5324,11292,CN,1,N_pwm150_grab4
9593,-6506,-3854,2174,CN,1,N_pwm150_grab4
9598,4368,11074,17566,CN,1,N_pwm150_grab4
9604,2806,4230,13932,CN,1,N_pwm150_grab4
9608,2652,1542,11960,CN,1,N_pwm150_grab4
9613,2304,6230,13500,CN,1,N_pwm150_grab4
9619,11534,4766,9582,CN,1,N_pwm150_grab4
9624,4388,3244,13960,CN,1,N_pwm150_grab4
9628,6476,6432,12512,CN,1,N_pwm150_grab4
9633,10944,538,9164,CN,1,N_pwm150_grab4
9638,-7084,-7494,13636,CN,1,N_pwm150_grab4
9644,4098,-2274,6340,CN,1,N_pwm150_grab4
9648,-538,-8550,3292,CN,1,N_pwm150_grab4
9653,-6432,-1622,15728,CN,1,N_pwm150_grab4
9659,158,-5174,7504,CN,1,N_pwm150_grab4
9669,-8790,190,15462,CN,1,N_pwm150_grab4
9673,-1538,-4278,12426,CN,1,N_pwm150_grab4
9679,3218,956,10910,CN,1,N_pwm150_grab4
9683,5036,10262,17334,CN,1,N_pwm150_grab4
9689,3502,4804,12606,CN,1,N_pwm150_grab4
9694,3170,1558,11918,CN,1,N_pwm150_grab4
9699,2766,7296,13348,CN,1,N_pwm150_grab4
9703,12542,4526,9366,CN,1,N_pwm150_grab4
9708,4570,2932,14106,CN,1,N_pwm150_grab4
9713,6450,7296,12874,CN,1,N_pwm150_grab4
9719,-3412,-5948,3652,CN,1,N_pwm150_grab4
9723,-8312,-6096,13854,CN,1,N_pwm150_grab4
9729,4342,-2044,6764,CN,1,N_pwm150_grab4
9733,-2116,-8672,3478,CN,1,N_pwm150_grab4
9738,-7324,-1922,15200,CN,1,N_pwm150_grab4
9744,-674,-5172,7116,CN,1,N_pwm150_grab4
9753,-9236,-336,14824,CN,1,N_pwm150_grab4
9758,3542,12,6874,CN,1,N_pwm150_grab4
9763,3502,1704,12104,CN,1,N_pwm150_grab4
9769,5778,10346,17602,CN,1,N_pwm150_grab4
9774,4196,5216,12524,CN,1,N_pwm150_grab4
9778,3540,1690,12656,CN,1,N_pwm150_grab4
9784,3836,7442,13938,CN,1,N_pwm150_grab4
9788,12342,4574,8726,CN,1,N_pwm150_grab4
9793,4138,2840,13198,CN,1,N_pwm150_grab4
9798,2832,2152,10744,CN,1,N_pwm150_grab4
9803,-3820,-6372,3632,CN,1,N_pwm150_grab4
9808,-8132,-7814,13068,CN,1,N_pwm150_grab4
9815,-3166,-4766,8614,CN,1,N_pwm150_grab4
9824,-8134,-4030,14180,CN,1,N_pwm150_grab4
9829,-2480,-3432,11500,CN,1,N_pwm150_grab4
9835,-2802,-772,5854,CN,1,N_pwm150_grab4
9840,5770,4894,12820,CN,1,N_pwm150_grab4
9845,12400,1842,8318,CN,1,N_pwm150_grab4
9849,2410,4820,14242,CN,1,N_pwm150_grab4
9856,5832,324,10222,CN,1,N_pwm150_grab4
9860,13138,804,7318,CN,1,N_pwm150_grab4
9864,2256,1846,11224,CN,1,N_pwm150_grab4
9870,6670,6532,12482,CN,1,N_pwm150_grab4
9875,6888,-4062,7916,CN,1,N_pwm150_grab4
9880,-9020,-468,15390,CN,1,N_pwm150_grab4
9884,-1788,-4104,12224,CN,1,N_pwm150_grab4
9895,-7826,694,10476,CN,1,N_pwm150_grab4
9900,-3758,-4548,9618,CN,1,N_pwm150_grab4
9909,-7168,-4470,13602,CN,1,N_pwm150_grab4
9914,-2034,-2526,11734,CN,1,N_pwm150_grab4
9920,4440,2932,14110,CN,1,N_pwm150_grab4
9925,5754,5434,12978,CN,1,N_pwm150_grab4
9929,12530,1630,9076,CN,1,N_pwm150_grab4
9934,1970,4784,14900,CN,1,N_pwm150_grab4
9940,6192,352,10182,CN,1,N_pwm150_grab4
9945,13472,924,7580,CN,1,N_pwm150_grab4
9949,2244,1396,11468,CN,1,N_pwm150_grab4
9954,6474,6382,12206,CN,1,N_pwm150_grab4
9960,-8502,-7456,588,CN,1,N_pwm150_grab4
9965,-9922,-1354,14762,CN,1,N_pwm150_grab4
9969,-1946,-5774,10540,CN,1,N_pwm150_grab4
9979,-7092,974,10670,CN,1,N_pwm150_grab4
9984,-3728,-4662,9468,CN,1,N_pwm150_grab4
9995,-7270,-3904,13194,CN,1,N_pwm150_grab4
9999,-1376,-2428,11424,CN,1,N_pwm150_grab4
10005,4262,3080,14316,CN,1,N_pwm150_grab4
10010,6202,6462,13368,CN,1,N_pwm150_grab4
10015,12108,1792,8368,CN,1,N_pwm150_grab4
10019,1726,3726,14316,CN,1,N_pwm150_grab4
10024,5264,-912,8590,CN,1,N_pwm150_grab4
10029,12690,-574,6878,CN,1,N_pwm150_grab4
10034,1396,1578,10594,CN,1,N_pwm150_grab4
10039,6452,5814,12250,CN,1,N_pwm150_grab4
10045,-8740,-7478,528,CN,1,N_pwm150_grab4
10049,-9268,-752,15182,CN,1,N_pwm150_grab4
10054,-1752,-4842,11266,CN,1,N_pwm150_grab4
10059,-7578,-4642,1886,CN,1,N_pwm150_grab4
10065,-7240,2338,10816,CN,1,N_pwm150_grab4
10070,1410,3710,14224,CN,1,N_pwm150_grab4
10075,1418,1150,10482,CN,1,N_pwm150_grab4
10080,726,5126,12578,CN,1,N_pwm150_grab4
10086,11666,-832,9110,CN,1,N_pwm150_grab4
10090,-616,78,12522,CN,1,N_pwm150_grab4
10095,3850,5082,10412,CN,1,N_pwm150_grab4
10100,860,-4244,5770,CN,1,N_pwm150_grab4
10105,-5824,-5692,14744,CN,1,N_pwm150_grab4
10112,-1262,-5652,6968,CN,1,N_pwm150_grab4
10116,1568,-8408,4530,CN,1,N_pwm150_grab4
10120,-5774,46,15548,CN,1,N_pwm150_grab4
10126,-3424,-5124,11724,CN,1,N_pwm150_grab4
10130,-5422,-2682,3702,CN,1,N_pwm150_grab4
10136,-4424,-1528,11838,CN,1,N_pwm150_grab4
10141,950,-852,8180,CN,1,N_pwm150_grab4
10145,2522,634,10310,CN,1,N_pwm150_grab4
10150,3452,11294,16756,CN,1,N_pwm150_grab4
10155,1562,3908,14134,CN,1,N_pwm150_grab4
10160,1908,1364,11036,CN,1,N_pwm150_grab4
10166,6408,9076,13836,CN,1,N_pwm150_grab4
10170,11196,-896,9500,CN,1,N_pwm150_grab4
10176,-744,322,13112,CN,1,N_pwm150_grab4
10180,4140,4370,10548,CN,1,N_pwm150_grab4
10186,272,-5422,5690,CN,1,N_pwm150_grab4
10190,-6170,-6346,13810,CN,1,N_pwm150_grab4
10195,-1310,-5282,7428,CN,1,N_pwm150_grab4
10201,1464,-8676,4326,CN,1,N_pwm150_grab4
10206,-9056,-3614,15314,CN,1,N_pwm150_grab4
10211,-3360,-4900,11422,CN,1,N_pwm150_grab4
10216,-5296,-2146,3274,CN,1,N_pwm150_grab4
10221,-4000,-1508,11622,CN,1,N_pwm150_grab4
10225,1490,-940,8702,CN,1,N_pwm150_grab4
10230,2536,582,10748,CN,1,N_pwm150_grab4
10236,3934,10810,17242,CN,1,N_pwm150_grab4
10241,2324,4094,14188,CN,1,N_pwm150_grab4
10246,3780,1730,12132,CN,1,N_pwm150_grab4
10251,6660,8962,13792,CN,1,N_pwm150_grab4
10256,10478,-1250,8816,CN,1,N_pwm150_grab4
10260,-974,-174,12724,CN,1,N_pwm150_grab4
10265,3488,4630,10498,CN,1,N_pwm150_grab4
10270,18,-4656,5194,CN,1,N_pwm150_grab4
10275,-6072,-6852,14162,CN,1,N_pwm150_grab4
10281,-1618,-5214,7982,CN,1,N_pwm150_grab4
10286,-8908,-4490,-804,CN,1,N_pwm150_grab4
10291,-8230,-4176,15224,CN,1,N_pwm150_grab4
10295,-3474,-4402,11964,CN,1,N_pwm150_grab4
10301,-4752,-1872,4012,CN,1,N_pwm150_grab4
10306,-4268,-570,12304,CN,1,N_pwm150_grab4
10311,1518,-1136,7384,CN,1,N_pwm150_grab4
10316,2588,264,10418,CN,1,N_pwm150_grab4
10320,3790,10956,16582,CN,1,N_pwm150_grab4
10326,7974,-6646,6768,CN,1,N_pwm150_grab4
10332,-3366,1246,13864,CN,1,N_pwm150_grab4
10336,3722,76,9512,CN,1,N_pwm150_grab4
10341,-4372,-7330,3858,CN,1,N_pwm150_grab4
10346,-7916,-778,15604,CN,1,N_pwm150_grab4
10351,-894,-3908,9996,CN,1,N_pwm150_grab4
10356,-9544,-5916,-744,CN,1,N_pwm150_grab4
10362,-8872,-4994,11110,CN,1,N_pwm150_grab4
10366,6898,5278,10228,CN,1,N_pwm150_grab4
10371,-2872,-70,7582,CN,1,N_pwm150_grab4
10376,-3262,-128,11270,CN,1,N_pwm150_grab4
10381,3320,2274,9390,CN,1,N_pwm150_grab4
10386,3772,2150,13490,CN,1,N_pwm150_grab4
10391,4320,4614,13274,CN,1,N_pwm150_grab4
10396,11704,3182,8526,CN,1,N_pwm150_grab4
10401,3812,5516,14614,CN,1,N_pwm150_grab4
10406,1220,-5058,4480,CN,1,N_pwm150_grab4
10411,7944,-6738,7172,CN,1,N_pwm150_grab4
10416,-2936,1104,14102,CN,1,N_pwm150_grab4
10421,3692,156,9706,CN,1,N_pwm150_grab4
10426,-3768,-7562,4126,CN,1,N_pwm150_grab4
10431,-7620,-664,15348,CN,1,N_pwm150_grab4
10436,-614,-3398,10160,CN,1,N_pwm150_grab4
10441,-9166,-5998,-14,CN,1,N_pwm150_grab4
10447,-1532,8600,13704,CN,1,N_pwm150_grab4
10451,6480,4916,10818,CN,1,N_pwm150_grab4
10457,-3694,-70,6882,CN,1,N_pwm150_grab4
10462,-3574,-656,10874,CN,1,N_pwm150_grab4
10467,3044,1962,10302,CN,1,N_pwm150_grab4
10471,3556,2038,13354,CN,1,N_pwm150_grab4
10476,3904,3044,12652,CN,1,N_pwm150_grab4
10481,11100,2594,8614,CN,1,N_pwm150_grab4
10486,-2414,-1246,15024,CN,1,N_pwm150_grab4
10491,1226,-4694,4802,CN,1,N_pwm150_grab4
10497,8262,-6248,6646,CN,1,N_pwm150_grab4
10502,-2700,1444,13576,CN,1,N_pwm150_grab4
10506,4058,464,9700,CN,1,N_pwm150_grab4
10511,-2866,-7576,4256,CN,1,N_pwm150_grab4
10517,-7268,-418,15574,CN,1,N_pwm150_grab4
10521,0,-1934,11714,CN,1,N_pwm150_grab4
10527,-3528,-2474,5298,CN,1,N_pwm150_grab4
10532,-2706,7948,13156,CN,1,N_pwm150_grab4
10536,5698,5160,10960,CN,1,N_pwm150_grab4
10541,-3962,-198,6316,CN,1,N_pwm150_grab4
10546,-4330,-974,11354,CN,1,N_pwm150_grab4
10552,1994,1868,10012,CN,1,N_pwm150_grab4
10556,3326,1872,12628,CN,1,N_pwm150_grab4
10561,3188,2818,12182,CN,1,N_pwm150_grab4
10566,8706,-1524,8878,CN,1,N_pwm150_grab4
10571,-2256,162,14990,CN,1,N_pwm150_grab4
10576,2134,-4376,4962,CN,1,N_pwm150_grab4
10582,-4394,-7928,1826,CN,1,N_pwm150_grab4
10588,-8094,-1628,16008,CN,1,N_pwm150_grab4
10592,-1574,-5938,7858,CN,1,N_pwm150_grab4
10598,-9482,-5676,-1357,CN,1,N_pwm150_grab4
10602,-8270,-1254,14102,CN,1,N_pwm150_grab4
10607,5176,1192,7998,CN,1,N_pwm150_grab4
10612,3736,2760,13252,CN,1,N_pwm150_grab4
10618,6256,9754,17382,CN,1,N_pwm150_grab4
10622,12978,-228,7334,CN,1,N_pwm150_grab4
10627,4002,1690,13340,CN,1,N_pwm150_grab4
10632,4492,7588,13932,CN,1,N_pwm150_grab4
10638,12884,3892,8214,CN,1,N_pwm150_grab4
10643,3792,2506,13008,CN,1,N_pwm150_grab4
10648,2606,824,10540,CN,1,N_pwm150_grab4
10653,-5364,-6590,2638,CN,1,N_pwm150_grab4
10658,-8876,-8662,12216,CN,1,N_pwm150_grab4
10663,-3558,-4112,9558,CN,1,N_pwm150_grab4
10668,-3328,-7976,2170,CN,1,N_pwm150_grab4
10672,-7610,-1378,15964,CN,1,N_pwm150_grab4
10678,-1338,-5324,7776,CN,1,N_pwm150_grab4
10683,-9194,-6002,-852,CN,1,N_pwm150_grab4
10687,-9056,-716,14430,CN,1,N_pwm150_grab4
10692,4380,490,8086,CN,1,N_pwm150_grab4
10697,3576,2324,13048,CN,1,N_pwm150_grab4
10702,6172,9484,17768,CN,1,N_pwm150_grab4
10707,12566,176,6900,CN,1,N_pwm150_grab4
10712,3680,1346,12866,CN,1,N_pwm150_grab4
10718,4120,7790,13872,CN,1,N_pwm150_grab4
10722,12966,4182,8568,CN,1,N_pwm150_grab4
10727,3984,2662,13226,CN,1,N_pwm150_grab4
10732,2370,2284,10852,CN,1,N_pwm150_grab4
10738,-4148,-5712,2990,CN,1,N_pwm150_grab4
10742,-8110,-8644,12772,CN,1,N_pwm150_grab4
10748,-3556,-4284,9456,CN,1,N_pwm150_grab4
10752,-2620,-8246,2384,CN,1,N_pwm150_grab4
10758,-7140,-1436,16060,CN,1,N_pwm150_grab4
10762,227,16386,14080,CN,1,N_pwm150_grab4
10773,-2136,-628,11632,CN,1,N_pwm150_grab4
10777,3308,-98,7328,CN,1,N_pwm150_grab4
10783,3564,1490,11924,CN,1,N_pwm150_grab4
10787,5122,10186,17266,CN,1,N_pwm150_grab4
10793,13118,1116,7770,CN,1,N_pwm150_grab4
10797,3484,1462,12406,CN,1,N_pwm150_grab4
10802,3082,6790,13058,CN,1,N_pwm150_grab4
10807,12452,4222,8972,CN,1,N_pwm150_grab4
10812,-2888,318,13482,CN,1,N_pwm150_grab4
10817,3012,2168,10806,CN,1,N_pwm150_grab4
10822,-3518,-6196,3658,CN,1,N_pwm150_grab4
10827,-7894,-7424,13522,CN,1,N_pwm150_grab4
10833,-2812,-5192,8022,CN,1,N_pwm150_grab4
10844,-7588,-3824,14552,CN,1,N_pwm150_grab4
10848,-2676,-4020,11964,CN,1,N_pwm150_grab4
10853,4088,2410,14136,CN,1,N_pwm150_grab4
10858,5002,5558,13364,CN,1,N_pwm150_grab4
10864,12510,2568,8416,CN,1,N_pwm150_grab4
10869,3188,5002,14806,CN,1,N_pwm150_grab4
10873,6356,1014,11732,CN,1,N_pwm150_grab4
10878,6398,-7564,6226,CN,1,N_pwm150_grab4
10883,3320,1298,11290,CN,1,N_pwm150_grab4
10888,6504,8158,13372,CN,1,N_pwm150_grab4
10894,-5514,-7510,3232,CN,1,N_pwm150_grab4
10898,-8306,-898,15414,CN,1,N_pwm150_grab4
10904,-1210,-4390,9384,CN,1,N_pwm150_grab4
10913,3824,-2963,2702,CN,1,N_pwm150_grab4
10918,-1532,1526,15686,CN,1,N_pwm150_grab4
10923,-8358,-3778,-644,CN,1,N_pwm150_grab4
10928,-8678,-3650,15286,CN,1,N_pwm150_grab4
10933,4248,2396,10196,CN,1,N_pwm150_grab4
10938,3838,2216,14192,CN,1,N_pwm150_grab4
10944,4332,3978,12756,CN,1,N_pwm150_grab4
10948,11584,2612,8112,CN,1,N_pwm150_grab4
10953,3516,5454,14814,CN,1,N_pwm150_grab4
10959,7050,2202,13166,CN,1,N_pwm150_grab4
10963,7566,-6786,6378,CN,1,N_pwm150_grab4
10968,3676,1450,11940,CN,1,N_pwm150_grab4
10974,3586,-558,9252,CN,1,N_pwm150_grab4
10978,-3920,-7682,3682,CN,1,N_pwm150_grab4
10983,-7498,-448,15610,CN,1,N_pwm150_grab4
10989,-400,-2482,11582,CN,1,N_pwm150_grab4
10993,-9138,-5674,708,CN,1,N_pwm150_grab4
10999,-9190,-4148,11080,CN,1,N_pwm150_grab4
11003,-2276,520,15338,CN,1,N_pwm150_grab4
11008,-8616,-4674,-736,CN,1,N_pwm150_grab4
11013,-4086,-318,11060,CN,1,N_pwm150_grab4
11018,2462,2250,10444,CN,1,N_pwm150_grab4
11024,3506,1928,12996,CN,1,N_pwm150_grab4
11028,3170,2250,11984,CN,1,N_pwm150_grab4
11034,10774,2048,8638,CN,1,N_pwm150_grab4
11038,4100,5424,14922,CN,1,N_pwm150_grab4
11043,7998,4162,15368,CN,1,N_pwm150_grab4
11049,9422,-5782,6998,CN,1,N_pwm150_grab4
11054,-2334,1406,12770,CN,1,N_pwm150_grab4
11058,4658,1468,10192,CN,1,N_pwm150_grab4
11063,-1728,-7060,5376,CN,1,N_pwm150_grab4
11068,-6844,-322,15452,CN,1,N_pwm150_grab4
11074,610,-2482,10354,CN,1,N_pwm150_grab4
11078,-9220,-6270,-176,CN,1,N_pwm150_grab4
11084,-8872,-6868,11744,CN,1,N_pwm150_grab4
11089,-3096,-1150,14480,CN,1,N_pwm150_grab4
11095,3630,1498,12956,CN,1,N_pwm150_grab4
11099,3442,7080,13250,CN,1,N_pwm150_grab4
11104,12194,4120,8620,CN,1,N_pwm150_grab4
11109,4034,2530,13360,CN,1,N_pwm150_grab4
11114,6314,7584,13256,CN,1,N_pwm150_grab4
11119,10382,-856,9034,CN,1,N_pwm150_grab4
11125,-754,880,14392,CN,1,N_pwm150_grab4
11129,3656,-3374,5450,CN,1,N_pwm150_grab4
11134,-8412,-3088,-620,CN,1,N_pwm150_grab4
11139,-6602,-506,16054,CN,1,N_pwm150_grab4
11144,448,-4476,7848,CN,1,N_pwm150_grab4
11150,-9058,-6458,-774,CN,1,N_pwm150_grab4
11154,-9150,-1448,14582,CN,1,N_pwm150_grab4
11159,-2238,-4986,11532,CN,1,N_pwm150_grab4
11164,-6156,-3222,2818,CN,1,N_pwm150_grab4
11169,-5046,4998,11728,CN,1,N_pwm150_grab4
11174,11504,2272,7822,CN,1,N_pwm150_grab4
11180,2632,946,11856,CN,1,N_pwm150_grab4
11184,2080,6038,12684,CN,1,N_pwm150_grab4
11189,10272,4526,8882,CN,1,N_pwm150_grab4
11195,4224,2708,13864,CN,1,N_pwm150_grab4
11199,6372,6336,13386,CN,1,N_pwm150_grab4
11205,11268,1016,8140,CN,1,N_pwm150_grab4
11209,1234,2384,14260,CN,1,N_pwm150_grab4
11214,-1044,-4798,8048,CN,1,N_pwm150_grab4
11220,-8028,-4102,-164,CN,1,N_pwm150_grab4
11225,-5100,348,15870,CN,1,N_pwm150_grab4
11229,1854,-3848,7660,CN,1,N_pwm150_grab4
11234,-8066,-7258,1058,CN,1,N_pwm150_grab4
11239,-8878,-290,15646,CN,1,N_pwm150_grab4
11244,-1468,-4448,10876,CN,1,N_pwm150_grab4
11249,-7916,-4348,1552,CN,1,N_pwm150_grab4
11255,2542,10390,16070,CN,1,N_pwm150_grab4
11259,9966,3054,8916,CN,1,N_pwm150_grab4
11264,124,468,9826,CN,1,N_pwm150_grab4
11269,-580,4152,11744,CN,1,N_pwm150_grab4
11274,7744,3930,10106,CN,1,N_pwm150_grab4
11279,4280,2104,14570,CN,1,N_pwm150_grab4
11285,5406,3942,12624,CN,1,N_pwm150_grab4
11290,11802,1442,7862,CN,1,N_pwm150_grab4
11294,2602,4630,14536,CN,1,N_pwm150_grab4
11299,-254,-5352,6120,CN,1,N_pwm150_grab4
11305,-7140,-5820,292,CN,1,N_pwm150_grab4
11309,-4104,1270,15090,CN,1,N_pwm150_grab4
11314,2720,-2302,8260,CN,1,N_pwm150_grab4
11319,-5674,-7608,2598,CN,1,N_pwm150_grab4
11324,-8118,-242,16184,CN,1,N_pwm150_grab4
11329,-1096,-3158,11376,CN,1,N_pwm150_grab4
11335,-8974,-5248,968,CN,1,N_pwm150_grab4
11339,-808,9634,14338,CN,1,N_pwm150_grab4
11344,7134,4600,9908,CN,1,N_pwm150_grab4
11350,4176,1110,13018,CN,1,N_pwm150_grab4
11355,4684,8534,13972,CN,1,N_pwm150_grab4
11360,13274,2762,8006,CN,1,N_pwm150_grab4
11365,2896,1754,12798,CN,1,N_pwm150_grab4
11370,6054,7098,11970,CN,1,N_pwm150_grab4
11376,8020,-2196,8220,CN,1,N_pwm150_grab4
11381,-8638,-8234,12998,CN,1,N_pwm150_grab4
11386,-3674,-4180,10294,CN,1,N_pwm150_grab4
11390,-7724,-2082,1180,CN,1,N_pwm150_grab4
11396,-8050,-2026,16146,CN,1,N_pwm150_grab4
11401,-1672,-5908,7690,CN,1,N_pwm150_grab4
11405,-9190,-5206,-1110,CN,1,N_pwm150_grab4
11411,-7658,-706,14352,CN,1,N_pwm150_grab4
11415,-1588,-4190,12012,CN,1,N_pwm150_grab4
11421,3572,2084,13078,CN,1,N_pwm150_grab4
11425,5222,9638,16714,CN,1,N_pwm150_grab4
11430,12404,200,7484,CN,1,N_pwm150_grab4
11436,3446,1280,12554,CN,1,N_pwm150_grab4
11441,3080,7224,13032,CN,1,N_pwm150_grab4
11445,11712,4328,8562,CN,1,N_pwm150_grab4
11450,4160,2460,13358,CN,1,N_pwm150_grab4
11455,6338,7552,13586,CN,1,N_pwm150_grab4
11460,-2252,-6158,4204,CN,1,N_pwm150_grab4
11465,-7014,-7248,13342,CN,1,N_pwm150_grab4
11470,-1800,-4540,8026,CN,1,N_pwm150_grab4
11476,-8420,-3502,-610,CN,1,N_pwm150_grab4
11480,-5914,84,16002,CN,1,N_pwm150_grab4
11486,1556,-4096,7978,CN,1,N_pwm150_grab4
11490,-8626,-6860,186,CN,1,N_pwm150_grab4
11495,-9062,-1244,15142,CN,1,N_pwm150_grab4
11500,990,-326,9660,CN,1,N_pwm150_grab4
11505,2230,836,11000,CN,1,N_pwm150_grab4
11511,2904,10682,16448,CN,1,N_pwm150_grab4
11515,9900,3066,8236,CN,1,N_pwm150_grab4
11520,880,604,10808,CN,1,N_pwm150_grab4
11525,178,4120,11776,CN,1,N_pwm150_grab4
11530,7688,3828,9086,CN,1,N_pwm150_grab4
11535,4118,2360,14414,CN,1,N_pwm150_grab4
11540,4840,5482,10594,CN,1,N_pwm150_grab4
11546,3886,-4306,6478,CN,1,N_pwm150_grab4
11551,-4218,-4186,13820,CN,1,N_pwm150_grab4
11555,-106,-5142,6144,CN,1,N_pwm150_grab4
11561,-6752,-5402,648,CN,1,N_pwm150_grab4
11566,-3678,1462,15178,CN,1,N_pwm150_grab4
11571,2718,-2184,8584,CN,1,N_pwm150_grab4
11576,-5192,-7662,3392,CN,1,N_pwm150_grab4
11580,-7344,-278,13308,CN,1,N_pwm150_grab4
11585,-312,-3406,10776,CN,1,N_pwm150_grab4
11590,-2278,-1528,7048,CN,1,N_pwm150_grab4
11596,-898,9262,14418,CN,1,N_pwm150_grab4
11600,6170,4040,10296,CN,1,N_pwm150_grab4
11607,3686,450,12846,CN,1,N_pwm150_grab4
11611,4548,9280,14380,CN,1,N_pwm150_grab4
11617,12432,3192,7454,CN,1,N_pwm150_grab4
11621,-3896,-774,13372,CN,1,N_pwm150_grab4
11627,2050,1792,11106,CN,1,N_pwm150_grab4
11632,-4194,-5352,3448,CN,1,N_pwm150_grab4
11636,-7808,-8256,12718,CN,1,N_pwm150_grab4
11642,-2592,-2506,10590,CN,1,N_pwm150_grab4
11646,-7594,-1888,1442,CN,1,N_pwm150_grab4
11651,-6284,-1198,16476,CN,1,N_pwm150_grab4
11656,38,-5414,7390,CN,1,N_pwm150_grab4
11662,-3964,-482,5906,CN,1,N_pwm150_grab4
11666,-2690,-490,11428,CN,1,N_pwm150_grab4
11672,2296,-912,7746,CN,1,N_pwm150_grab4
11677,2808,840,11548,CN,1,N_pwm150_grab4
11687,10880,982,7908,CN,1,N_pwm150_grab4
11691,2078,508,10896,CN,1,N_pwm150_grab4
11696,1234,6062,11962,CN,1,N_pwm150_grab4
11702,10586,-1484,8180,CN,1,N_pwm150_grab4
11706,-322,-154,11698,CN,1,N_pwm150_grab4
11712,4028,4952,10344,CN,1,N_pwm150_grab4
11717,1972,-4274,5900,CN,1,N_pwm150_grab4
11721,-4890,-5524,14352,CN,1,N_pwm150_grab4
11727,-926,-5126,7290,CN,1,N_pwm150_grab4
11731,-7648,-4874,130,CN,1,N_pwm150_grab4
11737,-4582,1008,15636,CN,1,N_pwm150_grab4
11741,-3112,-5462,10206,CN,1,N_pwm150_grab4
11746,-6968,-2766,1472,CN,1,N_pwm150_grab4
11752,-6476,-294,13182,CN,1,N_pwm150_grab4
11757,126,-2572,9274,CN,1,N_pwm150_grab4
11762,-898,-1174,7798,CN,1,N_pwm150_grab4
11771,7314,4280,9654,CN,1,N_pwm150_grab4
11776,-2460,208,8260,CN,1,N_pwm150_grab4
11781,4846,9180,14468,CN,1,N_pwm150_grab4
11786,13038,2526,7584,CN,1,N_pwm150_grab4
11792,2910,1528,12448,CN,1,N_pwm150_grab4
11796,6110,6638,11694,CN,1,N_pwm150_grab4
11801,8082,-1844,8186,CN,1,N_pwm150_grab4
11806,-2464,-728,14018,CN,1,N_pwm150_grab4
11812,1668,-4600,4882,CN,1,N_pwm150_grab4
11816,-3172,-7212,2250,CN,1,N_pwm150_grab4
11821,-1884,1760,12696,CN,1,N_pwm150_grab4
11827,-826,-5602,7802,CN,1,N_pwm150_grab4
11831,-9058,-5524,-780,CN,1,N_pwm150_grab4
11837,-7724,-808,14606,CN,1,N_pwm150_grab4
11841,-1762,-4342,12080,CN,1,N_pwm150_grab4
11846,-5300,-2814,4190,CN,1,N_pwm150_grab4
11852,-5024,5648,11828,CN,1,N_pwm150_grab4
11856,2868,4816,12686,CN,1,N_pwm150_grab4
11862,3434,798,11844,CN,1,N_pwm150_grab4
11867,6810,7986,13976,CN,1,N_pwm150_grab4
11872,8196,-2563,2044,CN,1,N_pwm150_grab4
11878,-956,134,12062,CN,1,N_pwm150_grab4
11883,4220,4006,10242,CN,1,N_pwm150_grab4
11887,1034,-5188,5380,CN,1,N_pwm150_grab4
11893,-5560,-5512,13718,CN,1,N_pwm150_grab4
11898,-612,-4992,7040,CN,1,N_pwm150_grab4
11902,-4602,-122,6684,CN,1,N_pwm150_grab4
11908,-7744,-3076,16090,CN,1,N_pwm150_grab4
11912,-3134,-5484,10300,CN,1,N_pwm150_grab4
11918,-7062,-2826,1526,CN,1,N_pwm150_grab4
11922,-5750,-1800,12680,CN,1,N_pwm150_grab4
11928,-124,-2060,10260,CN,1,N_pwm150_grab4
11932,-550,-564,7990,CN,1,N_pwm150_grab4
11938,-122,9866,14964,CN,1,N_pwm150_grab4
11942,11160,-3804,6390,CN,1,N_pwm150_grab4
11948,3874,780,12830,CN,1,N_pwm150_grab4
11952,4656,9026,14478,CN,1,N_pwm150_grab4
11957,12872,2630,7612,CN,1,N_pwm150_grab4
11962,3032,1380,12552,CN,1,N_pwm150_grab4
11967,5996,6812,12300,CN,1,N_pwm150_grab4
11973,8694,-2146,8246,CN,1,N_pwm150_grab4
11978,-1936,-888,13620,CN,1,N_pwm150_grab4
11982,2134,-4442,4540,CN,1,N_pwm150_grab4
11987,-7874,-1674,1042,CN,1,N_pwm150_grab4
11992,-7184,-1128,16238,CN,1,N_pwm150_grab4
11998,-268,-5276,7192,CN,1,N_pwm150_grab4
12002,-8658,-5664,-802,CN,1,N_pwm150_grab4
12007,-8238,-766,15000,CN,1,N_pwm150_grab4
12013,-2062,-4678,11770,CN,1,N_pwm150_grab4
12017,-6074,-2864,3364,CN,1,N_pwm150_grab4
12023,-5102,5486,12196,CN,1,N_pwm150_grab4
12028,10322,1468,7758,CN,1,N_pwm150_grab4
12032,1998,574,11230,CN,1,N_pwm150_grab4
12037,1348,6092,12174,CN,1,N_pwm150_grab4
12043,8666,4382,8740,CN,1,N_pwm150_grab4
12047,4124,2044,14166,CN,1,N_pwm150_grab4
12053,5596,6048,13600,CN,1,N_pwm150_grab4
12058,11548,1412,7742,CN,1,N_pwm150_grab4
12063,2120,3196,14394,CN,1,N_pwm150_grab4
12067,-488,-5010,6794,CN,1,N_pwm150_grab4
12072,-6712,-4878,692,CN,1,N_pwm150_grab4
12077,-3806,1472,15054,CN,1,N_pwm150_grab4
12082,2536,-2624,7798,CN,1,N_pwm150_grab4
12087,-4974,-7494,3370,CN,1,N_pwm150_grab4
12092,-8174,-52,16278,CN,1,N_pwm150_grab4
12098,-494,-3050,10268,CN,1,N_pwm150_grab4
12102,-8650,-5028,526,CN,1,N_pwm150_grab4
12108,-1114,9500,14518,CN,1,N_pwm150_grab4
12113,5536,3840,9894,CN,1,N_pwm150_grab4
12119,3366,292,12376,CN,1,N_pwm150_grab4
12123,4010,9228,14238,CN,1,N_pwm150_grab4
12128,11680,3580,7450,CN,1,N_pwm150_grab4
12134,3896,1410,12506,CN,1,N_pwm150_grab4
12139,6206,6578,12694,CN,1,N_pwm150_grab4
12143,9720,-810,8674,CN,1,N_pwm150_grab4
12149,-7144,-8112,13002,CN,1,N_pwm150_grab4
12154,-1816,-2898,9708,CN,1,N_pwm150_grab4
12160,-7792,-2152,1072,CN,1,N_pwm150_grab4
12163,-5838,-560,16136,CN,1,N_pwm150_grab4
12169,874,-4982,6828,CN,1,N_pwm150_grab4
12173,-7672,-6172,268,CN,1,N_pwm150_grab4
12178,-8592,408,16164,CN,1,N_pwm150_grab4
12184,-1610,-4398,11092,CN,1,N_pwm150_grab4
12188,1522,128,10492,CN,1,N_pwm150_grab4
12193,2552,9620,16056,CN,1,N_pwm150_grab4
12198,8232,1178,7654,CN,1,N_pwm150_grab4
12203,-56,-138,9530,CN,1,N_pwm150_grab4
12208,-600,5060,11432,CN,1,N_pwm150_grab4
12213,6236,4240,9320,CN,1,N_pwm150_grab4
12219,3696,1694,14544,CN,1,N_pwm150_grab4
12223,4484,3536,12250,CN,1,N_pwm150_grab4
12228,5820,-2812,7346,CN,1,N_pwm150_grab4
12233,-3078,-3696,13806,CN,1,N_pwm150_grab4
12238,136,-4548,5860,CN,1,N_pwm150_grab4
12243,-4376,-5534,2098,CN,1,N_pwm150_grab4
12248,-2380,2106,14674,CN,1,N_pwm150_grab4
12254,3774,-1508,8648,CN,1,N_pwm150_grab4
12259,-1694,-7874,4880,CN,1,N_pwm150_grab4
12263,-6988,-10,15606,CN,1,N_pwm150_grab4
12269,-1012,-4118,12144,CN,1,N_pwm150_grab4
12274,-5010,-2820,4712,CN,1,N_pwm150_grab4
12278,-3602,7872,13124,CN,1,N_pwm150_grab4
12283,4446,4152,12460,CN,1,N_pwm150_grab4
12289,-6018,-268,4704,CN,1,N_pwm150_grab4
12293,-6084,-2234,10986,CN,1,N_pwm150_grab4
12299,244,956,13094,CN,1,N_pwm150_grab4
12304,-16,938,10650,CN,1,N_pwm150_grab4
12308,6034,4970,12738,CN,1,N_pwm150_grab4
12313,10338,846,7644,CN,1,N_pwm150_grab4
12318,1434,2054,13912,CN,1,N_pwm150_grab4
12323,4614,-2296,6892,CN,1,N_pwm150_grab4
12328,4140,-7430,4002,CN,1,N_pwm150_grab4
12333,1412,1676,10932,CN,1,N_pwm150_grab4
12339,6894,5120,13156,CN,1,N_pwm150_grab4
12344,7366,-4656,7836,CN,1,N_pwm150_grab4
12349,-8320,294,16496,CN,1,N_pwm150_grab4
12354,-680,-2498,11378,CN,1,N_pwm150_grab4
12359,-8244,-4760,1240,CN,1,N_pwm150_grab4
12364,-8380,424,11900,CN,1,N_pwm150_grab4
12368,-454,2620,16380,CN,1,N_pwm150_grab4
12374,-3546,-210,7532,CN,1,N_pwm150_grab4
12379,-3490,1700,10710,CN,1,N_pwm150_grab4
12384,3128,2848,11888,CN,1,N_pwm150_grab4
12390,3618,1104,12186,CN,1,N_pwm150_grab4
12395,6230,5682,12212,CN,1,N_pwm150_grab4
12399,8892,-620,8364,CN,1,N_pwm150_grab4
12405,-834,-854,14190,CN,1,N_pwm150_grab4
12409,2402,-4000,4706,CN,1,N_pwm150_grab4
12416,-60,-6844,2848,CN,1,N_pwm150_grab4
12419,-340,2560,12188,CN,1,N_pwm150_grab4
12425,6014,1618,10486,CN,1,N_pwm150_grab4
12429,-7422,-5818,624,CN,1,N_pwm150_grab4
12435,-8376,732,16242,CN,1,N_pwm150_grab4
12439,-1440,-4134,11438,CN,1,N_pwm150_grab4
12445,-7308,-3810,1970,CN,1,N_pwm150_grab4
12450,-6988,4402,12066,CN,1,N_pwm150_grab4
12455,1706,3960,15506,CN,1,N_pwm150_grab4
12459,-7170,-1198,2298,CN,1,N_pwm150_grab4
12465,-7202,-4952,13698,CN,1,N_pwm150_grab4
12469,5838,4060,9756,CN,1,N_pwm150_grab4
12474,3682,1508,14690,CN,1,N_pwm150_grab4
12479,4474,2534,11792,CN,1,N_pwm150_grab4
12485,9936,1580,7586,CN,1,N_pwm150_grab4
12490,3276,4280,14482,CN,1,N_pwm150_grab4
12494,6808,544,12234,CN,1,N_pwm150_grab4
12499,7578,-6656,5038,CN,1,N_pwm150_grab4
12505,3208,320,11680,CN,1,N_pwm150_grab4
12510,4174,-856,8898,CN,1,N_pwm150_grab4
12515,-844,-7764,4992,CN,1,N_pwm150_grab4
12519,-6454,-94,15470,CN,1,N_pwm150_grab4
12525,1148,-540,12160,CN,1,N_pwm150_grab4
12529,-7378,-5150,2114,CN,1,N_pwm150_grab4
12535,-8610,-4710,11564,CN,1,N_pwm150_grab4
12540,-2250,276,13374,CN,1,N_pwm150_grab4
12544,-5168,-4930,1786,CN,1,N_pwm150_grab4
12549,-7394,-2972,16816,CN,1,N_pwm150_grab4
12555,-536,128,13114,CN,1,N_pwm150_grab4
12559,-1430,722,9726,CN,1,N_pwm150_grab4
12564,-276,-706,10878,CN,1,N_pwm150_grab4
12569,4124,30,7100,CN,1,N_pwm150_grab4
12575,3106,2800,13334,CN,1,N_pwm150_grab4
12580,5582,7184,16830,CN,1,N_pwm150_grab4
12584,10234,-1478,6902,CN,1,N_pwm150_grab4
12590,2834,-46,11354,CN,1,N_pwm150_grab4
12594,6950,6444,13766,CN,1,N_pwm150_grab4
12599,8422,-3400,7932,CN,1,N_pwm150_grab4
12604,-1332,-860,11786,CN,1,N_pwm150_grab4
12609,3174,4368,10174,CN,1,N_pwm150_grab4
12615,976,-4112,5492,CN,1,N_pwm150_grab4
12619,-5068,-7146,13818,CN,1,N_pwm150_grab4
12624,-1550,-3896,8320,CN,1,N_pwm150_grab4
12631,-6846,-3400,1628,CN,1,N_pwm150_grab4
12636,-4930,-568,10650,CN,1,N_pwm150_grab4
12641,1484,1880,12226,CN,1,N_pwm150_grab4
12646,1238,1268,12198,CN,1,N_pwm150_grab4
12651,1522,14,10934,CN,1,N_pwm150_grab4
12655,6712,396,6990,CN,1,N_pwm150_grab4
12661,3680,4310,14426,CN,2,N_pwm150_grab4
12665,7058,5176,16292,CN,2,N_pwm150_grab4
12672,9942,-3700,5518,CN,2,N_pwm150_grab4
12676,786,1828,11102,CN,2,N_pwm150_grab4
12680,6734,3988,12136,CN,2,N_pwm150_grab4
12686,5740,-5398,7392,CN,2,N_pwm150_grab4
12690,-3504,-810,12868,CN,2,N_pwm150_grab4
12695,2158,2594,10810,CN,2,N_pwm150_grab4
12700,-2824,-4994,4150,CN,2,N_pwm150_grab4
12706,-6360,-8102,13306,CN,2,N_pwm150_grab4
12710,-1774,-2720,10066,CN,2,N_pwm150_grab4
12715,-7418,-2106,1786,CN,2,N_pwm150_grab4
12720,-7396,-4952,14946,CN,2,N_pwm150_grab4
12725,-2884,-3642,12132,CN,2,N_pwm150_grab4
12730,-5690,-796,4160,CN,2,N_pwm150_grab4
12735,-4688,-158,12238,CN,2,N_pwm150_grab4
12741,1204,-2370,8916,CN,2,N_pwm150_grab4
12745,366,-534,9396,CN,2,N_pwm150_grab4
12750,1180,9870,15112,CN,2,N_pwm150_grab4
12755,9080,-5552,5126,CN,2,N_pwm150_grab4
12761,3552,-72,12346,CN,2,N_pwm150_grab4
12766,5538,9452,15068,CN,2,N_pwm150_grab4
12770,11524,1428,7060,CN,2,N_pwm150_grab4
12775,2770,688,11440,CN,2,N_pwm150_grab4
12780,5788,5960,11198,CN,2,N_pwm150_grab4
12786,7280,-1474,7874,CN,2,N_pwm150_grab4
12790,-2202,-2226,13940,CN,2,N_pwm150_grab4
12795,-2088,-1284,11428,CN,2,N_pwm150_grab4
12800,-1774,-6346,2574,CN,2,N_pwm150_grab4
12806,-6142,-1180,16820,CN,2,N_pwm150_grab4
12810,-58,-5434,7222,CN,2,N_pwm150_grab4
12816,-7666,-5140,96,CN,2,N_pwm150_grab4
12820,-8300,942,16014,CN,2,N_pwm150_grab4
12825,-1142,-4318,11612,CN,2,N_pwm150_grab4
12830,-6626,-3492,3010,CN,2,N_pwm150_grab4
12836,3064,9334,15982,CN,2,N_pwm150_grab4
12841,8612,598,7674,CN,2,N_pwm150_grab4
12845,328,140,9828,CN,2,N_pwm150_grab4
12850,-192,5214,11062,CN,2,N_pwm150_grab4
12856,6478,4156,9090,CN,2,N_pwm150_grab4
12860,3838,1400,14506,CN,2,N_pwm150_grab4
12865,5028,2950,12104,CN,2,N_pwm150_grab4
12870,9834,1576,7684,CN,2,N_pwm150_grab4
12876,-3316,-3880,14146,CN,2,N_pwm150_grab4
12880,-144,-4748,5786,CN,2,N_pwm150_grab4
12886,-4222,-5552,1942,CN,2,N_pwm150_grab4
12892,-6872,-2178,16976,CN,2,N_pwm150_grab4
12897,-1416,-5402,8126,CN,2,N_pwm150_grab4
12901,-7598,-4086,-236,CN,2,N_pwm150_grab4
12906,-7970,906,15506,CN,2,N_pwm150_grab4
12911,-838,-4080,11756,CN,2,N_pwm150_grab4
12917,2830,1992,12640,CN,2,N_pwm150_grab4
12922,4752,8158,16714,CN,2,N_pwm150_grab4
12928,9630,-706,7240,CN,2,N_pwm150_grab4
12932,1948,80,10864,CN,2,N_pwm150_grab4
12936,1568,7046,11984,CN,2,N_pwm150_grab4
12942,8722,3976,8378,CN,2,N_pwm150_grab4
12947,4162,1442,14200,CN,2,N_pwm150_grab4
12951,5884,4056,12634,CN,2,N_pwm150_grab4
12956,2988,-3670,6230,CN,2,N_pwm150_grab4
12961,-4156,-5938,13924,CN,2,N_pwm150_grab4
12966,-1244,-4242,7172,CN,2,N_pwm150_grab4
12972,5314,-7360,4450,CN,2,N_pwm150_grab4
12976,-3518,1518,15452,CN,2,N_pwm150_grab4
12982,2394,-2898,7708,CN,2,N_pwm150_grab4
12987,-3652,-7768,3322,CN,2,N_pwm150_grab4
12992,-7156,402,16462,CN,2,N_pwm150_grab4
12996,-426,-3652,11208,CN,2,N_pwm150_grab4
13001,-3672,-2250,6006,CN,2,N_pwm150_grab4
13007,-2404,8922,13372,CN,2,N_pwm150_grab4
13012,5194,3958,11578,CN,2,N_pwm150_grab4
13017,-5076,170,6106,CN,2,N_pwm150_grab4
13021,-5192,-1188,10934,CN,2,N_pwm150_grab4
13026,1144,1506,12686,CN,2,N_pwm150_grab4
13031,362,1204,11496,CN,2,N_pwm150_grab4
13037,6284,4808,12588,CN,2,N_pwm150_grab4
13041,9842,532,7784,CN,2,N_pwm150_grab4
13047,928,1726,13688,CN,2,N_pwm150_grab4
13051,4452,-2662,6374,CN,2,N_pwm150_grab4
13056,9718,-2890,6056,CN,2,N_pwm150_grab4
13062,1340,1296,10968,CN,2,N_pwm150_grab4
13067,6822,5052,12612,CN,2,N_pwm150_grab4
13072,6754,-4724,7604,CN,2,N_pwm150_grab4
13077,-7848,492,16730,CN,2,N_pwm150_grab4
13081,-486,-2448,11564,CN,2,N_pwm150_grab4
13086,-7830,-4810,1246,CN,2,N_pwm150_grab4
13091,-8130,-80,12068,CN,2,N_pwm150_grab4
13097,-706,2488,16112,CN,2,N_pwm150_grab4
13101,-6804,-2658,1902,CN,2,N_pwm150_grab4
13107,-7648,-4602,15628,CN,2,N_pwm150_grab4
13111,-2880,-4314,11074,CN,2,N_pwm150_grab4
13117,1782,1304,12854,CN,2,N_pwm150_grab4
13121,2062,614,10628,CN,2,N_pwm150_grab4
13127,7362,876,7454,CN,2,N_pwm150_grab4
13132,3694,4578,14794,CN,2,N_pwm150_grab4
13136,7218,4164,15786,CN,2,N_pwm150_grab4
13142,9470,-4424,5278,CN,2,N_pwm150_grab4
13147,378,2012,11416,CN,2,N_pwm150_grab4
13153,6436,3176,11500,CN,2,N_pwm150_grab4
13157,-6346,-6456,1256,CN,2,N_pwm150_grab4
13162,-8324,636,16530,CN,2,N_pwm150_grab4
13167,-1144,-3438,11140,CN,2,N_pwm150_grab4
13172,-7810,-4378,1168,CN,2,N_pwm150_grab4
13177,-7716,2102,12240,CN,2,N_pwm150_grab4
13184,294,3464,16634,CN,2,N_pwm150_grab4
13187,-7008,-1722,1948,CN,2,N_pwm150_grab4
13192,-7500,-5008,15030,CN,2,N_pwm150_grab4
13197,-2678,-3326,12494,CN,2,N_pwm150_grab4
13202,2698,1310,13958,CN,2,N_pwm150_grab4
13208,3302,1458,10982,CN,2,N_pwm150_grab4
13212,8566,1476,7918,CN,2,N_pwm150_grab4
13217,3640,4720,14958,CN,2,N_pwm150_grab4
13222,7270,2694,14848,CN,2,N_pwm150_grab4
13228,6930,2206,8228,CN,2,N_pwm150_grab4
13233,3468,-108,12244,CN,2,N_pwm150_grab4
13238,5642,9476,15058,CN,2,N_pwm150_grab4
13242,3182,-6946,6190,CN,2,N_pwm150_grab4
13247,-4652,-482,13876,CN,2,N_pwm150_grab4
13252,1360,1282,11572,CN,2,N_pwm150_grab4
13257,-4814,-5302,3200,CN,2,N_pwm150_grab4
13262,-7554,-7592,12416,CN,2,N_pwm150_grab4
13271,3824,196,2311,CN,2,N_pwm150_grab4
13273,-7122,-1204,2258,CN,2,N_pwm150_grab4
13277,-5920,-1246,16622,CN,2,N_pwm150_grab4
13282,-2098,-2068,13506,CN,2,N_pwm150_grab4
13287,-4656,-18,6294,CN,2,N_pwm150_grab4
13293,-2910,-610,11378,CN,2,N_pwm150_grab4
13297,2334,-1362,8422,CN,2,N_pwm150_grab4
13303,1688,598,10944,CN,2,N_pwm150_grab4
13307,2748,9492,15832,CN,2,N_pwm150_grab4
13312,2246,4228,15442,CN,2,N_pwm150_grab4
13317,-52,68,9722,CN,2,N_pwm150_grab4
13322,6202,8802,15302,CN,2,N_pwm150_grab4
13328,10596,-228,6794,CN,2,N_pwm150_grab4
13333,1938,12,10902,CN,2,N_pwm150_grab4
13338,5118,6040,10414,CN,2,N_pwm150_grab4
13342,5898,-2488,7396,CN,2,N_pwm150_grab4
13347,-2798,-3662,13922,CN,2,N_pwm150_grab4
13353,224,-4716,5550,CN,2,N_pwm150_grab4
13358,7400,-6788,5120,CN,2,N_pwm150_grab4
13362,-6728,-2376,16788,CN,2,N_pwm150_grab4
13367,-1038,-5310,7878,CN,2,N_pwm150_grab4
13372,-7542,-4174,-374,CN,2,N_pwm150_grab4
13377,-8230,1044,16004,CN,2,N_pwm150_grab4
13382,-1068,-4306,11982,CN,2,N_pwm150_grab4
13388,-5800,-3260,3926,CN,2,N_pwm150_grab4
13393,-4750,6686,12346,CN,2,N_pwm150_grab4
13398,3570,4390,14158,CN,2,N_pwm150_grab4
13403,2854,454,11374,CN,2,N_pwm150_grab4
13408,6682,7712,14946,CN,2,N_pwm150_grab4
13414,9684,-1840,7246,CN,2,N_pwm150_grab4
13418,766,-526,11040,CN,2,N_pwm150_grab4
13423,4364,5370,9868,CN,2,N_pwm150_grab4
13429,3922,-3112,6690,CN,2,N_pwm150_grab4
13433,-3646,-5054,13898,CN,2,N_pwm150_grab4
13438,-748,-4368,6410,CN,2,N_pwm150_grab4
13443,-5274,-4756,1712,CN,2,N_pwm150_grab4
13448,-7498,-3312,16422,CN,2,N_pwm150_grab4
13453,-2304,-5070,8782,CN,2,N_pwm150_grab4
13459,-7554,-3060,-394,CN,2,N_pwm150_grab4
13463,-7732,842,15104,CN,2,N_pwm150_grab4
13469,-772,-3996,11998,CN,2,N_pwm150_grab4
13473,-4400,-2640,5378,CN,2,N_pwm150_grab4
13479,-3162,8230,13226,CN,2,N_pwm150_grab4
13483,4876,4148,12424,CN,2,N_pwm150_grab4
13489,2568,60,11288,CN,2,N_pwm150_grab4
13493,2670,8478,12984,CN,2,N_pwm150_grab4
13499,9724,3950,8118,CN,2,N_pwm150_grab4
13503,4192,1382,13406,CN,2,N_pwm150_grab4
13508,6076,4634,12774,CN,2,N_pwm150_grab4
13513,10166,956,7618,CN,2,N_pwm150_grab4
13519,1642,2180,13742,CN,2,N_pwm150_grab4
13524,-1554,-3822,7690,CN,2,N_pwm150_grab4
13528,4672,-7454,4116,CN,2,N_pwm150_grab4
13533,-3628,854,15596,CN,2,N_pwm150_grab4
13539,1762,-3640,6964,CN,2,N_pwm150_grab4
13544,-4614,-7490,2738,CN,2,N_pwm150_grab4
13549,-7648,438,16602,CN,2,N_pwm150_grab4
13553,-124,-2062,11456,CN,2,N_pwm150_grab4
13558,-8058,-5130,1054,CN,2,N_pwm150_grab4
13564,-1576,9182,13894,CN,2,N_pwm150_grab4
13568,-1300,1894,15702,CN,2,N_pwm150_grab4
13574,-4718,102,6670,CN,2,N_pwm150_grab4
13579,-4508,396,10864,CN,2,N_pwm150_grab4
13583,2312,2312,12574,CN,2,N_pwm150_grab4
13588,1194,1212,12392,CN,2,N_pwm150_grab4
13593,1556,276,10710,CN,2,N_pwm150_grab4
13598,6666,550,7078,CN,2,N_pwm150_grab4
13603,556,842,13948,CN,2,N_pwm150_grab4
13609,4000,-3062,5398,CN,2,N_pwm150_grab4
13614,9620,-3784,5664,CN,2,N_pwm150_grab4
13618,854,1836,11186,CN,2,N_pwm150_grab4
13623,6568,3690,11682,CN,2,N_pwm150_grab4
13628,5938,-5784,7272,CN,2,N_pwm150_grab4
13633,-2984,-852,12908,CN,2,N_pwm150_grab4
13638,2250,2650,11078,CN,2,N_pwm150_grab4
13644,-8020,-4436,960,CN,2,N_pwm150_grab4
13648,-8048,1226,12158,CN,2,N_pwm150_grab4
13654,-288,3046,16880,CN,2,N_pwm150_grab4
13659,-3204,8,7888,CN,2,N_pwm150_grab4
13664,-3130,2444,10834,CN,2,N_pwm150_grab4
13669,3612,3296,11374,CN,2,N_pwm150_grab4
13674,2404,1330,13666,CN,2,N_pwm150_grab4
13679,2802,1402,10888,CN,2,N_pwm150_grab4
13684,8564,-674,8198,CN,2,N_pwm150_grab4
13689,-696,-982,14136,CN,2,N_pwm150_grab4
13696,2656,-4190,4734,CN,2,N_pwm150_grab4
13699,9174,-5288,4996,CN,2,N_pwm150_grab4
13705,-38,2236,12278,CN,2,N_pwm150_grab4
13709,5986,1436,10208,CN,2,N_pwm150_grab4
13714,3744,-6830,6420,CN,2,N_pwm150_grab4
13719,-4408,-318,13736,CN,2,N_pwm150_grab4
13725,-1450,-4209,-1,CN,2,N_pwm150_grab4
13729,-7566,-3934,1444,CN,2,N_pwm150_grab4
13734,-7022,3956,12380,CN,2,N_pwm150_grab4
13739,-1720,-1444,11120,CN,2,N_pwm150_grab4
13744,-7336,-1218,2070,CN,2,N_pwm150_grab4
13750,-7506,-5196,14024,CN,2,N_pwm150_grab4
13755,-2292,-2028,14148,CN,2,N_pwm150_grab4
13760,-4682,-22,6188,CN,2,N_pwm150_grab4
13765,4298,2566,11806,CN,2,N_pwm150_grab4
13769,9343,-1,-1,CN,2,N_pwm150_grab4
13774,3600,4470,14806,CN,2,N_pwm150_grab4
13780,6882,1160,13258,CN,2,N_pwm150_grab4
13785,8038,1058,7662,CN,2,N_pwm150_grab4
13790,3230,200,11730,CN,2,N_pwm150_grab4
13794,6212,8888,15302,CN,2,N_pwm150_grab4
13799,10674,-232,7022,CN,2,N_pwm150_grab4
13804,1898,-66,10948,CN,2,N_pwm150_grab4
13810,1266,14,11698,CN,2,N_pwm150_grab4
13814,-6326,-5330,2610,CN,2,N_pwm150_grab4
13819,-8498,-6172,11908,CN,2,N_pwm150_grab4
13824,418,-4530,5306,CN,2,N_pwm150_grab4
13829,-3580,-5708,2012,CN,2,N_pwm150_grab4
13835,-6926,-2510,16560,CN,2,N_pwm150_grab4
13840,-1134,-5256,7786,CN,2,N_pwm150_grab4
13845,-7776,-4082,-504,CN,2,N_pwm150_grab4
13850,-1610,-1068,11028,CN,2,N_pwm150_grab4
13854,2858,-376,7050,CN,2,N_pwm150_grab4
13859,2654,1966,12402,CN,2,N_pwm150_grab4
13865,4656,8506,16744,CN,2,N_pwm150_grab4
13869,3792,4302,13868,CN,2,N_pwm150_grab4
13874,1610,112,10720,CN,2,N_pwm150_grab4
13880,1348,7506,12214,CN,2,N_pwm150_grab4
13885,8120,4228,8184,CN,2,N_pwm150_grab4
13889,354,-636,11248,CN,2,N_pwm150_grab4
13894,4472,5148,10074,CN,2,N_pwm150_grab4
13899,3612,-3568,6734,CN,2,N_pwm150_grab4
13905,-3676,-5628,13490,CN,2,N_pwm150_grab4
13911,-970,-4170,6508,CN,2,N_pwm150_grab4
13915,-5152,-4330,1878,CN,2,N_pwm150_grab4
13921,-7570,-3662,16388,CN,2,N_pwm150_grab4
13926,-2334,-4876,8814,CN,2,N_pwm150_grab4
13931,-790,986,10464,CN,2,N_pwm150_grab4
13935,-382,-628,10622,CN,2,N_pwm150_grab4
13940,4164,448,6852,CN,2,N_pwm150_grab4
13945,3138,3348,13692,CN,2,N_pwm150_grab4
13950,5882,6878,16892,CN,2,N_pwm150_grab4
13955,4966,3950,11834,CN,2,N_pwm150_grab4
13960,2558,-66,11440,CN,2,N_pwm150_grab4
13966,2978,8726,13284,CN,2,N_pwm150_grab4
13971,8056,-4040,7780,CN,2,N_pwm150_grab4
13976,-1172,-960,12044,CN,2,N_pwm150_grab4
13980,3380,3914,10290,CN,2,N_pwm150_grab4
13986,778,-4468,5730,CN,2,N_pwm150_grab4
13991,-4810,-7004,13502,CN,2,N_pwm150_grab4
13996,4806,-2502,6962,CN,2,N_pwm150_grab4
14001,4308,-7440,4092,CN,2,N_pwm150_grab4
14005,-3736,692,15506,CN,2,N_pwm150_grab4
14015,-7036,-1662,1132,CN,2,N_pwm150_grab4
14020,-6530,108,13632,CN,2,N_pwm150_grab4
14025,244,-3420,11324,CN,2,N_pwm150_grab4
14031,-2242,-1612,7258,CN,2,N_pwm150_grab4
14035,-1280,9422,13938,CN,2,N_pwm150_grab4
14041,-1384,2110,16142,CN,2,N_pwm150_grab4
14046,-4410,154,7050,CN,2,N_pwm150_grab4
14051,4276,9404,14160,CN,2,N_pwm150_grab4
14056,10620,3414,7794,CN,2,N_pwm150_grab4
14061,3974,1082,12490,CN,2,N_pwm150_grab4
14066,6124,5804,12690,CN,2,N_pwm150_grab4
14070,9386,2,8166,CN,2,N_pwm150_grab4
14075,274,348,13956,CN,2,N_pwm150_grab4
14080,6760,4724,15770,CN,2,N_pwm150_grab4
14086,9680,-4134,5590,CN,2,N_pwm150_grab4
14090,-4450,34,15696,CN,2,N_pwm150_grab4
14095,856,-4514,6520,CN,2,N_pwm150_grab4
14100,-6004,-6542,1688,CN,2,N_pwm150_grab4
14106,-8364,492,16642,CN,2,N_pwm150_grab4
14110,-860,-3310,10304,CN,2,N_pwm150_grab4
14116,-8026,-4338,716,CN,2,N_pwm150_grab4
14120,-7714,1620,12344,CN,2,N_pwm150_grab4
14131,-3008,12,8172,CN,2,N_pwm150_grab4
14136,-3048,2506,10740,CN,2,N_pwm150_grab4
14141,3594,3338,11010,CN,2,N_pwm150_grab4
14145,2450,1426,13608,CN,2,N_pwm150_grab4
14151,3002,1858,11226,CN,2,N_pwm150_grab4
14155,8234,1920,8108,CN,2,N_pwm150_grab4
14161,3814,4616,14986,CN,2,N_pwm150_grab4
14166,7028,3146,15022,CN,2,N_pwm150_grab4
14172,244,-7002,3020,CN,2,N_pwm150_grab4
14176,-5428,-606,15990,CN,2,N_pwm150_grab4
14181,446,-5060,6660,CN,2,N_pwm150_grab4
14187,-6796,-5816,698,CN,2,N_pwm150_grab4
14192,-8584,598,16552,CN,2,N_pwm150_grab4
14197,-1482,-4360,10528,CN,2,N_pwm150_grab4
14202,-7642,-3834,1232,CN,2,N_pwm150_grab4
14206,-6820,3288,12218,CN,2,N_pwm150_grab4
14211,1116,3774,16892,CN,2,N_pwm150_grab4
14216,-1360,62,9188,CN,2,N_pwm150_grab4
14221,-1816,3790,10774,CN,2,N_pwm150_grab4
14227,4500,3904,9630,CN,2,N_pwm150_grab4
14232,3134,1500,14290,CN,2,N_pwm150_grab4
14236,4054,2762,11926,CN,2,N_pwm150_grab4
14241,9292,2298,8064,CN,2,N_pwm150_grab4
14246,3668,4394,14798,CN,2,N_pwm150_grab4
14252,6816,1556,13772,CN,2,N_pwm150_grab4
14257,8518,-6342,5142,CN,2,N_pwm150_grab4
14262,-950,2104,13328,CN,2,N_pwm150_grab4
14266,5062,168,9590,CN,2,N_pwm150_grab4
14271,1540,-7578,5856,CN,2,N_pwm150_grab4
14276,-5262,68,14422,CN,2,N_pwm150_grab4
14281,1364,-154,11102,CN,2,N_pwm150_grab4
14286,-5886,-5696,2624,CN,2,N_pwm150_grab4
14291,-5516,5450,12506,CN,2,N_pwm150_grab4
14297,-1858,-600,11702,CN,2,N_pwm150_grab4
14301,-7120,-520,2728,CN,2,N_pwm150_grab4
14306,-6996,-4442,13004,CN,2,N_pwm150_grab4
14311,-1542,-1224,14482,CN,2,N_pwm150_grab4
14317,-3300,298,7952,CN,2,N_pwm150_grab4
14322,-2016,-1154,10976,CN,2,N_pwm150_grab4
14326,2376,-286,7648,CN,2,N_pwm150_grab4
14332,3280,3516,14404,CN,2,N_pwm150_grab4
14337,3776,8950,16392,CN,2,N_pwm150_grab4
14341,8546,92,7334,CN,2,N_pwm150_grab4
14347,3104,156,11418,CN,2,N_pwm150_grab4
14351,6468,8070,15050,CN,2,N_pwm150_grab4
14356,10274,-1242,7368,CN,2,N_pwm150_grab4
14362,988,-424,11376,CN,2,N_pwm150_grab4
14366,4932,5414,10278,CN,2,N_pwm150_grab4
14371,-7308,-5752,1682,CN,2,N_pwm150_grab4
14377,-8628,-5032,11982,CN,2,N_pwm150_grab4
14381,-270,-4430,5630,CN,2,N_pwm150_grab4
14387,-4180,-4790,2062,CN,2,N_pwm150_grab4
14391,-7378,-2404,16842,CN,2,N_pwm150_grab4
14397,-1390,-5038,7944,CN,2,N_pwm150_grab4
14401,-7658,-3600,-642,CN,2,N_pwm150_grab4
14406,-7766,122,15070,CN,2,N_pwm150_grab4
14412,3004,508,7272,CN,2,N_pwm150_grab4
14416,2768,2606,13188,CN,2,N_pwm150_grab4
14423,4664,8022,16750,CN,2,N_pwm150_grab4
14427,9192,-764,6970,CN,2,N_pwm150_grab4
14432,2630,344,11094,CN,2,N_pwm150_grab4
14438,6670,6908,14580,CN,2,N_pwm150_grab4
14443,9200,-2652,7600,CN,2,N_pwm150_grab4
14447,42,-640,11686,CN,2,N_pwm150_grab4
14453,966,-2130,10848,CN,2,N_pwm150_grab4
14457,-7966,-5684,950,CN,2,N_pwm150_grab4
14462,-8546,-3696,11970,CN,2,N_pwm150_grab4
14468,-874,-4286,6558,CN,2,N_pwm150_grab4
14472,-5468,-4020,1776,CN,2,N_pwm150_grab4
14478,-7782,-3266,16676,CN,2,N_pwm150_grab4
14482,-2258,-4900,8614,CN,2,N_pwm150_grab4
14487,-7474,-2802,-262,CN,2,N_pwm150_grab4
14492,-7084,-360,14390,CN,2,N_pwm150_grab4
14498,4044,1096,7344,CN,2,N_pwm150_grab4
14502,3162,3328,14198,CN,2,N_pwm150_grab4
14507,-2732,8738,13688,CN,2,N_pwm150_grab4
14512,4478,4154,11830,CN,2,N_pwm150_grab4
14517,2552,-96,11236,CN,2,N_pwm150_grab4
14523,2716,8304,12994,CN,2,N_pwm150_grab4
14527,9268,3926,8082,CN,2,N_pwm150_grab4
14532,4196,1308,13522,CN,2,N_pwm150_grab4
14537,3994,3794,10420,CN,2,N_pwm150_grab4
14543,1336,-4946,5732,CN,2,N_pwm150_grab4
14547,-5030,-6536,12974,CN,2,N_pwm150_grab4
14553,4952,-2536,7888,CN,2,N_pwm150_grab4
14557,4742,-7672,4264,CN,2,N_pwm150_grab4
14562,-3460,1130,15166,CN,2,N_pwm150_grab4
14568,1942,-3168,6892,CN,2,N_pwm150_grab4
14573,-4072,-7368,3020,CN,2,N_pwm150_grab4
14580,-4072,-7368,3020,CN,2,N_pwm150_grab4
14583,-260,-3422,12202,CN,2,N_pwm150_grab4
14587,-2898,-1322,6958,CN,2,N_pwm150_grab4
14592,-7988,-2000,12120,CN,2,N_pwm150_grab4
14597,-1474,1782,15428,CN,2,N_pwm150_grab4
14603,-4836,278,6812,CN,2,N_pwm150_grab4
14608,-4708,-744,11020,CN,2,N_pwm150_grab4
14613,1610,1738,12746,CN,2,N_pwm150_grab4
14618,4268,1124,13258,CN,2,N_pwm150_grab4
14623,5702,6514,13380,CN,2,N_pwm150_grab4
14628,10150,382,7640,CN,2,N_pwm150_grab4
14633,1102,900,13652,CN,2,N_pwm150_grab4
14638,5884,5864,16106,CN,2,N_pwm150_grab4
14643,10392,-3246,6078,CN,2,N_pwm150_grab4
14647,1276,1128,11212,CN,2,N_pwm150_grab4
14652,6772,4460,12652,CN,2,N_pwm150_grab4
14657,-5246,-7018,2456,CN,2,N_pwm150_grab4
14663,-8186,-50,16500,CN,2,N_pwm150_grab4
14668,-332,-3828,9720,CN,2,N_pwm150_grab4
14672,-8298,-4832,-68,CN,2,N_pwm150_grab4
14679,-7528,-632,12350,CN,2,N_pwm150_grab4
14688,-4072,312,7674,CN,2,N_pwm150_grab4
14694,-4064,528,10876,CN,2,N_pwm150_grab4
14699,10780,3244,7914,CN,2,N_pwm150_grab4
14703,4042,936,12898,CN,2,N_pwm150_grab4
14708,5834,6828,13278,CN,2,N_pwm150_grab4
14713,9740,-184,7684,CN,2,N_pwm150_grab4
14720,450,684,13644,CN,2,N_pwm150_grab4
14723,6080,5514,15938,CN,2,N_pwm150_grab4
14729,10424,-3820,5794,CN,2,N_pwm150_grab4
14734,912,1226,11426,CN,2,N_pwm150_grab4
14739,1176,-4078,6760,CN,2,N_pwm150_grab4
14743,-6352,-6604,1766,CN,2,N_pwm150_grab4
14748,-8268,-134,16404,CN,2,N_pwm150_grab4
14754,-936,-4352,9912,CN,2,N_pwm150_grab4
14759,-8184,-4440,120,CN,2,N_pwm150_grab4
14763,-6602,-7804,13150,CN,2,N_pwm150_grab4
14768,-1386,-3474,8770,CN,2,N_pwm150_grab4
14773,-7626,-2354,882,CN,2,N_pwm150_grab4
14779,-3430,1754,10860,CN,2,N_pwm150_grab4
14783,2592,2842,10820,CN,2,N_pwm150_grab4
14788,2194,1456,12846,CN,2,N_pwm150_grab4
14793,2266,2700,11228,CN,2,N_pwm150_grab4
14799,8226,2656,8590,CN,2,N_pwm150_grab4
14804,3910,4294,15352,CN,2,N_pwm150_grab4
14808,-42,10234,14554,CN,2,N_pwm150_grab4
14813,5974,3576,9422,CN,2,N_pwm150_grab4
14818,328,1624,11726,CN,2,N_pwm150_grab4
14823,6726,2714,11190,CN,2,N_pwm150_grab4
14828,4802,-6192,7026,CN,2,N_pwm150_grab4
14833,-3944,44,13260,CN,2,N_pwm150_grab4
14838,2064,538,10446,CN,2,N_pwm150_grab4
14843,-4144,-6210,3524,CN,2,N_pwm150_grab4
14848,-936,-446,13390,CN,2,N_pwm150_grab4
14853,3216,-4078,4716,CN,2,N_pwm150_grab4
14858,-7654,-1884,1098,CN,2,N_pwm150_grab4
14863,-6610,-4864,14760,CN,2,N_pwm150_grab4
14868,-2952,-3030,13516,CN,2,N_pwm150_grab4
14873,-5222,-576,4978,CN,2,N_pwm150_grab4
14879,-4270,-1632,11764,CN,2,N_pwm150_grab4
14884,952,-956,9624,CN,2,N_pwm150_grab4
14889,626,598,9702,CN,2,N_pwm150_grab4
14894,-6476,2324,12008,CN,2,N_pwm150_grab4
14898,7090,3012,8886,CN,2,N_pwm150_grab4
14904,3790,-48,12400,CN,2,N_pwm150_grab4
14908,4888,9298,14810,CN,2,N_pwm150_grab4
14913,11670,1206,7070,CN,2,N_pwm150_grab4
14918,2798,330,11724,CN,2,N_pwm150_grab4
14923,6064,6602,12040,CN,2,N_pwm150_grab4
14928,7774,-2336,8158,CN,2,N_pwm150_grab4
14934,-1906,-1716,13082,CN,2,N_pwm150_grab4
14939,-2016,-2390,10602,CN,2,N_pwm150_grab4
14944,-7370,-1158,1972,CN,2,N_pwm150_grab4
14949,-6576,-4858,13932,CN,2,N_pwm150_grab4
14955,-2418,-2010,14520,CN,2,N_pwm150_grab4
14959,-4274,-116,6300,CN,2,N_pwm150_grab4
14965,-3642,-1540,11284,CN,2,N_pwm150_grab4
14969,1272,-278,9308,CN,2,N_pwm150_grab4
14974,1526,1050,11134,CN,2,N_pwm150_grab4
14985,8164,2198,8400,CN,2,N_pwm150_grab4
14990,3644,-132,12380,CN,2,N_pwm150_grab4
14994,5520,8848,15010,CN,2,N_pwm150_grab4
15000,11146,38,6854,CN,2,N_pwm150_grab4
15005,2028,178,11436,CN,2,N_pwm150_grab4
15009,5914,6382,11350,CN,2,N_pwm150_grab4
15015,6442,-3146,7392,CN,2,N_pwm150_grab4
15019,3462,4178,15306,CN,2,N_pwm150_grab4
15024,1180,-4892,4800,CN,2,N_pwm150_grab4
15030,-3114,-6650,1916,CN,2,N_pwm150_grab4
15034,-7098,-1970,16640,CN,2,N_pwm150_grab4
15039,-602,-5396,7596,CN,2,N_pwm150_grab4
15044,-8052,-4568,-694,CN,2,N_pwm150_grab4
15049,-7472,-550,15412,CN,2,N_pwm150_grab4
15055,-1866,-4644,11868,CN,2,N_pwm150_grab4
15060,2504,1450,12408,CN,2,N_pwm150_grab4
15065,-5328,5340,11904,CN,2,N_pwm150_grab4
15070,2138,4554,14298,CN,2,N_pwm150_grab4
15074,690,714,10622,CN,2,N_pwm150_grab4
15079,258,6570,11710,CN,2,N_pwm150_grab4
15084,7084,4452,9012,CN,2,N_pwm150_grab4
15090,4078,1416,14474,CN,2,N_pwm150_grab4
15095,4844,5958,13098,CN,2,N_pwm150_grab4
15100,11290,2178,7480,CN,2,N_pwm150_grab4
15105,2930,3822,14888,CN,2,N_pwm150_grab4
15109,6986,120,11864,CN,2,N_pwm150_grab4
15114,7060,-7562,5144,CN,2,N_pwm150_grab4
15120,-2384,1422,14006,CN,2,N_pwm150_grab4
15125,3606,-1716,7796,CN,2,N_pwm150_grab4
15129,-1934,-7866,4342,CN,2,N_pwm150_grab4
15134,-6698,154,16272,CN,2,N_pwm150_grab4
15140,822,-2606,10352,CN,2,N_pwm150_grab4
15144,-4672,-2024,4974,CN,2,N_pwm150_grab4
15150,-7906,-6184,11968,CN,2,N_pwm150_grab4
15154,-2660,-496,13470,CN,2,N_pwm150_grab4
15160,-6084,144,4698,CN,2,N_pwm150_grab4
15164,-6264,-1792,11768,CN,2,N_pwm150_grab4
15169,-268,850,13932,CN,2,N_pwm150_grab4
15175,-1034,908,9582,CN,2,N_pwm150_grab4
15179,-890,78,10358,CN,2,N_pwm150_grab4
15185,11072,1474,7508,CN,2,N_pwm150_grab4
15191,2260,3074,14362,CN,2,N_pwm150_grab4
15195,6216,-1190,9610,CN,2,N_pwm150_grab4
15200,5472,-7950,4616,CN,2,N_pwm150_grab4
15206,-3506,642,14502,CN,2,N_pwm150_grab4
15211,2374,-3234,6806,CN,2,N_pwm150_grab4
15215,-3912,-7632,3004,CN,2,N_pwm150_grab4
15221,-7270,20,16748,CN,2,N_pwm150_grab4
15225,-896,-3486,11862,CN,2,N_pwm150_grab4
15230,-3300,-1076,6106,CN,2,N_pwm150_grab4
15235,-7894,-3986,11686,CN,2,N_pwm150_grab4
15240,-2130,906,15256,CN,2,N_pwm150_grab4
15245,-5056,524,6538,CN,2,N_pwm150_grab4
15251,-5430,276,11336,CN,2,N_pwm150_grab4
15255,1026,2156,12864,CN,2,N_pwm150_grab4
15261,646,1186,11300,CN,2,N_pwm150_grab4
15266,6440,7214,13742,CN,2,N_pwm150_grab4
15271,10692,652,7944,CN,2,N_pwm150_grab4
15275,3828,3612,14984,CN,2,N_pwm150_grab4
15280,5626,7158,16646,CN,2,N_pwm150_grab4
15286,10798,-2388,6384,CN,2,N_pwm150_grab4
15290,1404,1468,11224,CN,2,N_pwm150_grab4
15296,7184,4152,12414,CN,2,N_pwm150_grab4
15300,6982,-5286,7226,CN,2,N_pwm150_grab4
15305,-7580,58,16688,CN,2,N_pwm150_grab4
15311,-836,-4066,10432,CN,2,N_pwm150_grab4
15316,-8288,-5080,260,CN,2,N_pwm150_grab4
15320,-6114,-7314,13692,CN,2,N_pwm150_grab4
15325,-1438,-4562,8178,CN,2,N_pwm150_grab4
15331,-7628,-3222,438,CN,2,N_pwm150_grab4
15335,-6840,-5510,14958,CN,2,N_pwm150_grab4
15340,-3086,-3294,12530,CN,2,N_pwm150_grab4
15345,1972,1250,12606,CN,2,N_pwm150_grab4
15350,1664,2394,10820,CN,2,N_pwm150_grab4
15355,8152,2532,8820,CN,2,N_pwm150_grab4
15361,-1046,-28,8218,CN,2,N_pwm150_grab4
15365,-624,10300,14322,CN,2,N_pwm150_grab4
15371,6142,4174,10268,CN,2,N_pwm150_grab4
15375,3716,206,12802,CN,2,N_pwm150_grab4
15380,4074,9640,14592,CN,2,N_pwm150_grab4
15385,5026,-6412,6414,CN,2,N_pwm150_grab4
15391,-3826,-54,13464,CN,2,N_pwm150_grab4
15395,2406,1010,10808,CN,2,N_pwm150_grab4
15400,-3576,-6384,3356,CN,2,N_pwm150_grab4
15405,-526,222,13562,CN,2,N_pwm150_grab4
15411,3464,-3752,5090,CN,2,N_pwm150_grab4
15416,636,-7996,2722,CN,2,N_pwm150_grab4
15420,-5648,-1264,15882,CN,2,N_pwm150_grab4
15426,-2758,-2632,13508,CN,2,N_pwm150_grab4
15430,-5390,-504,4774,CN,2,N_pwm150_grab4
15436,-4982,-1470,12064,CN,2,N_pwm150_grab4
15440,580,-1654,9516,CN,2,N_pwm150_grab4
15447,194,270,9430,CN,2,N_pwm150_grab4
15451,580,10624,14808,CN,2,N_pwm150_grab4
15457,7060,3396,9410,CN,2,N_pwm150_grab4
15461,3850,80,12920,CN,2,N_pwm150_grab4
15466,5936,416,9584,CN,2,N_pwm150_grab4
15471,3294,-7190,5762,CN,2,N_pwm150_grab4
15476,-4490,40,14368,CN,2,N_pwm150_grab4
15482,1852,152,10824,CN,2,N_pwm150_grab4
15486,-5046,-6400,2666,CN,2,N_pwm150_grab4
15491,-1558,-978,13378,CN,2,N_pwm150_grab4
15497,2400,-4472,4612,CN,2,N_pwm150_grab4
15501,-954,-7558,2100,CN,2,N_pwm150_grab4
15506,-7068,-4824,13800,CN,2,N_pwm150_grab4
15511,-2332,-1534,14374,CN,2,N_pwm150_grab4
15516,-4644,172,6082,CN,2,N_pwm150_grab4
15521,-4184,-1706,11218,CN,2,N_pwm150_grab4
15526,1352,-1008,9222,CN,2,N_pwm150_grab4
15531,-6786,-3602,1930,CN,2,N_pwm150_grab4
15536,-6748,3068,11726,CN,2,N_pwm150_grab4
15542,844,4000,15894,CN,2,N_pwm150_grab4
15547,3746,80,12756,CN,2,N_pwm150_grab4
15551,5926,8746,15318,CN,2,N_pwm150_grab4
15557,11176,-158,6756,CN,2,N_pwm150_grab4
15562,2038,-40,11212,CN,2,N_pwm150_grab4
15566,5642,6506,11092,CN,2,N_pwm150_grab4
15572,6602,-2174,7426,CN,2,N_pwm150_grab4
15576,3410,4690,15252,CN,2,N_pwm150_grab4
15581,7596,2040,14088,CN,2,N_pwm150_grab4
15586,-2512,-6838,1652,CN,2,N_pwm150_grab4
15591,-6162,-2722,16498,CN,2,N_pwm150_grab4
15596,-756,-5104,7612,CN,2,N_pwm150_grab4
15601,-7680,-4248,-314,CN,2,N_pwm150_grab4
15606,-7848,454,15956,CN,2,N_pwm150_grab4
15611,-1388,-4806,11520,CN,2,N_pwm150_grab4
15616,-6794,-6194,1792,CN,2,N_pwm150_grab4
15622,-7864,-7728,12074,CN,2,N_pwm150_grab4
15626,-2494,-1370,11872,CN,2,N_pwm150_grab4
15632,288,542,9998,CN,2,N_pwm150_grab4
15637,-200,7374,11946,CN,2,N_pwm150_grab4
15641,6948,4340,9380,CN,2,N_pwm150_grab4
15646,3900,1078,14314,CN,2,N_pwm150_grab4
15652,4896,4574,12418,CN,2,N_pwm150_grab4
15656,10690,2500,7820,CN,2,N_pwm150_grab4
15661,2664,1634,12666,CN,2,N_pwm150_grab4
15666,3630,10072,15954,CN,2,N_pwm150_grab4
15671,7366,-7216,4752,CN,2,N_pwm150_grab4
15676,-1992,1300,14042,CN,2,N_pwm150_grab4
15682,3910,-1970,7402,CN,2,N_pwm150_grab4
15686,-1044,-8098,4014,CN,2,N_pwm150_grab4
15692,-6076,604,16342,CN,2,N_pwm150_grab4
15696,858,-1428,11318,CN,2,N_pwm150_grab4
15702,-7486,-5936,1252,CN,2,N_pwm150_grab4
15707,-8356,-6246,11680,CN,2,N_pwm150_grab4
15713,3208,4570,14008,CN,2,N_pwm150_grab4
15718,1514,468,10904,CN,2,N_pwm150_grab4
15722,1226,8418,12688,CN,2,N_pwm150_grab4
15727,8418,4000,8476,CN,2,N_pwm150_grab4
15732,4130,1006,13870,CN,2,N_pwm150_grab4
15737,5756,5022,12634,CN,2,N_pwm150_grab4
15742,10738,1696,7512,CN,2,N_pwm150_grab4
15748,3268,2402,13684,CN,2,N_pwm150_grab4
15753,6118,-934,10358,CN,2,N_pwm150_grab4
15757,5918,-7746,4150,CN,2,N_pwm150_grab4
15763,-2974,350,14706,CN,2,N_pwm150_grab4
15767,2680,-3256,6410,CN,2,N_pwm150_grab4
15772,-3024,-7800,2926,CN,2,N_pwm150_grab4
15778,-6710,674,16890,CN,2,N_pwm150_grab4
15782,384,-2012,11612,CN,2,N_pwm150_grab4
15787,2056,-4166,5634,CN,2,N_pwm150_grab4
15793,-8478,-3356,11658,CN,2,N_pwm150_grab4
15798,-1628,1096,14276,CN,2,N_pwm150_grab4
15802,-5394,520,5878,CN,2,N_pwm150_grab4
15808,-6172,1116,11552,CN,2,N_pwm150_grab4
15812,1132,2434,14194,CN,2,N_pwm150_grab4
15817,-96,944,10964,CN,2,N_pwm150_grab4
15822,22,-280,10416,CN,2,N_pwm150_grab4
15828,5436,1086,7894,CN,2,N_pwm150_grab4
15833,3544,3498,14574,CN,2,N_pwm150_grab4
15837,5914,7376,16814,CN,2,N_pwm150_grab4
15842,10172,-1924,6630,CN,2,N_pwm150_grab4
15848,1532,1684,11490,CN,2,N_pwm150_grab4
15852,7214,3924,12928,CN,2,N_pwm150_grab4
15857,7180,-5230,7010,CN,2,N_pwm150_grab4
15863,-2036,-884,12280,CN,2,N_pwm150_grab4
15868,3416,3920,10530,CN,2,N_pwm150_grab4
15873,-376,-4904,4874,CN,2,N_pwm150_grab4
15877,-5168,-7560,13402,CN,2,N_pwm150_grab4
15882,-1702,-3976,8212,CN,2,N_pwm150_grab4
15888,-6958,-3088,1332,CN,2,N_pwm150_grab4
15892,-7422,-5630,14992,CN,2,N_pwm150_grab4
15897,-2978,-3252,11746,CN,2,N_pwm150_grab4
15903,-6390,-886,2594,CN,2,N_pwm150_grab4
15907,-6370,-510,13240,CN,2,N_pwm150_grab4
15913,7194,1346,7836,CN,2,N_pwm150_grab4
15917,-1818,-982,7224,CN,2,N_pwm150_grab4
15927,5974,3734,10892,CN,2,N_pwm150_grab4
15933,3468,-162,12408,CN,2,N_pwm150_grab4
15938,4358,9832,14876,CN,2,N_pwm150_grab4
15942,10932,2176,7614,CN,2,N_pwm150_grab4
15948,3380,540,11716,CN,2,N_pwm150_grab4
15952,2580,2282,10946,CN,2,N_pwm150_grab4
15958,-2708,-5810,3800,CN,2,N_pwm150_grab4
15964,-6150,-8462,12948,CN,2,N_pwm150_grab4
15969,-1774,-3188,9582,CN,2,N_pwm150_grab4
15973,-7316,-2026,1506,CN,2,N_pwm150_grab4
15979,-7386,-5408,14674,CN,2,N_pwm150_grab4
15984,-2872,-2400,13046,CN,2,N_pwm150_grab4
15989,-5554,-222,4252,CN,2,N_pwm150_grab4
15994,2720,1414,10686,CN,2,N_pwm150_grab4
16000,8510,1988,8064,CN,2,N_pwm150_grab4
16004,-158,-230,9060,CN,2,N_pwm150_grab4
16013,6836,2996,9414,CN,2,N_pwm150_grab4
16018,3562,-122,12570,CN,2,N_pwm150_grab4
16024,5242,9278,15148,CN,2,N_pwm150_grab4
16028,11102,886,7060,CN,2,N_pwm150_grab4
16033,-4198,-254,14288,CN,2,N_pwm150_grab4
16039,1584,1234,11344,CN,2,N_pwm150_grab4
16043,7820,-1170,7980,CN,2,N_pwm150_grab4
16048,-1386,-1526,14138,CN,2,N_pwm150_grab4
16054,2196,-4318,4476,CN,2,N_pwm150_grab4
16058,-780,-7034,1852,CN,2,N_pwm150_grab4
16063,-5564,-2312,16356,CN,2,N_pwm150_grab4
16068,-362,-5152,7140,CN,2,N_pwm150_grab4
16074,-4692,270,6012,CN,2,N_pwm150_grab4
16078,-4126,-970,11288,CN,2,N_pwm150_grab4
16083,1912,-1448,8754,CN,2,N_pwm150_grab4
16089,-6926,-3702,2348,CN,2,N_pwm150_grab4
16093,-6790,4206,11686,CN,2,N_pwm150_grab4
16098,1472,4032,15898,CN,2,N_pwm150_grab4
16103,-778,318,9318,CN,2,N_pwm150_grab4
16108,-1108,6794,11834,CN,2,N_pwm150_grab4
16113,10620,-940,6568,CN,2,N_pwm150_grab4
16119,1946,-150,11068,CN,2,N_pwm150_grab4
16124,5458,6258,11150,CN,2,N_pwm150_grab4
16128,9850,2262,7850,CN,2,N_pwm150_grab4
16133,3324,4416,15176,CN,2,N_pwm150_grab4
16138,7022,1084,13076,CN,2,N_pwm150_grab4
16143,7994,-6774,4696,CN,2,N_pwm150_grab4
16149,-1302,1658,13964,CN,2,N_pwm150_grab4
16153,-1164,-5106,8298,CN,2,N_pwm150_grab4
16158,-7402,-3612,-68,CN,2,N_pwm150_grab4
16163,-8126,962,16390,CN,2,N_pwm150_grab4
16169,-1306,-4622,11458,CN,2,N_pwm150_grab4
16173,-6754,-5740,1854,CN,2,N_pwm150_grab4
16178,-8622,-6416,11630,CN,2,N_pwm150_grab4
16183,-2076,-434,12534,CN,2,N_pwm150_grab4
16189,-6740,-214,3616,CN,2,N_pwm150_grab4
16194,568,8068,12628,CN,2,N_pwm150_grab4
16198,7280,4282,8626,CN,2,N_pwm150_grab4
16204,3854,978,13848,CN,2,N_pwm150_grab4
16209,5246,3670,11934,CN,2,N_pwm150_grab4
16215,10096,1616,7478,CN,2,N_pwm150_grab4
16220,2890,3488,14776,CN,2,N_pwm150_grab4
16225,6290,-506,11276,CN,2,N_pwm150_grab4
16230,6736,-7356,4332,CN,2,N_pwm150_grab4
16235,-6976,-4762,16196,CN,2,N_pwm150_grab4
16239,-2032,-4774,9200,CN,2,N_pwm150_grab4
16245,-7442,-2740,-44,CN,2,N_pwm150_grab4
16250,-7816,1048,15836,CN,2,N_pwm150_grab4
16256,-1238,-4172,11824,CN,2,N_pwm150_grab4
16259,-7660,-5338,1508,CN,2,N_pwm150_grab4
16265,-8796,-4104,11696,CN,2,N_pwm150_grab4
16269,-1752,662,13510,CN,2,N_pwm150_grab4
16275,2186,70,11212,CN,2,N_pwm150_grab4
16279,2132,9504,13770,CN,2,N_pwm150_grab4
16284,9132,3826,8006,CN,2,N_pwm150_grab4
16289,4076,1036,13064,CN,2,N_pwm150_grab4
16294,6090,4614,12164,CN,2,N_pwm150_grab4
16299,4486,188,7184,CN,2,N_pwm150_grab4
16304,3282,3250,13782,CN,2,N_pwm150_grab4
16309,6006,7142,16728,CN,2,N_pwm150_grab4
16314,9680,-1708,6908,CN,2,N_pwm150_grab4
16319,-3084,-298,15160,CN,2,N_pwm150_grab4
16324,1564,-4176,5718,CN,2,N_pwm150_grab4
16330,-3720,-7392,2280,CN,2,N_pwm150_grab4
16335,-7330,598,17046,CN,2,N_pwm150_grab4
16340,-132,-2340,11674,CN,2,N_pwm150_grab4
16344,918,-4470,5464,CN,2,N_pwm150_grab4
16350,-4658,-7298,13276,CN,2,N_pwm150_grab4
16354,-1724,-3962,8054,CN,2,N_pwm150_grab4
16360,-5030,388,6154,CN,2,N_pwm150_grab4
16365,-5564,2558,11354,CN,2,N_pwm150_grab4
16370,2250,3144,14040,CN,2,N_pwm150_grab4
16375,774,932,12078,CN,2,N_pwm150_grab4
16380,1168,94,10706,CN,2,N_pwm150_grab4
16385,-350,-3710,10914,CN,2,N_pwm150_grab4
16390,-2682,-1352,6662,CN,2,N_pwm150_grab4
16395,-1512,9744,14172,CN,2,N_pwm150_grab4
16400,9798,-3328,5950,CN,2,N_pwm150_grab4
16404,1040,2260,12000,CN,2,N_pwm150_grab4
16409,6872,2230,11816,CN,2,N_pwm150_grab4
16414,6222,-6294,6562,CN,2,N_pwm150_grab4
16419,-2510,-932,13078,CN,2,N_pwm150_grab4
16425,2660,3024,10652,CN,2,N_pwm150_grab4
16429,9562,158,8120,CN,2,N_pwm150_grab4
16435,426,322,14170,CN,2,N_pwm150_grab4
16439,-1854,-3296,9658,CN,2,N_pwm150_grab4
16444,-7274,-2384,1362,CN,2,N_pwm150_grab4
16450,-7572,-5790,14878,CN,2,N_pwm150_grab4
16455,-3048,-2730,12656,CN,2,N_pwm150_grab4
16459,-5972,-482,3610,CN,2,N_pwm150_grab4
16464,-5692,-358,12386,CN,2,N_pwm150_grab4
16470,800,-2752,9946,CN,2,N_pwm150_grab4
16476,-610,-522,8668,CN,2,N_pwm150_grab4
16480,7166,3736,15292,CN,2,N_pwm150_grab4
16486,9648,-4922,5430,CN,2,N_pwm150_grab4
16491,348,2466,12544,CN,2,N_pwm150_grab4
16495,6288,358,9974,CN,2,N_pwm150_grab4
16500,4208,-7322,5814,CN,2,N_pwm150_grab4
16505,-3806,-516,13766,CN,2,N_pwm150_grab4
16512,1644,1690,11174,CN,2,N_pwm150_grab4
16515,8356,-956,8046,CN,2,N_pwm150_grab4
16520,-7266,-8334,12488,CN,2,N_pwm150_grab4
16526,-1934,-2292,10818,CN,2,N_pwm150_grab4
16531,-7672,-1502,1758,CN,2,N_pwm150_grab4
16535,-7518,-5018,14126,CN,2,N_pwm150_grab4
16541,-2678,-1732,14166,CN,2,N_pwm150_grab4
16545,-5052,88,5394,CN,2,N_pwm150_grab4
16551,-4296,-756,11654,CN,2,N_pwm150_grab4
16555,-1236,-4336,11094,CN,2,N_pwm150_grab4
16560,1146,458,10578,CN,2,N_pwm150_grab4
16565,2194,10116,15748,CN,2,N_pwm150_grab4
16571,7384,1976,8176,CN,2,N_pwm150_grab4
16575,3384,252,11778,CN,2,N_pwm150_grab4
16580,5952,8760,15254,CN,2,N_pwm150_grab4
16585,10858,-270,6822,CN,2,N_pwm150_grab4
16590,2198,-36,11176,CN,2,N_pwm150_grab4
16595,5642,6208,11074,CN,2,N_pwm150_grab4
16600,6912,-2196,7408,CN,2,N_pwm150_grab4
16605,-1888,-3270,13942,CN,2,N_pwm150_grab4
16610,822,-4576,4670,CN,2,N_pwm150_grab4
16615,-2062,-6284,1884,CN,2,N_pwm150_grab4
16620,-6352,-3286,16396,CN,2,N_pwm150_grab4
16626,-882,-5212,7824,CN,2,N_pwm150_grab4
16630,-7480,-4154,-318,CN,2,N_pwm150_grab4
16635,-8254,762,16498,CN,2,N_pwm150_grab4
16640,-1348,-4674,11430,CN,2,N_pwm150_grab4
16646,-6298,-3110,2788,CN,2,N_pwm150_grab4
16651,-6012,6184,12072,CN,2,N_pwm150_grab4
16656,2718,4300,15370,CN,2,N_pwm150_grab4
16660,346,34,10442,CN,2,N_pwm150_grab4
16665,202,7572,12270,CN,2,N_pwm150_grab4
16670,6648,4428,8950,CN,2,N_pwm150_grab4
16675,3678,1164,13886,CN,2,N_pwm150_grab4
16680,5280,5980,10564,CN,2,N_pwm150_grab4
16686,10028,2186,7698,CN,2,N_pwm150_grab4
16691,3122,3874,14924,CN,2,N_pwm150_grab4
16696,6484,-22,12282,CN,2,N_pwm150_grab4
16701,7448,-7250,4862,CN,2,N_pwm150_grab4
16706,-1530,1034,14322,CN,2,N_pwm150_grab4
16711,3718,-2466,6760,CN,2,N_pwm150_grab4
16716,-390,-8066,4314,CN,2,N_pwm150_grab4
16721,-7934,398,15924,CN,2,N_pwm150_grab4
16726,-1408,-4714,11884,CN,2,N_pwm150_grab4
16731,-5512,-2582,3526,CN,2,N_pwm150_grab4
16737,-4804,7272,12580,CN,2,N_pwm150_grab4
16742,3616,4332,14562,CN,2,N_pwm150_grab4
16746,1178,72,10938,CN,2,N_pwm150_grab4
16752,1370,9172,13554,CN,2,N_pwm150_grab4
16757,7324,4086,8076,CN,2,N_pwm150_grab4
16762,702,-506,11328,CN,2,N_pwm150_grab4
16768,4942,5348,10494,CN,2,N_pwm150_grab4
16772,10324,2102,7614,CN,2,N_pwm150_grab4
16776,2928,3180,14690,CN,2,N_pwm150_grab4
16781,5920,-958,10670,CN,2,N_pwm150_grab4
16786,6622,-7592,4570,CN,2,N_pwm150_grab4
16791,-1978,836,14714,CN,2,N_pwm150_grab4
16796,2998,-2852,6428,CN,2,N_pwm150_grab4
16802,-7466,-2826,-302,CN,2,N_pwm150_grab4
16806,-7756,750,15364,CN,2,N_pwm150_grab4
16811,960,-1504,11668,CN,2,N_pwm150_grab4
16817,-7552,-5538,1304,CN,2,N_pwm150_grab4
16822,-8726,-4484,11942,CN,2,N_pwm150_grab4
16826,-1534,438,13628,CN,2,N_pwm150_grab4
16831,-6196,202,4414,CN,2,N_pwm150_grab4
16836,-6456,-498,11746,CN,2,N_pwm150_grab4
16841,7846,3864,7702,CN,2,N_pwm150_grab4
16846,3932,954,13188,CN,2,N_pwm150_grab4
16851,5432,4696,12640,CN,2,N_pwm150_grab4
16857,3436,436,7204,CN,2,N_pwm150_grab4
16862,2986,2792,13390,CN,2,N_pwm150_grab4
16866,5016,8184,16460,CN,2,N_pwm150_grab4
16871,8888,-828,7188,CN,2,N_pwm150_grab4
16876,2256,1352,11358,CN,2,N_pwm150_grab4
16882,2436,-3368,6042,CN,2,N_pwm150_grab4
16887,-2094,-7854,3458,CN,2,N_pwm150_grab4
16891,-7298,606,16648,CN,2,N_pwm150_grab4
16897,3954,5052,10238,CN,2,N_pwm150_grab4
16901,2946,-3900,6276,CN,2,N_pwm150_grab4
16906,-4378,-5976,13118,CN,2,N_pwm150_grab4
16912,-1148,-4562,6752,CN,2,N_pwm150_grab4
16917,-5258,-4260,1022,CN,2,N_pwm150_grab4
16922,-5822,-144,11648,CN,2,N_pwm150_grab4
16927,936,2030,14500,CN,2,N_pwm150_grab4
16937,376,-516,11022,CN,2,N_pwm150_grab4
16942,-708,-4088,11850,CN,2,N_pwm150_grab4
16947,-4052,-2180,5690,CN,2,N_pwm150_grab4
16952,-2746,8750,13440,CN,2,N_pwm150_grab4
16957,4556,4536,12420,CN,2,N_pwm150_grab4
16961,2458,146,11530,CN,2,N_pwm150_grab4
16967,6992,4710,13482,CN,2,N_pwm150_grab4
16972,8252,-4818,7034,CN,2,N_pwm150_grab4
16976,-696,-958,11974,CN,2,N_pwm150_grab4
16982,3520,4540,10172,CN,2,N_pwm150_grab4
16987,1628,-4290,5984,CN,2,N_pwm150_grab4
16992,-5138,-6954,13004,CN,2,N_pwm150_grab4
16997,-1406,-4178,7600,CN,2,N_pwm150_grab4
17007,-5040,1286,11514,CN,2,N_pwm150_grab4
17012,1808,2826,13876,CN,2,N_pwm150_grab4
17018,204,1096,11656,CN,2,N_pwm150_grab4
17022,1078,-64,10970,CN,2,N_pwm150_grab4
17028,-274,-3902,11214,CN,2,N_pwm150_grab4
17033,-3028,-1660,6680,CN,2,N_pwm150_grab4
17038,-1444,9760,14206,CN,2,N_pwm150_grab4
17043,4940,4244,10972,CN,2,N_pwm150_grab4
17047,1382,1978,11860,CN,2,N_pwm150_grab4
17052,6804,2910,12322,CN,2,N_pwm150_grab4
17058,7090,-6004,6828,CN,2,N_pwm150_grab4
17062,-1896,-866,12196,CN,2,N_pwm150_grab4
17067,6036,5716,12310,CN,2,N_pwm150_grab4
17072,10362,576,8056,CN,2,N_pwm150_grab4
17077,1146,904,14296,CN,2,N_pwm150_grab4
17082,4152,-1,-1,CN,2,N_pwm150_grab4
17087,-7306,-2794,864,CN,2,N_pwm150_grab4
17093,-7468,-6130,14936,CN,2,N_pwm150_grab4
17098,-2630,-3334,12278,CN,2,N_pwm150_grab4
17102,-6636,-820,2630,CN,2,N_pwm150_grab4
17107,-5624,-256,13404,CN,2,N_pwm150_grab4
17112,-576,-3442,11044,CN,2,N_pwm150_grab4
17118,-8390,-4798,628,CN,2,N_pwm150_grab4
17122,-7570,390,11902,CN,2,N_pwm150_grab4
17127,5208,3570,9748,CN,2,N_pwm150_grab4
17132,3292,-180,12034,CN,2,N_pwm150_grab4
17138,4012,10098,15038,CN,2,N_pwm150_grab4
17142,10364,2434,7978,CN,2,N_pwm150_grab4
17147,3712,392,11980,CN,2,N_pwm150_grab4
17153,2048,992,10642,CN,2,N_pwm150_grab4
17157,6812,1808,7848,CN,2,N_pwm150_grab4
17162,3738,4498,14920,CN,2,N_pwm150_grab4
17167,3716,-3480,4862,CN,2,N_pwm150_grab4
17172,2392,-7540,2912,CN,2,N_pwm150_grab4
17178,-5392,-1358,15370,CN,2,N_pwm150_grab4
17182,414,-5086,5734,CN,2,N_pwm150_grab4
17188,-5858,-6068,518,CN,2,N_pwm150_grab4
17193,-8112,838,17268,CN,2,N_pwm150_grab4
17198,2360,2140,11068,CN,2,N_pwm150_grab4
17202,-2316,-5616,3800,CN,2,N_pwm150_grab4
17207,-7066,1170,11866,CN,2,N_pwm150_grab4
17212,-382,3104,16448,CN,2,N_pwm150_grab4
17217,-3208,442,8180,CN,2,N_pwm150_grab4
17222,-2998,5704,11792,CN,2,N_pwm150_grab4
17227,3420,4384,11590,CN,2,N_pwm150_grab4
17232,2290,1130,13210,CN,2,N_pwm150_grab4
17238,2412,1922,10688,CN,2,N_pwm150_grab4
17244,7676,2408,8474,CN,2,N_pwm150_grab4
17248,-96,-162,13644,CN,2,N_pwm150_grab4
17254,3594,-3618,4596,CN,2,N_pwm150_grab4
17258,1470,-7524,2702,CN,2,N_pwm150_grab4
17263,-5754,-1676,15610,CN,2,N_pwm150_grab4
17269,334,-5158,5998,CN,2,N_pwm150_grab4
17273,-6528,-5866,252,CN,2,N_pwm150_grab4
17278,-7996,842,17082,CN,2,N_pwm150_grab4
17283,2164,1816,11260,CN,2,N_pwm150_grab4
17289,-7880,-4422,1078,CN,2,N_pwm150_grab4
17294,-6784,1216,11734,CN,2,N_pwm150_grab4
17298,-372,3156,16652,CN,2,N_pwm150_grab4
17303,-2778,528,8534,CN,2,N_pwm150_grab4
17309,-2746,5524,11762,CN,2,N_pwm150_grab4
17314,3606,4294,11378,CN,2,N_pwm150_grab4
17318,2638,1104,13376,CN,2,N_pwm150_grab4
17324,-4716,-1040,12344,CN,2,N_pwm150_grab4
17329,8296,2216,8394,CN,2,N_pwm150_grab4
17333,3826,4586,15492,CN,2,N_pwm150_grab4
17339,6654,3716,15476,CN,2,N_pwm150_grab4
17343,9764,-5318,5524,CN,2,N_pwm150_grab4
17348,424,2196,12778,CN,2,N_pwm150_grab4
17353,6226,-182,9366,CN,2,N_pwm150_grab4
17358,4424,-7448,5858,CN,2,N_pwm150_grab4
17363,-4350,-94,13468,CN,2,N_pwm150_grab4
17369,1988,1344,11466,CN,2,N_pwm150_grab4
17373,-3898,-5856,3112,CN,2,N_pwm150_grab4
17379,-6820,-8632,12940,CN,2,N_pwm150_grab4
17383,-1790,-2952,10670,CN,2,N_pwm150_grab4
17388,-7472,-1522,1480,CN,2,N_pwm150_grab4
17394,-6826,-5018,13796,CN,2,N_pwm150_grab4
17399,-2636,-1138,14554,CN,2,N_pwm150_grab4
17404,-5306,82,5630,CN,2,N_pwm150_grab4
17409,-4612,-1542,12018,CN,2,N_pwm150_grab4
17414,586,-1460,9378,CN,2,N_pwm150_grab4
17419,194,394,9784,CN,2,N_pwm150_grab4
17429,6656,3244,8916,CN,2,N_pwm150_grab4
17433,3662,70,12306,CN,2,N_pwm150_grab4
17438,4778,8906,15186,CN,2,N_pwm150_grab4
17444,11304,310,7462,CN,2,N_pwm150_grab4
17448,-4738,86,14148,CN,2,N_pwm150_grab4
17453,6176,6884,11826,CN,2,N_pwm150_grab4
17458,8378,-1504,7972,CN,2,N_pwm150_grab4
17463,-1308,-1222,13328,CN,2,N_pwm150_grab4
17468,2490,-4072,4270,CN,2,N_pwm150_grab4
17474,-356,-7422,1994,CN,2,N_pwm150_grab4
17478,-5794,-2706,16342,CN,2,N_pwm150_grab4
17484,-414,-5272,7032,CN,2,N_pwm150_grab4
17488,-4892,302,5960,CN,2,N_pwm150_grab4
17494,-4294,-1430,11650,CN,3,N_pwm150_grab4
17499,1044,-1276,9184,CN,3,N_pwm150_grab4
17505,692,614,10418,CN,3,N_pwm150_grab4
17515,7118,2948,8486,CN,3,N_pwm150_grab4
17519,3648,198,12466,CN,3,N_pwm150_grab4
17525,5456,8534,15214,CN,3,N_pwm150_grab4
17529,2634,-7652,5168,CN,3,N_pwm150_grab4
17536,-5042,62,14826,CN,3,N_pwm150_grab4
17540,6006,6872,11264,CN,3,N_pwm150_grab4
17544,7602,-1890,7484,CN,3,N_pwm150_grab4
17549,-1844,-1842,13500,CN,3,N_pwm150_grab4
17554,1946,-4610,4428,CN,3,N_pwm150_grab4
17559,-1266,-7200,1692,CN,3,N_pwm150_grab4
17565,-5794,-3086,16566,CN,3,N_pwm150_grab4
17570,-2496,-830,14620,CN,3,N_pwm150_grab4
17575,-4464,394,6642,CN,3,N_pwm150_grab4
17580,-7808,514,16296,CN,3,N_pwm150_grab4
17585,-1370,-4982,11448,CN,3,N_pwm150_grab4
17589,-6766,-3456,2182,CN,3,N_pwm150_grab4
17595,-6820,3980,11658,CN,3,N_pwm150_grab4
17600,1074,4208,16152,CN,3,N_pwm150_grab4
17605,-846,492,9690,CN,3,N_pwm150_grab4
17610,6130,8150,15256,CN,3,N_pwm150_grab4
17614,10864,-952,7094,CN,3,N_pwm150_grab4
17619,1952,-166,11014,CN,3,N_pwm150_grab4
17625,3866,3412,11640,CN,3,N_pwm150_grab4
17630,9764,2522,8556,CN,3,N_pwm150_grab4
17634,3496,4520,15300,CN,3,N_pwm150_grab4
17640,7314,1832,14176,CN,3,N_pwm150_grab4
17644,8416,-6654,4964,CN,3,N_pwm150_grab4
17649,-908,1680,13308,CN,3,N_pwm150_grab4
17654,-904,-5090,8156,CN,3,N_pwm150_grab4
17659,-7214,-4068,-388,CN,3,N_pwm150_grab4
17664,-5156,404,15662,CN,3,N_pwm150_grab4
17670,1118,-738,11292,CN,3,N_pwm150_grab4
17674,-5936,-6202,1802,CN,3,N_pwm150_grab4
17679,-7632,-7910,12418,CN,3,N_pwm150_grab4
17684,-1718,-1518,11986,CN,3,N_pwm150_grab4
17689,-6958,-670,2526,CN,3,N_pwm150_grab4
17694,-774,7780,12404,CN,3,N_pwm150_grab4
17699,6214,4500,9268,CN,3,N_pwm150_grab4
17704,3732,928,13896,CN,3,N_pwm150_grab4
17709,-3006,-1500,10954,CN,3,N_pwm150_grab4
17715,2384,-32,8832,CN,3,N_pwm150_grab4
17719,2274,1406,12172,CN,3,N_pwm150_grab4
17729,8214,1324,7930,CN,3,N_pwm150_grab4
17735,-1396,1294,13814,CN,3,N_pwm150_grab4
17740,4326,-1920,7002,CN,3,N_pwm150_grab4
17750,-5472,618,16180,CN,3,N_pwm150_grab4
17756,934,-1434,11282,CN,3,N_pwm150_grab4
17760,-6832,-6100,1398,CN,3,N_pwm150_grab4
17765,-8234,-7132,12022,CN,3,N_pwm150_grab4
17771,-1732,-876,12504,CN,3,N_pwm150_grab4
17775,500,434,10536,CN,3,N_pwm150_grab4
17786,6870,4348,8614,CN,3,N_pwm150_grab4
17790,3736,936,13792,CN,3,N_pwm150_grab4
17796,-2350,-1302,10566,CN,3,N_pwm150_grab4
17800,2756,278,8442,CN,3,N_pwm150_grab4
17806,2724,1672,12906,CN,3,N_pwm150_grab4
17815,7216,-7334,4508,CN,3,N_pwm150_grab4
17820,-1950,280,13962,CN,3,N_pwm150_grab4
17826,3632,-3038,5802,CN,3,N_pwm150_grab4
17831,-406,-7864,3672,CN,3,N_pwm150_grab4
17836,676,-320,11042,CN,3,N_pwm150_grab4
17841,5222,5564,10544,CN,3,N_pwm150_grab4
17846,4558,-4084,6366,CN,3,N_pwm150_grab4
17850,-3360,-4510,13354,CN,3,N_pwm150_grab4
17855,-1462,-138,12602,CN,3,N_pwm150_grab4
17860,-6568,60,3704,CN,3,N_pwm150_grab4
17865,-7014,96,12486,CN,3,N_pwm150_grab4
17871,-286,1952,15840,CN,3,N_pwm150_grab4
17875,-2528,506,9152,CN,3,N_pwm150_grab4
17881,-7876,-654,15680,CN,3,N_pwm150_grab4
17886,-1938,-4602,11548,CN,3,N_pwm150_grab4
17891,-5370,-1862,3728,CN,3,N_pwm150_grab4
17895,4300,9342,16510,CN,3,N_pwm150_grab4
17901,8352,154,7298,CN,3,N_pwm150_grab4
17905,2528,1700,11694,CN,3,N_pwm150_grab4
17911,7196,5300,14694,CN,3,N_pwm150_grab4
17915,9360,-3806,6510,CN,3,N_pwm150_grab4
17921,3778,830,13104,CN,3,N_pwm150_grab4
17926,5406,6258,12798,CN,3,N_pwm150_grab4
17930,10562,2316,7658,CN,3,N_pwm150_grab4
17935,-3468,-4594,13142,CN,3,N_pwm150_grab4
17940,-316,-4974,5394,CN,3,N_pwm150_grab4
17945,-3762,-5408,1304,CN,3,N_pwm150_grab4
17951,-6954,-6396,15462,CN,3,N_pwm150_grab4
17955,-1904,-3836,9822,CN,3,N_pwm150_grab4
17960,-7434,-2208,134,CN,3,N_pwm150_grab4
17965,-6090,780,16936,CN,3,N_pwm150_grab4
17970,904,-2830,10446,CN,3,N_pwm150_grab4
17975,-5144,-1778,4086,CN,3,N_pwm150_grab4
17980,-4234,7150,12376,CN,3,N_pwm150_grab4
17985,3760,4766,14362,CN,3,N_pwm150_grab4
17990,1448,308,11474,CN,3,N_pwm150_grab4
17995,1546,10018,14676,CN,3,N_pwm150_grab4
18001,7602,3726,7748,CN,3,N_pwm150_grab4
18006,3770,802,12748,CN,3,N_pwm150_grab4
18011,5652,6538,13014,CN,3,N_pwm150_grab4
18016,3596,-4810,6146,CN,3,N_pwm150_grab4
18022,-3980,-4620,13154,CN,3,N_pwm150_grab4
18027,-310,-4860,5634,CN,3,N_pwm150_grab4
18031,-4216,-5200,1060,CN,3,N_pwm150_grab4
18037,-7312,-6264,15552,CN,3,N_pwm150_grab4
18041,-2116,-3812,9522,CN,3,N_pwm150_grab4
18048,-7536,-2036,134,CN,3,N_pwm150_grab4
18052,-6666,678,16954,CN,3,N_pwm150_grab4
18056,-1404,-4320,11990,CN,3,N_pwm150_grab4
18061,-4932,-1730,4804,CN,3,N_pwm150_grab4
18066,-3632,7288,12518,CN,3,N_pwm150_grab4
18072,3888,4822,13956,CN,3,N_pwm150_grab4
18077,1720,338,11544,CN,3,N_pwm150_grab4
18081,1926,10060,14620,CN,3,N_pwm150_grab4
18086,7690,3718,7638,CN,3,N_pwm150_grab4
18092,-1388,600,10468,CN,3,N_pwm150_grab4
18097,5568,5570,12882,CN,3,N_pwm150_grab4
18102,10876,1764,7798,CN,3,N_pwm150_grab4
18106,2666,2592,14414,CN,3,N_pwm150_grab4
18112,5426,-1732,9862,CN,3,N_pwm150_grab4
18116,6416,-7876,4212,CN,3,N_pwm150_grab4
18121,-2466,-444,14102,CN,3,N_pwm150_grab4
18126,2274,-3956,4822,CN,3,N_pwm150_grab4
18132,-1388,-7512,3300,CN,3,N_pwm150_grab4
18136,98,-432,11734,CN,3,N_pwm150_grab4
18141,968,-2688,10298,CN,3,N_pwm150_grab4
18147,-7906,-5876,724,CN,3,N_pwm150_grab4
18151,-8524,-5020,12062,CN,3,N_pwm150_grab4
18156,-1584,148,13424,CN,3,N_pwm150_grab4
18161,-6402,366,4552,CN,3,N_pwm150_grab4
18166,-6062,1498,12334,CN,3,N_pwm150_grab4
18171,768,2676,15698,CN,3,N_pwm150_grab4
18182,-506,-620,10580,CN,3,N_pwm150_grab4
18187,3086,1186,7856,CN,3,N_pwm150_grab4
18191,2942,2626,13764,CN,3,N_pwm150_grab4
18196,4326,8690,16448,CN,3,N_pwm150_grab4
18201,8798,-440,7588,CN,3,N_pwm150_grab4
18207,2338,2014,11974,CN,3,N_pwm150_grab4
18212,6890,3646,13908,CN,3,N_pwm150_grab4
18216,9012,-5006,6382,CN,3,N_pwm150_grab4
18222,32,-352,11616,CN,3,N_pwm150_grab4
18226,4666,5002,10368,CN,3,N_pwm150_grab4
18231,3498,-4650,12799,CN,3,N_pwm150_grab4
18236,-4692,-5564,12780,CN,3,N_pwm150_grab4
18242,-460,-4920,6034,CN,3,N_pwm150_grab4
18246,-5040,-4746,984,CN,3,N_pwm150_grab4
18251,-7208,-6804,15292,CN,3,N_pwm150_grab4
18257,-2030,-3754,10324,CN,3,N_pwm150_grab4
18262,-1248,624,10418,CN,3,N_pwm150_grab4
18268,-612,-542,10630,CN,3,N_pwm150_grab4
18273,3134,1378,7974,CN,3,N_pwm150_grab4
18277,3258,2614,13884,CN,3,N_pwm150_grab4
18283,4360,8884,16358,CN,3,N_pwm150_grab4
18288,9696,-444,7748,CN,3,N_pwm150_grab4
18292,2442,1758,11926,CN,3,N_pwm150_grab4
18297,6924,4220,14002,CN,3,N_pwm150_grab4
18302,-2258,-7694,2830,CN,3,N_pwm150_grab4
18307,-264,-660,11614,CN,3,N_pwm150_grab4
18313,4404,5206,10222,CN,3,N_pwm150_grab4
18317,3088,-4164,6088,CN,3,N_pwm150_grab4
18322,-4784,-5864,13148,CN,3,N_pwm150_grab4
18327,-670,-4702,6378,CN,3,N_pwm150_grab4
18332,-5518,-4558,832,CN,3,N_pwm150_grab4
18338,-7090,-6386,15568,CN,3,N_pwm150_grab4
18343,820,2842,15036,CN,3,N_pwm150_grab4
18347,-7590,-1826,360,CN,3,N_pwm150_grab4
18353,-6900,2,14924,CN,3,N_pwm150_grab4
18358,-1130,-4314,11770,CN,3,N_pwm150_grab4
18363,-4330,-1972,5790,CN,3,N_pwm150_grab4
18368,-3068,8662,13470,CN,3,N_pwm150_grab4
18373,3658,4920,12762,CN,3,N_pwm150_grab4
18378,2402,304,11254,CN,3,N_pwm150_grab4
18383,6966,3644,13724,CN,3,N_pwm150_grab4
18387,8792,-5198,6820,CN,3,N_pwm150_grab4
18393,4132,738,12898,CN,3,N_pwm150_grab4
18398,5546,5336,12526,CN,3,N_pwm150_grab4
18402,11096,1450,7872,CN,3,N_pwm150_grab4
18407,2454,2522,14508,CN,3,N_pwm150_grab4
18412,5238,-1982,9018,CN,3,N_pwm150_grab4
18417,6076,-8146,3994,CN,3,N_pwm150_grab4
18422,-6832,-6494,15496,CN,3,N_pwm150_grab4
18427,-2218,-3776,10764,CN,3,N_pwm150_grab4
18433,-2702,-7446,2404,CN,3,N_pwm150_grab4
18438,-6966,824,17460,CN,3,N_pwm150_grab4
18443,738,-2852,11054,CN,3,N_pwm150_grab4
18447,-8304,-5758,424,CN,3,N_pwm150_grab4
18452,-7998,-4348,11514,CN,3,N_pwm150_grab4
18457,-1560,894,13866,CN,3,N_pwm150_grab4
18463,2360,372,11380,CN,3,N_pwm150_grab4
18467,1794,10052,14188,CN,3,N_pwm150_grab4
18473,8624,3774,8276,CN,3,N_pwm150_grab4
18477,-802,866,10596,CN,3,N_pwm150_grab4
18483,-776,-548,10396,CN,3,N_pwm150_grab4
18488,3568,1386,7914,CN,3,N_pwm150_grab4
18492,3406,2862,13846,CN,3,N_pwm150_grab4
18497,4504,8182,16570,CN,3,N_pwm150_grab4
18502,5868,-8018,3958,CN,3,N_pwm150_grab4
18508,-3456,-294,14476,CN,3,N_pwm150_grab4
18512,2170,-4038,5346,CN,3,N_pwm150_grab4
18518,-2720,-7670,2296,CN,3,N_pwm150_grab4
18524,-6718,840,17514,CN,3,N_pwm150_grab4
18529,842,-2720,11394,CN,3,N_pwm150_grab4
18533,-8116,-5562,612,CN,3,N_pwm150_grab4
18539,-8092,-4358,11492,CN,3,N_pwm150_grab4
18544,4158,4856,13004,CN,3,N_pwm150_grab4
18548,2412,440,11342,CN,3,N_pwm150_grab4
18553,1872,9976,14078,CN,3,N_pwm150_grab4
18558,8826,3712,8156,CN,3,N_pwm150_grab4
18564,-700,814,10848,CN,3,N_pwm150_grab4
18568,-670,-552,10250,CN,3,N_pwm150_grab4
18573,4088,1256,7730,CN,3,N_pwm150_grab4
18578,3464,3040,14100,CN,3,N_pwm150_grab4
18583,5130,-1908,8560,CN,3,N_pwm150_grab4
18589,5236,-7952,3658,CN,3,N_pwm150_grab4
18594,-3718,-712,14784,CN,3,N_pwm150_grab4
18598,1788,-4432,5176,CN,3,N_pwm150_grab4
18603,8338,-5326,6664,CN,3,N_pwm150_grab4
18608,-1198,-500,11866,CN,3,N_pwm150_grab4
18613,3934,4308,10472,CN,3,N_pwm150_grab4
18618,1408,-4886,4978,CN,3,N_pwm150_grab4
18624,-8302,-3208,11512,CN,3,N_pwm150_grab4
18629,-1560,1096,14334,CN,3,N_pwm150_grab4
18634,-5354,598,5990,CN,3,N_pwm150_grab4
18639,-5692,2378,11954,CN,3,N_pwm150_grab4
18643,1652,3272,14544,CN,3,N_pwm150_grab4
18649,-7094,-1428,1278,CN,3,N_pwm150_grab4
18653,-7134,-632,14058,CN,3,N_pwm150_grab4
18658,-1088,-3566,11098,CN,3,N_pwm150_grab4
18663,3660,3600,14600,CN,3,N_pwm150_grab4
18668,5916,6904,16886,CN,3,N_pwm150_grab4
18673,10104,-2158,6992,CN,3,N_pwm150_grab4
18679,1642,2134,11934,CN,3,N_pwm150_grab4
18684,6982,2592,12248,CN,3,N_pwm150_grab4
18688,9668,2948,8234,CN,3,N_pwm150_grab4
18693,3924,694,12456,CN,3,N_pwm150_grab4
18698,6534,6776,13008,CN,3,N_pwm150_grab4
18703,92,-5536,4452,CN,3,N_pwm150_grab4
18708,-5000,-7634,13722,CN,3,N_pwm150_grab4
18714,-1676,-4318,8184,CN,3,N_pwm150_grab4
18718,-6418,-3402,898,CN,3,N_pwm150_grab4
18724,-7166,-6174,14952,CN,3,N_pwm150_grab4
18729,-2604,-3084,11584,CN,3,N_pwm150_grab4
18733,-4284,-7018,1194,CN,3,N_pwm150_grab4
18738,-7160,466,17496,CN,3,N_pwm150_grab4
18744,-604,-3164,10954,CN,3,N_pwm150_grab4
18749,-2448,-796,7032,CN,3,N_pwm150_grab4
18753,-1704,9854,13756,CN,3,N_pwm150_grab4
18758,5506,4392,11174,CN,3,N_pwm150_grab4
18763,3252,88,12176,CN,3,N_pwm150_grab4
18768,3702,9946,15104,CN,3,N_pwm150_grab4
18774,10400,2498,8212,CN,3,N_pwm150_grab4
18779,3606,654,11990,CN,3,N_pwm150_grab4
18784,2930,2624,10574,CN,3,N_pwm150_grab4
18790,-1458,-5898,3816,CN,3,N_pwm150_grab4
18794,-5562,-7936,13758,CN,3,N_pwm150_grab4
18799,-1698,-4182,9098,CN,3,N_pwm150_grab4
18805,-7266,-2874,856,CN,3,N_pwm150_grab4
18810,-7650,-5790,14384,CN,3,N_pwm150_grab4
18814,-2978,-2498,12662,CN,3,N_pwm150_grab4
18820,-5676,-6204,272,CN,3,N_pwm150_grab4
18825,-7790,378,17194,CN,3,N_pwm150_grab4
18829,528,-2342,10140,CN,3,N_pwm150_grab4
18834,-696,-68,8498,CN,3,N_pwm150_grab4
18839,-162,10430,14360,CN,3,N_pwm150_grab4
18845,6450,3872,9644,CN,3,N_pwm150_grab4
18850,3642,358,12504,CN,3,N_pwm150_grab4
18854,5472,9468,15548,CN,3,N_pwm150_grab4
18859,4502,4500,11464,CN,3,N_pwm150_grab4
18865,2936,1140,13452,CN,3,N_pwm150_grab4
18869,6038,7192,11548,CN,3,N_pwm150_grab4
18874,8552,-1330,8086,CN,3,N_pwm150_grab4
18880,-1238,-1238,13962,CN,3,N_pwm150_grab4
18885,2638,-4258,4406,CN,3,N_pwm150_grab4
18890,-682,-7734,1664,CN,3,N_pwm150_grab4
18894,-5476,-3736,16198,CN,3,N_pwm150_grab4
18900,-762,-5256,7806,CN,3,N_pwm150_grab4
18904,2626,-7996,5016,CN,3,N_pwm150_grab4
18910,-8262,332,16382,CN,3,N_pwm150_grab4
18914,-1700,-5140,10904,CN,3,N_pwm150_grab4
18919,-7068,-3438,1994,CN,3,N_pwm150_grab4
18925,-6920,4230,11808,CN,3,N_pwm150_grab4
18930,1202,4228,16054,CN,3,N_pwm150_grab4
18935,-474,654,9840,CN,3,N_pwm150_grab4
18939,-1178,8434,12956,CN,3,N_pwm150_grab4
18944,-2352,448,15184,CN,3,N_pwm150_grab4
18950,3864,1126,13672,CN,3,N_pwm150_grab4
18955,5118,4602,12392,CN,3,N_pwm150_grab4
18959,10924,2592,8630,CN,3,N_pwm150_grab4
18965,3242,4260,14786,CN,3,N_pwm150_grab4
18969,6720,644,12404,CN,3,N_pwm150_grab4
18974,7838,-7096,4870,CN,3,N_pwm150_grab4
18980,-1892,480,13962,CN,3,N_pwm150_grab4
18985,3958,-2862,6070,CN,3,N_pwm150_grab4
18989,-644,-8146,3434,CN,3,N_pwm150_grab4
18994,-5750,464,16920,CN,3,N_pwm150_grab4
19000,1036,-2240,11452,CN,3,N_pwm150_grab4
19005,-7948,-6138,624,CN,3,N_pwm150_grab4
19010,-8584,-6410,11746,CN,3,N_pwm150_grab4
19015,-2170,-770,12864,CN,3,N_pwm150_grab4
19020,-6626,-24,3858,CN,3,N_pwm150_grab4
19024,-7062,248,12128,CN,3,N_pwm150_grab4
19030,8392,4068,8408,CN,3,N_pwm150_grab4
19035,4062,1132,13294,CN,3,N_pwm150_grab4
19041,6318,6584,13338,CN,3,N_pwm150_grab4
19045,11528,1570,7854,CN,3,N_pwm150_grab4
19051,2366,3026,14068,CN,3,N_pwm150_grab4
19055,5636,-886,9728,CN,3,N_pwm150_grab4
19061,5620,-8046,4272,CN,3,N_pwm150_grab4
19065,-3478,-808,14626,CN,3,N_pwm150_grab4
19070,-2546,-3900,10784,CN,3,N_pwm150_grab4
19076,-3352,-7700,1832,CN,3,N_pwm150_grab4
19080,-6622,262,17398,CN,3,N_pwm150_grab4
19086,490,-3536,10864,CN,3,N_pwm150_grab4
19090,-8634,-5704,344,CN,3,N_pwm150_grab4
19096,-8738,-4158,11570,CN,3,N_pwm150_grab4
19101,-2012,546,14070,CN,3,N_pwm150_grab4
19105,-5260,554,6024,CN,3,N_pwm150_grab4
19111,2990,10108,15222,CN,3,N_pwm150_grab4
19116,2352,3618,14068,CN,3,N_pwm150_grab4
19120,986,1210,11710,CN,3,N_pwm150_grab4
19125,440,1126,10712,CN,3,N_pwm150_grab4
19130,6570,2198,8770,CN,3,N_pwm150_grab4
19135,3794,3654,14568,CN,3,N_pwm150_grab4
19141,6698,7180,16902,CN,3,N_pwm150_grab4
19146,10752,-2582,6692,CN,3,N_pwm150_grab4
19151,-4486,-1972,15244,CN,3,N_pwm150_grab4
19155,446,-5190,5554,CN,3,N_pwm150_grab4
19160,6112,-6740,6336,CN,3,N_pwm150_grab4
19165,-3266,-320,13296,CN,3,N_pwm150_grab4
19170,2832,1946,10486,CN,3,N_pwm150_grab4
19176,-2074,-6368,3496,CN,3,N_pwm150_grab4
19180,-5860,-7776,13742,CN,3,N_pwm150_grab4
19185,-1532,-4248,8990,CN,3,N_pwm150_grab4
19190,-3668,698,7948,CN,3,N_pwm150_grab4
19196,-3850,5758,12126,CN,3,N_pwm150_grab4
19200,-2960,-2158,13160,CN,3,N_pwm150_grab4
19205,-5888,-228,4374,CN,3,N_pwm150_grab4
19210,-5338,-1936,12342,CN,3,N_pwm150_grab4
19215,636,-1554,10032,CN,3,N_pwm150_grab4
19221,-40,534,9102,CN,3,N_pwm150_grab4
19231,10336,-4856,5958,CN,3,N_pwm150_grab4
19235,264,2196,12368,CN,3,N_pwm150_grab4
19240,6012,-280,8866,CN,3,N_pwm150_grab4
19245,11650,414,7690,CN,3,N_pwm150_grab4
19250,2498,268,10948,CN,3,N_pwm150_grab4
19255,5890,7246,11444,CN,3,N_pwm150_grab4
19260,8138,-1744,7868,CN,3,N_pwm150_grab4
19266,-1750,-1058,13790,CN,3,N_pwm150_grab4
19271,-1812,-3222,10636,CN,3,N_pwm150_grab4
19275,-7814,-1644,1298,CN,3,N_pwm150_grab4
19281,-7908,-3684,13186,CN,3,N_pwm150_grab4
19286,-2630,-122,14812,CN,3,N_pwm150_grab4
19291,-4296,292,7146,CN,3,N_pwm150_grab4
19297,-3646,-1692,11178,CN,3,N_pwm150_grab4
19301,1784,0,9304,CN,3,N_pwm150_grab4
19306,1976,1222,11356,CN,3,N_pwm150_grab4
19311,7262,2406,13932,CN,3,N_pwm150_grab4
19316,8912,-6454,5358,CN,3,N_pwm150_grab4
19321,-1160,1074,13276,CN,3,N_pwm150_grab4
19328,4806,-4097,-1,CN,3,N_pwm150_grab4
19332,11308,-2298,6988,CN,3,N_pwm150_grab4
19336,1222,-96,10630,CN,3,N_pwm150_grab4
19342,5624,6452,10796,CN,3,N_pwm150_grab4
19347,5634,-3608,6574,CN,3,N_pwm150_grab4
19351,-8066,-7702,12280,CN,3,N_pwm150_grab4
19356,-2330,-1854,12006,CN,3,N_pwm150_grab4
19362,-7154,-578,2772,CN,3,N_pwm150_grab4
19366,-7474,-1186,12446,CN,3,N_pwm150_grab4
19371,-1458,-4638,9264,CN,3,N_pwm150_grab4
19377,-7990,-3134,-412,CN,3,N_pwm150_grab4
19382,-8126,-526,15298,CN,3,N_pwm150_grab4
19386,-2022,-4688,11626,CN,3,N_pwm150_grab4
19391,3284,1820,13198,CN,3,N_pwm150_grab4
19396,3886,10058,16476,CN,3,N_pwm150_grab4
19401,9928,1148,8302,CN,3,N_pwm150_grab4
19406,2872,2118,12160,CN,3,N_pwm150_grab4
19411,7572,4964,14098,CN,3,N_pwm150_grab4
19417,8590,3974,8492,CN,3,N_pwm150_grab4
19421,4058,1092,13320,CN,3,N_pwm150_grab4
19426,6296,6476,13382,CN,3,N_pwm150_grab4
19431,11700,1732,8130,CN,3,N_pwm150_grab4
19437,-4658,-4634,14092,CN,3,N_pwm150_grab4
19442,-382,-5442,6310,CN,3,N_pwm150_grab4
19446,-6074,-5410,-64,CN,3,N_pwm150_grab4
19452,-7216,-6656,14762,CN,3,N_pwm150_grab4
19456,1996,-4440,4832,CN,3,N_pwm150_grab4
19462,-3810,-7654,1638,CN,3,N_pwm150_grab4
19466,-6650,242,17362,CN,3,N_pwm150_grab4
19471,166,-3804,10564,CN,3,N_pwm150_grab4
19477,-3158,-938,6362,CN,3,N_pwm150_grab4
19481,-2548,8302,12734,CN,3,N_pwm150_grab4
19487,4774,5264,11958,CN,3,N_pwm150_grab4
19491,3350,818,12650,CN,3,N_pwm150_grab4
19496,3386,10110,15596,CN,3,N_pwm150_grab4
19501,2558,3994,13556,CN,3,N_pwm150_grab4
19506,1620,1332,11896,CN,3,N_pwm150_grab4
19512,660,1492,10906,CN,3,N_pwm150_grab4
19517,10848,66,8652,CN,3,N_pwm150_grab4
19521,442,1594,13948,CN,3,N_pwm150_grab4
19526,4488,-2482,6722,CN,3,N_pwm150_grab4
19532,2010,-8536,2852,CN,3,N_pwm150_grab4
19537,-4914,-2862,15468,CN,3,N_pwm150_grab4
19543,194,-5494,6178,CN,3,N_pwm150_grab4
19548,-6926,-6074,-182,CN,3,N_pwm150_grab4
19552,-7852,-64,16486,CN,3,N_pwm150_grab4
19558,440,-1354,9660,CN,3,N_pwm150_grab4
19562,372,600,9260,CN,3,N_pwm150_grab4
19567,276,10552,14752,CN,3,N_pwm150_grab4
19572,7476,4404,9774,CN,3,N_pwm150_grab4
19577,3994,1058,13100,CN,3,N_pwm150_grab4
19582,6314,8948,16008,CN,3,N_pwm150_grab4
19587,5092,5070,10482,CN,3,N_pwm150_grab4
19593,3738,1456,13620,CN,3,N_pwm150_grab4
19597,5872,7076,10978,CN,3,N_pwm150_grab4
19602,7616,-2456,7642,CN,3,N_pwm150_grab4
19607,-2716,-1112,14112,CN,3,N_pwm150_grab4
19612,2030,-4694,4688,CN,3,N_pwm150_grab4
19618,-3124,-7878,990,CN,3,N_pwm150_grab4
19622,-6380,-5092,15856,CN,3,N_pwm150_grab4
19627,4790,-2066,6608,CN,3,N_pwm150_grab4
19632,104,-8342,3822,CN,3,N_pwm150_grab4
19638,-8098,-374,15366,CN,3,N_pwm150_grab4
19643,-2020,-4954,11710,CN,3,N_pwm150_grab4
19647,-5790,-2626,4114,CN,3,N_pwm150_grab4
19653,-5132,4316,11578,CN,3,N_pwm150_grab4
19658,2060,4936,14072,CN,3,N_pwm150_grab4
19662,1820,1468,11504,CN,3,N_pwm150_grab4
19667,816,9862,14502,CN,3,N_pwm150_grab4
19673,-624,2266,15000,CN,3,N_pwm150_grab4
19677,4280,1384,13588,CN,3,N_pwm150_grab4
19682,5908,6148,13254,CN,3,N_pwm150_grab4
19687,11928,1688,8340,CN,3,N_pwm150_grab4
19693,2460,3754,14414,CN,3,N_pwm150_grab4
19697,-16160,-7940,18943,CN,3,N_pwm150_grab4
19702,5944,-8124,4582,CN,3,N_pwm150_grab4
19713,7228,3600,12860,CN,3,N_pwm150_grab4
19718,-4622,-7624,1532,CN,3,N_pwm150_grab4
19722,-7350,34,17078,CN,3,N_pwm150_grab4
19728,-392,-4126,10444,CN,3,N_pwm150_grab4
19733,-9246,-5606,-198,CN,3,N_pwm150_grab4
19737,-8530,-4766,11094,CN,3,N_pwm150_grab4
19742,-2174,458,15044,CN,3,N_pwm150_grab4
19747,-4704,554,7268,CN,3,N_pwm150_grab4
19753,-4424,4290,12238,CN,3,N_pwm150_grab4
19757,2512,4296,12524,CN,3,N_pwm150_grab4
19763,2420,1518,12450,CN,3,N_pwm150_grab4
19768,1634,2088,11482,CN,3,N_pwm150_grab4
19773,8634,2950,9224,CN,3,N_pwm150_grab4
19778,3936,3892,14494,CN,3,N_pwm150_grab4
19783,7268,7070,16930,CN,3,N_pwm150_grab4
19787,11394,-3454,6818,CN,3,N_pwm150_grab4
19792,794,2306,12298,CN,3,N_pwm150_grab4
19798,-16157,-7426,7935,CN,3,N_pwm150_grab4
19804,-8076,-5830,-1090,CN,3,N_pwm150_grab4
19809,-8320,112,16026,CN,3,N_pwm150_grab4
19814,-1620,-5140,11344,CN,3,N_pwm150_grab4
19823,-6884,1190,10970,CN,3,N_pwm150_grab4
19828,478,3728,15494,CN,3,N_pwm150_grab4
19834,-510,1102,10052,CN,3,N_pwm150_grab4
19838,6870,8132,15756,CN,3,N_pwm150_grab4
19843,6102,5096,9346,CN,3,N_pwm150_grab4
19848,3980,1554,13724,CN,3,N_pwm150_grab4
19854,4766,4762,12710,CN,3,N_pwm150_grab4
19858,11734,2300,8596,CN,3,N_pwm150_grab4
19863,3538,4376,14800,CN,3,N_pwm150_grab4
19869,6484,1704,12704,CN,3,N_pwm150_grab4
19874,7998,-7452,5728,CN,3,N_pwm150_grab4
19878,-7612,-6108,15286,CN,3,N_pwm150_grab4
19884,3234,-3648,5540,CN,3,N_pwm150_grab4
19888,-1976,-8190,2900,CN,3,N_pwm150_grab4
19893,-7148,190,16874,CN,3,N_pwm150_grab4
19899,436,-2792,10728,CN,3,N_pwm150_grab4
19903,-9184,-6004,-318,CN,3,N_pwm150_grab4
19908,-9336,-5914,11392,CN,3,N_pwm150_grab4
19913,-2370,-592,14050,CN,3,N_pwm150_grab4
19918,3174,1240,12326,CN,3,N_pwm150_grab4
19923,3338,10636,15836,CN,3,N_pwm150_grab4
19929,1950,3758,13894,CN,3,N_pwm150_grab4
19933,1158,1416,11604,CN,3,N_pwm150_grab4
19938,1114,1256,11340,CN,3,N_pwm150_grab4
19943,7002,2488,8478,CN,3,N_pwm150_grab4
19948,3804,3624,13958,CN,3,N_pwm150_grab4
19953,7040,7834,16942,CN,3,N_pwm150_grab4
19959,2482,-8664,3354,CN,3,N_pwm150_grab4
19963,-5194,-2490,15086,CN,3,N_pwm150_grab4
19969,6134,770,10058,CN,3,N_pwm150_grab4
19974,5448,-7524,6248,CN,3,N_pwm150_grab4
19978,-3940,-306,13642,CN,3,N_pwm150_grab4
19984,2082,848,10784,CN,3,N_pwm150_grab4
19988,-4020,-6276,2776,CN,3,N_pwm150_grab4
19993,-7704,-7876,13262,CN,3,N_pwm150_grab4
19999,-216,2898,16182,CN,3,N_pwm150_grab4
20003,-1546,808,9840,CN,3,N_pwm150_grab4
20008,-1546,7664,13474,CN,3,N_pwm150_grab4
20013,-2522,-498,15326,CN,3,N_pwm150_grab4
20019,-4328,178,7654,CN,3,N_pwm150_grab4
20023,-3324,-1582,11354,CN,3,N_pwm150_grab4
20029,1782,464,9072,CN,3,N_pwm150_grab4
20033,2586,1400,11806,CN,3,N_pwm150_grab4
20038,3538,10810,16604,CN,3,N_pwm150_grab4
20043,8382,-6994,6050,CN,3,N_pwm150_grab4
20049,-1688,34,13852,CN,3,N_pwm150_grab4
20054,3678,-2978,5696,CN,3,N_pwm150_grab4
20059,-1294,-8360,3314,CN,3,N_pwm150_grab4
20065,-6460,0,16476,CN,3,N_pwm150_grab4
20069,806,-3076,10398,CN,3,N_pwm150_grab4
20075,-8838,-6406,-112,CN,3,N_pwm150_grab4
20079,-3662,6600,12298,CN,3,N_pwm150_grab4
20084,3918,5310,12888,CN,3,N_pwm150_grab4
20089,2872,1112,12414,CN,3,N_pwm150_grab4
20096,3394,10438,16014,CN,3,N_pwm150_grab4
20099,1944,3478,14280,CN,3,N_pwm150_grab4
20104,990,1256,11792,CN,3,N_pwm150_grab4
20110,566,1580,11590,CN,3,N_pwm150_grab4
20114,7312,2894,9118,CN,3,N_pwm150_grab4
20119,3710,3766,14138,CN,3,N_pwm150_grab4
20124,4556,-2448,6916,CN,3,N_pwm150_grab4
20129,1970,-8696,3124,CN,3,N_pwm150_grab4
20140,6428,624,9812,CN,3,N_pwm150_grab4
20144,4746,-7616,5874,CN,3,N_pwm150_grab4
20149,-3744,12,14614,CN,3,N_pwm150_grab4
20154,1998,-92,10382,CN,3,N_pwm150_grab4
20160,-4840,-6998,2124,CN,3,N_pwm150_grab4
20165,-7796,570,11408,CN,3,N_pwm150_grab4
20169,-6,3104,16014,CN,3,N_pwm150_grab4
20174,-1182,1048,9600,CN,3,N_pwm150_grab4
20179,-1914,8054,13302,CN,3,N_pwm150_grab4
20185,-2600,168,15352,CN,3,N_pwm150_grab4
20190,-3618,350,7572,CN,3,N_pwm150_grab4
20194,-3424,-1248,10828,CN,3,N_pwm150_grab4
20200,2282,1058,9318,CN,3,N_pwm150_grab4
20204,3138,4432,14140,CN,3,N_pwm150_grab4
20209,6856,2408,12746,CN,3,N_pwm150_grab4
20214,7756,-7020,5676,CN,3,N_pwm150_grab4
20219,-2648,-594,13946,CN,3,N_pwm150_grab4
20224,7754,5578,13792,CN,3,N_pwm150_grab4
20229,10086,-4408,7346,CN,3,N_pwm150_grab4
20234,-768,-264,11656,CN,3,N_pwm150_grab4
20239,4692,4318,10316,CN,3,N_pwm150_grab4
20244,-9288,-6176,-236,CN,3,N_pwm150_grab4
20250,-9180,-6330,11506,CN,3,N_pwm150_grab4
20254,-2570,-990,13860,CN,3,N_pwm150_grab4
20260,-5266,292,5684,CN,3,N_pwm150_grab4
20264,-5482,4548,12402,CN,3,N_pwm150_grab4
20270,-3394,-3180,12214,CN,3,N_pwm150_grab4
20275,-6728,-1082,3016,CN,3,N_pwm150_grab4
20280,-6308,-1946,13056,CN,3,N_pwm150_grab4
20284,9150,3234,9900,CN,3,N_pwm150_grab4
20290,4230,3688,14372,CN,3,N_pwm150_grab4
20294,7494,7838,16652,CN,3,N_pwm150_grab4
20300,11780,-3136,7282,CN,3,N_pwm150_grab4
20304,328,1992,12156,CN,3,N_pwm150_grab4
20311,5988,-710,7884,CN,3,N_pwm150_grab4
20316,2398,-8204,4698,CN,3,N_pwm150_grab4
20321,-5438,68,15598,CN,3,N_pwm150_grab4
20326,-2208,-5474,11336,CN,3,N_pwm150_grab4
20330,-6820,-3452,3012,CN,3,N_pwm150_grab4
20335,-6030,1500,11048,CN,3,N_pwm150_grab4
20340,990,4110,14144,CN,3,N_pwm150_grab4
20345,1450,1790,11184,CN,3,N_pwm150_grab4
20350,612,9868,14898,CN,3,N_pwm150_grab4
20356,-684,1984,14936,CN,3,N_pwm150_grab4
20361,-1074,1002,9390,CN,3,N_pwm150_grab4
20365,6308,8170,13960,CN,3,N_pwm150_grab4
20371,12800,1768,8872,CN,3,N_pwm150_grab4
20375,2128,3568,13912,CN,3,N_pwm150_grab4
20381,5802,1054,10388,CN,3,N_pwm150_grab4
20385,4848,-8298,4874,CN,3,N_pwm150_grab4
20390,-4548,-2104,14318,CN,3,N_pwm150_grab4
20395,6464,2812,11706,CN,3,N_pwm150_grab4
20400,7258,-6864,6710,CN,3,N_pwm150_grab4
20406,-8966,-1284,15826,CN,3,N_pwm150_grab4
20410,-1718,-6078,9384,CN,3,N_pwm150_grab4
20420,-8258,-3588,11210,CN,3,N_pwm150_grab4
20426,-1318,1150,15090,CN,3,N_pwm150_grab4
20431,-1956,1038,9208,CN,3,N_pwm150_grab4
20435,-1738,7182,13474,CN,3,N_pwm150_grab4
20440,-2680,-946,14918,CN,3,N_pwm150_grab4
20446,3778,1994,13858,CN,3,N_pwm150_grab4
20450,5212,7144,13876,CN,3,N_pwm150_grab4
20455,12322,3472,8920,CN,3,N_pwm150_grab4
20461,3470,3826,13860,CN,3,N_pwm150_grab4
20465,6948,4440,13662,CN,3,N_pwm150_grab4
20471,8142,-6484,6518,CN,3,N_pwm150_grab4
20476,-2210,-666,13944,CN,3,N_pwm150_grab4
20480,7624,6106,14166,CN,3,N_pwm150_grab4
20490,-7190,-1154,16176,CN,3,N_pwm150_grab4
20495,-644,-4992,8810,CN,3,N_pwm150_grab4
20506,-9268,-5922,12494,CN,3,N_pwm150_grab4
20510,-2702,-2326,13414,CN,3,N_pwm150_grab4
20515,-4852,-12,5778,CN,3,N_pwm150_grab4
20521,-4558,5114,12096,CN,3,N_pwm150_grab4
20525,3530,4876,12602,CN,3,N_pwm150_grab4
20530,2950,1832,13114,CN,3,N_pwm150_grab4
20535,3408,6416,13480,CN,3,N_pwm150_grab4
20541,10974,4800,9812,CN,3,N_pwm150_grab4
20545,4098,2596,13716,CN,3,N_pwm150_grab4
20550,6828,9052,14244,CN,3,N_pwm150_grab4
20556,11184,-1098,8084,CN,3,N_pwm150_grab4
20560,-62,1214,13614,CN,3,N_pwm150_grab4
20566,-1154,-5484,8186,CN,3,N_pwm150_grab4
20577,-8812,-5538,13520,CN,3,N_pwm150_grab4
20581,-3258,-2394,13500,CN,3,N_pwm150_grab4
20586,-4586,-520,5442,CN,3,N_pwm150_grab4
20591,-4348,-634,12298,CN,3,N_pwm150_grab4
20596,1626,-362,8354,CN,3,N_pwm150_grab4
20601,2688,866,10926,CN,3,N_pwm150_grab4
20608,7266,2854,13132,CN,3,N_pwm150_grab4
20611,11146,3272,9434,CN,3,N_pwm150_grab4
20617,3776,2316,12624,CN,3,N_pwm150_grab4
20621,7702,6956,14190,CN,3,N_pwm150_grab4
20626,10912,-3558,8066,CN,3,N_pwm150_grab4
20631,-702,-580,11388,CN,3,N_pwm150_grab4
20637,4446,4814,10000,CN,3,N_pwm150_grab4
20642,1264,-4938,5128,CN,3,N_pwm150_grab4
20647,-9260,-6000,11050,CN,3,N_pwm150_grab4
20652,-218,-6092,6944,CN,3,N_pwm150_grab4
20662,-8382,-6508,13962,CN,3,N_pwm150_grab4
20666,-3584,-4040,12388,CN,3,N_pwm150_grab4
20671,-6400,-1396,3638,CN,3,N_pwm150_grab4
20677,-5358,-1532,12870,CN,3,N_pwm150_grab4
20681,320,-1090,9228,CN,3,N_pwm150_grab4
20687,4442,4588,14636,CN,3,N_pwm150_grab4
20691,7588,6078,15882,CN,3,N_pwm150_grab4
20696,9212,4970,10048,CN,3,N_pwm150_grab4
20701,4250,1818,12860,CN,3,N_pwm150_grab4
20707,7080,9142,15550,CN,3,N_pwm150_grab4
20711,12576,-1106,8196,CN,3,N_pwm150_grab4
20717,1244,216,11320,CN,3,N_pwm150_grab4
20722,5422,5684,10554,CN,3,N_pwm150_grab4
20731,-9782,-7526,12058,CN,3,N_pwm150_grab4
20737,808,-5932,5510,CN,3,N_pwm150_grab4
20747,-9460,-7094,13554,CN,3,N_pwm150_grab4
20752,-3492,-4708,10962,CN,3,N_pwm150_grab4
20757,-7536,-1866,1552,CN,3,N_pwm150_grab4
20761,-6960,-2754,12820,CN,3,N_pwm150_grab4
20766,-74,-1726,10912,CN,3,N_pwm150_grab4
20772,4158,3344,13982,CN,3,N_pwm150_grab4
20776,7234,9308,16178,CN,3,N_pwm150_grab4
20782,7718,5616,10724,CN,3,N_pwm150_grab4
20787,3908,2316,13552,CN,3,N_pwm150_grab4
20791,6602,9662,16208,CN,3,N_pwm150_grab4
20796,12882,-104,7866,CN,3,N_pwm150_grab4
20806,6148,6436,11286,CN,3,N_pwm150_grab4
20816,-9586,-6366,13064,CN,3,N_pwm150_grab4
20822,-3140,-5424,10114,CN,3,N_pwm150_grab4
20828,-7016,-2108,1636,CN,3,N_pwm150_grab4
20832,-7250,996,12122,CN,3,N_pwm150_grab4
20838,678,3172,14508,CN,3,N_pwm150_grab4
20843,746,1490,10660,CN,3,N_pwm150_grab4
20848,-206,3640,12072,CN,3,N_pwm150_grab4
20853,12072,88,9176,CN,3,N_pwm150_grab4
20858,22,1278,12658,CN,3,N_pwm150_grab4
20862,5240,3508,10356,CN,3,N_pwm150_grab4
20867,13272,1624,8522,CN,3,N_pwm150_grab4
20873,1608,3338,13218,CN,3,N_pwm150_grab4
20877,5876,376,9482,CN,3,N_pwm150_grab4
20883,3514,-8340,4530,CN,3,N_pwm150_grab4
20887,-4590,-2102,15130,CN,3,N_pwm150_grab4
20893,-3422,-3970,12372,CN,3,N_pwm150_grab4
20897,-6192,-1626,3218,CN,3,N_pwm150_grab4
20903,-5610,-376,13536,CN,3,N_pwm150_grab4
20908,-1674,-4944,11584,CN,3,N_pwm150_grab4
20912,-8518,-4868,1680,CN,3,N_pwm150_grab4
20918,-7576,452,10798,CN,3,N_pwm150_grab4
20923,80,3502,14800,CN,3,N_pwm150_grab4
20927,66,1270,9764,CN,3,N_pwm150_grab4
20932,7228,8544,15504,CN,3,N_pwm150_grab4
20937,12144,-1896,8296,CN,3,N_pwm150_grab4
20943,614,66,11120,CN,3,N_pwm150_grab4
20948,5324,5506,10532,CN,3,N_pwm150_grab4
20952,13214,2232,9240,CN,3,N_pwm150_grab4
20958,2508,4148,14270,CN,3,N_pwm150_grab4
20962,5654,1164,10456,CN,3,N_pwm150_grab4
20968,5126,-8334,5106,CN,3,N_pwm150_grab4
20973,-9464,-7184,13290,CN,3,N_pwm150_grab4
20978,-3396,-4112,12232,CN,3,N_pwm150_grab4
20982,-6892,-1536,2814,CN,3,N_pwm150_grab4
20987,-6106,-2858,12338,CN,3,N_pwm150_grab4
20993,-2070,-6480,9362,CN,3,N_pwm150_grab4
21002,-8096,-3474,11084,CN,3,N_pwm150_grab4
21007,-822,1210,14350,CN,3,N_pwm150_grab4
21013,4246,2760,13624,CN,3,N_pwm150_grab4
21017,7124,9020,15816,CN,3,N_pwm150_grab4
21022,12316,-1510,8074,CN,3,N_pwm150_grab4
21028,838,568,11172,CN,3,N_pwm150_grab4
21033,5756,4896,10764,CN,3,N_pwm150_grab4
21038,13234,2844,8834,CN,3,N_pwm150_grab4
21043,2382,2952,12946,CN,3,N_pwm150_grab4
21048,6214,4668,12192,CN,3,N_pwm150_grab4
21058,-9634,-7160,12978,CN,3,N_pwm150_grab4
21062,-3510,-4522,10992,CN,3,N_pwm150_grab4
21067,-6904,-1764,1914,CN,3,N_pwm150_grab4
21072,-6894,-3050,11930,CN,3,N_pwm150_grab4
21078,-88,96,11948,CN,3,N_pwm150_grab4
21084,570,1262,9366,CN,3,N_pwm150_grab4
21089,-94,2010,12052,CN,3,N_pwm150_grab4
21093,12118,424,9250,CN,3,N_pwm150_grab4
21098,246,2198,14074,CN,3,N_pwm150_grab4
21104,5000,-1540,7488,CN,3,N_pwm150_grab4
21109,504,-8886,3122,CN,3,N_pwm150_grab4
21113,-5496,-4300,15180,CN,3,N_pwm150_grab4
21118,164,-6126,6592,CN,3,N_pwm150_grab4
21123,2566,-8320,4742,CN,3,N_pwm150_grab4
21129,-5232,-786,15220,CN,3,N_pwm150_grab4
21133,-1966,-5204,11656,CN,3,N_pwm150_grab4
21138,-6566,-3798,3320,CN,3,N_pwm150_grab4
21144,-5598,3200,11582,CN,3,N_pwm150_grab4
21148,1636,4618,13520,CN,3,N_pwm150_grab4
21153,2490,1838,11486,CN,3,N_pwm150_grab4
21159,1888,10998,16228,CN,3,N_pwm150_grab4
21163,344,3118,13946,CN,3,N_pwm150_grab4
21168,790,1596,10566,CN,3,N_pwm150_grab4
21174,6504,8420,13486,CN,3,N_pwm150_grab4
21179,11956,338,10002,CN,3,N_pwm150_grab4
21183,252,2682,14326,CN,3,N_pwm150_grab4
21189,4838,-794,8222,CN,3,N_pwm150_grab4
21193,882,-8952,3394,CN,3,N_pwm150_grab4
21199,-6136,-4260,14726,CN,3,N_pwm150_grab4
21204,-42,-6070,6300,CN,3,N_pwm150_grab4
21209,2574,-8540,4834,CN,3,N_pwm150_grab4
21213,-9588,-2830,14902,CN,3,N_pwm150_grab4
21219,-2552,-5436,11390,CN,3,N_pwm150_grab4
21223,-2552,-5436,11390,CN,3,N_pwm150_grab4
21228,-5466,-892,11014,CN,3,N_pwm150_grab4
21234,1404,2778,12590,CN,3,N_pwm150_grab4
21238,2326,2274,11766,CN,3,N_pwm150_grab4
21243,3068,10510,16252,CN,3,N_pwm150_grab4
21249,804,2846,13950,CN,3,N_pwm150_grab4
21253,4362,2192,13014,CN,3,N_pwm150_grab4
21259,7004,9408,14342,CN,3,N_pwm150_grab4
21263,11116,-1244,8902,CN,3,N_pwm150_grab4
21268,-642,308,12864,CN,3,N_pwm150_grab4
21273,4546,3498,10120,CN,3,N_pwm150_grab4
21278,-218,-6630,4554,CN,3,N_pwm150_grab4
21283,-6054,-5260,14172,CN,3,N_pwm150_grab4
21289,-728,-6040,7196,CN,3,N_pwm150_grab4
21293,1292,-8898,3476,CN,3,N_pwm150_grab4
21298,-9150,-6220,13178,CN,3,N_pwm150_grab4
21304,-3264,-2020,14018,CN,3,N_pwm150_grab4
21309,-4592,-582,5162,CN,3,N_pwm150_grab4
21313,-4542,-860,12780,CN,3,N_pwm150_grab4
21318,1572,-296,8124,CN,3,N_pwm150_grab4
21324,2930,1184,10558,CN,3,N_pwm150_grab4
21328,3664,11186,17074,CN,3,N_pwm150_grab4
21334,12452,3910,9570,CN,3,N_pwm150_grab4
21339,-3332,-776,13872,CN,3,N_pwm150_grab4
21344,3072,-4084,5208,CN,3,N_pwm150_grab4
21349,-4838,-8438,1728,CN,3,N_pwm150_grab4
21354,-8556,-1156,15684,CN,3,N_pwm150_grab4
21359,-1428,-5310,9540,CN,3,N_pwm150_grab4
21370,-8784,-5754,11124,CN,3,N_pwm150_grab4
21376,7390,5924,11494,CN,3,N_pwm150_grab4
21379,-2562,520,7558,CN,3,N_pwm150_grab4
21385,-2410,7010,13782,CN,3,N_pwm150_grab4
21390,5702,5606,10902,CN,3,N_pwm150_grab4
21395,3980,2346,13800,CN,3,N_pwm150_grab4
21399,5306,8358,14838,CN,3,N_pwm150_grab4
21404,13476,3566,9122,CN,3,N_pwm150_grab4
21409,3236,3022,13180,CN,3,N_pwm150_grab4
21414,6130,5974,12768,CN,3,N_pwm150_grab4
21419,7020,-5582,6972,CN,3,N_pwm150_grab4
21424,-3020,-818,14402,CN,3,N_pwm150_grab4
21430,2380,-4368,5828,CN,3,N_pwm150_grab4
21434,-5926,-8308,906,CN,3,N_pwm150_grab4
21440,-9546,-3676,14466,CN,3,N_pwm150_grab4
21445,-2680,-6722,8162,CN,3,N_pwm150_grab4
21449,-8434,-4758,-1092,CN,3,N_pwm150_grab4
21454,-8112,-2304,13382,CN,3,N_pwm150_grab4
21460,8298,3316,9948,CN,3,N_pwm150_grab4
21464,-1510,-458,6958,CN,3,N_pwm150_grab4
21469,-1376,8226,14196,CN,3,N_pwm150_grab4
21475,7964,5514,11504,CN,3,N_pwm150_grab4
21479,4244,2184,13486,CN,3,N_pwm150_grab4
21485,6432,10212,16744,CN,3,N_pwm150_grab4
21489,13754,578,8114,CN,3,N_pwm150_grab4
21494,1560,684,10740,CN,3,N_pwm150_grab4
21499,1942,-1250,11496,CN,3,N_pwm150_grab4
21505,5316,-3166,6874,CN,3,N_pwm150_grab4
21510,-3714,-1952,15248,CN,3,N_pwm150_grab4
21514,1398,-5604,5204,CN,3,N_pwm150_grab4
21525,-9044,-7422,13520,CN,3,N_pwm150_grab4
21530,-3768,-5072,10880,CN,3,N_pwm150_grab4
21535,-7490,-2554,1394,CN,3,N_pwm150_grab4
21540,1390,3024,12776,CN,3,N_pwm150_grab4
21544,10050,3964,10426,CN,3,N_pwm150_grab4
21550,436,248,7890,CN,3,N_pwm150_grab4
21555,426,8250,14394,CN,3,N_pwm150_grab4
21560,9072,5834,11208,CN,3,N_pwm150_grab4
21565,4614,2904,14052,CN,3,N_pwm150_grab4
21569,6878,9382,16530,CN,3,N_pwm150_grab4
21574,12916,-1220,8474,CN,3,N_pwm150_grab4
21580,-6540,-1210,15810,CN,3,N_pwm150_grab4
21584,316,-4660,8038,CN,3,N_pwm150_grab4
21595,-9726,-5108,13602,CN,3,N_pwm150_grab4
21601,-2682,-4790,11840,CN,3,N_pwm150_grab4
21605,-5612,-1828,3698,CN,3,N_pwm150_grab4
21611,-5116,1994,12068,CN,3,N_pwm150_grab4
21616,2570,4168,12678,CN,3,N_pwm150_grab4
21621,3778,2616,12406,CN,3,N_pwm150_grab4
21626,6692,7034,13212,CN,3,N_pwm150_grab4
21630,8176,-4378,7832,CN,3,N_pwm150_grab4
21635,4322,2924,13526,CN,3,N_pwm150_grab4
21640,6542,8422,12764,CN,3,N_pwm150_grab4
21645,10328,-916,9090,CN,3,N_pwm150_grab4
21651,-1218,944,15032,CN,3,N_pwm150_grab4
21655,3590,-2966,6226,CN,3,N_pwm150_grab4
21665,-8450,-3928,12560,CN,3,N_pwm150_grab4
21670,-2072,96,13682,CN,3,N_pwm150_grab4
21680,-8690,-1178,14820,CN,3,N_pwm150_grab4
21686,-1766,-4218,10338,CN,3,N_pwm150_grab4
21690,-3528,-2122,5016,CN,3,N_pwm150_grab4
21695,-3394,4840,12188,CN,3,N_pwm150_grab4
21700,13960,1638,8438,CN,3,N_pwm150_grab4
21705,1884,3520,12422,CN,3,N_pwm150_grab4
21710,6502,1952,9948,CN,3,N_pwm150_grab4
21715,4810,-7562,5834,CN,3,N_pwm150_grab4
21721,3176,1678,11916,CN,3,N_pwm150_grab4
21725,5916,7598,11336,CN,3,N_pwm150_grab4
21730,7542,-3508,7936,CN,3,N_pwm150_grab4
21735,-3554,388,15000,CN,3,N_pwm150_grab4
21740,-2886,-6462,9820,CN,3,N_pwm150_grab4
21745,-7646,-3470,900,CN,3,N_pwm150_grab4
21751,-6804,-972,11954,CN,3,N_pwm150_grab4
21755,566,2620,13656,CN,3,N_pwm150_grab4
21760,-8092,-3330,-136,CN,3,N_pwm150_grab4
21765,-7382,-3902,11946,CN,3,N_pwm150_grab4
21771,-512,-214,12302,CN,3,N_pwm150_grab4
21775,316,964,8846,CN,3,N_pwm150_grab4
21781,6752,8548,14020,CN,3,N_pwm150_grab4
21786,12134,780,9954,CN,3,N_pwm150_grab4
21791,220,2252,14640,CN,3,N_pwm150_grab4
21795,4566,-1700,7458,CN,3,N_pwm150_grab4
21800,-624,-9324,3088,CN,3,N_pwm150_grab4
21805,-16,2248,12544,CN,3,N_pwm150_grab4
21810,5876,-380,8162,CN,3,N_pwm150_grab4
21815,428,-8770,4580,CN,3,N_pwm150_grab4
21821,-9344,-818,15328,CN,3,N_pwm150_grab4
21825,-2186,-4862,10734,CN,3,N_pwm150_grab4
21830,-4544,-3010,3986,CN,3,N_pwm150_grab4
21835,-4366,3706,11762,CN,3,N_pwm150_grab4
21840,3734,5136,12768,CN,3,N_pwm150_grab4
21846,3538,2628,12484,CN,3,N_pwm150_grab4
21851,4348,11178,17466,CN,3,N_pwm150_grab4
21856,14528,3176,8484,CN,3,N_pwm150_grab4
21861,-4638,-276,14610,CN,3,N_pwm150_grab4
21867,2874,-1342,9890,CN,3,N_pwm150_grab4
21876,-10238,-5474,13276,CN,3,N_pwm150_grab4
21881,-2792,-6762,9682,CN,3,N_pwm150_grab4
21886,-7776,-3910,586,CN,3,N_pwm150_grab4
21892,-10276,-7480,12742,CN,3,N_pwm150_grab4
21896,-3416,-6108,9280,CN,3,N_pwm150_grab4
21901,1556,1854,10410,CN,3,N_pwm150_grab4
21906,1868,8052,14734,CN,3,N_pwm150_grab4
21911,10998,5876,10436,CN,3,N_pwm150_grab4
21917,4998,3354,14436,CN,3,N_pwm150_grab4
21922,6642,8284,13758,CN,3,N_pwm150_grab4
21927,11852,522,10212,CN,3,N_pwm150_grab4
21931,4526,3974,14264,CN,3,N_pwm150_grab4
21936,7160,9358,16874,CN,3,N_pwm150_grab4
21941,12286,-1932,8584,CN,3,N_pwm150_grab4
21947,-7448,-5404,13996,CN,3,N_pwm150_grab4
21951,-1844,-6020,6602,CN,3,N_pwm150_grab4
21962,-9134,-1478,14778,CN,3,N_pwm150_grab4
21967,-2096,-4500,10270,CN,3,N_pwm150_grab4
21971,-3424,-2354,4456,CN,3,N_pwm150_grab4
21977,-9526,-7180,11934,CN,3,N_pwm150_grab4
21982,-3140,-2928,13004,CN,3,N_pwm150_grab4
21986,4102,2928,13048,CN,3,N_pwm150_grab4
21991,5276,11120,17698,CN,3,N_pwm150_grab4
21996,14890,2264,8630,CN,3,N_pwm150_grab4
22001,2478,2092,11698,CN,3,N_pwm150_grab4
22007,5886,6656,11266,CN,3,N_pwm150_grab4
22011,5776,-4896,7042,CN,3,N_pwm150_grab4
22016,3520,2990,13272,CN,3,N_pwm150_grab4
22022,5616,7388,12046,CN,3,N_pwm150_grab4
22032,-10568,-7622,12750,CN,3,N_pwm150_grab4
22036,-3568,-5390,11272,CN,3,N_pwm150_grab4
22041,-6624,-2644,1696,CN,3,N_pwm150_grab4
22046,-5908,-470,12112,CN,3,N_pwm150_grab4
22051,1352,2900,13022,CN,3,N_pwm150_grab4
22056,2562,2328,11118,CN,3,N_pwm150_grab4
22062,-6324,-2294,12954,CN,3,N_pwm150_grab4
22067,11552,4398,9804,CN,3,N_pwm150_grab4
22071,4614,4406,14364,CN,3,N_pwm150_grab4
22076,6918,8792,15330,CN,3,N_pwm150_grab4
22081,10514,-3296,8064,CN,3,N_pwm150_grab4
22087,-2480,782,13976,CN,3,N_pwm150_grab4
22091,3938,-2430,6640,CN,3,N_pwm150_grab4
22096,-4692,-9122,2608,CN,3,N_pwm150_grab4
22103,-9004,-1994,14778,CN,3,N_pwm150_grab4
22108,-1212,-2806,9704,CN,3,N_pwm150_grab4
22112,-34,-312,6748,CN,3,N_pwm150_grab4
22117,-386,4776,13424,CN,3,N_pwm150_grab4
22122,9378,5230,11556,CN,3,N_pwm150_grab4
22127,5432,3544,15004,CN,3,N_pwm150_grab4
22133,6598,9978,17044,CN,3,N_pwm150_grab4
22137,13116,-984,9118,CN,3,N_pwm150_grab4
22142,-446,2520,13188,CN,3,N_pwm150_grab4
22147,5164,826,8834,CN,3,N_pwm150_grab4
22152,-538,-8568,4448,CN,3,N_pwm150_grab4
22157,-7858,-1524,14802,CN,3,N_pwm150_grab4
22162,-518,-3988,8772,CN,3,N_pwm150_grab4
22173,-9892,-7078,11572,CN,3,N_pwm150_grab4
22178,-2626,-2438,13186,CN,3,N_pwm150_grab4
22182,-2888,-418,5404,CN,3,N_pwm150_grab4
22187,-3322,5106,13662,CN,3,N_pwm150_grab4
22192,6878,5200,11956,CN,3,N_pwm150_grab4
22197,4412,3128,13782,CN,3,N_pwm150_grab4
22202,5620,8250,15022,CN,3,N_pwm150_grab4
22208,14504,3328,9722,CN,3,N_pwm150_grab4
22213,1986,3352,12748,CN,3,N_pwm150_grab4
22217,5870,5952,11626,CN,3,N_pwm150_grab4
22223,3982,-5820,5976,CN,3,N_pwm150_grab4
22227,-10012,-6648,13144,CN,3,N_pwm150_grab4
22232,1522,-5270,6570,CN,3,N_pwm150_grab4
22243,-9970,-6048,13664,CN,3,N_pwm150_grab4
22248,-3434,-5278,11990,CN,3,N_pwm150_grab4
22252,-5188,-2806,2834,CN,3,N_pwm150_grab4
22258,-3920,-1588,12652,CN,3,N_pwm150_grab4
22263,2064,1848,10178,CN,3,N_pwm150_grab4
22267,3734,3924,13596,CN,3,N_pwm150_grab4
22272,4230,10196,16146,CN,3,N_pwm150_grab4
22278,14328,4572,9408,CN,3,N_pwm150_grab4
22282,3688,4372,13428,CN,3,N_pwm150_grab4
22287,6328,6074,12568,CN,3,N_pwm150_grab4
22293,6466,-6056,7158,CN,3,N_pwm150_grab4
22298,-3982,-272,14968,CN,3,N_pwm150_grab4
22302,2776,-3098,7960,CN,3,N_pwm150_grab4
22313,-5470,-2386,12730,CN,3,N_pwm150_grab4
22318,-2482,-6438,10590,CN,3,N_pwm150_grab4
3002,3536,8988,14880,CN,0,N_pwm150_grab5
3008,12442,5114,8972,CN,0,N_pwm150_grab5
3013,5052,3376,14146,CN,0,N_pwm150_grab5
3017,6632,9812,15482,CN,0,N_pwm150_grab5
3023,-3152,-8664,3200,CN,0,N_pwm150_grab5
3028,-7974,-2814,15148,CN,0,N_pwm150_grab5
3032,5050,2190,9828,CN,0,N_pwm150_grab5
3037,550,-8092,4810,CN,0,N_pwm150_grab5
3042,-6052,-1562,15600,CN,0,N_pwm150_grab5
3048,1018,-5328,7848,CN,0,N_pwm150_grab5
3057,-10188,-4582,13872,CN,0,N_pwm150_grab5
3063,1220,2192,12412,CN,0,N_pwm150_grab5
3067,3086,1980,11374,CN,0,N_pwm150_grab5
3072,-6628,-3686,10850,CN,0,N_pwm150_grab5
3077,-560,182,13358,CN,0,N_pwm150_grab5
3082,594,928,8846,CN,0,N_pwm150_grab5
3088,-890,4482,12350,CN,0,N_pwm150_grab5
3092,8034,5096,10780,CN,0,N_pwm150_grab5
3097,4900,3220,14466,CN,0,N_pwm150_grab5
3103,6238,4478,11360,CN,0,N_pwm150_grab5
3108,3382,-6726,5916,CN,0,N_pwm150_grab5
3112,-4846,-340,15616,CN,0,N_pwm150_grab5
3117,6402,7320,13110,CN,0,N_pwm150_grab5
3122,7512,-4502,7116,CN,0,N_pwm150_grab5
3127,-3614,548,15218,CN,0,N_pwm150_grab5
3133,3062,-1110,8768,CN,0,N_pwm150_grab5
3138,-4538,-8652,2446,CN,0,N_pwm150_grab5
3142,-8020,-4326,12158,CN,0,N_pwm150_grab5
3147,-2392,-2736,12230,CN,0,N_pwm150_grab5
3153,-2050,-664,5670,CN,0,N_pwm150_grab5
3159,-2910,532,10674,CN,0,N_pwm150_grab5
3163,4226,3328,10698,CN,0,N_pwm150_grab5
3168,4548,2738,13764,CN,0,N_pwm150_grab5
3173,4178,8260,14718,CN,0,N_pwm150_grab5
3179,13418,4476,9020,CN,0,N_pwm150_grab5
3183,-3922,560,15286,CN,0,N_pwm150_grab5
3188,3032,-1156,9010,CN,0,N_pwm150_grab5
3194,-5260,-8532,2342,CN,0,N_pwm150_grab5
3200,-8516,-2682,14910,CN,0,N_pwm150_grab5
3204,4558,1686,9826,CN,0,N_pwm150_grab5
3208,-1536,-7934,4184,CN,0,N_pwm150_grab5
3213,-6798,-1532,15872,CN,0,N_pwm150_grab5
3218,420,-5116,8872,CN,0,N_pwm150_grab5
3223,-3858,-2072,3656,CN,0,N_pwm150_grab5
3229,-3790,-1454,10792,CN,0,N_pwm150_grab5
3234,1586,1912,10558,CN,0,N_pwm150_grab5
3238,4022,2288,11812,CN,0,N_pwm150_grab5
3243,-5434,-2904,11160,CN,0,N_pwm150_grab5
3248,-526,70,11088,CN,0,N_pwm150_grab5
3253,2176,1242,9262,CN,0,N_pwm150_grab5
3259,300,4062,12202,CN,0,N_pwm150_grab5
3263,13162,82,8998,CN,0,N_pwm150_grab5
3268,-532,1962,13694,CN,0,N_pwm150_grab5
3274,5300,3682,10508,CN,0,N_pwm150_grab5
3279,1252,-7014,4934,CN,0,N_pwm150_grab5
3283,-6108,-1058,16008,CN,0,N_pwm150_grab5
3288,5872,6144,11926,CN,0,N_pwm150_grab5
3293,5316,-5386,6182,CN,0,N_pwm150_grab5
3299,-5164,144,15570,CN,0,N_pwm150_grab5
3303,-3224,-6668,9990,CN,0,N_pwm150_grab5
3314,-6200,-3910,11374,CN,0,N_pwm150_grab5
3319,-1332,-322,12264,CN,0,N_pwm150_grab5
3323,652,536,7824,CN,0,N_pwm150_grab5
3329,-7602,-4888,12110,CN,0,N_pwm150_grab5
3334,-2612,-2738,12682,CN,0,N_pwm150_grab5
3338,-2206,-1010,5480,CN,0,N_pwm150_grab5
3343,5140,10122,15476,CN,0,N_pwm150_grab5
3349,14916,3302,8870,CN,0,N_pwm150_grab5
3353,3360,2726,13636,CN,0,N_pwm150_grab5
3359,5604,7642,12492,CN,0,N_pwm150_grab5
3364,8046,-4220,7466,CN,0,N_pwm150_grab5
3368,-4156,726,15050,CN,0,N_pwm150_grab5
3373,5888,9264,14222,CN,0,N_pwm150_grab5
3378,11286,-1920,8716,CN,0,N_pwm150_grab5
3383,-9464,-3140,14570,CN,0,N_pwm150_grab5
3388,-1828,-6724,7608,CN,0,N_pwm150_grab5
3398,-8676,-5492,12642,CN,0,N_pwm150_grab5
3403,-3344,-3570,12836,CN,0,N_pwm150_grab5
3409,-3652,-1606,4668,CN,0,N_pwm150_grab5
3415,-3406,158,11226,CN,0,N_pwm150_grab5
3419,2296,3642,11636,CN,0,N_pwm150_grab5
3424,4400,2902,13674,CN,0,N_pwm150_grab5
3429,5958,8530,13792,CN,0,N_pwm150_grab5
3435,9904,-3268,8346,CN,0,N_pwm150_grab5
3439,-2532,1250,14790,CN,0,N_pwm150_grab5
3444,3924,120,8978,CN,0,N_pwm150_grab5
3449,-2264,-8366,3746,CN,0,N_pwm150_grab5
3456,-7880,-2290,15206,CN,0,N_pwm150_grab5
3459,5162,3280,10664,CN,0,N_pwm150_grab5
3469,-9606,-4632,13690,CN,0,N_pwm150_grab5
3475,-3508,-5344,11636,CN,0,N_pwm150_grab5
3480,-5420,-2840,2256,CN,0,N_pwm150_grab5
3484,-4894,-2366,10774,CN,0,N_pwm150_grab5
3490,612,1580,12300,CN,0,N_pwm150_grab5
3494,2878,1858,10718,CN,0,N_pwm150_grab5
3499,-6812,-4100,11010,CN,0,N_pwm150_grab5
3505,-910,-592,12714,CN,0,N_pwm150_grab5
3509,5134,3700,14544,CN,0,N_pwm150_grab5
3515,6322,10824,16008,CN,0,N_pwm150_grab5
3520,13738,1546,8548,CN,0,N_pwm150_grab5
3524,1154,2176,13098,CN,0,N_pwm150_grab5
3529,5920,4928,11814,CN,0,N_pwm150_grab5
3534,3724,-6484,6200,CN,0,N_pwm150_grab5
3540,-4736,-244,15532,CN,0,N_pwm150_grab5
3544,6016,7836,13204,CN,0,N_pwm150_grab5
3549,-7742,-8610,718,CN,0,N_pwm150_grab5
3554,-10056,-3426,13974,CN,0,N_pwm150_grab5
3559,-2776,-7168,8402,CN,0,N_pwm150_grab5
3569,-8032,-4304,12080,CN,0,N_pwm150_grab5
3575,-2288,-2830,11826,CN,0,N_pwm150_grab5
3580,-1736,-710,5598,CN,0,N_pwm150_grab5
3584,-9296,-4018,13368,CN,0,N_pwm150_grab5
3590,4626,3334,10620,CN,0,N_pwm150_grab5
3594,4622,2922,13706,CN,0,N_pwm150_grab5
3599,4318,8122,14706,CN,0,N_pwm150_grab5
3605,13630,4528,8730,CN,0,N_pwm150_grab5
3609,4428,3524,14318,CN,0,N_pwm150_grab5
3614,6143,-1,-1,CN,0,N_pwm150_grab5
3619,10626,-1496,8234,CN,0,N_pwm150_grab5
3624,-2360,1032,14588,CN,0,N_pwm150_grab5
3629,4336,2210,10124,CN,0,N_pwm150_grab5
3635,-1648,-7668,4276,CN,0,N_pwm150_grab5
3639,-6904,-1356,15746,CN,0,N_pwm150_grab5
3645,160,-4896,9138,CN,0,N_pwm150_grab5
3654,-9670,-3452,13892,CN,0,N_pwm150_grab5
3659,-3162,-5996,11180,CN,0,N_pwm150_grab5
3664,-5898,-3664,1744,CN,0,N_pwm150_grab5
3670,2910,6204,13776,CN,0,N_pwm150_grab5
3675,12448,4822,9714,CN,0,N_pwm150_grab5
3680,5558,3986,15442,CN,0,N_pwm150_grab5
3685,6384,10036,14504,CN,0,N_pwm150_grab5
3691,12902,62,9118,CN,0,N_pwm150_grab5
3695,-946,1464,13822,CN,0,N_pwm150_grab5
3700,4972,4226,10696,CN,0,N_pwm150_grab5
3705,820,-6672,5092,CN,0,N_pwm150_grab5
3710,-9282,-3902,13608,CN,0,N_pwm150_grab5
3716,1386,-4448,9026,CN,0,N_pwm150_grab5
3725,-9808,-4094,13974,CN,0,N_pwm150_grab5
3731,-3178,-6652,10474,CN,0,N_pwm150_grab5
3735,-7362,-4420,764,CN,0,N_pwm150_grab5
3741,-5738,-3466,11396,CN,0,N_pwm150_grab5
3745,-1256,-198,11734,CN,0,N_pwm150_grab5
3751,5848,3762,15208,CN,0,N_pwm150_grab5
3755,-346,3750,12250,CN,0,N_pwm150_grab5
3761,8208,4774,10620,CN,0,N_pwm150_grab5
3765,5328,3580,14266,CN,0,N_pwm150_grab5
3770,5462,10002,15478,CN,0,N_pwm150_grab5
3775,14812,3064,9128,CN,0,N_pwm150_grab5
3781,2874,2694,13456,CN,0,N_pwm150_grab5
3785,5380,7182,12370,CN,0,N_pwm150_grab5
3791,-9062,-8504,-416,CN,0,N_pwm150_grab5
3796,-10298,-3808,13804,CN,0,N_pwm150_grab5
3801,2988,-1808,8504,CN,0,N_pwm150_grab5
3805,-6154,-8410,1760,CN,0,N_pwm150_grab5
3811,-9926,-3292,14050,CN,0,N_pwm150_grab5
3816,-2154,-7092,7846,CN,0,N_pwm150_grab5
3825,-8310,-5170,12360,CN,0,N_pwm150_grab5
3830,6610,4538,10794,CN,0,N_pwm150_grab5
3835,4952,3292,13982,CN,0,N_pwm150_grab5
3841,-2778,414,11326,CN,0,N_pwm150_grab5
3845,3298,3766,11166,CN,0,N_pwm150_grab5
3850,4432,2806,13036,CN,0,N_pwm150_grab5
3856,3628,8738,14948,CN,0,N_pwm150_grab5
3861,13218,5146,8748,CN,0,N_pwm150_grab5
3865,5154,3502,14380,CN,0,N_pwm150_grab5
3870,3364,-680,8756,CN,0,N_pwm150_grab5
3875,-4204,-8474,2942,CN,0,N_pwm150_grab5
3881,-9300,-2724,14396,CN,0,N_pwm150_grab5
3885,4440,1992,10130,CN,0,N_pwm150_grab5
3890,-784,-8054,4476,CN,0,N_pwm150_grab5
3895,-7118,-1882,15206,CN,0,N_pwm150_grab5
3900,6,-5508,7590,CN,0,N_pwm150_grab5
3911,-3768,-1240,10958,CN,0,N_pwm150_grab5
3916,1974,2730,11516,CN,0,N_pwm150_grab5
3920,3918,2566,12406,CN,0,N_pwm150_grab5
3926,3226,7642,14360,CN,0,N_pwm150_grab5
3931,12320,5586,9172,CN,0,N_pwm150_grab5
3937,5330,3982,14774,CN,0,N_pwm150_grab5
3941,6544,10734,15106,CN,0,N_pwm150_grab5
3946,12412,-116,9062,CN,0,N_pwm150_grab5
3951,-7892,-2006,15090,CN,0,N_pwm150_grab5
3957,-838,-5360,7846,CN,0,N_pwm150_grab5
3966,-9936,-3334,13854,CN,0,N_pwm150_grab5
3971,1548,-4012,9348,CN,0,N_pwm150_grab5
3977,-9464,-8366,-604,CN,0,N_pwm150_grab5
3982,-10234,-3458,13910,CN,0,N_pwm150_grab5
3987,-3040,-7010,10074,CN,0,N_pwm150_grab5
3992,3206,1856,11130,CN,0,N_pwm150_grab5
3996,1734,5310,13534,CN,0,N_pwm150_grab5
4002,11050,5254,10014,CN,0,N_pwm150_grab5
4007,5674,4018,15358,CN,0,N_pwm150_grab5
4011,-474,2108,11826,CN,0,N_pwm150_grab5
4016,8508,3982,10426,CN,0,N_pwm150_grab5
4021,5352,3740,14714,CN,0,N_pwm150_grab5
4027,5844,8842,14756,CN,0,N_pwm150_grab5
4032,3180,-5452,6072,CN,0,N_pwm150_grab5
4036,-5130,-162,16088,CN,0,N_pwm150_grab5
4041,2386,-3374,9150,CN,0,N_pwm150_grab5
4047,-8852,-8678,-164,CN,0,N_pwm150_grab5
4051,-9940,-3446,13990,CN,0,N_pwm150_grab5
4056,3294,-1124,9278,CN,0,N_pwm150_grab5
4061,-6336,-8554,1872,CN,0,N_pwm150_grab5
4066,-9112,-2402,14454,CN,0,N_pwm150_grab5
4072,-2286,-2588,10510,CN,0,N_pwm150_grab5
4076,-430,-446,6356,CN,0,N_pwm150_grab5
4081,-1448,612,11322,CN,0,N_pwm150_grab5
4086,6048,3264,9996,CN,0,N_pwm150_grab5
4091,5026,3284,13746,CN,0,N_pwm150_grab5
4096,-3328,-468,10774,CN,0,N_pwm150_grab5
4102,2922,3164,11026,CN,0,N_pwm150_grab5
4106,4580,2822,12688,CN,0,N_pwm150_grab5
4111,3358,8302,14654,CN,0,N_pwm150_grab5
4117,8832,-3586,7650,CN,0,N_pwm150_grab5
4122,-4192,494,14600,CN,0,N_pwm150_grab5
4126,3532,898,9876,CN,0,N_pwm150_grab5
4131,-4150,-7802,3052,CN,0,N_pwm150_grab5
4136,-8994,-1856,14814,CN,0,N_pwm150_grab5
4141,4384,3444,10598,CN,0,N_pwm150_grab5
4146,-226,-6852,4674,CN,0,N_pwm150_grab5
4152,-7298,-2190,15318,CN,0,N_pwm150_grab5
4156,-3270,-3976,12476,CN,0,N_pwm150_grab5
4161,-3958,-1802,4080,CN,0,N_pwm150_grab5
4167,-3628,204,11266,CN,0,N_pwm150_grab5
4171,1746,3470,11886,CN,0,N_pwm150_grab5
4177,4410,2462,12296,CN,0,N_pwm150_grab5
4182,2574,6844,13976,CN,0,N_pwm150_grab5
4187,12066,5358,9426,CN,0,N_pwm150_grab5
4193,5734,3904,15234,CN,0,N_pwm150_grab5
4197,3844,2180,10176,CN,0,N_pwm150_grab5
4202,-1964,-7408,4050,CN,0,N_pwm150_grab5
4207,-8500,-2856,14518,CN,0,N_pwm150_grab5
4212,-1262,-6482,6516,CN,0,N_pwm150_grab5
4222,-9504,-5902,13244,CN,0,N_pwm150_grab5
4228,826,-5722,6558,CN,0,N_pwm150_grab5
4238,-4150,-2552,11466,CN,0,N_pwm150_grab5
4242,308,1192,11186,CN,0,N_pwm150_grab5
4248,3166,1868,10612,CN,0,N_pwm150_grab5
4252,2046,4170,13078,CN,0,N_pwm150_grab5
4257,10102,4984,9766,CN,0,N_pwm150_grab5
4262,5626,3878,14784,CN,0,N_pwm150_grab5
4267,192,5844,13128,CN,0,N_pwm150_grab5
4273,8884,5694,11086,CN,0,N_pwm150_grab5
4277,438,2360,13174,CN,0,N_pwm150_grab5
4282,5656,2794,11098,CN,0,N_pwm150_grab5
4287,2204,-7690,5808,CN,0,N_pwm150_grab5
4293,-5600,-538,15350,CN,0,N_pwm150_grab5
4297,2444,-2718,9754,CN,0,N_pwm150_grab5
4303,-8428,-8480,428,CN,0,N_pwm150_grab5
4308,-10436,-3080,13772,CN,0,N_pwm150_grab5
4312,3208,-434,9670,CN,0,N_pwm150_grab5
4323,-7826,-4820,10758,CN,0,N_pwm150_grab5
4327,-1574,-334,13246,CN,0,N_pwm150_grab5
4333,-22,604,7942,CN,0,N_pwm150_grab5
4337,-1440,2656,12040,CN,0,N_pwm150_grab5
4343,7464,4446,11234,CN,0,N_pwm150_grab5
4347,4960,3408,14256,CN,0,N_pwm150_grab5
4352,-2822,-850,12152,CN,0,N_pwm150_grab5
4358,13124,3094,8634,CN,0,N_pwm150_grab5
4363,3410,5042,14022,CN,0,N_pwm150_grab5
4367,6916,6064,14038,CN,0,N_pwm150_grab5
4372,7626,-5666,7152,CN,0,N_pwm150_grab5
4377,-3572,-160,14698,CN,0,N_pwm150_grab5
4382,3228,-3502,5874,CN,0,N_pwm150_grab5
4387,-5312,-9040,2452,CN,0,N_pwm150_grab5
4393,-8530,-1180,15532,CN,0,N_pwm150_grab5
4398,-1466,-4686,9456,CN,0,N_pwm150_grab5
4408,-9352,-4568,12948,CN,0,N_pwm150_grab5
4412,-3306,-4846,11104,CN,0,N_pwm150_grab5
4417,-4202,-2368,3112,CN,0,N_pwm150_grab5
4423,-4342,552,11026,CN,0,N_pwm150_grab5
4427,2186,3592,12348,CN,0,N_pwm150_grab5
4433,4258,2498,12432,CN,0,N_pwm150_grab5
4438,5894,9580,13272,CN,0,N_pwm150_grab5
4443,10468,-1568,8468,CN,0,N_pwm150_grab5
4448,-2630,-464,14012,CN,0,N_pwm150_grab5
4454,2980,4438,10146,CN,0,N_pwm150_grab5
4458,-1032,-5168,4836,CN,0,N_pwm150_grab5
4463,-7796,-4160,14614,CN,0,N_pwm150_grab5
4468,-1712,-6820,6832,CN,0,N_pwm150_grab5
4480,-3392,6482,12914,CN,0,N_pwm150_grab5
4483,-3930,-2068,14860,CN,0,N_pwm150_grab5
4488,-4182,-1304,4128,CN,0,N_pwm150_grab5
4494,-4186,-2208,11144,CN,0,N_pwm150_grab5
4499,18,1572,11136,CN,0,N_pwm150_grab5
4503,3662,1854,10626,CN,0,N_pwm150_grab5
4509,1988,1696,13026,CN,0,N_pwm150_grab5
4513,9538,2770,8454,CN,0,N_pwm150_grab5
4518,-880,3446,15948,CN,0,N_pwm150_grab5
4523,6794,10444,17320,CN,0,N_pwm150_grab5
4528,13548,-386,8938,CN,0,N_pwm150_grab5
4534,312,2884,13466,CN,0,N_pwm150_grab5
4538,5716,-394,8516,CN,0,N_pwm150_grab5
4544,1452,-8598,5032,CN,0,N_pwm150_grab5
4549,-6010,-508,16008,CN,0,N_pwm150_grab5
4553,2006,-4202,7836,CN,0,N_pwm150_grab5
4558,-6110,-3806,1690,CN,0,N_pwm150_grab5
4564,-4918,-532,13224,CN,0,N_pwm150_grab5
4569,-1700,-5904,11558,CN,0,N_pwm150_grab5
4574,-9050,-6118,90,CN,0,N_pwm150_grab5
4578,-7976,-4474,9910,CN,0,N_pwm150_grab5
4583,-1306,792,13974,CN,0,N_pwm150_grab5
4589,-12,628,8152,CN,0,N_pwm150_grab5
4593,-694,8988,14578,CN,0,N_pwm150_grab5
4598,13542,-870,8556,CN,0,N_pwm150_grab5
4603,972,1154,11800,CN,0,N_pwm150_grab5
4608,5412,9596,15392,CN,0,N_pwm150_grab5
4613,14510,4254,8814,CN,0,N_pwm150_grab5
4618,3852,2908,13478,CN,0,N_pwm150_grab5
4623,5206,7868,11650,CN,0,N_pwm150_grab5
4629,8720,-1834,8862,CN,0,N_pwm150_grab5
4633,-2282,1256,15940,CN,0,N_pwm150_grab5
4638,-4038,-7068,8564,CN,0,N_pwm150_grab5
4649,-8382,-3820,11204,CN,0,N_pwm150_grab5
4653,-3420,-6398,6896,CN,0,N_pwm150_grab5
4663,-9180,-1930,14218,CN,0,N_pwm150_grab5
4668,-2480,-5314,10940,CN,0,N_pwm150_grab5
4674,-4432,-2908,3274,CN,0,N_pwm150_grab5
4678,4812,10576,16196,CN,0,N_pwm150_grab5
4683,14108,4888,8376,CN,0,N_pwm150_grab5
4688,4428,3778,13520,CN,0,N_pwm150_grab5
4694,6880,7790,14268,CN,0,N_pwm150_grab5
4699,9384,-3898,8172,CN,0,N_pwm150_grab5
4705,-2542,-302,13656,CN,0,N_pwm150_grab5
4709,3822,3142,10504,CN,0,N_pwm150_grab5
4715,-1994,-6876,4560,CN,0,N_pwm150_grab5
4719,-9212,-5812,11890,CN,0,N_pwm150_grab5
4724,-3118,-3770,11592,CN,0,N_pwm150_grab5
4729,-3196,-1204,4622,CN,0,N_pwm150_grab5
4736,-3660,1838,11372,CN,0,N_pwm150_grab5
4739,-4248,-4556,11940,CN,0,N_pwm150_grab5
4744,-4714,-2224,2720,CN,0,N_pwm150_grab5
4750,-4478,-2154,11964,CN,0,N_pwm150_grab5
4754,546,-450,9344,CN,0,N_pwm150_grab5
4760,4986,4218,14368,CN,0,N_pwm150_grab5
4765,6428,10546,14868,CN,0,N_pwm150_grab5
4770,11828,-490,8688,CN,0,N_pwm150_grab5
4775,-1294,2096,14536,CN,0,N_pwm150_grab5
4779,6720,10906,16620,CN,0,N_pwm150_grab5
4785,13888,438,8828,CN,0,N_pwm150_grab5
4790,260,870,12368,CN,0,N_pwm150_grab5
4794,5068,6064,11418,CN,0,N_pwm150_grab5
4799,2886,-5154,6538,CN,0,N_pwm150_grab5
4805,-10110,-2850,13896,CN,0,N_pwm150_grab5
4809,-2550,-6386,10852,CN,0,N_pwm150_grab5
4820,-5966,-1774,10556,CN,0,N_pwm150_grab5
4825,-3842,-6728,9606,CN,0,N_pwm150_grab5
4835,-6876,-3940,11384,CN,0,N_pwm150_grab5
4840,-2002,100,12702,CN,0,N_pwm150_grab5
4844,6072,3636,15308,CN,0,N_pwm150_grab5
4849,6014,5764,12816,CN,0,N_pwm150_grab5
4854,13216,2028,10076,CN,0,N_pwm150_grab5
4859,1644,4696,14470,CN,0,N_pwm150_grab5
4864,5656,11706,17612,CN,0,N_pwm150_grab5
4870,15052,3292,8686,CN,0,N_pwm150_grab5
4874,3020,4480,13350,CN,0,N_pwm150_grab5
4879,6634,2856,11674,CN,0,N_pwm150_grab5
4889,-9916,-4012,14650,CN,0,N_pwm150_grab5
4894,-3072,-7232,9072,CN,0,N_pwm150_grab5
4904,-7536,706,13650,CN,0,N_pwm150_grab5
4909,-1106,-3228,12062,CN,0,N_pwm150_grab5
4919,-9684,-7344,10418,CN,0,N_pwm150_grab5
4925,6984,5874,11278,CN,0,N_pwm150_grab5
4930,4782,3148,13222,CN,0,N_pwm150_grab5
4934,5752,11046,18364,CN,0,N_pwm150_grab5
4940,14328,1438,7644,CN,0,N_pwm150_grab5
4944,3384,2088,11672,CN,0,N_pwm150_grab5
4950,5990,7720,13612,CN,0,N_pwm150_grab5
4956,8894,-3810,8330,CN,0,N_pwm150_grab5
4961,-3032,-1222,13518,CN,0,N_pwm150_grab5
4966,-1458,-4320,11460,CN,0,N_pwm150_grab5
4976,-9550,-6396,10058,CN,0,N_pwm150_grab5
4981,-2598,-1010,14004,CN,0,N_pwm150_grab5
4985,-2338,-436,6620,CN,0,N_pwm150_grab5
4990,-2432,7656,14074,CN,0,N_pwm150_grab5
4995,-3560,-1302,15142,CN,0,N_pwm150_grab5
5000,-4026,-898,5294,CN,0,N_pwm150_grab5
5006,4190,8498,14742,CN,0,N_pwm150_grab5
5010,13482,5264,8802,CN,0,N_pwm150_grab5
5015,5040,3626,14228,CN,0,N_pwm150_grab5
5020,6214,7316,12378,CN,0,N_pwm150_grab5
5025,11308,128,9860,CN,0,N_pwm150_grab5
5031,-90,3096,16054,CN,0,N_pwm150_grab5
5036,7510,10308,17352,CN,0,N_pwm150_grab5
5040,12940,-752,8952,CN,0,N_pwm150_grab5
5046,-7430,-4872,14182,CN,0,N_pwm150_grab5
5050,-1330,-6486,5980,CN,0,N_pwm150_grab5
5060,-9988,-474,15298,CN,0,N_pwm150_grab5
5066,-2320,-5946,11254,CN,0,N_pwm150_grab5
5070,-6960,-5076,1088,CN,0,N_pwm150_grab5
5075,-7002,-1486,9750,CN,0,N_pwm150_grab5
5080,-4204,-6638,9036,CN,0,N_pwm150_grab5
5086,2080,1576,10588,CN,0,N_pwm150_grab5
5090,864,9700,15452,CN,0,N_pwm150_grab5
5095,11176,5942,9806,CN,0,N_pwm150_grab5
5100,5362,3126,14166,CN,0,N_pwm150_grab5
5105,6228,6368,13302,CN,0,N_pwm150_grab5
5111,13414,3040,9370,CN,0,N_pwm150_grab5
5115,2342,4716,14142,CN,0,N_pwm150_grab5
5120,5600,12072,17644,CN,0,N_pwm150_grab5
5126,4934,-7080,6516,CN,0,N_pwm150_grab5
5131,-4148,-1444,14854,CN,0,N_pwm150_grab5
5136,2188,-4906,5528,CN,0,N_pwm150_grab5
5140,-7754,-8728,706,CN,0,N_pwm150_grab5
5145,-9514,-928,15502,CN,0,N_pwm150_grab5
5151,-1836,-4894,10702,CN,0,N_pwm150_grab5
5161,-9104,-6786,10288,CN,0,N_pwm150_grab5
5165,-3426,-1594,13274,CN,0,N_pwm150_grab5
5171,-2334,-256,5898,CN,0,N_pwm150_grab5
5176,-3410,4664,12218,CN,0,N_pwm150_grab5
5180,5572,5154,11792,CN,0,N_pwm150_grab5
5186,4760,2798,13642,CN,0,N_pwm150_grab5
5190,4046,3726,13186,CN,0,N_pwm150_grab5
5195,12342,3508,9174,CN,0,N_pwm150_grab5
5200,4866,4440,14210,CN,0,N_pwm150_grab5
5206,3006,-2740,7148,CN,0,N_pwm150_grab5
5211,-5254,-9356,1858,CN,0,N_pwm150_grab5
5217,-9436,-5504,13816,CN,0,N_pwm150_grab5
5221,-2904,-6634,7092,CN,0,N_pwm150_grab5
5231,-8802,-1216,14196,CN,0,N_pwm150_grab5
5237,-2200,-5130,10482,CN,0,N_pwm150_grab5
5241,-4266,-3276,3614,CN,0,N_pwm150_grab5
5248,4864,10462,16246,CN,0,N_pwm150_grab5
5252,2016,3216,11820,CN,0,N_pwm150_grab5
5257,3860,2854,12172,CN,0,N_pwm150_grab5
5261,3250,10638,16126,CN,0,N_pwm150_grab5
5267,13790,5126,9064,CN,0,N_pwm150_grab5
5271,5690,3314,14514,CN,0,N_pwm150_grab5
5277,6190,9706,13968,CN,0,N_pwm150_grab5
5281,12986,544,9550,CN,0,N_pwm150_grab5
5287,-8488,-1476,14986,CN,0,N_pwm150_grab5
5292,4678,4656,10924,CN,0,N_pwm150_grab5
5296,1626,-5994,5632,CN,0,N_pwm150_grab5
5302,-6280,-2286,15114,CN,0,N_pwm150_grab5
5306,464,-6160,6370,CN,0,N_pwm150_grab5
5317,-9908,-7072,13590,CN,0,N_pwm150_grab5
5322,-4110,-5564,11342,CN,0,N_pwm150_grab5
5327,3656,2120,11606,CN,0,N_pwm150_grab5
5332,1722,2258,12674,CN,0,N_pwm150_grab5
5336,-636,-2610,9052,CN,0,N_pwm150_grab5
5341,0,-576,7298,CN,0,N_pwm150_grab5
5346,-318,6770,12716,CN,0,N_pwm150_grab5
5351,8612,6138,11032,CN,0,N_pwm150_grab5
5357,5208,3108,14148,CN,0,N_pwm150_grab5
5362,6106,11370,17622,CN,0,N_pwm150_grab5
5367,2468,-8220,5738,CN,0,N_pwm150_grab5
5371,-5810,-144,15340,CN,0,N_pwm150_grab5
5376,5394,8012,12580,CN,0,N_pwm150_grab5
5381,7692,-3404,8276,CN,0,N_pwm150_grab5
5386,-3440,778,14736,CN,0,N_pwm150_grab5
5392,3188,-344,9402,CN,0,N_pwm150_grab5
5396,-4568,-8078,2918,CN,0,N_pwm150_grab5
5402,-9584,-5314,13596,CN,0,N_pwm150_grab5
5407,-2966,-6970,6876,CN,0,N_pwm150_grab5
5411,-1424,180,7680,CN,0,N_pwm150_grab5
5416,-1900,4496,12468,CN,0,N_pwm150_grab5
5422,-3686,-3224,13318,CN,0,N_pwm150_grab5
5426,-3828,-1254,4816,CN,0,N_pwm150_grab5
5432,-3334,1484,14004,CN,0,N_pwm150_grab5
5436,2064,-1454,6724,CN,0,N_pwm150_grab5
5441,2488,98,10296,CN,0,N_pwm150_grab5
5446,3560,11240,16762,CN,0,N_pwm150_grab5
5451,9372,-5552,7792,CN,0,N_pwm150_grab5
5456,-1920,422,14258,CN,0,N_pwm150_grab5
5463,4220,-3136,5826,CN,0,N_pwm150_grab5
5467,-2072,-8942,3896,CN,0,N_pwm150_grab5
5473,-7356,-496,15834,CN,0,N_pwm150_grab5
5477,414,-2394,10810,CN,0,N_pwm150_grab5
5488,-10272,-7756,12552,CN,0,N_pwm150_grab5
5492,2502,4212,12904,CN,0,N_pwm150_grab5
5498,3662,2504,12568,CN,0,N_pwm150_grab5
5504,3014,11260,16362,CN,0,N_pwm150_grab5
5507,648,2746,14212,CN,0,N_pwm150_grab5
5513,1840,1390,10728,CN,0,N_pwm150_grab5
5517,806,232,12662,CN,0,N_pwm150_grab5
5523,7460,2026,7864,CN,0,N_pwm150_grab5
5527,4576,2976,13174,CN,0,N_pwm150_grab5
5532,5954,1514,11134,CN,0,N_pwm150_grab5
5537,2678,-8254,5360,CN,0,N_pwm150_grab5
5542,-5028,-2846,14492,CN,0,N_pwm150_grab5
5547,6980,2840,12002,CN,0,N_pwm150_grab5
5552,5538,-7082,7124,CN,0,N_pwm150_grab5
5558,-3906,-1330,13784,CN,0,N_pwm150_grab5
5563,2630,2538,10898,CN,0,N_pwm150_grab5
5567,-4248,-6454,3384,CN,0,N_pwm150_grab5
5572,-8858,-5680,9912,CN,0,N_pwm150_grab5
5577,-2164,-186,14068,CN,0,N_pwm150_grab5
5582,-1552,394,7542,CN,0,N_pwm150_grab5
5588,-2382,6464,13140,CN,0,N_pwm150_grab5
5592,-4072,-1860,14138,CN,0,N_pwm150_grab5
5597,-3550,-668,5054,CN,0,N_pwm150_grab5
5602,-3764,76,13066,CN,0,N_pwm150_grab5
5608,2084,-1366,7026,CN,0,N_pwm150_grab5
5612,4098,5202,13864,CN,0,N_pwm150_grab5
5618,7498,7228,15220,CN,0,N_pwm150_grab5
5623,9656,-4568,7702,CN,0,N_pwm150_grab5
5627,-2132,370,14260,CN,0,N_pwm150_grab5
5633,7466,8184,15898,CN,0,N_pwm150_grab5
5638,11980,-2684,7968,CN,0,N_pwm150_grab5
5642,-516,-398,12042,CN,0,N_pwm150_grab5
5648,4584,6220,10770,CN,0,N_pwm150_grab5
5653,-10138,-7352,-574,CN,0,N_pwm150_grab5
5657,-9844,-7328,12620,CN,0,N_pwm150_grab5
5663,-4158,-5042,11550,CN,0,N_pwm150_grab5
5667,-5900,-2330,1988,CN,0,N_pwm150_grab5
5673,-5888,476,11622,CN,0,N_pwm150_grab5
5677,-4320,-5872,10466,CN,0,N_pwm150_grab5
5682,-7736,-3306,44,CN,0,N_pwm150_grab5
5687,-7152,-342,13426,CN,0,N_pwm150_grab5
5693,9356,2606,9044,CN,0,N_pwm150_grab5
5697,5788,3426,14390,CN,0,N_pwm150_grab5
5702,6542,11480,17122,CN,0,N_pwm150_grab5
5708,14588,1620,8344,CN,0,N_pwm150_grab5
5712,1514,3462,12998,CN,0,N_pwm150_grab5
5718,6668,2204,10726,CN,0,N_pwm150_grab5
5723,3154,-7588,5740,CN,0,N_pwm150_grab5
5729,-5474,-446,15156,CN,0,N_pwm150_grab5
5733,-2666,-6590,10498,CN,0,N_pwm150_grab5
5739,-7746,-5158,484,CN,0,N_pwm150_grab5
5743,-6314,-3312,12026,CN,0,N_pwm150_grab5
5748,-1364,-1748,10160,CN,0,N_pwm150_grab5
5753,572,460,7960,CN,0,N_pwm150_grab5
5760,-52,7026,13070,CN,0,N_pwm150_grab5
5764,-2756,-910,13244,CN,0,N_pwm150_grab5
5769,-1540,10,6838,CN,0,N_pwm150_grab5
5773,6014,11466,16970,CN,0,N_pwm150_grab5
5779,14988,2200,8666,CN,0,N_pwm150_grab5
5783,2432,1588,12332,CN,0,N_pwm150_grab5
5788,5340,6892,10558,CN,0,N_pwm150_grab5
5793,7086,-1994,8388,CN,0,N_pwm150_grab5
5798,-3480,1158,16078,CN,0,N_pwm150_grab5
5804,6600,7588,15346,CN,0,N_pwm150_grab5
5809,9684,-4434,7670,CN,0,N_pwm150_grab5
5813,-10170,-7872,13020,CN,0,N_pwm150_grab5
5819,-3998,-6176,8294,CN,0,N_pwm150_grab5
5829,-8236,-4774,13116,CN,0,N_pwm150_grab5
5834,-2876,-3662,11850,CN,0,N_pwm150_grab5
5838,-2692,-1354,5102,CN,0,N_pwm150_grab5
5843,-1982,-772,12358,CN,0,N_pwm150_grab5
5848,-2546,-5676,11322,CN,0,N_pwm150_grab5
5853,3792,2366,11860,CN,0,N_pwm150_grab5
5859,4748,11352,16670,CN,0,N_pwm150_grab5
5864,14210,5016,8560,CN,0,N_pwm150_grab5
5868,4928,4358,13920,CN,0,N_pwm150_grab5
5873,7210,6570,14934,CN,0,N_pwm150_grab5
5878,9792,-4834,8468,CN,0,N_pwm150_grab5
5884,-2110,-1132,12980,CN,0,N_pwm150_grab5
5889,6534,6970,12496,CN,0,N_pwm150_grab5
5893,-506,-5676,5600,CN,0,N_pwm150_grab5
5898,-7546,-3400,14292,CN,0,N_pwm150_grab5
5904,-1502,-6602,5982,CN,0,N_pwm150_grab5
5913,-10124,-7520,12788,CN,0,N_pwm150_grab5
5919,-4574,-3288,13488,CN,0,N_pwm150_grab5
5924,-4994,-1492,3320,CN,0,N_pwm150_grab5
5928,-4480,-1012,13218,CN,0,N_pwm150_grab5
5933,-2362,-6020,10874,CN,0,N_pwm150_grab5
5939,2300,770,9540,CN,0,N_pwm150_grab5
5943,2444,9138,14756,CN,0,N_pwm150_grab5
5949,11616,6586,10308,CN,0,N_pwm150_grab5
5953,5678,3644,14690,CN,0,N_pwm150_grab5
5958,7008,10524,16490,CN,0,N_pwm150_grab5
5964,13262,-394,8542,CN,0,N_pwm150_grab5
5969,590,120,12006,CN,0,N_pwm150_grab5
5975,242,-1636,11846,CN,0,N_pwm150_grab5
5984,-10384,-6918,12816,CN,0,N_pwm150_grab5
5989,-4336,-5654,10952,CN,0,N_pwm150_grab5
5995,-5812,-2848,1424,CN,0,N_pwm150_grab5
5999,-5836,-348,11616,CN,0,N_pwm150_grab5
6005,938,2852,13342,CN,0,N_pwm150_grab5
6009,2962,2070,11408,CN,0,N_pwm150_grab5
6014,6376,7362,11880,CN,0,N_pwm150_grab5
6020,10060,2946,9314,CN,0,N_pwm150_grab5
6025,5918,3856,14460,CN,0,N_pwm150_grab5
6029,6780,11356,16652,CN,0,N_pwm150_grab5
6034,14368,1428,8904,CN,0,N_pwm150_grab5
6040,892,3268,13530,CN,0,N_pwm150_grab5
6044,6496,1836,10330,CN,0,N_pwm150_grab5
6049,1630,-8110,5294,CN,0,N_pwm150_grab5
6054,-6288,-710,15600,CN,0,N_pwm150_grab5
6059,1834,-2994,9710,CN,0,N_pwm150_grab5
6070,-10316,-1758,14824,CN,0,N_pwm150_grab5
6074,-2184,-5996,11282,CN,0,N_pwm150_grab5
6085,-6900,-4110,10644,CN,0,N_pwm150_grab5
6090,-1284,490,12718,CN,0,N_pwm150_grab5
6094,1246,1328,8748,CN,0,N_pwm150_grab5
6099,6936,9504,16780,CN,0,N_pwm150_grab5
6105,10818,6354,10558,CN,0,N_pwm150_grab5
6109,6082,3140,14358,CN,0,N_pwm150_grab5
6114,6062,9662,14696,CN,0,N_pwm150_grab5
6119,14676,3154,10130,CN,0,N_pwm150_grab5
6125,2654,2072,13358,CN,0,N_pwm150_grab5
6130,5300,7314,11828,CN,0,N_pwm150_grab5
6134,5324,-4308,7126,CN,0,N_pwm150_grab5
6140,-11016,-7030,13240,CN,0,N_pwm150_grab5
6145,1838,-4888,6350,CN,0,N_pwm150_grab5
6155,-10904,-7406,13486,CN,0,N_pwm150_grab5
6160,-4328,-6600,9596,CN,0,N_pwm150_grab5
6169,-7278,-616,13768,CN,0,N_pwm150_grab5
6174,-306,-3568,9530,CN,0,N_pwm150_grab5
6179,5554,3774,14114,CN,0,N_pwm150_grab5
6184,7006,11714,17316,CN,0,N_pwm150_grab5
6190,9088,6214,11316,CN,0,N_pwm150_grab5
6195,5566,3550,14586,CN,0,N_pwm150_grab5
6200,6144,11924,17590,CN,0,N_pwm150_grab5
6204,14924,2100,8394,CN,0,N_pwm150_grab5
6209,2282,1260,11590,CN,0,N_pwm150_grab5
6214,5248,7696,11408,CN,0,N_pwm150_grab5
6225,-10962,-4706,13592,CN,0,N_pwm150_grab5
6231,-3668,-7346,9296,CN,0,N_pwm150_grab5
6241,-6814,-2884,11332,CN,0,N_pwm150_grab5
6245,-298,1328,13304,CN,0,N_pwm150_grab5
6250,2036,1662,9822,CN,0,N_pwm150_grab5
6255,754,3336,12968,CN,0,N_pwm150_grab5
6261,13238,1136,9710,CN,0,N_pwm150_grab5
6265,-116,746,13588,CN,0,N_pwm150_grab5
6270,3958,5568,10140,CN,0,N_pwm150_grab5
6275,13342,1804,9816,CN,0,N_pwm150_grab5
6280,1894,5120,14902,CN,0,N_pwm150_grab5
6285,6374,2408,11170,CN,0,N_pwm150_grab5
6290,2556,-8040,5258,CN,0,N_pwm150_grab5
6295,-5928,-3186,14682,CN,0,N_pwm150_grab5
6300,-4628,-3936,13184,CN,0,N_pwm150_grab5
6306,-5318,-1972,2412,CN,0,N_pwm150_grab5
6311,-4480,-906,13484,CN,0,N_pwm150_grab5
6315,-2314,-5988,11282,CN,0,N_pwm150_grab5
6325,-6368,-4492,11168,CN,0,N_pwm150_grab5
6330,-1492,-696,11592,CN,0,N_pwm150_grab5
6336,1132,1080,8128,CN,0,N_pwm150_grab5
6340,6760,9916,16726,CN,0,N_pwm150_grab5
6345,13156,-1378,8910,CN,0,N_pwm150_grab5
6350,-538,2286,13434,CN,0,N_pwm150_grab5
6356,5640,1896,10112,CN,0,N_pwm150_grab5
6361,14722,1896,9856,CN,0,N_pwm150_grab5
6365,1748,1272,12744,CN,0,N_pwm150_grab5
6371,4890,6800,10550,CN,0,N_pwm150_grab5
6375,4670,-3724,7482,CN,0,N_pwm150_grab5
6381,-10994,-7330,12998,CN,0,N_pwm150_grab5
6386,-4276,-5762,11664,CN,0,N_pwm150_grab5
6395,-5294,1120,12074,CN,0,N_pwm150_grab5
6400,-4674,-5736,10960,CN,0,N_pwm150_grab5
6411,-6172,-3018,12884,CN,0,N_pwm150_grab5
6415,-544,-2230,10204,CN,0,N_pwm150_grab5
6421,5630,4396,14842,CN,0,N_pwm150_grab5
6426,6646,9754,14862,CN,0,N_pwm150_grab5
6430,13176,1598,10078,CN,0,N_pwm150_grab5
6435,648,3148,14804,CN,0,N_pwm150_grab5
6441,5700,1724,10122,CN,0,N_pwm150_grab5
6445,14506,2008,8954,CN,0,N_pwm150_grab5
6450,1406,2696,12732,CN,0,N_pwm150_grab5
6456,6276,4186,11708,CN,0,N_pwm150_grab5
6465,-10272,-344,15498,CN,0,N_pwm150_grab5
6475,-6520,-5210,1782,CN,0,N_pwm150_grab5
6480,-5920,-1532,9974,CN,0,N_pwm150_grab5
6486,932,2754,13432,CN,0,N_pwm150_grab5
6492,3194,2412,10832,CN,0,N_pwm150_grab5
6496,2278,10274,16134,CN,0,N_pwm150_grab5
6502,10628,-3516,8182,CN,0,N_pwm150_grab5
6507,-2746,-848,12808,CN,0,N_pwm150_grab5
6512,3322,4406,10152,CN,0,N_pwm150_grab5
6517,-2102,-6089,-1,CN,0,N_pwm150_grab5
6522,-8626,-1884,14732,CN,0,N_pwm150_grab5
6526,-812,-5608,8218,CN,0,N_pwm150_grab5
6532,686,-7224,4954,CN,0,N_pwm150_grab5
6536,-7624,-2976,14500,CN,0,N_pwm150_grab5
6542,-3928,-3664,12894,CN,0,N_pwm150_grab5
6546,-3660,-1460,4014,CN,0,N_pwm150_grab5
6551,-3300,762,11446,CN,0,N_pwm150_grab5
6556,3514,3640,11664,CN,0,N_pwm150_grab5
6561,4526,3126,12248,CN,0,N_pwm150_grab5
6566,3910,4698,13594,CN,0,N_pwm150_grab5
6572,722,-608,8106,CN,0,N_pwm150_grab5
6576,2966,1516,9916,CN,0,N_pwm150_grab5
6581,3200,7662,14400,CN,0,N_pwm150_grab5
6586,10544,-2386,8520,CN,0,N_pwm150_grab5
6592,-2394,1466,14918,CN,0,N_pwm150_grab5
6596,3540,-2630,6664,CN,0,N_pwm150_grab5
6601,-4716,-9536,2622,CN,0,N_pwm150_grab5
6607,-10068,-3088,14128,CN,0,N_pwm150_grab5
6611,-2214,-6784,7008,CN,0,N_pwm150_grab5
6617,-2044,-8456,4498,CN,0,N_pwm150_grab5
6621,-8518,-1942,14208,CN,0,N_pwm150_grab5
6627,-1374,-5144,10972,CN,0,N_pwm150_grab5
6631,-3998,-3314,4536,CN,0,N_pwm150_grab5
6637,-2972,3308,11554,CN,0,N_pwm150_grab5
6641,5778,5234,12308,CN,0,N_pwm150_grab5
6646,5022,3344,13548,CN,0,N_pwm150_grab5
6651,4966,12064,17406,CN,0,N_pwm150_grab5
6656,3658,4376,12358,CN,0,N_pwm150_grab5
6662,4462,2890,13168,CN,0,N_pwm150_grab5
6667,5644,7148,10552,CN,0,N_pwm150_grab5
6672,8132,-1206,9276,CN,0,N_pwm150_grab5
6676,-2896,2076,16808,CN,0,N_pwm150_grab5
6681,3166,-1896,8166,CN,0,N_pwm150_grab5
6686,-6212,-9656,1550,CN,0,N_pwm150_grab5
6692,-10292,-5668,13570,CN,0,N_pwm150_grab5
6697,-3284,-6924,7350,CN,0,N_pwm150_grab5
6702,-4580,-9484,3028,CN,0,N_pwm150_grab5
6706,-8162,-2766,13588,CN,0,N_pwm150_grab5
6711,-2208,-3972,9778,CN,0,N_pwm150_grab5
6717,-1422,-1374,5132,CN,0,N_pwm150_grab5
6722,-968,640,12872,CN,0,N_pwm150_grab5
6726,6118,1482,8006,CN,0,N_pwm150_grab5
6731,5142,2522,12290,CN,0,N_pwm150_grab5
6736,5920,12066,17462,CN,0,N_pwm150_grab5
6742,15572,3036,9064,CN,0,N_pwm150_grab5
6748,-6212,-3118,14684,CN,0,N_pwm150_grab5
6753,818,-6056,5244,CN,0,N_pwm150_grab5
6763,-10822,-1910,15130,CN,0,N_pwm150_grab5
6767,-2838,-6642,11068,CN,0,N_pwm150_grab5
6772,-7426,-5612,356,CN,0,N_pwm150_grab5
6777,-5666,-3084,12342,CN,0,N_pwm150_grab5
6784,-292,-1350,10180,CN,0,N_pwm150_grab5
6788,2084,1150,8698,CN,0,N_pwm150_grab5
6793,2138,8874,14904,CN,0,N_pwm150_grab5
6797,12424,6678,10048,CN,0,N_pwm150_grab5
6802,6070,3990,14970,CN,0,N_pwm150_grab5
6807,6626,10924,16242,CN,0,N_pwm150_grab5
6813,13122,-120,9616,CN,0,N_pwm150_grab5
6817,-326,86,12998,CN,0,N_pwm150_grab5
6823,3818,5784,10004,CN,0,N_pwm150_grab5
6828,1242,-4916,6172,CN,0,N_pwm150_grab5
6832,-7180,-2138,15184,CN,0,N_pwm150_grab5
6838,-618,-6296,6288,CN,0,N_pwm150_grab5
6842,-10836,-8522,-2488,CN,0,N_pwm150_grab5
6848,-10190,-6754,13176,CN,0,N_pwm150_grab5
6852,-4762,-4574,12132,CN,0,N_pwm150_grab5
6857,-4144,-2062,2674,CN,0,N_pwm150_grab5
6862,-3658,-596,12912,CN,0,N_pwm150_grab5
6867,13822,3608,9334,CN,0,N_pwm150_grab5
6873,3578,1838,10062,CN,0,N_pwm150_grab5
6877,3762,5356,13918,CN,0,N_pwm150_grab5
6882,13420,4888,10184,CN,0,N_pwm150_grab5
6888,5686,4832,15046,CN,0,N_pwm150_grab5
6892,6334,8802,14930,CN,0,N_pwm150_grab5
6898,10628,-3256,8008,CN,0,N_pwm150_grab5
6902,-3380,1300,14190,CN,0,N_pwm150_grab5
6908,-3184,-7188,8046,CN,0,N_pwm150_grab5
6913,-5330,-9246,2680,CN,0,N_pwm150_grab5
6917,-10216,-1866,14476,CN,0,N_pwm150_grab5
6922,-1552,-4916,10096,CN,0,N_pwm150_grab5
6932,-9666,-4956,12280,CN,0,N_pwm150_grab5
6937,-2286,-4212,11254,CN,0,N_pwm150_grab5
6943,-2202,-1386,4904,CN,0,N_pwm150_grab5
6947,6300,12102,17500,CN,0,N_pwm150_grab5
6952,15104,2248,9222,CN,0,N_pwm150_grab5
6957,5300,3628,13958,CN,0,N_pwm150_grab5
6962,5450,11188,16336,CN,0,N_pwm150_grab5
6967,15646,4104,9044,CN,0,N_pwm150_grab5
6972,3078,2526,12936,CN,0,N_pwm150_grab5
6977,5204,6416,10200,CN,0,N_pwm150_grab5
6983,5696,-2628,8662,CN,0,N_pwm150_grab5
6987,-11058,-8102,12668,CN,0,N_pwm150_grab5
6993,-4830,-6046,10924,CN,0,N_pwm150_grab5
6998,-6018,-3322,558,CN,0,N_pwm150_grab5
7004,-5558,-2132,11982,CN,0,N_pwm150_grab5
7008,310,1744,12508,CN,0,N_pwm150_grab5
7013,3322,2178,10670,CN,0,N_pwm150_grab5
7018,2594,1082,13776,CN,0,N_pwm150_grab5
7023,11068,2550,8624,CN,0,N_pwm150_grab5
7029,-1872,3328,16292,CN,0,N_pwm150_grab5
7033,3970,-624,8516,CN,0,N_pwm150_grab5
7038,-4020,-9606,2924,CN,0,N_pwm150_grab5
7043,-1652,2332,13854,CN,0,N_pwm150_grab5
7048,5058,38,8688,CN,0,N_pwm150_grab5
7053,-2444,-9148,4154,CN,0,N_pwm150_grab5
7058,-9328,-1718,14556,CN,0,N_pwm150_grab5
7063,-888,-3554,10150,CN,0,N_pwm150_grab5
7069,-2814,-2588,4364,CN,0,N_pwm150_grab5
7073,-1900,-212,11874,CN,0,N_pwm150_grab5
7078,5546,2636,9550,CN,0,N_pwm150_grab5
7083,-4296,-3054,3348,CN,0,N_pwm150_grab5
7089,-3144,1982,11836,CN,0,N_pwm150_grab5
7093,4920,4634,11872,CN,0,N_pwm150_grab5
7099,4588,3542,12714,CN,0,N_pwm150_grab5
7103,4782,11258,16390,CN,0,N_pwm150_grab5
7108,5372,-6204,7098,CN,0,N_pwm150_grab5
7114,-5122,-1568,14160,CN,0,N_pwm150_grab5
7119,2718,942,11034,CN,0,N_pwm150_grab5
7124,-7606,-7324,818,CN,0,N_pwm150_grab5
7128,-2972,1736,16782,CN,0,N_pwm150_grab5
7133,3006,-2566,8000,CN,0,N_pwm150_grab5
7139,-7360,-9790,1054,CN,0,N_pwm150_grab5
7143,-10982,-5346,13672,CN,0,N_pwm150_grab5
7149,-694,392,12736,CN,0,N_pwm150_grab5
7153,2108,1550,9504,CN,0,N_pwm150_grab5
7158,1394,1326,13326,CN,0,N_pwm150_grab5
7164,10476,3532,9664,CN,0,N_pwm150_grab5
7168,140,-920,6404,CN,0,N_pwm150_grab5
7173,526,1370,12782,CN,0,N_pwm150_grab5
7179,9090,3554,10322,CN,0,N_pwm150_grab5
7184,6560,3854,15054,CN,0,N_pwm150_grab5
7188,6242,11462,17378,CN,0,N_pwm150_grab5
7193,-684,-8984,4606,CN,0,N_pwm150_grab5
7198,-8602,-2734,14288,CN,0,N_pwm150_grab5
7203,-668,-5812,6856,CN,0,N_pwm150_grab5
7213,-7474,-2150,14602,CN,0,N_pwm150_grab5
7219,710,-714,11532,CN,0,N_pwm150_grab5
7228,-11276,-6736,13000,CN,0,N_pwm150_grab5
7234,3382,3756,11838,CN,0,N_pwm150_grab5
7238,4258,3534,11780,CN,0,N_pwm150_grab5
7243,4418,11838,17228,CN,0,N_pwm150_grab5
7249,15704,4818,8656,CN,0,N_pwm150_grab5
7254,4732,3136,13236,CN,0,N_pwm150_grab5
7259,5440,8840,12286,CN,0,N_pwm150_grab5
7264,8566,-2224,9300,CN,0,N_pwm150_grab5
7270,-11262,-2092,14280,CN,0,N_pwm150_grab5
7274,-2596,-6144,10866,CN,0,N_pwm150_grab5
7285,-7994,-4232,10434,CN,0,N_pwm150_grab5
7289,-672,948,13874,CN,0,N_pwm150_grab5
7294,1780,1542,9304,CN,0,N_pwm150_grab5
7299,-7628,-4844,12194,CN,0,N_pwm150_grab5
7305,-1966,-1322,12214,CN,0,N_pwm150_grab5
7309,734,428,7240,CN,0,N_pwm150_grab5
7314,5696,3552,11968,CN,0,N_pwm150_grab5
7320,12362,412,10324,CN,0,N_pwm150_grab5
7324,722,4510,15582,CN,0,N_pwm150_grab5
7329,5294,52,8694,CN,0,N_pwm150_grab5
7334,-282,-9410,4124,CN,0,N_pwm150_grab5
7339,330,3042,12550,CN,0,N_pwm150_grab5
7345,6602,2928,10768,CN,0,N_pwm150_grab5
7349,1482,-7930,5748,CN,0,N_pwm150_grab5
7355,-10284,-758,15300,CN,0,N_pwm150_grab5
7359,-2094,-5090,12272,CN,0,N_pwm150_grab5
7370,-4216,-1450,10586,CN,0,N_pwm150_grab5
7374,2030,3106,11736,CN,0,N_pwm150_grab5
7379,3930,3230,11392,CN,0,N_pwm150_grab5
7384,-4850,-1054,11986,CN,0,N_pwm150_grab5
7390,924,2792,12572,CN,0,N_pwm150_grab5
7394,5450,3610,14256,CN,0,N_pwm150_grab5
7399,5620,8770,12446,CN,0,N_pwm150_grab5
7405,10192,-1194,9896,CN,0,N_pwm150_grab5
7409,-2640,636,14776,CN,0,N_pwm150_grab5
7414,2924,2736,10166,CN,0,N_pwm150_grab5
7424,-1006,3020,15956,CN,0,N_pwm150_grab5
7429,4186,-1352,7902,CN,0,N_pwm150_grab5
7439,-8492,-5334,12628,CN,0,N_pwm150_grab5
7444,-2838,-2950,11972,CN,0,N_pwm150_grab5
7450,-1158,-550,5846,CN,0,N_pwm150_grab5
7455,-750,2174,14186,CN,0,N_pwm150_grab5
7459,7198,-44,6736,CN,0,N_pwm150_grab5
7465,5074,1970,11976,CN,0,N_pwm150_grab5
7470,-2716,6202,12254,CN,0,N_pwm150_grab5
7474,15148,1496,8608,CN,0,N_pwm150_grab5
7480,1636,2884,11914,CN,0,N_pwm150_grab5
7485,6824,5004,11834,CN,0,N_pwm150_grab5
7490,3964,-6630,6628,CN,0,N_pwm150_grab5
7495,-5258,-2566,14348,CN,0,N_pwm150_grab5
7499,1996,1828,11158,CN,0,N_pwm150_grab5
7511,-10770,-8718,12884,CN,0,N_pwm150_grab5
7515,1308,3672,13294,CN,0,N_pwm150_grab5
7521,3442,2432,10740,CN,0,N_pwm150_grab5
7525,2202,9394,15418,CN,0,N_pwm150_grab5
7531,13662,5812,9766,CN,0,N_pwm150_grab5
7535,6392,4064,15194,CN,0,N_pwm150_grab5
7540,6012,5196,11654,CN,0,N_pwm150_grab5
7545,11586,-12,11080,CN,0,N_pwm150_grab5
7552,-588,4050,16148,CN,0,N_pwm150_grab5
7556,4598,-430,8538,CN,0,N_pwm150_grab5
7561,-2040,-9542,3608,CN,0,N_pwm150_grab5
7566,-9106,-3308,14036,CN,0,N_pwm150_grab5
7570,-1870,-6310,6408,CN,0,N_pwm150_grab5
7581,-10286,-286,14736,CN,0,N_pwm150_grab5
7586,-1666,-4962,11744,CN,0,N_pwm150_grab5
7591,-4686,-3932,3786,CN,0,N_pwm150_grab5
7596,-3504,2006,10970,CN,0,N_pwm150_grab5
7600,4738,4944,12692,CN,0,N_pwm150_grab5
7606,4670,3466,13012,CN,0,N_pwm150_grab5
7611,4732,9426,15352,CN,0,N_pwm150_grab5
7616,15336,4926,8692,CN,0,N_pwm150_grab5
7621,4446,3674,13364,CN,0,N_pwm150_grab5
7626,5792,5942,10210,CN,0,N_pwm150_grab5
7630,7818,-1468,9192,CN,0,N_pwm150_grab5
7635,-10554,-7698,13418,CN,0,N_pwm150_grab5
7641,2464,-3768,5680,CN,0,N_pwm150_grab5
7645,-6682,-9688,672,CN,0,N_pwm150_grab5
7650,-10496,-4278,14394,CN,0,N_pwm150_grab5
7655,-3242,-6982,7942,CN,0,N_pwm150_grab5
7665,-7896,978,14260,CN,0,N_pwm150_grab5
7670,-300,-3466,9622,CN,0,N_pwm150_grab5
7675,6118,3082,13076,CN,0,N_pwm150_grab5
7681,-1088,8146,13308,CN,0,N_pwm150_grab5
7686,9318,6620,11362,CN,0,N_pwm150_grab5
7690,5936,3194,13744,CN,0,N_pwm150_grab5
7695,5790,11446,16642,CN,0,N_pwm150_grab5
7700,15648,2496,9590,CN,0,N_pwm150_grab5
7706,2492,1896,12658,CN,0,N_pwm150_grab5
7710,5090,6472,9676,CN,0,N_pwm150_grab5
7721,-11088,-8158,12728,CN,0,N_pwm150_grab5
7726,1398,-5302,5976,CN,0,N_pwm150_grab5
7736,-11364,-4514,14516,CN,0,N_pwm150_grab5
7741,-3944,-7046,10210,CN,0,N_pwm150_grab5
7746,-7400,-4614,-248,CN,0,N_pwm150_grab5
7751,-6142,896,13706,CN,0,N_pwm150_grab5
7755,11108,2752,7854,CN,0,N_pwm150_grab5
7761,5484,4660,13416,CN,0,N_pwm150_grab5
7766,7294,9722,16640,CN,0,N_pwm150_grab5
7771,11724,-2606,8750,CN,0,N_pwm150_grab5
7777,-1926,942,13196,CN,0,N_pwm150_grab5
7781,4808,2226,9918,CN,0,N_pwm150_grab5
7786,-2038,-8176,4486,CN,0,N_pwm150_grab5
7791,-8808,-2698,13950,CN,0,N_pwm150_grab5
7797,-1094,-3976,11094,CN,0,N_pwm150_grab5
7801,-3448,-3356,4768,CN,0,N_pwm150_grab5
7806,-2402,6672,12554,CN,0,N_pwm150_grab5
7812,-3746,-1812,14326,CN,0,N_pwm150_grab5
7816,-3202,-772,4890,CN,0,N_pwm150_grab5
7822,-3854,1766,12074,CN,0,N_pwm150_grab5
7827,4430,4172,11296,CN,0,N_pwm150_grab5
7831,4544,2874,12796,CN,1,N_pwm150_grab5
7836,5516,5328,9294,CN,1,N_pwm150_grab5
7841,6352,-2092,8592,CN,1,N_pwm150_grab5
7846,-3466,-362,16706,CN,1,N_pwm150_grab5
7851,7198,5262,14128,CN,1,N_pwm150_grab5
7856,8106,-6404,6870,CN,1,N_pwm150_grab5
7862,-4284,680,14588,CN,1,N_pwm150_grab5
7867,3672,-2436,7548,CN,1,N_pwm150_grab5
7872,-6524,-9034,1864,CN,1,N_pwm150_grab5
7876,-10744,-1914,14502,CN,1,N_pwm150_grab5
7882,514,-3120,9224,CN,1,N_pwm150_grab5
7886,-408,-1890,7044,CN,1,N_pwm150_grab5
7891,146,8904,14082,CN,1,N_pwm150_grab5
7896,-2172,-202,14464,CN,1,N_pwm150_grab5
7901,-858,276,7498,CN,1,N_pwm150_grab5
7906,-1858,276,7498,CN,1,N_pwm150_grab5
7916,5014,3352,13942,CN,1,N_pwm150_grab5
7921,4914,5758,9546,CN,1,N_pwm150_grab5
7926,4122,-3386,7910,CN,1,N_pwm150_grab5
7931,-4666,-1898,16562,CN,1,N_pwm150_grab5
7936,6616,3128,12220,CN,1,N_pwm150_grab5
7941,4522,-7984,6114,CN,1,N_pwm150_grab5
7946,-4874,-222,15624,CN,1,N_pwm150_grab5
7951,2928,-2960,8896,CN,1,N_pwm150_grab5
7956,-8828,-8922,340,CN,1,N_pwm150_grab5
7961,-6256,2146,13504,CN,1,N_pwm150_grab5
7966,1798,-2396,8826,CN,1,N_pwm150_grab5
7972,1332,-1034,8608,CN,1,N_pwm150_grab5
7977,2508,10586,16282,CN,1,N_pwm150_grab5
7981,-30,2454,14376,CN,1,N_pwm150_grab5
7986,1524,1284,9300,CN,1,N_pwm150_grab5
7992,54,6496,13654,CN,1,N_pwm150_grab5
7996,10942,5558,11118,CN,1,N_pwm150_grab5
8002,-290,658,12470,CN,1,N_pwm150_grab5
8007,3946,5096,9534,CN,1,N_pwm150_grab5
8011,1898,-3792,6364,CN,1,N_pwm150_grab5
8017,-6630,-4046,15870,CN,1,N_pwm150_grab5
8023,-1342,-6426,6348,CN,1,N_pwm150_grab5
8033,-9952,-5918,14710,CN,1,N_pwm150_grab5
8037,-4402,-5598,12154,CN,1,N_pwm150_grab5
8042,4160,2842,12432,CN,1,N_pwm150_grab5
8047,4344,1496,13150,CN,1,N_pwm150_grab5
8052,12096,1518,8044,CN,1,N_pwm150_grab5
8057,4978,5872,14178,CN,1,N_pwm150_grab5
8062,7356,5930,15378,CN,1,N_pwm150_grab5
8068,13516,5582,9186,CN,1,N_pwm150_grab5
8072,5892,3082,13992,CN,1,N_pwm150_grab5
8078,6558,9776,14274,CN,1,N_pwm150_grab5
8083,-4626,-8438,3292,CN,1,N_pwm150_grab5
8087,-9894,-2162,13996,CN,1,N_pwm150_grab5
8092,-1964,-1890,11942,CN,1,N_pwm150_grab5
8102,-10392,-6864,10130,CN,1,N_pwm150_grab5
8108,-2648,-6402,6492,CN,1,N_pwm150_grab5
8118,-10058,-3620,14854,CN,1,N_pwm150_grab5
8123,4912,2894,9990,CN,1,N_pwm150_grab5
8128,4498,2892,13112,CN,1,N_pwm150_grab5
8132,5114,2128,13198,CN,1,N_pwm150_grab5
8137,12464,1224,7142,CN,1,N_pwm150_grab5
8143,4286,5870,13570,CN,1,N_pwm150_grab5
8147,7142,3894,13274,CN,1,N_pwm150_grab5
8152,14072,4244,8542,CN,1,N_pwm150_grab5
8157,4768,2910,12566,CN,1,N_pwm150_grab5
8162,3586,-2322,7758,CN,1,N_pwm150_grab5
8172,-10212,-2368,14282,CN,1,N_pwm150_grab5
8177,-2030,-1178,13178,CN,1,N_pwm150_grab5
8188,-9736,-2972,9960,CN,1,N_pwm150_grab5
8192,-3558,-5338,8130,CN,1,N_pwm150_grab5
8203,-3104,4020,12468,CN,1,N_pwm150_grab5
8207,6182,4930,11032,CN,1,N_pwm150_grab5
8212,4856,2862,13642,CN,1,N_pwm150_grab5
8217,4866,1808,12662,CN,1,N_pwm150_grab5
8223,12818,1364,8778,CN,1,N_pwm150_grab5
8227,4252,6138,14236,CN,1,N_pwm150_grab5
8232,7084,4154,13176,CN,1,N_pwm150_grab5
8237,14516,4170,9232,CN,1,N_pwm150_grab5
8243,-4552,582,14784,CN,1,N_pwm150_grab5
8247,3584,-1428,8840,CN,1,N_pwm150_grab5
8253,-6520,-8572,1702,CN,1,N_pwm150_grab5
8257,-10400,-1742,14470,CN,1,N_pwm150_grab5
8262,-1994,-2992,12504,CN,1,N_pwm150_grab5
8272,-9662,-5684,9780,CN,1,N_pwm150_grab5
8278,-2480,130,14834,CN,1,N_pwm150_grab5
8284,5424,3058,13708,CN,1,N_pwm150_grab5
8289,6152,9518,14684,CN,1,N_pwm150_grab5
8294,14894,3212,10112,CN,1,N_pwm150_grab5
8299,2784,2358,13016,CN,1,N_pwm150_grab5
8303,5400,6078,9900,CN,1,N_pwm150_grab5
8308,5400,6078,9900,CN,1,N_pwm150_grab5
8313,-3744,-1254,16574,CN,1,N_pwm150_grab5
8320,1092,-5670,5056,CN,1,N_pwm150_grab5
8323,-8606,-8482,-1416,CN,1,N_pwm150_grab5
8329,-10916,-2630,15222,CN,1,N_pwm150_grab5
8333,-3410,-7456,9694,CN,1,N_pwm150_grab5
8339,-8368,-5378,-590,CN,1,N_pwm150_grab5
8343,-7736,1226,13260,CN,1,N_pwm150_grab5
8349,872,-3132,9754,CN,1,N_pwm150_grab5
8353,-166,-1766,7560,CN,1,N_pwm150_grab5
8359,592,9922,15138,CN,1,N_pwm150_grab5
8363,10750,5966,10572,CN,1,N_pwm150_grab5
8368,5960,2748,14240,CN,1,N_pwm150_grab5
8373,6326,10466,15310,CN,1,N_pwm150_grab5
8378,14914,2350,9360,CN,1,N_pwm150_grab5
8383,1874,1924,12354,CN,1,N_pwm150_grab5
8389,5204,4968,9272,CN,1,N_pwm150_grab5
8393,4562,-3014,7552,CN,1,N_pwm150_grab5
8399,-4120,-3086,16720,CN,1,N_pwm150_grab5
8404,-4174,-2742,14358,CN,1,N_pwm150_grab5
8408,-8756,-7498,-1838,CN,1,N_pwm150_grab5
8413,-10140,-5018,15478,CN,1,N_pwm150_grab5
8419,-4104,-6908,10426,CN,1,N_pwm150_grab5
8423,-7884,-4032,-8,CN,1,N_pwm150_grab5
8429,-6898,1886,13950,CN,1,N_pwm150_grab5
8433,754,-2920,8658,CN,1,N_pwm150_grab5
8439,10,-1708,7532,CN,1,N_pwm150_grab5
8444,7996,8862,17620,CN,1,N_pwm150_grab5
8449,10672,6468,10386,CN,1,N_pwm150_grab5
8454,6094,2922,13910,CN,1,N_pwm150_grab5
8458,6208,10080,14932,CN,1,N_pwm150_grab5
8463,14938,2194,10284,CN,1,N_pwm150_grab5
8469,2134,1908,12894,CN,1,N_pwm150_grab5
8473,5150,5734,9452,CN,1,N_pwm150_grab5
8479,4586,-3114,7624,CN,1,N_pwm150_grab5
8483,-11152,-9020,11816,CN,1,N_pwm150_grab5
8489,-4522,-4132,13726,CN,1,N_pwm150_grab5
8498,-10860,-2744,15256,CN,1,N_pwm150_grab5
8503,-3324,-7292,10340,CN,1,N_pwm150_grab5
8508,-8228,-5088,-134,CN,1,N_pwm150_grab5
8514,-6900,762,13368,CN,1,N_pwm150_grab5
8518,952,-2834,9506,CN,1,N_pwm150_grab5
8524,412,-1386,7970,CN,1,N_pwm150_grab5
8528,7990,8900,17146,CN,1,N_pwm150_grab5
8534,12170,-2844,8900,CN,1,N_pwm150_grab5
8539,-656,808,12304,CN,1,N_pwm150_grab5
8544,5606,4358,10892,CN,1,N_pwm150_grab5
8549,1010,-6794,6038,CN,1,N_pwm150_grab5
8554,-6554,-2166,14564,CN,1,N_pwm150_grab5
8559,604,276,11986,CN,1,N_pwm150_grab5
8564,-5766,-4134,3318,CN,1,N_pwm150_grab5
8570,-4428,4854,11652,CN,1,N_pwm150_grab5
8574,4196,5226,12954,CN,1,N_pwm150_grab5
8579,-5636,-1518,2920,CN,1,N_pwm150_grab5
8584,-5498,-2324,11852,CN,1,N_pwm150_grab5
8589,406,928,11096,CN,1,N_pwm150_grab5
8595,2848,1664,10906,CN,1,N_pwm150_grab5
8599,2798,1026,13620,CN,1,N_pwm150_grab5
8604,10182,1296,7234,CN,1,N_pwm150_grab5
8610,-774,1554,15664,CN,1,N_pwm150_grab5
8615,3368,-2950,5338,CN,1,N_pwm150_grab5
8619,11954,-3770,8028,CN,1,N_pwm150_grab5
8624,-1216,2254,12674,CN,1,N_pwm150_grab5
8629,6092,2516,10490,CN,1,N_pwm150_grab5
8634,566,-7804,5574,CN,1,N_pwm150_grab5
8640,-6366,-2420,14780,CN,1,N_pwm150_grab5
8644,812,920,12310,CN,1,N_pwm150_grab5
8649,-5924,-4432,3610,CN,1,N_pwm150_grab5
8654,-4994,4678,11390,CN,1,N_pwm150_grab5
8659,3576,5318,12684,CN,1,N_pwm150_grab5
8664,-6298,-1914,2906,CN,1,N_pwm150_grab5
8669,-5440,-2672,12484,CN,1,N_pwm150_grab5
8674,-262,340,10312,CN,1,N_pwm150_grab5
8679,2188,1356,9896,CN,1,N_pwm150_grab5
8684,2200,1262,13092,CN,1,N_pwm150_grab5
8689,11128,-622,10188,CN,1,N_pwm150_grab5
8694,-8,3202,15948,CN,1,N_pwm150_grab5
8700,4402,-2040,6574,CN,1,N_pwm150_grab5
8705,13066,-2370,9060,CN,1,N_pwm150_grab5
8709,218,942,11914,CN,1,N_pwm150_grab5
8714,6006,5542,10988,CN,1,N_pwm150_grab5
8720,2696,-5784,6738,CN,1,N_pwm150_grab5
8724,-5488,-1298,15124,CN,1,N_pwm150_grab5
8729,-2544,-5418,12732,CN,1,N_pwm150_grab5
8734,-6510,-4522,2650,CN,1,N_pwm150_grab5
8739,-5270,1912,11004,CN,1,N_pwm150_grab5
8744,2398,4524,13420,CN,1,N_pwm150_grab5
8749,-6930,-2426,1344,CN,1,N_pwm150_grab5
8754,-5788,-3054,12602,CN,1,N_pwm150_grab5
8759,-288,-784,10610,CN,1,N_pwm150_grab5
8764,1880,820,9492,CN,1,N_pwm150_grab5
8769,6632,4316,11458,CN,1,N_pwm150_grab5
8775,11166,-328,10080,CN,1,N_pwm150_grab5
8779,582,2630,15808,CN,1,N_pwm150_grab5
8784,4472,-1972,6492,CN,1,N_pwm150_grab5
8790,-412,-9378,3338,CN,1,N_pwm150_grab5
8796,-7088,-1054,16040,CN,1,N_pwm150_grab5
8801,94,-4534,8194,CN,1,N_pwm150_grab5
8805,-10598,-7664,-1790,CN,1,N_pwm150_grab5
8811,-3700,1656,12970,CN,1,N_pwm150_grab5
8816,2724,-1180,7278,CN,1,N_pwm150_grab5
8820,2780,246,10072,CN,1,N_pwm150_grab5
8825,4768,11284,17822,CN,1,N_pwm150_grab5
8830,13642,3736,8638,CN,1,N_pwm150_grab5
8835,3358,1548,11240,CN,1,N_pwm150_grab5
8840,2072,6404,13482,CN,1,N_pwm150_grab5
8846,12358,5510,10378,CN,1,N_pwm150_grab5
8850,-1506,-374,13424,CN,1,N_pwm150_grab5
8855,2918,4812,9702,CN,1,N_pwm150_grab5
8860,-526,-4406,4890,CN,1,N_pwm150_grab5
8866,-7918,-6404,14584,CN,1,N_pwm150_grab5
8871,-2736,-6186,7536,CN,1,N_pwm150_grab5
8875,502,-9286,3700,CN,1,N_pwm150_grab5
8880,-6556,-954,16354,CN,1,N_pwm150_grab5
8885,556,-4718,8476,CN,1,N_pwm150_grab5
8890,-4998,-2460,3388,CN,1,N_pwm150_grab5
8895,-4306,1842,13264,CN,1,N_pwm150_grab5
8900,2168,-1402,6888,CN,1,N_pwm150_grab5
8906,2396,-100,9464,CN,1,N_pwm150_grab5
8910,4364,11768,17246,CN,1,N_pwm150_grab5
8915,13488,4432,9170,CN,1,N_pwm150_grab5
8920,2792,1536,10618,CN,1,N_pwm150_grab5
8925,1428,4278,13048,CN,1,N_pwm150_grab5
8930,12130,-568,9928,CN,1,N_pwm150_grab5
8936,-686,534,13728,CN,1,N_pwm150_grab5
8940,3688,5128,10156,CN,1,N_pwm150_grab5
8945,572,-4912,5168,CN,1,N_pwm150_grab5
8950,-7314,-4140,15028,CN,1,N_pwm150_grab5
8955,-1838,-6704,6016,CN,1,N_pwm150_grab5
8961,1610,-9148,4904,CN,1,N_pwm150_grab5
8966,-5942,-766,15758,CN,1,N_pwm150_grab5
8970,-4064,-6112,11632,CN,1,N_pwm150_grab5
8975,-5854,-3096,2494,CN,1,N_pwm150_grab5
8980,-4630,2098,13622,CN,1,N_pwm150_grab5
8986,1990,-1726,7958,CN,1,N_pwm150_grab5
8990,2022,-476,9486,CN,1,N_pwm150_grab5
9001,12478,4794,8934,CN,1,N_pwm150_grab5
9005,2202,926,10280,CN,1,N_pwm150_grab5
9010,6946,9522,13420,CN,1,N_pwm150_grab5
9016,12762,574,10048,CN,1,N_pwm150_grab5
9020,736,866,13308,CN,1,N_pwm150_grab5
9025,4578,5850,10880,CN,1,N_pwm150_grab5
9030,2336,-5084,6024,CN,1,N_pwm150_grab5
9036,-5968,-2662,15480,CN,1,N_pwm150_grab5
9041,100,-6498,5924,CN,1,N_pwm150_grab5
9052,-4474,-1868,11564,CN,1,N_pwm150_grab5
9056,1522,1350,10140,CN,1,N_pwm150_grab5
9061,3548,1912,11738,CN,1,N_pwm150_grab5
9066,3546,1254,13526,CN,1,N_pwm150_grab5
9071,10720,1570,7176,CN,1,N_pwm150_grab5
9076,5448,5706,14642,CN,1,N_pwm150_grab5
9082,8068,4594,15482,CN,1,N_pwm150_grab5
9086,10548,-5136,7242,CN,1,N_pwm150_grab5
9091,-1752,2004,13550,CN,1,N_pwm150_grab5
9096,5682,1812,10104,CN,1,N_pwm150_grab5
9102,-226,-8046,5150,CN,1,N_pwm150_grab5
9107,-6690,-2342,14670,CN,1,N_pwm150_grab5
9111,720,632,12658,CN,1,N_pwm150_grab5
9117,-9072,-5572,264,CN,1,N_pwm150_grab5
9121,-10606,-8262,11546,CN,1,N_pwm150_grab5
9126,-4220,-3020,14008,CN,1,N_pwm150_grab5
9136,-5754,-2652,12284,CN,1,N_pwm150_grab5
9142,-176,96,10186,CN,1,N_pwm150_grab5
9147,1966,1150,9874,CN,1,N_pwm150_grab5
9152,2092,870,12766,CN,1,N_pwm150_grab5
9157,9146,1356,7728,CN,1,N_pwm150_grab5
9161,5730,3968,13586,CN,1,N_pwm150_grab5
9166,8034,9106,17970,CN,1,N_pwm150_grab5
9172,-422,-9288,3276,CN,1,N_pwm150_grab5
9177,452,1298,11544,CN,1,N_pwm150_grab5
9181,6234,5718,11250,CN,1,N_pwm150_grab5
9186,3456,-5576,6678,CN,1,N_pwm150_grab5
9191,-5166,-1584,14642,CN,1,N_pwm150_grab5
9196,1670,1364,11732,CN,1,N_pwm150_grab5
9206,-10674,-9478,12344,CN,1,N_pwm150_grab5
9212,-4666,-5338,11370,CN,1,N_pwm150_grab5
9217,-7916,-2686,912,CN,1,N_pwm150_grab5
9221,-6482,-3072,13486,CN,1,N_pwm150_grab5
9226,-1124,-2154,10214,CN,1,N_pwm150_grab5
9232,40,-182,7788,CN,1,N_pwm150_grab5
9239,40,-182,7788,CN,1,N_pwm150_grab5
9241,7248,1824,7622,CN,1,N_pwm150_grab5
9246,4628,2712,12582,CN,1,N_pwm150_grab5
9251,7066,11400,17786,CN,1,N_pwm150_grab5
9257,2450,-9156,5100,CN,1,N_pwm150_grab5
9261,2362,1524,11250,CN,1,N_pwm150_grab5
9266,6524,7104,11982,CN,1,N_pwm150_grab5
9271,6178,-4712,7902,CN,1,N_pwm150_grab5
9277,-3764,-1458,14262,CN,1,N_pwm150_grab5
9281,2038,2974,10300,CN,1,N_pwm150_grab5
9286,-5174,-5128,2282,CN,1,N_pwm150_grab5
9291,-10024,-9188,12286,CN,1,N_pwm150_grab5
9296,504,3382,15372,CN,1,N_pwm150_grab5
9303,830,622,9604,CN,1,N_pwm150_grab5
9308,-838,1852,12182,CN,1,N_pwm150_grab5
9312,8312,3736,9622,CN,1,N_pwm150_grab5
9317,4984,3166,14278,CN,1,N_pwm150_grab5
9323,6240,5226,13502,CN,1,N_pwm150_grab5
9328,13292,2518,8800,CN,1,N_pwm150_grab5
9332,3204,5490,14066,CN,1,N_pwm150_grab5
9337,694,-5988,5476,CN,1,N_pwm150_grab5
9342,-8754,-7746,-1466,CN,1,N_pwm150_grab5
9347,-4088,138,15318,CN,1,N_pwm150_grab5
9352,2918,-1542,9496,CN,1,N_pwm150_grab5
9357,-7062,-8202,1204,CN,1,N_pwm150_grab5
9363,-10120,-1732,14712,CN,1,N_pwm150_grab5
9367,-1890,-2330,13230,CN,1,N_pwm150_grab5
9373,-9512,-5080,-84,CN,1,N_pwm150_grab5
9378,246,10672,15028,CN,1,N_pwm150_grab5
9382,9528,4888,10442,CN,1,N_pwm150_grab5
9388,-1822,-224,7222,CN,1,N_pwm150_grab5
9392,-3142,1292,11430,CN,1,N_pwm150_grab5
9397,5044,3748,10308,CN,1,N_pwm150_grab5
9403,4716,2572,13610,CN,1,N_pwm150_grab5
9407,4796,1826,12746,CN,1,N_pwm150_grab5
9412,12388,1600,7934,CN,1,N_pwm150_grab5
9418,-3036,-782,16476,CN,1,N_pwm150_grab5
9422,1192,-4984,4454,CN,1,N_pwm150_grab5
9427,-6454,-8310,-324,CN,1,N_pwm150_grab5
9432,-3562,798,14210,CN,1,N_pwm150_grab5
9438,3948,790,9818,CN,1,N_pwm150_grab5
9442,-3790,-7846,3066,CN,1,N_pwm150_grab5
9448,-8752,-1844,14682,CN,1,N_pwm150_grab5
9452,-928,-1164,12666,CN,1,N_pwm150_grab5
9457,-3572,-3316,5416,CN,1,N_pwm150_grab5
9463,-2880,7550,12742,CN,1,N_pwm150_grab5
9467,6508,6358,11046,CN,1,N_pwm150_grab5
9473,-4168,-724,5730,CN,1,N_pwm150_grab5
9477,-4348,-1540,11856,CN,1,N_pwm150_grab5
9483,1656,1378,8918,CN,1,N_pwm150_grab5
9487,3586,1806,11854,CN,1,N_pwm150_grab5
9492,3670,1640,12628,CN,1,N_pwm150_grab5
9497,9696,-1248,9450,CN,1,N_pwm150_grab5
9503,-1598,1566,16302,CN,1,N_pwm150_grab5
9507,2940,-3520,5244,CN,1,N_pwm150_grab5
9513,-3626,-9058,1970,CN,1,N_pwm150_grab5
9518,-1426,936,12878,CN,1,N_pwm150_grab5
9522,5330,3472,10518,CN,1,N_pwm150_grab5
9528,196,-6798,5468,CN,1,N_pwm150_grab5
9532,-6624,-1500,14824,CN,1,N_pwm150_grab5
9537,-1998,-4682,12566,CN,1,N_pwm150_grab5
9542,-5658,-4214,3928,CN,1,N_pwm150_grab5
9547,-4618,4692,11508,CN,1,N_pwm150_grab5
9552,3478,5460,12824,CN,1,N_pwm150_grab5
9558,3806,1988,12390,CN,1,N_pwm150_grab5
9563,3110,5488,13638,CN,1,N_pwm150_grab5
9568,12150,5002,9202,CN,1,N_pwm150_grab5
9574,5610,3826,14264,CN,1,N_pwm150_grab5
9578,2910,4384,10210,CN,1,N_pwm150_grab5
9583,-1314,-5296,4536,CN,1,N_pwm150_grab5
9588,-7946,-6614,14034,CN,1,N_pwm150_grab5
9594,-2860,-5958,7322,CN,1,N_pwm150_grab5
9604,-6368,-548,16178,CN,1,N_pwm150_grab5
9608,972,-3534,9324,CN,1,N_pwm150_grab5
9614,-10130,-7608,-1088,CN,1,N_pwm150_grab5
9618,-4256,-234,12246,CN,1,N_pwm150_grab5
9623,1418,-1182,8480,CN,1,N_pwm150_grab5
9628,2600,240,9970,CN,1,N_pwm150_grab5
9633,3386,11510,17088,CN,1,N_pwm150_grab5
9638,12450,5044,8828,CN,1,N_pwm150_grab5
9643,1826,1112,10624,CN,1,N_pwm150_grab5
9649,416,3704,12660,CN,1,N_pwm150_grab5
9654,9926,4706,10172,CN,1,N_pwm150_grab5
9658,692,772,13298,CN,1,N_pwm150_grab5
9663,4338,5662,10130,CN,1,N_pwm150_grab5
9668,2830,-3788,6394,CN,1,N_pwm150_grab5
9674,-5012,-4562,15666,CN,1,N_pwm150_grab5
9678,-458,-6046,6634,CN,1,N_pwm150_grab5
9683,-9026,-6420,-1608,CN,1,N_pwm150_grab5
9689,-4516,184,16228,CN,1,N_pwm150_grab5
9694,2452,-2782,8942,CN,1,N_pwm150_grab5
9698,-7530,-4162,858,CN,1,N_pwm150_grab5
9703,-7146,1656,13298,CN,1,N_pwm150_grab5
9708,820,-2810,9062,CN,1,N_pwm150_grab5
9713,-220,-1846,7498,CN,1,N_pwm150_grab5
9718,742,11100,15424,CN,1,N_pwm150_grab5
9724,10064,5090,10362,CN,1,N_pwm150_grab5
9728,-1394,24,7758,CN,1,N_pwm150_grab5
9734,-2606,880,11428,CN,1,N_pwm150_grab5
9738,5396,3394,9844,CN,1,N_pwm150_grab5
9743,2808,2252,12636,CN,1,N_pwm150_grab5
9748,5414,6318,10464,CN,1,N_pwm150_grab5
9753,6596,-2232,7616,CN,1,N_pwm150_grab5
9758,-3348,-684,16204,CN,1,N_pwm150_grab5
9763,1218,-5052,4604,CN,1,N_pwm150_grab5
9769,-6570,-8198,-448,CN,1,N_pwm150_grab5
9773,-3670,788,14318,CN,1,N_pwm150_grab5
9778,3874,446,9724,CN,1,N_pwm150_grab5
9784,-9898,-5858,-1112,CN,1,N_pwm150_grab5
9788,-8528,726,14234,CN,1,N_pwm150_grab5
9793,-672,-3616,11060,CN,1,N_pwm150_grab5
9798,-3552,-3366,5462,CN,1,N_pwm150_grab5
9803,-2840,8186,13390,CN,1,N_pwm150_grab5
9808,6166,6102,10952,CN,1,N_pwm150_grab5
9815,4590,1930,12726,CN,1,N_pwm150_grab5
9820,4642,6482,13268,CN,1,N_pwm150_grab5
9824,7326,-3476,8296,CN,1,N_pwm150_grab5
9829,-3652,258,14788,CN,1,N_pwm150_grab5
9834,2854,1170,10766,CN,1,N_pwm150_grab5
9839,-5552,-7224,1760,CN,1,N_pwm150_grab5
9844,-10046,-5538,13740,CN,1,N_pwm150_grab5
9850,-3356,-7302,7276,CN,1,N_pwm150_grab5
9856,-9634,-5060,-2220,CN,1,N_pwm150_grab5
9860,-8160,-1656,15484,CN,1,N_pwm150_grab5
9865,-2886,-4012,11620,CN,1,N_pwm150_grab5
9869,-3304,-1880,5200,CN,1,N_pwm150_grab5
9875,-2840,64,12514,CN,1,N_pwm150_grab5
9879,3268,-318,6478,CN,1,N_pwm150_grab5
9884,3314,964,11218,CN,1,N_pwm150_grab5
9890,5238,11716,17668,CN,1,N_pwm150_grab5
9894,13512,3380,7984,CN,1,N_pwm150_grab5
9900,3618,1738,11928,CN,1,N_pwm150_grab5
9904,6680,9026,12440,CN,1,N_pwm150_grab5
9909,11042,-1174,9782,CN,1,N_pwm150_grab5
9914,-922,600,14276,CN,1,N_pwm150_grab5
9920,3904,4246,10666,CN,1,N_pwm150_grab5
9924,-186,-6160,5046,CN,1,N_pwm150_grab5
9929,-7080,-3980,14770,CN,1,N_pwm150_grab5
9935,-1154,-6604,6418,CN,1,N_pwm150_grab5
9939,-9844,-6396,-2522,CN,1,N_pwm150_grab5
9945,-10464,-2462,15292,CN,1,N_pwm150_grab5
9950,-3442,-5898,11390,CN,1,N_pwm150_grab5
9954,-6480,-3556,1986,CN,1,N_pwm150_grab5
9959,-5230,-266,12516,CN,1,N_pwm150_grab5
9964,894,-1836,8906,CN,1,N_pwm150_grab5
9969,1764,-306,9186,CN,1,N_pwm150_grab5
9974,2332,11428,16660,CN,1,N_pwm150_grab5
9980,11406,5110,9362,CN,1,N_pwm150_grab5
9985,5348,2332,13164,CN,1,N_pwm150_grab5
9990,6740,9540,13998,CN,1,N_pwm150_grab5
9995,13506,1702,9246,CN,1,N_pwm150_grab5
10004,4904,6422,10664,CN,1,N_pwm150_grab5
10010,4770,-3266,7152,CN,1,N_pwm150_grab5
10014,-3912,-2800,15842,CN,1,N_pwm150_grab5
10019,270,-5802,5490,CN,1,N_pwm150_grab5
10024,-6348,-1486,3086,CN,1,N_pwm150_grab5
10030,-9820,-2464,15740,CN,1,N_pwm150_grab5
10035,-3258,-7050,9346,CN,1,N_pwm150_grab5
10039,-8754,-5268,-364,CN,1,N_pwm150_grab5
10044,-8222,790,13330,CN,1,N_pwm150_grab5
10049,-316,-3532,9926,CN,1,N_pwm150_grab5
10055,-2176,-2574,6048,CN,1,N_pwm150_grab5
10060,-1266,9666,14114,CN,1,N_pwm150_grab5
10064,13086,-1984,7234,CN,1,N_pwm150_grab5
10070,962,1658,11051,CN,1,N_pwm150_grab5
10075,6626,6140,11938,CN,1,N_pwm150_grab5
10080,5182,-5258,7156,CN,1,N_pwm150_grab5
10086,-4410,-1622,14460,CN,1,N_pwm150_grab5
10090,1910,2510,11024,CN,1,N_pwm150_grab5
10095,-5650,-5326,1512,CN,1,N_pwm150_grab5
10101,-9576,-9706,12410,CN,1,N_pwm150_grab5
10105,190,3652,14416,CN,1,N_pwm150_grab5
10110,712,768,9232,CN,1,N_pwm150_grab5
10115,-7714,-3858,13894,CN,1,N_pwm150_grab5
10121,-2654,-3344,10576,CN,1,N_pwm150_grab5
10125,-2656,-1154,5734,CN,1,N_pwm150_grab5
10131,-2326,454,12276,CN,1,N_pwm150_grab5
10135,3968,-142,6692,CN,1,N_pwm150_grab5
10140,3646,1268,10828,CN,1,N_pwm150_grab5
10146,6938,1776,11066,CN,1,N_pwm150_grab5
10150,5890,-7888,5794,CN,1,N_pwm150_grab5
10156,4160,2084,12476,CN,1,N_pwm150_grab5
10161,6750,8846,12512,CN,1,N_pwm150_grab5
10165,10532,-1860,9248,CN,1,N_pwm150_grab5
10170,-1844,70,14060,CN,1,N_pwm150_grab5
10176,3084,4324,10554,CN,1,N_pwm150_grab5
10180,-1196,-5262,4324,CN,1,N_pwm150_grab5
10185,-9542,-6152,10338,CN,1,N_pwm150_grab5
10191,-2892,-272,15080,CN,1,N_pwm150_grab5
10196,-2878,-326,6854,CN,1,N_pwm150_grab5
10201,-9274,-3902,15124,CN,1,N_pwm150_grab5
10205,-4024,-5624,11932,CN,1,N_pwm150_grab5
10210,-5670,-2932,3214,CN,1,N_pwm150_grab5
10215,-4904,1580,13172,CN,1,N_pwm150_grab5
10220,1414,-1760,7702,CN,1,N_pwm150_grab5
10225,5094,5886,14714,CN,1,N_pwm150_grab5
10231,7810,4214,15278,CN,1,N_pwm150_grab5
10236,10138,-6050,7290,CN,1,N_pwm150_grab5
10240,5066,2168,12400,CN,1,N_pwm150_grab5
10246,6540,8956,13296,CN,1,N_pwm150_grab5
10250,13394,1600,10126,CN,1,N_pwm150_grab5
10255,1740,1934,13220,CN,1,N_pwm150_grab5
10260,5634,6220,11744,CN,1,N_pwm150_grab5
10271,-10458,-7034,13538,CN,1,N_pwm150_grab5
10276,-4210,-5754,11638,CN,1,N_pwm150_grab5
10281,-6984,-2606,1604,CN,1,N_pwm150_grab5
10286,-10178,-1680,15298,CN,1,N_pwm150_grab5
10291,-2594,-6764,9782,CN,1,N_pwm150_grab5
10301,-7984,-3886,12124,CN,1,N_pwm150_grab5
10306,8386,4296,9532,CN,1,N_pwm150_grab5
10310,5072,3210,14340,CN,1,N_pwm150_grab5
10315,6626,11252,17048,CN,1,N_pwm150_grab5
10320,14076,1128,7610,CN,1,N_pwm150_grab5
10327,2240,1296,11542,CN,1,N_pwm150_grab5
10331,6104,7262,11844,CN,1,N_pwm150_grab5
10336,6446,-3888,8058,CN,1,N_pwm150_grab5
10342,-3728,160,14980,CN,1,N_pwm150_grab5
10347,-2474,-6370,10304,CN,1,N_pwm150_grab5
10356,-8390,-1904,10244,CN,1,N_pwm150_grab5
10361,-974,2190,15044,CN,1,N_pwm150_grab5
10366,-352,518,8986,CN,1,N_pwm150_grab5
10372,-8770,-3808,14222,CN,1,N_pwm150_grab5
10376,-3134,-4288,11352,CN,1,N_pwm150_grab5
10381,-3670,-1632,4796,CN,1,N_pwm150_grab5
10386,5236,2708,12598,CN,1,N_pwm150_grab5
10391,12014,1514,7464,CN,1,N_pwm150_grab5
10396,3898,5410,14278,CN,1,N_pwm150_grab5
10402,6758,1376,11276,CN,1,N_pwm150_grab5
10407,7294,-7422,5822,CN,1,N_pwm150_grab5
10411,3952,1882,11820,CN,1,N_pwm150_grab5
10417,7060,9590,13418,CN,1,N_pwm150_grab5
10422,11574,-510,9148,CN,1,N_pwm150_grab5
10426,-172,212,13252,CN,1,N_pwm150_grab5
10432,-312,-1648,11890,CN,1,N_pwm150_grab5
10436,-9830,-6104,-200,CN,1,N_pwm150_grab5
10441,-10366,-6946,11064,CN,1,N_pwm150_grab5
10447,-3620,-1392,14622,CN,1,N_pwm150_grab5
10451,-4956,-770,4884,CN,1,N_pwm150_grab5
10457,-9596,-3268,15650,CN,1,N_pwm150_grab5
10462,-3688,-6400,10420,CN,1,N_pwm150_grab5
10467,-7374,-3930,934,CN,1,N_pwm150_grab5
10471,2744,998,13186,CN,1,N_pwm150_grab5
10476,9552,1064,7266,CN,1,N_pwm150_grab5
10482,5348,5152,14590,CN,1,N_pwm150_grab5
10487,8344,5060,16344,CN,1,N_pwm150_grab5
10491,11532,-4260,6614,CN,1,N_pwm150_grab5
10496,4886,1518,12384,CN,1,N_pwm150_grab5
10501,5892,9124,13714,CN,1,N_pwm150_grab5
10506,14344,3188,8758,CN,1,N_pwm150_grab5
10511,-5132,-842,14796,CN,1,N_pwm150_grab5
10517,2216,428,11476,CN,1,N_pwm150_grab5
10521,-7388,-6802,582,CN,1,N_pwm150_grab5
10526,-9762,-7230,13424,CN,1,N_pwm150_grab5
10531,-4238,-6474,9364,CN,1,N_pwm150_grab5
10536,-8606,-3850,-430,CN,1,N_pwm150_grab5
10541,-9010,-3090,14964,CN,1,N_pwm150_grab5
10547,-2164,-6434,7850,CN,1,N_pwm150_grab5
10552,-1446,-386,6638,CN,1,N_pwm150_grab5
10556,-1750,1926,13054,CN,1,N_pwm150_grab5
10561,4760,-436,6078,CN,1,N_pwm150_grab5
10566,3546,2394,11306,CN,1,N_pwm150_grab5
10571,6352,9056,18002,CN,1,N_pwm150_grab5
10576,13260,140,7880,CN,1,N_pwm150_grab5
10583,3164,1700,11946,CN,1,N_pwm150_grab5
10588,6852,8758,12130,CN,1,N_pwm150_grab5
10592,-5860,-7392,2076,CN,1,N_pwm150_grab5
10597,-9272,-2322,14642,CN,1,N_pwm150_grab5
10603,-2084,-6144,8704,CN,1,N_pwm150_grab5
10613,-8672,-5350,13208,CN,1,N_pwm150_grab5
10618,-3468,-3750,12182,CN,1,N_pwm150_grab5
10622,-3616,-1550,4856,CN,1,N_pwm150_grab5
10627,-9546,-2546,14888,CN,1,N_pwm150_grab5
10632,2030,1478,9046,CN,1,N_pwm150_grab5
10637,3868,1860,12154,CN,1,N_pwm150_grab5
10642,3544,6856,13680,CN,1,N_pwm150_grab5
10648,12472,4908,9228,CN,1,N_pwm150_grab5
10653,5280,3486,14390,CN,1,N_pwm150_grab5
10658,7110,9534,15272,CN,1,N_pwm150_grab5
10662,12230,-1840,8730,CN,1,N_pwm150_grab5
10668,5338,3360,14262,CN,1,N_pwm150_grab5
10673,5190,4314,10642,CN,1,N_pwm150_grab5
10678,904,-6188,5772,CN,1,N_pwm150_grab5
10682,-6184,-406,15616,CN,1,N_pwm150_grab5
10687,1092,-3394,9408,CN,1,N_pwm150_grab5
10698,-10466,-6794,13502,CN,1,N_pwm150_grab5
10703,-4226,-5962,11360,CN,1,N_pwm150_grab5
10708,-6988,-3026,1180,CN,1,N_pwm150_grab5
10712,-5826,-3118,12178,CN,1,N_pwm150_grab5
10718,-546,-1142,11056,CN,1,N_pwm150_grab5
10723,1266,276,8764,CN,1,N_pwm150_grab5
10727,334,938,12180,CN,1,N_pwm150_grab5
10733,7552,2780,8482,CN,1,N_pwm150_grab5
10738,4834,3074,13492,CN,1,N_pwm150_grab5
10742,6668,11374,17502,CN,1,N_pwm150_grab5
10747,14054,828,7812,CN,1,N_pwm150_grab5
10753,2050,1618,11414,CN,1,N_pwm150_grab5
10757,6316,6892,12074,CN,1,N_pwm150_grab5
10762,6344,-4500,7856,CN,1,N_pwm150_grab5
10767,-3934,-812,14248,CN,1,N_pwm150_grab5
10773,2328,2346,10518,CN,1,N_pwm150_grab5
10778,-4516,-5860,2836,CN,1,N_pwm150_grab5
10783,-8984,-9162,12654,CN,1,N_pwm150_grab5
10788,-4212,-5044,8680,CN,1,N_pwm150_grab5
10793,-226,338,8936,CN,1,N_pwm150_grab5
10797,-8632,-3788,14500,CN,1,N_pwm150_grab5
10803,-3140,-4606,11156,CN,1,N_pwm150_grab5
10808,-3830,-1802,4698,CN,1,N_pwm150_grab5
10813,-2922,-572,11876,CN,1,N_pwm150_grab5
10817,2260,-422,7774,CN,1,N_pwm150_grab5
10822,3504,852,11268,CN,1,N_pwm150_grab5
10833,7702,-7068,6794,CN,1,N_pwm150_grab5
10838,-3528,842,14714,CN,1,N_pwm150_grab5
10843,3784,460,9696,CN,1,N_pwm150_grab5
10848,-3572,-7888,3562,CN,1,N_pwm150_grab5
10854,-8110,-1354,15002,CN,1,N_pwm150_grab5
10859,-486,-1674,11770,CN,1,N_pwm150_grab5
10868,-10656,-6208,10822,CN,1,N_pwm150_grab5
10873,5798,5724,11788,CN,1,N_pwm150_grab5
10880,4562,1752,12974,CN,1,N_pwm150_grab5
10884,-4910,-1852,11258,CN,1,N_pwm150_grab5
10889,1084,1286,10520,CN,1,N_pwm150_grab5
10893,3320,1616,11626,CN,1,N_pwm150_grab5
10899,2744,1052,13012,CN,1,N_pwm150_grab5
10903,9736,1752,7906,CN,1,N_pwm150_grab5
10908,5174,5480,14616,CN,1,N_pwm150_grab5
10913,3232,-3316,5314,CN,1,N_pwm150_grab5
10919,-1010,-8650,2554,CN,1,N_pwm150_grab5
10924,-578,1480,12066,CN,1,N_pwm150_grab5
10928,6164,5064,11796,CN,1,N_pwm150_grab5
10934,2964,-5836,6748,CN,1,N_pwm150_grab5
10939,-5274,-1238,14718,CN,1,N_pwm150_grab5
10944,2032,754,11588,CN,1,N_pwm150_grab5
10953,-7006,2072,10446,CN,1,N_pwm150_grab5
10958,1228,3982,14006,CN,1,N_pwm150_grab5
10963,2086,1172,10386,CN,1,N_pwm150_grab5
10969,-7152,-4022,12860,CN,1,N_pwm150_grab5
10973,-2292,-2034,11038,CN,1,N_pwm150_grab5
10979,-1150,-436,6806,CN,1,N_pwm150_grab5
10983,-1450,1690,12850,CN,1,N_pwm150_grab5
10988,4878,-326,6452,CN,1,N_pwm150_grab5
10993,2706,4394,14176,CN,1,N_pwm150_grab5
10998,5490,-288,8358,CN,1,N_pwm150_grab5
11004,4570,-8212,4944,CN,1,N_pwm150_grab5
11009,2908,1698,11682,CN,1,N_pwm150_grab5
11014,6820,8710,12134,CN,1,N_pwm150_grab5
11018,9930,-1804,9198,CN,1,N_pwm150_grab5
11023,-2372,864,14038,CN,1,N_pwm150_grab5
11028,3624,2806,10812,CN,1,N_pwm150_grab5
11039,-8682,-5844,12624,CN,1,N_pwm150_grab5
11043,-3422,-3202,12642,CN,1,N_pwm150_grab5
11048,-3240,-1266,5130,CN,1,N_pwm150_grab5
11054,-9194,-3774,14648,CN,1,N_pwm150_grab5
11059,-3564,-5500,11794,CN,1,N_pwm150_grab5
11063,-5736,-3298,2872,CN,1,N_pwm150_grab5
11068,-4960,-1638,12188,CN,1,N_pwm150_grab5
11074,64,-894,8478,CN,1,N_pwm150_grab5
11078,5260,4042,14534,CN,1,N_pwm150_grab5
11083,7374,9076,15798,CN,1,N_pwm150_grab5
11088,11782,-2778,8438,CN,1,N_pwm150_grab5
11095,-1390,1868,13702,CN,1,N_pwm150_grab5
11099,5542,1778,9798,CN,1,N_pwm150_grab5
11104,-246,-7730,5066,CN,1,N_pwm150_grab5
11109,-6852,-1550,14744,CN,1,N_pwm150_grab5
11115,-2024,-4598,12574,CN,1,N_pwm150_grab5
11120,-5798,-4352,3956,CN,1,N_pwm150_grab5
11124,-4832,5328,11476,CN,1,N_pwm150_grab5
11129,3176,5318,12986,CN,1,N_pwm150_grab5
11136,3672,1472,11692,CN,1,N_pwm150_grab5
11139,-5772,-2952,12952,CN,1,N_pwm150_grab5
11145,-660,-1488,10094,CN,1,N_pwm150_grab5
11150,946,160,8696,CN,1,N_pwm150_grab5
11154,66,1538,11890,CN,1,N_pwm150_grab5
11160,13484,1494,9514,CN,1,N_pwm150_grab5
11164,1212,3938,14704,CN,1,N_pwm150_grab5
11170,6352,2338,10852,CN,1,N_pwm150_grab5
11174,3044,-7970,5948,CN,1,N_pwm150_grab5
11180,2768,1780,12202,CN,1,N_pwm150_grab5
11185,6132,7450,12052,CN,1,N_pwm150_grab5
11189,7356,-3820,8088,CN,1,N_pwm150_grab5
11194,-3642,254,14554,CN,1,N_pwm150_grab5
11199,-2260,-6370,10024,CN,1,N_pwm150_grab5
11209,-8494,-4004,10336,CN,1,N_pwm150_grab5
11215,-1716,1064,14888,CN,1,N_pwm150_grab5
11220,-992,154,8318,CN,1,N_pwm150_grab5
11224,-8830,-3948,14492,CN,1,N_pwm150_grab5
11230,-3566,-4654,11578,CN,1,N_pwm150_grab5
11234,-4260,-2052,4230,CN,1,N_pwm150_grab5
11240,4674,2850,13020,CN,1,N_pwm150_grab5
11245,11782,2098,7494,CN,1,N_pwm150_grab5
11249,4510,6020,14640,CN,1,N_pwm150_grab5
11254,7158,2234,12884,CN,1,N_pwm150_grab5
11259,8350,-6960,6832,CN,1,N_pwm150_grab5
11264,4270,1964,11752,CN,1,N_pwm150_grab5
11270,6904,9914,13400,CN,1,N_pwm150_grab5
11274,12518,610,9556,CN,1,N_pwm150_grab5
11279,-7190,-878,15366,CN,1,N_pwm150_grab5
11284,420,-2782,10348,CN,1,N_pwm150_grab5
11289,-9774,-7080,-666,CN,1,N_pwm150_grab5
11295,-10172,-7650,12660,CN,1,N_pwm150_grab5
11299,-4212,-4336,12354,CN,1,N_pwm150_grab5
11305,-6064,-1846,2490,CN,1,N_pwm150_grab5
11310,-9894,-2900,15162,CN,1,N_pwm150_grab5
11315,-3248,-6874,9250,CN,1,N_pwm150_grab5
11319,1958,884,9980,CN,1,N_pwm150_grab5
11325,1378,766,12776,CN,1,N_pwm150_grab5
11329,8082,1466,7860,CN,1,N_pwm150_grab5
11335,4590,4690,13752,CN,1,N_pwm150_grab5
11339,7820,7684,17818,CN,1,N_pwm150_grab5
11345,12330,-2296,6850,CN,1,N_pwm150_grab5
11351,976,1416,11116,CN,1,N_pwm150_grab5
11355,6402,6728,12178,CN,1,N_pwm150_grab5
11361,-8872,-7898,250,CN,1,N_pwm150_grab5
11365,-9842,-1212,14990,CN,1,N_pwm150_grab5
11370,-2040,-5102,11218,CN,1,N_pwm150_grab5
11376,-8786,-5530,512,CN,1,N_pwm150_grab5
11380,-8846,-1314,9998,CN,1,N_pwm150_grab5
11386,-880,2334,14986,CN,1,N_pwm150_grab5
11390,-836,384,8544,CN,1,N_pwm150_grab5
11395,-8452,-4248,14504,CN,1,N_pwm150_grab5
11400,6006,3494,10408,CN,1,N_pwm150_grab5
11406,4904,2586,14152,CN,1,N_pwm150_grab5
11411,4822,1892,12734,CN,1,N_pwm150_grab5
11416,11632,1004,6798,CN,1,N_pwm150_grab5
11421,4236,4888,14110,CN,1,N_pwm150_grab5
11425,6608,814,10816,CN,1,N_pwm150_grab5
11431,7918,-6934,5828,CN,1,N_pwm150_grab5
11435,4150,1744,12076,CN,1,N_pwm150_grab5
11440,4394,1782,10554,CN,1,N_pwm150_grab5
11446,-1894,-7438,4468,CN,1,N_pwm150_grab5
11450,-7174,-770,15576,CN,1,N_pwm150_grab5
11455,460,-2938,10590,CN,1,N_pwm150_grab5
11460,-10070,-7312,-490,CN,1,N_pwm150_grab5
11465,-9654,-5704,13902,CN,1,N_pwm150_grab5
11470,-3790,-5572,11338,CN,1,N_pwm150_grab5
11476,-6508,-2782,1988,CN,1,N_pwm150_grab5
11481,-6044,-2784,11474,CN,1,N_pwm150_grab5
11486,-530,-204,10844,CN,1,N_pwm150_grab5
11490,1696,712,9472,CN,1,N_pwm150_grab5
11495,978,1066,11836,CN,1,N_pwm150_grab5
11500,8142,2482,8984,CN,1,N_pwm150_grab5
11506,5108,2780,13582,CN,1,N_pwm150_grab5
11510,6446,11038,17208,CN,1,N_pwm150_grab5
11516,14368,886,7612,CN,1,N_pwm150_grab5
11520,1752,2280,11918,CN,1,N_pwm150_grab5
11525,6590,5902,12146,CN,1,N_pwm150_grab5
11531,6108,-5134,7168,CN,1,N_pwm150_grab5
11535,-4282,-1534,13802,CN,1,N_pwm150_grab5
11541,1718,2990,10200,CN,1,N_pwm150_grab5
11545,-3780,-4604,2782,CN,1,N_pwm150_grab5
11551,-8970,-9166,12106,CN,1,N_pwm150_grab5
11556,-3916,-3454,10126,CN,1,N_pwm150_grab5
11561,-650,-210,7968,CN,1,N_pwm150_grab5
11566,-8118,-2066,15590,CN,1,N_pwm150_grab5
11571,-2826,-5406,10382,CN,1,N_pwm150_grab5
11575,-4812,-2832,3944,CN,1,N_pwm150_grab5
11581,-4522,-1550,10330,CN,1,N_pwm150_grab5
11585,1036,2254,11440,CN,1,N_pwm150_grab5
11590,3482,1948,11612,CN,1,N_pwm150_grab5
11595,2176,6144,13054,CN,1,N_pwm150_grab5
11601,11362,-1794,8900,CN,1,N_pwm150_grab5
11607,-1340,514,13488,CN,1,N_pwm150_grab5
11612,4008,4474,10824,CN,1,N_pwm150_grab5
11617,308,-5488,5206,CN,1,N_pwm150_grab5
11621,-6404,-2952,15398,CN,1,N_pwm150_grab5
11626,-184,-6472,6230,CN,1,N_pwm150_grab5
11636,-9138,-4218,14954,CN,1,N_pwm150_grab5
11641,776,2008,10966,CN,1,N_pwm150_grab5
11646,3334,1598,11766,CN,1,N_pwm150_grab5
11652,-6462,668,13264,CN,1,N_pwm150_grab5
11656,320,-2740,8980,CN,1,N_pwm150_grab5
11661,-342,-1600,7546,CN,1,N_pwm150_grab5
11667,-432,10682,15158,CN,1,N_pwm150_grab5
11671,8672,5478,10014,CN,1,N_pwm150_grab5
11676,4928,1866,12808,CN,1,N_pwm150_grab5
11681,6370,6280,11426,CN,1,N_pwm150_grab5
11687,4862,-4622,7610,CN,1,N_pwm150_grab5
11692,3844,2847,-1,CN,1,N_pwm150_grab5
11696,6226,8278,12814,CN,1,N_pwm150_grab5
11702,9700,-2204,8448,CN,1,N_pwm150_grab5
11706,-2362,1916,15530,CN,1,N_pwm150_grab5
11712,3738,-2166,7372,CN,1,N_pwm150_grab5
11716,-3290,-8620,3194,CN,1,N_pwm150_grab5
11721,-7702,-1368,15932,CN,1,N_pwm150_grab5
11727,-2944,-4052,11708,CN,1,N_pwm150_grab5
11731,-3482,-1896,5080,CN,1,N_pwm150_grab5
11736,-9310,-1458,14632,CN,1,N_pwm150_grab5
11741,-2476,-5444,11880,CN,1,N_pwm150_grab5
11746,-6682,-4310,2424,CN,1,N_pwm150_grab5
11751,-6128,1472,10262,CN,1,N_pwm150_grab5
11757,1372,4000,13786,CN,1,N_pwm150_grab5
11761,2290,1144,10836,CN,1,N_pwm150_grab5
11766,6626,9896,14364,CN,1,N_pwm150_grab5
11771,13052,-6,9304,CN,1,N_pwm150_grab5
11776,4964,3030,14148,CN,1,N_pwm150_grab5
11781,5314,3796,12602,CN,1,N_pwm150_grab5
11786,12610,1394,8322,CN,1,N_pwm150_grab5
11791,-12268,2566,18944,CN,1,N_pwm150_grab5
11797,6378,172,10214,CN,1,N_pwm150_grab5
11801,6274,-7952,5750,CN,1,N_pwm150_grab5
11806,-9450,-1806,16048,CN,1,N_pwm150_grab5
11811,-2998,-7094,9020,CN,1,N_pwm150_grab5
11816,-9282,-5434,-1150,CN,1,N_pwm150_grab5
11821,-8034,-1010,15492,CN,1,N_pwm150_grab5
11826,-822,-3676,9738,CN,1,N_pwm150_grab5
11836,-9348,-7500,11976,CN,1,N_pwm150_grab5
11841,-3986,-2532,14132,CN,1,N_pwm150_grab5
11846,4496,1958,13648,CN,1,N_pwm150_grab5
11852,3390,7178,13668,CN,1,N_pwm150_grab5
11857,12506,4744,8600,CN,1,N_pwm150_grab5
11862,4860,3328,13756,CN,1,N_pwm150_grab5
11867,6488,6930,12940,CN,1,N_pwm150_grab5
11873,11984,144,9334,CN,1,N_pwm150_grab5
11877,698,2806,15316,CN,1,N_pwm150_grab5
11882,4914,-1940,7034,CN,1,N_pwm150_grab5
11888,-9058,-4922,-1870,CN,1,N_pwm150_grab5
11892,-9072,-2780,15642,CN,1,N_pwm150_grab5
11898,-3648,-6006,11102,CN,1,N_pwm150_grab5
11902,-6610,-3494,1944,CN,1,N_pwm150_grab5
11908,-9854,-1206,15106,CN,1,N_pwm150_grab5
11913,-1954,-5326,10564,CN,1,N_pwm150_grab5
11918,-9182,-5508,-8,CN,1,N_pwm150_grab5
11923,-8610,-1856,10354,CN,1,N_pwm150_grab5
11927,8886,5108,9442,CN,1,N_pwm150_grab5
11932,4664,1722,12992,CN,1,N_pwm150_grab5
11938,5216,8686,13824,CN,1,N_pwm150_grab5
11943,14008,3420,8272,CN,1,N_pwm150_grab5
11947,4342,2092,13618,CN,1,N_pwm150_grab5
11953,3324,3476,12784,CN,1,N_pwm150_grab5
11957,10804,3200,8266,CN,1,N_pwm150_grab5
11962,4492,5714,14532,CN,1,N_pwm150_grab5
11967,2682,-4294,4818,CN,1,N_pwm150_grab5
11973,-2324,-8230,2386,CN,1,N_pwm150_grab5
11977,-6984,-514,16740,CN,1,N_pwm150_grab5
11982,-36,-4708,8278,CN,1,N_pwm150_grab5
11988,-9824,-7066,-1392,CN,1,N_pwm150_grab5
11992,-5636,-556,14628,CN,1,N_pwm150_grab5
11997,2362,-548,11144,CN,1,N_pwm150_grab5
12002,-7462,-6612,1166,CN,1,N_pwm150_grab5
12008,-6548,2766,10676,CN,1,N_pwm150_grab5
12012,1428,4162,14760,CN,1,N_pwm150_grab5
12017,1586,552,10336,CN,1,N_pwm150_grab5
12022,-368,2960,11998,CN,1,N_pwm150_grab5
12028,7758,4066,9442,CN,1,N_pwm150_grab5
12032,-2412,-1060,6288,CN,1,N_pwm150_grab5
12037,-2472,-766,11836,CN,1,N_pwm150_grab5
12042,2230,558,7692,CN,1,N_pwm150_grab5
12048,3838,5592,15298,CN,1,N_pwm150_grab5
12052,6976,1830,12450,CN,1,N_pwm150_grab5
12057,7776,-7278,6334,CN,1,N_pwm150_grab5
12062,-3498,1088,14352,CN,1,N_pwm150_grab5
12068,3936,802,10042,CN,1,N_pwm150_grab5
12072,-2802,-7588,4528,CN,1,N_pwm150_grab5
12078,228,514,13278,CN,1,N_pwm150_grab5
12082,4568,5502,10590,CN,1,N_pwm150_grab5
12087,-9526,-6508,-216,CN,1,N_pwm150_grab5
12092,-10210,-7542,11430,CN,1,N_pwm150_grab5
12098,-3832,-1950,14046,CN,1,N_pwm150_grab5
12103,-5976,-1128,3986,CN,1,N_pwm150_grab5
12108,-5574,-3348,11808,CN,1,N_pwm150_grab5
12113,-400,-602,11046,CN,1,N_pwm150_grab5
12118,1126,618,9616,CN,1,N_pwm150_grab5
12124,330,756,12072,CN,1,N_pwm150_grab5
12128,12582,1232,8650,CN,1,N_pwm150_grab5
12133,1824,3852,15188,CN,1,N_pwm150_grab5
12139,5556,-1000,8468,CN,1,N_pwm150_grab5
12143,3718,-8556,4888,CN,1,N_pwm150_grab5
12148,-5010,932,15538,CN,1,N_pwm150_grab5
12153,2706,-2148,9024,CN,1,N_pwm150_grab5
12158,-6936,-7740,1990,CN,1,N_pwm150_grab5
12163,-2490,-268,13624,CN,1,N_pwm150_grab5
12169,-1590,-4292,10008,CN,1,N_pwm150_grab5
12173,-9558,-5748,-426,CN,1,N_pwm150_grab5
12179,-9462,-3988,10862,CN,1,N_pwm150_grab5
12184,-2560,848,15594,CN,1,N_pwm150_grab5
12188,-2560,848,15594,CN,1,N_pwm150_grab5
12193,-4102,-1696,11202,CN,1,N_pwm150_grab5
12198,1330,1568,10300,CN,1,N_pwm150_grab5
12204,-6874,-3504,1352,CN,1,N_pwm150_grab5
12208,2418,2470,12422,CN,1,N_pwm150_grab5
12214,8994,3100,8622,CN,1,N_pwm150_grab5
12218,4306,4970,13996,CN,1,N_pwm150_grab5
12223,7594,7404,17230,CN,1,N_pwm150_grab5
12229,12094,-3100,7034,CN,1,N_pwm150_grab5
12233,450,1156,11632,CN,1,N_pwm150_grab5
12238,6396,5674,11804,CN,1,N_pwm150_grab5
12243,5398,-5010,7562,CN,1,N_pwm150_grab5
12249,-4290,-318,13966,CN,1,N_pwm150_grab5
12253,2480,1218,10652,CN,1,N_pwm150_grab5
12258,-4430,-6262,3012,CN,1,N_pwm150_grab5
12263,-8242,-8814,13228,CN,1,N_pwm150_grab5
12268,-3526,-4588,8668,CN,1,N_pwm150_grab5
12273,-8640,-3254,-866,CN,1,N_pwm150_grab5
12278,-8384,-3546,15120,CN,1,N_pwm150_grab5
12284,-3554,-4958,11522,CN,1,N_pwm150_grab5
12288,-9272,-7430,-590,CN,1,N_pwm150_grab5
12293,-4282,-1220,11736,CN,1,N_pwm150_grab5
12298,560,-1178,9188,CN,1,N_pwm150_grab5
12304,1760,66,9946,CN,1,N_pwm150_grab5
12308,1772,11412,16396,CN,1,N_pwm150_grab5
12313,9634,4288,8814,CN,1,N_pwm150_grab5
12319,4428,1440,12398,CN,1,N_pwm150_grab5
12323,5768,9526,14276,CN,1,N_pwm150_grab5
12328,13692,2884,8054,CN,1,N_pwm150_grab5
12334,3072,1860,12974,CN,1,N_pwm150_grab5
12339,5592,6900,11382,CN,1,N_pwm150_grab5
12344,8656,-2286,8204,CN,1,N_pwm150_grab5
12348,-2172,-244,15020,CN,1,N_pwm150_grab5
12353,2236,-4552,4580,CN,1,N_pwm150_grab5
12358,-2728,-7968,2266,CN,1,N_pwm150_grab5
12363,-7178,-602,16842,CN,1,N_pwm150_grab5
12368,-118,-4808,8196,CN,1,N_pwm150_grab5
12375,-4084,-1632,5038,CN,1,N_pwm150_grab5
12380,-3572,-1152,11562,CN,1,N_pwm150_grab5
12384,922,-350,8650,CN,1,N_pwm150_grab5
12390,2568,530,10930,CN,1,N_pwm150_grab5
12395,2608,11384,16702,CN,1,N_pwm150_grab5
12400,10280,3888,8756,CN,1,N_pwm150_grab5
12404,4390,1502,12016,CN,1,N_pwm150_grab5
12409,6000,9532,14318,CN,1,N_pwm150_grab5
12416,1750,-6544,6568,CN,1,N_pwm150_grab5
12419,2506,1582,12968,CN,1,N_pwm150_grab5
12425,5636,6678,11380,CN,1,N_pwm150_grab5
12430,7978,-2740,7996,CN,1,N_pwm150_grab5
12434,-2756,-734,14634,CN,1,N_pwm150_grab5
12440,1830,-4958,4540,CN,1,N_pwm150_grab5
12445,-3282,-7530,2046,CN,1,N_pwm150_grab5
12450,-7436,-630,16840,CN,1,N_pwm150_grab5
12455,-2974,-3926,12016,CN,1,N_pwm150_grab5
12459,-9504,-6678,-1384,CN,1,N_pwm150_grab5
12465,-8740,-840,14824,CN,1,N_pwm150_grab5
12469,-2200,-5088,11868,CN,1,N_pwm150_grab5
12475,-7202,-4064,1998,CN,1,N_pwm150_grab5
12480,-6524,2152,10664,CN,1,N_pwm150_grab5
12484,1036,3978,14786,CN,1,N_pwm150_grab5
12489,872,388,9946,CN,1,N_pwm150_grab5
12494,5948,9434,14276,CN,1,N_pwm150_grab5
12499,13426,1892,8516,CN,1,N_pwm150_grab5
12504,4500,2184,14446,CN,1,N_pwm150_grab5
12509,3974,4700,12938,CN,1,N_pwm150_grab5
12514,12000,2700,8054,CN,1,N_pwm150_grab5
12519,4172,5476,15248,CN,1,N_pwm150_grab5
12524,7758,3486,14526,CN,1,N_pwm150_grab5
12529,9608,-6038,6686,CN,1,N_pwm150_grab5
12534,-7556,-822,16848,CN,1,N_pwm150_grab5
12540,-606,-5326,8000,CN,1,N_pwm150_grab5
12545,1176,-6614,6144,CN,1,N_pwm150_grab5
12549,-6006,-296,14624,CN,1,N_pwm150_grab5
12554,2010,-918,10926,CN,1,N_pwm150_grab5
12559,-7306,-6528,1452,CN,1,N_pwm150_grab5
12564,-8838,-8724,12892,CN,1,N_pwm150_grab5
12569,-4222,-4204,10232,CN,1,N_pwm150_grab5
12574,614,420,9822,CN,1,N_pwm150_grab5
12579,-1340,2464,11596,CN,1,N_pwm150_grab5
12585,5908,3764,9342,CN,1,N_pwm150_grab5
12590,-3412,-1362,5558,CN,1,N_pwm150_grab5
12595,-3530,-1096,11586,CN,1,N_pwm150_grab5
12600,868,-336,7984,CN,1,N_pwm150_grab5
12604,2612,506,11140,CN,1,N_pwm150_grab5
12615,9954,-5442,6882,CN,1,N_pwm150_grab5
12619,-1796,1460,12602,CN,1,N_pwm150_grab5
12624,5830,2962,10430,CN,1,N_pwm150_grab5
12631,1514,-6520,6272,CN,1,N_pwm150_grab5
12635,-5900,-448,14518,CN,1,N_pwm150_grab5
12640,1746,-76,11222,CN,1,N_pwm150_grab5
12646,-6230,-6168,1866,CN,1,N_pwm150_grab5
12650,-8066,-8678,13334,CN,1,N_pwm150_grab5
12656,210,3442,14936,CN,1,N_pwm150_grab5
12660,-262,216,9418,CN,2,N_pwm150_grab5
12665,-1942,2126,11234,CN,2,N_pwm150_grab5
12670,5024,3686,9460,CN,2,N_pwm150_grab5
12675,-4296,-1498,4890,CN,2,N_pwm150_grab5
12680,-4060,-924,11726,CN,2,N_pwm150_grab5
12685,696,-1046,8204,CN,2,N_pwm150_grab5
12690,1898,34,10428,CN,2,N_pwm150_grab5
12696,8252,5240,16326,CN,2,N_pwm150_grab5
12700,10364,-4836,6678,CN,2,N_pwm150_grab5
12706,-1166,1652,12186,CN,2,N_pwm150_grab5
12710,6168,3500,10962,CN,2,N_pwm150_grab5
12716,13528,2474,7664,CN,2,N_pwm150_grab5
12720,2918,1960,12674,CN,2,N_pwm150_grab5
12726,6122,5662,11034,CN,2,N_pwm150_grab5
12730,8782,-1302,8592,CN,2,N_pwm150_grab5
12735,-7744,-8792,12816,CN,2,N_pwm150_grab5
12741,-3302,-2754,10456,CN,2,N_pwm150_grab5
12745,-7976,-2274,1108,CN,2,N_pwm150_grab5
12750,-7378,-4696,14466,CN,2,N_pwm150_grab5
12755,-3684,-4048,12294,CN,2,N_pwm150_grab5
12765,-8604,-86,15862,CN,2,N_pwm150_grab5
12771,-1824,-4114,11758,CN,2,N_pwm150_grab5
12776,600,-906,9156,CN,2,N_pwm150_grab5
12785,8012,3666,9308,CN,2,N_pwm150_grab5
12790,4438,564,12606,CN,2,N_pwm150_grab5
12796,4896,9402,14386,CN,2,N_pwm150_grab5
12800,2962,2870,10542,CN,2,N_pwm150_grab5
12805,3662,1532,13736,CN,2,N_pwm150_grab5
12811,2606,1420,12000,CN,2,N_pwm150_grab5
12815,10014,-590,8642,CN,2,N_pwm150_grab5
12821,-318,862,14676,CN,2,N_pwm150_grab5
12825,3438,-3538,4874,CN,2,N_pwm150_grab5
12830,1104,-7790,3050,CN,2,N_pwm150_grab5
12835,-5340,532,16724,CN,2,N_pwm150_grab5
12840,1436,-4286,7676,CN,2,N_pwm150_grab5
12846,6248,-5128,7966,CN,2,N_pwm150_grab5
12850,-3816,-992,13396,CN,2,N_pwm150_grab5
12856,-1424,-3508,11112,CN,2,N_pwm150_grab5
12860,-9022,-5102,708,CN,2,N_pwm150_grab5
12865,-8880,-910,10888,CN,2,N_pwm150_grab5
12870,-1296,2206,16554,CN,2,N_pwm150_grab5
12875,-3808,-462,6976,CN,2,N_pwm150_grab5
12880,-4472,-886,10504,CN,2,N_pwm150_grab5
12886,1608,1954,11510,CN,2,N_pwm150_grab5
12892,2260,1284,12658,CN,2,N_pwm150_grab5
12896,6340,5738,12872,CN,2,N_pwm150_grab5
12901,11078,314,8428,CN,2,N_pwm150_grab5
12907,974,2222,14852,CN,2,N_pwm150_grab5
12911,4460,-2614,6182,CN,2,N_pwm150_grab5
12916,3454,-7898,3974,CN,2,N_pwm150_grab5
12921,-4520,1550,16048,CN,2,N_pwm150_grab5
12928,2240,-3066,7898,CN,2,N_pwm150_grab5
12932,8742,-3576,8626,CN,2,N_pwm150_grab5
12936,-1966,-838,12714,CN,2,N_pwm150_grab5
12941,-590,-2332,11244,CN,2,N_pwm150_grab5
12947,-9030,-5204,590,CN,2,N_pwm150_grab5
12951,-9494,-3230,11012,CN,2,N_pwm150_grab5
12956,-2248,932,15576,CN,2,N_pwm150_grab5
12961,-5350,-580,5670,CN,2,N_pwm150_grab5
12967,-5400,-2602,10984,CN,2,N_pwm150_grab5
12972,-3488,-6306,9056,CN,2,N_pwm150_grab5
12976,-8322,-3718,-690,CN,2,N_pwm150_grab5
12981,-220,326,11410,CN,2,N_pwm150_grab5
12986,4582,1192,7350,CN,2,N_pwm150_grab5
12991,3994,2156,13376,CN,2,N_pwm150_grab5
12997,5206,10158,17139,CN,2,N_pwm150_grab5
13001,11766,804,7362,CN,2,N_pwm150_grab5
13007,3386,990,11314,CN,2,N_pwm150_grab5
13011,6662,8546,13912,CN,2,N_pwm150_grab5
13016,9380,4770,8656,CN,2,N_pwm150_grab5
13022,-72,238,12448,CN,2,N_pwm150_grab5
13026,5106,5380,10366,CN,2,N_pwm150_grab5
13031,4470,-4372,6408,CN,2,N_pwm150_grab5
13036,-4554,-2752,14170,CN,2,N_pwm150_grab5
13041,264,-5530,5530,CN,2,N_pwm150_grab5
13047,-5362,-6326,1288,CN,2,N_pwm150_grab5
13051,-8072,-1544,17006,CN,2,N_pwm150_grab5
13056,4448,544,9486,CN,2,N_pwm150_grab5
13062,-9134,-5364,-1416,CN,2,N_pwm150_grab5
13067,-7702,-1170,14344,CN,2,N_pwm150_grab5
13071,-2278,-4776,12162,CN,2,N_pwm150_grab5
13076,-6214,-3172,3222,CN,2,N_pwm150_grab5
13081,-5688,2632,10926,CN,2,N_pwm150_grab5
13086,1214,4056,13714,CN,2,N_pwm150_grab5
13091,886,500,10530,CN,2,N_pwm150_grab5
13097,-966,3298,11284,CN,2,N_pwm150_grab5
13102,5936,4004,9270,CN,2,N_pwm150_grab5
13106,4604,1914,14356,CN,2,N_pwm150_grab5
13111,3868,4358,12960,CN,2,N_pwm150_grab5
13117,11422,2638,7914,CN,2,N_pwm150_grab5
13122,4088,5070,14870,CN,2,N_pwm150_grab5
13127,8036,4534,15572,CN,2,N_pwm150_grab5
13132,9906,-5210,6450,CN,2,N_pwm150_grab5
13136,-1278,1828,12334,CN,2,N_pwm150_grab5
13143,282,-5448,7742,CN,2,N_pwm150_grab5
13148,-8980,-6506,-648,CN,2,N_pwm150_grab5
13152,-8280,108,15790,CN,2,N_pwm150_grab5
13157,-1932,-4352,12090,CN,2,N_pwm150_grab5
13162,-8080,-4550,1424,CN,2,N_pwm150_grab5
13168,-7804,1980,11068,CN,2,N_pwm150_grab5
13173,70,3610,16120,CN,2,N_pwm150_grab5
13177,-1974,-350,8290,CN,2,N_pwm150_grab5
13184,5010,9778,14784,CN,2,N_pwm150_grab5
13187,3178,3290,10664,CN,2,N_pwm150_grab5
13193,3636,1398,13810,CN,2,N_pwm150_grab5
13197,2474,998,11748,CN,2,N_pwm150_grab5
13202,8458,1154,7048,CN,2,N_pwm150_grab5
13208,4258,4966,14382,CN,2,N_pwm150_grab5
13213,7580,5242,16658,CN,2,N_pwm150_grab5
13218,10694,-3716,5610,CN,2,N_pwm150_grab5
13223,-5048,576,16438,CN,2,N_pwm150_grab5
13227,7134,4980,12334,CN,2,N_pwm150_grab5
13232,7016,-4976,8050,CN,2,N_pwm150_grab5
13238,-3270,-1098,13000,CN,2,N_pwm150_grab5
13242,2452,3548,10052,CN,2,N_pwm150_grab5
13247,-274,-4700,5092,CN,2,N_pwm150_grab5
13253,-5516,-7958,14120,CN,2,N_pwm150_grab5
13257,-1780,-4310,8404,CN,2,N_pwm150_grab5
13262,-4724,-556,6302,CN,2,N_pwm150_grab5
13268,-5152,-1252,10598,CN,2,N_pwm150_grab5
13272,-3902,-5542,9706,CN,2,N_pwm150_grab5
13278,-7832,-2888,-128,CN,2,N_pwm150_grab5
13283,-6986,740,13662,CN,2,N_pwm150_grab5
13287,-712,-3880,11414,CN,2,N_pwm150_grab5
13293,-3954,-2822,5920,CN,2,N_pwm150_grab5
13298,-2918,8798,13664,CN,2,N_pwm150_grab5
13302,10648,-1002,6788,CN,2,N_pwm150_grab5
13307,2656,1266,10926,CN,2,N_pwm150_grab5
13313,2008,8214,12740,CN,2,N_pwm150_grab5
13317,9856,4700,7792,CN,2,N_pwm150_grab5
13323,4806,1862,13834,CN,2,N_pwm150_grab5
13327,5290,4080,13206,CN,2,N_pwm150_grab5
13332,11434,1476,7610,CN,2,N_pwm150_grab5
13338,3124,4038,14954,CN,2,N_pwm150_grab5
13342,-430,-4878,5994,CN,2,N_pwm150_grab5
13348,-4978,-5210,1706,CN,2,N_pwm150_grab5
13352,-7784,-2408,17026,CN,2,N_pwm150_grab5
13357,4396,-790,8518,CN,2,N_pwm150_grab5
13363,-656,-7856,5456,CN,2,N_pwm150_grab5
13367,-6690,-500,15034,CN,2,N_pwm150_grab5
13373,1582,-304,11680,CN,2,N_pwm150_grab5
13377,-7114,-5570,1612,CN,2,N_pwm150_grab5
13382,-5880,5026,12082,CN,2,N_pwm150_grab5
13387,1894,4538,14500,CN,2,N_pwm150_grab5
13393,474,-238,9574,CN,2,N_pwm150_grab5
13398,-1518,4138,11090,CN,2,N_pwm150_grab5
13403,5254,4336,9158,CN,2,N_pwm150_grab5
13409,4268,1602,14254,CN,2,N_pwm150_grab5
13414,3216,3464,12284,CN,2,N_pwm150_grab5
13418,10470,2596,7964,CN,2,N_pwm150_grab5
13423,-1894,762,14312,CN,2,N_pwm150_grab5
13428,3018,-3996,5234,CN,2,N_pwm150_grab5
13433,-632,-7836,3148,CN,2,N_pwm150_grab5
13440,-6454,-496,16530,CN,2,N_pwm150_grab5
13443,6664,3590,10994,CN,2,N_pwm150_grab5
13448,4684,-5836,6940,CN,2,N_pwm150_grab5
13453,-4732,-350,13322,CN,2,N_pwm150_grab5
13458,2146,1836,10884,CN,2,N_pwm150_grab5
13463,-8710,-5048,560,CN,2,N_pwm150_grab5
13468,-8338,-2204,10436,CN,2,N_pwm150_grab5
13473,-1536,1824,16096,CN,2,N_pwm150_grab5
13478,-3824,-126,7404,CN,2,N_pwm150_grab5
13484,-7662,-4192,15568,CN,2,N_pwm150_grab5
13489,-3830,-5200,10924,CN,2,N_pwm150_grab5
13493,-7118,-2490,1198,CN,2,N_pwm150_grab5
13499,-6638,676,13544,CN,2,N_pwm150_grab5
13503,6068,608,6526,CN,2,N_pwm150_grab5
13509,4096,3660,13894,CN,2,N_pwm150_grab5
13514,6476,7556,17512,CN,2,N_pwm150_grab5
13518,10922,-1610,6458,CN,2,N_pwm150_grab5
13523,2250,1390,11062,CN,2,N_pwm150_grab5
13528,2378,8508,13182,CN,2,N_pwm150_grab5
13534,10394,4436,7884,CN,2,N_pwm150_grab5
13538,4788,1746,13666,CN,2,N_pwm150_grab5
13543,3968,5212,9590,CN,2,N_pwm150_grab5
13548,4154,-3242,6664,CN,2,N_pwm150_grab5
13553,-3798,-5604,14390,CN,2,N_pwm150_grab5
13558,-978,-4174,6608,CN,2,N_pwm150_grab5
13564,-4684,-4768,2258,CN,2,N_pwm150_grab5
13569,-2502,2136,15054,CN,2,N_pwm150_grab5
13573,3980,-1994,7616,CN,2,N_pwm150_grab5
13579,-120,-8018,5122,CN,2,N_pwm150_grab5
13584,-6320,-574,15176,CN,2,N_pwm150_grab5
13589,-1484,-4694,12664,CN,2,N_pwm150_grab5
13593,-7238,-4080,2584,CN,2,N_pwm150_grab5
13599,-6122,5460,12298,CN,2,N_pwm150_grab5
13603,2050,3956,15260,CN,2,N_pwm150_grab5
13608,-212,-814,9018,CN,2,N_pwm150_grab5
13614,-7382,-5532,12956,CN,2,N_pwm150_grab5
13618,-3040,-1916,14702,CN,2,N_pwm150_grab5
13623,-5024,-572,5872,CN,2,N_pwm150_grab5
13628,2818,1072,11204,CN,2,N_pwm150_grab5
13634,8626,1598,7016,CN,2,N_pwm150_grab5
13638,4426,4884,14444,CN,2,N_pwm150_grab5
13644,7108,3066,15226,CN,2,N_pwm150_grab5
13649,10594,-4864,5216,CN,2,N_pwm150_grab5
13654,350,2790,12798,CN,2,N_pwm150_grab5
13659,7342,2958,11424,CN,2,N_pwm150_grab5
13665,6450,-6032,7692,CN,2,N_pwm150_grab5
13669,-8046,200,17150,CN,2,N_pwm150_grab5
13674,-1346,-3524,11088,CN,2,N_pwm150_grab5
13679,-9058,-5338,190,CN,2,N_pwm150_grab5
13684,-8178,-3944,10606,CN,2,N_pwm150_grab5
13689,-2548,822,15572,CN,2,N_pwm150_grab5
13696,-5012,-368,6262,CN,2,N_pwm150_grab5
13699,-7328,-3464,16470,CN,2,N_pwm150_grab5
13704,-3648,-5578,9700,CN,2,N_pwm150_grab5
13710,-58,564,10368,CN,2,N_pwm150_grab5
13715,-988,-178,10580,CN,2,N_pwm150_grab5
13719,3708,1188,7190,CN,2,N_pwm150_grab5
13725,3744,1442,13220,CN,2,N_pwm150_grab5
13729,3958,10394,16548,CN,2,N_pwm150_grab5
13735,10842,1438,7648,CN,2,N_pwm150_grab5
13739,1724,376,11366,CN,2,N_pwm150_grab5
13744,-36,5936,11578,CN,2,N_pwm150_grab5
13750,11662,-766,7428,CN,2,N_pwm150_grab5
13755,1518,710,11710,CN,2,N_pwm150_grab5
13760,5498,6122,10436,CN,2,N_pwm150_grab5
13765,6816,-2356,7866,CN,2,N_pwm150_grab5
13770,-2752,-1656,14488,CN,2,N_pwm150_grab5
13774,1274,-4982,4752,CN,2,N_pwm150_grab5
13780,-1506,-6724,2538,CN,2,N_pwm150_grab5
13785,-866,2728,13122,CN,2,N_pwm150_grab5
13789,-148,-5556,6840,CN,2,N_pwm150_grab5
13794,-7400,-5780,-92,CN,2,N_pwm150_grab5
13800,-8516,1118,16610,CN,2,N_pwm150_grab5
13805,-1660,-2788,12596,CN,2,N_pwm150_grab5
13810,-8398,-4352,1320,CN,2,N_pwm150_grab5
13815,-8362,3282,12424,CN,2,N_pwm150_grab5
13820,110,3160,16846,CN,2,N_pwm150_grab5
13824,-7256,-2086,2294,CN,2,N_pwm150_grab5
13830,-4064,2988,10826,CN,2,N_pwm150_grab5
13834,2902,3524,12322,CN,2,N_pwm150_grab5
13839,1808,634,12740,CN,2,N_pwm150_grab5
13844,782,138,10996,CN,2,N_pwm150_grab5
13849,5582,368,5672,CN,2,N_pwm150_grab5
13855,3900,4068,14020,CN,2,N_pwm150_grab5
13860,5942,6048,16982,CN,2,N_pwm150_grab5
13865,10342,-2326,5996,CN,2,N_pwm150_grab5
13869,2296,1544,11426,CN,2,N_pwm150_grab5
13875,7490,6554,14230,CN,2,N_pwm150_grab5
13879,9902,-3356,7860,CN,2,N_pwm150_grab5
13884,-18,-346,11770,CN,2,N_pwm150_grab5
13889,5000,5666,10212,CN,2,N_pwm150_grab5
13894,4912,-3500,7280,CN,2,N_pwm150_grab5
13899,-3890,-3620,13752,CN,2,N_pwm150_grab5
13904,168,-4912,5482,CN,2,N_pwm150_grab5
13910,-7124,-770,2986,CN,2,N_pwm150_grab5
13916,-6606,-4814,12608,CN,2,N_pwm150_grab5
13920,-2374,-1264,14290,CN,2,N_pwm150_grab5
13925,-3998,-386,7022,CN,2,N_pwm150_grab5
13930,-3484,-1282,11636,CN,2,N_pwm150_grab5
13935,1064,-820,8232,CN,2,N_pwm150_grab5
13941,1150,60,10688,CN,2,N_pwm150_grab5
13950,10274,-4628,5818,CN,2,N_pwm150_grab5
13955,4334,342,12834,CN,2,N_pwm150_grab5
13965,12214,2776,7468,CN,2,N_pwm150_grab5
13970,4000,1460,12328,CN,2,N_pwm150_grab5
13976,6742,6538,12784,CN,2,N_pwm150_grab5
13981,10172,86,8154,CN,2,N_pwm150_grab5
13985,758,2310,13950,CN,2,N_pwm150_grab5
13991,-1998,-4612,7680,CN,2,N_pwm150_grab5
13996,3994,-7762,4226,CN,2,N_pwm150_grab5
14001,-4194,1140,15792,CN,2,N_pwm150_grab5
14005,2026,-3388,7214,CN,2,N_pwm150_grab5
14010,-3722,-7662,3102,CN,2,N_pwm150_grab5
14015,-7108,-32,16470,CN,2,N_pwm150_grab5
14021,644,-1138,12300,CN,2,N_pwm150_grab5
14026,-7264,-5160,1746,CN,2,N_pwm150_grab5
14031,-4256,8030,13186,CN,2,N_pwm150_grab5
14036,3992,3870,13560,CN,2,N_pwm150_grab5
14041,-6568,-326,3582,CN,2,N_pwm150_grab5
14048,-6568,-326,3582,CN,2,N_pwm150_grab5
14051,-1622,210,15260,CN,2,N_pwm150_grab5
14056,-3692,108,8308,CN,2,N_pwm150_grab5
14061,-2598,-238,12108,CN,2,N_pwm150_grab5
14066,1930,-1734,7296,CN,2,N_pwm150_grab5
14071,4304,4416,14860,CN,2,N_pwm150_grab5
14075,6880,1320,13624,CN,2,N_pwm150_grab5
14081,6576,1034,7050,CN,2,N_pwm150_grab5
14085,3430,-422,11596,CN,2,N_pwm150_grab5
14090,4814,10148,15648,CN,2,N_pwm150_grab5
14095,11592,2112,7598,CN,2,N_pwm150_grab5
14100,3976,674,11798,CN,2,N_pwm150_grab5
14105,6264,5838,12098,CN,2,N_pwm150_grab5
14111,-1238,-4948,4878,CN,2,N_pwm150_grab5
14116,-6014,-7982,13718,CN,2,N_pwm150_grab5
14120,-1650,-3522,8342,CN,2,N_pwm150_grab5
14126,3566,-7344,3850,CN,2,N_pwm150_grab5
14131,-4408,1210,15596,CN,2,N_pwm150_grab5
14136,1948,-3562,6740,CN,2,N_pwm150_grab5
14140,-4048,-7498,2826,CN,2,N_pwm150_grab5
14145,-7284,234,17128,CN,2,N_pwm150_grab5
14150,326,-2932,10828,CN,2,N_pwm150_grab5
14155,-4704,-2262,5444,CN,2,N_pwm150_grab5
14160,-4018,6236,11896,CN,2,N_pwm150_grab5
14166,3314,4790,13252,CN,2,N_pwm150_grab5
14171,1782,246,11210,CN,2,N_pwm150_grab5
14177,148,5954,11200,CN,2,N_pwm150_grab5
14181,7026,4280,8254,CN,2,N_pwm150_grab5
14187,4514,1326,14438,CN,2,N_pwm150_grab5
14192,5794,6486,11150,CN,2,N_pwm150_grab5
14196,6820,-2936,7558,CN,2,N_pwm150_grab5
14201,-2552,-638,14142,CN,2,N_pwm150_grab5
14208,2068,-4996,4808,CN,2,N_pwm150_grab5
14212,8922,-5436,5478,CN,2,N_pwm150_grab5
14216,-382,1644,12114,CN,2,N_pwm150_grab5
14222,6096,2798,10628,CN,2,N_pwm150_grab5
14227,4588,-6174,6808,CN,2,N_pwm150_grab5
14231,-8560,326,16494,CN,2,N_pwm150_grab5
14236,-1540,-3690,10678,CN,2,N_pwm150_grab5
14241,-8398,-4538,494,CN,2,N_pwm150_grab5
14247,-8062,-302,11448,CN,2,N_pwm150_grab5
14252,-1918,-3608,8928,CN,2,N_pwm150_grab5
14256,-7016,-2632,1434,CN,2,N_pwm150_grab5
14261,-7992,-4836,15982,CN,2,N_pwm150_grab5
14266,-3752,-4970,10232,CN,2,N_pwm150_grab5
14271,-7640,-1970,630,CN,2,N_pwm150_grab5
14277,300,-196,10960,CN,2,N_pwm150_grab5
14281,4130,76,5272,CN,2,N_pwm150_grab5
14287,3580,3424,13688,CN,2,N_pwm150_grab5
14292,5322,6456,16926,CN,2,N_pwm150_grab5
14296,4270,3752,12084,CN,2,N_pwm150_grab5
14302,2104,-832,10398,CN,2,N_pwm150_grab5
14306,1040,8328,12100,CN,2,N_pwm150_grab5
14312,7728,4756,7668,CN,2,N_pwm150_grab5
14316,1002,-190,11490,CN,2,N_pwm150_grab5
14322,5638,6274,10352,CN,2,N_pwm150_grab5
14327,6420,-2680,7844,CN,2,N_pwm150_grab5
14331,-3086,-2320,13732,CN,2,N_pwm150_grab5
14337,7428,1308,13820,CN,2,N_pwm150_grab5
14341,8896,-6552,5056,CN,2,N_pwm150_grab5
14346,-1138,2310,13072,CN,2,N_pwm150_grab5
14351,6124,994,9518,CN,2,N_pwm150_grab5
14356,-7906,-5644,-342,CN,2,N_pwm150_grab5
14362,-7930,-444,15920,CN,2,N_pwm150_grab5
14366,-2200,-4864,10354,CN,2,N_pwm150_grab5
14372,-8070,-4232,498,CN,2,N_pwm150_grab5
14377,-7742,-2498,10930,CN,2,N_pwm150_grab5
14382,-2018,-5196,8278,CN,2,N_pwm150_grab5
14386,-7942,-3320,262,CN,2,N_pwm150_grab5
14392,-7692,-3794,15650,CN,2,N_pwm150_grab5
14397,1786,2058,11608,CN,2,N_pwm150_grab5
14402,1490,872,12188,CN,2,N_pwm150_grab5
14406,522,1056,10440,CN,2,N_pwm150_grab5
14412,5776,1856,7516,CN,2,N_pwm150_grab5
14416,4112,2470,14364,CN,2,N_pwm150_grab5
14422,5662,9336,17176,CN,2,N_pwm150_grab5
14428,10824,-156,6998,CN,2,N_pwm150_grab5
14432,3070,672,11034,CN,2,N_pwm150_grab5
14437,2920,-2040,8228,CN,2,N_pwm150_grab5
14442,-2150,-7920,4054,CN,2,N_pwm150_grab5
14448,-6526,-22,15934,CN,2,N_pwm150_grab5
14453,904,-1026,11918,CN,2,N_pwm150_grab5
14457,-6990,-5566,1894,CN,2,N_pwm150_grab5
14462,-8866,-6470,11834,CN,2,N_pwm150_grab5
14467,288,-4570,5148,CN,2,N_pwm150_grab5
14473,-2990,-5572,2322,CN,2,N_pwm150_grab5
14477,-7250,-5030,12638,CN,2,N_pwm150_grab5
14483,-2632,-1524,14608,CN,2,N_pwm150_grab5
14487,-4516,-282,6994,CN,2,N_pwm150_grab5
14492,-3282,-90,12178,CN,2,N_pwm150_grab5
14498,1568,-2110,7856,CN,2,N_pwm150_grab5
14503,702,-426,10128,CN,2,N_pwm150_grab5
14508,-7046,3562,12068,CN,2,N_pwm150_grab5
14513,294,3726,16900,CN,2,N_pwm150_grab5
14517,3776,-376,11584,CN,2,N_pwm150_grab5
14527,12258,2860,7636,CN,2,N_pwm150_grab5
14532,4416,964,12308,CN,2,N_pwm150_grab5
14537,6210,7128,13372,CN,2,N_pwm150_grab5
14543,10824,-16,8034,CN,2,N_pwm150_grab5
14548,970,2936,14496,CN,2,N_pwm150_grab5
14552,5790,8812,17012,CN,2,N_pwm150_grab5
14557,4056,-8192,4594,CN,2,N_pwm150_grab5
14562,-4624,1074,15216,CN,2,N_pwm150_grab5
14567,2186,-2564,7772,CN,2,N_pwm150_grab5
14573,-4528,-7428,3068,CN,2,N_pwm150_grab5
14577,-7352,-750,16600,CN,2,N_pwm150_grab5
14583,44,-4534,9522,CN,2,N_pwm150_grab5
14587,-8842,-6078,-146,CN,2,N_pwm150_grab5
14592,-5324,-2650,14380,CN,2,N_pwm150_grab5
14597,-3662,-2044,12508,CN,2,N_pwm150_grab5
14603,-6684,-628,3312,CN,2,N_pwm150_grab5
14607,-6326,-3558,12714,CN,2,N_pwm150_grab5
14613,-1780,-1344,12798,CN,2,N_pwm150_grab5
14618,-2896,-272,7592,CN,2,N_pwm150_grab5
14622,-2984,-372,9850,CN,2,N_pwm150_grab5
14628,2290,1612,9876,CN,2,N_pwm150_grab5
14633,2646,1200,12834,CN,2,N_pwm150_grab5
14637,2064,10652,14930,CN,2,N_pwm150_grab5
14642,9092,3482,8038,CN,2,N_pwm150_grab5
14648,4454,762,13104,CN,2,N_pwm150_grab5
14652,5884,8740,14262,CN,2,N_pwm150_grab5
14657,12120,2084,7038,CN,2,N_pwm150_grab5
14662,3466,1528,12406,CN,2,N_pwm150_grab5
14668,6400,7230,13050,CN,2,N_pwm150_grab5
14673,9082,-2126,8126,CN,2,N_pwm150_grab5
14679,-7362,-6438,14448,CN,2,N_pwm150_grab5
14684,-1816,-5222,8486,CN,2,N_pwm150_grab5
14693,-8450,-2142,16126,CN,2,N_pwm150_grab5
14698,-3432,-5552,10830,CN,2,N_pwm150_grab5
14709,-6070,-3062,11576,CN,2,N_pwm150_grab5
14714,-896,-1568,12822,CN,2,N_pwm150_grab5
14718,4510,2638,14542,CN,2,N_pwm150_grab5
14723,-1998,7406,12212,CN,2,N_pwm150_grab5
14728,4598,4910,10660,CN,2,N_pwm150_grab5
14733,3438,622,13140,CN,2,N_pwm150_grab5
14738,2560,5240,12032,CN,2,N_pwm150_grab5
14744,9398,3976,8176,CN,2,N_pwm150_grab5
14749,4862,2144,14218,CN,2,N_pwm150_grab5
14754,5810,9770,15912,CN,2,N_pwm150_grab5
14758,2782,-7698,5096,CN,2,N_pwm150_grab5
14763,2254,2774,12858,CN,2,N_pwm150_grab5
14768,7094,2824,12526,CN,2,N_pwm150_grab5
14774,7462,-6338,6856,CN,2,N_pwm150_grab5
14778,-2900,-522,12494,CN,2,N_pwm150_grab5
14784,3702,3272,10344,CN,2,N_pwm150_grab5
14788,808,-5082,5626,CN,2,N_pwm150_grab5
14793,-5412,-6888,13728,CN,2,N_pwm150_grab5
14799,-2494,1042,15472,CN,2,N_pwm150_grab5
14804,-5512,-182,5670,CN,2,N_pwm150_grab5
14808,-7568,-2688,16878,CN,2,N_pwm150_grab5
14813,-3240,-5594,9074,CN,2,N_pwm150_grab5
14824,-7350,-2476,13936,CN,2,N_pwm150_grab5
14828,-2654,-4084,12538,CN,2,N_pwm150_grab5
14834,-5204,-2018,4542,CN,2,N_pwm150_grab5
14838,3282,10902,15866,CN,2,N_pwm150_grab5
14843,11320,2878,7974,CN,2,N_pwm150_grab5
14848,1226,688,11332,CN,2,N_pwm150_grab5
14853,-446,5386,11342,CN,2,N_pwm150_grab5
14858,6762,4334,8798,CN,2,N_pwm150_grab5
14864,4504,1616,14530,CN,2,N_pwm150_grab5
14868,4462,4364,12550,CN,2,N_pwm150_grab5
14874,11366,2834,7850,CN,2,N_pwm150_grab5
14878,4194,4980,14858,CN,2,N_pwm150_grab5
14883,2058,-4814,4576,CN,2,N_pwm150_grab5
14888,-1432,-7422,2266,CN,2,N_pwm150_grab5
14893,-690,2226,12754,CN,2,N_pwm150_grab5
14898,6234,1464,10130,CN,2,N_pwm150_grab5
14903,3732,-6938,6540,CN,2,N_pwm150_grab5
14908,-4610,-876,14130,CN,2,N_pwm150_grab5
14913,1630,2170,11096,CN,2,N_pwm150_grab5
14918,-3236,-5144,3538,CN,2,N_pwm150_grab5
14923,-8332,1514,11586,CN,2,N_pwm150_grab5
14928,-558,3172,16872,CN,2,N_pwm150_grab5
14934,-3442,-498,7416,CN,2,N_pwm150_grab5
14939,-4378,1406,10578,CN,2,N_pwm150_grab5
14944,2608,2884,11768,CN,2,N_pwm150_grab5
14950,2096,944,12906,CN,2,N_pwm150_grab5
14955,1282,356,11084,CN,2,N_pwm150_grab5
14959,6134,792,6368,CN,2,N_pwm150_grab5
14964,1504,2254,14948,CN,2,N_pwm150_grab5
14970,4844,-2690,6824,CN,2,N_pwm150_grab5
14976,4862,-7670,4340,CN,2,N_pwm150_grab5
14979,2336,1526,11098,CN,2,N_pwm150_grab5
14984,7280,6136,13966,CN,2,N_pwm150_grab5
14990,9482,-3776,7986,CN,2,N_pwm150_grab5
14995,-626,-750,12182,CN,2,N_pwm150_grab5
14999,4544,5336,10132,CN,2,N_pwm150_grab5
15005,-8628,-5606,596,CN,2,N_pwm150_grab5
15010,-9040,-5378,11230,CN,2,N_pwm150_grab5
15014,-3194,-206,13772,CN,2,N_pwm150_grab5
15019,-5376,-4940,1444,CN,2,N_pwm150_grab5
15024,-7912,-2896,16964,CN,2,N_pwm150_grab5
15030,-2174,-5706,8006,CN,2,N_pwm150_grab5
15034,-8814,-4402,-1538,CN,2,N_pwm150_grab5
15039,-7624,-332,15172,CN,2,N_pwm150_grab5
15045,1396,160,7786,CN,2,N_pwm150_grab5
15049,2876,964,12180,CN,2,N_pwm150_grab5
15054,2430,11382,16012,CN,2,N_pwm150_grab5
15059,9640,3132,8260,CN,2,N_pwm150_grab5
15065,-162,392,9838,CN,2,N_pwm150_grab5
15070,-1792,3938,11134,CN,2,N_pwm150_grab5
15075,4922,4238,9252,CN,2,N_pwm150_grab5
15080,4348,1576,14120,CN,2,N_pwm150_grab5
15084,6436,7104,11962,CN,2,N_pwm150_grab5
15089,8812,-2342,8268,CN,2,N_pwm150_grab5
15094,-1794,150,14030,CN,2,N_pwm150_grab5
15099,3210,-4094,5176,CN,2,N_pwm150_grab5
15104,10700,-4274,6106,CN,2,N_pwm150_grab5
15110,48,1876,12002,CN,2,N_pwm150_grab5
15115,6882,3112,10850,CN,2,N_pwm150_grab5
15119,5058,-6108,6836,CN,2,N_pwm150_grab5
15125,-8046,-390,16154,CN,2,N_pwm150_grab5
15130,-1996,-4420,10806,CN,2,N_pwm150_grab5
15134,-8744,-5090,166,CN,2,N_pwm150_grab5
15140,-8678,-2606,10932,CN,2,N_pwm150_grab5
15144,-1912,1694,15970,CN,2,N_pwm150_grab5
15149,-8136,-3684,-62,CN,2,N_pwm150_grab5
15154,-7806,-5158,15222,CN,2,N_pwm150_grab5
15159,-4018,-4694,11264,CN,2,N_pwm150_grab5
15165,1826,920,11946,CN,2,N_pwm150_grab5
15169,708,-70,11358,CN,2,N_pwm150_grab5
15174,6080,588,6258,CN,2,N_pwm150_grab5
15179,4110,3862,14054,CN,2,N_pwm150_grab5
15184,6626,6754,17204,CN,2,N_pwm150_grab5
15190,11012,-1836,5984,CN,2,N_pwm150_grab5
15196,2176,1704,11222,CN,2,N_pwm150_grab5
15200,7642,6426,14188,CN,2,N_pwm150_grab5
15206,-3152,-8042,3366,CN,2,N_pwm150_grab5
15210,-7104,-132,16262,CN,2,N_pwm150_grab5
15215,810,-980,12364,CN,2,N_pwm150_grab5
15221,-8146,-5654,962,CN,2,N_pwm150_grab5
15226,-9406,-6124,11068,CN,2,N_pwm150_grab5
15230,-3180,-530,12882,CN,2,N_pwm150_grab5
15235,-4472,-5400,1686,CN,2,N_pwm150_grab5
15240,-7700,-2710,16844,CN,2,N_pwm150_grab5
15245,-1862,-866,14606,CN,2,N_pwm150_grab5
15250,-3242,-140,7794,CN,2,N_pwm150_grab5
15255,-2662,-460,11792,CN,2,N_pwm150_grab5
15260,1606,-1248,6930,CN,2,N_pwm150_grab5
15265,2154,340,10998,CN,2,N_pwm150_grab5
15275,1216,3990,15800,CN,2,N_pwm150_grab5
15281,-722,-270,9052,CN,2,N_pwm150_grab5
15291,12672,1568,7128,CN,2,N_pwm150_grab5
15295,3290,928,11862,CN,2,N_pwm150_grab5
15300,5996,5896,11520,CN,2,N_pwm150_grab5
15305,9734,-776,8920,CN,2,N_pwm150_grab5
15310,-434,156,14310,CN,2,N_pwm150_grab5
15316,3590,-3826,4872,CN,2,N_pwm150_grab5
15321,10886,-4388,5156,CN,2,N_pwm150_grab5
15326,-5118,-10,16060,CN,2,N_pwm150_grab5
15331,1128,-4486,6156,CN,2,N_pwm150_grab5
15335,-6528,-6880,1240,CN,2,N_pwm150_grab5
15340,-8108,-62,16868,CN,2,N_pwm150_grab5
15345,-1042,-3986,10600,CN,2,N_pwm150_grab5
15351,-9102,-5642,-268,CN,2,N_pwm150_grab5
15355,-7890,-5160,10984,CN,2,N_pwm150_grab5
15360,-1070,-5388,6686,CN,2,N_pwm150_grab5
15366,-5432,-32,5992,CN,2,N_pwm150_grab5
15370,-5882,-1482,11046,CN,2,N_pwm150_grab5
15376,-534,1166,13088,CN,2,N_pwm150_grab5
15381,-286,496,10030,CN,2,N_pwm150_grab5
15385,-1106,-392,10674,CN,2,N_pwm150_grab5
15391,3678,900,7378,CN,2,N_pwm150_grab5
15396,3832,1926,13494,CN,2,N_pwm150_grab5
15406,3000,4640,13568,CN,2,N_pwm150_grab5
15411,3510,900,11628,CN,2,N_pwm150_grab5
15416,7234,8126,15420,CN,2,N_pwm150_grab5
15421,11310,-1580,6924,CN,2,N_pwm150_grab5
15426,1326,130,11598,CN,2,N_pwm150_grab5
15430,5342,6004,10400,CN,2,N_pwm150_grab5
15436,6960,-2076,7954,CN,2,N_pwm150_grab5
15441,-2482,-2590,14550,CN,2,N_pwm150_grab5
15446,-2846,-1076,11768,CN,2,N_pwm150_grab5
15451,-7610,-1256,2176,CN,2,N_pwm150_grab5
15457,-7542,-5538,13462,CN,2,N_pwm150_grab5
15462,-3140,-2240,14210,CN,2,N_pwm150_grab5
15467,-5316,-664,5260,CN,2,N_pwm150_grab5
15471,-4558,466,12286,CN,2,N_pwm150_grab5
15476,1146,-2664,8438,CN,2,N_pwm150_grab5
15481,-218,-1224,9066,CN,2,N_pwm150_grab5
15488,7052,3810,15650,CN,2,N_pwm150_grab5
15491,6156,3058,9134,CN,2,N_pwm150_grab5
15496,3776,-134,12030,CN,2,N_pwm150_grab5
15507,11522,3758,7468,CN,2,N_pwm150_grab5
15512,4638,1354,12066,CN,2,N_pwm150_grab5
15516,6046,4710,12234,CN,2,N_pwm150_grab5
15521,10894,532,8356,CN,2,N_pwm150_grab5
15527,-5384,-7640,13534,CN,2,N_pwm150_grab5
15531,5024,-2786,7050,CN,2,N_pwm150_grab5
15536,5008,-7648,4066,CN,2,N_pwm150_grab5
15541,-3692,1364,15382,CN,2,N_pwm150_grab5
15546,2472,-3010,6650,CN,2,N_pwm150_grab5
15551,-3276,-7814,3566,CN,2,N_pwm150_grab5
15556,-7622,154,16638,CN,2,N_pwm150_grab5
15561,780,-1888,11000,CN,2,N_pwm150_grab5
15566,-8864,-6082,254,CN,2,N_pwm150_grab5
15571,-4610,6580,11772,CN,2,N_pwm150_grab5
15576,-3362,-1066,13048,CN,2,N_pwm150_grab5
15582,-6816,-516,3636,CN,2,N_pwm150_grab5
15586,-6186,-3904,12140,CN,2,N_pwm150_grab5
15591,-1960,-868,14032,CN,2,N_pwm150_grab5
15596,-3048,-16,7616,CN,2,N_pwm150_grab5
15601,-3056,-1008,10920,CN,2,N_pwm150_grab5
15606,1460,-182,8026,CN,2,N_pwm150_grab5
15611,3978,5246,15224,CN,2,N_pwm150_grab5
15617,2410,11284,15972,CN,2,N_pwm150_grab5
15622,9632,2648,8172,CN,2,N_pwm150_grab5
15626,4316,474,12468,CN,2,N_pwm150_grab5
15632,5666,9596,15404,CN,2,N_pwm150_grab5
15636,12702,912,7090,CN,2,N_pwm150_grab5
15642,2670,934,11642,CN,2,N_pwm150_grab5
15646,6226,6594,11314,CN,2,N_pwm150_grab5
15651,-4948,-5930,2586,CN,2,N_pwm150_grab5
15657,-7034,-8870,13156,CN,2,N_pwm150_grab5
15661,3130,-4146,4510,CN,2,N_pwm150_grab5
15666,304,-7924,2574,CN,2,N_pwm150_grab5
15671,-5234,-1140,16364,CN,2,N_pwm150_grab5
15677,316,-5226,6308,CN,2,N_pwm150_grab5
15682,-7444,-6450,2,CN,2,N_pwm150_grab5
15687,-8520,538,16726,CN,2,N_pwm150_grab5
15691,180,-3310,9406,CN,2,N_pwm150_grab5
15696,-1526,-1856,7526,CN,2,N_pwm150_grab5
15702,-1298,10120,14646,CN,2,N_pwm150_grab5
15708,6132,3614,10340,CN,2,N_pwm150_grab5
15712,3802,-70,12098,CN,2,N_pwm150_grab5
15718,3982,10072,14596,CN,2,N_pwm150_grab5
15723,11648,4066,7838,CN,2,N_pwm150_grab5
15728,4560,1610,12458,CN,2,N_pwm150_grab5
15732,3316,4712,10014,CN,2,N_pwm150_grab5
15738,1624,-3874,5718,CN,2,N_pwm150_grab5
15744,-4514,-7262,14024,CN,2,N_pwm150_grab5
15747,5122,-2066,7666,CN,2,N_pwm150_grab5
15752,5552,-7554,4204,CN,2,N_pwm150_grab5
15757,-3072,1612,15742,CN,2,N_pwm150_grab5
15762,2826,-2616,6964,CN,2,N_pwm150_grab5
15767,-2524,-8064,3968,CN,2,N_pwm150_grab5
15773,-7782,1488,14974,CN,2,N_pwm150_grab5
15778,-1050,-4246,12766,CN,2,N_pwm150_grab5
15783,-5750,-3560,4508,CN,2,N_pwm150_grab5
15787,-9410,-5784,11088,CN,2,N_pwm150_grab5
15792,-2988,-382,13168,CN,2,N_pwm150_grab5
15797,-7152,-716,3508,CN,2,N_pwm150_grab5
15803,-6726,-4272,12018,CN,2,N_pwm150_grab5
15807,-2152,-888,14506,CN,2,N_pwm150_grab5
15812,4722,1504,14268,CN,2,N_pwm150_grab5
15817,4288,2802,12316,CN,2,N_pwm150_grab5
15823,10920,2224,7560,CN,2,N_pwm150_grab5
15827,4082,5176,15154,CN,2,N_pwm150_grab5
15832,2478,11040,16482,CN,2,N_pwm150_grab5
15837,9002,2538,8160,CN,2,N_pwm150_grab5
15843,4296,526,12056,CN,2,N_pwm150_grab5
15847,5214,9698,15234,CN,2,N_pwm150_grab5
15852,2858,-7230,6274,CN,2,N_pwm150_grab5
15857,-5298,14,14364,CN,2,N_pwm150_grab5
15862,1978,-168,10396,CN,2,N_pwm150_grab5
15868,-5664,-6774,2462,CN,2,N_pwm150_grab5
15873,-1542,450,14138,CN,2,N_pwm150_grab5
15877,3490,-3894,4644,CN,2,N_pwm150_grab5
15882,-478,-8240,2976,CN,2,N_pwm150_grab5
15887,-6286,-652,16444,CN,2,N_pwm150_grab5
15893,-3460,-4002,12974,CN,2,N_pwm150_grab5
15902,-5282,-1880,11644,CN,2,N_pwm150_grab5
15908,-756,-1420,9914,CN,2,N_pwm150_grab5
15913,-280,6,8756,CN,2,N_pwm150_grab5
15917,-7982,-2754,10854,CN,2,N_pwm150_grab5
15922,-1982,1638,16198,CN,2,N_pwm150_grab5
15928,-3598,268,7322,CN,2,N_pwm150_grab5
15933,4010,9078,13958,CN,2,N_pwm150_grab5
15937,12986,3928,8166,CN,2,N_pwm150_grab5
15943,4422,2142,13170,CN,2,N_pwm150_grab5
15947,6914,7844,13490,CN,2,N_pwm150_grab5
15952,11688,218,8692,CN,2,N_pwm150_grab5
15958,940,2910,14472,CN,2,N_pwm150_grab5
15963,5452,-1548,8256,CN,2,N_pwm150_grab5
15968,3492,-8510,4062,CN,2,N_pwm150_grab5
15973,-8182,-5388,15170,CN,2,N_pwm150_grab5
15978,-4198,-5082,10674,CN,2,N_pwm150_grab5
15983,-7452,-2700,740,CN,2,N_pwm150_grab5
15989,-6956,1660,14388,CN,2,N_pwm150_grab5
15994,-882,-3666,11128,CN,2,N_pwm150_grab5
15998,-3930,-2954,5576,CN,2,N_pwm150_grab5
16003,-9696,-2252,11338,CN,2,N_pwm150_grab5
16008,-1830,1214,15112,CN,2,N_pwm150_grab5
16014,3342,-146,11358,CN,2,N_pwm150_grab5
16019,2416,9108,13414,CN,2,N_pwm150_grab5
16024,10480,4638,8220,CN,2,N_pwm150_grab5
16028,4822,1638,13304,CN,2,N_pwm150_grab5
16034,5726,3710,12386,CN,2,N_pwm150_grab5
16039,11476,1346,7448,CN,2,N_pwm150_grab5
16044,3662,2370,12966,CN,2,N_pwm150_grab5
16048,5664,9262,17496,CN,2,N_pwm150_grab5
16053,7176,-7532,5058,CN,2,N_pwm150_grab5
16058,-2580,1760,15278,CN,2,N_pwm150_grab5
16063,3774,-1674,7572,CN,2,N_pwm150_grab5
16069,-1196,-8398,4764,CN,2,N_pwm150_grab5
16073,-6600,-752,15180,CN,2,N_pwm150_grab5
16078,1230,120,12260,CN,2,N_pwm150_grab5
16083,-7324,-5382,1380,CN,2,N_pwm150_grab5
16089,-2852,-3208,14662,CN,2,N_pwm150_grab5
16094,178,-4726,4976,CN,2,N_pwm150_grab5
16099,-7670,-1100,2416,CN,2,N_pwm150_grab5
16104,-7248,-4820,12470,CN,2,N_pwm150_grab5
16108,-2662,-1886,14220,CN,2,N_pwm150_grab5
16113,-4048,-368,6600,CN,2,N_pwm150_grab5
16118,-3200,-208,11898,CN,2,N_pwm150_grab5
16123,1192,-1312,7634,CN,2,N_pwm150_grab5
16129,-7824,-4360,2092,CN,2,N_pwm150_grab5
16133,-6718,2636,10902,CN,2,N_pwm150_grab5
16138,8450,2966,8290,CN,2,N_pwm150_grab5
16143,4414,656,12096,CN,2,N_pwm150_grab5
16148,5320,10020,15174,CN,2,N_pwm150_grab5
16154,13194,2180,7698,CN,2,N_pwm150_grab5
16158,3342,1142,12386,CN,2,N_pwm150_grab5
16163,6074,7100,12158,CN,2,N_pwm150_grab5
16168,10104,-1404,8626,CN,2,N_pwm150_grab5
16174,4610,4464,14440,CN,2,N_pwm150_grab5
16179,4068,-3358,5376,CN,2,N_pwm150_grab5
16184,508,-8552,3248,CN,2,N_pwm150_grab5
16188,-6210,-636,16034,CN,2,N_pwm150_grab5
16194,1134,-4830,7170,CN,2,N_pwm150_grab5
16199,-8480,-7178,-150,CN,2,N_pwm150_grab5
16203,-8640,-726,16098,CN,2,N_pwm150_grab5
16209,-2024,-5218,10696,CN,2,N_pwm150_grab5
16214,-9204,-5230,-198,CN,2,N_pwm150_grab5
16219,-1012,9650,14050,CN,2,N_pwm150_grab5
16224,6370,5388,10272,CN,2,N_pwm150_grab5
16229,4726,1054,13272,CN,2,N_pwm150_grab5
16235,3950,10300,14912,CN,2,N_pwm150_grab5
16240,13224,3722,7990,CN,2,N_pwm150_grab5
16245,4456,1952,12996,CN,2,N_pwm150_grab5
16250,6564,5726,12192,CN,2,N_pwm150_grab5
16256,11608,256,9162,CN,2,N_pwm150_grab5
16260,996,2192,14476,CN,2,N_pwm150_grab5
16264,4670,-2628,6456,CN,2,N_pwm150_grab5
16269,3074,-8296,3686,CN,2,N_pwm150_grab5
16275,-4896,34,15758,CN,2,N_pwm150_grab5
16279,1542,-4144,6358,CN,2,N_pwm150_grab5
16284,-6548,-7820,1248,CN,2,N_pwm150_grab5
16289,-7784,-384,16708,CN,2,N_pwm150_grab5
16295,-1136,-3304,11272,CN,2,N_pwm150_grab5
16299,-1136,-3304,11272,CN,2,N_pwm150_grab5
16304,-9018,-6038,10778,CN,2,N_pwm150_grab5
16310,-2876,-332,14930,CN,2,N_pwm150_grab5
16314,-5308,-208,5418,CN,2,N_pwm150_grab5
16319,-6230,236,11066,CN,2,N_pwm150_grab5
16325,192,2396,13612,CN,2,N_pwm150_grab5
16330,1076,816,10648,CN,2,N_pwm150_grab5
16334,-336,-138,11740,CN,2,N_pwm150_grab5
16340,12054,1070,8556,CN,2,N_pwm150_grab5
16344,4222,3280,13456,CN,2,N_pwm150_grab5
16349,6340,8942,17656,CN,2,N_pwm150_grab5
16354,11550,-370,7090,CN,2,N_pwm150_grab5
16360,2536,1910,11444,CN,2,N_pwm150_grab5
16365,7928,6856,14024,CN,2,N_pwm150_grab5
16369,10404,-3326,8192,CN,2,N_pwm150_grab5
16374,-402,-500,11982,CN,2,N_pwm150_grab5
16379,560,-1138,12356,CN,2,N_pwm150_grab5
16384,3938,-3538,6374,CN,2,N_pwm150_grab5
16389,-3826,-4780,14646,CN,2,N_pwm150_grab5
16395,-942,-5254,5586,CN,2,N_pwm150_grab5
16399,-5480,-5916,564,CN,2,N_pwm150_grab5
16405,-7830,-3984,16416,CN,2,N_pwm150_grab5
16409,-3122,-5696,8610,CN,2,N_pwm150_grab5
16415,-8694,-4304,-1380,CN,2,N_pwm150_grab5
16419,-1988,-136,11958,CN,2,N_pwm150_grab5
16425,2754,-554,6916,CN,2,N_pwm150_grab5
16429,-6236,-3798,3512,CN,2,N_pwm150_grab5
16434,-5900,6146,11816,CN,2,N_pwm150_grab5
16439,2930,4612,14264,CN,2,N_pwm150_grab5
16444,1452,82,10498,CN,2,N_pwm150_grab5
16450,-44,7244,12334,CN,2,N_pwm150_grab5
16454,7958,5140,9020,CN,2,N_pwm150_grab5
16459,1708,376,11744,CN,2,N_pwm150_grab5
16464,5398,5858,9872,CN,2,N_pwm150_grab5
16471,6948,-2214,7722,CN,2,N_pwm150_grab5
16476,-2332,-2412,14812,CN,2,N_pwm150_grab5
16481,744,-4740,4674,CN,2,N_pwm150_grab5
16486,-2640,-6896,1706,CN,2,N_pwm150_grab5
16490,-7026,-2442,16628,CN,2,N_pwm150_grab5
16496,-944,-5846,7300,CN,2,N_pwm150_grab5
16500,-4274,-424,5980,CN,2,N_pwm150_grab5
16505,-3558,412,12304,CN,2,N_pwm150_grab5
16510,1342,-1712,7832,CN,2,N_pwm150_grab5
16516,-8092,-4598,1970,CN,2,N_pwm150_grab5
16521,-7382,2664,10800,CN,2,N_pwm150_grab5
16525,420,3812,15810,CN,2,N_pwm150_grab5
16530,-988,-110,8866,CN,2,N_pwm150_grab5
16535,-2362,3868,11142,CN,2,N_pwm150_grab5
16540,13388,2364,7938,CN,2,N_pwm150_grab5
16545,3338,1190,12114,CN,2,N_pwm150_grab5
16550,5984,6084,11400,CN,2,N_pwm150_grab5
16555,9066,2508,7778,CN,2,N_pwm150_grab5
16561,4386,5056,14130,CN,2,N_pwm150_grab5
16566,7038,5756,16494,CN,2,N_pwm150_grab5
16571,11756,-4086,6860,CN,2,N_pwm150_grab5
16576,426,2048,12304,CN,2,N_pwm150_grab5
16580,974,-5098,6758,CN,2,N_pwm150_grab5
16586,-8258,-7128,-164,CN,2,N_pwm150_grab5
16591,-8706,-296,16374,CN,2,N_pwm150_grab5
16595,-1774,-4544,11288,CN,2,N_pwm150_grab5
16600,-2694,-5756,3844,CN,2,N_pwm150_grab5
16605,-6952,-8278,13912,CN,2,N_pwm150_grab5
16610,-1954,-5058,8268,CN,2,N_pwm150_grab5
16615,-8940,-3972,-998,CN,2,N_pwm150_grab5
16621,-4504,1280,10800,CN,2,N_pwm150_grab5
16625,1490,3224,11716,CN,2,N_pwm150_grab5
16630,2804,1382,12692,CN,2,N_pwm150_grab5
16635,1298,1420,11674,CN,2,N_pwm150_grab5
16641,-866,-3032,9822,CN,2,N_pwm150_grab5
16646,-1670,-1266,6968,CN,2,N_pwm150_grab5
16650,-1794,9762,14048,CN,2,N_pwm150_grab5
16655,5736,5410,10810,CN,2,N_pwm150_grab5
16661,1710,2214,11798,CN,2,N_pwm150_grab5
16666,7604,4828,12806,CN,2,N_pwm150_grab5
16670,8270,-5236,7640,CN,2,N_pwm150_grab5
16675,-2878,-678,12660,CN,2,N_pwm150_grab5
16681,3284,3612,10214,CN,2,N_pwm150_grab5
16685,12330,790,8938,CN,2,N_pwm150_grab5
16690,1440,3288,14830,CN,2,N_pwm150_grab5
16695,5450,-1496,8024,CN,2,N_pwm150_grab5
16705,-7934,-5936,14982,CN,2,N_pwm150_grab5
16711,-4160,-5202,10932,CN,2,N_pwm150_grab5
16715,-7718,-2874,574,CN,2,N_pwm150_grab5
16721,-7170,2,13716,CN,2,N_pwm150_grab5
16726,-1464,-3672,10444,CN,2,N_pwm150_grab5
16731,-3300,-2020,5762,CN,2,N_pwm150_grab5
16737,-3290,8178,12794,CN,2,N_pwm150_grab5
16742,12512,-56,7234,CN,2,N_pwm150_grab5
16746,2442,2702,12032,CN,2,N_pwm150_grab5
16751,8038,5122,13508,CN,2,N_pwm150_grab5
16757,9314,-4814,7822,CN,2,N_pwm150_grab5
16762,-1796,-774,12356,CN,2,N_pwm150_grab5
16768,3840,4776,9878,CN,2,N_pwm150_grab5
16771,12346,1246,8608,CN,2,N_pwm150_grab5
16776,2400,3808,14840,CN,2,N_pwm150_grab5
16781,5856,-878,9336,CN,2,N_pwm150_grab5
16786,-6982,-5528,-290,CN,2,N_pwm150_grab5
16792,-7964,-6420,15256,CN,2,N_pwm150_grab5
16797,-4312,-5082,9942,CN,2,N_pwm150_grab5
16801,-8122,-3002,-384,CN,2,N_pwm150_grab5
16806,-8014,514,14694,CN,2,N_pwm150_grab5
16811,248,-1920,12250,CN,2,N_pwm150_grab5
16817,-9066,-6048,96,CN,2,N_pwm150_grab5
16821,-9928,-6568,10724,CN,2,N_pwm150_grab5
16826,4414,5200,13414,CN,2,N_pwm150_grab5
16832,3000,644,11870,CN,2,N_pwm150_grab5
16836,1702,9616,14380,CN,2,N_pwm150_grab5
16841,10494,4852,8564,CN,2,N_pwm150_grab5
16847,4742,1954,13456,CN,2,N_pwm150_grab5
16852,5852,3666,12106,CN,2,N_pwm150_grab5
16856,3616,90,6450,CN,2,N_pwm150_grab5
16861,3662,2252,12708,CN,2,N_pwm150_grab5
16866,6216,-358,10838,CN,2,N_pwm150_grab5
16871,7192,-7528,5312,CN,2,N_pwm150_grab5
16877,-2410,1062,15050,CN,2,N_pwm150_grab5
16881,3738,-2704,6364,CN,2,N_pwm150_grab5
16886,-1300,-8504,4358,CN,2,N_pwm150_grab5
16892,-6354,-680,15472,CN,2,N_pwm150_grab5
16897,5214,5966,9628,CN,2,N_pwm150_grab5
16901,5694,-2758,7296,CN,2,N_pwm150_grab5
16906,-10002,-7262,10802,CN,2,N_pwm150_grab5
16911,-3190,-1032,12144,CN,2,N_pwm150_grab5
16916,-7498,-1044,2388,CN,2,N_pwm150_grab5
16922,-7956,-4244,11898,CN,2,N_pwm150_grab5
16927,-2390,-504,14716,CN,2,N_pwm150_grab5
16931,-3474,-86,7124,CN,2,N_pwm150_grab5
16937,-3010,96,12222,CN,2,N_pwm150_grab5
16941,-1564,-4520,13030,CN,2,N_pwm150_grab5
16946,2298,424,11134,CN,2,N_pwm150_grab5
16951,3334,10806,16932,CN,2,N_pwm150_grab5
16956,8724,2226,8054,CN,2,N_pwm150_grab5
16961,4060,806,11604,CN,2,N_pwm150_grab5
16966,6040,9986,15966,CN,2,N_pwm150_grab5
16971,13140,1048,7836,CN,2,N_pwm150_grab5
16977,2818,854,11862,CN,2,N_pwm150_grab5
16982,5898,5826,10710,CN,2,N_pwm150_grab5
16988,-4812,-5346,2426,CN,2,N_pwm150_grab5
16992,-8240,-9020,12700,CN,2,N_pwm150_grab5
16998,-2840,-3104,10272,CN,2,N_pwm150_grab5
17002,-8670,-2376,204,CN,2,N_pwm150_grab5
17007,-7674,-5906,13702,CN,2,N_pwm150_grab5
17013,-3548,-3054,13696,CN,2,N_pwm150_grab5
17018,-5812,-1088,4170,CN,2,N_pwm150_grab5
17024,-4992,402,12720,CN,2,N_pwm150_grab5
17027,236,-2538,8804,CN,2,N_pwm150_grab5
17032,-436,-1110,8432,CN,2,N_pwm150_grab5
17043,6476,4442,9504,CN,2,N_pwm150_grab5
17047,4402,588,12320,CN,2,N_pwm150_grab5
17057,12790,3396,8118,CN,2,N_pwm150_grab5
17063,4302,1512,12740,CN,2,N_pwm150_grab5
17067,6478,5644,12332,CN,2,N_pwm150_grab5
17072,11660,192,8964,CN,2,N_pwm150_grab5
17077,1026,2212,14646,CN,2,N_pwm150_grab5
17082,4692,-2476,6310,CN,2,N_pwm150_grab5
17087,3350,-8316,3654,CN,2,N_pwm150_grab5
17092,-4930,-314,15620,CN,2,N_pwm150_grab5
17097,1468,-4460,5912,CN,2,N_pwm150_grab5
17102,-6010,-7714,1104,CN,2,N_pwm150_grab5
17108,-6904,376,13746,CN,2,N_pwm150_grab5
17112,-532,-2718,11968,CN,2,N_pwm150_grab5
17117,-9432,-5686,-20,CN,2,N_pwm150_grab5
17123,-9114,-5184,10512,CN,2,N_pwm150_grab5
17128,-2678,240,14644,CN,2,N_pwm150_grab5
17133,-5492,-156,5198,CN,2,N_pwm150_grab5
17137,-6492,0,11196,CN,2,N_pwm150_grab5
17142,-122,2324,13736,CN,2,N_pwm150_grab5
17147,4824,1864,13306,CN,2,N_pwm150_grab5
17153,-1040,-376,11362,CN,2,N_pwm150_grab5
17157,4080,1116,7266,CN,2,N_pwm150_grab5
17162,4138,2258,13428,CN,2,N_pwm150_grab5
17172,11284,1014,7668,CN,2,N_pwm150_grab5
17177,3098,2208,11668,CN,2,N_pwm150_grab5
17182,8018,6580,14938,CN,2,N_pwm150_grab5
17188,-2058,-8324,3646,CN,2,N_pwm150_grab5
17192,-6294,-254,16320,CN,2,N_pwm150_grab5
17197,5196,6114,9874,CN,2,N_pwm150_grab5
17203,5180,-3468,6876,CN,2,N_pwm150_grab5
17207,-3356,-3632,14512,CN,2,N_pwm150_grab5
17213,-168,-5218,4850,CN,2,N_pwm150_grab5
17217,-4152,-6636,972,CN,2,N_pwm150_grab5
17222,-7088,-5374,16238,CN,2,N_pwm150_grab5
17228,-2426,476,15382,CN,2,N_pwm150_grab5
17232,-3010,-6,7486,CN,2,N_pwm150_grab5
17239,-3152,-864,11700,CN,2,N_pwm150_grab5
17244,1858,-518,7866,CN,2,N_pwm150_grab5
17248,2578,864,11628,CN,2,N_pwm150_grab5
17259,9074,2478,8060,CN,2,N_pwm150_grab5
17263,3818,1144,11766,CN,2,N_pwm150_grab5
17268,5600,-1204,7648,CN,2,N_pwm150_grab5
17273,2262,-8312,5676,CN,2,N_pwm150_grab5
17278,-4992,-790,14202,CN,2,N_pwm150_grab5
17283,6210,6132,10590,CN,2,N_pwm150_grab5
17288,8946,-1288,8578,CN,2,N_pwm150_grab5
17294,-706,-1132,14652,CN,2,N_pwm150_grab5
17299,2420,-4110,4438,CN,2,N_pwm150_grab5
17304,80,-7344,2522,CN,2,N_pwm150_grab5
17308,-8008,-6088,13274,CN,2,N_pwm150_grab5
17313,-3456,-2448,14228,CN,2,N_pwm150_grab5
17319,-6040,-806,4060,CN,2,N_pwm150_grab5
17324,-8660,600,17156,CN,2,N_pwm150_grab5
17328,-1408,-3714,11902,CN,2,N_pwm150_grab5
17334,-9156,-4930,598,CN,2,N_pwm150_grab5
17339,-8540,-116,10802,CN,2,N_pwm150_grab5
17344,-1290,2628,16538,CN,2,N_pwm150_grab5
17348,4212,252,12186,CN,2,N_pwm150_grab5
17358,11756,3748,8266,CN,2,N_pwm150_grab5
17363,4452,1444,12346,CN,2,N_pwm150_grab5
17368,914,58,11634,CN,2,N_pwm150_grab5
17373,5704,918,6472,CN,2,N_pwm150_grab5
17379,4252,3720,13456,CN,2,N_pwm150_grab5
17383,5860,7654,17084,CN,2,N_pwm150_grab5
17388,11626,-1720,7138,CN,2,N_pwm150_grab5
17394,-4244,184,15028,CN,2,N_pwm150_grab5
17398,2162,-3950,5470,CN,2,N_pwm150_grab5
17403,-3976,-7952,2794,CN,2,N_pwm150_grab5
17409,-1040,-632,11826,CN,2,N_pwm150_grab5
17413,4412,5438,9594,CN,2,N_pwm150_grab5
17419,3498,-3822,6438,CN,2,N_pwm150_grab5
17423,-4708,-4756,14180,CN,2,N_pwm150_grab5
17428,-554,-5350,5416,CN,2,N_pwm150_grab5
17434,-6824,-564,3900,CN,2,N_pwm150_grab5
17438,-7052,-1976,11502,CN,2,N_pwm150_grab5
17443,-1840,1222,14390,CN,2,N_pwm150_grab5
17449,-1852,298,8642,CN,2,N_pwm150_grab5
17453,-7812,618,15260,CN,2,N_pwm150_grab5
17458,-2042,-4718,12426,CN,2,N_pwm150_grab5
17464,-6402,-3508,3356,CN,2,N_pwm150_grab5
17469,-6456,5080,11334,CN,2,N_pwm150_grab5
17473,9990,2230,8178,CN,2,N_pwm150_grab5
17479,3912,1262,12080,CN,2,N_pwm150_grab5
17484,7112,8586,15880,CN,2,N_pwm150_grab5
17488,12398,-988,7532,CN,2,N_pwm150_grab5
17494,1948,482,11102,CN,3,N_pwm150_grab5
17499,5972,6834,10902,CN,3,N_pwm150_grab5
17504,8128,-1924,8230,CN,3,N_pwm150_grab5
17510,-1680,-1258,14434,CN,3,N_pwm150_grab5
17514,-3184,-2814,10802,CN,3,N_pwm150_grab5
17519,-8126,-1912,876,CN,3,N_pwm150_grab5
17524,-8328,-5236,13028,CN,3,N_pwm150_grab5
17530,-3704,-1344,14748,CN,3,N_pwm150_grab5
17534,-5304,-388,4946,CN,3,N_pwm150_grab5
17539,-8510,304,16864,CN,3,N_pwm150_grab5
17544,-1880,-4688,10962,CN,3,N_pwm150_grab5
17550,-8730,-4734,524,CN,3,N_pwm150_grab5
17559,6876,4318,9576,CN,3,N_pwm150_grab5
17565,4224,380,12358,CN,3,N_pwm150_grab5
17574,11814,2598,7632,CN,3,N_pwm150_grab5
17580,2692,880,13004,CN,3,N_pwm150_grab5
17585,1974,638,11638,CN,3,N_pwm150_grab5
17590,6986,1450,7034,CN,3,N_pwm150_grab5
17595,1526,1590,14772,CN,3,N_pwm150_grab5
17599,4082,-3042,6516,CN,3,N_pwm150_grab5
17604,3948,-8256,3712,CN,3,N_pwm150_grab5
17610,-4118,-1068,15182,CN,3,N_pwm150_grab5
17615,836,-4868,4750,CN,3,N_pwm150_grab5
17620,-4202,-7260,1730,CN,3,N_pwm150_grab5
17625,-1530,-916,12442,CN,3,N_pwm150_grab5
17629,3742,4932,9466,CN,3,N_pwm150_grab5
17634,-9162,-5550,-66,CN,3,N_pwm150_grab5
17640,-9542,-4564,10788,CN,3,N_pwm150_grab5
17645,-2136,416,14588,CN,3,N_pwm150_grab5
17649,-6232,-296,4814,CN,3,N_pwm150_grab5
17654,-6370,-304,11412,CN,3,N_pwm150_grab5
17659,-364,2154,14826,CN,3,N_pwm150_grab5
17665,-8412,-2944,-1088,CN,3,N_pwm150_grab5
17669,-7492,1202,15146,CN,3,N_pwm150_grab5
17674,2250,-340,5674,CN,3,N_pwm150_grab5
17679,3398,1514,12294,CN,3,N_pwm150_grab5
17690,10034,1476,8106,CN,3,N_pwm150_grab5
17694,3670,1316,11818,CN,3,N_pwm150_grab5
17699,6980,7938,15620,CN,3,N_pwm150_grab5
17704,12276,-1548,7544,CN,3,N_pwm150_grab5
17710,4630,1448,13830,CN,3,N_pwm150_grab5
17715,5766,6306,10144,CN,3,N_pwm150_grab5
17719,7702,-2038,8214,CN,3,N_pwm150_grab5
17725,-2542,-2080,14134,CN,3,N_pwm150_grab5
17729,1572,-4668,4524,CN,3,N_pwm150_grab5
17734,-1862,-7216,1828,CN,3,N_pwm150_grab5
17740,-6160,-3422,16682,CN,3,N_pwm150_grab5
17745,-898,-5806,7414,CN,3,N_pwm150_grab5
17751,-8320,-5388,-1170,CN,3,N_pwm150_grab5
17756,-4714,-760,12144,CN,3,N_pwm150_grab5
17761,516,-1730,8764,CN,3,N_pwm150_grab5
17765,440,-84,9514,CN,3,N_pwm150_grab5
17776,7268,4220,9200,CN,3,N_pwm150_grab5
17780,4394,456,12712,CN,3,N_pwm150_grab5
17790,12272,1878,7802,CN,3,N_pwm150_grab5
17796,3572,1106,11512,CN,3,N_pwm150_grab5
17800,6754,6426,12282,CN,3,N_pwm150_grab5
17805,10930,148,8892,CN,3,N_pwm150_grab5
17810,952,1320,14420,CN,3,N_pwm150_grab5
17815,4284,-2790,6008,CN,3,N_pwm150_grab5
17821,3212,-8228,3406,CN,3,N_pwm150_grab5
17826,-4090,-1592,15540,CN,3,N_pwm150_grab5
17831,358,-5100,4814,CN,3,N_pwm150_grab5
17836,-4848,-7092,1134,CN,3,N_pwm150_grab5
17840,-7728,108,17354,CN,3,N_pwm150_grab5
17845,-668,-3118,11494,CN,3,N_pwm150_grab5
17851,-9200,-5730,-52,CN,3,N_pwm150_grab5
17856,-9788,-4330,10946,CN,3,N_pwm150_grab5
17861,-2456,410,14530,CN,3,N_pwm150_grab5
17865,-5998,-68,4860,CN,3,N_pwm150_grab5
17871,-6768,1386,11480,CN,3,N_pwm150_grab5
17876,9618,4270,7718,CN,3,N_pwm150_grab5
17881,-700,260,10574,CN,3,N_pwm150_grab5
17885,-1022,-724,11454,CN,3,N_pwm150_grab5
17890,3274,706,6448,CN,3,N_pwm150_grab5
17896,3510,2162,12906,CN,3,N_pwm150_grab5
17901,4962,9618,17232,CN,3,N_pwm150_grab5
17905,9800,964,7482,CN,3,N_pwm150_grab5
17911,3108,2180,11346,CN,3,N_pwm150_grab5
17916,3912,-2952,5580,CN,3,N_pwm150_grab5
17921,11650,-2858,7568,CN,3,N_pwm150_grab5
17925,1358,122,11486,CN,3,N_pwm150_grab5
17930,5404,6248,10130,CN,3,N_pwm150_grab5
17935,7280,-2424,8316,CN,3,N_pwm150_grab5
17940,-2614,-2178,13956,CN,3,N_pwm150_grab5
17945,1278,-4660,4726,CN,3,N_pwm150_grab5
17950,-1880,-6878,1722,CN,3,N_pwm150_grab5
17955,-7820,-4806,12376,CN,3,N_pwm150_grab5
17960,-3150,-734,15184,CN,3,N_pwm150_grab5
17966,-8384,-5150,-1448,CN,3,N_pwm150_grab5
17971,-8118,970,16772,CN,3,N_pwm150_grab5
17975,-1566,-4308,12390,CN,3,N_pwm150_grab5
17981,-8640,-4658,1484,CN,3,N_pwm150_grab5
17986,-8004,1358,10612,CN,3,N_pwm150_grab5
17990,-782,3318,16204,CN,3,N_pwm150_grab5
17995,-2478,-64,8352,CN,3,N_pwm150_grab5
18000,4632,10514,16038,CN,3,N_pwm150_grab5
18006,12962,2208,7926,CN,3,N_pwm150_grab5
18012,3924,1216,11878,CN,3,N_pwm150_grab5
18016,6618,5544,11872,CN,3,N_pwm150_grab5
18021,11170,16,8976,CN,3,N_pwm150_grab5
18027,742,1700,14360,CN,3,N_pwm150_grab5
18031,4322,-2768,6088,CN,3,N_pwm150_grab5
18036,-7956,-3668,40,CN,3,N_pwm150_grab5
18042,-7546,-6986,14380,CN,3,N_pwm150_grab5
18048,-4050,-3818,11734,CN,3,N_pwm150_grab5
18052,-5306,-7426,966,CN,3,N_pwm150_grab5
18056,-7330,108,17364,CN,3,N_pwm150_grab5
18062,-316,-2426,12226,CN,3,N_pwm150_grab5
18066,-9328,-5578,260,CN,3,N_pwm150_grab5
18071,-9418,-4230,10522,CN,3,N_pwm150_grab5
18077,-2398,516,14312,CN,3,N_pwm150_grab5
18081,3216,268,11656,CN,3,N_pwm150_grab5
18087,1826,10210,14738,CN,3,N_pwm150_grab5
18092,-22,2520,14804,CN,3,N_pwm150_grab5
18096,-838,408,10080,CN,3,N_pwm150_grab5
18102,-1456,-698,11154,CN,3,N_pwm150_grab5
18107,3244,480,6586,CN,3,N_pwm150_grab5
18111,3674,1936,12932,CN,3,N_pwm150_grab5
18117,4932,9934,17394,CN,3,N_pwm150_grab5
18121,7762,-7552,5214,CN,3,N_pwm150_grab5
18126,-2106,832,14668,CN,3,N_pwm150_grab5
18132,4116,-2880,5706,CN,3,N_pwm150_grab5
18137,11462,-2600,7368,CN,3,N_pwm150_grab5
18141,1320,130,11216,CN,3,N_pwm150_grab5
18146,5862,6566,10340,CN,3,N_pwm150_grab5
18151,6975,-1,-1,CN,3,N_pwm150_grab5
18159,6975,-1,-1,CN,3,N_pwm150_grab5
18161,-3168,-1664,11206,CN,3,N_pwm150_grab5
18167,-8036,-1254,1660,CN,3,N_pwm150_grab5
18172,-8452,-4596,12228,CN,3,N_pwm150_grab5
18177,-1236,-5738,7518,CN,3,N_pwm150_grab5
18182,-8184,-5044,-1382,CN,3,N_pwm150_grab5
18186,-8798,864,16782,CN,3,N_pwm150_grab5
18191,-1870,-4632,11986,CN,3,N_pwm150_grab5
18196,-8590,-4550,1132,CN,3,N_pwm150_grab5
18206,7018,3372,8722,CN,3,N_pwm150_grab5
18212,4200,396,11920,CN,3,N_pwm150_grab5
18216,5424,10600,16390,CN,3,N_pwm150_grab5
18221,3902,5228,11350,CN,3,N_pwm150_grab5
18227,3258,1240,13222,CN,3,N_pwm150_grab5
18232,2110,652,11576,CN,3,N_pwm150_grab5
18236,7358,1768,7158,CN,3,N_pwm150_grab5
18242,1196,1502,14626,CN,3,N_pwm150_grab5
18247,4186,-2854,6158,CN,3,N_pwm150_grab5
18252,3534,-8144,3508,CN,3,N_pwm150_grab5
18256,-4980,-766,15444,CN,3,N_pwm150_grab5
18262,1058,-5132,4994,CN,3,N_pwm150_grab5
18267,-5506,-7330,1276,CN,3,N_pwm150_grab5
18273,-8066,86,17152,CN,3,N_pwm150_grab5
18277,-312,-2326,12150,CN,3,N_pwm150_grab5
18283,-3692,-2428,6196,CN,3,N_pwm150_grab5
18293,4026,5316,11936,CN,3,N_pwm150_grab5
18298,3350,466,11582,CN,3,N_pwm150_grab5
18302,1902,10212,14530,CN,3,N_pwm150_grab5
18307,-464,2512,14260,CN,3,N_pwm150_grab5
18312,-394,630,10112,CN,3,N_pwm150_grab5
18318,-1182,-536,11374,CN,3,N_pwm150_grab5
18322,12182,1742,8200,CN,3,N_pwm150_grab5
18328,3404,4504,15086,CN,3,N_pwm150_grab5
18333,6726,440,11714,CN,3,N_pwm150_grab5
18337,8010,-7570,5454,CN,3,N_pwm150_grab5
18342,-2676,992,14178,CN,3,N_pwm150_grab5
18347,7778,7264,15680,CN,3,N_pwm150_grab5
18352,11898,-2664,7676,CN,3,N_pwm150_grab5
18357,1028,148,11076,CN,3,N_pwm150_grab5
18362,1164,-984,11590,CN,3,N_pwm150_grab5
18367,-7342,-6324,1138,CN,3,N_pwm150_grab5
18372,-8482,-8576,11906,CN,3,N_pwm150_grab5
18377,-3276,-2168,11454,CN,3,N_pwm150_grab5
18383,-7990,-1428,1666,CN,3,N_pwm150_grab5
18388,-8448,-4208,12180,CN,3,N_pwm150_grab5
18392,-1382,-5774,8044,CN,3,N_pwm150_grab5
18402,-4100,-952,11862,CN,3,N_pwm150_grab5
18407,1352,-1146,8736,CN,3,N_pwm150_grab5
18413,1134,244,10446,CN,3,N_pwm150_grab5
18417,1030,11086,15650,CN,3,N_pwm150_grab5
18422,7840,3682,8976,CN,3,N_pwm150_grab5
18428,4260,746,12204,CN,3,N_pwm150_grab5
18432,-3216,6638,12210,CN,3,N_pwm150_grab5
18437,4588,5060,11064,CN,3,N_pwm150_grab5
18443,3422,894,11020,CN,3,N_pwm150_grab5
18447,6558,7090,12040,CN,3,N_pwm150_grab5
18452,10616,-462,9090,CN,3,N_pwm150_grab5
18458,646,630,14488,CN,3,N_pwm150_grab5
18462,3694,-3480,5716,CN,3,N_pwm150_grab5
18467,2306,-8284,3192,CN,3,N_pwm150_grab5
18472,-4696,-2116,15544,CN,3,N_pwm150_grab5
18477,7008,1338,10926,CN,3,N_pwm150_grab5
18482,-5672,-6708,586,CN,3,N_pwm150_grab5
18488,-8228,256,17354,CN,3,N_pwm150_grab5
18492,-1206,-3066,11210,CN,3,N_pwm150_grab5
18497,-9446,-5246,0,CN,3,N_pwm150_grab5
18502,-9968,-3014,10822,CN,3,N_pwm150_grab5
18507,-1908,1190,15422,CN,3,N_pwm150_grab5
18512,-5392,-262,6218,CN,3,N_pwm150_grab5
18519,-5742,2172,11494,CN,3,N_pwm150_grab5
18523,10600,4592,8238,CN,3,N_pwm150_grab5
18529,4624,1472,12256,CN,3,N_pwm150_grab5
18534,6194,4534,12420,CN,3,N_pwm150_grab5
18539,12110,1350,8598,CN,3,N_pwm150_grab5
18544,3060,3572,15200,CN,3,N_pwm150_grab5
18548,5452,-1024,9546,CN,3,N_pwm150_grab5
18553,6876,-8196,4982,CN,3,N_pwm150_grab5
18558,-3326,456,14636,CN,3,N_pwm150_grab5
18563,3082,-3672,5370,CN,3,N_pwm150_grab5
18568,-2292,-8318,3252,CN,3,N_pwm150_grab5
18573,-7336,-404,16294,CN,3,N_pwm150_grab5
18578,1142,-910,12218,CN,3,N_pwm150_grab5
18584,-8694,-5806,288,CN,3,N_pwm150_grab5
18589,-9418,-7606,10838,CN,3,N_pwm150_grab5
18594,-3234,-1590,12454,CN,3,N_pwm150_grab5
18598,-7606,-1042,2964,CN,3,N_pwm150_grab5
18603,-7482,-4338,16460,CN,3,N_pwm150_grab5
18608,-2352,224,14606,CN,3,N_pwm150_grab5
18613,-2538,188,8112,CN,3,N_pwm150_grab5
18618,-2692,-942,11496,CN,3,N_pwm150_grab5
18623,1420,434,7838,CN,3,N_pwm150_grab5
18628,3302,1128,11768,CN,3,N_pwm150_grab5
18639,10464,3928,9058,CN,3,N_pwm150_grab5
18644,-1396,1340,13140,CN,3,N_pwm150_grab5
18648,7478,8236,16690,CN,3,N_pwm150_grab5
18653,12872,-1780,7506,CN,3,N_pwm150_grab5
18658,1490,596,11272,CN,3,N_pwm150_grab5
18663,5932,6882,10408,CN,3,N_pwm150_grab5
18669,8078,-2164,8260,CN,3,N_pwm150_grab5
18673,-2336,-1262,14360,CN,3,N_pwm150_grab5
18679,2080,-4750,4294,CN,3,N_pwm150_grab5
18684,-8608,-2118,712,CN,3,N_pwm150_grab5
18689,-6160,-4608,16184,CN,3,N_pwm150_grab5
18694,-1268,-6040,7512,CN,3,N_pwm150_grab5
18698,-8646,-5332,-1550,CN,3,N_pwm150_grab5
18703,-8420,236,15988,CN,3,N_pwm150_grab5
18708,-2230,-5200,11618,CN,3,N_pwm150_grab5
18713,-8352,-4628,1260,CN,3,N_pwm150_grab5
18718,-8460,1160,10524,CN,3,N_pwm150_grab5
18723,-654,3450,16094,CN,3,N_pwm150_grab5
18729,4364,1096,12410,CN,3,N_pwm150_grab5
18733,-3382,7134,12606,CN,3,N_pwm150_grab5
18738,4996,5388,10918,CN,3,N_pwm150_grab5
18743,4036,1294,13568,CN,3,N_pwm150_grab5
18749,2918,1876,12236,CN,3,N_pwm150_grab5
18753,9702,2882,8780,CN,3,N_pwm150_grab5
18758,4280,5026,14290,CN,3,N_pwm150_grab5
18763,8124,5886,16962,CN,3,N_pwm150_grab5
18768,828,-8430,2532,CN,3,N_pwm150_grab5
18774,-5004,-3544,15670,CN,3,N_pwm150_grab5
18780,-484,-5632,6106,CN,3,N_pwm150_grab5
18784,-7264,-6108,-400,CN,3,N_pwm150_grab5
18789,-8498,-2,16724,CN,3,N_pwm150_grab5
18794,-1944,-4708,10754,CN,3,N_pwm150_grab5
18800,-9362,-5188,-112,CN,3,N_pwm150_grab5
18805,-9704,-1728,10488,CN,3,N_pwm150_grab5
18809,6578,5058,10492,CN,3,N_pwm150_grab5
18814,4330,722,12356,CN,3,N_pwm150_grab5
18820,-4770,5718,12210,CN,3,N_pwm150_grab5
18825,3482,4682,12928,CN,3,N_pwm150_grab5
18830,2658,952,12506,CN,3,N_pwm150_grab5
18835,1432,1074,11948,CN,3,N_pwm150_grab5
18839,7430,2526,8110,CN,3,N_pwm150_grab5
18845,4096,4046,13832,CN,3,N_pwm150_grab5
18849,4522,-2312,7260,CN,3,N_pwm150_grab5
18854,3820,-8560,3840,CN,3,N_pwm150_grab5
18859,2276,3246,12162,CN,3,N_pwm150_grab5
18864,7392,2278,11978,CN,3,N_pwm150_grab5
18870,8090,-6558,7396,CN,3,N_pwm150_grab5
18874,-1848,-1034,12870,CN,3,N_pwm150_grab5
18879,3428,4340,9776,CN,3,N_pwm150_grab5
18885,1256,-4980,5684,CN,3,N_pwm150_grab5
18889,-10310,-4510,10740,CN,3,N_pwm150_grab5
18894,-2360,264,14930,CN,3,N_pwm150_grab5
18899,-5838,-418,5658,CN,3,N_pwm150_grab5
18904,-8678,-7654,14070,CN,3,N_pwm150_grab5
18909,-4128,-4500,10522,CN,3,N_pwm150_grab5
18920,-7994,932,14332,CN,3,N_pwm150_grab5
18925,-1470,-4230,11588,CN,3,N_pwm150_grab5
18930,3882,2832,12786,CN,3,N_pwm150_grab5
18934,5778,9200,17752,CN,3,N_pwm150_grab5
18940,11534,224,7904,CN,3,N_pwm150_grab5
18944,3192,622,11200,CN,3,N_pwm150_grab5
18950,1846,10168,14784,CN,3,N_pwm150_grab5
18954,9758,5488,8704,CN,3,N_pwm150_grab5
18960,4796,1852,13228,CN,3,N_pwm150_grab5
18964,5660,5226,13160,CN,3,N_pwm150_grab5
18969,4624,-3974,6832,CN,3,N_pwm150_grab5
18974,-4572,-2874,14368,CN,3,N_pwm150_grab5
18979,292,-5758,4900,CN,3,N_pwm150_grab5
18984,-5806,-6966,128,CN,3,N_pwm150_grab5
18989,-2878,302,13936,CN,3,N_pwm150_grab5
18995,3720,-3480,5330,CN,3,N_pwm150_grab5
19000,-1744,-8470,3558,CN,3,N_pwm150_grab5
19004,-6946,-596,16072,CN,3,N_pwm150_grab5
19009,-2160,-4628,12294,CN,3,N_pwm150_grab5
19015,-6304,-3736,4230,CN,3,N_pwm150_grab5
19020,-5340,5568,11944,CN,3,N_pwm150_grab5
19025,2078,5224,13878,CN,3,N_pwm150_grab5
19030,1940,676,10460,CN,3,N_pwm150_grab5
19035,-72,7944,13538,CN,3,N_pwm150_grab5
19040,8462,5796,9298,CN,3,N_pwm150_grab5
19045,5018,2274,14028,CN,3,N_pwm150_grab5
19051,5470,6616,10614,CN,3,N_pwm150_grab5
19056,6434,-3426,7140,CN,3,N_pwm150_grab5
19060,-3650,-1084,14782,CN,3,N_pwm150_grab5
19065,1520,-5242,4686,CN,3,N_pwm150_grab5
19072,-4746,-8064,854,CN,3,N_pwm150_grab5
19075,-1988,784,13396,CN,3,N_pwm150_grab5
19080,4642,-2664,6010,CN,3,N_pwm150_grab5
19085,-634,-8676,3962,CN,3,N_pwm150_grab5
19091,-8524,24,15224,CN,3,N_pwm150_grab5
19096,-2390,-5242,11866,CN,3,N_pwm150_grab5
19101,-6804,-3974,3226,CN,3,N_pwm150_grab5
19106,-6434,3234,10826,CN,3,N_pwm150_grab5
19111,904,4616,14628,CN,3,N_pwm150_grab5
19116,-8358,-2000,1166,CN,3,N_pwm150_grab5
19120,-8170,-3088,11786,CN,3,N_pwm150_grab5
19126,-2632,754,15034,CN,3,N_pwm150_grab5
19130,4822,1780,13766,CN,3,N_pwm150_grab5
19135,4916,3900,12812,CN,3,N_pwm150_grab5
19140,12144,2750,8874,CN,3,N_pwm150_grab5
19145,4314,5418,15004,CN,3,N_pwm150_grab5
19151,7782,3458,14436,CN,3,N_pwm150_grab5
19155,9814,-6326,6568,CN,3,N_pwm150_grab5
19160,4442,2440,12646,CN,3,N_pwm150_grab5
19166,7894,8358,16332,CN,3,N_pwm150_grab5
19170,-22,-8670,4290,CN,3,N_pwm150_grab5
19176,-5934,-630,15766,CN,3,N_pwm150_grab5
19181,1608,-890,11720,CN,3,N_pwm150_grab5
19185,-7824,-6602,596,CN,3,N_pwm150_grab5
19191,-9062,-9084,11688,CN,3,N_pwm150_grab5
19196,-3942,-3690,10796,CN,3,N_pwm150_grab5
19200,-4020,-8082,732,CN,3,N_pwm150_grab5
19205,-6976,-6180,15468,CN,3,N_pwm150_grab5
19210,-2558,-5668,8120,CN,3,N_pwm150_grab5
19215,-2648,-142,7736,CN,3,N_pwm150_grab5
19220,-3330,-920,11738,CN,3,N_pwm150_grab5
19226,1870,264,7832,CN,3,N_pwm150_grab5
19231,3266,1134,11588,CN,3,N_pwm150_grab5
19235,3044,11424,17072,CN,3,N_pwm150_grab5
19241,10974,3750,9102,CN,3,N_pwm150_grab5
19245,1096,880,10246,CN,3,N_pwm150_grab5
19250,-840,9542,14430,CN,3,N_pwm150_grab5
19255,12718,-2104,8076,CN,3,N_pwm150_grab5
19260,1050,450,11080,CN,3,N_pwm150_grab5
19266,5600,6952,10626,CN,3,N_pwm150_grab5
19271,6300,-3074,7364,CN,3,N_pwm150_grab5
19276,-3048,-2088,14916,CN,3,N_pwm150_grab5
19280,1070,-5284,4626,CN,3,N_pwm150_grab5
19287,-4390,-7844,552,CN,3,N_pwm150_grab5
19292,-7192,-6620,15204,CN,3,N_pwm150_grab5
19296,-2370,1002,15270,CN,3,N_pwm150_grab5
19301,-2362,-10,8000,CN,3,N_pwm150_grab5
19306,-3120,-988,11446,CN,3,N_pwm150_grab5
19311,2396,572,7912,CN,3,N_pwm150_grab5
19316,3670,1388,12034,CN,3,N_pwm150_grab5
19322,3906,11518,17550,CN,3,N_pwm150_grab5
19326,11388,3562,9096,CN,3,N_pwm150_grab5
19331,1702,930,10838,CN,3,N_pwm150_grab5
19336,8122,7600,15664,CN,3,N_pwm150_grab5
19342,12192,-2438,8006,CN,3,N_pwm150_grab5
19346,750,176,11376,CN,3,N_pwm150_grab5
19352,5552,6724,10482,CN,3,N_pwm150_grab5
19357,5414,-3410,7204,CN,3,N_pwm150_grab5
19362,-3232,-2380,15090,CN,3,N_pwm150_grab5
19367,616,-5322,4904,CN,3,N_pwm150_grab5
19372,8540,-7002,6118,CN,3,N_pwm150_grab5
19376,-7926,-7050,14730,CN,3,N_pwm150_grab5
19382,-3620,-5416,8712,CN,3,N_pwm150_grab5
19387,-8950,-3928,-1698,CN,3,N_pwm150_grab5
19391,-9360,28,14942,CN,3,N_pwm150_grab5
19397,-2560,-4894,11566,CN,3,N_pwm150_grab5
19401,-5762,-3412,3660,CN,3,N_pwm150_grab5
19406,-5580,4822,11346,CN,3,N_pwm150_grab5
19411,2798,5128,13952,CN,3,N_pwm150_grab5
19416,2626,1078,11578,CN,3,N_pwm150_grab5
19421,1002,10684,15804,CN,3,N_pwm150_grab5
19426,10324,5274,9200,CN,3,N_pwm150_grab5
19432,4672,2074,13176,CN,3,N_pwm150_grab5
19437,6544,5570,13018,CN,3,N_pwm150_grab5
19441,13088,2524,8736,CN,3,N_pwm150_grab5
19446,3676,4854,14696,CN,3,N_pwm150_grab5
19451,6710,1534,11898,CN,3,N_pwm150_grab5
19456,7362,-7690,5762,CN,3,N_pwm150_grab5
19461,-2892,-662,14742,CN,3,N_pwm150_grab5
19467,2950,-3934,4760,CN,3,N_pwm150_grab5
19471,-3076,-8558,2574,CN,3,N_pwm150_grab5
19476,-6798,-544,16564,CN,3,N_pwm150_grab5
19481,352,-2280,11742,CN,3,N_pwm150_grab5
19486,-9276,-6588,-230,CN,3,N_pwm150_grab5
19492,-10670,-7624,10874,CN,3,N_pwm150_grab5
19496,3502,5470,13296,CN,3,N_pwm150_grab5
19501,-6778,-1004,3626,CN,3,N_pwm150_grab5
19506,-7386,996,11724,CN,3,N_pwm150_grab5
19511,212,2812,14906,CN,3,N_pwm150_grab5
19517,-10,602,10294,CN,3,N_pwm150_grab5
19522,-1070,-428,12250,CN,3,N_pwm150_grab5
19526,5226,1180,7524,CN,3,N_pwm150_grab5
19531,4090,2582,12804,CN,3,N_pwm150_grab5
19537,6084,628,10478,CN,3,N_pwm150_grab5
19542,6146,-8270,5054,CN,3,N_pwm150_grab5
19548,-3360,-1266,14920,CN,3,N_pwm150_grab5
19552,1968,-4512,4554,CN,3,N_pwm150_grab5
19558,-4222,-8186,1814,CN,3,N_pwm150_grab5
19562,-7648,-542,16578,CN,3,N_pwm150_grab5
19568,-674,-2840,11254,CN,3,N_pwm150_grab5
19572,-9890,-6404,-538,CN,3,N_pwm150_grab5
19578,-3392,7334,12920,CN,3,N_pwm150_grab5
19584,4418,5790,12490,CN,3,N_pwm150_grab5
19587,-5918,-564,4884,CN,3,N_pwm150_grab5
19592,-6616,2762,11714,CN,3,N_pwm150_grab5
19597,1502,3646,14398,CN,3,N_pwm150_grab5
19602,1262,878,11246,CN,3,N_pwm150_grab5
19608,50,368,12390,CN,3,N_pwm150_grab5
19612,6458,1958,7916,CN,3,N_pwm150_grab5
19618,2372,3284,14616,CN,3,N_pwm150_grab5
19623,5326,-810,8882,CN,3,N_pwm150_grab5
19627,12742,164,7424,CN,3,N_pwm150_grab5
19633,2836,3556,12044,CN,3,N_pwm150_grab5
19637,7572,3540,12692,CN,3,N_pwm150_grab5
19642,8574,-6068,7618,CN,3,N_pwm150_grab5
19647,-1862,-1076,12856,CN,3,N_pwm150_grab5
19652,3546,4260,9984,CN,3,N_pwm150_grab5
19657,-9830,-6058,-660,CN,3,N_pwm150_grab5
19662,-10496,-5432,10524,CN,3,N_pwm150_grab5
19667,-2728,-112,15032,CN,3,N_pwm150_grab5
19673,-8384,-5462,-1340,CN,3,N_pwm150_grab5
19677,-9662,-7454,13448,CN,3,N_pwm150_grab5
19682,-4398,-4658,11392,CN,3,N_pwm150_grab5
19687,-7740,-2054,1164,CN,3,N_pwm150_grab5
19693,-7566,-342,13470,CN,3,N_pwm150_grab5
19698,7268,2392,8016,CN,3,N_pwm150_grab5
19702,4028,3590,13274,CN,3,N_pwm150_grab5
19707,6986,9564,18014,CN,3,N_pwm150_grab5
19713,5582,6018,11332,CN,3,N_pwm150_grab5
19717,4360,1332,12726,CN,3,N_pwm150_grab5
19722,4786,11362,17004,CN,3,N_pwm150_grab5
19727,12756,4002,8208,CN,3,N_pwm150_grab5
19733,4520,1914,11906,CN,3,N_pwm150_grab5
19737,2988,3544,10182,CN,3,N_pwm150_grab5
19743,-698,-5696,4644,CN,3,N_pwm150_grab5
19747,-6226,-7024,14030,CN,3,N_pwm150_grab5
19753,-1434,-5916,7248,CN,3,N_pwm150_grab5
19757,2788,-9032,3794,CN,3,N_pwm150_grab5
19763,-4900,-2536,15200,CN,3,N_pwm150_grab5
19768,564,-5740,5128,CN,3,N_pwm150_grab5
19772,-6894,-7282,-246,CN,3,N_pwm150_grab5
19778,-6692,-398,13104,CN,3,N_pwm150_grab5
19783,-140,-2902,9720,CN,3,N_pwm150_grab5
19788,-1362,-1180,7738,CN,3,N_pwm150_grab5
19793,-932,9546,14668,CN,3,N_pwm150_grab5
19799,6680,5936,10498,CN,3,N_pwm150_grab5
19804,4434,1548,12802,CN,3,N_pwm150_grab5
19809,5492,11116,17198,CN,3,N_pwm150_grab5
19814,13496,2966,8042,CN,3,N_pwm150_grab5
19819,-3688,-1036,13556,CN,3,N_pwm150_grab5
19824,2558,2420,10400,CN,3,N_pwm150_grab5
19829,-2358,-5968,3692,CN,3,N_pwm150_grab5
19834,-7456,-7894,13552,CN,3,N_pwm150_grab5
19838,-2500,-5404,7894,CN,3,N_pwm150_grab5
19843,1270,-9032,3010,CN,3,N_pwm150_grab5
19848,-5592,-3552,15316,CN,3,N_pwm150_grab5
19853,136,-6112,5664,CN,3,N_pwm150_grab5
19859,-6052,-1152,4364,CN,3,N_pwm150_grab5
19863,-5500,-798,12760,CN,3,N_pwm150_grab5
19868,316,-1924,9042,CN,3,N_pwm150_grab5
19873,242,-382,8806,CN,3,N_pwm150_grab5
19878,490,10758,15550,CN,3,N_pwm150_grab5
19884,-1276,2226,15684,CN,3,N_pwm150_grab5
19888,-2360,220,8670,CN,3,N_pwm150_grab5
19894,-2926,6630,13264,CN,3,N_pwm150_grab5
19899,13890,1630,8026,CN,3,N_pwm150_grab5
19904,3540,1334,11446,CN,3,N_pwm150_grab5
19909,5940,6916,11286,CN,3,N_pwm150_grab5
19913,9758,-1192,9424,CN,3,N_pwm150_grab5
19919,-894,554,15054,CN,3,N_pwm150_grab5
19924,3040,-3780,5222,CN,3,N_pwm150_grab5
19928,11788,-4396,7766,CN,3,N_pwm150_grab5
19934,184,2252,12986,CN,3,N_pwm150_grab5
19938,5810,-434,8272,CN,3,N_pwm150_grab5
19943,-9152,-6136,-2170,CN,3,N_pwm150_grab5
19948,-9766,-104,15506,CN,3,N_pwm150_grab5
19954,-2090,-5518,11700,CN,3,N_pwm150_grab5
19958,-8342,-4912,1108,CN,3,N_pwm150_grab5
19964,-7914,282,9864,CN,3,N_pwm150_grab5
19969,-3930,-4960,9102,CN,3,N_pwm150_grab5
19978,-8846,-4744,12270,CN,3,N_pwm150_grab5
19983,6834,5936,9912,CN,3,N_pwm150_grab5
19988,4564,2072,13868,CN,3,N_pwm150_grab5
19993,4670,3656,13142,CN,3,N_pwm150_grab5
19998,11942,3120,8564,CN,3,N_pwm150_grab5
20003,4800,5348,14836,CN,3,N_pwm150_grab5
20009,7808,4716,15558,CN,3,N_pwm150_grab5
20013,10714,4710,9338,CN,3,N_pwm150_grab5
20018,4706,2458,12412,CN,3,N_pwm150_grab5
20023,5140,-1778,6910,CN,3,N_pwm150_grab5
20028,422,-8896,4598,CN,3,N_pwm150_grab5
20033,-6320,-864,15234,CN,3,N_pwm150_grab5
20038,1728,-856,11364,CN,3,N_pwm150_grab5
20044,-8202,-6602,568,CN,3,N_pwm150_grab5
20049,-10458,-8894,11472,CN,3,N_pwm150_grab5
20054,-4208,-4414,10642,CN,3,N_pwm150_grab5
20059,-8388,-2184,1056,CN,3,N_pwm150_grab5
20065,526,9898,15258,CN,3,N_pwm150_grab5
20069,9068,5812,9388,CN,3,N_pwm150_grab5
20074,4774,2174,13428,CN,3,N_pwm150_grab5
20080,5814,4914,13220,CN,3,N_pwm150_grab5
20085,12944,2678,8824,CN,3,N_pwm150_grab5
20090,4146,5136,14900,CN,3,N_pwm150_grab5
20096,6640,2564,12960,CN,3,N_pwm150_grab5
20099,12278,3424,8758,CN,3,N_pwm150_grab5
20104,-2828,-62,14296,CN,3,N_pwm150_grab5
20109,3500,-3508,5548,CN,3,N_pwm150_grab5
20115,-2450,-8656,3218,CN,3,N_pwm150_grab5
20120,-7388,-538,16306,CN,3,N_pwm150_grab5
20125,216,-2020,11162,CN,3,N_pwm150_grab5
20129,-9592,-6640,-642,CN,3,N_pwm150_grab5
20135,-10628,-8050,11042,CN,3,N_pwm150_grab5
20140,304,-6022,5260,CN,3,N_pwm150_grab5
20144,-6818,-1210,3806,CN,3,N_pwm150_grab5
20150,-6740,476,11670,CN,3,N_pwm150_grab5
20155,302,2974,14014,CN,3,N_pwm150_grab5
20159,478,980,10590,CN,3,N_pwm150_grab5
20165,-2,150,12458,CN,3,N_pwm150_grab5
20169,5852,1496,7466,CN,3,N_pwm150_grab5
20180,6388,10980,18216,CN,3,N_pwm150_grab5
20185,13392,1190,7976,CN,3,N_pwm150_grab5
20189,3280,3464,12374,CN,3,N_pwm150_grab5
20194,7342,4234,12812,CN,3,N_pwm150_grab5
20199,8854,-5954,7980,CN,3,N_pwm150_grab5
20204,-2166,-976,12708,CN,3,N_pwm150_grab5
20209,3452,4270,10162,CN,3,N_pwm150_grab5
20215,366,-5290,5096,CN,3,N_pwm150_grab5
20219,-6226,-5922,14388,CN,3,N_pwm150_grab5
20225,-992,-6336,6744,CN,3,N_pwm150_grab5
20229,-9044,-5738,-2132,CN,3,N_pwm150_grab5
20235,-9654,-7308,13256,CN,3,N_pwm150_grab5
20240,-4346,-4556,12438,CN,3,N_pwm150_grab5
20245,-7194,-2014,2264,CN,3,N_pwm150_grab5
20249,-6612,-386,13174,CN,3,N_pwm150_grab5
20255,-180,-2962,9434,CN,3,N_pwm150_grab5
20259,-1062,-1194,7688,CN,3,N_pwm150_grab5
20264,7534,9134,18036,CN,3,N_pwm150_grab5
20269,6946,6102,10524,CN,3,N_pwm150_grab5
20274,4500,1782,12978,CN,3,N_pwm150_grab5
20279,5456,11218,17452,CN,3,N_pwm150_grab5
20285,14044,2870,8112,CN,3,N_pwm150_grab5
20289,4130,1750,11826,CN,3,N_pwm150_grab5
20294,6208,6890,11304,CN,3,N_pwm150_grab5
20299,10506,-654,9820,CN,3,N_pwm150_grab5
20304,-8610,-8102,12930,CN,3,N_pwm150_grab5
20310,-3302,-5682,7842,CN,3,N_pwm150_grab5
20316,-9520,-3882,-1808,CN,3,N_pwm150_grab5
20320,-9216,-5916,12762,CN,3,N_pwm150_grab5
20325,-3476,-1848,14686,CN,3,N_pwm150_grab5
20330,-4652,-750,5918,CN,3,N_pwm150_grab5
20335,-4288,-668,12748,CN,3,N_pwm150_grab5
20340,838,-990,8024,CN,3,N_pwm150_grab5
20345,5006,5360,14596,CN,3,N_pwm150_grab5
20350,8044,5946,16344,CN,3,N_pwm150_grab5
20356,10182,5188,9834,CN,3,N_pwm150_grab5
20360,4882,2354,12636,CN,3,N_pwm150_grab5
20365,7268,9748,16492,CN,3,N_pwm150_grab5
20370,13362,-516,8388,CN,3,N_pwm150_grab5
20375,1902,486,11268,CN,3,N_pwm150_grab5
20380,5310,6794,10636,CN,3,N_pwm150_grab5
20386,-8082,-6818,644,CN,3,N_pwm150_grab5
20390,-10524,-8980,11380,CN,3,N_pwm150_grab5
20395,1340,-5228,4756,CN,3,N_pwm150_grab5
20400,-4506,-8130,554,CN,3,N_pwm150_grab5
20406,-8910,-5946,14674,CN,3,N_pwm150_grab5
20411,-3420,-6170,7376,CN,3,N_pwm150_grab5
20415,-9354,-4574,-2550,CN,3,N_pwm150_grab5
20420,-9130,170,14904,CN,3,N_pwm150_grab5
20425,3432,540,7196,CN,3,N_pwm150_grab5
20430,3840,1682,11928,CN,3,N_pwm150_grab5
20435,5194,11672,18002,CN,3,N_pwm150_grab5
20440,2820,5256,13132,CN,3,N_pwm150_grab5
20445,3172,1558,11858,CN,3,N_pwm150_grab5
20450,2522,10966,16360,CN,3,N_pwm150_grab5
20455,11448,5606,9122,CN,3,N_pwm150_grab5
20460,5002,2520,13050,CN,3,N_pwm150_grab5
20465,4212,5344,10074,CN,3,N_pwm150_grab5
20470,1944,-4816,6100,CN,3,N_pwm150_grab5
20475,-5140,-4584,14596,CN,3,N_pwm150_grab5
20480,5634,258,9682,CN,3,N_pwm150_grab5
20485,4622,-8646,4910,CN,3,N_pwm150_grab5
20490,-4144,-1618,14912,CN,3,N_pwm150_grab5
20496,1762,-5116,5134,CN,3,N_pwm150_grab5
20501,-6410,-8136,662,CN,3,N_pwm150_grab5
20506,-7508,-144,13236,CN,3,N_pwm150_grab5
20510,-360,-3400,9678,CN,3,N_pwm150_grab5
20515,-1390,-1398,7194,CN,3,N_pwm150_grab5
20520,-1234,8842,14470,CN,3,N_pwm150_grab5
20526,-2310,364,15196,CN,3,N_pwm150_grab5
20530,-3572,-32,7040,CN,3,N_pwm150_grab5
20536,-4312,4706,12660,CN,3,N_pwm150_grab5
20541,3620,5096,11952,CN,3,N_pwm150_grab5
20545,3832,2120,13208,CN,3,N_pwm150_grab5
20550,6358,7298,11420,CN,3,N_pwm150_grab5
20555,10176,-786,9670,CN,3,N_pwm150_grab5
20560,-790,1008,15696,CN,3,N_pwm150_grab5
20567,3136,-3360,5766,CN,3,N_pwm150_grab5
20571,-1582,-9262,2110,CN,3,N_pwm150_grab5
20576,-6968,-4744,14932,CN,3,N_pwm150_grab5
20582,-1258,-6450,6750,CN,3,N_pwm150_grab5
20587,-3760,-510,6048,CN,3,N_pwm150_grab5
20591,-4112,-750,12456,CN,3,N_pwm150_grab5
20596,1484,-374,7908,CN,3,N_pwm150_grab5
20602,3060,928,10832,CN,3,N_pwm150_grab5
20608,3812,11592,17644,CN,3,N_pwm150_grab5
20612,1050,3958,14386,CN,3,N_pwm150_grab5
20616,1756,1344,10670,CN,3,N_pwm150_grab5
20622,178,9696,15688,CN,3,N_pwm150_grab5
20627,10356,5898,10106,CN,3,N_pwm150_grab5
20631,206,-232,11488,CN,3,N_pwm150_grab5
20637,5070,6324,10370,CN,3,N_pwm150_grab5
20641,3502,-3926,6776,CN,3,N_pwm150_grab5
20647,-3916,-2728,15376,CN,3,N_pwm150_grab5
20651,6486,2702,12056,CN,3,N_pwm150_grab5
20657,6236,-7774,5672,CN,3,N_pwm150_grab5
20661,-3674,-1244,14662,CN,3,N_pwm150_grab5
20666,2506,-4520,5192,CN,3,N_pwm150_grab5
20672,-8274,-3286,-114,CN,3,N_pwm150_grab5
20676,-8040,-76,13748,CN,3,N_pwm150_grab5
20681,-1278,-3912,9498,CN,3,N_pwm150_grab5
20687,-2184,-1934,5864,CN,3,N_pwm150_grab5
20691,-2490,7192,13018,CN,3,N_pwm150_grab5
20696,-3396,-830,14326,CN,3,N_pwm150_grab5
20701,-3746,-450,5880,CN,3,N_pwm150_grab5
20706,-4728,4608,12650,CN,3,N_pwm150_grab5
20711,14774,3284,8012,CN,3,N_pwm150_grab5
20717,3896,2236,12026,CN,3,N_pwm150_grab5
20722,6352,7264,11120,CN,3,N_pwm150_grab5
20726,10616,-420,9406,CN,3,N_pwm150_grab5
20736,7760,8874,1792,CN,3,N_pwm150_grab5
20742,12838,-2838,8308,CN,3,N_pwm150_grab5
20746,-468,2364,12880,CN,3,N_pwm150_grab5
20751,-1352,-6534,6768,CN,3,N_pwm150_grab5
20761,-9410,-228,15330,CN,3,N_pwm150_grab5
20767,-2246,-5334,11892,CN,3,N_pwm150_grab5
20771,-6730,-4654,2612,CN,3,N_pwm150_grab5
20777,-6248,274,10314,CN,3,N_pwm150_grab5
20781,-4274,-5940,10036,CN,3,N_pwm150_grab5
20787,-8188,-3144,768,CN,3,N_pwm150_grab5
20792,842,10522,16146,CN,3,N_pwm150_grab5
20796,11704,5828,10260,CN,3,N_pwm150_grab5
20801,5594,2772,14004,CN,3,N_pwm150_grab5
20807,6326,6442,13498,CN,3,N_pwm150_grab5
20811,13784,2154,10366,CN,3,N_pwm150_grab5
20816,2110,4610,14048,CN,3,N_pwm150_grab5
20822,6140,2948,11488,CN,3,N_pwm150_grab5
20827,4882,-7772,5256,CN,3,N_pwm150_grab5
20833,-9920,-7876,13066,CN,3,N_pwm150_grab5
20838,-4570,-5086,12072,CN,3,N_pwm150_grab5
20843,-7292,-2700,2000,CN,3,N_pwm150_grab5
20848,-5926,-2028,12956,CN,3,N_pwm150_grab5
20852,-918,-1882,9458,CN,3,N_pwm150_grab5
20857,376,-94,7668,CN,3,N_pwm150_grab5
20864,-190,5978,13372,CN,3,N_pwm150_grab5
20867,-2512,-1418,12790,CN,3,N_pwm150_grab5
20872,5290,3204,14186,CN,3,N_pwm150_grab5
20877,6188,11340,17626,CN,3,N_pwm150_grab5
20882,15004,1400,8710,CN,3,N_pwm150_grab5
20892,6012,6980,11720,CN,3,N_pwm150_grab5
20898,6890,-4984,7322,CN,3,N_pwm150_grab5
20903,-4236,-332,14348,CN,3,N_pwm150_grab5
20907,5878,8448,12572,CN,3,N_pwm150_grab5
20912,-5670,-7674,1912,CN,3,N_pwm150_grab5
20917,-10602,-6872,12690,CN,3,N_pwm150_grab5
20923,-3702,-6982,7488,CN,3,N_pwm150_grab5
20932,-8860,-5192,11574,CN,3,N_pwm150_grab5
20938,-2592,-614,14274,CN,3,N_pwm150_grab5
20943,-2190,-234,7098,CN,3,N_pwm150_grab5
20947,-2398,-382,13110,CN,3,N_pwm150_grab5
20953,3430,804,7602,CN,3,N_pwm150_grab5
20957,3678,1910,11552,CN,3,N_pwm150_grab5
20962,5076,12102,18106,CN,3,N_pwm150_grab5
20967,13882,3916,8716,CN,3,N_pwm150_grab5
20972,4220,4408,13082,CN,3,N_pwm150_grab5
20977,7498,5652,13824,CN,3,N_pwm150_grab5
20983,9486,-5446,8250,CN,3,N_pwm150_grab5
20987,-2434,-764,13010,CN,3,N_pwm150_grab5
20993,3558,3606,10140,CN,3,N_pwm150_grab5
20997,-1460,-6398,4550,CN,3,N_pwm150_grab5
21002,-7584,-4650,13796,CN,3,N_pwm150_grab5
21007,-1608,-6934,6428,CN,3,N_pwm150_grab5
21018,-9972,-6962,12796,CN,3,N_pwm150_grab5
21023,-4368,-3470,13302,CN,3,N_pwm150_grab5
21028,-4616,-1496,3766,CN,3,N_pwm150_grab5
21033,4102,4106,13714,CN,3,N_pwm150_grab5
21037,882,-702,8628,CN,3,N_pwm150_grab5
21043,2752,1010,10172,CN,3,N_pwm150_grab5
21047,2796,9940,16484,CN,3,N_pwm150_grab5
21052,12256,6250,10430,CN,3,N_pwm150_grab5
21057,5696,3798,14528,CN,3,N_pwm150_grab5
21062,7324,9672,16008,CN,3,N_pwm150_grab5
21068,13110,-1470,9068,CN,3,N_pwm150_grab5
21072,-7860,-1428,15256,CN,3,N_pwm150_grab5
21078,-492,-2826,10828,CN,3,N_pwm150_grab5
21088,-9978,-7068,12238,CN,3,N_pwm150_grab5
21093,-4018,-4782,12096,CN,3,N_pwm150_grab5
21099,-5226,-2260,2634,CN,3,N_pwm150_grab5
21104,-5308,1124,12004,CN,3,N_pwm150_grab5
21108,1276,3692,12592,CN,3,N_pwm150_grab5
21114,4936,3364,13588,CN,3,N_pwm150_grab5
21118,6456,9048,12482,CN,3,N_pwm150_grab5
21124,11764,4642,10182,CN,3,N_pwm150_grab5
21129,6034,4254,15170,CN,3,N_pwm150_grab5
21134,6448,9382,14910,CN,3,N_pwm150_grab5
21139,13644,722,9990,CN,3,N_pwm150_grab5
21143,96,3346,14514,CN,3,N_pwm150_grab5
21148,5454,184,8724,CN,3,N_pwm150_grab5
21158,-9238,-6868,12706,CN,3,N_pwm150_grab5
21164,470,-6498,6454,CN,3,N_pwm150_grab5
21174,-10242,-1046,15124,CN,3,N_pwm150_grab5
21178,-2272,-5756,12470,CN,3,N_pwm150_grab5
21183,-7376,-5248,2214,CN,3,N_pwm150_grab5
21189,-6112,-216,10498,CN,3,N_pwm150_grab5
21194,13162,5604,9850,CN,3,N_pwm150_grab5
21199,5528,4578,14308,CN,3,N_pwm150_grab5
21203,7360,7120,15616,CN,3,N_pwm150_grab5
21209,12092,6186,9762,CN,3,N_pwm150_grab5
21214,5652,3060,13722,CN,3,N_pwm150_grab5
21219,6352,9116,14498,CN,3,N_pwm150_grab5
21224,13790,1888,11020,CN,3,N_pwm150_grab5
21228,1478,3230,13874,CN,3,N_pwm150_grab5
21234,5618,3910,11110,CN,3,N_pwm150_grab5
21243,-10462,-7268,12820,CN,3,N_pwm150_grab5
21249,1260,-5952,6206,CN,3,N_pwm150_grab5
21258,-11042,-4160,14226,CN,3,N_pwm150_grab5
21264,-3598,-7160,10324,CN,3,N_pwm150_grab5
21269,-7206,-4834,54,CN,3,N_pwm150_grab5
21274,-6742,-1392,12822,CN,3,N_pwm150_grab5
21278,10744,4028,9284,CN,3,N_pwm150_grab5
21283,5492,5078,14520,CN,3,N_pwm150_grab5
21289,7498,9218,17104,CN,3,N_pwm150_grab5
21293,11094,6380,10938,CN,3,N_pwm150_grab5
21298,5816,3494,14396,CN,3,N_pwm150_grab5
21303,6884,10760,17164,CN,3,N_pwm150_grab5
21308,14222,62,9296,CN,3,N_pwm150_grab5
21314,514,640,11518,CN,3,N_pwm150_grab5
21318,746,-904,12158,CN,3,N_pwm150_grab5
21328,-10594,-8860,11250,CN,3,N_pwm150_grab5
21334,-4392,-4094,12888,CN,3,N_pwm150_grab5
21339,-5610,-2170,2350,CN,3,N_pwm150_grab5
21344,-5866,1948,12686,CN,3,N_pwm150_grab5
21349,1086,3880,13004,CN,3,N_pwm150_grab5
21354,3544,2180,10998,CN,3,N_pwm150_grab5
21359,6258,7714,11592,CN,3,N_pwm150_grab5
21364,12044,74,10676,CN,3,N_pwm150_grab5
21369,-1488,2966,15490,CN,3,N_pwm150_grab5
21374,4640,-22,8418,CN,3,N_pwm150_grab5
21379,14078,-290,9290,CN,3,N_pwm150_grab5
21384,-236,2990,13698,CN,3,N_pwm150_grab5
21390,5810,96,8340,CN,3,N_pwm150_grab5
21395,18,-8932,4526,CN,3,N_pwm150_grab5
21400,-9566,-4074,13756,CN,3,N_pwm150_grab5
21405,-3228,-5372,11276,CN,3,N_pwm150_grab5
21409,-4658,-3112,3280,CN,3,N_pwm150_grab5
21415,-3608,-1292,12660,CN,3,N_pwm150_grab5
21419,-2686,-6374,11744,CN,3,N_pwm150_grab5
21429,-5696,418,11352,CN,3,N_pwm150_grab5
21435,1092,3916,13222,CN,3,N_pwm150_grab5
21439,5222,4530,13794,CN,3,N_pwm150_grab5
21444,7014,7508,14686,CN,3,N_pwm150_grab5
21449,10590,-4414,9052,CN,3,N_pwm150_grab5
21454,-2320,-590,12962,CN,3,N_pwm150_grab5
21459,3434,3866,9826,CN,3,N_pwm150_grab5
21464,12804,912,11204,CN,3,N_pwm150_grab5
21469,448,3620,15576,CN,3,N_pwm150_grab5
21474,4950,-118,8646,CN,3,N_pwm150_grab5
21484,-9828,-6928,12206,CN,3,N_pwm150_grab5
21489,-3854,-2794,13558,CN,3,N_pwm150_grab5
21495,-3366,-982,4730,CN,3,N_pwm150_grab5
21499,-3756,-1030,12818,CN,3,N_pwm150_grab5
21504,-2786,-5824,11284,CN,3,N_pwm150_grab5
21510,-5746,-4810,2070,CN,3,N_pwm150_grab5
21515,-5766,-850,10712,CN,3,N_pwm150_grab5
21519,14540,5366,9416,CN,3,N_pwm150_grab5
21525,4608,4436,13514,CN,3,N_pwm150_grab5
21529,6926,8322,13424,CN,3,N_pwm150_grab5
21534,10112,-3800,8344,CN,3,N_pwm150_grab5
21539,-3196,-920,13364,CN,3,N_pwm150_grab5
21544,3380,3848,9846,CN,3,N_pwm150_grab5
21549,12342,432,10874,CN,3,N_pwm150_grab5
21554,-1178,3422,15870,CN,3,N_pwm150_grab5
21560,-2604,-7144,6940,CN,3,N_pwm150_grab5
21570,-8928,-6320,12012,CN,3,N_pwm150_grab5
21574,-3450,-2208,12990,CN,3,N_pwm150_grab5
21579,-2234,-788,5124,CN,3,N_pwm150_grab5
21584,-2574,-190,12912,CN,3,N_pwm150_grab5
21590,4634,1450,8020,CN,3,N_pwm150_grab5
21595,4468,2584,11252,CN,3,N_pwm150_grab5
21600,6200,6066,12232,CN,3,N_pwm150_grab5
21605,5792,-6284,6448,CN,3,N_pwm150_grab5
21610,-4860,-1640,15024,CN,3,N_pwm150_grab5
21616,2262,-5194,5642,CN,3,N_pwm150_grab5
21621,-8950,-9068,-852,CN,3,N_pwm150_grab5
21626,-11130,-3396,14660,CN,3,N_pwm150_grab5
21632,-3016,-7158,10482,CN,3,N_pwm150_grab5
21635,-6946,-8502,1356,CN,3,N_pwm150_grab5
21640,-7074,-3170,12256,CN,3,N_pwm150_grab5
21645,-638,-1666,10154,CN,3,N_pwm150_grab5
21650,1042,244,7760,CN,3,N_pwm150_grab5
21655,1354,9336,15996,CN,3,N_pwm150_grab5
21660,11472,6898,10584,CN,3,N_pwm150_grab5
21665,6156,3872,14742,CN,3,N_pwm150_grab5
21670,6682,11212,17026,CN,3,N_pwm150_grab5
21675,10126,6360,11098,CN,3,N_pwm150_grab5
21680,258,544,12540,CN,3,N_pwm150_grab5
21686,4720,6098,9744,CN,3,N_pwm150_grab5
21690,2390,-4362,6956,CN,3,N_pwm150_grab5
21695,-5876,-3776,15266,CN,3,N_pwm150_grab5
21701,-650,-6660,5956,CN,3,N_pwm150_grab5
21711,-10040,-7780,12998,CN,3,N_pwm150_grab5
21715,-4904,-4680,12872,CN,3,N_pwm150_grab5
21721,-4830,-2338,2280,CN,3,N_pwm150_grab5
21726,-4670,132,13720,CN,3,N_pwm150_grab5
21730,1102,-1416,7602,CN,3,N_pwm150_grab5
21735,2802,742,8926,CN,3,N_pwm150_grab5
21740,2960,10948,17242,CN,3,N_pwm150_grab5
21746,13950,5848,10134,CN,3,N_pwm150_grab5
21750,5956,4792,14740,CN,3,N_pwm150_grab5
21755,6796,8426,14882,CN,3,N_pwm150_grab5
21760,13262,6228,10066,CN,3,N_pwm150_grab5
21766,-2792,-56,12782,CN,3,N_pwm150_grab5
21771,3840,3928,9594,CN,3,N_pwm150_grab5
21775,-1742,-6326,4364,CN,3,N_pwm150_grab5
21781,-9454,-3616,13698,CN,3,N_pwm150_grab5
21786,-1948,-7074,6622,CN,3,N_pwm150_grab5
21795,-10142,-7120,11296,CN,3,N_pwm150_grab5
21801,7974,6314,11316,CN,3,N_pwm150_grab5
21805,-2646,-868,5430,CN,3,N_pwm150_grab5
21810,-2826,238,12796,CN,3,N_pwm150_grab5
21815,4978,3284,10206,CN,3,N_pwm150_grab5
21821,4522,3408,12426,CN,3,N_pwm150_grab5
21826,4900,6084,14592,CN,3,N_pwm150_grab5
21830,13914,4030,9540,CN,3,N_pwm150_grab5
21835,4146,5804,13982,CN,3,N_pwm150_grab5
21841,6934,5848,13252,CN,3,N_pwm150_grab5
21847,-8500,-9092,-652,CN,3,N_pwm150_grab5
21851,-10718,-6988,13776,CN,3,N_pwm150_grab5
21856,-4466,-6772,10026,CN,3,N_pwm150_grab5
21866,-6904,904,14180,CN,3,N_pwm150_grab5
21871,202,-3100,8508,CN,3,N_pwm150_grab5
21877,824,-1172,7222,CN,3,N_pwm150_grab5
21882,7534,9228,17192,CN,3,N_pwm150_grab5
21888,13014,-2892,8932,CN,3,N_pwm150_grab5
21891,6516,3908,14892,CN,3,N_pwm150_grab5
21897,6848,10440,17407,CN,3,N_pwm150_grab5
21901,14490,-772,9638,CN,3,N_pwm150_grab5
21906,-426,434,11990,CN,3,N_pwm150_grab5
21912,4732,6200,9766,CN,3,N_pwm150_grab5
21917,2200,-4258,6556,CN,3,N_pwm150_grab5
21922,-6926,-2720,15512,CN,3,N_pwm150_grab5
21927,-3900,-3700,13126,CN,3,N_pwm150_grab5
21937,-10500,-8336,12288,CN,3,N_pwm150_grab5
21941,-4556,-3986,13598,CN,3,N_pwm150_grab5
21946,-4720,-2000,3422,CN,3,N_pwm150_grab5
21952,-3912,-1854,13132,CN,3,N_pwm150_grab5
21957,1294,814,9036,CN,3,N_pwm150_grab5
21961,3384,2346,10178,CN,3,N_pwm150_grab5
21966,5930,9162,13162,CN,3,N_pwm150_grab5
21972,9660,-2992,8706,CN,3,N_pwm150_grab5
21976,5456,5458,14666,CN,3,N_pwm150_grab5
21981,7124,8254,14954,CN,3,N_pwm150_grab5
21986,10682,-4186,8624,CN,3,N_pwm150_grab5
21991,-2726,1048,14242,CN,3,N_pwm150_grab5
21996,4060,-270,8130,CN,3,N_pwm150_grab5
22002,-4292,-9086,3074,CN,3,N_pwm150_grab5
22006,-8824,210,13784,CN,3,N_pwm150_grab5
22011,-816,-3890,9594,CN,3,N_pwm150_grab5
22017,-10214,-6698,-1592,CN,3,N_pwm150_grab5
22022,-10494,-5960,9664,CN,3,N_pwm150_grab5
22026,-3232,-186,14434,CN,3,N_pwm150_grab5
22032,-1418,-238,5954,CN,3,N_pwm150_grab5
22036,-3286,6430,14120,CN,3,N_pwm150_grab5
22041,7844,6040,11472,CN,3,N_pwm150_grab5
22046,1296,1588,11608,CN,3,N_pwm150_grab5
22051,5482,6900,9792,CN,3,N_pwm150_grab5
22057,4784,-2984,7860,CN,3,N_pwm150_grab5
22061,3286,6092,14010,CN,3,N_pwm150_grab5
22066,6520,4190,12180,CN,3,N_pwm150_grab5
22071,5718,-7304,6192,CN,3,N_pwm150_grab5
22077,-4970,-1856,15130,CN,3,N_pwm150_grab5
22081,2332,-5290,5164,CN,3,N_pwm150_grab5
22087,-6650,-3288,1252,CN,3,N_pwm150_grab5
22092,-4960,-1420,13816,CN,3,N_pwm150_grab5
22096,-222,-1450,8362,CN,3,N_pwm150_grab5
22102,2256,718,8320,CN,3,N_pwm150_grab5
22108,1970,8404,15586,CN,3,N_pwm150_grab5
22113,12430,6540,10434,CN,3,N_pwm150_grab5
22117,6296,5084,15120,CN,3,N_pwm150_grab5
22123,7242,9412,16232,CN,3,N_pwm150_grab5
22127,-3660,-9584,3082,CN,3,N_pwm150_grab5
22133,-10140,-2804,14296,CN,3,N_pwm150_grab5
22137,-2112,-6358,8052,CN,3,N_pwm150_grab5
22147,-8840,-1890,14068,CN,3,N_pwm150_grab5
22153,-1136,-3812,9746,CN,3,N_pwm150_grab5
22163,-11034,-8084,10762,CN,3,N_pwm150_grab5
22167,7444,5970,11766,CN,3,N_pwm150_grab5
22172,5554,3354,13796,CN,3,N_pwm150_grab5
22177,5772,11910,17978,CN,3,N_pwm150_grab5
22182,16126,3550,9384,CN,3,N_pwm150_grab5
22187,4986,3174,13170,CN,3,N_pwm150_grab5
22192,4620,2586,14068,CN,3,N_pwm150_grab5
22198,13084,1970,8674,CN,3,N_pwm150_grab5
22203,4128,6544,13740,CN,3,N_pwm150_grab5
22208,1040,-5560,4574,CN,3,N_pwm150_grab5
22217,-9972,-7120,14326,CN,3,N_pwm150_grab5
22222,-4526,-6710,10368,CN,3,N_pwm150_grab5
22232,-10772,-1680,14920,CN,3,N_pwm150_grab5
22238,-1884,-4496,12828,CN,3,N_pwm150_grab5
22248,952,9654,15974,CN,3,N_pwm150_grab5
22252,11440,6888,10668,CN,3,N_pwm150_grab5
22257,6556,4132,14662,CN,3,N_pwm150_grab5
22263,6978,10642,17270,CN,3,N_pwm150_grab5
22267,14128,-1266,10148,CN,3,N_pwm150_grab5
22272,6224,3504,14260,CN,3,N_pwm150_grab5
22278,6216,7030,14318,CN,3,N_pwm150_grab5
22282,14270,2502,11608,CN,3,N_pwm150_grab5
22287,-6900,-3056,14638,CN,3,N_pwm150_grab5
22292,-746,-6520,5726,CN,3,N_pwm150_grab5
22302,-10672,-7270,12884,CN,3,N_pwm150_grab5
22307,-4618,-4992,12266,CN,3,N_pwm150_grab5
22317,-11002,-1254,15274,CN,3,N_pwm150_grab5
